name,code,now,close,open,volume,bid1,bid1_volume,ask1,ask1_volume,涨跌(%),high,low,成交量(手),成交额(万),turnover,振幅,流通市值,总市值,涨停价,跌停价,量比
纳百川,sz301667,69.95,71.99,71.9,3714200.0,69.95,400,69.97,400,-2.83,73.06,69.57,3714200,262660000.0,15.65,4.85,16.6,78.11,86.39,57.59,0.65
锡华科技,sh603248,19.1,19.26,19.26,2074600.0,19.1,4300,19.13,2000,-0.83,19.26,18.91,2074600,39620000.0,2.9,1.82,13.66,87.86,21.19,17.33,0.59
天溯计量,sz301449,40.66,40.82,40.1,3353900.0,40.66,3500,40.67,3700,-0.39,41.45,39.46,3353900,135370000.0,16.33,4.88,8.35,37.12,48.98,32.66,1.09
美埃科技,sh688376,69.05,70.22,70.35,169897600.0,69.05,3700,69.17,500,-1.67,70.63,67.63,169897600,117530000.0,1.26,4.27,93.39,93.39,84.26,56.18,0.56
同飞股份,sz300990,72.22,72.79,72.52,6459800.0,72.22,800,72.24,100,-0.78,75.87,71.9,6459800,473470000.0,8.31,5.45,56.16,123.65,87.35,58.23,0.91
中光防雷,sz300414,11.79,11.85,11.75,12326700.0,11.78,26800,11.79,51800,-0.51,11.85,11.53,12326700,144120000.0,3.93,2.7,36.97,38.44,14.22,9.48,0.82
苏州天脉,sz301626,257.1,247.52,245.04,2359900.0,257.01,300,257.1,4600,3.87,260.0,240.51,2359900,586300000.0,4.48,7.87,135.28,297.41,297.02,198.02,0.95
名家汇,sz300506,5.28,5.11,4.99,62615400.0,5.27,231300,5.28,289100,3.33,5.36,4.91,62615400,321250000.0,8.52,8.81,38.79,75.27,6.13,4.09,0.9
森赫股份,sz301056,11.08,10.78,10.73,4488200.0,11.08,7900,11.09,800,2.78,11.27,10.64,4488200,49360000.0,2.55,5.84,19.5,29.56,12.94,8.62,1.19
宏达电子,sz300726,55.09,54.44,53.59,22589200.0,55.09,17600,55.1,9900,1.19,58.35,53.23,22589200,1269940000.0,10.53,9.4,118.13,226.88,65.33,43.55,1.33
宏源药业,sz301246,21.07,21.07,20.91,7448400.0,21.06,6200,21.07,26900,0.0,21.3,20.75,7448400,156950000.0,4.38,2.61,35.84,84.28,25.28,16.86,0.79
华盛锂电,sh688353,93.82,96.2,95.5,713977200.0,93.81,13100,93.82,23100,-2.47,98.9,93.61,713977200,689940000.0,4.48,5.5,149.64,149.64,115.44,76.96,1.12
鼎泰高科,sz301377,429.01,437.45,430.0,3084600.0,429.01,1700,429.02,2300,-1.93,445.0,426.3,3084600,1341780000.0,3.12,4.27,424.12,1819.2,524.94,349.96,0.51
腾景科技,sh688195,146.44,148.5,145.0,1398046500.0,146.44,8800,146.46,700,-1.39,151.33,137.8,1398046500,2021620000.0,7.72,9.11,265.19,265.19,178.2,118.8,1.1
珂玛科技,sz301611,103.5,105.02,102.72,10974600.0,103.5,1300,103.51,100,-1.45,107.33,100.5,10974600,1139810000.0,7.49,6.5,151.71,451.26,126.02,84.02,0.76
石药创新,sz300765,43.31,40.78,39.97,33174500.0,43.31,21200,43.32,30100,6.2,45.0,39.02,33174500,1391170000.0,2.36,14.66,608.33,608.33,48.94,32.62,1.46
安达智能,sh688125,121.53,120.19,117.03,128773100.0,121.53,400,121.9,300,1.11,123.2,117.0,128773100,155740000.0,1.57,5.16,99.9,100.17,144.23,96.15,0.7
杰华特,sh688141,140.0,141.31,140.0,1283537500.0,139.88,200,140.0,13800,-0.93,147.5,137.18,1283537500,1828380000.0,2.85,7.3,630.45,630.45,169.57,113.05,0.74
铜冠铜箔,sz301217,120.99,120.99,117.9,61633500.0,120.99,122000,121.0,83800,0.0,126.4,114.12,61633500,7492110000.0,7.43,10.15,1003.03,1003.03,145.19,96.79,1.07
海科新源,sz301292,68.78,69.15,69.01,11598200.0,68.78,400,68.79,11900,-0.54,71.68,68.4,11598200,811540000.0,13.61,4.74,58.59,153.24,82.98,55.32,0.83
奕东电子,sz301123,70.46,70.5,69.67,7509600.0,70.46,4100,70.47,4300,-0.06,72.48,68.8,7509600,531060000.0,4.55,5.22,116.29,165.33,84.6,56.4,0.7
安通控股,sh600179,4.25,4.24,4.23,26983600.0,4.25,358300,4.26,288400,0.24,4.27,4.2,26983600,114060000.0,0.7,1.65,164.15,179.84,4.66,3.82,1.01
华联控股,sz000036,4.22,4.28,4.26,17454000.0,4.22,42400,4.23,81600,-1.4,4.31,4.21,17454000,74260000.0,1.24,2.34,59.21,59.24,4.71,3.85,0.71
滨海能源,sz000695,12.82,12.73,12.76,5939400.0,12.82,9500,12.83,9700,0.71,12.98,12.61,5939400,76140000.0,2.68,2.91,28.44,29.71,14.0,11.46,1.15
嘉美包装,sz002969,14.14,14.47,14.19,61769600.0,14.14,97800,14.15,44900,-2.28,14.57,13.69,61769600,872040000.0,5.65,6.08,154.51,155.33,15.92,13.02,0.92
联发股份,sz002394,9.94,9.98,9.98,4936100.0,9.94,33800,9.95,18300,-0.4,10.15,9.78,4936100,49250000.0,1.53,3.71,32.12,32.18,10.98,8.98,0.96
海汽集团,sh603069,13.3,13.42,13.36,2315400.0,13.29,13700,13.3,4400,-0.89,13.46,13.22,2315400,30850000.0,0.73,1.79,42.03,42.03,14.76,12.08,0.67
胜通能源,sz001331,55.87,57.46,56.36,8632900.0,55.87,5300,55.88,10000,-2.77,57.39,54.05,8632900,480840000.0,3.02,5.81,159.7,228.65,63.21,51.71,0.7
海南瑞泽,sz002596,3.3,3.36,3.31,21774400.0,3.3,510500,3.31,1000,-1.79,3.38,3.3,21774400,72520000.0,1.9,2.38,37.84,37.87,3.7,3.02,0.84
多氟多,sz002407,37.28,38.51,37.05,205698800.0,37.28,731700,37.29,332500,-3.19,39.3,36.52,205698800,7737070000.0,19.07,7.22,402.16,443.79,42.36,34.66,0.95
章源钨业,sz002378,26.7,28.28,27.5,55987200.0,26.69,15800,26.7,260600,-5.59,27.6,26.7,55987200,1520490000.0,4.68,3.18,319.1,320.78,31.11,25.45,0.78
神剑股份,sz002361,11.84,12.49,11.4,180885600.0,11.83,256800,11.84,1207100,-5.2,12.05,11.27,180885600,2130960000.0,22.36,6.24,95.79,112.6,13.74,11.24,0.86
圣晖集成,sh603163,83.98,83.06,82.0,2532200.0,83.96,100,83.98,400,1.11,84.56,81.69,2532200,211750000.0,2.53,3.46,83.98,83.98,91.37,74.75,0.64
万润股份,sz002643,13.98,14.09,14.0,16256900.0,13.98,2200,13.99,18800,-0.78,14.24,13.88,16256900,228530000.0,1.8,2.56,126.13,128.04,15.5,12.68,0.67
快克智能,sh603203,43.47,43.8,43.5,7808300.0,43.47,2900,43.48,1000,-0.75,44.76,42.95,7808300,342250000.0,2.39,4.13,141.81,143.46,48.18,39.42,0.64
海南发展,sz002163,8.38,8.46,8.44,15100600.0,8.38,12000,8.39,10800,-0.95,8.48,8.28,15100600,126550000.0,1.88,2.36,67.34,70.81,9.31,7.61,0.74
宏和科技,sh603256,152.82,157.54,151.01,21386400.0,152.81,4800,152.82,5700,-3.0,158.97,149.03,21386400,3295910000.0,2.43,6.31,1344.4,1382.39,173.29,141.79,0.7
亚翔集成,sh603929,163.37,162.85,162.82,5031100.0,163.37,1100,163.38,100,0.32,168.48,161.36,5031100,830680000.0,2.36,4.37,348.57,348.57,179.14,146.57,0.67
世嘉科技,sz002796,31.0,31.2,31.22,10353600.0,31.0,29700,31.06,100,-0.64,31.74,30.52,10353600,322740000.0,4.55,3.91,70.59,78.23,34.32,28.08,0.7
深圳新星,sh603978,19.77,19.91,19.91,6915000.0,19.76,6100,19.77,7700,-0.7,20.04,19.54,6915000,137000000.0,3.28,2.51,41.73,41.73,21.9,17.92,0.7
友邦吊顶,sz002718,85.95,86.47,86.47,781600.0,85.92,200,85.95,100,-0.6,87.28,84.52,781600,67110000.0,0.83,3.19,80.78,111.26,95.12,77.82,0.73
九鼎新材,sz002201,8.32,8.47,8.32,14349000.0,8.32,49300,8.33,71000,-1.77,8.4,8.22,14349000,119580000.0,2.38,2.13,50.09,54.22,9.32,7.62,0.74
国风新材,sz000859,10.48,9.53,9.56,125321400.0,10.48,7834600,0.0,0,9.97,10.48,9.53,125321400,1280300000.0,13.99,9.97,93.89,93.9,10.48,8.58,2.17
ST天际,sz002759,18.79,18.03,17.94,50853900.0,18.78,10400,18.79,155800,4.22,19.45,17.67,50853900,948810000.0,10.15,9.87,94.13,94.21,19.83,16.23,1.15
东材科技,sh601208,47.67,45.38,45.16,107481900.0,47.66,9700,47.67,19400,5.05,49.25,44.31,107481900,5041890000.0,10.64,10.89,481.55,481.55,49.92,40.84,1.21
三孚股份,sh603938,42.54,42.92,42.0,10603900.0,42.54,42300,42.55,7200,-0.89,43.5,41.8,10603900,452600000.0,2.77,3.96,162.77,162.77,47.21,38.63,0.6
航天工程,sh603698,23.39,24.19,23.81,15855200.0,23.39,27800,23.4,32100,-3.31,23.84,23.09,15855200,372390000.0,2.96,3.1,125.37,125.37,26.61,21.77,0.79
翔鹭钨业,sz002842,40.24,42.22,42.01,68737800.0,40.23,6600,40.24,68700,-4.69,42.79,39.9,68737800,2835520000.0,25.6,6.85,108.03,131.65,46.44,38.0,1.21
天赐材料,sz002709,39.48,39.62,39.5,58596600.0,39.48,66100,39.49,28000,-0.35,40.2,39.04,58596600,2328050000.0,3.88,2.93,595.76,804.82,43.58,35.66,0.83
安记食品,sh603696,14.01,13.95,13.85,31253800.0,14.01,1200,14.02,45200,0.43,14.6,13.66,31253800,443270000.0,13.29,6.74,32.95,32.95,15.35,12.56,1.1
柏诚股份,sh601133,26.33,26.3,26.24,11284600.0,26.32,3900,26.33,15800,0.11,26.77,25.57,11284600,296250000.0,2.15,4.56,138.07,138.55,28.93,23.67,0.71
德尔未来,sz002631,8.38,9.16,8.9,45776100.0,8.38,18300,8.39,814500,-8.52,9.19,8.33,45776100,395080000.0,5.77,9.39,66.5,66.81,10.08,8.24,1.19
创元科技,sz000551,13.52,13.67,13.58,10875700.0,13.52,24300,13.53,39000,-1.1,13.74,13.44,10875700,147700000.0,2.24,2.19,65.51,65.54,15.04,12.3,0.46
浔兴股份,sz002098,6.87,6.91,6.9,3250900.0,6.87,7900,6.88,49700,-0.58,6.95,6.83,3250900,22360000.0,0.91,1.74,24.59,24.59,7.6,6.22,0.78
合兴包装,sz002228,3.1,3.14,3.14,13562800.0,3.09,575200,3.1,33400,-1.27,3.14,3.08,13562800,42120000.0,1.12,1.91,37.49,37.61,3.45,2.83,0.79
神农种业,sz300189,4.79,4.89,4.85,87929300.0,4.78,1096000,4.79,78000,-2.04,4.9,4.77,87929300,423550000.0,9.92,2.66,42.45,49.05,5.87,3.91,0.6
南宁百货,sh600712,5.6,5.57,5.5,20526000.0,5.6,168000,5.61,151100,0.54,5.63,5.49,20526000,114390000.0,3.81,2.51,30.16,30.5,6.13,5.01,0.47
集泰股份,sz002909,5.15,5.16,5.19,5524300.0,5.14,53200,5.15,5800,-0.19,5.2,5.08,5524300,28430000.0,1.45,2.33,19.59,20.09,5.68,4.64,0.95
鹏辉能源,sz300438,65.12,62.81,62.42,29590200.0,65.11,32000,65.12,21000,3.68,65.8,62.28,29590200,1911920000.0,7.32,5.6,263.19,327.78,75.37,50.25,1.48
大中矿业,sz001203,27.58,28.43,28.11,24535500.0,27.58,49100,27.59,4000,-2.99,28.85,27.23,24535500,686090000.0,1.88,5.7,360.18,422.82,31.27,25.59,1.37
菱电电控,sh688667,87.3,88.81,88.05,46260100.0,87.3,3100,87.49,200,-1.7,89.12,86.87,46260100,40600000.0,0.88,2.53,46.0,46.0,106.57,71.05,0.65
海南海药,sz000566,5.86,6.05,5.97,234816800.0,5.86,1349400,5.87,591400,-3.14,6.15,5.82,234816800,1402100000.0,18.11,5.45,75.99,76.03,6.66,5.45,0.87
鲁信创投,sh600783,17.15,18.02,16.39,37395600.0,17.15,12200,17.16,110200,-4.83,17.46,16.25,37395600,631930000.0,5.02,6.71,127.66,127.66,19.82,16.22,1.12
鸿富瀚,sz301086,115.59,116.22,117.62,3503700.0,115.59,100,115.67,100,-0.54,120.09,112.7,3503700,405300000.0,5.02,6.36,80.64,145.49,139.46,92.98,0.76
鹭燕医药,sz002788,11.7,11.5,11.31,34609100.0,11.7,103300,11.71,44700,1.74,12.12,11.31,34609100,407760000.0,9.06,7.04,44.67,45.46,12.65,10.35,1.42
青鸟智控,sz002960,8.23,8.23,8.23,7668100.0,8.22,27100,8.23,9000,0.0,8.3,8.16,7668100,63290000.0,0.79,1.7,79.68,86.72,9.05,7.41,0.93
和林微纳,sh688661,101.67,103.45,101.2,457804000.0,101.67,500,101.68,300,-1.72,104.2,98.4,457804000,464220000.0,3.01,5.61,154.42,154.42,124.14,82.76,0.59
联特科技,sz301205,293.91,287.0,287.03,8494400.0,293.86,100,293.91,200,2.41,298.8,276.6,8494400,2455090000.0,10.14,7.74,246.14,382.33,344.4,229.6,0.74
天华新能,sz300390,61.75,62.46,61.8,30712100.0,61.75,45700,61.76,800,-1.14,63.16,61.06,30712100,1913140000.0,4.57,3.36,415.13,512.99,74.95,49.97,0.82
可川科技,sh603052,53.15,53.68,53.44,2894400.0,53.15,10700,53.3,200,-0.99,54.22,52.0,2894400,154350000.0,1.54,4.14,99.87,99.87,59.05,48.31,0.73
华康洁净,sz301235,49.0,48.2,47.57,16901200.0,49.0,274200,49.02,400,1.66,51.44,44.7,16901200,813540000.0,16.22,13.98,51.07,68.23,57.84,38.56,1.59
石大胜华,sh603026,67.15,66.91,66.5,8493900.0,67.15,34200,67.16,4000,0.36,68.26,66.22,8493900,573420000.0,3.65,3.05,156.26,156.26,73.6,60.22,0.94
天宏锂电,bj920252,15.94,16.29,16.1,1389200.0,15.93,2100,15.94,100,-2.15,16.25,15.91,1389200,22259400.0,2.04,2.09,10.88,16.36,21.17,11.41,0.62
华瑞股份,sz300626,31.65,30.23,29.8,5234200.0,31.65,3000,31.66,100,4.7,31.85,29.52,5234200,161870000.0,2.91,7.71,56.94,56.97,36.28,24.18,0.76
京能电力,sh600578,6.12,5.92,5.86,245468000.0,6.12,2207800,6.13,1469700,3.38,6.27,5.77,245468000,1496700000.0,3.67,8.45,409.71,409.71,6.51,5.33,1.92
山东黄金,sh600547,30.05,31.47,32.2,120441000.0,30.05,46300,30.06,20300,-4.51,32.55,29.99,120441000,3785540000.0,3.33,8.13,1086.14,1385.28,34.62,28.32,1.33
同惠电子,bj920509,20.3,20.58,20.5,1637000.0,20.3,12400,20.31,13500,-1.36,20.5,20.19,1637000,33279699.999999996,1.95,1.51,17.05,32.54,26.75,14.41,0.56
博威合金,sh601137,17.49,17.6,17.49,9288500.0,17.48,23400,17.49,28400,-0.63,17.72,17.4,9288500,162910000.0,1.01,1.82,160.58,160.58,19.36,15.84,0.63
四方达,sz300179,35.73,35.96,35.99,29814600.0,35.73,74000,35.74,10300,-0.64,36.63,34.86,29814600,1068570000.0,7.97,4.92,133.62,173.55,43.15,28.77,0.7
海博思创,sh688411,212.24,208.6,208.6,214616900.0,212.24,19900,212.25,200,1.74,216.37,206.6,214616900,455770000.0,1.62,4.68,281.38,387.24,250.32,166.88,0.88
天振股份,sz301356,19.49,19.67,19.64,2156500.0,19.49,2200,19.5,5000,-0.92,19.74,19.16,2156500,41920000.0,1.7,2.95,24.69,42.1,23.6,15.74,0.93
艾可蓝,sz300816,52.45,52.46,52.0,3581900.0,52.45,2100,52.52,500,-0.02,53.96,50.0,3581900,186260000.0,6.14,7.55,30.61,41.96,62.95,41.97,1.19
富祥股份,sz300497,18.65,19.03,18.9,31026900.0,18.65,5800,18.66,3200,-2.0,19.0,18.41,31026900,578610000.0,6.8,3.1,85.09,100.46,22.84,15.22,0.89
云南锗业,sz002428,100.28,102.58,97.92,94025400.0,100.27,39100,100.28,76700,-2.24,104.58,96.8,94025400,9427210000.0,14.4,7.58,654.86,654.95,112.84,92.32,1.17
中钨高新,sz000657,68.15,72.8,69.02,127299800.0,68.14,3800,68.15,182700,-6.39,70.7,67.72,127299800,8789880000.0,8.76,4.09,990.53,1552.87,80.08,65.52,0.98
泓禧科技,bj920857,19.29,19.55,19.35,756500.0,19.27,300,19.29,13700,-1.33,19.75,19.06,756500,14657100.0,1.02,3.53,14.28,14.28,25.41,13.69,0.42
盛剑科技,sh603324,27.87,27.8,27.79,4441400.0,27.87,1300,27.88,11700,0.25,28.58,26.93,4441400,122940000.0,3.03,5.94,40.82,42.24,30.58,25.02,0.68
厦钨新能,sh688778,48.35,49.12,48.85,584476400.0,48.35,7500,48.37,400,-1.57,49.9,48.2,584476400,284890000.0,1.16,3.46,244.02,244.02,58.94,39.3,0.81
湖南裕能,sz301358,66.64,66.75,66.06,18744100.0,66.63,9600,66.64,7500,-0.16,67.99,65.4,18744100,1255760000.0,2.45,3.88,509.35,564.93,80.1,53.4,1.08
万润新能,sh688275,80.61,81.21,80.72,293988000.0,80.61,1200,80.64,600,-0.74,81.97,79.8,293988000,237740000.0,2.33,2.67,101.66,101.66,97.45,64.97,0.77
菲菱科思,sz301191,93.48,93.38,92.49,3445700.0,93.47,1100,93.48,900,0.11,95.66,91.12,3445700,322660000.0,4.72,4.86,68.29,90.58,112.06,74.7,0.57
英诺激光,sz301021,67.03,66.85,66.88,8452600.0,67.03,1400,67.08,900,0.27,68.66,65.38,8452600,568360000.0,5.54,4.91,102.35,102.47,80.22,53.48,0.79
中材科技,sz002080,56.77,56.84,55.21,54611500.0,56.77,26900,56.78,30300,-0.12,57.97,53.81,54611500,3073800000.0,3.25,7.32,952.67,952.67,62.52,51.16,0.81
茂莱光学,sh688502,385.3,393.68,389.87,128982700.0,385.3,800,385.34,300,-2.13,399.2,375.51,128982700,500710000.0,2.44,6.02,203.44,203.44,472.42,314.94,0.68
阿特斯,sh688472,10.36,10.43,10.37,3018094400.0,10.35,30800,10.36,32800,-0.67,10.47,10.26,3018094400,312890000.0,0.83,2.01,377.43,377.43,12.52,8.34,0.71
恩捷股份,sz002812,55.41,55.95,55.69,21057500.0,55.41,21300,55.42,100,-0.97,57.2,55.2,21057500,1182740000.0,2.56,3.57,455.81,543.75,61.55,50.36,0.93
荣亿精密,bj920223,11.2,11.45,11.45,1672200.0,11.18,1900,11.2,6100,-2.18,11.46,11.13,1672200,18822000.0,2.05,2.88,9.15,17.62,14.88,8.02,0.88
海峡股份,sz002320,6.71,6.81,6.81,9882200.0,6.7,231900,6.71,29900,-1.47,6.82,6.7,9882200,66660000.0,0.44,1.76,150.02,150.02,7.49,6.13,0.64
山东赫达,sz002810,20.61,20.61,20.52,4110000.0,20.6,6100,20.61,8600,0.0,20.91,20.39,4110000,84720000.0,1.27,2.52,66.56,71.71,22.67,18.55,0.81
东百集团,sh600693,9.92,10.16,9.98,72419000.0,9.92,92600,9.93,81300,-2.36,10.24,9.84,72419000,723180000.0,8.33,3.94,86.2,86.29,11.18,9.14,0.86
海峡创新,sz300300,8.17,8.2,8.1,33592600.0,8.17,103700,8.18,77400,-0.37,8.34,8.01,33592600,274610000.0,5.04,4.02,54.48,54.48,9.84,6.56,0.57
锦华新材,bj920015,43.27,44.51,44.18,1406800.0,43.26,1600,43.27,4100,-2.79,44.18,43.25,1406800,61392600.0,3.52,2.09,17.31,58.66,57.86,31.16,0.64
同宇新材,sz301630,171.54,173.61,171.22,988200.0,171.53,800,171.8,100,-1.19,175.36,169.0,988200,170140000.0,4.71,3.66,35.99,96.06,208.33,138.89,0.6
广钢气体,sh688548,37.17,37.66,36.98,2294567400.0,37.17,25500,37.19,700,-1.3,38.71,36.9,2294567400,864660000.0,3.32,4.81,256.92,490.42,45.19,30.13,0.64
马钢股份,sh600808,2.54,2.59,2.59,57122100.0,2.54,199400,2.55,101300,-1.93,2.6,2.53,57122100,145910000.0,0.96,2.7,151.58,195.6,2.85,2.33,1.0
捷邦科技,sz301326,100.23,105.24,103.66,2634000.0,100.23,600,100.41,200,-4.76,107.29,98.97,2634000,266180000.0,3.65,7.91,72.24,72.88,126.29,84.19,0.86
华资实业,sh600191,9.95,10.53,10.54,17841800.0,9.94,23900,9.95,15000,-5.51,10.54,9.65,17841800,177060000.0,3.68,8.45,48.25,48.25,11.58,9.48,1.27
永太科技,sz002326,19.33,19.47,19.31,21298600.0,19.32,33400,19.33,36200,-0.72,19.58,19.15,21298600,413420000.0,2.62,2.21,156.91,178.83,21.42,17.52,0.69
浩通科技,sz301026,21.52,22.37,22.16,14870300.0,21.52,7800,21.53,3100,-3.8,22.26,21.5,14870300,323880000.0,9.29,3.4,34.44,47.68,26.84,17.9,0.66
申菱环境,sz301018,91.5,89.42,93.33,24336900.0,91.5,19500,91.51,700,2.33,96.5,90.5,24336900,2283320000.0,8.6,6.71,258.78,342.47,107.3,71.54,1.36
鼎胜新材,sh603876,21.32,21.86,21.81,13274700.0,21.31,54100,21.32,44600,-2.47,22.0,21.3,13274700,286610000.0,1.43,3.2,198.12,198.12,24.05,19.67,0.61
英维克,sz002837,54.68,55.24,55.33,26550000.0,54.68,0,54.69,300,-1.01,55.83,54.08,26550000,1459720000.0,2.35,3.17,618.13,696.81,60.76,49.72,0.58
赛恩斯,sh688480,79.5,82.23,79.0,110029900.0,79.47,200,79.5,5000,-3.32,82.94,79.0,110029900,89000000.0,1.15,4.79,75.78,75.78,98.68,65.78,0.82
华光新材,sh688379,49.2,49.94,49.75,202588200.0,49.2,500,49.22,200,-1.48,50.08,48.42,202588200,100060000.0,2.25,3.32,44.32,46.73,59.93,39.95,0.6
英特科技,sz301399,17.05,17.35,17.14,4992500.0,17.05,15200,17.08,1800,-1.73,17.63,16.71,4992500,85370000.0,9.13,5.3,9.32,31.55,20.82,13.88,1.15
德力股份,sz002571,10.86,10.94,10.9,2880000.0,10.86,72400,10.87,7400,-0.73,10.98,10.75,2880000,31400000.0,0.97,2.1,32.4,42.57,12.03,9.85,0.45
新疆火炬,sh603080,18.95,19.16,19.4,1149500.0,18.92,14900,18.95,3100,-1.1,19.4,18.9,1149500,21890000.0,0.81,2.61,26.81,26.81,21.08,17.24,0.87
漱玉平民,sz301017,14.04,13.79,13.75,13501200.0,14.03,30200,14.04,14000,1.81,14.5,13.67,13501200,191570000.0,5.22,6.02,36.32,56.95,16.55,11.03,1.37
菲利华,sz300395,87.94,86.95,86.8,24277100.0,87.94,9800,87.95,14200,1.14,89.91,86.5,24277100,2141110000.0,4.74,3.92,450.73,462.32,104.34,69.56,0.81
新宙邦,sz300037,65.82,66.55,66.05,11009400.0,65.81,700,65.82,28900,-1.1,67.65,65.2,11009400,732220000.0,2.01,3.68,359.89,496.21,79.86,53.24,0.68
恒坤新材,sh688727,48.03,49.69,49.2,451877400.0,48.03,14300,48.04,200,-3.34,49.49,47.71,451877400,218990000.0,8.36,3.58,25.95,215.81,59.63,39.75,0.62
国城矿业,sz000688,31.54,32.16,32.08,19740300.0,31.54,10100,31.55,6600,-1.93,32.9,31.48,19740300,635450000.0,1.67,4.42,373.77,373.77,35.38,28.94,0.87
沃尔德,sh688028,86.22,86.87,86.0,543859300.0,86.2,1000,86.22,9600,-0.75,88.93,84.52,543859300,471950000.0,3.6,5.08,130.15,130.15,104.24,69.5,0.62
德福科技,sz301511,85.96,88.7,87.0,37573700.0,85.96,7400,85.98,4200,-3.09,90.03,85.45,37573700,3281290000.0,10.03,5.16,322.03,541.82,106.44,70.96,0.81
艾森股份,sh688720,65.15,66.47,66.0,460030800.0,65.09,700,65.15,29300,-1.99,66.49,63.09,460030800,299570000.0,5.88,5.12,50.94,79.9,79.76,53.18,0.65
康芝药业,sz300086,6.79,6.85,6.76,18063100.0,6.79,14000,6.8,61200,-0.88,6.9,6.75,18063100,123300000.0,4.1,2.19,29.92,30.9,8.22,5.48,0.89
盛屯矿业,sh600711,12.4,12.74,12.73,228433100.0,12.39,198000,12.4,400800,-2.67,13.18,12.25,228433100,2898500000.0,7.39,7.3,383.24,383.24,14.01,11.47,1.5
新莱应材,sz300260,58.05,59.61,59.49,18547300.0,58.05,15800,58.06,8700,-2.62,60.13,57.36,18547300,1087470000.0,6.45,4.65,166.97,236.73,71.53,47.69,0.68
奥克股份,sz300082,7.85,7.97,7.96,5206300.0,7.84,1500,7.85,200,-1.51,7.96,7.82,5206300,41020000.0,0.77,1.76,53.25,53.39,9.56,6.38,0.76
波长光电,sz301421,78.28,78.6,78.0,5341000.0,78.27,200,78.28,800,-0.41,80.0,76.66,5341000,419580000.0,11.53,4.25,36.25,90.58,94.32,62.88,0.65
佛塑科技,sz000973,13.71,13.68,13.65,73450700.0,13.7,99300,13.71,126600,0.22,13.89,13.33,73450700,1000420000.0,7.59,4.09,132.63,337.02,15.05,12.31,1.71
厦门钨业,sh600549,56.41,59.95,58.0,75467100.0,56.4,76400,56.41,88100,-5.9,58.47,56.3,75467100,4345100000.0,4.86,3.62,876.57,895.56,65.95,53.96,0.67
博苑新材,sz301617,47.07,47.91,47.8,1021600.0,47.05,300,47.07,7700,-1.75,48.12,46.88,1021600,48260000.0,1.48,2.59,32.46,81.78,57.49,38.33,0.62
威尔高,sz301251,42.6,42.89,41.23,12267000.0,42.6,41600,42.66,200,-0.68,44.28,40.88,12267000,524880000.0,16.23,7.93,32.2,80.33,51.47,34.31,0.86
捷众科技,bj920690,19.15,18.77,18.59,3624000.0,19.15,29100,19.16,9800,2.02,19.18,18.2,3624000,67831800.0,6.47,5.22,10.73,16.51,24.4,13.14,0.7
矩阵股份,sz301365,38.88,39.32,39.32,3242900.0,38.88,11900,38.89,3200,-1.12,40.44,38.21,3242900,127120000.0,2.63,5.67,47.87,70.93,47.18,31.46,0.99
长缆科技,sz002879,18.0,18.33,18.0,21831200.0,18.0,192600,18.01,12400,-1.8,18.5,17.9,21831200,397120000.0,15.92,3.27,24.69,34.76,20.16,16.5,0.68
华自科技,sz300490,11.94,12.19,12.22,16779200.0,11.94,12600,11.95,22300,-2.05,12.39,11.85,16779200,201470000.0,4.27,4.43,46.95,47.6,14.63,9.75,1.29
国林科技,sz300786,15.7,15.94,15.76,7603300.0,15.7,12100,15.71,8400,-1.51,15.94,15.45,7603300,118950000.0,5.19,3.07,22.98,28.89,19.13,12.75,0.72
浦东建设,sh600284,5.09,5.17,5.17,12745300.0,5.09,105100,5.1,132000,-1.55,5.17,5.08,12745300,65250000.0,1.31,1.74,49.39,49.39,5.69,4.65,1.17
戎美股份,sz301088,12.59,12.71,12.6,1541300.0,12.55,2100,12.59,7900,-0.94,12.68,12.38,1541300,19260000.0,0.82,2.36,23.67,28.69,15.25,10.17,0.85
美联新材,sz300586,9.41,9.41,9.23,23934600.0,9.41,10100,9.42,36600,0.0,9.63,9.23,23934600,226060000.0,4.48,4.25,50.31,66.93,11.29,7.53,0.85
芳源股份,sh688148,6.68,7.4,6.7,4340484900.0,6.67,54600,6.68,16500,-9.73,6.83,6.5,4340484900,289780000.0,8.51,4.46,34.08,34.08,8.88,5.92,2.73
科创新源,sz300731,37.31,37.88,37.22,4711000.0,37.31,4600,37.33,2000,-1.5,38.17,36.9,4711000,176950000.0,2.8,3.35,62.77,66.14,45.46,30.3,0.67
鼎信通讯,sh603421,5.99,6.0,5.96,16558300.0,5.99,71200,6.0,83900,-0.17,6.05,5.88,16558300,99080000.0,2.54,2.83,39.07,39.07,6.6,5.4,0.69
ST围海,sz002586,3.81,3.8,3.83,3326800.0,3.8,15900,3.81,90300,0.26,3.93,3.78,3326800,12760000.0,0.31,3.95,41.43,43.59,4.18,3.42,0.65
劲拓股份,sz300400,30.11,30.9,31.51,14409000.0,30.11,500,30.12,3400,-2.56,32.0,29.58,14409000,437200000.0,5.94,7.83,73.02,73.26,37.08,24.72,0.62
杰美特,sz300868,87.51,88.73,89.09,3178700.0,87.51,4200,87.55,100,-1.37,90.68,86.0,3178700,280510000.0,3.94,5.27,70.67,111.29,106.48,70.98,0.69
嘉元科技,sh688388,27.65,28.05,27.8,2891769500.0,27.65,23500,27.66,36200,-1.43,28.39,27.43,2891769500,806160000.0,4.38,3.42,182.46,182.46,33.66,22.44,0.67
康欣新材,sh600076,3.08,3.06,3.06,17433300.0,3.07,216300,3.08,16900,0.65,3.1,3.0,17433300,53270000.0,1.3,3.27,41.41,41.41,3.37,2.75,0.85
龙图光罩,sh688721,41.38,41.02,40.21,614021900.0,41.36,24600,41.38,2000,0.88,42.43,39.4,614021900,251960000.0,11.13,7.39,22.82,55.24,49.22,32.82,1.36
退市熊猫,sh600599,0.43,0.43,0.0,0.0,0.0,0,0.0,0,0.0,0.0,0.0,0,0.0,0.0,0.0,0.71,0.71,-1.0,-1.0,0.0
返利科技,sh600228,8.24,8.25,8.06,30376600.0,8.24,30300,8.25,45000,-0.12,8.39,7.97,30376600,250150000.0,7.3,5.09,34.28,34.33,9.08,7.43,0.67
统联精密,sh688210,28.93,28.24,28.4,266245400.0,28.93,5100,28.95,100,2.44,29.18,27.73,266245400,76310000.0,1.64,5.13,47.06,47.06,33.89,22.59,0.77
宇顺电子,sz002289,37.07,37.5,37.62,8137800.0,37.07,13500,37.21,200,-1.15,38.5,36.28,8137800,304800000.0,2.97,5.92,101.73,103.89,41.25,33.75,1.31
松发股份,sh603268,173.25,183.26,180.0,8238600.0,173.23,100,173.25,1100,-5.46,180.4,172.46,8238600,1450730000.0,3.53,4.33,404.11,1764.93,201.59,164.93,0.86
荣丰控股,sz000668,21.31,21.09,21.09,5531100.0,21.31,36300,21.32,1200,1.04,21.88,20.12,5531100,117010000.0,3.77,8.35,31.29,31.29,23.2,18.98,1.46
中国巨石,sh600176,42.69,43.28,42.5,250756400.0,42.68,102600,42.69,642800,-1.36,44.13,41.55,250756400,10755290000.0,6.31,5.96,1695.47,1708.94,47.61,38.95,0.78
*ST万方,sz000638,0.89,0.89,0.0,0.0,0.0,0,0.0,0,0.0,0.0,0.0,0,0.0,0.0,0.0,2.77,2.77,-1.0,-1.0,0.0
南山铝业,sh600219,4.88,5.02,5.02,325577600.0,4.88,769700,4.89,806200,-2.79,5.17,4.85,325577600,1626950000.0,2.84,6.37,560.4,560.4,5.52,4.52,1.52
*ST建艺,sz002789,10.03,9.75,9.75,1984400.0,10.0,200,10.03,12800,2.87,10.18,9.66,1984400,19730000.0,1.27,5.33,15.69,16.01,10.73,8.78,0.66
中矿资源,sz002738,53.26,54.35,54.2,17720600.0,53.26,2300,53.27,2600,-2.01,55.2,53.09,17720600,959710000.0,2.49,3.88,378.69,388.47,59.79,48.92,0.69
天普股份,sh605255,70.38,69.42,69.98,863800.0,70.38,1000,70.4,700,1.38,71.6,69.0,863800,60700000.0,0.64,3.75,94.37,94.37,76.36,62.48,0.89
孚日股份,sz002083,11.72,12.12,12.1,74798100.0,11.72,74300,11.73,52200,-3.3,12.3,11.71,74798100,895110000.0,7.9,4.87,110.91,110.95,13.33,10.91,0.98
*ST步森,sz002569,12.65,12.65,12.64,1331200.0,12.63,900,12.65,17000,0.0,12.78,12.4,1331200,16730000.0,0.95,3.0,17.71,18.22,13.92,11.39,0.84
川环科技,sz300547,25.34,25.42,25.3,4957700.0,25.34,9800,25.35,4700,-0.31,25.75,25.02,4957700,126130000.0,2.78,2.87,45.16,54.96,30.5,20.34,0.6
退市岩石,sh600696,0.74,0.74,0.0,0.0,0.0,0,0.0,0,0.0,0.0,0.0,0,0.0,0.0,0.0,2.48,2.48,-1.0,-1.0,0.0
*ST西发,sz000752,9.15,9.18,9.18,2055500.0,9.15,22100,9.16,3400,-0.33,9.23,9.11,2055500,18810000.0,0.78,1.31,24.13,24.13,10.1,8.26,0.52
尚太科技,sz001301,54.95,52.5,52.17,5898800.0,54.94,300,54.95,4400,4.67,55.52,51.86,5898800,319980000.0,2.27,6.97,142.92,200.36,57.75,47.25,1.48
星环科技-U,sh688031,114.0,113.11,114.01,592163200.0,113.97,800,114.0,22400,0.79,116.44,110.5,592163200,673670000.0,4.89,5.25,138.09,138.09,135.73,90.49,0.58
ST云网,sz002306,1.91,1.91,1.91,7757600.0,1.89,79900,1.91,175700,0.0,1.95,1.88,7757600,14840000.0,0.95,3.66,15.52,16.61,2.1,1.72,0.86
太极实业,sh600667,21.2,19.27,18.84,319863100.0,21.2,16199200,0.0,0,10.02,21.2,18.8,319863100,6466750000.0,15.29,12.45,443.41,443.41,21.2,17.34,0.82
世名科技,sz300522,13.67,13.67,13.59,14580700.0,13.67,59200,13.68,11300,0.0,14.02,13.28,14580700,198990000.0,5.54,5.41,35.97,44.08,16.4,10.94,0.72
*ST精伦,sh600355,0.58,0.58,0.0,0.0,0.0,0,0.0,0,0.0,0.0,0.0,0,0.0,0.0,0.0,2.85,2.85,-1.0,-1.0,0.0
ST惠程,sz002168,3.81,3.79,3.88,6466300.0,3.81,312400,3.82,22400,0.53,3.88,3.78,6466300,24700000.0,0.82,2.64,29.88,29.88,4.17,3.41,0.79
中一科技,sz301150,38.83,39.45,39.03,16105200.0,38.83,6900,38.84,5900,-1.57,39.83,38.48,16105200,629560000.0,5.3,3.42,117.98,125.77,47.34,31.56,0.65
银座股份,sh600858,4.9,4.93,4.9,6513100.0,4.9,15600,4.91,8900,-0.61,4.94,4.84,6513100,31860000.0,1.26,2.03,25.36,25.48,5.42,4.44,0.78
*ST奥维,sz002231,0.6,0.6,0.0,0.0,0.0,0,0.0,0,0.0,0.0,0.0,0,0.0,0.0,0.0,1.85,2.08,-1.0,-1.0,0.0
盛新锂能,sz002240,31.93,32.84,32.7,38704200.0,31.93,35100,31.94,66600,-2.77,32.86,31.86,38704200,1250300000.0,4.24,3.05,291.49,292.25,36.12,29.56,0.83
耀皮玻璃,sh600819,5.43,5.47,5.49,5372900.0,5.43,10800,5.44,35300,-0.73,5.5,5.36,5372900,29180000.0,0.68,2.56,42.86,53.04,6.02,4.92,0.76
梅轮电梯,sh603321,6.25,6.31,6.3,3087700.0,6.25,33600,6.26,2100,-0.95,6.32,6.2,3087700,19330000.0,0.9,1.9,21.54,21.81,6.94,5.68,0.76
平安电工,sz001359,86.86,87.69,86.8,3895600.0,86.86,14800,86.89,500,-0.95,89.88,85.6,3895600,341390000.0,6.46,4.88,52.37,209.47,96.46,78.92,0.63
先导智能,sz300450,34.9,35.05,34.89,31743000.0,34.9,50200,34.91,7600,-0.43,35.66,34.76,31743000,1117380000.0,2.04,2.57,544.24,584.3,42.06,28.04,0.82
世龙实业,sz002748,11.79,12.0,12.26,11384900.0,11.79,4100,11.8,600,-1.75,12.26,11.78,11384900,135780000.0,4.74,4.0,28.3,28.3,13.2,10.8,2.41
东方铁塔,sz002545,18.21,18.92,19.36,28326300.0,18.2,28600,18.22,4900,-3.75,19.43,18.11,28326300,529170000.0,2.51,6.98,205.8,226.54,20.81,17.03,1.21
银河微电,sh688689,40.11,40.25,39.79,942538200.0,40.11,900,40.12,2600,-0.35,41.44,39.5,942538200,381890000.0,6.5,4.82,58.12,58.12,48.3,32.2,0.92
北方华创,sz002371,746.1,760.0,753.03,6720900.0,746.1,5700,746.18,1700,-1.83,767.74,742.55,6720900,5063290000.0,0.93,3.31,5410.04,5414.37,836.0,684.0,0.6
隆扬电子,sz301389,51.5,52.16,51.48,7029500.0,51.5,2300,51.51,100,-1.27,52.65,50.35,7029500,362560000.0,2.48,4.41,146.0,146.0,62.59,41.73,0.74
成都华微,sh688709,26.62,27.01,26.67,472002700.0,26.62,15700,26.65,27300,-1.44,27.37,26.6,472002700,127030000.0,2.13,2.85,59.03,169.53,32.41,21.61,0.8
科瑞技术,sz002957,38.8,39.21,38.96,18298100.0,38.8,17800,38.81,14000,-1.05,39.9,38.28,18298100,713810000.0,4.37,4.13,162.45,162.95,43.13,35.29,0.72
星德胜,sh603344,22.41,22.74,22.64,2364600.0,22.41,400,22.42,1400,-1.45,23.0,22.25,2364600,53150000.0,4.38,3.3,12.11,43.59,25.01,20.47,1.48
中科飞测,sh688361,348.3,362.45,354.0,766396000.0,348.29,200,348.3,1900,-3.9,365.59,343.99,766396000,2724040000.0,2.18,5.96,1226.2,1226.2,434.94,289.96,0.71
上海港湾,sh605598,27.86,28.59,28.06,2998200.0,27.86,3900,27.87,200,-2.55,28.46,27.55,2998200,83550000.0,1.23,3.18,67.7,67.7,31.45,25.73,0.79
兴瑞科技,sz002937,30.02,30.12,30.1,5217200.0,30.02,12700,30.11,300,-0.33,30.64,29.54,5217200,157030000.0,1.66,3.65,94.62,94.87,33.13,27.11,0.62
德科立,sh688205,135.1,136.0,133.28,579361600.0,135.1,100,135.16,1000,-0.66,137.88,132.0,579361600,783910000.0,3.64,4.32,215.13,215.13,163.2,108.8,0.57
华丰科技,sh688629,147.78,149.3,147.33,1174144100.0,147.75,1700,147.78,24600,-1.02,153.0,146.2,1174144100,1754330000.0,2.55,4.55,681.26,691.99,179.16,119.44,0.69
海通发展,sh603162,11.89,12.68,12.8,64567200.0,11.89,53500,11.9,21600,-6.23,12.9,11.84,64567200,787390000.0,15.29,8.36,50.21,163.46,13.95,11.41,1.55
高德红外,sz002414,14.04,14.22,14.22,72665500.0,14.04,48900,14.05,159400,-1.27,14.41,14.01,72665500,1031620000.0,2.14,2.81,477.17,599.61,15.64,12.8,0.75
贝特瑞,bj920185,21.33,21.67,21.61,2888900.0,21.33,1300,21.35,7200,-1.57,21.78,21.29,2888900,62221300.0,0.26,2.26,238.78,242.78,28.17,15.17,0.64
凯格精机,sz301338,97.31,98.59,97.9,3925500.0,97.3,11200,97.31,10500,-1.3,100.0,95.63,3925500,384200000.0,3.62,4.43,105.62,144.95,118.31,78.87,0.57
和远气体,sz002971,45.0,44.38,43.83,28715800.0,45.0,193400,45.01,11800,1.4,45.9,43.31,28715800,1282740000.0,17.84,5.84,72.45,94.78,48.82,39.94,1.47
大族数控,sz301200,272.76,276.01,272.45,2415100.0,272.76,100,272.78,100,-1.18,281.0,270.5,2415100,665920000.0,0.57,3.8,1159.88,1333.82,331.21,220.81,0.55
九州一轨,sh688485,64.5,62.5,61.99,653717800.0,64.4,1600,64.5,34000,3.2,65.62,58.0,653717800,404000000.0,4.35,12.19,96.94,96.94,75.0,50.0,1.0
宝武镁业,sz002182,12.66,12.87,12.92,21437100.0,12.65,54300,12.66,15500,-1.63,13.05,12.63,21437100,273920000.0,2.48,3.26,109.57,125.56,14.16,11.58,0.75
立高食品,sz300973,26.04,26.3,26.31,3849500.0,26.04,51500,26.05,5600,-0.99,26.71,25.92,3849500,100970000.0,3.25,3.0,30.87,44.1,31.56,21.04,1.09
淳中科技,sh603516,99.52,99.07,98.62,4159600.0,99.52,1600,99.56,300,0.45,101.68,97.58,4159600,414480000.0,2.05,4.14,202.29,202.29,108.98,89.16,0.75
生物股份,sh600201,13.69,13.97,13.98,15018400.0,13.69,111900,13.7,87300,-2.0,14.03,13.67,15018400,207140000.0,1.37,2.58,150.58,150.58,15.37,12.57,0.59
苏大维格,sz300331,48.75,46.76,46.27,17576800.0,48.75,7000,48.76,1400,4.26,50.68,45.5,17576800,847360000.0,7.91,11.08,108.29,126.59,56.11,37.41,1.17
中百集团,sz000759,7.02,6.99,6.94,79469100.0,7.02,338100,7.03,461400,0.43,7.1,6.82,79469100,555320000.0,12.12,4.01,46.03,46.5,7.69,6.29,1.03
国盾量子,sh688027,407.5,417.68,413.5,151418200.0,407.5,1100,407.71,500,-2.44,416.48,406.53,151418200,623000000.0,1.88,2.38,327.53,419.16,501.22,334.14,0.75
龙蟠科技,sh603906,19.83,20.29,20.27,23348500.0,19.83,23300,19.84,27200,-2.27,20.27,19.8,23348500,466490000.0,4.15,2.32,111.64,156.88,22.32,18.26,0.86
利元亨,sh688499,36.91,36.93,36.66,284660700.0,36.91,700,36.92,800,-0.05,37.24,36.29,284660700,104720000.0,1.69,2.57,62.28,62.28,44.32,29.54,0.76
华正新材,sh603186,148.0,152.0,147.9,20633600.0,148.0,3900,148.01,500,-2.63,153.0,143.26,20633600,3061990000.0,13.16,6.41,232.05,232.05,167.2,136.8,1.06
白云电器,sh603861,12.36,12.47,12.47,8531000.0,12.36,72600,12.37,39600,-0.88,12.59,12.22,8531000,105930000.0,1.61,2.97,65.33,66.81,13.72,11.22,0.78
皖能电力,sz000543,7.82,7.88,7.87,23567100.0,7.81,392700,7.82,22600,-0.76,7.93,7.81,23567100,185110000.0,1.04,1.52,177.27,177.27,8.67,7.09,0.88
龙高股份,sh605086,24.54,24.34,24.07,1457800.0,24.54,500,24.55,300,0.82,25.02,24.07,1457800,35890000.0,0.81,3.9,43.98,43.98,26.77,21.91,1.04
普蕊斯,sz301257,50.4,49.01,49.03,10458400.0,50.4,3800,50.41,900,2.84,52.36,48.48,10458400,529920000.0,13.89,7.92,37.96,39.82,58.81,39.21,1.51
安达科技,bj920809,7.95,7.93,7.92,6771300.0,7.95,10100,7.96,29800,0.25,7.98,7.83,6771300,53509200.0,1.47,1.89,36.5,47.62,10.3,5.56,0.58
艾迪药业,sh688488,17.28,17.35,17.12,1010921300.0,17.28,3800,17.29,5000,-0.4,18.1,17.12,1010921300,177880000.0,2.4,5.65,72.71,72.71,20.82,13.88,0.7
松霖科技,sh603992,22.85,23.36,23.34,4270100.0,22.85,2000,22.86,2600,-2.18,23.47,22.84,4270100,98360000.0,0.96,2.7,101.24,101.24,25.7,21.02,1.19
欧科亿,sh688308,100.87,103.64,101.03,1086065400.0,100.86,13300,100.87,17500,-2.67,102.59,97.4,1086065400,1088390000.0,6.84,5.01,160.16,160.16,124.37,82.91,0.77
信德新材,sz301349,42.43,43.07,42.57,2798100.0,42.43,2100,42.44,5000,-1.49,43.67,42.17,2798100,119460000.0,2.49,3.48,47.74,60.46,51.68,34.46,0.56
聆达股份,sz300125,9.5,9.46,9.22,18278800.0,9.5,5400,9.51,7400,0.42,9.76,8.98,18278800,170170000.0,5.07,8.25,34.28,63.26,11.35,7.57,1.41
百奥泰,sh688177,19.85,19.43,19.46,639440000.0,19.85,14100,19.87,2900,2.16,20.38,19.28,639440000,127250000.0,1.54,5.66,82.19,82.19,23.32,15.54,1.76
菲林格尔,sh603226,49.3,49.75,49.28,2257700.0,49.27,4000,49.3,6800,-0.9,50.37,48.21,2257700,111190000.0,0.64,4.34,175.26,175.26,54.73,44.78,0.87
川大智胜,sz002253,9.88,9.9,9.91,3381600.0,9.87,200,9.88,5300,-0.2,9.95,9.78,3381600,33390000.0,1.61,1.72,20.74,22.29,10.89,8.91,0.51
中富电路,sz300814,137.41,140.0,137.68,6742100.0,137.41,1600,137.49,200,-1.85,141.0,134.01,6742100,929530000.0,3.52,4.99,263.04,263.04,168.0,112.0,0.65
炬华科技,sz300360,12.23,12.43,12.41,3690000.0,12.22,10600,12.23,5300,-1.61,12.41,12.2,3690000,45310000.0,0.74,1.69,61.18,62.89,14.92,9.94,0.67
中能电气,sz300062,7.2,7.63,7.17,83849700.0,7.2,259500,7.21,58500,-5.64,7.3,7.06,83849700,600460000.0,18.29,3.15,33.0,45.36,9.16,6.1,1.54
益诺思,sh688710,93.85,89.01,88.54,462561200.0,93.84,200,93.85,900,5.44,95.11,86.21,462561200,421830000.0,5.1,10.0,85.12,132.31,106.81,71.21,1.19
海目星,sh688559,47.29,47.28,47.0,705632100.0,47.29,5400,47.3,400,0.02,47.7,46.15,705632100,332130000.0,2.85,3.28,117.17,117.17,56.74,37.82,0.64
工业富联,sh601138,66.01,69.18,67.93,135834100.0,66.01,632400,66.02,67100,-4.58,68.19,65.52,135834100,9051100000.0,0.68,3.86,13099.09,13099.09,76.1,62.26,0.66
赛微电子,sz300456,31.6,31.47,31.14,17333400.0,31.6,3300,31.61,14800,0.41,32.28,31.02,17333400,548060000.0,2.9,4.0,188.79,231.38,37.76,25.18,0.64
唯万密封,sz301161,27.26,27.18,27.22,4765200.0,27.26,100,27.27,4800,0.29,28.7,27.06,4765200,131440000.0,6.17,6.03,21.04,32.71,32.62,21.74,0.95
雅化集团,sz002497,18.88,19.09,18.93,40416300.0,18.88,99500,18.89,14000,-1.1,19.63,18.8,40416300,774340000.0,3.81,4.35,200.05,217.6,21.0,17.18,1.08
丰元股份,sz002805,19.02,19.09,18.93,12261400.0,19.01,56000,19.02,18000,-0.37,19.29,18.79,12261400,233320000.0,4.4,2.62,53.03,53.27,21.0,17.18,0.76
天力锂能,sz301152,20.3,20.62,20.57,3765200.0,20.29,300,20.3,2700,-1.55,20.57,19.9,3765200,76310000.0,5.3,3.25,14.41,24.1,24.74,16.5,0.67
完美世界,sz002624,11.67,11.73,11.73,47883900.0,11.66,638900,11.67,74800,-0.51,12.0,11.62,47883900,564090000.0,2.62,3.24,213.3,226.39,12.9,10.56,0.83
黄河旋风,sh600172,12.34,12.37,12.15,123581500.0,12.34,5700,12.35,225100,-0.24,12.55,11.9,123581500,1516220000.0,9.63,5.25,158.35,177.97,13.61,11.13,0.69
道氏技术,sz300409,18.65,19.07,18.9,20561600.0,18.65,11300,18.66,53100,-2.2,18.97,18.6,20561600,385440000.0,2.95,1.94,129.84,145.89,22.88,15.26,0.76
潮宏基,sz002345,11.01,11.65,11.54,65371800.0,11.01,88400,11.02,2600,-5.49,11.95,10.95,65371800,745650000.0,7.54,8.58,95.48,97.83,12.82,10.49,2.19
阿石创,sz300706,53.03,54.16,53.35,9589300.0,53.03,1300,53.04,8800,-2.09,54.73,52.4,9589300,513240000.0,8.42,4.3,60.36,81.42,64.99,43.33,0.7
芯碁微装,sh688630,415.0,430.3,421.02,406348900.0,414.97,200,415.0,1000,-3.56,434.66,414.0,406348900,1719580000.0,3.08,4.8,546.72,608.0,516.36,344.24,0.57
阿为特,bj920693,23.17,23.79,23.85,637500.0,23.17,3100,23.18,1100,-2.61,23.85,23.15,637500,14892000.0,1.74,2.94,8.48,16.84,30.92,16.66,0.87
思泉新材,sz301489,99.02,99.8,98.0,3945900.0,99.01,200,99.04,100,-0.78,100.8,96.77,3945900,390800000.0,5.67,4.04,68.9,115.15,119.76,79.84,0.67
多瑞医药,sz301075,55.94,55.66,55.66,1308300.0,55.94,4900,56.0,3800,0.5,57.36,54.57,1308300,73550000.0,1.64,5.01,44.75,44.75,66.79,44.53,0.96
大立科技,sz002214,14.8,14.94,14.74,13537500.0,14.8,7600,14.81,6400,-0.94,15.22,14.3,13537500,199200000.0,2.83,6.16,70.81,88.6,16.43,13.45,1.26
矽电股份,sz301629,254.06,255.85,253.29,807900.0,253.73,100,254.06,200,-0.7,259.84,246.2,807900,204430000.0,4.21,5.33,48.77,106.01,307.02,204.68,0.63
博汇科技,sh688004,23.58,24.2,24.08,252658600.0,23.58,9400,23.63,200,-2.56,24.08,23.0,252658600,59120000.0,3.15,4.46,18.88,18.88,29.04,19.36,0.81
七彩化学,sz300758,10.93,11.26,11.19,11607500.0,10.93,5300,10.95,32700,-2.93,11.21,10.9,11607500,127460000.0,3.23,2.75,39.32,43.62,13.51,9.01,0.94
联化科技,sz002250,17.44,17.54,17.3,18740500.0,17.43,33300,17.44,20800,-0.57,17.72,17.23,18740500,327300000.0,2.09,2.79,156.08,156.94,19.29,15.79,0.76
南风股份,sz300004,8.27,8.45,8.37,12068500.0,8.26,20200,8.27,70100,-2.13,8.42,8.2,12068500,100270000.0,2.51,2.6,39.7,39.7,10.14,6.76,0.64
科源制药,sz301281,43.9,40.66,40.5,3870200.0,43.9,19100,43.91,1400,7.97,44.17,40.5,3870200,167060000.0,5.45,9.03,31.15,47.54,48.79,32.53,1.51
平潭发展,sz000592,6.69,6.71,6.67,92722100.0,6.69,344600,6.7,252800,-0.3,6.78,6.53,92722100,618160000.0,4.84,3.73,128.12,129.24,7.38,6.04,0.56
凯立新材,sh688269,30.78,31.29,31.13,99067900.0,30.78,900,30.79,21900,-1.63,31.3,30.72,99067900,30710000.0,0.76,1.85,40.23,40.23,37.55,25.03,0.55
亿纬锂能,sz300014,56.05,55.22,55.4,54251200.0,56.05,96500,56.06,14300,1.5,56.97,55.02,54251200,3043780000.0,2.57,3.53,1184.05,1218.13,66.26,44.18,1.26
莱美药业,sz300006,5.32,5.35,5.38,41995000.0,5.32,24700,5.33,112400,-0.56,5.46,5.22,41995000,223390000.0,3.98,4.49,56.17,56.17,6.42,4.28,1.39
江海股份,sz002484,65.6,66.11,64.2,53372800.0,65.6,33900,65.61,200,-0.77,69.89,62.88,53372800,3524690000.0,6.51,10.6,538.23,557.94,72.72,59.5,1.08
明阳智能,sh601615,11.55,11.69,11.6,40996200.0,11.54,196000,11.55,61100,-1.2,11.77,11.43,40996200,475510000.0,1.81,2.91,261.2,261.2,12.86,10.52,0.92
*ST沐邦,sh603398,10.22,10.33,10.33,4841100.0,10.21,1000,10.22,400,-1.06,10.48,10.11,4841100,49760000.0,1.12,3.58,44.32,44.32,11.36,9.3,0.52
昇兴股份,sz002752,5.99,6.04,6.04,9060600.0,5.99,152300,6.0,105100,-0.83,6.08,5.96,9060600,54510000.0,0.93,1.99,58.43,58.52,6.64,5.44,0.75
微导纳米,sh688147,110.85,110.48,109.9,1105609600.0,110.8,200,110.85,63400,0.33,115.4,105.5,1105609600,1225220000.0,2.38,8.96,514.86,514.86,132.58,88.38,0.8
德方纳米,sz300769,46.45,47.17,46.74,10674400.0,46.45,27700,46.46,1100,-1.53,47.31,46.4,10674400,499420000.0,4.24,1.93,116.94,130.15,56.6,37.74,0.7
北京君正,sz300223,137.86,138.48,136.19,30955600.0,137.86,4200,137.87,1000,-0.45,141.66,136.19,30955600,4303820000.0,7.32,3.95,583.06,666.78,166.18,110.78,0.69
天齐锂业,sz002466,48.09,48.91,48.61,40447800.0,48.09,8500,48.1,22400,-1.68,49.15,48.03,40447800,1960840000.0,2.74,2.29,709.68,823.89,53.8,44.02,0.81
腾远钴业,sz301219,49.96,52.79,51.82,16047500.0,49.96,14200,49.97,2400,-5.36,51.89,49.94,16047500,813150000.0,5.87,3.69,136.51,191.26,63.35,42.23,1.19
罗博特科,sz300757,488.8,488.18,476.15,5203200.0,488.7,500,488.88,100,0.13,499.0,476.15,5203200,2535870000.0,3.2,4.68,794.63,819.27,585.82,390.54,0.56
兴图新科,sh688081,29.82,30.15,29.4,125574100.0,29.82,3200,29.95,500,-1.09,30.15,29.35,125574100,37370000.0,1.22,2.65,30.73,30.73,36.18,24.12,0.65
国际复材,sz301526,39.39,38.12,37.79,233416700.0,39.39,610400,39.4,743100,3.33,40.54,36.81,233416700,9068570000.0,16.62,9.78,553.19,1485.35,45.74,30.5,0.88
剑桥科技,sh603083,152.35,147.92,147.77,18778200.0,152.34,1900,152.35,15300,2.99,156.21,145.58,18778200,2846530000.0,6.81,7.19,419.86,561.03,162.71,133.13,0.69
凌玮科技,sz301373,89.12,91.25,89.88,6055700.0,89.11,1700,89.12,100,-2.33,91.96,87.79,6055700,543190000.0,8.69,4.57,62.08,96.67,109.5,73.0,0.87
建投能源,sz000600,8.84,8.67,8.66,52921300.0,8.83,165700,8.84,201000,1.96,8.99,8.53,52921300,464430000.0,4.85,5.31,96.36,159.41,9.54,7.8,1.87
璞泰来,sh603659,24.21,24.48,24.39,23036700.0,24.21,140200,24.22,34700,-1.1,24.75,24.1,23036700,562290000.0,1.07,2.66,519.11,519.11,26.93,22.03,0.85
安集科技,sh688019,246.0,253.08,249.0,599211900.0,245.88,7600,246.0,2000,-2.8,255.4,243.99,599211900,1492560000.0,2.62,4.51,561.76,561.76,303.7,202.46,0.7
浙江美大,sz002677,7.1,6.94,6.98,10609900.0,7.1,31700,7.11,33000,2.31,7.13,6.82,10609900,74290000.0,1.92,4.47,39.16,45.87,7.63,6.25,1.33
金刚光伏,sz300093,22.92,23.4,23.11,5326600.0,22.92,400,22.94,4100,-2.05,23.45,22.83,5326600,123100000.0,2.31,2.65,52.94,123.77,28.08,18.72,0.55
蓝丰生化,sz002513,5.19,5.25,5.25,6004700.0,5.18,13800,5.19,2400,-1.14,5.25,5.13,6004700,31190000.0,2.08,2.29,15.0,19.49,5.78,4.73,0.71
宏达股份,sh600331,13.51,14.09,14.26,72642500.0,13.51,140300,13.52,7100,-4.12,14.26,13.5,72642500,1001230000.0,3.57,5.39,274.52,356.88,15.5,12.68,1.16
浙江世宝,sz002703,15.59,14.87,14.87,77718500.0,15.58,114200,15.59,100200,4.84,15.73,14.55,77718500,1191700000.0,13.26,7.94,91.36,128.25,16.36,13.38,1.18
中孚实业,sh600595,6.6,6.77,6.8,226873500.0,6.59,303600,6.6,137900,-2.51,7.14,6.58,226873500,1551220000.0,5.66,8.27,264.52,264.52,7.45,6.09,1.72
惠威科技,sz002888,17.8,17.72,17.72,1589500.0,17.8,1400,17.82,400,0.45,18.02,17.39,1589500,28290000.0,2.12,3.56,13.34,26.28,19.49,15.95,0.47
惠丰钻石,bj920725,73.79,76.07,75.98,3194000.0,73.79,600,73.8,10000,-3.0,76.5,72.06,3194000,236020099.99999997,7.23,5.84,32.6,67.35,98.89,53.25,0.56
曙光数创,bj920808,60.9,60.87,61.5,1300800.0,60.88,1800,60.9,1500,0.05,61.98,60.1,1300800,79531500.0,0.67,3.09,118.61,121.8,79.13,42.61,0.7
胜宏科技,sz300476,274.53,286.0,280.0,42662900.0,274.53,44100,274.54,300,-4.01,282.77,272.0,42662900,11819120000.0,4.93,3.77,2375.22,2698.04,343.2,228.8,0.66
新筑股份,sz002480,5.68,5.75,5.68,7752000.0,5.67,145500,5.68,600,-1.22,5.74,5.66,7752000,44210000.0,1.01,1.39,43.6,43.69,6.33,5.18,0.65
海南机场,sh600515,2.91,2.93,2.93,62395300.0,2.9,3185800,2.91,984500,-0.68,2.94,2.9,62395300,181950000.0,0.68,1.37,267.02,332.48,3.22,2.64,0.73
龙竹科技,bj920445,6.51,6.65,6.6,1617200.0,6.51,6500,6.52,5000,-2.11,6.65,6.5,1617200,10625200.0,1.5,2.26,7.03,9.64,8.64,4.66,0.42
今创集团,sh603680,10.51,10.65,10.58,4561800.0,10.5,2900,10.51,2000,-1.31,10.63,10.47,4561800,48050000.0,0.58,1.5,82.37,82.37,11.72,9.59,0.53
永杰新材,sh603271,43.19,44.62,44.6,2406000.0,43.19,7800,43.21,800,-3.2,44.7,43.07,2406000,105250000.0,2.54,3.65,40.85,85.57,49.08,40.16,1.16
澄星股份,sh600078,10.85,11.52,11.38,30878700.0,10.85,86000,10.86,75400,-5.82,11.39,10.84,30878700,341520000.0,4.66,4.77,71.89,73.43,12.67,10.37,1.06
吉大正元,sz003029,17.19,17.14,17.1,8021900.0,17.18,33900,17.19,4900,0.29,17.6,16.85,8021900,138250000.0,4.56,4.38,30.27,33.28,18.85,15.43,1.08
铜峰电子,sh600237,8.74,8.84,8.72,34135600.0,8.73,157900,8.74,54600,-1.13,8.96,8.69,34135600,300910000.0,5.47,3.05,54.59,55.1,9.72,7.96,0.75
快意电梯,sz002774,16.18,17.0,16.83,9955500.0,16.17,10400,16.18,500,-4.82,16.95,16.01,9955500,162930000.0,3.53,5.53,45.59,54.48,18.7,15.3,0.89
鼎熔岩,sz301028,12.88,12.92,12.81,3236700.0,12.87,8600,12.88,300,-0.31,13.1,12.66,3236700,41650000.0,1.29,3.41,32.28,49.76,15.5,10.34,0.6
捷佳伟创,sz300724,59.64,59.6,59.38,7503700.0,59.63,1500,59.64,500,0.07,60.44,58.7,7503700,448100000.0,2.61,2.92,171.59,207.72,71.52,47.68,0.84
凯撒旅业,sz000796,3.9,3.94,3.92,23802700.0,3.9,104400,3.91,337100,-1.02,3.95,3.84,23802700,92830000.0,1.79,2.79,51.9,62.55,4.33,3.55,0.88
中欣氟材,sz002915,17.98,18.42,18.03,12282300.0,17.98,12400,17.99,7200,-2.39,18.47,17.82,12282300,221870000.0,4.26,3.53,51.8,60.28,20.26,16.58,0.76
灵鸽科技,bj920284,18.36,18.67,18.5,2334900.0,18.35,7800,18.36,100,-1.66,19.08,18.23,2334900,43288800.0,3.48,4.55,12.31,19.24,24.27,13.07,0.64
南王科技,sz301355,10.12,10.13,10.08,2736700.0,10.11,8800,10.12,4400,-0.1,10.22,9.95,2736700,27550000.0,1.96,2.67,14.14,19.74,12.16,8.1,0.84
当升科技,sz300073,42.0,42.48,42.39,8540200.0,41.99,15500,42.0,46000,-1.13,42.55,41.81,8540200,360230000.0,1.69,1.74,212.51,228.6,50.98,33.98,0.63
博士眼镜,sz300622,15.7,15.87,15.88,7592200.0,15.69,37900,15.7,45300,-1.07,15.98,15.65,7592200,119660000.0,3.48,2.08,34.24,50.08,19.04,12.7,0.52
汇成真空,sz301392,173.7,174.26,173.49,4105600.0,173.66,100,173.71,200,-0.32,177.58,169.0,4105600,713260000.0,10.06,4.92,70.86,173.7,209.11,139.41,0.67
优优绿能,sz301590,76.35,77.05,76.8,648200.0,76.31,100,76.56,200,-0.91,77.19,74.49,648200,49280000.0,2.66,3.5,18.61,44.95,92.46,61.64,0.73
迪哲医药-U,sh688192,58.08,55.85,54.79,1445836200.0,58.08,1100,58.1,13000,3.99,61.49,54.79,1445836200,836890000.0,3.13,12.0,267.87,270.17,67.02,44.68,1.32
东岳硅材,sz300821,16.87,17.02,16.78,43311200.0,16.87,94800,16.88,122700,-0.88,17.18,16.67,43311200,733540000.0,3.61,3.0,202.4,202.44,20.42,13.62,0.56
杰创智能,sz301248,60.94,61.09,60.5,4173900.0,60.93,4000,60.94,17000,-0.25,61.8,58.69,4173900,252100000.0,3.72,5.09,68.45,93.67,73.31,48.87,0.55
科思科技,sh688788,30.53,30.91,30.68,266510000.0,30.51,800,30.53,300,-1.23,31.49,30.12,266510000,81970000.0,1.22,4.43,66.83,66.83,37.09,24.73,0.63
溯联股份,sz301397,27.19,26.61,26.45,4931400.0,27.18,15200,27.19,3200,2.18,27.59,26.32,4931400,133530000.0,5.33,4.77,25.14,54.97,31.93,21.29,0.99
五矿新能,sh688779,7.97,8.01,8.0,1647819300.0,7.97,14800,7.98,183500,-0.5,8.03,7.93,1647819300,131600000.0,0.85,1.25,153.76,153.76,9.61,6.41,0.64
利通科技,bj920225,14.4,14.72,14.72,1960900.0,14.4,21400,14.41,2600,-2.17,14.82,14.31,1960900,28372000.0,2.37,3.46,11.92,18.28,19.13,10.31,0.78
鸿铭股份,sz301105,48.37,47.32,47.32,536400.0,48.37,1100,48.4,100,2.22,48.7,46.56,536400,25500000.0,2.71,4.52,9.58,24.18,56.78,37.86,0.87
亚振家居,sh603389,45.8,44.71,44.3,3545600.0,45.79,100,45.8,300,2.44,49.0,43.81,3545600,163630000.0,1.35,11.61,120.34,120.34,49.18,40.24,1.51
高澜股份,sz300499,28.29,28.35,28.7,15829500.0,28.29,118400,28.3,20000,-0.21,29.0,28.03,15829500,451980000.0,5.83,3.42,76.78,86.35,34.02,22.68,0.77
川金诺,sz300505,19.11,19.55,19.35,13427100.0,19.1,261500,19.11,68300,-2.25,19.62,19.05,13427100,258910000.0,6.18,2.92,41.54,52.53,23.46,15.64,0.73
容百科技,sh688005,27.78,28.08,27.84,957155700.0,27.77,10600,27.78,27900,-1.07,28.34,27.68,957155700,267360000.0,1.34,2.35,198.52,198.52,33.7,22.46,0.7
元力股份,sz300174,19.85,19.6,19.3,27638700.0,19.85,1300,19.86,22200,1.28,20.35,19.22,27638700,551390000.0,7.61,5.77,72.05,72.3,23.52,15.68,1.4
天迈科技,sz300807,38.04,38.2,38.65,792000.0,38.04,900,38.05,3800,-0.42,38.65,37.74,792000,30260000.0,1.52,2.38,19.76,25.88,45.84,30.56,0.56
厦门港务,sz000905,8.62,8.79,8.78,7168400.0,8.62,18100,8.63,23500,-1.93,8.78,8.6,7168400,62030000.0,0.97,2.05,63.94,132.95,9.67,7.91,0.79
鼎通科技,sh688668,243.97,239.0,235.89,471042500.0,243.7,200,243.97,2500,2.08,249.37,232.9,471042500,1141740000.0,3.38,6.89,339.78,339.78,286.8,191.2,0.67
清水源,sz300437,11.18,11.33,11.31,5418100.0,11.18,27300,11.19,1600,-1.32,11.49,11.11,5418100,60900000.0,3.12,3.35,19.43,27.41,13.6,9.06,0.85
ST标准,sh600302,6.68,6.6,6.59,2373100.0,6.67,53100,6.68,28200,1.21,6.74,6.48,2373100,15730000.0,0.69,3.94,23.11,23.11,7.26,5.94,0.47
福鞍股份,sh603315,11.81,11.99,11.88,5775500.0,11.81,30300,11.82,3300,-1.5,11.95,11.65,5775500,68150000.0,1.8,2.5,37.84,37.84,13.19,10.79,0.89
海容冷链,sh603187,12.59,12.77,12.71,5367800.0,12.58,3400,12.59,11700,-1.41,12.84,12.54,5367800,67990000.0,1.4,2.35,48.14,48.65,14.05,11.49,0.58
普利特,sz002324,9.38,9.49,9.46,12524200.0,9.38,32300,9.39,18600,-1.16,9.49,9.29,12524200,117570000.0,1.61,2.11,72.81,104.34,10.44,8.54,0.69
慧翰股份,sz301600,88.85,87.88,87.87,780300.0,88.82,600,88.85,1100,1.1,89.89,87.32,780300,69120000.0,2.42,2.92,28.66,92.87,105.46,70.3,0.76
长海股份,sz300196,17.89,18.11,18.0,13883600.0,17.88,39500,17.89,15800,-1.21,18.3,17.71,13883600,249810000.0,5.62,3.26,44.19,73.14,21.73,14.49,0.62
凯旺科技,sz301182,72.89,68.6,68.37,4600400.0,72.89,35700,72.9,4400,6.25,73.99,66.8,4600400,326580000.0,5.26,10.48,63.69,69.84,82.32,54.88,0.7
骄成超声,sh688392,149.09,152.0,154.42,428495300.0,149.05,400,149.09,1800,-1.91,158.0,143.7,428495300,639160000.0,3.7,9.41,172.55,172.55,182.4,121.6,0.85
飞鹿股份,sz300665,9.65,9.49,9.51,10776500.0,9.65,23400,9.66,23700,1.69,9.81,9.28,10776500,103290000.0,4.94,5.58,21.04,22.15,11.39,7.59,1.01
氯碱化工,sh600618,10.39,10.57,10.58,6815900.0,10.39,45300,10.4,2900,-1.7,10.66,10.38,6815900,71630000.0,0.91,2.65,77.91,120.15,11.63,9.51,1.08
神工股份,sh688233,114.14,119.22,117.0,1194077200.0,114.13,1800,114.14,100,-4.26,119.98,111.67,1194077200,1381270000.0,7.01,6.97,194.39,194.39,143.06,95.38,0.81
强瑞技术,sz301128,111.0,109.29,107.43,5829100.0,110.99,200,111.0,3600,1.56,112.2,106.6,5829100,640300000.0,4.58,5.12,141.4,160.75,131.15,87.43,0.8
巨一科技,sh688162,23.29,23.09,23.09,105572900.0,23.27,1000,23.29,3100,0.87,23.39,22.81,105572900,24350000.0,0.77,2.51,31.93,31.93,27.71,18.47,0.86
联赢激光,sh688518,19.67,19.96,19.99,893754600.0,19.66,56800,19.67,8200,-1.45,20.08,19.67,893754600,177210000.0,2.62,2.05,67.14,67.14,23.95,15.97,0.77
金海高科,sh603311,28.64,29.99,29.78,5095000.0,28.63,300,28.64,9500,-4.5,29.91,28.55,5095000,148390000.0,2.16,4.53,67.56,67.56,32.99,26.99,0.96
惠博普,sz002554,2.92,2.88,2.92,19744200.0,2.91,271500,2.92,159300,1.39,2.94,2.86,19744200,57190000.0,1.48,2.78,38.94,38.94,3.17,2.59,1.27
航天动力,sh600343,19.58,20.7,19.58,36636700.0,19.57,32000,19.58,170900,-5.41,19.99,19.36,36636700,721650000.0,5.74,3.04,124.96,124.96,22.77,18.63,1.23
国晟科技,sh603778,10.83,10.92,10.72,30729100.0,10.83,25200,10.84,11200,-0.82,10.95,10.7,30729100,333370000.0,4.78,2.29,69.62,71.48,12.01,9.83,0.42
安 纳 达,sz002136,12.44,12.5,12.42,4357100.0,12.44,13200,12.45,19700,-0.48,12.7,12.25,4357100,54380000.0,2.03,3.6,26.68,26.75,13.75,11.25,0.71
康鹏科技,sh688602,6.7,6.74,6.71,507443400.0,6.7,6700,6.71,20000,-0.59,6.79,6.64,507443400,34130000.0,0.98,2.23,34.8,34.8,8.09,5.39,0.99
派能科技,sh688063,45.25,44.93,44.78,504833200.0,45.25,3800,45.26,2000,0.71,46.0,44.42,504833200,228560000.0,2.06,3.52,111.03,111.03,53.92,35.94,0.89
福瑞医科,sz300049,44.88,42.47,42.19,14574300.0,44.88,65600,44.89,4400,5.67,46.13,42.09,14574300,647060000.0,6.24,9.51,104.84,118.48,50.96,33.98,1.39
欧陆通,sz300870,205.5,209.7,204.8,7214500.0,205.5,2500,205.57,100,-2.0,214.63,203.21,7214500,1502840000.0,4.73,5.45,313.65,313.68,251.64,167.76,0.82
硕贝德,sz300322,18.26,18.44,18.16,18827400.0,18.25,35000,18.26,3900,-0.98,18.63,18.04,18827400,344880000.0,4.27,3.2,80.42,84.0,22.13,14.75,0.56
纳科诺尔,bj920522,22.22,22.64,22.65,4144200.0,22.22,60600,22.24,2100,-1.86,22.77,22.15,4144200,92865700.0,2.28,2.74,40.45,48.76,29.43,15.85,0.62
星源材质,sz300568,13.87,14.13,14.01,62449400.0,13.87,39400,13.88,50200,-1.84,14.15,13.64,62449400,868960000.0,5.17,3.61,167.63,207.39,16.96,11.3,0.98
飞荣达,sz300602,36.63,36.2,36.05,16377000.0,36.62,6400,36.63,900,1.19,37.56,35.74,16377000,604950000.0,4.08,5.03,146.95,214.81,43.44,28.96,0.84
瑞尔特,sz002790,5.83,5.9,5.9,4032600.0,5.81,100,5.83,17700,-1.19,5.93,5.79,4032600,23510000.0,1.55,2.37,15.2,24.36,6.49,5.31,0.89
招金黄金,sz000506,18.89,19.94,21.0,169895600.0,18.88,74300,18.89,28000,-5.27,21.0,18.58,169895600,3370530000.0,18.29,12.14,175.43,175.49,21.93,17.95,1.64
德邦科技,sh688035,61.2,63.58,63.15,552136700.0,61.19,200,61.2,2400,-3.74,63.5,59.99,552136700,340550000.0,3.88,5.52,87.05,87.05,76.3,50.86,1.01
融捷股份,sz002192,69.05,70.24,70.02,14385300.0,69.04,4800,69.05,144700,-1.69,70.95,69.0,14385300,1004090000.0,5.55,2.78,178.92,179.29,77.26,63.22,0.85
永杉锂业,sh603399,15.72,16.52,16.0,83514700.0,15.72,27500,15.73,24000,-4.84,16.59,15.7,83514700,1336400000.0,16.3,5.39,80.53,80.53,18.17,14.87,1.22
安妮股份,sz002235,9.55,8.68,8.72,39258600.0,9.55,10161300,0.0,0,10.02,9.55,8.63,39258600,358510000.0,7.09,10.6,52.87,55.35,9.55,7.81,1.42
海欣食品,sz002702,4.96,4.93,4.96,41503200.0,4.95,265000,4.96,127800,0.61,5.04,4.87,41503200,205710000.0,9.05,3.45,22.75,27.57,5.42,4.44,0.71
深桑达Ａ,sz000032,14.71,14.5,14.51,42563200.0,14.7,51500,14.71,27600,1.45,14.89,14.18,42563200,623020000.0,3.5,4.9,178.75,178.75,15.95,13.05,0.92
近岸蛋白,sh688137,56.5,54.9,54.26,790310900.0,56.5,700,56.52,200,2.91,62.3,52.0,790310900,442960000.0,11.3,18.76,39.5,39.5,65.88,43.92,2.19
日联科技,sh688531,131.92,132.27,132.25,377190400.0,131.92,3900,131.95,700,-0.26,133.8,127.68,377190400,494370000.0,3.29,4.63,151.42,218.45,158.72,105.82,0.65
京粮控股,sz000505,5.72,5.84,5.84,9714800.0,5.71,106000,5.72,21100,-2.05,5.86,5.72,9714800,56060000.0,1.54,2.4,36.17,41.58,6.42,5.26,0.54
双星新材,sz002585,10.52,9.56,9.41,60367700.0,10.52,12958600,0.0,0,10.04,10.52,9.41,60367700,622980000.0,6.81,11.61,93.29,120.07,10.52,8.6,0.5
XD上海九,sh600838,7.43,7.42,7.43,6390500.0,7.43,29900,7.44,2500,0.13,7.52,7.35,6390500,47510000.0,1.59,2.29,29.79,29.79,8.16,6.68,1.03
中银证券,sh601696,11.9,11.96,11.93,23823300.0,11.9,99700,11.91,18100,-0.5,12.02,11.85,23823300,284380000.0,0.86,1.42,330.58,330.58,13.16,10.76,0.71
双杰电气,sz300444,11.29,11.42,11.24,79895500.0,11.09,400,11.29,39000,-1.14,11.39,10.99,79895500,892110000.0,12.73,3.5,70.84,90.84,13.7,9.14,1.0
光大同创,sz301387,55.3,56.88,56.74,2026200.0,55.3,3500,55.31,1100,-2.78,56.75,54.1,2026200,112200000.0,4.75,4.66,23.6,59.35,68.26,45.5,0.72
国轩高科,sz002074,27.71,28.14,28.15,22139500.0,27.71,107800,27.72,20100,-1.53,28.18,27.69,22139500,617280000.0,1.27,1.74,481.25,502.86,30.95,25.33,0.81
东方电气,sh600875,26.79,27.19,27.07,33894500.0,26.79,174100,26.8,37200,-1.47,27.26,26.71,33894500,914250000.0,1.5,2.02,606.36,926.49,29.91,24.47,0.49
灿勤科技,sh688182,26.06,26.2,25.67,532284200.0,26.06,23500,26.1,2700,-0.53,26.6,25.63,532284200,139000000.0,1.33,3.7,104.24,104.24,31.44,20.96,0.71
海思科,sz002653,69.83,70.28,70.28,8219100.0,69.82,4800,69.83,9300,-0.64,72.14,68.78,8219100,577790000.0,1.53,4.78,374.84,782.04,77.31,63.25,0.8
诺德股份,sh600110,10.22,10.41,10.15,123964700.0,10.22,644600,10.23,342100,-1.83,10.46,10.1,123964700,1273660000.0,7.14,3.46,177.34,177.34,11.45,9.37,0.77
中伟新材,sz300919,41.25,41.8,41.5,8512800.0,41.25,7900,41.26,5800,-1.32,41.75,41.18,8512800,353020000.0,0.93,1.36,377.32,430.84,50.16,33.44,0.67
东方钽业,sz000962,54.79,57.45,56.0,42097600.0,54.79,160600,54.8,7600,-4.63,57.59,54.05,42097600,2335620000.0,8.37,6.16,275.69,289.0,63.2,51.71,1.08
株冶集团,sh600961,28.58,30.17,29.9,80154700.0,28.58,110400,28.59,8300,-5.27,30.17,28.5,80154700,2351000000.0,10.66,5.54,214.87,306.63,33.19,27.15,1.0
泰和科技,sz300801,23.98,23.94,23.88,6871300.0,23.98,1700,23.99,19100,0.17,24.11,23.61,6871300,164300000.0,5.02,2.09,32.82,52.38,28.73,19.15,0.74
联瑞新材,sh688300,143.46,148.3,145.63,1129727100.0,143.46,6800,143.47,3700,-3.26,148.68,141.66,1129727100,1635610000.0,4.68,4.73,346.41,346.41,177.96,118.64,0.76
先锋精科,sh688605,77.22,78.46,77.24,427099700.0,77.22,22800,77.25,700,-1.58,80.4,76.3,427099700,333510000.0,3.94,5.23,83.67,156.28,94.15,62.77,0.6
漳州发展,sz000753,4.8,4.85,4.85,10985300.0,4.8,74000,4.81,18600,-1.03,4.85,4.76,10985300,52850000.0,1.11,1.86,47.59,47.59,5.34,4.37,0.65
宏工科技,sz301662,71.19,71.0,70.44,2878300.0,71.18,22800,71.19,700,0.27,72.9,70.14,2878300,205760000.0,6.45,3.89,31.75,82.58,85.2,56.8,1.11
华峰测控,sh688200,416.3,422.1,425.0,411845400.0,416.2,200,416.3,100,-1.37,425.0,399.01,411845400,1695510000.0,2.05,6.16,835.92,835.92,506.52,337.68,0.7
金鹰股份,sh600232,6.46,6.5,6.45,7882100.0,6.45,900,6.46,9200,-0.62,6.52,6.33,7882100,50660000.0,2.16,2.92,23.56,23.56,7.15,5.85,1.3
凯盛新材,sz301069,17.05,17.26,17.21,5013500.0,17.04,25700,17.05,11100,-1.22,17.26,16.96,5013500,85600000.0,1.17,1.74,72.77,77.27,20.71,13.81,0.74
飞龙股份,sz002536,39.72,39.52,39.49,47549700.0,39.71,5200,39.72,10800,0.51,41.26,38.99,47549700,1915870000.0,8.73,5.74,216.24,228.3,43.47,35.57,1.07
华新建材,sh600801,24.38,24.02,23.81,14749000.0,24.37,6400,24.38,8800,1.5,24.55,23.63,14749000,356330000.0,1.1,3.83,327.11,506.86,26.42,21.62,0.85
双鹭药业,sz002038,5.96,5.98,5.92,34345100.0,5.95,165000,5.96,60100,-0.33,6.08,5.89,34345100,206000000.0,4.03,3.18,50.77,61.23,6.58,5.38,0.96
奥锐特,sh605116,20.53,20.45,20.36,2794600.0,20.5,4600,20.53,5200,0.39,20.62,20.13,2794600,57150000.0,0.69,2.4,83.39,83.39,22.5,18.41,0.76
劲嘉股份,sz002191,3.73,3.78,3.77,9112900.0,3.73,183200,3.74,315900,-1.32,3.78,3.73,9112900,34100000.0,0.65,1.32,52.32,52.74,4.16,3.4,0.8
至纯科技,sh603690,24.82,25.08,24.73,34759400.0,24.82,14600,24.83,28800,-1.04,25.5,24.5,34759400,867020000.0,9.08,3.99,95.05,95.05,27.59,22.57,0.69
晶盛机电,sz300316,42.47,41.66,41.4,18267900.0,42.46,3200,42.47,1500,1.94,43.19,41.2,18267900,774430000.0,1.48,4.78,523.04,556.16,49.99,33.33,1.26
欣旺达,sz300207,18.64,18.79,18.65,36466000.0,18.64,54300,18.65,55700,-0.8,18.84,18.48,36466000,680550000.0,2.13,1.92,319.48,344.37,22.55,15.03,0.65
泰坦股份,sz003036,53.5,55.4,54.02,13441700.0,53.5,38400,53.51,800,-3.43,54.88,52.4,13441700,719800000.0,6.21,4.48,115.88,115.88,60.94,49.86,1.16
图南股份,sz300855,30.99,31.32,31.07,3419100.0,30.99,12900,31.0,11000,-1.05,31.31,30.7,3419100,106040000.0,1.17,1.95,90.79,122.58,37.58,25.06,0.54
硕世生物,sh688399,29.19,29.76,29.76,206306200.0,29.19,8500,29.27,7700,-1.92,29.76,28.86,206306200,60370000.0,1.66,3.02,36.23,36.23,35.71,23.81,0.98
永兴材料,sz002756,48.31,49.21,48.86,9108200.0,48.31,6500,48.33,600,-1.83,49.28,48.23,9108200,443670000.0,2.35,2.13,187.0,260.44,54.13,44.29,0.76
纳芯微,sh688052,219.0,206.33,205.5,348400700.0,218.51,200,219.0,10700,6.14,221.31,204.2,348400700,749820000.0,2.43,8.29,314.07,358.08,247.6,165.06,1.19
翔港科技,sh603499,12.58,12.84,12.86,3009800.0,12.58,500,12.59,2000,-2.02,12.89,12.54,3009800,38200000.0,0.71,2.73,53.29,53.29,14.12,11.56,0.51
中闽能源,sh600163,5.25,5.32,5.32,17284700.0,5.25,111200,5.26,92300,-1.32,5.34,5.21,17284700,91270000.0,0.91,2.44,99.91,99.91,5.85,4.79,0.87
焦作万方,sz000612,11.54,11.68,11.74,49059300.0,11.53,41600,11.54,41000,-1.2,12.05,11.5,49059300,578390000.0,4.12,4.71,137.58,137.58,12.85,10.51,1.33
中科电气,sz300035,13.81,13.95,13.9,7501800.0,13.81,22200,13.82,13000,-1.0,13.97,13.75,7501800,103850000.0,1.29,1.58,80.56,94.66,16.74,11.16,0.52
温州宏丰,sz300283,14.59,14.77,14.52,48574600.0,14.58,216000,14.59,20800,-1.22,14.95,14.25,48574600,709260000.0,12.79,4.74,55.42,72.51,17.72,11.82,0.78
东宝生物,sz300239,5.07,5.1,5.08,6352100.0,5.06,97000,5.07,19800,-0.59,5.13,5.03,6352100,32300000.0,1.08,1.96,29.9,30.1,6.12,4.08,0.81
天承科技,sh688603,108.5,111.39,109.58,541438500.0,108.41,1000,108.5,1000,-2.59,111.8,106.0,541438500,590560000.0,4.34,5.21,135.33,135.33,133.67,89.11,0.7
金杯电工,sz002533,11.45,11.58,11.56,6500300.0,11.45,6600,11.46,35500,-1.12,11.58,11.42,6500300,74780000.0,1.01,1.38,73.98,84.04,12.74,10.42,0.59
力星股份,sz300421,17.8,17.7,17.7,7456500.0,17.8,38700,17.81,9400,0.56,18.12,17.32,7456500,132520000.0,3.24,4.52,40.99,52.34,21.24,14.16,1.2
海南高速,sz000886,4.55,4.6,4.6,9476100.0,4.54,155300,4.55,17200,-1.09,4.61,4.52,9476100,43140000.0,0.97,1.96,44.49,44.99,5.06,4.14,0.68
沪硅产业,sh688126,25.58,25.87,25.62,7029143300.0,25.58,184700,25.59,7600,-1.12,26.37,25.3,7029143300,1813380000.0,2.47,4.14,727.01,845.42,31.04,20.7,0.61
科力远,sh600478,4.99,5.03,5.02,16326200.0,4.99,132300,5.0,202300,-0.8,5.05,4.96,16326200,81710000.0,0.96,1.79,84.53,84.53,5.53,4.53,0.66
同兴科技,sz003027,16.69,16.77,16.7,1566700.0,16.69,4100,16.71,3400,-0.48,16.86,16.45,1566700,26120000.0,1.49,2.44,17.5,21.82,18.45,15.09,0.62
天奈科技,sh688116,33.51,33.69,33.7,396365200.0,33.5,4300,33.51,1400,-0.53,33.93,33.21,396365200,133340000.0,1.08,2.14,122.82,122.82,40.43,26.95,0.61
皇氏集团,sz002329,3.82,3.47,3.7,51729600.0,3.82,13559400,0.0,0,10.09,3.82,3.64,51729600,196010000.0,7.94,5.19,24.89,31.8,3.82,3.12,0.73
赤峰黄金,sh600988,40.3,43.73,44.8,122021100.0,40.3,83200,40.31,27400,-7.84,45.99,39.8,122021100,5167810000.0,7.33,14.16,670.56,765.87,48.1,39.36,1.59
利柏特,sh605167,15.13,14.96,15.7,13473300.0,15.12,10700,15.13,32000,1.14,15.88,14.9,13473300,204150000.0,2.64,6.55,77.15,77.15,16.46,13.46,0.72
同益股份,sz300538,14.92,15.08,15.16,3400100.0,14.89,1000,14.92,600,-1.06,15.16,14.7,3400100,50650000.0,2.81,3.05,18.05,27.14,18.1,12.06,0.56
新澳股份,sh603889,5.74,5.77,5.77,5523300.0,5.73,6600,5.74,4100,-0.52,5.8,5.69,5523300,31650000.0,0.59,1.91,54.08,54.48,6.35,5.19,0.47
通用电梯,sz300931,11.95,11.95,11.95,2994100.0,11.94,14500,11.95,100,0.0,12.09,11.68,2994100,35620000.0,1.53,3.43,23.36,29.06,14.34,9.56,0.71
艾力斯,sh688578,117.97,116.18,114.96,1303716900.0,117.97,3000,117.98,1100,1.54,122.95,114.86,1303716900,1555360000.0,2.9,6.96,530.87,530.87,139.42,92.94,1.33
寒武纪,sh688256,1090.64,1124.0,1100.0,1341604700.0,1090.64,25700,1090.88,500,-2.97,1123.99,1070.0,1341604700,14751220000.0,2.14,4.8,6852.41,6852.41,1348.8,899.2,0.79
山东玻纤,sh605006,14.82,14.79,14.58,31601400.0,14.81,67000,14.82,88400,0.2,15.12,14.54,31601400,468650000.0,4.83,3.92,96.86,96.86,16.27,13.31,0.69
瑞泰新材,sz301238,16.55,16.76,16.65,6613800.0,16.55,20400,16.56,100,-1.25,16.76,16.55,6613800,110060000.0,0.9,1.25,121.37,121.37,20.11,13.41,0.68
光库科技,sz300620,281.0,284.5,275.4,9407400.0,281.0,21500,281.01,400,-1.23,288.71,275.4,9407400,2663620000.0,3.81,4.68,694.36,700.2,341.4,227.6,0.5
巨人网络,sz002558,28.7,29.79,29.5,77055500.0,28.7,80400,28.71,108400,-3.66,30.1,28.66,77055500,2261980000.0,4.05,4.83,545.46,545.46,32.77,26.81,0.76
洛凯股份,sh603829,14.95,15.06,15.12,2815100.0,14.93,9800,14.95,6600,-0.73,15.12,14.64,2815100,41780000.0,1.51,3.19,27.85,27.85,16.57,13.55,0.81
杭可科技,sh688006,22.31,22.56,22.57,691067200.0,22.3,136400,22.31,9500,-1.11,22.6,22.18,691067200,154680000.0,1.14,1.86,134.68,134.68,27.07,18.05,0.62
福建水泥,sh600802,4.54,4.57,4.55,6572300.0,4.53,200,4.54,3800,-0.66,4.59,4.46,6572300,29810000.0,1.43,2.84,20.8,20.8,5.03,4.11,1.0
西部黄金,sh601069,28.72,30.28,30.8,48176400.0,28.72,10400,28.73,17900,-5.15,30.8,28.51,48176400,1434520000.0,5.43,7.56,254.8,261.64,33.31,27.25,1.29
爱司凯,sz300521,24.31,24.21,23.9,3807400.0,24.3,4500,24.31,400,0.41,24.9,23.66,3807400,92660000.0,2.58,5.12,35.94,36.4,29.05,19.37,0.91
赣锋锂业,sz002460,53.42,54.13,54.14,33533400.0,53.42,40100,53.43,12000,-1.31,54.38,53.26,33533400,1804400000.0,2.77,2.07,647.03,1120.05,59.54,48.72,0.77
贵研铂业,sh600459,20.79,21.79,21.4,36501700.0,20.78,63300,20.79,40100,-4.59,21.71,20.74,36501700,772320000.0,4.8,4.45,157.94,171.16,23.97,19.61,0.94
永冠新材,sh603681,18.12,18.13,18.03,4993000.0,18.11,6800,18.12,28200,-0.06,18.43,17.93,4993000,90980000.0,2.1,2.76,43.08,43.08,19.94,16.32,0.69
垒知集团,sz002398,4.1,4.16,4.16,13269600.0,4.09,211800,4.1,3400,-1.44,4.16,4.09,13269600,54630000.0,2.21,1.68,24.59,28.22,4.58,3.74,0.68
精智达,sh688627,444.8,463.0,468.0,465039800.0,444.8,500,445.72,200,-3.93,470.0,432.5,465039800,2101770000.0,4.94,8.1,418.68,418.68,555.6,370.4,0.89
合富中国,sh603122,12.33,12.62,12.17,49149000.0,12.33,19400,12.34,3100,-2.3,13.04,12.17,49149000,612770000.0,12.35,6.89,49.08,49.08,13.88,11.36,1.27
新亚制程,sz002388,5.87,5.74,5.74,89419400.0,5.87,200300,5.88,12100,2.26,6.02,5.56,89419400,520650000.0,17.67,8.01,29.71,29.98,6.31,5.17,1.87
润阳科技,sz300920,32.71,32.5,32.83,1319400.0,32.71,1300,32.72,700,0.65,33.57,32.06,1319400,43410000.0,1.53,4.65,28.24,42.52,39.0,26.0,0.76
赢合科技,sz300457,20.31,20.42,20.38,7317100.0,20.31,6500,20.32,7800,-0.54,20.65,20.2,7317100,149210000.0,1.15,2.2,128.94,131.04,24.5,16.34,0.73
大东方,sh600327,3.91,3.94,4.0,60234800.0,3.91,85500,3.92,119900,-0.76,4.05,3.91,60234800,238670000.0,6.81,3.55,34.59,34.59,4.33,3.55,4.03
丰林集团,sh601996,2.55,2.47,2.47,42371100.0,2.54,257600,2.55,12700,3.24,2.62,2.46,42371100,108130000.0,3.78,6.48,28.58,28.58,2.72,2.22,1.99
广发证券,sz000776,20.89,20.92,20.92,69901000.0,20.89,37200,20.9,97900,-0.14,21.24,20.84,69901000,1469180000.0,1.18,1.91,1233.36,1634.61,23.01,18.83,1.29
昭衍新药,sh603127,51.2,52.8,52.47,64177000.0,51.2,143600,51.21,46500,-3.03,53.47,50.92,64177000,3332890000.0,10.22,4.83,321.39,383.67,58.08,47.52,1.05
美盈森,sz002303,5.32,5.47,5.4,57603700.0,5.31,376100,5.32,137100,-2.74,5.5,5.29,57603700,309800000.0,5.96,3.84,51.44,81.47,6.02,4.92,0.52
*ST东智,sz002175,2.55,2.44,2.44,36270500.0,2.54,579300,2.55,420500,4.51,2.62,2.42,36270500,91670000.0,2.84,8.2,32.56,32.56,2.68,2.2,1.8
金安国纪,sz002636,68.0,66.78,64.8,78504500.0,68.0,129800,68.01,2700,1.83,69.83,62.92,78504500,5262730000.0,10.84,10.35,492.53,495.04,73.46,60.1,1.11
百隆东方,sh601339,7.86,8.0,8.06,15241600.0,7.86,199500,7.87,4500,-1.75,8.06,7.83,15241600,120640000.0,1.02,2.88,117.87,117.87,8.8,7.2,0.99
精研科技,sz300709,38.36,38.13,38.13,6492300.0,38.35,23600,38.36,7900,0.6,38.86,37.89,6492300,248720000.0,4.33,2.54,57.48,71.6,45.76,30.5,0.64
金石资源,sh603505,16.61,16.84,16.73,12117300.0,16.61,2100,16.62,34600,-1.37,16.79,16.57,12117300,202010000.0,1.44,1.31,139.8,139.8,18.52,15.16,0.81
联芸科技,sh688449,63.63,57.85,57.28,1680813100.0,63.62,1200,63.63,21300,9.99,66.0,56.8,1680813100,1049120000.0,5.73,15.9,186.57,292.7,69.42,46.28,1.64
民德电子,sz300656,26.4,27.38,27.24,6087400.0,26.4,8100,26.42,10300,-3.58,27.32,25.96,6087400,161090000.0,4.58,4.97,35.09,45.18,32.86,21.9,0.99
飞科电器,sh603868,30.81,31.17,31.0,706300.0,30.79,23300,30.81,3200,-1.15,31.17,30.64,706300,21810000.0,0.16,1.7,134.21,134.21,34.29,28.05,0.85
海翔药业,sz002099,5.41,5.42,5.41,9730100.0,5.4,92200,5.41,11500,-0.18,5.48,5.38,9730100,52890000.0,0.6,1.85,87.47,87.57,5.96,4.88,0.76
东威科技,sh688700,57.78,59.05,58.96,1517168200.0,57.77,9000,57.78,2300,-2.15,59.1,56.5,1517168200,877820000.0,5.08,4.4,172.42,172.42,70.86,47.24,0.9
磁谷科技,sh688448,54.75,51.78,53.0,407176300.0,54.75,33100,54.76,3000,5.74,55.92,51.15,407176300,219400000.0,4.18,9.21,53.39,53.39,62.14,41.42,1.84
五新智能,bj920174,28.72,29.38,29.07,920000.0,28.72,1600,28.76,5000,-2.25,29.4,28.68,920000,26657500.0,1.65,2.45,16.02,62.3,38.19,20.57,0.62
上海谊众,sh688091,41.3,41.01,40.31,391443400.0,41.29,1000,41.3,19000,0.71,42.56,40.31,391443400,163060000.0,1.89,5.49,85.37,85.37,49.21,32.81,1.15
浙江东日,sh600113,31.81,31.9,31.78,5008000.0,31.81,13800,31.82,13200,-0.28,32.2,30.92,5008000,157840000.0,1.22,4.01,130.88,133.98,35.09,28.71,0.68
百达精工,sh603331,13.41,13.25,13.13,9031500.0,13.41,33400,13.42,78600,1.21,13.62,12.91,9031500,120210000.0,4.47,5.36,27.11,27.11,14.58,11.93,1.35
万辰集团,sz300972,202.25,206.4,205.12,1488000.0,202.15,500,202.25,300,-2.01,209.68,201.28,1488000,305070000.0,0.82,4.07,366.68,399.11,247.68,165.12,0.7
汇金科技,sz300561,17.65,18.06,17.94,22320600.0,17.65,2200,17.66,14200,-2.27,18.15,17.48,22320600,396580000.0,9.26,3.71,42.55,57.91,21.67,14.45,0.72
电广传媒,sz000917,7.18,7.14,7.17,17839300.0,7.18,23900,7.19,69000,0.56,7.27,7.11,17839300,128310000.0,1.26,2.24,101.77,101.78,7.85,6.43,0.62
富创精密,sh688409,206.88,210.0,208.0,844256500.0,206.87,700,206.88,0,-1.49,216.63,204.03,844256500,1776230000.0,2.76,6.0,633.49,633.49,252.0,168.0,0.7
中信金属,sh601061,12.18,12.56,12.57,42665500.0,12.18,3500,12.19,17500,-3.03,13.17,12.13,42665500,537800000.0,0.87,8.28,596.82,596.82,13.82,11.3,1.84
联泓新科,sz003022,20.41,20.59,20.6,7620100.0,20.4,48800,20.41,75600,-0.87,20.7,20.35,7620100,156270000.0,0.57,1.7,272.36,272.59,22.65,18.53,0.71
鼎龙股份,sz300054,76.52,78.65,77.3,27916200.0,76.51,10600,76.52,19400,-2.71,79.0,76.22,27916200,2161360000.0,3.75,3.53,569.53,730.38,94.38,62.92,0.64
电投能源,sz002128,27.61,27.95,28.27,12069000.0,27.61,36500,27.62,98700,-1.22,28.57,27.52,12069000,336770000.0,0.54,3.76,618.9,863.22,30.75,25.16,0.97
山科智能,sz300897,15.82,15.97,15.9,4127300.0,15.81,3100,15.82,2300,-0.94,16.0,15.56,4127300,65270000.0,3.38,2.76,19.34,30.98,19.16,12.78,0.54
力量钻石,sz301071,59.21,60.03,59.62,9960800.0,59.21,4200,59.22,800,-1.37,60.58,58.21,9960800,592010000.0,5.33,3.95,110.75,150.66,72.04,48.02,0.63
惠云钛业,sz300891,7.25,7.44,7.35,7321200.0,7.24,12200,7.25,22300,-2.55,7.49,7.21,7321200,53260000.0,2.2,3.76,24.18,29.0,8.93,5.95,0.99
华图山鼎,sz300492,26.61,26.61,26.51,4634800.0,26.61,3400,26.62,2700,0.0,27.27,26.36,4634800,124260000.0,1.68,3.42,73.26,73.26,31.93,21.29,0.6
蔚蓝锂芯,sz002245,17.74,17.19,17.03,102962100.0,17.73,314900,17.74,30100,3.2,18.28,16.92,102962100,1823460000.0,6.41,7.91,285.01,302.94,18.91,15.47,1.18
宏盛股份,sh603090,39.4,39.89,39.8,1955000.0,39.39,2200,39.4,1200,-1.23,39.98,39.06,1955000,77190000.0,1.96,2.31,39.4,39.4,43.88,35.9,0.66
奔图科技,sz002180,17.91,18.7,18.23,31174300.0,17.91,69800,17.92,17500,-4.22,18.4,17.82,31174300,561170000.0,2.29,3.1,243.63,254.66,20.57,16.83,1.04
开能健康,sz300272,5.84,5.89,5.87,8425500.0,5.84,50400,5.85,34900,-0.85,5.92,5.82,8425500,49400000.0,1.81,1.7,27.13,35.71,7.07,4.71,0.97
方盛股份,bj920662,18.62,19.19,19.05,1277000.0,18.62,3500,18.67,500,-2.97,19.05,18.49,1277000,23851400.0,4.73,2.92,5.03,16.3,24.94,13.44,0.65
上海洗霸,sh603200,37.91,38.42,38.37,3504900.0,37.91,6500,37.92,2500,-1.33,38.51,37.82,3504900,133700000.0,2.0,1.8,66.52,66.52,42.26,34.58,0.48
中创智领,sh601717,15.86,16.03,16.3,21414100.0,15.86,54300,15.87,51400,-1.06,16.47,15.8,21414100,344500000.0,1.39,4.18,244.59,283.16,17.63,14.43,1.17
上海新阳,sz300236,92.01,94.5,93.09,7025400.0,92.0,9000,92.01,12100,-2.63,94.68,91.78,7025400,653230000.0,2.52,3.07,256.29,288.34,113.4,75.6,0.6
海光信息,sh688041,287.01,290.44,285.79,1223566200.0,287.01,3600,287.04,1900,-1.18,292.77,285.51,1223566200,3542930000.0,0.53,2.5,6671.08,6671.08,348.53,232.35,0.61
瑞丰新材,sz300910,29.05,29.38,29.39,3976700.0,29.04,600,29.05,5600,-1.12,29.65,28.96,3976700,116050000.0,1.48,2.35,77.93,111.27,35.26,23.5,1.1
锐捷网络,sz301165,127.7,121.2,123.1,33640800.0,127.7,43200,127.71,100,5.36,132.96,120.12,33640800,4245660000.0,3.02,10.59,1422.11,1422.11,145.44,96.96,1.05
东阳光,sh600673,32.7,33.28,33.0,25296600.0,32.7,165800,32.71,67300,-1.74,33.46,32.45,25296600,833540000.0,0.84,3.03,981.51,984.12,36.61,29.95,0.51
天铁科技,sz300587,5.16,5.07,5.07,45585900.0,5.15,30900,5.16,12300,1.78,5.19,5.0,45585900,232800000.0,4.33,3.75,54.31,66.99,6.08,4.06,0.86
联泰环保,sh603797,5.05,4.59,4.68,31669900.0,5.05,2636700,0.0,0,10.02,5.05,4.66,31669900,157250000.0,5.49,8.5,29.12,29.12,5.05,4.13,2.57
四川黄金,sz001337,47.36,51.38,52.5,32768600.0,47.36,53500,47.37,600,-7.82,52.72,47.2,32768600,1638090000.0,7.8,10.74,198.91,198.91,56.52,46.24,1.3
上海凤凰,sh600679,9.51,9.58,9.62,2278100.0,9.5,26800,9.51,15100,-0.73,9.62,9.48,2278100,21750000.0,0.66,1.46,32.69,47.1,10.54,8.62,0.87
中金黄金,sh600489,24.95,26.62,27.12,148704600.0,24.95,117700,24.96,75400,-6.27,27.19,24.79,148704600,3865180000.0,3.07,9.02,1209.4,1209.4,29.28,23.96,1.32
永新股份,sz002014,10.79,10.91,10.9,3603000.0,10.79,61800,10.8,2700,-1.1,10.94,10.76,3603000,39000000.0,0.6,1.65,65.03,66.09,12.0,9.82,0.87
新洋丰,sz000902,13.34,13.53,13.5,9860400.0,13.34,6500,13.35,35500,-1.4,13.78,13.28,9860400,133330000.0,0.86,3.7,152.45,167.38,14.88,12.18,0.78
家联科技,sz301193,18.05,18.3,18.28,2647900.0,18.04,300,18.05,900,-1.37,18.46,17.93,2647900,48030000.0,1.44,2.9,33.24,43.48,21.96,14.64,0.67
晨光新材,sh605399,10.89,10.99,10.89,2543500.0,10.89,3300,10.9,22700,-0.91,10.99,10.72,2543500,27590000.0,0.82,2.46,33.87,33.91,12.09,9.89,0.6
上能电气,sz300827,26.08,25.71,25.65,18336300.0,26.07,20900,26.08,23700,1.44,26.45,25.34,18336300,476910000.0,4.2,4.32,113.85,145.19,30.85,20.57,1.37
晨丰科技,sh603685,27.38,27.28,27.28,2922000.0,27.37,900,27.38,7800,0.37,28.28,26.59,2922000,80060000.0,1.45,6.2,55.16,69.26,30.01,24.55,1.06
ST合纵,sz300477,2.63,2.69,2.64,18414600.0,2.63,736600,2.64,293700,-2.23,2.66,2.62,18414600,48580000.0,1.86,1.49,26.06,28.19,3.23,2.15,0.64
兴发集团,sh600141,31.53,33.06,32.61,44927200.0,31.53,77100,31.54,5200,-4.63,32.76,31.46,44927200,1433770000.0,3.74,3.93,378.91,378.91,36.37,29.75,0.87
唯科科技,sz301196,82.0,82.67,82.33,5277200.0,82.0,13100,82.01,300,-0.81,84.87,80.9,5277200,436500000.0,4.9,4.8,88.39,134.66,99.2,66.14,0.71
中兴商业,sz000715,4.93,4.96,4.96,5101300.0,4.92,40100,4.93,139700,-0.6,4.97,4.89,5101300,25140000.0,1.05,1.61,23.98,26.64,5.46,4.46,0.79
天岳先进,sh688234,102.08,103.77,102.0,979967400.0,102.08,800,102.1,2200,-1.63,105.2,100.59,979967400,1006680000.0,2.28,4.44,438.65,494.7,124.52,83.02,0.74
中色股份,sz000758,6.13,6.32,6.3,39347400.0,6.13,239400,6.14,25400,-3.01,6.36,6.13,39347400,245290000.0,1.98,3.64,121.54,122.01,6.95,5.69,1.08
振德医疗,sh603301,82.15,84.42,84.08,1658800.0,82.12,3300,82.15,700,-2.69,84.5,82.01,1658800,137310000.0,0.63,2.95,216.77,216.77,92.86,75.98,0.65
鼎阳科技,sh688112,50.11,50.81,50.8,235477900.0,50.1,2000,50.11,400,-1.38,50.9,49.12,235477900,117900000.0,1.48,3.5,79.97,79.97,60.97,40.65,0.99
兆威机电,sz003021,81.04,79.55,79.67,3977800.0,81.04,1100,81.05,1700,1.87,81.82,78.4,3977800,320190000.0,1.92,4.3,168.07,216.84,87.51,71.6,1.26
富瑞特装,sz300228,7.4,7.51,7.51,8476300.0,7.4,60200,7.41,81100,-1.46,7.52,7.39,8476300,63060000.0,1.52,1.73,41.36,44.21,9.01,6.01,0.64
国投中鲁,sh600962,28.81,28.15,27.87,12107000.0,28.8,18200,28.81,28600,2.34,28.99,27.13,12107000,340950000.0,4.62,6.61,75.54,75.54,30.97,25.34,0.69
星云股份,sz300648,39.85,40.13,40.13,1307000.0,39.84,1400,39.85,500,-0.7,40.31,39.3,1307000,52140000.0,0.99,2.52,52.88,69.45,48.16,32.1,0.39
莱尔科技,sh688683,30.59,32.18,31.82,223430900.0,30.59,6700,30.62,1200,-4.94,32.06,30.51,223430900,69610000.0,1.39,4.82,49.28,49.28,38.62,25.74,1.01
ST朗进,sz300594,15.31,15.5,15.36,1361200.0,15.3,2600,15.31,32000,-1.23,15.63,15.25,1361200,20960000.0,1.5,2.45,13.93,14.07,18.6,12.4,0.7
天山铝业,sz002532,13.8,13.94,14.1,133312800.0,13.79,41300,13.8,182800,-1.0,14.75,13.75,133312800,1896360000.0,3.25,7.17,566.75,638.77,15.33,12.55,1.4
张江高科,sh600895,32.56,33.09,32.65,34557200.0,32.56,86300,32.57,58200,-1.6,33.49,32.51,34557200,1141100000.0,2.23,2.96,504.25,504.25,36.4,29.78,0.85
凯美特气,sz002549,14.55,14.76,14.7,22838100.0,14.54,36900,14.55,32900,-1.42,14.72,14.42,22838100,333320000.0,3.3,2.03,100.74,101.17,16.24,13.28,0.6
利和兴,sz301013,46.42,47.04,45.34,49614600.0,46.42,148200,46.43,16000,-1.32,51.0,45.33,49614600,2394750000.0,26.22,12.05,87.85,108.5,56.45,37.63,1.01
弘元绿能,sh603185,17.25,16.9,16.9,13973800.0,17.24,58200,17.25,23400,2.07,17.43,16.71,13973800,239780000.0,2.06,4.26,117.13,117.83,18.59,15.21,0.83
江钨装备,sh600397,17.04,17.89,17.24,126296500.0,17.03,33300,17.04,20300,-4.75,17.7,16.89,126296500,2174070000.0,12.76,4.53,168.69,168.69,19.68,16.1,0.93
精测电子,sz300567,222.5,235.66,231.85,9213500.0,222.5,7300,222.52,600,-5.58,233.8,218.94,9213500,2081520000.0,4.06,6.31,505.19,622.44,282.79,188.53,0.79
泰福泵业,sz300992,24.61,25.53,25.29,2227100.0,24.61,9000,24.64,100,-3.6,25.67,24.02,2227100,54620000.0,2.86,6.46,19.19,23.45,30.64,20.42,1.09
启明星辰,sz002439,14.32,14.32,14.29,33307400.0,14.32,134600,14.33,38000,0.0,14.7,14.22,33307400,482740000.0,4.57,3.35,104.34,173.47,15.75,12.89,0.81
中基健康,sz000972,3.41,3.47,3.46,6988100.0,3.41,4600,3.42,108500,-1.73,3.46,3.4,6988100,23940000.0,0.91,1.73,26.3,26.3,3.82,3.12,0.74
晓程科技,sz300139,49.5,52.49,53.3,69739600.0,49.5,56400,49.51,130000,-5.7,54.99,49.31,69739600,3641790000.0,29.85,10.82,115.66,135.63,62.99,41.99,1.13
华金资本,sz000532,10.84,10.87,10.87,2964600.0,10.84,14800,10.85,6700,-0.28,10.92,10.73,2964600,32120000.0,0.86,1.75,37.24,37.37,11.96,9.78,0.65
德龙激光,sh688170,51.1,52.19,51.93,338214100.0,51.1,1300,51.16,4400,-2.09,52.2,50.18,338214100,173350000.0,3.27,3.87,52.82,52.82,62.63,41.75,0.54
龙佰集团,sz002601,16.01,16.55,16.4,27204100.0,16.01,50000,16.02,1200,-3.26,16.67,16.0,27204100,442180000.0,1.37,4.05,318.22,381.72,18.21,14.9,1.37
*ST美谷,sz000615,3.37,3.37,3.37,7859600.0,3.36,36100,3.37,231400,0.0,3.39,3.27,7859600,26210000.0,0.85,3.56,31.18,60.24,3.71,3.03,0.85
德才股份,sh605287,38.9,39.08,38.74,4967400.0,38.89,2500,38.9,8700,-0.46,39.44,37.8,4967400,192260000.0,3.55,4.2,54.46,54.46,42.99,35.17,0.6
亚太股份,sz002284,9.55,9.54,9.49,11278700.0,9.55,36500,9.56,278600,0.1,9.65,9.45,11278700,107910000.0,1.54,2.1,69.92,70.58,10.49,8.59,0.58
硅宝科技,sz300019,14.83,15.03,15.0,4525000.0,14.83,14500,14.84,1500,-1.33,15.0,14.82,4525000,67410000.0,1.23,1.2,54.66,58.3,18.04,12.02,0.57
重药控股,sz000950,5.59,5.51,5.47,39639700.0,5.58,85500,5.59,133500,1.45,5.64,5.47,39639700,221290000.0,2.31,3.09,95.74,95.74,6.06,4.96,1.02
信立泰,sz002294,35.6,36.04,36.06,31598100.0,35.59,8900,35.6,2400,-1.22,36.64,35.6,31598100,1137370000.0,2.84,2.89,396.79,396.87,39.64,32.44,1.05
华特气体,sh688268,154.7,155.55,154.1,748338900.0,154.68,200,154.7,29900,-0.55,158.68,151.0,748338900,1159200000.0,5.86,4.94,197.52,197.52,186.66,124.44,0.73
长阳科技,sh688299,12.98,13.05,13.07,430572500.0,12.97,3000,12.98,7300,-0.54,13.19,12.82,430572500,56010000.0,1.5,2.84,37.3,37.3,15.66,10.44,0.77
立达信,sh605365,13.84,14.05,14.04,3804600.0,13.83,5800,13.84,200,-1.49,14.07,13.63,3804600,52640000.0,0.76,3.13,69.48,69.48,15.46,12.65,1.1
新迅达,sz300518,24.4,25.08,25.02,10250400.0,24.37,2200,24.4,18300,-2.71,25.59,23.94,10250400,253480000.0,5.14,6.58,48.65,48.66,30.1,20.06,0.77
东方锆业,sz002167,17.77,18.11,17.96,127222800.0,17.76,85500,17.77,34000,-1.88,18.94,17.55,127222800,2291260000.0,16.77,7.68,134.82,137.66,19.92,16.3,1.02
江苏北人,sh688218,43.0,40.66,41.28,473235600.0,43.0,9700,43.01,4700,5.76,43.4,40.08,473235600,199710000.0,4.06,8.17,50.08,50.08,48.79,32.53,1.14
众泰汽车,sz000980,1.76,1.75,1.75,85999800.0,1.76,1214400,1.77,6031600,0.57,1.77,1.71,85999800,150480000.0,1.71,3.43,88.75,88.75,1.93,1.58,0.7
寒锐钴业,sz300618,37.61,39.9,38.84,21196400.0,37.61,5200,37.62,2200,-5.74,39.0,37.35,21196400,803580000.0,7.78,4.14,102.49,116.48,47.88,31.92,1.44
南侨食品,sh605339,13.56,13.45,13.44,1801400.0,13.55,900,13.56,300,0.82,13.68,13.35,1801400,24380000.0,0.42,2.45,57.53,57.53,14.8,12.11,0.74
阳光诺和,sh688621,63.86,64.3,62.58,286704700.0,63.86,100,63.87,2000,-0.68,65.6,62.53,286704700,184020000.0,2.56,4.77,71.52,71.52,77.16,51.44,0.96
仁东控股,sz002647,10.75,10.49,11.0,50824100.0,10.75,30600,10.77,35400,2.48,11.1,10.41,50824100,545940000.0,5.01,6.58,109.14,121.51,11.54,9.44,1.88
思泰克,sz301568,67.45,68.33,67.51,3562400.0,67.44,300,67.48,3500,-1.29,69.96,65.8,3562400,241960000.0,7.48,6.09,32.11,69.65,82.0,54.66,0.76
人民同泰,sh600829,10.74,10.54,10.2,46752400.0,10.74,230900,10.75,51300,1.9,10.95,10.18,46752400,500110000.0,8.06,7.31,62.28,62.28,11.59,9.49,1.21
同星科技,sz301252,31.1,30.61,30.61,2680000.0,31.09,300,31.1,5400,1.6,31.79,29.93,2680000,82990000.0,1.97,6.08,42.2,52.63,36.73,24.49,1.07
西藏矿业,sz000762,23.7,24.32,24.32,18475100.0,23.7,59900,23.71,7600,-2.55,24.39,23.68,18475100,443490000.0,3.55,2.92,123.43,123.43,26.75,21.89,1.16
正和生态,sh605069,11.03,11.13,11.07,4945700.0,11.03,2300,11.04,60000,-0.9,11.22,10.85,4945700,54670000.0,2.34,3.32,23.35,23.35,12.24,10.02,0.65
西藏珠峰,sh600338,13.84,14.36,14.26,48446200.0,13.84,40400,13.85,36100,-3.62,14.4,13.8,48446200,682670000.0,5.3,4.18,126.53,126.53,15.8,12.92,1.03
高盟新材,sz300200,8.91,8.86,8.76,11438700.0,8.9,43900,8.91,125200,0.56,9.0,8.7,11438700,101710000.0,2.7,3.39,37.77,38.4,10.63,7.09,1.23
中原内配,sz002448,12.21,12.29,12.31,17184200.0,12.21,76600,12.22,41900,-0.65,12.45,12.16,17184200,211810000.0,2.96,2.36,70.88,71.84,13.52,11.06,0.8
金太阳,sz300606,36.65,35.54,35.0,11252200.0,36.64,10600,36.65,1400,3.12,37.3,34.5,11252200,405870000.0,9.56,7.88,43.13,50.7,42.65,28.43,0.91
沧州明珠,sz002108,4.38,4.42,4.4,18929600.0,4.38,136100,4.39,428400,-0.9,4.42,4.35,18929600,83040000.0,1.15,1.58,72.18,72.21,4.86,3.98,0.84
洛阳钼业,sh603993,19.13,20.75,20.77,404581900.0,19.12,444800,19.13,14900,-7.81,21.03,19.11,404581900,8036680000.0,2.32,9.25,3340.26,4092.73,22.83,18.68,1.42
泰嘉股份,sz002843,16.37,16.37,16.21,6679800.0,16.37,7800,16.38,300,0.0,16.48,16.05,6679800,108950000.0,2.67,2.63,40.96,41.21,18.01,14.73,0.74
合肥城建,sz002208,11.37,11.4,11.42,34573300.0,11.37,5100,11.38,180700,-0.26,11.47,11.14,34573300,392480000.0,4.31,2.89,91.31,91.33,12.54,10.26,0.64
海马汽车,sz000572,3.93,3.94,3.96,32992600.0,3.93,72400,3.94,370700,-0.25,3.98,3.85,32992600,129360000.0,2.01,3.3,64.54,64.63,4.33,3.55,0.75
长虹能源,bj920239,22.31,22.78,22.94,878700.0,22.31,400,22.34,100,-2.06,22.94,22.23,878700,19664300.0,0.49,3.12,40.13,40.62,29.61,15.95,0.82
华源控股,sz002787,21.36,21.34,21.17,12647300.0,21.36,36600,21.37,1300,0.09,21.69,20.5,12647300,267170000.0,5.1,5.58,52.99,71.0,23.47,19.21,0.7
华人健康,sz301408,16.3,15.86,15.56,38144400.0,16.3,80800,16.31,14300,2.77,17.3,15.55,38144400,629180000.0,16.66,11.03,37.32,65.2,19.03,12.69,1.67
罗 牛 山,sz000735,5.18,5.32,5.31,22918900.0,5.18,911800,5.19,46800,-2.63,5.33,5.18,22918900,120280000.0,1.99,2.82,59.62,59.65,5.85,4.79,0.82
云图控股,sz002539,12.67,12.8,12.8,19751600.0,12.66,186600,12.67,37800,-1.02,13.03,12.61,19751600,252460000.0,2.22,3.28,112.74,153.02,14.08,11.52,0.89
强达电路,sz301628,84.48,82.36,81.99,2267600.0,84.35,100,84.48,7900,2.57,84.73,80.61,2267600,188890000.0,8.13,5.0,23.55,63.68,98.83,65.89,0.98
博杰股份,sz002975,97.72,100.99,99.46,15130500.0,97.72,21800,97.73,2700,-3.24,100.18,95.0,15130500,1482830000.0,11.02,5.13,134.22,203.39,111.09,90.89,1.13
日出东方,sh603366,6.9,6.94,6.94,6335300.0,6.89,116200,6.9,43300,-0.58,6.96,6.85,6335300,43740000.0,0.78,1.59,56.1,56.1,7.63,6.25,0.58
中铝国际,sh601068,4.58,4.66,4.67,9150600.0,4.57,100600,4.58,53200,-1.72,4.67,4.56,9150600,42120000.0,0.36,2.36,117.23,136.8,5.13,4.19,0.92
金凯生科,sz301509,32.04,31.86,31.4,5813100.0,32.04,18800,32.05,42600,0.56,32.87,31.32,5813100,186750000.0,10.24,4.87,18.18,38.59,38.23,25.49,1.16
诚达药业,sz301201,39.94,36.35,35.8,27823100.0,39.94,1200,39.95,500,9.88,43.62,35.41,27823100,1114370000.0,25.63,22.59,43.35,61.79,43.62,29.08,3.03
中旗新材,sz001212,34.71,34.88,34.58,3006000.0,34.71,200,34.75,3700,-0.49,35.39,33.92,3006000,104310000.0,1.73,4.21,60.34,69.75,38.37,31.39,0.64
万向钱潮,sz000559,11.81,11.8,11.7,39109700.0,11.81,92300,11.82,207300,0.08,11.98,11.64,39109700,462930000.0,1.18,2.88,391.42,391.54,12.98,10.62,0.93
长华化学,sz301518,25.0,25.35,25.54,1769900.0,25.0,4500,25.02,500,-1.38,25.54,24.78,1769900,44350000.0,3.01,3.0,14.68,36.37,30.42,20.28,0.9
唯捷创芯,sh688153,26.04,26.05,26.0,334962200.0,26.04,16900,26.05,1000,-0.04,26.49,25.62,334962200,87340000.0,0.8,3.34,108.89,112.05,31.26,20.84,0.79
川恒股份,sz002895,34.29,35.36,35.3,6588400.0,34.28,1800,34.29,1600,-3.03,35.96,34.21,6588400,230890000.0,1.1,4.95,205.59,207.77,38.9,31.82,1.06
长光华芯,sh688048,285.29,284.5,278.0,1339407600.0,285.22,300,285.29,15100,0.28,294.9,263.05,1339407600,3746800000.0,7.6,11.2,502.91,502.91,341.4,227.6,0.79
景津装备,sh603279,12.68,12.89,12.9,5162600.0,12.68,12200,12.69,7200,-1.63,12.9,12.65,5162600,65860000.0,0.9,1.94,73.08,73.08,14.18,11.6,0.82
山金国际,sz000975,25.96,27.14,27.5,88326600.0,25.95,3800,25.96,3600,-4.35,28.13,25.54,88326600,2368190000.0,3.5,9.54,655.03,719.75,29.85,24.43,1.28
史丹利,sz002588,8.74,8.84,8.85,11159600.0,8.73,25100,8.74,9000,-1.13,8.97,8.71,11159600,98400000.0,1.3,2.94,75.04,100.68,9.72,7.96,0.88
英联股份,sz002846,10.87,10.9,10.77,6310700.0,10.87,2300,10.88,114400,-0.28,10.98,10.75,6310700,68600000.0,2.43,2.11,28.28,45.65,11.99,9.81,0.47
润禾材料,sz300727,27.33,27.87,27.63,2903100.0,27.31,3600,27.33,1100,-1.94,28.08,27.18,2903100,79940000.0,1.79,3.23,44.3,49.23,33.44,22.3,0.93
金钼股份,sh601958,23.13,24.67,24.2,72583000.0,23.13,115400,23.14,50300,-6.24,24.21,23.13,72583000,1713160000.0,2.25,4.38,746.31,746.31,27.14,22.2,1.09
朗源股份,sz300175,6.17,5.78,5.78,28288800.0,6.16,3500,6.17,53900,6.75,6.58,5.75,28288800,174680000.0,6.01,14.36,29.05,29.05,6.94,4.62,3.44
长川科技,sz300604,281.04,288.08,283.05,16920300.0,281.03,3200,281.04,3500,-2.44,289.66,278.88,16920300,4811630000.0,3.46,3.74,1375.63,1814.34,345.7,230.46,0.64
运达科技,sz300440,18.9,19.38,19.45,11123500.0,18.88,47900,18.9,20800,-2.48,19.48,18.61,11123500,211350000.0,2.53,4.49,83.2,83.52,23.26,15.5,0.97
仕佳光子,sh688313,130.5,134.01,128.79,2458595000.0,130.5,8700,130.52,800,-2.62,133.36,125.57,2458595000,3194480000.0,5.44,5.81,589.84,589.84,160.81,107.21,0.68
良信股份,sz002706,8.98,9.03,8.98,24795100.0,8.97,91100,8.98,52400,-0.55,9.08,8.83,24795100,222610000.0,2.71,2.77,82.11,100.86,9.93,8.13,0.8
宁德时代,sz300750,390.4,393.87,395.0,16299200.0,390.4,7000,390.43,200,-0.88,395.28,389.52,16299200,6397140000.0,0.38,1.46,16631.36,18062.46,472.64,315.1,0.54
张家界,sz000430,6.59,6.56,6.56,7232300.0,6.59,93000,6.6,35000,0.46,6.61,6.47,7232300,47490000.0,1.95,2.13,24.42,53.35,7.22,5.9,1.09
晶晨股份,sh688099,99.0,97.41,96.99,1822427000.0,98.99,1100,99.0,2800,1.63,102.27,96.01,1822427000,1805660000.0,4.31,6.43,419.09,419.09,116.89,77.93,1.12
湖南黄金,sz002155,25.7,27.08,27.3,101025500.0,25.69,19900,25.7,7600,-5.1,27.55,25.58,101025500,2696990000.0,6.47,7.27,401.57,401.6,29.79,24.37,1.38
*ST卓然,sh688121,2.16,2.14,2.16,871305500.0,2.16,75800,2.17,62600,0.93,2.22,2.15,871305500,19010000.0,4.3,3.27,4.38,5.05,2.57,1.71,0.68
赣能股份,sz000899,10.91,11.04,10.98,13585600.0,10.9,126200,10.91,28900,-1.18,11.08,10.86,13585600,148840000.0,1.39,1.99,106.45,106.45,12.14,9.94,0.84
中船特气,sh688146,311.11,325.3,318.0,1976831600.0,311.11,6100,311.12,58700,-4.36,334.0,311.11,1976831600,6381270000.0,13.64,7.04,451.02,1647.05,390.36,260.24,0.79
利安隆,sz300596,41.55,43.1,43.18,4055300.0,41.55,300,41.58,200,-3.6,43.28,41.4,4055300,171200000.0,1.77,4.36,95.41,95.41,51.72,34.48,1.07
新华保险,sh601336,58.36,60.06,59.86,24455800.0,58.36,67700,58.37,48800,-2.83,60.06,58.31,24455800,1445040000.0,1.17,2.91,1217.06,1820.57,66.07,54.05,1.3
汇隆新材,sz301057,21.84,22.04,21.94,1743600.0,21.79,500,21.84,5400,-0.91,22.05,21.4,1743600,37950000.0,2.15,2.95,17.69,25.55,26.45,17.63,0.67
科安达,sz002972,13.51,13.74,13.7,7130700.0,13.51,3200,13.52,800,-1.67,14.0,13.36,7130700,97600000.0,5.3,4.66,18.19,33.24,15.11,12.37,0.85
盟固利,sz301487,16.42,16.65,16.57,9349900.0,16.42,29700,16.43,4400,-1.38,16.57,16.25,9349900,153550000.0,3.43,1.92,44.79,75.47,19.98,13.32,0.81
乐鑫科技,sh688018,114.47,111.0,110.0,575502000.0,114.45,1000,114.47,1800,3.13,117.77,109.48,575502000,655400000.0,2.46,7.47,268.3,268.3,133.2,88.8,0.93
华通线缆,sh605196,35.75,34.3,34.4,26780500.0,35.74,100,35.75,3300,4.23,37.27,34.4,26780500,961980000.0,5.28,8.37,181.38,182.67,37.73,30.87,1.51
朗威股份,sz301202,34.25,33.81,35.33,4596100.0,34.25,4700,34.26,500,1.3,36.84,33.64,4596100,160310000.0,5.77,9.46,27.27,46.72,40.57,27.05,3.09
翔丰华,sz300890,26.7,27.05,26.98,3448800.0,26.69,600,26.7,10500,-1.29,27.06,26.52,3448800,92340000.0,3.16,2.0,29.18,31.93,32.46,21.64,0.78
鹏欣资源,sh600490,7.39,7.9,7.9,152399100.0,7.39,104700,7.4,299600,-6.46,8.07,7.37,152399100,1172580000.0,7.65,8.86,147.25,163.53,8.69,7.11,2.58
威星智能,sz002849,16.87,16.5,16.65,5277100.0,16.86,2200,16.87,600,2.24,17.11,16.3,5277100,88280000.0,2.41,4.91,36.92,37.22,18.15,14.85,0.58
ST美晨,sz300237,2.04,2.05,2.07,15855300.0,2.04,264200,2.05,767200,-0.49,2.09,2.03,15855300,32560000.0,1.1,2.93,29.41,29.42,2.46,1.64,1.04
众生药业,sz002317,28.43,27.78,27.65,54173300.0,28.42,29000,28.43,75400,2.34,29.78,27.21,54173300,1556040000.0,7.11,9.25,216.53,241.64,30.56,25.0,1.37
金瑞矿业,sh600714,15.12,15.28,15.2,12794100.0,15.12,6400,15.13,9200,-1.05,15.43,14.92,12794100,193620000.0,4.44,3.34,43.57,43.57,16.81,13.75,0.52
华友钴业,sh603799,43.62,46.07,45.2,112389700.0,43.62,299600,43.63,122200,-5.32,45.2,43.6,112389700,4979200000.0,5.95,3.47,823.37,825.96,50.68,41.46,1.05
湖北宜化,sz000422,13.39,13.66,13.64,36911900.0,13.39,187600,13.4,49600,-1.98,13.66,13.32,36911900,497690000.0,3.46,2.49,142.91,145.63,15.03,12.29,1.35
豫光金铅,sh600531,13.62,13.9,13.95,111083900.0,13.62,99900,13.63,66300,-2.01,14.7,13.59,111083900,1569300000.0,9.19,7.99,164.7,164.7,15.29,12.51,1.58
中仑新材,sz301565,19.78,19.75,19.61,3468200.0,19.78,14500,19.79,1500,0.15,19.9,19.5,3468200,68380000.0,2.71,2.03,25.32,79.12,23.7,15.8,0.44
华阳新材,sh600281,4.47,4.53,4.48,8795000.0,4.47,14100,4.48,31600,-1.32,4.54,4.43,8795000,39350000.0,1.71,2.43,22.99,22.99,4.98,4.08,0.71
天汽模,sz002510,5.66,5.71,5.72,12267800.0,5.65,256400,5.66,120100,-0.88,5.72,5.59,12267800,69290000.0,1.22,2.28,56.87,57.46,6.28,5.14,0.66
中国铝业,sh601600,9.82,10.05,10.15,328416000.0,9.81,121000,9.82,770300,-2.29,10.4,9.77,328416000,3310440000.0,2.49,6.27,1296.57,1684.62,11.06,9.05,1.45
岳阳林纸,sh600963,3.36,3.36,3.37,29924400.0,3.36,55400,3.37,243800,0.0,3.43,3.31,29924400,100710000.0,1.7,3.57,59.05,59.05,3.7,3.02,1.0
新益昌,sh688383,118.3,120.66,119.89,210636300.0,118.3,1700,118.32,500,-1.96,121.66,115.02,210636300,249650000.0,2.07,5.5,120.25,120.25,144.79,96.53,0.73
新凤鸣,sh603225,19.11,19.93,19.9,15074300.0,19.11,23800,19.13,600,-4.11,20.13,19.09,15074300,294440000.0,0.9,5.22,318.86,320.57,21.92,17.94,0.98
华宝新能,sz301327,45.28,45.76,45.63,1182600.0,45.28,3800,45.29,1900,-1.05,45.76,44.95,1182600,53550000.0,0.68,1.77,78.96,78.96,54.91,36.61,1.04
凌霄泵业,sz002884,16.13,16.3,16.25,2551600.0,16.13,5200,16.14,2100,-1.04,16.41,16.12,2551600,41390000.0,0.93,1.78,44.05,57.69,17.93,14.67,1.23
欣龙控股,sz000955,4.33,4.38,4.37,9871200.0,4.32,55900,4.33,257300,-1.14,4.38,4.23,9871200,42470000.0,1.83,3.42,23.31,23.31,4.82,3.94,0.91
司太立,sh603520,9.0,9.08,9.01,6974200.0,9.0,35300,9.01,57400,-0.88,9.13,8.98,6974200,63150000.0,1.59,1.65,39.46,39.46,9.99,8.17,0.84
恺英网络,sz002517,17.96,18.31,18.31,69991900.0,17.96,79800,17.97,45100,-1.91,18.53,17.91,69991900,1274760000.0,3.71,3.39,339.28,383.71,20.14,16.48,0.68
中国平安,sh601318,52.55,53.32,53.3,64689500.0,52.55,33100,52.56,5100,-1.44,53.44,52.5,64689500,3413190000.0,0.61,1.76,5601.86,9515.57,58.65,47.99,0.95
翔宇医疗,sh688626,45.18,45.82,45.54,185386800.0,45.18,7800,45.2,1100,-1.4,45.98,44.81,185386800,84130000.0,1.16,2.55,72.29,72.29,54.98,36.66,0.66
保丽洁,bj920802,10.67,10.72,10.83,340500.0,10.65,3500,10.67,200,-0.47,10.86,10.53,340500,3632400.0,0.94,3.08,3.86,8.75,13.93,7.51,0.59
晨化股份,sz300610,10.08,10.07,10.01,3052500.0,10.08,9600,10.09,11900,0.1,10.15,9.9,3052500,30680000.0,1.84,2.48,16.69,21.38,12.08,8.06,0.88
逸豪新材,sz301176,47.49,47.74,46.71,9774700.0,47.49,13900,47.5,200,-0.52,48.88,46.71,9774700,466250000.0,5.96,4.55,77.91,80.29,57.29,38.19,0.71
行云科技,sz300209,34.92,38.39,38.15,163985100.0,34.91,22800,34.92,553900,-9.04,38.68,34.88,163985100,5982090000.0,22.07,9.9,259.42,324.28,46.07,30.71,0.84
迪威尔,sh688377,20.55,20.48,20.58,292509100.0,20.55,33600,20.59,1600,0.34,20.7,19.96,292509100,59410000.0,1.25,3.61,48.0,48.0,24.58,16.38,1.12
乐惠国际,sh603076,20.96,20.74,20.9,1617300.0,20.95,7500,20.96,2500,1.06,21.0,20.53,1617300,33690000.0,1.34,2.27,25.3,25.3,22.81,18.67,0.94
骏鼎达,sz301538,39.75,39.67,39.5,1640800.0,39.72,900,39.77,1600,0.2,40.58,39.1,1640800,65240000.0,3.75,3.73,17.37,43.63,47.6,31.74,0.76
富临精工,sz300432,16.33,16.22,16.18,32578800.0,16.33,10600,16.34,17200,0.68,16.5,16.02,32578800,532120000.0,1.93,2.96,276.09,279.2,19.46,12.98,0.84
闽发铝业,sz002578,3.35,3.46,3.44,26553000.0,3.35,58500,3.36,156000,-3.18,3.47,3.35,26553000,90400000.0,3.08,3.47,28.85,31.44,3.81,3.11,0.76
美能能源,sz001299,10.0,10.07,9.99,3934100.0,9.99,12200,10.0,19700,-0.7,10.11,9.86,3934100,39330000.0,1.39,2.48,28.29,31.42,11.08,9.06,1.46
越秀资本,sz000987,7.71,7.83,7.8,21766000.0,7.71,823300,7.72,193600,-1.53,7.82,7.7,21766000,168810000.0,0.43,1.53,386.53,386.82,8.61,7.05,0.79
华电国际,sh600027,4.66,4.67,4.67,56612500.0,4.65,4279900,4.66,139600,-0.21,4.71,4.65,56612500,264650000.0,0.61,1.28,429.45,541.11,5.14,4.2,0.85
达 意 隆,sz002209,11.33,11.34,11.25,2442300.0,11.32,5800,11.33,1800,-0.09,11.42,11.1,2442300,27510000.0,1.55,2.82,17.88,23.17,12.47,10.21,0.63
雪迪龙,sz002658,7.34,7.41,7.4,3344400.0,7.34,8000,7.35,46500,-0.94,7.4,7.3,3344400,24580000.0,0.93,1.35,26.32,46.66,8.15,6.67,0.68
洪田股份,sh603800,63.06,62.85,62.76,5520500.0,63.06,2300,63.08,500,0.33,64.67,62.3,5520500,350860000.0,2.65,3.77,131.16,131.16,69.14,56.57,0.64
悦安新材,sh688786,27.77,27.5,27.25,584124300.0,27.76,1700,27.77,17400,0.98,28.6,27.14,584124300,163090000.0,3.39,5.31,47.92,47.92,33.0,22.0,1.0
振华新材,sh688707,10.73,10.86,10.88,454295400.0,10.72,5000,10.73,8700,-1.2,10.88,10.62,454295400,48720000.0,0.89,2.39,54.59,54.59,13.03,8.69,0.73
索通发展,sh603612,16.96,17.32,17.25,8301300.0,16.96,34100,16.97,21700,-2.08,17.34,16.93,8301300,142040000.0,1.67,2.37,84.48,84.48,19.05,15.59,0.71
三维股份,sh603033,7.94,7.99,7.99,4992700.0,7.94,1100,7.95,28200,-0.63,8.03,7.85,4992700,39620000.0,0.49,2.25,80.39,81.87,8.79,7.19,0.77
恒星科技,sz002132,4.15,4.23,4.2,34880400.0,4.15,10900,4.16,269400,-1.89,4.22,4.14,34880400,145680000.0,2.49,1.89,58.07,58.16,4.65,3.81,0.63
普路通,sz002769,6.97,7.02,7.03,5403600.0,6.97,300,6.98,81100,-0.71,7.05,6.91,5403600,37660000.0,1.45,1.99,26.0,26.02,7.72,6.32,0.87
神州数码,sz000034,24.35,24.4,24.4,33958100.0,24.34,123100,24.35,500,-0.2,24.9,23.89,33958100,829500000.0,4.0,4.14,206.77,247.58,26.84,21.96,0.74
鸿利智汇,sz300219,7.0,6.93,6.89,17964400.0,7.0,41300,7.01,50000,1.01,7.1,6.81,17964400,125060000.0,2.54,4.18,49.46,49.56,8.32,5.54,1.1
聚杰微纤,sz300819,46.41,46.78,46.48,3339200.0,46.41,800,46.42,7300,-0.79,47.13,45.3,3339200,154580000.0,2.48,3.91,62.54,69.25,56.14,37.42,0.7
新美星,sz300509,8.62,8.63,8.62,3913300.0,8.61,4000,8.62,18200,-0.12,8.7,8.44,3913300,33520000.0,1.58,3.01,21.3,25.55,10.36,6.9,0.75
大唐发电,sh601991,6.27,6.34,6.26,323089000.0,6.27,1738900,6.28,967100,-1.1,6.48,6.2,323089000,2047600000.0,2.61,4.42,777.23,1160.37,6.97,5.71,0.75
兴业股份,sh603928,12.92,13.01,12.9,24075000.0,12.92,51000,12.93,43600,-0.69,13.11,12.76,24075000,311090000.0,7.07,2.69,44.02,44.02,14.31,11.71,0.65
德明利,sz001309,400.99,400.8,397.5,18055500.0,400.99,2400,401.0,1500,0.05,414.0,395.02,18055500,7311670000.0,10.94,4.74,661.75,909.62,440.88,360.72,0.76
海辰药业,sz300584,34.82,35.71,35.24,5583400.0,34.82,7700,34.83,900,-2.49,35.66,34.66,5583400,195930000.0,6.8,2.8,28.59,41.78,42.85,28.57,1.09
江苏国泰,sz002091,7.73,7.78,7.76,10145400.0,7.72,87900,7.73,20000,-0.64,7.87,7.71,10145400,79040000.0,0.63,2.06,123.86,125.82,8.56,7.0,0.92
富吉瑞,sh688272,29.63,29.39,29.3,188949400.0,29.62,500,29.63,2000,0.82,30.31,28.61,188949400,55730000.0,2.49,5.78,22.52,22.52,35.27,23.51,1.18
岱勒新材,sz300700,18.64,18.63,18.7,9355600.0,18.64,1900,18.65,7000,0.05,18.93,18.17,9355600,173620000.0,2.63,4.08,66.25,74.01,22.36,14.9,0.66
锦富技术,sz300128,4.73,4.73,4.7,19509500.0,4.72,139600,4.73,15800,0.0,4.77,4.66,19509500,92130000.0,1.5,2.33,61.37,61.45,5.68,3.78,0.52
川发龙蟒,sz002312,8.52,8.61,8.57,18929000.0,8.51,129800,8.52,77000,-1.05,8.65,8.49,18929000,161920000.0,1.0,1.86,160.5,160.83,9.47,7.75,0.95
匠心家居,sz301061,36.13,36.68,36.56,2423700.0,36.13,300,36.14,800,-1.5,36.66,35.78,2423700,87780000.0,1.28,2.4,68.26,102.75,44.02,29.34,0.65
铂科新材,sz300811,72.6,70.48,69.19,16810000.0,72.6,30300,72.61,10600,3.01,74.9,69.19,16810000,1222150000.0,5.02,8.1,243.02,296.08,84.58,56.38,1.04
维科技术,sh600152,8.22,8.28,8.25,13507500.0,8.22,57600,8.23,18700,-0.72,8.31,8.1,13507500,110910000.0,2.55,2.54,43.49,43.49,9.11,7.45,0.77
苑东生物,sh688513,50.11,48.0,47.52,436157400.0,50.11,1500,50.14,1900,4.4,52.12,47.3,436157400,218410000.0,2.47,10.04,88.46,88.46,57.6,38.4,1.33
八亿时空,sh688181,39.29,40.07,39.53,421315600.0,39.24,2500,39.29,5000,-1.95,40.15,38.41,421315600,165960000.0,3.17,4.34,52.27,52.27,48.08,32.06,0.69
众鑫股份,sh603091,48.53,49.88,49.98,454100.0,48.46,2800,48.53,7600,-2.71,49.98,48.41,454100,22230000.0,1.03,3.15,21.36,69.46,54.87,44.89,0.62
中电电机,sh603988,23.36,23.51,23.5,23755600.0,23.36,32800,23.37,100,-0.64,24.8,23.21,23755600,567390000.0,10.1,6.76,54.94,54.94,25.86,21.16,1.05
立昂微,sh605358,43.81,44.24,43.85,33216200.0,43.8,31900,43.81,54700,-0.97,44.93,43.34,33216200,1462830000.0,4.3,3.59,338.3,338.3,48.66,39.82,0.72
戈碧迦,bj920438,114.68,114.84,112.0,3490100.0,114.68,13000,114.69,200,-0.14,118.88,111.72,3490100,403533900.0,2.5,6.23,159.86,165.67,149.29,80.39,0.6
宁水集团,sh603700,11.6,11.79,11.84,4369000.0,11.6,77200,11.61,100,-1.61,11.85,11.6,4369000,51090000.0,2.18,2.12,23.2,23.2,12.97,10.61,0.64
南华生物,sz000504,8.65,8.8,8.65,6457800.0,8.65,200,8.66,7400,-1.7,8.8,8.6,6457800,56230000.0,1.96,2.27,28.47,28.55,9.68,7.92,0.83
凌云光,sh688400,48.01,47.2,46.7,1202239200.0,48.01,1800,48.02,6500,1.72,48.86,46.48,1202239200,574010000.0,2.63,5.04,219.64,228.41,56.64,37.76,0.85
微芯生物,sh688321,30.63,29.3,29.03,2581666700.0,30.63,13700,30.64,26200,4.54,31.98,28.99,2581666700,792320000.0,6.33,10.2,124.91,135.67,35.16,23.44,1.88
依米康,sz300249,12.79,12.29,12.64,35245700.0,12.78,77300,12.79,42900,4.07,13.13,12.09,35245700,447080000.0,9.42,8.46,47.85,58.63,14.75,9.83,2.05
孚能科技,sh688567,10.16,10.24,10.25,630826500.0,10.16,17600,10.18,34600,-0.78,10.26,10.09,630826500,64240000.0,0.52,1.66,124.17,124.17,12.29,8.19,0.62
江瀚新材,sh603281,21.26,21.48,21.21,2651800.0,21.25,30900,21.26,4600,-1.02,21.45,20.96,2651800,56240000.0,0.51,2.28,110.26,110.26,23.63,19.33,0.85
海德股份,sz000567,6.19,6.3,6.3,13316300.0,6.18,160700,6.19,16900,-1.75,6.32,6.18,13316300,83000000.0,0.68,2.22,120.61,120.99,6.93,5.67,0.74
圣泉集团,sh605589,41.3,41.59,41.19,31087300.0,41.3,65400,41.31,24800,-0.7,42.5,40.55,31087300,1290380000.0,3.67,4.69,349.36,349.56,45.75,37.43,0.69
华兰股份,sz301093,78.8,81.06,80.0,6806700.0,78.8,18600,78.86,7900,-2.79,81.95,76.81,6806700,538310000.0,3.35,6.34,160.35,167.95,97.27,64.85,0.77
云铝股份,sz000807,27.23,27.85,28.13,120030300.0,27.23,47900,27.24,13000,-2.23,28.99,27.16,120030300,3367190000.0,3.46,6.57,944.31,944.32,30.64,25.07,1.33
锡装股份,sz001332,31.38,31.54,31.71,1202400.0,31.34,600,31.38,4600,-0.51,31.71,31.1,1202400,37730000.0,1.79,1.93,21.09,48.54,34.69,28.39,0.63
驰诚股份,bj920407,10.73,10.9,10.92,410800.0,10.69,800,10.73,8500,-1.56,10.92,10.64,410800,4427700.0,0.91,2.57,4.85,11.91,14.17,7.63,0.51
川能动力,sz000155,12.28,12.49,12.41,35233000.0,12.28,83300,12.29,55200,-1.68,12.57,12.24,35233000,435980000.0,1.91,2.64,226.71,226.71,13.74,11.24,0.79
屹唐股份,sh688729,26.81,27.51,27.0,3580108700.0,26.81,30400,26.82,12400,-2.54,27.69,26.23,3580108700,967220000.0,2.05,5.31,468.7,792.39,33.01,22.01,0.77
卡莱特,sz301391,50.36,50.49,50.65,854400.0,50.36,100,50.45,200,-0.26,50.82,49.59,854400,42970000.0,0.92,2.44,46.75,47.85,60.59,40.39,0.66
海阳科技,sh603382,19.25,20.0,19.9,7382400.0,19.25,34600,19.27,13400,-3.75,19.94,19.25,7382400,143510000.0,6.39,3.45,22.23,34.89,22.0,18.0,2.25
弘宇股份,sz002890,14.1,14.59,14.51,2352200.0,14.08,6900,14.1,2000,-3.36,14.59,14.1,2352200,33560000.0,1.46,3.36,22.77,23.95,16.05,13.13,0.82
恒邦股份,sz002237,14.15,14.73,14.92,41606400.0,14.15,52500,14.16,24600,-3.94,15.09,14.15,41606400,606890000.0,3.49,6.38,168.72,202.34,16.2,13.26,1.21
得利斯,sz002330,3.93,3.97,3.97,8748500.0,3.93,6300,3.94,214300,-1.01,3.99,3.9,8748500,34490000.0,1.38,2.27,24.96,24.97,4.37,3.57,0.89
白银有色,sh601212,5.83,5.9,5.99,503127800.0,5.83,1339200,5.84,373300,-1.19,6.48,5.81,503127800,3104360000.0,6.79,11.36,431.7,431.7,6.49,5.31,2.29
德龙汇能,sz000593,22.97,24.75,24.83,50335700.0,22.97,8800,22.98,56900,-7.19,25.57,22.75,50335700,1215200000.0,14.04,11.39,82.34,82.38,27.23,22.28,1.87
迈普医学,sz301033,59.89,59.7,59.05,1844800.0,59.89,31100,59.9,5800,0.32,61.0,58.09,1844800,109530000.0,3.27,4.87,33.77,40.18,71.64,47.76,1.01
佳力图,sh603912,8.07,7.72,7.85,50195800.0,8.07,128700,8.08,73300,4.53,8.37,7.74,50195800,405270000.0,9.26,8.16,43.77,43.77,8.49,6.95,1.91
再升科技,sh603601,9.69,9.94,9.56,77864100.0,9.68,162700,9.69,98700,-2.52,9.83,9.51,77864100,754670000.0,6.82,3.22,110.69,110.69,10.93,8.95,0.6
楚江新材,sz002171,9.8,9.98,9.92,35332800.0,9.79,231400,9.8,272500,-1.8,9.97,9.78,35332800,348790000.0,2.19,1.9,158.15,159.05,10.98,8.98,0.74
三维化学,sz002469,5.84,5.86,5.96,4801600.0,5.84,108600,5.85,24200,-0.34,5.96,5.79,4801600,28050000.0,0.76,2.9,36.7,37.89,6.45,5.27,0.71
新潮能源,sh600777,4.25,4.2,4.25,27715400.0,4.24,309800,4.25,240400,1.19,4.31,4.21,27715400,117780000.0,0.44,2.38,270.56,289.02,4.62,3.78,1.1
大富科技,sz300134,8.59,8.63,8.53,22187400.0,8.59,38500,8.6,41600,-0.46,8.7,8.47,22187400,190530000.0,2.89,2.67,65.93,65.93,10.36,6.9,0.7
德艺文创,sz300640,6.88,6.97,6.86,13015500.0,6.88,35100,6.9,3000,-1.29,7.03,6.8,13015500,89970000.0,5.9,3.3,15.19,21.4,8.36,5.58,0.78
芯源微,sh688037,315.15,322.2,318.3,559470700.0,315.14,600,315.15,1300,-2.19,323.3,302.03,559470700,1762570000.0,2.77,6.6,635.87,635.87,386.64,257.76,0.8
*ST威领,sz002667,14.55,15.95,15.96,34316800.0,14.54,18600,14.55,65500,-8.78,16.3,14.36,34316800,521050000.0,14.5,12.16,34.43,37.92,17.55,14.36,1.48
沧州大化,sh600230,15.37,15.93,15.72,21221700.0,15.37,28800,15.38,5800,-3.52,15.75,15.18,21221700,328190000.0,5.13,3.58,63.63,63.63,17.52,14.34,0.97
嘉曼服饰,sz301276,20.8,20.99,21.19,1408300.0,20.8,500,20.82,5000,-0.91,21.19,20.4,1408300,29150000.0,1.95,3.76,15.03,26.96,25.19,16.79,0.76
旗滨集团,sh601636,6.17,6.07,6.03,83784800.0,6.17,29900,6.18,175000,1.65,6.28,5.98,83784800,514260000.0,2.83,4.94,182.55,182.55,6.68,5.46,0.95
兴蓉环境,sz000598,7.18,7.21,7.21,12378600.0,7.17,43500,7.18,2200,-0.42,7.27,7.16,12378600,89190000.0,0.41,1.53,214.22,214.25,7.93,6.49,0.49
药易购,sz300937,27.18,26.76,26.0,13112000.0,27.18,4500,27.2,3700,1.57,28.31,25.59,13112000,358780000.0,20.21,10.16,17.63,26.0,32.11,21.41,1.19
建霖家居,sh603408,10.41,10.57,10.54,1602300.0,10.4,8300,10.41,1400,-1.51,10.55,10.38,1602300,16730000.0,0.36,1.61,46.59,46.59,11.63,9.51,0.49
威唐工业,sz300707,12.1,12.27,12.2,4331700.0,12.09,20700,12.1,1500,-1.39,12.27,12.05,4331700,52560000.0,3.02,1.79,17.37,21.04,14.72,9.82,1.08
联创股份,sz300343,6.05,6.15,6.1,24195900.0,6.05,20900,6.06,147100,-1.63,6.17,6.01,24195900,146560000.0,2.27,2.6,64.51,64.64,7.38,4.92,0.63
清溢光电,sh688138,32.9,32.2,31.75,1012343500.0,32.89,2200,32.9,8500,2.17,33.9,31.29,1012343500,332930000.0,3.22,8.11,103.57,103.57,38.64,25.76,1.18
厦门空港,sh600897,14.71,14.77,14.74,974600.0,14.7,9700,14.71,161000,-0.41,14.84,14.68,974600,14380000.0,0.23,1.08,61.33,61.33,16.25,13.29,0.67
亚星化学,sh600319,6.24,6.23,6.24,3144300.0,6.22,5600,6.24,500,0.16,6.28,6.13,3144300,19530000.0,0.81,2.41,24.19,24.19,6.85,5.61,0.68
天瑞仪器,sz300165,5.39,5.39,5.36,12194600.0,5.39,34300,5.4,143300,0.0,5.47,5.23,12194600,65450000.0,2.9,4.45,22.67,26.71,6.47,4.31,0.89
固德威,sh688390,68.21,67.3,67.32,953692800.0,68.21,5800,68.22,2500,1.35,68.95,65.86,953692800,646600000.0,3.92,4.59,165.83,165.83,80.76,53.84,1.19
久日新材,sh688199,23.12,23.22,23.02,299239400.0,23.11,700,23.12,1600,-0.43,23.37,22.86,299239400,69130000.0,1.86,2.2,37.28,37.28,27.86,18.58,0.6
扬帆新材,sz300637,9.04,9.12,9.08,4302800.0,9.04,18000,9.05,8500,-0.88,9.14,8.96,4302800,38980000.0,1.83,1.97,21.2,21.22,10.94,7.3,0.57
华泰证券,sh601688,19.23,19.39,19.4,50698500.0,19.23,46400,19.24,60000,-0.83,19.49,19.2,50698500,980200000.0,0.69,1.5,1405.09,1735.87,21.33,17.45,0.79
华兴源创,sh688001,49.26,49.36,49.49,617456200.0,49.25,2700,49.26,900,-0.2,50.64,47.8,617456200,304420000.0,1.31,5.75,232.29,232.29,59.23,39.49,0.66
华能蒙电,sh600863,5.18,4.71,4.71,218432100.0,5.18,25648600,0.0,0,9.98,5.18,4.68,218432100,1102490000.0,3.35,10.62,338.09,405.86,5.18,4.24,2.0
海象新材,sz003011,20.2,19.8,19.8,3562700.0,20.19,6000,20.2,2800,2.02,20.5,19.38,3562700,71690000.0,4.64,5.66,15.52,20.74,21.78,17.82,1.24
高测股份,sh688556,8.59,8.69,8.68,1275457000.0,8.58,90800,8.59,67700,-1.15,8.7,8.55,1275457000,109940000.0,1.54,1.73,71.36,71.36,10.43,6.95,0.63
瑞晟智能,sh688215,44.39,44.37,44.38,168028400.0,44.39,400,44.4,10500,0.05,44.85,43.2,168028400,74140000.0,1.86,3.72,40.11,40.11,53.24,35.5,0.65
乐通股份,sz002319,11.49,12.27,12.3,18019900.0,11.49,190300,11.5,7500,-6.36,12.31,11.31,18019900,211110000.0,8.6,8.15,24.07,24.07,13.5,11.04,1.0
开勒股份,sz301070,65.46,67.6,67.09,2713000.0,65.46,7600,65.5,300,-3.17,67.78,64.93,2713000,180030000.0,3.2,4.22,55.52,82.59,81.12,54.08,0.63
回天新材,sz300041,10.88,11.02,11.03,16532700.0,10.88,251800,10.89,26400,-1.27,11.11,10.88,16532700,181220000.0,3.04,2.09,59.23,60.87,13.22,8.82,0.72
银轮股份,sz002126,41.71,41.88,41.5,19165900.0,41.71,11200,41.72,2000,-0.41,42.8,40.6,19165900,799490000.0,2.41,5.25,331.66,353.21,46.07,37.69,0.95
国投智能,sz300188,11.21,11.11,11.03,17681400.0,11.2,122500,11.21,10200,0.9,11.46,10.92,17681400,198640000.0,2.07,4.86,95.9,96.35,13.33,8.89,0.52
光华科技,sz002741,24.93,25.16,24.81,31379200.0,24.93,13100,24.94,3400,-0.91,25.56,24.51,31379200,785260000.0,7.3,4.17,107.21,116.82,27.68,22.64,0.88
中国海油,sh600938,33.7,32.0,32.73,80111900.0,33.7,861700,33.71,15100,5.31,33.75,32.28,80111900,2665490000.0,2.68,4.59,1007.63,16017.59,35.2,28.8,1.69
零点有数,sz301169,51.42,53.13,53.0,1925700.0,51.42,800,51.6,100,-3.22,53.0,51.0,1925700,99750000.0,2.67,3.76,37.03,37.04,63.76,42.5,0.65
海南矿业,sh601969,9.24,9.37,9.44,19862800.0,9.24,30500,9.25,32400,-1.39,9.5,9.19,19862800,185480000.0,1.01,3.31,182.26,183.37,10.31,8.43,1.2
保变电气,sh600550,11.8,12.0,11.9,33991200.0,11.8,391700,11.81,88600,-1.67,12.1,11.8,33991200,404980000.0,1.85,2.5,217.3,217.3,13.2,10.8,0.62
退市观典,sh688287,0.37,0.37,0.0,0.0,0.0,0,0.0,0,0.0,0.0,0.0,0,0.0,0.0,0.0,1.37,1.37,-1.0,-1.0,0.0
宝钢包装,sh601968,4.52,4.54,4.54,5841600.0,4.52,46600,4.53,71700,-0.44,4.56,4.49,5841600,26440000.0,0.46,1.54,57.67,57.67,4.99,4.09,0.69
德瑞锂电,bj920523,15.73,15.91,15.93,641200.0,15.72,1400,15.73,11000,-1.13,16.07,15.73,641200,10144800.0,0.79,2.14,12.75,15.93,20.68,11.14,0.65
野马电池,sh605378,14.2,14.32,14.34,1468500.0,14.19,1800,14.2,900,-0.84,14.41,14.09,1468500,20850000.0,0.56,2.23,37.11,37.11,15.75,12.89,0.72
华锐精密,sh688059,95.4,94.65,94.75,658461300.0,95.38,1000,95.4,2900,0.79,98.65,94.22,658461300,632910000.0,5.03,4.68,124.98,133.54,113.58,75.72,0.78
拓荆科技,sh688072,700.0,728.0,710.0,592365700.0,699.98,200,700.0,300,-3.85,728.42,693.13,592365700,4217260000.0,2.1,4.85,1978.85,2034.75,873.6,582.4,0.69
神火股份,sz000933,26.91,27.34,27.74,85801100.0,26.9,249500,26.91,1100,-1.57,28.43,26.84,85801100,2370620000.0,3.82,5.82,604.82,605.21,30.07,24.61,1.37
三超新材,sz300554,20.7,20.98,20.92,2494700.0,20.7,8700,20.71,2900,-1.33,20.95,20.54,2494700,51780000.0,3.15,1.95,16.37,23.64,25.18,16.78,0.7
*ST萃华,sz002731,1.67,1.64,1.63,32483400.0,1.67,269100,1.68,579700,1.83,1.72,1.63,32483400,54220000.0,14.14,5.49,3.84,4.28,1.8,1.48,0.74
时空科技,sh605178,64.77,66.19,66.2,3285500.0,64.77,5900,64.78,300,-2.15,66.3,64.33,3285500,214240000.0,3.32,2.98,64.17,64.17,72.81,59.57,0.7
恒瑞医药,sh600276,54.97,54.18,53.79,120761700.0,54.97,8700,54.98,320600,1.46,55.8,53.76,120761700,6656980000.0,1.89,3.77,3506.54,3648.47,59.6,48.76,1.23
万盛股份,sh603010,11.25,11.35,11.25,8336800.0,11.25,52800,11.26,5500,-0.88,11.41,11.17,8336800,94000000.0,1.46,2.11,64.21,65.82,12.49,10.22,0.86
新瀚新材,sz301076,22.52,22.68,22.66,3365800.0,22.52,10800,22.53,2000,-0.71,22.76,22.1,3365800,75680000.0,2.21,2.91,34.35,51.38,27.22,18.14,0.57
麒盛科技,sh603610,15.56,15.41,15.58,7045500.0,15.56,64700,15.57,2000,0.97,15.81,15.28,7045500,109620000.0,2.0,3.44,54.93,54.93,16.95,13.87,0.75
百洋医药,sz301015,24.55,24.23,24.02,11139300.0,24.55,700,24.56,5500,1.32,24.93,23.99,11139300,272680000.0,2.12,3.88,129.02,129.04,29.08,19.38,1.29
柘中股份,sz002346,20.75,20.77,20.55,5251100.0,20.74,17300,20.75,75600,-0.1,21.07,20.27,5251100,108450000.0,1.34,3.85,81.36,91.63,22.85,18.69,0.77
金晶科技,sh600586,4.21,4.21,4.21,11084600.0,4.2,113300,4.21,23900,0.0,4.22,4.14,11084600,46400000.0,0.78,1.9,59.67,59.67,4.63,3.79,0.85
濮耐股份,sz002225,3.81,3.85,3.82,17597600.0,3.81,110600,3.82,47600,-1.04,3.88,3.78,17597600,67450000.0,1.86,2.6,36.14,44.17,4.24,3.47,0.83
中石科技,sz300684,51.04,51.75,51.26,10081700.0,51.03,8900,51.04,8000,-1.37,52.19,50.0,10081700,515430000.0,4.93,4.23,104.42,152.87,62.1,41.4,0.65
格林美,sz002340,6.77,6.91,6.89,105917200.0,6.77,391300,6.78,222500,-2.03,6.89,6.76,105917200,721590000.0,2.09,1.88,343.64,345.43,7.6,6.22,0.81
合盛硅业,sh603260,35.53,35.53,35.54,7616700.0,35.53,41700,35.54,100,0.0,35.85,35.22,7616700,271070000.0,0.64,1.77,420.04,420.04,39.08,31.98,0.64
生益科技,sh600183,135.3,138.57,135.8,58791500.0,135.3,136200,135.32,1000,-2.36,140.58,133.66,58791500,8047120000.0,2.44,4.99,3263.1,3286.44,152.43,124.71,0.74
华能国际,sh600011,6.98,6.99,6.99,94252900.0,6.98,550400,6.99,493400,-0.14,7.07,6.97,94252900,661070000.0,0.86,1.43,767.64,1095.73,7.69,6.29,0.83
超颖电子,sh603175,89.55,85.72,84.43,4474100.0,89.53,1100,89.55,100,4.47,91.59,84.37,4474100,393260000.0,9.84,8.42,40.72,391.36,94.29,77.15,1.5
新疆众和,sh600888,10.06,10.16,10.01,62555800.0,10.06,71500,10.07,44100,-0.98,10.33,10.01,62555800,636640000.0,4.03,3.15,156.24,156.24,11.18,9.14,0.98
锦浪科技,sz300763,65.58,62.1,61.88,19068200.0,65.58,12500,65.59,3100,5.6,65.8,61.47,19068200,1221190000.0,5.93,6.97,210.9,260.15,74.52,49.68,1.87
粤桂股份,sz000833,20.16,20.59,20.47,18637600.0,20.16,74300,20.17,7500,-2.09,20.56,20.16,18637600,378690000.0,4.11,1.94,91.47,161.7,22.65,18.53,0.85
炬光科技,sh688167,204.6,202.88,200.04,807798400.0,204.6,14700,204.66,1200,0.85,209.88,195.9,807798400,1645160000.0,6.21,6.89,266.26,266.26,243.46,162.3,0.7
宏裕包材,bj920274,14.96,15.47,13.96,1124600.0,14.96,500,14.97,2000,-3.3,15.41,13.96,1124600,16951500.0,1.38,9.37,12.17,12.17,20.11,10.83,1.02
天元股份,sz003003,10.86,10.99,10.91,3340900.0,10.86,2200,10.87,5600,-1.18,11.03,10.81,3340900,36390000.0,2.84,2.0,12.79,19.19,12.09,9.89,0.94
苏盐井神,sh603299,8.93,9.16,9.19,9653800.0,8.92,96900,8.93,21600,-2.51,9.19,8.88,9653800,87150000.0,1.24,3.38,69.7,85.26,10.08,8.24,2.05
中国太保,sh601601,30.52,30.94,30.9,44269900.0,30.51,110200,30.52,46800,-1.36,30.97,30.47,44269900,1356490000.0,0.65,1.62,2089.11,2936.13,34.03,27.85,0.94
斯菱智驱,sz301550,87.42,72.85,72.06,14553600.0,87.42,857800,0.0,0,20.0,87.42,72.06,14553600,1173060000.0,7.09,21.08,179.43,293.16,87.42,58.28,2.42
绿盟科技,sz300369,7.93,7.51,7.52,115434500.0,7.92,52100,7.93,193100,5.59,8.36,7.49,115434500,922290000.0,14.29,11.58,64.05,64.28,9.01,6.01,1.13
金春股份,sz300877,25.26,25.25,25.07,948800.0,25.26,5700,25.31,24800,0.04,25.56,24.75,948800,23910000.0,0.79,3.21,30.31,30.31,30.3,20.2,0.72
汇金通,sh603577,10.36,10.45,10.34,8547300.0,10.36,49800,10.37,26300,-0.86,10.65,10.3,8547300,89260000.0,2.52,3.35,35.13,35.13,11.5,9.41,0.81
宜安科技,sz300328,14.43,14.87,14.88,28348000.0,14.43,99200,14.44,5900,-2.96,14.95,14.4,28348000,415970000.0,4.13,3.7,99.14,99.63,17.84,11.9,0.75
新安股份,sh600596,10.89,11.16,11.1,31059300.0,10.89,123400,10.9,114000,-2.42,11.15,10.87,31059300,341910000.0,2.3,2.51,146.97,146.97,12.28,10.04,0.84
生益电子,sh688183,111.08,112.32,110.03,1035272900.0,111.07,10900,111.08,800,-1.1,113.22,108.58,1035272900,1151460000.0,1.24,4.13,930.4,930.4,134.78,89.86,0.55
鲁银投资,sh600784,8.07,8.22,8.2,18750700.0,8.07,16200,8.08,33200,-1.82,8.33,7.98,18750700,152730000.0,2.78,4.26,54.53,54.53,9.04,7.4,1.33
爱柯迪,sh600933,13.85,13.8,13.8,6750900.0,13.85,8800,13.86,29400,0.36,13.98,13.64,6750900,93100000.0,0.69,2.46,135.87,142.66,15.18,12.42,0.73
冰川网络,sz300533,15.51,15.51,15.55,5521900.0,15.5,6800,15.51,26300,0.0,15.65,15.31,5521900,85430000.0,2.39,2.19,35.82,50.91,18.61,12.41,0.53
广东宏大,sz002683,28.17,28.81,28.9,8315700.0,28.17,37200,28.2,1800,-2.22,29.09,28.16,8315700,236850000.0,1.25,3.23,187.77,214.06,31.69,25.93,0.84
南网储能,sh600995,12.84,12.8,12.8,15022900.0,12.84,43200,12.85,38100,0.31,12.97,12.71,15022900,192920000.0,0.47,2.03,410.37,410.37,14.08,11.52,1.06
昊华科技,sh600378,47.68,48.83,48.39,53529300.0,47.68,3300,47.69,21800,-2.36,49.45,47.24,53529300,2584020000.0,4.99,4.53,511.4,615.07,53.71,43.95,0.7
科大国创,sz300520,25.95,26.99,27.02,10999900.0,25.94,7100,25.95,33500,-3.85,27.07,25.83,10999900,288190000.0,3.9,4.59,73.24,75.78,32.39,21.59,0.97
蓝科高新,sh601798,7.64,7.66,7.67,4687100.0,7.64,28500,7.65,35500,-0.26,7.73,7.55,4687100,35850000.0,1.32,2.35,27.09,27.09,8.43,6.89,0.79
芭田股份,sz002170,11.55,11.69,11.79,32151100.0,11.55,20300,11.56,78100,-1.2,12.22,11.52,32151100,381620000.0,4.08,5.99,91.12,112.08,12.86,10.52,2.0
力王股份,bj920627,14.26,14.57,14.5,680000.0,14.26,3400,14.27,300,-2.13,14.5,14.22,680000,9730800.0,1.45,1.92,6.68,13.47,18.94,10.2,0.55
中国石油,sh601857,11.06,10.85,10.99,136330800.0,11.06,345200,11.07,163500,1.94,11.22,10.95,136330800,1508320000.0,0.08,2.49,17908.58,20242.12,11.94,9.77,1.06
先惠技术,sh688155,61.47,62.05,62.0,172600600.0,61.47,12700,61.63,2000,-0.93,62.4,61.27,172600600,106570000.0,1.36,1.82,78.29,78.29,74.46,49.64,0.7
明泰铝业,sh601677,17.02,17.41,17.43,26787100.0,17.02,166000,17.03,2300,-2.24,17.61,17.02,26787100,462910000.0,2.15,3.39,211.61,211.61,19.15,15.67,1.1
海峡环保,sh603817,5.73,5.76,5.73,5545000.0,5.73,5500,5.74,54700,-0.52,5.8,5.69,5545000,31840000.0,0.97,1.91,32.67,32.67,6.34,5.18,0.64
英方软件,sh688435,31.33,31.42,31.68,127724400.0,31.33,200,31.4,1000,-0.29,31.76,30.7,127724400,39890000.0,2.28,3.37,17.56,26.16,37.7,25.14,0.53
三生国健,sh688336,47.9,46.53,45.65,1717384000.0,47.89,900,47.9,29100,2.94,49.59,45.14,1717384000,822060000.0,1.92,9.56,429.29,429.29,55.84,37.22,1.38
科达制造,sh600499,14.73,14.22,14.15,65877900.0,14.72,168500,14.73,103200,3.59,14.85,14.11,65877900,963300000.0,3.43,5.2,282.5,282.5,15.64,12.8,1.18
川润股份,sz002272,14.68,14.59,14.57,17966600.0,14.68,101700,14.69,47300,0.62,14.85,14.32,17966600,262360000.0,4.4,3.63,59.91,71.18,16.05,13.13,0.67
中国人保,sh601319,6.99,7.07,7.05,57873400.0,6.99,36700,7.0,542900,-1.13,7.07,6.98,57873400,406130000.0,0.16,1.27,2481.29,3091.26,7.78,6.36,0.82
新开源,sz300109,13.68,13.76,13.63,6472700.0,13.68,5100,13.69,22000,-0.58,13.94,13.42,6472700,88250000.0,1.25,3.78,70.79,78.91,16.51,11.01,0.83
邦基科技,sh603151,14.49,14.12,14.4,13753700.0,14.49,19300,14.5,16600,2.62,14.78,14.0,13753700,197220000.0,8.03,5.52,24.82,24.82,15.53,12.71,3.67
科达利,sz002850,193.83,180.81,180.0,8523000.0,193.83,6700,193.85,300,7.2,198.06,179.95,8523000,1630120000.0,4.07,10.02,406.39,555.0,198.89,162.73,2.32
立中集团,sz300428,18.94,19.38,19.33,8740200.0,18.94,17200,18.95,24500,-2.27,19.48,18.92,8740200,167400000.0,1.46,2.89,113.03,129.85,23.26,15.5,1.25
科恒股份,sz300340,8.6,8.67,8.66,4347200.0,8.6,18100,8.62,26100,-0.81,8.69,8.51,4347200,37370000.0,1.59,2.08,23.52,23.69,10.4,6.94,0.82
金禾实业,sz002597,20.13,20.24,20.16,5975400.0,20.13,14400,20.14,7000,-0.54,20.35,20.05,5975400,120630000.0,1.05,1.48,114.19,114.4,22.26,18.22,0.77
建发合诚,sh603909,9.45,9.41,9.41,2069400.0,9.45,500,9.46,10700,0.43,9.52,9.3,2069400,19520000.0,0.79,2.34,24.63,24.63,10.35,8.47,0.9
ST中装,sz002822,3.16,3.16,3.15,5485900.0,3.15,30900,3.16,58000,0.0,3.18,3.13,5485900,17300000.0,0.51,1.58,33.78,61.62,3.48,2.84,0.57
汉邦高科,sz300449,7.77,7.19,7.18,27000900.0,7.77,27600,7.78,37600,8.07,8.3,7.06,27000900,208030000.0,6.99,17.25,29.99,29.99,8.63,5.75,2.63
海油工程,sh600583,5.51,5.55,5.6,37753200.0,5.5,217600,5.51,346500,-0.72,5.65,5.48,37753200,210010000.0,0.85,3.06,243.62,243.62,6.11,5.0,1.57
凯尔达,sh688255,26.14,26.22,26.2,290740900.0,26.13,4000,26.14,1200,-0.31,26.54,25.48,290740900,75700000.0,2.65,4.04,28.72,28.72,31.46,20.98,0.82
泛亚微透,sh688386,55.75,53.88,54.0,284377900.0,55.75,1500,55.77,1000,3.47,57.29,52.74,284377900,156510000.0,3.13,8.44,50.73,55.53,64.66,43.1,1.27
凯莱英,sz002821,175.64,176.0,174.79,18399000.0,175.64,101500,175.66,200,-0.2,184.3,172.3,18399000,3277120000.0,5.8,6.82,556.86,633.68,193.6,158.4,1.36
高争民爆,sz002827,58.61,59.58,59.58,22270700.0,58.61,11900,58.7,2200,-1.63,59.58,56.51,22270700,1291520000.0,8.07,5.15,161.76,162.38,65.54,53.62,0.71
海顺新材,sz300501,10.38,10.28,10.27,3150800.0,10.38,2000,10.4,1900,0.97,10.5,10.09,3150800,32490000.0,1.14,3.99,28.78,28.88,12.34,8.22,0.85
中青宝,sz300052,11.16,11.28,11.29,18156600.0,11.16,119600,11.17,51700,-1.06,11.43,11.02,18156600,204000000.0,6.93,3.63,29.22,29.22,13.54,9.02,0.52
皖通高速,sh600012,16.08,15.89,16.06,8499300.0,16.08,42100,16.09,14600,1.2,16.3,15.85,8499300,136710000.0,0.73,2.83,187.43,274.74,17.48,14.3,1.04
力佳科技,bj920237,12.91,13.27,13.27,648900.0,12.91,6400,12.98,12300,-2.71,13.27,12.88,648900,8438600.0,0.7,2.94,12.04,12.27,17.25,9.29,0.56
科华控股,sh603161,15.83,15.49,15.84,14053600.0,15.83,300,15.85,1300,2.19,16.31,15.47,14053600,223830000.0,7.37,5.42,30.2,35.48,17.04,13.94,2.55
渝农商行,sh601077,6.51,6.46,6.45,58557300.0,6.5,449400,6.51,6500,0.77,6.58,6.45,58557300,381820000.0,0.66,2.01,575.37,739.34,7.11,5.81,0.74
迈得医疗,sh688310,15.02,15.1,15.16,161716200.0,15.02,500,15.06,700,-0.53,15.28,14.75,161716200,24300000.0,0.98,3.51,24.68,24.68,18.12,12.08,0.54
颀中科技,sh688352,17.48,17.7,17.51,1504717900.0,17.48,12100,17.49,9600,-1.24,17.99,17.2,1504717900,264840000.0,4.11,4.46,64.05,207.94,21.24,14.16,0.51
中岩大地,sz003001,19.21,19.93,19.8,14786400.0,19.2,76900,19.21,34400,-3.61,19.9,19.17,14786400,286520000.0,12.93,3.66,21.97,33.53,21.92,17.94,0.6
冠石科技,sh605588,47.39,46.53,46.02,1979500.0,47.38,800,47.39,2900,1.85,48.5,45.55,1979500,93540000.0,2.71,6.34,34.64,34.73,51.18,41.88,1.08
宏昌电子,sh603002,14.93,15.18,15.06,55750300.0,14.93,136500,14.94,53900,-1.65,15.38,14.77,55750300,838620000.0,4.92,4.02,169.32,169.32,16.7,13.66,0.77
聚辰股份,sh688123,128.99,131.1,129.35,825287000.0,128.99,1200,129.0,32400,-1.61,132.96,126.5,825287000,1071190000.0,5.19,4.93,204.97,204.97,157.32,104.88,0.8
复洁科技,sh688335,22.48,21.0,20.57,525436600.0,22.48,1000,22.51,700,7.05,23.22,20.57,525436600,117520000.0,3.55,12.62,33.28,33.28,25.2,16.8,2.4
尤安设计,sz300983,42.2,42.25,42.26,856100.0,42.06,1300,42.2,4900,-0.12,42.5,41.16,856100,35920000.0,0.56,3.17,64.49,72.92,50.7,33.8,0.47
金徽股份,sh603132,19.0,18.8,18.62,12617700.0,19.0,6900,19.01,12100,1.06,19.82,18.62,12617700,242850000.0,1.29,6.38,185.82,185.82,20.68,16.92,0.94
杭叉集团,sh603298,26.41,26.88,26.62,6218400.0,26.4,16400,26.41,6000,-1.75,27.25,26.29,6218400,165550000.0,0.47,3.57,345.92,345.92,29.57,24.19,0.8
江特电机,sz002176,9.25,9.3,9.22,50220200.0,9.25,28500,9.26,347600,-0.54,9.35,9.16,50220200,465170000.0,2.95,2.04,157.23,157.46,10.23,8.37,0.49
西部材料,sz002149,40.0,41.33,39.39,51993800.0,40.0,175200,40.01,20900,-3.22,41.4,38.05,51993800,2085530000.0,10.65,8.11,195.26,195.29,45.46,37.2,1.11
永贵电器,sz300351,14.14,14.2,14.19,6389400.0,14.14,23800,14.15,15000,-0.42,14.26,13.94,6389400,90240000.0,2.43,2.25,37.25,54.99,17.04,11.36,0.59
维峰电子,sz301328,59.21,59.95,59.0,5757100.0,59.2,11300,59.21,1500,-1.23,61.0,56.23,5757100,336670000.0,5.0,7.96,68.19,94.35,71.94,47.96,1.47
立航科技,sh603261,48.93,49.25,48.51,1194400.0,48.92,1100,48.93,3400,-0.65,49.17,47.11,1194400,57800000.0,1.54,4.18,37.92,37.92,54.18,44.33,0.37
信宇人,sh688573,16.39,16.36,16.36,170122900.0,16.38,3300,16.39,1700,0.18,16.75,16.03,170122900,27880000.0,3.2,4.4,8.72,16.02,19.63,13.09,0.8
东芯股份,sh688110,112.21,113.28,112.01,1224277200.0,112.21,3700,112.23,200,-0.94,114.77,110.9,1224277200,1382310000.0,2.77,3.42,496.39,496.39,135.94,90.62,0.6
翔楼新材,sz301160,38.52,37.41,37.35,4157500.0,38.52,18100,38.53,11500,2.97,39.16,36.34,4157500,158570000.0,3.75,7.54,42.67,64.22,44.89,29.93,1.03
远航精密,bj920914,18.82,19.48,19.3,2243800.0,18.82,17800,18.86,2900,-3.39,19.67,18.82,2243800,43139300.0,2.25,4.36,18.75,18.76,25.32,13.64,1.11
埃科光电,sh688610,152.52,155.55,151.15,173131000.0,152.52,2400,152.99,300,-1.95,155.69,145.0,173131000,261670000.0,4.23,6.87,62.43,103.71,186.66,124.44,0.84
开山股份,sz300257,18.98,19.18,19.13,6320400.0,18.97,1500,18.98,21600,-1.04,19.32,18.66,6320400,120020000.0,0.66,3.44,181.2,188.59,23.02,15.34,0.75
聚和材料,sh688503,75.28,74.44,74.24,1619830900.0,75.28,17900,75.3,16900,1.13,78.8,72.88,1619830900,1229100000.0,6.69,7.95,182.2,182.2,89.33,59.55,1.01
阿莱德,sz301419,31.14,31.19,31.13,2376000.0,31.14,2900,31.15,8800,-0.16,31.68,30.51,2376000,74110000.0,2.4,3.75,30.88,46.71,37.43,24.95,0.54
欧普照明,sh603515,17.17,17.03,17.04,1341100.0,17.17,6800,17.18,53800,0.82,17.3,16.96,1341100,23020000.0,0.18,2.0,126.67,127.45,18.73,15.33,0.91
康力电梯,sz002367,5.41,5.46,5.45,8572000.0,5.41,312900,5.42,51300,-0.92,5.5,5.41,8572000,46670000.0,1.08,1.65,42.99,43.16,6.01,4.91,0.98
甘肃能源,sz000791,7.87,7.94,7.92,20157300.0,7.86,178100,7.87,44600,-0.88,7.98,7.84,20157300,159410000.0,1.04,1.76,152.33,255.29,8.73,7.15,0.86
汉钟精机,sz002158,27.79,27.76,27.58,8594100.0,27.78,7300,27.79,14300,0.11,28.2,27.5,8594100,239610000.0,1.61,2.52,148.28,148.6,30.54,24.98,0.64
石英股份,sh603688,48.6,48.87,48.6,11056200.0,48.59,1100,48.6,80900,-0.55,49.76,47.82,11056200,539690000.0,2.04,3.97,263.26,263.26,53.76,43.98,0.61
立讯精密,sz002475,55.63,55.79,55.31,84667700.0,55.63,220600,55.64,11500,-0.29,56.23,54.52,84667700,4698060000.0,1.16,3.07,4074.94,4304.55,61.37,50.21,0.52
龙洲股份,sz002682,4.57,4.55,4.6,16497600.0,4.57,8200,4.58,25600,0.44,4.62,4.46,16497600,75200000.0,2.93,3.52,25.7,25.7,5.01,4.1,1.0
常铝股份,sz002160,3.98,4.01,4.01,27859000.0,3.98,192700,3.99,117600,-0.75,4.12,3.96,27859000,112180000.0,2.7,3.99,41.02,41.1,4.41,3.61,1.49
安宁股份,sz002978,26.87,27.45,27.3,3569000.0,26.87,1900,26.88,7400,-2.11,27.35,26.83,3569000,96590000.0,0.97,1.89,99.23,126.82,30.2,24.71,1.07
科捷智能,sh688455,15.3,15.36,15.28,154576900.0,15.3,5900,15.33,6000,-0.39,15.44,15.01,154576900,23580000.0,0.92,2.8,25.71,25.71,18.43,12.29,0.72
华塑科技,sz301157,60.15,61.18,61.24,740800.0,60.01,100,60.15,1600,-1.68,61.6,59.29,740800,44790000.0,3.59,3.78,12.43,36.09,73.42,48.94,0.72
久吾高科,sz300631,22.42,22.61,22.67,2215500.0,22.42,111800,22.43,1000,-0.84,22.79,22.37,2215500,49970000.0,1.82,1.86,27.26,28.03,27.13,18.09,0.81
上海合晶,sh688584,28.77,29.13,29.08,1425645700.0,28.76,500,28.77,13800,-1.24,29.42,28.11,1425645700,411060000.0,4.15,4.5,98.77,192.53,34.96,23.3,0.64
海安集团,sz001233,47.7,45.5,45.84,4813900.0,47.7,10500,47.74,100,4.84,49.99,45.65,4813900,229410000.0,12.76,9.54,17.99,88.71,50.05,40.95,3.41
永达股份,sz001239,11.9,12.01,12.01,1625600.0,11.9,20100,11.91,6400,-0.92,12.02,11.81,1625600,19390000.0,1.43,1.75,13.57,28.56,13.21,10.81,0.7
金洲管道,sz002443,8.75,9.13,9.03,28769300.0,8.74,80200,8.75,32300,-4.16,9.09,8.67,28769300,252830000.0,5.53,4.6,45.55,45.55,10.04,8.22,1.32
诺诚健华,sh688428,31.4,29.36,29.45,2569089100.0,31.38,4500,31.4,3200,6.95,32.5,28.67,2569089100,793970000.0,9.42,13.04,85.67,555.5,35.23,23.49,2.35
开特股份,bj920978,20.42,20.29,20.43,1585100.0,20.42,4800,20.43,1700,0.64,20.89,20.03,1585100,32361500.0,1.57,4.24,20.61,36.76,26.37,14.21,1.37
金宏气体,sh688106,29.89,30.19,29.9,1907484100.0,29.89,6700,29.9,35100,-0.99,30.56,29.55,1907484100,573400000.0,3.6,3.35,158.58,160.31,36.23,24.15,0.64
欣锐科技,sz300745,29.04,29.58,29.29,6189000.0,29.04,10700,29.08,500,-1.83,29.68,28.6,6189000,180080000.0,4.35,3.65,41.33,48.95,35.5,23.66,0.56
百花医药,sh600721,12.75,11.59,12.75,66831000.0,12.75,26727500,0.0,0,10.01,12.75,12.57,66831000,851700000.0,17.38,1.55,49.03,49.03,12.75,10.43,1.37
江顺科技,sz001400,75.0,76.55,75.03,1514000.0,74.95,2200,75.0,3800,-2.02,75.98,73.51,1514000,113330000.0,3.27,3.23,34.67,63.0,84.21,68.9,0.67
德力佳,sh603092,49.71,50.41,50.1,1910100.0,49.7,1200,49.71,2200,-1.39,50.17,49.2,1910100,94750000.0,5.53,1.92,17.19,198.84,55.45,45.37,1.03
三孚新科,sh688359,104.2,103.15,103.03,591550400.0,104.2,10300,104.21,600,1.02,107.5,99.14,591550400,613120000.0,5.93,8.1,103.87,103.87,123.78,82.52,0.8
福建高速,sh600033,3.51,3.57,3.58,20792000.0,3.51,497800,3.52,253200,-1.68,3.58,3.51,20792000,73540000.0,0.76,1.96,96.33,96.33,3.93,3.21,0.87
斯迪克,sz300806,48.66,47.11,46.6,42674800.0,48.66,155200,48.67,13100,3.29,50.78,46.6,42674800,2082890000.0,9.34,8.87,222.22,308.37,56.53,37.69,1.2
晶瑞电材,sz300655,13.31,13.37,13.2,43485200.0,13.31,148400,13.32,81700,-0.45,13.53,13.15,43485200,580680000.0,3.88,2.84,149.27,149.95,16.04,10.7,0.6
亚钾国际,sz000893,47.35,48.16,48.22,16003500.0,47.35,14800,47.36,7900,-1.68,49.85,47.31,16003500,774650000.0,1.97,5.27,384.39,437.54,52.98,43.34,1.05
有研硅,sh688432,40.2,41.74,40.32,7732819900.0,40.2,18700,40.22,63600,-3.69,43.23,39.5,7732819900,3154430000.0,6.18,8.94,502.62,502.62,50.09,33.39,0.98
苏博特,sh603916,10.82,10.95,10.78,8841900.0,10.82,76300,10.83,19300,-1.19,11.05,10.66,8841900,96090000.0,2.1,3.56,45.48,45.48,12.05,9.86,0.61
宝丽迪,sz300905,39.1,39.42,39.12,4116500.0,39.09,300,39.1,51300,-0.81,39.5,38.38,4116500,160590000.0,2.95,2.84,54.6,70.0,47.3,31.54,0.63
西典新能,sh603312,32.3,32.53,32.53,573400.0,32.29,400,32.33,4200,-0.71,32.53,31.97,573400,18490000.0,1.13,1.72,16.45,51.68,35.78,29.28,0.66
尔康制药,sz300267,3.25,3.29,3.27,30537300.0,3.25,229300,3.26,525200,-1.22,3.31,3.25,30537300,100040000.0,2.15,1.82,46.23,67.03,3.95,2.63,0.83
中恒电气,sz002364,41.08,39.37,40.64,69041300.0,41.08,86900,41.09,115400,4.34,43.31,38.32,69041300,2849570000.0,12.37,12.67,229.27,231.51,43.31,35.43,1.94
浩洋股份,sz300833,36.48,37.0,36.4,499900.0,36.48,2000,36.52,300,-1.41,37.22,36.4,499900,18360000.0,0.62,2.22,29.64,46.14,44.4,29.6,0.59
奇精机械,sh603677,13.84,13.9,14.0,1759300.0,13.83,6500,13.84,1200,-0.43,14.06,13.69,1759300,24330000.0,0.91,2.66,26.66,26.66,15.29,12.51,0.91
多浦乐,sz301528,52.55,53.15,53.0,1419000.0,52.51,100,52.55,900,-1.13,54.01,52.3,1419000,75430000.0,3.07,3.22,24.31,47.17,63.78,42.52,0.78
东方电缆,sh603606,38.83,38.57,38.6,15979600.0,38.82,51000,38.83,64400,0.67,39.19,38.48,15979600,620020000.0,1.94,1.84,320.27,320.27,42.43,34.71,0.68
圣阳股份,sz002580,20.97,20.99,21.5,138071700.0,20.96,62400,20.97,472800,-0.1,22.79,20.71,138071700,2965170000.0,30.52,9.91,94.86,95.18,23.09,18.89,1.62
丰山集团,sh603810,12.08,12.15,12.15,2038600.0,12.08,7900,12.09,300,-0.58,12.27,11.98,2038600,24670000.0,1.23,2.39,19.97,19.97,13.37,10.94,0.98
亚康股份,sz301085,61.15,61.18,62.7,3654200.0,61.15,7100,61.17,300,-0.05,63.1,59.44,3654200,223030000.0,6.2,5.98,36.02,53.06,73.42,48.94,0.76
德迈仕,sz301007,28.95,29.82,29.2,5649700.0,28.94,3100,28.95,45300,-2.92,29.48,28.42,5649700,163230000.0,3.73,3.55,43.81,44.39,35.78,23.86,0.74
方邦股份,sh688020,136.7,142.3,139.09,510547000.0,136.7,200,136.98,300,-3.94,143.0,134.33,510547000,701970000.0,6.2,6.09,112.64,112.64,170.76,113.84,0.89
科士达,sz002518,34.21,33.39,34.31,21495200.0,34.2,23600,34.21,29900,2.46,35.26,33.6,21495200,740760000.0,3.8,4.97,193.34,199.18,36.73,30.05,1.72
永和股份,sh605020,34.85,35.9,35.7,9501100.0,34.84,900,34.85,8500,-2.92,36.18,34.85,9501100,335270000.0,1.89,3.7,175.27,178.02,39.49,32.31,0.61
纵横股份,sh688070,33.8,34.74,33.68,121987000.0,33.8,700,33.81,1200,-2.71,34.57,33.33,121987000,41310000.0,1.38,3.57,29.89,29.89,41.69,27.79,0.63
中国瑞林,sh603257,65.0,67.12,67.28,888400.0,65.0,1000,65.01,1000,-3.16,67.76,65.0,888400,59020000.0,3.57,4.11,16.18,78.0,73.83,60.41,0.66
美的集团,sz000333,85.62,85.3,85.26,19509200.0,85.61,2500,85.62,1000,0.38,86.12,85.03,19509200,1671640000.0,0.28,1.28,5894.48,6531.45,93.83,76.77,0.61
盛弘股份,sz300693,43.87,38.85,42.5,41623200.0,43.87,15800,43.88,36500,12.92,44.14,41.73,41623200,1784990000.0,15.44,6.2,118.28,137.22,46.62,31.08,3.18
新威凌,bj920634,17.36,18.02,17.95,2248300.0,17.33,600,17.36,39200,-3.66,18.04,17.28,2248300,39551000.0,5.55,4.22,7.04,11.09,23.42,12.62,0.76
英科再生,sh688087,39.65,40.8,40.52,175914100.0,39.65,16400,39.71,1100,-2.82,41.88,39.08,175914100,70370000.0,0.94,6.86,73.85,76.58,48.96,32.64,1.17
沪农商行,sh601825,8.26,8.24,8.24,16198200.0,8.26,56400,8.27,6100,0.24,8.31,8.22,16198200,133880000.0,0.17,1.09,774.33,796.63,9.06,7.42,0.66
中巨芯-U,sh688549,28.19,29.17,28.29,10036904100.0,28.19,2400,28.2,19900,-3.36,29.45,27.46,10036904100,2847390000.0,17.03,6.82,166.13,416.44,35.0,23.34,0.77
天准科技,sh688003,78.06,77.5,76.6,506270600.0,78.05,1800,78.06,600,0.72,79.29,74.81,506270600,390560000.0,2.6,5.78,152.05,152.05,93.0,62.0,0.89
益丰药房,sh603939,24.64,23.43,23.69,32119300.0,24.64,25400,24.65,19900,5.16,25.77,23.4,32119300,801660000.0,2.65,10.12,298.73,298.73,25.77,21.09,2.06
ST嘉必优,sh688089,7.85,7.87,7.9,210483400.0,7.85,700,7.87,700,-0.25,7.94,7.75,210483400,16500000.0,1.27,2.41,13.06,13.06,9.44,6.3,0.54
瑞丰银行,sh601528,4.86,4.92,4.94,14684500.0,4.86,146800,4.87,58600,-1.22,4.96,4.85,14684500,71750000.0,0.79,2.24,90.19,95.36,5.41,4.43,0.69
飞凯材料,sz300398,36.68,36.5,36.28,35574200.0,36.67,7900,36.68,5800,0.49,37.65,35.85,35574200,1308730000.0,6.27,4.93,207.95,209.09,43.8,29.2,0.81
苏州银行,sz002966,8.35,8.35,8.35,27960200.0,8.34,44800,8.35,8800,0.0,8.42,8.27,27960200,233160000.0,0.64,1.8,367.02,373.3,9.19,7.52,0.64
铜陵有色,sz000630,6.56,6.9,6.91,452104000.0,6.55,3968700,6.56,770300,-4.93,6.97,6.54,452104000,3040320000.0,4.06,6.23,730.98,879.66,7.59,6.21,1.07
吉林敖东,sz000623,18.08,18.28,18.28,13012500.0,18.07,64500,18.08,33800,-1.09,18.42,18.07,13012500,237540000.0,1.09,1.91,215.33,216.22,20.11,16.45,1.01
中青旅,sh600138,7.12,7.15,7.15,5775500.0,7.11,28400,7.12,66000,-0.42,7.19,7.09,5775500,41150000.0,0.8,1.4,51.54,51.54,7.87,6.44,0.73
雅艺科技,sz301113,16.32,16.36,16.33,1408400.0,16.32,1000,16.33,13700,-0.24,16.65,16.03,1408400,22900000.0,1.97,3.79,11.7,19.31,19.63,13.09,0.82
中国西电,sh601179,13.8,14.07,13.85,115109300.0,13.8,1813600,13.81,353900,-1.92,14.05,13.8,115109300,1599950000.0,2.25,1.78,707.37,707.37,15.48,12.66,0.56
石药景峰,sz000908,6.88,6.95,6.85,33320600.0,6.88,97500,6.89,5900,-1.01,7.06,6.81,33320600,230150000.0,3.79,3.6,60.53,121.06,7.65,6.26,0.92
华北制药,sh600812,5.01,5.02,5.01,28129700.0,5.0,1007400,5.01,42700,-0.2,5.1,4.97,28129700,142050000.0,1.64,2.59,85.96,85.96,5.52,4.52,1.16
康达新材,sz002669,12.63,12.33,12.25,22022000.0,12.62,25600,12.63,21400,2.43,12.98,12.18,22022000,277970000.0,7.27,6.49,38.23,38.32,13.56,11.1,1.5
穗恒运Ａ,sz000531,5.89,5.92,5.88,8999700.0,5.88,75300,5.89,47700,-0.51,5.94,5.84,8999700,53010000.0,0.99,1.69,53.58,61.34,6.51,5.33,0.79
福晶科技,sz002222,63.13,61.14,60.11,33250800.0,63.13,24900,63.14,300,3.25,64.95,59.71,33250800,2081980000.0,7.1,8.57,295.54,296.87,67.25,55.03,0.96
绿联科技,sz301606,53.11,53.45,53.45,2476100.0,53.11,200,53.12,2600,-0.64,53.66,51.9,2476100,130660000.0,1.5,3.29,87.63,220.36,64.14,42.76,0.82
建龙微纳,sh688357,27.46,27.5,27.5,41311700.0,27.38,1000,27.46,10700,-0.15,27.64,27.16,41311700,11330000.0,0.41,1.75,27.48,27.48,33.0,22.0,0.48
奥来德,sh688378,41.23,41.46,41.22,468138000.0,41.23,15600,41.24,100,-0.55,42.38,40.81,468138000,194620000.0,1.94,3.79,99.35,107.79,49.75,33.17,0.57
联得装备,sz300545,28.4,28.65,28.26,4653100.0,28.4,2000,28.41,7600,-0.87,28.85,28.19,4653100,132640000.0,3.89,2.3,33.95,52.67,34.38,22.92,0.66
厦门象屿,sh600057,6.31,6.36,6.39,11251200.0,6.31,31500,6.32,700,-0.79,6.41,6.3,11251200,71310000.0,0.54,1.73,132.04,179.14,7.0,5.72,0.6
中国人寿,sh601628,37.15,37.7,37.51,32492400.0,37.14,10900,37.15,44600,-1.46,37.88,37.05,32492400,1212970000.0,0.16,2.2,7735.94,10500.34,41.47,33.93,0.84
中科环保,sz301175,5.49,5.56,5.56,11330700.0,5.48,96600,5.49,77800,-1.26,5.56,5.47,11330700,62400000.0,1.82,1.62,34.14,80.81,6.67,4.45,0.7
江化微,sh603078,35.68,36.26,36.0,25600600.0,35.68,33900,35.69,1900,-1.6,36.96,35.4,25600600,924680000.0,6.64,4.3,137.6,137.6,39.89,32.63,0.82
东华科技,sz002140,9.03,9.23,9.24,8493100.0,9.03,64500,9.04,20600,-2.17,9.24,9.02,8493100,77310000.0,1.2,2.38,63.84,63.93,10.15,8.31,1.26
富特科技,sz301607,40.69,40.11,40.17,12265600.0,40.69,18300,40.7,4600,1.45,41.48,39.36,12265600,497380000.0,8.08,5.29,61.76,95.27,48.13,32.09,1.0
永信至诚,sh688244,15.81,16.1,16.1,164713800.0,15.79,400,15.81,2000,-1.8,16.1,15.58,164713800,25970000.0,1.09,3.23,23.87,23.87,19.32,12.88,0.54
海螺水泥,sh600585,17.62,17.84,17.85,22322700.0,17.61,45400,17.62,4900,-1.23,17.86,17.6,22322700,395090000.0,0.56,1.46,700.83,929.82,19.62,16.06,0.69
建业股份,sh603948,21.12,21.37,21.17,1195200.0,21.12,19800,21.15,2900,-1.17,21.48,21.0,1195200,25360000.0,0.74,2.25,34.32,34.32,23.51,19.23,0.77
阳光电源,sz300274,120.07,113.71,113.82,84825000.0,120.06,162600,120.07,23200,5.59,122.21,113.08,84825000,10094970000.0,5.34,8.03,1906.14,2489.3,136.45,90.97,1.38
厦门银行,sh601187,7.38,7.27,7.3,19337800.0,7.37,132000,7.38,117400,1.51,7.44,7.27,19337800,142120000.0,0.73,2.34,194.34,194.77,8.0,6.54,1.14
吉峰科技,sz300022,8.26,8.6,8.59,14549100.0,8.26,30000,8.27,6700,-3.95,8.59,8.21,14549100,121070000.0,2.94,4.42,40.82,40.82,10.32,6.88,1.38
红 宝 丽,sz002165,6.78,6.97,6.97,51228900.0,6.78,114200,6.79,241100,-2.73,6.98,6.74,51228900,349080000.0,7.04,3.44,49.33,49.85,7.67,6.27,1.02
浦发银行,sh600000,9.21,9.29,9.27,50942400.0,9.21,43800,9.22,162000,-0.86,9.34,9.18,50942400,470380000.0,0.15,1.72,3067.47,3067.47,10.22,8.36,0.73
首钢股份,sz000959,3.65,3.71,3.72,31923600.0,3.64,302700,3.65,48000,-1.62,3.73,3.63,31923600,116960000.0,0.43,2.7,271.98,283.06,4.08,3.34,1.06
湘潭电化,sz002125,12.63,12.76,12.76,14694400.0,12.62,61300,12.63,30600,-1.02,12.81,12.6,14694400,186610000.0,2.33,1.65,79.51,79.51,14.04,11.48,0.76
百川股份,sz002455,7.28,7.38,7.35,74475900.0,7.28,273500,7.29,13700,-1.36,7.49,7.28,74475900,547670000.0,11.27,2.85,48.11,52.6,8.12,6.64,1.43
东方证券,sh600958,9.15,9.19,9.16,44463400.0,9.14,252400,9.15,14700,-0.44,9.22,9.12,44463400,407490000.0,0.6,1.09,683.46,777.44,10.11,8.27,0.87
四川路桥,sh600039,8.53,8.45,8.48,20114600.0,8.53,120700,8.54,29900,0.95,8.71,8.41,20114600,172760000.0,0.23,3.55,741.73,741.73,9.3,7.61,1.08
大族激光,sz002008,95.38,95.91,94.66,30357400.0,95.37,12600,95.38,30900,-0.55,96.87,93.28,30357400,2890580000.0,3.17,3.74,912.53,982.04,105.5,86.32,0.62
奥普科技,sh603551,9.53,9.55,9.58,1493200.0,9.52,300,9.53,23600,-0.21,9.58,9.43,1493200,14180000.0,0.39,1.57,36.2,36.66,10.51,8.6,0.76
华丰股份,sh605100,32.5,32.41,32.28,3070000.0,32.49,2000,32.5,23200,0.28,32.84,32.0,3070000,99730000.0,1.29,2.59,77.32,77.68,35.65,29.17,0.71
宁波韵升,sh600366,12.3,12.54,12.45,40178800.0,12.29,92600,12.3,119700,-1.91,12.55,12.27,40178800,496950000.0,3.66,2.23,135.18,135.18,13.79,11.29,0.64
江丰电子,sz300666,253.99,261.68,256.0,16130500.0,253.99,2900,254.0,2500,-2.94,261.0,250.01,16130500,4118220000.0,7.3,4.2,561.61,700.94,314.02,209.34,0.74
陕西能源,sz001286,10.7,10.64,10.71,22149300.0,10.69,29100,10.7,7200,0.56,10.85,10.67,22149300,238520000.0,1.64,1.69,144.45,401.25,11.7,9.58,0.93
耐科装备,sh688419,46.71,48.1,47.53,427022300.0,46.71,5400,46.73,500,-2.89,48.79,46.16,427022300,202460000.0,3.73,5.47,53.51,53.51,57.72,38.48,0.71
恒达新材,sz301469,28.65,28.99,28.84,921000.0,28.64,1500,28.65,100,-1.17,28.93,28.0,921000,26210000.0,2.0,3.21,13.2,25.64,34.79,23.19,0.69
华天科技,sz002185,17.93,18.06,17.88,294633900.0,17.93,1087300,17.94,641500,-0.72,18.43,17.66,294633900,5329550000.0,8.87,4.26,595.75,595.89,19.87,16.25,0.74
箭牌家居,sz001322,6.17,6.18,6.14,3015400.0,6.17,4900,6.18,128800,-0.16,6.2,6.09,3015400,18590000.0,0.38,1.78,48.47,59.58,6.8,5.56,0.9
豪鹏科技,sz001283,43.4,43.16,43.18,3137000.0,43.4,15200,43.43,1000,0.56,43.92,42.51,3137000,135690000.0,3.03,3.27,44.88,56.28,47.48,38.84,0.91
中际联合,sh605305,38.9,39.75,39.72,3391500.0,38.89,11000,38.9,6000,-2.14,39.8,38.81,3391500,133000000.0,1.6,2.49,82.67,82.67,43.73,35.78,0.9
大元泵业,sh603757,61.5,62.7,62.04,8104600.0,61.5,22100,61.52,400,-1.91,62.99,60.9,8104600,502120000.0,4.34,3.33,114.73,114.73,68.97,56.43,0.84
六国化工,sh600470,5.66,5.77,5.75,15215500.0,5.66,25900,5.67,35500,-1.91,5.77,5.63,15215500,86540000.0,2.92,2.43,29.52,29.52,6.35,5.19,0.78
中国宝安,sz000009,8.12,8.19,8.16,49515300.0,8.12,25100,8.13,36200,-0.85,8.32,8.09,49515300,405400000.0,1.92,2.81,209.17,209.43,9.01,7.37,0.63
云南铜业,sz000878,16.5,17.16,17.14,61089000.0,16.49,402200,16.5,53800,-3.85,17.35,16.47,61089000,1031870000.0,3.05,5.13,330.6,400.16,18.88,15.44,1.01
新化股份,sh603867,28.56,28.93,28.94,4723000.0,28.56,3400,28.59,1100,-1.28,28.99,28.25,4723000,135370000.0,2.19,2.56,61.6,62.11,31.82,26.04,0.91
前沿生物-U,sh688221,21.49,21.11,20.89,2270602900.0,21.49,4100,21.5,2800,1.8,22.48,20.7,2270602900,490870000.0,6.06,8.43,80.5,80.5,25.33,16.89,1.23
骆驼股份,sh601311,7.87,7.93,7.93,10962300.0,7.87,35100,7.88,15000,-0.76,7.96,7.86,10962300,86730000.0,0.93,1.26,92.33,92.33,8.72,7.14,0.85
时代电气,sh688187,49.47,50.18,49.88,640621000.0,49.46,1000,49.47,58300,-1.41,51.0,49.29,640621000,321850000.0,0.74,3.41,429.85,658.3,60.22,40.14,0.95
先导基电,sh600641,32.47,34.41,33.73,150464500.0,32.47,42200,32.48,98400,-5.64,35.8,32.09,150464500,5048880000.0,16.17,10.78,302.18,307.45,37.85,30.97,1.94
奇安信-U,sh688561,27.47,26.73,27.0,1198665200.0,27.47,2100,27.48,3000,2.77,28.0,26.73,1198665200,330790000.0,1.76,4.75,187.41,187.41,32.08,21.38,1.05
天润乳业,sh600419,8.88,8.96,8.9,10170000.0,8.87,33800,8.88,8300,-0.89,9.09,8.8,10170000,90800000.0,3.22,3.24,28.02,28.02,9.86,8.06,1.11
永福股份,sz300712,21.91,21.82,21.6,2595900.0,21.9,800,21.91,600,0.41,22.08,21.32,2595900,56420000.0,1.39,3.48,40.91,41.09,26.18,17.46,1.41
福建金森,sz002679,9.06,9.0,8.99,2810300.0,9.01,13400,9.06,5700,0.67,9.08,8.84,2810300,25260000.0,1.19,2.67,21.36,21.36,9.9,8.1,0.98
恒光股份,sz301118,22.39,22.78,22.54,2098000.0,22.33,2300,22.39,700,-1.71,22.75,22.2,2098000,47090000.0,1.98,2.41,23.72,24.65,27.34,18.22,0.62
朗坤科技,sz301305,22.93,23.13,23.29,3638200.0,22.93,46200,22.96,7000,-0.86,23.29,22.67,3638200,83380000.0,2.93,2.68,28.51,55.48,27.76,18.5,0.59
粤宏远Ａ,sz000573,3.71,3.72,3.74,14314000.0,3.7,5500,3.71,113700,-0.27,3.75,3.66,14314000,53030000.0,2.26,2.42,23.48,23.68,4.09,3.35,0.66
珠海冠宇,sh688772,14.5,14.69,14.58,1490376400.0,14.5,134900,14.51,12700,-1.29,14.74,14.35,1490376400,216440000.0,1.31,2.65,165.05,165.05,17.63,11.75,0.65
七 匹 狼,sz002029,9.15,9.05,9.07,17777000.0,9.14,17200,9.15,95500,1.1,9.27,9.03,17777000,162980000.0,2.67,2.65,60.88,64.51,9.96,8.15,0.8
四川成渝,sh601107,5.57,5.58,5.6,8320200.0,5.57,11900,5.58,136200,-0.18,5.63,5.55,8320200,46440000.0,0.38,1.43,120.46,170.33,6.14,5.02,0.75
星光股份,sz002076,2.08,2.09,2.09,21109300.0,2.08,4400,2.09,662300,-0.48,2.11,2.06,21109300,44010000.0,2.03,2.39,21.68,23.07,2.3,1.88,0.53
江南新材,sh603124,136.58,141.11,138.2,5284600.0,136.58,2700,136.59,600,-3.21,140.77,134.7,5284600,726050000.0,6.81,4.3,106.0,199.06,155.22,127.0,0.71
曼恩斯特,sz301325,32.1,32.17,32.17,1022700.0,32.04,1300,32.1,3200,-0.22,32.49,31.5,1022700,32790000.0,0.71,3.08,46.19,46.19,38.6,25.74,0.68
超捷股份,sz301005,76.14,83.44,75.0,18088500.0,76.14,14500,76.15,2600,-8.75,77.85,72.12,18088500,1370530000.0,9.82,6.87,140.2,143.12,100.13,66.75,1.41
盛美上海,sh688082,311.95,323.02,320.79,894214000.0,311.92,300,311.95,100,-3.43,323.98,303.9,894214000,2818060000.0,1.87,6.22,1489.29,1505.46,387.62,258.42,0.98
利扬芯片,sh688135,24.81,25.11,24.71,1147279100.0,24.8,58200,24.81,14700,-1.19,25.48,24.27,1147279100,285230000.0,4.92,4.82,57.83,57.83,30.13,20.09,0.78
ST荃银,sz300087,5.29,5.37,5.35,9612700.0,5.28,223500,5.29,51200,-1.49,5.35,5.28,9612700,51070000.0,1.07,1.3,47.73,50.11,6.44,4.3,0.66
德赛电池,sz000049,24.78,24.88,24.88,6716000.0,24.78,6500,24.8,22300,-0.4,25.22,24.7,6716000,167060000.0,1.75,2.09,95.29,95.31,27.37,22.39,0.88
科新发展,sh600234,21.26,21.22,20.97,2421300.0,21.26,2300,21.28,700,0.19,21.65,20.68,2421300,51380000.0,0.92,4.57,55.81,55.81,23.34,19.1,0.61
宝鼎科技,sz002552,54.61,52.36,53.01,55382900.0,54.61,21200,54.62,5600,4.3,57.6,53.01,55382900,3050690000.0,15.03,8.77,201.24,211.88,57.6,47.12,3.51
中望软件,sh688083,50.83,50.86,50.95,203955600.0,50.81,4600,50.83,8300,-0.06,51.49,50.1,203955600,103640000.0,1.2,2.73,86.23,86.23,61.03,40.69,0.58
华脉科技,sh603042,13.16,13.17,13.13,5840300.0,13.16,1200,13.17,4500,-0.08,13.36,12.98,5840300,76920000.0,2.8,2.89,27.47,27.47,14.49,11.85,0.5
津药药业,sh600488,5.93,6.2,6.01,123282800.0,5.93,461000,5.94,128700,-4.35,6.11,5.91,123282800,737370000.0,11.29,3.23,64.75,64.75,6.82,5.58,0.98
中信银行,sh601998,7.52,7.52,7.53,32682400.0,7.52,13900,7.53,114000,0.0,7.58,7.49,32682400,246210000.0,0.08,1.2,3065.38,4184.52,8.27,6.77,0.6
德美化工,sz002054,7.23,7.36,7.36,9032200.0,7.23,13800,7.24,46900,-1.77,7.36,7.22,9032200,65740000.0,2.35,1.9,27.76,34.86,8.1,6.62,0.76
天奇股份,sz002009,17.97,17.91,17.75,15412100.0,17.96,5800,17.97,38500,0.34,18.22,17.51,15412100,276420000.0,4.35,3.96,63.62,72.28,19.7,16.12,0.77
海立股份,sh600619,14.68,14.05,14.03,57156500.0,14.68,156000,14.69,35000,4.48,15.12,13.98,57156500,841740000.0,7.24,8.11,115.85,157.57,15.46,12.65,2.37
爱克股份,sz300889,22.0,22.31,22.3,3920700.0,22.0,29500,22.01,3600,-1.39,22.39,21.7,3920700,86480000.0,2.68,3.09,32.2,48.45,26.77,17.85,0.66
镇海股份,sh603637,13.42,13.69,13.69,7409500.0,13.42,11200,13.44,15700,-1.97,13.7,12.91,7409500,98400000.0,3.1,5.77,32.03,32.03,15.06,12.32,1.06
大叶股份,sz300879,17.53,17.77,17.59,4208200.0,17.52,4400,17.53,7000,-1.35,17.75,17.11,4208200,73210000.0,2.09,3.6,35.24,35.48,21.32,14.22,0.8
三和管桩,sz003037,5.78,5.84,5.8,3291100.0,5.77,13700,5.78,12600,-1.03,5.84,5.73,3291100,19040000.0,0.55,1.88,34.63,34.63,6.42,5.26,0.76
博力威,sh688345,55.0,55.62,56.56,117931500.0,55.0,9400,55.01,0,-1.11,56.56,54.8,117931500,65350000.0,1.16,3.16,55.76,56.03,66.74,44.5,0.67
滨化股份,sh601678,7.11,7.43,7.3,169547800.0,7.11,181400,7.12,296300,-4.31,7.38,7.11,169547800,1223830000.0,8.3,3.63,145.28,171.28,8.17,6.69,0.72
佳先股份,bj920489,13.58,13.9,13.72,3689000.0,13.58,900,13.59,5600,-2.3,14.06,13.58,3689000,50754700.0,4.25,3.45,11.79,18.53,18.07,9.73,0.74
*ST九鼎,sh600053,7.3,7.37,7.35,1232700.0,7.29,12200,7.3,900,-0.95,7.37,7.23,1232700,9000000.0,0.28,1.9,31.65,31.65,8.11,6.63,0.91
常山药业,sz300255,27.56,27.62,27.64,57717500.0,27.56,196800,27.57,41300,-0.22,28.64,27.18,57717500,1610630000.0,6.29,5.29,252.9,253.29,33.14,22.1,1.08
奥福科技,sh688021,20.77,21.04,21.04,91035400.0,20.77,300,20.86,9200,-1.28,21.23,20.66,91035400,18990000.0,1.19,2.71,15.87,15.87,25.25,16.83,0.62
有方科技,sh688159,32.98,33.2,33.18,216777500.0,32.98,6800,32.99,1600,-0.66,33.4,32.55,216777500,71600000.0,2.34,2.56,30.59,30.59,39.84,26.56,0.63
永安林业,sz000663,5.58,5.6,5.57,4849300.0,5.57,18900,5.58,1100,-0.36,5.64,5.51,4849300,27080000.0,1.58,2.32,17.09,18.79,6.16,5.04,0.86
ST智知,sh603869,8.93,8.93,8.88,735300.0,8.92,4600,8.93,4600,0.0,8.94,8.84,735300,6540000.0,0.15,1.12,43.63,43.63,9.82,8.04,0.46
中邮科技,sh688648,32.01,32.25,32.14,95314700.0,31.94,200,32.01,5500,-0.74,32.18,31.4,95314700,30300000.0,1.37,2.42,22.26,43.53,38.7,25.8,0.61
蓝晓科技,sz300487,67.74,69.79,69.51,7140500.0,67.74,4200,67.75,600,-2.94,69.52,67.21,7140500,488270000.0,2.32,3.31,208.65,344.89,83.75,55.83,0.82
道通科技,sh688208,27.53,27.99,27.95,765735200.0,27.53,1000,27.54,900,-1.64,28.07,27.51,765735200,212840000.0,1.14,2.0,184.5,184.5,33.59,22.39,0.62
上海银行,sh601229,9.23,9.27,9.27,40802800.0,9.22,410100,9.23,59300,-0.43,9.36,9.22,40802800,378470000.0,0.29,1.51,1311.49,1311.49,10.2,8.34,0.7
招商蛇口,sz001979,7.23,7.2,7.23,53342000.0,7.22,254000,7.23,83300,0.42,7.31,7.17,53342000,386150000.0,0.6,1.94,641.28,651.86,7.92,6.48,0.51
东田微,sz301183,191.3,179.91,178.31,8255300.0,191.3,200,191.36,700,6.33,197.0,172.81,8255300,1533060000.0,14.06,13.45,112.29,153.19,215.89,143.93,1.33
浪潮信息,sz000977,75.11,76.7,76.7,53891200.0,75.11,4800,75.12,5500,-2.07,77.2,75.01,53891200,4090120000.0,3.67,2.86,1101.74,1102.97,84.37,69.03,0.61
美亚光电,sz002690,15.31,15.43,15.41,3447300.0,15.3,5500,15.31,58100,-0.78,15.5,15.27,3447300,52960000.0,0.79,1.49,66.41,135.07,16.97,13.89,0.59
富信科技,sh688662,82.54,83.4,82.14,1126467400.0,82.52,500,82.54,5700,-1.03,84.9,80.03,1126467400,928830000.0,9.82,5.84,94.68,94.68,100.08,66.72,0.75
福能股份,sh600483,10.48,10.51,10.51,9518000.0,10.48,15800,10.49,52500,-0.29,10.61,10.47,9518000,100070000.0,0.34,1.33,291.36,291.36,11.56,9.46,0.78
和顺科技,sz301237,55.5,54.75,54.75,1538600.0,55.47,100,55.5,3000,1.37,56.72,54.0,1538600,85240000.0,2.64,4.97,32.33,44.4,65.7,43.8,0.79
通威股份,sh600438,12.84,12.71,12.6,70986300.0,12.84,24200,12.85,179000,1.02,13.05,12.5,70986300,906600000.0,1.58,4.33,578.06,578.06,13.98,11.44,0.69
东吴证券,sh601555,7.94,8.0,7.98,25850700.0,7.94,494600,7.95,161100,-0.75,8.01,7.93,25850700,205750000.0,0.52,1.0,394.52,394.52,8.8,7.2,0.8
时代新材,sh600458,11.51,11.67,11.6,13688100.0,11.51,15600,11.52,11200,-1.37,11.72,11.48,13688100,158660000.0,1.57,2.06,100.04,109.61,12.84,10.5,0.83
惠泰医疗,sh688617,217.77,211.01,210.79,161464700.0,217.72,800,217.77,1200,3.2,219.79,209.1,161464700,349180000.0,1.14,5.07,308.21,308.21,253.21,168.81,1.05
海锅股份,sz301063,17.93,17.99,17.99,1403200.0,17.92,200,17.93,400,-0.33,18.14,17.71,1403200,25140000.0,1.45,2.39,17.33,18.71,21.59,14.39,0.83
深科达,sh688328,77.01,78.47,77.52,681720500.0,77.01,1300,77.03,1000,-1.86,79.22,74.6,681720500,524810000.0,7.22,5.89,72.74,72.74,94.16,62.78,0.74
华菱钢铁,sz000932,3.66,3.73,3.73,88657600.0,3.65,3889900,3.66,1292200,-1.88,3.74,3.65,88657600,326040000.0,1.29,2.41,250.81,250.81,4.1,3.36,0.94
大晟文化,sh600892,3.92,3.82,3.73,101027100.0,3.92,177300,3.93,18800,2.62,4.07,3.67,101027100,393220000.0,18.06,10.47,21.93,21.93,4.2,3.44,1.43
国脉文化,sh600640,10.79,10.75,10.71,5426700.0,10.78,3900,10.79,28900,0.37,10.93,10.62,5426700,58570000.0,0.69,2.88,85.41,85.41,11.83,9.68,0.84
浙江众成,sz002522,5.04,5.07,5.07,21955500.0,5.03,279200,5.04,100600,-0.59,5.11,4.98,21955500,110820000.0,2.43,2.56,45.61,45.65,5.58,4.56,0.8
星球石墨,sh688633,24.56,24.58,24.42,237591300.0,24.56,39200,24.59,1300,-0.08,24.78,24.2,237591300,58180000.0,1.39,2.36,41.85,41.85,29.5,19.66,0.71
古汉医药,sz000590,9.01,9.02,9.05,2979400.0,9.01,34500,9.03,2800,-0.11,9.17,8.9,2979400,26890000.0,1.24,2.99,21.57,21.58,9.92,8.12,0.89
中金岭南,sz000060,6.69,6.94,6.94,168976900.0,6.68,1088600,6.69,353700,-3.6,7.03,6.67,168976900,1155050000.0,3.8,5.19,297.11,297.11,7.63,6.25,0.93
大东南,sz002263,3.06,3.07,3.05,38647200.0,3.06,227200,3.07,1041400,-0.33,3.09,3.02,38647200,118470000.0,2.06,2.28,57.48,57.48,3.38,2.76,0.76
道明光学,sz002632,8.36,8.44,8.39,9228600.0,8.36,21900,8.37,26500,-0.95,8.46,8.3,9228600,77400000.0,1.61,1.9,48.02,52.22,9.28,7.6,0.66
睿创微纳,sh688002,166.75,169.0,169.0,1336646500.0,166.75,700,166.78,5100,-1.33,175.42,166.2,1336646500,2282360000.0,2.87,5.46,776.3,776.3,202.8,135.2,1.14
特锐德,sz300001,35.65,35.36,36.3,29208700.0,35.65,27400,35.66,10000,0.82,37.81,35.5,29208700,1063790000.0,2.83,6.53,367.61,376.22,42.43,28.29,1.66
艾比森,sz300389,12.38,12.6,12.48,6552700.0,12.37,1800,12.38,18900,-1.75,12.56,12.34,6552700,81530000.0,2.99,1.75,27.17,45.69,15.12,10.08,1.1
TCL科技,sz000100,5.0,4.87,4.84,858571500.0,4.99,1647300,5.0,6265700,2.67,5.09,4.83,858571500,4300170000.0,4.27,5.34,1005.75,1040.04,5.36,4.38,1.57
盈建科,sz300935,30.63,29.94,30.38,6314300.0,30.63,1800,30.7,2000,2.3,31.19,29.09,6314300,190920000.0,10.48,7.01,18.46,24.33,35.93,23.95,0.64
通富微电,sz002156,62.06,63.2,62.49,86614700.0,62.05,17400,62.06,17800,-1.8,64.3,61.8,86614700,5451310000.0,5.71,3.96,941.73,941.82,69.52,56.88,0.59
南亚新材,sh688519,285.0,303.02,289.0,904512600.0,284.9,1400,285.0,700,-5.95,298.47,279.01,904512600,2596300000.0,3.85,6.42,670.26,670.26,363.62,242.42,0.95
领湃科技,sz300530,20.3,20.73,20.5,9982500.0,20.3,5300,20.31,9000,-2.07,20.74,20.0,9982500,203470000.0,5.81,3.57,34.91,34.91,24.88,16.58,1.0
洁美科技,sz002859,81.32,73.93,73.93,19355700.0,81.32,1557700,0.0,0,10.0,81.32,73.18,19355700,1521090000.0,4.52,11.01,348.31,368.9,81.32,66.54,0.84
海大集团,sz002311,46.35,46.59,46.5,10444900.0,46.34,200,46.35,900,-0.52,46.94,45.73,10444900,484430000.0,0.63,2.6,766.65,767.39,51.25,41.93,0.87
广日股份,sh600894,7.84,7.94,7.89,3060400.0,7.84,52600,7.85,62400,-1.26,7.95,7.83,3060400,24090000.0,0.36,1.51,66.1,66.42,8.73,7.15,0.67
迪贝电气,sh603320,16.77,16.74,16.74,1487300.0,16.77,6000,16.78,9800,0.18,16.92,16.42,1487300,24800000.0,1.0,2.99,25.01,25.01,18.41,15.07,0.83
品茗科技,sh688109,78.5,75.25,74.5,142403400.0,78.5,500,78.55,800,4.32,80.5,74.39,142403400,111230000.0,1.81,8.12,61.89,61.89,90.3,60.2,1.13
智云股份,sz300097,9.05,9.14,9.1,5857000.0,9.05,15000,9.06,29000,-0.98,9.19,8.83,5857000,53020000.0,2.22,3.94,23.88,26.11,10.97,7.31,0.46
宏桥控股,sz002379,19.4,19.76,20.15,88756700.0,19.4,29300,19.41,1800,-1.82,21.23,19.3,88756700,1794090000.0,7.81,9.77,220.46,2528.04,21.74,17.78,1.12
源杰科技,sh688498,1351.0,1415.1,1380.0,523915300.0,1350.99,200,1351.0,4200,-4.53,1396.0,1291.0,523915300,7081210000.0,4.26,7.42,1660.27,1682.0,1698.12,1132.08,0.8
申能股份,sh600642,8.47,8.37,8.38,27965200.0,8.46,204500,8.47,99100,1.19,8.52,8.34,27965200,236620000.0,0.57,2.15,414.51,414.53,9.21,7.53,1.23
合康新能,sz300048,5.24,5.33,5.3,6413400.0,5.23,144800,5.24,17200,-1.69,5.32,5.22,6413400,33750000.0,0.57,1.88,59.22,59.34,6.4,4.26,0.46
四川双马,sz000935,23.4,22.94,22.94,7215400.0,23.39,13900,23.4,47700,2.01,23.59,22.8,7215400,167960000.0,0.95,3.44,178.65,178.65,25.23,20.65,1.19
燕东微,sh688172,55.5,56.45,55.58,897076700.0,55.5,700,55.51,300,-1.68,57.0,54.2,897076700,499310000.0,0.75,4.96,665.31,792.33,67.74,45.16,0.53
万得凯,sz301309,31.19,30.48,30.36,1993700.0,31.19,1100,31.2,38900,2.33,32.87,30.36,1993700,63360000.0,3.29,8.23,18.9,31.36,36.58,24.38,2.37
耐普矿机,sz300818,21.13,21.64,21.55,3986800.0,21.12,400,21.13,3700,-2.36,22.38,21.07,3986800,85890000.0,2.81,6.05,30.03,46.36,25.97,17.31,0.71
三人行,sh605168,43.36,42.27,42.27,7793200.0,43.36,1000,43.37,4500,2.58,45.71,42.0,7793200,338390000.0,3.7,8.78,91.41,91.41,46.5,38.04,1.19
*ST和科,sz002816,25.6,26.25,26.01,1592300.0,25.6,1100,25.61,1900,-2.48,26.24,25.53,1592300,41100000.0,1.59,2.7,25.6,25.6,28.88,23.63,0.85
远翔新材,sz301300,31.36,31.39,31.51,669100.0,31.36,800,31.44,1600,-0.1,31.69,30.73,669100,20880000.0,1.71,3.06,12.25,20.52,37.67,25.11,0.82
航民股份,sh600987,6.75,6.81,6.81,4944500.0,6.74,22900,6.75,7300,-0.88,6.83,6.72,4944500,33470000.0,0.48,1.62,68.91,68.91,7.49,6.13,0.55
康盛股份,sz002418,3.84,3.75,3.76,94895700.0,3.84,459000,3.85,406300,2.4,4.12,3.72,94895700,369250000.0,8.35,10.67,43.64,43.64,4.13,3.38,1.76
吉宏股份,sz002803,18.73,19.54,19.44,17332300.0,18.73,41800,18.74,4600,-4.15,19.5,18.57,17332300,330130000.0,5.82,4.76,55.73,85.77,21.49,17.59,0.93
新宏泰,sh603016,29.22,29.28,29.25,1961000.0,29.22,1600,29.24,200,-0.2,29.5,28.55,1961000,56920000.0,1.32,3.24,43.29,43.29,32.21,26.35,0.97
华升股份,sh600156,8.3,8.26,8.33,12001400.0,8.3,53100,8.31,57600,0.48,8.42,8.08,12001400,99150000.0,2.98,4.12,33.38,33.38,9.09,7.43,0.76
金银河,sz300619,26.43,26.87,27.0,5804200.0,26.42,7700,26.43,4700,-1.64,27.2,26.38,5804200,154800000.0,3.05,3.05,50.33,59.78,32.24,21.5,0.6
盘古智能,sz301456,23.57,23.96,23.8,1226100.0,23.57,3000,23.61,1400,-1.63,23.9,23.3,1226100,28920000.0,1.79,2.5,16.16,35.85,28.75,19.17,0.65
无锡银行,sh600908,5.39,5.42,5.42,11647800.0,5.38,205500,5.39,94000,-0.55,5.45,5.38,11647800,62980000.0,0.58,1.29,107.76,118.29,5.96,4.88,0.57
绿田机械,sh605259,18.16,18.48,18.48,660700.0,18.16,6800,18.18,6500,-1.73,18.48,18.16,660700,12070000.0,0.38,1.73,31.32,31.32,20.33,16.63,0.91
福昕软件,sh688095,67.8,67.86,68.94,624000100.0,67.79,3100,67.8,3900,-0.09,69.69,66.3,624000100,425090000.0,6.83,5.0,61.94,61.94,81.43,54.29,0.63
华勤技术,sh603296,80.03,80.81,80.28,24429100.0,80.02,300,80.03,5300,-0.97,83.16,79.9,24429100,1995950000.0,3.06,4.03,639.12,1213.42,88.89,72.73,0.97
航材股份,sh688563,52.44,52.8,52.08,200233100.0,52.43,3700,52.44,2100,-0.68,52.8,51.26,200233100,104150000.0,1.48,2.92,71.08,235.64,63.36,42.24,0.99
南芯科技,sh688484,36.72,36.32,35.78,1083911100.0,36.71,3500,36.72,10800,1.1,37.65,35.78,1083911100,398750000.0,2.52,5.15,157.75,157.75,43.58,29.06,1.18
南大光电,sz300346,58.75,59.39,58.51,46579500.0,58.75,3700,58.77,200,-1.08,59.92,57.86,46579500,2745720000.0,7.1,3.47,385.39,406.05,71.27,47.51,0.69
君实生物-U,sh688180,38.49,38.91,38.31,2107533800.0,38.48,25000,38.49,36000,-1.08,39.5,38.31,2107533800,820120000.0,2.75,3.06,294.99,395.17,46.69,31.13,1.1
圣诺生物,sh688117,26.27,26.15,25.79,1016109000.0,26.27,3200,26.28,1200,0.46,27.2,25.79,1016109000,270920000.0,4.61,5.39,57.88,57.88,31.38,20.92,1.18
福达合金,sh603045,54.59,55.19,54.5,6189300.0,54.58,1700,54.59,26200,-1.09,56.3,54.36,6189300,342250000.0,4.57,3.52,73.94,73.94,60.71,49.67,0.74
扬子新材,sz002652,3.91,3.95,3.95,11378600.0,3.91,60600,3.92,48100,-1.01,3.97,3.86,11378600,44620000.0,2.22,2.78,20.02,20.02,4.35,3.56,0.71
天能股份,sh688819,22.18,22.26,22.22,231233500.0,22.18,16200,22.23,2100,-0.36,22.43,22.03,231233500,51450000.0,0.24,1.8,215.61,215.61,26.71,17.81,0.84
力鼎光电,sh605118,29.46,29.61,29.36,2772400.0,29.44,100,29.46,100,-0.51,29.77,28.97,2772400,81500000.0,0.68,2.7,120.45,121.16,32.57,26.65,0.59
宏柏新材,sh605366,8.22,8.29,8.21,21194200.0,8.22,166100,8.23,57100,-0.84,8.29,8.08,21194200,174040000.0,2.74,2.53,63.53,63.53,9.12,7.46,0.51
金冠电气,sh688517,15.82,15.92,15.9,220678800.0,15.81,2200,15.82,6400,-0.63,16.01,15.66,220678800,34980000.0,1.62,2.2,21.61,21.61,19.1,12.74,0.79
密封科技,sz301020,20.93,20.86,20.88,1821800.0,20.93,3000,20.94,2000,0.34,21.06,20.53,1821800,37990000.0,1.24,2.54,30.64,30.64,25.03,16.69,0.57
海南橡胶,sh601118,5.37,5.52,5.52,56701400.0,5.37,73800,5.38,515800,-2.72,5.53,5.36,56701400,307860000.0,1.32,3.08,229.81,229.81,6.07,4.97,0.76
云天化,sh600096,29.83,30.14,30.12,36128200.0,29.83,46000,29.84,45900,-1.03,30.93,29.81,36128200,1094650000.0,1.98,3.72,543.8,543.8,33.15,27.13,1.29
招商积余,sz001914,8.78,8.82,8.8,4696800.0,8.78,39300,8.79,800,-0.45,8.88,8.75,4696800,41370000.0,0.45,1.47,92.52,92.52,9.7,7.94,0.53
宁波色母,sz301019,15.4,15.58,15.5,1455800.0,15.4,3400,15.41,2000,-1.16,15.55,15.26,1455800,22430000.0,1.0,1.86,22.35,30.49,18.7,12.46,0.6
海宁皮城,sz002344,3.85,3.88,3.86,7239300.0,3.85,112000,3.86,85200,-0.77,3.9,3.84,7239300,27960000.0,0.57,1.55,49.33,49.38,4.27,3.49,0.77
雄韬股份,sz002733,19.16,19.19,19.19,10346600.0,19.15,61500,19.16,91100,-0.16,19.42,18.85,10346600,198410000.0,2.81,2.97,70.67,73.62,21.11,17.27,0.76
亨通光电,sh600487,57.62,59.62,57.99,191626400.0,57.62,449500,57.63,221600,-3.35,59.27,56.36,191626400,11052130000.0,7.81,4.88,1413.79,1421.14,65.58,53.66,0.68
潍柴重机,sz000880,24.63,23.76,23.97,33959000.0,24.62,8500,24.63,14100,3.66,25.4,23.97,33959000,840200000.0,14.96,6.02,55.92,114.25,26.14,21.38,3.36
思瑞浦,sh688536,266.09,248.0,247.24,554141400.0,266.09,1100,266.19,200,7.29,270.3,247.23,554141400,1462260000.0,4.09,9.3,360.95,367.41,297.6,198.4,1.47
元利科技,sh603217,24.97,24.96,24.96,2565700.0,24.97,2600,24.98,1400,0.04,25.25,24.2,2565700,63720000.0,1.23,4.21,51.96,51.96,27.46,22.46,0.48
南钢股份,sh600282,4.68,4.73,4.72,41122800.0,4.68,5600,4.69,200800,-1.06,4.77,4.67,41122800,193470000.0,0.67,2.11,288.53,288.53,5.2,4.26,0.88
四方光电,sh688665,45.3,45.52,45.52,45028400.0,45.21,600,45.3,1300,-0.48,46.14,44.85,45028400,20440000.0,0.44,2.83,45.84,45.84,54.62,36.42,0.91
新疆交建,sz002941,10.97,10.89,10.89,8869900.0,10.96,28100,10.97,119400,0.73,11.0,10.78,8869900,96750000.0,1.22,2.02,80.05,80.05,11.98,9.8,0.59
北玻股份,sz002613,3.39,3.42,3.39,21703500.0,3.39,84900,3.4,347100,-0.88,3.44,3.36,21703500,73720000.0,2.81,2.34,26.23,37.31,3.76,3.08,0.79
明月镜片,sz301101,29.96,29.79,29.7,1776300.0,29.95,1200,29.96,10800,0.57,30.08,29.32,1776300,52820000.0,0.92,2.55,58.15,60.37,35.75,23.83,0.89
志晟信息,bj920171,17.01,17.18,17.05,1194000.0,17.01,19300,17.06,1200,-0.99,17.45,16.94,1194000,20538300.0,1.77,2.97,11.5,17.05,22.33,12.03,0.54
德创环保,sh603177,9.34,9.35,9.25,2419800.0,9.33,4300,9.34,4400,-0.11,9.45,9.16,2419800,22580000.0,1.19,3.1,19.07,19.07,10.29,8.42,0.63
比亚迪,sz002594,90.12,91.15,91.18,24222800.0,90.12,39900,90.13,7900,-1.13,91.66,89.93,24222800,2191440000.0,0.69,1.9,3142.14,8216.42,100.27,82.04,0.52
兆易创新,sh603986,402.29,403.03,397.0,43650200.0,402.29,11100,402.3,5600,-0.18,414.78,396.58,43650200,17721400000.0,6.53,4.52,2689.28,2823.05,443.33,362.73,0.66
优彩资源,sz002998,7.97,8.17,8.2,11130700.0,7.96,11800,7.97,7800,-2.45,8.2,7.93,11130700,89490000.0,4.11,3.3,21.56,28.28,8.99,7.35,0.59
新锐股份,sh688257,60.3,62.21,61.15,1414943200.0,60.3,1700,60.31,1400,-3.07,62.16,59.2,1414943200,860360000.0,3.98,4.76,214.22,214.22,74.65,49.77,0.64
蓝英装备,sz300293,16.17,16.27,16.22,6144900.0,16.17,16000,16.18,29300,-0.61,16.35,16.05,6144900,99600000.0,1.82,1.84,54.73,54.73,19.52,13.02,0.67
宝钛股份,sh600456,28.19,28.91,28.65,6825300.0,28.19,3800,28.2,15800,-2.49,28.65,28.12,6825300,193240000.0,1.43,1.83,134.69,134.69,31.8,26.02,1.03
华茂股份,sz000850,4.08,4.12,4.11,7029000.0,4.07,295600,4.08,23600,-0.97,4.13,4.06,7029000,28770000.0,0.75,1.7,38.49,38.5,4.53,3.71,0.81
泰坦科技,sh688133,24.63,24.46,24.61,468115900.0,24.63,7300,24.67,2000,0.7,24.98,23.86,468115900,114390000.0,2.85,4.58,40.5,40.5,29.35,19.57,0.63
一拖股份,sh601038,13.13,13.48,13.53,6695500.0,13.13,2000,13.14,500,-2.6,13.58,13.05,6695500,88950000.0,0.92,3.93,96.07,147.53,14.83,12.13,0.79
百济神州,sh688235,300.3,299.79,298.4,946180300.0,300.23,700,300.3,200,0.17,314.85,297.02,946180300,2895050000.0,8.22,5.95,345.51,4631.48,359.75,239.83,1.04
ST中珠,sh600568,2.22,2.27,2.26,10570000.0,2.21,352100,2.22,164000,-2.2,2.26,2.2,10570000,23490000.0,0.63,2.64,37.05,44.24,2.5,2.04,1.67
先河环保,sz300137,12.26,12.41,12.33,19479900.0,12.26,200400,12.27,32100,-1.21,12.45,12.03,19479900,238330000.0,3.68,3.38,64.98,65.78,14.89,9.93,0.7
厦门国贸,sh600755,5.75,5.77,5.75,8136600.0,5.75,38200,5.76,49700,-0.35,5.79,5.72,8136600,46820000.0,0.38,1.21,122.6,122.91,6.35,5.19,0.54
华安证券,sh600909,8.2,8.24,8.19,93149900.0,8.19,428800,8.2,183400,-0.49,8.32,8.16,93149900,767730000.0,1.85,1.94,411.99,411.99,9.06,7.42,0.68
东微半导,sh688261,72.22,71.26,70.0,624305700.0,72.22,0,72.24,1600,1.35,74.18,69.9,624305700,451550000.0,5.11,6.01,88.18,88.57,85.51,57.01,1.04
ST司特,sz002538,7.29,7.18,7.2,19703300.0,7.28,34100,7.29,201000,1.53,7.42,7.19,19703300,144100000.0,2.31,3.2,62.18,62.22,7.9,6.46,1.51
福光股份,sh688010,26.75,27.14,26.82,325594000.0,26.75,3500,26.76,2600,-1.44,27.11,26.27,325594000,87050000.0,2.03,3.1,42.95,42.95,32.57,21.71,0.71
中原传媒,sz000719,12.19,12.36,12.33,3501000.0,12.18,1700,12.19,19700,-1.38,12.5,12.14,3501000,43070000.0,0.52,2.91,81.33,124.73,13.6,11.12,0.68
久量股份,sz300808,19.56,18.81,18.9,3172800.0,19.56,1200,19.62,700,3.99,20.47,18.4,3172800,61820000.0,2.67,11.0,23.26,31.3,22.57,15.05,1.78
坤彩科技,sh603826,17.75,17.92,17.92,10305500.0,17.75,0,17.76,16200,-0.95,18.18,17.61,10305500,183780000.0,1.21,3.18,151.19,151.19,19.71,16.13,0.77
传艺科技,sz002866,15.83,15.71,15.66,7909200.0,15.82,3200,15.83,15800,0.76,15.91,15.5,7909200,124480000.0,4.36,2.61,28.69,45.83,17.28,14.14,0.66
海融科技,sz300915,20.89,20.96,20.74,1604700.0,20.86,2600,20.89,6900,-0.33,21.2,20.68,1604700,33560000.0,2.79,2.48,12.02,26.29,25.15,16.77,0.85
博众精工,sh688097,43.29,42.79,42.79,536799500.0,43.29,2200,43.3,7800,1.17,44.13,42.33,536799500,232380000.0,1.2,4.21,193.35,193.35,51.35,34.23,0.84
彤程新材,sh603650,64.68,65.58,64.79,17000700.0,64.68,37100,64.69,2700,-1.37,66.38,64.3,17000700,1110380000.0,2.77,3.17,397.51,398.47,72.14,59.02,0.7
东诚药业,sz002675,13.34,13.19,13.15,10247000.0,13.33,12900,13.34,149100,1.14,13.4,13.11,10247000,136230000.0,1.38,2.2,99.17,110.0,14.51,11.87,1.16
盛和资源,sh600392,23.86,25.39,25.0,111320600.0,23.86,317900,23.87,165900,-6.03,25.0,23.85,111320600,2704630000.0,6.35,4.53,418.22,418.22,27.93,22.85,1.01
正帆科技,sh688596,69.98,70.5,69.25,3381921400.0,69.97,0,69.98,400,-0.74,74.66,69.25,3381921400,2413370000.0,10.92,7.67,216.72,216.72,84.6,56.4,0.77
水发燃气,sh603318,9.13,9.23,9.33,31694200.0,9.13,210600,9.14,96800,-1.08,9.33,9.08,31694200,291330000.0,6.9,2.71,41.91,50.64,10.15,8.31,0.75
震裕科技,sz300953,105.68,100.65,100.23,9063800.0,105.68,1000,105.69,400,5.0,107.36,98.59,9063800,945890000.0,5.18,8.71,184.99,257.37,120.78,80.52,1.28
华测检测,sz300012,14.16,14.55,14.52,27978300.0,14.16,9500,14.17,15500,-2.68,14.55,14.13,27978300,400140000.0,1.95,2.89,202.66,238.29,17.46,11.64,0.84
中国中铁,sh601390,4.47,4.52,4.52,82762900.0,4.46,3422300,4.47,1289300,-1.11,4.54,4.46,82762900,372130000.0,0.41,1.77,908.48,1096.55,4.97,4.07,0.75
索菲亚,sz002572,8.27,8.31,8.28,6317700.0,8.27,18200,8.28,43500,-0.48,8.33,8.22,6317700,52290000.0,0.97,1.32,53.88,79.64,9.14,7.48,0.55
天龙集团,sz300063,9.35,9.48,9.52,35986000.0,9.35,114000,9.36,23000,-1.37,9.57,9.26,35986000,338770000.0,5.74,3.27,58.58,70.92,11.38,7.58,0.43
百川畅银,sz300614,10.64,10.71,10.69,2128700.0,10.62,12200,10.64,22600,-0.65,10.86,10.45,2128700,22570000.0,1.33,3.83,17.07,17.07,12.85,8.57,0.69
广合科技,sz001389,164.6,168.24,167.8,7049100.0,164.6,4400,164.7,3900,-2.16,170.58,161.71,7049100,1172040000.0,4.63,5.27,250.78,778.08,185.06,151.42,0.74
绿通科技,sz301322,38.99,37.52,37.45,5533000.0,38.99,1300,39.0,4200,3.92,39.5,35.78,5533000,209870000.0,5.75,9.91,37.51,55.62,45.02,30.02,1.39
同洲电子,sz002052,9.29,9.5,9.43,11642700.0,9.29,10200,9.3,11500,-2.21,9.51,9.2,11642700,108580000.0,1.69,3.26,64.04,69.9,10.45,8.55,0.69
西部矿业,sh601168,39.21,42.45,42.3,127872300.0,39.21,121800,39.22,58000,-7.63,42.81,38.84,127872300,5180500000.0,5.37,9.35,934.37,934.37,46.7,38.21,1.45
中国中车,sh601766,5.98,5.97,5.96,145273900.0,5.97,401100,5.98,546500,0.17,6.06,5.96,145273900,872250000.0,0.6,1.68,1454.8,1716.19,6.57,5.37,0.85
思进智能,sz003025,12.51,12.39,12.4,4514200.0,12.5,83800,12.51,25300,0.97,12.6,12.33,4514200,56390000.0,1.99,2.18,28.32,35.52,13.63,11.15,1.08
格尔软件,sh603232,16.36,15.8,15.86,17736800.0,16.36,73500,16.37,300,3.54,16.88,15.72,17736800,289560000.0,7.67,7.34,37.84,38.04,17.38,14.22,1.62
三峰环境,sh601827,8.68,8.84,8.79,8420400.0,8.68,25300,8.69,14100,-1.81,8.93,8.67,8420400,73710000.0,0.5,2.94,145.12,145.12,9.72,7.96,0.77
河钢资源,sz000923,14.96,15.32,15.36,30266400.0,14.96,9400,14.97,32300,-2.35,16.33,14.91,30266400,471540000.0,4.82,9.27,93.93,97.65,16.85,13.79,1.75
莱伯泰科,sh688056,42.35,43.03,42.88,88651800.0,42.33,300,42.35,200,-1.58,42.88,41.54,88651800,37490000.0,1.31,3.11,28.57,28.57,51.64,34.42,0.47
广立微,sz301095,73.55,73.2,73.11,5145800.0,73.55,6000,73.56,1600,0.48,74.77,71.81,5145800,378180000.0,2.97,4.04,127.26,147.31,87.84,58.56,0.71
海晨股份,sz300873,17.19,17.37,17.15,11596800.0,17.18,2400,17.19,8900,-1.04,17.46,16.6,11596800,198170000.0,4.96,4.95,40.21,55.39,20.84,13.9,0.64
双良节能,sh600481,4.39,4.38,4.4,36132500.0,4.39,154700,4.4,1165400,0.23,4.43,4.32,36132500,158660000.0,1.75,2.51,90.62,90.62,4.82,3.94,0.76
新联电子,sz002546,8.34,8.64,8.64,26570600.0,8.33,178700,8.34,1500,-3.47,8.64,8.33,26570600,224240000.0,3.32,3.59,66.82,69.56,9.5,7.78,0.56
云维股份,sh600725,3.26,3.3,3.3,14489600.0,3.25,40100,3.26,244100,-1.21,3.31,3.22,14489600,47170000.0,1.18,2.73,40.18,40.18,3.63,2.97,0.73
和胜股份,sz002824,22.77,23.26,23.03,12226600.0,22.77,6200,22.78,7200,-2.11,23.33,22.43,12226600,279640000.0,5.41,3.87,51.5,70.85,25.59,20.93,0.64
原尚股份,sh603813,31.41,31.81,31.81,523100.0,31.41,300,31.44,400,-1.26,31.91,30.47,523100,16420000.0,0.5,4.53,32.99,32.99,34.99,28.63,0.9
特一药业,sz002728,9.29,9.37,9.35,18366200.0,9.28,167300,9.29,30900,-0.85,9.49,9.25,18366200,172240000.0,3.66,2.56,46.57,47.69,10.31,8.43,0.76
优德精密,sz300549,14.14,14.17,14.1,1462200.0,14.11,1000,14.14,25200,-0.21,14.29,13.92,1462200,20610000.0,1.45,2.61,14.29,18.85,17.0,11.34,0.81
中联重科,sz000157,7.08,7.24,7.21,66185200.0,7.08,184100,7.09,395900,-2.21,7.23,7.07,66185200,471980000.0,0.94,2.21,500.53,612.32,7.96,6.52,1.17
中润光学,sh688307,45.87,46.44,45.25,452773600.0,45.87,600,45.89,100,-1.23,46.77,44.36,452773600,207230000.0,3.64,5.19,57.01,57.01,55.73,37.15,0.81
立方制药,sz003020,18.48,18.45,18.4,15599100.0,18.48,147100,18.49,7800,0.16,18.85,18.18,15599100,290360000.0,9.25,3.63,31.15,42.17,20.3,16.61,1.02
滨江集团,sz002244,8.66,8.71,8.65,21537300.0,8.65,19200,8.66,44700,-0.57,8.83,8.62,21537300,187340000.0,0.78,2.41,238.8,269.45,9.58,7.84,0.59
TCL中环,sz002129,9.29,8.92,8.89,200099200.0,9.28,312200,9.29,1183300,4.15,9.54,8.87,200099200,1854230000.0,4.95,7.51,375.28,375.6,9.81,8.03,1.95
佳隆股份,sz002495,2.37,2.38,2.38,14597400.0,2.36,95300,2.37,143600,-0.42,2.39,2.34,14597400,34520000.0,2.1,2.1,16.45,22.17,2.62,2.14,0.71
紫建电子,sz301121,34.1,34.16,33.79,854800.0,34.1,900,34.15,5900,-0.18,34.27,33.56,854800,29030000.0,1.11,2.08,26.18,33.7,40.99,27.33,0.55
佐力药业,sz300181,14.62,14.36,14.35,31695500.0,14.61,124700,14.62,136000,1.81,14.8,14.29,31695500,463390000.0,5.26,3.55,88.15,102.54,17.23,11.49,1.54
力聚热能,sh603391,64.4,62.6,61.68,2875300.0,64.31,1800,64.4,100,2.88,66.32,61.6,2875300,185770000.0,12.64,7.54,14.65,58.6,68.86,56.34,1.21
松原安全,sz300893,16.46,16.73,16.73,1660600.0,16.46,3800,16.47,500,-1.61,16.73,16.38,1660600,27430000.0,0.66,2.09,41.29,77.86,20.08,13.38,0.67
辽宁成大,sh600739,10.87,10.9,10.87,14173600.0,10.87,9500,10.88,79300,-0.28,11.01,10.85,14173600,154850000.0,0.93,1.47,165.48,165.48,11.99,9.81,1.03
万顺新材,sz300057,6.5,6.58,6.51,24070200.0,6.49,101600,6.5,81600,-1.22,6.56,6.42,24070200,156830000.0,2.9,2.13,54.01,65.23,7.9,5.26,0.71
世纪恒通,sz301428,29.75,29.57,29.52,2966400.0,29.75,5000,29.76,600,0.61,30.01,28.9,2966400,87490000.0,4.26,3.75,20.71,29.35,35.48,23.66,0.9
宝地矿业,sh601121,7.2,7.36,7.36,14576700.0,7.19,37600,7.2,18000,-2.17,7.39,7.18,14576700,106110000.0,1.82,2.85,57.6,70.87,8.1,6.62,0.99
驰宏锌锗,sh600497,10.26,10.73,10.55,200387100.0,10.26,75000,10.27,104600,-4.38,10.86,10.26,200387100,2113000000.0,3.98,5.59,517.14,517.14,11.8,9.66,0.98
桐昆股份,sh601233,23.89,24.4,24.4,46679900.0,23.88,14700,23.89,5400,-2.09,24.98,23.8,46679900,1141680000.0,1.97,4.84,567.31,568.34,26.84,21.96,1.2
宝新能源,sz000690,4.83,4.86,4.84,39009300.0,4.83,596200,4.84,236300,-0.62,4.89,4.82,39009300,189240000.0,1.79,1.44,105.03,105.1,5.35,4.37,0.75
达刚控股,sz300103,8.0,8.1,8.06,4296800.0,8.0,29900,8.02,2800,-1.23,8.17,7.95,4296800,34530000.0,1.35,2.72,25.39,25.41,9.72,6.48,0.54
博深股份,sz002282,5.89,5.95,5.96,4131900.0,5.87,23500,5.89,6300,-1.01,5.96,5.85,4131900,24330000.0,0.82,1.85,29.74,31.03,6.55,5.36,1.02
苏州高新,sh600736,6.6,6.69,6.65,13994700.0,6.59,150700,6.6,41300,-1.35,6.66,6.53,13994700,92320000.0,1.22,1.94,75.99,75.99,7.36,6.02,0.64
中威电子,sz300270,13.22,13.4,13.32,13870200.0,13.22,1100,13.23,1000,-1.34,13.52,13.04,13870200,184490000.0,5.32,3.58,34.49,40.03,16.08,10.72,0.43
东方电子,sz000682,12.06,12.21,12.19,12369900.0,12.06,27500,12.07,40800,-1.23,12.22,12.03,12369900,149810000.0,0.92,1.56,161.68,161.69,13.43,10.99,0.64
中国神华,sh601088,44.7,44.68,44.94,25312500.0,44.69,400,44.7,137300,0.04,45.13,44.3,25312500,1133030000.0,0.15,1.86,7371.49,9695.18,49.15,40.21,0.78
华蓝集团,sz301027,20.55,20.95,20.8,3386000.0,20.55,2100,20.56,1000,-1.91,20.99,20.32,3386000,69560000.0,2.79,3.2,24.9,30.21,25.14,16.76,0.72
国电电力,sh600795,5.06,5.02,5.03,99941600.0,5.05,1438500,5.06,40300,0.8,5.1,5.02,99941600,506840000.0,0.56,1.59,902.48,902.48,5.52,4.52,0.97
中自科技,sh688737,18.42,18.64,18.7,157582100.0,18.42,6200,18.43,1800,-1.18,18.7,18.19,157582100,29050000.0,1.32,2.74,22.02,22.02,22.37,14.91,1.14
金杨精密,sz301210,24.32,24.41,24.42,2540400.0,24.31,300,24.32,5500,-0.37,24.64,24.08,2540400,61890000.0,4.13,2.29,14.97,39.19,29.29,19.53,0.75
港迪技术,sz301633,59.4,60.93,60.45,859200.0,59.4,1900,59.44,800,-2.51,60.96,59.3,859200,51400000.0,3.37,2.72,15.15,33.07,73.12,48.74,0.62
艾华集团,sh603989,29.12,28.81,28.55,34509400.0,29.12,49300,29.13,400,1.08,30.55,28.2,34509400,1012370000.0,8.65,8.16,116.12,116.12,31.69,25.93,1.19
山东路桥,sz000498,4.98,5.02,5.03,6558100.0,4.98,285700,4.99,35200,-0.8,5.03,4.97,6558100,32760000.0,0.45,1.2,72.18,77.31,5.52,4.52,0.61
国瓷材料,sz300285,72.88,76.11,74.02,199560100.0,72.88,549300,72.89,17600,-4.24,83.64,72.5,199560100,15519230000.0,23.39,14.64,621.72,726.65,91.33,60.89,1.16
黑猫股份,sz002068,8.17,8.11,8.06,37417900.0,8.16,175600,8.17,35500,0.74,8.39,7.98,37417900,307890000.0,5.09,5.06,60.05,60.08,8.92,7.3,1.41
德尔股份,sz300473,22.96,22.62,22.7,5243500.0,22.96,7600,22.97,5100,1.5,23.43,22.51,5243500,120030000.0,3.48,4.07,34.56,39.64,27.14,18.1,1.27
南方泵业,sz300145,4.38,4.46,4.42,48071800.0,4.37,699300,4.38,135900,-1.79,4.45,4.36,48071800,211630000.0,2.52,2.02,83.69,84.11,5.35,3.57,0.7
大为股份,sz002213,29.67,30.04,30.02,9415500.0,29.67,73800,29.68,20100,-1.23,30.28,29.6,9415500,281720000.0,4.55,2.26,61.33,71.33,33.04,27.04,0.51
普洛药业,sz000739,22.4,23.25,22.94,43561000.0,22.4,21700,22.41,4900,-3.66,23.49,22.3,43561000,996990000.0,3.76,5.12,259.39,259.49,25.58,20.93,1.12
重百集团,sh600729,20.37,20.66,20.6,5058900.0,20.37,47900,20.38,11800,-1.4,20.87,20.29,5058900,103910000.0,2.63,2.81,39.21,89.72,22.73,18.59,1.13
迈威生物-U,sh688062,33.19,30.9,30.67,2154335000.0,33.18,4100,33.19,6200,7.41,35.49,30.41,2154335000,714180000.0,9.36,16.44,76.42,148.27,37.08,24.72,2.0
齐心集团,sz002301,7.34,7.41,7.4,11651700.0,7.34,12900,7.35,5000,-0.94,7.49,7.3,11651700,86140000.0,1.62,2.56,52.7,53.14,8.15,6.67,0.78
德马科技,sh688360,16.0,15.76,15.7,437938000.0,15.98,1000,16.0,1100,1.52,16.14,15.45,437938000,69260000.0,1.66,4.38,42.2,42.2,18.91,12.61,1.01
青岛银行,sz002948,5.75,5.8,5.83,32504600.0,5.74,32000,5.75,15500,-0.86,5.87,5.72,32504600,188150000.0,0.92,2.59,202.53,334.67,6.38,5.22,0.88
苏美达,sh600710,10.63,10.65,10.66,8009700.0,10.63,200,10.64,40300,-0.19,10.81,10.56,8009700,85580000.0,0.61,2.35,138.91,138.91,11.72,9.59,0.81
百龙创园,sh605016,21.5,21.84,21.78,5583100.0,21.5,6100,21.51,700,-1.56,22.55,21.43,5583100,121970000.0,1.33,5.13,90.3,90.3,24.02,19.66,1.29
亚邦股份,sh603188,4.88,4.44,4.76,22050500.0,4.88,5342900,0.0,0,9.91,4.88,4.76,22050500,107270000.0,3.87,2.7,27.82,27.82,4.88,4.0,1.75
德石股份,sz301158,15.43,15.48,15.5,9958200.0,15.42,8900,15.43,5700,-0.32,15.8,15.19,9958200,153240000.0,5.24,3.94,29.34,30.09,18.58,12.38,1.07
峰岹科技,sh688279,169.13,165.09,163.35,166867700.0,169.13,200,169.15,1100,2.45,172.04,162.0,166867700,279290000.0,1.78,6.08,158.23,194.69,198.11,132.07,0.83
海亮股份,sz002203,19.19,19.75,19.56,23067000.0,19.18,54500,19.19,1300,-2.84,19.71,19.06,23067000,446910000.0,1.04,3.29,424.51,439.79,21.73,17.78,0.65
建发股份,sh600153,8.72,8.7,8.68,12159900.0,8.71,34100,8.72,4000,0.23,8.8,8.65,12159900,106130000.0,0.42,1.72,252.84,252.84,9.57,7.83,0.56
江苏国信,sz002608,7.31,7.37,7.38,14172800.0,7.31,79300,7.32,69700,-0.81,7.4,7.29,14172800,104000000.0,0.38,1.49,276.18,276.18,8.11,6.63,0.78
银龙股份,sh603969,7.14,7.51,7.51,23024900.0,7.13,281600,7.14,40900,-4.93,7.54,7.13,23024900,167590000.0,2.7,5.46,60.8,62.23,8.26,6.76,1.97
芯朋微,sh688508,83.28,87.5,87.06,599802400.0,83.28,2400,83.3,200,-4.82,87.7,83.18,599802400,508730000.0,4.53,5.17,110.28,110.28,105.0,70.0,0.64
胜科纳米,sh688757,32.27,32.41,32.14,673160200.0,32.26,800,32.27,1900,-0.43,33.2,31.6,673160200,218210000.0,3.71,4.94,58.48,130.15,38.89,25.93,0.7
电气风电,sh688660,9.17,9.05,9.01,2194159700.0,9.16,24900,9.17,2700,1.33,9.37,8.89,2194159700,201550000.0,1.65,5.3,122.27,122.27,10.86,7.24,0.94
远东股份,sh600869,15.78,15.66,15.3,102337700.0,15.78,401500,15.79,32900,0.77,16.13,15.26,102337700,1606720000.0,4.61,5.56,350.21,350.21,17.23,14.09,0.75
智立方,sz301312,69.45,66.21,65.55,10018800.0,69.45,400,69.46,1100,4.89,71.43,63.6,10018800,684620000.0,11.82,11.83,58.88,117.04,79.45,52.97,1.25
盐湖股份,sz000792,28.68,29.5,29.36,57999600.0,28.68,172000,28.69,230800,-2.78,29.86,28.67,57999600,1694480000.0,1.1,4.03,1517.61,1517.62,32.45,26.55,1.03
新莱福,sz301323,75.1,76.04,75.29,1131100.0,75.1,1700,75.11,2100,-1.24,76.8,73.83,1131100,85240000.0,1.65,3.91,51.49,80.04,91.25,60.83,0.57
新劲刚,sz300629,17.54,17.86,17.66,5693600.0,17.54,17100,17.55,4200,-1.79,17.72,17.33,5693600,99910000.0,2.63,2.18,38.02,44.1,21.43,14.29,0.93
新雷能,sz300593,27.93,27.33,27.05,25239400.0,27.93,10200,27.94,13100,2.2,28.69,26.6,25239400,703120000.0,5.61,7.65,125.76,151.52,32.8,21.86,0.69
久立特材,sz002318,19.77,20.34,20.22,10708800.0,19.77,12700,19.78,6100,-2.8,20.39,19.7,10708800,213710000.0,1.12,3.39,188.61,193.19,22.37,18.31,0.87
奥翔药业,sh603229,8.17,8.17,8.09,8262400.0,8.16,27200,8.17,7800,0.0,8.33,8.07,8262400,67990000.0,1.0,3.18,67.84,67.84,8.99,7.35,1.01
香农芯创,sz300475,158.0,156.64,154.0,29381800.0,158.0,30100,158.01,3500,0.87,161.8,153.3,29381800,4641490000.0,6.53,5.43,711.06,741.88,187.97,125.31,0.92
通合科技,sz300491,27.85,28.19,27.98,8857800.0,27.85,14800,27.86,2600,-1.21,28.39,26.91,8857800,245250000.0,5.62,5.25,43.89,49.48,33.83,22.55,0.72
中盐化工,sh600328,6.4,6.45,6.45,10159200.0,6.4,68500,6.41,24100,-0.78,6.46,6.38,10159200,65180000.0,0.69,1.24,93.84,93.84,7.1,5.81,0.73
光智科技,sz300489,222.0,237.0,233.05,14614400.0,222.0,6100,222.01,100,-6.33,237.0,217.2,14614400,3270290000.0,10.54,8.35,307.8,308.93,284.4,189.6,0.85
晶澳科技,sz002459,7.69,7.8,7.76,35566500.0,7.69,146800,7.7,34400,-1.41,7.84,7.69,35566500,276280000.0,1.08,1.92,254.29,254.52,8.58,7.02,0.92
江苏华辰,sh603097,20.99,21.47,21.5,3685500.0,20.99,8400,21.0,12700,-2.24,21.53,20.71,3685500,77880000.0,1.64,3.82,47.16,48.26,23.62,19.32,0.74
振华科技,sz000733,41.7,41.48,41.08,18174200.0,41.7,100,41.71,2600,0.53,42.38,40.9,18174200,759250000.0,3.28,3.57,231.06,231.09,45.63,37.33,1.13
六九一二,sz301592,107.26,106.6,106.08,1653600.0,107.21,1700,107.26,200,0.62,110.8,105.6,1653600,179320000.0,7.08,4.88,25.05,75.08,127.92,85.28,1.29
科泰电源,sz300153,21.75,21.76,21.53,9127900.0,21.75,4500,21.76,5300,-0.05,22.57,21.53,9127900,200860000.0,2.87,4.78,69.24,69.6,26.11,17.41,1.05
美迪西,sh688202,103.7,103.1,103.2,1383199600.0,103.69,800,103.7,12800,0.58,110.0,100.58,1383199600,1462830000.0,10.3,9.14,139.32,139.32,123.72,82.48,1.26
紫金矿业,sh601899,33.18,35.45,35.66,447541500.0,33.18,935500,33.19,352900,-6.4,35.77,33.11,447541500,15298740000.0,2.17,7.5,6835.67,8822.8,39.0,31.91,1.41
中农立华,sh603970,10.48,10.64,10.61,2378000.0,10.48,4900,10.49,4700,-1.5,10.65,10.44,2378000,25000000.0,0.88,1.97,28.17,28.17,11.7,9.58,0.75
聚石化学,sh688669,66.86,70.64,70.0,454651300.0,66.86,3600,66.9,1600,-5.35,71.33,65.13,454651300,305900000.0,3.75,8.78,81.12,81.12,84.77,56.51,0.88
沃特股份,sz002886,19.5,19.67,19.56,5360200.0,19.5,5300,19.53,9700,-0.86,19.72,19.23,5360200,104520000.0,2.56,2.49,40.77,51.32,21.64,17.7,0.58
国信证券,sz002736,10.09,10.16,10.16,18713600.0,10.09,200100,10.1,5000,-0.69,10.18,10.09,18713600,189490000.0,0.19,0.89,969.89,1033.39,11.18,9.14,0.81
皖天然气,sh603689,7.46,7.52,7.51,3453900.0,7.46,24800,7.47,3700,-0.8,7.56,7.46,3453900,25930000.0,0.66,1.33,39.05,39.23,8.27,6.77,0.96
博亚精工,sz300971,19.02,19.26,19.15,1643800.0,19.02,11700,19.03,1500,-1.25,19.29,18.88,1643800,31380000.0,1.78,2.13,17.55,22.37,23.11,15.41,0.78
科隆股份,sz300405,5.62,5.62,5.62,7229600.0,5.61,3400,5.62,47100,0.0,5.68,5.52,7229600,40430000.0,3.3,2.85,12.3,15.98,6.74,4.5,0.72
红星发展,sh600367,33.75,33.1,32.9,57775600.0,33.75,108400,33.76,5300,1.96,35.38,32.42,57775600,1956100000.0,17.94,8.94,108.67,115.13,36.41,29.79,1.35
ST通葡,sh600365,2.82,2.84,2.82,2091400.0,2.82,33600,2.83,44200,-0.7,2.9,2.79,2091400,5940000.0,0.49,3.87,12.05,12.8,3.12,2.56,0.82
华融化学,sz301256,10.79,10.84,10.7,6431300.0,10.78,20000,10.79,2600,-0.46,10.96,10.6,6431300,69280000.0,1.34,3.32,51.79,51.79,13.01,8.67,1.09
安徽凤凰,bj920000,14.86,15.47,15.4,2211300.0,14.86,10000,14.88,2000,-3.94,15.77,14.82,2211300,33453500.0,3.84,6.14,8.56,13.62,20.11,10.83,0.87
金龙羽,sz002882,22.51,23.48,23.0,19886400.0,22.51,54000,22.52,48000,-4.13,23.8,22.44,19886400,452860000.0,8.06,5.79,55.55,97.45,25.83,21.13,0.92
双箭股份,sz002381,5.5,5.53,5.52,4570700.0,5.48,30700,5.5,17800,-0.54,5.55,5.46,4570700,25160000.0,1.42,1.63,17.71,22.64,6.08,4.98,0.92
南京高科,sh600064,7.57,7.65,7.65,15002900.0,7.56,173100,7.57,35400,-1.05,7.74,7.57,15002900,114840000.0,0.87,2.22,130.99,130.99,8.42,6.89,0.85
太阳纸业,sz002078,14.16,14.03,14.02,20129000.0,14.16,29000,14.18,25900,0.93,14.35,13.99,20129000,286590000.0,0.72,2.57,393.16,404.15,15.43,12.63,1.05
嘉化能源,sh600273,6.84,6.93,6.95,14237400.0,6.84,164000,6.85,32200,-1.3,7.02,6.84,14237400,98390000.0,1.09,2.6,89.69,89.69,7.62,6.24,0.86
雅克科技,sz002409,150.29,155.24,151.41,28960000.0,150.29,91900,150.3,24700,-3.19,156.3,148.02,28960000,4405130000.0,9.09,5.33,478.71,715.27,170.76,139.72,0.77
凯赛生物,sh688065,48.77,47.53,47.31,902356500.0,48.77,12400,48.78,1100,2.61,49.79,46.69,902356500,438120000.0,1.55,6.52,284.51,351.77,57.04,38.02,1.36
日科化学,sz300214,13.01,12.58,12.97,90544300.0,13.0,53300,13.01,112000,3.42,14.19,12.84,90544300,1213950000.0,19.48,10.73,60.48,60.48,15.1,10.06,1.6
三力制药,sh603439,12.65,11.72,11.68,26210300.0,12.64,2100,12.65,78900,7.94,12.89,11.3,26210300,324180000.0,6.49,13.57,51.09,51.09,12.89,10.55,2.66
指南针,sz300803,84.14,83.93,83.33,13704700.0,84.14,11900,84.15,28700,0.25,85.37,82.97,13704700,1157870000.0,2.26,2.86,509.33,513.08,100.72,67.14,0.8
财通证券,sh601108,8.32,8.41,8.38,32859200.0,8.31,337300,8.32,87400,-1.07,8.42,8.31,32859200,274550000.0,0.71,1.31,386.36,386.36,9.25,7.57,0.88
天士力,sh600535,15.53,15.63,15.6,19133300.0,15.53,600,15.54,2900,-0.64,15.85,15.49,19133300,299640000.0,1.28,2.3,232.01,232.01,17.19,14.07,1.05
容大感光,sz300576,32.9,32.74,32.25,39176600.0,32.9,61900,32.91,55000,0.49,33.88,31.31,39176600,1269460000.0,15.42,7.85,83.59,132.81,39.29,26.19,1.13
芯联集成-U,sh688469,9.17,8.48,8.89,35588874300.0,9.17,216700,9.18,629100,8.14,9.42,8.73,35588874300,3253410000.0,6.06,8.14,538.26,768.69,10.18,6.78,2.43
壹石通,sh688733,28.47,28.82,28.61,325911900.0,28.43,800,28.47,29400,-1.21,29.3,28.22,325911900,93360000.0,1.63,3.75,56.88,56.88,34.58,23.06,0.57
汇创达,sz300909,51.91,50.23,50.0,4620900.0,51.91,500,51.96,8900,3.34,53.19,49.63,4620900,238420000.0,3.58,7.09,67.04,89.79,60.28,40.18,1.16
极米科技,sh688696,75.16,73.71,73.72,148099100.0,75.15,400,75.16,7100,1.97,75.48,72.51,148099100,109840000.0,2.12,4.03,52.63,52.63,88.45,58.97,1.08
浙能电力,sh600023,4.98,4.96,4.96,33330000.0,4.98,1244500,4.99,1054700,0.4,5.01,4.95,33330000,166180000.0,0.25,1.21,667.75,667.75,5.46,4.46,0.81
崇达技术,sz002815,12.87,12.87,12.85,26087400.0,12.86,100100,12.87,14800,0.0,13.06,12.63,26087400,335420000.0,3.36,3.34,100.02,158.84,14.16,11.58,0.62
蕾奥规划,sz300989,13.13,13.41,13.3,5312400.0,13.13,9100,13.14,9500,-2.09,13.62,13.08,5312400,70200000.0,3.26,4.03,21.39,27.65,16.09,10.73,0.38
首创证券,sh601136,14.49,14.62,14.55,5985100.0,14.48,85400,14.49,16900,-0.89,14.67,14.48,5985100,87170000.0,0.22,1.3,396.06,396.06,16.08,13.16,0.55
吉贝尔,sh688566,25.55,25.51,25.32,233846900.0,25.55,4300,25.6,5200,0.16,26.05,25.1,233846900,59880000.0,1.16,3.72,51.38,51.38,30.61,20.41,1.28
鲁西化工,sz000830,12.52,12.9,12.9,47424900.0,12.51,140700,12.52,16200,-2.95,13.09,12.5,47424900,603480000.0,2.49,4.57,238.4,238.42,14.19,11.61,1.46
XD京沪高,sh601816,5.04,5.0,5.02,132377900.0,5.04,1713000,5.05,176400,0.8,5.08,5.02,132377900,669810000.0,0.27,1.2,2465.85,2465.85,5.5,4.5,0.88
中国建筑,sh601668,4.52,4.54,4.54,151012600.0,4.51,6975400,4.52,271700,-0.44,4.58,4.51,151012600,685200000.0,0.37,1.54,1867.68,1867.68,4.99,4.09,0.7
国联股份,sh603613,19.19,19.62,19.6,6851500.0,19.19,16900,19.2,3100,-2.19,19.63,19.18,6851500,132210000.0,0.95,2.29,138.27,138.27,21.58,17.66,0.62
路维光电,sh688401,69.78,69.87,69.0,537906400.0,69.77,6300,69.78,6000,-0.13,72.9,67.81,537906400,377410000.0,2.78,7.28,134.92,143.31,83.84,55.9,0.86
中国国贸,sh600007,18.53,18.49,18.49,2102400.0,18.53,15400,18.55,3200,0.22,18.64,18.4,2102400,38970000.0,0.21,1.3,186.65,186.65,20.34,16.64,0.77
顺钠股份,sz000533,12.87,12.65,12.01,164530000.0,12.87,87800,12.88,346500,1.74,13.5,12.01,164530000,2124040000.0,24.02,11.78,88.15,88.91,13.92,11.39,1.12
威迈斯,sh688612,32.45,34.7,33.0,1068806800.0,32.35,600,32.45,7700,-6.48,34.0,31.02,1068806800,345600000.0,4.16,8.59,83.3,136.03,41.64,27.76,2.02
国安达,sz300902,18.36,17.1,17.18,12590400.0,18.36,4400,18.37,11900,7.37,18.59,16.95,12590400,226930000.0,10.09,9.59,22.91,33.38,20.52,13.68,2.4
亿田智能,sz300911,21.21,21.44,21.4,7124600.0,21.2,10900,21.21,4000,-1.07,21.56,20.93,7124600,151400000.0,4.16,2.94,36.34,38.89,25.73,17.15,0.6
仙鹤股份,sh603733,21.49,21.09,21.07,10692500.0,21.48,31400,21.49,7900,1.9,21.85,20.9,10692500,229740000.0,1.31,4.5,175.63,175.63,23.2,18.98,1.14
*ST京化,sh600889,13.95,13.72,13.72,2089300.0,13.94,1900,13.95,22800,1.68,14.09,13.65,2089300,29140000.0,0.57,3.21,51.11,81.83,15.09,12.35,0.99
好利科技,sz002729,14.25,13.98,13.9,6521000.0,14.25,100,14.26,31800,1.93,14.38,13.67,6521000,91950000.0,3.72,5.08,25.0,26.07,15.38,12.58,1.34
世华科技,sh688093,26.5,26.9,26.9,182465400.0,26.49,200,26.5,3900,-1.49,26.9,26.36,182465400,48530000.0,0.65,2.01,74.3,74.3,32.28,21.52,0.78
大博医疗,sz002901,44.43,44.2,44.03,3615600.0,44.43,10500,44.44,200,0.52,45.54,43.88,3615600,162160000.0,1.25,3.76,128.14,183.95,48.62,39.78,1.61
沪电股份,sz002463,121.0,122.7,120.07,37593200.0,121.0,102100,121.01,2100,-1.39,124.98,119.14,37593200,4583760000.0,1.96,4.76,2326.6,2328.48,134.97,110.43,0.54
招商轮船,sh601872,16.48,18.18,17.88,165928300.0,16.47,328700,16.48,364300,-9.35,18.28,16.43,165928300,2849500000.0,2.05,10.18,1330.68,1330.68,20.0,16.36,1.6
建发致新,sz301584,23.38,23.6,23.53,6813600.0,23.38,4200,23.39,3700,-0.93,24.21,23.28,6813600,161070000.0,12.68,3.94,12.56,98.5,28.32,18.88,0.89
联合化学,sz301209,58.74,51.06,52.0,7016700.0,58.73,2400,58.74,1800,15.04,60.3,50.51,7016700,390890000.0,5.24,19.17,78.69,92.1,61.27,40.85,2.42
光力科技,sz300480,34.28,35.13,34.57,18482100.0,34.28,71400,34.29,10100,-2.42,35.57,34.02,18482100,638480000.0,6.84,4.41,92.61,126.91,42.16,28.1,0.6
恒烁股份,sh688416,71.78,72.1,72.17,421709100.0,71.74,300,71.78,9100,-0.44,73.67,70.66,421709100,304180000.0,3.91,4.17,77.44,77.44,86.52,57.68,0.63
*ST美丽,sz000010,1.56,1.54,1.54,16883500.0,1.55,543100,1.56,443800,1.3,1.58,1.53,16883500,26270000.0,1.84,3.25,14.31,17.93,1.69,1.39,0.67
藏格矿业,sz000408,82.38,89.2,88.0,33345300.0,82.38,46500,82.4,1800,-7.65,88.9,82.28,33345300,2829990000.0,2.13,7.42,1292.46,1292.47,98.12,80.28,1.9
西藏天路,sh600326,7.83,8.36,8.16,117399500.0,7.83,482400,7.84,72700,-6.34,8.18,7.81,117399500,930020000.0,8.62,4.43,106.68,106.68,9.2,7.52,1.44
恒勃股份,sz301225,59.55,55.47,55.47,5183500.0,59.51,800,59.55,4000,7.36,60.09,52.35,5183500,295060000.0,11.78,13.95,26.19,85.81,66.56,44.38,1.67
宏润建设,sz002062,7.57,7.91,7.9,19086700.0,7.56,135800,7.57,40900,-4.3,7.9,7.53,19086700,146230000.0,1.7,4.68,85.14,93.66,8.7,7.12,1.51
鲁抗医药,sh600789,7.51,7.56,7.6,45168800.0,7.51,333300,7.52,37900,-0.66,7.76,7.5,45168800,345090000.0,4.47,3.44,75.87,78.49,8.32,6.8,1.65
物产中大,sh600704,4.89,4.98,4.97,50623600.0,4.88,552600,4.89,42200,-1.81,4.98,4.88,50623600,249210000.0,0.98,2.01,252.87,252.87,5.48,4.48,1.38
日月股份,sh603218,10.01,10.08,10.08,5409900.0,10.01,4200,10.02,45900,-0.69,10.09,9.99,5409900,54230000.0,0.53,0.99,103.0,103.09,11.09,9.07,0.63
豪江智能,sz301320,13.06,12.99,12.98,1634000.0,13.05,5200,13.06,700,0.54,13.16,12.78,1634000,21230000.0,1.43,2.93,14.92,23.77,15.59,10.39,0.91
顺博合金,sz002996,6.25,6.36,6.36,7545100.0,6.24,58400,6.25,5100,-1.73,6.36,6.22,7545100,47470000.0,1.65,2.2,28.65,41.84,7.0,5.72,1.17
明星电力,sh600101,8.21,8.28,8.26,12553100.0,8.2,64300,8.21,103900,-0.85,8.31,8.18,12553100,103450000.0,2.29,1.57,44.98,44.98,9.11,7.45,0.85
交通银行,sh601328,6.92,6.9,6.92,131418700.0,6.91,198700,6.92,1240700,0.29,6.95,6.86,131418700,906860000.0,0.5,1.3,1804.21,6114.77,7.59,6.21,0.86
青云科技-U,sh688316,52.85,52.9,52.73,302276700.0,52.85,13900,52.91,4500,-0.09,53.8,51.3,302276700,160010000.0,6.31,4.73,25.31,25.31,63.48,42.32,0.54
世运电路,sh603920,36.09,36.07,35.78,16561900.0,36.09,67800,36.1,10900,0.06,36.72,35.3,16561900,597460000.0,2.3,3.94,260.06,260.06,39.68,32.46,0.63
醋化股份,sh603968,10.31,10.37,10.33,1946300.0,10.31,400,10.33,21800,-0.58,10.44,10.21,1946300,20110000.0,0.95,2.22,21.08,21.08,11.41,9.33,0.72
海泰新光,sh688677,76.31,73.76,72.49,662039500.0,76.31,3300,76.33,200,3.46,79.0,71.6,662039500,501130000.0,5.52,10.03,91.48,91.48,88.51,59.01,1.21
国际实业,sz000159,5.77,5.79,5.8,7803200.0,5.77,7700,5.78,65900,-0.35,5.89,5.74,7803200,45210000.0,1.62,2.59,27.73,27.74,6.37,5.21,0.75
海星股份,sh603115,75.11,78.2,76.01,8133500.0,75.11,100,75.12,400,-3.95,79.8,74.99,8133500,622290000.0,3.33,6.15,183.71,183.71,86.02,70.38,0.89
金岭矿业,sz000655,6.85,7.06,7.02,7481200.0,6.85,68700,6.86,300,-2.97,7.06,6.84,7481200,51840000.0,1.26,3.12,40.78,40.78,7.77,6.35,1.18
欣贺股份,sz003016,6.92,6.97,6.9,3566500.0,6.92,43800,6.94,6000,-0.72,7.01,6.9,3566500,24810000.0,0.87,1.58,28.43,29.1,7.67,6.27,1.04
燕麦科技,sh688312,46.37,46.9,45.63,523971500.0,46.36,200,46.37,100,-1.13,47.25,44.9,523971500,241900000.0,3.57,5.01,68.03,68.03,56.28,37.52,0.78
南京银行,sh601009,11.24,11.25,11.27,27501600.0,11.23,17000,11.24,10700,-0.09,11.37,11.21,27501600,309920000.0,0.22,1.42,1389.66,1389.66,12.38,10.13,0.59
金风科技,sz002202,19.92,21.68,20.01,226653900.0,19.91,96200,19.92,814800,-8.12,20.34,19.76,226653900,4545160000.0,6.74,2.68,670.01,841.38,23.85,19.51,1.38
中广天择,sh603721,17.68,17.9,17.8,3312300.0,17.67,2800,17.68,4600,-1.23,18.15,17.67,3312300,59210000.0,2.55,2.68,22.98,22.98,19.69,16.11,0.52
南京聚隆,sz300644,21.73,21.89,21.86,1397600.0,21.72,200,21.73,9700,-0.73,21.94,21.48,1397600,30350000.0,1.58,2.1,19.17,24.05,26.27,17.51,0.77
力生制药,sz002393,14.79,14.89,14.8,2862200.0,14.78,26400,14.79,35900,-0.67,14.99,14.73,2862200,42600000.0,0.95,1.75,44.4,45.6,16.38,13.4,0.91
欧圣电气,sz301187,15.73,16.05,16.15,1754000.0,15.72,2500,15.73,2700,-1.99,16.18,15.73,1754000,27760000.0,0.69,2.8,40.1,40.1,19.26,12.84,0.73
农业银行,sh601288,6.48,6.46,6.46,386987100.0,6.47,3329400,6.48,2930100,0.31,6.51,6.42,386987100,2500620000.0,0.12,1.39,20687.02,22678.9,7.11,5.81,0.77
天安新材,sh603725,10.81,11.22,11.0,21758000.0,10.8,2900,10.81,125400,-3.65,11.25,10.71,21758000,235980000.0,7.14,4.81,32.96,32.96,12.34,10.1,1.29
第一医药,sh600833,12.11,11.01,10.89,38033300.0,12.11,1917900,0.0,0,9.99,12.11,10.61,38033300,446410000.0,17.05,13.62,27.02,27.02,12.11,9.91,4.66
新能股份,sz000595,6.34,6.36,6.2,85354600.0,6.34,325000,6.35,192500,-0.31,6.56,6.2,85354600,546110000.0,7.5,5.66,72.19,72.19,7.0,5.72,0.74
中信证券,sh600030,27.74,27.95,27.92,106525800.0,27.74,298200,27.75,107300,-0.75,28.12,27.74,106525800,2971780000.0,0.87,1.36,3377.78,4334.17,30.75,25.16,0.98
科华数据,sz002335,31.29,31.28,32.0,29858600.0,31.28,58200,31.29,33500,0.03,32.1,30.76,29858600,936620000.0,4.53,4.28,206.43,236.06,34.41,28.15,1.22
三柏硕,sz001300,11.22,11.57,11.49,12604800.0,11.21,6100,11.22,10400,-3.03,11.49,10.85,12604800,140180000.0,5.17,5.53,27.35,27.35,12.73,10.41,3.1
通宝能源,sh600780,5.98,6.03,6.03,9499400.0,5.98,4000,5.99,57600,-0.83,6.08,5.95,9499400,57020000.0,0.83,2.16,68.56,68.56,6.63,5.43,0.93
海油发展,sh600968,3.9,3.89,3.93,36195300.0,3.9,252900,3.91,319400,0.26,3.95,3.88,36195300,141630000.0,0.36,1.8,396.44,396.44,4.28,3.5,1.21
*ST柳化,sh600423,2.89,2.92,2.92,5401900.0,2.89,28200,2.9,5900,-1.03,2.94,2.89,5401900,15750000.0,0.68,1.71,23.08,23.08,3.21,2.63,0.82
XD中国化,sh601117,7.61,7.69,7.71,65101400.0,7.61,560100,7.62,27800,-1.04,7.77,7.61,65101400,500160000.0,1.07,2.08,463.3,464.63,8.46,6.92,0.95
升达林业,sz002259,4.01,4.1,4.09,11210000.0,4.0,70000,4.01,16500,-2.2,4.1,3.99,11210000,45160000.0,1.49,2.68,30.17,30.17,4.51,3.69,0.76
药石科技,sz300725,49.75,49.61,48.97,39713500.0,49.74,2100,49.75,31600,0.28,51.07,48.15,39713500,1967110000.0,19.59,5.89,100.85,116.32,59.53,39.69,1.23
润泽科技,sz300442,67.85,67.68,68.93,27314200.0,67.85,8800,67.86,17600,0.25,69.37,66.58,27314200,1860750000.0,1.67,4.12,1110.18,1113.45,81.22,54.14,0.68
佰奥智能,sz300836,49.88,49.73,49.66,3582900.0,49.88,600,49.89,400,0.3,51.3,47.39,3582900,177000000.0,5.65,7.86,31.65,46.23,59.68,39.78,1.27
伊之密,sz300415,21.53,21.21,21.19,10033800.0,21.53,82000,21.54,8500,1.51,21.98,20.96,10033800,216180000.0,2.21,4.81,97.55,100.88,25.45,16.97,1.13
同和药业,sz300636,7.03,7.05,7.02,5615700.0,7.03,34600,7.04,34300,-0.28,7.12,6.98,5615700,39610000.0,1.53,1.99,25.83,29.52,8.46,5.64,0.76
概伦电子,sh688206,36.11,35.16,36.5,973885500.0,36.11,11400,36.12,13100,2.7,37.38,35.81,973885500,356460000.0,2.23,4.47,157.65,157.65,42.19,28.13,1.24
海南华铁,sh603300,5.03,5.01,5.0,36878900.0,5.03,88800,5.04,420900,0.4,5.13,4.95,36878900,185880000.0,1.84,3.59,100.56,100.56,5.51,4.51,0.89
三旺通信,sh688618,28.89,28.93,28.97,216560800.0,28.88,19900,28.89,4700,-0.14,29.17,28.0,216560800,62010000.0,1.97,4.04,31.79,31.79,34.72,23.14,0.81
雷迪克,sz300652,30.37,29.94,30.17,2441100.0,30.37,1800,30.41,700,1.44,30.59,29.33,2441100,73420000.0,2.04,4.21,36.36,40.51,35.93,23.95,1.41
五洲特纸,sh605007,15.99,16.77,16.78,9697800.0,15.99,31100,16.0,500,-4.65,17.0,15.97,9697800,158100000.0,2.04,6.14,75.88,76.07,18.45,15.09,1.28
泰恩康,sz301263,21.34,21.75,21.62,3958100.0,21.34,10800,21.36,400,-1.89,21.92,21.27,3958100,85490000.0,1.09,2.99,77.74,108.96,26.1,17.4,0.73
大西洋,sh600558,4.76,4.83,4.83,7760800.0,4.76,206400,4.77,118000,-1.45,4.83,4.75,7760800,37130000.0,0.86,1.66,42.73,42.73,5.31,4.35,0.75
上海电力,sh600021,14.53,14.8,14.76,39025700.0,14.52,218300,14.53,22300,-1.82,14.87,14.52,39025700,572350000.0,1.38,2.36,410.02,410.02,16.28,13.32,0.98
工商银行,sh601398,7.6,7.53,7.52,332098400.0,7.59,721400,7.6,3170000,0.93,7.6,7.51,332098400,2509700000.0,0.12,1.2,20490.53,27086.88,8.28,6.78,0.71
ST金花,sh600080,4.96,4.96,4.92,1610200.0,4.96,6200,4.97,16900,0.0,5.01,4.91,1610200,7990000.0,0.43,2.02,18.51,18.51,5.46,4.46,0.82
满坤科技,sz301132,33.7,34.21,33.85,3792200.0,33.69,1400,33.7,1900,-1.49,34.6,33.25,3792200,128120000.0,4.0,3.95,31.93,49.91,41.05,27.37,0.56
海兴电力,sh603556,25.24,25.61,25.08,11515900.0,25.24,17500,25.25,14100,-1.44,25.67,24.9,11515900,290490000.0,2.37,3.01,122.73,122.73,28.17,23.05,0.7
北方稀土,sh600111,41.85,43.67,43.18,89011200.0,41.85,342900,41.86,215500,-4.17,43.18,41.81,89011200,3779350000.0,2.46,3.14,1512.91,1512.91,48.04,39.3,0.93
中熔电气,sz301031,89.81,87.23,87.89,3631600.0,89.8,500,89.81,700,2.96,91.1,87.79,3631600,326710000.0,3.16,3.79,103.19,131.26,104.68,69.78,1.28
银星能源,sz000862,5.75,5.92,5.79,37192900.0,5.75,184700,5.76,124000,-2.87,5.81,5.7,37192900,213920000.0,5.92,1.86,36.11,52.78,6.51,5.33,1.04
华鲁恒升,sh600426,21.0,21.65,21.65,60918500.0,20.99,75200,21.0,31800,-3.0,21.87,20.85,60918500,1294680000.0,2.22,4.71,577.41,577.49,23.82,19.49,1.34
波导股份,sh600130,4.37,4.36,4.33,24286400.0,4.37,16000,4.38,353300,0.23,4.42,4.29,24286400,105740000.0,3.24,2.98,32.77,32.77,4.8,3.92,0.66
新农股份,sz002942,15.6,15.76,15.73,1185500.0,15.59,1500,15.6,2900,-1.02,15.79,15.46,1185500,18460000.0,0.85,2.09,21.65,24.25,17.34,14.18,0.78
天山电子,sz301379,22.18,22.37,22.02,13134300.0,22.18,39900,22.19,7900,-0.85,22.66,21.68,13134300,291410000.0,6.01,4.38,48.5,61.55,26.84,17.9,0.62
惠柏新材,sz301555,31.06,31.47,31.49,1349100.0,31.06,2100,31.09,1100,-1.3,31.54,30.88,1349100,42090000.0,2.79,2.1,15.02,28.66,37.76,25.18,0.71
久盛电气,sz301082,10.9,11.09,11.31,19049400.0,10.89,8500,10.9,2900,-1.71,11.38,10.85,19049400,209110000.0,6.99,4.78,29.73,32.07,13.31,8.87,0.49
长城证券,sz002939,8.24,8.33,8.32,34428400.0,8.23,79100,8.24,82000,-1.08,8.37,8.21,34428400,284440000.0,0.96,1.92,296.86,332.44,9.16,7.5,1.12
佰仁医疗,sh688198,81.69,81.96,81.5,87612500.0,81.69,3100,81.82,600,-0.33,83.5,81.5,87612500,72230000.0,0.64,2.44,112.53,112.53,98.35,65.57,1.01
锦盛新材,sz300849,22.78,22.0,21.5,3199900.0,22.76,100,22.78,13400,3.55,22.99,21.5,3199900,71790000.0,2.9,6.77,25.12,34.17,26.4,17.6,0.88
佛燃能源,sz002911,11.18,11.13,11.15,4615500.0,11.17,1200,11.18,14600,0.45,11.25,11.09,4615500,51530000.0,0.36,1.44,141.65,145.14,12.24,10.02,0.68
三七互娱,sz002555,19.6,19.98,19.95,39954900.0,19.6,114300,19.61,123600,-1.9,20.15,19.6,39954900,793540000.0,2.52,2.75,311.12,433.6,21.98,17.98,0.81
莱特光电,sh688150,40.15,40.9,40.63,857019300.0,40.13,400,40.15,2500,-1.83,41.8,39.8,857019300,348490000.0,2.13,4.89,161.58,161.58,49.08,32.72,0.61
特变电工,sh600089,21.38,21.47,21.48,72865200.0,21.38,21600,21.39,79100,-0.42,21.61,21.24,72865200,1563580000.0,1.44,1.72,1080.29,1080.29,23.62,19.32,0.63
荣昌生物,sh688331,132.0,134.45,133.0,1188188100.0,132.0,500,132.01,2600,-1.82,137.51,131.75,1188188100,1601720000.0,3.34,4.28,469.78,745.11,161.34,107.56,1.04
新兴铸管,sz000778,3.76,3.8,3.79,45269100.0,3.75,1188700,3.76,801100,-1.05,3.81,3.74,45269100,170730000.0,1.16,1.84,146.4,149.02,4.18,3.42,0.77
德冠新材,sz001378,21.25,20.42,20.42,8312700.0,21.25,1100,21.26,16500,4.06,21.31,20.13,8312700,172460000.0,9.86,5.78,17.92,36.83,22.46,18.38,1.16
梦天家居,sh603216,20.8,21.36,21.36,3747400.0,20.8,23400,20.81,10400,-2.62,21.36,20.7,3747400,78490000.0,1.68,3.09,46.32,46.32,23.5,19.22,0.87
三达膜,sh688101,15.49,15.73,15.73,411906900.0,15.49,200,15.5,1600,-1.53,15.73,15.45,411906900,64070000.0,1.24,1.78,51.43,51.43,18.88,12.58,1.14
隆华科技,sz300263,9.98,10.16,10.05,43372200.0,9.98,208300,9.99,191600,-1.77,10.19,9.95,43372200,435830000.0,4.45,2.36,97.36,103.29,12.19,8.13,0.59
中国交建,sh601800,6.04,6.08,6.08,23082200.0,6.03,1239000,6.04,230700,-0.66,6.09,6.03,23082200,139690000.0,0.2,0.99,708.06,979.31,6.69,5.47,0.59
凯恩股份,sz002012,6.51,6.66,6.63,10181600.0,6.51,5500,6.52,26100,-2.25,6.65,6.48,10181600,66680000.0,2.18,2.55,30.44,30.44,7.33,5.99,0.52
拓尔思,sz300229,14.97,15.07,15.07,30890200.0,14.97,93400,14.98,32400,-0.66,15.48,14.71,30890200,466580000.0,3.54,5.11,130.69,130.78,18.08,12.06,0.58
宿迁联盛,sh603065,17.01,17.75,17.3,50029100.0,17.0,144000,17.01,10700,-4.17,17.59,16.37,50029100,844160000.0,11.94,6.87,71.27,71.27,19.53,15.98,1.05
汇川技术,sz300124,63.97,64.34,64.01,19873100.0,63.96,2000,63.97,100,-0.58,65.0,63.79,19873100,1278370000.0,0.82,1.88,1541.88,1732.05,77.21,51.47,0.76
国元证券,sz000728,7.18,7.22,7.22,13966700.0,7.18,628500,7.19,67200,-0.55,7.23,7.18,13966700,100520000.0,0.32,0.69,313.32,313.32,7.94,6.5,0.71
奇德新材,sz300995,26.66,26.67,27.28,1372400.0,26.66,1900,26.75,800,-0.04,27.28,25.97,1372400,36360000.0,2.26,4.91,16.19,24.56,32.0,21.34,1.02
衢州东峰,sh601515,3.56,3.58,3.54,23567500.0,3.56,116700,3.57,254900,-0.56,3.65,3.53,23567500,84760000.0,1.22,3.35,68.51,68.51,3.94,3.22,0.96
瑞华技术,bj920099,19.5,19.49,19.31,570600.0,19.5,0,19.51,2500,0.05,19.66,19.23,570600,11105900.0,0.98,2.21,11.34,18.35,25.33,13.65,0.71
怡合达,sz301029,27.19,27.22,27.2,8090700.0,27.18,10200,27.19,15200,-0.11,27.73,27.05,8090700,221680000.0,1.79,2.5,123.13,172.87,32.66,21.78,0.63
中船防务,sh600685,26.63,27.06,26.8,13198200.0,26.62,44400,26.63,26800,-1.59,27.17,26.43,13198200,353250000.0,1.61,2.73,218.75,376.42,29.77,24.35,1.07
三棵树,sh603737,23.42,23.83,23.83,5792500.0,23.41,12400,23.42,11100,-1.72,23.83,23.39,5792500,136580000.0,0.65,1.85,207.36,207.36,26.21,21.45,0.63
福赛科技,sz301529,96.16,80.13,80.12,6275400.0,96.16,326000,0.0,0,20.0,96.16,77.8,6275400,557580000.0,9.87,22.91,61.13,113.88,96.16,64.1,2.47
新巨丰,sz301296,6.36,6.45,6.43,3143800.0,6.36,24900,6.37,32100,-1.4,6.44,6.33,3143800,20050000.0,0.74,1.71,27.19,27.19,7.74,5.16,0.84
诺力股份,sh603611,17.18,17.32,17.28,1670900.0,17.18,6000,17.19,3600,-0.81,17.35,17.07,1670900,28730000.0,0.65,1.62,44.26,44.26,19.05,15.59,0.71
华大九天,sz301269,97.96,93.13,93.0,12461200.0,97.96,5700,97.97,10800,5.19,100.0,92.6,12461200,1208490000.0,2.27,7.95,536.7,536.7,111.76,74.5,1.49
中原高速,sh600020,3.75,3.8,3.8,11540100.0,3.75,357300,3.76,244700,-1.32,3.81,3.75,11540100,43610000.0,0.51,1.58,84.28,84.28,4.18,3.42,0.81
创新新材,sh600361,3.71,3.79,3.77,40964300.0,3.7,1449400,3.71,122600,-2.11,3.81,3.7,40964300,153570000.0,1.1,2.9,138.48,138.48,4.17,3.41,1.1
铁龙物流,sh600125,5.45,5.49,5.48,5828900.0,5.45,128800,5.46,109600,-0.73,5.5,5.45,5828900,31880000.0,0.45,0.91,71.15,71.15,6.04,4.94,0.53
中兵红箭,sz000519,14.78,15.01,14.88,35095300.0,14.78,267800,14.79,24700,-1.53,14.97,14.71,35095300,520080000.0,2.52,1.73,205.82,205.82,16.51,13.51,0.75
溢多利,sz300381,6.06,6.15,6.12,5732600.0,6.06,3400,6.07,5800,-1.46,6.17,6.05,5732600,35040000.0,1.2,1.95,28.99,29.1,7.38,4.92,0.75
天宇股份,sz300702,22.57,22.65,22.46,4641200.0,22.56,21300,22.57,5100,-0.35,23.09,22.37,4641200,105720000.0,2.21,3.18,47.49,78.54,27.18,18.12,0.78
宏发股份,sh600885,34.99,35.3,35.05,10297300.0,34.98,1200,34.99,24800,-0.88,35.33,34.76,10297300,360820000.0,0.67,1.61,541.5,541.5,38.83,31.77,0.57
上海电影,sh601595,18.51,17.99,18.03,15768000.0,18.51,91400,18.52,6900,2.89,19.66,17.98,15768000,293120000.0,3.52,9.34,82.96,82.96,19.79,16.19,2.46
新亚强,sh603155,13.87,14.1,14.08,8906900.0,13.86,2000,13.87,20300,-1.63,14.12,13.77,8906900,124170000.0,1.95,2.48,63.51,63.51,15.51,12.69,0.77
龙源电力,sz001289,15.96,16.05,16.06,3935900.0,15.96,29300,15.97,31500,-0.56,16.09,15.86,3935900,62900000.0,0.08,1.43,804.69,1334.23,17.66,14.45,0.63
中科三环,sz000970,13.36,13.74,13.6,40786600.0,13.35,192800,13.36,200700,-2.77,13.61,13.35,40786600,549130000.0,3.35,1.89,162.42,162.42,15.11,12.37,0.6
天融信,sz002212,7.17,6.52,6.6,70850100.0,7.17,15233100,0.0,0,9.97,7.17,6.49,70850100,496360000.0,6.07,10.43,83.66,84.57,7.17,5.87,0.7
三美股份,sh603379,65.58,67.72,67.06,7189800.0,65.58,1500,65.59,700,-3.16,67.74,65.5,7189800,478960000.0,1.18,3.31,400.35,400.35,74.49,60.95,0.66
诺思兰德,bj920047,17.92,18.09,17.78,6008100.0,17.92,15200,17.94,1000,-0.94,18.63,17.6,6008100,108672400.0,3.34,5.69,32.28,49.15,23.51,12.67,0.98
飞南资源,sz301500,24.19,24.68,24.69,12631900.0,24.19,3800,24.2,10400,-1.99,25.35,24.17,12631900,310600000.0,8.77,4.78,34.85,135.73,29.62,19.74,0.88
科瑞思,sz301314,41.88,41.75,41.5,519200.0,41.88,1000,41.94,1300,0.31,42.37,40.94,519200,21630000.0,2.84,3.43,7.65,23.14,50.1,33.4,0.62
中钢国际,sz000928,5.08,5.14,5.13,12851700.0,5.07,197400,5.08,187900,-1.17,5.14,5.05,12851700,65310000.0,0.9,1.75,72.88,72.88,5.65,4.63,0.86
南极光,sz300940,14.08,14.3,14.24,3475100.0,14.08,12500,14.09,4300,-1.54,14.3,14.0,3475100,49070000.0,2.21,2.1,22.17,31.35,17.16,11.44,0.6
惠城环保,sz300779,72.2,74.03,74.22,10075200.0,72.2,8900,72.21,700,-2.47,75.6,71.4,10075200,728290000.0,4.44,5.67,164.02,214.66,88.84,59.22,0.51
深圳能源,sz000027,6.37,6.37,6.36,18144200.0,6.36,146500,6.37,318500,0.0,6.41,6.33,18144200,115590000.0,0.38,1.26,303.05,303.05,7.01,5.73,0.84
超频三,sz300647,5.62,5.71,5.7,13414100.0,5.61,28200,5.62,22700,-1.58,5.71,5.55,13414100,75460000.0,2.94,2.8,25.66,25.7,6.85,4.57,0.77
任子行,sz300311,6.56,6.57,6.45,106885500.0,6.55,173500,6.56,31000,-0.15,6.96,6.25,106885500,716070000.0,19.89,10.81,35.25,44.19,7.88,5.26,0.96
常青科技,sh603125,23.45,23.56,23.45,3367600.0,23.44,5600,23.45,5300,-0.47,23.78,23.14,3367600,79040000.0,0.83,2.72,94.93,94.93,25.92,21.2,0.56
宇信科技,sz300674,16.2,16.27,16.33,12762300.0,16.2,8100,16.21,36000,-0.43,16.47,16.03,12762300,207350000.0,1.82,2.7,113.89,114.06,19.52,13.02,0.63
西南证券,sh600369,4.13,4.15,4.14,23790500.0,4.12,679200,4.13,362300,-0.48,4.16,4.11,23790500,98320000.0,0.36,1.2,274.44,274.44,4.57,3.74,0.81
森林包装,sh605500,6.96,7.07,7.03,3793600.0,6.96,12700,6.97,47600,-1.56,7.04,6.91,3793600,26440000.0,0.92,1.84,28.84,28.84,7.78,6.36,0.75
中复神鹰,sh688295,41.96,43.11,42.78,571341100.0,41.96,200,41.98,32800,-2.67,42.78,41.66,571341100,240330000.0,0.63,2.6,377.64,377.64,51.73,34.49,0.59
太阳能,sz000591,4.48,4.48,4.47,37432100.0,4.47,340800,4.48,197200,0.0,4.51,4.43,37432100,167490000.0,0.96,1.79,174.87,174.94,4.93,4.03,0.87
江西铜业,sh600362,46.2,48.74,48.83,91261600.0,46.2,75100,46.21,12900,-5.21,49.77,46.08,91261600,4367180000.0,4.4,7.57,958.76,1599.78,53.61,43.87,1.17
海康威视,sz002415,36.37,37.44,37.26,106228500.0,36.36,391800,36.37,81600,-2.86,38.03,36.28,106228500,3928210000.0,1.17,4.67,3290.06,3333.26,41.18,33.7,1.06
新 和 成,sz002001,30.4,31.07,31.03,24833400.0,30.4,129800,30.41,138300,-2.16,31.37,30.4,24833400,766690000.0,0.82,3.12,923.2,934.32,34.18,27.96,0.76
易点天下,sz301171,38.02,37.95,38.32,78732500.0,38.01,35800,38.02,5000,0.18,39.32,37.06,78732500,3009840000.0,15.69,5.96,190.82,235.16,45.54,30.36,0.71
广州发展,sh600098,6.28,6.3,6.29,17535700.0,6.28,24700,6.29,77200,-0.32,6.32,6.25,17535700,110140000.0,0.5,1.11,220.17,220.17,6.93,5.67,0.8
亚太科技,sz002540,5.17,5.22,5.22,9402500.0,5.17,51000,5.18,22400,-0.96,5.25,5.15,9402500,48800000.0,1.1,1.92,44.37,64.5,5.74,4.7,0.96
理工导航,sh688282,57.48,58.71,58.03,136688800.0,57.45,200,57.48,3500,-2.1,58.96,55.05,136688800,77520000.0,1.54,6.66,51.17,51.17,70.45,46.97,1.63
柳药集团,sh603368,15.92,15.82,15.83,6089700.0,15.92,10000,15.93,21100,0.63,16.09,15.76,6089700,97240000.0,1.53,2.09,63.24,63.24,17.4,14.24,1.4
和元生物,sh688238,7.12,7.17,7.1,2821392900.0,7.12,16500,7.13,27900,-0.7,7.33,7.02,2821392900,201800000.0,4.36,4.32,46.1,46.21,8.6,5.74,0.99
粤电力Ａ,sz000539,5.92,5.96,5.91,58835400.0,5.92,456400,5.93,280800,-0.67,6.02,5.84,58835400,350240000.0,2.3,3.02,151.28,310.82,6.56,5.36,0.75
法拉电子,sh600563,136.03,135.5,134.12,4291800.0,136.03,11600,136.04,5900,0.39,138.98,133.5,4291800,586810000.0,1.91,4.04,306.07,306.07,149.05,121.95,0.73
中工国际,sz002051,9.07,9.19,9.15,18983400.0,9.07,243400,9.08,26500,-1.31,9.18,9.0,18983400,172380000.0,1.55,1.96,111.24,111.24,10.11,8.27,0.6
建设银行,sh601939,10.23,10.13,10.11,143004900.0,10.23,187200,10.24,1295700,0.99,10.27,10.1,143004900,1457010000.0,1.49,1.68,981.43,26761.72,11.14,9.12,0.77
呈和科技,sh688625,55.2,57.18,57.09,481230700.0,55.2,4900,55.28,300,-3.46,57.79,54.6,481230700,267790000.0,1.85,5.58,143.34,143.34,68.62,45.74,0.79
博迈科,sh603727,18.98,19.21,19.54,3148800.0,18.98,8700,19.0,3700,-1.2,19.58,18.8,3148800,60250000.0,1.12,4.06,53.47,53.47,21.13,17.29,0.81
和仁科技,sz300550,12.34,12.13,12.1,4622200.0,12.34,3200,12.35,80500,1.73,12.39,11.81,4622200,56240000.0,1.76,4.78,32.37,32.4,14.56,9.7,0.75
吉祥航空,sh603885,10.79,11.07,11.03,12483500.0,10.79,29800,10.8,17000,-2.53,11.05,10.72,12483500,135480000.0,0.58,2.98,234.04,234.04,12.18,9.96,0.92
双元科技,sh688623,62.17,59.78,59.15,161414100.0,62.17,3300,62.18,2200,4.0,62.75,58.62,161414100,97950000.0,4.54,6.91,22.08,53.16,71.74,47.82,3.24
山东威达,sz002026,10.6,10.73,10.84,4998900.0,10.6,5300,10.62,5900,-1.21,10.84,10.57,4998900,53170000.0,1.13,2.52,46.69,46.7,11.8,9.66,0.85
安徽建工,sh600502,4.59,4.62,4.61,24691600.0,4.59,311200,4.6,87300,-0.65,4.67,4.59,24691600,114030000.0,1.44,1.73,78.79,78.79,5.08,4.16,0.76
兴欣新材,sz001358,25.96,26.66,25.98,4054400.0,25.96,10300,25.97,24100,-2.63,26.42,25.9,4054400,105770000.0,7.95,1.95,13.23,31.98,29.33,23.99,0.63
江阴银行,sz002807,3.94,3.98,3.97,32168000.0,3.93,2191700,3.94,317700,-1.01,3.99,3.93,32168000,127160000.0,1.19,1.51,106.52,106.68,4.38,3.58,0.8
艾为电子,sh688798,55.22,55.22,55.01,250026700.0,55.22,19300,55.27,2900,0.0,56.06,54.57,250026700,138370000.0,1.84,2.7,74.96,128.73,66.26,44.18,0.9
山高环能,sz000803,7.13,7.17,7.18,6734400.0,7.12,66600,7.13,448600,-0.56,7.24,7.07,6734400,48200000.0,1.46,2.37,32.78,33.25,7.89,6.45,0.65
苏州固锝,sz002079,9.58,9.67,9.56,24085900.0,9.58,202600,9.59,179300,-0.93,9.77,9.54,24085900,232260000.0,2.97,2.38,77.71,87.03,10.64,8.7,0.54
必易微,sh688045,55.4,55.0,54.35,197568000.0,55.36,3800,55.4,0,0.73,57.09,53.91,197568000,109380000.0,2.8,5.78,39.1,39.1,66.0,44.0,0.97
华致酒行,sz300755,11.68,11.89,11.76,5721100.0,11.68,2200,11.69,1000,-1.77,11.88,11.52,5721100,66860000.0,1.37,3.03,48.66,48.68,14.27,9.51,1.01
丽岛新材,sh603937,11.48,11.58,11.52,4091700.0,11.48,6900,11.49,8100,-0.86,11.59,11.35,4091700,46970000.0,1.96,2.07,23.98,23.98,12.74,10.42,0.87
渤海轮渡,sh603167,8.69,8.76,8.77,2806600.0,8.69,99900,8.7,16300,-0.8,8.77,8.69,2806600,24460000.0,0.6,0.91,40.77,40.77,9.64,7.88,0.7
中国能建,sh601868,2.59,2.61,2.61,222961300.0,2.59,22376600,2.6,14336900,-0.77,2.63,2.59,222961300,581370000.0,0.69,1.53,839.9,1145.82,2.87,2.35,0.79
新疆天业,sh600075,4.6,4.62,4.63,12938100.0,4.6,92900,4.61,45400,-0.43,4.66,4.57,12938100,59710000.0,0.76,1.95,78.56,78.56,5.08,4.16,0.78
嘉亨家化,sz300955,31.31,31.0,30.97,1561900.0,31.3,3300,31.31,4200,1.0,31.74,30.23,1561900,48350000.0,1.55,4.87,31.56,31.56,37.2,24.8,0.87
广联航空,sz300900,23.81,25.16,23.63,22032300.0,23.81,22300,23.82,34100,-5.37,24.24,23.4,22032300,525140000.0,8.58,3.34,61.14,78.03,30.19,20.13,1.15
鲁  泰Ａ,sz000726,5.93,6.0,6.0,3344000.0,5.93,32500,5.94,36400,-1.17,6.01,5.93,3344000,19940000.0,0.57,1.33,34.95,48.48,6.6,5.4,0.72
冀衡医药,sz002742,4.27,4.31,4.05,48121100.0,4.27,187400,4.28,108200,-0.93,4.35,4.05,48121100,202320000.0,9.18,6.96,22.37,29.21,4.74,3.88,1.84
亚太药业,sz002370,5.86,5.81,5.84,99448900.0,5.86,188900,5.87,834300,0.86,6.12,5.82,99448900,594800000.0,13.34,5.16,43.69,43.7,6.39,5.23,3.62
圆通速递,sh600233,18.98,18.89,18.98,22646400.0,18.98,1200,18.99,4000,0.48,19.36,18.88,22646400,432390000.0,0.66,2.54,649.88,649.88,20.78,17.0,0.93
罗莱生活,sz002293,11.1,11.41,11.43,6499800.0,11.1,19400,11.11,21100,-2.72,11.46,11.1,6499800,73030000.0,0.78,3.16,92.16,92.93,12.55,10.27,0.84
浙矿股份,sz300837,23.63,23.64,23.42,1627600.0,23.63,1700,23.64,4000,-0.04,23.73,23.18,1627600,38210000.0,2.15,2.33,17.86,23.63,28.37,18.91,0.85
亿联网络,sz300628,39.4,40.03,39.89,12091600.0,39.4,26800,39.41,400,-1.57,40.42,39.4,12091600,481670000.0,1.67,2.55,285.99,499.17,48.04,32.02,0.72
北方铜业,sz000737,14.01,14.51,14.62,75287700.0,14.01,50800,14.02,137300,-3.45,14.69,14.01,75287700,1078640000.0,3.95,4.69,266.83,266.85,15.96,13.06,1.01
兴业证券,sh601377,5.86,5.91,5.9,46208200.0,5.86,481200,5.87,479900,-0.85,5.92,5.86,46208200,272030000.0,0.54,1.02,506.07,506.07,6.5,5.32,0.59
南模生物,sh688265,46.19,46.55,45.9,493369200.0,46.18,1900,46.19,500,-0.77,48.0,44.22,493369200,228650000.0,6.33,8.12,36.01,36.01,55.86,37.24,1.74
紫江企业,sh600210,6.12,6.16,6.16,9057700.0,6.12,210000,6.13,117000,-0.65,6.18,6.12,9057700,55610000.0,0.6,0.97,92.82,92.82,6.78,5.54,0.57
*ST利源,sz002501,1.31,1.32,1.33,20208500.0,1.31,2786100,1.32,1487400,-0.76,1.34,1.3,20208500,26610000.0,0.57,3.03,46.46,46.51,1.45,1.19,0.41
大洋生物,sz003017,21.83,22.09,22.08,1339200.0,21.83,16800,21.84,2000,-1.18,22.14,21.81,1339200,29450000.0,1.6,1.49,18.22,22.0,24.3,19.88,0.87
招商公路,sz001965,9.38,9.43,9.4,19133300.0,9.37,22400,9.38,43700,-0.53,9.42,9.25,19133300,178480000.0,0.28,1.8,637.38,637.38,10.37,8.49,1.23
华谊集团,sh600623,8.5,8.5,8.46,17848300.0,8.5,131300,8.51,87200,0.0,8.82,8.45,17848300,153810000.0,0.95,4.35,159.46,180.16,9.35,7.65,0.84
博拓生物,sh688767,38.98,38.84,38.51,116731700.0,38.97,900,38.98,100,0.36,39.5,38.51,116731700,45540000.0,0.78,2.55,58.21,58.21,46.61,31.07,0.57
雅运股份,sh603790,24.25,23.25,23.05,6917300.0,24.24,500,24.25,42200,4.3,24.56,22.8,6917300,164680000.0,3.61,7.57,46.4,46.4,25.58,20.93,1.75
金海通,sh603061,319.48,319.99,315.0,3819000.0,319.48,3600,319.6,200,-0.16,336.36,314.0,3819000,1248260000.0,4.39,6.99,277.95,277.95,351.99,287.99,1.02
航天信息,sh600271,7.02,7.05,7.04,12797800.0,7.02,22700,7.03,135200,-0.43,7.12,6.94,12797800,89940000.0,0.69,2.55,130.07,130.07,7.76,6.35,0.72
长江电力,sh600900,28.31,28.05,28.09,109150700.0,28.3,16500,28.31,425000,0.93,28.4,27.96,109150700,3087920000.0,0.45,1.57,6926.95,6926.95,30.86,25.25,0.85
晶升股份,sh688478,47.27,48.8,47.0,570471500.0,47.26,1200,47.27,6800,-3.14,49.33,46.69,570471500,272280000.0,4.12,5.41,65.41,65.41,58.56,39.04,0.9
中远海发,sh601866,2.38,2.42,2.43,57381100.0,2.37,4430800,2.38,581300,-1.65,2.43,2.37,57381100,137440000.0,0.59,2.48,231.11,312.54,2.66,2.18,0.99
凯因科技,sh688687,17.7,17.95,17.91,406122500.0,17.7,123600,17.73,300,-1.39,18.24,17.7,406122500,72800000.0,2.38,3.01,30.26,30.26,21.54,14.36,1.07
腾亚精工,sz301125,13.93,13.75,13.75,4135500.0,13.92,100,13.93,25200,1.31,14.08,13.32,4135500,56760000.0,2.35,5.53,24.49,27.63,16.5,11.0,1.11
海泰新能,bj920985,4.79,4.84,4.84,1794200.0,4.79,41800,4.8,30100,-1.03,4.86,4.77,1794200,8620400.0,0.82,1.86,10.51,14.82,6.29,3.39,0.66
鑫铂股份,sz003038,11.04,11.14,11.08,3176100.0,11.04,1200,11.05,5600,-0.9,11.19,11.0,3176100,35210000.0,1.96,1.71,17.89,26.9,12.25,10.03,0.81
杭州银行,sh600926,16.03,16.1,16.14,26619900.0,16.03,54300,16.04,5600,-0.43,16.25,16.03,26619900,429030000.0,0.37,1.37,1162.02,1162.02,17.71,14.49,0.76
华亚智能,sz003043,71.71,74.25,73.0,6975500.0,71.7,200,71.71,300,-3.42,74.25,70.0,6975500,501150000.0,7.42,5.72,67.42,103.27,81.68,66.83,1.02
海天股份,sh603759,7.43,7.54,7.56,2762100.0,7.43,5500,7.44,7200,-1.46,7.56,7.4,2762100,20580000.0,0.6,2.12,34.31,34.31,8.29,6.79,0.65
金三江,sz301059,11.47,11.73,11.67,2448000.0,11.47,34100,11.5,3900,-2.22,11.67,11.46,2448000,28170000.0,1.19,1.79,23.69,26.51,14.08,9.38,0.89
东方盛虹,sz000301,12.99,13.53,13.52,33908900.0,12.99,200,13.0,32700,-3.99,13.63,12.91,33908900,449480000.0,0.51,5.32,858.43,858.8,14.88,12.18,1.08
白云山,sh600332,21.53,21.59,21.62,10077400.0,21.52,29600,21.53,24400,-0.28,21.9,21.45,10077400,218510000.0,0.72,2.08,302.69,350.03,23.75,19.43,0.9
天津普林,sz002134,22.56,22.52,22.3,6058700.0,22.55,5500,22.56,1300,0.18,22.89,22.13,6058700,136310000.0,2.45,3.37,55.87,55.91,24.77,20.27,0.63
中煤能源,sh601898,14.34,14.4,14.64,45091200.0,14.33,88200,14.34,5400,-0.42,14.72,14.12,45091200,647130000.0,0.49,4.17,1312.4,1901.29,15.84,12.96,0.82
九洲药业,sh603456,16.8,16.51,16.32,53160900.0,16.8,4700,16.81,18500,1.76,17.25,16.32,53160900,896410000.0,6.03,5.63,148.13,148.13,18.16,14.86,1.35
安克创新,sz300866,121.01,119.95,121.83,3451500.0,121.01,700,121.06,100,0.88,123.89,119.53,3451500,420100000.0,1.12,3.63,374.27,711.6,143.94,95.96,0.85
中国海诚,sz002116,7.1,7.15,7.14,2487600.0,7.1,19800,7.11,58800,-0.7,7.14,7.06,2487600,17660000.0,0.45,1.12,39.2,39.69,7.87,6.44,0.72
奥士康,sz002913,55.46,55.33,54.85,9072900.0,55.45,3100,55.46,42200,0.23,56.68,52.77,9072900,497390000.0,2.97,7.07,169.4,176.01,60.86,49.8,1.02
龙泉股份,sz002671,3.96,3.95,3.93,9441600.0,3.95,153100,3.96,4800,0.25,3.98,3.91,9441600,37290000.0,1.71,1.77,21.84,22.24,4.35,3.56,0.77
彩蝶实业,sh603073,16.52,16.75,16.6,1394400.0,16.52,500,16.53,500,-1.37,16.74,16.35,1394400,23070000.0,2.74,2.33,8.41,19.16,18.43,15.08,0.62
汇得科技,sh603192,21.6,22.06,22.24,1980900.0,21.59,600,21.6,200,-2.09,22.24,21.42,1980900,42940000.0,1.42,3.72,30.11,36.11,24.27,19.85,0.59
中达安,sz300635,11.91,11.89,11.89,2826800.0,11.9,3700,11.91,13400,0.17,11.92,11.62,2826800,33390000.0,2.35,2.52,14.34,16.68,14.27,9.51,0.66
东北制药,sz000597,4.83,4.79,4.77,16977000.0,4.83,8100,4.84,52200,0.84,4.9,4.75,16977000,82290000.0,1.2,3.13,68.06,68.92,5.27,4.31,1.27
肯特催化,sh603120,47.41,48.06,47.79,1480300.0,47.41,600,47.42,2900,-1.35,48.07,47.04,1480300,70550000.0,3.91,2.14,17.97,42.86,52.87,43.25,0.5
山河药辅,sz300452,12.71,12.78,12.78,4060300.0,12.7,31800,12.71,37600,-0.55,12.86,12.65,4060300,51840000.0,2.04,1.64,25.25,29.8,15.34,10.22,0.91
屹通新材,sz300930,25.31,25.81,25.8,1415900.0,25.31,100,25.38,600,-1.94,25.8,25.18,1415900,36040000.0,3.0,2.4,11.93,25.31,30.97,20.65,0.99
华策影视,sz300133,7.24,7.3,7.3,51096500.0,7.24,129100,7.25,258600,-0.82,7.36,7.18,51096500,372080000.0,3.07,2.47,120.4,135.74,8.76,5.84,0.63
富煌钢构,sz002743,4.05,4.05,4.05,9139000.0,4.05,25500,4.06,98100,0.0,4.08,3.97,9139000,36890000.0,2.1,2.72,17.6,17.63,4.46,3.65,1.01
天山股份,sz000877,3.8,3.87,3.84,11184800.0,3.8,808700,3.81,20200,-1.81,3.86,3.79,11184800,42650000.0,0.16,1.81,270.2,270.2,4.26,3.48,0.76
大华股份,sz002236,16.66,16.85,16.81,31292900.0,16.65,128200,16.66,12600,-1.13,16.88,16.63,31292900,524050000.0,1.31,1.48,398.36,544.66,18.54,15.17,0.76
兖矿能源,sh600188,22.1,21.78,22.15,74758200.0,22.1,753300,22.11,6200,1.47,22.68,21.5,74758200,1656670000.0,1.25,5.42,1317.46,2218.14,23.96,19.6,1.14
农心科技,sz001231,20.04,20.27,20.52,1132700.0,20.04,1700,20.07,3800,-1.13,20.52,19.9,1132700,22740000.0,2.22,3.06,10.21,19.98,22.3,18.24,1.09
长江证券,sz000783,8.78,9.02,8.98,100080100.0,8.78,1434200,8.79,129000,-2.66,9.03,8.78,100080100,889500000.0,1.81,2.77,485.54,485.54,9.92,8.12,0.97
众源新材,sh603527,10.06,10.41,10.37,8110900.0,10.06,18100,10.07,78500,-3.36,10.37,10.04,8110900,82230000.0,2.56,3.17,31.89,31.89,11.45,9.37,1.07
中国黄金,sh600916,7.88,8.1,8.16,61948700.0,7.88,76300,7.89,20000,-2.72,8.26,7.84,61948700,497220000.0,3.69,5.19,132.38,132.38,8.91,7.29,1.11
邮储银行,sh601658,4.96,4.96,4.96,97204700.0,4.95,5703700,4.96,1854000,0.0,4.98,4.94,97204700,481760000.0,0.13,0.81,3597.38,5956.71,5.46,4.46,0.58
中国通号,sh688009,4.94,4.97,4.97,2849149900.0,4.94,117500,4.95,18500,-0.6,4.99,4.91,2849149900,140930000.0,0.33,1.61,425.88,523.14,5.96,3.98,0.94
井松智能,sh688251,21.38,21.66,21.79,109634400.0,21.38,1100,21.41,4300,-1.29,21.79,20.84,109634400,23520000.0,1.1,4.39,21.36,21.51,25.99,17.33,0.48
天原股份,sz002386,5.86,5.97,5.97,13971600.0,5.86,304200,5.87,81100,-1.84,5.97,5.86,13971600,82440000.0,1.07,1.84,76.26,76.28,6.57,5.37,0.83
省广集团,sz002400,6.91,6.94,6.95,56127600.0,6.91,331900,6.92,220300,-0.43,7.01,6.83,56127600,388760000.0,3.25,2.59,119.28,120.46,7.63,6.25,0.5
双象股份,sz002395,12.43,12.51,12.52,1986000.0,12.42,22100,12.43,5600,-0.64,12.55,12.36,1986000,24710000.0,0.74,1.52,33.34,33.34,13.76,11.26,0.77
神力股份,sh603819,14.25,14.35,14.23,5858600.0,14.24,5100,14.25,16100,-0.7,14.54,13.96,5858600,83290000.0,2.69,4.04,31.03,31.03,15.79,12.92,0.88
悦达投资,sh600805,4.38,4.41,4.42,4598100.0,4.37,22500,4.38,126800,-0.68,4.42,4.34,4598100,20100000.0,0.54,1.81,37.24,37.27,4.85,3.97,0.63
昊帆生物,sz301393,66.58,66.98,66.88,3958100.0,66.58,400,66.6,300,-0.6,69.0,65.88,3958100,266110000.0,9.0,4.66,29.27,71.91,80.38,53.58,1.06
澜起科技,sh688008,206.7,206.92,203.55,3616655300.0,206.69,3600,206.7,25000,-0.11,214.4,202.85,3616655300,7554170000.0,3.16,5.58,2366.23,2522.85,248.3,165.54,0.72
正业科技,sz300410,7.79,7.87,7.8,11863800.0,7.78,94100,7.79,37900,-1.02,7.93,7.73,11863800,92630000.0,3.23,2.54,28.6,28.6,9.44,6.3,0.49
金力永磁,sz300748,27.66,28.4,28.15,28928900.0,27.66,59400,27.67,64100,-2.61,28.2,27.64,28928900,804610000.0,2.56,1.97,312.57,382.25,34.08,22.72,0.78
森源电气,sz002358,5.63,5.75,5.74,16832700.0,5.63,238800,5.64,117300,-2.09,5.74,5.6,16832700,95200000.0,1.81,2.43,52.35,52.35,6.33,5.18,0.72
力芯微,sh688601,44.35,41.65,42.25,570577000.0,44.31,800,44.35,5400,6.48,45.12,41.18,570577000,248820000.0,4.27,9.46,59.29,59.29,49.98,33.32,1.37
美诺华,sh603538,30.3,29.2,28.6,87525700.0,30.3,123300,30.31,22500,3.77,31.42,28.58,87525700,2648020000.0,25.98,9.73,102.09,103.0,32.12,26.28,1.41
江南水务,sh601199,6.33,6.06,6.2,56738700.0,6.33,13300,6.34,195700,4.46,6.5,6.07,56738700,355650000.0,6.07,7.1,59.2,59.2,6.67,5.45,2.89
华生科技,sh605180,12.48,12.6,12.5,1441000.0,12.47,1000,12.48,600,-0.95,12.62,12.35,1441000,17980000.0,0.85,2.14,21.09,21.09,13.86,11.34,0.81
方大炭素,sh600516,5.16,5.22,5.2,35547400.0,5.15,918000,5.16,28400,-1.15,5.22,5.14,35547400,183590000.0,0.88,1.53,207.74,207.74,5.74,4.7,0.8
金山办公,sh688111,261.4,262.6,262.0,986352800.0,261.4,19300,261.41,1200,-0.46,269.89,258.88,986352800,2603620000.0,2.13,4.19,1212.93,1212.93,315.12,210.08,0.63
康众医疗,sh688607,47.6,47.52,47.0,160955000.0,47.6,6800,47.74,200,0.17,48.75,46.81,160955000,76750000.0,2.03,4.08,37.76,41.95,57.02,38.02,0.44
晋控电力,sz000767,3.89,3.87,3.84,161088300.0,3.89,234800,3.9,1911000,0.52,3.94,3.79,161088300,626040000.0,5.53,3.88,113.29,119.69,4.26,3.48,1.15
迪森股份,sz300335,5.51,5.59,5.58,14194300.0,5.5,244800,5.51,166100,-1.43,5.58,5.46,14194300,78240000.0,3.69,2.15,21.17,26.28,6.71,4.47,0.87
海 利 得,sz002206,5.34,5.43,5.41,10514900.0,5.33,26600,5.34,64300,-1.66,5.45,5.32,10514900,56440000.0,0.99,2.39,56.44,62.05,5.97,4.89,0.89
平安银行,sz000001,11.26,11.29,11.31,66336100.0,11.25,233900,11.26,36000,-0.27,11.4,11.24,66336100,749690000.0,0.34,1.42,2185.07,2185.11,12.42,10.16,0.6
新中港,sh605162,9.1,9.33,9.43,38391500.0,9.1,74200,9.11,17200,-2.47,9.55,9.02,38391500,352730000.0,8.67,5.68,40.3,40.3,10.26,8.4,2.12
安路科技,sh688107,32.9,32.8,32.61,500208800.0,32.9,15100,32.91,400,0.3,33.47,32.07,500208800,164070000.0,1.25,4.27,131.88,131.88,39.36,26.24,0.6
金浦钛业,sz000545,2.57,2.62,2.64,31263300.0,2.57,37400,2.58,909600,-1.91,2.65,2.56,31263300,80670000.0,3.17,3.44,25.32,25.36,2.88,2.36,0.9
天和防务,sz300397,11.28,11.9,11.55,30992900.0,11.27,116300,11.28,2200,-5.21,11.64,11.21,30992900,351130000.0,7.59,3.61,46.04,58.39,14.28,9.52,1.49
广康生化,sz300804,42.68,43.9,43.16,1953200.0,42.4,300,42.68,200,-2.78,43.81,41.78,1953200,82960000.0,7.1,4.62,11.74,31.58,52.68,35.12,0.95
新经典,sh603096,15.23,15.14,15.23,1677900.0,15.23,6600,15.24,1000,0.59,15.35,14.94,1677900,25480000.0,1.09,2.71,23.49,23.49,16.65,13.63,0.91
翔腾新材,sz001373,27.9,27.95,27.93,1341600.0,27.89,300,27.9,14300,-0.18,28.28,27.37,1341600,37380000.0,3.2,3.26,11.71,19.16,30.75,25.16,0.8
必贝特-U,sh688759,26.78,25.73,25.09,843023800.0,26.77,16300,26.78,11400,4.08,27.5,25.09,843023800,224100000.0,11.71,9.37,19.28,120.52,30.88,20.58,1.33
智迪科技,sz301503,21.81,22.07,22.07,746400.0,21.81,1200,21.83,700,-1.18,22.12,21.63,746400,16340000.0,1.29,2.22,12.58,22.68,26.48,17.66,0.89
顺丰控股,sz002352,33.59,33.8,33.8,16141000.0,33.59,2400,33.6,23200,-0.62,33.99,33.51,16141000,544180000.0,0.34,1.42,1612.02,1768.62,37.18,30.42,0.72
日上集团,sz002593,4.45,4.46,4.46,8550300.0,4.45,11800,4.46,109700,-0.22,4.48,4.39,8550300,37970000.0,1.53,2.02,24.94,35.77,4.91,4.01,0.68
深高速,sh600548,8.28,8.38,8.38,3300800.0,8.28,7300,8.29,60500,-1.19,8.39,8.27,3300800,27460000.0,0.19,1.43,141.95,210.13,9.22,7.54,0.9
普莱得,sz301353,19.61,19.78,19.5,3233900.0,19.6,10500,19.61,100,-0.86,19.91,19.1,3233900,63010000.0,7.92,4.1,8.01,24.91,23.74,15.82,1.35
贵阳银行,sh601997,5.62,5.64,5.64,24938200.0,5.61,362200,5.62,153600,-0.35,5.66,5.59,24938200,140180000.0,0.68,1.24,205.48,205.48,6.2,5.08,0.51
三元生物,sz301206,23.81,24.08,23.96,1184100.0,23.81,6000,23.84,1000,-1.12,24.02,23.68,1184100,28210000.0,0.91,1.41,31.02,48.17,28.9,19.26,0.97
昱能科技,sh688348,32.83,33.02,33.0,116591200.0,32.82,6300,32.83,500,-0.58,33.25,32.44,116591200,38360000.0,0.75,2.45,51.31,51.31,39.62,26.42,0.72
创业环保,sh600874,5.59,5.61,5.62,5677700.0,5.58,74300,5.59,83500,-0.36,5.64,5.57,5677700,31790000.0,0.46,1.25,68.78,87.79,6.17,5.05,0.71
中国中冶,sh601618,2.6,2.64,2.63,61120600.0,2.6,10865300,2.61,1400100,-1.52,2.64,2.6,61120600,159980000.0,0.34,1.52,464.17,537.98,2.9,2.38,0.68
台华新材,sh603055,8.45,8.44,8.52,6729900.0,8.45,34200,8.46,12500,0.12,8.69,8.4,6729900,57470000.0,0.76,3.44,74.96,75.23,9.28,7.6,1.24
诺瓦星云,sz301589,141.5,146.34,142.29,688600.0,141.5,1000,141.54,300,-3.31,143.6,138.2,688600,97390000.0,2.0,3.69,48.77,130.81,175.61,117.07,0.94
塔牌集团,sz002233,7.21,7.3,7.31,11376200.0,7.2,39600,7.21,6300,-1.23,7.32,7.16,11376200,81990000.0,0.97,2.19,84.62,84.66,8.03,6.57,0.74
中荣股份,sz301223,16.66,16.66,16.66,1274500.0,16.66,300,16.71,13000,0.0,16.98,16.44,1274500,21310000.0,0.66,3.24,32.18,32.18,19.99,13.33,1.26
周大生,sz002867,12.76,12.93,12.92,5754600.0,12.76,700,12.77,600,-1.31,13.04,12.76,5754600,74150000.0,0.53,2.17,137.69,138.51,14.22,11.64,0.74
永艺股份,sh603600,9.59,9.72,9.72,4275700.0,9.59,4500,9.6,20600,-1.34,9.76,9.53,4275700,41130000.0,1.29,2.37,31.69,31.69,10.69,8.75,1.04
沃华医药,sz002107,6.25,6.3,6.26,9484600.0,6.25,52500,6.26,36300,-0.79,6.35,6.24,9484600,59690000.0,1.66,1.75,35.71,36.08,6.93,5.67,0.83
天禄科技,sz301045,66.28,66.25,64.51,4390300.0,66.28,800,66.29,200,0.05,68.06,64.51,4390300,292220000.0,6.3,5.36,46.21,73.12,79.5,53.0,0.73
东方通信,sh600776,12.78,12.91,12.8,9750000.0,12.78,16600,12.79,70300,-1.01,12.92,12.69,9750000,124810000.0,1.02,1.78,122.18,160.52,14.2,11.62,0.56
索宝蛋白,sh603231,15.65,15.66,15.56,1118600.0,15.58,5600,15.65,4100,-0.06,15.66,15.46,1118600,17410000.0,1.05,1.28,16.63,29.96,17.23,14.09,0.55
绿茵生态,sz002887,10.55,11.0,10.99,6059700.0,10.54,8200,10.55,1300,-4.09,11.01,10.53,6059700,64860000.0,2.79,4.36,22.92,32.28,12.1,9.9,0.78
中科磁业,sz301141,43.87,46.59,45.6,6834500.0,43.87,900,43.88,700,-5.84,46.58,43.8,6834500,305530000.0,15.35,5.97,19.53,54.41,55.91,37.27,0.92
海螺新材,sz000619,4.83,4.82,4.79,6687200.0,4.82,12100,4.83,4400,0.21,4.88,4.73,6687200,32220000.0,1.86,3.11,17.39,21.31,5.3,4.34,1.08
巨化股份,sh600160,42.22,44.26,44.01,36359800.0,42.22,41100,42.23,25300,-4.61,44.44,42.13,36359800,1566520000.0,1.35,5.22,1139.83,1139.83,48.69,39.83,0.92
山东高速,sh600350,10.86,10.7,10.65,18704100.0,10.86,111300,10.87,32200,1.5,11.06,10.65,18704100,203720000.0,0.39,3.83,525.03,525.03,11.77,9.63,1.22
森泰股份,sz301429,16.95,16.91,16.9,1747700.0,16.95,3100,16.98,3500,0.24,17.2,16.66,1747700,29680000.0,3.97,3.19,7.46,20.04,20.29,13.53,0.95
倍加洁,sh603059,25.34,25.44,25.45,1275500.0,25.33,1000,25.34,100,-0.39,25.77,24.93,1275500,32370000.0,1.27,3.3,25.45,25.5,27.98,22.9,1.01
永吉股份,sh603058,10.17,10.3,10.3,7254300.0,10.17,12200,10.18,9100,-1.26,10.44,10.14,7254300,74390000.0,1.75,2.91,42.17,42.17,11.33,9.27,0.44
盾安环境,sz002011,10.27,10.32,10.32,7630200.0,10.27,128300,10.28,16700,-0.48,10.38,10.25,7630200,78710000.0,0.72,1.26,109.02,110.35,11.35,9.29,0.74
英 力 特,sz000635,6.5,6.56,6.57,3840000.0,6.49,35800,6.5,650700,-0.91,6.57,6.45,3840000,25000000.0,1.05,1.83,23.84,25.62,7.22,5.9,0.83
中信重工,sh601608,4.88,4.93,4.89,27601200.0,4.87,189000,4.88,105900,-1.01,4.92,4.83,27601200,134570000.0,0.6,1.83,223.48,223.48,5.42,4.44,0.7
金辰股份,sh603396,25.04,24.97,24.98,2805000.0,25.02,200,25.04,8500,0.28,25.28,24.37,2805000,69690000.0,2.02,3.64,34.69,34.69,27.47,22.47,1.15
妙可蓝多,sh600882,22.21,22.46,22.38,5309100.0,22.2,10000,22.21,18100,-1.11,22.6,22.17,5309100,118520000.0,1.04,1.91,112.93,112.93,24.71,20.21,0.62
北部湾港,sz000582,13.15,13.28,13.24,45797400.0,13.15,112600,13.16,113100,-0.98,13.44,13.03,45797400,605930000.0,2.12,3.09,283.63,331.0,14.61,11.95,0.9
洪城环境,sh600461,9.03,8.99,9.0,8870100.0,9.02,5700,9.03,33000,0.44,9.15,8.99,8870100,80340000.0,0.69,1.78,115.96,115.96,9.89,8.09,0.72
招商银行,sh600036,38.95,38.91,39.0,50077000.0,38.94,46400,38.95,56400,0.1,39.2,38.77,50077000,1949600000.0,0.24,1.11,8034.97,9823.13,42.8,35.02,0.58
隧道股份,sh600820,5.44,5.43,5.43,13846400.0,5.44,47800,5.45,12100,0.18,5.46,5.4,13846400,75240000.0,0.44,1.1,171.04,171.04,5.97,4.89,0.67
亿利达,sz002686,6.2,6.36,6.31,14427500.0,6.2,283200,6.21,90600,-2.52,6.34,6.18,14427500,90060000.0,2.76,2.52,32.41,35.11,7.0,5.72,0.5
凯龙高科,sz300912,21.55,21.39,21.3,10189600.0,21.54,37300,21.55,2000,0.75,21.56,20.2,10189600,214410000.0,11.85,6.36,18.53,24.54,25.67,17.11,0.94
鑫磊股份,sz301317,44.57,45.12,44.99,1951000.0,44.57,2800,44.6,100,-1.22,45.11,43.67,1951000,86810000.0,3.74,3.19,23.26,70.06,54.14,36.1,0.58
张小泉,sz301055,30.87,30.32,29.99,3324500.0,30.87,500,30.88,1400,1.81,31.12,29.25,3324500,100990000.0,2.18,6.17,47.13,48.16,36.38,24.26,0.74
中来股份,sz300393,6.29,6.31,6.26,13234300.0,6.28,34000,6.29,9800,-0.32,6.37,6.19,13234300,83290000.0,1.38,2.85,60.13,68.54,7.57,5.05,0.67
浩欧博,sh688656,92.15,90.7,89.0,54002000.0,92.15,200,92.25,300,1.6,95.58,88.52,54002000,49670000.0,0.85,7.78,58.53,58.53,108.84,72.56,1.27
晶合集成,sh688249,39.7,40.18,39.88,1446868400.0,39.69,14500,39.7,6500,-1.19,40.98,39.12,1446868400,579350000.0,1.2,4.63,480.52,887.15,48.22,32.14,0.58
皖新传媒,sh601801,5.47,5.5,5.5,7428500.0,5.46,47000,5.47,8500,-0.55,5.52,5.43,7428500,40630000.0,0.38,1.64,107.1,107.1,6.05,4.95,0.65
春秋航空,sh601021,44.95,45.83,45.52,6485200.0,44.94,8700,44.95,400,-1.92,45.58,44.85,6485200,292700000.0,0.66,1.59,439.76,439.76,50.41,41.25,1.09
悦康药业,sh688658,13.44,13.16,13.21,1572637100.0,13.44,33300,13.45,1400,2.13,14.0,13.01,1572637100,212230000.0,3.49,7.52,60.48,60.48,15.79,10.53,1.05
杰瑞股份,sz002353,144.39,145.85,142.85,8246600.0,144.38,200,144.39,100,-1.0,147.17,141.99,8246600,1194640000.0,1.19,3.55,997.79,1478.35,160.44,131.27,0.54
昆仑万维,sz300418,43.28,44.28,44.46,52955300.0,43.27,101000,43.28,35300,-2.26,44.46,42.97,52955300,2309800000.0,4.51,3.36,508.68,556.16,53.14,35.42,0.65
*ST集友,sh603429,7.53,7.5,7.49,1418200.0,7.53,14200,7.54,8300,0.4,7.64,7.38,1418200,10660000.0,0.27,3.47,39.49,39.49,8.25,6.75,0.65
中油工程,sh600339,3.32,3.34,3.38,59978700.0,3.32,278500,3.33,412100,-0.6,3.4,3.31,59978700,200540000.0,1.07,2.69,185.36,185.36,3.67,3.01,1.3
光迅科技,sz002281,184.07,178.3,175.84,54340600.0,184.07,86100,184.08,50100,3.24,186.69,173.1,54340600,9799360000.0,6.91,7.62,1447.4,1523.82,196.13,160.47,0.89
恒锋工具,sz300488,32.01,32.33,32.1,5347200.0,32.01,7300,32.02,2400,-0.99,32.59,31.35,5347200,171250000.0,3.3,3.84,51.94,61.21,38.8,25.86,1.0
双汇发展,sz000895,24.89,24.95,24.94,13018100.0,24.89,1100,24.9,2600,-0.24,25.1,24.65,13018100,323920000.0,0.38,1.8,862.24,862.35,27.45,22.46,0.75
瑞德智能,sz301135,16.63,16.7,16.6,1966300.0,16.63,10100,16.64,1100,-0.42,16.85,16.33,1966300,32610000.0,1.95,3.11,16.79,21.58,20.04,13.36,0.6
宇邦新材,sz301266,21.72,21.66,21.66,2612200.0,21.7,100,21.72,5200,0.28,21.95,21.14,2612200,56380000.0,1.93,3.74,29.46,31.05,25.99,17.33,0.82
汉森制药,sz002412,7.23,7.27,7.2,26765400.0,7.23,93000,7.24,69100,-0.55,7.37,7.18,26765400,194570000.0,5.38,2.61,35.99,36.38,8.0,6.54,0.73
舜禹股份,sz301519,11.84,12.04,12.04,2142900.0,11.83,4400,11.86,900,-1.66,12.18,11.77,2142900,25490000.0,2.82,3.41,9.01,19.14,14.45,9.63,0.73
上大股份,sz301522,23.92,24.66,24.3,5591600.0,23.91,36300,23.92,14400,-3.0,24.3,23.77,5591600,134120000.0,2.02,2.15,66.21,88.95,29.59,19.73,1.04
东鹏控股,sz003012,4.71,4.76,4.76,7112200.0,4.71,25800,4.72,209900,-1.05,4.78,4.7,7112200,33650000.0,0.63,1.68,53.44,54.49,5.24,4.28,0.79
盈峰环境,sz000967,9.33,9.01,8.9,167139400.0,9.33,121600,9.34,311300,3.55,9.5,8.81,167139400,1535700000.0,4.98,7.66,313.27,313.41,9.91,8.11,0.74
康弘药业,sz002773,23.02,22.86,22.71,11605500.0,23.01,8300,23.02,12300,0.7,23.38,22.56,11605500,268270000.0,1.69,3.59,158.1,212.09,25.15,20.57,0.99
城发环境,sz000885,12.85,12.97,12.95,2913600.0,12.85,25500,12.86,5700,-0.93,13.02,12.85,2913600,37700000.0,0.45,1.31,82.51,82.51,14.27,11.67,0.65
九号公司-WD,sh689009,45.5,42.35,44.6,3283363700.0,45.5,118500,45.51,4000,7.44,47.34,44.18,3283363700,1510180000.0,5.84,7.46,255.82,334.81,50.82,33.88,2.78
国泰海通,sh601211,18.1,18.2,18.17,50874800.0,18.09,14000,18.1,55900,-0.55,18.39,18.05,50874800,925820000.0,0.38,1.87,2442.94,3190.82,20.02,16.38,0.66
同济科技,sh600846,12.65,12.85,12.85,7328100.0,12.64,26900,12.65,87900,-1.56,13.2,12.63,7328100,94410000.0,1.17,4.44,79.03,79.03,14.14,11.57,0.83
金博股份,sh688598,32.15,30.99,30.68,2318602800.0,32.11,400,32.15,0,3.74,33.79,30.42,2318602800,743580000.0,11.39,10.87,65.45,66.73,37.19,24.79,1.47
熙菱信息,sz300588,22.29,22.61,22.42,2476400.0,22.29,4100,22.3,18400,-1.42,22.57,22.13,2476400,55350000.0,1.4,1.95,39.41,42.68,27.13,18.09,0.63
共创草坪,sh605099,33.45,33.09,32.8,1928600.0,33.45,7400,33.47,600,1.09,34.18,32.72,1928600,64480000.0,0.48,4.41,134.4,134.69,36.4,29.78,1.38
无锡振华,sh605319,24.91,24.89,24.89,1734000.0,24.91,5700,24.95,1700,0.08,25.2,24.6,1734000,43180000.0,0.5,2.41,86.72,87.21,27.38,22.4,0.58
联科科技,sz001207,16.32,15.99,16.78,12294300.0,16.32,25500,16.33,4000,2.06,17.16,16.23,12294300,205040000.0,4.2,5.82,47.76,49.47,17.59,14.39,4.0
国华退,sz000004,0.51,0.51,0.0,0.0,0.0,0,0.0,0,0.0,0.0,0.0,0,0.0,0.0,0.0,0.64,0.68,-1.0,-1.0,0.0
海欣股份,sh600851,8.49,8.47,8.42,10763100.0,8.49,21000,8.5,32300,0.24,8.7,8.38,10763100,92310000.0,1.46,3.78,62.67,102.48,9.32,7.62,0.99
退市沪科,sh600608,0.17,0.17,0.0,0.0,0.0,0,0.0,0,0.0,0.0,0.0,0,0.0,0.0,0.0,0.54,0.56,-1.0,-1.0,0.0
嘉欣丝绸,sz002404,5.94,6.0,6.01,4434400.0,5.93,52000,5.94,39700,-1.0,6.02,5.92,4434400,26420000.0,0.97,1.67,27.06,33.27,6.6,5.4,0.58
华海清科,sh688120,268.33,263.53,258.31,1613366900.0,268.33,400,268.34,1100,1.82,278.5,258.23,1613366900,4372930000.0,3.25,7.69,1331.67,1331.67,316.24,210.82,1.0
常熟银行,sh601128,6.09,6.13,6.13,48070400.0,6.08,1480300,6.09,51300,-0.65,6.14,6.08,48070400,293280000.0,1.32,0.98,222.17,222.17,6.74,5.52,0.92
陕建股份,sh600248,2.87,2.87,2.87,13897100.0,2.86,254500,2.87,144000,0.0,2.89,2.84,13897100,39750000.0,0.38,1.74,106.35,106.59,3.16,2.58,0.75
淮河能源,sh600575,3.43,3.46,3.48,33226900.0,3.43,137300,3.44,1259500,-0.87,3.48,3.42,33226900,114260000.0,0.85,1.73,133.3,245.82,3.81,3.11,0.55
ST豆神,sz300010,2.27,2.3,2.29,26574400.0,2.27,908300,2.28,1119100,-1.3,2.31,2.27,26574400,60650000.0,1.6,1.74,37.76,46.91,2.76,1.84,0.4
永东股份,sz002753,6.23,6.29,6.25,2318400.0,6.22,1000,6.23,15100,-0.95,6.31,6.19,2318400,14450000.0,0.78,1.91,18.43,26.71,6.92,5.66,0.68
东莞控股,sz000828,9.89,9.99,9.98,5306800.0,9.88,41700,9.89,7200,-1.0,10.04,9.87,5306800,52710000.0,0.51,1.7,102.81,102.81,10.99,8.99,0.95
翰宇药业,sz300199,25.89,25.24,24.97,109006700.0,25.89,11000,25.9,106800,2.58,26.95,24.84,109006700,2851740000.0,14.63,8.36,192.92,228.67,30.29,20.19,2.04
赛微微电,sh688325,107.51,106.7,106.46,94720700.0,107.51,8300,107.6,300,0.76,109.5,104.32,94720700,101650000.0,1.15,4.85,88.35,92.96,128.04,85.36,1.08
山子高科,sz000981,2.91,2.96,2.96,288014300.0,2.9,8321600,2.91,1656300,-1.69,2.96,2.88,288014300,838140000.0,3.03,2.7,276.84,290.93,3.26,2.66,0.45
恒辉安防,sz300952,17.46,17.34,17.4,4498900.0,17.45,3900,17.46,8300,0.69,17.68,16.85,4498900,77930000.0,3.03,4.79,25.94,42.19,20.81,13.87,1.17
黔源电力,sz002039,19.7,19.98,20.0,6563400.0,19.7,31800,19.71,500,-1.4,20.07,19.7,6563400,130580000.0,1.54,1.85,84.23,84.23,21.98,17.98,0.8
杭华股份,sh688571,9.42,9.26,9.2,1324865500.0,9.41,200,9.42,2600,1.73,9.71,9.09,1324865500,125210000.0,3.12,6.7,39.96,39.96,11.11,7.41,0.9
格力电器,sz000651,40.54,40.67,40.63,31929100.0,40.54,38400,40.55,7100,-0.32,40.8,40.37,31929100,1296820000.0,0.58,1.06,2238.62,2270.81,44.74,36.6,0.67
安乃达,sh603350,28.8,28.26,28.25,1189400.0,28.8,4100,28.85,1100,1.91,29.38,28.11,1189400,34270000.0,2.7,4.49,12.71,33.55,31.09,25.43,1.67
北元化工,sh601568,3.72,3.76,3.77,14720600.0,3.71,225900,3.72,164100,-1.06,3.77,3.7,14720600,54930000.0,0.37,1.86,147.77,147.77,4.14,3.38,0.91
ST东时,sh603377,3.06,3.08,3.05,3967400.0,3.06,37800,3.07,60500,-0.65,3.14,3.0,3967400,12100000.0,0.55,4.55,22.12,22.12,3.39,2.77,0.76
富淼科技,sh688350,29.33,29.55,29.18,157245800.0,29.33,6700,29.35,600,-0.74,29.93,29.18,157245800,46510000.0,1.1,2.54,42.01,42.01,35.46,23.64,0.6
淮北矿业,sh600985,16.83,16.86,17.03,29713700.0,16.83,19400,16.84,5700,-0.18,17.11,16.46,29713700,495760000.0,1.1,3.86,453.28,453.28,18.55,15.17,0.99
ST华铭,sz300462,11.4,11.43,11.43,579300.0,11.37,5000,11.4,3100,-0.26,11.45,11.21,579300,6580000.0,0.42,2.1,15.74,20.66,13.72,9.14,0.38
上海临港,sh600848,8.82,8.78,8.76,6468300.0,8.81,4100,8.82,60100,0.46,8.85,8.71,6468300,56940000.0,0.27,1.59,211.14,222.48,9.66,7.9,0.67
万里股份,sh600847,12.49,12.54,12.54,1649800.0,12.48,400,12.55,1400,-0.4,12.77,12.26,1649800,20620000.0,1.08,4.07,19.15,19.15,13.79,11.29,0.76
迈克生物,sz300463,9.45,9.42,9.37,9576000.0,9.45,63000,9.46,30600,0.32,9.59,9.35,9576000,90900000.0,1.95,2.55,46.46,57.14,11.3,7.54,1.25
正海磁材,sz300224,11.48,11.68,11.6,13211300.0,11.48,28200,11.49,20000,-1.71,11.65,11.48,13211300,152340000.0,1.42,1.46,106.45,106.84,14.02,9.34,0.68
力合科技,sz300800,9.99,10.0,10.02,2501100.0,9.95,4200,9.99,9700,-0.1,10.05,9.86,2501100,24910000.0,1.07,1.9,23.41,23.65,12.0,8.0,0.7
中国广核,sz003816,3.98,3.95,3.95,75998000.0,3.98,542700,3.99,6088500,0.76,3.99,3.93,75998000,301860000.0,0.19,1.52,1565.54,2009.85,4.35,3.56,0.64
东方财富,sz300059,19.84,20.03,19.94,179645400.0,19.83,831300,19.84,145900,-0.95,20.08,19.83,179645400,3579510000.0,1.35,1.25,2649.29,3139.12,24.04,16.02,0.71
天微电子,sh688511,22.66,22.76,22.65,104144100.0,22.6,1500,22.66,7300,-0.44,23.01,22.3,104144100,23580000.0,0.78,3.12,30.29,30.29,27.31,18.21,0.58
田中精机,sz300461,35.36,31.88,31.73,11717500.0,35.36,4600,35.37,2200,10.92,36.88,31.05,11717500,405700000.0,8.1,18.29,51.17,55.71,38.26,25.5,3.36
真爱美家,sz003041,43.35,43.24,43.23,1506000.0,43.32,200,43.35,100,0.25,43.79,42.66,1506000,65240000.0,1.1,2.61,59.31,62.42,47.56,38.92,0.51
中国铁建,sh601186,6.12,6.17,6.17,34378100.0,6.12,164100,6.13,728000,-0.81,6.18,6.11,34378100,211100000.0,0.3,1.13,704.0,831.07,6.79,5.55,0.73
霍普股份,sz301024,32.75,32.71,32.5,880100.0,32.75,300,32.8,1300,0.12,34.0,31.9,880100,28840000.0,1.43,6.42,20.16,20.82,39.25,26.17,0.73
鹏鼎控股,sz002938,96.67,98.52,96.88,19764300.0,96.67,7600,96.68,4300,-1.88,99.4,95.53,19764300,1927180000.0,0.86,3.93,2233.88,2240.36,108.37,88.67,0.61
贝达药业,sz300558,68.12,69.88,69.78,18768400.0,68.12,53800,68.14,1100,-2.52,71.36,67.9,18768400,1304120000.0,4.45,4.95,287.46,288.37,83.86,55.9,0.99
纬达光电,bj920001,11.76,11.95,11.88,849500.0,11.76,35800,11.83,3800,-1.59,11.92,11.73,849500,10042000.0,0.94,1.59,10.59,18.07,15.53,8.37,0.58
弘亚数控,sz002833,18.41,18.8,18.75,4167300.0,18.41,18200,18.42,7000,-2.07,18.75,18.32,4167300,77010000.0,1.42,2.29,53.95,78.99,20.68,16.92,0.76
风华高科,sz000636,65.85,61.7,60.88,263130400.0,65.85,200600,65.86,34000,6.73,67.87,60.88,263130400,17293420000.0,22.74,11.33,761.89,761.89,67.87,55.53,1.25
万东医疗,sh600055,11.39,11.51,11.42,5785000.0,11.39,41000,11.4,6000,-1.04,11.54,11.28,5785000,65990000.0,0.82,2.26,80.08,80.08,12.66,10.36,0.79
旺能环境,sz002034,14.2,14.37,14.39,5930200.0,14.2,40400,14.21,23100,-1.18,14.41,14.16,5930200,84540000.0,1.15,1.74,73.07,73.37,15.81,12.93,0.68
康拓医疗,sh688314,33.47,34.4,34.21,64661100.0,33.47,3400,33.68,1500,-2.7,34.36,33.4,64661100,21800000.0,0.79,2.79,27.32,27.32,41.28,27.52,0.53
ST海钦,sh600753,10.04,9.94,9.93,1413200.0,10.02,11200,10.04,3700,1.01,10.3,9.68,1413200,14060000.0,0.61,6.24,23.12,23.12,10.93,8.95,0.98
中铁工业,sh600528,7.13,7.17,7.22,7962600.0,7.13,27100,7.14,96100,-0.56,7.23,7.12,7962600,56990000.0,0.36,1.53,158.4,158.4,7.89,6.45,0.62
浙江交科,sz002061,3.52,3.55,3.54,11002100.0,3.52,151300,3.53,303800,-0.85,3.55,3.51,11002100,38810000.0,0.42,1.13,91.49,93.04,3.91,3.2,0.55
海创药业-U,sh688302,38.37,37.56,37.89,225755600.0,38.3,200,38.37,2900,2.16,39.1,36.8,225755600,86240000.0,2.28,6.12,37.99,37.99,45.07,30.05,1.21
京东方Ａ,sz000725,5.91,5.89,5.82,1359955900.0,5.9,13741300,5.91,3272600,0.34,6.04,5.79,1359955900,8056810000.0,3.85,4.24,2090.2,2189.32,6.48,5.3,0.68
中金辐照,sz300962,13.19,13.4,13.39,1775600.0,13.19,4800,13.2,200,-1.57,13.39,13.14,1775600,23460000.0,0.67,1.87,34.82,34.82,16.08,10.72,0.6
民爆光电,sz301362,127.0,133.05,133.0,5113900.0,127.0,2100,127.01,100,-4.55,135.58,126.68,5113900,662150000.0,12.49,6.69,52.0,185.35,159.66,106.44,0.79
恒兴新材,sh603276,15.49,15.58,15.53,2711400.0,15.49,118000,15.5,5700,-0.58,15.88,15.41,2711400,42380000.0,3.59,3.02,11.69,32.16,17.14,14.02,1.05
奥赛康,sz002755,13.79,13.8,13.7,8721300.0,13.79,40800,13.8,5600,-0.07,14.05,13.63,8721300,121040000.0,0.94,3.04,127.99,127.99,15.18,12.42,0.87
中原环保,sz000544,7.41,7.46,7.45,3608200.0,7.4,23100,7.41,93500,-0.67,7.5,7.39,3608200,26840000.0,0.37,1.47,72.22,72.22,8.21,6.71,0.85
迪阿股份,sz301177,23.35,23.93,24.0,1111100.0,23.34,3500,23.35,300,-2.42,24.08,23.33,1111100,26240000.0,0.28,3.13,93.4,93.46,28.72,19.14,0.79
浙江华业,sz301616,35.24,35.6,35.49,504800.0,35.23,500,35.25,200,-1.01,35.5,34.8,504800,17730000.0,1.78,1.97,10.01,28.19,42.72,28.48,0.79
西点药业,sz301130,25.39,25.58,25.35,1071400.0,25.39,4200,25.41,200,-0.74,25.65,25.07,1071400,27180000.0,1.82,2.27,14.98,19.42,30.7,20.46,0.75
炬芯科技,sh688049,42.4,41.73,41.58,925315400.0,42.39,19500,42.4,1900,1.61,43.45,40.93,925315400,390920000.0,5.28,6.04,74.27,74.27,50.08,33.38,1.13
闽东电力,sz000993,10.34,10.47,10.41,8077000.0,10.34,46300,10.35,32500,-1.24,10.5,10.29,8077000,83820000.0,1.76,2.01,47.35,47.35,11.52,9.42,0.74
宏达高科,sz002144,10.99,11.03,10.98,3992700.0,10.99,7300,11.0,3000,-0.36,11.12,10.86,3992700,43850000.0,2.9,2.36,15.13,19.43,12.13,9.93,0.9
富邦科技,sz300387,7.27,7.34,7.31,3824800.0,7.27,12700,7.28,4100,-0.95,7.37,7.23,3824800,27930000.0,1.32,1.91,21.01,21.01,8.81,5.87,0.67
青松建化,sh600425,3.59,3.63,3.65,16849000.0,3.59,53800,3.6,231600,-1.1,3.66,3.58,16849000,60990000.0,1.05,2.2,57.61,57.61,3.99,3.27,0.98
奥特维,sh688516,41.32,41.96,41.45,652567500.0,41.31,900,41.32,1500,-1.53,42.05,40.95,652567500,270640000.0,2.07,2.62,130.06,130.06,50.35,33.57,0.76
维尔利,sz300190,3.8,3.88,3.91,18092400.0,3.79,70200,3.8,79100,-2.06,3.93,3.77,18092400,69220000.0,1.92,4.12,35.88,36.03,4.66,3.1,1.05
长源电力,sz000966,4.23,4.23,4.22,35617300.0,4.23,423900,4.24,810400,0.0,4.27,4.16,35617300,150540000.0,1.02,2.6,147.25,147.25,4.65,3.81,0.73
爱迪特,sz301580,53.2,55.77,55.01,7850500.0,53.2,16600,53.21,200,-4.61,55.45,53.02,7850500,423390000.0,7.79,4.36,53.63,79.37,66.92,44.62,0.95
德源药业,bj920735,25.13,24.9,24.71,3674200.0,25.13,300,25.14,5000,0.92,25.89,24.5,3674200,92210800.0,3.22,5.58,28.68,32.43,32.37,17.43,1.3
热威股份,sh603075,19.2,19.4,19.4,1561800.0,19.2,5300,19.21,2900,-1.03,19.4,19.02,1561800,29940000.0,3.68,1.96,8.14,77.26,21.34,17.46,0.7
高铁电气,sh688285,7.58,7.57,7.57,201458700.0,7.57,10000,7.58,9400,0.13,7.62,7.47,201458700,15210000.0,0.54,1.98,28.52,28.52,9.08,6.06,0.75
*ST春天,sh600381,4.45,4.25,4.27,7881300.0,4.44,100,4.45,11400,4.71,4.56,4.23,7881300,35010000.0,1.34,7.76,26.12,26.12,4.68,3.83,0.98
昌红科技,sz300151,16.05,16.1,16.01,9452400.0,16.04,1300,16.05,2600,-0.31,16.34,15.78,9452400,151960000.0,2.56,3.48,59.18,85.47,19.32,12.88,0.53
京基智农,sz000048,21.94,21.87,21.72,14776300.0,21.94,12000,21.95,3800,0.32,22.71,21.2,14776300,326230000.0,2.79,6.9,116.13,116.33,24.06,19.68,0.76
明冠新材,sh688560,12.2,12.28,12.25,282328900.0,12.2,2600,12.21,4400,-0.65,12.27,11.99,282328900,34340000.0,1.4,2.28,24.56,24.56,14.74,9.82,0.7
盐 田 港,sz000088,4.4,4.46,4.46,19295800.0,4.39,354400,4.4,110800,-1.35,4.46,4.39,19295800,85250000.0,0.61,1.57,139.17,228.78,4.91,4.01,0.84
浙江自然,sh605080,20.79,21.14,21.23,1431600.0,20.77,6200,20.79,3700,-1.66,21.24,20.72,1431600,29880000.0,1.02,2.46,29.18,29.3,23.25,19.03,0.81
中海油服,sh601808,12.15,12.12,12.25,21535500.0,12.15,101800,12.16,14400,0.25,12.36,12.12,21535500,262940000.0,0.73,1.98,359.7,579.75,13.33,10.91,1.38
宝丰能源,sh600989,23.79,23.9,24.27,76454600.0,23.79,44300,23.8,20800,-0.46,24.57,23.65,76454600,1836410000.0,1.04,3.85,1744.61,1744.61,26.29,21.51,1.25
国泰环保,sz301203,33.76,33.86,33.58,481600.0,33.76,100,33.87,1000,-0.3,34.34,33.31,481600,16270000.0,1.1,3.04,14.8,27.01,40.63,27.09,0.62
湖北能源,sz000883,4.61,4.64,4.63,20895200.0,4.61,180200,4.62,396000,-0.65,4.66,4.58,20895200,96430000.0,0.32,1.72,298.71,326.36,5.1,4.18,0.83
矩子科技,sz300802,22.48,23.13,22.57,8195800.0,22.48,10600,22.49,1600,-2.81,22.99,22.26,8195800,185500000.0,4.05,3.16,45.49,63.86,27.76,18.5,0.71
东北证券,sz000686,8.02,8.08,8.08,11217700.0,8.02,122100,8.03,135000,-0.74,8.11,8.02,11217700,90470000.0,0.48,1.11,187.7,187.7,8.89,7.27,0.7
新 华 都,sz002264,6.62,6.66,6.66,11130700.0,6.62,6400,6.63,100300,-0.6,6.71,6.58,11130700,74010000.0,1.71,1.95,43.09,47.65,7.33,5.99,0.62
继峰股份,sh603997,12.7,12.6,12.62,15539100.0,12.69,11200,12.7,66300,0.79,13.03,12.47,15539100,198830000.0,1.22,4.44,161.58,161.58,13.86,11.34,0.77
海希通讯,bj920405,19.18,18.48,18.48,1641600.0,19.17,1200,19.18,3700,3.79,19.38,17.96,1641600,31075100.000000004,1.54,7.68,20.39,26.18,24.02,12.94,1.73
赛托生物,sz300583,12.87,13.03,13.02,2986400.0,12.87,8900,12.88,900,-1.23,13.09,12.8,2986400,38670000.0,1.6,2.23,23.96,24.41,15.64,10.42,0.86
乐歌股份,sz300729,10.32,10.39,10.4,1874700.0,10.3,1300,10.32,15400,-0.67,10.42,10.26,1874700,19330000.0,0.57,1.54,33.86,35.25,12.47,8.31,0.75
博腾股份,sz300363,21.79,21.65,21.65,60229700.0,21.79,96300,21.8,143900,0.65,22.51,21.2,60229700,1314060000.0,12.15,6.05,107.98,118.42,25.98,17.32,1.13
诚邦股份,sh603316,14.25,14.36,14.36,8130000.0,14.24,42600,14.25,20500,-0.77,14.44,14.03,8130000,116040000.0,3.08,2.86,37.66,38.47,15.8,12.92,0.6
南网能源,sz003035,5.59,5.66,5.6,21630700.0,5.59,62100,5.6,104500,-1.24,5.68,5.54,21630700,121440000.0,0.57,2.47,211.74,211.74,6.23,5.09,0.85
怡 亚 通,sz002183,4.64,4.64,4.63,41417700.0,4.63,154400,4.64,457500,0.0,4.68,4.56,41417700,191940000.0,1.59,2.59,120.5,120.5,5.1,4.18,0.93
微光股份,sz002801,28.27,28.07,28.2,1610800.0,28.27,2900,28.28,2200,0.71,28.4,27.57,1610800,45200000.0,1.39,2.96,32.74,64.92,30.88,25.26,1.25
永利股份,sz300230,4.25,4.29,4.28,6652800.0,4.25,235600,4.26,95300,-0.93,4.28,4.24,6652800,28340000.0,1.06,0.93,26.77,34.56,5.15,3.43,0.7
顺网科技,sz300113,18.27,18.29,18.34,19780500.0,18.26,23300,18.27,1500,-0.11,18.62,18.01,19780500,363520000.0,3.89,3.34,93.0,123.17,21.95,14.63,0.61
长沙银行,sh601577,9.19,9.22,9.23,13209100.0,9.18,57100,9.19,68200,-0.33,9.28,9.17,13209100,121720000.0,0.33,1.19,369.5,369.58,10.14,8.3,0.66
融捷健康,sz300247,3.76,3.87,3.9,22223900.0,3.76,125600,3.77,96500,-2.84,3.93,3.75,22223900,84240000.0,2.76,4.65,30.23,30.23,4.64,3.1,1.84
齐翔腾达,sz002408,5.09,5.14,5.14,27762900.0,5.09,19900,5.1,209400,-0.97,5.23,5.08,27762900,142890000.0,1.01,2.92,140.03,144.7,5.65,4.63,1.18
银禧科技,sz300221,13.75,14.02,13.92,17428200.0,13.75,11500,13.76,22300,-1.93,14.01,13.62,17428200,240350000.0,3.77,2.78,63.53,65.14,16.82,11.22,0.61
桂林三金,sz002275,13.36,13.48,13.41,1915400.0,13.36,300,13.37,21200,-0.89,13.56,13.34,1915400,25750000.0,0.34,1.63,74.43,78.5,14.83,12.13,0.91
领先股份,sh603991,131.42,133.99,133.99,1921400.0,131.42,5200,131.45,300,-1.92,134.9,131.04,1921400,255100000.0,2.15,2.88,117.67,200.69,147.39,120.59,0.66
朗姿股份,sz002612,16.89,16.75,16.6,21943000.0,16.88,25600,16.89,126900,0.84,17.2,16.18,21943000,366410000.0,8.62,6.09,42.98,74.73,18.43,15.08,1.28
钛能化学,sz002145,4.48,4.58,4.56,49038700.0,4.48,499400,4.49,35300,-2.18,4.57,4.48,49038700,221520000.0,1.29,1.97,170.53,170.54,5.04,4.12,0.95
铜冠矿建,bj920019,14.78,15.19,15.11,2367200.0,14.78,8300,14.79,1500,-2.7,15.34,14.74,2367200,35439900.0,1.41,3.95,24.76,31.08,19.74,10.64,0.78
楚天科技,sz300358,9.15,9.18,9.1,35327900.0,9.15,51200,9.16,25600,-0.33,9.39,9.01,35327900,325750000.0,5.01,4.14,64.5,65.43,11.02,7.34,0.83
国药一致,sz000028,20.65,20.45,20.47,10033000.0,20.65,300,20.66,6000,0.98,21.39,20.25,10033000,209580000.0,1.91,5.57,108.59,126.42,22.5,18.41,3.09
协鑫能科,sz002015,15.38,15.61,15.5,43434800.0,15.38,173300,15.39,62600,-1.47,15.75,15.36,43434800,673830000.0,2.68,2.5,249.67,249.67,17.17,14.05,0.57
万和电气,sz002543,6.63,6.71,6.73,3409300.0,6.63,14800,6.64,17200,-1.19,6.73,6.6,3409300,22660000.0,0.52,1.94,43.87,49.3,7.38,6.04,0.83
中建环能,sz300425,4.05,4.07,4.08,7796300.0,4.05,113100,4.06,138500,-0.49,4.09,4.02,7796300,31550000.0,1.15,1.72,27.57,27.63,4.88,3.26,0.61
网宿科技,sz300017,14.81,14.8,14.84,147445300.0,14.81,307900,14.82,129500,0.07,15.14,14.5,147445300,2192900000.0,6.23,4.32,350.47,369.61,17.76,11.84,0.63
同花顺,sz300033,235.99,238.51,237.8,11512100.0,235.99,1500,236.0,13800,-1.06,241.91,235.1,11512100,2749960000.0,2.63,2.86,1034.61,1776.16,286.21,190.81,0.82
永兴股份,sh601033,14.35,14.48,14.47,2373200.0,14.35,16200,14.36,3500,-0.9,14.53,14.33,2373200,34180000.0,0.99,1.38,34.44,129.15,15.93,13.03,0.56
梅花生物,sh600873,7.96,8.11,8.15,26681800.0,7.95,64300,7.96,200,-1.85,8.16,7.92,26681800,213770000.0,0.95,2.96,223.22,223.22,8.92,7.3,0.91
共同药业,sz300966,26.69,26.74,26.69,2299700.0,26.68,2100,26.69,1600,-0.19,27.09,26.14,2299700,61480000.0,3.0,3.55,20.46,30.77,32.09,21.39,0.64
铁建重工,sh688425,4.17,4.22,4.2,1457263300.0,4.17,219200,4.18,355000,-1.18,4.21,4.16,1457263300,60840000.0,0.27,1.18,222.41,222.41,5.06,3.38,0.75
龙磁科技,sz300835,152.09,147.67,147.66,4399300.0,152.09,10400,152.1,2300,2.99,159.04,145.35,4399300,672020000.0,5.26,9.27,127.11,181.36,177.2,118.14,1.0
有研新材,sh600206,52.65,52.03,50.64,144733000.0,52.65,147600,52.66,23200,1.19,54.12,50.03,144733000,7596910000.0,17.1,7.86,445.71,445.71,57.23,46.83,1.35
恒申新材,sz000782,7.77,7.97,7.98,21458600.0,7.76,13600,7.77,2500,-2.51,7.99,7.59,21458600,167020000.0,4.06,5.02,41.04,53.35,8.77,7.17,1.21
浦东金桥,sh600639,9.53,9.62,9.58,2633600.0,9.52,15400,9.53,8800,-0.94,9.62,9.51,2633600,25170000.0,0.31,1.14,81.03,106.97,10.58,8.66,0.58
中远海控,sh601919,15.48,15.64,15.65,60361300.0,15.47,27900,15.48,61600,-1.02,15.79,15.44,60361300,942510000.0,0.48,2.24,1943.75,2363.51,17.2,14.08,0.81
九州通,sh600998,5.07,5.05,5.02,43661700.0,5.07,539000,5.08,238200,0.4,5.17,5.01,43661700,223450000.0,0.87,3.17,255.65,255.65,5.56,4.55,1.02
皓元医药,sh688131,95.0,97.73,96.8,936592700.0,94.99,200,95.0,29200,-2.79,100.18,94.5,936592700,910590000.0,4.39,5.81,202.57,202.57,117.28,78.18,1.28
中科曙光,sh603019,86.35,86.24,85.76,31748700.0,86.35,151600,86.36,5600,0.13,87.59,84.87,31748700,2744650000.0,2.17,3.15,1263.35,1263.4,94.86,77.62,0.62
苏农银行,sh603323,4.18,4.22,4.23,26555800.0,4.17,542000,4.18,230900,-0.95,4.24,4.17,26555800,111400000.0,1.2,1.66,92.81,92.81,4.64,3.8,0.82
赣粤高速,sh600269,3.83,3.94,3.91,48147700.0,3.82,191300,3.83,237000,-2.79,3.93,3.8,48147700,185110000.0,2.06,3.3,89.45,89.45,4.33,3.55,1.76
荣盛石化,sz002493,13.04,13.52,13.52,48211200.0,13.04,34900,13.05,10100,-3.55,13.65,13.0,48211200,639970000.0,0.52,4.81,1217.68,1302.62,14.87,12.17,0.76
中国电建,sh601669,4.77,4.82,4.81,97166000.0,4.77,1965300,4.78,2651100,-1.04,4.82,4.77,97166000,464900000.0,0.74,1.04,623.51,821.69,5.3,4.34,0.94
三六零,sh601360,9.67,9.61,9.65,102812900.0,9.66,475900,9.67,305500,0.62,9.87,9.52,102812900,998560000.0,1.47,3.64,676.86,676.86,10.57,8.65,0.77
蓝特光学,sh688127,64.7,65.04,65.0,503846000.0,64.69,400,64.7,500,-0.52,66.15,63.85,503846000,327790000.0,1.24,3.54,262.62,262.62,78.05,52.03,0.54
本立科技,sz301065,18.96,19.14,19.0,1666800.0,18.96,1200,18.97,33200,-0.94,19.25,18.84,1666800,31800000.0,1.93,2.14,16.36,20.1,22.97,15.31,1.28
中微半导,sh688380,39.69,40.1,39.75,839572000.0,39.68,28000,39.69,20300,-1.02,40.67,39.5,839572000,336120000.0,2.1,2.92,158.9,158.9,48.12,32.08,0.69
龙净环保,sh600388,17.82,17.64,17.91,23537100.0,17.82,19900,17.83,5600,1.02,18.49,17.68,23537100,426590000.0,1.85,4.59,226.32,226.32,19.4,15.88,1.86
冀中能源,sz000937,4.75,4.74,4.8,16805700.0,4.74,84500,4.75,10300,0.21,4.8,4.69,16805700,79560000.0,0.44,2.32,179.39,184.63,5.21,4.27,0.73
三湘印象,sz000863,4.31,4.24,4.31,22013700.0,4.31,2300,4.32,12100,1.65,4.39,4.18,22013700,94800000.0,1.89,4.95,50.13,50.89,4.66,3.82,1.4
辉煌科技,sz002296,8.95,9.1,9.07,6954800.0,8.95,1100,8.96,14000,-1.65,9.07,8.9,6954800,62420000.0,2.0,1.87,31.09,34.87,10.01,8.19,0.66
中交发展,sz000736,4.5,4.5,4.45,15230200.0,4.5,126300,4.51,3300,0.0,4.6,4.45,15230200,68840000.0,2.04,3.33,33.62,33.62,4.95,4.05,1.16
*ST中设,sz002883,8.8,8.81,8.8,1145100.0,8.79,1400,8.8,14300,-0.11,8.82,8.73,1145100,10050000.0,0.75,1.02,13.49,13.74,9.69,7.93,0.66
中粮科工,sz301058,8.41,8.59,8.51,5753800.0,8.4,59800,8.41,23200,-2.1,8.58,8.39,5753800,48670000.0,1.12,2.21,43.08,43.8,10.31,6.87,0.61
步长制药,sh603858,15.8,15.87,15.89,6110300.0,15.79,3300,15.8,9100,-0.44,16.06,15.75,6110300,97360000.0,0.58,1.95,166.62,166.62,17.46,14.28,0.92
重庆银行,sh601963,11.0,10.97,10.99,8335500.0,11.0,9800,11.01,18500,0.27,11.11,10.95,8335500,91810000.0,0.41,1.46,223.75,398.84,12.07,9.87,0.63
天新药业,sh603235,23.84,24.68,24.73,1468600.0,23.84,2700,23.85,200,-3.4,24.75,23.77,1468600,35380000.0,0.34,3.97,104.37,104.37,27.15,22.21,2.19
成都银行,sh601838,18.11,18.1,18.13,14055000.0,18.11,18300,18.12,6300,0.06,18.29,18.07,14055000,255480000.0,0.33,1.22,767.58,767.58,19.91,16.29,0.7
北京银行,sh601169,5.01,5.03,5.03,81011500.0,5.01,349200,5.02,2394300,-0.4,5.05,5.0,81011500,406730000.0,0.38,0.99,1059.26,1059.26,5.53,4.53,0.6
达梦数据,sh688692,241.98,239.51,239.49,147623400.0,241.98,22200,241.99,1200,1.03,245.69,235.17,147623400,356620000.0,1.99,4.39,179.46,274.02,287.41,191.61,0.83
重庆燃气,sh600917,4.86,4.87,4.87,3606300.0,4.85,111000,4.86,17800,-0.21,4.92,4.84,3606300,17560000.0,0.23,1.64,75.87,75.87,5.36,4.38,0.77
圣达生物,sh603079,12.18,12.21,12.17,2852000.0,12.16,8500,12.18,5900,-0.25,12.3,11.98,2852000,34620000.0,1.51,2.62,23.02,23.02,13.43,10.99,0.96
维宏股份,sz300508,46.63,46.55,45.98,4525500.0,46.61,1600,46.63,100,0.17,47.36,44.91,4525500,209530000.0,5.52,5.26,38.2,50.76,55.86,37.24,0.82
招商证券,sh600999,18.03,18.21,18.16,45667800.0,18.02,187000,18.03,28900,-0.99,18.34,18.02,45667800,831090000.0,0.62,1.76,1338.19,1567.98,20.03,16.39,0.73
美信科技,sz301577,54.72,54.51,54.16,1297300.0,54.72,800,54.97,300,0.39,55.94,53.52,1297300,71150000.0,6.89,4.44,10.31,24.64,65.41,43.61,0.78
泽璟制药-U,sh688266,120.5,119.55,119.0,911512400.0,120.5,1700,120.54,500,0.79,125.28,116.56,911512400,1105820000.0,3.44,7.29,318.97,318.97,143.46,95.64,1.03
明牌珠宝,sz002574,4.65,4.7,4.71,7280900.0,4.64,46900,4.65,20900,-1.06,4.72,4.63,7280900,34040000.0,1.38,1.91,24.55,24.55,5.17,4.23,0.9
中际旭创,sz300308,886.96,864.58,880.14,33973700.0,886.96,0,886.98,500,2.59,898.48,850.4,33973700,29958630000.0,3.06,5.56,9844.72,10375.08,1037.5,691.66,0.62
上峰材料,sz000672,13.91,14.06,13.9,14088800.0,13.91,2500,13.92,2900,-1.07,14.26,13.76,14088800,197040000.0,1.45,3.56,134.84,134.84,15.47,12.65,0.63
中粮糖业,sh600737,13.12,13.96,13.75,69804500.0,13.11,107500,13.12,78100,-6.02,13.87,13.08,69804500,928500000.0,3.26,5.66,280.62,280.62,15.36,12.56,1.05
金禄电子,sz301282,23.8,23.88,23.69,5641700.0,23.79,6300,23.8,400,-0.34,24.25,23.5,5641700,134960000.0,3.2,3.14,42.03,50.2,28.66,19.1,0.68
昀冢科技,sh688260,122.1,114.71,111.0,1210222400.0,122.1,500,122.2,2700,6.44,132.2,110.78,1210222400,1491680000.0,10.09,18.67,146.52,146.52,137.65,91.77,1.18
东山精密,sz002384,193.87,185.94,188.5,91148600.0,193.87,384300,193.88,12000,4.26,200.6,184.11,91148600,17589170000.0,6.57,8.87,2687.66,3550.94,204.53,167.35,0.89
大豪科技,sh603025,13.53,13.54,13.53,5772100.0,13.51,12900,13.53,19300,-0.07,13.69,13.41,5772100,78210000.0,0.52,2.07,150.07,151.08,14.89,12.19,0.81
粤高速Ａ,sz000429,13.29,13.25,13.2,12151500.0,13.29,14400,13.3,5500,0.3,13.4,13.1,12151500,161370000.0,0.93,2.26,173.21,277.87,14.58,11.93,0.95
中国石化,sh600028,5.11,5.12,5.15,217244700.0,5.11,581400,5.12,1264100,-0.2,5.21,5.1,217244700,1118240000.0,0.23,2.15,4841.85,6179.29,5.63,4.61,0.83
中旗股份,sz300575,5.59,5.64,5.68,11747800.0,5.59,10900,5.6,126800,-0.89,5.68,5.55,11747800,65860000.0,3.39,2.3,19.36,26.75,6.77,4.51,0.87
中国电研,sh688128,22.41,22.67,22.61,209719600.0,22.4,7000,22.41,8900,-1.15,22.68,22.3,209719600,47170000.0,0.52,1.68,90.65,90.65,27.2,18.14,0.95
长青股份,sz002391,5.19,5.37,5.35,17868400.0,5.18,82200,5.19,7800,-3.35,5.38,5.17,17868400,93250000.0,3.85,3.91,24.09,33.71,5.91,4.83,2.51
麦澜德,sh688273,31.65,31.57,31.65,89658000.0,31.65,3100,31.71,200,0.25,32.2,30.66,89658000,28260000.0,0.9,4.88,31.65,31.65,37.88,25.26,0.81
神马电力,sh603530,47.38,45.39,45.4,7067400.0,47.38,19500,47.39,2100,4.38,48.5,44.7,7067400,332070000.0,1.65,8.37,202.53,204.4,49.93,40.85,2.08
辉隆股份,sz002556,5.06,5.1,5.09,9723600.0,5.06,55500,5.07,81400,-0.78,5.14,5.06,9723600,49470000.0,1.04,1.57,47.26,47.31,5.61,4.59,0.78
金河生物,sz002688,5.22,5.25,5.24,10333700.0,5.22,72900,5.23,64000,-0.57,5.32,5.22,10333700,54380000.0,1.38,1.9,39.02,40.17,5.78,4.73,0.92
山西证券,sz002500,5.34,5.38,5.37,12496500.0,5.33,234200,5.34,103800,-0.74,5.39,5.32,12496500,66870000.0,0.35,1.3,191.69,191.69,5.92,4.84,0.75
天鹅股份,sh603029,15.77,15.77,15.7,2995300.0,15.77,4900,15.78,1100,0.0,16.0,15.54,2995300,47240000.0,2.47,2.92,19.14,19.14,17.35,14.19,1.4
共达电声,sz002655,31.13,31.27,31.28,36766400.0,31.12,79100,31.13,400,-0.45,32.21,30.5,36766400,1154410000.0,10.1,5.47,113.27,113.49,34.4,28.14,1.1
博汇纸业,sh600966,5.05,5.13,5.13,10863400.0,5.05,5500,5.06,31500,-1.56,5.16,5.03,10863400,55140000.0,0.81,2.53,67.51,67.51,5.64,4.62,0.81
上海凯宝,sz300039,5.86,5.84,5.78,85361900.0,5.85,149300,5.86,70200,0.34,6.32,5.76,85361900,511500000.0,9.31,9.59,53.73,61.3,7.01,4.67,1.19
万通发展,sh600246,12.38,12.4,12.3,70184700.0,12.37,56700,12.38,141400,-0.16,12.58,12.03,70184700,865730000.0,3.71,4.44,234.03,240.54,13.64,11.16,0.58
顾家家居,sh603816,24.63,24.85,24.7,4707500.0,24.63,2400,24.64,300,-0.89,25.21,24.61,4707500,117090000.0,0.58,2.41,200.95,228.01,27.34,22.37,0.58
华帝股份,sz002035,4.85,4.9,4.88,7853400.0,4.84,69200,4.85,11800,-1.02,4.91,4.83,7853400,38170000.0,1.0,1.63,37.93,41.11,5.39,4.41,0.92
鸥玛软件,sz301185,16.83,17.4,17.26,6544700.0,16.83,37400,16.86,1100,-3.28,17.3,16.63,6544700,110330000.0,4.72,3.85,23.34,25.82,20.88,13.92,1.51
梦网科技,sz002123,8.62,8.71,8.72,21522000.0,8.62,149900,8.63,20000,-1.03,8.8,8.54,21522000,186670000.0,2.99,2.99,62.11,69.43,9.58,7.84,0.6
深南电路,sz002916,380.7,372.4,365.71,11828900.0,380.69,300,380.7,4000,2.23,395.98,363.01,11828900,4507950000.0,1.78,8.85,2530.93,2593.2,409.64,335.16,0.97
阿拉丁,sh688179,21.56,21.06,20.81,1449429800.0,21.56,13500,21.57,7000,2.37,22.3,20.7,1449429800,312420000.0,4.0,7.6,78.05,78.05,25.27,16.85,1.2
三佳科技,sh600520,25.15,25.16,25.1,7192900.0,25.14,10900,25.15,17600,-0.04,25.41,24.62,7192900,180100000.0,4.54,3.14,39.85,39.85,27.68,22.64,0.68
杭州柯林,sh688611,62.54,61.15,60.33,139342300.0,62.53,2000,62.54,9100,2.27,63.5,59.37,139342300,86130000.0,0.91,6.75,95.93,95.93,73.38,48.92,0.79
圣湘生物,sh688289,15.62,16.06,15.95,516023700.0,15.62,37700,15.63,200,-2.74,15.98,15.62,516023700,81480000.0,0.89,2.24,90.5,90.5,19.27,12.85,0.89
兄弟科技,sz002562,4.59,4.64,4.63,13677700.0,4.58,204900,4.59,56300,-1.08,4.64,4.57,13677700,62940000.0,1.68,1.51,37.34,52.46,5.1,4.18,0.73
泰格医药,sz300347,54.69,54.97,54.6,24955600.0,54.69,66700,54.7,32300,-0.51,56.55,54.02,24955600,1373900000.0,4.41,4.6,309.81,470.9,65.96,43.98,0.98
永茂泰,sh605208,13.72,13.77,13.81,8929600.0,13.72,56900,13.73,2600,-0.36,13.95,13.51,8929600,122620000.0,2.71,3.2,45.27,45.27,15.15,12.39,0.76
大湖股份,sh600257,5.41,5.49,5.41,13655400.0,5.41,41400,5.42,35300,-1.46,5.53,5.38,13655400,74240000.0,2.84,2.73,26.03,26.03,6.04,4.94,0.75
怡达股份,sz300721,23.33,23.74,23.45,10961400.0,23.33,6100,23.34,300,-1.73,23.56,22.96,10961400,255450000.0,7.92,2.53,32.28,38.46,28.49,18.99,0.78
恒大高新,sz002591,6.29,6.31,6.31,7583200.0,6.29,16500,6.31,37600,-0.32,6.36,6.23,7583200,47750000.0,3.39,2.06,14.06,18.88,6.94,5.68,0.83
三峡水利,sh600116,6.59,6.57,6.52,15839300.0,6.59,159000,6.6,153200,0.3,6.65,6.52,15839300,104560000.0,0.83,1.98,126.01,126.01,7.23,5.91,0.75
圣元环保,sz300867,16.5,16.76,16.64,2737200.0,16.49,16700,16.5,2900,-1.55,16.86,16.49,2737200,45430000.0,1.43,2.21,31.62,44.84,20.11,13.41,0.75
鹿山新材,sh603051,21.58,21.91,21.83,3857200.0,21.58,9700,21.59,2900,-1.51,21.89,21.4,3857200,83340000.0,2.39,2.24,34.88,34.88,24.1,19.72,0.67
国投电力,sh600886,14.28,14.26,14.34,25590300.0,14.27,39600,14.28,16800,0.14,14.48,14.19,25590300,367090000.0,0.34,2.03,1064.46,1143.04,15.69,12.83,0.81
龙利得,sz300883,6.0,5.97,5.96,16094400.0,5.99,138400,6.0,20100,0.5,6.08,5.89,16094400,96360000.0,4.87,3.18,19.84,20.76,7.16,4.78,1.16
派斯林,sh600215,6.43,6.38,6.38,5684900.0,6.42,5800,6.43,31600,0.78,6.49,6.28,5684900,36340000.0,1.24,3.29,29.38,29.38,7.02,5.74,0.85
新集能源,sh601918,9.99,10.2,10.26,36673400.0,9.98,8800,9.99,92000,-2.06,10.29,9.95,36673400,369470000.0,1.42,3.33,258.8,258.8,11.22,9.18,0.69
南方传媒,sh601900,11.81,11.84,11.87,5304700.0,11.8,21600,11.81,32100,-0.25,11.97,11.76,5304700,62900000.0,0.6,1.77,104.16,104.16,13.02,10.66,0.65
华夏银行,sh600015,6.74,6.76,6.77,36439000.0,6.73,395500,6.74,204800,-0.3,6.8,6.72,36439000,245960000.0,0.24,1.18,1037.1,1072.67,7.44,6.08,0.54
出版传媒,sh601999,6.07,6.12,6.16,2988700.0,6.07,21200,6.08,36600,-0.82,6.16,6.05,2988700,18180000.0,0.54,1.8,33.44,33.44,6.73,5.51,0.62
清源股份,sh603628,9.63,9.68,9.68,2739600.0,9.63,1700,9.64,6400,-0.52,9.72,9.55,2739600,26400000.0,1.01,1.76,26.21,26.26,10.65,8.71,0.76
鲁北化工,sh600727,7.51,7.67,7.6,13686500.0,7.51,12400,7.52,19600,-2.09,7.66,7.48,13686500,103270000.0,2.59,2.35,39.7,39.7,8.44,6.9,0.66
康尼机电,sh603111,5.79,5.87,5.85,5056400.0,5.78,28900,5.79,71000,-1.36,5.88,5.77,5056400,29440000.0,0.6,1.87,48.5,49.91,6.46,5.28,0.88
国光股份,sz002749,8.84,9.11,9.04,5347500.0,8.84,44500,8.85,4300,-2.96,9.04,8.82,5347500,47570000.0,0.98,2.41,48.12,49.19,10.02,8.2,1.01
兴业银行,sh601166,18.22,18.34,18.32,69133500.0,18.21,28800,18.22,80900,-0.65,18.39,18.15,69133500,1260380000.0,0.33,1.31,3855.87,3855.87,20.17,16.51,0.84
国光电器,sz002045,8.74,8.75,8.72,20016300.0,8.73,81700,8.74,70200,-0.11,8.81,8.66,20016300,174930000.0,3.56,1.71,49.09,49.16,9.63,7.88,0.65
郑中设计,sz002811,10.4,10.55,10.54,2614500.0,10.4,3200,10.41,3200,-1.42,10.54,10.36,2614500,27290000.0,0.93,1.71,29.39,32.03,11.61,9.5,0.66
联盛化学,sz301212,22.75,22.9,22.9,1433900.0,22.74,3500,22.75,3600,-0.66,22.94,22.21,1433900,32400000.0,1.53,3.19,21.33,24.57,27.48,18.32,1.1
则成电子,bj920821,18.65,19.17,19.03,2709300.0,18.64,1000,18.65,2100,-2.71,19.17,18.45,2709300,50728500.0,3.72,3.76,13.59,25.8,24.92,13.42,0.47
*ST尔雅,sh600107,5.76,5.24,5.21,2919600.0,5.76,1561500,0.0,0,9.92,5.76,5.21,2919600,16180000.0,0.81,10.5,20.74,20.74,5.76,4.72,2.11
智信精密,sz301512,30.71,30.6,30.41,1007800.0,30.71,30900,30.73,1400,0.36,31.0,29.87,1007800,30670000.0,2.07,3.69,14.96,22.93,36.72,24.48,0.8
ST逸飞,sh688646,74.06,74.0,74.54,86883100.0,74.0,2800,74.06,17500,0.08,76.22,73.41,86883100,65180000.0,1.43,3.8,44.98,69.74,88.8,59.2,0.61
蒙泰高新,sz300876,15.57,15.56,15.57,1684900.0,15.55,8400,15.57,2200,0.06,15.69,15.33,1684900,26130000.0,1.49,2.31,17.66,23.67,18.67,12.45,0.62
华宇软件,sz300271,5.84,5.77,5.77,16084600.0,5.83,126000,5.84,164200,1.21,5.88,5.66,16084600,93080000.0,2.02,3.81,46.39,47.41,6.92,4.62,0.78
康平科技,sz300907,40.92,40.55,40.4,1659300.0,40.92,3900,40.96,1000,0.91,41.27,39.26,1659300,67230000.0,1.73,4.96,39.28,39.28,48.66,32.44,0.58
龙源技术,sz300105,8.82,8.16,8.28,72960200.0,8.81,50700,8.82,51100,8.09,9.34,8.18,72960200,636520000.0,14.15,14.22,45.46,45.49,9.79,6.53,2.44
华工科技,sz000988,103.8,103.68,103.41,43770800.0,103.8,4600,103.81,300,0.12,105.83,101.21,43770800,4546090000.0,4.36,4.46,1043.18,1043.71,114.05,93.31,0.55
斯达半导,sh603290,87.13,87.43,86.5,5352700.0,87.12,30700,87.13,3700,-0.34,89.18,86.39,5352700,469820000.0,2.24,3.19,208.65,208.65,96.17,78.69,0.68
江山欧派,sh603208,11.25,11.27,11.3,2438300.0,11.25,200,11.26,2600,-0.18,11.5,11.12,2438300,27490000.0,1.39,3.37,19.79,19.79,12.4,10.14,1.46
海森药业,sz001367,19.15,19.12,19.3,1601300.0,19.14,2500,19.15,8800,0.16,19.46,18.98,1601300,30750000.0,1.32,2.51,23.29,29.18,21.03,17.21,0.91
中持股份,sh603903,12.68,13.08,12.76,7813700.0,12.68,19700,12.7,1400,-3.06,13.16,12.51,7813700,99400000.0,3.06,4.97,32.37,32.37,14.39,11.77,0.7
中交设计,sh600720,5.2,5.24,5.25,5893800.0,5.19,111000,5.2,8200,-0.76,5.27,5.2,5893800,30770000.0,0.58,1.34,52.47,119.32,5.76,4.72,0.55
智动力,sz300686,15.8,15.94,15.91,19607700.0,15.8,16100,15.81,2900,-0.88,16.3,15.09,19607700,306080000.0,7.57,7.59,40.91,41.18,19.13,12.75,0.86
辰光医疗,bj920300,9.72,9.81,9.83,974600.0,9.72,3600,9.73,1700,-0.92,9.91,9.64,974600,9507900.0,1.46,2.75,6.47,8.34,12.75,6.87,0.58
陕天然气,sz002267,7.12,7.15,7.17,5014600.0,7.12,2500,7.13,18800,-0.42,7.18,7.1,5014600,35770000.0,0.45,1.12,79.18,79.18,7.87,6.44,0.71
汉朔科技,sz301275,44.9,44.41,44.65,7393900.0,44.89,1100,44.9,22500,1.1,45.41,43.87,7393900,329840000.0,2.46,3.47,135.09,189.66,53.29,35.53,1.18
物产金轮,sz002722,12.85,12.95,12.97,2003000.0,12.85,19300,12.86,7200,-0.77,12.97,12.78,2003000,25750000.0,0.9,1.47,28.57,28.57,14.25,11.66,0.6
深水规院,sz301038,16.79,17.23,17.15,3898700.0,16.78,800,16.79,10600,-2.55,17.22,16.68,3898700,65580000.0,1.75,3.13,37.46,37.46,20.68,13.78,0.9
致远互联,sh688369,21.43,22.1,22.21,873921500.0,21.43,77000,21.44,4400,-3.03,22.45,21.29,873921500,189430000.0,7.58,5.25,24.69,24.69,26.52,17.68,0.7
财富趋势,sh688318,80.32,79.82,79.76,515509400.0,80.32,7000,80.35,51100,0.63,82.1,78.3,515509400,413850000.0,1.44,4.76,288.0,288.0,95.78,63.86,0.57
华阳股份,sh600348,8.8,8.72,8.77,28857200.0,8.8,77900,8.81,127200,0.92,8.87,8.64,28857200,253570000.0,0.8,2.64,317.46,317.46,9.59,7.85,0.79
天益医疗,sz301097,34.57,34.7,34.8,569000.0,34.57,400,34.65,1000,-0.37,35.3,33.77,569000,19640000.0,1.45,4.41,13.54,28.21,41.64,27.76,0.73
东富龙,sz300171,13.79,13.12,13.0,34720300.0,13.79,118800,13.8,91900,5.11,14.31,12.96,34720300,475070000.0,6.17,10.29,77.59,105.61,15.74,10.5,2.1
*ST未名,sz002581,3.83,3.86,3.8,6161400.0,3.83,29100,3.84,22700,-0.78,3.97,3.78,6161400,23970000.0,1.54,4.92,15.35,25.27,4.25,3.47,0.76
乐普医疗,sz300003,13.03,13.11,13.02,29131900.0,13.03,82800,13.04,22900,-0.61,13.26,12.95,29131900,382170000.0,1.85,2.36,205.73,240.2,15.73,10.49,0.9
中国银河,sh601881,12.32,12.41,12.4,21679000.0,12.32,239500,12.33,125100,-0.73,12.43,12.3,21679000,268010000.0,0.3,1.05,892.39,1347.12,13.65,11.17,0.74
凯中精密,sz002823,13.37,13.39,13.34,4118300.0,13.36,20700,13.37,9000,-0.15,13.46,13.15,4118300,54900000.0,1.88,2.32,29.27,43.9,14.73,12.05,0.83
南京证券,sh601990,6.74,6.76,6.75,11935900.0,6.73,475700,6.74,99400,-0.3,6.77,6.73,11935900,80500000.0,0.28,0.59,285.22,296.53,7.44,6.08,0.74
西部证券,sz002673,6.68,6.73,6.72,16767000.0,6.67,598700,6.68,4400,-0.74,6.74,6.67,16767000,112290000.0,0.38,1.04,298.57,298.57,7.4,6.06,0.77
中兰环保,sz300854,17.93,17.97,17.75,7429700.0,17.93,5400,17.94,16000,-0.22,18.26,17.32,7429700,132640000.0,6.52,5.23,20.44,25.07,21.56,14.38,0.66
设计总院,sh603357,6.04,6.09,6.07,2535900.0,6.04,1000,6.05,18400,-0.82,6.09,6.0,2535900,15320000.0,0.45,1.48,33.86,33.86,6.7,5.48,0.65
隆盛科技,sz300680,22.15,22.11,21.89,7209200.0,22.15,36000,22.16,16300,0.18,22.5,21.64,7209200,159360000.0,3.18,3.89,50.14,65.15,26.53,17.69,1.06
水晶光电,sz002273,27.1,26.93,26.71,38360500.0,27.09,98200,27.1,104600,0.63,27.49,26.4,38360500,1037280000.0,2.81,4.05,370.21,376.86,29.62,24.24,0.72
软控股份,sz002073,5.66,5.7,5.7,9695100.0,5.66,37200,5.67,80300,-0.7,5.72,5.63,9695100,54890000.0,0.96,1.58,57.39,57.98,6.27,5.13,0.63
先达股份,sh603086,5.64,5.68,5.69,5828900.0,5.63,37700,5.64,3800,-0.7,5.72,5.62,5828900,32960000.0,1.34,1.76,24.52,24.52,6.25,5.11,0.82
禾盛新材,sz002290,59.21,59.91,59.4,5395600.0,59.2,19200,59.21,1700,-1.17,60.78,58.28,5395600,320860000.0,2.18,4.17,146.44,146.91,65.9,53.92,0.65
测绘股份,sz300826,14.23,14.5,14.38,4381000.0,14.23,8700,14.24,13200,-1.86,14.48,14.16,4381000,62540000.0,2.0,2.21,31.24,32.48,17.4,11.6,0.88
鸿路钢构,sz002541,20.24,20.57,20.7,13700000.0,20.24,7700,20.25,1300,-1.6,20.89,20.16,13700000,279540000.0,2.76,3.55,100.43,139.66,22.63,18.51,0.92
敏芯股份,sh688286,45.5,45.26,44.31,325416200.0,45.49,200,45.5,26500,0.53,46.46,44.31,325416200,148020000.0,4.16,4.75,35.63,35.63,54.31,36.21,0.79
常宝股份,sz002478,6.29,6.42,6.4,9604800.0,6.29,54400,6.3,2300,-2.02,6.44,6.27,9604800,60890000.0,1.33,2.65,45.46,56.66,7.06,5.78,0.77
天键股份,sz301383,22.28,22.17,22.19,1101600.0,22.28,400,22.29,3200,0.5,22.48,21.83,1101600,24430000.0,1.56,2.93,15.73,36.38,26.6,17.74,0.77
罗平锌电,sz002114,7.4,7.66,7.5,11655900.0,7.4,22800,7.41,23300,-3.39,7.64,7.38,11655900,87550000.0,3.6,3.39,23.93,23.93,8.43,6.89,1.02
沪宁股份,sz300669,22.96,22.75,22.67,1057800.0,22.95,12600,22.96,34300,0.92,22.99,22.36,1057800,24050000.0,0.58,2.77,41.9,44.25,27.3,18.2,0.76
赛特新材,sh688398,20.67,20.72,20.8,100544600.0,20.67,4900,20.72,300,-0.24,20.92,20.42,100544600,20820000.0,0.6,2.41,34.69,34.69,24.86,16.58,0.87
贝斯美,sz300796,6.76,6.78,6.82,4134800.0,6.76,1300,6.77,5200,-0.29,6.83,6.69,4134800,27920000.0,1.14,2.06,24.41,24.41,8.14,5.42,0.86
青岛港,sh601298,8.78,8.88,8.89,7036800.0,8.77,13300,8.78,74400,-1.13,8.92,8.76,7036800,62130000.0,0.13,1.8,473.42,569.92,9.77,7.99,0.63
黑牡丹,sh600510,6.87,6.74,6.71,11841900.0,6.87,5900,6.88,26000,1.93,7.04,6.65,11841900,81360000.0,1.15,5.79,70.9,70.9,7.41,6.07,1.18
康德莱,sh603987,7.59,7.65,7.63,5128200.0,7.57,20400,7.59,5200,-0.78,7.7,7.56,5128200,39080000.0,1.17,1.83,33.15,33.15,8.42,6.89,0.98
豪威集团,sh603501,93.26,89.14,89.0,41088000.0,93.25,18100,93.26,5200,4.62,94.89,88.68,41088000,3803650000.0,3.4,6.97,1125.61,1172.94,98.05,80.23,1.86
隆基绿能,sh601012,12.79,12.94,12.94,79742800.0,12.79,71600,12.8,370400,-1.16,12.99,12.78,79742800,1026680000.0,1.05,1.62,969.23,969.24,14.23,11.65,0.72
仙琚制药,sz002332,8.52,8.57,8.63,11450800.0,8.51,118600,8.52,28200,-0.58,8.66,8.51,11450800,98250000.0,1.16,1.75,83.89,84.28,9.43,7.71,0.98
潜能恒信,sz300191,34.09,33.7,34.63,27029100.0,34.09,30900,34.1,11100,1.16,34.99,33.18,27029100,925560000.0,12.22,5.37,75.41,109.09,40.44,26.96,1.18
邦彦技术,sh688132,13.39,13.59,13.59,126378900.0,13.39,300,13.4,6700,-1.47,13.59,13.22,126378900,16980000.0,0.83,2.72,20.38,20.38,16.31,10.87,0.93
华中数控,sz300161,31.63,28.67,29.79,17437800.0,31.63,28700,31.64,39400,10.32,32.97,29.72,17437800,543100000.0,8.94,11.34,61.68,62.85,34.4,22.94,2.83
威博液压,bj920245,13.1,13.09,13.03,476200.0,13.1,10100,13.14,1800,0.08,13.1,12.85,476200,6154600.0,0.9,1.91,6.97,9.05,17.01,9.17,0.87
润欣科技,sz300493,12.94,12.99,12.93,9609600.0,12.94,5400,12.95,12400,-0.38,13.14,12.77,9609600,124570000.0,1.9,2.85,65.56,66.32,15.59,10.39,0.74
芯能科技,sh603105,7.27,7.32,7.28,5409300.0,7.27,23300,7.28,74600,-0.68,7.32,7.17,5409300,39220000.0,1.08,2.05,36.35,36.35,8.05,6.59,0.64
华信新材,sz300717,18.38,18.53,18.42,2029400.0,18.38,2000,18.44,500,-0.81,18.61,18.18,2029400,37360000.0,1.99,2.32,18.72,18.89,22.24,14.82,0.68
宁波银行,sz002142,32.14,32.0,31.97,20617000.0,32.13,1400,32.14,4600,0.44,32.5,31.97,20617000,665040000.0,0.31,1.66,2121.06,2122.39,35.2,28.8,0.68
海默科技,sz300084,11.76,12.0,12.08,8843100.0,11.75,1700,11.76,8400,-2.0,12.11,11.69,8843100,104610000.0,1.88,3.5,55.38,64.53,14.4,9.6,0.56
力合科创,sz002243,7.32,7.27,7.3,11674500.0,7.32,1500,7.33,18800,0.69,7.44,7.22,11674500,85510000.0,0.97,3.03,88.14,88.62,8.0,6.54,0.78
惠而浦,sh600983,7.76,7.81,7.82,2065100.0,7.76,57900,7.78,53500,-0.64,7.83,7.73,2065100,16090000.0,0.27,1.28,59.48,59.48,8.59,7.03,0.71
浙江恒威,sz301222,24.89,25.1,25.0,1105200.0,24.88,2900,24.89,200,-0.84,25.14,24.51,1105200,27470000.0,1.04,2.51,26.53,34.93,30.12,20.08,0.61
广生堂,sz300436,100.6,96.7,95.77,10354500.0,100.56,2200,100.6,3400,4.03,102.66,94.8,10354500,1024080000.0,7.57,8.13,137.54,160.22,116.04,77.36,1.53
兴齐眼药,sz300573,43.05,42.95,42.68,11552600.0,43.05,8400,43.06,1500,0.23,44.17,42.6,11552600,503030000.0,4.25,3.66,117.09,152.79,51.54,34.36,1.19
安科生物,sz300009,8.57,8.52,8.59,37875600.0,8.56,90100,8.57,136900,0.59,8.78,8.5,37875600,328310000.0,3.08,3.29,105.43,143.18,10.22,6.82,1.61
中公高科,sh603860,26.31,26.35,26.35,723900.0,26.3,900,26.31,4500,-0.15,26.46,26.09,723900,19010000.0,1.09,1.4,17.54,17.54,28.99,23.72,0.66
浙江正特,sz001238,25.22,25.83,25.83,893500.0,25.22,500,25.25,4400,-2.36,25.87,25.1,893500,22790000.0,0.62,2.98,36.6,39.13,28.41,23.25,1.02
泓博医药,sz301230,37.97,35.1,35.1,40587400.0,37.95,2700,37.97,9100,8.18,39.6,34.15,40587400,1497840000.0,24.94,15.53,61.8,68.7,42.12,28.08,1.96
志特新材,sz300986,14.0,14.5,14.36,97640800.0,14.0,124800,14.01,7500,-3.45,15.37,13.8,97640800,1400890000.0,16.97,10.83,80.54,80.6,17.4,11.6,1.34
中钢天源,sz002057,8.72,8.92,8.85,19773400.0,8.72,47200,8.73,116600,-2.24,8.88,8.69,19773400,173460000.0,2.62,2.13,65.69,65.74,9.81,8.03,0.78
华虹宏力,sh688347,262.5,264.0,261.11,1614580300.0,262.47,500,262.5,3600,-0.57,270.69,256.43,1614580300,4267830000.0,3.96,5.4,1070.34,4561.53,316.8,211.2,0.68
震安科技,sz300767,18.2,18.52,18.77,5113000.0,18.2,77000,18.21,20800,-1.73,18.77,18.01,5113000,93400000.0,2.13,4.1,43.66,50.28,22.22,14.82,0.65
百合股份,sh603102,38.23,39.75,37.5,5382200.0,38.23,1300,38.38,7400,-3.82,41.47,37.08,5382200,210500000.0,8.41,11.04,24.47,24.47,43.73,35.78,2.73
铁科轨道,sh688569,17.22,17.38,17.27,74132300.0,17.19,5900,17.22,100,-0.92,17.43,17.19,74132300,12810000.0,0.35,1.38,36.28,36.28,20.86,13.9,0.71
名臣健康,sz002919,18.3,18.05,18.17,5111400.0,18.3,1500,18.31,7800,1.39,18.75,17.88,5111400,93840000.0,1.93,4.82,48.35,48.7,19.86,16.25,1.19
仁信新材,sz301395,12.58,12.6,12.46,2664800.0,12.57,15600,12.58,1500,-0.16,12.68,12.36,2664800,33450000.0,2.09,2.54,16.02,30.55,15.12,10.08,0.42
合合信息,sh688615,122.88,121.67,123.55,859440200.0,122.86,200,122.88,1500,0.99,126.78,119.5,859440200,1061260000.0,6.35,5.98,166.3,240.84,146.0,97.34,1.03
森萱医药,bj920946,9.41,9.41,9.34,2572100.0,9.41,9300,9.43,8600,0.0,9.64,9.29,2572100,24350000.0,0.6,3.72,40.16,40.17,12.23,6.59,0.86
万通液压,bj920839,25.43,25.28,25.21,524200.0,25.43,9000,25.47,4300,0.59,25.75,25.02,524200,13348100.0,0.8,2.89,16.58,30.06,32.86,17.7,1.12
美好医疗,sz301363,17.15,17.26,17.0,10965200.0,17.15,2900,17.16,9300,-0.64,17.45,16.97,10965200,188970000.0,2.1,2.78,89.53,136.51,20.71,13.81,0.84
上海物贸,sh600822,8.52,8.4,8.35,5480300.0,8.51,200,8.52,3500,1.43,8.65,8.3,5480300,46690000.0,1.38,4.17,33.75,42.26,9.24,7.56,1.46
光华股份,sz001333,19.4,19.64,19.73,712500.0,19.4,3200,19.5,2600,-1.22,19.73,19.27,712500,13850000.0,0.56,2.34,24.83,24.83,21.6,17.68,0.53
中国船舶,sh600150,33.97,34.83,34.8,100097000.0,33.97,250000,33.98,101000,-2.47,35.03,33.96,100097000,3446200000.0,1.33,3.07,2556.45,2556.45,38.31,31.35,1.19
中南传媒,sh601098,10.34,10.49,10.55,9613500.0,10.33,13200,10.34,32200,-1.43,10.55,10.3,9613500,99870000.0,0.54,2.38,185.71,185.71,11.54,9.44,0.77
华特达因,sz000915,26.0,26.17,26.21,2217500.0,25.99,9900,26.0,3100,-0.65,26.3,25.91,2217500,57950000.0,0.95,1.49,60.89,60.93,28.79,23.55,0.8
鼎龙科技,sh603004,20.48,21.42,21.12,3611800.0,20.48,17900,20.49,8500,-4.39,21.21,20.4,3611800,74730000.0,6.13,3.78,12.06,48.23,23.56,19.28,0.65
聚赛龙,sz301131,33.96,34.19,34.26,682900.0,33.95,3000,34.02,1500,-0.67,34.43,33.66,682900,23260000.0,1.74,2.25,13.3,18.56,41.03,27.35,0.7
西安奕材-U,sh688783,31.06,31.65,31.45,2357085000.0,31.06,24400,31.08,27000,-1.86,32.19,30.6,2357085000,738420000.0,8.77,5.02,83.52,1254.14,37.98,25.32,0.59
聚胶股份,sz301283,26.1,26.42,26.15,779300.0,26.1,3400,26.17,500,-1.21,26.46,26.05,779300,20450000.0,0.85,1.55,23.85,30.33,31.7,21.14,0.74
全新好,sz000007,10.61,10.38,10.48,10818200.0,10.6,11000,10.61,2200,2.22,10.75,10.22,10818200,113770000.0,3.12,5.11,36.76,36.76,11.42,9.34,1.15
海普瑞,sz002399,10.78,10.96,10.96,22824700.0,10.77,13800,10.78,20500,-1.64,11.2,10.72,22824700,250250000.0,1.83,4.38,134.45,158.17,12.06,9.86,3.32
美思德,sh603041,10.92,11.03,11.03,2130800.0,10.92,4000,10.94,1000,-1.0,11.06,10.83,2130800,23340000.0,1.16,2.09,20.0,20.0,12.13,9.93,0.9
威胜信息,sh688100,29.83,29.93,30.15,340021900.0,29.83,2200,29.86,500,-0.33,30.58,29.53,340021900,102100000.0,0.69,3.51,146.67,146.67,35.92,23.94,0.96
安德利,sh605198,68.0,68.73,68.73,5034400.0,68.0,5900,68.01,100,-1.06,70.63,66.8,5034400,347290000.0,1.86,5.57,183.96,227.25,75.6,61.86,1.29
深科技,sz000021,39.81,40.2,39.91,112135800.0,39.81,374900,39.82,10400,-0.97,41.25,39.31,112135800,4525310000.0,7.12,4.83,626.67,626.76,44.22,36.18,0.77
福元医药,sh601089,18.34,17.92,17.92,5465900.0,18.32,1100,18.34,5100,2.34,18.89,17.81,5465900,100370000.0,1.14,6.03,88.03,88.03,19.71,16.13,1.42
ST京机,sz000821,7.35,7.27,7.27,6497600.0,7.34,7100,7.35,208900,1.1,7.37,7.2,6497600,47410000.0,1.07,2.34,44.44,45.78,8.0,6.54,0.85
四方科技,sh603339,13.83,14.01,13.93,10819000.0,13.83,8000,13.84,8400,-1.28,14.06,13.58,10819000,149810000.0,3.5,3.43,42.8,42.8,15.41,12.61,1.08
隆达股份,sh688231,28.54,30.05,29.43,473222100.0,28.51,2200,28.54,300,-5.02,30.15,28.39,473222100,136340000.0,1.48,5.86,91.21,91.21,36.06,24.04,0.92
嘉益股份,sz301004,35.68,36.34,36.0,551000.0,35.68,600,35.7,2300,-1.82,36.5,35.44,551000,19680000.0,0.4,2.92,48.56,52.02,43.61,29.07,0.59
慕思股份,sz001323,17.17,17.15,17.07,2717300.0,17.16,19400,17.17,6600,0.12,17.35,16.95,2717300,46590000.0,0.87,2.33,53.44,74.7,18.87,15.44,0.74
理邦仪器,sz300206,12.24,12.43,12.49,3531300.0,12.24,2000,12.25,8900,-1.53,12.49,12.2,3531300,43540000.0,1.04,2.33,41.42,70.95,14.92,9.94,0.78
宏德股份,sz301163,23.42,23.55,23.55,1205500.0,23.42,1200,23.44,500,-0.55,23.7,23.1,1205500,28230000.0,2.2,2.55,12.82,19.11,28.26,18.84,0.91
洪通燃气,sh605169,10.25,10.2,10.22,2124500.0,10.23,90500,10.25,3100,0.49,10.32,10.09,2124500,21740000.0,0.75,2.25,29.0,29.0,11.22,9.18,0.88
亚通精工,sh603190,16.88,17.04,16.98,1455900.0,16.86,1300,16.88,1200,-0.94,17.04,16.71,1455900,24590000.0,2.53,1.94,9.72,29.43,18.74,15.34,0.71
阳谷华泰,sz300121,9.67,9.79,9.73,7523800.0,9.67,27400,9.68,27800,-1.23,9.77,9.62,7523800,72920000.0,1.75,1.53,41.52,43.05,11.75,7.83,0.61
光格科技,sh688450,34.33,34.7,34.5,241388000.0,34.33,4400,34.4,3200,-1.07,34.93,33.21,241388000,82250000.0,4.93,4.96,16.8,22.66,41.64,27.76,1.06
云涌科技,sh688060,34.2,35.2,34.8,42023900.0,34.2,700,34.44,400,-2.84,35.06,34.01,42023900,14460000.0,0.7,2.98,20.59,20.59,42.24,28.16,0.9
特宝生物,sh688278,60.47,58.37,58.37,670406900.0,60.47,0,60.48,7700,3.6,61.36,57.89,670406900,402970000.0,1.64,5.94,246.83,246.83,70.04,46.7,1.5
地铁设计,sz003013,17.47,18.35,18.1,6776300.0,17.47,14700,17.48,1000,-4.8,18.34,17.31,6776300,119130000.0,1.68,5.61,70.31,80.49,20.19,16.52,0.66
国药股份,sh600511,27.48,27.66,27.72,7132500.0,27.47,5700,27.48,43400,-0.65,28.36,27.45,7132500,198830000.0,1.29,3.29,152.06,207.34,30.43,24.89,1.35
八方股份,sh603489,27.64,27.26,27.41,2545300.0,27.63,23100,27.64,12100,1.39,28.0,27.0,2545300,70070000.0,1.08,3.67,64.85,64.85,29.99,24.53,1.08
美畅股份,sz300861,17.3,17.37,17.3,11575100.0,17.29,13500,17.3,57500,-0.4,17.53,17.15,11575100,200930000.0,2.74,2.19,72.98,116.23,20.84,13.9,0.7
华鑫股份,sh600621,13.19,13.24,13.24,6143400.0,13.18,38900,13.19,24200,-0.38,13.33,13.18,6143400,81410000.0,0.58,1.13,139.93,139.93,14.56,11.92,0.83
科新机电,sz300092,12.69,11.57,11.66,19411300.0,12.66,2000,12.69,131800,9.68,12.98,11.6,19411300,239050000.0,9.25,11.93,26.63,34.76,13.88,9.26,4.89
濮阳惠成,sz300481,13.8,14.01,13.99,6350400.0,13.79,6200,13.8,20700,-1.5,13.99,13.79,6350400,88180000.0,2.19,1.43,40.03,40.28,16.81,11.21,0.55
ST南都,sz300068,4.2,4.18,4.17,31877000.0,4.2,124400,4.21,304900,0.48,4.26,4.15,31877000,134120000.0,3.73,2.63,35.85,37.73,5.02,3.34,0.76
菜百股份,sh605599,16.61,17.07,17.08,15140400.0,16.6,7400,16.61,3200,-2.69,17.71,16.52,15140400,258680000.0,1.95,6.97,129.19,129.19,18.78,15.36,1.26
跃岭股份,sz002725,11.58,11.64,11.6,3445900.0,11.58,19400,11.6,15300,-0.52,11.73,11.5,3445900,40100000.0,1.38,1.98,28.83,29.64,12.8,10.48,0.54
银都股份,sh603277,10.58,10.69,10.68,3113900.0,10.58,400,10.6,500,-1.03,10.73,10.36,3113900,32820000.0,0.51,3.46,64.51,64.72,11.76,9.62,1.99
华瓷股份,sz001216,15.24,15.0,15.79,9917000.0,15.24,6400,15.25,21800,1.6,16.37,15.08,9917000,153850000.0,4.04,8.6,37.42,44.49,16.5,13.5,3.34
以岭药业,sz002603,16.87,16.89,16.83,29991000.0,16.87,64400,16.88,7600,-0.12,17.23,16.72,29991000,511480000.0,2.18,3.02,232.22,281.85,18.58,15.2,1.02
汇通控股,sh603409,18.13,17.95,17.94,2536100.0,18.13,6700,18.14,4900,1.0,18.34,17.8,2536100,45790000.0,4.71,3.01,9.77,34.04,19.75,16.16,1.33
协昌科技,sz301418,37.95,38.59,38.26,1694000.0,37.95,27500,38.05,400,-1.66,38.36,37.28,1694000,64090000.0,5.75,2.8,11.17,27.83,46.31,30.87,0.89
双乐股份,sz301036,22.23,22.51,22.01,1281200.0,22.23,1100,22.25,1100,-1.24,22.61,22.01,1281200,28510000.0,1.82,2.67,15.66,22.23,27.01,18.01,0.9
运达股份,sz300772,12.3,12.48,12.4,11276400.0,12.3,3300,12.31,29600,-1.44,12.45,12.2,11276400,138780000.0,1.62,2.0,85.84,96.78,14.98,9.98,0.64
华润双鹤,sh600062,16.38,16.4,16.4,14314100.0,16.38,20100,16.39,21700,-0.12,16.68,16.32,14314100,236450000.0,1.38,2.2,170.06,170.12,18.04,14.76,1.42
富乐德,sz301297,34.81,35.03,34.48,15617800.0,34.81,4200,34.82,7500,-0.63,35.6,34.26,15617800,545740000.0,2.96,3.83,183.88,241.69,42.04,28.02,0.72
美邦股份,sh605033,19.6,19.6,20.0,12886700.0,19.59,2600,19.6,12500,0.0,21.09,19.5,12886700,260330000.0,9.53,8.11,26.5,26.5,21.56,17.64,2.83
易德龙,sh603380,33.08,33.06,32.7,1934900.0,33.08,4900,33.1,2000,0.06,33.64,32.5,1934900,64110000.0,1.21,3.45,53.07,53.07,36.37,29.75,0.68
瑞普生物,sz300119,18.12,18.38,18.37,3317200.0,18.12,11700,18.14,1000,-1.41,18.58,18.11,3317200,60850000.0,0.99,2.56,60.45,84.21,22.06,14.7,0.49
禾昌聚合,bj920089,10.27,10.5,10.42,1109600.0,10.26,8400,10.27,3100,-2.19,10.44,10.22,1109600,11422900.0,0.99,2.1,11.46,20.12,13.65,7.35,1.12
永臻股份,sh603381,15.11,15.28,15.31,3225900.0,15.11,23600,15.12,4500,-1.11,15.31,14.93,3225900,48720000.0,2.27,2.49,21.48,35.85,16.81,13.75,0.86
坤泰股份,sz001260,17.38,17.33,17.36,960400.0,17.38,4600,17.41,800,0.29,17.5,17.04,960400,16630000.0,0.84,2.65,19.99,19.99,19.06,15.6,0.88
正海生物,sz300653,15.09,15.35,15.19,2075100.0,15.09,15400,15.11,1100,-1.69,15.36,15.06,2075100,31470000.0,1.15,1.95,27.16,27.16,18.42,12.28,0.78
中信博,sh688408,26.94,27.21,26.9,208973000.0,26.94,22500,26.96,200,-0.99,27.26,26.6,208973000,56310000.0,0.95,2.43,59.02,59.02,32.65,21.77,0.56
天德钰,sh688252,19.35,19.86,19.78,572389900.0,19.34,12300,19.35,50500,-2.57,19.82,19.3,572389900,111840000.0,1.4,2.62,79.15,79.15,23.83,15.89,0.64
中电港,sz001287,23.11,23.15,22.9,16727900.0,23.11,17300,23.12,17700,-0.17,23.45,22.88,16727900,388210000.0,2.2,2.46,175.61,175.61,25.47,20.84,0.7
星辉环材,sz300834,39.65,39.44,39.27,1604700.0,39.61,1000,39.65,3600,0.53,40.0,38.4,1604700,63310000.0,0.84,4.06,76.13,76.81,47.33,31.55,0.88
交控科技,sh688015,15.93,16.14,16.17,123697800.0,15.93,1200,15.94,7000,-1.3,16.17,15.85,123697800,19750000.0,0.66,1.98,30.06,30.06,19.37,12.91,0.89
上海亚虹,sh603159,20.47,21.04,21.08,3818700.0,20.47,38300,20.48,3600,-2.71,21.5,20.47,3818700,79450000.0,2.73,4.9,28.66,28.66,23.14,18.94,1.3
信音电子,sz301329,19.79,19.85,19.7,3819800.0,19.76,2100,19.79,2300,-0.3,20.01,19.35,3819800,75190000.0,5.78,3.32,13.07,33.68,23.82,15.88,1.1
振江股份,sh603507,23.78,24.44,24.26,6893500.0,23.78,16800,23.79,2000,-2.7,24.32,23.6,6893500,164440000.0,2.92,2.95,56.19,56.82,26.88,22.0,0.85
鸿泉技术,sh688288,18.31,18.39,18.5,168895100.0,18.31,5000,18.32,1800,-0.44,18.75,18.12,168895100,31070000.0,1.69,3.43,18.28,18.28,22.07,14.71,0.9
楚环科技,sz001336,18.32,18.25,18.26,1436400.0,18.3,500,18.32,500,0.38,18.56,18.0,1436400,26170000.0,2.23,3.07,11.78,19.14,20.08,16.43,0.9
星网锐捷,sz002396,29.95,30.03,29.58,78802200.0,29.94,138400,29.95,6800,-0.27,31.12,29.5,78802200,2382790000.0,10.4,5.39,226.85,227.79,33.03,27.03,0.89
蓝宇股份,sz301585,27.52,27.89,27.88,2134900.0,27.51,1600,27.52,2500,-1.33,28.4,27.28,2134900,59180000.0,3.13,4.02,18.74,28.62,33.47,22.31,1.58
科伦药业,sz002422,46.42,46.41,46.41,39566400.0,46.41,67000,46.42,6600,0.02,48.18,45.88,39566400,1863850000.0,3.05,4.96,602.82,738.44,51.05,41.77,1.15
灿瑞科技,sh688061,37.13,36.97,36.5,127167900.0,37.05,10500,37.13,3600,0.43,38.04,36.15,127167900,47190000.0,1.11,5.11,42.66,42.66,44.36,29.58,0.98
安旭生物,sh688075,29.47,29.72,29.85,67738200.0,29.45,600,29.47,4500,-0.84,29.85,29.16,67738200,19940000.0,0.53,2.32,37.45,37.45,35.66,23.78,0.73
卓创资讯,sz301299,44.12,44.7,44.95,688100.0,44.12,1900,44.3,200,-1.3,44.95,43.73,688100,30460000.0,1.54,2.73,19.76,26.76,53.64,35.76,0.55
卓易信息,sh688258,109.3,111.67,111.7,293979800.0,109.3,600,109.31,200,-2.12,112.7,108.0,293979800,325300000.0,2.43,4.21,132.41,132.41,134.0,89.34,0.58
汇顶科技,sh603160,52.11,52.1,51.88,4280800.0,52.11,13300,52.12,8400,0.02,52.95,51.69,4280800,223950000.0,0.92,2.42,242.82,242.82,57.31,46.89,0.83
山西汾酒,sh600809,120.72,123.1,122.7,7944600.0,120.71,600,120.72,1800,-1.93,123.8,120.65,7944600,967610000.0,0.65,2.56,1472.74,1472.74,135.41,110.79,0.77
药明康德,sh603259,160.21,161.34,160.41,92075800.0,160.2,75700,160.21,85100,-0.7,165.8,157.77,92075800,14939160000.0,3.72,4.98,3962.44,4780.28,177.47,145.21,0.91
百利天恒,sh688506,311.92,319.07,315.18,274846300.0,311.92,1800,312.0,500,-2.24,326.0,306.1,274846300,871010000.0,0.67,6.24,1287.84,1287.84,382.88,255.26,1.16
*ST康乐,bj920575,5.13,4.85,4.86,9318600.0,5.12,23300,5.13,35400,5.77,5.19,4.86,9318600,47437600.0,4.96,6.8,9.64,14.41,6.3,3.4,0.62
美邦科技,bj920471,11.36,11.45,11.42,563500.0,11.36,4000,11.4,500,-0.79,11.52,11.3,563500,6414200.0,1.06,1.92,6.02,9.45,14.88,8.02,0.54
生物谷,bj920266,7.67,7.65,7.59,6208000.0,7.66,29600,7.67,700,0.26,8.05,7.5,6208000,48111200.0,5.24,7.19,9.09,9.51,9.94,5.36,0.94
佰维存储,sh688525,242.06,242.0,238.9,3173171200.0,242.06,41800,242.07,700,0.02,251.0,238.06,3173171200,7794860000.0,6.73,5.35,1141.47,1141.47,290.4,193.6,0.85
哈铁科技,sh688459,8.12,8.23,8.23,102159100.0,8.11,33000,8.12,12700,-1.34,8.23,8.11,102159100,8330000.0,0.21,1.46,38.98,38.98,9.88,6.58,0.88
洁特生物,sh688026,18.44,18.07,17.93,1057625900.0,18.44,1800,18.45,55600,2.05,18.98,17.2,1057625900,194060000.0,7.54,9.85,25.87,25.88,21.68,14.46,1.6
中微公司,sh688012,363.1,389.99,378.0,3047919900.0,363.08,300,363.1,5300,-6.9,384.0,362.0,3047919900,11412090000.0,3.23,5.64,3421.12,3477.93,467.99,311.99,1.01
确成股份,sh605183,14.81,14.98,15.03,1231100.0,14.8,25000,14.81,1000,-1.13,15.06,14.81,1231100,18330000.0,0.3,1.67,61.08,61.49,16.48,13.48,0.71
联德股份,sh605060,41.85,42.26,42.2,2694400.0,41.83,600,41.85,1600,-0.97,42.79,41.02,2694400,113410000.0,1.13,4.19,100.0,100.69,46.49,38.03,0.56
威奥股份,sh605001,5.68,5.68,5.68,4796800.0,5.67,4200,5.68,200,0.0,5.71,5.6,4796800,27130000.0,1.22,1.94,22.32,22.32,6.25,5.11,0.87
卫信康,sh603676,9.18,9.47,9.4,4962700.0,9.18,11900,9.19,1200,-3.06,9.4,9.17,4962700,45950000.0,1.14,2.43,39.95,39.95,10.42,8.52,1.42
杭电股份,sh603618,27.1,27.02,26.75,65626400.0,27.1,200900,27.11,16500,0.3,27.8,26.22,65626400,1774160000.0,9.49,5.85,187.36,187.36,29.72,24.32,0.69
天创时尚,sh603608,19.61,19.0,18.85,15648600.0,19.6,12000,19.61,2500,3.21,19.77,18.57,15648600,302690000.0,3.68,6.32,83.35,83.35,20.9,17.1,0.85
纵横通信,sh603602,11.32,11.29,11.12,3662100.0,11.3,4900,11.32,9200,0.27,11.42,11.09,3662100,41310000.0,1.58,2.92,26.16,26.16,12.42,10.16,0.56
广信股份,sh603599,10.23,10.52,10.5,14307700.0,10.22,177800,10.23,46200,-2.76,10.51,10.21,14307700,147540000.0,1.57,2.85,93.12,93.12,11.57,9.47,1.29
高能环境,sh603588,14.01,14.69,14.51,62867000.0,14.01,5200,14.02,127900,-4.63,14.88,14.01,62867000,900810000.0,4.13,5.92,213.41,213.41,16.16,13.22,0.96
三星新材,sh603578,12.39,12.09,12.03,4030000.0,12.38,9900,12.39,5700,2.48,12.61,11.83,4030000,49620000.0,2.23,6.45,22.35,29.0,13.3,10.88,1.12
惠达卫浴,sh603385,5.39,5.42,5.42,3157300.0,5.39,8000,5.4,6800,-0.55,5.46,5.32,3157300,17010000.0,0.83,2.58,20.52,20.52,5.96,4.88,0.98
天洋新材,sh603330,8.03,7.95,7.95,16012600.0,8.03,67500,8.04,14400,1.01,8.13,7.85,16012600,127930000.0,3.7,3.52,34.74,34.74,8.75,7.16,0.86
泰瑞机器,sh603289,8.49,8.46,8.45,3464500.0,8.49,9200,8.52,6400,0.35,8.59,8.3,3464500,29300000.0,1.18,3.43,24.91,24.91,9.31,7.61,1.11
小方制药,sh603207,23.44,23.66,23.5,1302100.0,23.43,500,23.44,500,-0.93,23.8,23.34,1302100,30630000.0,2.38,1.94,12.8,37.66,26.03,21.29,0.84
和邦生物,sh603077,2.42,2.48,2.5,164000700.0,2.41,5477500,2.42,570200,-2.42,2.5,2.41,164000700,400650000.0,1.86,3.63,213.73,213.73,2.73,2.23,1.06
科林电气,sh603050,18.06,18.39,18.38,3724000.0,18.05,1000,18.06,300,-1.79,18.38,17.77,3724000,67170000.0,0.92,3.32,72.84,72.84,20.23,16.55,1.24
晶方科技,sh603005,32.77,33.02,32.6,28623600.0,32.77,7700,32.78,104000,-0.76,33.39,32.51,28623600,943110000.0,4.39,2.67,213.72,213.72,36.32,29.72,0.52
中国出版,sh601949,5.25,5.3,5.33,8160600.0,5.25,15000,5.26,77600,-0.94,5.33,5.22,8160600,42890000.0,0.43,2.08,99.96,99.96,5.83,4.77,0.59
浙商银行,sh601916,2.89,2.91,2.91,98714400.0,2.89,387100,2.9,6830400,-0.69,2.93,2.88,98714400,286090000.0,0.46,1.72,622.63,793.73,3.2,2.62,0.63
方正证券,sh601901,7.01,7.05,7.04,29695000.0,7.0,504100,7.01,457700,-0.57,7.06,7.0,29695000,208650000.0,0.36,0.85,577.07,577.07,7.76,6.35,0.72
紫金银行,sh601860,2.54,2.56,2.57,45069900.0,2.54,2258500,2.55,1649000,-0.78,2.57,2.53,45069900,114730000.0,1.27,1.56,90.21,92.99,2.82,2.3,0.79
光大银行,sh601818,3.02,3.05,3.06,195820000.0,3.02,17357400,3.03,17356800,-0.98,3.06,3.02,195820000,594500000.0,0.42,1.31,1401.49,1784.38,3.36,2.75,0.85
新华文轩,sh601811,11.91,12.08,12.0,1615600.0,11.91,16200,11.92,200,-1.41,12.09,11.91,1615600,19340000.0,0.2,1.49,94.32,146.95,13.29,10.87,0.67
华峰铝业,sh601702,15.4,15.81,15.8,10386700.0,15.4,45400,15.41,18000,-2.59,16.19,15.4,10386700,163260000.0,1.04,5.0,153.77,153.77,17.39,14.23,1.19
平煤股份,sh601666,9.34,9.35,9.49,38368700.0,9.34,67900,9.35,79900,-0.11,9.49,9.1,38368700,354900000.0,1.55,4.17,230.64,230.64,10.29,8.42,0.73
齐鲁银行,sh601665,6.23,6.24,6.25,26685500.0,6.22,43000,6.23,125000,-0.16,6.3,6.2,26685500,166610000.0,0.43,1.6,383.38,383.38,6.86,5.62,0.6
金田股份,sh601609,10.18,10.4,10.36,21108000.0,10.18,60400,10.19,32900,-2.12,10.42,10.17,21108000,217050000.0,1.22,2.4,175.98,175.98,11.44,9.36,0.79
浙文影业,sh601599,3.08,3.1,3.08,17560600.0,3.08,25500,3.09,648000,-0.65,3.13,3.07,17560600,54460000.0,1.51,1.94,35.74,35.74,3.41,2.79,0.71
林洋能源,sh601222,5.66,5.67,5.68,12303200.0,5.65,152600,5.66,182300,-0.18,5.71,5.63,12303200,69700000.0,0.6,1.41,115.53,115.53,6.24,5.1,0.67
上海环境,sh601200,7.04,7.06,7.06,5867600.0,7.04,19800,7.05,51100,-0.28,7.1,7.02,5867600,41360000.0,0.44,1.13,94.77,94.77,7.77,6.35,0.69
三角轮胎,sh601163,13.28,13.4,13.4,2832600.0,13.28,25900,13.29,3600,-0.9,13.43,13.27,2832600,37780000.0,0.35,1.19,106.24,106.24,14.74,12.06,0.82
深圳燃气,sh601139,6.32,6.4,6.41,16664600.0,6.32,91500,6.33,49800,-1.25,6.46,6.32,16664600,106260000.0,0.58,2.19,181.81,181.81,7.04,5.76,0.78
太平洋,sh601099,3.39,3.42,3.42,63027500.0,3.39,2854200,3.4,1546000,-0.88,3.43,3.39,63027500,214560000.0,0.92,1.17,231.07,231.07,3.76,3.08,0.76
宏盛华源,sh601096,4.32,4.37,4.37,16827900.0,4.31,175000,4.32,235300,-1.14,4.37,4.29,16827900,72790000.0,1.02,1.83,70.98,115.57,4.81,3.93,0.63
江盐集团,sh601065,6.86,6.94,6.94,3936200.0,6.86,2800,6.87,33500,-1.15,6.94,6.84,3936200,27070000.0,0.61,1.44,44.09,44.09,7.63,6.25,0.96
宁波港,sh601018,3.36,3.39,3.39,34771300.0,3.35,1017900,3.36,781800,-0.88,3.41,3.35,34771300,117380000.0,0.18,1.77,653.67,653.67,3.73,3.05,0.61
重庆钢铁,sh601005,1.2,1.21,1.2,35998200.0,1.19,12970100,1.2,522900,-0.83,1.21,1.2,35998200,43260000.0,0.43,0.83,99.76,115.31,1.33,1.09,0.65
唐山港,sh601000,4.63,4.64,4.65,38608100.0,4.62,108300,4.63,22200,-0.22,4.69,4.6,38608100,179080000.0,0.65,1.94,274.37,274.37,5.1,4.18,0.88
苏豪汇鸿,sh600981,2.43,2.45,2.45,11409400.0,2.42,1026900,2.43,264300,-0.82,2.46,2.41,11409400,27770000.0,0.51,2.04,54.49,54.49,2.7,2.21,0.71
维远股份,sh600955,12.68,12.87,12.92,2760800.0,12.67,22100,12.68,2200,-1.48,12.92,12.65,2760800,35080000.0,0.5,2.1,69.74,69.74,14.16,11.58,0.86
西安银行,sh600928,3.54,3.58,3.57,15388900.0,3.54,113800,3.55,442400,-1.12,3.59,3.53,15388900,54730000.0,0.35,1.68,156.59,157.33,3.94,3.22,0.61
苏能股份,sh600925,4.38,4.37,4.38,9510400.0,4.37,99000,4.38,204700,0.23,4.39,4.31,9510400,41430000.0,0.59,1.83,70.34,301.73,4.81,3.93,0.84
杉杉股份,sh600884,12.13,12.07,12.13,61818000.0,12.13,133600,12.14,129200,0.5,12.4,12.12,61818000,756160000.0,3.37,2.32,222.6,272.4,13.28,10.86,0.96
星湖科技,sh600866,4.39,4.48,4.48,20102500.0,4.39,93400,4.4,124100,-2.01,4.48,4.38,20102500,88860000.0,1.21,2.23,72.94,72.94,4.93,4.03,0.81
金开新能,sh600821,6.52,6.55,6.57,61531900.0,6.51,162300,6.52,8700,-0.46,6.63,6.41,61531900,402210000.0,3.13,3.36,128.27,128.27,7.21,5.9,0.79
轻纺城,sh600790,3.32,3.35,3.36,11846000.0,3.32,78600,3.33,259800,-0.9,3.36,3.31,11846000,39470000.0,0.81,1.49,48.66,48.66,3.69,3.02,0.91
新钢股份,sh600782,2.75,2.8,2.81,32674600.0,2.75,176700,2.76,199500,-1.79,2.81,2.74,32674600,90280000.0,1.04,2.5,86.51,87.56,3.08,2.52,0.8
西藏城投,sh600773,11.16,11.38,11.27,16469200.0,11.16,24500,11.17,41900,-1.93,11.38,11.11,16469200,185280000.0,1.73,2.37,106.2,106.2,12.52,10.24,0.81
广誉远,sh600771,14.03,14.22,14.18,10157000.0,14.02,112900,14.03,11600,-1.34,14.46,14.0,10157000,144230000.0,2.08,3.23,68.68,68.68,15.64,12.8,1.28
长江传媒,sh600757,7.7,7.76,7.77,8143700.0,7.7,49700,7.71,27600,-0.77,7.85,7.69,8143700,63120000.0,0.67,2.06,93.44,93.45,8.54,6.98,0.79
华电能源,sh600726,6.14,6.26,6.26,182171800.0,6.13,565500,6.14,190600,-1.92,6.59,6.1,182171800,1142600000.0,2.44,7.83,458.99,485.51,6.89,5.63,1.03
南京医药,sh600713,5.27,5.2,5.2,20403000.0,5.26,222900,5.27,136200,1.35,5.3,5.17,20403000,107390000.0,1.58,2.5,67.97,68.94,5.72,4.68,1.5
上海石化,sh600688,2.84,2.87,2.88,61987200.0,2.84,1939100,2.85,763000,-1.05,2.9,2.83,61987200,177810000.0,0.85,2.44,208.14,299.41,3.16,2.58,1.04
光明乳业,sh600597,6.84,6.88,6.89,8513600.0,6.84,39700,6.85,26700,-0.58,6.95,6.82,8513600,58490000.0,0.62,1.89,94.29,94.29,7.57,6.19,0.75
士兰微,sh600460,32.05,32.17,31.81,72355600.0,32.05,56200,32.06,36300,-0.37,33.05,31.8,72355600,2340750000.0,4.35,3.89,533.34,533.34,35.39,28.95,0.72
冠豪高新,sh600433,3.36,3.42,3.4,29233800.0,3.36,452500,3.37,67400,-1.75,3.4,3.32,29233800,98350000.0,1.67,2.34,58.81,58.81,3.76,3.08,0.85
三友化工,sh600409,6.89,6.93,6.93,26480700.0,6.88,90900,6.89,15200,-0.58,6.99,6.82,26480700,183150000.0,1.28,2.45,142.23,142.23,7.62,6.24,0.65
盘江股份,sh600395,5.16,5.13,5.18,27404700.0,5.15,78100,5.16,173600,0.58,5.2,5.05,27404700,140100000.0,1.28,2.92,110.77,110.77,5.64,4.62,0.7
浙江龙盛,sh600352,13.51,13.99,13.84,77433100.0,13.51,274900,13.52,78800,-3.43,14.17,13.48,77433100,1061410000.0,2.38,4.93,439.53,439.53,15.39,12.59,1.15
ST美克,sh600337,2.97,2.89,2.95,29755800.0,2.97,67000,2.98,60300,2.77,3.09,2.92,29755800,88910000.0,2.07,5.88,42.68,42.68,3.18,2.6,1.69
广西能源,sh600310,4.57,4.57,4.52,57913400.0,4.56,207300,4.57,393100,0.0,4.61,4.48,57913400,263670000.0,3.95,2.84,66.98,66.98,5.03,4.11,0.97
华泰股份,sh600308,3.24,3.27,3.27,5860700.0,3.23,124800,3.24,22500,-0.92,3.27,3.23,5860700,18990000.0,0.39,1.22,49.15,49.15,3.6,2.94,0.74
酒钢宏兴,sh600307,1.45,1.47,1.48,36634700.0,1.45,7896000,1.46,903000,-1.36,1.48,1.45,36634700,53660000.0,0.58,2.04,90.82,90.82,1.62,1.32,0.87
维维股份,sh600300,3.18,3.2,3.2,21554400.0,3.17,15000,3.18,325000,-0.63,3.22,3.15,21554400,68610000.0,1.33,2.19,51.43,51.43,3.52,2.88,1.02
钱江水利,sh600283,8.0,8.06,8.04,3389700.0,8.0,494600,8.01,46100,-0.74,8.1,7.97,3389700,27160000.0,0.6,1.61,44.87,44.87,8.87,7.25,0.97
阳光照明,sh600261,3.05,3.07,3.08,6075100.0,3.05,321900,3.06,349400,-0.65,3.09,3.04,6075100,18590000.0,0.46,1.63,40.72,40.72,3.38,2.76,0.72
民丰特纸,sh600235,5.72,5.71,5.71,4345100.0,5.72,9600,5.73,46700,0.18,5.75,5.63,4345100,24710000.0,1.24,2.1,20.09,20.09,6.28,5.14,0.87
浙江医药,sh600216,12.52,12.42,12.42,23244100.0,12.51,41100,12.52,3800,0.81,12.6,12.37,23244100,290260000.0,2.44,1.85,119.11,120.4,13.66,11.18,1.23
雅戈尔,sh600177,7.75,7.69,7.69,22465300.0,7.75,281100,7.76,89300,0.78,7.81,7.69,22465300,174650000.0,0.5,1.56,349.02,358.32,8.46,6.92,0.69
国投资本,sh600061,6.39,6.43,6.42,21178400.0,6.39,759100,6.4,272900,-0.62,6.47,6.39,21178400,136010000.0,0.33,1.24,408.58,408.58,7.07,5.79,0.71
楚天高速,sh600035,3.43,3.47,3.46,11700100.0,3.43,888200,3.44,230400,-1.15,3.48,3.43,11700100,40340000.0,0.73,1.44,55.23,55.23,3.82,3.12,0.74
浙江新能,sh600032,7.55,7.65,7.51,35469600.0,7.54,117900,7.55,124900,-1.31,7.65,7.48,35469600,267760000.0,1.48,2.22,181.55,181.55,8.42,6.89,1.11
山东钢铁,sh600022,1.34,1.35,1.36,66544900.0,1.33,10670800,1.34,1086800,-0.74,1.36,1.33,66544900,89470000.0,0.62,2.22,143.36,143.36,1.49,1.22,0.73
上港集团,sh600018,5.15,5.16,5.18,41566000.0,5.14,1100900,5.15,25600,-0.19,5.21,5.14,41566000,215120000.0,0.18,1.36,1197.21,1198.92,5.68,4.64,0.82
首创环保,sh600008,2.86,2.86,2.86,55737400.0,2.85,131200,2.86,2001300,0.0,2.88,2.84,55737400,159280000.0,0.76,1.4,209.94,209.94,3.15,2.57,0.72
民生健康,sz301507,12.85,12.77,12.67,3897500.0,12.84,6900,12.85,300,0.63,12.96,12.67,3897500,50030000.0,3.54,2.27,14.14,45.82,15.32,10.22,1.06
泓淋电力,sz301439,15.18,15.35,15.25,5637300.0,15.18,53900,15.19,19700,-1.11,15.35,15.0,5637300,85510000.0,3.08,2.28,27.82,59.07,18.42,12.28,0.65
荣旗科技,sz301360,52.04,50.89,50.88,2695700.0,52.04,25800,52.1,3000,2.26,53.08,50.42,2695700,139990000.0,7.92,5.23,17.72,36.32,61.07,40.71,0.96
明阳电气,sz301291,39.55,40.4,40.0,7802000.0,39.54,18700,39.55,9700,-2.1,41.85,39.26,7802000,313940000.0,4.77,6.41,64.72,124.4,48.48,32.32,0.89
万凯新材,sz301216,16.69,17.2,17.15,15146500.0,16.68,32500,16.69,4200,-2.97,17.19,16.65,15146500,255510000.0,2.78,3.14,90.9,96.84,20.64,13.76,1.18
观想科技,sz301213,44.82,45.35,45.0,2014400.0,44.8,1200,44.82,200,-1.17,45.3,43.8,2014400,89680000.0,2.78,3.31,32.45,50.2,54.42,36.28,0.69
联检科技,sz301115,30.63,31.67,31.72,5977300.0,30.61,1100,30.63,1900,-3.28,32.05,30.2,5977300,186190000.0,4.01,5.84,45.7,56.21,38.0,25.34,0.95
华润材料,sz301090,6.56,6.61,6.57,5763600.0,6.55,176100,6.56,49000,-0.76,6.61,6.49,5763600,37770000.0,0.39,1.82,96.49,96.59,7.93,5.29,0.74
上海艾录,sz301062,6.84,6.7,6.8,8089600.0,6.83,4900,6.84,11100,2.09,6.9,6.58,8089600,54880000.0,2.94,4.78,18.83,29.64,8.04,5.36,0.89
兰卫医学,sz301060,9.86,9.97,9.87,17763800.0,9.86,19200,9.87,14600,-1.1,10.2,9.76,17763800,177410000.0,4.93,4.41,35.51,39.49,11.96,7.98,1.77
保立佳,sz301037,13.12,13.22,13.1,1525800.0,13.11,500,13.12,2800,-0.76,13.26,12.9,1525800,20020000.0,2.24,2.72,8.92,18.24,15.86,10.58,0.52
读客文化,sz301025,8.92,9.13,9.06,5130500.0,8.92,9200,8.93,900,-2.3,9.13,8.91,5130500,46010000.0,1.85,2.41,24.72,35.71,10.96,7.3,0.59
利安科技,sz300784,40.85,40.97,40.68,565200.0,40.83,500,40.85,1600,-0.29,41.15,39.89,565200,22930000.0,3.36,3.08,6.87,22.97,49.16,32.78,0.88
华宝股份,sz300741,13.42,13.5,13.5,1918500.0,13.41,300,13.42,1700,-0.59,13.53,13.39,1918500,25780000.0,0.31,1.04,82.65,82.65,16.2,10.8,0.83
新余国科,sz300722,21.96,22.56,22.1,3451600.0,21.95,1200,21.96,43100,-2.66,22.3,21.61,3451600,75710000.0,1.25,3.06,60.78,60.78,27.07,18.05,1.04
大烨智能,sz300670,6.13,6.19,6.15,5883200.0,6.12,6000,6.13,115500,-0.97,6.21,6.04,5883200,36000000.0,2.62,2.75,13.77,19.43,7.43,4.95,0.85
欧普康视,sz300595,11.79,11.76,11.65,14264700.0,11.79,11000,11.8,3800,0.26,11.98,11.65,14264700,168750000.0,2.13,2.81,78.82,105.55,14.11,9.41,1.09
奥联电子,sz300585,16.19,15.9,15.99,5731800.0,16.18,3900,16.19,9500,1.82,16.45,15.74,5731800,92640000.0,3.35,4.47,27.7,27.7,19.08,12.72,1.07
达威股份,sz300535,15.65,15.5,15.38,3179700.0,15.63,100,15.65,3400,0.97,15.75,15.1,3179700,49020000.0,3.92,4.19,12.7,16.75,18.6,12.4,1.2
东杰智能,sz300486,19.71,20.11,20.08,5765600.0,19.71,19400,19.72,2600,-1.99,20.08,19.6,5765600,114060000.0,1.21,2.39,94.02,94.05,24.13,16.09,0.48
东通退,sz300379,1.72,1.72,0.0,0.0,0.0,0,0.0,0,0.0,0.0,0.0,0,0.0,0.0,0.0,9.06,9.6,-1.0,-1.0,0.0
百纳千成,sz300291,5.45,5.51,5.43,42516100.0,5.44,79600,5.45,57900,-1.09,5.65,5.4,42516100,232870000.0,4.57,4.54,50.68,51.33,6.61,4.41,0.92
新天科技,sz300259,4.2,4.36,4.34,57374600.0,4.2,449700,4.21,390100,-3.67,4.34,4.18,57374600,242050000.0,4.97,3.67,48.5,48.51,5.23,3.49,0.94
东方电热,sz300217,4.55,4.57,4.56,20760600.0,4.55,30300,4.56,262800,-0.44,4.63,4.47,20760600,94280000.0,1.67,3.5,56.48,67.25,5.48,3.66,0.74
长荣股份,sz300195,5.5,5.59,5.58,8003800.0,5.49,39300,5.5,463800,-1.61,5.61,5.46,8003800,44150000.0,2.55,2.68,17.26,23.3,6.71,4.47,0.51
通裕重工,sz300185,2.8,2.82,2.81,54885900.0,2.79,2010600,2.8,1592000,-0.71,2.82,2.78,54885900,153680000.0,1.43,1.42,107.7,113.01,3.38,2.26,0.76
捷成股份,sz300182,5.29,5.36,5.35,101942800.0,5.29,259700,5.3,265400,-1.31,5.41,5.27,101942800,543380000.0,4.51,2.61,119.52,140.92,6.43,4.29,0.41
新研股份,sz300159,3.05,3.09,3.07,34703400.0,3.05,866200,3.06,186800,-1.29,3.11,3.01,34703400,106000000.0,1.88,3.24,56.19,100.36,3.71,2.47,0.71
银河磁体,sz300127,25.44,26.23,25.85,7791300.0,25.44,2800,25.45,29600,-3.01,25.98,25.39,7791300,199410000.0,3.38,2.25,58.72,82.21,31.48,20.98,0.69
易成新能,sz300080,3.76,3.77,3.76,11722900.0,3.75,159600,3.76,223500,-0.27,3.79,3.71,11722900,44020000.0,0.63,2.12,70.34,70.44,4.52,3.02,0.69
三川智慧,sz300066,5.24,5.38,5.31,18564400.0,5.23,492400,5.24,137500,-2.6,5.4,5.23,18564400,98100000.0,1.86,3.16,52.3,54.5,6.46,4.3,0.69
ST华谊,sz300027,1.82,1.79,1.78,29807000.0,1.81,375300,1.82,2113100,1.68,1.84,1.77,29807000,53950000.0,1.16,3.91,46.71,50.5,2.15,1.43,0.83
北陆药业,sz300016,8.52,8.54,8.5,21222300.0,8.52,18300,8.53,40400,-0.23,8.67,8.47,21222300,181860000.0,3.78,2.34,47.9,49.56,10.25,6.83,0.95
日久光电,sz003015,11.59,11.7,11.76,4058600.0,11.58,38800,11.59,8200,-0.94,11.76,11.53,4058600,47070000.0,1.64,1.97,28.63,32.58,12.87,10.53,0.49
郑州银行,sz002936,1.77,1.77,1.78,53085500.0,1.76,11568600,1.77,4256000,0.0,1.79,1.76,53085500,93970000.0,0.76,1.69,124.42,160.93,1.95,1.59,0.53
锋龙股份,sz002931,51.45,51.16,50.94,9208800.0,51.45,23700,51.48,2400,0.57,52.43,50.56,9208800,475560000.0,4.55,3.66,104.23,112.42,56.28,46.04,0.74
联诚精密,sz002921,22.2,22.61,22.61,6777900.0,22.19,2300,22.2,7900,-1.81,22.61,21.51,6777900,148760000.0,5.28,4.87,28.51,33.07,24.87,20.35,0.93
同兴达,sz002845,12.98,13.02,12.93,6621800.0,12.97,4900,12.98,900,-0.31,13.13,12.87,6621800,86230000.0,2.65,2.0,32.48,42.52,14.32,11.72,0.81
张家港行,sz002839,4.33,4.36,4.36,23536100.0,4.33,106700,4.34,445100,-0.69,4.37,4.32,23536100,102120000.0,0.96,1.15,105.74,105.84,4.8,3.92,0.77
第一创业,sz002797,6.53,6.57,6.56,34565400.0,6.53,572500,6.54,374400,-0.61,6.58,6.52,34565400,226380000.0,0.82,0.91,274.42,274.42,7.23,5.91,0.68
新宝股份,sz002705,11.95,12.03,12.04,7000800.0,11.94,35000,11.95,23600,-0.67,12.17,11.88,7000800,83700000.0,0.87,2.41,96.57,97.02,13.23,10.83,0.5
双成药业,sz002693,9.85,9.95,9.76,25741700.0,9.84,66600,9.85,7600,-1.01,10.04,9.76,25741700,255090000.0,6.26,2.81,40.48,40.85,10.95,8.96,0.75
卫星化学,sz002648,25.95,26.46,26.58,51984000.0,25.95,150300,25.96,15600,-1.93,27.16,25.94,51984000,1377630000.0,1.54,4.61,873.6,874.16,29.11,23.81,1.07
华宏科技,sz002645,19.56,20.1,19.68,48914100.0,19.56,160500,19.57,4700,-2.69,20.11,19.21,48914100,959740000.0,7.19,4.48,133.05,147.31,22.11,18.09,0.86
赞宇科技,sz002637,10.69,11.02,11.03,9816600.0,10.68,76300,10.69,900,-2.99,11.03,10.68,9816600,106110000.0,2.11,3.18,49.71,50.29,12.12,9.92,0.67
*ST瑞和,sz002620,5.11,5.07,5.16,5272600.0,5.11,28100,5.12,13400,0.79,5.21,5.02,5272600,26970000.0,1.67,3.75,16.15,19.29,5.58,4.56,0.66
奥佳华,sz002614,4.93,5.02,4.99,8637900.0,4.93,57500,4.94,10200,-1.79,5.04,4.92,8637900,42860000.0,1.96,2.39,21.75,30.75,5.52,4.52,1.02
ST章鼓,sz002598,6.7,6.73,6.75,2552500.0,6.7,47200,6.71,5700,-0.45,6.84,6.61,2552500,17130000.0,0.89,3.42,19.2,20.91,7.4,6.06,1.11
益盛药业,sz002566,6.8,6.79,6.77,8840800.0,6.8,47800,6.81,15500,0.15,6.86,6.71,8840800,60100000.0,3.81,2.21,15.76,22.5,7.47,6.11,0.71
千红制药,sz002550,6.78,6.83,6.79,30165500.0,6.78,500400,6.79,24800,-0.73,6.94,6.75,30165500,206920000.0,3.16,2.78,64.65,86.77,7.51,6.15,1.25
齐峰新材,sz002521,7.09,7.1,7.06,5106100.0,7.08,1400,7.09,300,-0.14,7.14,6.96,5106100,36030000.0,1.22,2.54,29.72,39.71,7.81,6.39,0.94
华斯股份,sz002494,4.81,4.83,4.8,7366000.0,4.81,3700,4.82,26400,-0.41,4.85,4.74,7366000,35340000.0,2.57,2.28,13.79,18.15,5.31,4.35,0.7
富春环保,sz002479,5.73,5.8,5.81,18440900.0,5.72,140100,5.73,80800,-1.21,5.87,5.71,18440900,106550000.0,2.14,2.76,49.45,49.56,6.38,5.22,1.05
青龙管业,sz002457,11.16,11.52,11.53,30939800.0,11.16,41700,11.17,67100,-3.13,11.6,11.13,30939800,347770000.0,9.28,4.08,37.19,37.22,12.67,10.37,1.06
长高电气,sz002452,11.31,11.59,11.6,11494200.0,11.3,27200,11.31,10600,-2.42,11.62,11.29,11494200,131160000.0,2.22,2.85,58.57,70.16,12.75,10.43,0.78
闰土股份,sz002440,13.02,13.87,13.58,66818200.0,13.01,72900,13.02,130800,-6.13,13.93,12.9,66818200,889510000.0,7.06,7.43,123.22,146.34,15.26,12.48,1.07
毅昌科技,sz002420,5.8,5.82,5.79,6646500.0,5.79,69600,5.8,24600,-0.34,5.85,5.69,6646500,38400000.0,1.64,2.75,23.47,23.85,6.4,5.24,0.7
西部建设,sz002302,4.95,5.09,5.06,20338700.0,4.95,39800,4.96,102400,-2.75,5.07,4.92,20338700,100990000.0,1.61,2.95,62.49,62.49,5.6,4.58,1.02
浙富控股,sz002266,4.97,5.18,5.16,101419300.0,4.97,505600,4.98,674000,-4.05,5.18,4.96,101419300,512330000.0,2.09,4.25,240.68,259.4,5.7,4.66,1.26
ST嘉应,sz002198,3.43,3.39,3.41,4971500.0,3.43,82200,3.44,36100,1.18,3.48,3.36,4971500,16980000.0,0.98,3.54,17.41,17.41,3.73,3.05,0.98
证通电子,sz002197,7.32,7.28,7.3,34064800.0,7.31,65300,7.32,226200,0.55,7.38,7.11,34064800,248300000.0,6.38,3.71,39.09,44.97,8.01,6.55,0.62
莱茵生物,sz002166,6.77,6.84,6.85,11482800.0,6.77,26500,6.78,75400,-1.02,6.89,6.76,11482800,78390000.0,1.55,1.9,50.0,50.21,7.52,6.16,0.97
广电运通,sz002152,10.1,10.23,10.22,21641200.0,10.09,86100,10.1,7300,-1.27,10.26,10.07,21641200,220160000.0,0.87,1.86,250.7,250.82,11.25,9.21,0.72
ST汇洲,sz002122,2.61,2.6,2.63,30330300.0,2.6,534000,2.61,256100,0.38,2.7,2.6,30330300,80470000.0,1.53,3.85,51.88,52.24,2.86,2.34,1.65
三钢闽光,sz002110,3.04,3.13,3.13,30657400.0,3.03,1013600,3.04,44000,-2.88,3.14,3.03,30657400,94030000.0,1.26,3.51,73.84,73.84,3.44,2.82,1.29
中泰化学,sz002092,4.57,4.6,4.6,43524800.0,4.57,271100,4.58,229300,-0.65,4.65,4.55,43524800,199570000.0,1.69,2.17,117.7,118.36,5.06,4.14,0.74
横店东磁,sz002056,22.64,21.9,21.7,46768300.0,22.64,66100,22.65,241000,3.38,23.41,21.57,46768300,1054590000.0,2.88,8.4,367.91,368.29,24.09,19.71,1.39
兔 宝 宝,sz002043,12.68,12.7,12.7,7880100.0,12.67,10000,12.68,5400,-0.16,12.93,12.59,7880100,100640000.0,0.98,2.68,102.39,105.21,13.97,11.43,0.61
联创电子,sz002036,7.21,7.31,7.24,40316700.0,7.2,256300,7.21,150200,-1.37,7.29,7.1,40316700,290920000.0,3.82,2.6,76.1,76.25,8.04,6.58,0.66
京新药业,sz002020,14.24,14.23,14.15,23103700.0,14.23,52100,14.24,12000,0.07,14.54,14.1,23103700,331340000.0,3.19,3.09,103.09,122.61,15.65,12.81,1.16
立新能源,sz001258,15.93,14.48,14.0,243695100.0,15.93,409300,0.0,0,10.01,15.93,13.1,243695100,3628990000.0,26.11,19.54,148.68,148.68,15.93,13.03,1.57
弘业期货,sz001236,7.7,7.71,7.7,8776000.0,7.7,38400,7.71,70400,-0.13,7.76,7.63,8776000,67560000.0,1.16,1.69,58.37,77.6,8.48,6.94,0.87
兰州银行,sz001227,2.13,2.15,2.15,60501300.0,2.12,5079300,2.13,1773600,-0.93,2.15,2.11,60501300,128770000.0,1.43,1.86,89.83,121.32,2.37,1.94,0.8
*ST数源,sz000909,4.48,4.32,4.36,4250500.0,4.48,11300,4.49,42900,3.7,4.59,4.35,4250500,18980000.0,0.97,5.56,19.61,19.61,4.75,3.89,1.03
现代投资,sz000900,3.67,3.7,3.71,7654700.0,3.67,10400,3.68,232700,-0.81,3.71,3.66,7654700,28150000.0,0.5,1.35,55.7,55.7,4.07,3.33,0.68
电投绿能,sz000875,5.29,5.19,5.2,48965900.0,5.28,88100,5.29,257100,1.93,5.38,5.16,48965900,257850000.0,1.46,4.24,176.81,191.88,5.71,4.67,1.06
国安股份,sz000839,2.95,2.96,2.97,152623500.0,2.95,1121200,2.96,1207400,-0.34,3.13,2.92,152623500,462820000.0,3.89,7.09,115.63,115.63,3.26,2.66,0.77
超声电子,sz000823,14.78,14.92,14.68,41394000.0,14.77,106800,14.78,167800,-0.94,15.09,14.54,41394000,613670000.0,6.96,3.69,87.93,87.93,16.41,13.43,0.58
冰轮环境,sz000811,41.55,42.48,42.0,33317000.0,41.55,12800,41.56,16200,-2.19,43.04,41.11,33317000,1400610000.0,3.41,4.54,406.52,412.37,46.73,38.23,0.66
中国武夷,sz000797,2.42,2.43,2.42,15449100.0,2.41,235900,2.42,284200,-0.41,2.44,2.39,15449100,37370000.0,0.98,2.06,38.01,38.01,2.67,2.19,0.72
英洛华,sz000795,8.62,8.74,8.7,12122600.0,8.62,46100,8.63,7300,-1.37,8.72,8.6,12122600,104750000.0,1.09,1.37,96.22,96.22,9.61,7.87,0.74
国海证券,sz000750,3.77,3.8,3.8,31803100.0,3.77,665100,3.78,905300,-0.79,3.81,3.76,31803100,120320000.0,0.55,1.32,218.52,240.76,4.18,3.42,0.88
湖南发展,sz000722,13.73,13.81,13.66,16453200.0,13.73,44600,13.74,161600,-0.58,13.9,13.58,16453200,225980000.0,3.54,2.32,63.73,78.45,15.19,12.43,0.84
双环科技,sz000707,4.58,4.6,4.61,7242100.0,4.58,10100,4.59,21800,-0.43,4.66,4.56,7242100,33350000.0,1.32,2.17,25.22,26.78,5.06,4.14,0.92
ST沈化,sz000698,3.46,3.47,3.47,3100900.0,3.45,121400,3.46,14200,-0.29,3.5,3.43,3100900,10750000.0,0.39,2.02,27.19,28.36,3.82,3.12,0.95
金科股份,sz000656,1.3,1.29,1.29,454845100.0,1.3,8560300,1.31,2923000,0.78,1.35,1.27,454845100,596970000.0,5.99,6.2,98.64,137.65,1.42,1.16,2.61
顺发恒能,sz000631,2.95,2.97,2.97,8117800.0,2.95,52100,2.96,171800,-0.67,2.98,2.92,8117800,23980000.0,0.35,2.02,67.85,67.85,3.27,2.67,0.67
陕国投Ａ,sz000563,3.0,3.01,3.01,24161700.0,3.0,270900,3.01,1488200,-0.33,3.02,2.99,24161700,72540000.0,0.47,1.0,153.42,153.42,3.31,2.71,0.57
西部创业,sz000557,3.69,3.73,3.72,6262300.0,3.68,593300,3.69,55200,-1.07,3.73,3.68,6262300,23150000.0,0.43,1.34,53.8,53.81,4.1,3.36,0.79
新金路,sz000510,16.54,17.34,17.19,63107900.0,16.54,186600,16.55,15600,-4.61,17.37,16.5,63107900,1067610000.0,10.4,5.02,100.33,107.27,19.07,15.61,0.94
申万宏源,sz000166,4.54,4.56,4.56,44591600.0,4.54,1085700,4.55,1855000,-0.44,4.58,4.53,44591600,203010000.0,0.2,1.1,1023.11,1136.81,5.02,4.1,0.6
中集集团,sz000039,8.99,8.89,9.78,118812300.0,8.99,138400,9.0,16100,1.12,9.78,8.9,118812300,1100590000.0,5.16,9.9,206.9,484.79,9.78,8.0,3.35
南  玻Ａ,sz000012,3.85,3.88,3.87,18142300.0,3.85,105500,3.86,285100,-0.77,3.88,3.82,18142300,69890000.0,0.93,1.55,75.43,117.14,4.27,3.49,0.7
深振业Ａ,sz000006,6.79,6.85,6.83,17323900.0,6.79,23200,6.8,27900,-0.88,6.91,6.69,17323900,117860000.0,1.28,3.21,91.66,91.66,7.54,6.17,0.96
思特威-W,sh688213,99.25,96.4,94.65,963289600.0,99.24,300,99.25,12500,2.96,99.88,94.51,963289600,942250000.0,2.98,5.57,321.08,399.29,115.68,77.12,1.04
键凯科技,sh688356,78.48,77.3,76.72,280114500.0,78.25,200,78.48,4200,1.53,80.7,75.1,280114500,218300000.0,4.62,7.24,47.6,47.6,92.76,61.84,1.72
贵州茅台,sh600519,1346.5,1348.86,1348.0,2707300.0,1346.43,200,1346.5,6900,-0.17,1352.65,1338.0,2707300,3640050000.0,0.22,1.09,16832.35,16832.35,1483.75,1213.97,0.7
润和软件,sz300339,37.67,38.17,38.21,17130900.0,37.66,29200,37.67,5200,-1.31,38.43,37.55,17130900,649260000.0,2.2,2.31,292.95,300.01,45.8,30.54,0.59
恒铭达,sz002947,57.91,57.78,57.49,4346500.0,57.9,5600,57.91,9500,0.22,59.05,57.12,4346500,252970000.0,2.19,3.34,114.84,148.12,63.56,52.0,0.59
新强联,sz300850,28.78,29.4,29.47,9829600.0,28.77,8200,28.78,1100,-2.11,29.47,28.58,9829600,283940000.0,3.27,3.03,86.57,119.17,35.28,23.52,0.71
翱捷科技-U,sh688220,104.19,104.5,104.05,697178500.0,104.19,900,104.25,500,-0.3,106.8,102.4,697178500,728020000.0,1.67,4.21,435.83,435.83,125.4,83.6,0.57
瑞松科技,sh688090,67.04,66.55,65.75,720938500.0,67.04,9200,67.06,400,0.74,68.35,65.3,720938500,481450000.0,4.54,4.58,106.41,106.41,79.86,53.24,0.59
科力装备,sz301552,26.07,26.79,25.9,4247600.0,26.06,2300,26.07,7400,-2.69,26.3,25.54,4247600,110380000.0,13.73,2.84,8.07,32.26,32.15,21.43,1.58
五 粮 液,sz000858,75.0,76.19,76.16,33661500.0,74.99,30400,75.0,191900,-1.56,76.16,74.99,33661500,2539080000.0,0.87,1.54,2911.14,2911.21,83.81,68.57,0.84
安图生物,sh603658,32.62,32.85,32.7,2523200.0,32.62,7400,32.63,200,-0.7,33.29,32.6,2523200,83140000.0,0.44,2.1,186.4,186.4,36.14,29.57,0.73
朗特智能,sz300916,25.01,25.41,25.19,7258300.0,25.01,4000,25.04,400,-1.57,25.62,24.28,7258300,181800000.0,7.77,5.27,23.36,36.18,30.49,20.33,0.88
万里石,sz002785,34.72,35.39,35.2,4544300.0,34.72,3200,34.74,2400,-1.89,35.3,34.36,4544300,157660000.0,2.35,2.66,67.18,78.68,38.93,31.85,0.9
钧崴电子,sz301458,38.63,37.16,36.7,12068300.0,38.63,1200,38.64,3800,3.96,39.48,36.6,12068300,462860000.0,10.27,7.75,45.38,103.01,44.59,29.73,1.45
汇通能源,sh600605,25.6,23.69,23.5,7959800.0,25.6,12000,25.61,6900,8.06,25.85,23.27,7959800,198720000.0,3.86,10.89,52.81,52.81,26.06,21.32,2.19
国芯科技,sh688262,27.16,27.16,27.16,846346000.0,27.16,4800,27.17,9100,0.0,27.44,26.53,846346000,228880000.0,2.52,3.35,91.26,91.26,32.59,21.73,0.69
海尔智家,sh600690,22.0,22.25,22.1,33218200.0,22.0,275200,22.01,14000,-1.12,22.39,22.0,33218200,735840000.0,0.53,1.75,1375.67,2063.08,24.48,20.03,0.83
瑞达期货,sz002961,19.45,19.75,19.69,3500700.0,19.45,45000,19.47,1900,-1.52,19.72,19.38,3500700,68250000.0,0.73,1.72,92.76,92.76,21.73,17.78,0.72
有研粉材,sh688456,83.05,84.19,83.35,634888900.0,83.05,500,83.25,200,-1.35,85.49,81.3,634888900,530350000.0,6.12,4.98,86.09,86.09,101.03,67.35,0.63
中国海防,sh600764,18.32,18.7,18.68,5291900.0,18.31,35200,18.32,5900,-2.03,18.68,18.23,5291900,97170000.0,0.74,2.41,130.19,130.19,20.57,16.83,0.73
伟明环保,sh603568,15.63,15.75,15.76,5900000.0,15.62,1200,15.63,1300,-0.76,15.86,15.56,5900000,92500000.0,0.29,1.9,320.17,320.17,17.33,14.18,0.61
键邦股份,sh603285,33.38,34.28,33.75,3443900.0,33.37,200,33.38,3200,-2.63,34.66,33.35,3443900,116010000.0,5.53,3.82,20.79,53.41,37.71,30.85,0.62
皖仪科技,sh688600,27.8,29.13,28.98,654221800.0,27.79,1900,27.8,31200,-4.57,29.05,27.51,654221800,185560000.0,4.86,5.29,37.45,37.45,34.96,23.3,1.07
福立旺,sh688678,18.02,18.0,17.68,1213530400.0,18.02,18400,18.03,48000,0.11,18.27,17.49,1213530400,217170000.0,3.01,4.33,72.64,72.64,21.6,14.4,0.62
新亚电子,sh605277,15.09,15.15,15.04,3580400.0,15.09,25500,15.1,7500,-0.4,15.22,14.91,3580400,54060000.0,0.94,2.05,57.61,58.67,16.67,13.64,0.57
义翘神州,sz301047,118.98,113.61,113.62,14756100.0,118.98,200,119.0,2300,4.73,126.98,111.35,14756100,1766040000.0,12.34,13.76,142.28,144.72,136.33,90.89,1.12
开普检测,sz003008,19.16,19.05,19.04,1310800.0,19.16,15200,19.17,3900,0.58,19.3,18.77,1310800,24980000.0,1.69,2.78,14.89,19.93,20.96,17.15,1.02
西藏药业,sh600211,39.25,39.73,39.75,3954800.0,39.25,14200,39.26,400,-1.21,40.29,39.2,3954800,157360000.0,1.23,2.74,126.51,126.51,43.7,35.76,0.91
善水科技,sz301190,19.04,19.1,18.89,6915400.0,19.03,38900,19.04,6600,-0.31,19.25,18.68,6915400,130850000.0,4.83,2.98,27.25,40.87,22.92,15.28,0.62
宇环数控,sz002903,28.15,29.1,29.1,16156500.0,28.15,16800,28.16,18900,-3.26,29.35,27.01,16156500,454260000.0,15.15,8.04,30.03,44.11,32.01,26.19,1.03
杰恩股份,sz300668,36.08,35.85,35.49,5446300.0,36.07,200,36.08,7400,0.64,36.75,34.16,5446300,194170000.0,5.46,7.22,35.97,43.43,43.02,28.68,1.01
太辰光,sz300570,140.45,141.99,139.21,13842100.0,140.45,7900,140.46,400,-1.08,143.86,137.0,13842100,1944300000.0,7.2,4.83,269.93,319.0,170.39,113.59,0.48
江龙船艇,sz300589,13.29,13.92,13.63,28960700.0,13.29,99800,13.3,37800,-4.53,13.76,13.14,28960700,386270000.0,12.35,4.45,31.16,50.19,16.7,11.14,1.17
伟创电气,sh688698,49.96,48.72,48.72,501127500.0,49.95,400,49.96,8800,2.55,50.66,48.08,501127500,249080000.0,2.33,5.3,107.43,107.43,58.46,38.98,1.2
美芯晟,sh688458,33.89,33.89,33.81,131587000.0,33.85,7200,33.89,2100,0.0,34.45,33.32,131587000,44670000.0,1.4,3.33,31.77,37.8,40.67,27.11,0.64
人民网,sh603000,16.99,17.06,17.0,14407100.0,16.99,3700,17.0,127400,-0.41,17.11,16.77,14407100,243860000.0,1.3,1.99,187.86,187.86,18.77,15.35,0.66
激智科技,sz300566,26.64,28.21,27.31,22046200.0,26.64,27100,26.65,2700,-5.57,27.68,26.18,22046200,593320000.0,9.73,5.32,60.39,69.82,33.85,22.57,0.97
上海医药,sh601607,16.69,16.72,16.73,11517000.0,16.69,14200,16.7,1100,-0.18,16.94,16.65,11517000,193540000.0,0.41,1.73,465.52,618.93,18.39,15.05,0.87
重庆啤酒,sh600132,43.57,44.31,44.36,3924300.0,43.57,23800,43.58,600,-1.67,44.49,43.53,3924300,172170000.0,0.81,2.17,210.87,210.87,48.74,39.88,0.83
宏力达,sh688330,33.35,33.61,33.46,74022600.0,33.35,100,33.36,800,-0.77,33.66,32.95,74022600,24670000.0,0.53,2.11,46.69,46.69,40.33,26.89,0.68
丽珠集团,sz000513,30.75,30.73,30.61,7181000.0,30.75,67600,30.76,11400,0.07,31.13,30.5,7181000,222050000.0,1.26,2.05,174.7,273.03,33.8,27.66,1.03
华绿生物,sz300970,17.47,17.81,17.82,3881700.0,17.47,7600,17.49,5400,-1.91,17.89,17.42,3881700,68260000.0,3.17,2.64,21.4,27.72,21.37,14.25,0.78
明志科技,sh688355,17.63,17.96,17.62,89652100.0,17.59,4200,17.63,900,-1.84,17.93,17.51,89652100,15850000.0,0.72,2.34,21.85,21.85,21.55,14.37,0.57
嘉环科技,sh603206,14.69,14.59,14.6,5742700.0,14.69,11400,14.7,25300,0.69,14.69,14.33,5742700,83580000.0,1.88,2.47,44.83,44.83,16.05,13.13,0.68
上海机场,sh600009,23.5,23.92,23.91,16778100.0,23.5,68300,23.51,28500,-1.76,23.97,23.47,16778100,397130000.0,0.68,2.09,582.85,584.75,26.31,21.53,1.51
康强电子,sz002119,23.83,23.9,23.58,30970200.0,23.82,42900,23.83,137300,-0.29,24.3,23.38,30970200,740120000.0,8.25,3.85,89.43,89.43,26.29,21.51,0.65
路桥信息,bj920748,23.98,24.41,24.25,1231500.0,23.98,4400,24.0,600,-1.76,24.5,23.63,1231500,29565400.0,3.34,3.56,8.83,18.4,31.73,17.09,0.46
西大门,sh605155,14.68,14.48,14.33,4528100.0,14.67,8900,14.68,68500,1.38,15.16,14.3,4528100,67130000.0,2.42,5.94,27.51,27.97,15.93,13.03,0.72
中国稀土,sz000831,55.84,58.36,57.66,52027400.0,55.83,12000,55.84,56500,-4.32,57.77,55.78,52027400,2948680000.0,4.9,3.41,592.59,592.59,64.2,52.52,1.04
长鸿高科,sh605008,11.69,11.81,11.71,1320300.0,11.67,1200,11.69,5600,-1.02,11.78,11.64,1320300,15440000.0,0.2,1.19,75.51,75.51,12.99,10.63,0.47
瑞联新材,sh688550,38.17,39.3,39.25,477436600.0,38.16,1200,38.17,15900,-2.88,39.25,37.95,477436600,183690000.0,2.71,3.31,67.21,67.21,47.16,31.44,1.0
ST瀚川,sh688022,8.28,8.3,8.25,97760500.0,8.28,8900,8.3,25700,-0.24,8.31,8.16,97760500,8070000.0,0.56,1.81,14.56,14.56,9.96,6.64,0.6
旭升集团,sh603305,11.92,11.9,11.9,14404900.0,11.92,38100,11.93,47800,0.17,12.03,11.78,14404900,171680000.0,1.25,2.1,137.76,137.76,13.09,10.71,0.73
皇马科技,sh603181,13.11,13.52,13.52,5553300.0,13.11,16000,13.12,15100,-3.03,13.52,13.1,5553300,73680000.0,0.94,3.11,77.18,77.18,14.87,12.17,0.87
宁波中百,sh600857,17.94,17.77,17.6,4596000.0,17.94,56700,17.95,5400,0.96,18.45,17.6,4596000,83390000.0,2.05,4.78,40.24,40.24,19.55,15.99,0.86
川投能源,sh600674,15.22,15.05,15.1,27705600.0,15.21,3100,15.22,25200,1.13,15.46,15.1,27705600,422970000.0,0.57,2.39,741.92,741.92,16.56,13.55,0.83
冠昊生物,sz300238,11.87,11.92,11.8,5080400.0,11.86,2500,11.87,18700,-0.42,12.1,11.77,5080400,60510000.0,1.92,2.77,31.47,31.47,14.3,9.54,1.0
北方长龙,sz301357,106.28,113.23,111.49,9680800.0,106.25,1400,106.3,100,-6.14,112.14,104.91,9680800,1037450000.0,10.17,6.39,101.18,101.18,135.88,90.58,1.6
中科蓝讯,sh688332,89.18,86.95,86.3,465869400.0,89.16,200,89.18,1600,2.56,90.91,86.0,465869400,413980000.0,2.61,5.65,159.17,159.17,104.34,69.56,0.92
维力医疗,sh603309,11.75,11.82,11.76,5508100.0,11.74,4700,11.75,32200,-0.59,11.95,11.7,5508100,65210000.0,1.89,2.12,34.29,34.29,13.0,10.64,0.74
安井食品,sh603345,84.82,85.89,85.88,4781000.0,84.82,300,84.83,1000,-1.25,87.14,84.72,4781000,410640000.0,1.63,2.82,248.77,282.7,94.48,77.3,0.74
通力科技,sz301255,20.93,20.9,20.99,1388200.0,20.93,8900,20.94,2700,0.14,21.11,20.41,1388200,28900000.0,1.04,3.35,27.98,31.88,25.08,16.72,1.13
锡南科技,sz301170,22.91,23.08,23.1,626000.0,22.91,2000,22.92,300,-0.74,23.11,22.66,626000,14330000.0,1.65,1.95,8.71,22.91,27.7,18.46,0.65
复星医药,sh600196,24.33,24.12,23.92,48734800.0,24.33,49200,24.34,50800,0.87,24.86,23.88,48734800,1194080000.0,2.3,4.06,515.43,649.72,26.53,21.71,1.52
金奥博,sz002917,10.6,10.84,10.75,4535500.0,10.6,2900,10.61,400,-2.21,10.81,10.6,4535500,48440000.0,1.74,1.94,27.62,36.85,11.92,9.76,0.79
交大思诺,sz300851,23.98,23.96,23.84,967300.0,23.98,5000,24.02,300,0.08,24.19,23.6,967300,23140000.0,1.96,2.46,11.83,20.85,28.75,19.17,0.79
沃尔核材,sz002130,17.07,17.23,17.23,19349500.0,17.07,217100,17.08,44700,-0.93,17.3,17.03,19349500,331820000.0,1.69,1.57,195.78,238.96,18.95,15.51,0.51
奥尼电子,sz301189,49.29,49.19,49.23,2864000.0,49.29,9500,49.3,700,0.2,49.74,47.8,2864000,139920000.0,1.81,3.94,77.85,80.66,59.03,39.35,0.63
三一重能,sh688349,14.76,15.11,15.06,743509500.0,14.76,28500,14.77,60200,-2.32,15.14,14.74,743509500,110620000.0,0.47,2.65,231.17,235.18,18.13,12.09,0.9
万控智造,sh603070,11.66,11.8,11.83,2145100.0,11.66,18200,11.69,3100,-1.19,11.95,11.62,2145100,25160000.0,0.53,2.8,46.76,46.76,12.98,10.62,0.88
通达创智,sz001368,22.03,21.95,21.9,797500.0,22.03,600,22.04,3200,0.36,22.2,21.64,797500,17510000.0,0.74,2.55,23.81,24.92,24.15,19.76,0.6
思林杰,sh688115,53.46,56.18,54.82,150869800.0,53.46,1700,53.79,100,-4.84,57.63,53.02,150869800,81680000.0,1.62,8.21,49.9,49.9,67.42,44.94,0.56
洪汇新材,sz002802,11.61,11.74,11.74,1835000.0,11.6,4500,11.61,1500,-1.11,11.74,11.51,1835000,21320000.0,1.23,1.96,17.38,21.04,12.91,10.57,0.75
康希通信,sh688653,13.78,13.92,13.73,1247978400.0,13.77,600,13.78,7900,-1.01,14.0,13.59,1247978400,172310000.0,3.94,2.95,43.6,58.49,16.7,11.14,0.65
潞安环能,sh601699,16.28,16.29,16.5,43422300.0,16.28,41800,16.29,24600,-0.06,16.67,15.97,43422300,707490000.0,1.45,4.3,487.0,487.0,17.92,14.66,0.98
争光股份,sz301092,45.81,45.4,45.49,3319700.0,45.8,200,45.82,2000,0.9,46.5,43.9,3319700,150790000.0,5.44,5.73,27.94,61.63,54.48,36.32,0.7
集智股份,sz300553,45.39,45.55,45.55,3721800.0,45.39,400,45.4,8100,-0.35,45.84,43.74,3721800,167110000.0,4.37,4.61,38.62,50.39,54.66,36.44,0.8
春立医疗,sh688236,15.32,15.41,15.34,195788900.0,15.32,1600,15.35,700,-0.58,15.58,15.16,195788900,30140000.0,0.68,2.73,44.19,58.76,18.49,12.33,0.9
盛天网络,sz300494,8.81,8.9,8.83,9363500.0,8.81,80500,8.82,13600,-1.01,8.96,8.77,9363500,82940000.0,2.35,2.13,35.09,43.21,10.68,7.12,0.43
线上线下,sz300959,97.89,99.32,99.01,2570600.0,97.89,2400,98.0,700,-1.44,99.86,96.0,2570600,251970000.0,4.91,3.89,51.22,78.67,119.18,79.46,0.76
北矿科技,sh600980,19.22,19.73,19.59,3356700.0,19.22,1300,19.25,100,-2.58,19.68,19.21,3356700,65280000.0,1.77,2.38,36.38,37.15,21.7,17.76,0.86
云南白药,sz000538,50.83,51.19,51.01,8499300.0,50.82,900,50.83,800,-0.7,51.43,50.8,8499300,434090000.0,0.48,1.23,901.18,906.94,56.31,46.07,0.82
力合微,sh688589,18.04,18.32,18.17,258163700.0,18.04,27900,18.05,600,-1.53,18.37,17.97,258163700,46910000.0,1.78,2.18,26.22,26.22,21.98,14.66,0.63
中捷精工,sz301072,36.08,35.15,35.03,3303700.0,36.05,4200,36.08,200,2.65,37.27,34.6,3303700,118230000.0,4.92,7.6,24.22,37.9,42.18,28.12,0.96
凯盛科技,sh600552,18.01,17.86,17.58,68008400.0,18.01,61300,18.02,37500,0.84,18.59,17.58,68008400,1234440000.0,7.2,5.66,170.12,170.12,19.65,16.07,0.9
奥海科技,sz002993,38.04,38.07,37.81,5408800.0,38.04,18700,38.05,700,-0.08,38.6,37.18,5408800,205410000.0,2.27,3.73,90.71,105.01,41.88,34.26,0.76
道道全,sz002852,7.91,7.88,7.9,5217300.0,7.91,25300,7.92,2700,0.38,7.97,7.83,5217300,41230000.0,1.83,1.78,22.61,27.21,8.67,7.09,0.98
华骐环保,sz300929,14.02,14.24,14.19,3475200.0,14.01,2000,14.02,21200,-1.54,14.3,13.83,3475200,48900000.0,2.77,3.3,17.58,18.53,17.09,11.39,0.72
全柴动力,sh600218,7.65,7.67,7.64,3757000.0,7.64,198700,7.65,38800,-0.26,7.67,7.57,3757000,28660000.0,0.86,1.3,33.32,33.32,8.44,6.9,0.69
兰生股份,sh600826,8.02,8.17,8.08,3319900.0,8.02,65400,8.03,5500,-1.84,8.24,8.02,3319900,26780000.0,0.46,2.69,58.08,58.08,8.99,7.35,0.7
中谷物流,sh603565,10.39,10.4,10.4,12341600.0,10.39,42700,10.4,31500,-0.1,10.62,10.39,12341600,129680000.0,0.59,2.21,218.2,218.2,11.44,9.36,0.93
张  裕Ａ,sz000869,17.44,17.56,17.51,1584300.0,17.37,200,17.44,5200,-0.68,17.59,17.29,1584300,27610000.0,0.35,1.71,79.37,114.62,19.32,15.8,0.92
千金药业,sh600479,9.9,9.91,9.91,5609400.0,9.89,50800,9.9,34700,-0.1,10.03,9.86,5609400,55820000.0,1.34,1.72,41.43,48.73,10.9,8.92,1.12
中材国际,sh600970,7.84,7.89,7.9,20982200.0,7.82,50400,7.84,28900,-0.63,7.97,7.81,20982200,165580000.0,0.8,2.03,205.55,205.55,8.68,7.1,0.99
中晶科技,sz003026,29.25,29.64,29.28,6619000.0,29.24,400,29.25,29500,-1.32,29.85,28.95,6619000,194600000.0,4.58,3.04,42.28,54.92,32.6,26.68,0.64
陕鼓动力,sh601369,9.22,9.39,9.36,13804100.0,9.22,4100,9.23,36800,-1.81,9.46,9.21,13804100,128510000.0,0.81,2.66,157.31,158.9,10.33,8.45,0.84
凤凰传媒,sh601928,9.12,9.24,9.23,10897200.0,9.12,11900,9.13,36300,-1.3,9.27,9.1,10897200,99880000.0,0.43,1.84,232.09,232.09,10.16,8.32,0.92
摩恩电气,sz002451,7.41,7.51,7.43,9972500.0,7.41,114400,7.42,91200,-1.33,7.5,7.31,9972500,74040000.0,2.27,2.53,32.54,32.65,8.26,6.76,0.74
盛帮股份,sz301233,34.23,36.1,35.37,2335700.0,34.22,300,34.23,0,-5.18,35.37,33.7,2335700,79750000.0,5.93,4.63,13.48,24.57,43.32,28.88,2.6
宣泰医药,sh688247,9.32,9.32,9.24,775001800.0,9.31,1500,9.32,100,0.0,9.6,9.2,775001800,72680000.0,1.71,4.29,42.25,42.25,11.18,7.46,0.82
中毅达,sh600610,7.04,7.19,7.16,10173500.0,7.04,92400,7.05,61500,-2.09,7.17,7.02,10173500,71830000.0,1.44,2.09,49.89,75.42,7.91,6.47,0.7
亚光股份,sh603282,14.94,15.03,15.08,1208600.0,14.94,100,14.95,1100,-0.6,15.08,14.76,1208600,18050000.0,0.9,2.13,19.99,19.99,16.53,13.53,0.99
雷赛智能,sz002979,60.8,58.85,58.5,20449200.0,60.8,35400,60.81,1800,3.31,61.39,57.5,20449200,1227150000.0,9.18,6.61,135.45,192.15,64.74,52.97,1.28
正泰电源,sz002150,22.06,21.11,20.98,17158400.0,22.05,5500,22.06,19200,4.5,22.59,20.87,17158400,375450000.0,4.79,8.15,79.09,79.61,23.22,19.0,2.16
金道科技,sz301279,20.66,20.89,20.5,5597100.0,20.65,4000,20.66,400,-1.1,21.0,19.74,5597100,114220000.0,4.29,6.03,26.96,34.82,25.07,16.71,2.16
浙江震元,sz000705,6.92,6.92,6.88,6930200.0,6.92,14500,6.97,2000,0.0,7.08,6.87,6930200,48380000.0,2.46,3.03,19.51,23.12,7.61,6.23,1.09
华能水电,sh600025,9.78,9.74,9.77,20047800.0,9.78,62700,9.79,45100,0.41,9.9,9.75,20047800,197060000.0,0.11,1.54,1822.12,1822.12,10.71,8.77,0.81
国金证券,sh600109,8.68,8.73,8.74,18236000.0,8.67,34600,8.68,307600,-0.57,8.78,8.66,18236000,158890000.0,0.49,1.37,321.63,321.63,9.6,7.86,0.91
中国移动,sh600941,96.42,96.7,96.52,6891600.0,96.42,101500,96.43,200,-0.29,97.26,96.02,6891600,664530000.0,0.76,1.28,870.45,20910.81,106.37,87.03,0.59
捷顺科技,sz002609,7.82,7.93,7.9,4854800.0,7.81,38800,7.82,9700,-1.39,7.94,7.79,4854800,38110000.0,1.06,1.89,35.88,50.32,8.72,7.14,0.77
大全能源,sh688303,18.76,18.81,18.7,1002482100.0,18.75,28400,18.76,2700,-0.27,18.95,18.43,1002482100,187630000.0,0.47,2.76,400.05,400.05,22.57,15.05,0.61
安迪苏,sh600299,8.47,8.58,8.58,44970800.0,8.46,299800,8.47,126400,-1.28,8.78,8.46,44970800,386130000.0,1.46,3.73,260.86,260.86,9.44,7.72,0.91
三鑫医疗,sz300453,9.38,9.71,9.69,18940900.0,9.38,1700,9.39,15200,-3.4,9.73,9.33,18940900,180200000.0,5.26,4.12,33.75,48.97,11.65,7.77,1.43
济川药业,sh600566,25.65,25.89,25.85,4881600.0,25.64,20000,25.65,69900,-0.93,26.14,25.62,4881600,126260000.0,0.53,2.01,235.64,236.44,28.48,23.3,0.61
炼石航空,sz000697,8.87,9.01,8.9,7371800.0,8.87,111800,8.88,7300,-1.55,8.98,8.7,7371800,65130000.0,1.13,3.11,57.93,123.83,9.91,8.11,0.96
大宏立,sz300865,24.05,24.44,24.31,1979900.0,24.05,3600,24.06,1500,-1.6,24.6,23.8,1979900,47750000.0,3.44,3.27,13.82,23.01,29.33,19.55,1.21
皖通科技,sz002331,7.06,7.12,7.16,4589100.0,7.05,37700,7.06,4400,-0.84,7.16,6.99,4589100,32410000.0,1.14,2.39,28.39,30.25,7.83,6.41,0.64
英威腾,sz002334,6.82,6.71,6.73,19339500.0,6.81,19400,6.82,139100,1.64,7.03,6.72,19339500,132150000.0,2.63,4.62,50.13,55.93,7.38,6.04,1.89
华懋科技,sh603306,70.8,78.0,74.0,21812700.0,70.8,7700,70.81,22600,-9.23,76.0,70.5,21812700,1579370000.0,6.62,7.05,233.28,233.28,85.8,70.2,1.16
深天马Ａ,sz000050,6.67,6.75,6.72,20544700.0,6.66,173900,6.67,34400,-1.19,6.76,6.64,20544700,137650000.0,0.84,1.78,162.46,162.47,7.43,6.08,0.63
光大证券,sh601788,14.61,14.69,14.67,13918000.0,14.6,39700,14.61,129400,-0.54,14.73,14.58,13918000,203820000.0,0.36,1.02,570.77,673.64,16.16,13.22,0.71
赛腾股份,sh603283,43.86,44.43,44.1,14827400.0,43.85,8500,43.86,14900,-1.28,44.98,43.3,14827400,654690000.0,4.21,3.78,154.62,154.62,48.87,39.99,0.67
奥浦迈,sh688293,63.71,66.85,65.0,785923600.0,63.71,7300,63.8,3700,-4.7,67.3,63.02,785923600,511900000.0,6.71,6.4,74.65,90.59,80.22,53.48,1.25
中国核电,sh601985,8.88,8.85,8.85,82167300.0,8.87,518200,8.88,1031900,0.34,8.89,8.82,82167300,728580000.0,0.44,0.79,1676.84,1826.44,9.74,7.97,0.68
世纪华通,sz002602,14.21,14.31,14.4,104214900.0,14.2,74000,14.21,229300,-0.7,14.84,14.15,104214900,1506090000.0,1.53,4.82,965.83,1047.37,15.74,12.88,0.97
博隆技术,sh603325,54.3,55.26,55.02,317900.0,54.26,1800,54.3,600,-1.74,55.33,54.24,317900,17380000.0,0.93,1.97,18.56,43.44,60.79,49.73,0.78
环球印务,sz002799,6.77,6.76,6.77,5962700.0,6.77,4800,6.78,10700,0.15,6.86,6.64,5962700,40200000.0,1.86,3.25,21.67,21.67,7.44,6.08,1.13
青达环保,sh688501,13.44,13.45,13.25,207654400.0,13.44,300,13.45,15400,-0.07,13.54,13.06,207654400,27660000.0,1.19,3.57,23.37,23.37,16.14,10.76,0.72
深南电A,sz000037,10.13,10.3,10.14,23421200.0,10.12,47100,10.13,46400,-1.65,10.25,10.05,23421200,237430000.0,6.91,1.94,34.33,61.06,11.33,9.27,0.59
浙江建投,sz002761,7.26,7.28,7.28,8255900.0,7.26,25600,7.27,148400,-0.27,7.31,7.1,8255900,59760000.0,0.76,2.88,78.54,96.19,8.01,6.55,0.7
开普云,sh688228,74.89,74.06,74.65,165732600.0,74.82,700,74.89,400,1.12,76.06,73.3,165732600,123760000.0,2.45,3.73,50.59,50.59,88.87,59.25,0.57
上海电气,sh601727,6.8,6.85,6.86,45543300.0,6.79,2383600,6.8,181800,-0.73,6.87,6.79,45543300,310440000.0,0.36,1.17,857.86,1056.73,7.54,6.17,0.58
时代万恒,sh600241,7.33,7.26,7.29,4629900.0,7.32,20200,7.33,31700,0.96,7.35,7.19,4629900,33650000.0,1.57,2.2,21.57,21.57,7.99,6.53,0.79
通化东宝,sh600867,8.45,8.38,8.37,49321900.0,8.45,85000,8.46,37800,0.84,8.82,8.36,49321900,422340000.0,2.52,5.49,165.5,165.5,9.22,7.54,1.65
新恒汇,sz301678,45.98,45.77,45.81,3308500.0,45.97,700,45.98,4100,0.46,47.23,45.52,3308500,153270000.0,2.38,3.74,63.9,110.15,54.92,36.62,0.96
鼎捷数智,sz300378,35.86,36.52,36.9,8790700.0,35.86,5000,35.88,1900,-1.81,36.9,35.66,8790700,317300000.0,3.26,3.4,96.65,97.38,43.82,29.22,0.48
豪迈科技,sz002595,51.09,53.22,53.14,6808500.0,51.09,100,51.1,7000,-4.0,53.99,50.36,6808500,353180000.0,0.59,6.82,588.55,592.64,58.54,47.9,1.86
北京科锐,sz002350,15.01,16.68,16.64,34557100.0,0.0,0,15.01,772000,-10.01,16.64,15.01,34557100,528000000.0,6.51,9.77,79.64,81.4,18.35,15.01,1.8
天富龙,sh603406,27.05,27.31,27.5,2452200.0,27.05,13700,27.06,1100,-0.95,27.5,26.77,2452200,66360000.0,4.18,2.67,15.88,108.2,30.04,24.58,2.06
华立股份,sh603038,15.82,15.06,15.06,21605700.0,15.82,18200,15.83,49600,5.05,16.45,14.5,21605700,335470000.0,8.04,12.95,42.5,42.5,16.57,13.55,4.32
百合花,sh603823,75.22,68.38,68.86,26026200.0,75.22,1287500,0.0,0,10.0,75.22,67.91,26026200,1878330000.0,6.25,10.69,313.19,313.19,75.22,61.54,1.17
诚志股份,sz000990,6.76,6.92,6.92,61110100.0,6.76,295400,6.77,206800,-2.31,7.11,6.76,61110100,422030000.0,3.59,5.06,115.01,115.01,7.61,6.23,1.12
华西股份,sz000936,5.24,5.28,5.27,7903600.0,5.24,74600,5.25,58400,-0.76,5.28,5.19,7903600,41430000.0,0.89,1.7,46.42,46.43,5.81,4.75,0.68
陆家嘴,sh600663,9.61,9.39,9.35,24468500.0,9.6,43900,9.61,75000,2.34,9.65,9.34,24468500,233670000.0,0.62,3.3,378.1,483.88,10.33,8.45,0.74
贝斯特,sz300580,21.96,20.93,20.77,19553200.0,21.96,53100,21.97,13600,4.92,22.24,20.6,19553200,422010000.0,4.14,7.84,103.78,110.31,25.12,16.74,1.47
广信材料,sz300537,20.02,20.22,19.95,7053300.0,20.02,6400,20.03,5500,-0.99,20.29,19.81,7053300,141450000.0,4.65,2.37,30.38,41.48,24.26,16.18,0.56
黄山谷捷,sz301581,36.75,36.98,36.51,464100.0,36.71,200,36.75,2300,-0.62,36.91,36.15,464100,16970000.0,1.1,2.06,15.54,29.4,44.38,29.58,0.74
福莱特,sh601865,11.12,11.18,11.07,29944700.0,11.12,8800,11.13,25100,-0.54,11.21,10.94,29944700,331250000.0,1.58,2.42,211.39,260.53,12.3,10.06,0.69
果麦文化,sz301052,25.0,24.98,24.95,3636900.0,24.99,1000,25.0,13700,0.08,25.23,24.38,3636900,90480000.0,4.53,3.4,20.06,24.74,29.98,19.98,0.68
高斯贝尔,sz002848,13.26,12.96,12.95,7285200.0,13.26,8400,13.27,10000,2.31,13.37,12.7,7285200,95240000.0,4.4,5.17,21.93,22.16,14.26,11.66,1.12
鲍斯股份,sz300441,6.89,6.95,6.99,5096400.0,6.89,55900,6.9,25400,-0.86,6.99,6.89,5096400,35360000.0,0.81,1.44,43.13,44.4,8.34,5.56,0.89
真兰仪表,sz301303,15.0,14.19,14.1,10687300.0,14.99,4600,15.0,4400,5.71,15.14,14.09,10687300,157720000.0,10.46,7.4,15.33,61.32,17.03,11.35,1.58
军信股份,sz301109,13.86,13.79,13.73,4781700.0,13.84,3300,13.86,21600,0.51,14.04,13.73,4781700,66570000.0,0.77,2.25,86.53,109.37,16.55,11.03,0.88
和泰机电,sz001225,46.65,45.49,45.38,2548000.0,46.65,5400,46.66,1100,2.55,48.29,44.5,2548000,118140000.0,12.11,8.33,9.81,30.59,50.04,40.94,1.15
设研院,sz300732,6.2,6.19,6.13,5843100.0,6.19,8700,6.2,40000,0.16,6.23,6.11,5843100,36090000.0,1.58,1.94,22.95,22.97,7.43,4.95,0.97
宁波联合,sh600051,6.22,6.26,6.22,3990400.0,6.22,59200,6.23,4300,-0.64,6.28,6.17,3990400,24840000.0,1.28,1.76,19.34,19.34,6.89,5.63,0.76
大亚圣象,sz000910,5.33,5.41,5.41,3347400.0,5.33,13000,5.34,13900,-1.48,5.41,5.3,3347400,17880000.0,0.61,2.03,29.16,29.18,5.95,4.87,0.72
优宁维,sz301166,28.82,29.13,28.85,1730500.0,28.82,5100,28.85,3700,-1.06,29.25,28.53,1730500,49950000.0,3.07,2.47,16.26,24.83,34.96,23.3,0.96
亿嘉和,sh603666,25.79,26.07,26.0,3140000.0,25.78,2400,25.8,400,-1.07,26.06,25.43,3140000,80780000.0,1.53,2.42,53.01,53.01,28.68,23.46,0.59
首药控股-U,sh688197,36.87,36.22,35.82,286053500.0,36.87,2700,36.9,200,1.79,38.08,35.82,286053500,105970000.0,4.47,6.24,23.6,54.83,43.46,28.98,1.05
长电科技,sh600584,77.67,78.52,77.1,130786800.0,77.67,140700,77.68,181400,-1.08,80.64,76.6,130786800,10283780000.0,7.31,5.15,1389.84,1389.84,86.37,70.67,0.71
中远海特,sh600428,11.43,11.65,11.48,52055200.0,11.42,50900,11.43,206700,-1.89,11.82,11.4,52055200,603130000.0,2.42,3.61,245.36,313.63,12.82,10.49,0.76
安孚科技,sh603031,40.4,40.35,40.0,8321200.0,40.4,6000,40.41,4800,0.12,40.95,39.5,8321200,335670000.0,2.65,3.59,127.01,151.03,44.39,36.32,0.66
歌华有线,sh600037,7.03,7.02,7.01,12701800.0,7.02,73600,7.03,19100,0.14,7.09,6.96,12701800,89380000.0,0.91,1.85,97.84,97.84,7.72,6.32,0.76
影石创新,sh688775,137.6,133.4,132.0,586789100.0,137.52,1900,137.6,800,3.15,139.8,129.61,586789100,791400000.0,2.26,7.64,356.88,551.78,160.08,106.72,1.1
东兴证券,sh601198,13.8,13.82,13.82,14653800.0,13.79,95100,13.8,115500,-0.14,13.98,13.75,14653800,203260000.0,0.45,1.66,446.08,446.08,15.2,12.44,0.75
锡业股份,sz000960,38.4,40.5,40.19,76502100.0,38.39,6800,38.4,148500,-5.19,40.4,38.21,76502100,3000310000.0,4.65,5.41,631.85,631.85,44.55,36.45,1.04
津膜科技,sz300334,8.56,8.65,8.5,6718900.0,8.55,11800,8.56,10600,-1.04,8.64,8.39,6718900,57180000.0,2.22,2.89,25.85,25.86,10.38,6.92,0.83
润邦股份,sz002483,5.23,5.25,5.26,9344100.0,5.23,4200,5.24,70100,-0.38,5.31,5.2,9344100,49030000.0,1.06,2.1,46.3,46.36,5.78,4.73,0.73
罗普特,sh688619,14.74,14.52,14.63,334969600.0,14.74,15700,14.75,3000,1.52,14.9,14.13,334969600,48720000.0,1.81,5.3,27.33,27.33,17.42,11.62,0.88
青岛啤酒,sh600600,53.35,53.86,53.8,4697500.0,53.35,5500,53.37,300,-0.95,53.84,53.31,4697500,251340000.0,0.66,0.98,378.32,727.8,59.25,48.47,0.69
财达证券,sh600906,6.57,6.62,6.6,19504200.0,6.56,283300,6.57,88000,-0.76,6.66,6.55,19504200,128700000.0,0.92,1.66,139.56,213.2,7.28,5.96,0.75
博硕科技,sz300951,68.2,66.79,66.04,6294500.0,68.18,400,68.2,3600,2.11,69.88,63.33,6294500,420140000.0,4.16,9.81,103.25,115.53,80.15,53.43,0.75
福斯达,sh603173,31.7,32.1,32.09,560200.0,31.7,1300,31.74,1200,-1.25,32.12,31.68,560200,17870000.0,0.35,1.37,50.72,50.72,35.31,28.89,0.55
盛德鑫泰,sz300881,33.15,33.96,33.85,1050000.0,33.15,2000,33.16,1500,-2.39,33.86,33.03,1050000,34990000.0,1.83,2.44,19.03,36.47,40.75,27.17,0.68
哈投股份,sh600864,5.43,5.42,5.42,20835300.0,5.43,57400,5.44,408300,0.18,5.47,5.39,20835300,113200000.0,1.0,1.48,112.97,112.97,5.96,4.88,0.97
国投丰乐,sz000713,5.82,5.87,5.85,4209700.0,5.81,72300,5.82,6600,-0.85,5.9,5.82,4209700,24620000.0,0.69,1.36,35.74,46.46,6.46,5.28,0.54
禾望电气,sh603063,33.67,32.3,32.1,36819200.0,33.66,32700,33.67,127500,4.24,34.6,31.93,36819200,1232600000.0,7.97,8.27,155.63,156.28,35.53,29.07,1.29
四方新材,sh605122,11.4,11.33,11.29,2009300.0,11.36,200,11.4,12300,0.62,11.43,11.16,2009300,22700000.0,1.17,2.38,19.65,19.65,12.46,10.2,0.84
湖南白银,sz002716,9.59,9.4,9.67,479557800.0,9.59,1582300,9.6,310700,2.02,10.34,9.58,479557800,4802020000.0,20.65,8.09,222.73,270.73,10.34,8.46,2.23
新朋股份,sz002328,7.22,7.26,7.2,21462700.0,7.21,48100,7.22,320300,-0.55,7.26,7.17,21462700,154600000.0,3.76,1.24,41.2,55.72,7.99,6.53,0.55
亚宝药业,sh600351,6.91,6.96,6.91,30897000.0,6.91,5500,6.92,80100,-0.72,7.06,6.87,30897000,215460000.0,4.46,2.73,47.82,47.82,7.66,6.26,0.87
远信工业,sz301053,39.67,39.0,38.89,3716000.0,39.66,100,39.67,100,1.72,40.12,38.4,3716000,146300000.0,3.03,4.41,48.59,52.32,46.8,31.2,0.77
东来技术,sh688129,21.4,21.56,21.33,80977900.0,21.36,0,21.42,2100,-0.74,21.77,20.96,80977900,17310000.0,0.67,3.76,25.78,25.78,25.87,17.25,1.06
物产环能,sh603071,12.1,12.06,12.07,2640500.0,12.1,5100,12.11,5200,0.33,12.19,11.96,2640500,31880000.0,0.47,1.91,67.51,67.51,13.27,10.85,0.89
四川美丰,sz000731,5.79,5.89,5.86,5563200.0,5.79,48100,5.8,4200,-1.7,5.89,5.77,5563200,32380000.0,1.01,2.04,31.78,31.78,6.48,5.3,0.89
利尔化学,sz002258,14.23,14.48,14.36,16477600.0,14.22,24700,14.23,5800,-1.73,14.4,14.18,16477600,235250000.0,2.06,1.52,113.72,113.9,15.93,13.03,0.53
东土科技,sz300353,19.58,20.28,20.03,16926700.0,19.58,218700,19.59,12400,-3.45,20.2,19.53,16926700,335090000.0,3.13,3.3,105.74,120.4,24.34,16.22,0.82
山西焦煤,sz000983,6.87,6.77,6.84,77498000.0,6.87,65100,6.88,400300,1.48,6.89,6.62,77498000,524990000.0,1.37,3.99,390.01,390.02,7.45,6.09,1.12
晨光生物,sz300138,11.39,11.7,11.71,6386900.0,11.39,21300,11.41,800,-2.65,11.77,11.37,6386900,73460000.0,1.6,3.42,45.37,55.03,14.04,9.36,0.8
佳电股份,sz000922,11.97,11.98,11.9,13945500.0,11.97,9100,11.98,30600,-0.08,12.24,11.82,13945500,168170000.0,1.98,3.51,84.38,99.83,13.18,10.78,1.01
有友食品,sh603697,10.02,10.12,10.01,6364800.0,10.02,4600,10.03,17500,-0.99,10.2,9.96,6364800,64230000.0,1.49,2.37,42.85,42.85,11.13,9.11,1.23
中航机载,sh600372,11.3,11.54,11.4,25137100.0,11.3,578600,11.31,105700,-2.08,11.44,11.3,25137100,285340000.0,0.52,1.21,546.8,546.8,12.69,10.39,0.87
赛科希德,sh688338,29.24,30.46,30.79,278901300.0,29.15,10000,29.24,19200,-4.01,30.79,28.99,278901300,83080000.0,2.63,5.91,31.04,31.04,36.55,24.37,2.0
ST金鸿顺,sh603922,10.94,11.0,11.0,1011000.0,10.91,1000,10.96,5600,-0.55,11.14,10.81,1011000,11070000.0,0.56,3.0,19.6,19.6,12.1,9.9,0.9
森特股份,sh603098,10.14,10.27,10.35,3213000.0,10.14,13100,10.15,26500,-1.27,10.35,10.06,3213000,32660000.0,0.6,2.82,54.63,54.71,11.3,9.24,0.82
海特高新,sz002023,10.32,10.51,10.39,21223700.0,10.32,20700,10.33,106200,-1.81,10.41,10.26,21223700,219090000.0,2.86,1.43,76.46,76.46,11.56,9.46,0.86
中创物流,sh603967,11.6,11.66,11.6,1923400.0,11.6,34200,11.61,12000,-0.51,11.7,11.52,1923400,22370000.0,0.55,1.54,40.21,40.21,12.83,10.49,0.68
新相微,sh688593,33.57,32.31,31.73,2626687000.0,33.57,30500,33.59,2200,3.9,35.2,31.28,2626687000,870950000.0,5.72,12.13,154.26,154.26,38.77,25.85,1.08
华润江中,sh600750,24.64,24.86,24.86,5090300.0,24.64,23800,24.65,3600,-0.88,25.38,24.61,5090300,127090000.0,0.81,3.1,154.94,156.61,27.35,22.37,1.05
华建集团,sh600629,16.33,16.27,16.02,43578200.0,16.33,3500,16.34,700,0.37,17.1,16.01,43578200,724420000.0,3.79,6.7,187.76,187.76,17.9,14.64,1.1
友车科技,sh688479,33.36,33.34,33.5,253182400.0,33.36,3900,33.4,1500,0.06,34.4,32.61,253182400,85120000.0,2.93,5.37,28.86,67.16,40.01,26.67,0.73
皖维高新,sh600063,6.08,6.05,6.1,59213600.0,6.08,671700,6.09,108800,0.5,6.22,5.99,59213600,362690000.0,2.86,3.8,125.8,125.8,6.66,5.45,1.06
鸿远电子,sh603267,52.83,51.92,51.3,14629200.0,52.83,21100,52.84,6700,1.75,54.31,51.25,14629200,777760000.0,6.33,5.89,122.08,122.08,57.11,46.73,1.23
国发股份,sh600538,5.13,5.39,5.34,21519300.0,5.13,125000,5.15,2000,-4.82,5.39,5.1,21519300,112260000.0,4.11,5.38,26.89,26.89,5.93,4.85,1.38
光弘科技,sz300735,20.58,20.71,20.55,8884500.0,20.56,800,20.58,2800,-0.63,20.93,20.48,8884500,183530000.0,1.17,2.17,155.88,166.52,24.85,16.57,0.51
万丰股份,sh603172,17.6,17.53,17.5,1845000.0,17.6,8900,17.61,3500,0.4,17.84,17.19,1845000,32340000.0,1.38,3.71,23.47,23.47,19.28,15.78,1.19
容知日新,sh688768,44.65,45.28,44.99,36445100.0,44.65,200,44.79,1100,-1.39,45.52,44.39,36445100,16320000.0,0.42,2.5,38.96,39.29,54.34,36.22,0.53
奥瑞金,sz002701,4.86,4.9,4.9,19790400.0,4.86,27700,4.87,356300,-0.82,4.94,4.85,19790400,96700000.0,0.77,1.84,124.29,124.4,5.39,4.41,0.73
青岛双星,sz000599,5.0,5.02,5.06,8259300.0,4.99,51000,5.0,63300,-0.4,5.06,4.97,8259300,41390000.0,1.01,1.79,40.84,122.16,5.52,4.52,0.61
方正科技,sh600601,12.74,13.22,12.96,284938700.0,12.73,335800,12.74,58700,-3.63,13.3,12.6,284938700,3683530000.0,6.83,5.3,531.3,544.47,14.54,11.9,0.84
祥龙电业,sh600769,15.03,15.23,14.99,7754600.0,15.02,6800,15.03,5800,-1.31,15.28,14.72,7754600,116440000.0,2.07,3.68,56.36,56.36,16.75,13.71,0.64
江山股份,sh600389,19.94,20.72,20.71,11953500.0,19.94,18400,19.95,6300,-3.76,20.71,19.92,11953500,241560000.0,2.78,3.81,85.87,85.87,22.79,18.65,0.96
佳发教育,sz300559,11.13,11.42,11.35,8392100.0,11.13,1900,11.14,1800,-2.54,11.4,11.07,8392100,93910000.0,2.7,2.89,34.63,44.47,13.7,9.14,0.71
深纺织Ａ,sz000045,9.98,10.03,9.99,3738200.0,9.97,11200,9.98,46200,-0.5,10.05,9.89,3738200,37300000.0,0.82,1.6,45.61,50.55,11.03,9.03,0.55
太极股份,sz002368,14.42,14.57,14.5,6079600.0,14.42,48400,14.43,3500,-1.03,14.61,14.29,6079600,87900000.0,0.98,2.2,89.44,89.87,16.03,13.11,0.62
安道麦A,sz000553,5.41,5.48,5.47,6184300.0,5.41,26000,5.42,19500,-1.28,5.48,5.38,6184300,33540000.0,0.28,1.82,117.78,126.04,6.03,4.93,0.77
亚玛顿,sz002623,16.9,16.87,16.98,5193700.0,16.9,26300,16.91,1600,0.18,17.2,16.48,5193700,87390000.0,2.7,4.27,32.56,32.63,18.56,15.18,0.87
国网英大,sh600517,4.98,5.06,5.05,18364600.0,4.98,91600,4.99,360300,-1.58,5.06,4.97,18364600,91990000.0,0.32,1.78,284.78,284.78,5.57,4.55,0.81
传化智联,sz002010,4.82,4.84,4.81,18426700.0,4.81,137400,4.82,82200,-0.41,4.89,4.78,18426700,89060000.0,0.67,2.27,132.9,133.23,5.32,4.36,0.93
胜蓝股份,sz300843,123.95,121.31,124.35,10377100.0,123.95,1100,123.96,600,2.18,127.86,118.51,10377100,1286440000.0,6.47,7.71,198.94,202.92,145.57,97.05,1.19
麦捷科技,sz300319,17.79,16.53,16.29,192710300.0,17.79,46900,17.8,378800,7.62,18.57,16.21,192710300,3390120000.0,22.64,14.28,151.44,157.9,19.84,13.22,1.68
日丰股份,sz002953,9.88,9.93,9.93,6748400.0,9.88,13600,9.89,54500,-0.5,10.1,9.81,6748400,66890000.0,2.49,2.92,26.81,48.57,10.92,8.94,0.69
开滦股份,sh600997,5.53,5.47,5.52,13848500.0,5.52,113100,5.53,11600,1.1,5.56,5.37,13848500,75720000.0,0.87,3.47,87.81,87.81,6.02,4.92,0.9
雪天盐业,sh600929,5.33,5.36,5.39,18792200.0,5.33,182000,5.34,214700,-0.56,5.48,5.28,18792200,100950000.0,1.15,3.73,87.42,87.42,5.9,4.82,0.89
今飞凯达,sz002863,4.54,4.55,4.55,8754400.0,4.53,70100,4.54,68000,-0.22,4.57,4.48,8754400,39660000.0,1.46,1.98,27.22,27.22,5.01,4.1,0.55
中新赛克,sz002912,20.28,20.62,20.62,4601100.0,20.28,13900,20.29,6100,-1.65,20.62,20.14,4601100,93630000.0,2.84,2.33,32.9,34.63,22.68,18.56,0.44
华昌化工,sz002274,5.67,5.76,5.76,17458100.0,5.67,30600,5.68,69400,-1.56,5.78,5.66,17458100,99670000.0,1.86,2.08,53.18,54.0,6.34,5.18,0.82
天能重工,sz300569,4.91,4.99,4.98,10124000.0,4.91,79700,4.92,90200,-1.6,4.98,4.88,10124000,49850000.0,0.99,2.0,50.06,50.22,5.99,3.99,0.69
国恩股份,sz002768,58.86,59.26,59.0,8009500.0,58.86,16600,58.87,600,-0.67,59.55,57.92,8009500,471620000.0,3.18,2.75,148.48,256.98,65.19,53.33,0.56
国电南瑞,sh600406,23.99,24.14,24.12,38841300.0,23.99,185800,24.0,96100,-0.62,24.13,23.89,38841300,931160000.0,0.49,0.99,1921.16,1926.82,26.55,21.73,0.61
通化金马,sz000766,16.79,17.31,17.21,20271700.0,16.78,6300,16.79,10200,-3.0,17.33,16.76,20271700,343670000.0,2.1,3.29,162.19,162.27,19.04,15.58,1.09
柏楚电子,sh688188,103.01,105.24,105.35,208650100.0,103.01,200,103.18,200,-2.12,105.98,103.01,208650100,217310000.0,0.51,2.82,417.76,417.76,126.29,84.19,0.79
巨星农牧,sh603477,15.27,15.47,15.35,13618100.0,15.26,28900,15.27,12800,-1.29,15.55,15.24,13618100,209490000.0,2.67,2.0,77.89,79.86,17.02,13.92,0.73
康华生物,sz300841,48.71,49.05,48.85,2558600.0,48.71,2400,48.72,3100,-0.69,50.38,48.7,2558600,126530000.0,2.15,3.43,57.93,63.3,58.86,39.24,0.99
中国银行,sh601988,5.88,5.82,5.83,198215200.0,5.87,1995800,5.88,8500300,1.03,5.88,5.82,198215200,1161820000.0,0.09,1.03,12393.01,18946.09,6.4,5.24,0.64
老凤祥,sh600612,35.18,36.22,36.33,3531300.0,35.17,12000,35.18,1800,-2.87,36.9,35.13,3531300,127340000.0,1.11,4.89,111.56,184.03,39.84,32.6,1.17
晨光股份,sh603899,22.55,22.83,22.82,2738500.0,22.55,23000,22.56,100,-1.23,23.06,22.5,2738500,62270000.0,0.3,2.45,206.51,206.51,25.11,20.55,0.8
昂利康,sz002940,26.67,26.6,26.26,11975500.0,26.67,10500,26.68,41200,0.26,27.1,26.1,11975500,320660000.0,6.46,3.76,49.41,53.8,29.26,23.94,0.91
中电环保,sz300172,4.61,4.61,4.61,22916900.0,4.6,105500,4.61,34400,0.0,4.72,4.57,22916900,105930000.0,4.38,3.25,24.13,31.2,5.53,3.69,1.35
湘财股份,sh600095,8.13,8.18,8.15,20216600.0,8.13,93700,8.14,121100,-0.61,8.21,8.1,20216600,164780000.0,0.71,1.34,232.45,232.45,9.0,7.36,0.59
经纬股份,sz301390,30.41,30.95,31.0,1126700.0,30.41,7300,30.53,800,-1.74,31.03,30.18,1126700,34350000.0,2.3,2.75,14.92,18.25,37.14,24.76,1.18
依顿电子,sh603328,11.04,11.42,11.0,54079200.0,11.04,60300,11.05,66300,-3.33,11.64,11.0,54079200,606680000.0,5.42,5.6,110.23,110.23,12.56,10.28,1.83
圣农发展,sz002299,17.0,17.14,17.05,13159600.0,17.0,8800,17.01,83000,-0.82,17.37,16.97,13159600,226110000.0,1.08,2.33,207.16,211.27,18.85,15.43,1.5
朗迪集团,sh603726,23.8,24.07,23.93,3157400.0,23.8,13300,23.81,900,-1.12,24.2,23.77,3157400,75610000.0,1.71,1.79,43.94,44.16,26.48,21.66,0.59
扬杰科技,sz300373,96.2,94.11,93.5,15645400.0,96.19,6800,96.2,29700,2.22,99.2,92.77,15645400,1509710000.0,2.89,6.83,521.54,522.7,112.93,75.29,0.82
海天瑞声,sh688787,108.72,109.42,109.1,135562100.0,108.72,700,108.74,2700,-0.64,110.78,107.2,135562100,147810000.0,2.25,3.27,65.59,65.59,131.3,87.54,0.45
贝肯能源,sz002828,12.89,12.87,13.51,50363600.0,12.89,11700,12.9,8100,0.16,14.0,12.78,50363600,662240000.0,25.06,9.48,25.91,25.91,14.16,11.58,1.91
中鼎股份,sz000887,19.58,19.27,19.27,33613200.0,19.57,13400,19.58,102900,1.61,19.95,19.1,33613200,656550000.0,2.56,4.41,257.35,257.77,21.2,17.34,0.91
市北高新,sh600604,4.55,4.48,4.45,25202700.0,4.54,78400,4.55,224100,1.56,4.76,4.42,25202700,116450000.0,1.79,7.59,64.04,85.24,4.93,4.03,1.95
科远智慧,sz002380,29.26,29.32,29.49,4209800.0,29.25,5200,29.26,5700,-0.2,29.73,28.83,4209800,123480000.0,2.96,3.07,41.61,70.22,32.25,26.39,0.73
精达股份,sh600577,8.2,8.26,8.23,30315900.0,8.19,169900,8.2,62600,-0.73,8.3,8.16,30315900,249600000.0,1.36,1.69,183.01,183.01,9.09,7.43,0.49
莱宝高科,sz002106,10.35,10.48,10.4,16434100.0,10.34,63900,10.35,36400,-1.24,10.53,10.31,16434100,171130000.0,2.33,2.1,72.96,73.05,11.53,9.43,0.68
海天味业,sh603288,36.17,36.78,36.77,16736200.0,36.17,26000,36.18,4300,-1.66,36.92,36.13,16736200,610350000.0,0.3,2.15,2010.99,2116.32,40.46,33.1,0.9
万年青,sz000789,4.12,4.16,4.16,2729900.0,4.12,27100,4.13,2400,-0.96,4.17,4.1,2729900,11280000.0,0.34,1.68,32.85,32.85,4.58,3.74,0.69
菲达环保,sh600526,4.47,4.52,4.5,7427400.0,4.46,68200,4.47,3100,-1.11,4.51,4.45,7427400,33250000.0,0.85,1.33,39.02,39.73,4.97,4.07,0.91
爱建集团,sh600643,4.0,3.99,3.98,11456000.0,3.99,90900,4.0,330700,0.25,4.02,3.94,11456000,45640000.0,0.72,2.01,63.61,63.73,4.39,3.59,0.72
伟星新材,sz002372,8.59,8.65,8.6,15959600.0,8.58,3300,8.59,69200,-0.69,8.67,8.49,15959600,137020000.0,1.09,2.08,126.28,136.76,9.52,7.79,0.97
嘉华股份,sh603182,12.77,12.83,12.83,1593100.0,12.77,7100,12.78,900,-0.47,12.9,12.69,1593100,20380000.0,0.97,1.64,21.01,21.01,14.11,11.55,0.83
华利集团,sz300979,36.1,34.11,34.18,6387300.0,36.09,1600,36.1,3300,5.83,36.23,34.08,6387300,226630000.0,0.55,6.3,421.28,421.29,40.93,27.29,1.83
豫园股份,sh600655,4.65,4.66,4.65,8886100.0,4.64,196600,4.65,39400,-0.21,4.7,4.63,8886100,41400000.0,0.23,1.5,180.88,180.94,5.13,4.19,0.69
晶华微,sh688130,24.74,25.76,26.15,751227700.0,24.74,6800,24.75,1200,-3.96,26.78,24.64,751227700,189550000.0,12.46,8.31,14.91,29.91,30.91,20.61,2.0
聚光科技,sz300203,12.57,12.72,12.75,4507800.0,12.57,26600,12.58,31900,-1.18,12.79,12.57,4507800,57070000.0,1.01,1.73,56.36,56.41,15.26,10.18,0.64
三联虹普,sz300384,12.33,12.45,12.45,1818900.0,12.33,7400,12.34,100,-0.96,12.48,12.3,1818900,22510000.0,0.83,1.45,27.14,39.33,14.94,9.96,0.65
伟隆股份,sz002871,16.45,16.55,16.48,2227900.0,16.44,3000,16.45,900,-0.6,16.63,16.14,2227900,36490000.0,1.49,2.96,24.55,41.43,18.21,14.9,0.58
国电南自,sh600268,11.09,11.25,11.27,13613700.0,11.08,194600,11.09,44300,-1.42,11.28,11.07,13613700,151700000.0,1.34,1.87,112.62,112.63,12.38,10.13,0.65
亚香股份,sz301220,27.94,28.31,28.3,867200.0,27.93,6600,27.94,1500,-1.31,28.3,27.7,867200,24270000.0,1.11,2.12,21.8,31.57,33.97,22.65,0.67
久祺股份,sz300994,11.42,11.47,11.38,1934500.0,11.4,4400,11.42,2200,-0.44,11.55,11.33,1934500,22120000.0,1.66,1.92,13.32,26.62,13.76,9.18,0.8
贵广网络,sh600996,7.06,6.98,6.97,17340100.0,7.05,28400,7.06,30800,1.15,7.11,6.91,17340100,121760000.0,1.39,2.87,88.02,88.02,7.68,6.28,0.8
安联锐视,sz301042,33.4,32.73,32.48,7848100.0,33.39,3000,33.4,12700,2.05,33.85,31.64,7848100,256910000.0,8.51,6.75,30.81,32.32,39.28,26.18,0.84
诺 普 信,sz002215,9.09,9.21,9.26,10365700.0,9.09,7600,9.1,17400,-1.3,9.27,9.07,10365700,94750000.0,1.28,2.17,73.45,91.29,10.13,8.29,0.81
欧派家居,sh603833,32.28,32.45,32.45,4256200.0,32.27,1500,32.28,3500,-0.52,32.5,31.99,4256200,137290000.0,0.7,1.57,196.63,196.63,35.7,29.21,0.57
山西高速,sz000755,4.67,4.73,4.7,3541500.0,4.66,91600,4.67,15300,-1.27,4.76,4.66,3541500,16690000.0,0.24,2.11,68.52,68.52,5.2,4.26,0.78
江苏银行,sh600919,11.75,11.81,11.78,66988700.0,11.74,148300,11.75,28000,-0.51,11.9,11.73,66988700,790690000.0,0.37,1.44,2156.28,2156.28,12.99,10.63,0.67
东利机械,sz301298,12.69,12.8,12.73,1486900.0,12.68,1000,12.69,400,-0.86,12.84,12.51,1486900,18820000.0,1.37,2.58,13.73,18.63,15.36,10.24,0.84
武汉控股,sh600168,4.34,4.34,4.33,5221700.0,4.33,31400,4.34,400,0.0,4.4,4.32,5221700,22700000.0,0.53,1.84,43.11,43.11,4.77,3.91,0.83
瑞丰高材,sz300243,14.64,14.81,14.7,11768400.0,14.63,21100,14.64,68200,-1.15,14.89,14.55,11768400,172920000.0,5.26,2.3,32.74,40.93,17.77,11.85,0.71
山煤国际,sh600546,13.11,13.3,13.4,23845700.0,13.11,25100,13.12,10300,-1.43,13.45,13.04,23845700,314560000.0,1.2,3.08,259.9,259.9,14.63,11.97,0.7
中国联通,sh600050,4.32,4.33,4.33,90380500.0,4.31,2886900,4.32,183600,-0.23,4.34,4.3,90380500,390360000.0,0.29,0.92,1338.79,1350.62,4.76,3.9,0.53
兰剑智能,sh688557,19.94,20.13,20.2,109052200.0,19.91,200,19.94,4600,-0.94,20.2,19.72,109052200,21710000.0,0.74,2.38,29.58,29.58,24.16,16.1,0.78
外服控股,sh600662,4.5,4.5,4.5,10312800.0,4.49,194000,4.5,73600,0.0,4.54,4.46,10312800,46480000.0,0.45,1.78,102.45,102.75,4.95,4.05,0.7
甘化科工,sz000576,7.28,7.42,7.35,8290800.0,7.27,33500,7.28,111100,-1.89,7.35,7.18,8290800,60130000.0,1.91,2.29,31.58,31.77,8.16,6.68,0.94
中国动力,sh600482,32.61,31.99,31.51,36669900.0,32.6,9200,32.61,10400,1.94,33.58,31.0,36669900,1200010000.0,1.62,8.07,739.68,739.68,35.19,28.79,1.34
纳微科技,sh688690,43.13,43.31,43.25,1339947000.0,43.13,1900,43.15,1500,-0.42,44.46,42.4,1339947000,582350000.0,3.32,4.76,174.17,174.17,51.97,34.65,0.87
海正药业,sh600267,13.85,14.24,14.07,108962400.0,13.84,77800,13.85,43700,-2.74,14.28,13.78,108962400,1525520000.0,9.23,3.51,163.47,163.47,15.66,12.82,1.4
祥明智能,sz301226,29.7,29.82,29.52,1388800.0,29.7,700,29.71,1300,-0.4,30.05,29.04,1388800,41020000.0,1.28,3.39,32.31,32.31,35.78,23.86,0.77
康泰生物,sz300601,12.77,12.75,12.68,17699900.0,12.77,2600,12.78,13800,0.16,13.04,12.66,17699900,227770000.0,1.97,2.98,114.98,142.63,15.3,10.2,1.13
长芯博创,sz300548,173.91,171.15,168.44,14890500.0,173.91,900,173.92,300,1.61,178.0,167.01,14890500,2588820000.0,5.06,6.42,511.66,512.7,205.38,136.92,0.67
永安药业,sz002365,13.45,13.68,13.52,27348800.0,13.45,101900,13.46,100,-1.68,13.88,13.44,27348800,372580000.0,11.15,3.22,32.99,39.63,15.05,12.31,0.79
映翰通,sh688080,36.44,36.75,36.39,92294300.0,36.41,900,36.44,1600,-0.84,36.7,36.0,92294300,33570000.0,1.25,1.9,26.84,26.84,44.1,29.4,0.67
康隆达,sh603665,22.43,22.93,22.79,1656700.0,22.42,100,22.43,1600,-2.18,23.12,22.28,1656700,37310000.0,1.03,3.66,35.93,35.93,25.22,20.64,1.03
柳钢股份,sh601003,3.83,3.83,3.82,25366200.0,3.82,72000,3.83,482400,0.0,3.85,3.76,25366200,96500000.0,0.99,2.35,98.15,100.89,4.21,3.45,0.54
比音勒芬,sz002832,26.25,25.91,26.07,17689000.0,26.25,21700,26.26,3000,1.31,27.19,25.72,17689000,470190000.0,4.54,5.67,102.22,149.81,28.5,23.32,0.95
海信家电,sz000921,27.25,26.8,26.83,11235500.0,27.24,800,27.25,600,1.68,27.89,26.66,11235500,307390000.0,1.22,4.59,251.73,377.37,29.48,24.12,1.27
中直股份,sh600038,26.76,26.99,26.86,5428700.0,26.76,31100,26.77,1700,-0.85,27.1,26.56,5428700,145420000.0,0.81,2.0,179.01,219.4,29.69,24.29,0.86
春兰股份,sh600854,4.51,4.54,4.54,4391300.0,4.51,700,4.52,60900,-0.66,4.54,4.46,4391300,19760000.0,0.85,1.76,23.43,23.43,4.99,4.09,0.78
冀东装备,sz000856,7.99,8.04,8.05,3328000.0,7.99,500,8.0,1000,-0.62,8.08,7.92,3328000,26640000.0,1.47,1.99,18.14,18.14,8.84,7.24,0.77
威海广泰,sz002111,9.57,9.67,9.64,6173200.0,9.55,3000,9.57,9000,-1.03,9.68,9.5,6173200,59170000.0,1.26,1.86,46.77,50.91,10.64,8.7,0.86
浙农股份,sz002758,7.86,7.96,7.99,4840200.0,7.86,88000,7.87,12000,-1.26,8.0,7.84,4840200,38220000.0,0.93,2.01,40.73,40.78,8.76,7.16,0.78
亚威股份,sz002559,9.81,9.78,9.78,35492600.0,9.81,87800,9.82,153800,0.31,10.08,9.72,35492600,350630000.0,7.04,3.68,49.44,62.97,10.76,8.8,1.19
恒润股份,sh603985,16.84,17.05,17.05,7243100.0,16.83,30400,16.84,7300,-1.23,17.18,16.65,7243100,122520000.0,1.64,3.11,74.24,74.24,18.76,15.35,0.56
通业科技,sz300960,16.17,16.29,16.35,1293600.0,16.17,1600,16.18,1000,-0.74,16.35,16.02,1293600,20970000.0,0.98,2.03,21.28,23.47,19.55,13.03,0.79
新华医疗,sh600587,12.68,12.84,12.85,6823500.0,12.68,32000,12.69,8700,-1.25,13.0,12.67,6823500,87410000.0,1.12,2.57,76.92,76.92,14.12,11.56,1.06
苏文电能,sz300982,15.84,15.87,15.87,4918700.0,15.84,16000,15.86,1600,-0.19,16.18,15.56,4918700,77940000.0,2.54,3.91,30.71,32.78,19.04,12.7,1.38
东江环保,sz002672,3.66,3.68,3.68,8636200.0,3.65,5700,3.66,229600,-0.54,3.72,3.63,8636200,31690000.0,0.95,2.45,33.13,40.45,4.05,3.31,0.73
沪光股份,sh605333,17.19,17.31,17.44,1976600.0,17.19,10000,17.22,30700,-0.69,17.44,17.04,1976600,33910000.0,0.43,2.31,79.77,79.77,19.04,15.58,0.72
老板电器,sz002508,15.91,15.77,15.72,12828400.0,15.9,28500,15.91,12400,0.89,16.06,15.6,12828400,204550000.0,1.37,2.92,148.53,150.34,17.35,14.19,1.2
华邦健康,sz002004,4.5,4.47,4.48,24333700.0,4.5,103200,4.51,358900,0.67,4.53,4.44,24333700,109370000.0,1.29,2.01,84.75,89.1,4.92,4.02,1.15
韶能股份,sz000601,6.67,6.7,6.65,37756200.0,6.66,489600,6.67,322300,-0.45,6.73,6.6,37756200,251990000.0,3.6,1.94,70.01,70.97,7.37,6.03,0.74
伊利股份,sh600887,26.1,26.26,26.26,46357600.0,26.09,94800,26.1,4700,-0.61,26.46,26.06,46357600,1214560000.0,0.74,1.52,1642.72,1650.92,28.89,23.63,0.88
征和工业,sz003033,65.0,63.53,62.87,1065000.0,64.9,200,65.0,2000,2.31,65.03,62.2,1065000,68130000.0,1.32,4.45,52.48,53.14,69.88,57.18,0.63
君正集团,sh601216,4.56,4.59,4.59,51098200.0,4.56,1091200,4.57,497800,-0.65,4.63,4.55,51098200,234100000.0,0.61,1.74,384.77,384.77,5.05,4.13,0.96
华荣股份,sh603855,16.3,16.5,16.56,1612000.0,16.29,10100,16.3,8400,-1.21,16.56,16.26,1612000,26430000.0,0.48,1.82,54.69,55.01,18.15,14.85,0.85
泰和新材,sz002254,12.56,12.6,12.49,18005100.0,12.56,23400,12.57,69900,-0.32,12.79,12.45,18005100,227330000.0,2.12,2.7,106.83,106.95,13.86,11.34,0.77
亚辉龙,sh688575,9.45,9.55,9.5,748715400.0,9.45,5100,9.46,28500,-1.05,9.58,9.37,748715400,70820000.0,1.31,2.2,54.0,54.0,11.46,7.64,0.91
康缘药业,sh600557,12.67,12.74,12.8,8209400.0,12.67,9800,12.68,24500,-0.55,12.94,12.66,8209400,105190000.0,1.45,2.2,71.73,71.73,14.01,11.47,0.84
晶赛科技,bj920981,29.58,29.92,29.7,2094400.0,29.55,700,29.58,36000,-1.14,30.39,29.05,2094400,62229100.0,5.45,4.48,11.38,22.62,38.89,20.95,0.62
浙海德曼,sh688577,43.52,42.29,42.24,218223400.0,43.52,2400,43.6,3600,2.91,44.36,41.87,218223400,95070000.0,1.4,5.89,67.8,67.8,50.75,33.83,1.66
西上海,sh605151,18.49,18.53,18.45,1162400.0,18.49,2100,18.54,300,-0.22,18.66,18.18,1162400,21460000.0,0.86,2.59,24.88,24.88,20.38,16.68,0.84
隆平高科,sz000998,8.24,8.38,8.37,13238800.0,8.23,69600,8.24,6400,-1.67,8.39,8.22,13238800,109710000.0,1.01,2.03,108.31,121.08,9.22,7.54,0.61
世纪天鸿,sz300654,11.0,11.43,11.28,22998700.0,11.0,19500,11.01,44800,-3.76,11.32,10.91,22998700,254370000.0,6.52,3.59,38.79,40.27,13.72,9.14,0.53
云天励飞-U,sh688343,60.0,59.99,59.41,681952000.0,60.0,18300,60.01,700,0.02,60.83,58.41,681952000,407550000.0,1.9,4.03,215.76,215.76,71.99,47.99,0.61
启迪设计,sz300500,9.34,9.41,9.41,3385500.0,9.33,12200,9.36,6700,-0.74,9.44,9.21,3385500,31630000.0,2.02,2.44,15.65,16.25,11.29,7.53,1.09
健友股份,sh603707,8.22,8.16,8.14,12848400.0,8.21,113400,8.22,16900,0.74,8.32,8.11,12848400,105990000.0,0.8,2.57,132.81,132.81,8.98,7.34,1.16
东南网架,sz002135,6.22,6.39,6.39,10170200.0,6.21,34200,6.22,268500,-2.66,6.39,6.19,10170200,63630000.0,0.97,3.13,64.93,69.39,7.03,5.75,1.05
亚华电子,sz301337,25.91,25.21,25.07,1814800.0,25.91,1300,25.99,100,2.78,26.3,24.77,1814800,46520000.0,1.78,6.07,26.41,27.0,30.25,20.17,0.97
新 希 望,sz000876,7.01,7.15,7.11,34305600.0,7.0,649500,7.01,63300,-1.96,7.15,7.0,34305600,242460000.0,0.76,2.1,315.45,315.64,7.87,6.44,0.98
丽臣实业,sz001218,25.59,26.16,26.15,2719500.0,25.59,1900,25.61,300,-2.18,26.15,25.1,2719500,69440000.0,2.27,4.01,30.64,34.36,28.78,23.54,1.08
辰安科技,sz300523,19.83,20.0,19.81,1789500.0,19.82,2000,19.83,100,-0.85,20.13,19.78,1789500,35650000.0,0.77,1.75,46.13,46.13,24.0,16.0,0.75
东湖高新,sh600133,8.56,8.44,8.45,17525700.0,8.56,67200,8.57,155700,1.42,8.6,8.35,17525700,149170000.0,1.64,2.96,91.27,91.27,9.28,7.6,0.91
天津港,sh600717,4.2,4.26,4.26,16491800.0,4.2,533400,4.21,149700,-1.41,4.27,4.2,16491800,69720000.0,0.57,1.64,121.55,121.55,4.69,3.83,0.81
民和股份,sz002234,7.85,7.89,7.79,19712400.0,7.85,169000,7.86,14900,-0.51,8.26,7.73,19712400,157200000.0,6.54,6.72,23.66,27.39,8.68,7.1,2.87
金隅冀东,sz000401,3.6,3.64,3.64,6733500.0,3.59,349400,3.6,559900,-1.1,3.64,3.59,6733500,24300000.0,0.26,1.37,94.73,95.62,4.0,3.28,0.73
易普力,sz002096,9.56,9.63,9.63,5789700.0,9.56,3600,9.57,26500,-0.73,9.69,9.52,5789700,55520000.0,0.47,1.77,118.59,118.59,10.59,8.67,0.65
联环药业,sh600513,17.4,17.67,17.6,23190400.0,17.39,13900,17.4,39300,-1.53,18.25,17.35,23190400,409360000.0,8.12,5.09,49.67,49.67,19.44,15.9,0.78
迎驾贡酒,sh603198,40.25,40.18,39.06,10658200.0,40.25,5800,40.26,6400,0.17,41.35,39.01,10658200,430220000.0,1.33,5.82,322.0,322.0,44.2,36.16,1.39
信达证券,sh601059,16.71,16.68,16.67,5048700.0,16.7,1000,16.71,14200,0.18,16.8,16.59,5048700,84450000.0,0.16,1.26,541.91,541.91,18.35,15.01,0.91
重庆水务,sh601158,4.16,4.2,4.2,5080300.0,4.15,250700,4.16,22300,-0.95,4.2,4.15,5080300,21170000.0,0.11,1.19,199.68,199.68,4.62,3.78,0.61
迦南智能,sz300880,19.74,20.27,20.1,2872600.0,19.73,23700,19.74,1600,-2.61,20.2,19.7,2872600,56980000.0,1.47,2.47,38.52,38.52,24.32,16.22,0.74
豪森智能,sh688529,16.2,15.85,15.8,204812600.0,16.18,13200,16.2,500,2.21,16.33,15.52,204812600,32690000.0,1.22,5.11,27.24,27.24,19.02,12.68,0.85
智洋创新,sh688191,21.66,21.65,21.23,652838400.0,21.65,3800,21.66,36600,0.05,21.79,20.92,652838400,139680000.0,1.99,4.02,71.05,71.05,25.98,17.32,0.63
九强生物,sz300406,11.83,11.83,11.8,4298600.0,11.82,3100,11.83,7800,0.0,11.92,11.71,4298600,50910000.0,1.01,1.78,50.19,69.34,14.2,9.46,0.87
宁波能源,sh600982,5.14,5.2,5.18,24395800.0,5.13,616800,5.14,309600,-1.15,5.21,5.1,24395800,125800000.0,2.18,2.12,57.45,57.45,5.72,4.68,0.85
潍柴动力,sz000338,31.14,32.08,32.0,88486300.0,31.13,4700,31.14,14900,-2.93,32.08,30.99,88486300,2781150000.0,1.79,3.4,1543.42,2690.56,35.29,28.87,0.95
涪陵榨菜,sz002507,11.58,11.6,11.61,10708400.0,11.57,8200,11.58,2300,-0.17,11.7,11.52,10708400,124190000.0,0.93,1.55,133.26,133.62,12.76,10.44,0.71
时创能源,sh688429,10.92,11.16,11.21,338842400.0,10.91,21600,10.92,2700,-2.15,11.21,10.64,338842400,36970000.0,0.85,5.11,43.68,43.68,13.39,8.93,1.21
万兴科技,sz300624,55.96,55.74,55.9,9148400.0,55.96,9600,55.97,1500,0.39,56.84,54.55,9148400,512020000.0,5.34,4.11,95.82,108.19,66.89,44.59,0.62
松芝股份,sz002454,5.05,5.08,5.08,7900100.0,5.04,115800,5.05,5200,-0.59,5.09,4.99,7900100,39860000.0,0.9,1.97,44.31,44.39,5.59,4.57,0.74
中原证券,sh601375,4.12,4.14,4.14,23128200.0,4.11,277500,4.12,376700,-0.48,4.16,4.11,23128200,95570000.0,0.67,1.21,142.04,191.29,4.55,3.73,0.67
养元饮品,sh603156,49.83,50.88,50.0,16085800.0,49.83,6600,49.84,17000,-2.06,52.31,49.5,16085800,813660000.0,1.28,5.52,628.0,628.0,55.97,45.79,1.07
华翔股份,sh603112,15.45,15.6,15.55,3434900.0,15.45,1900,15.46,3400,-0.96,15.67,15.29,3434900,53150000.0,0.64,2.44,82.6,83.42,17.16,14.04,0.64
精工钢构,sh600496,3.31,3.35,3.35,21358100.0,3.31,528000,3.32,628300,-1.19,3.43,3.31,21358100,71510000.0,1.07,3.58,65.87,65.87,3.69,3.02,0.87
奥比中光-W,sh688322,114.38,109.42,108.0,1735225500.0,114.3,20800,114.38,95200,4.53,117.42,107.84,1735225500,1963820000.0,5.42,8.76,366.32,472.2,131.3,87.54,1.27
天味食品,sh603317,14.51,14.64,14.6,11022300.0,14.5,101100,14.51,66500,-0.89,14.88,14.51,11022300,161750000.0,1.04,2.53,154.11,154.11,16.1,13.18,0.74
维信诺,sz002387,7.06,7.12,7.1,9666200.0,7.05,168700,7.06,126400,-0.84,7.14,7.01,9666200,68370000.0,0.69,1.83,98.49,98.61,7.83,6.41,0.7
华胜天成,sh600410,15.65,15.69,15.56,54585000.0,15.65,23200,15.66,94500,-0.25,15.95,15.37,54585000,857030000.0,4.98,3.7,171.6,171.6,17.26,14.12,0.49
上海建科,sh603153,13.28,13.43,13.45,1375100.0,13.28,200,13.29,2900,-1.12,13.49,13.25,1375100,18310000.0,0.34,1.79,53.62,54.43,14.77,12.09,0.87
海利尔,sh603639,10.62,10.74,10.75,2094400.0,10.62,3300,10.63,100,-1.12,10.8,10.58,2094400,22310000.0,0.62,2.05,36.1,37.13,11.81,9.67,1.05
北化股份,sz002246,22.47,20.43,20.43,28574300.0,22.47,3350300,0.0,0,9.99,22.47,20.27,28574300,622490000.0,5.2,10.77,123.37,123.37,22.47,18.39,1.93
龙建股份,sh600853,3.24,3.26,3.26,6486300.0,3.24,125000,3.25,369400,-0.61,3.28,3.23,6486300,21060000.0,0.64,1.53,32.84,32.84,3.59,2.93,0.65
纽威股份,sh603699,51.38,53.34,52.81,5775000.0,51.38,700,51.39,1700,-3.67,53.7,51.3,5775000,301430000.0,0.76,4.5,389.53,398.34,58.67,48.01,0.71
泸天化,sz000912,3.71,3.79,3.79,19160200.0,3.71,117700,3.72,270000,-2.11,3.81,3.71,19160200,71700000.0,1.22,2.64,58.17,58.17,4.17,3.41,0.97
雪峰科技,sh603227,7.72,7.85,7.81,6042400.0,7.72,50200,7.73,3000,-1.66,7.82,7.7,6042400,46810000.0,0.56,1.53,82.73,82.73,8.64,7.07,0.67
红塔证券,sh601236,7.0,7.05,7.05,8957800.0,7.0,104000,7.01,92900,-0.71,7.07,6.98,8957800,62920000.0,0.19,1.28,328.53,328.53,7.76,6.35,0.72
金牌家居,sh603180,15.15,15.11,15.11,1175300.0,15.14,500,15.15,1300,0.26,15.32,14.88,1175300,17770000.0,0.76,2.91,23.37,23.37,16.62,13.6,1.13
基蛋生物,sh603387,9.2,9.32,9.28,10922400.0,9.2,28600,9.21,15300,-1.29,9.41,9.18,10922400,101560000.0,2.15,2.47,46.66,46.66,10.25,8.39,0.91
川网传媒,sz300987,13.64,13.74,13.74,2763600.0,13.62,300,13.64,2100,-0.73,13.79,13.47,2763600,37590000.0,1.59,2.33,23.65,23.65,16.49,10.99,0.64
苏州龙杰,sh603332,11.26,11.37,11.27,2378700.0,11.26,18400,11.27,3400,-0.97,11.38,11.21,2378700,26840000.0,1.1,1.5,24.36,24.36,12.51,10.23,0.61
三态股份,sz301558,6.62,6.68,6.67,4604800.0,6.62,40300,6.63,1800,-0.9,6.68,6.56,4604800,30510000.0,2.1,1.8,14.53,52.22,8.02,5.34,0.69
成都路桥,sz002628,5.08,4.97,4.97,25231800.0,5.07,123800,5.08,431500,2.21,5.13,4.89,25231800,127330000.0,3.35,4.83,38.29,38.46,5.47,4.47,1.08
三峡能源,sh600905,3.78,3.78,3.78,60002300.0,3.78,2978100,3.79,5929100,0.0,3.8,3.77,60002300,227060000.0,0.21,0.79,1080.61,1080.61,4.16,3.4,0.62
先锋新材,sz300163,6.72,6.75,6.75,28385300.0,6.71,2200,6.72,81400,-0.44,6.86,6.61,28385300,190400000.0,6.22,3.7,30.68,31.85,8.1,5.4,0.89
中铁特货,sz001213,3.54,3.57,3.57,6067900.0,3.53,552300,3.54,138600,-0.84,3.57,3.53,6067900,21510000.0,0.14,1.12,157.33,157.33,3.93,3.21,0.79
锌业股份,sz000751,5.14,5.29,5.24,88931300.0,5.13,562000,5.14,51400,-2.84,5.39,5.14,88931300,466500000.0,5.5,4.73,83.04,83.04,5.82,4.76,0.83
西力科技,sh688616,10.74,10.77,10.8,159073600.0,10.74,600,10.76,6600,-0.28,10.93,10.67,159073600,17170000.0,0.89,2.41,19.27,19.27,12.92,8.62,0.83
博闻科技,sh600883,7.65,7.69,7.66,3174000.0,7.63,1600,7.65,700,-0.52,7.79,7.55,3174000,24290000.0,1.34,3.12,18.06,18.06,8.46,6.92,0.57
老白干酒,sh600559,12.01,12.16,12.13,12041100.0,12.01,4800,12.02,73000,-1.23,12.23,11.98,12041100,145370000.0,1.32,2.06,109.86,109.86,13.38,10.94,0.77
格力博,sz301260,14.14,14.15,14.08,2120200.0,14.14,17500,14.18,1000,-0.07,14.3,13.83,2120200,29930000.0,1.03,3.32,29.03,68.35,16.98,11.32,0.8
中集环科,sz301559,13.21,13.35,13.39,2193200.0,13.2,42800,13.21,11300,-1.05,13.56,13.21,2193200,29170000.0,2.44,2.62,11.89,79.26,16.02,10.68,0.58
大北农,sz002385,3.04,3.09,3.09,54938300.0,3.03,3600100,3.04,409400,-1.62,3.1,3.03,54938300,168010000.0,1.54,2.27,108.39,130.12,3.4,2.78,0.77
恒力石化,sh600346,17.92,18.34,18.43,29909000.0,17.92,14700,17.93,10900,-2.29,18.6,17.86,29909000,544650000.0,0.42,4.03,1261.41,1261.41,20.17,16.51,0.82
天通股份,sh600330,23.25,23.48,22.98,117095200.0,23.25,51300,23.26,44600,-0.98,24.08,22.5,117095200,2724510000.0,9.49,6.73,286.77,286.77,25.83,21.13,0.79
爱施德,sz002416,10.29,9.67,9.63,60811700.0,10.29,4000,10.3,74300,6.41,10.57,9.57,60811700,616570000.0,4.97,10.34,125.94,127.52,10.64,8.7,3.48
新炬网络,sh605398,21.02,21.01,21.2,1195300.0,21.01,100,21.02,8800,0.05,21.2,20.62,1195300,25040000.0,0.73,2.76,34.2,34.2,23.11,18.91,0.62
中辰股份,sz300933,6.74,6.89,6.85,13044100.0,6.73,29500,6.74,140500,-2.18,6.86,6.68,13044100,87990000.0,2.38,2.61,36.87,36.87,8.27,5.51,0.49
浙版传媒,sh601921,7.28,7.27,7.28,4137600.0,7.27,8100,7.28,37900,0.14,7.32,7.21,4137600,30070000.0,0.19,1.51,161.78,161.78,8.0,6.54,0.59
*ST冀凯,sz002691,4.32,4.31,4.29,1665200.0,4.31,3300,4.32,300,0.23,4.36,4.26,1665200,7170000.0,0.5,2.32,14.51,14.69,4.74,3.88,0.68
泽宇智能,sz301179,19.89,20.12,19.99,1948700.0,19.89,7800,19.9,35300,-1.14,20.09,19.71,1948700,38830000.0,0.82,1.89,47.23,80.44,24.14,16.1,0.54
瑞纳智能,sz301129,21.22,21.34,21.41,1143900.0,21.22,100,21.26,900,-0.56,21.54,21.07,1143900,24360000.0,1.7,2.2,14.32,28.83,25.61,17.07,0.85
健帆生物,sz300529,16.37,16.41,16.28,13413300.0,16.36,132000,16.37,16600,-0.24,16.86,16.18,13413300,220720000.0,2.62,4.14,83.88,130.73,19.69,13.13,0.97
会通股份,sh688219,10.72,10.78,10.73,373637100.0,10.72,108300,10.73,5600,-0.56,10.82,10.65,373637100,40100000.0,0.68,1.58,58.92,58.92,12.94,8.62,0.79
远大控股,sz000626,7.83,7.95,7.93,8979400.0,7.82,37600,7.83,1400,-1.51,7.97,7.75,8979400,70540000.0,1.78,2.77,39.44,39.67,8.75,7.16,0.91
未来电器,sz301386,20.05,20.35,20.38,890900.0,20.05,200,20.06,1000,-1.47,20.38,19.88,890900,17900000.0,1.98,2.46,9.02,28.07,24.42,16.28,0.85
中孚信息,sz300659,10.6,10.5,10.5,5124500.0,10.59,1600,10.6,15700,0.95,10.66,10.36,5124500,54050000.0,2.71,2.86,20.06,27.6,12.6,8.4,0.64
今天国际,sz300532,7.07,7.23,7.18,10011700.0,7.07,107400,7.08,31300,-2.21,7.18,7.06,10011700,71060000.0,1.66,1.66,42.74,44.94,8.68,5.78,0.84
科前生物,sh688526,12.95,13.23,13.2,195133600.0,12.95,20700,12.96,4400,-2.12,13.2,12.9,195133600,25410000.0,0.42,2.27,60.36,60.36,15.88,10.58,1.3
东方环宇,sh603706,19.29,19.34,19.48,1115900.0,19.28,100,19.29,5500,-0.26,19.64,19.16,1115900,21560000.0,0.59,2.48,36.53,36.53,21.27,17.41,0.79
安博通,sh688168,36.7,36.56,36.22,365838200.0,36.7,9500,36.76,200,0.38,37.56,35.16,365838200,133360000.0,3.39,6.56,39.66,39.66,43.87,29.25,0.74
中化国际,sh600500,5.35,5.31,5.3,197049700.0,5.35,370400,5.36,261700,0.75,5.49,5.21,197049700,1051000000.0,5.49,5.27,191.97,191.97,5.84,4.78,1.5
宏景科技,sz301396,192.36,198.2,200.0,17895100.0,192.34,400,192.36,1600,-2.95,202.0,186.78,17895100,3447250000.0,12.65,7.68,272.2,413.43,237.84,158.56,0.74
当虹科技,sh688039,35.58,36.1,35.9,131545800.0,35.52,1200,35.58,400,-1.44,36.26,35.12,131545800,46790000.0,1.19,3.16,39.35,39.35,43.32,28.88,0.51
中粮资本,sz002423,9.06,9.21,9.19,12106200.0,9.06,108400,9.07,37300,-1.63,9.21,9.04,12106200,110180000.0,0.53,1.85,208.75,208.75,10.13,8.29,0.87
联测科技,sh688113,36.17,36.54,36.21,42294000.0,36.17,3800,36.25,400,-1.01,36.61,35.79,42294000,15290000.0,0.66,2.24,23.29,23.29,43.85,29.23,0.55
大地熊,sh688077,26.34,26.52,25.99,315777200.0,26.34,1100,26.38,10000,-0.68,27.05,25.93,315777200,83630000.0,2.76,4.22,30.15,30.15,31.82,21.22,0.81
锦江航运,sh601083,11.35,11.39,11.4,4614500.0,11.35,32200,11.36,2000,-0.35,11.49,11.29,4614500,52430000.0,2.38,1.76,22.03,146.88,12.53,10.25,0.81
山西焦化,sh600740,3.65,3.6,3.65,40262000.0,3.64,152600,3.65,575100,1.39,3.66,3.58,40262000,146000000.0,1.57,2.22,93.52,93.52,3.96,3.24,1.15
上海机电,sh600835,18.96,18.95,18.9,3884100.0,18.96,37800,18.97,8100,0.05,19.15,18.75,3884100,73720000.0,0.48,2.11,152.91,190.98,20.85,17.06,0.82
牧原股份,sz002714,40.11,40.24,40.26,49898300.0,40.11,80100,40.12,52800,-0.32,40.79,40.0,49898300,2011140000.0,1.52,1.96,1315.81,2315.55,44.26,36.22,0.85
永泰运,sz001228,27.99,28.48,28.48,1398400.0,27.99,18500,28.03,22100,-1.72,28.7,27.83,1398400,39480000.0,1.75,3.05,22.35,29.07,31.33,25.63,1.35
凤竹纺织,sh600493,6.15,6.13,6.15,5273800.0,6.1,10500,6.15,97300,0.33,6.19,6.06,5273800,32280000.0,1.94,2.12,16.73,16.73,6.74,5.52,0.9
青木科技,sz301110,37.55,38.0,37.9,2871900.0,37.55,63300,37.56,9400,-1.18,38.02,37.25,2871900,108210000.0,3.15,2.03,34.22,48.65,45.6,30.4,0.62
山水比德,sz300844,23.75,23.6,24.35,1350100.0,23.74,800,23.75,1200,0.64,24.49,23.08,1350100,31840000.0,1.5,5.97,21.34,22.14,28.32,18.88,1.11
中科软,sh603927,13.84,13.92,13.98,6923700.0,13.84,6800,13.85,13400,-0.57,14.03,13.75,6923700,96120000.0,0.83,2.01,115.02,115.02,15.31,12.53,0.53
可孚医疗,sz301087,50.09,50.83,50.41,1545900.0,50.09,4400,50.1,7400,-1.46,51.26,50.0,1545900,78240000.0,0.8,2.48,97.17,118.16,61.0,40.66,0.69
四会富仕,sz300852,44.03,44.3,43.92,6499700.0,44.03,5000,44.04,2200,-0.61,45.12,43.48,6499700,287780000.0,4.19,3.7,68.23,70.68,53.16,35.44,0.6
睿昂基因,sh688217,24.12,24.6,24.52,124903900.0,23.98,26400,24.12,1100,-1.95,24.69,23.62,124903900,29970000.0,2.24,4.35,13.47,13.47,29.52,19.68,1.0
*ST帅电,sh605336,12.24,12.95,12.76,7128500.0,12.23,29700,12.24,2900,-5.48,13.48,11.9,7128500,90600000.0,3.89,12.2,22.45,22.45,14.25,11.66,3.26
益方生物-U,sh688382,20.96,20.43,20.13,2495868200.0,20.96,24600,20.97,10400,2.59,21.88,19.97,2495868200,524730000.0,4.31,9.35,121.48,121.48,24.52,16.34,1.0
蓝海华腾,sz300484,13.75,13.25,13.24,9895100.0,13.74,1100,13.75,10100,3.77,14.08,13.08,9895100,135170000.0,5.95,7.55,22.87,28.49,15.9,10.6,2.53
威高血净,sh603014,33.74,33.86,34.3,2543700.0,33.73,2500,33.74,2400,-0.35,34.75,33.39,2543700,86260000.0,2.51,4.02,34.24,140.95,37.25,30.47,0.86
长华集团,sh605018,12.8,12.54,12.53,4642700.0,12.79,900,12.8,26000,2.07,12.95,12.37,4642700,58850000.0,0.99,4.63,60.17,60.17,13.79,11.29,0.98
华康股份,sh605077,11.14,11.24,11.41,3589400.0,11.14,5300,11.15,14300,-0.89,11.41,11.1,3589400,40160000.0,1.2,2.76,33.36,33.76,12.36,10.12,0.79
沃森生物,sz300142,13.19,13.13,13.06,83531300.0,13.18,69200,13.19,20000,0.46,13.46,13.01,83531300,1110950000.0,5.29,3.43,208.12,210.95,15.76,10.5,1.11
新天绿能,sh600956,7.29,7.36,7.39,6594700.0,7.29,48100,7.3,15500,-0.95,7.4,7.28,6594700,48360000.0,0.28,1.63,171.18,328.07,8.1,6.62,0.84
大港股份,sz002077,12.61,12.73,12.62,20344900.0,12.61,24200,12.62,76600,-0.94,12.8,12.54,20344900,257970000.0,3.51,2.04,73.18,73.18,14.0,11.46,0.5
华东医药,sz000963,29.81,29.63,29.35,37619900.0,29.81,42100,29.82,15900,0.61,30.45,29.35,37619900,1129670000.0,2.15,3.71,522.57,522.79,32.59,26.67,1.19
洋河股份,sz002304,41.1,41.57,41.29,5912200.0,41.09,1000,41.1,7000,-1.13,41.57,40.8,5912200,243280000.0,0.39,1.85,619.13,619.15,45.73,37.41,0.74
广东建工,sz002060,3.28,3.33,3.32,12395800.0,3.28,664500,3.29,56100,-1.5,3.32,3.28,12395800,40890000.0,0.79,1.2,51.26,123.14,3.66,3.0,0.71
可立克,sz002782,15.41,15.65,15.45,10498500.0,15.4,39500,15.41,30000,-1.53,15.61,15.15,10498500,161580000.0,2.14,2.94,75.5,76.4,17.22,14.09,0.74
华夏航空,sz002928,6.5,6.58,6.49,33233900.0,6.5,98500,6.51,89000,-1.22,6.59,6.4,33233900,216100000.0,2.6,2.89,83.09,83.09,7.24,5.92,1.39
中泰股份,sz300435,17.04,17.32,17.11,7899400.0,17.04,3000,17.05,13500,-1.62,17.29,16.99,7899400,135190000.0,2.14,1.73,62.86,65.73,20.78,13.86,0.59
爱博医疗,sh688050,42.08,41.85,41.8,394432100.0,42.08,2900,42.1,2000,0.55,42.99,41.28,394432100,166300000.0,2.04,4.09,81.4,81.4,50.22,33.48,1.25
康龙化成,sz300759,47.59,47.03,47.44,117850700.0,47.59,2000,47.6,82900,1.19,50.23,46.0,117850700,5670870000.0,8.3,8.99,675.79,874.36,56.44,37.62,1.25
龙腾光电,sh688055,3.85,3.91,3.9,1132540900.0,3.85,247900,3.86,613300,-1.53,3.9,3.82,1132540900,43780000.0,0.34,2.05,128.33,128.33,4.69,3.13,0.57
宝钢股份,sh600019,5.73,5.78,5.79,102677900.0,5.73,326000,5.74,87600,-0.87,5.83,5.72,102677900,591530000.0,0.48,1.9,1227.03,1248.11,6.36,5.2,0.99
宇新股份,sz002986,12.94,12.8,12.98,5945200.0,12.93,1600,12.94,13000,1.09,13.19,12.65,5945200,76960000.0,1.97,4.22,39.06,49.19,14.08,11.52,1.12
石化机械,sz000852,5.33,5.32,5.35,12002600.0,5.32,5100,5.33,116800,0.19,5.4,5.28,12002600,64090000.0,1.26,2.26,50.65,50.94,5.85,4.79,1.14
赛诺医疗,sh688108,18.12,18.66,18.74,1976182900.0,18.12,25100,18.14,9300,-2.89,19.06,18.1,1976182900,368080000.0,4.73,5.14,75.73,75.73,22.39,14.93,1.33
强力新材,sz300429,10.6,10.64,10.5,15559100.0,10.6,35700,10.61,70400,-0.38,10.71,10.38,15559100,164570000.0,3.72,3.1,44.28,58.87,12.77,8.51,0.6
红日药业,sz300026,3.49,3.41,3.38,118451000.0,3.49,343200,3.5,324100,2.35,3.6,3.38,118451000,414960000.0,3.95,6.45,104.75,104.85,4.09,2.73,2.06
法兰泰克,sh603966,8.03,8.13,8.16,4460700.0,8.03,27700,8.04,45800,-1.23,8.16,8.02,4460700,36040000.0,0.86,1.72,41.73,41.79,8.94,7.32,0.74
永鼎股份,sh600105,37.46,37.67,36.99,100802300.0,37.45,347900,37.46,15900,-0.56,38.33,36.73,100802300,3786280000.0,6.89,4.25,547.66,547.66,41.44,33.9,0.5
正邦科技,sz002157,2.95,2.98,2.97,96633400.0,2.95,197300,2.96,1808600,-1.01,3.0,2.94,96633400,286890000.0,1.24,2.01,229.74,272.88,3.28,2.68,0.98
新点软件,sh688232,19.2,19.4,19.27,202341000.0,19.2,3300,19.21,1600,-1.03,19.49,19.03,202341000,39020000.0,0.63,2.37,61.82,61.82,23.28,15.52,0.55
泰禾股份,sz301665,22.82,23.32,23.13,3256500.0,22.82,6200,22.83,4000,-2.14,23.13,22.72,3256500,74440000.0,3.13,1.76,23.77,102.69,27.98,18.66,1.11
秦港股份,sh601326,3.39,3.4,3.41,19915900.0,3.38,536800,3.39,300300,-0.29,3.45,3.38,19915900,67950000.0,0.42,2.06,161.28,189.41,3.74,3.06,0.82
康力源,sz301287,35.4,35.3,35.3,582700.0,35.3,200,35.4,3000,0.28,35.97,34.73,582700,20490000.0,3.42,3.51,6.03,23.6,42.36,28.24,0.8
锦鸡股份,sz300798,7.66,7.78,7.65,27460700.0,7.66,31500,7.67,40400,-1.54,7.88,7.62,27460700,212350000.0,6.77,3.34,31.08,37.78,9.34,6.22,0.62
华润三九,sz000999,25.14,25.27,25.25,11273600.0,25.14,19100,25.15,8800,-0.51,25.49,25.11,11273600,284880000.0,0.68,1.5,418.0,418.38,27.8,22.74,0.8
深圳机场,sz000089,6.54,6.56,6.58,10672000.0,6.53,39400,6.54,38000,-0.3,6.61,6.51,10672000,70030000.0,0.52,1.52,134.12,134.12,7.22,5.9,0.63
向日葵,sz300111,3.1,3.1,3.09,30772500.0,3.09,324700,3.1,652100,0.0,3.13,3.04,30772500,95160000.0,2.39,2.9,39.9,39.9,3.72,2.48,0.81
博迅生物,bj920504,17.96,18.6,17.92,1525500.0,17.96,3700,18.0,1500,-3.44,18.9,17.92,1525500,27672800.000000004,8.93,5.27,3.07,7.78,24.18,13.02,2.02
TCL智家,sz002668,10.13,10.37,10.35,20114000.0,10.13,44600,10.14,60100,-2.31,10.45,10.09,20114000,205300000.0,1.86,3.47,109.82,109.82,11.41,9.33,0.92
龙江交通,sh601188,2.86,2.89,2.9,10480400.0,2.86,487000,2.87,107400,-1.04,2.9,2.86,10480400,30140000.0,0.8,1.38,37.34,37.34,3.18,2.6,0.62
隆华新材,sz301149,7.84,8.03,7.97,5508800.0,7.83,2700,7.84,15900,-2.37,8.05,7.83,5508800,43440000.0,1.62,2.74,26.66,43.83,9.64,6.42,0.73
长联科技,sz301618,33.02,33.36,33.5,813700.0,33.01,800,33.02,17500,-1.02,33.65,32.76,813700,26920000.0,1.69,2.67,15.9,41.7,40.03,26.69,0.6
ST八菱,sz002592,6.27,6.21,6.26,2753300.0,6.27,5900,6.28,41300,0.97,6.32,6.16,2753300,17160000.0,1.05,2.58,16.48,17.81,6.83,5.59,0.8
国盛智科,sh688558,32.34,31.91,32.07,177656400.0,32.33,6200,32.34,0,1.35,32.94,31.9,177656400,57720000.0,1.35,3.26,42.69,42.69,38.29,25.53,1.25
海看股份,sz301262,19.81,20.12,20.13,4668400.0,19.8,3500,19.81,3900,-1.54,20.2,19.73,4668400,92820000.0,3.82,2.34,24.18,82.61,24.14,16.1,0.42
和晶科技,sz300279,5.66,5.73,5.73,9646700.0,5.66,27400,5.67,36100,-1.22,5.73,5.59,9646700,54620000.0,1.98,2.44,27.56,27.68,6.88,4.58,0.62
安洁科技,sz002635,15.39,15.17,15.03,17968300.0,15.39,14200,15.4,23700,1.45,15.6,14.98,17968300,275630000.0,4.54,4.09,60.87,101.53,16.69,13.65,0.89
新铝时代,sz301613,39.31,39.59,39.57,1533700.0,39.3,1000,39.31,200,-0.71,39.75,38.65,1533700,60000000.0,1.83,2.78,32.98,56.54,47.51,31.67,0.7
瑞芯微,sh603893,213.36,205.3,203.5,18167500.0,213.36,6100,213.37,100,3.93,220.58,203.5,18167500,3854640000.0,4.29,8.32,902.7,902.82,225.83,184.77,1.06
成都先导,sh688222,37.58,36.38,36.13,3663083200.0,37.57,2000,37.58,21800,3.3,38.92,35.73,3663083200,1372690000.0,9.14,8.77,150.58,150.58,43.66,29.1,1.42
长虹华意,sz000404,7.93,7.94,7.93,9561700.0,7.92,54400,7.93,37000,-0.13,7.99,7.86,9561700,75770000.0,1.38,1.64,54.93,55.19,8.73,7.15,0.71
江苏索普,sh600746,6.79,6.99,6.93,17823400.0,6.79,15400,6.8,33300,-2.86,7.03,6.76,17823400,121940000.0,1.53,3.86,79.3,79.3,7.69,6.29,0.91
苏州规划,sz301505,16.5,16.53,16.56,1609800.0,16.47,1500,16.5,11000,-0.18,16.61,16.27,1609800,26480000.0,1.77,2.06,15.04,18.88,19.84,13.22,0.75
德新科技,sh603032,19.56,19.39,19.25,7650000.0,19.56,36000,19.57,14100,0.88,19.82,19.15,7650000,149240000.0,3.28,3.46,45.55,45.62,21.33,17.45,0.77
江苏有线,sh600959,3.08,3.1,3.09,20258100.0,3.07,1201100,3.08,205500,-0.65,3.12,3.07,20258100,62560000.0,0.41,1.61,154.02,154.02,3.41,2.79,0.64
安恒信息,sh688023,41.34,39.59,39.7,511381700.0,41.3,500,41.34,5900,4.42,42.11,39.45,511381700,209720000.0,5.0,6.72,42.24,42.24,47.51,31.67,1.39
江天化学,sz300927,22.45,23.03,22.88,4978200.0,22.45,5200,22.47,1900,-2.52,22.98,22.43,4978200,112490000.0,3.53,2.39,31.62,32.41,27.64,18.42,1.23
宏微科技,sh688711,25.78,24.91,24.7,1203690900.0,25.78,56100,25.79,30700,3.49,26.49,24.51,1203690900,308200000.0,5.55,7.95,55.88,55.88,29.89,19.93,1.29
东方雨虹,sz002271,11.71,11.79,11.74,26021400.0,11.71,75100,11.72,68800,-0.68,11.9,11.65,26021400,306490000.0,1.36,2.12,224.19,279.72,12.97,10.61,0.73
龙迅股份,sh688486,44.77,45.1,45.06,307164600.0,44.77,2800,44.82,400,-0.73,45.65,44.31,307164600,138050000.0,1.64,2.97,83.66,83.66,54.12,36.08,0.71
仟源医药,sz300254,8.87,8.83,8.79,11315300.0,8.85,20400,8.87,5100,0.45,9.01,8.7,11315300,100100000.0,4.98,3.51,20.16,22.81,10.6,7.06,1.05
联域股份,sz001326,59.78,58.81,58.97,1106200.0,59.75,400,59.78,37800,1.65,60.22,58.01,1106200,65480000.0,4.61,3.76,14.36,43.76,64.69,52.93,0.68
杭州热电,sh605011,17.6,17.98,17.87,5373800.0,17.6,45600,17.61,7200,-2.11,17.87,17.56,5373800,94990000.0,1.34,1.72,70.42,70.42,19.78,16.18,0.81
华域汽车,sh600741,15.86,15.98,15.97,12395100.0,15.86,121600,15.87,3700,-0.75,16.12,15.86,12395100,197890000.0,0.39,1.63,500.02,500.02,17.58,14.38,0.81
中诚咨询,bj920003,16.95,17.0,17.0,122000.0,16.9,400,16.95,4500,-0.29,17.15,16.83,122000,2067800.0,0.63,1.88,3.3,15.36,22.1,11.9,0.52
贵州燃气,sh600903,6.42,6.45,6.46,14194000.0,6.42,13000,6.43,45900,-0.47,6.47,6.35,14194000,90860000.0,1.22,1.86,74.73,74.73,7.1,5.81,0.66
宁新新材,bj920719,7.88,8.04,7.98,856300.0,7.88,1500,7.9,5000,-1.99,7.98,7.87,856300,6786400.0,1.15,1.37,5.86,7.34,10.45,5.63,0.52
神雾节能,sz000820,4.13,3.86,3.77,87267600.0,4.13,353700,4.14,107200,6.99,4.25,3.7,87267600,351710000.0,29.39,14.25,12.26,26.7,4.25,3.47,1.17
盛景微,sh603375,37.11,37.39,37.3,1396400.0,37.11,200,37.13,200,-0.75,37.73,36.68,1396400,52000000.0,2.19,2.81,23.67,37.36,41.13,33.65,0.54
新光光电,sh688011,84.1,85.39,84.0,230938300.0,84.07,700,84.1,7500,-1.51,86.8,82.5,230938300,195040000.0,2.33,5.04,83.4,83.68,102.47,68.31,0.78
福斯特,sh603806,15.12,15.3,15.21,22466900.0,15.11,123100,15.12,27600,-1.18,15.45,15.1,22466900,343300000.0,0.86,2.29,394.44,394.44,16.83,13.77,0.7
中泰证券,sh600918,5.58,5.6,5.58,19917600.0,5.57,459000,5.58,85700,-0.36,5.63,5.57,19917600,111380000.0,0.44,1.07,254.61,441.84,6.16,5.04,0.69
蓝焰控股,sz000968,7.25,7.23,7.23,34262300.0,7.24,4900,7.25,172600,0.28,7.36,7.12,34262300,247040000.0,3.54,3.32,70.14,70.14,7.95,6.51,1.26
中国电信,sh601728,6.32,6.27,6.26,78458500.0,6.31,231000,6.32,69200,0.8,6.33,6.24,78458500,493620000.0,0.1,1.44,4906.2,5783.25,6.9,5.64,0.49
电工合金,sz300697,14.28,14.84,14.72,10871800.0,14.28,79100,14.29,21300,-3.77,14.81,14.26,10871800,157300000.0,3.28,3.71,47.3,61.78,17.81,11.87,0.74
维科精密,sz301499,25.27,24.71,24.83,2545200.0,25.26,200,25.27,500,2.27,25.48,24.31,2545200,63730000.0,1.84,4.73,34.94,34.94,29.65,19.77,1.33
地素时尚,sh603587,11.73,11.79,11.79,2103100.0,11.73,8400,11.74,2300,-0.51,11.96,11.73,2103100,24890000.0,0.44,1.95,55.45,55.45,12.97,10.61,0.93
天合光能,sh688599,13.39,13.81,13.51,3886233800.0,13.39,38900,13.4,131600,-3.04,13.69,13.35,3886233800,524230000.0,1.66,2.46,313.67,313.67,16.57,11.05,1.14
电投产融,sz000958,5.59,5.48,5.48,33349500.0,5.59,34500,5.6,435200,2.01,5.71,5.44,33349500,185170000.0,0.62,4.93,300.93,1023.89,6.03,4.93,1.48
福日电子,sh600203,10.16,10.31,10.32,16686900.0,10.16,93300,10.17,700,-1.45,10.39,10.13,16686900,170550000.0,2.81,2.52,60.25,60.25,11.34,9.28,0.69
锦和商管,sh603682,11.8,11.58,11.58,22389700.0,11.8,60300,11.81,51800,1.9,12.19,11.4,22389700,265340000.0,4.74,6.82,55.76,55.76,12.74,10.42,0.58
迈拓股份,sz301006,13.61,13.85,13.77,1794400.0,13.61,5000,13.66,3600,-1.73,13.83,13.46,1794400,24440000.0,2.14,2.67,11.41,18.96,16.62,11.08,0.98
大庆华科,sz000985,15.4,15.44,15.5,1349500.0,15.39,1100,15.4,700,-0.26,15.51,15.17,1349500,20710000.0,1.04,2.2,19.96,19.96,16.98,13.9,0.82
安科瑞,sz300286,20.71,20.89,20.82,3053400.0,20.71,12200,20.72,10400,-0.86,20.95,20.56,3053400,63420000.0,1.47,1.87,43.03,51.94,25.07,16.71,0.54
甬矽电子,sh688362,68.1,68.1,67.6,2750505700.0,68.1,48000,68.12,7500,0.0,70.4,65.81,2750505700,1882240000.0,6.07,6.74,308.65,308.65,81.72,54.48,0.77
南微医学,sh688029,70.96,72.85,72.84,308458000.0,70.96,800,70.99,100,-2.59,73.77,70.84,308458000,222160000.0,1.64,4.02,133.3,133.3,87.42,58.28,1.48
恒通股份,sh603223,10.78,10.8,10.72,9375600.0,10.77,20100,10.78,41800,-0.19,10.84,10.57,9375600,100270000.0,1.33,2.5,76.09,76.09,11.88,9.72,0.91
利民股份,sz002734,15.9,16.56,16.5,20324700.0,15.9,5000,15.91,5000,-3.99,16.51,15.75,20324700,326660000.0,4.66,4.59,69.3,75.66,18.22,14.9,0.8
友发集团,sh601686,5.15,5.22,5.22,5812800.0,5.15,100,5.16,38600,-1.34,5.22,5.13,5812800,30010000.0,0.39,1.72,76.19,76.19,5.74,4.7,1.08
菲沃泰,sh688371,28.6,27.88,27.6,1103812700.0,28.55,2000,28.6,54900,2.58,30.05,27.22,1103812700,317470000.0,3.29,10.15,95.95,95.95,33.46,22.3,1.03
立昂技术,sz300603,7.93,7.96,7.97,6451800.0,7.92,153200,7.93,21600,-0.38,8.01,7.83,6451800,51120000.0,1.73,2.26,29.65,36.86,9.55,6.37,0.51
华明装备,sz002270,20.41,20.3,20.2,21279000.0,20.41,40300,20.42,4900,0.54,21.2,20.02,21279000,437820000.0,2.37,5.81,182.92,182.92,22.33,18.27,1.01
朗科科技,sz300042,41.99,42.55,41.5,26102000.0,41.99,68800,42.0,24900,-1.32,42.82,40.7,26102000,1091540000.0,13.03,4.98,84.14,84.15,51.06,34.04,1.06
协和电子,sh605258,26.72,26.96,26.85,1290100.0,26.71,6300,26.72,9000,-0.89,27.05,26.46,1290100,34520000.0,1.47,2.19,23.51,23.51,29.66,24.26,0.59
易瑞生物,sz300942,6.77,6.85,6.79,5672200.0,6.75,23600,6.77,5300,-1.17,6.88,6.7,5672200,38450000.0,1.4,2.63,27.42,27.42,8.22,5.48,0.61
全志科技,sz300458,34.74,33.99,33.58,76066000.0,34.74,37000,34.75,28400,2.21,35.98,33.54,76066000,2644330000.0,9.34,7.18,282.86,345.19,40.79,27.19,1.04
华电新能,sh600930,4.21,4.23,4.23,137300900.0,4.21,1984000,4.22,864100,-0.47,4.25,4.19,137300900,580260000.0,1.28,1.42,452.29,1756.17,4.65,3.81,0.83
智光电气,sz002169,13.04,12.97,12.86,20394400.0,13.03,133200,13.04,128000,0.54,13.28,12.7,20394400,266320000.0,2.69,4.47,98.93,102.06,14.27,11.67,0.81
博济医药,sz300404,11.79,11.23,11.1,53001400.0,11.79,80400,11.8,92800,4.99,12.43,11.01,53001400,620140000.0,18.56,12.64,33.66,45.48,13.48,8.98,1.54
百通能源,sz001376,12.09,12.13,12.28,49426100.0,12.09,6500,12.1,11100,-0.33,12.65,12.08,49426100,611660000.0,23.09,4.7,25.88,55.72,13.34,10.92,2.55
常友科技,sz301557,81.38,82.73,82.2,689500.0,81.38,5300,81.4,300,-1.63,82.75,79.89,689500,55790000.0,2.77,3.46,20.24,50.48,99.28,66.18,0.72
华研精机,sz301138,26.81,27.06,27.11,839300.0,26.81,500,26.86,3200,-0.92,27.35,26.38,839300,22500000.0,1.22,3.58,18.38,32.17,32.47,21.65,0.97
中农联合,sz003042,13.42,13.4,13.44,2765800.0,13.26,800,13.42,3700,0.15,13.47,13.21,2765800,36910000.0,2.24,1.94,16.55,19.12,14.74,12.06,0.77
青农商行,sz002958,2.99,3.01,3.0,46485500.0,2.98,282500,2.99,1341300,-0.66,3.02,2.97,46485500,138960000.0,0.85,1.66,162.64,166.11,3.31,2.71,0.68
恒源煤电,sh600971,8.43,8.43,8.49,17445400.0,8.42,9600,8.43,7900,0.0,8.5,8.16,17445400,145720000.0,1.45,4.03,101.16,101.16,9.27,7.59,0.92
劲旅环境,sz001230,21.35,20.32,20.38,10832500.0,21.31,3100,21.35,70600,5.07,21.7,20.29,10832500,227250000.0,9.85,6.94,23.48,40.09,22.35,18.29,1.89
华西证券,sz002926,8.34,8.34,8.31,9282000.0,8.33,26900,8.34,64100,0.0,8.39,8.3,9282000,77470000.0,0.35,1.08,218.93,218.93,9.17,7.51,0.68
博瑞医药,sh688166,40.23,37.41,37.85,3714222000.0,40.23,20900,40.24,19400,7.54,43.38,37.22,3714222000,1505230000.0,8.52,16.47,175.32,175.32,44.89,29.93,1.65
海特生物,sz300683,30.65,29.17,29.14,15051900.0,30.65,2000,30.66,6400,5.07,31.22,28.52,15051900,450680000.0,12.33,9.26,37.41,40.12,35.0,23.34,1.65
上汽集团,sh600104,10.3,10.48,10.5,51820700.0,10.3,107700,10.31,128800,-1.72,10.52,10.29,51820700,537520000.0,0.45,2.19,1184.01,1184.01,11.53,9.43,0.93
北新建材,sz000786,18.48,18.39,18.33,16116000.0,18.47,15600,18.48,31500,0.49,18.53,18.16,16116000,296770000.0,0.95,2.01,312.22,314.57,20.23,16.55,0.69
华民股份,sz300345,6.81,6.37,6.48,56893300.0,6.8,13200,6.81,26000,6.91,7.05,6.36,56893300,382210000.0,11.84,10.83,32.72,39.59,7.64,5.1,2.01
中兴通讯,sz000063,34.19,34.3,34.13,85271500.0,34.19,152100,34.2,218000,-0.32,34.57,34.03,85271500,2926290000.0,2.12,1.57,1377.04,1635.49,37.73,30.87,0.61
视觉中国,sz000681,18.16,18.36,18.42,21488000.0,18.16,13000,18.17,27700,-1.09,18.47,18.01,21488000,391350000.0,3.18,2.51,122.79,127.22,20.2,16.52,0.53
驱动力,bj920275,6.63,6.82,6.8,598800.0,6.6,3500,6.63,4400,-2.79,6.82,6.59,598800,4014000.0,0.45,3.37,8.75,10.57,8.86,4.78,0.54
新华传媒,sh600825,5.03,5.09,5.11,6157100.0,5.03,35500,5.04,91500,-1.18,5.11,5.01,6157100,31040000.0,0.59,1.96,52.56,52.56,5.6,4.58,0.57
迪普科技,sz300768,16.54,16.79,16.86,11072400.0,16.54,29200,16.55,10100,-1.49,16.96,16.53,11072400,185160000.0,2.63,2.56,69.58,106.49,20.15,13.43,0.65
同力天启,sh605286,28.17,25.61,25.63,9052500.0,28.17,2056500,0.0,0,10.0,28.17,25.01,9052500,241780000.0,5.39,12.34,47.33,47.33,28.17,23.05,3.6
仙坛股份,sz002746,6.5,6.57,6.57,24515100.0,6.49,23500,6.5,30500,-1.07,6.65,6.46,24515100,160580000.0,3.45,2.89,46.13,55.94,7.23,5.91,1.3
三峡新材,sh600293,2.82,2.86,2.84,21277300.0,2.82,55000,2.83,222500,-1.4,2.85,2.79,21277300,60020000.0,1.83,2.1,32.72,32.72,3.15,2.57,0.66
钒钛股份,sz000629,3.13,3.2,3.18,103700300.0,3.13,3007200,3.14,666500,-2.19,3.2,3.13,103700300,327570000.0,1.12,2.19,290.79,290.81,3.52,2.88,0.99
光云科技,sh688365,16.32,16.18,16.06,1423291300.0,16.31,14200,16.32,30200,0.87,16.6,15.89,1423291300,232220000.0,3.34,4.39,69.57,69.57,19.42,12.94,0.78
大唐药业,bj920433,5.28,4.94,4.94,12116400.0,5.27,37000,5.28,8000,6.88,5.74,4.87,12116400,63874700.0,7.16,17.61,8.94,13.51,6.42,3.46,2.92
金迪克,sh688670,15.59,15.82,15.82,127825200.0,15.58,2000,15.59,15400,-1.45,15.96,15.43,127825200,20030000.0,1.04,3.35,19.21,19.21,18.98,12.66,0.84
志邦家居,sh603801,5.93,6.0,6.0,5102100.0,5.93,7100,5.94,7700,-1.17,6.01,5.9,5102100,30320000.0,1.17,1.83,25.76,25.76,6.6,5.4,0.72
思维列控,sh603508,22.06,22.1,22.11,5735400.0,22.06,34500,22.08,500,-0.18,22.28,21.9,5735400,126770000.0,1.5,1.72,84.11,84.11,24.31,19.89,1.05
广深铁路,sh601333,2.95,2.96,2.97,49462800.0,2.94,4078200,2.95,437400,-0.34,2.98,2.94,49462800,146200000.0,0.88,1.35,166.74,208.96,3.26,2.66,0.79
普源精电,sh688337,43.3,43.56,43.53,295877600.0,43.28,16200,43.3,2300,-0.6,43.69,42.4,295877600,127500000.0,1.59,2.96,80.5,94.69,52.27,34.85,0.65
招商南油,sh601975,3.61,3.71,3.7,213942100.0,3.6,993700,3.61,932700,-2.7,3.8,3.59,213942100,788100000.0,4.57,5.66,168.96,168.96,4.08,3.34,1.31
万邦医药,sz301520,70.39,58.66,57.72,21199400.0,70.39,271000,0.0,0,20.0,70.39,57.38,21199400,1404170000.0,64.83,22.18,23.02,65.58,70.39,46.93,1.44
瑜欣电子,sz301107,20.01,19.88,19.84,1353400.0,20.01,1900,20.02,2500,0.65,20.23,19.6,1353400,26970000.0,1.65,3.17,16.45,28.45,23.86,15.9,0.67
国检集团,sh603060,5.51,5.56,5.57,5080500.0,5.5,61200,5.51,144600,-0.9,5.57,5.48,5080500,28000000.0,0.63,1.62,44.3,44.3,6.12,5.0,0.64
汉邦科技,sh688755,27.6,26.98,26.51,238730500.0,27.37,2000,27.6,3700,2.3,27.96,26.51,238730500,65800000.0,2.99,5.37,22.04,31.57,32.38,21.58,1.56
建科智能,sz300823,14.85,14.81,14.78,2113000.0,14.84,4700,14.86,2300,0.27,14.94,14.56,2113000,31230000.0,2.49,2.57,12.59,19.45,17.77,11.85,0.76
浙江东方,sh600120,5.1,5.15,5.15,23558600.0,5.1,11800,5.11,216000,-0.97,5.17,5.09,23558600,120780000.0,0.69,1.55,174.18,174.18,5.67,4.64,0.63
金一文化,sz002721,3.05,2.77,2.83,243697500.0,3.05,19221100,0.0,0,10.11,3.05,2.83,243697500,732230000.0,9.16,7.94,81.11,81.11,3.05,2.49,1.23
佛山照明,sz000541,4.93,4.98,4.99,5994900.0,4.93,12800,4.94,30600,-1.0,5.01,4.92,5994900,29710000.0,0.49,1.81,60.66,75.71,5.48,4.48,0.78
瑞可达,sh688800,55.2,55.09,54.8,1032720900.0,55.18,15700,55.2,1100,0.2,56.26,53.4,1032720900,567060000.0,3.58,5.19,159.19,159.19,66.11,44.07,0.58
恒拓开源,bj920415,9.08,9.21,9.29,1257400.0,9.08,1000,9.09,2200,-1.41,9.29,9.04,1257400,11454800.0,1.16,2.71,9.83,12.76,11.97,6.45,0.41
伯特利,sh603596,27.04,26.87,26.87,11781100.0,27.04,6500,27.05,21200,0.63,27.4,26.7,11781100,319490000.0,1.31,2.61,242.72,242.72,29.56,24.18,0.65
彩讯股份,sz300634,21.17,20.22,20.31,29051200.0,21.16,64400,21.17,15800,4.7,22.24,19.94,29051200,619830000.0,6.69,11.37,91.94,95.52,24.26,16.18,2.25
日照港,sh600017,2.69,2.72,2.72,24155100.0,2.68,1612000,2.69,282800,-1.1,2.73,2.68,24155100,65100000.0,0.79,1.84,82.74,82.74,2.99,2.45,0.79
上海能源,sh600508,8.84,8.74,8.89,10680900.0,8.83,4400,8.84,47600,1.14,8.92,8.72,10680900,94330000.0,1.06,2.29,89.44,89.44,9.61,7.87,1.09
纽威数控,sh688697,14.48,14.72,14.65,1543407900.0,14.46,700,14.48,32500,-1.63,15.32,14.3,1543407900,227310000.0,2.41,6.93,92.71,92.71,17.66,11.78,1.36
华银电力,sh600744,7.48,7.73,7.52,173264900.0,7.48,297700,7.49,509400,-3.23,7.81,7.45,173264900,1313220000.0,8.53,4.66,151.93,151.93,8.5,6.96,0.93
立霸股份,sh603519,15.71,16.32,16.09,12847800.0,15.7,21500,15.71,36000,-3.74,16.49,15.68,12847800,206340000.0,4.82,4.96,41.84,41.84,17.95,14.69,1.06
节能风电,sh601016,3.68,3.58,3.56,265406700.0,3.67,1195500,3.68,2503800,2.79,3.71,3.52,265406700,969630000.0,4.4,5.31,222.21,240.84,3.94,3.22,2.01
新天然气,sh603393,26.06,26.47,26.87,12863700.0,26.05,1100,26.06,1900,-1.55,26.94,25.95,12863700,338310000.0,3.03,3.74,110.47,110.47,29.12,23.82,1.38
冠农股份,sh600251,9.55,9.73,9.7,11403700.0,9.55,21000,9.56,34500,-1.85,9.7,9.52,11403700,109180000.0,1.47,1.85,74.2,74.2,10.7,8.76,0.94
隆利科技,sz300752,10.23,10.34,10.29,4150600.0,10.23,10100,10.24,3800,-1.06,10.34,10.1,4150600,42450000.0,1.86,2.32,22.83,33.03,12.41,8.27,0.59
江苏新能,sh603693,12.36,12.49,12.4,7886100.0,12.35,2900,12.36,9800,-1.04,12.56,12.23,7886100,97650000.0,0.88,2.64,110.19,110.19,13.74,11.24,0.89
兰花科创,sh600123,7.31,7.24,7.3,29215300.0,7.3,10700,7.31,10700,0.97,7.34,7.1,29215300,211190000.0,1.98,3.31,107.69,107.69,7.96,6.52,0.88
大连电瓷,sz002606,14.61,14.84,14.7,23763600.0,14.6,20200,14.61,4200,-1.55,14.9,14.52,23763600,349140000.0,5.64,2.56,61.56,64.15,16.32,13.36,0.67
怡球资源,sh601388,3.34,3.41,3.39,52257500.0,3.33,993500,3.34,154500,-2.05,3.45,3.33,52257500,177040000.0,2.37,3.52,73.52,73.52,3.75,3.07,1.22
哈空调,sh600202,4.99,5.0,5.0,5195800.0,4.99,12200,5.0,13000,-0.2,5.01,4.91,5195800,25800000.0,1.36,2.0,19.13,19.13,5.5,4.5,0.73
牧高笛,sh603908,18.76,18.91,18.9,956000.0,18.75,1700,18.76,400,-0.79,18.98,18.62,956000,17960000.0,1.03,1.9,17.47,17.47,20.8,17.02,0.94
炜冈科技,sz001256,27.44,27.79,27.6,4715100.0,27.41,100,27.44,6500,-1.26,27.86,26.06,4715100,127860000.0,4.41,6.48,29.34,39.13,30.57,25.01,0.93
天智航-U,sh688277,17.14,17.65,17.54,904705700.0,17.13,15500,17.14,30900,-2.89,17.68,16.71,904705700,155320000.0,1.94,5.5,79.95,79.95,21.18,14.12,0.91
诺邦股份,sh603238,12.36,12.34,12.36,2417600.0,12.35,16400,12.36,39800,0.16,12.46,12.2,2417600,29840000.0,1.36,2.11,21.94,21.94,13.57,11.11,0.83
达仁堂,sh600329,36.79,37.21,37.02,3408600.0,36.79,1100,36.8,9600,-1.13,37.48,36.76,3408600,126410000.0,0.6,1.93,208.63,283.32,40.93,33.49,1.04
福田汽车,sh600166,3.05,3.07,3.06,91923600.0,3.05,179300,3.06,1649400,-0.65,3.09,3.04,91923600,281170000.0,1.16,1.63,241.48,241.48,3.38,2.76,0.78
美农生物,sz301156,11.47,11.57,11.57,3087900.0,11.47,300,11.5,3300,-0.86,11.73,11.37,3087900,35640000.0,2.61,3.11,13.57,21.12,13.88,9.26,0.85
美瑞新材,sz300848,12.95,13.21,13.19,2984900.0,12.94,19100,12.95,5400,-1.97,13.21,12.89,2984900,38840000.0,1.18,2.42,32.78,55.41,15.85,10.57,0.74
太湖远大,bj920118,19.63,20.17,20.16,803800.0,19.53,5100,19.63,500,-2.68,20.16,19.4,803800,15910300.0,2.56,3.77,6.15,10.15,26.22,14.12,0.91
康希诺,sh688185,55.58,54.86,55.0,340830300.0,55.58,4800,55.59,1900,1.31,57.2,54.75,340830300,190390000.0,2.98,4.47,63.57,137.31,65.83,43.89,1.4
ST华扬,sh603825,8.15,8.23,8.23,2264400.0,8.14,3800,8.15,1800,-0.97,8.29,8.09,2264400,18530000.0,0.89,2.43,20.65,20.65,9.05,7.41,0.59
我武生物,sz300357,25.39,25.01,24.89,16304300.0,25.39,56800,25.4,28200,1.52,25.98,24.81,16304300,416310000.0,3.37,4.68,122.87,132.94,30.01,20.01,1.24
中粮科技,sz000930,4.77,4.79,4.79,12909300.0,4.77,76600,4.78,206100,-0.42,4.8,4.72,12909300,61380000.0,0.7,1.67,88.55,88.55,5.27,4.31,0.81
仁和药业,sz000650,5.42,5.44,5.44,16987600.0,5.42,157900,5.43,28100,-0.37,5.53,5.41,16987600,92930000.0,1.28,2.21,72.16,75.88,5.98,4.9,0.92
锐科激光,sz300747,35.27,35.33,34.85,12691300.0,35.26,20500,35.27,8800,-0.17,35.76,34.69,12691300,447540000.0,2.43,3.03,184.1,198.08,42.4,28.26,0.58
新易盛,sz300502,415.3,399.6,410.2,48361200.0,415.28,400,415.3,0,3.93,420.58,398.88,48361200,19977400000.0,3.86,5.43,5208.87,5790.35,479.52,319.68,0.72
云路股份,sh688190,79.45,75.6,74.88,202818800.0,79.44,200,79.45,100,5.09,79.79,74.88,202818800,157650000.0,1.69,6.49,95.34,95.34,90.72,60.48,1.34
方大特钢,sh600507,4.25,4.34,4.35,30454500.0,4.25,323300,4.26,113400,-2.07,4.35,4.24,30454500,130390000.0,1.32,2.53,98.31,98.31,4.77,3.91,1.1
*ST英飞,sz002528,4.63,4.62,4.56,6061300.0,4.63,24300,4.64,52800,0.22,4.63,4.54,6061300,27770000.0,0.58,1.95,48.63,55.5,5.08,4.16,0.87
天地科技,sh600582,4.93,4.87,5.02,43178500.0,4.92,206000,4.93,208200,1.23,5.11,4.92,43178500,216010000.0,1.04,3.9,204.03,204.03,5.36,4.38,1.95
北鼎股份,sz300824,7.94,8.07,7.99,4449100.0,7.93,8400,7.94,400,-1.61,8.07,7.89,4449100,35440000.0,1.41,2.23,25.13,25.91,9.68,6.46,0.98
吉林高速,sh601518,2.76,2.79,2.79,9119100.0,2.76,755200,2.77,359400,-1.08,2.81,2.76,9119100,25370000.0,0.48,1.79,52.18,52.18,3.07,2.51,0.75
福耀玻璃,sh600660,55.79,56.59,56.6,8303500.0,55.79,100,55.8,3100,-1.41,56.95,55.7,8303500,467410000.0,0.41,2.21,1117.47,1455.98,62.25,50.93,0.68
富森美,sz002818,10.85,10.93,10.9,2648900.0,10.84,57500,10.85,17600,-0.73,10.97,10.82,2648900,28850000.0,0.89,1.37,32.37,81.21,12.02,9.84,0.74
威力传动,sz300904,41.88,42.79,42.77,710800.0,41.83,500,41.89,1100,-2.13,42.77,41.4,710800,29780000.0,2.06,3.2,14.48,30.31,51.35,34.23,0.67
凯大催化,bj920974,6.11,6.23,6.24,893100.0,6.11,8700,6.12,2300,-1.93,6.24,6.09,893100,5484299.999999999,0.7,2.41,7.85,10.01,8.09,4.37,0.6
金丹科技,sz300829,14.76,14.84,14.84,2427700.0,14.76,6600,14.77,900,-0.54,14.84,14.61,2427700,35740000.0,1.55,1.55,23.14,33.55,17.81,11.87,0.77
苏常柴Ａ,sz000570,5.0,5.05,5.05,7713300.0,5.0,129400,5.01,53600,-0.99,5.05,4.96,7713300,38640000.0,1.39,1.78,27.78,35.28,5.56,4.55,0.7
上海贝岭,sh600171,23.41,23.38,23.22,12043900.0,23.41,25500,23.42,15300,0.13,23.65,23.19,12043900,282250000.0,1.7,1.97,165.96,165.96,25.72,21.04,0.79
儒意电影,sz002739,10.12,9.93,10.3,305444700.0,10.12,456100,10.13,9400,1.91,10.75,10.12,305444700,3177490000.0,14.55,6.34,212.51,213.71,10.92,8.94,3.02
威高骨科,sh688161,22.25,22.41,22.38,104770900.0,22.24,1500,22.25,6300,-0.71,22.58,22.15,104770900,23400000.0,0.26,1.92,89.0,89.0,26.89,17.93,0.89
安徽合力,sh600761,17.15,17.41,17.49,11705100.0,17.14,22600,17.15,22900,-1.49,17.62,17.01,11705100,202460000.0,1.31,3.5,152.75,152.75,19.15,15.67,0.97
金房能源,sz001210,21.78,22.6,22.53,5668700.0,21.77,4800,21.78,2600,-3.63,22.76,21.73,5668700,125360000.0,4.25,4.56,29.06,47.82,24.86,20.34,0.61
春雪食品,sh605567,9.09,9.12,9.11,2938800.0,9.09,5900,9.1,10000,-0.33,9.2,8.98,2938800,26720000.0,1.47,2.41,18.18,18.18,10.03,8.21,0.83
星源卓镁,sz301398,34.91,34.77,34.48,1792100.0,34.9,7300,34.91,700,0.4,35.36,33.61,1792100,61890000.0,1.64,5.03,38.12,39.1,41.72,27.82,0.83
金雷股份,sz300443,20.94,21.28,21.28,4443400.0,20.94,1800,20.95,11200,-1.6,21.28,20.85,4443400,93490000.0,1.83,2.02,50.84,67.04,25.54,17.02,0.87
中芯国际,sh688981,125.41,126.25,124.85,3717599600.0,125.41,71700,125.42,40900,-0.67,128.43,124.5,3717599600,4700640000.0,1.86,3.11,2507.65,10736.42,151.5,101.0,0.65
威尔泰,sz002058,16.99,17.34,17.28,3742300.0,16.99,19400,17.0,100,-2.02,17.28,16.7,3742300,63440000.0,2.62,3.34,24.31,24.37,19.07,15.61,0.61
甘咨询,sz000779,12.73,11.57,12.0,134332600.0,12.73,1933100,0.0,0,10.03,12.73,10.41,134332600,1460860000.0,28.9,20.05,59.17,59.17,12.73,10.41,3.81
摩登大道,sz002656,2.99,2.97,2.99,10165000.0,2.99,79300,3.0,89900,0.67,3.02,2.93,10165000,30350000.0,1.48,3.03,20.53,21.3,3.27,2.67,0.74
中科微至,sh688211,31.0,30.85,31.0,73315600.0,31.0,8400,31.06,700,0.49,31.19,30.36,73315600,22660000.0,0.56,2.69,40.64,40.64,37.02,24.68,1.21
五矿资本,sh600390,4.87,4.91,4.9,23099300.0,4.86,414000,4.87,203100,-0.81,4.91,4.85,23099300,112640000.0,0.51,1.22,219.06,219.06,5.4,4.42,0.76
凯普生物,sz300639,5.98,5.89,5.84,22057300.0,5.98,46800,5.99,15300,1.53,6.09,5.81,22057300,131720000.0,3.5,4.75,37.69,38.66,7.07,4.71,1.32
金科环境,sh688466,13.86,13.8,13.72,111227600.0,13.82,1000,13.86,1700,0.43,13.97,13.6,111227600,15340000.0,0.91,2.68,16.93,16.93,16.56,11.04,0.83
中华企业,sh600675,2.28,2.26,2.27,32185500.0,2.28,149900,2.29,696900,0.88,2.3,2.24,32185500,73180000.0,0.53,2.65,137.85,137.85,2.49,2.03,1.06
热景生物,sh688068,112.56,107.9,105.35,721478500.0,112.56,800,113.0,1600,4.32,121.49,102.52,721478500,803940000.0,7.78,17.58,104.4,104.4,129.48,86.32,1.6
长青集团,sz002616,4.83,4.84,4.8,9791500.0,4.83,38600,4.84,127900,-0.21,4.87,4.76,9791500,47240000.0,1.67,2.27,28.38,41.5,5.32,4.36,0.84
四方股份,sh601126,44.95,45.89,45.69,23435800.0,44.95,5200,44.96,800,-2.05,46.19,44.12,23435800,1058420000.0,2.84,4.51,370.88,374.48,50.48,41.3,0.69
运机集团,sz001288,27.72,27.85,28.06,4609400.0,27.72,20400,27.73,12200,-0.47,28.13,27.05,4609400,127770000.0,3.04,3.88,42.1,64.8,30.64,25.07,0.65
小熊电器,sz002959,34.52,34.84,34.85,701100.0,34.52,2600,34.55,1300,-0.92,34.98,34.49,701100,24290000.0,0.5,1.41,48.26,53.79,38.32,31.36,0.73
中研股份,sh688716,29.04,29.08,28.76,179794200.0,29.04,11600,29.08,6500,-0.14,29.48,28.23,179794200,52000000.0,2.57,4.3,20.31,35.34,34.9,23.26,0.71
浙商证券,sh601878,9.44,9.48,9.48,15629900.0,9.43,134300,9.44,261400,-0.42,9.5,9.42,15629900,147670000.0,0.34,0.84,431.77,431.77,10.43,8.53,0.72
通策医疗,sh600763,37.19,37.02,36.68,9951900.0,37.19,5400,37.2,5700,0.46,37.5,36.68,9951900,369870000.0,2.22,2.22,166.35,166.35,40.72,33.32,1.01
振华股份,sh603067,34.26,35.32,34.8,33703500.0,34.25,45700,34.26,34700,-3.0,34.88,32.72,33703500,1144890000.0,4.46,6.12,258.84,258.84,38.85,31.79,1.26
新华网,sh603888,16.63,16.75,16.75,6058700.0,16.62,67600,16.63,2100,-0.72,16.8,16.58,6058700,100910000.0,0.82,1.31,123.43,123.43,18.43,15.08,0.52
泰禾智能,sh603656,17.69,17.8,17.9,1192000.0,17.69,4800,17.7,2200,-0.62,17.9,17.48,1192000,21010000.0,0.65,2.36,32.36,32.36,19.58,16.02,0.7
海信视像,sh600060,26.6,26.0,25.9,9661500.0,26.59,200,26.6,3900,2.31,26.92,25.81,9661500,256540000.0,0.74,4.27,345.84,347.12,28.6,23.4,0.78
诺禾致源,sh688315,15.21,15.19,15.19,929975700.0,15.21,14300,15.22,5800,0.13,15.69,14.98,929975700,142250000.0,2.23,4.67,63.3,63.3,18.23,12.15,1.15
红四方,sh603395,22.35,22.61,22.63,2557900.0,22.35,4900,22.36,1200,-1.15,22.63,22.28,2557900,57260000.0,3.94,1.55,14.53,58.11,24.87,20.35,0.84
城地香江,sh603887,10.32,9.38,9.48,36290700.0,10.32,5728300,0.0,0,10.02,10.32,9.2,36290700,360340000.0,6.03,11.94,62.13,62.13,10.32,8.44,1.79
宝通科技,sz300031,21.74,21.93,21.98,11318600.0,21.74,12400,21.75,1600,-0.87,22.1,21.67,11318600,247320000.0,3.22,1.96,76.5,91.04,26.32,17.54,0.47
ST星农,sh603789,6.44,6.67,6.56,2734900.0,6.44,30300,6.46,4000,-3.45,6.65,6.41,2734900,17720000.0,1.05,3.6,16.74,17.08,7.34,6.0,0.67
景旺电子,sh603228,89.28,96.0,92.01,67703700.0,89.28,1400,89.29,500,-7.0,93.0,87.55,67703700,6084820000.0,6.9,5.68,876.65,893.87,105.6,86.4,1.15
音飞储存,sh603066,9.16,9.19,9.18,2902400.0,9.16,91400,9.17,13000,-0.33,9.2,9.05,2902400,26490000.0,0.99,1.63,26.95,26.95,10.11,8.27,0.7
冠龙节能,sz301151,17.4,17.56,17.3,3346900.0,17.39,1300,17.4,4100,-0.91,17.56,17.08,3346900,58150000.0,1.98,2.73,29.38,29.41,21.07,14.05,0.59
神州信息,sz000555,10.98,10.87,10.82,33375000.0,10.98,108300,10.99,18800,1.01,11.3,10.74,33375000,369520000.0,3.42,5.15,107.01,107.14,11.96,9.78,1.16
科兴制药,sh688136,20.71,20.53,20.52,659368200.0,20.7,3500,20.71,0,0.88,21.3,20.3,659368200,137440000.0,3.26,4.87,41.83,41.83,24.64,16.42,1.23
联动科技,sz301369,133.63,137.2,134.91,2289800.0,133.62,200,133.63,3000,-2.6,137.7,131.1,2289800,308240000.0,4.17,4.81,73.3,136.71,164.64,109.76,0.89
浩云科技,sz300448,5.78,5.78,5.76,13146400.0,5.78,17700,5.79,12800,0.0,5.85,5.62,13146400,75800000.0,2.05,3.98,37.14,39.1,6.94,4.62,0.7
唐源电气,sz300789,18.44,18.66,18.5,4350100.0,18.43,300,18.44,12600,-1.18,18.67,18.18,4350100,80190000.0,3.12,2.63,25.74,26.53,22.39,14.93,0.43
迦南科技,sz300412,4.53,4.47,4.42,15139600.0,4.53,46100,4.54,55000,1.34,4.63,4.39,15139600,68170000.0,3.24,5.37,21.19,22.55,5.36,3.58,1.13
恒生电子,sh600570,22.8,23.07,23.07,21454500.0,22.79,16900,22.8,10100,-1.17,23.19,22.76,21454500,492450000.0,1.13,1.86,431.75,431.75,25.38,20.76,0.53
ST应急,sz300527,7.89,7.96,7.92,6814800.0,7.88,148100,7.89,40600,-0.88,8.06,7.88,6814800,54170000.0,0.67,2.26,80.22,80.22,9.55,6.37,0.84
山东海化,sz000822,4.41,4.35,4.37,17647300.0,4.41,123000,4.42,314700,1.38,4.48,4.29,17647300,77400000.0,1.97,4.37,39.47,39.47,4.79,3.92,1.2
宁波富邦,sh600768,14.78,14.99,15.09,7330500.0,14.78,1800,14.79,5300,-1.4,15.2,14.7,7330500,109770000.0,5.48,3.34,19.77,19.77,16.49,13.49,2.06
天亿马,sz301178,36.4,36.28,36.19,2402700.0,36.38,900,36.4,300,0.33,37.03,35.01,2402700,86840000.0,3.5,5.57,25.0,33.89,43.54,29.02,0.73
万祥科技,sz301180,11.73,11.78,11.72,3030500.0,11.71,100,11.73,2700,-0.42,11.84,11.46,3030500,35350000.0,1.85,3.23,19.25,46.92,14.14,9.42,0.91
杭钢股份,sh600126,7.37,6.7,7.21,156644500.0,7.37,17990200,0.0,0,10.0,7.37,6.79,156644500,1115980000.0,4.64,8.66,248.9,248.9,7.37,6.03,1.44
友讯达,sz300514,9.76,9.73,9.75,2502600.0,9.75,3600,9.76,600,0.31,9.85,9.57,2502600,24300000.0,1.56,2.88,15.64,19.52,11.68,7.78,0.89
许继电气,sz000400,22.47,22.85,22.8,15071700.0,22.47,39100,22.48,24100,-1.66,22.81,22.42,15071700,340460000.0,1.48,1.71,228.09,228.88,25.14,20.57,0.61
爱旭股份,sh600732,12.19,12.28,12.16,24430000.0,12.19,50600,12.2,64900,-0.73,12.44,11.96,24430000,297640000.0,1.16,3.91,256.63,257.84,13.51,11.05,0.88
华润微,sh688396,59.72,60.02,59.45,1443768200.0,59.71,5200,59.72,14300,-0.5,61.08,59.25,1443768200,868650000.0,1.09,3.05,793.21,793.21,72.02,48.02,0.57
新华制药,sz000756,13.98,14.13,14.01,11850300.0,13.97,53800,13.98,46200,-1.06,14.24,13.96,11850300,166990000.0,2.38,1.98,69.75,97.4,15.54,12.72,0.73
锐新科技,sz300828,17.65,17.35,16.7,16655100.0,17.64,31000,17.65,4200,1.73,18.08,16.61,16655100,289380000.0,19.74,8.47,14.89,29.37,20.82,13.88,2.51
品高股份,sh688227,81.0,83.0,82.32,265672300.0,80.98,10300,81.0,59100,-2.41,82.78,79.01,265672300,215760000.0,2.35,4.54,91.57,91.57,99.6,66.4,0.62
瀛通通讯,sz002861,16.32,16.36,16.4,4516400.0,16.32,24700,16.33,3800,-0.24,16.7,16.01,4516400,74070000.0,3.01,4.22,24.51,30.4,18.0,14.72,0.74
伟时电子,sh605218,14.67,14.38,14.35,4546400.0,14.66,8700,14.67,39000,2.02,14.95,14.03,4546400,66120000.0,2.14,6.4,31.22,35.62,15.82,12.94,1.41
中科美菱,bj920992,11.93,12.1,12.08,518100.0,11.93,3300,11.98,2600,-1.4,12.16,11.9,518100,6218700.0,1.06,2.15,5.85,11.54,15.73,8.47,0.55
栖霞建设,sh600533,2.17,2.18,2.17,9132900.0,2.16,500,2.17,290000,-0.46,2.19,2.15,9132900,19780000.0,0.87,1.83,22.79,22.79,2.4,1.96,0.53
协鑫集成,sz002506,2.72,2.72,2.74,183012100.0,2.72,2906300,2.73,494900,0.0,2.75,2.67,183012100,498100000.0,3.13,2.94,158.97,159.13,2.99,2.45,0.79
辰奕智能,sz301578,22.96,22.9,22.79,1638500.0,22.95,800,22.96,1500,0.26,23.12,22.53,1638500,37400000.0,5.44,2.58,6.92,24.32,27.48,18.32,0.59
国联民生,sh601456,8.98,8.97,9.02,17032500.0,8.97,95100,8.98,121100,0.11,9.12,8.97,17032500,153960000.0,0.39,1.67,393.05,510.12,9.87,8.07,1.05
云汉芯城,sz301563,126.9,127.45,126.0,1527000.0,126.9,2600,126.91,200,-0.43,129.5,125.38,1527000,194750000.0,7.98,3.23,24.28,107.42,152.94,101.96,0.71
艾罗能源,sh688717,62.39,59.49,59.14,801409400.0,62.38,200,62.39,20800,4.87,62.69,58.44,801409400,487830000.0,8.09,7.14,61.8,99.82,71.39,47.59,1.53
莎普爱思,sh603168,5.56,5.59,5.59,6710000.0,5.56,5800,5.57,9200,-0.54,5.66,5.52,6710000,37450000.0,1.8,2.5,20.71,20.8,6.15,5.03,0.98
吉华集团,sh603980,6.78,6.93,6.88,26825600.0,6.78,64900,6.79,113300,-2.16,6.97,6.77,26825600,183310000.0,3.96,2.89,45.89,45.89,7.62,6.24,0.83
宏华数科,sh688789,46.81,45.93,45.7,235965300.0,46.8,1700,46.81,1200,1.92,48.06,45.2,235965300,110340000.0,1.31,6.23,84.38,84.38,55.12,36.74,1.5
建科院,sz300675,12.77,12.78,12.77,2175100.0,12.76,100,12.77,1700,-0.08,12.82,12.57,2175100,27630000.0,1.48,1.96,18.73,18.73,15.34,10.22,0.87
聚合顺,sh605166,8.81,8.86,8.89,4049500.0,8.8,17600,8.81,73500,-0.56,8.97,8.77,4049500,35840000.0,1.29,2.26,27.73,27.73,9.75,7.97,0.89
国药现代,sh600420,8.72,8.75,8.74,8563300.0,8.72,13000,8.73,82400,-0.34,8.86,8.7,8563300,75140000.0,0.64,1.83,116.95,116.95,9.63,7.88,0.95
焦点科技,sz002315,27.24,27.83,27.85,6003100.0,27.24,25100,27.25,1700,-2.12,28.0,27.21,6003100,164670000.0,2.28,2.84,71.62,112.34,30.61,25.05,0.46
龙版传媒,sh605577,9.74,9.77,9.8,2811800.0,9.74,2400,9.76,8700,-0.31,9.82,9.66,2811800,27370000.0,0.63,1.64,43.29,43.29,10.75,8.79,0.88
盈康生命,sz300143,7.68,7.74,7.65,12281400.0,7.68,82100,7.69,8800,-0.78,7.81,7.61,12281400,94850000.0,1.48,2.58,63.92,74.72,9.29,6.19,0.89
威孚高科,sz000581,17.47,17.49,17.49,4409200.0,17.46,6900,17.47,4000,-0.11,17.54,17.37,4409200,77030000.0,0.56,0.97,138.7,168.9,19.24,15.74,0.63
综艺股份,sh600770,5.21,5.25,5.22,16117000.0,5.21,283500,5.22,39100,-0.76,5.28,5.18,16117000,84320000.0,1.24,1.9,67.73,67.73,5.78,4.73,0.64
智微智能,sz001339,82.79,82.4,82.5,8543100.0,82.78,300,82.79,2400,0.47,83.86,80.8,8543100,705650000.0,5.28,3.71,134.04,270.75,90.64,74.16,0.6
航发控制,sz000738,18.48,18.74,18.5,10865300.0,18.47,39000,18.48,46900,-1.39,18.67,18.3,10865300,201070000.0,0.83,1.97,243.05,243.05,20.61,16.87,0.84
鞍钢股份,sz000898,1.99,2.04,2.03,43104400.0,1.99,527300,2.0,983800,-2.45,2.04,1.98,43104400,86300000.0,0.54,2.94,158.35,186.45,2.24,1.84,1.23
平高电气,sh600312,19.79,20.29,20.29,22045300.0,19.78,30700,19.79,24100,-2.46,20.29,19.75,22045300,440070000.0,1.62,2.66,268.53,268.53,22.32,18.26,0.71
宸展光电,sz003019,23.86,24.06,24.0,2406900.0,23.86,5200,23.88,5100,-0.83,24.13,23.67,2406900,57550000.0,1.39,1.91,41.26,42.22,26.47,21.65,0.53
望变电气,sh603191,14.0,14.3,14.24,5475500.0,14.0,33400,14.01,6600,-2.1,14.27,13.89,5475500,76820000.0,1.66,2.66,46.2,46.2,15.73,12.87,0.69
海达尔,bj920699,79.41,82.4,83.6,1752900.0,79.41,200,79.55,5400,-3.63,83.62,77.77,1752900,140707200.0,6.0,7.1,23.21,50.72,107.12,57.68,0.87
科力尔,sz002892,9.66,9.69,9.68,6690700.0,9.66,36300,9.67,56400,-0.31,9.77,9.52,6690700,64610000.0,1.34,2.58,48.41,71.78,10.66,8.72,0.82
*ST纳川,sz300198,2.21,2.22,2.22,6728700.0,2.21,251300,2.22,356400,-0.45,2.25,2.18,6728700,14900000.0,0.66,3.15,22.68,22.8,2.66,1.78,0.68
北京利尔,sz002392,7.5,7.58,7.57,10748800.0,7.5,43900,7.51,47300,-1.06,7.67,7.47,10748800,81010000.0,0.93,2.64,86.82,89.29,8.34,6.82,0.84
吉鑫科技,sh601218,4.65,4.68,4.68,33836800.0,4.65,515500,4.66,239200,-0.64,4.75,4.58,33836800,157820000.0,3.49,3.63,45.06,45.06,5.15,4.21,0.86
新北洋,sz002376,6.52,6.5,6.46,26877800.0,6.52,54500,6.53,18900,0.31,6.69,6.42,26877800,176010000.0,3.41,4.15,51.32,52.85,7.15,5.85,0.92
宁夏建材,sh600449,12.58,13.95,12.56,64684100.0,12.58,215000,12.59,18900,-9.82,13.11,12.56,64684100,815340000.0,13.53,3.94,60.16,60.16,15.35,12.56,3.59
*ST闻泰,sh600745,17.48,16.49,16.4,64631700.0,17.47,52600,17.48,302100,6.0,17.97,16.2,64631700,1106700000.0,5.07,10.73,222.67,222.67,18.14,14.84,1.71
嘉戎技术,sz301148,53.2,49.2,50.2,2755100.0,53.2,6000,53.25,700,8.13,54.8,48.52,2755100,143000000.0,4.68,12.76,31.32,61.98,59.04,39.36,1.95
美康生物,sz300439,9.11,9.24,9.22,3289200.0,9.11,21400,9.12,3300,-1.41,9.25,9.08,3289200,30100000.0,1.13,1.84,26.63,35.01,11.09,7.39,0.63
北方股份,sh600262,15.18,15.25,15.18,11344000.0,15.18,8900,15.19,9600,-0.46,15.69,15.04,11344000,173610000.0,4.77,4.26,36.13,36.13,16.78,13.73,0.89
昆药集团,sh600422,9.04,8.81,8.8,19697400.0,9.03,2000,9.05,48700,2.61,9.2,8.76,19697400,177320000.0,2.6,4.99,68.43,68.43,9.69,7.93,1.93
科美诊断,sh688468,6.3,6.35,6.32,249986500.0,6.26,58500,6.3,21700,-0.79,6.36,6.24,249986500,15720000.0,0.62,1.89,25.27,25.27,7.62,5.08,0.86
华灿光电,sz300323,12.04,12.0,11.87,49912600.0,12.04,87500,12.05,21300,0.33,12.37,11.79,49912600,603360000.0,4.2,4.83,143.0,195.41,14.4,9.6,0.73
华数传媒,sz000156,6.88,6.87,6.87,7537700.0,6.87,12200,6.88,25400,0.15,6.94,6.82,7537700,51900000.0,0.44,1.75,116.95,127.48,7.56,6.18,0.73
东宏股份,sh603856,11.38,11.57,11.57,4170100.0,11.37,36900,11.38,7000,-1.64,11.58,11.37,4170100,47650000.0,1.48,1.82,32.1,32.1,12.73,10.41,1.01
鑫宏业,sz301310,51.03,51.54,51.01,7459500.0,51.03,40800,51.04,200,-0.99,52.6,50.59,7459500,383040000.0,12.23,3.9,31.12,97.45,61.85,41.23,0.73
永清环保,sz300187,4.77,4.8,4.78,7329400.0,4.76,170400,4.77,5700,-0.63,4.81,4.74,7329400,34900000.0,1.14,1.46,30.62,30.8,5.76,3.84,0.67
汉嘉数智,sz300746,14.93,15.05,14.92,5141500.0,14.91,5300,14.93,1700,-0.8,15.11,14.68,5141500,76470000.0,2.3,2.86,33.38,33.7,18.06,12.04,0.55
机科股份,bj920579,15.24,15.35,15.21,993200.0,15.24,2400,15.26,0,-0.72,15.43,15.03,993200,15117900.0,2.23,2.61,6.79,19.73,19.95,10.75,1.02
紫光股份,sz000938,37.39,37.63,37.62,225103300.0,37.39,421800,37.4,120300,-0.64,38.6,36.67,225103300,8471820000.0,7.87,5.13,1069.38,1069.38,41.39,33.87,0.72
弘讯科技,sh603015,10.7,10.88,10.8,4450100.0,10.7,30700,10.71,31400,-1.65,10.93,10.57,4450100,47710000.0,1.1,3.31,43.25,43.25,11.97,9.79,0.94
万德斯,sh688178,28.12,27.51,27.27,129626300.0,28.12,1600,28.21,500,2.22,28.57,27.02,129626300,36070000.0,1.53,5.63,23.9,23.9,33.01,22.01,0.77
阿科力,sh603722,31.5,31.4,31.3,1330800.0,31.34,600,31.5,3500,0.32,31.68,30.74,1330800,41550000.0,1.39,2.99,30.15,30.78,34.54,28.26,0.75
宝明科技,sz002992,35.46,36.12,35.69,1469500.0,35.46,7100,35.47,1400,-1.83,35.99,35.29,1469500,52150000.0,0.94,1.94,55.4,64.14,39.73,32.51,0.52
福瑞达,sh600223,5.66,5.7,5.69,7997700.0,5.66,7800,5.67,103800,-0.7,5.76,5.65,7997700,45540000.0,0.79,1.93,57.54,57.54,6.27,5.13,1.0
科沃斯,sh603486,59.3,58.97,58.68,5457300.0,59.29,5800,59.3,17800,0.56,59.89,58.33,5457300,323800000.0,0.95,2.65,340.0,343.11,64.87,53.07,1.07
南大环境,sz300864,18.92,19.09,18.98,862800.0,18.89,500,18.92,10800,-0.89,19.01,18.71,862800,16280000.0,0.54,1.57,30.1,30.1,22.91,15.27,0.63
数据港,sh603881,26.28,25.48,27.1,81874200.0,26.28,139900,26.29,43400,3.14,27.1,25.89,81874200,2167540000.0,9.5,4.75,226.55,226.55,28.03,22.93,1.83
正元地信,sh688509,4.23,4.23,4.21,628474600.0,4.22,35400,4.23,3700,0.0,4.34,4.15,628474600,26730000.0,1.63,4.49,16.28,32.57,5.08,3.38,1.15
成都燃气,sh603053,8.9,9.0,9.38,8264700.0,8.89,800,8.9,2200,-1.11,9.39,8.86,8264700,74190000.0,0.93,5.89,79.11,79.11,9.9,8.1,4.33
龙旗科技,sh603341,39.94,39.22,38.93,18761400.0,39.94,30300,39.95,23800,1.84,39.95,37.85,18761400,733020000.0,7.02,5.35,106.8,208.72,43.14,35.3,1.86
ST天圣,sz002872,5.32,5.34,5.35,3079900.0,5.32,26900,5.34,2600,-0.37,5.44,5.32,3079900,16530000.0,1.43,2.25,11.43,16.92,5.87,4.81,1.13
瑞鹄模具,sz002997,27.21,27.49,27.6,1636600.0,27.2,5600,27.21,1100,-1.02,27.6,27.2,1636600,44810000.0,0.78,1.46,56.96,56.96,30.24,24.74,0.77
英飞特,sz300582,11.2,11.25,11.24,3811500.0,11.2,20200,11.22,12300,-0.44,11.32,11.03,3811500,42640000.0,1.72,2.58,24.82,33.44,13.5,9.0,0.6
昊华能源,sh601101,12.49,13.39,13.71,75127200.0,12.48,26700,12.49,27200,-6.72,13.71,12.44,75127200,962970000.0,5.22,9.48,179.86,179.86,14.73,12.05,1.59
汉得信息,sz300170,18.01,17.6,17.85,97631500.0,18.01,103100,18.02,58100,2.33,18.64,17.24,97631500,1763920000.0,9.83,7.95,178.94,187.38,21.12,14.08,0.98
汤臣倍健,sz300146,9.98,10.11,10.08,15208900.0,9.97,80100,9.98,8700,-1.29,10.14,9.94,15208900,152540000.0,1.36,1.98,111.86,168.83,12.13,8.09,0.91
浪莎股份,sh600137,18.07,17.98,18.0,1161800.0,18.03,4300,18.07,7000,0.5,18.19,17.77,1161800,20930000.0,1.2,2.34,17.57,17.57,19.78,16.18,0.73
新洁能,sh605111,56.3,55.68,55.5,20326600.0,56.3,2200,56.31,2300,1.11,58.4,55.01,20326600,1157630000.0,4.89,6.09,233.83,233.83,61.25,50.11,0.99
思看科技,sh688583,75.69,74.43,74.22,165219900.0,75.61,1000,75.69,6100,1.69,78.29,72.0,165219900,124490000.0,3.83,8.45,32.64,93.67,89.32,59.54,0.99
康普化学,bj920033,14.53,14.58,14.58,795700.0,14.52,2900,14.53,3200,-0.34,14.97,14.47,795700,11649600.0,0.96,3.43,12.04,17.31,18.95,10.21,0.69
天正电气,sh605066,6.64,6.77,6.76,5956800.0,6.64,149800,6.65,73500,-1.92,6.76,6.6,5956800,39570000.0,1.19,2.36,33.36,33.36,7.45,6.09,0.99
九安医疗,sz002432,70.8,72.28,71.68,30774800.0,70.8,65600,70.81,4300,-2.05,72.78,70.12,30774800,2197080000.0,6.61,3.68,329.41,329.85,79.51,65.05,0.72
广东明珠,sh600382,6.37,6.53,6.52,11801700.0,6.37,102300,6.38,116900,-2.45,6.52,6.36,11801700,75860000.0,1.7,2.45,44.23,44.23,7.18,5.88,0.73
中船汉光,sz300847,14.72,15.02,14.74,7895400.0,14.72,6800,14.73,3800,-2.0,14.87,14.55,7895400,116260000.0,2.67,2.13,43.57,43.57,18.02,12.02,0.53
汇洁股份,sz002763,7.59,7.54,7.55,5568300.0,7.59,15900,7.6,200,0.66,7.66,7.54,5568300,42350000.0,1.83,1.59,23.04,31.11,8.29,6.79,0.89
宁沪高速,sh600377,12.07,11.97,12.03,7713100.0,12.06,31700,12.07,1400,0.84,12.11,11.92,7713100,92840000.0,0.2,1.59,458.92,608.06,13.17,10.77,0.65
优利德,sh688628,67.16,66.49,66.4,234413500.0,67.16,5900,67.19,600,1.01,67.81,64.87,234413500,156150000.0,2.1,4.42,75.06,75.06,79.79,53.19,0.53
包钢股份,sh600010,2.24,2.29,2.28,467751800.0,2.23,25037300,2.24,1393900,-2.18,2.29,2.23,467751800,1054110000.0,1.49,2.62,701.53,1013.06,2.52,2.06,0.88
视源股份,sz002841,49.66,51.05,50.52,8038000.0,49.66,9100,49.67,10700,-2.72,50.82,49.52,8038000,402500000.0,1.54,2.55,258.9,347.22,56.16,45.95,0.64
越剑智能,sh603095,13.14,13.22,13.22,2324700.0,13.14,9900,13.18,400,-0.61,13.28,12.97,2324700,30530000.0,0.9,2.34,33.94,33.94,14.54,11.9,0.73
汉商集团,sh600774,7.21,7.2,7.16,4664200.0,7.2,1300,7.21,8200,0.14,7.31,7.1,4664200,33600000.0,1.58,2.92,21.26,21.27,7.92,6.48,1.09
君禾股份,sh603617,7.11,7.21,7.18,9861600.0,7.11,11600,7.12,34300,-1.39,7.25,7.07,9861600,70330000.0,2.55,2.5,27.5,27.72,7.93,6.49,0.67
博俊科技,sz300926,18.01,17.76,17.79,3689500.0,18.0,12300,18.01,22400,1.41,18.09,17.54,3689500,65640000.0,1.24,3.1,53.67,78.22,21.31,14.21,1.06
新媒股份,sz300770,34.43,34.51,34.5,1442500.0,34.42,11800,34.47,1600,-0.23,34.83,34.24,1442500,49740000.0,0.63,1.71,78.44,78.44,41.41,27.61,0.66
博汇股份,sz300839,10.81,10.81,10.89,3964700.0,10.8,500,10.81,12000,0.0,10.9,10.61,3964700,42750000.0,1.4,2.68,30.61,31.15,12.97,8.65,0.74
华林证券,sz002945,14.44,14.56,14.5,10765500.0,14.43,28200,14.44,3000,-0.82,14.63,14.38,10765500,155980000.0,0.4,1.72,389.88,389.88,16.02,13.1,0.56
南方路机,sh603280,26.04,26.07,25.95,1086300.0,26.03,400,26.04,3300,-0.12,26.28,25.54,1086300,28180000.0,1.0,2.84,28.23,28.23,28.68,23.46,0.8
中远海能,sh600026,16.3,17.66,17.54,96455800.0,16.3,101100,16.31,72100,-7.7,17.75,16.29,96455800,1628570000.0,2.52,8.27,623.96,891.81,19.43,15.89,1.67
西陇科学,sz002584,8.18,8.34,8.22,25250800.0,8.18,47700,8.19,210700,-1.92,8.36,8.14,25250800,207350000.0,5.39,2.64,38.32,47.87,9.17,7.51,0.7
亿帆医药,sz002019,10.29,10.35,10.3,12653300.0,10.29,12600,10.3,80100,-0.58,10.43,10.27,12653300,131010000.0,1.5,1.55,86.7,125.17,11.39,9.32,0.97
禾丰股份,sh603609,6.31,6.46,6.4,3448800.0,6.3,12600,6.31,271300,-2.32,6.45,6.28,3448800,21940000.0,0.38,2.63,57.04,57.04,7.11,5.81,1.22
侨源股份,sz301286,41.01,41.13,40.66,1143300.0,41.0,500,41.01,1800,-0.29,42.0,40.15,1143300,46930000.0,0.71,4.5,66.14,164.08,49.36,32.9,0.73
金天钛业,sh688750,14.71,15.03,14.98,367747000.0,14.71,19500,14.72,2000,-2.13,15.04,14.64,367747000,54410000.0,1.58,2.66,34.26,68.03,18.04,12.02,0.96
三雄极光,sz300625,9.59,9.62,9.78,1551300.0,9.59,4800,9.6,300,-0.31,9.78,9.42,1551300,14860000.0,0.96,3.74,15.53,26.79,11.54,7.7,0.82
欧晶科技,sz001269,19.76,19.72,19.69,1643700.0,19.75,18900,19.76,1900,0.2,19.81,19.42,1643700,32340000.0,0.85,1.98,38.02,38.02,21.69,17.75,0.62
成大生物,sh688739,20.83,20.66,20.62,289850700.0,20.83,7900,20.84,15300,0.82,21.1,20.52,289850700,60340000.0,0.7,2.81,86.75,86.75,24.79,16.53,1.32
涪陵电力,sh600452,9.63,9.73,9.71,19007600.0,9.63,249600,9.64,800,-1.03,9.75,9.58,19007600,183610000.0,1.24,1.75,147.97,147.97,10.7,8.76,0.75
甘肃能化,sz000552,2.58,2.55,2.56,77519600.0,2.57,882100,2.58,457300,1.18,2.59,2.53,77519600,199080000.0,2.08,2.35,96.13,138.08,2.81,2.3,1.07
圣邦股份,sz300661,115.49,110.27,110.84,19330900.0,115.48,200,115.49,13000,4.73,118.5,110.5,19330900,2234770000.0,3.21,7.25,695.04,791.76,132.32,88.22,1.18
伊力特,sh600197,10.45,10.57,10.53,5255400.0,10.45,100,10.46,20900,-1.14,10.59,10.43,5255400,55090000.0,1.11,1.51,49.45,49.45,11.63,9.51,0.66
恒玄科技,sh688608,114.64,110.35,110.4,741140800.0,114.63,400,114.64,23200,3.89,117.27,109.0,741140800,845110000.0,3.13,7.49,271.57,271.57,132.42,88.28,1.14
劲仔食品,sz003000,10.7,10.85,10.79,3835500.0,10.69,47700,10.7,16900,-1.38,10.89,10.67,3835500,41230000.0,1.25,2.03,32.96,48.25,11.94,9.77,0.92
海达股份,sz300320,8.26,8.38,8.38,4213900.0,8.25,84200,8.26,7500,-1.43,8.4,8.24,4213900,34940000.0,0.87,1.91,40.09,49.66,10.06,6.7,0.69
开发科技,bj920029,35.72,35.25,35.61,1789000.0,35.72,10200,35.75,3200,1.33,37.55,35.05,1789000,65213600.0,0.89,7.09,71.93,73.92,45.82,24.68,1.74
东阿阿胶,sz000423,53.62,54.06,53.6,4940200.0,53.6,2300,53.62,2800,-0.81,54.77,53.47,4940200,266720000.0,0.77,2.4,342.47,343.08,59.47,48.65,0.75
芯原股份,sh688521,211.51,212.75,208.76,1193409200.0,211.5,800,211.51,700,-0.58,216.3,207.69,1193409200,2531790000.0,2.27,4.05,1112.36,1112.36,255.3,170.2,0.59
钢研纳克,sz300797,12.91,13.33,13.19,3809500.0,12.91,12700,12.92,1000,-3.15,13.27,12.9,3809500,49480000.0,1.0,2.78,49.28,49.41,16.0,10.66,0.99
宗申动力,sz001696,15.72,16.24,15.9,55339900.0,15.72,31100,15.73,187100,-3.2,16.04,15.59,55339900,871850000.0,6.21,2.77,140.13,180.0,17.86,14.62,0.79
深水海纳,sz300961,11.82,11.78,11.78,3922600.0,11.81,3400,11.82,900,0.34,12.03,11.54,3922600,46030000.0,2.58,4.16,17.96,20.95,14.14,9.42,0.52
拓维信息,sz002261,26.32,26.01,26.0,56148700.0,26.31,54500,26.32,227100,1.19,26.79,25.5,56148700,1473460000.0,4.9,4.96,301.65,331.62,28.61,23.41,0.92
姚记科技,sz002605,18.33,18.55,18.49,6141200.0,18.32,4600,18.33,16000,-1.19,18.77,18.27,6141200,113510000.0,1.82,2.7,62.0,76.54,20.41,16.7,0.78
祥和实业,sh603500,9.79,9.69,9.68,5540600.0,9.78,29000,9.79,12000,1.03,9.83,9.6,5540600,53930000.0,1.67,2.37,32.56,32.58,10.66,8.72,0.59
欧莱新材,sh688530,60.0,62.5,60.98,1191848600.0,60.0,45000,60.01,100,-4.0,63.49,60.0,1191848600,731960000.0,17.08,5.58,41.87,96.03,75.0,50.0,0.7
洲明科技,sz300232,5.29,5.36,5.35,8097200.0,5.29,142000,5.3,56000,-1.31,5.37,5.28,8097200,43090000.0,0.91,1.68,47.0,57.68,6.43,4.29,0.51
一心堂,sz002727,12.67,11.74,11.68,43634300.0,12.66,38600,12.67,20200,7.92,12.91,11.68,43634300,554360000.0,11.11,10.48,49.78,74.2,12.91,10.57,4.42
博敏电子,sh603936,15.2,15.36,15.29,47170900.0,15.19,104800,15.2,37900,-1.04,15.58,14.93,47170900,719690000.0,7.48,4.23,95.82,98.09,16.9,13.82,0.86
中晟高科,sz002778,15.93,15.45,15.81,5093400.0,15.93,1900,15.95,400,3.11,16.41,15.57,5093400,81390000.0,4.13,5.44,19.66,19.87,17.0,13.91,2.27
中油资本,sz000617,7.15,7.16,7.18,63617600.0,7.14,754600,7.15,238100,-0.14,7.25,7.13,63617600,456650000.0,0.5,1.68,903.91,903.91,7.88,6.44,0.76
中科创达,sz300496,61.3,61.53,61.51,10341700.0,61.3,16100,61.31,4600,-0.37,62.06,60.77,10341700,636290000.0,2.8,2.1,226.54,283.03,73.84,49.22,0.62
芯海科技,sh688595,28.65,28.48,28.48,342467500.0,28.65,4100,28.68,1800,0.6,29.19,28.08,342467500,98290000.0,2.38,3.9,41.28,41.28,34.18,22.78,0.93
福安药业,sz300194,3.89,3.89,3.87,25597700.0,3.89,72100,3.9,48400,0.0,3.94,3.85,25597700,99970000.0,2.64,2.31,37.67,46.28,4.67,3.11,1.15
*ST天宜,sh688033,6.17,6.18,6.17,420215900.0,6.17,39100,6.18,7900,-0.16,6.23,6.15,420215900,25990000.0,0.75,1.29,34.69,34.69,7.42,4.94,1.15
莱绅通灵,sh603900,6.16,6.39,6.36,15275000.0,6.16,60700,6.17,18300,-3.6,6.53,6.14,15275000,95940000.0,4.46,6.1,21.11,21.12,7.03,5.75,1.09
泸州老窖,sz000568,90.18,90.75,90.56,8164100.0,90.1,500,90.18,500,-0.63,91.15,89.38,8164100,736770000.0,0.55,1.95,1326.6,1327.36,99.83,81.68,0.67
万憬能源,sz002700,6.08,6.06,6.05,7490400.0,6.08,13900,6.09,4800,0.33,6.17,5.98,7490400,45420000.0,1.83,3.14,24.89,25.15,6.67,5.45,0.98
盘龙药业,sz002864,21.94,22.06,22.0,3201400.0,21.94,7600,21.95,5100,-0.54,22.26,21.88,3201400,70610000.0,3.25,1.72,21.63,29.99,24.27,19.85,0.88
鄂尔多斯,sh600295,12.6,12.59,12.6,12311000.0,12.6,14000,12.61,29000,0.08,13.04,12.37,12311000,156360000.0,0.62,5.32,248.92,352.65,13.85,11.33,1.09
恒而达,sz300946,40.75,40.81,40.52,962400.0,40.73,300,40.75,5100,-0.15,41.23,39.99,962400,39150000.0,1.27,3.04,30.89,63.57,48.97,32.65,0.89
拱东医疗,sh605369,17.42,17.74,17.65,1566600.0,17.4,3500,17.42,200,-1.8,17.85,17.27,1566600,27480000.0,0.71,3.27,38.29,38.29,19.51,15.97,0.89
众业达,sz002441,7.96,8.03,8.03,4134200.0,7.95,6300,7.96,21200,-0.87,8.03,7.9,4134200,32860000.0,1.04,1.62,31.72,43.35,8.83,7.23,0.78
鸿博股份,sz002229,11.74,10.67,10.68,73192700.0,11.74,11616600,0.0,0,10.03,11.74,10.5,73192700,840330000.0,14.84,11.62,57.9,58.25,11.74,9.6,2.05
英集芯,sh688209,21.9,21.99,21.99,1013199300.0,21.89,3700,21.9,7600,-0.41,22.58,21.84,1013199300,224690000.0,2.34,3.37,95.0,95.0,26.39,17.59,1.06
太极集团,sh600129,15.89,16.25,16.17,25032600.0,15.89,52700,15.9,92600,-2.22,16.39,15.88,25032600,404940000.0,4.54,3.14,87.62,87.62,17.88,14.63,0.79
科德数控,sh688305,65.54,61.46,63.99,903928100.0,65.54,20100,65.55,1000,6.64,68.0,63.19,903928100,594040000.0,6.84,7.83,86.65,86.88,73.75,49.17,2.6
中材节能,sh603126,6.04,6.1,6.07,4676600.0,6.04,16100,6.05,55700,-0.98,6.11,6.0,4676600,28280000.0,0.77,1.8,36.87,36.87,6.71,5.49,0.61
星徽股份,sz300464,6.57,6.6,6.6,8585200.0,6.57,12200,6.58,13600,-0.45,6.75,6.42,8585200,56590000.0,2.42,5.0,23.33,30.7,7.92,5.28,1.15
富安娜,sz002327,6.64,6.64,6.65,5619900.0,6.63,1000,6.64,12200,0.0,6.77,6.62,5619900,37660000.0,1.14,2.26,32.6,55.37,7.3,5.98,1.25
汤姆猫,sz300459,3.8,3.82,3.82,71886000.0,3.8,127100,3.81,660600,-0.52,3.86,3.76,71886000,273780000.0,2.19,2.62,124.91,133.6,4.58,3.06,0.55
广安爱众,sh600979,4.06,4.06,4.06,22676400.0,4.06,402000,4.07,461100,0.0,4.09,4.01,22676400,92060000.0,1.83,1.97,50.41,51.19,4.47,3.65,0.89
日辰股份,sh603755,23.34,23.63,23.58,784400.0,23.34,3500,23.35,300,-1.23,23.59,23.12,784400,18320000.0,0.8,1.99,23.02,23.02,25.99,21.27,0.79
上海雅仕,sh603329,10.22,10.3,10.24,2284000.0,10.22,2400,10.24,12000,-0.78,10.35,10.16,2284000,23390000.0,1.11,1.84,21.09,25.56,11.33,9.27,0.61
三 力 士,sz002224,3.59,3.62,3.59,7032100.0,3.59,50100,3.6,140200,-0.83,3.62,3.56,7032100,25240000.0,0.87,1.66,28.95,32.39,3.98,3.26,0.69
特  力Ａ,sz000025,15.08,15.16,15.27,5815300.0,15.08,32200,15.09,2700,-0.53,15.32,15.05,5815300,88230000.0,1.48,1.78,59.23,65.0,16.68,13.64,0.65
南网科技,sh688248,47.48,48.94,48.97,410101700.0,47.47,7700,47.48,600,-2.98,49.84,47.44,410101700,198190000.0,0.73,4.9,268.12,268.12,58.73,39.15,0.76
S佳通,sh600182,13.17,13.12,13.06,2190500.0,13.17,2700,13.18,69900,0.38,13.31,13.01,2190500,28750000.0,1.29,2.29,22.39,44.78,13.78,12.46,1.19
格林达,sh603931,35.94,36.27,36.28,5454100.0,35.93,3600,35.94,7300,-0.91,36.87,35.0,5454100,196640000.0,2.73,5.16,71.72,71.72,39.9,32.64,0.54
华东数控,sz002248,11.06,10.05,10.94,21763700.0,11.06,12408400,0.0,0,10.05,11.06,10.81,21763700,239820000.0,7.08,2.49,34.01,34.01,11.06,9.05,1.45
奥康国际,sh603001,7.65,7.37,7.29,20343400.0,7.65,31900,7.66,35300,3.8,7.78,7.25,20343400,154190000.0,5.07,7.19,30.67,30.67,8.11,6.63,1.62
北特科技,sh603009,44.0,40.0,39.98,11068800.0,44.0,852800,0.0,0,10.0,44.0,39.55,11068800,467210000.0,3.2,11.13,152.41,152.41,44.0,36.0,1.75
大金重工,sz002487,41.65,42.1,42.09,16773700.0,41.65,7300,41.66,3900,-1.07,42.38,41.26,16773700,700930000.0,2.66,2.66,262.78,308.25,46.31,37.89,0.67
建研院,sh603183,4.62,4.68,4.64,22752200.0,4.62,474500,4.63,132400,-1.28,4.68,4.55,22752200,104930000.0,4.58,2.78,22.97,22.97,5.15,4.21,0.87
京泉华,sz002885,30.39,31.91,31.96,56046300.0,30.39,38300,30.4,14700,-4.76,32.0,28.72,56046300,1666490000.0,23.62,10.28,72.1,82.33,35.1,28.72,3.29
长虹美菱,sz000521,4.93,4.99,4.99,4966500.0,4.93,304600,4.94,81600,-1.2,4.99,4.92,4966500,24550000.0,0.57,1.4,43.15,50.78,5.49,4.49,0.66
中控技术,sh688777,98.78,103.0,102.97,1900576700.0,98.77,400,98.78,9000,-4.1,104.5,98.29,1900576700,1919610000.0,2.41,6.03,777.6,781.54,123.6,82.4,0.87
三德科技,sz300515,15.97,16.13,16.05,4638800.0,15.97,18600,15.98,7700,-0.99,16.36,15.95,4638800,74680000.0,2.3,2.54,32.22,32.86,19.36,12.9,0.7
城投控股,sh600649,3.77,3.72,3.73,24782400.0,3.77,133900,3.78,269300,1.34,3.8,3.69,24782400,93160000.0,0.99,2.96,93.94,93.94,4.09,3.35,1.36
公元股份,sz002641,3.9,3.94,3.94,7251200.0,3.89,432700,3.9,59100,-1.02,3.94,3.88,7251200,28260000.0,0.64,1.52,44.23,47.93,4.33,3.55,0.8
天舟文化,sz300148,3.48,3.53,3.54,18971600.0,3.48,31500,3.49,58100,-1.42,3.55,3.46,18971600,66180000.0,2.33,2.55,28.33,29.34,4.24,2.82,0.56
迈赫股份,sz301199,18.68,18.69,18.68,1462700.0,18.66,1400,18.68,4800,-0.05,18.85,18.26,1462700,27190000.0,0.81,3.16,33.56,34.87,22.43,14.95,0.84
ST派瑞,sz300831,15.22,15.33,15.33,4392000.0,15.22,58800,15.24,1400,-0.72,15.41,15.1,4392000,66990000.0,2.38,2.02,28.08,48.7,18.4,12.26,0.64
广汇物流,sh600603,4.53,4.47,4.5,11435000.0,4.52,25800,4.53,237100,1.34,4.57,4.41,11435000,51510000.0,0.97,3.58,53.27,53.27,4.92,4.02,1.01
泰山石油,sz000554,6.57,6.56,6.65,22084900.0,6.56,231000,6.57,57500,0.15,6.72,6.51,22084900,145430000.0,6.15,3.2,23.61,31.37,7.22,5.9,1.16
文灿股份,sh603348,14.49,14.53,14.59,2121200.0,14.49,13900,14.5,8400,-0.28,14.6,14.33,2121200,30640000.0,0.67,1.86,45.57,45.57,15.98,13.08,0.5
筑博设计,sz300564,12.42,12.75,12.7,3120400.0,12.42,14800,12.44,3200,-2.59,12.71,12.33,3120400,38900000.0,2.76,2.98,14.06,20.04,15.3,10.2,0.7
ST晨鸣,sz000488,1.91,1.92,1.91,7981400.0,1.91,120300,1.92,1995000,-0.52,1.92,1.9,7981400,15230000.0,0.47,1.04,32.36,56.18,2.11,1.73,0.76
雷神科技,bj920190,23.65,25.69,25.0,7516500.0,23.65,41900,23.66,2500,-7.94,25.0,23.5,7516500,179933500.0,7.56,5.84,23.52,23.65,33.39,17.99,1.27
青矩技术,bj920208,12.54,12.72,12.67,1533800.0,12.51,100,12.54,44600,-1.42,12.8,12.47,1533800,19256300.0,0.95,2.59,20.22,23.35,16.53,8.91,0.75
致欧科技,sz301376,20.24,20.8,20.75,5484100.0,20.24,14500,20.25,6800,-2.69,20.98,20.15,5484100,112540000.0,2.83,3.99,39.19,81.46,24.96,16.64,1.09
海天精工,sh601882,21.05,19.88,20.25,20859000.0,21.05,78500,21.06,5200,5.89,21.25,20.01,20859000,430350000.0,4.0,6.24,109.88,109.88,21.87,17.89,5.2
蜀道装备,sz300540,33.19,34.12,33.42,18396300.0,33.19,800,33.2,5000,-2.73,34.12,33.02,18396300,616420000.0,8.9,3.22,68.61,75.54,40.94,27.3,0.78
红墙股份,sz002809,8.25,8.31,8.3,4644900.0,8.25,96700,8.26,4000,-0.72,8.32,8.12,4644900,38230000.0,2.73,2.41,14.02,19.82,9.14,7.48,0.83
安杰思,sh688581,53.13,53.4,54.13,87117800.0,53.02,200,53.13,1900,-0.51,54.13,52.52,87117800,46280000.0,2.12,3.01,21.88,42.9,64.08,42.72,1.14
禾迈股份,sh688032,79.81,79.15,79.15,105151900.0,79.78,300,79.81,800,0.83,80.47,78.15,105151900,83770000.0,0.85,2.93,99.02,99.02,94.98,63.32,1.19
益佰制药,sh600594,3.83,3.78,3.75,52795100.0,3.82,206200,3.83,120200,1.32,4.1,3.73,52795100,205180000.0,6.73,9.79,30.04,30.04,4.16,3.4,1.43
冠盛股份,sh605088,21.25,21.52,21.53,4642400.0,21.25,13400,21.26,3100,-1.25,21.63,21.16,4642400,98880000.0,2.31,2.18,42.75,43.08,23.67,19.37,1.03
超达装备,sz301186,35.69,35.37,35.38,1444000.0,35.69,100,35.7,3000,0.9,36.27,34.56,1444000,51060000.0,1.34,4.83,38.5,40.95,42.44,28.3,0.83
麦克奥迪,sz300341,13.22,13.36,13.22,3318300.0,13.21,6100,13.22,3600,-1.05,13.34,13.1,3318300,43880000.0,0.64,1.8,68.13,68.4,16.03,10.69,0.68
伟星股份,sz002003,10.44,10.35,10.35,9041200.0,10.43,69300,10.44,11100,0.87,10.52,10.32,9041200,94320000.0,0.88,1.93,106.71,124.12,11.39,9.32,0.72
神奇制药,sh600613,5.17,5.19,5.16,10293500.0,5.17,42900,5.18,33800,-0.39,5.26,5.16,10293500,53600000.0,2.15,1.93,24.78,27.61,5.71,4.67,1.16
天风证券,sh601162,3.62,3.63,3.62,80762500.0,3.62,1633200,3.63,1990100,-0.28,3.65,3.61,80762500,293050000.0,0.94,1.1,311.25,364.68,3.99,3.27,0.62
九阳股份,sz002242,8.97,9.18,9.1,8408600.0,8.97,37200,8.98,19800,-2.29,9.12,8.97,8408600,75840000.0,1.1,1.63,68.32,68.44,10.1,8.26,0.82
遥望科技,sz002291,5.54,5.65,5.62,28852400.0,5.54,196200,5.55,192800,-1.95,5.65,5.52,28852400,160660000.0,3.32,2.3,48.15,51.81,6.22,5.09,0.37
天富能源,sh600509,7.69,7.77,7.77,18993600.0,7.69,4400,7.7,134300,-1.03,7.81,7.68,18993600,146780000.0,1.38,1.67,105.69,105.69,8.55,6.99,0.79
迈瑞医疗,sz300760,153.49,155.58,154.86,9060300.0,153.48,800,153.49,13500,-1.34,155.96,153.28,9060300,1399450000.0,0.75,1.72,1858.25,1859.99,186.7,124.46,0.81
三利谱,sz002876,27.8,27.68,27.41,2733600.0,27.8,8800,27.87,1000,0.43,28.09,27.3,2733600,76070000.0,1.84,2.85,41.41,48.34,30.45,24.91,0.82
梦洁股份,sz002397,3.59,3.64,3.63,16895900.0,3.58,60500,3.59,9100,-1.37,3.64,3.54,16895900,60630000.0,2.61,2.75,23.26,26.85,4.0,3.28,1.0
健民集团,sh600976,29.68,29.56,29.52,2698300.0,29.68,5400,29.7,11700,0.41,30.0,29.37,2698300,80090000.0,1.76,2.13,45.5,45.53,32.52,26.6,0.55
国星光电,sz002449,6.4,6.46,6.46,5469600.0,6.39,107600,6.4,138800,-0.93,6.46,6.36,5469600,35040000.0,0.88,1.55,39.58,39.58,7.11,5.81,0.68
拓日新能,sz002218,4.19,4.3,4.25,60571500.0,4.19,60200,4.2,372400,-2.56,4.25,4.16,60571500,254190000.0,4.36,2.09,58.14,59.01,4.73,3.87,0.95
金诚信,sh603979,76.01,80.18,79.95,9183400.0,76.01,10900,76.02,100,-5.2,80.86,76.01,9183400,716060000.0,1.47,6.05,474.14,474.14,88.2,72.16,0.96
*ST亿通,sz300211,7.8,7.66,7.64,2574500.0,7.79,12400,7.8,2400,1.83,7.83,7.58,2574500,19830000.0,0.86,3.26,23.28,23.71,9.19,6.13,0.5
中国外运,sh601598,6.69,6.68,6.69,13322800.0,6.68,6600,6.69,117200,0.15,6.78,6.62,13322800,89430000.0,0.26,2.4,345.03,479.92,7.35,6.01,0.59
国货航,sz001391,4.26,4.31,4.32,17813800.0,4.26,169400,4.27,273700,-1.16,4.32,4.25,17813800,76150000.0,1.17,1.62,64.72,520.1,4.74,3.88,0.72
英诺特,sh688253,66.47,71.34,71.5,421386800.0,66.26,400,66.47,2400,-6.83,72.31,65.52,421386800,290200000.0,3.08,9.52,91.05,91.05,85.61,57.07,1.38
华纳药厂,sh688799,46.62,46.19,45.98,434240200.0,46.55,1600,46.62,4500,0.93,48.3,44.43,434240200,200990000.0,3.25,8.38,62.3,62.3,55.43,36.95,1.32
汇中股份,sz300371,10.35,10.39,10.39,1692700.0,10.35,6900,10.37,11800,-0.38,10.45,10.25,1692700,17500000.0,1.21,1.92,14.49,20.83,12.47,8.31,0.63
金逸影视,sz002905,7.86,7.85,7.95,9059400.0,7.86,56800,7.87,5800,0.13,8.08,7.8,9059400,71750000.0,2.59,3.57,27.47,29.58,8.64,7.07,1.94
延江股份,sz300658,10.96,11.07,11.07,6990000.0,10.94,25600,10.96,1800,-0.99,11.18,10.77,6990000,76600000.0,3.17,3.7,24.2,36.47,13.28,8.86,0.83
百奥赛图,sh688796,138.2,137.0,137.0,547064600.0,138.2,12300,138.9,1500,0.88,149.99,136.02,547064600,773900000.0,14.17,10.2,53.36,617.61,164.4,109.6,1.5
林海股份,sh600099,8.88,8.9,8.86,3262200.0,8.85,2800,8.88,600,-0.22,8.99,8.8,3262200,28920000.0,1.49,2.13,19.46,19.46,9.79,8.01,1.02
海澜之家,sh600398,6.09,6.11,6.1,19609300.0,6.09,105000,6.1,800,-0.33,6.19,6.09,19609300,120300000.0,0.41,1.64,292.49,292.49,6.72,5.5,0.61
摩尔线程-U,sh688795,572.0,573.97,570.0,84751900.0,572.0,12400,572.26,100,-0.34,579.89,568.0,84751900,486080000.0,2.8,2.07,172.89,2688.56,688.76,459.18,0.61
申通快递,sz002468,14.42,14.7,14.67,16893100.0,14.42,72100,14.43,25400,-1.9,14.95,14.38,16893100,245990000.0,1.14,3.88,212.88,220.74,16.17,13.23,0.64
新柴股份,sz301032,10.09,10.17,10.17,2839200.0,10.09,4400,10.1,9600,-0.79,10.19,10.0,2839200,28660000.0,1.78,1.87,16.13,24.33,12.2,8.14,0.78
星星科技,sz300256,2.7,2.7,2.7,16628300.0,2.69,350100,2.7,18900,0.0,2.72,2.66,16628300,44850000.0,0.74,2.22,60.57,61.25,3.24,2.16,0.57
天润工业,sz002283,9.03,9.07,9.07,26250600.0,9.03,50500,9.04,2900,-0.44,9.32,9.0,26250600,240480000.0,2.62,3.53,90.56,102.89,9.98,8.16,1.32
诚迈科技,sz300598,29.47,29.51,29.52,4515900.0,29.47,2800,29.48,13500,-0.14,29.75,29.0,4515900,132900000.0,2.08,2.54,63.93,63.94,35.41,23.61,0.52
漫步者,sz002351,10.09,10.18,10.16,6440700.0,10.09,55600,10.1,23100,-0.88,10.18,10.04,6440700,65070000.0,1.24,1.38,52.57,89.71,11.2,9.16,0.83
九洲集团,sz300040,6.64,6.68,6.6,50624000.0,6.63,206300,6.64,137400,-0.6,6.74,6.53,50624000,335960000.0,9.78,3.14,34.35,42.72,8.02,5.34,0.94
汇宇制药-W,sh688553,12.25,12.04,11.86,1586444500.0,12.25,6800,12.26,200,1.74,12.63,11.82,1586444500,194310000.0,3.13,6.73,62.16,76.67,14.45,9.63,1.3
美新科技,sz301588,31.97,32.76,31.5,6565300.0,31.97,2600,31.98,13100,-2.41,32.38,30.05,6565300,206510000.0,8.95,7.11,23.45,38.0,39.31,26.21,0.93
宝莱特,sz300246,16.03,15.41,14.32,35331000.0,16.03,1000,16.04,90200,4.02,16.59,14.32,35331000,544980000.0,16.71,14.73,33.9,42.42,18.49,12.33,2.57
千味央厨,sz001215,32.91,33.3,33.3,1029100.0,32.91,2700,32.96,1700,-1.17,33.47,32.82,1029100,34090000.0,1.06,1.95,31.89,31.98,36.63,29.97,0.55
英力股份,sz300956,11.12,11.2,11.2,2739600.0,11.09,96600,11.12,1500,-0.71,11.2,10.93,2739600,30410000.0,1.3,2.41,23.4,23.96,13.44,8.96,0.48
恒顺醋业,sh600305,6.9,6.96,6.95,7172200.0,6.89,57400,6.9,24900,-0.86,7.0,6.88,7172200,49690000.0,0.65,1.72,76.1,76.22,7.66,6.26,0.75
洽洽食品,sz002557,19.62,19.6,19.66,7933000.0,19.62,11900,19.64,10000,0.1,19.96,19.55,7933000,156520000.0,1.57,2.09,98.94,99.25,21.56,17.64,0.89
德展健康,sz000813,3.54,3.5,3.48,53986200.0,3.53,454300,3.54,154000,1.14,3.65,3.47,53986200,191320000.0,2.57,5.14,74.23,74.24,3.85,3.15,1.68
ST龙韵,sh603729,11.37,11.44,11.44,678100.0,11.37,6400,11.42,3900,-0.61,11.48,11.23,678100,7720000.0,0.74,2.19,10.48,10.48,12.58,10.3,0.49
拓山重工,sz001226,42.44,41.86,41.86,541500.0,42.44,600,42.46,1600,1.39,42.7,41.51,541500,22840000.0,1.6,2.84,14.4,31.69,46.05,37.67,1.02
外高桥,sh600648,9.03,9.09,9.09,1775700.0,9.02,10100,9.03,71100,-0.66,9.13,8.96,1775700,16030000.0,0.16,1.87,102.74,122.8,10.0,8.18,0.61
招商港口,sz001872,21.82,22.17,22.17,1705700.0,21.82,23300,21.83,1000,-1.58,22.33,21.82,1705700,37530000.0,0.07,2.3,502.35,541.6,24.39,19.95,0.71
国科微,sz300672,165.75,170.52,167.8,11819600.0,165.75,12600,165.76,2700,-2.8,171.14,161.11,11819600,1967900000.0,5.62,5.88,348.63,359.85,204.62,136.42,0.84
公牛集团,sh603195,40.9,41.05,41.05,2770700.0,40.9,2900,40.94,100,-0.37,41.37,40.71,2770700,113900000.0,0.15,1.61,736.27,737.61,45.16,36.95,0.61
欣灵电气,sz301388,23.92,23.96,23.81,1097400.0,23.92,1600,23.95,8300,-0.17,24.09,23.5,1097400,26150000.0,1.51,2.46,17.39,24.51,28.75,19.17,0.84
五洋自控,sz300420,7.95,8.15,8.0,71585400.0,7.95,43300,7.96,58600,-2.45,8.13,7.8,71585400,570680000.0,6.41,4.05,88.74,88.75,9.78,6.52,0.43
爱科科技,sh688092,22.7,22.69,22.74,65249100.0,22.7,13500,22.74,1400,0.04,22.95,22.45,65249100,14800000.0,0.79,2.2,18.76,18.76,27.23,18.15,0.92
埃夫特-U,sh688165,17.61,17.55,17.52,913342200.0,17.61,4200,17.62,7600,0.34,17.97,17.25,913342200,161120000.0,1.75,4.1,91.89,91.89,21.06,14.04,1.09
乐山电力,sh600644,10.5,10.46,10.31,45838100.0,10.49,288100,10.5,238500,0.38,10.61,10.21,45838100,479090000.0,8.51,3.82,56.53,60.72,11.51,9.41,0.87
青山纸业,sh600103,2.95,2.98,2.96,68134500.0,2.95,1182000,2.96,534400,-1.01,3.0,2.91,68134500,201610000.0,3.08,3.02,65.26,66.1,3.28,2.68,0.48
英华特,sz301272,33.91,34.36,34.37,561200.0,33.91,100,33.97,400,-1.31,34.45,33.6,561200,19040000.0,1.41,2.47,13.46,19.84,41.23,27.49,0.6
亚星锚链,sh601890,8.47,8.63,8.63,14358700.0,8.47,21800,8.48,95000,-1.85,8.63,8.43,14358700,121980000.0,1.5,2.32,81.26,81.26,9.49,7.77,0.94
华钰矿业,sh601020,22.66,23.27,23.78,59828200.0,22.66,15000,22.67,30900,-2.62,24.02,22.63,59828200,1396220000.0,7.3,5.97,185.8,185.8,25.6,20.94,1.91
新黄浦,sh600638,5.0,5.04,5.01,5401700.0,4.99,81600,5.0,2600,-0.79,5.05,4.97,5401700,27020000.0,0.8,1.59,33.67,33.67,5.54,4.54,0.59
宁波华翔,sz002048,19.49,19.27,19.2,18290500.0,19.48,52900,19.49,39800,1.14,19.74,19.02,18290500,355450000.0,2.58,3.74,138.02,158.3,21.2,17.34,1.14
晋控煤业,sh601001,17.47,18.0,18.59,30102100.0,17.47,58600,17.48,3300,-2.94,18.6,17.39,30102100,532400000.0,1.8,6.72,292.4,292.4,19.8,16.2,0.9
北自科技,sh603082,41.43,40.03,39.1,8287900.0,41.43,3700,41.45,20800,3.5,43.0,38.52,8287900,340150000.0,20.44,11.19,16.8,69.01,44.03,36.03,1.27
梓橦宫,bj920566,10.04,10.04,9.9,2496100.0,10.01,400,10.04,1900,0.0,10.18,9.9,2496100,25093200.0,2.22,2.79,11.28,14.5,13.05,7.03,1.01
蠡湖股份,sz300694,10.82,10.9,10.9,3322400.0,10.82,14000,10.84,700,-0.73,10.97,10.66,3322400,35890000.0,1.53,2.84,23.46,23.49,13.08,8.72,0.66
泰凌微,sh688591,28.29,28.17,27.98,408456600.0,28.28,15100,28.29,2700,0.43,28.88,27.73,408456600,115670000.0,2.41,4.08,47.88,68.34,33.8,22.54,1.0
毕得医药,sh688073,75.41,73.92,75.17,999000900.0,75.41,1600,75.44,200,2.02,78.7,70.26,999000900,737430000.0,10.99,11.42,68.53,68.53,88.7,59.14,2.13
碧水源,sz300070,3.5,3.51,3.51,24458700.0,3.49,1214900,3.5,184900,-0.28,3.53,3.48,24458700,85670000.0,0.71,1.42,120.22,126.85,4.21,2.81,0.75
中信特钢,sz000708,13.76,13.93,13.92,13874200.0,13.75,24700,13.76,3900,-1.22,14.03,13.73,13874200,192220000.0,0.27,2.15,694.49,694.49,15.32,12.54,0.92
珍宝岛,sh603567,6.92,7.06,6.91,82670100.0,6.91,260400,6.92,157200,-1.98,7.08,6.81,82670100,572660000.0,8.8,3.82,65.01,65.06,7.77,6.35,0.79
衢州发展,sh600208,3.06,3.1,3.09,85859200.0,3.06,5200,3.07,1436800,-1.29,3.11,3.05,85859200,264070000.0,1.01,1.94,260.34,260.37,3.41,2.79,0.71
科威尔,sh688551,39.1,39.18,39.39,305049000.0,39.1,2200,39.15,1500,-0.2,40.27,38.38,305049000,119940000.0,2.8,4.82,42.62,42.62,47.02,31.34,0.85
哈尔斯,sz002615,6.69,6.7,6.64,5780300.0,6.68,9200,6.69,58800,-0.15,6.72,6.58,5780300,38490000.0,1.91,2.09,20.21,37.45,7.37,6.03,0.88
ST雪发,sz002485,5.87,5.78,5.8,2102000.0,5.87,4000,5.88,28700,1.56,5.88,5.63,2102000,12100000.0,0.39,4.33,31.93,31.93,6.36,5.2,0.55
农 产 品,sz000061,5.87,5.89,5.87,15248100.0,5.86,82800,5.87,101000,-0.34,5.9,5.8,15248100,89320000.0,0.85,1.7,105.33,116.52,6.48,5.3,0.68
瀚蓝环境,sh600323,29.82,29.98,29.93,4264100.0,29.82,16000,29.86,4600,-0.53,30.42,29.76,4264100,128000000.0,0.52,2.2,243.14,243.14,32.98,26.98,0.59
安利股份,sz300218,12.42,12.6,12.5,1678200.0,12.42,23900,12.43,3800,-1.43,12.57,12.38,1678200,20870000.0,0.78,1.51,26.86,26.95,15.12,10.08,0.56
平治信息,sz300571,33.67,34.09,33.87,5738000.0,33.66,2500,33.67,1500,-1.23,34.2,33.02,5738000,193630000.0,4.96,3.46,38.94,46.98,40.91,27.27,0.5
中设咨询,bj920873,7.35,7.48,7.43,1116000.0,7.33,5000,7.35,17100,-1.74,7.48,7.31,1116000,8250800.0,0.93,2.27,8.81,11.27,9.72,5.24,0.59
康美药业,sh600518,1.43,1.36,1.37,505792000.0,1.42,11096900,1.43,6452800,5.15,1.49,1.36,505792000,720910000.0,3.66,9.56,197.66,197.75,1.5,1.22,3.02
宝利国际,sz300135,3.33,3.35,3.35,10823800.0,3.32,87100,3.33,431900,-0.6,3.38,3.31,10823800,36040000.0,1.17,2.09,30.69,30.69,4.02,2.68,0.66
上声电子,sh688533,21.76,21.91,21.88,74351200.0,21.76,1200,21.77,1100,-0.68,21.99,21.56,74351200,16160000.0,0.45,1.96,35.9,35.9,26.29,17.53,0.76
展鹏科技,sh603488,9.38,8.53,8.56,12605000.0,9.38,3281100,0.0,0,9.96,9.38,8.32,12605000,113770000.0,4.32,12.43,27.39,27.39,9.38,7.68,1.68
天下秀,sh600556,5.06,5.12,5.14,49531700.0,5.06,134200,5.07,134100,-1.17,5.18,5.03,49531700,252410000.0,2.74,2.93,91.47,91.47,5.63,4.61,0.42
每日互动,sz300766,24.93,24.47,25.15,48124200.0,24.93,87100,24.94,29000,1.88,25.79,24.0,48124200,1206040000.0,13.44,7.32,89.23,98.41,29.36,19.58,1.33
珠江啤酒,sz002461,8.76,8.81,8.81,4524300.0,8.76,1900,8.77,11800,-0.57,8.87,8.7,4524300,39710000.0,0.2,1.93,193.89,193.89,9.69,7.93,0.69
浪潮软件,sh600756,15.63,15.78,15.8,23259400.0,15.63,3500,15.64,1000,-0.95,16.15,15.42,23259400,368820000.0,7.18,4.63,50.66,54.65,17.36,14.2,0.68
华光环能,sh600475,14.52,14.58,14.58,7468800.0,14.52,13200,14.53,1800,-0.41,14.71,14.31,7468800,108450000.0,0.79,2.74,136.91,138.81,16.04,13.12,0.61
新光药业,sz300519,14.28,14.35,14.26,4788400.0,14.28,26500,14.31,3700,-0.49,14.5,14.2,4788400,68810000.0,4.2,2.09,16.29,22.85,17.22,11.48,0.83
华东重机,sz002685,6.07,5.52,5.52,57313700.0,6.07,12776800,0.0,0,9.96,6.07,5.5,57313700,340270000.0,5.69,10.33,61.16,61.17,6.07,4.97,2.13
幸福蓝海,sz300528,15.03,14.8,14.89,40561200.0,15.03,17800,15.04,73900,1.55,15.66,14.5,40561200,613690000.0,10.89,7.84,56.0,56.0,17.76,11.84,1.79
中船科技,sh600072,8.92,9.02,9.0,13500900.0,8.91,122000,8.92,1500,-1.11,9.02,8.86,13500900,120670000.0,1.25,1.77,96.63,133.86,9.92,8.12,0.68
东方中科,sz002819,20.33,20.64,20.69,2027400.0,20.33,1000,20.34,800,-1.5,20.69,20.15,2027400,41300000.0,0.85,2.62,48.33,60.91,22.7,18.58,1.03
羚锐制药,sh600285,22.55,22.39,22.3,12114900.0,22.55,208300,22.56,3000,0.71,22.79,22.28,12114900,273080000.0,2.14,2.28,127.74,127.88,24.63,20.15,1.4
创力集团,sh603012,8.94,8.13,8.27,58976400.0,8.94,6618400,0.0,0,9.96,8.94,7.96,58976400,510160000.0,9.12,12.05,57.8,57.8,8.94,7.32,1.83
稳健医疗,sz300888,29.33,29.93,29.85,4426700.0,29.33,700,29.34,2800,-2.0,29.86,29.32,4426700,130840000.0,0.76,1.8,170.22,170.99,35.92,23.94,0.97
三变科技,sz002112,17.26,17.7,17.68,38167600.0,17.26,78200,17.28,800,-2.49,17.79,17.24,38167600,663580000.0,14.56,3.11,45.23,50.77,19.47,15.93,1.06
汉缆股份,sz002498,6.95,7.01,6.91,151792900.0,6.95,1125200,6.96,399200,-0.86,7.2,6.87,151792900,1065010000.0,4.56,4.71,231.21,231.21,7.71,6.31,0.8
巴兰仕,bj920112,16.74,17.01,17.0,290300.0,16.74,10600,16.84,800,-1.59,17.25,16.7,290300,4910100.0,0.83,3.23,5.83,19.89,22.11,11.91,0.87
罗普斯金,sz002333,5.6,5.55,5.54,7190700.0,5.59,14900,5.6,36600,0.9,5.64,5.5,7190700,40190000.0,1.08,2.52,37.32,37.8,6.11,5.0,0.75
爱乐达,sz300696,22.04,21.17,20.71,12781700.0,22.04,68000,22.05,2200,4.11,22.33,20.5,12781700,274640000.0,4.79,8.64,58.87,64.85,25.4,16.94,1.92
金鹰重工,sz301048,9.09,9.22,9.15,4707000.0,9.08,47000,9.09,7800,-1.41,9.21,9.05,4707000,42880000.0,0.88,1.74,48.48,48.48,11.06,7.38,1.08
宏昌科技,sz301008,42.45,38.3,37.92,21336900.0,42.44,300,42.45,37200,10.84,44.44,36.12,21336900,863530000.0,18.45,21.72,49.09,55.59,45.96,30.64,2.83
亚厦股份,sz002375,3.56,3.56,3.56,10464500.0,3.55,366500,3.56,100900,0.0,3.59,3.53,10464500,37260000.0,0.79,1.69,47.38,47.7,3.92,3.2,0.75
安凯微,sh688620,15.95,15.95,15.8,1532503200.0,15.94,59000,15.95,9000,0.0,16.28,15.47,1532503200,243910000.0,3.91,5.08,62.52,62.52,19.14,12.76,0.73
祥生医疗,sh688358,29.82,29.77,29.85,110996600.0,29.79,200,29.82,3200,0.17,30.36,29.57,110996600,33270000.0,0.99,2.65,33.39,33.44,35.72,23.82,1.01
太平鸟,sh603877,12.95,12.89,12.85,2063200.0,12.95,1600,12.96,2600,0.47,13.06,12.84,2063200,26710000.0,0.44,1.71,60.78,60.85,14.18,11.6,0.74
中储股份,sh600787,4.58,4.61,4.62,12624400.0,4.57,113600,4.58,307000,-0.65,4.65,4.56,12624400,58060000.0,0.58,1.95,99.39,99.39,5.07,4.15,0.72
凤凰股份,sh600716,3.56,3.56,3.56,5468600.0,3.56,48200,3.57,232400,0.0,3.62,3.52,5468600,19480000.0,0.58,2.81,33.32,33.32,3.92,3.2,0.93
弘景光电,sz301479,47.85,47.75,47.63,1622400.0,47.85,600,47.86,1200,0.21,48.28,46.8,1622400,77360000.0,2.28,3.1,34.12,59.6,57.3,38.2,0.88
中天火箭,sz003009,49.58,51.81,49.63,4354100.0,49.57,32200,49.58,14500,-4.3,50.25,48.62,4354100,215590000.0,2.64,3.15,81.65,81.67,56.99,46.63,0.96
奥美医疗,sz002950,9.48,9.59,9.49,6125300.0,9.48,197500,9.49,13100,-1.15,9.6,9.44,6125300,58280000.0,1.43,1.67,40.73,60.03,10.55,8.63,0.92
乔锋智能,sz301603,123.87,124.0,124.23,1617800.0,123.87,1400,124.0,16300,-0.1,127.15,122.11,1617800,202190000.0,4.29,4.06,46.74,149.59,148.8,99.2,0.59
瑞凌股份,sz300154,9.33,9.47,9.59,10404300.0,9.33,6800,9.36,26600,-1.48,9.65,9.16,10404300,97420000.0,3.3,5.17,29.4,41.94,11.36,7.58,0.82
上海汽配,sh603107,12.08,12.15,12.15,2157800.0,12.07,6600,12.08,900,-0.58,12.17,12.03,2157800,26070000.0,0.99,1.15,26.36,40.75,13.37,10.94,0.63
红太阳,sz000525,4.49,4.59,4.56,17807300.0,4.49,147600,4.5,200500,-2.18,4.61,4.47,17807300,80450000.0,1.6,3.05,49.92,58.5,5.05,4.13,0.83
林州重机,sz002535,2.53,2.51,2.52,12505400.0,2.52,3500,2.53,179800,0.8,2.54,2.46,12505400,31350000.0,1.68,3.19,18.88,20.28,2.76,2.26,0.88
鼎际得,sh603255,27.86,28.04,27.88,1046000.0,27.84,2000,27.86,8000,-0.64,28.11,27.34,1046000,28890000.0,1.72,2.75,16.9,37.5,30.84,25.24,0.77
亿华通-U,sh688339,17.72,17.93,17.75,175766200.0,17.72,8400,17.75,1000,-1.17,18.0,17.64,175766200,31270000.0,0.9,2.01,34.69,42.62,21.52,14.34,0.72
神州泰岳,sz300002,8.43,8.59,8.56,39312000.0,8.43,240800,8.44,141300,-1.86,8.62,8.42,39312000,334080000.0,2.12,2.33,156.04,165.83,10.31,6.87,0.61
声迅股份,sz003004,68.52,66.5,66.8,2175800.0,68.52,60900,68.53,100,3.04,71.48,65.96,2175800,149770000.0,3.17,8.3,47.1,56.09,73.15,59.85,1.29
利通电子,sh603629,118.22,125.81,125.81,40988900.0,118.22,45900,118.23,26500,-6.03,126.16,117.98,40988900,4966220000.0,11.36,6.5,426.45,433.55,138.39,113.23,0.98
湖南投资,sz000548,4.47,4.5,4.49,4620800.0,4.46,35400,4.47,6800,-0.67,4.51,4.43,4620800,20630000.0,0.93,1.78,22.31,22.31,4.95,4.05,0.77
艾德生物,sz300685,18.68,18.74,18.56,10242300.0,18.68,8000,18.69,37400,-0.32,19.05,18.5,10242300,192350000.0,2.63,2.93,72.77,72.87,22.49,14.99,1.1
祥源新材,sz300980,22.43,22.33,22.29,4147900.0,22.41,1900,22.43,1200,0.45,22.79,21.78,4147900,92570000.0,4.22,4.52,22.06,30.97,26.8,17.86,0.89
精华制药,sz002349,6.92,6.89,6.91,12380600.0,6.91,17900,6.92,5100,0.44,6.98,6.86,12380600,85810000.0,1.52,1.74,56.34,57.51,7.58,6.2,1.01
道恩股份,sz002838,25.88,25.99,25.79,4983900.0,25.87,6400,25.88,10100,-0.42,26.27,25.65,4983900,129310000.0,1.18,2.39,108.86,123.81,28.59,23.39,0.6
正裕工业,sh603089,8.9,9.01,9.04,2328500.0,8.88,600,8.9,5200,-1.22,9.04,8.82,2328500,20700000.0,0.97,2.44,21.36,24.54,9.91,8.11,1.23
古越龙山,sh600059,7.93,7.99,7.99,8646500.0,7.92,35600,7.93,10000,-0.75,8.02,7.9,8646500,68650000.0,0.95,1.5,72.29,72.29,8.79,7.19,0.95
国机通用,sh600444,13.82,13.8,13.8,3105300.0,13.82,7200,13.83,400,0.14,14.09,13.62,3105300,42950000.0,2.12,3.41,20.24,20.24,15.18,12.42,1.28
三博脑科,sz301293,55.9,57.14,56.18,10330700.0,55.9,17100,55.91,2700,-2.17,57.18,55.77,10330700,583040000.0,5.02,2.47,115.15,115.15,68.57,45.71,0.71
西昌电力,sh600505,11.34,11.4,11.36,7273600.0,11.33,87500,11.34,100,-0.53,11.48,11.28,7273600,82560000.0,2.0,1.75,41.34,41.34,12.54,10.26,0.75
明微电子,sh688699,62.16,61.45,61.36,324552500.0,62.0,300,62.16,10300,1.16,62.8,60.59,324552500,200440000.0,2.95,3.6,68.42,68.42,73.74,49.16,0.56
金帝股份,sh603270,27.85,27.34,27.39,3839500.0,27.85,3900,27.86,100,1.87,28.28,26.7,3839500,106390000.0,5.43,5.78,19.69,61.02,30.07,24.61,0.74
贵绳股份,sh600992,9.98,10.44,9.78,13038700.0,9.98,32800,9.99,59300,-4.41,10.1,9.65,13038700,129240000.0,5.32,4.31,24.46,24.46,11.48,9.4,1.47
赛伦生物,sh688163,32.6,32.23,32.07,116115400.0,32.6,5400,32.66,9700,1.15,33.58,31.6,116115400,38030000.0,1.07,6.14,35.28,35.28,38.68,25.78,0.9
中密控股,sz300470,29.58,29.9,29.87,1395500.0,29.57,6900,29.58,8500,-1.07,29.88,29.49,1395500,41300000.0,0.71,1.3,58.37,61.51,35.88,23.92,0.76
捷昌驱动,sh603583,25.28,25.64,25.64,4702300.0,25.27,70500,25.28,6300,-1.4,25.65,25.05,4702300,119250000.0,1.23,2.34,96.63,97.52,28.2,23.08,0.7
神州细胞,sh688520,38.81,37.9,37.62,535996500.0,38.8,500,38.81,4000,2.4,40.48,37.5,535996500,208730000.0,1.2,7.86,172.83,182.54,45.48,30.32,1.28
海尔生物,sh688139,28.96,29.15,28.93,269393700.0,28.94,3200,28.96,18200,-0.65,29.41,28.81,269393700,78510000.0,0.85,2.06,91.66,91.66,34.98,23.32,0.78
ST嘉澳,sh603822,58.81,57.45,57.43,605200.0,58.69,300,58.81,200,2.37,59.9,57.1,605200,35660000.0,0.79,4.87,45.18,45.18,63.2,51.71,0.88
普莱柯,sh603566,10.37,10.56,10.56,4157200.0,10.37,61000,10.38,6200,-1.8,10.56,10.32,4157200,43270000.0,1.2,2.27,35.89,35.89,11.62,9.5,0.93
蓝箭电子,sz301348,20.39,20.64,20.55,5942000.0,20.39,12200,20.4,4700,-1.21,20.71,20.27,5942000,121680000.0,3.07,2.13,39.45,48.94,24.77,16.51,0.48
意华股份,sz002897,57.18,57.44,57.35,7178300.0,57.17,1000,57.18,5800,-0.45,58.62,56.32,7178300,412340000.0,3.89,4.0,105.45,110.86,63.18,51.7,0.68
致尚科技,sz301486,153.11,158.19,155.13,5245000.0,153.11,200,153.18,100,-3.21,160.3,151.55,5245000,811830000.0,7.19,5.53,111.66,197.19,189.83,126.55,0.79
秀强股份,sz300160,4.37,4.39,4.4,4929700.0,4.37,33800,4.38,44900,-0.46,4.4,4.33,4929700,21530000.0,0.65,1.59,33.31,33.78,5.27,3.51,0.7
中英科技,sz300936,76.15,73.8,72.85,4223600.0,76.15,1200,76.18,400,3.18,77.28,72.85,4223600,318850000.0,8.91,6.0,36.11,57.26,88.56,59.04,1.13
首航新能,sz301658,24.97,24.76,24.9,4278800.0,24.97,5400,24.98,23000,0.85,25.15,24.23,4278800,106270000.0,4.39,3.72,24.32,102.97,29.71,19.81,1.05
芒果超媒,sz300413,16.02,16.18,16.1,12466400.0,16.01,15800,16.02,5700,-0.99,16.27,15.99,12466400,200660000.0,1.22,1.73,163.68,299.69,19.42,12.94,0.52
湖北广电,sz000665,4.02,4.02,4.06,8763500.0,4.01,68900,4.02,416500,0.0,4.06,3.97,8763500,35150000.0,0.77,2.24,45.71,45.71,4.42,3.62,0.69
昆工科技,bj920152,13.53,13.74,13.79,630600.0,13.53,2200,13.59,1000,-1.53,13.79,13.42,630600,8545700.0,0.77,2.69,11.11,14.9,17.86,9.62,0.65
国科天成,sz301571,64.6,68.0,67.58,4873300.0,64.59,5300,64.6,1300,-5.0,68.63,64.2,4873300,321220000.0,4.09,6.51,76.98,115.91,81.6,54.4,0.84
中机认检,sz301508,24.02,24.14,23.87,1101200.0,24.02,16800,24.03,5800,-0.5,24.14,23.8,1101200,26390000.0,1.87,1.41,14.13,54.31,28.97,19.31,0.41
奥飞数据,sz300738,22.89,22.84,23.1,58643800.0,22.89,125300,22.9,176700,0.22,23.23,22.5,58643800,1342760000.0,5.95,3.2,225.44,225.51,27.41,18.27,0.71
仁智股份,sz002629,4.68,4.7,4.76,13508000.0,4.68,30100,4.7,17700,-0.43,4.76,4.61,13508000,63560000.0,3.73,3.19,16.95,19.94,5.17,4.23,1.06
恩华药业,sz002262,22.55,22.37,22.3,19638200.0,22.55,48300,22.56,4000,0.8,23.22,22.18,19638200,448200000.0,2.22,4.65,199.29,229.06,24.61,20.13,1.49
华阳智能,sz301502,52.75,51.96,51.62,768800.0,52.75,1800,52.84,200,1.52,53.63,50.0,768800,40120000.0,3.26,6.99,12.44,30.11,62.35,41.57,0.88
苏豪弘业,sh600128,8.23,8.28,8.27,2994700.0,8.22,14500,8.23,13600,-0.6,8.29,8.17,2994700,24650000.0,1.21,1.45,20.31,20.71,9.11,7.45,0.7
海能达,sz002583,8.35,8.43,8.45,14687700.0,8.35,155700,8.36,9400,-0.95,8.45,8.3,14687700,122870000.0,1.15,1.78,107.11,151.85,9.27,7.59,0.45
分众传媒,sz002027,5.31,5.29,5.29,161881900.0,5.3,1611000,5.31,148000,0.38,5.4,5.29,161881900,865040000.0,1.12,2.08,766.88,766.88,5.82,4.76,0.89
赛分科技,sh688758,28.14,29.65,29.37,1656522400.0,28.14,10900,28.18,5000,-5.09,29.78,27.8,1656522400,477360000.0,5.56,6.68,83.91,117.19,35.58,23.72,1.13
用友网络,sh600588,11.92,11.86,11.89,74742100.0,11.91,332100,11.92,141700,0.51,12.15,11.6,74742100,890880000.0,2.19,4.64,407.31,407.31,13.05,10.67,0.53
儒竞科技,sz301525,43.07,41.75,41.75,1774700.0,43.07,2900,43.08,100,3.16,43.8,41.26,1774700,75990000.0,2.57,6.08,29.79,56.87,50.1,33.4,1.46
诺唯赞,sh688105,22.66,23.08,22.5,2455793900.0,22.66,4200,22.67,51400,-1.82,24.87,22.5,2455793900,571430000.0,4.75,10.27,117.15,117.15,27.7,18.46,1.32
万孚生物,sz300482,17.74,17.89,17.8,5552100.0,17.74,6600,17.75,1000,-0.84,17.96,17.69,5552100,98960000.0,1.29,1.51,76.29,83.04,21.47,14.31,0.8
成飞集成,sz002190,23.58,24.15,24.04,7038100.0,23.58,11100,23.59,8900,-2.36,24.04,23.28,7038100,165790000.0,1.96,3.15,84.59,84.59,26.57,21.74,1.17
世茂能源,sh605028,26.34,25.94,25.87,3579300.0,26.33,800,26.34,800,1.54,27.4,25.56,3579300,94470000.0,2.24,7.09,42.14,42.14,28.53,23.35,1.92
蔚蓝生物,sh603739,12.2,12.24,12.17,3798700.0,12.2,3300,12.21,5000,-0.33,12.48,12.07,3798700,46410000.0,1.5,3.35,30.87,30.87,13.46,11.02,1.14
昊海生科,sh688366,32.66,32.78,32.82,82164200.0,32.6,400,32.66,5100,-0.37,33.28,32.4,82164200,26900000.0,0.42,2.68,63.38,74.74,39.34,26.22,0.86
汉桑科技,sz301491,40.68,39.87,39.8,1538400.0,40.68,1200,40.69,6700,2.03,41.02,39.53,1538400,62140000.0,4.02,3.74,15.56,52.48,47.84,31.9,1.7
苏 泊 尔,sz002032,41.42,41.48,41.3,1629300.0,41.41,17200,41.42,24800,-0.14,41.68,41.1,1629300,67470000.0,0.2,1.4,331.15,331.3,45.63,37.33,0.73
京仪装备,sh688652,152.62,160.7,158.97,649692600.0,152.62,1100,152.67,300,-5.03,161.85,150.01,649692600,1003320000.0,5.38,7.37,184.29,256.4,192.84,128.56,0.82
天壕能源,sz300332,4.88,4.87,4.9,20819500.0,4.88,115100,4.89,44000,0.21,4.96,4.84,20819500,101850000.0,2.56,2.46,39.65,41.37,5.84,3.9,1.04
巨力索具,sz002342,8.16,8.41,8.29,47107200.0,8.16,158800,8.17,191700,-2.97,8.32,8.05,47107200,384920000.0,4.93,3.21,77.9,78.34,9.25,7.57,0.85
华强科技,sh688151,16.95,17.44,17.0,790174600.0,16.95,41600,16.96,8400,-2.81,17.17,16.69,790174600,133450000.0,2.29,2.75,58.39,58.39,20.93,13.95,1.29
哈药股份,sh600664,8.27,7.52,7.76,678752100.0,8.27,13996300,0.0,0,9.97,8.27,7.76,678752100,5494870000.0,26.95,6.78,208.28,208.28,8.27,6.77,1.79
杭州园林,sz300649,24.85,25.59,25.5,6719800.0,24.85,9500,24.88,700,-2.89,26.16,24.8,6719800,171740000.0,6.33,5.31,26.37,32.91,30.71,20.47,0.97
新城控股,sh601155,11.06,11.26,11.25,21023900.0,11.05,160500,11.06,33800,-1.78,11.48,11.05,21023900,237590000.0,0.93,3.82,249.47,249.47,12.39,10.13,0.89
国网信通,sh600131,15.7,15.62,15.61,6332600.0,15.69,23100,15.7,6700,0.51,15.89,15.43,6332600,99370000.0,0.53,2.94,187.76,187.93,17.18,14.06,0.69
天有为,sh603202,53.6,53.84,53.81,660300.0,53.6,500,53.63,500,-0.45,53.95,53.3,660300,35410000.0,1.31,1.21,26.91,85.76,59.22,48.46,0.54
正丹股份,sz300641,14.88,15.06,14.98,6896200.0,14.88,3300,14.89,14700,-1.2,15.0,14.76,6896200,102410000.0,1.31,1.59,78.2,78.2,18.07,12.05,0.85
富春股份,sz300299,5.55,5.56,5.57,16104300.0,5.54,30500,5.55,53100,-0.18,5.61,5.47,16104300,89230000.0,2.34,2.52,38.26,38.31,6.67,4.45,0.6
创耀科技,sh688259,30.58,30.62,30.01,97236900.0,30.54,500,30.58,5300,-0.13,30.93,30.01,97236900,29700000.0,0.87,3.0,34.16,34.16,36.74,24.5,0.7
佳士科技,sz300193,7.82,7.88,7.81,5763300.0,7.82,6800,7.83,600,-0.76,8.01,7.75,5763300,45390000.0,1.37,3.3,32.8,37.24,9.46,6.3,1.24
开立医疗,sz300633,20.51,20.45,20.36,3362600.0,20.51,2700,20.52,4000,0.29,20.68,20.34,3362600,68950000.0,1.29,1.66,53.35,87.13,24.54,16.36,0.59
泰鸿万立,sh603210,13.75,13.88,13.86,2407200.0,13.75,20000,13.76,14400,-0.94,13.86,13.68,2407200,33080000.0,1.03,1.3,31.99,46.8,15.27,12.49,0.82
神农集团,sh605296,31.37,31.57,31.46,3383700.0,31.37,9400,31.38,5200,-0.63,31.96,31.1,3383700,106850000.0,0.65,2.72,162.49,165.08,34.73,28.41,1.1
杰克科技,sh603337,44.22,44.29,43.88,5385600.0,44.21,300,44.22,5000,-0.16,45.08,43.61,5385600,239050000.0,1.15,3.32,206.52,210.66,48.72,39.86,0.79
长城科技,sh603897,29.14,26.49,26.38,11395400.0,29.14,4413400,0.0,0,10.0,29.14,26.08,11395400,316160000.0,5.52,11.55,60.16,60.16,29.14,23.84,1.76
南极电商,sz002127,3.16,3.19,3.18,39447300.0,3.15,577900,3.16,21600,-0.94,3.2,3.13,39447300,124800000.0,1.98,2.19,63.03,77.57,3.51,2.87,0.72
中铁装配,sz300374,11.07,11.19,11.09,2633400.0,11.07,900,11.09,500,-1.07,11.23,11.0,2633400,29240000.0,1.07,2.06,27.22,27.22,13.43,8.95,0.8
大有能源,sh600403,6.7,6.68,7.0,173764200.0,6.7,979400,6.71,195000,0.3,7.35,6.7,173764200,1216300000.0,7.27,9.73,160.18,160.18,7.35,6.01,1.65
中国医药,sh600056,9.61,9.47,9.44,33749300.0,9.6,64300,9.61,5600,1.48,9.8,9.42,33749300,325760000.0,2.26,4.01,143.7,143.75,10.42,8.52,1.77
世纪瑞尔,sz300150,4.23,4.24,4.24,4942800.0,4.22,71300,4.23,7800,-0.24,4.27,4.16,4942800,20860000.0,1.07,2.59,19.61,24.75,5.09,3.39,0.7
聚灿光电,sz300708,7.73,7.82,7.82,9488500.0,7.73,131300,7.74,8800,-1.15,7.82,7.69,9488500,73550000.0,1.33,1.66,55.23,72.92,9.38,6.26,0.49
承德露露,sz000848,8.91,8.97,9.0,14698800.0,8.91,27100,8.92,4700,-0.67,9.13,8.88,14698800,132030000.0,1.45,2.79,90.09,90.88,9.87,8.07,0.84
紫光国微,sz002049,67.3,68.0,67.51,16910800.0,67.29,700,67.3,34000,-1.03,68.19,67.1,16910800,1143220000.0,2.01,1.6,567.42,567.5,74.8,61.2,0.65
铜牛信息,sz300895,55.9,52.65,53.7,13814700.0,55.9,20400,55.91,400,6.17,58.65,51.67,13814700,763640000.0,10.0,13.26,77.24,78.71,63.18,42.12,1.83
畅联股份,sh603648,9.39,9.48,9.49,1596800.0,9.38,13200,9.39,6200,-0.95,9.49,9.34,1596800,15000000.0,0.44,1.58,34.03,34.03,10.43,8.53,0.7
湖南海利,sh600731,5.79,5.85,5.85,8365300.0,5.78,14300,5.79,12000,-1.03,5.85,5.75,8365300,48430000.0,1.54,1.71,31.36,32.07,6.44,5.27,1.23
安靠智电,sz300617,41.49,42.48,41.86,6184800.0,41.49,11000,41.5,3200,-2.33,42.17,40.51,6184800,255920000.0,4.45,3.91,57.64,68.75,50.98,33.98,1.02
长源东谷,sh603950,57.27,60.96,60.17,8506900.0,57.25,100,57.27,1500,-6.05,60.85,57.01,8506900,494410000.0,2.63,6.3,185.48,185.63,67.06,54.86,0.97
瑞迈特,sz301367,46.58,46.45,46.3,2397100.0,46.58,8500,46.59,200,0.28,47.97,46.02,2397100,112830000.0,2.44,4.2,45.69,58.36,55.74,37.16,0.86
洪都航空,sh600316,28.29,28.53,27.8,25266800.0,28.29,11800,28.3,3300,-0.84,28.97,27.52,25266800,715930000.0,3.52,5.08,202.87,202.87,31.38,25.68,1.84
英派斯,sz002899,20.13,20.36,20.21,2272000.0,20.13,5400,20.14,500,-1.13,20.35,19.88,2272000,45650000.0,1.54,2.31,29.75,29.75,22.4,18.32,0.61
顶点软件,sh603383,29.76,30.07,30.08,2858400.0,29.76,1500,29.77,100,-1.03,30.1,29.64,2858400,85300000.0,1.39,1.53,61.12,61.12,33.08,27.06,0.53
山东出版,sh601019,6.98,7.07,7.03,7976500.0,6.98,7800,6.99,135800,-1.27,7.09,6.95,7976500,55870000.0,0.38,1.98,145.67,145.67,7.78,6.36,0.67
中集车辆,sz301039,7.9,8.07,8.08,14232000.0,7.89,48500,7.9,32700,-2.11,8.13,7.85,14232000,113380000.0,0.98,3.47,114.74,148.06,9.68,6.46,0.75
金龙机电,sz300032,3.75,3.76,3.75,16722000.0,3.75,168000,3.76,1100,-0.27,3.81,3.72,16722000,62960000.0,2.08,2.39,30.12,30.12,4.51,3.01,0.81
一汽解放,sz000800,6.15,6.22,6.2,13325000.0,6.14,160800,6.15,24100,-1.13,6.23,6.13,13325000,82160000.0,0.27,1.61,302.63,302.66,6.84,5.6,0.86
理工能科,sz002322,10.71,10.82,10.76,2339300.0,10.71,39600,10.72,6600,-1.02,10.83,10.67,2339300,25080000.0,0.67,1.48,37.63,39.15,11.9,9.74,0.63
金埔园林,sz301098,8.61,8.64,8.56,6934300.0,8.6,3500,8.61,23500,-0.35,8.73,8.29,6934300,59070000.0,3.59,5.09,16.62,19.93,10.37,6.91,0.6
透景生命,sz300642,13.58,13.79,13.84,4862200.0,13.58,1000,13.59,5000,-1.52,13.85,13.4,4862200,66080000.0,3.53,3.26,18.7,22.04,16.55,11.03,1.17
华纬科技,sz001380,16.59,16.68,16.87,1286200.0,16.58,1800,16.59,2100,-0.54,16.87,16.33,1286200,21270000.0,0.55,3.24,38.61,44.93,18.35,15.01,0.87
新乳业,sz002946,16.95,16.97,16.87,9913200.0,16.94,2100,16.95,900,-0.12,17.37,16.74,9913200,169040000.0,1.17,3.71,144.2,145.89,18.67,15.27,1.05
三未信安,sh688489,23.6,23.7,23.68,113339500.0,23.53,900,23.6,3300,-0.42,23.94,23.4,113339500,26850000.0,0.67,2.28,39.71,40.02,28.44,18.96,0.78
老百姓,sh603883,14.01,12.74,13.14,32454300.0,14.01,8121000,0.0,0,9.97,14.01,13.02,32454300,446000000.0,4.28,7.77,106.32,106.32,14.01,11.47,2.89
绿色动力,sh601330,7.2,7.25,7.24,6568000.0,7.2,7200,7.21,213300,-0.69,7.26,7.17,6568000,47300000.0,0.66,1.24,71.21,103.0,7.98,6.53,0.68
天禾股份,sz002999,5.87,5.88,5.88,6494300.0,5.86,29900,5.87,400,-0.17,5.95,5.83,6494300,38260000.0,1.89,2.04,20.17,20.4,6.47,5.29,1.03
ST易购,sz002024,1.22,1.23,1.23,15659000.0,1.22,4881900,1.23,5513200,-0.81,1.24,1.22,15659000,19180000.0,0.17,1.63,112.89,113.03,1.35,1.11,0.69
铭科精技,sz001319,19.53,19.62,19.62,970500.0,19.51,1900,19.53,13400,-0.46,19.71,19.29,970500,18940000.0,1.18,2.14,16.01,27.62,21.58,17.66,0.68
新天地,sz301277,10.76,10.75,10.61,7444100.0,10.76,22900,10.78,12200,0.09,10.96,10.61,7444100,80740000.0,1.9,3.26,42.19,42.19,12.9,8.6,0.82
廊坊发展,sh600149,4.9,4.92,4.92,6605900.0,4.9,6900,4.91,22200,-0.41,4.94,4.84,6605900,32360000.0,1.74,2.03,18.63,18.63,5.41,4.43,0.76
华立科技,sz301011,15.26,15.39,15.56,1788300.0,15.26,1600,15.27,5100,-0.84,15.59,15.06,1788300,27290000.0,1.22,3.44,22.38,23.57,18.47,12.31,0.73
锦龙股份,sz000712,9.23,9.38,9.5,33889000.0,9.22,173200,9.23,124200,-1.6,9.53,9.21,33889000,315710000.0,3.78,3.41,82.68,82.7,10.32,8.44,0.92
上海三毛,sh600689,10.62,10.56,10.59,2273400.0,10.61,3000,10.62,4800,0.57,10.73,10.48,2273400,24090000.0,1.49,2.37,16.16,21.35,11.62,9.5,0.96
开尔新材,sz300234,9.27,9.15,9.09,19625100.0,9.27,133500,9.28,33800,1.31,9.48,9.0,19625100,181210000.0,5.71,5.25,31.89,46.64,10.98,7.32,1.22
华海诚科,sh688535,101.5,103.64,102.92,650980900.0,101.5,8900,101.51,700,-2.06,104.66,100.25,650980900,667420000.0,4.88,4.26,135.54,145.42,124.37,82.91,0.66
标榜股份,sz301181,22.98,22.64,22.65,1993900.0,22.96,1900,22.98,2100,1.5,23.25,22.14,1993900,45420000.0,1.7,4.9,26.94,34.52,27.17,18.11,0.81
建新股份,sz300107,6.46,6.54,6.46,9041800.0,6.46,96400,6.47,18400,-1.22,6.49,6.41,9041800,58370000.0,2.6,1.22,22.46,36.36,7.85,5.23,0.98
江铃汽车,sz000550,16.39,16.37,16.39,5598800.0,16.38,27100,16.39,7400,0.12,16.75,16.27,5598800,92220000.0,1.08,2.93,84.98,141.48,18.01,14.73,1.37
绿发电力,sz000537,8.77,8.32,8.48,120829000.0,8.76,220000,8.77,19300,5.41,9.06,8.22,120829000,1038160000.0,5.88,10.1,180.29,180.29,9.15,7.49,4.34
长飞光纤,sh601869,335.92,343.09,334.0,10092600.0,335.92,4400,335.95,900,-2.09,344.0,325.56,10092600,3377440000.0,2.48,5.37,1364.97,2781.1,377.4,308.78,0.64
贵州轮胎,sz000589,4.31,4.4,4.36,32332400.0,4.31,216400,4.32,153900,-2.05,4.39,4.31,32332400,140450000.0,2.09,1.82,66.55,66.99,4.84,3.96,1.04
超研股份,sz301602,15.32,15.49,15.5,2315800.0,15.32,24100,15.33,500,-1.1,15.55,15.22,2315800,35560000.0,1.11,2.13,31.94,65.62,18.59,12.39,0.78
富维股份,sh600742,7.65,7.65,7.74,6621000.0,7.64,132200,7.65,42900,0.0,7.85,7.62,6621000,50900000.0,0.89,3.01,56.84,56.84,8.42,6.89,1.08
新天药业,sz002873,8.3,8.26,8.22,6837500.0,8.3,15100,8.31,57300,0.48,8.43,8.18,6837500,56640000.0,2.85,3.03,19.89,20.26,9.09,7.43,0.96
雅本化学,sz300261,5.31,5.4,5.34,17979400.0,5.31,5000,5.32,126600,-1.67,5.41,5.28,17979400,95590000.0,1.91,2.41,50.06,51.15,6.48,4.32,0.69
恒誉环保,sh688309,74.8,70.5,72.0,485936700.0,74.68,1900,74.8,11100,6.1,75.94,67.5,485936700,348190000.0,6.12,11.97,59.39,59.39,84.6,56.4,2.19
利欧股份,sz002131,5.3,5.4,5.41,404697700.0,5.3,305700,5.31,1193400,-1.85,5.46,5.24,404697700,2158100000.0,6.91,4.07,310.3,358.9,5.94,4.86,0.4
卧龙电驱,sh600580,36.65,35.45,35.02,90598100.0,36.65,79600,36.66,29100,3.39,37.5,34.53,90598100,3273580000.0,5.82,8.38,570.87,572.52,39.0,31.91,0.95
联合动力,sz301656,17.09,17.36,17.31,4546200.0,17.08,18500,17.09,6500,-1.56,17.34,16.98,4546200,77790000.0,2.23,2.07,34.8,410.98,20.83,13.89,0.83
拓邦股份,sz002139,10.1,10.16,10.13,16471100.0,10.1,87100,10.11,8000,-0.59,10.22,10.04,16471100,166800000.0,1.54,1.77,108.18,125.93,11.18,9.14,0.78
华森制药,sz002907,13.69,13.9,13.87,5249800.0,13.69,10600,13.7,7800,-1.51,13.97,13.65,5249800,72440000.0,1.56,2.3,45.97,57.17,15.29,12.51,0.91
安泰科技,sz000969,17.1,17.35,17.25,23082000.0,17.1,40300,17.11,27400,-1.44,17.35,17.05,23082000,397240000.0,2.22,1.73,178.07,179.64,19.09,15.62,0.64
富春染织,sh605189,17.1,16.78,16.88,29291000.0,17.1,21400,17.11,42400,1.91,17.24,16.55,29291000,495160000.0,12.3,4.11,40.74,40.74,18.46,15.1,1.08
千禾味业,sh603027,7.41,7.6,7.6,20496300.0,7.41,57500,7.42,49100,-2.5,7.64,7.39,20496300,153600000.0,1.54,3.29,98.61,98.61,8.36,6.84,1.15
秋乐种业,bj920087,11.08,11.49,11.25,7264000.0,11.08,60000,11.1,1500,-3.57,11.59,11.06,7264000,81801900.0,4.43,4.61,18.18,18.3,14.93,8.05,0.69
申通地铁,sh600834,7.4,7.38,7.38,2910600.0,7.39,43900,7.4,27300,0.27,7.52,7.3,2910600,21610000.0,0.61,2.98,35.33,35.33,8.12,6.64,1.45
达瑞电子,sz300976,55.62,56.93,56.63,4625600.0,55.6,2000,55.62,200,-2.3,57.2,54.89,4625600,259330000.0,3.84,4.06,66.95,104.08,68.32,45.54,0.86
广汇能源,sh600256,5.87,5.79,5.89,148316900.0,5.87,16800,5.88,456100,1.38,5.94,5.73,148316900,868280000.0,2.32,3.63,375.21,375.21,6.37,5.21,1.15
*ST元道,sz301139,3.74,3.65,3.56,17902700.0,3.73,150000,3.74,8400,2.47,3.99,3.55,17902700,68250000.0,23.5,12.05,2.85,4.55,4.38,2.92,0.8
碧兴物联,sh688671,24.1,24.03,24.06,130532500.0,24.06,3600,24.1,900,0.29,24.47,23.62,130532500,31440000.0,2.43,3.54,12.96,18.92,28.84,19.22,0.76
电科院,sz300215,6.27,6.37,6.37,7393700.0,6.27,70500,6.28,40900,-1.57,6.38,6.19,7393700,46370000.0,0.99,2.98,46.97,46.97,7.64,5.1,0.69
益客食品,sz301116,9.05,9.15,9.09,3818300.0,9.05,35500,9.08,4000,-1.09,9.22,9.02,3818300,34800000.0,0.85,2.19,40.63,40.63,10.98,7.32,0.83
鸿特科技,sz300176,5.23,5.33,5.32,13342500.0,5.22,78200,5.23,117300,-1.88,5.33,5.18,13342500,70050000.0,3.45,2.81,20.25,20.25,6.4,4.26,1.22
国盛证券,sz002670,11.38,11.23,11.2,35399100.0,11.38,192900,11.39,396800,1.34,11.6,11.12,35399100,402290000.0,2.18,4.27,184.74,220.21,12.35,10.11,1.16
时代出版,sh600551,6.91,6.96,6.93,3524900.0,6.9,44100,6.91,5700,-0.72,6.98,6.89,3524900,24420000.0,0.52,1.29,46.85,46.85,7.66,6.26,0.75
宝光股份,sh600379,13.45,14.27,13.98,24971900.0,13.44,18000,13.45,4500,-5.75,14.21,13.3,24971900,339070000.0,7.56,6.38,44.41,44.41,15.7,12.84,0.99
智翔金泰-U,sh688443,26.33,24.79,24.6,774816900.0,26.31,2800,26.33,16400,6.21,27.24,24.5,774816900,202450000.0,5.4,11.05,37.75,96.55,29.75,19.83,1.71
空港股份,sh600463,8.21,8.26,8.22,3702600.0,8.19,1900,8.21,26400,-0.61,8.3,8.12,3702600,30370000.0,1.23,2.18,24.63,24.63,9.09,7.43,0.96
真视通,sz002771,12.88,12.91,12.9,3777800.0,12.88,12800,12.89,400,-0.23,13.02,12.63,3777800,48570000.0,2.16,3.02,22.48,27.02,14.2,11.62,0.51
常青股份,sh603768,11.25,11.35,11.4,3163500.0,11.25,6200,11.26,600,-0.88,11.48,11.24,3163500,35930000.0,1.33,2.11,26.77,26.77,12.49,10.22,0.91
众辰科技,sh603275,36.82,36.58,36.48,780900.0,36.82,4400,36.84,300,0.66,37.13,36.08,780900,28650000.0,1.88,2.87,15.29,54.78,40.24,32.92,1.04
*ST仕净,sz301030,8.52,8.27,8.26,7238800.0,8.51,21100,8.52,1000,3.02,8.56,8.07,7238800,60160000.0,3.58,5.93,17.22,17.24,9.92,6.62,0.88
普门科技,sh688389,11.43,11.34,11.22,311906500.0,11.42,2800,11.43,26500,0.79,11.46,11.22,311906500,35430000.0,0.73,2.12,48.98,48.98,13.61,9.07,1.18
帝奥微,sh688381,32.53,32.12,31.5,783392700.0,32.53,33400,32.59,300,1.28,33.5,31.21,783392700,253630000.0,3.17,7.13,80.51,80.51,38.54,25.7,0.8
澳华内镜,sh688212,29.81,28.2,28.44,508035600.0,29.79,500,29.81,1000,5.71,30.74,28.1,508035600,150330000.0,3.77,9.36,40.14,40.14,33.84,22.56,2.23
软通动力,sz301236,40.81,40.95,40.95,26415300.0,40.8,50500,40.81,1000,-0.34,41.97,40.5,26415300,1089140000.0,3.36,3.59,320.65,422.46,49.14,32.76,0.64
博雅生物,sz300294,15.72,15.75,15.7,5958100.0,15.71,5600,15.72,31100,-0.19,15.88,15.57,5958100,93610000.0,1.18,1.97,79.27,79.27,18.9,12.6,0.96
绿城水务,sh601368,4.53,4.52,4.5,6781500.0,4.53,27600,4.54,86600,0.22,4.63,4.5,6781500,30840000.0,0.77,2.88,40.0,40.0,4.97,4.07,1.18
正川股份,sh603976,27.73,28.09,28.09,3677100.0,27.72,15200,27.73,9100,-1.28,28.44,27.53,3677100,102860000.0,2.14,3.24,47.59,47.59,30.9,25.28,0.74
广州港,sh601228,3.05,3.08,3.08,15586900.0,3.04,1371200,3.05,19400,-0.97,3.09,3.04,15586900,47700000.0,0.21,1.62,230.11,230.11,3.39,2.77,0.64
泰林生物,sz300813,20.51,20.75,20.5,1810800.0,20.51,500,20.52,600,-1.16,20.8,20.18,1810800,37180000.0,2.38,2.99,15.6,24.86,24.9,16.6,0.73
引力传媒,sh603598,17.95,18.14,18.25,11868600.0,17.95,22400,17.96,20000,-1.05,18.56,17.81,11868600,214620000.0,4.41,4.13,48.36,48.41,19.95,16.33,0.47
ST东尼,sh603595,27.21,27.0,26.63,2501000.0,27.2,1900,27.21,9500,0.78,27.79,26.2,2501000,67820000.0,1.08,5.89,63.25,63.25,29.7,24.3,0.73
中坚科技,sz002779,76.77,74.41,74.67,4416400.0,76.7,200,76.77,700,3.17,78.55,73.73,4416400,338680000.0,2.66,6.48,127.29,141.87,81.85,66.97,1.22
金固股份,sz002488,8.8,8.96,8.92,24978500.0,8.8,55100,8.81,58800,-1.79,8.95,8.61,24978500,218590000.0,2.71,3.79,80.97,87.6,9.86,8.06,0.84
春光科技,sh603657,27.8,27.25,27.0,4299200.0,27.79,100,27.8,5400,2.02,28.55,26.0,4299200,117830000.0,3.18,9.36,37.58,37.58,29.98,24.53,0.86
国邦医药,sh605507,15.81,15.92,15.92,4997200.0,15.81,33900,15.82,6200,-0.69,16.24,15.79,4997200,79760000.0,0.64,2.83,123.69,123.69,17.51,14.33,0.53
睿智医药,sz300149,11.07,10.48,10.32,82331700.0,11.06,105400,11.07,87700,5.63,11.9,10.25,82331700,900620000.0,17.1,15.74,53.31,55.9,12.58,8.38,1.4
方盛制药,sh603998,9.71,9.74,9.7,6952900.0,9.7,27900,9.71,29300,-0.31,9.79,9.64,6952900,67690000.0,1.58,1.54,42.63,42.63,10.71,8.77,0.8
东睦股份,sh600114,29.91,29.53,29.3,20189000.0,29.91,9100,29.92,5900,1.29,30.98,29.1,20189000,609120000.0,3.28,6.37,184.36,188.85,32.48,26.58,0.96
凯盛新能,sh600876,7.06,7.11,7.05,2295800.0,7.06,18700,7.07,1400,-0.7,7.13,6.99,2295800,16220000.0,0.58,1.97,27.93,45.58,7.82,6.4,0.68
兴福电子,sh688545,86.4,90.24,87.8,1612090400.0,86.33,200,86.4,3400,-4.26,90.44,85.48,1612090400,1412450000.0,8.85,5.5,157.46,311.04,108.29,72.19,0.81
丰茂股份,sz301459,35.21,36.13,36.2,1727800.0,35.21,2000,35.22,6300,-2.55,36.2,34.79,1727800,61020000.0,6.62,3.9,9.19,36.66,43.36,28.9,1.74
中山公用,sz000685,11.17,11.26,11.26,12079300.0,11.16,166200,11.17,23200,-0.8,11.34,11.16,12079300,135920000.0,0.97,1.6,139.24,163.95,12.39,10.13,0.75
ST宏达,sz002211,3.8,3.82,3.81,5727100.0,3.79,232100,3.8,320300,-0.52,3.84,3.78,5727100,21760000.0,1.32,1.57,16.43,16.43,4.2,3.44,0.52
骏成科技,sz301106,17.11,17.06,17.14,1815300.0,17.11,5500,17.12,26300,0.29,17.23,16.71,1815300,30880000.0,1.27,3.05,24.46,24.46,20.47,13.65,0.76
海能实业,sz300787,9.03,8.91,8.88,3684000.0,9.03,48400,9.04,3000,1.35,9.11,8.84,3684000,33210000.0,1.87,3.03,17.75,28.3,10.69,7.13,1.01
奥泰生物,sh688606,49.89,47.2,47.0,155904500.0,49.86,6800,49.89,4100,5.7,52.02,46.2,155904500,76840000.0,1.97,12.33,39.55,39.55,56.64,37.76,3.49
中策橡胶,sh603049,48.43,49.67,49.8,2760700.0,48.42,6800,48.43,43100,-2.5,50.04,48.42,2760700,135650000.0,0.55,3.26,244.56,423.51,54.64,44.7,1.18
安培龙,sz301413,69.7,66.06,66.0,8301500.0,69.7,8100,69.72,200,5.51,70.88,64.64,8301500,568580000.0,10.87,9.45,53.23,89.16,79.27,52.85,1.42
ST远智,sz002689,2.75,2.74,2.77,7069600.0,2.75,372800,2.76,62400,0.36,2.82,2.74,7069600,19620000.0,0.68,2.92,28.68,28.69,3.01,2.47,1.01
丰倍生物,sh603334,33.55,33.45,33.49,1491200.0,33.54,600,33.55,3500,0.3,33.86,32.7,1491200,49660000.0,4.69,3.47,10.67,48.14,36.8,30.11,0.82
丰原药业,sz000153,5.91,5.84,5.82,16651000.0,5.9,17100,5.91,42200,1.2,6.02,5.76,16651000,98290000.0,3.63,4.45,27.12,27.46,6.42,5.26,1.81
深圳华强,sz000062,23.26,23.24,23.0,21642500.0,23.25,44800,23.26,10700,0.09,23.56,22.88,21642500,503810000.0,2.07,2.93,243.04,243.28,25.56,20.92,0.76
永新光学,sh603297,101.69,103.22,103.0,1384300.0,101.69,2000,101.72,2000,-1.48,103.69,101.18,1384300,141610000.0,1.25,2.43,112.6,112.6,113.54,92.9,0.71
弘信电子,sz300657,35.6,35.6,35.41,18575400.0,35.6,67000,35.61,24800,0.0,36.16,34.9,18575400,662860000.0,3.96,3.54,166.79,171.64,42.72,28.48,0.62
维海德,sz301318,20.95,20.88,20.87,653400.0,20.94,1500,20.95,4800,0.34,20.99,20.54,653400,13580000.0,0.7,2.16,19.52,28.35,25.06,16.7,0.49
三花智控,sz002050,39.7,38.53,38.3,98744600.0,39.7,296000,39.71,27800,3.04,40.45,38.03,98744600,3901450000.0,2.68,6.28,1465.34,1670.58,42.38,34.68,1.52
佳沃食品,sz300268,11.46,11.52,11.65,1834000.0,11.45,200,11.46,49400,-0.52,11.65,11.31,1834000,20970000.0,1.37,2.95,15.32,19.96,13.82,9.22,0.87
德固特,sz300950,17.04,17.12,17.16,1039800.0,17.04,200,17.07,7800,-0.47,17.19,16.91,1039800,17750000.0,1.06,1.64,16.71,26.18,20.54,13.7,0.59
国新能源,sh600617,3.54,3.54,3.53,40110700.0,3.54,432100,3.55,580600,0.0,3.57,3.46,40110700,141500000.0,2.26,3.11,62.85,68.29,3.89,3.19,0.75
蓝盾光电,sz300862,27.37,22.81,27.37,624200.0,27.37,27931300,0.0,0,19.99,27.37,27.37,624200,17080000.0,0.41,0.0,41.46,50.53,27.37,18.25,0.08
梦百合,sh603313,6.33,6.27,6.2,19617900.0,6.32,27600,6.33,44500,0.96,6.47,6.16,19617900,124230000.0,3.44,4.94,36.12,36.12,6.9,5.64,0.86
城市传媒,sh600229,5.13,5.17,5.17,3014500.0,5.13,12200,5.14,9600,-0.77,5.2,5.1,3014500,15520000.0,0.46,1.93,33.89,33.89,5.69,4.65,0.7
富满微,sz300671,62.22,62.82,62.74,11178900.0,62.22,45800,62.23,1500,-0.96,63.88,61.16,11178900,699750000.0,5.06,4.33,137.37,137.75,75.38,50.26,0.67
掌趣科技,sz300315,4.31,4.35,4.33,52944000.0,4.31,103700,4.32,613100,-0.92,4.39,4.28,52944000,228790000.0,2.08,2.53,109.54,116.7,5.22,3.48,0.62
浙江力诺,sz300838,13.64,13.75,13.75,1662800.0,13.64,5000,13.66,18000,-0.8,13.75,13.45,1662800,22650000.0,1.63,2.18,13.88,18.82,16.5,11.0,0.62
中视传媒,sh600088,11.87,11.86,11.86,3563300.0,11.86,20100,11.87,4800,0.08,11.96,11.68,3563300,42200000.0,0.9,2.36,47.21,47.21,13.05,10.67,0.75
回盛生物,sz300871,23.18,23.14,23.07,4315300.0,23.18,13900,23.19,2900,0.17,23.47,22.98,4315300,100290000.0,2.14,2.12,46.77,46.77,27.77,18.51,0.83
中国科传,sh601858,24.58,25.86,25.51,39254300.0,24.57,4500,24.58,8000,-4.95,25.98,24.56,39254300,988460000.0,4.97,5.49,194.3,194.3,28.45,23.27,1.41
洪兴股份,sz001209,17.12,17.22,17.12,1062900.0,17.11,2700,17.12,2400,-0.58,17.24,16.82,1062900,18100000.0,1.11,2.44,16.45,22.52,18.94,15.5,0.69
海兰信,sz300065,16.76,17.5,16.75,48784600.0,16.76,87800,16.77,140500,-4.23,17.07,16.38,48784600,817920000.0,7.43,3.94,110.06,120.93,21.0,14.0,1.11
西高院,sh688334,18.15,18.42,18.35,115993100.0,18.15,18700,18.18,1400,-1.47,18.38,18.13,115993100,21140000.0,0.37,1.36,56.66,57.46,22.1,14.74,0.86
万马股份,sz002276,10.46,10.51,10.5,12608100.0,10.45,51200,10.46,5500,-0.48,10.55,10.33,12608100,131680000.0,1.25,2.09,105.34,105.76,11.56,9.46,0.63
开开实业,sh600272,15.7,14.27,14.9,48439500.0,15.7,1191100,0.0,0,10.02,15.7,14.8,48439500,752040000.0,30.27,6.31,25.12,41.24,15.7,12.84,6.03
王力安防,sh605268,9.32,9.33,9.33,2083400.0,9.31,3100,9.32,3800,-0.11,9.35,9.21,2083400,19370000.0,0.47,1.5,41.06,41.06,10.26,8.4,0.76
尖峰集团,sh600668,7.74,7.58,7.54,12849900.0,7.73,50700,7.74,69300,2.11,7.83,7.5,12849900,98860000.0,3.11,4.35,31.96,31.96,8.34,6.82,2.08
光线传媒,sz300251,12.06,12.02,11.99,66707000.0,12.06,82500,12.07,34400,0.33,12.28,11.93,66707000,807040000.0,2.4,2.91,334.71,353.79,14.42,9.62,1.08
亚虹医药-U,sh688176,12.8,12.87,12.76,1458080700.0,12.8,6600,12.81,6500,-0.54,13.19,12.53,1458080700,187670000.0,2.55,5.13,73.24,73.24,15.44,10.3,0.93
壹连科技,sz301631,61.5,61.81,61.38,1727300.0,61.4,500,61.5,300,-0.5,62.49,60.61,1727300,106410000.0,3.96,3.04,26.81,78.71,74.17,49.45,0.74
华微电子,sh600360,10.54,10.7,10.63,46080000.0,10.54,247000,10.55,24500,-1.5,10.79,10.51,46080000,489790000.0,4.8,2.62,101.22,101.22,11.77,9.63,0.64
珠城科技,sz301280,40.67,40.68,40.88,1065600.0,40.67,3600,40.7,7100,-0.02,40.98,39.8,1065600,43090000.0,1.07,2.9,40.44,77.88,48.82,32.54,0.56
明阳科技,bj920663,13.11,12.88,12.78,1044800.0,13.11,8200,13.13,1600,1.79,13.36,12.61,1044800,13591500.0,1.63,5.82,8.4,17.51,16.74,9.02,1.35
爱玛科技,sh603529,21.21,21.27,21.32,6824700.0,21.21,42600,21.22,7900,-0.28,21.75,21.17,6824700,146300000.0,0.81,2.73,179.77,183.31,23.4,19.14,1.01
新华百货,sh600785,9.0,8.96,8.98,8220800.0,8.99,11600,9.0,18900,0.45,9.06,8.81,8220800,73680000.0,2.6,2.79,28.43,28.43,9.86,8.06,0.85
金百泽,sz301041,24.42,24.52,24.3,3204300.0,24.42,300,24.47,1000,-0.41,24.76,24.11,3204300,78240000.0,4.06,2.65,19.28,26.05,29.42,19.62,0.59
登海种业,sz002041,8.72,8.96,8.91,13962400.0,8.71,357500,8.72,25100,-2.68,8.94,8.7,13962400,122920000.0,1.59,2.68,76.74,76.74,9.86,8.06,0.63
京华激光,sh603607,22.23,21.95,21.88,2872600.0,22.23,31100,22.25,2000,1.28,22.37,21.55,2872600,63370000.0,1.61,3.74,39.68,39.68,24.15,19.76,0.75
东南电子,sz301359,16.6,16.8,16.58,1911300.0,16.56,200,16.6,1100,-1.19,16.93,16.38,1911300,31670000.0,2.69,3.27,11.81,19.95,20.16,13.44,1.08
锦波生物,bj920982,139.31,136.29,135.0,1932900.0,139.31,100,139.37,200,2.22,142.0,133.3,1932900,267278500.0,3.48,6.38,77.27,160.3,177.17,95.41,1.45
誉衡药业,sz002437,3.51,3.43,3.36,589932500.0,3.5,1849400,3.51,422800,2.33,3.77,3.36,589932500,2122970000.0,28.09,11.95,73.72,78.27,3.77,3.09,3.25
春秋电子,sh603890,18.35,18.54,18.53,17590900.0,18.35,66800,18.36,26100,-1.02,18.72,18.1,17590900,324100000.0,3.94,3.34,81.99,81.99,20.39,16.69,0.7
康冠科技,sz001308,18.64,18.93,18.93,2616700.0,18.64,1100,18.65,1300,-1.53,18.93,18.61,2616700,49010000.0,0.54,1.69,90.82,131.24,20.82,17.04,0.62
国能日新,sz301162,41.1,41.79,41.22,1281600.0,41.09,400,41.1,6300,-1.65,41.69,40.97,1281600,52910000.0,1.06,1.72,49.79,76.72,50.15,33.43,0.46
保利发展,sh600048,5.31,5.36,5.33,106067500.0,5.3,1294700,5.31,229200,-0.93,5.39,5.3,106067500,565900000.0,0.89,1.68,635.63,635.63,5.9,4.82,0.7
南兴股份,sz002757,17.73,17.48,18.0,23419500.0,17.72,6500,17.73,7900,1.43,18.15,17.16,23419500,415230000.0,8.3,5.66,50.01,52.38,19.23,15.73,0.91
德尔玛,sz301332,7.96,8.07,8.04,7275900.0,7.96,16900,7.97,1400,-1.36,8.13,7.87,7275900,58290000.0,2.75,3.22,21.08,36.74,9.68,6.46,1.1
盛通股份,sz002599,6.13,6.22,6.22,8714000.0,6.13,26000,6.14,20600,-1.45,6.23,6.09,8714000,53590000.0,2.11,2.25,25.34,33.14,6.84,5.6,0.67
赛意信息,sz300687,27.31,27.25,27.38,12817800.0,27.31,6500,27.32,100,0.22,27.9,26.83,12817800,350660000.0,3.82,3.93,91.72,111.54,32.7,21.8,0.61
ST雪浪,sz300385,10.97,11.0,10.9,3398600.0,10.97,7700,10.98,18700,-0.27,11.06,10.72,3398600,37030000.0,1.17,3.09,31.89,36.55,13.2,8.8,0.6
能之光,bj920056,16.77,17.07,17.19,297700.0,16.76,2000,16.77,300,-1.76,17.19,16.77,297700,5023500.0,0.97,2.46,5.17,13.7,22.19,11.95,0.67
浙数文化,sh600633,11.17,11.22,11.37,19780800.0,11.17,92000,11.18,42500,-0.45,11.39,11.13,19780800,222350000.0,1.56,2.32,141.64,141.64,12.34,10.1,0.65
英可瑞,sz300713,13.05,13.18,13.12,2096500.0,13.03,200,13.07,1500,-0.99,13.29,12.87,2096500,27390000.0,2.34,3.19,11.67,20.73,15.82,10.54,0.65
帝尔激光,sz300776,115.5,115.9,114.81,7147500.0,115.48,100,115.5,500,-0.35,118.72,112.89,7147500,827890000.0,3.99,5.03,207.11,329.45,139.08,92.72,0.59
天孚通信,sz300394,222.49,223.03,218.22,31868300.0,222.49,16200,222.5,56700,-0.24,228.58,216.88,31868300,7116850000.0,2.93,5.25,2421.55,2426.98,267.64,178.42,0.47
荣晟环保,sh603165,14.0,14.05,14.1,3090600.0,13.99,1700,14.0,9800,-0.36,14.1,13.88,3090600,43120000.0,0.99,1.57,43.78,43.78,15.46,12.65,0.71
中金公司,sh601995,34.92,34.97,34.9,20223400.0,34.92,2700,34.93,7200,-0.14,35.66,34.84,20223400,711890000.0,0.69,2.34,1020.9,1685.68,38.47,31.47,0.91
科陆电子,sz002121,5.17,5.19,5.17,17099900.0,5.16,136300,5.17,46400,-0.39,5.22,5.08,17099900,88330000.0,1.21,2.7,72.98,86.47,5.71,4.67,0.7
盈趣科技,sz002925,23.65,23.21,23.0,15713200.0,23.65,6700,23.66,800,1.9,23.98,22.98,15713200,371510000.0,2.15,4.31,172.89,182.5,25.53,20.89,1.04
湘佳股份,sz002982,12.35,12.4,12.33,4996800.0,12.35,900,12.36,9700,-0.4,12.64,12.25,4996800,61970000.0,3.84,3.15,16.07,25.09,13.64,11.16,1.23
美锦能源,sz000723,3.58,3.58,3.61,44235900.0,3.58,457600,3.59,170400,0.0,3.64,3.55,44235900,158530000.0,1.01,2.51,157.35,157.65,3.94,3.22,0.73
三友联众,sz300932,10.03,10.29,10.27,11343900.0,10.02,35100,10.03,52900,-2.53,10.38,10.0,11343900,114760000.0,3.55,3.69,32.01,44.95,12.35,8.23,0.66
奥普特,sh688686,116.21,113.7,112.7,137133700.0,116.21,4400,116.25,1000,2.21,118.15,112.51,137133700,159180000.0,1.12,4.96,142.05,142.05,136.44,90.96,0.78
深深房Ａ,sz000029,22.98,22.31,22.44,5354600.0,22.98,4900,22.99,2600,3.0,23.21,22.23,5354600,122220000.0,0.6,4.39,204.9,232.48,24.54,20.08,1.07
山大电力,sz301609,35.49,36.16,36.11,2844400.0,35.49,86600,35.5,11900,-1.85,36.11,35.06,2844400,100760000.0,2.9,2.9,34.84,57.81,43.39,28.93,0.58
天海防务,sz300008,6.22,6.4,6.35,41609800.0,6.21,698100,6.22,171500,-2.81,6.36,6.21,41609800,260150000.0,2.53,2.34,102.46,107.48,7.68,5.12,0.88
星昊医药,bj920017,17.64,17.79,17.79,5347300.0,17.61,100,17.64,24000,-0.84,18.24,17.23,5347300,95004300.0,4.36,5.68,21.62,21.85,23.12,12.46,1.58
三星电气,sh601567,15.75,16.01,16.0,11223600.0,15.74,49000,15.75,40900,-1.62,16.0,15.71,11223600,177400000.0,0.8,1.81,221.32,221.32,17.61,14.41,0.51
九典制药,sz300705,11.32,11.35,11.29,7201600.0,11.32,54700,11.33,14400,-0.26,11.49,11.26,7201600,81960000.0,1.95,2.03,41.88,56.63,13.62,9.08,0.91
九菱科技,bj920505,29.8,30.76,29.8,1918400.0,29.8,1700,29.81,1000,-3.12,30.3,29.36,1918400,57155600.00000001,5.33,3.06,10.73,19.31,39.98,21.54,0.63
润都股份,sz002923,11.49,11.49,11.4,12192900.0,11.49,29600,11.5,29200,0.0,11.69,11.3,12192900,141000000.0,4.72,3.39,29.65,38.48,12.64,10.34,1.02
江苏神通,sz002438,14.08,14.16,14.1,8738600.0,14.07,6500,14.08,14100,-0.56,14.3,13.97,8738600,123470000.0,1.86,2.33,66.02,71.46,15.58,12.74,0.33
埃斯顿,sz002747,36.12,34.63,34.38,97039900.0,36.12,297900,36.13,12100,4.3,36.62,33.9,97039900,3438620000.0,12.4,7.85,282.62,349.57,38.09,31.17,1.17
天娱数科,sz002354,8.32,8.37,8.24,397586800.0,8.32,395100,8.33,231900,-0.6,8.57,8.01,397586800,3320830000.0,24.46,6.69,135.26,137.66,9.21,7.53,0.86
捷强装备,sz300875,35.39,37.92,36.0,8766700.0,35.38,5400,35.39,3200,-6.67,36.21,34.81,8766700,310490000.0,9.99,3.69,31.07,35.33,45.5,30.34,1.12
赛升药业,sz300485,9.94,9.78,9.7,13150100.0,9.94,42800,9.95,96300,1.64,10.01,9.65,13150100,129810000.0,4.8,3.68,27.22,47.88,11.74,7.82,1.46
兴森科技,sz002436,33.23,33.44,32.9,98586000.0,33.22,10900,33.23,72700,-0.63,34.54,32.42,98586000,3301950000.0,6.49,6.34,504.41,564.8,36.78,30.1,0.74
*ST宝馨,sz002514,1.99,1.91,1.93,44778200.0,1.98,268800,1.99,18200,4.19,2.03,1.88,44778200,87760000.0,8.08,7.85,11.03,14.33,2.1,1.72,0.94
广弘控股,sz000529,4.86,4.87,4.88,3485200.0,4.86,38600,4.87,102800,-0.21,4.91,4.83,3485200,16980000.0,0.61,1.64,27.7,28.37,5.36,4.38,0.78
振邦智能,sz003028,22.81,22.72,22.72,646300.0,22.79,1500,22.81,300,0.4,22.96,22.13,646300,14650000.0,0.91,3.65,16.13,32.87,24.99,20.45,0.63
华兰生物,sz002007,13.37,13.4,13.37,11554100.0,13.37,34000,13.38,22900,-0.22,13.54,13.3,11554100,155230000.0,0.73,1.79,210.38,244.09,14.74,12.06,0.93
常润股份,sh603201,16.82,16.73,16.4,9976700.0,16.82,11500,16.84,8100,0.54,17.15,15.91,9976700,166100000.0,5.3,7.41,31.68,31.95,18.4,15.06,0.97
广东鸿图,sz002101,8.71,8.75,8.72,4248700.0,8.71,6000,8.72,41500,-0.46,8.75,8.61,4248700,36910000.0,0.64,1.6,57.68,57.73,9.63,7.88,0.81
江苏金租,sh600901,6.43,6.51,6.5,25818800.0,6.43,168500,6.44,65000,-1.23,6.56,6.43,25818800,167360000.0,0.45,2.0,372.33,372.42,7.16,5.86,0.68
东方生物,sh688298,19.65,19.72,19.79,125999700.0,19.65,20900,19.66,4700,-0.35,19.84,19.53,125999700,24790000.0,0.62,1.57,39.61,39.61,23.66,15.78,0.8
*ST特迅,sz002227,6.32,6.28,6.25,2611400.0,6.31,9700,6.32,7500,0.64,6.39,6.15,2611400,16400000.0,1.06,3.82,15.54,15.66,6.91,5.65,0.99
大千生态,sh603955,20.87,20.64,20.85,1406400.0,20.86,6400,20.87,800,1.11,21.11,20.3,1406400,29210000.0,1.04,3.92,28.32,28.32,22.7,18.58,0.8
慧博云通,sz301316,40.72,39.95,39.93,10686400.0,40.71,7000,40.72,56400,1.93,40.8,39.31,10686400,430070000.0,2.73,3.73,159.32,164.35,47.94,31.96,0.9
通达动力,sz002576,14.78,14.78,14.77,2406200.0,14.78,23600,14.79,19300,0.0,14.87,14.59,2406200,35540000.0,1.49,1.89,23.95,24.4,16.26,13.3,0.55
渝三峡Ａ,sz000565,5.99,6.03,6.04,5985300.0,5.99,12600,6.0,211300,-0.66,6.05,5.92,5985300,35780000.0,1.38,2.16,25.97,25.97,6.63,5.43,0.64
远光软件,sz002063,5.59,5.63,5.63,20904100.0,5.58,273300,5.59,48100,-0.71,5.66,5.56,20904100,117110000.0,1.18,1.78,98.9,107.07,6.19,5.07,0.41
凯伦股份,sz300715,14.18,14.03,13.91,9598900.0,14.18,3800,14.19,27200,1.07,14.39,13.64,9598900,134680000.0,3.07,5.35,44.38,53.61,16.84,11.22,0.6
密尔克卫,sh603713,65.84,67.29,66.97,2451900.0,65.84,1100,65.92,100,-2.15,67.29,65.51,2451900,162160000.0,1.54,2.65,105.08,105.08,74.02,60.56,0.67
ST三木,sz000632,3.34,3.37,3.37,4558800.0,3.34,53200,3.35,8000,-0.89,3.38,3.28,4558800,15210000.0,0.98,2.97,15.55,15.55,3.71,3.03,0.51
寿仙谷,sh603896,15.36,15.35,15.25,2422900.0,15.35,5100,15.36,1800,0.07,15.5,15.25,2422900,37260000.0,1.22,1.63,30.45,30.45,16.89,13.82,1.04
阳普医疗,sz300030,6.82,6.89,6.86,5149600.0,6.82,12300,6.83,14800,-1.02,6.9,6.78,5149600,35200000.0,1.89,1.74,18.57,21.09,8.27,5.51,0.69
舒华体育,sh605299,12.77,12.74,12.56,8686000.0,12.76,18900,12.77,6200,0.24,12.87,12.51,8686000,110550000.0,2.13,2.83,52.06,52.06,14.01,11.47,0.73
酒鬼酒,sz000799,41.18,41.58,41.0,8425000.0,41.17,10200,41.18,22300,-0.96,41.68,40.93,8425000,347290000.0,2.59,1.8,133.79,133.81,45.74,37.42,0.67
并行科技,bj920493,119.15,120.21,120.28,1444400.0,119.15,14200,119.18,300,-0.88,123.37,118.26,1444400,174286800.0,3.24,4.25,53.18,72.18,156.27,84.15,0.47
康惠股份,sh603139,35.31,35.62,35.51,1350400.0,35.31,100,35.39,800,-0.87,35.75,34.86,1350400,47750000.0,1.35,2.5,35.27,35.27,39.18,32.06,0.53
亚通股份,sh600692,6.19,6.16,6.13,5210300.0,6.19,1200,6.2,15800,0.49,6.27,6.09,5210300,32170000.0,2.04,2.92,15.79,21.77,6.78,5.54,0.68
*ST明德,sz002932,15.21,15.26,15.25,586000.0,15.17,1000,15.22,2600,-0.33,15.28,15.05,586000,8890000.0,0.38,1.51,23.74,35.37,16.79,13.73,0.42
国旅联合,sh600358,5.39,5.41,5.43,8149000.0,5.39,285300,5.4,48800,-0.37,5.43,5.24,8149000,43440000.0,1.61,3.51,27.22,62.69,5.95,4.87,1.11
誉辰智能,sh688638,33.04,33.12,33.12,52629500.0,32.98,1000,33.04,4400,-0.24,33.55,32.6,52629500,17430000.0,1.99,2.87,8.74,18.5,39.74,26.5,0.92
长信科技,sz300088,7.58,7.69,7.6,111236700.0,7.58,649900,7.59,428100,-1.43,7.74,7.52,111236700,848330000.0,4.48,2.86,188.4,189.33,9.23,6.15,0.51
研奥股份,sz300923,23.67,23.75,23.71,1236800.0,23.67,4100,23.68,100,-0.34,23.99,23.38,1236800,29350000.0,1.62,2.57,18.07,18.6,28.5,19.0,0.93
华阳变速,bj920146,5.11,5.12,5.18,1400600.0,5.11,5800,5.14,31900,-0.2,5.19,5.06,1400600,7178600.0,1.29,2.54,5.55,6.9,6.65,3.59,0.99
ST人福,sh600079,17.96,18.12,18.13,13961400.0,17.96,40700,17.97,1600,-0.88,18.31,17.86,13961400,252650000.0,0.9,2.48,277.15,293.15,19.93,16.31,1.43
金牛化工,sh600722,12.13,12.52,12.44,135244700.0,12.12,87700,12.13,35000,-3.12,12.85,11.8,135244700,1652590000.0,19.88,8.39,82.52,82.52,13.77,11.27,1.27
裕兴股份,sz300305,6.5,6.17,6.14,37716200.0,6.49,146600,6.5,129800,5.35,6.76,6.08,37716200,243560000.0,11.73,11.02,20.9,24.4,7.4,4.94,1.16
二六三,sz002467,4.83,4.8,4.79,32417100.0,4.83,284800,4.84,248900,0.63,4.88,4.72,32417100,156510000.0,2.37,3.33,66.02,66.43,5.28,4.32,0.64
江南化工,sz002226,5.39,5.15,5.15,62604900.0,5.38,97800,5.39,203900,4.66,5.42,5.09,62604900,333610000.0,2.36,6.41,142.78,142.78,5.67,4.64,2.63
因赛集团,sz300781,28.53,28.98,29.58,4061600.0,28.52,2500,28.53,300,-1.55,29.68,28.33,4061600,116810000.0,3.35,4.66,34.56,46.84,34.78,23.18,0.51
金明精机,sz300281,6.67,6.27,6.25,16381600.0,6.66,34000,6.67,12300,6.38,6.75,6.16,16381600,107410000.0,4.12,9.41,26.5,27.94,7.52,5.02,2.24
华电辽能,sh600396,16.8,17.21,16.75,232611400.0,16.79,151000,16.8,668200,-2.38,17.72,16.41,232611400,3995530000.0,15.79,7.61,247.41,247.41,18.93,15.49,0.86
海伦哲,sz300201,15.95,16.14,16.03,30972400.0,15.95,64300,15.96,7500,-1.18,16.76,15.89,30972400,504620000.0,3.09,5.39,160.08,160.94,19.37,12.91,0.96
星辉娱乐,sz300043,4.87,4.91,4.9,28751900.0,4.87,223100,4.88,187800,-0.81,4.98,4.84,28751900,140880000.0,2.31,2.85,60.56,60.59,5.89,3.93,0.59
恩威医药,sz301331,21.92,21.61,21.6,1868100.0,21.89,1600,21.92,200,1.43,22.16,21.44,1868100,40880000.0,1.82,3.33,22.5,22.55,25.93,17.29,1.18
雷特科技,bj920110,26.2,26.55,26.18,98400.0,26.17,300,26.2,1000,-1.32,26.47,26.06,98400,2580600.0,0.61,1.54,4.25,10.22,34.51,18.59,0.59
三全食品,sz002216,12.85,13.15,13.15,7090200.0,12.85,1900,12.86,13100,-2.28,13.25,12.82,7090200,92520000.0,1.12,3.27,81.02,112.98,14.47,11.84,0.92
夏厦精密,sz001306,54.21,53.19,52.3,807600.0,54.21,1100,54.22,400,1.92,54.76,52.06,807600,43460000.0,5.21,5.08,8.4,34.11,58.51,47.87,1.07
宁波精达,sh603088,9.39,9.57,9.48,6677900.0,9.39,32300,9.4,4700,-1.88,9.7,9.39,6677900,63580000.0,1.53,3.24,41.12,47.17,10.53,8.61,0.96
中国国航,sh601111,5.95,6.09,6.04,102193200.0,5.95,973100,5.96,758100,-2.3,6.06,5.94,102193200,611870000.0,0.88,1.97,692.47,1219.31,6.7,5.48,1.39
江苏博云,sz301003,52.58,51.4,50.73,1491200.0,52.57,2600,52.58,1200,2.3,52.88,50.35,1491200,77220000.0,1.98,4.92,39.51,51.07,61.68,41.12,0.9
气派科技,sh688216,30.5,30.92,30.33,342690600.0,30.5,600,30.55,1600,-1.36,31.2,30.06,342690600,105150000.0,3.23,3.69,32.4,34.89,37.1,24.74,0.66
云赛智联,sh600602,18.41,18.0,18.28,54040200.0,18.41,109300,18.42,32700,2.28,18.57,17.75,54040200,987940000.0,5.03,4.56,197.78,251.79,19.8,16.2,1.14
茂化实华,sz000637,3.89,3.9,3.92,8195800.0,3.89,11100,3.9,11000,-0.26,3.94,3.85,8195800,31920000.0,2.25,2.31,14.18,20.22,4.29,3.51,0.88
游族网络,sz002174,11.79,11.99,11.94,20860600.0,11.78,76800,11.79,127400,-1.67,12.05,11.76,20860600,247300000.0,2.13,2.42,115.45,115.52,13.19,10.79,0.62
英思特,sz301622,42.18,43.55,43.55,1938300.0,42.15,500,42.18,1300,-3.15,43.55,41.82,1938300,82110000.0,3.0,3.97,27.27,48.9,52.26,34.84,1.36
唐人神,sz002567,3.69,3.73,3.74,15012900.0,3.68,214200,3.69,422200,-1.07,3.75,3.67,15012900,55640000.0,1.05,2.14,52.83,52.88,4.1,3.36,0.9
我爱我家,sz000560,2.22,2.24,2.22,103177800.0,2.22,1547900,2.23,2062400,-0.89,2.26,2.2,103177800,229650000.0,4.41,2.68,51.91,52.29,2.46,2.02,0.97
冠中生态,sz300948,21.36,21.3,21.38,4122300.0,21.33,1100,21.36,10500,0.28,21.67,20.26,4122300,86930000.0,2.66,6.62,33.14,35.11,25.56,17.04,0.63
开润股份,sz300577,18.05,18.36,18.22,3061800.0,18.04,4400,18.05,5100,-1.69,18.27,17.94,3061800,55400000.0,2.15,1.8,25.66,43.29,22.03,14.69,0.51
神开股份,sz002278,8.04,8.07,8.03,8393900.0,8.03,8200,8.04,80600,-0.37,8.14,7.92,8393900,67250000.0,2.34,2.73,28.85,31.24,8.88,7.26,0.94
北巴传媒,sh600386,3.38,3.38,3.39,6028900.0,3.37,87700,3.38,51200,0.0,3.41,3.34,6028900,20370000.0,0.75,2.07,27.26,27.26,3.72,3.04,0.76
曼卡龙,sz300945,12.29,12.93,12.9,21367000.0,12.28,51800,12.29,900,-4.95,12.92,12.24,21367000,267840000.0,8.95,5.26,29.34,32.21,15.52,10.34,1.15
ST洲际,sh600759,2.56,2.33,2.35,305236500.0,2.56,9734900,0.0,0,9.87,2.56,2.35,305236500,762280000.0,7.37,9.01,106.08,106.21,2.56,2.1,2.75
恒锋信息,sz300605,10.83,10.98,10.87,12118800.0,10.82,36000,10.83,16600,-1.37,11.0,10.68,12118800,131340000.0,9.59,2.91,13.69,17.89,13.18,8.78,0.5
润丰股份,sz301035,52.3,54.17,53.6,1017300.0,52.26,2600,52.3,18600,-3.45,54.37,52.15,1017300,54040000.0,0.28,4.1,190.35,190.64,65.0,43.34,0.59
国创高新,sz002377,2.68,2.69,2.7,19216100.0,2.68,637900,2.69,444500,-0.37,2.7,2.63,19216100,51420000.0,2.2,2.6,23.38,24.56,2.96,2.42,0.88
南山智尚,sz300918,10.71,10.68,10.7,5484400.0,10.7,9800,10.71,7300,0.28,10.83,10.5,5484400,58540000.0,1.08,3.09,54.21,54.21,12.82,8.54,0.92
扬州金泉,sh603307,25.1,25.06,25.06,504200.0,25.1,300,25.12,1000,0.16,25.22,24.51,504200,12540000.0,0.52,2.83,24.38,24.78,27.57,22.55,0.74
华发股份,sh600325,2.48,2.46,2.46,64829600.0,2.47,337200,2.48,313100,0.81,2.51,2.43,64829600,160580000.0,2.36,3.25,68.25,68.25,2.71,2.21,1.05
达嘉维康,sz301126,9.94,9.87,9.82,4366100.0,9.94,14700,9.95,500,0.71,10.09,9.77,4366100,43480000.0,3.17,3.24,13.7,20.42,11.84,7.9,1.02
双枪科技,sz001211,23.16,22.61,22.68,4827500.0,23.15,1300,23.16,12500,2.43,23.48,22.21,4827500,111520000.0,5.17,5.62,21.62,23.16,24.87,20.35,0.94
东风股份,sh600006,5.41,5.47,5.46,14761500.0,5.4,88300,5.41,112800,-1.1,5.46,5.37,14761500,79660000.0,0.74,1.65,108.2,108.2,6.02,4.92,0.96
镇洋发展,sh603213,13.77,13.86,13.86,1384400.0,13.76,1500,13.77,16900,-0.65,13.88,13.73,1384400,19090000.0,0.31,1.08,61.26,61.26,15.25,12.47,0.73
大连热电,sh600719,7.69,7.81,7.81,9443800.0,7.69,174100,7.7,83700,-1.54,7.81,7.66,9443800,72810000.0,2.33,1.92,31.11,31.11,8.59,7.03,0.68
光大嘉宝,sh600622,2.23,2.21,2.2,19294500.0,2.22,123600,2.23,809300,0.9,2.24,2.18,19294500,42730000.0,1.29,2.71,33.44,33.44,2.43,1.99,0.92
三元股份,sh600429,4.61,4.63,4.6,17249100.0,4.61,147000,4.62,97500,-0.43,4.72,4.58,17249100,80160000.0,1.15,3.02,69.04,69.25,5.09,4.17,1.14
科翔股份,sz300903,75.3,69.98,69.64,46772400.0,75.29,2800,75.3,38200,7.6,76.8,67.51,46772400,3396600000.0,13.31,13.28,264.59,327.85,83.98,55.98,1.09
科汇股份,sh688681,16.88,16.93,16.7,178117700.0,16.88,3000,16.89,3500,-0.3,17.29,16.7,178117700,30180000.0,1.7,3.48,17.67,17.67,20.32,13.54,0.99
南山控股,sz002314,2.16,2.15,2.14,20999700.0,2.15,1147900,2.16,424100,0.47,2.17,2.11,20999700,45070000.0,1.57,2.79,28.91,58.49,2.37,1.94,0.78
东港股份,sz002117,8.16,8.2,8.2,4510800.0,8.16,5200,8.17,36100,-0.49,8.25,8.05,4510800,36780000.0,0.86,2.44,42.72,42.74,9.02,7.38,0.61
中航西飞,sz000768,21.01,21.54,21.3,24052400.0,21.0,338000,21.01,19700,-2.46,21.33,21.01,24052400,508810000.0,0.87,1.49,583.32,584.21,23.69,19.39,1.01
中国软件,sh600536,32.05,32.4,32.38,12860500.0,32.05,48600,32.06,9500,-1.08,32.48,31.81,12860500,413200000.0,1.52,2.07,270.39,299.28,35.64,29.16,0.55
山东药玻,sh600529,19.13,19.18,19.1,9016800.0,19.13,8400,19.14,43600,-0.26,19.43,19.02,9016800,173180000.0,1.36,2.14,126.95,126.95,21.1,17.26,0.78
川宁生物,sz301301,9.02,9.04,9.0,13481100.0,9.01,40300,9.02,68000,-0.22,9.18,8.91,13481100,122150000.0,2.17,2.99,55.92,201.35,10.85,7.23,0.95
清研环境,sz301288,17.15,17.71,17.65,1314400.0,17.15,2500,17.19,900,-3.16,18.0,17.13,1314400,22720000.0,1.68,4.91,13.4,18.52,21.25,14.17,0.81
昊创瑞通,sz301668,37.42,38.39,37.95,2786000.0,37.42,7800,37.43,1700,-2.53,37.97,37.0,2786000,103940000.0,11.45,2.53,9.1,41.16,46.07,30.71,0.71
长龄液压,sh605389,71.86,74.47,72.3,1179900.0,71.85,100,71.86,100,-3.5,74.88,70.7,1179900,84930000.0,0.67,5.61,127.3,134.38,81.92,67.02,1.14
中新集团,sh601512,7.89,7.93,7.91,2413100.0,7.89,10300,7.9,15200,-0.5,7.98,7.88,2413100,19120000.0,0.16,1.26,118.26,118.26,8.72,7.14,0.71
新农开发,sh600359,6.13,6.21,6.24,5353000.0,6.13,12000,6.14,116900,-1.29,6.24,6.1,5353000,32990000.0,1.4,2.25,23.39,23.39,6.83,5.59,0.7
郑州煤电,sh600121,4.06,4.03,4.2,105759200.0,4.06,357500,4.07,281500,0.74,4.25,3.97,105759200,430870000.0,8.68,6.95,49.47,49.47,4.43,3.63,1.1
南都物业,sh603506,10.59,10.97,10.93,6256900.0,10.59,11000,10.6,2800,-3.46,10.97,10.36,6256900,66070000.0,3.33,5.56,19.89,19.89,12.07,9.87,1.69
建元信托,sh600816,2.53,2.56,2.55,65317800.0,2.53,98800,2.54,697100,-1.17,2.62,2.52,65317800,166490000.0,1.19,3.91,138.37,249.06,2.82,2.3,1.08
杭氧股份,sz002430,23.76,23.99,23.86,9671100.0,23.76,52700,23.77,58500,-0.96,24.06,23.68,9671100,230680000.0,0.99,1.58,232.36,232.46,26.39,21.59,0.59
卧龙新能,sh600173,6.35,6.3,6.3,5944600.0,6.34,30000,6.35,110700,0.79,6.38,6.2,5944600,37560000.0,0.85,2.86,44.48,44.48,6.93,5.67,0.83
丝路视觉,sz300556,16.37,16.23,16.24,5418800.0,16.37,12100,16.38,8400,0.86,16.58,16.08,5418800,88710000.0,4.99,3.08,17.76,19.9,19.48,12.98,1.11
普元信息,sh688118,20.78,21.0,21.0,167184000.0,20.78,23700,20.79,4000,-1.05,21.05,20.58,167184000,34820000.0,1.79,2.24,19.39,19.39,25.2,16.8,0.54
朝阳科技,sz002981,23.26,23.3,23.19,1051300.0,23.26,9100,23.27,2700,-0.17,23.37,23.07,1051300,24440000.0,0.86,1.29,28.28,31.76,25.63,20.97,0.51
巍华新材,sh603310,14.78,14.92,14.98,1404800.0,14.78,89500,14.8,2500,-0.94,14.98,14.75,1404800,20810000.0,0.72,1.54,28.67,51.04,16.41,13.43,0.79
蒙娜丽莎,sz002918,9.88,10.01,9.87,11225500.0,9.87,19000,9.88,4800,-1.3,10.03,9.75,11225500,111050000.0,5.24,2.8,21.16,40.39,11.01,9.01,0.89
欧康医药,bj920230,10.86,11.11,10.8,4312200.0,10.85,32300,10.86,23200,-2.25,11.4,10.76,4312200,47800700.0,9.13,5.76,5.13,10.91,14.44,7.78,1.51
退市国化,sh600636,1.71,1.71,0.0,0.0,0.0,0,0.0,0,0.0,0.0,0.0,0,0.0,0.0,0.0,7.5,7.5,-1.0,-1.0,0.0
心脉医疗,sh688016,94.3,95.12,94.66,167005900.0,94.3,4700,94.32,2000,-0.86,95.96,94.02,167005900,158610000.0,1.35,2.04,116.24,116.24,114.14,76.1,0.86
肯特股份,sz301591,29.54,29.92,29.73,2824000.0,29.54,3500,29.56,400,-1.27,29.9,29.19,2824000,83460000.0,6.32,2.37,13.2,32.3,35.9,23.94,0.63
恒实科技,sz300513,7.26,7.29,7.26,4954500.0,7.26,85100,7.27,5000,-0.41,7.37,7.17,4954500,35990000.0,1.58,2.74,22.76,22.77,8.75,5.83,0.73
炬申股份,sz001202,13.71,13.59,13.58,2500300.0,13.71,1300,13.72,800,0.88,13.79,13.34,2500300,34160000.0,2.14,3.31,16.02,22.85,14.95,12.23,0.86
沙钢股份,sz002075,3.85,3.95,3.96,45994900.0,3.84,301300,3.85,192900,-2.53,3.96,3.83,45994900,178570000.0,2.1,3.29,84.46,84.46,4.35,3.56,0.91
悍高集团,sz001221,40.39,39.94,39.71,3534800.0,40.38,500,40.39,1600,1.13,41.66,38.58,3534800,141100000.0,4.6,7.71,31.05,161.56,43.93,35.95,1.27
富瀚微,sz300613,74.43,74.15,73.34,15146000.0,74.43,7700,74.44,9200,0.38,75.73,72.2,15146000,1120110000.0,6.89,4.76,163.52,173.34,88.98,59.32,0.61
ST凯利,sz300326,6.2,6.25,6.22,3886300.0,6.19,17900,6.2,7300,-0.8,6.25,6.16,3886300,24150000.0,0.54,1.44,44.44,44.45,7.5,5.0,0.58
健之佳,sh605266,17.44,17.02,17.02,6303300.0,17.43,19500,17.44,10200,2.47,18.28,16.8,6303300,111760000.0,4.08,8.7,26.95,26.95,18.72,15.32,3.51
尤洛卡,sz300099,6.11,6.19,6.2,11493500.0,6.11,50200,6.12,159700,-1.29,6.21,6.06,11493500,70470000.0,1.98,2.42,35.52,45.05,7.43,4.95,0.84
德必集团,sz300947,14.28,14.51,14.38,2294000.0,14.28,200,14.29,1900,-1.59,14.53,14.19,2294000,32830000.0,1.52,2.34,21.57,21.58,17.41,11.61,0.79
*ST景谷,sh600265,24.58,23.57,23.45,2154100.0,24.57,2400,24.58,1500,4.29,25.37,23.2,2154100,52660000.0,1.66,9.21,31.9,31.9,25.93,21.21,2.39
同有科技,sz300302,29.98,30.06,29.73,18446800.0,29.98,4700,29.99,10400,-0.27,30.61,29.36,18446800,554370000.0,5.0,4.16,110.57,143.68,36.07,24.05,0.62
利德曼,sz300289,5.98,6.07,6.03,6357600.0,5.97,177100,5.98,6100,-1.48,6.05,5.93,6357600,38050000.0,1.17,1.98,32.48,32.53,7.28,4.86,0.97
武汉蓝电,bj920779,24.6,25.34,25.1,1153500.0,24.52,800,24.6,2700,-2.92,25.2,24.48,1153500,28442000.0,5.76,2.84,4.92,19.7,32.94,17.74,0.71
德邦股份,sh603056,18.85,18.85,0.0,0.0,0.0,0,0.0,0,0.0,0.0,0.0,0,0.0,0.0,0.0,190.68,190.68,-1.0,-1.0,0.0
通达海,sz301378,26.45,26.72,26.52,2726500.0,26.44,12200,26.45,4100,-1.01,26.72,25.96,2726500,71830000.0,5.94,2.84,12.14,25.55,32.06,21.38,0.49
东贝集团,sh601956,4.91,4.98,4.95,4214200.0,4.91,123100,4.92,9300,-1.41,4.97,4.88,4214200,20720000.0,0.68,1.81,30.52,30.52,5.48,4.48,0.49
值得买,sz300785,40.02,39.69,40.51,13253800.0,40.01,4300,40.02,9700,0.83,41.29,39.5,13253800,535390000.0,10.83,4.51,48.96,79.58,47.63,31.75,0.81
志高机械,bj920101,17.07,17.42,17.45,308000.0,17.04,300,17.07,5500,-2.01,17.45,17.04,308000,5289100.0,0.79,2.35,6.65,21.3,22.64,12.2,0.73
美迪凯,sh688079,15.58,15.68,15.49,1117331800.0,15.57,11200,15.58,6500,-0.64,15.93,15.25,1117331800,174140000.0,2.76,4.34,63.04,64.14,18.82,12.54,0.66
东亚药业,sh605177,17.54,17.4,17.29,2457400.0,17.54,1700,17.56,300,0.8,18.07,17.12,2457400,43220000.0,2.16,5.46,19.93,20.12,19.14,15.66,1.53
深中华A,sz000017,6.18,6.3,6.26,5861500.0,6.18,18300,6.19,9100,-1.9,6.37,6.18,5861500,36610000.0,1.33,3.02,27.24,42.59,6.93,5.67,0.65
泽润新能,sz301636,40.96,41.4,40.95,732500.0,40.96,4300,40.97,300,-1.06,41.29,40.26,732500,29910000.0,1.94,2.49,15.46,26.5,49.68,33.12,0.56
中核科技,sz000777,17.61,17.91,17.83,7017600.0,17.6,111300,17.61,43700,-1.68,17.84,17.57,7017600,123980000.0,1.83,1.51,67.52,67.52,19.7,16.12,0.44
开创电气,sz301448,44.04,43.74,43.0,1674600.0,44.04,600,44.08,100,0.69,44.75,42.5,1674600,73760000.0,2.36,5.14,31.22,46.07,52.49,34.99,0.84
华厦眼科,sz301267,16.56,16.65,16.53,6490900.0,16.56,16600,16.57,1800,-0.54,16.98,16.5,6490900,108640000.0,1.0,2.88,107.38,139.1,19.98,13.32,1.18
振华风光,sh688439,39.71,40.4,40.12,194283600.0,39.69,200,39.71,1700,-1.71,40.2,39.43,194283600,77290000.0,0.97,1.91,79.42,79.42,48.48,32.32,1.04
仙乐健康,sz300791,17.0,17.31,17.38,1484100.0,17.0,2700,17.03,3000,-1.79,17.38,16.98,1484100,25350000.0,0.58,2.31,43.76,52.4,20.77,13.85,0.97
双环传动,sz002472,39.1,38.51,38.21,31624300.0,39.1,2500,39.11,10200,1.53,39.8,37.84,31624300,1232020000.0,4.22,5.09,292.7,332.35,42.36,34.66,1.32
基康技术,bj920879,13.05,13.33,13.42,704000.0,13.05,5400,13.08,4700,-2.1,13.42,13.04,704000,9226900.0,0.47,2.85,19.62,26.21,17.32,9.34,0.73
冠城新材,sh600067,2.79,2.82,2.81,16700300.0,2.79,181300,2.8,31000,-1.06,2.83,2.76,16700300,46840000.0,1.2,2.48,38.83,38.83,3.1,2.54,0.88
经纬辉开,sz300120,6.88,6.88,6.83,19971300.0,6.88,22700,6.89,35700,0.0,6.95,6.74,19971300,137010000.0,3.79,3.05,36.29,39.52,8.26,5.5,0.78
古麒绒材,sz001390,18.01,18.02,18.11,1344700.0,18.0,3500,18.01,2200,-0.06,18.25,17.75,1344700,24230000.0,1.13,2.77,21.39,36.02,19.82,16.22,0.97
天玛智控,sh688570,15.67,15.08,16.39,411543400.0,15.67,3500,15.68,1400,3.91,16.74,15.58,411543400,65960000.0,2.19,7.69,29.49,67.85,18.1,12.06,4.8
浙江仙通,sh603239,14.7,14.8,14.92,3731100.0,14.7,1200,14.72,300,-0.68,14.92,14.45,3731100,54630000.0,1.38,3.18,39.8,39.8,16.28,13.32,0.91
瑞晨环保,sz301273,39.1,37.88,37.27,6109800.0,39.1,2600,39.11,3800,3.22,40.4,36.82,6109800,238040000.0,7.94,9.45,30.1,39.22,45.46,30.3,1.45
山推股份,sz000680,10.85,11.4,10.93,53530300.0,10.85,120700,10.86,3800,-4.82,11.1,10.53,53530300,580950000.0,4.07,5.0,142.63,162.77,12.54,10.26,2.47
金 融 街,sz000402,2.54,2.53,2.51,58273500.0,2.54,53200,2.55,795400,0.4,2.59,2.5,58273500,148660000.0,1.95,3.56,75.91,75.92,2.78,2.28,1.35
建工修复,sz300958,11.76,11.78,11.68,2337300.0,11.75,800,11.76,8600,-0.17,11.87,11.61,2337300,27390000.0,2.57,2.21,10.71,18.43,14.14,9.42,0.54
华孚时尚,sz002042,3.87,3.87,3.86,20027100.0,3.86,478500,3.87,69800,0.0,3.91,3.8,20027100,77310000.0,1.18,2.84,65.82,65.82,4.26,3.48,0.72
信质集团,sz002664,16.3,16.38,16.36,6383900.0,16.3,14900,16.32,6400,-0.49,16.62,16.0,6383900,104120000.0,1.59,3.79,65.62,66.54,18.02,14.74,0.75
韵达股份,sz002120,6.78,6.8,6.78,26900600.0,6.78,53900,6.79,44800,-0.29,6.85,6.74,26900600,182930000.0,0.96,1.62,190.87,196.57,7.48,6.12,0.83
泛微网络,sh603039,44.73,45.35,46.0,40011500.0,44.73,40400,44.74,1900,-1.37,46.39,42.62,40011500,1786640000.0,13.01,8.31,137.61,137.61,49.89,40.82,0.81
创世纪,sz300083,14.03,14.57,14.22,109449000.0,14.03,111200,14.04,31300,-3.71,14.59,13.78,109449000,1553120000.0,7.34,5.56,209.34,233.58,17.48,11.66,0.8
华大基因,sz300676,41.27,40.69,40.28,13401600.0,41.26,21000,41.27,10100,1.43,42.56,40.26,13401600,554720000.0,3.22,5.65,171.7,172.64,48.83,32.55,1.24
润达医疗,sh603108,10.68,11.06,10.92,31409600.0,10.67,19700,10.68,30300,-3.44,10.98,10.62,31409600,338170000.0,5.2,3.25,64.57,64.57,12.17,9.95,1.11
百川能源,sh600681,3.46,3.49,3.48,15269400.0,3.46,35700,3.47,514200,-0.86,3.51,3.45,15269400,53060000.0,1.14,1.72,46.36,46.39,3.84,3.14,0.67
华新精科,sh603370,34.68,34.58,34.43,472600.0,34.68,20100,34.69,1500,0.29,34.93,34.23,472600,16350000.0,1.35,2.02,12.13,60.67,38.04,31.12,0.55
陕西煤业,sh601225,25.93,26.04,26.25,45171300.0,25.92,13900,25.93,1200,-0.42,26.37,25.59,45171300,1170700000.0,0.47,3.0,2513.91,2513.91,28.64,23.44,0.97
鼎佳精密,bj920005,24.71,25.37,25.44,307200.0,24.71,0,24.83,1800,-2.6,25.45,24.7,307200,7662800.0,0.8,2.96,9.47,20.51,32.98,17.76,0.97
柳    工,sz000528,8.2,8.45,8.44,40532200.0,8.19,300900,8.2,28600,-2.96,8.44,8.17,40532200,336200000.0,1.99,3.2,166.87,167.1,9.3,7.61,1.36
北大荒,sh600598,12.04,12.21,12.18,17605000.0,12.04,32800,12.05,2100,-1.39,12.27,12.01,17605000,213680000.0,0.99,2.13,214.03,214.03,13.43,10.99,0.82
甘李药业,sh603087,74.47,67.7,74.47,16562000.0,74.47,3737000,0.0,0,10.0,74.47,71.66,16562000,1227030000.0,2.95,4.15,417.89,445.28,74.47,60.93,1.56
晶科能源,sh688223,4.44,4.56,4.56,9415599400.0,4.44,312800,4.45,69800,-2.63,4.57,4.44,9415599400,423410000.0,0.92,2.85,455.96,455.96,5.47,3.65,0.92
蒙草生态,sz300355,2.97,2.98,2.97,17591600.0,2.96,438300,2.97,383400,-0.34,2.98,2.93,17591600,52030000.0,1.29,1.68,40.58,47.65,3.58,2.38,0.82
克明食品,sz002661,7.71,7.78,7.76,2242100.0,7.71,17400,7.73,14700,-0.9,7.79,7.64,2242100,17280000.0,0.73,1.93,23.78,24.97,8.56,7.0,0.77
澳洋健康,sz002172,3.41,3.41,3.38,17614500.0,3.41,19800,3.42,182900,0.0,3.44,3.36,17614500,60000000.0,2.3,2.35,26.09,26.11,3.75,3.07,1.02
福莱蒽特,sh605566,26.34,26.09,25.93,2897400.0,26.34,100,26.35,8600,0.96,26.51,25.46,2897400,75340000.0,2.17,4.02,35.12,35.12,28.7,23.48,0.75
吉林化纤,sz000420,3.8,3.85,3.85,37529000.0,3.79,890900,3.8,369400,-1.3,3.85,3.79,37529000,142960000.0,1.53,1.56,93.41,93.44,4.24,3.47,0.79
诚意药业,sh603811,7.4,7.46,7.45,4206500.0,7.4,2000,7.41,3600,-0.8,7.51,7.39,4206500,31310000.0,0.92,1.61,33.91,33.91,8.21,6.71,0.88
博思软件,sz300525,8.93,9.0,9.05,18677600.0,8.93,15100,8.94,36800,-0.78,9.09,8.85,18677600,167410000.0,3.03,2.67,55.07,67.12,10.8,7.2,0.49
好当家,sh600467,2.29,2.32,2.31,26208700.0,2.29,215300,2.3,362900,-1.29,2.33,2.28,26208700,60390000.0,1.79,2.16,33.46,33.46,2.55,2.09,0.88
宁波高发,sh603788,14.06,14.15,14.22,1471600.0,14.06,1200,14.08,3600,-0.64,14.39,14.03,1471600,20850000.0,0.66,2.54,31.36,31.36,15.57,12.74,1.08
诺思格,sz301333,62.61,58.0,57.4,9819200.0,62.6,2200,62.61,28300,7.95,69.0,57.4,9819200,619480000.0,10.18,20.0,60.39,60.47,69.6,46.4,2.49
唯赛勃,sh688718,14.11,13.87,13.9,216058100.0,13.95,300,14.11,13000,1.73,14.25,13.56,216058100,30110000.0,1.24,4.97,24.52,24.52,16.64,11.1,1.12
南凌科技,sz300921,15.38,15.32,15.32,5704100.0,15.38,1500,15.39,4100,0.39,15.53,15.06,5704100,87630000.0,3.52,3.07,24.9,39.49,18.38,12.26,0.52
德宏股份,sh603701,20.22,20.49,20.45,2327100.0,20.22,7900,20.24,600,-1.32,20.66,20.21,2327100,47550000.0,0.89,2.2,52.85,52.85,22.54,18.44,0.68
岱美股份,sh603730,10.27,10.34,10.33,8160500.0,10.27,200,10.28,71000,-0.68,10.42,10.1,8160500,83690000.0,0.38,3.09,220.66,220.66,11.37,9.31,0.35
玲珑轮胎,sh601966,11.21,11.34,11.3,8893900.0,11.21,79800,11.22,9100,-1.15,11.42,11.2,8893900,100370000.0,0.61,1.94,164.06,164.06,12.47,10.21,0.87
金达威,sz002626,16.01,16.46,16.46,24211500.0,16.01,41300,16.02,500,-2.73,17.04,16.01,24211500,398590000.0,3.97,6.26,97.64,97.65,18.11,14.81,3.53
ST云动,sz000903,1.86,1.85,1.85,13164100.0,1.85,1522600,1.86,86300,0.54,1.87,1.84,13164100,24440000.0,0.69,1.62,35.72,35.99,2.04,1.67,0.56
西部超导,sh688122,52.6,53.58,52.97,777067800.0,52.6,15300,52.62,4800,-1.83,53.3,52.31,777067800,410390000.0,1.2,1.85,341.72,341.72,64.3,42.86,0.65
农发种业,sh600313,5.72,5.88,5.87,26096800.0,5.72,578600,5.73,13100,-2.72,5.88,5.72,26096800,150720000.0,2.41,2.72,61.9,66.43,6.47,5.29,0.67
燕京啤酒,sz000729,12.82,12.8,12.79,18486400.0,12.81,13400,12.82,29300,0.16,13.0,12.72,18486400,238320000.0,0.74,2.19,321.73,361.34,14.08,11.52,0.71
信通电子,sz001388,23.87,25.29,25.25,14803400.0,23.87,15200,23.88,13500,-5.61,25.25,23.35,14803400,356200000.0,11.83,7.51,29.87,55.8,27.82,22.76,1.47
奇正藏药,sz002287,20.68,20.83,20.8,2738600.0,20.68,9100,20.7,4000,-0.72,21.08,20.66,2738600,57070000.0,0.48,2.02,118.07,118.31,22.91,18.75,1.13
天宸股份,sh600620,4.28,4.33,4.3,3444600.0,4.28,18200,4.29,31100,-1.15,4.35,4.26,3444600,14810000.0,0.5,2.08,29.39,29.39,4.76,3.9,0.74
复旦微电,sh688385,53.89,55.18,54.3,1241024500.0,53.88,1600,53.89,3300,-2.34,55.08,53.5,1241024500,673050000.0,2.3,2.86,290.68,443.9,66.22,44.14,0.85
大秦铁路,sh601006,4.76,4.78,4.78,118447400.0,4.75,2554600,4.76,148600,-0.42,4.79,4.73,118447400,563580000.0,0.6,1.26,945.47,945.47,5.26,4.3,0.84
重庆港,sh600279,4.28,4.32,4.32,5783600.0,4.27,118600,4.28,67100,-0.93,4.34,4.27,5783600,24870000.0,0.49,1.62,50.8,50.8,4.75,3.89,0.82
天铭科技,bj920270,12.23,12.27,12.36,542300.0,12.19,2100,12.23,6000,-0.33,12.45,12.07,542300,6635800.0,0.67,3.1,9.94,12.79,15.95,8.59,0.59
天顺风能,sz002531,6.61,6.71,6.68,27136900.0,6.61,28900,6.62,97100,-1.49,6.69,6.51,27136900,179320000.0,1.52,2.68,118.11,118.77,7.38,6.04,0.59
华智数媒,sz300426,7.8,6.5,6.84,57022900.0,7.8,11791400,0.0,0,20.0,7.8,6.84,57022900,421060000.0,14.26,14.77,31.2,35.13,7.8,5.2,2.9
中炬高新,sh600872,19.35,19.56,19.56,9815800.0,19.35,17800,19.37,900,-1.07,19.78,19.32,9815800,192060000.0,1.27,2.35,149.19,149.83,21.52,17.6,0.66
海格通信,sz002465,10.6,10.92,10.55,60949100.0,10.6,71500,10.61,128700,-2.93,10.73,10.42,60949100,645560000.0,2.46,2.84,262.66,263.07,12.01,9.83,1.06
和辉光电-U,sh688538,2.37,2.39,2.38,4417462800.0,2.37,3530900,2.38,1027900,-0.84,2.4,2.37,4417462800,105360000.0,0.77,1.26,136.33,327.28,2.87,1.91,0.71
杭萧钢构,sh600477,2.44,2.46,2.46,24227500.0,2.44,433200,2.45,358600,-0.81,2.47,2.42,24227500,59150000.0,1.03,2.03,57.56,57.56,2.71,2.21,0.78
金龙鱼,sz300999,26.28,26.44,26.32,7229000.0,26.28,2100,26.29,100,-0.61,26.58,26.26,7229000,190860000.0,1.33,1.21,142.61,1424.79,31.73,21.15,0.79
力盛体育,sz002858,11.89,11.91,11.81,2949500.0,11.88,2000,11.89,7500,-0.17,11.97,11.75,2949500,34940000.0,2.0,1.85,17.53,22.2,13.1,10.72,0.62
龙芯中科,sh688047,111.05,111.07,110.01,394521100.0,111.04,7400,111.05,1700,-0.02,112.88,109.3,394521100,438340000.0,0.98,3.22,445.31,445.31,133.28,88.86,0.88
赛福天,sh603028,6.99,6.96,6.99,3571900.0,6.99,8400,7.0,30500,0.43,7.04,6.81,3571900,24820000.0,1.26,3.3,19.86,20.06,7.66,6.26,0.92
浙江永强,sz002489,2.74,2.76,2.76,17860900.0,2.74,78100,2.75,403300,-0.72,2.77,2.71,17860900,48950000.0,0.93,2.17,52.42,59.43,3.04,2.48,0.85
报 喜 鸟,sz002154,4.32,4.28,4.26,35798200.0,4.31,94000,4.32,14200,0.93,4.41,4.26,35798200,155560000.0,3.03,3.5,50.97,63.04,4.71,3.85,0.88
聚星科技,bj920111,26.87,27.4,27.3,1476200.0,26.86,5500,26.87,3900,-1.93,27.38,26.77,1476200,39786200.0,1.96,2.23,20.23,41.69,35.62,19.18,0.81
科大讯飞,sz002230,42.88,43.49,43.55,33457200.0,42.87,35000,42.88,305000,-1.4,43.65,42.83,33457200,1445130000.0,1.53,1.89,939.06,1030.01,47.84,39.14,0.58
中元股份,sz300018,11.81,12.06,12.05,8381100.0,11.8,126900,11.81,59700,-2.07,12.06,11.75,8381100,99700000.0,2.3,2.57,42.99,57.72,14.47,9.65,0.71
五洲交通,sh600368,3.99,4.07,4.03,24110400.0,3.98,308400,3.99,401000,-1.97,4.05,3.97,24110400,96410000.0,1.5,1.97,64.23,64.23,4.48,3.66,1.16
博科测试,sz301598,48.72,48.93,48.41,427400.0,48.62,300,48.76,1700,-0.43,48.93,47.87,427400,20690000.0,2.44,2.17,8.55,28.69,58.72,39.14,0.81
火炬电子,sh603678,50.5,51.54,49.51,38486400.0,50.49,200,50.5,45300,-2.02,54.8,49.51,38486400,2020410000.0,8.09,10.26,240.16,240.16,56.69,46.39,1.05
凌云股份,sh600480,8.71,8.77,8.79,11918100.0,8.71,9200,8.72,33200,-0.68,8.79,8.61,11918100,103720000.0,0.98,2.05,105.67,106.46,9.65,7.89,0.83
ST万邦,sz002082,10.83,10.5,10.43,14065500.0,10.83,5500,10.84,24800,3.14,11.07,10.23,14065500,150020000.0,2.48,8.0,61.5,66.25,11.55,9.45,1.23
中富通,sz300560,16.13,16.76,16.74,9860000.0,16.13,6700,16.14,13300,-3.76,16.74,16.08,9860000,160160000.0,5.27,3.94,30.16,37.06,20.11,13.41,0.59
科大智能,sz300222,10.7,10.93,10.85,19843100.0,10.7,91700,10.71,15800,-2.1,10.89,10.67,19843100,213730000.0,3.04,2.01,69.78,83.7,13.12,8.74,0.73
中国铁物,sz000927,2.46,2.47,2.48,27393200.0,2.45,1142200,2.46,959700,-0.4,2.48,2.44,27393200,67340000.0,0.45,1.62,148.84,148.84,2.72,2.22,0.62
通行宝,sz301339,11.73,11.86,11.8,5006900.0,11.72,52200,11.73,20100,-1.1,11.93,11.63,5006900,58930000.0,0.87,2.53,67.24,68.06,14.23,9.49,0.65
佳驰科技,sh688708,45.65,46.55,46.44,117080500.0,45.65,8400,45.76,200,-1.93,46.44,45.36,117080500,53650000.0,0.82,2.32,65.16,182.82,55.86,37.24,0.96
兆龙互连,sz300913,35.19,35.26,35.16,5318600.0,35.18,16400,35.19,1200,-0.2,35.55,34.71,5318600,187330000.0,1.86,2.38,100.59,120.62,42.31,28.21,0.68
健尔康,sh603205,21.98,21.88,21.88,1000800.0,21.97,1500,21.98,200,0.46,22.23,21.66,1000800,21970000.0,2.42,2.61,9.09,34.29,24.07,19.69,1.13
凡拓数创,sz301313,37.0,36.86,36.6,6448600.0,36.99,2900,37.0,800,0.38,37.59,35.88,6448600,238020000.0,8.21,4.64,29.06,38.28,44.23,29.49,0.59
康辰药业,sh603590,33.05,32.88,32.66,4024700.0,33.05,5400,33.06,1500,0.52,33.93,32.66,4024700,134110000.0,2.54,3.86,52.29,52.55,36.17,29.59,1.06
黄山胶囊,sz002817,6.53,6.56,6.58,5191200.0,6.52,2900,6.53,2000,-0.46,6.61,6.47,5191200,34010000.0,1.79,2.13,18.94,19.53,7.22,5.9,0.83
华密新材,bj920247,14.79,14.89,14.9,1319800.0,14.77,1000,14.79,4000,-0.67,15.09,14.66,1319800,19596900.0,0.96,2.89,20.28,27.96,19.35,10.43,0.57
温氏股份,sz300498,13.77,14.04,14.0,51955600.0,13.77,20900,13.78,113400,-1.92,14.13,13.75,51955600,722410000.0,0.87,2.71,818.75,916.25,16.85,11.23,1.0
正弦电气,sh688395,22.56,24.51,23.93,461551200.0,22.55,2900,22.56,7100,-7.96,24.06,22.54,461551200,106010000.0,5.33,6.2,19.54,19.54,29.41,19.61,2.26
万华化学,sh600309,75.65,78.01,78.04,39077300.0,75.65,26300,75.66,2700,-3.03,79.0,75.62,39077300,3013650000.0,1.25,4.33,2368.2,2368.2,85.81,70.21,1.07
腾龙股份,sh603158,9.99,11.08,10.57,50480200.0,9.98,179900,9.99,157700,-9.84,10.7,9.97,50480200,513080000.0,10.29,6.59,49.03,49.03,12.19,9.97,1.54
爱普股份,sh603020,10.52,11.01,11.01,17858800.0,10.52,12700,10.53,2600,-4.45,11.53,10.48,17858800,194410000.0,4.75,9.54,39.52,39.52,12.11,9.91,2.46
岳阳兴长,sz000819,11.93,12.05,12.09,3939500.0,11.93,8100,11.94,4000,-1.0,12.11,11.88,3939500,47140000.0,1.08,1.91,43.67,44.08,13.26,10.85,0.98
景嘉微,sz300474,53.12,54.09,53.36,7193300.0,53.11,4500,53.12,1500,-1.79,53.76,52.8,7193300,383470000.0,1.77,1.77,215.92,277.62,64.91,43.27,0.75
华大智造,sh688114,65.0,61.64,60.04,2056512400.0,65.0,600,65.01,7300,5.45,68.0,59.8,2056512400,1316670000.0,4.95,13.3,270.16,270.74,73.97,49.31,2.4
国机汽车,sh600335,5.13,5.16,5.14,8193300.0,5.13,64200,5.14,58900,-0.58,5.2,5.11,8193300,42160000.0,0.55,1.74,76.31,76.31,5.68,4.64,0.81
冠捷科技,sz000727,2.24,2.25,2.25,60697600.0,2.24,1277300,2.25,2009100,-0.44,2.27,2.22,60697600,136250000.0,1.34,2.22,101.46,101.46,2.48,2.03,0.86
深物业A,sz000011,8.18,7.93,7.94,10141900.0,8.18,29600,8.19,20200,3.15,8.25,7.88,10141900,82010000.0,1.93,4.67,43.07,48.75,8.72,7.14,0.93
山东墨龙,sz002490,8.23,7.92,8.09,98551200.0,8.23,152000,8.24,119300,3.91,8.3,7.95,98551200,804950000.0,18.19,4.42,44.58,67.78,8.71,7.13,2.08
民生银行,sh600016,3.49,3.53,3.53,159145900.0,3.49,11371400,3.5,2888900,-1.13,3.54,3.49,159145900,559070000.0,0.45,1.42,1237.63,1528.01,3.88,3.18,0.58
中通客车,sz000957,10.23,10.36,10.36,10330000.0,10.23,23600,10.24,55800,-1.25,10.47,10.22,10330000,106920000.0,1.74,2.41,60.65,60.65,11.4,9.32,1.16
远程股份,sz002692,4.15,4.19,4.2,9321600.0,4.15,31900,4.16,72200,-0.95,4.2,4.06,9321600,38430000.0,1.3,3.34,29.79,29.8,4.61,3.77,0.7
铭利达,sz301268,13.51,13.6,13.68,3763400.0,13.5,1000,13.51,1700,-0.66,13.8,13.2,3763400,50550000.0,1.04,4.41,48.98,54.15,16.32,10.88,0.91
祥鑫科技,sz002965,31.58,32.11,31.81,14883300.0,31.57,10800,31.58,14200,-1.65,32.11,30.71,14883300,467200000.0,7.82,4.36,60.13,83.81,35.32,28.9,0.68
辰欣药业,sh603367,14.63,14.9,14.79,14023200.0,14.63,7100,14.64,78000,-1.81,15.03,14.61,14023200,207420000.0,3.1,2.82,66.24,66.24,16.39,13.41,0.87
信隆健康,sz002105,5.65,5.7,5.68,5409000.0,5.65,32100,5.67,18700,-0.88,5.72,5.61,5409000,30670000.0,1.48,1.93,20.59,20.69,6.27,5.13,0.73
海力风电,sz301155,46.34,49.81,48.84,7880300.0,46.33,200,46.34,4800,-6.97,49.0,46.1,7880300,370590000.0,6.39,5.82,57.12,100.74,59.77,39.85,1.19
雪祺电气,sz001387,12.08,12.08,12.05,2113000.0,12.08,7700,12.09,4500,0.0,12.17,11.86,2113000,25420000.0,1.81,2.57,14.07,22.11,13.29,10.87,0.79
蓝天燃气,sh605368,6.79,6.71,6.75,4797800.0,6.78,7700,6.79,157700,1.19,6.8,6.68,4797800,32380000.0,0.67,1.79,48.52,48.52,7.38,6.04,1.15
友升股份,sh603418,44.24,43.88,43.88,873900.0,44.24,1100,44.25,4000,0.82,44.24,43.5,873900,38400000.0,2.11,1.69,18.3,85.41,48.27,39.49,1.05
科德教育,sz300192,13.56,13.14,13.05,16786700.0,13.56,30400,13.57,39800,3.2,13.67,12.92,16786700,224440000.0,3.69,5.71,61.76,62.48,15.77,10.51,1.0
英搏尔,sz300681,21.36,21.23,21.05,5946900.0,21.36,42200,21.37,200,0.61,21.48,20.95,5946900,126330000.0,2.58,2.5,49.3,65.37,25.48,16.98,0.67
天佑德酒,sz002646,7.05,7.21,7.15,7300700.0,7.04,7500,7.05,11200,-2.22,7.2,7.03,7300700,51860000.0,1.53,2.36,33.55,33.78,7.93,6.49,1.04
生 意 宝,sz002095,14.47,14.49,14.38,2096900.0,14.46,4000,14.47,4000,-0.14,14.52,14.26,2096900,30210000.0,0.83,1.79,36.42,36.57,15.94,13.04,0.56
古井贡酒,sz000596,94.87,96.57,96.4,6207900.0,94.87,1000,94.88,2100,-1.76,96.4,93.33,6207900,588430000.0,1.52,3.18,387.64,501.48,106.23,86.91,0.79
上海莱士,sz002252,4.98,5.02,5.02,42667000.0,4.97,386300,4.98,62300,-0.8,5.08,4.96,42667000,214060000.0,0.65,2.39,328.1,328.32,5.52,4.52,0.7
华维设计,bj920427,8.7,8.83,8.8,928000.0,8.7,9000,8.71,15600,-1.47,8.92,8.7,928000,8134800.0,1.82,2.49,4.43,8.97,11.47,6.19,0.85
药康生物,sh688046,39.52,37.39,37.0,3480028900.0,39.52,89800,39.54,500,5.7,40.8,35.88,3480028900,1321210000.0,8.48,13.16,162.11,162.11,44.87,29.91,2.01
退市创兴,sh600193,0.16,0.16,0.0,0.0,0.0,0,0.0,0,0.0,0.0,0.0,0,0.0,0.0,0.0,0.68,0.68,-1.0,-1.0,0.0
元祖股份,sh603886,10.72,10.85,10.86,2231600.0,10.72,100,10.73,4600,-1.2,10.88,10.64,2231600,24020000.0,0.93,2.21,25.73,25.73,11.94,9.77,0.78
中国长城,sz000066,14.57,14.71,14.68,69519800.0,14.57,257500,14.58,422400,-0.95,14.8,14.5,69519800,1018250000.0,2.16,2.04,469.96,470.0,16.18,13.24,0.55
ST迪威迅,sz300167,4.38,4.15,4.14,11085500.0,4.38,4200,4.39,36000,5.54,4.51,4.04,11085500,47320000.0,3.13,11.33,15.51,18.24,4.98,3.32,1.52
涛涛车业,sz301345,254.9,260.55,259.29,1086900.0,254.9,300,254.97,400,-2.17,262.99,253.04,1086900,279330000.0,3.1,3.82,89.29,277.97,312.66,208.44,0.67
云从科技-UW,sh688327,10.93,11.03,11.07,1415098700.0,10.93,38000,10.94,28500,-0.91,11.11,10.8,1415098700,155240000.0,1.69,2.81,91.25,113.67,13.24,8.82,0.63
海昇药业,bj920656,14.05,14.22,14.18,434000.0,14.04,100,14.05,500,-1.2,14.39,13.99,434000,6150599.999999999,1.34,2.81,4.55,14.05,18.48,9.96,0.77
*ST海利,sh603718,2.95,2.97,2.97,4828900.0,2.94,27700,2.95,10300,-0.67,2.99,2.93,4828900,14270000.0,0.74,2.02,19.14,19.23,3.27,2.67,0.74
ST诺泰,sh688076,28.13,28.16,28.01,224142100.0,28.13,17200,28.14,7200,-0.11,28.82,27.87,224142100,63270000.0,0.71,3.37,89.12,89.12,33.79,22.53,1.19
伟测科技,sh688372,130.38,131.0,128.72,874475700.0,130.31,200,130.38,300,-0.47,136.0,128.0,874475700,1153170000.0,5.17,6.11,220.34,220.34,157.2,104.8,0.9
威派格,sh603956,7.05,6.95,6.95,36836300.0,7.04,299100,7.05,50600,1.44,7.23,6.8,36836300,258740000.0,6.46,6.19,40.18,40.18,7.65,6.26,0.78
奥飞娱乐,sz002292,8.35,8.43,8.41,37211500.0,8.34,110500,8.35,34800,-0.95,8.52,8.32,37211500,311840000.0,3.66,2.37,84.99,123.47,9.27,7.59,0.7
狮头股份,sh600539,15.03,15.0,14.75,15001700.0,15.03,26800,15.04,48000,0.2,15.45,14.58,15001700,225770000.0,6.52,5.8,34.57,34.57,16.5,13.5,0.71
千方科技,sz002373,7.88,7.91,7.91,13799700.0,7.87,8500,7.88,45200,-0.38,7.96,7.8,13799700,108740000.0,1.0,2.02,108.55,124.52,8.7,7.12,0.65
光威复材,sz300699,25.97,26.66,26.07,11456000.0,25.97,20300,25.98,13300,-2.59,26.25,25.85,11456000,298450000.0,1.39,1.5,213.32,215.9,31.99,21.33,0.84
清新环境,sz002573,3.25,3.27,3.26,5810500.0,3.24,407900,3.25,48600,-0.61,3.28,3.23,5810500,18890000.0,0.41,1.53,45.92,46.0,3.6,2.94,0.75
一诺威,bj920261,13.79,13.76,13.8,969600.0,13.74,5800,13.79,7100,0.22,13.98,13.67,969600,13446099.999999998,0.61,2.25,22.1,40.15,17.88,9.64,1.09
上海钢联,sz300226,16.47,16.79,16.67,5414900.0,16.46,9100,16.47,62100,-1.91,16.8,16.45,5414900,89720000.0,1.47,2.08,60.56,62.99,20.15,13.43,0.55
沃顿科技,sz000920,11.62,11.67,11.61,8040200.0,11.62,15400,11.63,14700,-0.43,11.75,11.46,8040200,93550000.0,1.7,2.49,54.92,54.92,12.84,10.5,0.77
山石网科,sh688030,17.85,18.03,18.17,314553700.0,17.85,32600,17.89,600,-1.0,18.17,17.69,314553700,56330000.0,1.75,2.66,32.17,32.17,21.64,14.42,0.58
鸣志电器,sh603728,52.89,51.72,51.5,7938100.0,52.89,7700,52.9,10000,2.26,53.5,50.85,7938100,416170000.0,1.9,5.12,221.55,221.55,56.89,46.55,1.2
常山北明,sz000158,13.44,13.56,13.55,20843000.0,13.44,185000,13.45,30600,-0.88,13.65,13.31,20843000,281000000.0,1.31,2.51,213.42,214.85,14.92,12.2,0.45
光启技术,sz002625,30.69,30.95,30.6,24535200.0,30.68,51600,30.69,42300,-0.84,31.3,30.03,24535200,754550000.0,1.14,4.1,661.24,661.24,34.05,27.86,1.09
华锦股份,sz000059,4.64,4.66,4.68,15615000.0,4.64,21400,4.65,103400,-0.43,4.7,4.62,15615000,72670000.0,0.98,1.72,74.21,74.21,5.13,4.19,0.82
彩虹股份,sh600707,9.3,9.31,9.23,84329800.0,9.3,248800,9.31,218000,-0.11,9.53,9.14,84329800,788770000.0,2.35,4.19,333.65,333.72,10.24,8.38,0.63
水星家纺,sh603365,17.85,18.03,18.08,1035400.0,17.78,400,17.85,2500,-1.0,18.11,17.75,1035400,18520000.0,0.4,2.0,46.61,46.86,19.83,16.23,0.53
万胜智能,sz300882,15.07,15.31,15.2,1798400.0,15.07,5800,15.08,700,-1.57,15.3,14.99,1798400,27230000.0,0.68,2.02,40.14,43.13,18.37,12.25,0.68
益生股份,sz002458,10.52,9.99,10.65,189874600.0,10.51,54900,10.52,55000,5.31,10.99,10.45,189874600,2052050000.0,19.65,5.41,101.66,150.56,10.99,8.99,6.03
赢时胜,sz300377,14.5,14.29,14.29,31458100.0,14.49,37300,14.5,55200,1.47,14.59,14.07,31458100,452840000.0,4.55,3.64,100.18,108.9,17.15,11.43,0.93
重庆路桥,sh600106,4.51,4.56,4.55,7668200.0,4.5,9800,4.51,13500,-1.1,4.55,4.47,7668200,34560000.0,0.58,1.75,59.94,59.94,5.02,4.1,0.65
万邦达,sz300055,6.11,6.12,6.17,14147900.0,6.1,111600,6.11,20400,-0.16,6.22,6.07,14147900,86990000.0,2.24,2.45,38.67,51.13,7.34,4.9,0.98
天健集团,sz000090,3.5,3.5,3.49,13099100.0,3.49,120400,3.5,201800,0.0,3.53,3.45,13099100,45730000.0,0.7,2.29,65.4,65.4,3.85,3.15,0.71
鸿合科技,sz002955,35.17,35.13,35.05,5462600.0,35.16,2100,35.17,1100,0.11,36.6,34.8,5462600,195440000.0,2.79,5.12,68.81,83.23,38.64,31.62,0.99
艾能聚,bj920770,10.56,10.74,10.75,1707700.0,10.56,24400,10.57,14700,-1.68,10.77,10.54,1707700,18167200.0,2.09,2.14,8.65,13.74,13.96,7.52,0.57
连城数控,bj920368,24.64,25.2,25.19,2816900.0,24.64,7700,24.71,5600,-2.22,25.19,24.5,2816900,69928600.0,1.26,2.74,55.04,57.85,32.76,17.64,0.68
中 关 村,sz000931,4.19,4.22,4.22,5629300.0,4.18,4500,4.19,25500,-0.71,4.23,4.17,5629300,23610000.0,0.75,1.42,31.47,31.56,4.64,3.8,0.73
凯撒文化,sz002425,3.47,3.31,3.31,183622500.0,3.47,521700,3.48,364800,4.83,3.64,3.22,183622500,635710000.0,19.95,12.69,31.93,33.2,3.64,2.98,1.71
天利科技,sz300399,17.63,17.82,17.83,2514000.0,17.63,19900,17.64,300,-1.07,17.88,17.43,2514000,44320000.0,1.27,2.53,34.83,34.84,21.38,14.26,0.62
亚世光电,sz002952,20.0,20.03,20.0,2733800.0,19.99,1000,20.0,8000,-0.15,20.15,19.62,2733800,54520000.0,2.08,2.65,26.33,32.87,22.03,18.03,0.71
双一科技,sz300690,21.5,21.69,21.77,2109600.0,21.5,118300,21.54,4300,-0.88,21.77,21.24,2109600,45300000.0,1.89,2.44,23.99,35.55,26.03,17.35,0.68
同为股份,sz002835,12.4,12.45,12.4,1561900.0,12.4,10800,12.41,1400,-0.4,12.48,12.29,1561900,19360000.0,1.23,1.53,15.78,27.22,13.7,11.21,0.53
恒丰纸业,sh600356,8.84,9.06,9.06,14424400.0,8.83,8500,8.84,12800,-2.43,9.06,8.73,14424400,127950000.0,4.83,3.64,26.41,29.13,9.97,8.15,2.0
尚荣医疗,sz002551,3.15,3.17,3.16,12614500.0,3.15,241800,3.16,3300,-0.63,3.19,3.12,12614500,39850000.0,2.06,2.21,19.25,26.63,3.49,2.85,0.91
青岛食品,sz001219,12.88,12.94,12.81,2349500.0,12.87,3000,12.88,6100,-0.46,13.03,12.77,2349500,30200000.0,1.24,2.01,24.5,25.11,14.23,11.65,0.89
微电生理,sh688351,20.56,20.74,20.68,362230500.0,20.55,300,20.56,300,-0.87,20.97,20.38,362230500,74830000.0,0.77,2.84,96.76,96.76,24.89,16.59,0.95
中胤时尚,sz300901,16.2,16.05,15.87,3528800.0,16.2,21800,16.22,11200,0.93,16.48,15.87,3528800,57070000.0,1.47,3.8,38.88,38.88,19.26,12.84,0.72
德赛西威,sz002920,95.16,92.79,92.28,9800200.0,95.16,3200,95.17,200,2.55,95.81,92.05,9800200,930350000.0,1.64,4.05,567.75,567.92,102.07,83.51,1.03
天邑股份,sz300504,14.56,14.65,14.56,4977500.0,14.56,1500,14.57,11600,-0.61,14.71,14.3,4977500,72200000.0,2.28,2.8,31.78,39.46,17.58,11.72,0.77
华恒生物,sh688639,17.59,18.09,17.97,538214900.0,17.59,2300,17.6,1000,-2.76,18.06,17.57,538214900,95460000.0,2.15,2.71,44.0,44.0,21.71,14.47,0.9
依依股份,sz001206,17.68,17.62,17.58,9960900.0,17.67,31900,17.68,6200,0.34,17.88,16.96,9960900,172940000.0,9.32,5.22,18.89,32.69,19.38,15.86,1.32
特发服务,sz300917,26.41,26.83,26.62,4967000.0,26.41,2900,26.42,1600,-1.57,26.88,26.33,4967000,131890000.0,2.94,2.05,44.63,44.63,32.2,21.46,0.8
芯导科技,sh688230,55.45,54.78,55.3,126591500.0,55.29,200,55.45,7800,1.22,56.17,53.86,126591500,69680000.0,1.08,4.22,65.21,65.21,65.74,43.82,0.8
宝立食品,sh603170,13.25,13.34,13.33,2463200.0,13.22,2800,13.25,1000,-0.67,13.7,13.2,2463200,33080000.0,0.62,3.75,53.0,53.0,14.67,12.01,0.76
航天南湖,sh688552,28.08,28.38,28.66,463605200.0,28.08,10900,28.09,700,-1.06,28.66,27.3,463605200,129620000.0,1.37,4.79,94.7,94.7,34.06,22.7,1.25
惠通科技,sz301601,16.31,16.38,16.34,1513900.0,16.31,600,16.32,8900,-0.43,16.37,15.96,1513900,24480000.0,1.79,2.5,13.78,22.91,19.66,13.1,0.66
美利云,sz000815,18.88,18.22,18.51,158841500.0,18.88,253900,18.89,76800,3.62,19.37,17.85,158841500,2988100000.0,22.85,8.34,131.27,131.27,20.04,16.4,1.25
荣泰健康,sh603579,18.46,18.4,18.4,1949100.0,18.46,1700,18.48,400,0.33,18.58,18.1,1949100,35760000.0,0.97,2.61,37.11,37.11,20.24,16.56,0.85
乐心医疗,sz300562,15.65,15.98,15.55,13643600.0,15.65,3300,15.66,2600,-2.07,16.06,15.5,13643600,215240000.0,8.17,3.5,26.12,34.21,19.18,12.78,1.05
中航高科,sh600862,18.15,18.64,18.45,15468000.0,18.15,44100,18.16,5400,-2.63,18.53,18.12,15468000,282040000.0,1.11,2.2,252.84,252.84,20.5,16.78,1.03
亿道信息,sz001314,55.63,53.9,53.34,3882600.0,55.62,100,55.63,2400,3.21,56.09,53.0,3882600,213350000.0,3.13,5.73,69.04,79.35,59.29,48.51,0.89
钜泉科技,sh688391,25.95,26.02,26.11,84214900.0,25.94,8500,25.95,4400,-0.27,26.27,25.59,84214900,21830000.0,0.73,2.61,30.0,30.0,31.22,20.82,0.52
中安科,sh600654,3.01,2.97,2.95,86724000.0,3.0,1238800,3.01,497000,1.35,3.04,2.93,86724000,260610000.0,3.74,3.7,69.75,85.65,3.27,2.67,0.94
三一重工,sh600031,19.04,19.74,19.7,85771000.0,19.03,142800,19.04,109600,-3.55,19.88,19.01,85771000,1661330000.0,1.01,4.41,1613.52,1750.73,21.71,17.77,1.08
中信建投,sh601066,25.71,25.96,25.9,28374200.0,25.71,73300,25.72,7700,-0.96,26.26,25.69,28374200,736580000.0,0.44,2.2,1670.04,1994.25,28.56,23.36,1.26
浙文互联,sh600986,8.14,8.03,8.06,108133600.0,8.13,90000,8.14,20200,1.37,8.25,7.95,108133600,879070000.0,7.27,3.74,121.07,121.07,8.83,7.23,0.86
蓝色光标,sz300058,15.6,16.08,16.08,409837600.0,15.59,393600,15.6,568000,-2.99,16.1,15.52,409837600,6458410000.0,11.78,3.61,542.56,560.07,19.3,12.86,0.63
腾达建设,sh600512,2.01,2.03,2.03,17497300.0,2.01,416600,2.02,754800,-0.99,2.04,2.0,17497300,35280000.0,1.1,1.97,31.91,31.91,2.23,1.83,0.79
福蓉科技,sh603327,9.33,9.13,9.08,37143100.0,9.32,308800,9.33,153100,2.19,9.39,9.05,37143100,343340000.0,3.55,3.72,97.54,97.54,10.04,8.22,1.1
达安基因,sz002030,5.6,5.65,5.6,18315600.0,5.6,52400,5.61,136100,-0.88,5.68,5.54,18315600,102850000.0,1.31,2.48,78.59,78.59,6.22,5.09,0.77
广信科技,bj920037,43.35,43.75,43.78,1319900.0,43.35,16500,43.57,100,-0.91,44.4,43.01,1319900,57804700.0,1.69,3.18,33.94,55.51,56.87,30.63,1.02
肇民科技,sz301000,26.09,25.85,25.86,4866700.0,26.08,10000,26.09,9900,0.93,26.34,25.36,4866700,126150000.0,2.12,3.79,59.91,63.46,31.02,20.68,1.06
三元基因,bj920344,19.91,19.59,19.37,2055500.0,19.91,9700,19.95,9600,1.63,20.37,19.0,2055500,41057700.00000001,1.81,6.99,22.64,24.25,25.46,13.72,1.57
*ST清越,sh688496,0.88,0.86,0.86,587308500.0,0.87,369300,0.88,338300,2.33,0.88,0.86,587308500,5110000.0,2.47,2.33,2.09,3.96,1.03,0.69,0.73
睿能科技,sh603933,20.41,20.13,19.89,4944000.0,20.41,9000,20.42,13700,1.39,20.54,19.73,4944000,99920000.0,2.38,4.02,42.36,42.36,22.14,18.12,1.0
顺控发展,sz003039,12.01,12.18,12.17,3255900.0,12.0,7800,12.01,3400,-1.4,12.2,11.97,3255900,39250000.0,0.53,1.89,74.16,74.16,13.4,10.96,0.88
广济药业,sz000952,6.23,6.19,6.25,8727400.0,6.22,49900,6.23,500,0.65,6.31,6.12,8727400,54270000.0,2.54,3.07,21.43,21.43,6.81,5.57,1.22
广大特材,sh688186,14.54,14.72,14.75,352224000.0,14.53,35200,14.54,2000,-1.22,14.75,14.49,352224000,51370000.0,1.26,1.77,40.78,40.78,17.66,11.78,0.75
播恩集团,sz001366,12.0,11.9,11.91,3219800.0,12.0,1300,12.01,500,0.84,12.08,11.7,3219800,38490000.0,2.0,3.19,19.28,19.28,13.09,10.71,1.18
三晖电气,sz002857,16.57,16.63,16.62,1674600.0,16.56,1700,16.57,2600,-0.36,16.75,16.39,1674600,27710000.0,1.3,2.16,21.31,21.65,18.29,14.97,0.68
ST长方,sz300301,3.28,3.25,3.28,7700900.0,3.27,32300,3.28,116000,0.92,3.36,3.23,7700900,25320000.0,0.97,4.0,25.91,27.22,3.9,2.6,0.99
美格智能,sz002881,38.16,37.15,37.14,9370600.0,38.15,73900,38.16,6200,2.72,38.65,36.65,9370600,356270000.0,5.12,5.38,69.84,115.27,40.87,33.44,1.32
万讯自控,sz300112,9.09,9.14,9.06,14742300.0,9.09,18900,9.1,2300,-0.55,9.26,8.85,14742300,133730000.0,6.2,4.49,21.6,26.18,10.97,7.31,0.64
山河智能,sz002097,7.36,7.46,7.47,17277100.0,7.35,141800,7.36,164500,-1.34,7.47,7.27,17277100,127070000.0,1.61,2.68,78.95,79.09,8.21,6.71,0.8
友好集团,sh600778,5.56,5.57,5.57,5474500.0,5.55,13400,5.56,9000,-0.18,5.6,5.48,5474500,30360000.0,1.76,2.15,17.3,17.32,6.13,5.01,0.79
振东制药,sz300158,6.01,5.26,5.26,115048600.0,6.01,506000,6.02,261900,14.26,6.16,5.26,115048600,680230000.0,11.6,17.11,59.59,59.64,6.31,4.21,5.82
隆鑫通用,sh603766,13.57,13.87,13.76,16417800.0,13.56,18900,13.57,600,-2.16,14.03,13.55,16417800,226310000.0,0.8,3.46,278.67,278.67,15.26,12.48,0.75
力源科技,sh688565,10.98,11.21,11.21,203084500.0,10.96,1600,10.98,700,-2.05,11.23,10.93,203084500,22440000.0,1.36,2.68,16.44,16.44,13.45,8.97,0.65
四环生物,sz000518,4.22,4.13,4.12,82699000.0,4.21,216400,4.22,388300,2.18,4.35,4.08,82699000,349040000.0,8.03,6.54,43.45,43.45,4.54,3.72,1.35
兴业银锡,sz000426,38.73,40.67,41.67,113326100.0,38.73,155700,38.74,75200,-4.77,41.8,38.56,113326100,4567680000.0,6.38,7.97,687.54,687.7,44.74,36.6,1.19
掌阅科技,sh603533,22.5,22.82,23.0,14998900.0,22.5,56000,22.51,50700,-1.4,23.05,22.4,14998900,339330000.0,3.42,2.85,98.75,98.75,25.1,20.54,0.46
博睿数据,sh688229,72.88,70.21,70.71,139490700.0,72.88,800,72.99,1200,3.8,73.45,69.58,139490700,100360000.0,3.14,5.51,32.36,32.36,84.25,56.17,0.97
ST信源,sz300352,2.51,2.51,2.51,23798300.0,2.51,664700,2.52,345200,0.0,2.61,2.48,23798300,60410000.0,1.86,5.18,32.03,36.39,3.01,2.01,0.91
科拓生物,sz300858,14.72,14.75,14.64,2975700.0,14.71,100,14.72,18100,-0.2,14.9,14.56,2975700,43890000.0,1.52,2.31,28.81,38.79,17.7,11.8,0.85
万润科技,sz002654,13.29,13.52,13.3,43294200.0,13.29,325000,13.3,153900,-1.7,13.72,13.17,43294200,580850000.0,5.12,4.07,112.33,112.34,14.87,12.17,0.71
煜邦电力,sh688597,6.77,6.83,6.79,689254000.0,6.74,21000,6.77,28800,-0.88,6.87,6.68,689254000,46450000.0,2.05,2.78,22.75,22.75,8.2,5.46,1.33
百克生物,sh688276,15.91,15.99,15.92,225118800.0,15.91,600,15.92,400,-0.5,16.14,15.73,225118800,35830000.0,0.54,2.56,65.81,65.81,19.19,12.79,0.93
锐奇股份,sz300126,6.28,6.3,6.3,3029700.0,6.28,26500,6.29,26100,-0.32,6.37,6.18,3029700,18980000.0,1.44,3.02,13.23,19.09,7.56,5.04,0.62
复旦张江,sh688505,7.95,7.94,7.86,695426700.0,7.93,2000,7.95,11900,0.13,8.09,7.86,695426700,55430000.0,0.98,2.9,56.49,82.41,9.53,6.35,0.89
鲁阳节能,sz002088,7.62,7.6,7.66,2285100.0,7.6,1000,7.62,23100,0.26,7.66,7.5,2285100,17320000.0,0.45,2.11,38.55,38.82,8.36,6.84,0.85
舒泰神,sz300204,24.01,24.14,23.85,36834100.0,24.01,81100,24.02,72400,-0.54,24.8,23.65,36834100,890560000.0,8.12,4.76,108.92,129.98,28.97,19.31,0.97
汇源通信,sz000586,12.32,12.13,12.13,5967900.0,12.32,19500,12.33,3300,1.57,12.52,11.9,5967900,73070000.0,3.12,5.11,23.55,23.83,13.34,10.92,1.09
国科恒泰,sz301370,9.03,8.89,8.85,8638700.0,9.03,37800,9.04,13200,1.57,9.25,8.81,8638700,78380000.0,1.84,4.95,42.5,42.5,10.67,7.11,1.7
中赋科技,sz300692,9.92,9.55,9.5,52194700.0,9.92,136300,9.93,1300,3.87,10.39,9.5,52194700,527260000.0,10.17,9.32,50.9,55.78,11.46,7.64,1.64
美力科技,sz300611,23.89,24.2,24.14,2077100.0,23.89,21000,23.9,6600,-1.28,24.2,23.8,2077100,49730000.0,1.4,1.65,35.43,50.43,29.04,19.36,0.74
双林股份,sz300100,23.38,23.03,22.95,9697100.0,23.38,18100,23.39,7100,1.52,23.66,22.68,9697100,225940000.0,1.74,4.26,130.37,135.37,27.64,18.42,1.3
振华重工,sh600320,4.13,4.18,4.19,31754000.0,4.12,718400,4.13,112800,-1.2,4.2,4.11,31754000,131770000.0,0.96,2.15,136.71,217.1,4.6,3.76,0.84
节能国祯,sz300388,6.84,6.92,6.91,4824900.0,6.84,2900,6.85,58800,-1.16,6.97,6.83,4824900,33300000.0,0.71,2.02,46.58,46.58,8.3,5.54,0.75
西菱动力,sz300733,14.58,14.35,14.4,7394800.0,14.58,50500,14.59,28500,1.6,14.64,14.05,7394800,106320000.0,2.53,4.11,42.63,57.82,17.22,11.48,0.97
中红医疗,sz300981,15.55,15.38,15.05,24644000.0,15.55,149800,15.56,43100,1.11,15.96,14.94,24644000,381460000.0,6.27,6.63,61.11,66.69,18.46,12.3,0.71
凯迪股份,sh605288,63.39,57.63,57.05,3694900.0,63.39,832900,0.0,0,9.99,63.39,55.0,3694900,218280000.0,3.76,14.56,62.3,62.72,63.39,51.87,1.29
强邦新材,sz001279,25.37,25.31,25.54,802200.0,25.37,5300,25.38,1400,0.24,25.54,25.09,802200,20310000.0,2.01,1.78,10.15,40.59,27.84,22.78,0.89
信达地产,sh600657,2.61,2.6,2.57,20853800.0,2.6,11100,2.61,225000,0.38,2.64,2.55,20853800,54090000.0,0.73,3.46,74.43,74.43,2.86,2.34,1.04
惠天热电,sz000692,4.04,4.13,4.09,28011400.0,4.04,57500,4.05,152300,-2.18,4.12,4.0,28011400,113430000.0,5.26,2.91,21.53,21.53,4.54,3.72,1.01
创益通,sz300991,28.58,28.48,28.34,1786200.0,28.58,4500,28.61,1500,0.35,28.85,27.78,1786200,50820000.0,1.7,3.76,30.04,41.16,34.18,22.78,0.56
威尔药业,sh603351,26.65,26.5,26.3,2790700.0,26.64,600,26.65,1700,0.57,27.17,26.03,2790700,74950000.0,2.06,4.3,36.09,36.09,29.15,23.85,1.9
东方新能,sz002310,2.55,2.53,2.52,120551400.0,2.54,750800,2.55,2381000,0.79,2.55,2.47,120551400,303950000.0,2.74,3.16,112.17,152.98,2.78,2.28,0.9
凯添燃气,bj920010,8.62,8.62,8.74,6952700.0,8.61,15500,8.62,50900,0.0,8.99,8.59,6952700,60815900.0,3.99,4.64,15.02,20.21,11.2,6.04,1.05
盛泰集团,sh605138,5.9,5.94,5.96,3057400.0,5.89,4400,5.9,83600,-0.67,5.97,5.87,3057400,18070000.0,0.55,1.68,32.78,32.78,6.53,5.35,0.76
会畅科技,sz300578,16.51,16.71,16.55,2463900.0,16.5,3900,16.51,3800,-1.2,16.74,16.28,2463900,40630000.0,1.24,2.75,32.73,32.73,20.05,13.37,0.51
拓斯达,sz300607,33.45,32.83,32.68,31710500.0,33.45,109400,33.46,7900,1.89,34.07,32.37,31710500,1059490000.0,9.4,5.18,112.89,159.55,39.4,26.26,1.01
新五丰,sh600975,4.95,5.04,5.04,11185700.0,4.94,96700,4.95,41200,-1.79,5.06,4.93,11185700,55760000.0,0.9,2.58,61.86,61.86,5.54,4.54,1.0
奔朗新材,bj920807,9.88,10.1,10.15,3422200.0,9.85,4500,9.88,7000,-2.18,10.15,9.73,3422200,33760000.0,2.77,4.16,12.21,17.97,13.13,7.07,0.58
嘉友国际,sh603871,12.55,12.67,12.6,5727200.0,12.55,15900,12.57,8900,-0.95,12.88,12.54,5727200,72580000.0,0.42,2.68,171.69,171.69,13.94,11.4,0.51
海源复材,sz002529,7.11,7.04,7.06,4196100.0,7.09,2600,7.11,3500,0.99,7.16,6.93,4196100,29660000.0,1.61,3.27,18.49,18.49,7.74,6.34,0.89
戴维医疗,sz300314,10.69,10.54,10.43,8369700.0,10.69,15800,10.7,26500,1.42,11.09,10.35,8369700,89600000.0,5.82,7.02,15.37,30.79,12.65,8.43,1.92
钱江摩托,sz000913,11.46,11.55,11.54,3418100.0,11.46,11800,11.47,2700,-0.78,11.61,11.44,3418100,39300000.0,0.66,1.47,59.6,60.33,12.71,10.4,0.68
歌尔股份,sz002241,22.7,22.83,22.68,49315300.0,22.7,90200,22.71,61200,-0.57,23.0,22.62,49315300,1123380000.0,1.57,1.66,714.08,806.37,25.11,20.55,0.58
河钢股份,sz000709,2.11,2.15,2.14,76068200.0,2.11,2317300,2.12,1077400,-1.86,2.15,2.1,76068200,161590000.0,0.74,2.33,218.08,218.11,2.37,1.94,0.95
晟楠科技,bj920006,16.94,17.95,17.41,2813200.0,16.93,2200,16.94,400,-5.63,17.76,16.9,2813200,48036000.0,5.89,4.79,8.1,15.29,23.33,12.57,1.2
红蜻蜓,sh603116,6.16,6.05,6.01,6887100.0,6.15,10300,6.17,300,1.82,6.2,5.97,6887100,42030000.0,1.2,3.8,35.49,35.49,6.66,5.45,0.7
ST迪瑞,sz300396,7.4,7.48,7.41,3116100.0,7.38,8700,7.4,8700,-1.07,7.48,7.29,3116100,23010000.0,1.14,2.54,20.15,20.18,8.98,5.98,0.72
力诺药包,sz301188,38.95,37.99,38.01,18230800.0,38.95,207400,38.96,31100,2.53,39.5,37.08,18230800,701510000.0,6.81,6.37,104.21,104.21,45.59,30.39,0.82
亿能电力,bj920046,21.98,22.68,21.91,4856000.0,21.97,7900,21.98,51500,-3.09,22.5,21.91,4856000,107399800.0,8.68,2.6,12.29,22.23,29.48,15.88,0.77
读者传媒,sh603999,5.59,5.65,5.64,4150100.0,5.59,11600,5.6,26700,-1.06,5.66,5.56,4150100,23210000.0,0.72,1.77,32.2,32.2,6.22,5.09,0.69
信雅达,sh600571,10.48,10.55,10.65,8557600.0,10.48,59000,10.49,55300,-0.66,10.65,10.33,8557600,89710000.0,1.87,3.03,47.97,48.87,11.61,9.5,0.57
无线传媒,sz301551,21.59,22.18,22.11,10687700.0,21.59,11000,21.6,12400,-2.66,22.44,21.55,10687700,233000000.0,6.92,4.01,33.37,86.36,26.62,17.74,1.18
中国核建,sh601611,11.7,11.91,11.71,45985500.0,11.7,93800,11.71,124500,-1.76,11.84,11.6,45985500,538610000.0,1.53,2.02,352.62,352.62,13.1,10.72,0.39
朗博科技,sh603655,33.79,30.72,30.7,5572800.0,33.79,365500,0.0,0,9.99,33.79,29.7,5572800,177470000.0,5.26,13.31,35.82,35.82,33.79,27.65,2.55
华盛昌,sz002980,84.1,84.52,83.26,5457800.0,84.1,1500,84.11,2200,-0.5,85.3,80.73,5457800,454310000.0,5.39,5.41,85.18,158.45,92.97,76.07,0.59
华昌达,sz300278,3.95,3.95,3.93,15223700.0,3.94,152700,3.95,1800,0.0,4.01,3.87,15223700,59990000.0,1.08,3.54,55.67,55.85,4.74,3.16,0.94
聚飞光电,sz300303,7.2,7.24,7.2,35608200.0,7.2,23300,7.21,14900,-0.55,7.28,7.15,35608200,256970000.0,2.68,1.8,95.66,102.01,8.69,5.79,0.69
格科微,sh688728,16.24,16.19,16.0,3295842900.0,16.23,37600,16.24,33500,0.31,16.52,15.9,3295842900,534400000.0,1.27,3.83,422.04,422.34,19.43,12.95,0.74
江波龙,sz301308,417.5,412.5,412.0,28811300.0,417.49,3900,417.5,16700,1.21,442.0,406.66,28811300,12326400000.0,10.22,8.57,1176.73,1766.28,495.0,330.0,1.24
茂硕电源,sz002660,7.31,7.24,7.21,5434600.0,7.3,33200,7.31,6400,0.97,7.39,7.14,5434600,39570000.0,1.58,3.45,25.07,26.07,7.96,6.52,0.71
钢研高纳,sz300034,15.82,16.28,15.95,9655100.0,15.81,21300,15.82,50100,-2.83,15.96,15.75,9655100,153090000.0,1.26,1.29,121.35,126.08,19.54,13.02,0.98
东和新材,bj920792,9.91,10.05,10.1,240300.0,9.91,200,9.97,1400,-1.39,10.1,9.9,240300,2395400.0,0.24,1.99,10.07,16.41,13.06,7.04,0.25
蜂助手,sz301382,38.85,38.73,38.47,12694300.0,38.84,8500,38.85,8900,0.31,39.13,37.86,12694300,490130000.0,5.37,3.28,91.82,110.95,46.48,30.98,0.43
ST太重,sh600169,2.05,2.06,2.05,8954800.0,2.05,1064500,2.06,438200,-0.49,2.08,2.05,8954800,18490000.0,0.27,1.46,68.33,68.33,2.27,1.85,0.93
永创智能,sh603901,9.68,9.66,9.6,5625600.0,9.67,64300,9.68,26300,0.21,9.78,9.54,5625600,54440000.0,0.99,2.48,55.07,55.83,10.63,8.69,0.68
今世缘,sh603369,27.93,28.39,28.33,13359800.0,27.93,36500,27.94,1300,-1.62,28.8,27.93,13359800,378040000.0,1.07,3.06,348.23,348.23,31.23,25.55,0.84
宏鑫科技,sz301539,14.9,15.02,15.0,1685600.0,14.87,2200,14.9,1300,-0.8,15.0,14.64,1685600,24960000.0,2.25,2.4,11.18,22.05,18.02,12.02,0.87
智能自控,sz002877,7.35,7.33,7.31,4039300.0,7.33,67700,7.35,19600,0.27,7.4,7.24,4039300,29570000.0,1.68,2.18,17.68,26.15,8.06,6.6,0.75
香山股份,sz002870,43.17,42.58,42.58,5271500.0,43.17,17600,43.18,7700,1.39,44.44,42.19,5271500,227450000.0,4.06,5.28,56.01,57.02,46.84,38.32,1.73
润建股份,sz002929,55.2,56.85,56.29,13852600.0,55.2,53400,55.21,1400,-2.9,57.07,53.99,13852600,769920000.0,6.4,5.42,119.55,158.08,62.54,51.17,0.78
*ST华鹏,sh603021,6.37,6.57,6.57,5256800.0,6.36,17200,6.37,200,-3.04,6.57,6.27,5256800,33520000.0,1.64,4.57,20.38,20.38,7.23,5.91,0.94
苏垦农发,sh601952,8.27,8.33,8.34,10548800.0,8.27,28700,8.29,8000,-0.72,8.46,8.27,10548800,88240000.0,0.77,2.28,113.96,113.96,9.16,7.5,0.84
宝泰隆,sh601011,2.7,2.72,2.72,27156500.0,2.7,11700,2.71,1199700,-0.74,2.76,2.66,27156500,73170000.0,1.42,3.68,51.72,51.72,2.99,2.45,0.7
安阳钢铁,sh600569,1.79,1.8,1.8,18254100.0,1.78,1399200,1.79,240500,-0.56,1.81,1.77,18254100,32620000.0,0.64,2.22,51.42,51.42,1.98,1.62,1.11
保龄宝,sz002286,8.09,8.19,8.19,7018100.0,8.08,91400,8.09,1300,-1.22,8.19,8.06,7018100,56960000.0,1.9,1.59,29.91,30.74,9.01,7.37,0.75
华控赛格,sz000068,2.97,2.93,2.94,10909700.0,2.97,12600,2.98,356100,1.37,2.98,2.9,10909700,32170000.0,1.08,2.73,29.9,29.9,3.22,2.64,0.85
仲景食品,sz300908,24.78,24.96,25.49,3552200.0,24.76,300,24.78,1600,-0.72,25.56,24.43,3552200,88010000.0,2.88,4.53,30.58,36.18,29.95,19.97,1.83
视声智能,bj920976,17.7,18.03,18.15,924100.0,17.7,19500,17.71,300,-1.83,18.2,17.67,924100,16527700.0,2.09,2.94,7.81,12.56,23.43,12.63,0.43
康恩贝,sh600572,4.32,4.34,4.32,44228000.0,4.31,823800,4.32,56700,-0.46,4.4,4.31,44228000,192670000.0,1.75,2.07,109.37,109.66,4.77,3.91,0.86
中简科技,sz300777,24.6,25.25,24.95,7680800.0,24.6,400,24.61,10800,-2.57,25.22,24.45,7680800,189910000.0,1.78,3.05,106.0,108.17,30.3,20.2,0.88
顺鑫农业,sz000860,10.76,10.98,10.9,9039900.0,10.76,32200,10.77,47700,-2.0,10.96,10.74,9039900,97830000.0,1.22,2.0,79.81,79.81,12.08,9.88,0.84
华电科工,sh601226,6.26,6.32,6.3,7328600.0,6.26,36300,6.27,97000,-0.95,6.34,6.2,7328600,45980000.0,0.63,2.22,72.76,72.76,6.95,5.69,0.71
广聚能源,sz000096,7.89,7.9,8.0,6013200.0,7.89,48700,7.9,7700,-0.13,8.0,7.81,6013200,47390000.0,1.18,2.41,40.31,41.66,8.69,7.11,0.91
长春燃气,sh600333,6.25,6.2,6.25,11254400.0,6.25,1100,6.26,44300,0.81,6.31,6.19,11254400,70200000.0,1.85,1.94,38.06,38.06,6.82,5.58,1.0
富佳股份,sh603219,14.49,14.36,14.23,2859300.0,14.49,1400,14.5,8800,0.91,14.74,14.16,2859300,41430000.0,0.51,4.04,81.35,81.35,15.8,12.92,0.65
中颖电子,sz300327,22.92,22.87,22.65,8087200.0,22.92,38700,22.93,25200,0.22,23.18,22.55,8087200,185310000.0,2.39,2.75,77.67,78.24,27.44,18.3,0.68
南方精工,sz002553,15.99,16.01,16.04,5394700.0,15.98,600,15.99,22300,-0.12,16.1,15.7,5394700,85830000.0,2.11,2.5,40.97,56.51,17.61,14.41,0.64
*ST南置,sz002305,2.14,2.15,2.13,11113600.0,2.14,140600,2.15,469400,-0.47,2.16,2.12,11113600,23800000.0,0.64,1.86,37.11,37.11,2.37,1.94,0.48
渤海股份,sz000605,6.01,6.03,6.03,3799000.0,6.01,38500,6.02,148400,-0.33,6.07,5.95,3799000,22860000.0,1.08,1.99,21.19,21.19,6.63,5.43,0.89
迈为股份,sz300751,170.24,172.14,169.01,4672100.0,170.23,1900,170.24,2500,-1.1,174.76,166.8,4672100,798390000.0,2.42,4.62,328.31,474.8,206.57,137.71,0.63
亚信安全,sh688225,13.23,13.14,13.15,1106967800.0,13.23,18700,13.24,7000,0.68,13.55,12.88,1106967800,147090000.0,2.77,5.1,52.92,52.92,15.77,10.51,0.78
统一股份,sh600506,14.65,14.72,14.73,3477100.0,14.65,22300,14.66,300,-0.48,14.84,14.55,3477100,51100000.0,1.39,1.97,36.57,36.57,16.19,13.25,0.7
恒林股份,sh603661,31.83,32.15,32.0,1429400.0,31.82,400,31.83,12900,-1.0,32.15,31.53,1429400,45630000.0,1.03,1.93,44.27,44.27,35.37,28.94,0.54
中文在线,sz300364,25.22,25.7,25.72,53359700.0,25.22,205600,25.23,9300,-1.87,25.93,24.86,53359700,1353650000.0,8.08,4.16,166.56,183.73,30.84,20.56,0.54
九华旅游,sh603199,32.94,33.19,33.08,1293600.0,32.94,300,32.95,2600,-0.75,33.22,32.79,1293600,42690000.0,1.17,1.3,36.46,36.46,36.51,29.87,0.78
立华股份,sz300761,19.05,19.4,19.18,8482700.0,19.05,5200,19.1,7300,-1.8,19.5,19.01,8482700,163170000.0,1.33,2.53,121.36,161.23,23.28,15.52,1.14
东瑞股份,sz001201,11.85,11.93,11.87,2898500.0,11.84,3000,11.85,8400,-0.67,12.0,11.79,2898500,34510000.0,1.36,1.76,25.18,30.55,13.12,10.74,0.86
金达莱,sh688057,18.77,19.66,19.41,771253200.0,18.76,1500,18.77,5700,-4.53,19.5,18.71,771253200,147470000.0,2.79,4.02,51.81,51.81,23.59,15.73,0.83
三联锻造,sz001282,16.27,16.46,16.44,1924400.0,16.26,1600,16.27,11800,-1.15,16.46,16.15,1924400,31370000.0,1.26,1.88,24.85,36.15,18.11,14.81,0.39
致远新能,sz300985,34.4,33.97,33.79,4507900.0,34.38,1800,34.4,1400,1.27,35.22,33.09,4507900,154110000.0,2.42,6.27,64.16,64.16,40.76,27.18,0.91
城建发展,sh600266,4.18,4.18,4.15,57181000.0,4.18,661500,4.19,125400,0.0,4.25,4.15,57181000,239680000.0,2.75,2.39,86.77,86.77,4.6,3.76,1.47
片仔癀,sh600436,138.81,139.77,139.68,7446200.0,138.8,5600,138.81,29000,-0.69,143.04,138.69,7446200,1047490000.0,1.23,3.11,837.46,837.46,153.75,125.79,1.11
杭州高新,sz300478,29.69,30.47,30.26,3739300.0,29.68,2100,29.69,400,-2.56,30.71,29.35,3739300,112420000.0,2.95,4.46,37.61,37.61,36.56,24.38,0.78
ST际华,sh601718,1.82,1.8,1.81,28397200.0,1.81,1777800,1.82,404700,1.11,1.83,1.79,28397200,51570000.0,0.65,2.22,79.37,79.37,1.98,1.62,1.32
鑫源智造,sh600615,9.44,9.6,9.64,2771600.0,9.42,5300,9.44,1000,-1.67,9.69,9.4,2771600,26340000.0,1.23,3.02,21.27,21.3,10.56,8.64,1.08
欧克科技,sz001223,39.51,38.95,38.95,3986200.0,39.51,23800,39.52,2400,1.44,40.57,38.21,3986200,158320000.0,5.71,6.06,27.59,51.64,42.85,35.06,0.83
露笑科技,sz002617,6.34,6.38,6.33,61115300.0,6.33,695800,6.34,186000,-0.63,6.39,6.27,61115300,387630000.0,3.25,1.88,119.04,121.04,7.02,5.74,0.67
中洲控股,sz000042,8.79,8.47,8.45,8240800.0,8.79,8300,8.8,30900,3.78,8.97,8.44,8240800,71740000.0,1.24,6.26,58.37,58.44,9.32,7.62,1.74
同力股份,bj920599,17.18,17.08,17.16,2169400.0,17.17,1000,17.18,15000,0.59,17.25,16.94,2169400,37214800.0,0.62,1.81,60.23,79.46,22.2,11.96,1.08
美利信,sz301307,52.3,53.88,53.35,7387300.0,52.3,700,52.33,1000,-2.93,53.99,51.0,7387300,388050000.0,6.79,5.55,56.89,110.14,64.66,43.1,0.71
兰州黄河,sz000929,9.01,9.02,9.02,2815600.0,9.0,6200,9.01,9200,-0.11,9.11,8.88,2815600,25300000.0,1.52,2.55,16.74,16.74,9.92,8.12,0.86
兆丰股份,sz300695,51.33,50.56,50.55,1104800.0,51.33,1100,51.34,1500,1.52,51.6,49.51,1104800,56120000.0,1.08,4.13,52.49,52.49,60.67,40.45,0.99
广联达,sz002410,9.51,9.54,9.58,20240600.0,9.5,37200,9.51,32200,-0.31,9.69,9.47,20240600,193300000.0,1.29,2.31,149.32,157.1,10.49,8.59,0.57
欣天科技,sz300615,16.71,17.3,16.5,32035400.0,16.71,45400,16.72,35300,-3.41,17.38,16.0,32035400,536990000.0,20.93,7.98,25.58,32.25,20.76,13.84,1.11
星宇股份,sh601799,95.92,96.11,96.12,1743900.0,95.92,100,95.93,2200,-0.2,97.19,94.8,1743900,167490000.0,0.61,2.49,274.02,274.02,105.72,86.5,0.72
苏交科,sz300284,5.55,5.5,5.46,16386600.0,5.55,401000,5.56,348000,0.91,5.57,5.39,16386600,89690000.0,1.37,3.27,66.5,70.09,6.6,4.4,0.99
国民技术,sz300077,19.9,19.17,19.0,54193200.0,19.9,252400,19.91,78700,3.81,20.4,18.9,54193200,1068410000.0,9.57,7.82,112.7,134.95,23.0,15.34,0.96
航锦科技,sz000818,13.67,13.82,13.78,15141100.0,13.66,22500,13.67,79900,-1.09,13.87,13.49,15141100,207590000.0,2.3,2.75,89.98,90.22,15.2,12.44,0.56
长城汽车,sh601633,15.59,15.69,15.7,11883900.0,15.58,68800,15.59,19500,-0.64,15.77,15.53,11883900,185720000.0,0.19,1.53,969.72,1338.46,17.26,14.12,0.63
中国天楹,sz000035,4.85,4.91,4.9,33600500.0,4.84,388700,4.85,183200,-1.22,5.01,4.84,33600500,164490000.0,1.45,3.46,112.18,115.82,5.4,4.42,0.67
税友股份,sh603171,47.2,47.96,48.37,8901600.0,47.2,5600,47.21,800,-1.58,48.99,46.95,8901600,424590000.0,2.19,4.25,191.58,191.79,52.76,43.16,0.56
博通集成,sh603068,40.53,40.98,40.5,14023800.0,40.53,5600,40.54,2800,-1.1,41.98,40.2,14023800,573800000.0,9.24,4.34,61.52,61.52,45.08,36.88,0.68
口子窖,sh603589,20.18,20.5,20.4,6611900.0,20.17,21700,20.18,24700,-1.56,20.75,20.12,6611900,134160000.0,1.11,3.07,120.7,120.7,22.55,18.45,0.75
太阳电缆,sz002300,7.61,7.9,7.79,73829900.0,7.61,415600,7.62,45200,-3.67,7.83,7.59,73829900,566330000.0,10.22,3.04,54.97,54.97,8.69,7.11,1.43
新里程,sz002219,2.18,2.18,2.17,75527000.0,2.17,960900,2.18,591200,0.0,2.2,2.16,75527000,164390000.0,2.31,1.83,71.33,75.25,2.4,1.96,1.05
金 螳 螂,sz002081,3.97,4.01,3.96,60661500.0,3.97,236900,3.98,1121200,-1.0,4.03,3.92,60661500,241000000.0,2.29,2.74,104.98,105.42,4.41,3.61,0.6
东软集团,sh600718,8.33,8.36,8.4,8010500.0,8.32,28400,8.33,76100,-0.36,8.43,8.28,8010500,66850000.0,0.67,1.79,99.66,99.66,9.2,7.52,0.6
奥瑞德,sh600666,3.86,3.86,3.85,107944300.0,3.85,971500,3.86,224400,0.0,3.9,3.76,107944300,415750000.0,4.31,3.63,96.58,106.2,4.25,3.47,0.55
移远通信,sh603236,52.2,50.16,50.0,16823700.0,52.2,53400,52.21,4000,4.07,53.26,49.52,16823700,879440000.0,4.18,7.46,210.34,210.34,55.18,45.14,1.52
金徽酒,sh603919,17.18,17.04,16.85,14917400.0,17.17,47500,17.18,6600,0.82,17.35,16.81,14917400,255490000.0,2.94,3.17,87.15,87.15,18.74,15.34,0.8
天和磁材,sh603072,32.52,33.23,33.0,2520100.0,32.51,6300,32.52,300,-2.14,33.2,32.4,2520100,82160000.0,2.0,2.41,41.05,85.94,36.55,29.91,0.91
小商品城,sh600415,12.0,12.15,12.19,76095700.0,12.0,938000,12.01,205500,-1.23,12.37,12.0,76095700,924300000.0,1.39,3.05,658.03,658.03,13.37,10.94,1.06
*ST三房,sh600370,1.53,1.52,1.52,16746000.0,1.53,595700,1.54,1712800,0.66,1.55,1.51,16746000,25600000.0,0.42,2.63,61.55,61.55,1.67,1.37,0.54
奋达科技,sz002681,4.59,4.6,4.58,34973700.0,4.59,45400,4.6,477800,-0.22,4.64,4.51,34973700,160370000.0,2.23,2.83,72.03,82.37,5.06,4.14,0.65
拓新药业,sz301089,24.59,24.73,24.5,3242400.0,24.59,22900,24.6,33300,-0.57,25.0,24.3,3242400,80440000.0,3.58,2.83,22.25,31.12,29.68,19.78,0.91
金财互联,sz002530,7.25,7.32,7.31,9135500.0,7.25,28800,7.26,148400,-0.96,7.34,7.18,9135500,66350000.0,1.31,2.19,50.4,56.49,8.05,6.59,0.33
胜利精密,sz002426,2.74,2.76,2.74,62823300.0,2.73,1746900,2.74,762500,-0.72,2.77,2.69,62823300,171950000.0,1.85,2.9,93.23,93.23,3.04,2.48,0.69
中成股份,sz000151,10.16,10.17,10.16,4374600.0,10.15,28400,10.16,56400,-0.1,10.23,10.07,4374600,44480000.0,1.42,1.57,31.29,35.65,11.19,9.15,0.67
舍得酒业,sh600702,37.53,38.05,37.98,11306000.0,37.53,18200,37.54,200,-1.37,38.27,37.3,11306000,425220000.0,3.41,2.55,124.58,124.63,41.86,34.25,0.67
东方创业,sh600278,6.36,6.4,6.35,3665300.0,6.35,117200,6.36,14100,-0.63,6.41,6.33,3665300,23320000.0,0.43,1.25,54.73,54.73,7.04,5.76,0.84
金种子酒,sh600199,7.87,8.09,7.98,35077000.0,7.87,404000,7.88,37900,-2.72,8.07,7.82,35077000,277910000.0,5.33,3.09,51.77,51.77,8.9,7.28,0.72
五矿发展,sh600058,11.05,11.3,11.26,28422200.0,11.05,10900,11.06,130100,-2.21,11.76,11.04,28422200,322500000.0,2.65,6.37,118.45,118.45,12.43,10.17,1.79
力源信息,sz300184,12.66,12.78,12.58,64408500.0,12.66,184000,12.67,131300,-0.94,12.98,12.48,64408500,820330000.0,6.12,3.91,133.19,145.47,15.34,10.22,0.84
盛科通信-U,sh688702,393.6,403.96,400.0,762662600.0,393.6,4300,393.66,0,-2.56,417.06,390.01,762662600,3069270000.0,3.76,6.7,798.98,1613.76,484.75,323.17,0.67
捷捷微电,sz300623,26.65,26.62,26.37,19843400.0,26.65,37800,26.66,15800,0.11,27.08,26.1,19843400,529400000.0,2.59,3.68,204.5,221.75,31.94,21.3,0.66
北投科技,sh600936,6.08,6.16,6.03,121194800.0,6.07,660200,6.08,82700,-1.3,6.27,6.03,121194800,743370000.0,7.25,3.9,101.6,101.6,6.78,5.54,0.93
江西长运,sh600561,5.7,5.78,5.56,5967000.0,5.69,5000,5.7,64000,-1.38,5.75,5.56,5967000,33890000.0,2.1,3.29,16.22,16.22,6.36,5.2,0.98
五方光电,sz002962,13.03,13.25,13.06,12512400.0,13.02,900,13.03,2500,-1.66,13.15,12.8,12512400,162590000.0,5.98,2.64,27.26,38.0,14.58,11.93,1.17
保利联合,sz002037,7.32,7.57,7.4,19560400.0,7.32,60100,7.33,32900,-3.3,7.5,7.24,19560400,143650000.0,4.04,3.43,35.42,35.42,8.33,6.81,1.01
拓普集团,sh601689,50.93,49.48,49.2,35961000.0,50.93,88000,50.94,14300,2.93,51.73,48.9,35961000,1817380000.0,2.07,5.72,885.08,885.08,54.43,44.53,1.22
金卡智能,sz300349,10.63,10.72,10.72,7735500.0,10.62,26200,10.63,17600,-0.84,10.86,10.55,7735500,82830000.0,2.09,2.89,39.3,44.35,12.86,8.58,0.65
恒基达鑫,sz002492,5.64,5.64,5.61,5655500.0,5.63,6800,5.64,11900,0.0,5.69,5.57,5655500,31890000.0,1.42,2.13,22.44,22.84,6.2,5.08,0.85
春风动力,sh603129,297.82,303.27,301.77,1043700.0,297.6,1200,297.82,2900,-1.8,308.96,296.13,1043700,314570000.0,0.68,4.23,457.1,457.1,333.6,272.94,0.66
众捷汽车,sz301560,23.95,24.1,23.86,1617200.0,23.95,3700,23.96,300,-0.62,24.4,23.35,1617200,38620000.0,2.65,4.36,14.62,29.12,28.92,19.28,0.9
凯淳股份,sz301001,24.29,24.54,24.52,1329700.0,24.29,18100,24.32,4400,-1.02,24.67,23.99,1329700,32300000.0,2.64,2.77,12.22,19.43,29.45,19.63,0.76
宏海科技,bj920108,9.13,9.23,9.3,378900.0,9.12,9800,9.13,3700,-1.08,9.3,9.13,378900,3481200.0,0.52,1.84,6.66,15.72,11.99,6.47,0.59
安邦护卫,sh603373,40.9,39.77,40.03,2290300.0,40.89,11800,40.9,3600,2.84,40.97,39.19,2290300,92070000.0,3.6,4.48,26.01,61.57,43.75,35.79,0.6
速达股份,sz001277,29.13,29.16,29.18,689700.0,29.13,700,29.18,7500,-0.1,29.3,28.66,689700,20020000.0,1.51,2.19,13.27,22.14,32.08,26.24,0.7
新日股份,sh603787,10.09,10.15,10.14,3701400.0,10.09,7200,10.1,32800,-0.59,10.21,10.03,3701400,37470000.0,1.61,1.77,23.22,23.22,11.17,9.14,0.58
济民健康,sh603222,8.86,8.83,8.71,31400800.0,8.86,75400,8.87,125200,0.34,9.06,8.7,31400800,279880000.0,5.98,4.08,46.52,46.52,9.71,7.95,0.65
鹏鹞环保,sz300664,4.64,4.66,4.63,6159700.0,4.62,174500,4.64,346400,-0.43,4.66,4.6,6159700,28500000.0,0.85,1.29,33.65,34.93,5.59,3.73,0.75
郴电国际,sh600969,8.59,8.6,8.59,9602800.0,8.59,64100,8.6,59300,-0.12,8.82,8.44,9602800,82750000.0,2.59,4.42,31.79,31.79,9.46,7.74,1.13
天桥起重,sz002523,3.34,3.38,3.37,19547600.0,3.33,341000,3.34,2200,-1.18,3.38,3.31,19547600,65390000.0,1.38,2.07,47.15,47.32,3.72,3.04,0.89
机器人,sz300024,16.0,15.78,15.62,55151900.0,16.0,291300,16.01,151600,1.39,16.26,15.44,55151900,874220000.0,3.52,5.2,250.43,250.5,18.94,12.62,1.26
奕帆传动,sz301023,29.97,29.77,29.61,1419200.0,29.97,5900,29.98,300,0.67,30.41,29.28,1419200,42370000.0,2.74,3.8,15.51,27.97,35.72,23.82,0.95
必得科技,sh605298,48.72,49.0,49.94,807200.0,48.72,5800,48.8,300,-0.57,49.94,48.11,807200,39710000.0,0.43,3.73,90.74,91.52,53.9,44.1,0.87
川仪股份,sh603100,18.25,18.38,18.38,3079000.0,18.24,10100,18.25,4100,-0.71,18.42,18.21,3079000,56280000.0,0.6,1.14,93.36,93.65,20.22,16.54,0.76
石化油服,sh600871,2.27,2.24,2.27,139008100.0,2.26,1195600,2.27,4037400,1.34,2.29,2.25,139008100,315490000.0,1.03,1.79,307.52,430.32,2.46,2.02,1.35
江南高纤,sh600527,2.18,2.21,2.21,42265900.0,2.18,49000,2.19,869100,-1.36,2.22,2.17,42265900,92510000.0,2.44,2.26,37.75,37.75,2.43,1.99,0.78
必创科技,sz300667,14.28,14.81,14.5,7457900.0,14.27,69400,14.28,12800,-3.58,14.53,14.21,7457900,106680000.0,4.32,2.16,24.65,29.22,17.77,11.85,1.23
慧智微-U,sh688512,14.52,14.83,14.81,1258769400.0,14.51,22800,14.52,43700,-2.09,15.1,14.39,1258769400,184460000.0,3.88,4.79,47.13,68.66,17.8,11.86,0.66
直真科技,sz003007,39.1,39.6,39.38,3073200.0,39.1,300,39.2,100,-1.26,39.99,38.18,3073200,120150000.0,4.23,4.57,28.38,46.75,43.56,35.64,0.62
广州酒家,sh603043,13.87,13.86,13.91,3670100.0,13.87,500,13.88,800,0.07,14.03,13.7,3670100,50930000.0,0.65,2.38,78.01,78.68,15.25,12.47,0.92
可靠股份,sz301009,9.24,9.26,9.26,2549000.0,9.23,400,9.24,800,-0.22,9.35,9.1,2549000,23470000.0,1.69,2.7,13.96,25.12,11.11,7.41,0.8
泰胜风能,sz300129,8.14,8.38,8.12,25712000.0,8.14,65100,8.15,79200,-2.86,8.28,7.99,25712000,209130000.0,3.58,3.46,58.5,90.26,10.06,6.7,1.07
惠泉啤酒,sh600573,9.84,9.9,9.9,5116000.0,9.84,61500,9.85,9600,-0.61,9.95,9.77,5116000,50380000.0,2.05,1.82,24.6,24.6,10.89,8.91,0.77
上实发展,sh600748,4.01,3.88,3.86,26538600.0,4.0,57000,4.01,86100,3.35,4.19,3.84,26538600,106730000.0,1.44,9.02,73.97,73.97,4.27,3.49,1.98
中创股份,sh688695,19.63,20.24,20.07,142719600.0,19.63,2200,19.64,5500,-3.01,20.2,19.5,142719600,28120000.0,2.67,3.46,10.48,16.7,24.29,16.19,0.89
应流股份,sh603308,47.64,48.38,47.39,10208300.0,47.63,7400,47.64,7800,-1.53,48.15,47.0,10208300,485910000.0,1.5,2.38,323.5,323.5,53.22,43.54,0.56
雅创电子,sz301099,50.18,50.04,49.27,8793700.0,50.17,7700,50.18,7300,0.28,51.77,49.11,8793700,443810000.0,7.65,5.32,57.69,94.8,60.05,40.03,0.96
白云机场,sh600004,7.59,7.66,7.66,7336200.0,7.58,18200,7.59,50900,-0.91,7.68,7.57,7336200,55790000.0,0.31,1.44,179.63,195.61,8.43,6.89,0.67
光明地产,sh600708,3.19,3.2,3.18,12715600.0,3.19,214100,3.2,134200,-0.31,3.24,3.16,12715600,40780000.0,0.57,2.5,70.99,71.09,3.52,2.88,0.51
富恒新材,bj920469,5.62,5.68,5.68,1554400.0,5.62,5000,5.63,110400,-1.06,5.69,5.52,1554400,8672600.0,1.5,2.99,5.81,7.92,7.38,3.98,0.69
显盈科技,sz301067,30.91,31.24,30.45,3963600.0,30.91,4200,30.92,2000,-1.06,31.98,30.45,3963600,123150000.0,6.21,4.9,19.73,30.06,37.49,24.99,1.08
西山科技,sh688576,40.76,40.78,40.5,39181600.0,40.76,11800,40.78,500,-0.05,41.1,40.07,39181600,15910000.0,1.21,2.53,13.17,27.57,48.94,32.62,0.92
爱慕股份,sh603511,12.44,12.44,12.36,1388500.0,12.44,100,12.45,11500,0.0,12.55,12.31,1388500,17240000.0,0.35,1.93,49.99,50.49,13.68,11.2,0.91
赛摩智能,sz300466,7.43,7.43,7.45,5301400.0,7.43,1300,7.44,30700,0.0,7.5,7.31,5301400,39280000.0,1.18,2.56,33.35,39.79,8.92,5.94,0.99
大智慧,sh601519,8.16,8.27,8.27,25015800.0,8.16,209000,8.17,130000,-1.33,8.27,8.12,25015800,204850000.0,1.26,1.81,162.32,162.32,9.1,7.44,0.81
中源协和,sh600645,19.89,19.95,19.8,9811900.0,19.88,54300,19.89,300,-0.3,20.38,19.7,9811900,196970000.0,2.1,3.41,93.04,93.08,21.95,17.96,0.82
航发动力,sh600893,36.2,36.9,36.4,30033200.0,36.19,9700,36.2,40100,-1.9,36.83,35.89,30033200,1091750000.0,1.13,2.55,964.78,964.95,40.59,33.21,0.9
中瓷电子,sz003031,117.64,112.74,112.32,16422200.0,117.64,14100,117.65,1700,4.35,124.01,110.67,16422200,1944300000.0,4.83,11.83,400.16,530.62,124.01,101.47,1.39
迈信林,sh688685,41.4,42.01,41.01,275005200.0,41.38,6100,41.4,4400,-1.45,42.46,41.01,275005200,115020000.0,1.87,3.45,60.8,60.8,50.41,33.61,0.55
凌钢股份,sh600231,1.7,1.72,1.72,11963000.0,1.7,1145100,1.71,6600,-1.16,1.73,1.69,11963000,20500000.0,0.42,2.33,48.22,48.83,1.89,1.55,0.93
中国重汽,sz000951,21.38,21.79,21.71,9397000.0,21.38,10000,21.39,6600,-1.88,22.12,21.36,9397000,203380000.0,0.8,3.49,249.93,249.93,23.97,19.61,0.8
朗科智能,sz300543,7.88,7.84,7.83,5515000.0,7.87,20400,7.88,35300,0.51,7.95,7.7,5515000,43300000.0,2.2,3.19,19.72,24.14,9.41,6.27,0.79
凯德石英,bj920179,56.24,61.49,57.5,6812700.0,56.23,9600,56.24,3800,-8.54,59.7,56.16,6812700,393979000.0,11.41,5.76,33.59,41.87,79.93,43.05,1.33
广咨国际,bj920892,10.35,10.51,10.45,408800.0,10.35,10900,10.43,600,-1.52,10.48,10.3,408800,4239600.0,0.27,1.71,15.61,17.63,13.66,7.36,0.68
海得控制,sz002184,9.98,10.02,10.02,4908400.0,9.98,1600,9.99,77200,-0.4,10.1,9.86,4908400,49020000.0,2.04,2.4,23.99,35.12,11.02,9.02,0.75
珠海港,sz000507,4.99,5.03,5.02,6722500.0,4.98,143700,4.99,101400,-0.8,5.02,4.97,6722500,33560000.0,0.74,0.99,45.03,45.89,5.53,4.53,0.67
大参林,sh603233,18.86,18.23,18.24,19793300.0,18.86,17700,18.87,2000,3.46,19.99,18.11,19793300,380230000.0,1.74,10.31,214.79,214.79,20.05,16.41,2.03
光正眼科,sz002524,3.99,4.05,4.01,15745700.0,3.99,76800,4.0,51100,-1.48,4.06,3.96,15745700,63090000.0,3.09,2.47,20.32,20.56,4.46,3.65,0.91
长青科技,sz001324,19.52,19.68,19.63,2501700.0,19.51,1700,19.52,8200,-0.81,19.9,19.3,2501700,48870000.0,1.81,3.05,26.94,26.94,21.65,17.71,1.17
起帆电缆,sh605222,19.9,20.34,20.5,7351800.0,19.9,2700,19.91,14500,-2.16,20.5,19.63,7351800,146540000.0,1.78,4.28,82.17,82.17,22.37,18.31,0.99
喜悦智行,sz301198,12.54,12.49,12.47,2907400.0,12.52,19300,12.54,100,0.4,12.68,12.19,2907400,36170000.0,1.79,3.92,20.35,21.19,14.99,9.99,0.7
*ST四通,sh603838,9.36,9.25,9.27,2444600.0,9.35,5800,9.36,10200,1.19,9.49,9.12,2444600,22750000.0,0.76,4.0,29.95,29.95,10.18,8.33,0.76
超图软件,sz300036,11.64,11.72,11.82,7882200.0,11.64,24100,11.65,15800,-0.68,11.82,11.52,7882200,91830000.0,1.77,2.56,51.8,57.36,14.06,9.38,0.62
香溢融通,sh600830,8.1,8.12,8.14,3056700.0,8.09,13800,8.1,4200,-0.25,8.14,8.0,3056700,24690000.0,0.67,1.72,36.8,36.8,8.93,7.31,0.69
地纬智能,sh688579,8.13,8.21,8.29,336341100.0,8.13,8300,8.15,20000,-0.97,8.29,8.04,336341100,27390000.0,0.84,3.05,32.52,32.52,9.85,6.57,0.7
数码视讯,sz300079,4.61,4.56,4.54,36050300.0,4.61,58100,4.62,261400,1.1,4.74,4.49,36050300,165960000.0,2.81,5.48,59.08,65.74,5.47,3.65,1.24
超卓航科,sh688237,58.88,59.72,58.02,136079500.0,58.88,1700,58.93,1000,-1.41,59.96,57.96,136079500,80200000.0,1.52,3.35,52.8,52.8,71.66,47.78,0.39
ST帕瓦,sh688184,11.8,11.97,11.87,54841700.0,11.74,300,11.8,8400,-1.42,11.97,11.67,54841700,6480000.0,0.56,2.51,11.58,18.49,14.36,9.58,0.48
传智教育,sz003032,11.74,12.03,11.45,97531500.0,11.73,566400,11.74,56400,-2.41,12.66,11.4,97531500,1175520000.0,34.28,10.47,33.4,47.25,13.23,10.83,1.21
泉峰汽车,sh603982,6.09,6.09,6.09,4695000.0,6.09,2400,6.1,25400,0.0,6.14,5.98,4695000,28460000.0,1.38,2.63,20.68,22.24,6.7,5.48,0.98
高新发展,sz000628,38.9,38.99,38.98,5990000.0,38.89,3600,38.9,9400,-0.23,39.4,38.15,5990000,232580000.0,3.12,3.21,74.78,137.04,42.89,35.09,0.76
金冠股份,sz300510,3.51,3.55,3.52,25384700.0,3.5,47500,3.51,687100,-1.13,3.54,3.44,25384700,88740000.0,3.08,2.82,28.95,28.95,4.26,2.84,0.89
铁流股份,sh603926,16.81,16.02,16.16,6651200.0,16.81,6900,16.82,15800,4.93,17.07,15.65,6651200,109580000.0,2.88,8.86,38.8,39.17,17.62,14.42,1.59
佳禾智能,sz300793,11.26,11.34,11.34,4506300.0,11.26,16400,11.28,3900,-0.71,11.46,11.14,4506300,50820000.0,1.21,2.82,41.9,42.85,13.61,9.07,0.74
雪榕生物,sz300511,5.36,5.49,5.44,15287300.0,5.36,13600,5.37,15200,-2.37,5.49,5.35,15287300,82610000.0,2.8,2.55,29.27,34.35,6.59,4.39,0.72
敷尔佳,sz301371,26.42,26.55,26.2,2608800.0,26.41,700,26.42,100,-0.49,26.76,25.88,2608800,68760000.0,3.35,3.31,20.6,137.41,31.86,21.24,0.89
新城市,sz300778,10.78,10.68,10.68,3416300.0,10.78,27100,10.79,5400,0.94,10.82,10.41,3416300,36290000.0,1.68,3.84,21.95,21.95,12.82,8.54,0.98
天山生物,sz300313,8.36,8.45,8.45,3696900.0,8.35,9200,8.36,16800,-1.07,8.48,8.32,3696900,31030000.0,1.87,1.89,16.5,20.05,10.14,6.76,0.78
通达股份,sz002560,6.42,6.54,6.5,23016900.0,6.42,191100,6.43,102500,-1.83,6.51,6.34,23016900,147940000.0,3.63,2.6,40.66,47.2,7.19,5.89,0.75
华软科技,sz002453,4.43,4.42,4.44,9483700.0,4.43,71800,4.44,10500,0.23,4.5,4.33,9483700,41890000.0,1.57,3.85,26.7,35.99,4.86,3.98,0.84
凯发电气,sz300407,12.57,12.78,12.78,13735800.0,12.57,9800,12.58,1000,-1.64,13.29,12.56,13735800,176250000.0,5.3,5.71,32.57,43.55,15.34,10.22,0.84
博源化工,sz000683,5.99,6.13,6.13,97098300.0,5.99,800,6.0,153500,-2.28,6.23,5.98,97098300,590980000.0,2.91,4.08,199.98,222.64,6.74,5.52,1.06
苏轴股份,bj920418,19.6,19.5,19.33,2218000.0,19.6,18200,19.65,1300,0.51,19.99,18.94,2218000,43213200.0,1.41,5.38,30.76,31.85,25.35,13.65,1.3
天康生物,sz002100,7.18,7.28,7.31,23704800.0,7.18,120400,7.19,61900,-1.37,7.47,7.18,23704800,172840000.0,1.74,3.98,98.03,98.03,8.01,6.55,0.96
精进电动-W,sh688280,5.8,5.81,5.76,1041633900.0,5.79,130900,5.8,75000,-0.17,5.83,5.71,1041633900,60140000.0,2.0,2.07,30.19,34.23,6.97,4.65,0.47
电投水电,sh600292,12.69,12.52,12.54,15996900.0,12.69,7400,12.7,38100,1.36,12.98,12.42,15996900,203870000.0,3.64,4.47,55.75,604.58,13.77,11.27,1.61
金麒麟,sh603586,13.57,13.65,13.68,1302500.0,13.56,700,13.57,1300,-0.59,13.76,13.46,1302500,17690000.0,0.66,2.2,26.6,26.6,15.02,12.29,0.78
东鹏饮料,sh605499,126.37,130.83,129.0,10758800.0,126.37,200,126.38,1100,-3.41,129.92,125.61,10758800,1365330000.0,1.59,3.29,854.28,927.81,143.91,117.75,0.8
北路智控,sz301195,28.4,26.9,27.91,5198500.0,28.39,1100,28.4,1200,5.58,29.84,27.91,5198500,148600000.0,5.93,7.17,24.9,37.51,32.28,21.52,3.73
海正生材,sh688203,11.62,12.17,12.05,1459156600.0,11.61,2600,11.62,5400,-4.52,12.2,10.88,1459156600,168190000.0,7.2,10.85,23.55,23.55,14.6,9.74,2.93
ST合力泰,sz002217,1.52,1.54,1.53,101464700.0,1.52,9152100,1.53,4942500,-1.3,1.54,1.5,101464700,154380000.0,1.39,2.6,110.65,113.69,1.69,1.39,0.6
国瑞科技,sz300600,10.3,10.53,10.52,5664600.0,10.3,19400,10.31,1300,-2.18,10.53,10.16,5664600,58340000.0,1.93,3.51,30.31,30.31,12.64,8.42,0.99
立方控股,bj920130,20.91,19.71,19.91,8808300.0,20.91,16500,20.94,1000,6.09,22.73,19.91,8808300,187695400.0,15.37,14.31,11.98,19.29,25.62,13.8,1.04
灿能电力,bj920299,16.28,16.72,16.6,1430200.0,16.27,7100,16.28,29700,-2.63,16.72,16.23,1430200,23467500.0,3.15,2.93,7.39,14.67,21.73,11.71,0.57
丰光精密,bj920510,25.92,22.75,23.0,14846800.0,25.92,3500,25.93,400,13.93,26.83,22.4,14846800,365267000.0,15.8,19.47,24.36,47.69,29.57,15.93,1.49
如通股份,sh603036,13.41,13.18,13.23,6401200.0,13.41,16000,13.42,300,1.75,13.65,12.98,6401200,85420000.0,3.11,5.08,27.63,27.63,14.5,11.86,0.85
百诚医药,sz301096,46.84,45.76,45.18,4769800.0,46.82,500,46.84,5900,2.36,48.0,44.68,4769800,222440000.0,5.74,7.26,38.92,51.16,54.91,36.61,1.61
博云新材,sz002297,18.7,19.14,18.73,46623900.0,18.69,81600,18.7,22900,-2.3,19.18,18.42,46623900,875420000.0,8.14,3.97,107.17,107.17,21.05,17.23,0.66
顺景科技,sh603007,4.89,4.92,4.88,15123700.0,4.88,157300,4.89,36400,-0.61,4.94,4.8,15123700,73650000.0,2.18,2.85,33.99,43.25,5.41,4.43,0.5
金城医药,sz300233,13.97,13.99,13.96,13283400.0,13.96,11000,13.97,14200,-0.14,14.26,13.82,13283400,186080000.0,3.59,3.15,51.66,53.63,16.79,11.19,1.1
彩虹集团,sz003023,25.65,23.95,23.96,8948500.0,25.65,4100,25.66,20600,7.1,25.88,23.8,8948500,222880000.0,8.51,8.68,26.96,27.02,26.35,21.56,1.74
新通联,sh603022,8.69,8.73,8.68,2534900.0,8.69,300,8.7,3100,-0.46,8.78,8.61,2534900,22050000.0,1.27,1.95,17.38,17.38,9.6,7.86,0.74
金桥信息,sh603918,11.28,11.33,11.4,18943100.0,11.28,31700,11.29,22100,-0.44,11.65,11.2,18943100,215490000.0,5.19,3.97,41.18,41.18,12.46,10.2,0.85
ST南新,sh688189,6.89,6.83,6.74,637131900.0,6.88,19100,6.89,20700,0.88,6.99,6.69,637131900,43560000.0,2.34,4.39,18.8,18.8,8.2,5.46,0.84
中再资环,sh600217,3.16,3.21,3.19,7768800.0,3.16,376600,3.17,2500,-1.56,3.21,3.16,7768800,24680000.0,0.47,1.56,52.38,52.38,3.53,2.89,0.65
安诺其,sz300067,5.59,5.62,5.61,48343400.0,5.59,205200,5.6,55500,-0.53,5.67,5.53,48343400,271450000.0,5.16,2.49,52.39,64.53,6.74,4.5,0.68
ST惠伦,sz300460,8.76,8.67,8.62,3056100.0,8.75,29100,8.76,10700,1.04,8.98,8.55,3056100,26880000.0,1.09,4.96,24.6,24.6,10.4,6.94,0.65
富岭股份,sz001356,8.74,8.8,8.78,3131600.0,8.73,7800,8.74,14400,-0.68,8.8,8.64,3131600,27260000.0,1.48,1.82,18.5,51.51,9.68,7.92,0.77
利亚德,sz300296,5.41,5.47,5.44,33924200.0,5.4,584300,5.41,216300,-1.1,5.49,5.39,33924200,184100000.0,1.46,1.83,125.31,146.72,6.56,4.38,0.71
华信永道,bj920592,21.14,21.5,21.43,1137200.0,21.12,1100,21.14,6900,-1.67,21.52,21.01,1137200,24135700.0,2.26,2.37,10.63,17.08,27.95,15.05,0.53
赛力斯,sh601127,55.21,56.03,56.11,19939600.0,55.21,53300,55.22,33400,-1.46,56.2,55.1,19939600,1104060000.0,1.28,1.96,859.73,961.75,61.63,50.43,0.62
华远控股,sh600743,2.26,2.27,2.25,39793800.0,2.26,756200,2.27,50800,-0.44,2.37,2.25,39793800,91370000.0,1.7,5.29,53.02,53.02,2.5,2.04,1.35
ST金鸿,sz000669,3.54,3.53,3.52,3883400.0,3.54,8600,3.55,76200,0.28,3.62,3.5,3883400,13750000.0,0.57,3.4,24.09,24.09,3.88,3.18,0.79
云煤能源,sh600792,3.71,3.71,3.79,18806200.0,3.7,82400,3.71,25900,0.0,3.8,3.65,18806200,69750000.0,1.69,4.04,41.18,41.18,4.08,3.34,0.88
渤海租赁,sz000415,4.54,4.64,4.65,35149000.0,4.54,8700,4.55,433600,-2.16,4.68,4.53,35149000,161330000.0,0.65,3.23,244.84,280.78,5.1,4.18,0.71
福达股份,sh603166,11.82,11.38,11.37,18516800.0,11.82,32200,11.83,65100,3.87,12.17,11.17,18516800,218080000.0,2.89,8.79,75.73,76.32,12.52,10.24,1.32
深圳瑞捷,sz300977,16.07,16.24,16.13,1189400.0,16.07,400,16.08,2200,-1.05,16.33,15.83,1189400,19160000.0,1.25,3.08,15.23,24.46,19.49,12.99,0.81
格林精密,sz300968,10.9,10.99,10.95,9678300.0,10.9,20100,10.91,6800,-0.82,11.0,10.75,9678300,105460000.0,2.34,2.27,45.06,45.06,13.19,8.79,0.58
协创数据,sz300857,245.22,252.1,250.0,14787500.0,245.22,1000,245.23,300,-2.73,253.3,244.53,14787500,3675010000.0,3.04,3.48,1193.88,1200.02,302.52,201.68,0.49
思源电气,sz002028,162.92,165.42,167.0,6891900.0,162.92,16500,162.93,500,-1.51,167.0,159.68,6891900,1126180000.0,1.13,4.43,995.12,1274.97,181.96,148.88,0.68
颖泰生物,bj920819,2.84,2.84,2.85,3735800.0,2.84,42700,2.85,12900,0.0,2.89,2.82,3735800,10668900.000000002,0.31,2.46,34.41,34.81,3.69,1.99,0.85
北京人力,sh600861,13.17,13.32,13.33,2296400.0,13.16,25800,13.18,80200,-1.13,13.38,13.16,2296400,30390000.0,0.41,1.65,74.56,74.56,14.65,11.99,0.71
荣联科技,sz002642,7.46,7.5,7.56,13042900.0,7.45,63000,7.46,65100,-0.53,7.56,7.39,13042900,97430000.0,1.97,2.27,49.35,49.35,8.25,6.75,0.62
华新科技,sz301265,20.6,20.73,20.74,7076400.0,20.59,1100,20.6,8100,-0.63,21.35,20.53,7076400,147840000.0,2.9,3.96,50.25,62.41,24.88,16.58,0.98
ST海泰,sh600082,2.89,2.85,2.86,5169900.0,2.88,18200,2.89,97000,1.4,2.92,2.84,5169900,14860000.0,0.82,2.81,18.33,18.67,3.14,2.57,0.72
风语筑,sh603466,11.34,11.28,11.29,42392400.0,11.34,285900,11.35,139400,0.53,11.37,11.09,42392400,478640000.0,7.13,2.48,67.45,67.45,12.41,10.15,0.72
宁波建工,sh601789,4.58,4.37,4.36,104398500.0,4.58,367900,4.59,463600,4.81,4.61,4.3,104398500,471700000.0,9.61,7.09,49.78,69.82,4.81,3.93,2.81
易事特,sz300376,4.86,4.82,4.91,33566100.0,4.86,118700,4.87,215400,0.83,4.99,4.77,33566100,164270000.0,1.44,4.56,113.11,113.15,5.78,3.86,1.56
永安期货,sh600927,12.96,13.07,13.03,5490200.0,12.96,11300,12.97,16400,-0.84,13.05,12.93,5490200,71250000.0,0.38,0.92,187.98,187.98,14.38,11.76,0.94
贝泰妮,sz300957,33.63,33.93,33.82,7454400.0,33.63,1800,33.64,600,-0.88,34.44,33.55,7454400,252890000.0,1.76,2.62,142.46,142.46,40.72,27.14,0.75
恒进感应,bj920870,13.0,12.53,12.65,6229300.0,12.99,33600,13.0,1200,3.75,13.8,12.6,6229300,81983500.0,9.44,9.58,8.58,17.42,16.28,8.78,3.33
云鼎科技,sz000409,8.84,8.85,9.05,8478200.0,8.84,21200,8.85,25000,-0.11,9.15,8.76,8478200,75470000.0,1.44,4.41,52.2,59.91,9.74,7.97,1.34
狄耐克,sz300884,11.72,11.67,11.7,3828900.0,11.72,11700,11.73,3700,0.43,11.86,11.51,3828900,44900000.0,2.0,3.0,22.43,29.75,14.0,9.34,0.76
和而泰,sz002402,21.42,21.57,21.31,18320000.0,21.41,56200,21.42,185200,-0.7,21.67,21.19,18320000,392530000.0,2.24,2.23,175.32,197.79,23.73,19.41,0.61
我乐家居,sh603326,6.79,6.78,6.78,3297000.0,6.79,300,6.82,35200,0.15,6.85,6.69,3297000,22350000.0,1.03,2.36,21.67,21.67,7.46,6.1,0.72
罗欣药业,sz002793,5.28,5.3,5.27,60240400.0,5.28,1100,5.29,34500,-0.38,5.44,5.21,60240400,320190000.0,5.55,4.34,57.34,57.42,5.83,4.77,0.82
*ST网达,sh603189,9.49,9.39,9.36,2629500.0,9.47,2000,9.49,2900,1.06,9.55,9.24,2629500,24740000.0,0.98,3.3,25.58,25.58,10.33,8.45,0.68
宇通客车,sh600066,30.35,32.97,33.33,45904900.0,30.35,12300,30.36,1100,-7.95,33.47,30.31,45904900,1445200000.0,2.07,9.58,671.93,671.93,36.27,29.67,3.24
光莆股份,sz300632,19.27,18.71,18.4,25334100.0,19.27,82300,19.28,23300,2.99,19.61,18.21,25334100,482450000.0,11.45,7.48,42.62,58.81,22.45,14.97,0.92
葵花药业,sz002737,13.57,13.5,13.42,5492800.0,13.56,49300,13.57,5200,0.52,13.74,13.4,5492800,74720000.0,0.94,2.52,79.25,79.25,14.85,12.15,0.95
九芝堂,sz000989,9.36,9.5,9.41,27877200.0,9.35,116400,9.36,140400,-1.47,9.54,9.34,27877200,263150000.0,4.02,2.11,64.97,80.12,10.45,8.55,0.69
得邦照明,sh603303,22.96,22.18,22.0,3739000.0,22.95,4400,22.96,9100,3.52,23.15,21.81,3739000,84780000.0,0.78,6.04,109.51,109.51,24.4,19.96,1.14
东安动力,sh600178,9.74,10.15,10.07,16014900.0,9.74,34400,9.75,24400,-4.04,10.07,9.58,16014900,155640000.0,3.43,4.83,45.43,45.43,11.17,9.14,1.79
ST信安,sh688201,7.35,7.33,7.32,125346700.0,7.35,27900,7.36,35800,0.27,7.38,7.22,125346700,9170000.0,0.4,2.18,23.31,23.31,8.8,5.86,0.46
申科股份,sz002633,14.74,15.21,15.26,3212700.0,14.73,1400,14.74,2700,-3.09,15.26,14.5,3212700,47360000.0,2.15,5.0,22.05,22.11,16.73,13.69,1.5
吉比特,sh603444,386.25,394.8,394.36,2144000.0,386.25,3700,386.3,100,-2.17,399.98,385.75,2144000,841080000.0,2.98,3.6,278.26,278.26,434.28,355.32,1.02
山外山,sh688410,11.16,11.28,11.24,732816500.0,11.15,2700,11.16,1200,-1.06,11.36,11.11,732816500,82200000.0,1.64,2.22,49.93,49.93,13.54,9.02,0.92
卓兆点胶,bj920026,18.1,18.23,18.23,735400.0,18.03,21200,18.1,800,-0.71,18.45,17.64,735400,13234000.0,0.85,4.44,15.68,20.8,23.69,12.77,0.62
恒尚节能,sh603137,30.34,27.58,27.25,34099700.0,30.34,1678300,0.0,0,10.01,30.34,26.84,34099700,985330000.0,18.64,12.69,55.5,55.5,30.34,24.82,1.09
华凯易佰,sz300592,16.7,16.56,16.5,18311700.0,16.7,15400,16.71,5400,0.85,16.99,15.9,18311700,302050000.0,5.32,6.58,57.43,65.34,19.87,13.25,0.6
华达新材,sh605158,7.09,7.19,7.21,2815700.0,7.08,1300,7.09,3200,-1.39,7.21,7.05,2815700,20030000.0,0.55,2.23,36.26,36.26,7.91,6.47,0.79
峰璟股份,sz002662,3.27,3.31,3.31,10259800.0,3.26,228900,3.27,15900,-1.21,3.35,3.26,10259800,33710000.0,0.68,2.72,49.05,49.05,3.64,2.98,0.85
和顺石油,sh603353,29.96,29.93,30.8,3149700.0,29.95,12200,29.96,2900,0.1,30.98,29.18,3149700,93860000.0,1.85,6.01,51.06,51.06,32.92,26.94,0.95
健麾信息,sh605186,26.73,26.64,26.66,3363700.0,26.73,100,26.74,1000,0.34,26.95,25.51,3363700,88660000.0,2.47,5.41,36.35,36.35,29.3,23.98,0.92
明新旭腾,sh605068,20.46,21.1,21.3,9722100.0,20.46,9200,20.47,300,-3.03,21.45,20.2,9722100,201170000.0,5.99,5.92,33.19,33.19,23.21,18.99,0.75
欢瑞世纪,sz000892,4.21,4.18,4.23,91176800.0,4.2,133700,4.21,216000,0.72,4.33,4.11,91176800,383090000.0,12.83,5.26,29.93,41.3,4.6,3.76,0.83
国茂股份,sh603915,13.57,13.6,13.62,4291300.0,13.56,1500,13.57,17700,-0.22,13.72,13.42,4291300,58250000.0,0.65,2.21,89.11,90.63,14.96,12.24,0.85
元隆雅图,sz002878,12.71,12.71,12.6,4435800.0,12.71,60900,12.72,10300,0.0,12.8,12.51,4435800,56220000.0,1.88,2.28,29.98,33.3,13.98,11.44,0.65
朗鸿科技,bj920395,7.14,7.21,7.25,345600.0,7.13,4000,7.14,800,-0.97,7.25,7.11,345600,2474800.0,0.33,1.94,7.5,10.89,9.37,5.05,0.41
柯力传感,sh603662,53.8,53.08,52.92,6647600.0,53.8,17800,53.81,1900,1.36,54.44,52.3,6647600,356200000.0,2.37,4.03,151.09,151.09,58.39,47.77,1.02
合力科技,sh603917,12.54,12.62,12.6,4360200.0,12.54,5600,12.55,7300,-0.63,12.83,12.36,4360200,54800000.0,2.14,3.72,25.56,25.56,13.88,11.36,1.01
探路者,sz300005,11.58,11.06,10.98,57892600.0,11.58,348900,11.59,75800,4.7,11.77,10.78,57892600,651900000.0,6.6,8.95,101.5,102.33,13.27,8.85,0.92
宝兰德,sh688058,23.05,23.02,22.84,80544800.0,23.01,400,23.05,5300,0.13,23.28,22.55,80544800,18510000.0,1.06,3.17,17.48,17.48,27.62,18.42,0.61
纬德信息,sh688171,28.98,28.53,28.65,222444700.0,28.92,200,28.98,1100,1.58,29.29,28.39,222444700,64390000.0,1.9,3.15,33.86,33.86,34.24,22.82,1.16
博彦科技,sz002649,10.36,10.79,10.48,48769500.0,10.36,131700,10.37,93200,-3.99,10.55,10.0,48769500,504620000.0,9.09,5.1,55.57,61.27,11.87,9.71,0.95
萤石网络,sh688475,30.52,31.29,31.25,597962900.0,30.5,3300,30.52,15800,-2.46,31.4,30.45,597962900,183880000.0,0.76,3.04,240.34,240.34,37.55,25.03,0.81
华设集团,sh603018,5.32,5.35,5.33,5355400.0,5.31,5500,5.32,29500,-0.56,5.34,5.26,5355400,28380000.0,0.65,1.5,43.58,43.58,5.89,4.82,0.74
兆驰股份,sz002429,8.18,7.99,8.15,89878000.0,8.18,262500,8.19,54700,2.38,8.38,8.03,89878000,737050000.0,1.99,4.38,370.09,370.3,8.79,7.19,1.14
莲花控股,sh600186,10.61,10.88,10.87,316093100.0,10.6,581700,10.61,219100,-2.48,11.15,10.47,316093100,3408410000.0,17.76,6.25,188.89,190.21,11.97,9.79,1.24
云南能投,sz002053,9.64,9.71,9.72,5418200.0,9.64,24600,9.65,16800,-0.72,9.72,9.54,5418200,52230000.0,0.59,1.85,88.76,88.76,10.68,8.74,0.8
天保基建,sz000965,3.19,3.2,3.2,9544300.0,3.18,131700,3.19,131300,-0.31,3.21,3.15,9544300,30390000.0,0.86,1.88,35.4,35.4,3.52,2.88,0.62
恒为科技,sh603496,25.15,25.48,25.36,10227100.0,25.14,11300,25.15,8300,-1.3,25.56,24.85,10227100,257700000.0,3.19,2.79,80.53,80.53,28.03,22.93,0.52
国统股份,sz002205,10.82,10.59,10.54,3378300.0,10.82,4200,10.83,9700,2.17,10.88,10.47,3378300,36120000.0,1.82,3.87,20.11,20.11,11.65,9.53,1.32
之江生物,sh688317,17.46,17.67,17.48,204385900.0,17.45,8400,17.46,800,-1.19,17.71,17.24,204385900,35640000.0,1.08,2.66,33.15,33.15,21.2,14.14,0.78
浙江华远,sz301535,15.98,16.16,16.16,3860800.0,15.98,47500,16.03,100,-1.11,16.18,15.75,3860800,61520000.0,2.27,2.66,27.13,67.96,19.39,12.93,0.58
东软载波,sz300183,10.58,10.72,10.65,2703700.0,10.58,4900,10.59,400,-1.31,10.69,10.48,2703700,28590000.0,0.73,1.96,39.25,48.94,12.86,8.58,0.67
新亚电缆,sz001382,17.18,17.47,17.35,2450200.0,17.18,10200,17.19,12000,-1.66,17.44,17.13,2450200,42150000.0,3.89,1.77,10.82,70.78,19.22,15.72,0.58
开创国际,sh600097,8.51,8.63,8.61,2871200.0,8.5,16300,8.51,800,-1.39,8.61,8.46,2871200,24500000.0,1.19,1.74,20.5,20.5,9.49,7.77,0.85
同享科技,bj920167,15.2,15.39,15.38,775400.0,15.17,0,15.2,4800,-1.23,15.38,15.13,775400,11807800.0,1.19,1.62,9.94,16.72,20.0,10.78,0.55
万德股份,bj920519,10.04,10.12,10.09,410200.0,9.95,5000,10.04,9200,-0.79,10.14,9.94,410200,4115600.0,0.52,1.98,7.97,8.96,13.15,7.09,0.62
佳力奇,sz301586,31.87,32.22,32.4,617800.0,31.8,800,31.87,800,-1.09,32.4,31.5,617800,19650000.0,1.17,2.79,16.86,26.44,38.66,25.78,0.77
均普智能,sh688306,9.18,9.34,9.36,1082999100.0,9.18,61900,9.19,2000,-1.71,9.36,9.14,1082999100,99980000.0,0.88,2.36,112.76,112.76,11.21,7.47,1.09
克来机电,sh603960,16.29,16.21,16.13,3809300.0,16.28,3300,16.29,4300,0.49,16.43,15.99,3809300,61960000.0,1.45,2.71,42.71,42.71,17.83,14.59,0.79
斯莱克,sz300382,14.12,14.25,14.14,16579600.0,14.11,21400,14.12,58700,-0.91,14.44,13.86,16579600,234610000.0,2.56,4.07,91.55,91.55,17.1,11.4,0.67
华辰装备,sz300809,25.54,25.1,24.68,11894200.0,25.53,6600,25.54,14700,1.75,26.25,24.68,11894200,304600000.0,7.9,6.25,38.46,64.75,30.12,20.08,1.68
浙大网新,sh600797,7.57,7.46,7.58,69430700.0,7.57,36700,7.58,346000,1.47,7.78,7.37,69430700,526480000.0,6.76,5.5,77.78,77.78,8.21,6.71,1.24
麦加芯彩,sh603062,38.88,38.7,38.54,302000.0,38.88,1900,38.9,1000,0.47,39.28,38.16,302000,11720000.0,0.81,2.89,14.41,41.99,42.57,34.83,0.88
昆船智能,sz301311,13.78,13.92,13.9,1572000.0,13.78,400,13.79,57700,-1.01,13.96,13.59,1572000,21590000.0,0.66,2.66,33.07,33.07,16.7,11.14,0.49
晋西车轴,sh600495,3.93,3.93,3.94,8624500.0,3.92,12500,3.93,96800,0.0,3.95,3.89,8624500,33820000.0,0.71,1.53,47.48,47.48,4.32,3.54,0.81
聚力文化,sz002247,2.33,2.34,2.33,19234200.0,2.33,404300,2.34,8900,-0.43,2.36,2.29,19234200,44880000.0,2.99,2.99,14.99,19.83,2.57,2.11,0.77
岩山科技,sz002195,6.85,7.0,6.95,128503200.0,6.84,1289300,6.85,296500,-2.14,6.99,6.83,128503200,885290000.0,2.29,2.29,384.68,388.16,7.7,6.3,0.49
神州高铁,sz000008,2.44,2.45,2.45,22380800.0,2.44,374700,2.45,1546200,-0.41,2.46,2.42,22380800,54630000.0,0.82,1.63,66.28,66.28,2.7,2.21,0.73
新泉股份,sh603179,41.66,37.87,37.97,30467700.0,41.66,3956400,0.0,0,10.01,41.66,37.3,30467700,1222330000.0,4.27,11.51,297.54,297.54,41.66,34.08,1.62
敦煌种业,sh600354,6.04,6.25,6.2,37604300.0,6.04,3200,6.05,261600,-3.36,6.23,6.02,37604300,229480000.0,7.12,3.36,31.88,31.88,6.88,5.63,0.68
华创云信,sh600155,5.97,5.92,5.91,34849400.0,5.97,62800,5.98,122600,0.84,6.12,5.89,34849400,209530000.0,1.57,3.89,132.15,132.15,6.51,5.33,1.42
帝欧水华,sz002798,5.59,5.65,5.62,5934900.0,5.59,3500,5.6,37500,-1.06,5.67,5.56,5934900,33380000.0,1.15,1.95,28.89,32.84,6.22,5.09,0.67
一博科技,sz301366,53.27,53.95,53.51,18795000.0,53.27,10900,53.3,4000,-1.26,55.9,52.92,18795000,1019740000.0,16.06,5.52,62.32,111.62,64.74,43.16,1.01
魅视科技,sz001229,40.5,40.9,40.36,5233700.0,40.5,9900,40.51,100,-0.98,41.28,39.56,5233700,212100000.0,7.1,4.21,29.87,58.09,44.99,36.81,0.48
潞化科技,sh600691,2.5,2.53,2.52,23093200.0,2.49,205600,2.5,110100,-1.19,2.56,2.48,23093200,57920000.0,0.97,3.16,59.39,59.4,2.78,2.28,0.97
辽宁能源,sh600758,3.5,3.54,3.6,71300600.0,3.5,1186900,3.51,94400,-1.13,3.66,3.48,71300600,252040000.0,5.4,5.08,46.23,46.27,3.89,3.19,0.96
好莱客,sh603898,10.87,10.94,10.94,2631900.0,10.87,5400,10.88,1400,-0.64,11.11,10.73,2631900,28590000.0,0.88,3.47,32.63,32.63,12.03,9.85,0.63
海洋王,sz002724,5.44,5.46,5.46,6362900.0,5.44,9400,5.45,81100,-0.37,5.49,5.38,6362900,34530000.0,1.12,2.01,30.89,41.97,6.01,4.91,0.99
先进数通,sz300541,10.6,10.79,10.79,9715400.0,10.6,42700,10.61,10700,-1.76,10.79,10.58,9715400,103600000.0,2.5,1.95,41.13,45.58,12.95,8.63,0.69
能辉科技,sz301046,20.18,20.42,20.4,3146500.0,20.18,500,20.2,100,-1.18,20.6,19.7,3146500,63540000.0,2.42,4.41,26.27,34.02,24.5,16.34,0.8
华海药业,sh600521,18.24,18.19,17.99,62993400.0,18.23,38800,18.24,59200,0.27,18.73,17.85,62993400,1159120000.0,4.21,4.84,273.1,273.1,20.01,16.37,1.24
中哲精化,sz000953,6.18,6.1,6.07,12119600.0,6.17,19500,6.18,11100,1.31,6.26,6.01,12119600,74780000.0,3.31,4.1,22.63,22.63,6.71,5.49,1.39
特瑞斯,bj920014,8.92,9.03,9.16,1751100.0,8.92,11200,8.93,33600,-1.22,9.16,8.91,1751100,15774100.0,2.61,2.77,5.98,10.87,11.73,6.33,0.88
康普顿,sh603798,13.64,13.82,13.94,2669800.0,13.64,19500,13.66,8600,-1.3,13.94,13.53,2669800,36500000.0,1.04,2.97,34.98,34.98,15.2,12.44,0.34
商络电子,sz300975,27.8,27.69,27.49,70578900.0,27.8,268600,27.81,40600,0.4,29.24,27.17,70578900,1989000000.0,14.34,7.48,136.8,190.99,33.23,22.15,1.08
宁波富达,sh600724,5.11,5.2,5.19,7149600.0,5.1,36500,5.11,65600,-1.73,5.19,5.06,7149600,36550000.0,0.49,2.5,73.84,73.85,5.72,4.68,0.79
中信出版,sz300788,25.6,26.06,26.06,2716200.0,25.59,900,25.6,1600,-1.77,26.13,25.45,2716200,69810000.0,1.43,2.61,48.68,48.68,31.27,20.85,0.49
派特尔,bj920871,11.13,11.27,11.2,464700.0,11.05,6900,11.13,3300,-1.24,11.21,10.99,464700,5149900.0,0.99,1.95,5.23,9.44,14.65,7.89,0.54
比依股份,sh603215,14.92,14.86,14.87,1348400.0,14.92,2100,14.93,5000,0.4,15.08,14.74,1348400,20130000.0,0.72,2.29,27.93,32.02,16.35,13.37,0.66
中环海陆,sz301040,27.0,27.04,26.96,1977700.0,26.99,200,27.0,200,-0.15,27.15,26.23,1977700,52830000.0,2.1,3.4,25.48,27.0,32.45,21.63,0.52
南方航空,sh600029,5.05,5.15,5.12,99877100.0,5.05,7042900,5.06,164600,-1.94,5.15,5.05,99877100,507780000.0,0.74,1.94,680.59,915.11,5.67,4.64,1.34
台基股份,sz300046,24.59,24.84,24.77,3819700.0,24.59,2400,24.6,8000,-1.01,24.96,24.5,3819700,94420000.0,1.61,1.85,58.16,58.16,29.81,19.87,0.57
悦心健康,sz002162,4.07,4.14,4.11,10482700.0,4.07,142000,4.08,344800,-1.69,4.14,4.06,10482700,42910000.0,1.14,1.93,37.38,37.43,4.55,3.73,0.72
杰普特,sh688025,343.0,340.6,336.0,290258900.0,343.0,2100,343.01,1000,0.7,349.9,328.0,290258900,989990000.0,3.05,6.43,326.02,326.02,408.72,272.48,0.69
宜宾纸业,sh600793,15.3,15.66,16.0,12491400.0,15.3,9000,15.33,7200,-2.3,16.0,14.8,12491400,191130000.0,7.06,7.66,27.07,27.07,17.23,14.09,0.88
艾融软件,bj920799,30.18,30.48,30.52,2186500.0,30.16,2100,30.18,8200,-0.98,30.82,30.04,2186500,66436200.0,1.82,2.56,36.24,63.12,39.62,21.34,0.52
国力电子,sh688103,77.79,77.21,77.62,356875400.0,77.79,1400,77.8,4200,0.75,80.33,75.55,356875400,278230000.0,3.74,6.19,74.15,74.15,92.65,61.77,0.95
法狮龙,sh605318,77.5,78.08,77.75,991900.0,77.5,600,77.51,1400,-0.74,78.7,75.0,991900,76470000.0,0.79,4.74,97.44,97.44,85.89,70.27,0.47
珈伟新能,sz300317,4.85,4.84,4.79,130924100.0,4.85,625400,4.86,405700,0.21,4.97,4.71,130924100,634790000.0,15.79,5.37,40.2,40.26,5.81,3.87,1.34
大恒科技,sh600288,11.4,11.29,11.3,23795900.0,11.39,95900,11.4,83600,0.97,11.47,11.1,23795900,269420000.0,5.45,3.28,49.8,49.8,12.42,10.16,0.72
瑞丰光电,sz300241,5.5,5.57,5.53,14551600.0,5.5,14400,5.51,175100,-1.26,5.56,5.48,14551600,80320000.0,2.42,1.44,33.03,39.42,6.68,4.46,0.69
燕塘乳业,sz002732,13.96,13.97,13.85,1649600.0,13.95,1600,13.96,400,-0.07,14.08,13.82,1649600,23010000.0,1.05,1.86,21.86,21.97,15.37,12.57,0.85
鑫汇科,bj920267,17.96,18.15,17.77,1958200.0,17.95,3500,17.96,2100,-1.05,18.26,17.44,1958200,34798600.0,7.21,4.52,4.88,8.53,23.59,12.71,0.62
美登科技,bj920227,49.5,50.29,50.1,307400.0,49.39,400,49.5,100,-1.57,50.99,49.17,307400,15281199.999999998,1.73,3.62,8.77,19.28,65.37,35.21,0.42
雄塑科技,sz300599,11.74,11.81,11.84,10145900.0,11.74,36400,11.75,22600,-0.59,12.6,11.59,10145900,120620000.0,3.2,8.55,37.18,42.04,14.17,9.45,1.02
远东传动,sz002406,6.84,6.86,6.82,8848200.0,6.84,72900,6.85,46500,-0.29,6.89,6.76,8848200,60510000.0,1.47,1.9,41.19,49.95,7.55,6.17,0.76
安奈儿,sz002875,14.0,13.92,13.93,3522600.0,14.0,14300,14.01,4600,0.57,14.04,13.64,3522600,48870000.0,1.66,2.87,29.74,29.74,15.31,12.53,0.64
迪生力,sh603335,6.73,6.9,6.87,13642700.0,6.73,66800,6.74,64800,-2.46,6.93,6.71,13642700,92310000.0,3.19,3.19,28.81,28.81,7.59,6.21,0.65
卫光生物,sz002880,20.72,20.95,20.89,1768900.0,20.72,24300,20.73,25400,-1.1,21.01,20.67,1768900,36820000.0,0.78,1.62,46.99,46.99,23.05,18.86,0.58
宁波远洋,sh601022,8.03,8.16,8.15,4382600.0,8.02,220400,8.03,3800,-1.59,8.18,8.02,4382600,35360000.0,0.33,1.96,105.08,105.08,8.98,7.34,0.91
奥拓电子,sz002587,5.53,5.66,5.59,19464600.0,5.53,63300,5.54,112500,-2.3,5.62,5.48,19464600,107890000.0,3.65,2.47,29.46,36.19,6.23,5.09,1.08
迅安科技,bj920950,12.77,12.97,13.01,134700.0,12.77,100,12.81,2400,-1.54,13.03,12.71,134700,1726300.0,0.38,2.47,4.56,9.36,16.86,9.08,0.63
博世科,sz300422,4.61,4.66,4.64,10294800.0,4.61,61600,4.62,48000,-1.07,4.68,4.57,10294800,47630000.0,1.99,2.36,23.82,24.61,5.59,3.73,0.93
秦川机床,sz000837,10.88,10.48,10.56,62625300.0,10.88,208700,10.89,160700,3.82,10.99,10.48,62625300,674980000.0,6.22,4.87,109.61,111.32,11.53,9.43,3.01
宇通重工,sh600817,9.37,9.44,9.48,1651700.0,9.37,7700,9.38,2600,-0.74,9.48,9.34,1651700,15520000.0,0.31,1.48,49.61,49.85,10.38,8.5,0.74
中文传媒,sh600373,7.18,7.29,7.26,13091100.0,7.18,7100,7.19,41800,-1.51,7.3,7.16,13091100,94320000.0,0.97,1.92,96.74,96.74,8.02,6.56,0.94
旭光电子,sh600353,29.4,27.3,27.18,74611700.0,29.4,34500,29.41,16500,7.69,30.03,26.69,74611700,2149140000.0,9.0,12.23,243.67,243.67,30.03,24.57,1.42
中航泰达,bj920263,7.2,7.27,7.31,641500.0,7.17,4800,7.2,2500,-0.96,7.31,7.15,641500,4613500.0,0.63,2.2,7.38,10.17,9.45,5.09,0.61
英杰电气,sz300820,52.77,53.4,52.76,3995700.0,52.77,700,52.78,1200,-1.18,53.85,51.8,3995700,211000000.0,3.57,3.84,58.99,117.26,64.08,42.72,0.47
紫燕食品,sh603057,23.25,23.03,23.4,2376400.0,23.25,20100,23.26,300,0.96,23.75,22.75,2376400,55090000.0,0.58,4.34,95.79,96.51,25.33,20.73,1.08
江航装备,sh688586,10.65,10.91,10.72,506968300.0,10.65,6000,10.66,16600,-2.38,10.76,10.56,506968300,54070000.0,0.64,1.83,84.28,84.28,13.09,8.73,0.86
水井坊,sh600779,28.69,28.95,28.67,2923400.0,28.68,100,28.69,10700,-0.9,28.94,28.5,2923400,83840000.0,0.6,1.52,139.86,139.86,31.85,26.06,0.71
微创光电,bj920198,7.84,8.02,8.0,2104100.0,7.84,50700,7.85,25000,-2.24,8.05,7.84,2104100,16603699.999999998,2.99,2.62,5.52,12.65,10.42,5.62,0.58
内蒙新华,sh603230,9.14,9.2,9.22,1367100.0,9.14,18100,9.15,5000,-0.65,9.22,9.09,1367100,12520000.0,0.39,1.41,32.31,32.31,10.12,8.28,0.81
东方明珠,sh600637,8.16,8.3,8.24,30375600.0,8.15,248900,8.16,83200,-1.69,8.3,8.14,30375600,249380000.0,0.9,1.93,274.33,274.33,9.13,7.47,0.76
光明肉业,sh600073,5.21,5.24,5.24,6218200.0,5.2,24000,5.21,34800,-0.57,5.26,5.17,6218200,32410000.0,0.66,1.72,48.86,48.86,5.76,4.72,0.69
深城交,sz301091,19.24,20.27,19.98,13144900.0,19.24,800,19.25,9000,-5.08,20.18,19.16,13144900,256100000.0,2.49,5.03,101.45,101.45,24.32,16.22,0.99
宏远股份,bj920018,16.22,16.9,16.73,2350400.0,16.22,6900,16.23,3600,-4.02,16.81,16.21,2350400,38661700.0,4.09,3.55,9.33,26.85,21.97,11.83,0.72
海量数据,sh603138,13.35,13.43,13.51,5367800.0,13.35,101300,13.36,12600,-0.6,13.53,13.05,5367800,71280000.0,1.86,3.57,38.49,39.2,14.77,12.09,0.6
博实股份,sz002698,13.05,13.56,13.42,28661700.0,13.05,88800,13.06,112200,-3.76,13.5,13.01,28661700,377140000.0,3.4,3.61,110.16,133.44,14.92,12.2,0.95
顺络电子,sz002138,49.78,48.1,47.12,46778600.0,49.78,173100,49.79,5000,3.49,52.46,47.1,46778600,2334770000.0,6.1,11.14,381.49,401.39,52.91,43.29,1.06
酉立智能,bj920007,37.02,37.41,37.68,133400.0,36.95,900,37.02,1600,-1.04,37.68,36.62,133400,4968500.0,1.25,2.83,3.94,16.49,48.63,26.19,0.54
东方日升,sz300118,10.36,10.52,10.41,34033900.0,10.36,13100,10.37,207500,-1.52,10.6,10.15,34033900,352830000.0,3.67,4.28,96.02,118.11,12.62,8.42,0.86
*ST春兴,sz002547,2.7,2.6,2.57,33180200.0,2.69,22400,2.7,577400,3.85,2.7,2.55,33180200,87510000.0,3.0,5.77,29.83,30.46,2.86,2.34,1.02
东华软件,sz002065,7.41,7.45,7.41,35981400.0,7.41,1300,7.42,98400,-0.54,7.53,7.31,35981400,267220000.0,1.24,2.95,215.48,237.53,8.2,6.71,0.61
托普云农,sz301556,61.5,60.4,59.71,1845300.0,61.5,100,61.51,400,1.82,62.44,59.62,1845300,112980000.0,6.26,4.67,18.13,52.45,72.48,48.32,0.73
合金投资,sz000633,5.3,5.35,5.36,7145500.0,5.3,17500,5.31,15500,-0.93,5.38,5.28,7145500,37990000.0,1.86,1.87,20.41,20.41,5.89,4.82,0.85
利君股份,sz002651,7.83,7.93,7.93,5740200.0,7.82,90500,7.83,18500,-1.26,7.93,7.73,5740200,44830000.0,1.02,2.52,44.28,80.92,8.72,7.14,0.86
盈方微,sz000670,6.83,6.92,6.88,26270900.0,6.83,19600,6.84,235900,-1.3,6.93,6.8,26270900,180480000.0,3.16,1.88,56.72,57.78,7.61,6.23,0.6
福然德,sh605050,10.77,10.94,11.02,2643100.0,10.76,10500,10.77,13900,-1.55,11.02,10.73,2643100,28630000.0,0.54,2.65,53.08,53.08,12.03,9.85,0.7
君亭酒店,sz301073,18.29,18.49,18.38,5587600.0,18.29,4200,18.3,2600,-1.08,18.89,18.11,5587600,102480000.0,3.14,4.22,32.52,35.57,22.19,14.79,0.84
好上好,sz001298,17.56,17.54,17.46,5527100.0,17.55,10200,17.56,27000,0.11,17.72,17.35,5527100,97000000.0,1.36,2.11,71.54,75.95,19.29,15.79,0.68
大禹节水,sz300021,3.89,3.98,3.97,13816900.0,3.89,277100,3.9,142600,-2.26,3.98,3.89,13816900,54130000.0,1.58,2.26,33.97,39.77,4.78,3.18,1.06
交大铁发,bj920027,11.71,11.79,11.7,738900.0,11.7,25900,11.71,6500,-0.68,11.88,11.63,738900,8689000.0,1.03,2.12,8.44,12.06,15.32,8.26,0.61
金利华电,sz300069,29.4,29.42,28.85,7112100.0,29.4,1800,29.41,19300,-0.07,29.89,28.3,7112100,207030000.0,6.08,5.4,34.4,34.4,35.3,23.54,0.77
天沃科技,sz002564,4.63,4.56,4.59,15640300.0,4.62,46500,4.63,1300,1.54,4.71,4.49,15640300,71900000.0,1.82,4.82,39.77,39.77,5.02,4.1,1.09
智飞生物,sz300122,13.33,13.35,13.32,29957500.0,13.33,121700,13.34,36300,-0.15,13.62,13.21,29957500,402080000.0,2.12,3.07,188.53,319.09,16.02,10.68,1.03
先锋电子,sz002767,18.06,17.71,17.55,3184300.0,18.06,3900,18.08,2400,1.98,18.14,17.38,3184300,56970000.0,2.45,4.29,23.52,27.09,19.48,15.94,1.04
杭齿前进,sh601177,13.48,13.37,13.35,6816200.0,13.48,36000,13.49,6200,0.82,13.63,13.13,6816200,91460000.0,1.69,3.74,54.25,54.96,14.71,12.03,1.19
吴通控股,sz300292,4.26,4.33,4.27,32110200.0,4.26,625400,4.27,514800,-1.62,4.32,4.23,32110200,137330000.0,2.88,2.08,47.54,57.16,5.2,3.46,0.65
建研设计,sz301167,13.96,14.03,13.99,1974200.0,13.88,25300,13.96,7900,-0.5,14.14,13.77,1974200,27450000.0,1.87,2.64,14.76,15.64,16.84,11.22,0.8
中公教育,sz002607,2.16,2.21,2.18,160506100.0,2.16,1311400,2.17,4247600,-2.26,2.19,2.15,160506100,347660000.0,2.9,1.81,119.74,133.22,2.43,1.99,0.39
丰立智能,sz301368,43.7,43.02,43.08,2998100.0,43.7,1700,43.71,2000,1.58,44.29,41.73,2998100,129720000.0,2.5,5.95,52.48,52.48,51.62,34.42,1.21
中科信息,sz300678,23.41,23.6,23.6,4047800.0,23.4,5000,23.41,8600,-0.81,23.68,23.23,4047800,94930000.0,1.39,1.91,68.17,69.38,28.32,18.88,0.47
万丰奥威,sz002085,10.76,10.84,10.77,17137400.0,10.76,74600,10.77,71800,-0.74,10.81,10.64,17137400,183760000.0,0.81,1.57,228.47,228.47,11.92,9.76,0.64
长春高新,sz000661,86.8,83.0,82.29,26448400.0,86.8,18400,86.81,100,4.58,91.0,82.11,26448400,2323960000.0,6.62,10.71,346.87,354.09,91.3,74.7,2.23
嘉事堂,sz002462,12.14,12.08,12.07,3893600.0,12.14,12400,12.15,16200,0.5,12.28,12.0,3893600,47380000.0,1.34,2.32,35.38,35.41,13.29,10.87,1.25
中航沈飞,sh600760,44.5,45.1,44.55,23912600.0,44.5,26900,44.51,60100,-1.33,45.12,43.9,23912600,1061700000.0,0.85,2.71,1259.15,1261.54,49.61,40.59,1.38
万向德农,sh600371,7.26,7.27,7.24,5619800.0,7.26,3900,7.27,2100,-0.14,7.34,7.14,5619800,40630000.0,1.92,2.75,21.24,21.24,8.0,6.54,0.82
健康元,sh600380,10.39,10.28,10.23,25051700.0,10.38,192700,10.39,48600,1.07,10.55,10.23,25051700,261990000.0,1.37,3.11,190.08,190.08,11.31,9.25,1.54
首华燃气,sz300483,24.88,23.68,24.01,18744600.0,24.87,22100,24.88,56000,5.07,25.0,23.56,18744600,457570000.0,4.87,6.08,95.75,95.81,28.42,18.94,1.54
君逸数码,sz301172,17.98,17.99,17.95,4627800.0,17.98,1100,17.99,4000,-0.06,18.09,17.57,4627800,82880000.0,2.78,2.89,29.9,40.42,21.59,14.39,0.64
东航物流,sh601156,18.14,17.87,17.85,19674900.0,18.13,6500,18.14,10100,1.51,18.49,17.75,19674900,358460000.0,2.08,4.14,171.35,287.98,19.66,16.08,2.08
中科海讯,sz300810,24.53,24.94,24.65,1355100.0,24.53,400,24.56,100,-1.64,24.79,24.26,1355100,33230000.0,1.19,2.13,27.97,28.96,29.93,19.95,0.76
泰晶科技,sh603738,36.74,36.24,35.7,49289900.0,36.74,26700,36.75,300,1.38,37.74,35.0,49289900,1810400000.0,12.77,7.56,141.78,141.78,39.86,32.62,0.89
科顺股份,sz300737,5.13,5.22,5.19,15877700.0,5.12,113300,5.13,60500,-1.72,5.21,5.11,15877700,81790000.0,1.79,1.92,45.51,56.96,6.26,4.18,0.7
浩辰软件,sh688657,33.28,33.12,33.07,119105000.0,33.17,500,33.28,9100,0.48,33.61,32.55,119105000,39420000.0,2.0,3.2,19.87,31.76,39.74,26.5,0.5
精工科技,sz002006,13.94,14.04,14.18,6531300.0,13.94,61800,13.95,35500,-0.71,14.35,13.88,6531300,91750000.0,1.26,3.35,72.46,72.46,15.44,12.64,0.94
李子园,sh605337,9.79,9.92,9.88,9753600.0,9.78,31700,9.79,18600,-1.31,10.04,9.75,9753600,96330000.0,2.5,2.92,38.19,38.19,10.91,8.93,1.31
南华仪器,sz300417,10.94,10.94,10.9,2690400.0,10.93,3600,10.94,9600,0.0,11.06,10.71,2690400,29300000.0,3.22,3.2,9.14,14.72,13.13,8.75,0.76
丰安股份,bj920608,13.55,13.8,13.88,168300.0,13.55,9300,13.62,100,-1.81,13.88,13.55,168300,2296200.0,0.35,2.39,6.53,8.43,17.94,9.66,0.6
英特集团,sz000411,9.86,9.83,9.83,4789400.0,9.86,2400,9.87,11100,0.31,9.98,9.74,4789400,47300000.0,0.85,2.44,55.58,55.69,10.81,8.85,1.11
拉普拉斯,sh688726,45.18,43.84,44.05,906798100.0,45.08,5200,45.18,26000,3.06,45.35,43.21,906798100,404240000.0,4.12,4.88,99.36,183.13,52.61,35.07,1.13
虹软科技,sh688088,34.01,34.11,34.21,542265900.0,34.01,22200,34.02,200,-0.29,34.53,33.68,542265900,185270000.0,1.35,2.49,136.44,136.44,40.93,27.29,0.69
常熟汽饰,sh603035,11.16,11.15,11.14,3420900.0,11.16,36900,11.17,4700,0.09,11.23,11.06,3420900,38090000.0,0.93,1.52,40.88,40.88,12.27,10.04,0.88
侨银股份,sz002973,12.04,11.85,11.99,12791500.0,12.04,4000,12.05,12400,1.6,12.23,11.54,12791500,153390000.0,4.03,5.82,38.25,49.2,13.04,10.67,0.96
华鼎股份,sh601113,3.43,3.47,3.48,6516200.0,3.43,16700,3.44,210100,-1.15,3.48,3.42,6516200,22430000.0,0.59,1.73,37.87,46.45,3.82,3.12,0.67
内蒙一机,sh600967,11.82,12.2,12.03,41229100.0,11.82,400,11.83,57200,-3.11,12.04,11.76,41229100,488800000.0,2.42,2.3,201.15,201.15,13.42,10.98,1.33
沈阳机床,sz000410,5.24,5.06,5.2,64506600.0,5.23,102500,5.24,2000,3.56,5.46,5.16,64506600,340230000.0,3.27,5.93,103.28,138.81,5.57,4.55,3.69
中通国脉,sh603559,8.93,9.11,9.02,8239800.0,8.92,36700,8.93,30100,-1.98,9.08,8.87,8239800,73550000.0,2.05,2.31,35.83,35.83,10.02,8.2,0.43
飞亚达,sz000026,20.03,19.07,19.09,27556400.0,20.03,5500,20.04,27700,5.03,20.64,18.66,27556400,543840000.0,7.56,10.38,73.02,81.27,20.98,17.16,1.95
上海建工,sh600170,2.31,2.33,2.32,81184900.0,2.3,11185100,2.31,933800,-0.86,2.34,2.3,81184900,188000000.0,0.91,1.72,205.27,205.27,2.56,2.1,0.64
节能铁汉,sz300197,1.92,1.9,1.89,96977800.0,1.91,1644000,1.92,1450600,1.05,1.94,1.87,96977800,185100000.0,3.27,3.68,56.93,56.93,2.28,1.52,1.16
华熙生物,sh688363,38.59,38.92,38.81,316388500.0,38.59,7900,38.6,6200,-0.85,38.99,38.35,316388500,122200000.0,0.66,1.64,185.88,185.88,46.7,31.14,0.77
汉宇集团,sz300403,9.64,9.78,9.75,17112400.0,9.64,34100,9.66,41800,-1.43,9.83,9.48,17112400,165140000.0,4.01,3.58,41.17,58.13,11.74,7.82,1.58
信邦智能,sz301112,32.59,32.32,32.27,1313800.0,32.58,5500,32.59,900,0.84,32.88,31.28,1313800,42240000.0,1.19,4.95,35.94,35.94,38.78,25.86,0.79
雷柏科技,sz002577,19.05,18.73,18.72,5226600.0,19.03,3200,19.05,6300,1.71,19.36,18.44,5226600,99030000.0,1.86,4.91,53.47,53.47,20.6,16.86,1.19
百普赛斯,sz301080,82.3,77.7,79.09,34538300.0,82.3,200,82.44,2300,5.92,88.88,76.37,34538300,2835990000.0,27.23,16.1,104.39,138.0,93.24,62.16,2.57
格灵深瞳,sh688207,19.6,19.42,19.21,954198300.0,19.59,17600,19.6,8500,0.93,19.82,18.86,954198300,185820000.0,3.68,4.94,50.76,50.76,23.3,15.54,0.7
艾迪精密,sh603638,20.16,20.39,20.23,8374900.0,20.16,56400,20.17,21200,-1.13,20.45,20.12,8374900,169540000.0,0.95,1.62,177.55,177.55,22.43,18.35,0.86
联美控股,sh600167,5.75,5.83,5.83,5497500.0,5.74,180400,5.75,52400,-1.37,5.84,5.73,5497500,31810000.0,0.24,1.89,130.11,130.11,6.41,5.25,0.76
三安光电,sh600703,13.46,13.82,13.51,152928400.0,13.46,97600,13.47,255100,-2.6,13.79,13.42,152928400,2076290000.0,3.07,2.68,671.52,671.52,15.2,12.44,0.64
和顺电气,sz300141,10.64,11.08,10.81,16020400.0,10.63,32500,10.64,21900,-3.97,11.11,10.63,16020400,172880000.0,6.29,4.33,27.09,27.43,13.3,8.86,0.94
ST长园,sh600525,5.1,5.08,5.08,6695700.0,5.09,19500,5.1,3300,0.39,5.14,5.05,6695700,34120000.0,0.51,1.77,67.26,67.26,5.59,4.57,0.52
爱朋医疗,sz300753,23.88,23.88,23.46,15901400.0,23.88,9200,23.89,12500,0.0,24.5,23.17,15901400,383050000.0,18.09,5.57,20.99,30.1,28.66,19.1,0.84
移为通信,sz300590,10.9,11.04,10.94,11970500.0,10.9,40200,10.91,23500,-1.27,11.03,10.83,11970500,130930000.0,3.35,1.81,39.0,50.38,13.25,8.83,0.55
尚品宅配,sz300616,10.46,10.5,10.48,4250300.0,10.46,34600,10.47,1000,-0.38,10.56,10.25,4250300,44210000.0,2.74,2.95,16.24,23.48,12.6,8.4,0.88
陇神戎发,sz300534,15.7,15.88,15.54,93496300.0,15.7,135100,15.71,15800,-1.13,16.95,15.54,93496300,1527970000.0,30.95,8.88,47.42,47.63,19.06,12.7,0.93
山东矿机,sz002526,2.77,2.78,2.8,28717400.0,2.76,1145900,2.77,471300,-0.36,2.82,2.75,28717400,79750000.0,1.62,2.52,49.06,49.38,3.06,2.5,0.96
江河集团,sh601886,9.53,9.1,9.11,25995000.0,9.53,5100,9.54,5800,4.73,9.83,8.97,25995000,245280000.0,2.29,9.45,107.98,107.98,10.01,8.19,4.42
中贝通信,sh603220,19.05,19.23,19.59,22185300.0,19.04,12600,19.05,30300,-0.94,19.63,18.71,22185300,423760000.0,4.14,4.78,102.18,102.18,21.15,17.31,0.52
ST绝味,sh603517,11.15,11.31,11.31,2669200.0,11.14,20800,11.15,1100,-1.41,11.32,11.14,2669200,29980000.0,0.44,1.59,67.57,67.57,12.44,10.18,0.63
联合水务,sh603291,9.25,9.39,9.34,5330500.0,9.25,44100,9.28,16600,-1.49,9.52,9.21,5330500,49900000.0,1.26,3.3,39.15,39.15,10.33,8.45,0.94
神宇股份,sz300563,23.55,23.92,23.74,2106400.0,23.55,6200,23.57,10200,-1.55,23.95,23.52,2106400,49920000.0,1.66,1.8,29.84,42.89,28.7,19.14,0.62
松炀资源,sh603863,13.7,12.59,12.59,12366400.0,13.69,8300,13.7,97300,8.82,13.79,12.3,12366400,160930000.0,6.04,11.83,28.04,28.04,13.85,11.33,2.14
国脉科技,sz002093,6.91,6.97,6.99,8140200.0,6.9,22700,6.91,7700,-0.86,6.99,6.82,8140200,56150000.0,0.81,2.44,69.62,69.62,7.67,6.27,0.53
豪美新材,sz002988,21.19,21.56,21.48,2962100.0,21.19,400,21.2,2600,-1.72,21.53,21.16,2962100,63070000.0,1.19,1.72,52.93,52.93,23.72,19.4,0.94
春光智能,bj920810,8.69,8.82,8.82,906000.0,8.68,600,8.69,12700,-1.47,8.88,8.63,906000,7907400.0,1.45,2.83,5.42,8.33,11.46,6.18,0.32
科森科技,sh603626,16.56,15.77,15.76,53015100.0,16.56,49700,16.57,7500,5.01,16.94,15.43,53015100,858890000.0,9.55,9.58,91.89,91.89,17.35,14.19,1.43
丸美生物,sh603983,29.59,30.83,30.93,5110300.0,29.59,16300,29.6,7000,-4.02,30.93,29.3,5110300,152880000.0,1.27,5.29,118.66,118.66,33.91,27.75,0.98
*ST华西,sz002630,1.68,1.67,1.67,13067400.0,1.68,175300,1.69,600100,0.6,1.7,1.65,13067400,21960000.0,1.21,2.99,18.09,19.84,1.84,1.5,1.12
中南股份,sz000717,2.21,2.27,2.27,15996700.0,2.21,572000,2.22,69900,-2.64,2.27,2.21,15996700,35610000.0,0.66,2.64,53.56,53.57,2.5,2.04,0.9
爱威科技,sh688067,22.45,22.67,22.99,104966700.0,22.43,3200,22.45,300,-0.97,22.99,22.21,104966700,23610000.0,1.54,3.44,15.27,15.27,27.2,18.14,0.92
坚朗五金,sz002791,15.52,15.97,15.85,5596200.0,15.52,5700,15.53,61200,-2.82,16.09,15.43,5596200,87430000.0,2.57,4.13,33.79,54.92,17.57,14.37,0.92
万泰生物,sh603392,30.71,30.46,30.22,6351100.0,30.71,9700,30.72,3500,0.82,31.3,30.13,6351100,195670000.0,0.5,3.84,388.3,388.3,33.51,27.41,1.03
中无人机,sh688297,41.43,42.2,41.72,557469500.0,41.43,4400,41.44,1200,-1.82,41.95,41.33,557469500,231570000.0,0.83,1.47,279.65,279.65,50.64,33.76,0.69
德豪润达,sz002005,2.28,2.28,2.27,11623000.0,2.27,136300,2.28,57500,0.0,2.32,2.23,11623000,26390000.0,0.66,3.95,39.95,39.96,2.51,2.05,0.59
海波重科,sz300517,10.47,10.09,10.0,5739500.0,10.47,2500,10.49,5000,3.77,10.6,9.97,5739500,59140000.0,4.55,6.24,13.22,20.98,12.11,8.07,0.97
金域医学,sh603882,31.46,30.95,31.0,24550600.0,31.45,4800,31.46,1400,1.65,32.08,31.0,24550600,776480000.0,5.34,3.49,144.76,145.74,34.05,27.86,2.03
共进股份,sh603118,14.69,14.68,14.59,67129500.0,14.69,297300,14.7,282800,0.07,14.93,14.32,67129500,983970000.0,8.53,4.16,115.65,115.65,16.15,13.21,0.61
两面针,sh600249,5.29,5.33,5.32,8111500.0,5.28,23400,5.29,52500,-0.75,5.36,5.26,8111500,42990000.0,1.47,1.88,29.09,29.09,5.86,4.8,0.81
东星医疗,sz301290,29.0,29.08,29.0,1451600.0,29.0,4600,29.01,900,-0.28,29.27,28.42,1451600,41990000.0,1.82,2.92,23.08,29.05,34.9,23.26,0.88
盟科药业-U,sh688373,5.33,5.32,5.3,1422761400.0,5.32,36700,5.33,2600,0.19,5.45,5.24,1422761400,75970000.0,2.17,3.95,34.98,34.98,6.38,4.26,0.79
安控科技,sz300370,2.19,2.16,2.17,30891900.0,2.19,303700,2.2,1067600,1.39,2.21,2.15,30891900,67340000.0,1.98,2.78,34.2,34.28,2.59,1.73,1.16
海能技术,bj920476,22.52,22.8,22.52,760700.0,22.5,500,22.52,3500,-1.23,22.88,22.35,760700,17134800.0,0.94,2.32,18.16,19.18,29.64,15.96,0.55
芯瑞达,sz002983,19.79,19.86,19.85,1578900.0,19.78,2100,19.79,700,-0.35,19.98,19.61,1578900,31260000.0,1.22,1.86,25.6,44.03,21.85,17.87,0.77
银之杰,sz300085,30.75,30.58,30.3,30588600.0,30.75,86200,30.76,66000,0.56,31.1,30.11,30588600,937700000.0,4.69,3.24,200.49,217.29,36.7,24.46,0.62
华阳集团,sz002906,26.3,26.06,26.08,3857600.0,26.3,900,26.31,17900,0.92,26.43,25.9,3857600,101420000.0,0.74,2.03,137.97,138.05,28.67,23.45,0.59
一彬科技,sz001278,15.8,15.67,15.67,2489800.0,15.8,4300,15.81,200,0.83,16.05,15.43,2489800,39130000.0,2.92,3.96,13.48,19.55,17.24,14.1,1.41
广电网络,sh600831,3.42,3.4,3.43,9494300.0,3.41,3000,3.42,109900,0.59,3.43,3.35,9494300,32260000.0,1.34,2.35,24.31,24.31,3.74,3.06,0.57
科华生物,sz002022,5.5,5.42,5.4,11156100.0,5.49,9000,5.5,58700,1.48,5.56,5.39,11156100,61270000.0,2.17,3.14,28.29,28.29,5.96,4.88,1.49
蓝思科技,sz300433,34.6,34.89,34.5,75548300.0,34.6,377500,34.61,31700,-0.83,35.19,33.92,75548300,2622370000.0,1.52,3.64,1719.52,1826.44,41.87,27.91,0.63
电科网安,sz002268,14.67,14.44,14.48,18469400.0,14.66,13200,14.67,38400,1.59,14.98,14.4,18469400,272360000.0,2.19,4.02,124.0,124.05,15.88,13.0,1.31
实朴检测,sz301228,67.85,69.12,68.0,2321400.0,67.85,1100,67.97,1500,-1.84,70.1,67.28,2321400,158990000.0,1.94,4.08,81.04,81.42,82.94,55.3,0.59
汉马科技,sh600375,4.0,4.03,4.05,21140700.0,4.0,292400,4.01,65200,-0.74,4.08,3.98,21140700,85230000.0,1.45,2.48,58.51,64.12,4.43,3.63,1.0
卓翼科技,sz002369,5.92,5.89,5.83,26677000.0,5.91,81400,5.92,88200,0.51,5.93,5.79,26677000,156830000.0,4.71,2.38,33.52,33.56,6.48,5.3,0.74
麦格米特,sz002851,119.0,120.7,119.82,21346000.0,119.0,4900,119.01,400,-1.41,122.8,117.48,21346000,2563830000.0,4.34,4.41,585.11,696.16,132.77,108.63,0.63
电光科技,sz002730,22.4,22.51,22.57,10670600.0,22.4,16800,22.43,2400,-0.49,22.77,21.89,10670600,239040000.0,3.08,3.91,77.51,81.11,24.76,20.26,1.08
伟思医疗,sh688580,49.15,49.82,49.8,148871900.0,49.11,1000,49.15,2400,-1.34,50.25,49.03,148871900,73920000.0,1.55,2.45,47.07,47.07,59.78,39.86,0.82
广田集团,sz002482,1.27,1.29,1.28,38739100.0,1.27,3369500,1.28,2781500,-1.55,1.29,1.26,38739100,49450000.0,1.03,2.33,47.55,47.64,1.42,1.16,0.87
ST京蓝,sz000711,5.6,5.78,5.59,83388900.0,5.59,366200,5.6,484000,-3.11,5.74,5.56,83388900,470380000.0,3.5,3.11,133.35,165.36,6.36,5.2,0.81
同仁堂,sh600085,24.89,25.14,25.11,10481900.0,24.88,14100,24.89,12500,-0.99,25.33,24.86,10481900,262750000.0,0.76,1.87,341.36,341.36,27.65,22.63,0.82
横店影视,sh603103,15.72,15.49,15.49,11583300.0,15.72,4500,15.73,5000,1.48,16.07,15.38,11583300,181880000.0,1.83,4.45,99.7,99.7,17.04,13.94,2.02
国航远洋,bj920571,8.57,8.88,8.6,13249400.0,8.57,7700,8.58,139300,-3.49,8.85,8.57,13249400,115238300.0,4.47,3.15,25.37,47.6,11.54,6.22,0.97
晋亿实业,sh601002,5.35,5.47,5.49,11577300.0,5.35,65800,5.36,85400,-2.19,5.5,5.34,11577300,62340000.0,1.21,2.93,51.06,51.45,6.02,4.92,0.44
汉王科技,sz002362,15.9,16.04,15.9,2564100.0,15.89,1700,15.9,4900,-0.87,16.05,15.72,2564100,40750000.0,1.24,2.06,33.01,38.87,17.64,14.44,0.44
东华测试,sz300354,30.49,31.07,30.71,1876100.0,30.48,100,30.49,9100,-1.87,31.03,30.19,1876100,57370000.0,2.31,2.7,24.79,42.17,37.28,24.86,0.83
百胜智能,sz301083,14.04,14.09,13.9,1709700.0,14.04,2100,14.06,200,-0.35,14.15,13.77,1709700,23890000.0,2.0,2.7,12.02,24.97,16.91,11.27,0.73
徐家汇,sz002561,6.77,6.78,6.83,4061700.0,6.76,6400,6.77,41500,-0.15,6.83,6.68,4061700,27450000.0,0.98,2.21,28.06,28.15,7.46,6.1,1.03
金证股份,sh600446,11.13,11.26,11.2,13670500.0,11.13,74400,11.14,43800,-1.15,11.4,11.07,13670500,153090000.0,1.45,2.93,104.76,104.76,12.39,10.13,0.42
安彩高科,sh600207,4.48,4.49,4.5,14408300.0,4.48,14600,4.49,53400,-0.22,4.51,4.4,14408300,64430000.0,1.32,2.45,48.8,48.8,4.94,4.04,0.93
辉丰股份,sz002496,2.06,2.04,2.06,23630200.0,2.06,147600,2.07,313800,0.98,2.09,2.01,23630200,48490000.0,2.0,3.92,24.33,31.06,2.24,1.84,1.06
固高科技,sz301510,26.75,26.73,26.68,6192700.0,26.75,300,26.76,10600,0.07,27.01,26.3,6192700,165360000.0,2.22,2.66,74.68,108.18,32.08,21.38,0.83
中京电子,sz002579,14.58,14.82,14.81,71553200.0,14.58,153500,14.59,69700,-1.62,15.0,14.48,71553200,1051700000.0,12.26,3.51,85.06,89.32,16.3,13.34,0.64
丹娜生物,bj920009,37.87,37.02,36.74,732600.0,37.87,1600,37.9,100,2.3,38.86,36.3,732600,27739899.999999996,7.27,6.92,3.82,29.37,48.12,25.92,1.8
英科医疗,sz300677,51.1,49.6,49.29,11421700.0,51.1,1000,51.11,1000,3.02,52.7,49.06,11421700,585370000.0,2.45,7.34,237.93,334.58,59.52,39.68,0.99
实丰文化,sz002862,13.72,13.82,13.79,2834700.0,13.69,300,13.72,27700,-0.72,13.9,13.6,2834700,38900000.0,2.2,2.17,17.64,23.25,15.2,12.44,0.76
中科通达,sh688038,17.54,17.46,17.3,141274000.0,17.52,1000,17.54,3300,0.46,17.71,17.05,141274000,24640000.0,1.21,3.78,20.41,20.41,20.95,13.97,0.42
亚普股份,sh603013,16.77,16.98,17.09,2803000.0,16.76,4000,16.77,1900,-1.24,17.09,16.71,2803000,47090000.0,0.55,2.24,85.23,85.23,18.68,15.28,1.03
维业股份,sz300621,7.27,7.31,7.27,4284400.0,7.24,1000,7.27,4800,-0.55,7.36,7.16,4284400,31020000.0,2.12,2.74,14.72,15.13,8.77,5.85,0.93
文科股份,sz002775,3.85,3.91,3.87,22155100.0,3.85,112500,3.86,158000,-1.53,3.91,3.79,22155100,85510000.0,3.81,3.07,22.36,24.84,4.3,3.52,1.16
普瑞眼科,sz301239,36.51,38.0,37.01,8841300.0,36.51,2800,36.53,200,-3.92,38.55,36.51,8841300,328990000.0,6.22,5.37,51.86,54.63,45.6,30.4,2.19
海陆重工,sz002255,8.47,8.58,8.6,8872200.0,8.46,161900,8.47,36800,-1.28,8.61,8.44,8872200,75480000.0,1.39,1.98,54.04,70.38,9.44,7.72,0.45
润本股份,sh603193,21.64,21.12,21.17,4317600.0,21.63,24500,21.64,200,2.46,21.95,20.9,4317600,92780000.0,4.18,4.97,22.36,87.55,23.23,19.01,1.5
宏英智能,sz001266,35.18,34.64,34.75,3888100.0,35.18,20000,35.19,1600,1.56,35.6,34.3,3888100,136440000.0,6.69,3.75,20.46,36.46,38.1,31.18,0.87
奕瑞科技,sh688301,93.44,90.55,90.9,744188300.0,93.41,200,93.44,200,3.19,95.9,89.23,744188300,691650000.0,2.37,7.37,292.85,292.85,108.66,72.44,0.9
方大集团,sz000055,3.5,3.53,3.51,6653900.0,3.49,16400,3.5,401300,-0.85,3.54,3.47,6653900,23280000.0,0.98,1.98,23.65,37.59,3.88,3.18,0.73
新坐标,sh603040,56.01,55.93,55.0,2325200.0,56.01,4900,56.03,3900,0.14,57.0,54.31,2325200,129720000.0,1.18,4.81,109.96,110.54,61.52,50.34,1.44
*ST中岩,sz002542,1.76,1.71,1.7,30832600.0,1.75,323300,1.76,675300,2.92,1.77,1.67,30832600,53430000.0,1.75,5.85,30.95,31.79,1.88,1.54,0.87
凯华材料,bj920526,20.07,21.0,20.41,2245600.0,20.06,2900,20.07,1500,-4.43,20.69,19.89,2245600,45254900.0,4.29,3.81,10.51,16.6,27.3,14.7,0.74
津荣天宇,sz300988,14.94,15.14,15.09,2844700.0,14.94,1100,14.95,5800,-1.32,15.09,14.83,2844700,42550000.0,1.75,1.72,24.22,29.43,18.17,12.11,0.63
国科军工,sh688543,39.63,41.19,40.16,819085600.0,39.62,7400,39.63,39300,-3.79,40.56,39.48,819085600,326000000.0,3.27,2.62,99.32,99.32,49.43,32.95,1.08
雪龙集团,sh603949,14.42,14.53,14.55,2450300.0,14.42,5800,14.43,4700,-0.76,14.55,14.27,2450300,35340000.0,1.17,1.93,30.31,30.39,15.98,13.08,0.79
同心传动,bj920454,11.13,11.13,11.06,522300.0,11.12,2000,11.13,1600,0.0,11.24,10.98,522300,5791600.0,1.06,2.34,5.48,11.7,14.46,7.8,0.64
珀莱雅,sh603605,58.89,59.03,59.1,6350300.0,58.88,9000,58.89,1200,-0.24,60.96,58.52,6350300,379300000.0,1.6,4.13,233.19,233.19,64.93,53.13,1.14
XD龙头股,sh600630,6.72,6.75,6.79,8466600.0,6.71,204500,6.72,50300,-0.44,6.81,6.69,8466600,57080000.0,1.99,1.78,28.55,28.55,7.43,6.08,0.66
甬金股份,sh603995,24.17,24.73,24.8,8348500.0,24.16,1000,24.17,7500,-2.26,24.98,23.81,8348500,202400000.0,2.3,4.73,87.88,87.88,27.2,22.26,1.13
华媒控股,sz000607,3.67,3.66,3.65,10958400.0,3.67,15000,3.68,24000,0.27,3.72,3.6,10958400,40240000.0,1.24,3.28,32.48,37.35,4.03,3.29,0.6
金隅集团,sh601992,1.41,1.42,1.42,44161500.0,1.4,9424500,1.41,487700,-0.7,1.43,1.4,44161500,62370000.0,0.53,2.11,117.51,150.56,1.56,1.28,0.92
渝 开 发,sz000514,3.99,3.99,3.98,7870000.0,3.98,144600,3.99,35200,0.0,4.02,3.92,7870000,31340000.0,0.93,2.51,33.67,33.67,4.39,3.59,0.75
徐工机械,sz000425,8.13,8.35,8.34,124609300.0,8.13,439800,8.14,256800,-2.63,8.37,8.11,124609300,1025570000.0,1.39,3.11,729.41,952.12,9.19,7.52,1.01
中力股份,sh603194,34.09,34.42,34.42,994800.0,34.09,3900,34.1,600,-0.96,34.5,34.02,994800,33960000.0,0.63,1.39,53.87,136.7,37.86,30.98,0.75
金自天正,sh600560,11.19,11.19,11.2,1985300.0,11.19,15900,11.2,7300,0.0,11.25,11.01,1985300,22110000.0,0.89,2.14,25.03,25.03,12.31,10.07,0.9
赛维时代,sz301381,22.77,23.01,22.99,5719000.0,22.77,38300,22.78,2000,-1.04,23.25,22.6,5719000,130700000.0,1.41,2.82,92.47,92.56,27.61,18.41,0.84
同方股份,sh600100,7.02,7.1,7.12,15788700.0,7.02,46600,7.03,162500,-1.13,7.12,7.01,15788700,111490000.0,0.47,1.55,235.19,235.19,7.81,6.39,0.62
锴威特,sh688693,85.96,85.2,83.1,746673000.0,85.96,8400,85.97,200,0.89,91.6,83.1,746673000,657150000.0,19.19,9.98,33.44,63.34,102.24,68.16,2.35
信邦制药,sz002390,3.06,3.07,3.05,22596200.0,3.05,551800,3.06,35000,-0.33,3.1,3.04,22596200,69440000.0,1.17,1.95,58.99,59.48,3.38,2.76,0.89
胜业电气,bj920128,18.5,18.46,18.46,1517700.0,18.5,700,18.55,3400,0.22,18.88,18.03,1517700,28065700.0,6.25,4.6,4.5,15.02,23.99,12.93,1.26
华塑股份,sh600935,2.3,2.33,2.33,12345400.0,2.3,943000,2.31,705600,-1.29,2.33,2.29,12345400,28460000.0,0.35,1.72,80.67,82.68,2.56,2.1,0.89
蓝黛科技,sz002765,7.18,7.09,7.09,12517300.0,7.18,27800,7.19,51900,1.27,7.23,6.98,12517300,89260000.0,2.1,3.53,42.78,46.82,7.8,6.38,1.36
绿地控股,sh600606,1.3,1.3,1.3,103741800.0,1.29,11348200,1.3,966000,0.0,1.31,1.29,103741800,134940000.0,0.74,1.54,182.7,182.7,1.43,1.17,0.93
富士莱,sz301258,26.16,26.17,26.3,1385600.0,26.16,1200,26.18,1500,-0.04,26.56,25.91,1385600,36470000.0,1.56,2.48,23.3,23.98,31.4,20.94,0.93
顺威股份,sz002676,5.04,5.11,5.1,7600000.0,5.03,100500,5.04,35300,-1.37,5.1,4.98,7600000,38240000.0,1.06,2.35,36.29,36.29,5.62,4.6,0.88
雅葆轩,bj920357,16.32,16.56,16.45,1818600.0,16.31,5000,16.32,1600,-1.45,16.54,16.12,1818600,29658800.0,2.89,2.54,10.27,16.99,21.52,11.6,0.62
派克新材,sh605123,78.3,79.86,78.44,2279700.0,78.3,2700,78.49,400,-1.95,79.2,77.51,2279700,178650000.0,1.88,2.12,94.88,94.88,87.85,71.87,0.59
ST中路,sh600818,7.31,7.81,7.81,11398900.0,7.31,15200,7.32,1000,-6.4,7.81,7.28,11398900,85350000.0,4.79,6.79,17.39,23.5,8.59,7.03,0.87
倍轻松,sh688793,19.57,19.65,19.26,316992300.0,19.55,13200,19.57,1200,-0.41,19.8,19.01,316992300,61640000.0,3.73,4.02,16.64,16.64,23.58,15.72,1.25
威龙股份,sh603779,7.88,7.88,7.89,16891900.0,7.88,82400,7.89,36300,0.0,8.1,7.76,16891900,133940000.0,5.09,4.31,26.17,26.17,8.67,7.09,0.95
博瑞传播,sh600880,4.0,4.05,4.02,12139500.0,4.0,124500,4.01,36300,-1.23,4.06,3.97,12139500,48710000.0,1.11,2.22,43.72,43.73,4.46,3.65,0.53
华星创业,sz300025,5.09,5.0,4.97,14236900.0,5.08,16800,5.09,34200,1.8,5.18,4.89,14236900,71850000.0,2.81,5.8,25.79,25.9,6.0,4.0,0.71
中捷资源,sz002021,2.76,2.73,2.72,33642800.0,2.76,81800,2.77,358300,1.1,2.83,2.69,33642800,93550000.0,2.81,5.13,32.99,33.0,3.0,2.46,0.93
建设工业,sz002265,19.75,20.55,20.19,26610100.0,19.75,52400,19.76,50500,-3.89,20.44,19.67,26610100,528250000.0,2.58,3.75,204.03,204.03,22.61,18.5,1.33
无锡晶海,bj920547,18.66,18.74,18.69,603500.0,18.66,9100,18.68,2200,-0.43,19.08,18.51,603500,11349800.0,1.6,3.04,7.05,14.5,24.36,13.12,0.92
北摩高科,sz002985,26.18,26.44,26.2,2685600.0,26.17,700,26.19,1600,-0.98,26.31,25.8,2685600,70030000.0,0.81,1.93,86.64,86.88,29.08,23.8,0.65
甘源食品,sz002991,43.23,43.64,43.91,810800.0,43.23,6700,43.29,400,-0.94,43.99,43.15,810800,35240000.0,1.62,1.92,21.59,40.3,48.0,39.28,0.9
中曼石油,sh603619,23.34,22.98,23.68,55924300.0,23.34,42700,23.35,8000,1.57,24.0,23.0,55924300,1305650000.0,12.1,4.35,107.91,107.91,25.28,20.68,1.46
京能热力,sz002893,9.83,9.89,9.85,5101900.0,9.83,29900,9.84,25700,-0.61,9.92,9.75,5101900,50220000.0,2.52,1.72,19.93,25.92,10.88,8.9,0.78
万安科技,sz002590,9.55,9.59,9.53,3543300.0,9.55,17100,9.56,42500,-0.42,9.63,9.46,3543300,33840000.0,0.72,1.77,47.27,49.57,10.55,8.63,0.51
嵘泰股份,sh605133,25.76,25.63,25.55,4023500.0,25.76,4500,25.77,4000,0.51,25.92,25.13,4023500,102980000.0,1.43,3.08,72.67,73.49,28.19,23.07,0.62
莱斯信息,sh688631,42.14,43.1,43.01,162721500.0,42.14,0,42.15,300,-2.23,43.43,41.52,162721500,68410000.0,1.0,4.43,68.89,68.89,51.72,34.48,1.21
海鸥股份,sh603269,15.96,15.53,15.66,45532000.0,15.96,20500,15.97,183000,2.77,16.25,14.95,45532000,713970000.0,10.54,8.37,68.94,68.94,17.08,13.98,1.62
*ST湘邮,sh600476,9.84,9.48,9.52,1407300.0,9.82,2900,9.84,54800,3.8,9.88,9.34,1407300,13470000.0,0.87,5.7,15.85,15.85,10.43,8.53,0.95
星网宇达,sz002829,20.95,21.43,20.89,8333200.0,20.95,41100,20.96,23800,-2.24,21.19,20.59,8333200,174380000.0,5.71,2.8,30.6,43.54,23.57,19.29,0.81
吉大通信,sz300597,7.76,7.72,7.75,5771300.0,7.76,18300,7.77,5800,0.52,7.84,7.57,5771300,44490000.0,2.13,3.5,21.06,21.15,9.26,6.18,0.94
ST路通,sz300555,12.39,12.54,12.54,1108100.0,12.38,16900,12.39,2000,-1.2,12.7,12.38,1108100,13880000.0,0.56,2.55,24.53,24.78,15.05,10.03,1.63
爱仕达,sz002403,9.75,9.65,9.65,3814800.0,9.74,10300,9.75,34700,1.04,9.81,9.5,3814800,36830000.0,1.28,3.21,28.97,33.21,10.62,8.69,0.78
何氏眼科,sz301103,17.1,17.38,17.39,4086400.0,17.08,3500,17.1,6600,-1.61,17.59,17.02,4086400,70490000.0,3.36,3.28,20.8,27.02,20.86,13.9,1.42
大丰实业,sh603081,9.62,9.5,9.5,5015700.0,9.62,6800,9.63,5000,1.26,9.65,9.32,5015700,47750000.0,1.19,3.47,40.64,40.64,10.45,8.55,0.74
康泰医学,sz300869,11.37,11.46,11.4,2818700.0,11.37,10200,11.38,18800,-0.79,11.49,11.3,2818700,32140000.0,1.07,1.66,29.99,45.69,13.75,9.17,0.83
易天股份,sz300812,19.5,19.53,19.36,4954700.0,19.5,10600,19.51,1000,-0.15,19.74,19.12,4954700,96630000.0,2.78,3.17,34.7,38.24,23.44,15.62,0.64
联合光电,sz300691,13.49,13.66,13.58,2290300.0,13.49,20000,13.5,5100,-1.24,13.68,13.38,2290300,30940000.0,1.04,2.2,29.78,36.29,16.39,10.93,0.51
苏豪时尚,sh600287,4.82,4.77,4.78,4162900.0,4.81,3100,4.82,500,1.05,4.83,4.73,4162900,19890000.0,0.95,2.1,21.05,21.05,5.25,4.29,1.11
派诺科技,bj920375,7.57,7.66,7.77,2026000.0,7.56,15900,7.57,3000,-1.17,7.77,7.54,2026000,15421300.000000002,2.23,3.0,6.88,11.52,9.95,5.37,0.49
九联科技,sh688609,9.15,9.32,9.23,1820313600.0,9.15,6600,9.16,80500,-1.82,9.27,8.98,1820313600,166190000.0,3.64,3.11,45.75,47.76,11.18,7.46,0.86
辽港股份,sh601880,1.46,1.47,1.47,80721100.0,1.45,14770200,1.46,85800,-0.68,1.48,1.45,80721100,117940000.0,0.44,2.04,268.83,344.15,1.62,1.32,0.95
奥普光电,sz002338,44.5,45.93,44.38,11019400.0,44.5,6100,44.51,28600,-3.11,45.5,44.26,11019400,493120000.0,4.59,2.7,106.8,106.8,50.52,41.34,1.26
卓锦股份,sh688701,7.97,8.22,8.02,242391300.0,7.97,3800,7.99,54100,-3.04,8.22,7.85,242391300,19350000.0,1.81,4.5,10.7,10.7,9.86,6.58,0.71
港通医疗,sz301515,19.02,19.17,19.0,1013500.0,18.99,22700,19.03,2100,-0.78,19.19,18.75,1013500,19230000.0,1.5,2.3,12.85,19.02,23.0,15.34,0.61
禾川科技,sh688320,32.6,31.19,31.28,411691100.0,32.59,4600,32.6,1000,4.52,33.3,30.8,411691100,132420000.0,2.73,8.02,49.23,49.23,37.43,24.95,1.23
京能置业,sh600791,7.75,7.49,7.49,19902600.0,7.75,150700,7.76,4500,3.47,7.89,7.32,19902600,153000000.0,4.4,7.61,35.05,35.1,8.24,6.74,1.29
金运激光,sz300220,10.76,10.76,10.7,2150700.0,10.76,34100,10.78,8300,0.0,10.89,10.58,2150700,23080000.0,1.42,2.88,16.25,16.27,12.91,8.61,0.85
源飞宠物,sz001222,15.05,15.41,15.5,11057600.0,15.05,20300,15.06,1000,-2.34,15.6,14.93,11057600,167130000.0,9.79,4.35,17.01,28.73,16.95,13.87,2.56
华之杰,sh603400,47.35,44.97,45.6,7711400.0,47.35,13700,47.36,2800,5.29,47.57,45.11,7711400,357320000.0,21.28,5.47,17.15,61.47,49.47,40.47,1.06
乔治白,sz002687,5.98,5.44,5.44,28980200.0,5.98,13867700,0.0,0,9.93,5.98,5.36,28980200,170020000.0,7.01,11.4,24.72,30.19,5.98,4.9,1.57
水羊股份,sz300740,22.33,22.23,22.28,25005300.0,22.33,65500,22.34,4300,0.45,22.73,22.15,25005300,560920000.0,6.11,2.61,91.32,98.23,26.68,17.78,1.01
永泰能源,sh600157,1.6,1.6,1.6,421484000.0,1.6,56121600,1.61,31533500,0.0,1.62,1.59,421484000,677560000.0,1.93,1.88,349.08,349.08,1.76,1.44,0.96
爱尔眼科,sz300015,8.9,9.07,9.0,93254600.0,8.89,593300,8.9,147300,-1.87,9.07,8.88,93254600,837000000.0,1.17,2.09,708.19,827.66,10.88,7.26,0.96
秉扬科技,bj920675,7.35,7.45,7.5,1007200.0,7.32,500,7.35,1300,-1.34,7.5,7.31,1007200,7430700.000000001,1.27,2.55,5.81,12.65,9.68,5.22,0.82
挖金客,sz301380,31.72,32.22,32.22,2565800.0,31.71,200,31.72,6500,-1.55,32.29,31.49,2565800,81620000.0,3.18,2.48,25.61,32.16,38.66,25.78,0.52
诺斯贝尔,sz300132,6.77,6.83,6.89,22820600.0,6.76,119900,6.77,124500,-0.88,6.97,6.62,22820600,154440000.0,4.49,5.12,34.4,34.97,8.2,5.46,1.12
海泰科,sz301022,23.43,23.49,23.51,1176800.0,23.42,100,23.43,7000,-0.26,23.58,23.01,1176800,27410000.0,1.76,2.43,15.69,23.31,28.19,18.79,0.72
本川智能,sz300964,55.81,55.78,55.4,5664000.0,55.81,900,55.82,600,0.05,56.58,54.43,5664000,314950000.0,7.22,3.85,43.76,59.64,66.94,44.62,0.78
圣龙股份,sh603178,17.82,17.29,17.35,19189400.0,17.82,71500,17.83,45100,3.07,18.1,16.96,19189400,335220000.0,8.12,6.59,42.13,42.13,19.02,15.56,1.26
华岭股份,bj920139,15.2,15.38,15.46,2632900.0,15.2,82600,15.21,12000,-1.17,15.49,15.19,2632900,40314800.0,1.01,1.95,39.57,40.97,19.99,10.77,0.43
国子软件,bj920953,24.17,24.81,24.69,1641900.0,24.16,4100,24.17,600,-2.58,24.87,24.14,1641900,40179900.0,2.74,2.94,14.47,30.97,32.25,17.37,0.47
峆一药业,bj920478,12.03,11.79,11.41,8943700.0,12.02,1200,12.03,3600,2.04,12.58,11.03,8943700,107618700.00000001,13.35,13.15,8.06,13.26,15.32,8.26,1.19
光韵达,sz300227,11.61,11.92,11.7,25204800.0,11.6,51900,11.61,58600,-2.6,11.97,11.31,25204800,294800000.0,5.52,5.54,52.98,69.17,14.3,9.54,0.99
长安汽车,sz000625,7.35,7.42,7.4,50376000.0,7.34,651900,7.35,326900,-0.94,7.41,7.33,50376000,370700000.0,0.61,1.08,607.64,728.6,8.16,6.68,0.6
恒合股份,bj920145,10.18,10.16,10.26,519500.0,10.09,13800,10.18,700,0.2,10.38,10.06,519500,5304600.0,1.06,3.15,4.97,7.18,13.2,7.12,0.96
电声股份,sz300805,8.42,8.55,8.6,8802700.0,8.42,22400,8.43,5700,-1.52,8.6,8.32,8802700,74190000.0,3.05,3.27,24.28,35.74,10.26,6.84,0.62
翰博高新,sz301321,36.81,38.2,38.41,10005400.0,36.81,6700,36.85,300,-3.64,39.83,36.5,10005400,378390000.0,6.78,8.72,54.34,68.63,45.84,30.56,1.39
江淮汽车,sh600418,24.02,23.79,23.67,77410500.0,24.02,245800,24.03,16200,0.97,24.53,23.4,77410500,1849170000.0,3.54,4.75,524.6,541.45,26.17,21.41,0.77
*ST香雪,sz300147,7.56,7.61,7.58,7033000.0,7.56,500,7.57,7800,-0.66,7.79,7.55,7033000,53850000.0,1.07,3.15,49.7,49.99,9.13,6.09,0.55
凯腾精工,bj920553,7.23,6.9,6.88,6471800.0,7.23,10600,7.24,1000,4.78,7.89,6.76,6471800,47627600.0,6.9,16.38,6.78,10.39,8.97,4.83,4.78
智明达,sh688636,19.93,20.0,19.61,797048500.0,19.93,4800,19.94,6700,-0.35,20.15,19.31,797048500,157960000.0,4.58,4.2,34.66,34.66,24.0,16.0,0.8
通用股份,sh601500,4.02,4.07,4.08,12989800.0,4.02,201000,4.03,91200,-1.23,4.1,4.01,12989800,52640000.0,0.82,2.21,63.64,63.89,4.48,3.66,0.93
博晖创新,sz300318,5.07,5.03,4.99,9175000.0,5.07,21100,5.08,28900,0.8,5.13,4.99,9175000,46590000.0,1.16,2.78,40.18,41.42,6.04,4.02,1.33
东方海洋,sz002086,2.02,2.02,1.99,53506600.0,2.01,260300,2.02,2010100,0.0,2.03,1.97,53506600,107210000.0,3.38,2.97,31.94,39.57,2.22,1.82,1.12
锦好医疗,bj920925,12.58,12.77,12.78,1993400.0,12.58,2000,12.63,100,-1.49,13.0,12.53,1993400,25389300.0,3.6,3.68,6.96,12.4,16.6,8.94,0.76
创新医疗,sz002173,21.24,21.92,21.24,63304600.0,21.23,29700,21.24,122800,-3.1,21.98,21.1,63304600,1357980000.0,15.04,4.01,89.39,93.73,24.11,19.73,0.84
延华智能,sz002178,4.63,4.63,4.63,10646500.0,4.62,145100,4.63,61700,0.0,4.67,4.52,10646500,49100000.0,1.5,3.24,32.96,32.97,5.09,4.17,0.85
百联股份,sh600827,7.8,7.77,7.76,13481100.0,7.79,79500,7.8,142200,0.39,7.88,7.7,13481100,105190000.0,0.84,2.32,125.15,139.17,8.55,6.99,0.84
石头科技,sh688169,111.47,110.63,110.97,569533600.0,111.46,200,111.47,2800,0.76,113.68,109.39,569533600,636400000.0,2.19,3.88,289.32,289.32,132.76,88.5,1.0
艾艾精工,sh603580,56.88,59.21,58.03,16688900.0,56.88,83000,56.9,4000,-3.94,62.99,55.61,16688900,996760000.0,12.77,12.46,74.33,74.33,65.13,53.29,1.32
奥雅股份,sz300949,22.03,22.2,22.25,848500.0,22.0,100,22.03,1000,-0.77,22.25,21.78,848500,18670000.0,1.71,2.12,10.96,19.17,26.64,17.76,0.65
贝仕达克,sz300822,11.92,12.07,12.07,3877800.0,11.92,1300,11.93,7000,-1.24,12.08,11.73,3877800,46020000.0,1.34,2.9,34.45,37.14,14.48,9.66,0.34
星帅尔,sz002860,16.66,16.54,16.54,12487700.0,16.66,6200,16.67,5800,0.73,17.1,16.24,12487700,208250000.0,3.63,5.2,57.31,58.67,18.19,14.89,0.86
金杯汽车,sh600609,3.29,3.33,3.32,13254900.0,3.29,40500,3.3,241000,-1.2,3.33,3.27,13254900,43720000.0,1.02,1.8,42.92,42.92,3.66,3.0,0.65
花园生物,sz300401,15.0,14.55,14.46,44606600.0,15.0,92300,15.01,1100,3.09,15.5,14.34,44606600,667900000.0,8.32,7.97,80.4,81.72,17.46,11.64,1.59
宇瞳光学,sz300790,17.65,17.5,17.39,16945500.0,17.64,17100,17.65,66900,0.86,17.94,17.31,16945500,298750000.0,3.69,3.6,81.08,92.27,21.0,14.0,0.73
科锐国际,sz300662,20.78,21.12,20.93,3868200.0,20.78,2900,20.79,3000,-1.61,21.43,20.77,3868200,81230000.0,1.97,3.13,40.78,40.9,25.34,16.9,0.53
裕同科技,sz002831,27.78,28.3,28.22,8412800.0,27.77,7000,27.78,17800,-1.84,28.7,27.66,8412800,236740000.0,1.18,3.67,198.41,357.9,31.13,25.47,0.78
蓝帆医疗,sz002382,6.09,6.07,6.04,13003800.0,6.09,17100,6.1,24100,0.33,6.16,6.01,13003800,79320000.0,1.3,2.47,60.77,61.36,6.68,5.46,0.91
海鸥住工,sz002084,3.4,3.57,3.56,43270400.0,3.4,31800,3.41,96700,-4.76,3.58,3.38,43270400,149920000.0,6.71,5.6,21.91,21.97,3.93,3.21,2.22
深粮控股,sz000019,6.18,6.21,6.22,7912700.0,6.18,4600,6.19,75800,-0.48,6.23,6.14,7912700,48930000.0,1.9,1.45,25.72,71.23,6.83,5.59,0.64
恒华科技,sz300365,4.8,4.83,4.82,9994300.0,4.79,207000,4.8,8200,-0.62,4.84,4.73,9994300,47900000.0,1.95,2.28,24.56,28.79,5.8,3.86,0.79
朗玛信息,sz300288,10.16,10.22,10.23,4640900.0,10.15,13000,10.16,12100,-0.59,10.3,10.03,4640900,47160000.0,1.81,2.64,26.07,34.33,12.26,8.18,0.77
永顺泰,sz001338,8.78,8.89,8.88,3914800.0,8.77,20000,8.78,25300,-1.24,8.9,8.76,3914800,34490000.0,0.78,1.57,44.05,44.05,9.78,8.0,0.84
佩蒂股份,sz300673,13.68,13.95,13.95,3538400.0,13.68,3200,13.69,24400,-1.94,14.06,13.63,3538400,48710000.0,2.21,3.08,21.95,33.83,16.74,11.16,0.86
银信科技,sz300231,8.72,8.82,8.82,12549000.0,8.71,16600,8.72,59900,-1.13,8.84,8.63,12549000,109750000.0,2.82,2.38,38.78,38.78,10.58,7.06,0.63
金智科技,sz002090,9.45,9.52,9.53,4710100.0,9.45,8800,9.46,12400,-0.74,9.54,9.36,4710100,44560000.0,1.18,1.89,37.63,37.85,10.47,8.57,0.65
金地集团,sh600383,2.25,2.28,2.27,79089700.0,2.25,267200,2.26,2078800,-1.32,2.3,2.24,79089700,179570000.0,1.75,2.63,101.58,101.58,2.51,2.05,1.15
光洋股份,sz002708,10.66,10.74,10.65,12984000.0,10.66,52600,10.67,46900,-0.74,10.83,10.58,12984000,139090000.0,2.51,2.33,55.08,59.92,11.81,9.67,0.89
迪安诊断,sz300244,20.91,21.14,20.81,35848900.0,20.91,21800,20.92,18800,-1.09,21.48,20.72,35848900,755540000.0,7.15,3.6,104.86,130.68,25.37,16.91,0.82
恒立钻具,bj920942,17.66,18.24,18.06,984800.0,17.66,2600,17.69,900,-3.18,18.06,17.66,984800,17531700.0,2.38,2.19,7.31,10.8,23.71,12.77,0.85
尤夫股份,sz002427,4.39,4.43,4.39,8329500.0,4.38,168800,4.39,44800,-0.9,4.42,4.35,8329500,36510000.0,0.85,1.58,43.22,43.26,4.87,3.99,0.8
杭州解百,sh600814,6.68,6.73,6.71,4403500.0,6.68,25200,6.69,16700,-0.74,6.74,6.65,4403500,29500000.0,0.6,1.34,49.1,49.1,7.4,6.06,0.94
海新能科,sz300072,3.66,3.56,3.54,56503100.0,3.65,488400,3.66,117000,2.81,3.72,3.54,56503100,206320000.0,2.42,5.06,85.33,86.0,4.27,2.85,2.2
福星股份,sz000926,2.17,2.19,2.17,23417600.0,2.16,1347700,2.17,3200,-0.91,2.2,2.15,23417600,50870000.0,1.49,2.28,34.14,34.57,2.41,1.97,0.72
实益达,sz002137,7.93,8.03,7.95,21617400.0,7.92,138300,7.93,50400,-1.25,8.05,7.87,21617400,171970000.0,5.45,2.24,31.44,45.8,8.83,7.23,0.68
艾布鲁,sz301259,24.88,23.79,23.5,7293000.0,24.87,700,24.88,17800,4.58,25.1,23.5,7293000,179490000.0,5.03,6.73,36.09,56.28,28.55,19.03,1.18
荣盛发展,sz002146,1.15,1.14,1.13,100006300.0,1.14,7791900,1.15,7881400,0.88,1.16,1.13,100006300,114200000.0,2.56,2.63,44.98,50.0,1.25,1.03,1.27
德生科技,sz002908,7.14,7.29,7.28,8882100.0,7.14,135600,7.15,9900,-2.06,7.3,7.1,8882100,63770000.0,2.76,2.74,22.98,30.8,8.02,6.56,0.58
宝信软件,sh600845,18.31,18.32,18.4,15822100.0,18.3,11100,18.31,28500,-0.05,18.56,18.08,15822100,290340000.0,0.74,2.62,390.75,523.28,20.15,16.49,0.61
*ST联翔,sh603272,16.03,15.81,15.95,3317200.0,16.01,1500,16.03,4000,1.39,16.1,15.22,3317200,51800000.0,3.2,5.57,16.61,16.61,17.39,14.23,0.68
数字政通,sz300075,11.18,11.23,11.2,8359900.0,11.17,61200,11.18,3500,-0.45,11.29,11.04,8359900,93440000.0,1.62,2.23,57.63,69.44,13.48,8.98,0.61
威马农机,sz301533,26.16,26.5,26.75,828700.0,26.15,1500,26.16,1900,-1.28,26.75,25.93,828700,21700000.0,2.91,3.09,7.44,25.72,31.8,21.2,0.66
凯文教育,sz002659,4.73,4.8,4.77,24894000.0,4.72,147800,4.73,2200,-1.46,4.84,4.71,24894000,118710000.0,4.16,2.71,28.3,28.3,5.28,4.32,0.39
拾比佰,bj920768,7.14,7.16,7.16,1166600.0,7.06,1000,7.14,7200,-0.28,7.17,7.04,1166600,8283700.0,1.09,1.82,7.67,11.09,9.3,5.02,0.66
骑士乳业,bj920786,7.04,7.17,7.11,12485600.0,7.03,79500,7.04,10000,-1.81,7.34,7.0,12485600,89057600.0,9.04,4.74,9.72,14.72,9.32,5.02,0.94
北方国际,sz000065,9.12,9.22,9.21,12912600.0,9.12,62500,9.13,102200,-1.08,9.21,9.06,12912600,118190000.0,1.21,1.63,97.13,105.92,10.14,8.3,0.61
汇纳科技,sz300609,26.0,26.0,26.0,2152800.0,25.98,2700,26.0,17600,0.0,26.14,25.32,2152800,55440000.0,1.8,3.15,31.18,31.23,31.2,20.8,0.49
瑞泰科技,sz002066,19.9,20.48,20.49,3162800.0,19.9,14000,19.91,90000,-2.83,20.49,19.87,3162800,63490000.0,1.37,3.03,45.97,46.75,22.53,18.43,1.06
星宸科技,sz301536,125.79,121.6,120.41,16801800.0,125.79,1100,125.8,11300,3.45,128.1,120.08,16801800,2094910000.0,8.98,6.6,235.47,530.48,145.92,97.28,0.9
金能科技,sh603113,4.59,4.61,4.64,6682400.0,4.58,42400,4.59,19400,-0.43,4.65,4.56,6682400,30720000.0,0.79,1.95,38.95,38.95,5.07,4.15,0.76
德恩精工,sz300780,20.5,20.58,20.38,6398000.0,20.49,10000,20.5,16800,-0.39,20.85,19.84,6398000,130350000.0,5.95,4.91,22.04,30.07,24.7,16.46,0.77
酷特智能,sz300840,20.3,20.8,20.73,6283100.0,20.3,6500,20.33,5200,-2.4,20.73,20.1,6283100,128320000.0,3.55,3.03,35.95,48.72,24.96,16.64,0.65
金现代,sz300830,8.41,8.48,8.52,6036900.0,8.41,5000,8.42,2200,-0.83,8.56,8.32,6036900,50880000.0,1.79,2.83,28.35,37.98,10.18,6.78,0.51
北纬科技,sz002148,6.5,6.56,6.55,12205300.0,6.49,102100,6.5,66800,-0.91,6.56,6.41,12205300,79230000.0,2.71,2.29,29.31,36.32,7.22,5.9,0.67
硅烷科技,bj920402,9.02,9.14,9.06,4142100.0,9.01,10300,9.02,75900,-1.31,9.12,8.96,4142100,37427900.0,1.52,1.75,24.61,38.07,11.88,6.4,0.43
居然智家,sz000785,2.27,2.28,2.27,48026600.0,2.27,280500,2.28,2744200,-0.44,2.3,2.24,48026600,108930000.0,0.83,2.63,131.76,141.35,2.51,2.05,0.98
津滨发展,sz000897,1.78,1.77,1.77,33984300.0,1.78,1175600,1.79,1612800,0.56,1.8,1.75,33984300,60460000.0,2.1,2.82,28.79,28.79,1.95,1.59,1.22
绿岛风,sz301043,42.99,43.99,43.52,723000.0,42.92,400,42.99,1400,-2.27,43.98,42.15,723000,31060000.0,1.27,4.16,24.4,29.23,52.79,35.19,0.84
獐子岛,sz002069,3.34,3.35,3.36,8600800.0,3.33,28200,3.34,109400,-0.3,3.39,3.31,8600800,28760000.0,1.21,2.39,23.72,23.75,3.69,3.02,0.78
新锦动力,sz300157,4.38,4.37,4.5,83071100.0,4.38,270900,4.39,539000,0.23,4.68,4.35,83071100,368170000.0,11.38,7.55,31.98,33.52,5.24,3.5,1.33
五芳斋,sh603237,14.54,14.61,14.61,626500.0,14.54,700,14.55,100,-0.48,14.65,14.45,626500,9110000.0,0.33,1.37,27.6,28.5,16.07,13.15,0.53
绿的谐波,sh688017,365.0,333.89,333.89,1563259100.0,364.99,5300,365.0,8500,9.32,371.6,327.37,1563259100,5477270000.0,8.53,13.25,669.15,669.15,400.67,267.11,1.33
哈三联,sz002900,14.58,14.83,14.3,62569800.0,14.57,90700,14.58,111900,-1.69,15.8,14.3,62569800,935710000.0,38.83,10.11,23.49,46.12,16.31,13.35,1.79
合肥高科,bj920718,9.86,9.91,9.86,939100.0,9.86,2300,9.91,3300,-0.5,10.0,9.73,939100,9286500.0,2.02,2.72,4.59,8.94,12.88,6.94,1.41
鼎智科技,bj920593,26.07,25.33,25.31,3457500.0,26.07,39000,26.08,12900,2.92,26.55,25.14,3457500,89806700.0,2.13,5.57,42.27,49.6,32.92,17.74,1.42
璞源材料,sh603196,21.16,21.6,21.59,3477600.0,21.16,5200,21.17,6300,-2.04,21.98,21.04,3477600,74700000.0,1.47,4.35,50.15,88.59,23.76,19.44,1.5
光峰科技,sh688007,10.84,10.99,10.9,402028600.0,10.84,5100,10.85,0,-1.36,10.96,10.7,402028600,43540000.0,0.87,2.37,49.82,49.82,13.19,8.79,0.8
沙河股份,sz000014,10.33,10.19,10.19,6147800.0,10.33,20000,10.34,13700,1.37,10.43,10.08,6147800,63170000.0,2.54,3.43,25.0,25.0,11.21,9.17,1.12
宣亚国际,sz300612,12.25,12.51,12.59,4910300.0,12.24,1400,12.25,12600,-2.08,12.59,12.19,4910300,60350000.0,2.7,3.2,22.3,22.42,15.01,10.01,0.52
兆讯传媒,sz301102,9.94,10.14,10.09,2051800.0,9.93,12400,9.94,3800,-1.97,10.2,9.88,2051800,20620000.0,0.51,3.16,40.36,40.36,12.17,8.11,0.62
金盾股份,sz300411,7.5,7.52,7.48,5912900.0,7.49,43700,7.5,42500,-0.27,7.57,7.36,5912900,44240000.0,1.91,2.79,23.18,30.49,9.02,6.02,0.68
智度股份,sz000676,7.37,7.48,7.43,95609300.0,7.37,719700,7.38,139900,-1.47,7.6,7.35,95609300,711100000.0,7.59,3.34,92.79,92.85,8.23,6.73,0.51
上海家化,sh600315,17.91,18.02,17.95,9918300.0,17.91,21600,17.92,21100,-0.61,18.5,17.8,9918300,180320000.0,1.48,3.88,120.4,120.4,19.82,16.22,0.84
文投控股,sh600715,1.8,1.64,1.64,87867000.0,1.8,13312900,0.0,0,9.76,1.8,1.64,87867000,155550000.0,3.07,9.76,51.52,73.08,1.8,1.48,2.85
国芳集团,sh601086,8.19,8.17,8.15,18526200.0,8.19,73800,8.2,146000,0.24,8.25,8.06,18526200,151310000.0,2.78,2.33,54.55,54.55,8.99,7.35,1.02
新叶股份,sz002476,4.57,4.64,4.69,7271700.0,4.57,20500,4.58,326000,-1.51,4.69,4.57,7271700,33520000.0,1.19,2.59,27.97,27.97,5.1,4.18,0.92
新兴装备,sz002933,27.13,27.62,27.4,1235500.0,27.13,2300,27.14,4100,-1.77,27.55,26.92,1235500,33610000.0,1.06,2.28,31.67,31.84,30.38,24.86,0.86
中汽股份,sz301215,5.32,5.32,5.33,7900800.0,5.32,54600,5.33,83500,0.0,5.34,5.26,7900800,41880000.0,0.6,1.5,70.35,70.43,6.38,4.26,0.5
*ST广糖,sz000911,4.7,4.95,4.81,9550000.0,4.69,62200,4.7,57800,-5.05,4.81,4.66,9550000,45110000.0,2.39,3.03,18.82,18.82,5.45,4.46,1.53
华阳国际,sz002949,10.61,10.65,10.65,2371200.0,10.6,3000,10.61,1700,-0.38,10.77,10.5,2371200,25160000.0,1.56,2.54,16.12,20.8,11.72,9.59,0.85
武进不锈,sh603878,5.04,5.1,5.04,11459300.0,5.03,126500,5.04,9800,-1.18,5.15,4.98,11459300,57920000.0,2.04,3.33,28.28,28.28,5.61,4.59,0.81
煌上煌,sz002695,11.1,11.29,11.25,11169900.0,11.08,100000,11.1,30600,-1.68,11.41,10.98,11169900,124500000.0,2.18,3.81,56.77,62.11,12.42,10.16,0.55
思美传媒,sz002712,4.85,4.83,4.83,11020400.0,4.84,22100,4.85,48800,0.41,4.88,4.76,11020400,53170000.0,2.04,2.48,26.23,26.4,5.31,4.35,0.62
欧菲光,sz002456,7.26,7.4,7.31,121641900.0,7.26,16400,7.27,785800,-1.89,7.35,7.06,121641900,876960000.0,3.67,3.92,240.86,253.8,8.14,6.66,0.9
鼎汉技术,sz300011,5.98,6.05,6.02,4086800.0,5.98,87100,5.99,48400,-1.16,6.04,5.93,4086800,24470000.0,0.81,1.82,30.33,36.21,7.26,4.84,0.97
火星人,sz300894,11.7,12.05,12.03,6980900.0,11.69,9600,11.7,27700,-2.9,12.04,11.66,6980900,82450000.0,2.37,3.15,34.41,47.39,14.46,9.64,0.6
申联生物,sh688098,8.65,8.9,8.7,281625600.0,8.65,3700,8.66,6700,-2.81,8.89,8.63,281625600,24550000.0,0.69,2.92,35.52,35.52,10.68,7.12,0.78
东方材料,sh603110,26.04,26.5,26.49,11626300.0,26.03,9300,26.04,8100,-1.74,26.8,25.78,11626300,306570000.0,5.78,3.85,52.4,52.4,29.15,23.85,0.77
竞业达,sz003005,13.88,13.89,13.99,3996900.0,13.87,10300,13.88,8000,-0.07,14.05,13.67,3996900,55470000.0,3.15,2.74,17.62,32.12,15.28,12.5,0.39
正虹科技,sz000702,5.47,5.49,5.44,6001600.0,5.47,12200,5.48,33700,-0.36,5.56,5.41,6001600,32900000.0,1.73,2.73,18.96,18.96,6.04,4.94,0.81
广汽集团,sh601238,5.23,5.33,5.32,25797900.0,5.22,579900,5.23,23300,-1.88,5.34,5.22,25797900,135980000.0,0.35,2.25,386.17,533.31,5.86,4.8,0.93
飞沃科技,sz301232,106.14,113.72,108.12,6057600.0,106.1,100,106.14,3200,-6.67,109.14,103.5,6057600,644840000.0,9.68,4.96,66.44,111.75,136.46,90.98,1.14
锦江酒店,sh600754,19.6,19.95,19.92,13797000.0,19.59,37400,19.6,5000,-1.75,20.33,19.55,13797000,273720000.0,1.52,3.91,177.58,208.99,21.95,17.96,0.93
威士顿,sz301315,38.47,38.65,38.64,856400.0,38.47,1000,38.52,2800,-0.47,38.91,38.05,856400,33010000.0,0.97,2.23,33.85,33.85,46.38,30.92,0.54
永顺生物,bj920729,6.8,6.88,6.82,1009600.0,6.8,2900,6.81,1200,-1.16,6.94,6.79,1009600,6920599.999999999,1.3,2.18,5.27,18.58,8.94,4.82,1.37
国际医学,sz000516,4.24,4.29,4.26,17575400.0,4.24,151100,4.25,97200,-1.17,4.31,4.23,17575400,74850000.0,0.8,1.86,93.48,94.93,4.72,3.86,0.81
正元智慧,sz300645,13.11,13.19,13.28,3431500.0,13.11,7200,13.13,4000,-0.61,13.3,12.93,3431500,44870000.0,2.46,2.81,18.26,18.63,15.83,10.55,0.71
名雕股份,sz002830,13.95,13.84,13.84,2411000.0,13.95,25800,13.96,3800,0.79,14.09,13.55,2411000,33450000.0,2.6,3.9,12.95,25.93,15.22,12.46,0.81
科净源,sz301372,30.83,30.75,30.8,1015700.0,30.83,5500,30.87,5100,0.26,30.98,30.2,1015700,31140000.0,2.47,2.54,12.69,21.14,36.9,24.6,0.81
奥特佳,sz002239,2.52,2.53,2.53,38928100.0,2.52,2572200,2.53,920700,-0.4,2.55,2.51,38928100,98450000.0,1.19,1.58,82.31,88.54,2.78,2.28,0.82
交投生态,sz002200,7.07,6.83,6.8,6646000.0,7.07,17500,7.08,22600,3.51,7.1,6.68,6646000,46030000.0,3.4,6.15,13.84,31.89,7.51,6.15,1.45
贤丰控股,sz002141,6.88,6.72,6.51,389802100.0,6.88,1227800,6.89,60400,2.38,7.39,6.4,389802100,2770000000.0,37.74,14.73,71.07,71.07,7.39,6.05,1.62
*ST美芝,sz002856,14.74,14.31,14.25,4595100.0,14.72,2000,14.74,13600,3.0,14.96,13.8,4595100,65420000.0,3.71,8.11,18.26,19.95,15.74,12.88,0.83
三江购物,sh601116,10.92,10.72,10.71,15217800.0,10.91,15400,10.92,8200,1.87,11.03,10.6,15217800,165360000.0,2.78,4.01,59.81,59.81,11.79,9.65,1.49
中远通,sz301516,16.0,15.95,15.88,5388700.0,15.99,13600,16.0,100,0.31,16.16,15.53,5388700,85700000.0,7.68,3.95,11.23,44.91,19.14,12.76,0.95
天坛生物,sh600161,12.71,12.78,12.78,13087600.0,12.71,17400,12.72,44300,-0.55,12.88,12.68,13087600,167210000.0,0.66,1.56,251.32,251.32,14.06,11.5,0.78
长城军工,sh601606,35.62,36.18,37.37,58713500.0,35.61,4600,35.62,31000,-1.55,37.63,35.2,58713500,2112950000.0,8.11,6.72,257.97,257.97,39.8,32.56,1.51
中信海直,sz000099,14.24,14.45,14.43,5806700.0,14.23,41400,14.24,10900,-1.45,14.43,14.15,5806700,82690000.0,0.75,1.94,110.47,110.47,15.9,13.01,0.71
ST创意,sz300366,5.07,5.06,5.04,9057800.0,5.07,65000,5.08,33100,0.2,5.22,5.04,9057800,46490000.0,1.71,3.56,26.9,30.8,6.07,4.05,0.97
博通股份,sh600455,24.1,24.48,24.26,1260900.0,24.09,2100,24.1,5100,-1.55,24.47,23.95,1260900,30440000.0,2.02,2.12,15.05,15.05,26.93,22.03,0.69
普联软件,sz300996,20.68,19.5,19.25,100216100.0,20.68,42900,20.69,15800,6.05,20.93,18.44,100216100,2009870000.0,30.08,12.77,68.89,81.85,23.4,15.6,1.0
华统股份,sz002840,8.1,8.23,8.2,12427600.0,8.1,43600,8.11,76200,-1.58,8.25,8.08,12427600,101370000.0,1.56,2.07,64.53,64.98,9.05,7.41,0.65
浙江黎明,sh603048,21.4,21.42,21.35,1711600.0,21.4,200,21.41,500,-0.09,21.75,21.09,1711600,36700000.0,1.17,3.08,31.43,31.43,23.56,19.28,0.62
国缆检测,sz301289,43.64,44.35,44.33,537400.0,43.64,2600,43.65,500,-1.6,44.33,43.6,537400,23600000.0,0.69,1.65,33.82,34.04,53.22,35.48,0.93
久远银海,sz002777,13.36,13.58,13.56,6545000.0,13.36,3000,13.37,35000,-1.62,13.58,13.29,6545000,87780000.0,1.62,2.14,54.04,54.54,14.94,12.22,0.59
陕西黑猫,sh601015,3.48,3.43,3.52,70812600.0,3.48,317500,3.49,829400,1.46,3.55,3.37,70812600,245560000.0,3.47,5.25,71.08,71.08,3.77,3.09,0.98
捷安高科,sz300845,11.04,11.05,10.97,4435200.0,11.03,8400,11.04,3800,-0.09,11.18,10.86,4435200,48870000.0,3.08,2.9,15.87,22.7,13.26,8.84,0.59
瑞玛精密,sz002976,22.98,22.26,22.2,4475800.0,22.98,1400,23.0,5300,3.23,23.41,21.8,4475800,100870000.0,3.68,7.23,27.97,44.72,24.49,20.03,0.98
华兰疫苗,sz301207,18.03,18.23,18.16,4293500.0,18.03,54700,18.04,16300,-1.1,18.36,18.03,4293500,78040000.0,0.71,1.81,108.3,108.37,21.88,14.58,0.82
欧林生物,sh688319,28.66,27.6,27.22,969699300.0,28.65,58400,28.66,13500,3.84,29.4,27.22,969699300,276670000.0,2.39,7.9,116.19,116.19,33.12,22.08,1.03
南京熊猫,sh600775,10.0,10.12,9.98,15448200.0,9.99,162000,10.0,68900,-1.19,10.13,9.92,15448200,154770000.0,2.3,2.08,67.18,91.38,11.13,9.11,0.52
鱼跃医疗,sz002223,26.85,27.55,27.48,13302800.0,26.85,42100,26.86,20700,-2.54,27.6,26.82,13302800,361060000.0,1.41,2.83,253.01,269.17,30.31,24.8,1.13
动力源,sh600405,4.39,4.42,4.44,6726000.0,4.39,111400,4.4,17300,-0.68,4.45,4.32,6726000,29570000.0,1.1,2.94,26.9,26.9,4.86,3.98,0.54
玉禾田,sz300815,16.48,16.71,16.72,4375100.0,16.48,3400,16.49,300,-1.38,16.74,16.32,4375100,72020000.0,1.12,2.51,64.33,65.69,20.05,13.37,0.56
中寰股份,bj920260,7.98,8.05,8.14,406200.0,7.98,4500,7.99,4000,-0.87,8.14,7.89,406200,3241100.0,0.41,3.11,7.89,8.26,10.46,5.64,0.66
大悦城,sz000031,2.24,2.25,2.24,31088500.0,2.23,108900,2.24,596000,-0.44,2.27,2.22,31088500,69660000.0,0.73,2.22,96.01,96.01,2.48,2.03,0.85
上纬新材,sh688585,167.0,162.59,160.0,611752100.0,167.0,700,167.01,600,2.71,175.1,158.0,611752100,1027150000.0,1.52,10.52,673.61,673.61,195.11,130.07,1.08
琏升科技,sz300051,8.93,8.3,8.22,69951100.0,8.93,265900,8.94,18600,7.59,9.18,8.05,69951100,611010000.0,19.04,13.61,32.81,33.22,9.96,6.64,1.76
农尚环境,sz300536,9.11,9.04,8.98,7830600.0,9.1,11300,9.11,33400,0.77,9.21,8.82,7830600,70640000.0,2.67,4.31,26.72,26.72,10.85,7.23,0.74
严牌股份,sz301081,12.5,12.31,12.2,2401700.0,12.49,11000,12.5,35800,1.54,12.5,12.01,2401700,29590000.0,1.07,3.98,28.06,29.21,14.77,9.85,0.63
思特奇,sz300608,10.57,10.58,10.61,7722600.0,10.57,46600,10.58,99100,-0.09,10.65,10.34,7722600,81440000.0,2.54,2.93,32.17,36.79,12.7,8.46,0.54
中亦科技,sz301208,29.6,29.91,29.86,1042100.0,29.57,300,29.6,800,-1.04,29.95,29.3,1042100,30930000.0,1.58,2.17,19.56,35.52,35.89,23.93,0.72
泰鹏智能,bj920132,8.66,8.67,8.68,544500.0,8.65,2700,8.66,400,-0.12,8.77,8.58,544500,4733300.0,1.49,2.19,3.17,9.32,11.27,6.07,0.72
星华新材,sz301077,20.88,20.81,20.88,1209100.0,20.83,300,20.88,7500,0.34,21.0,20.5,1209100,25120000.0,1.27,2.4,19.96,35.55,24.97,16.65,0.62
元琛科技,sh688659,10.16,10.04,9.96,510091700.0,10.16,500,10.17,2700,1.2,10.51,9.88,510091700,52390000.0,3.19,6.27,16.26,16.26,12.05,8.03,2.08
学大教育,sz000526,36.25,36.37,36.3,4071200.0,36.24,4300,36.25,5000,-0.33,36.96,35.9,4071200,148270000.0,3.35,2.91,44.03,44.17,40.01,32.73,0.73
众智科技,sz301361,28.29,28.61,28.31,1194900.0,28.29,2200,28.3,6200,-1.12,28.57,27.89,1194900,33740000.0,2.12,2.38,15.94,32.91,34.33,22.89,0.69
鸿智科技,bj920926,10.5,10.65,10.81,594400.0,10.5,10300,10.52,900,-1.41,10.82,10.5,594400,6315400.0,0.74,3.0,8.42,9.28,13.84,7.46,0.64
正泰电器,sh601877,25.3,25.53,25.48,10993100.0,25.3,20300,25.31,14700,-0.9,25.51,25.23,10993100,278930000.0,0.51,1.1,543.69,543.69,28.08,22.98,0.65
阳光乳业,sz001318,11.35,11.24,11.35,9035000.0,11.34,33200,11.35,1400,0.98,11.69,11.2,9035000,102930000.0,3.2,4.36,32.08,32.08,12.36,10.12,1.89
榕基软件,sz002474,6.68,7.04,6.76,67629300.0,6.67,502700,6.68,175500,-5.11,6.95,6.62,67629300,453880000.0,12.79,4.69,35.33,41.56,7.74,6.34,2.03
超越科技,sz301049,19.6,19.82,19.73,1019700.0,19.56,100,19.6,3200,-1.11,19.85,19.3,1019700,20010000.0,2.38,2.77,8.39,18.47,23.78,15.86,0.86
信濠光电,sz301051,22.03,20.72,20.48,27782600.0,22.03,15600,22.04,16200,6.32,22.28,20.02,27782600,591390000.0,12.3,10.91,49.75,62.62,24.86,16.58,1.95
明阳电路,sz300739,22.87,22.89,22.62,9736000.0,22.86,9100,22.87,22400,-0.09,23.22,22.35,9736000,222460000.0,3.21,3.8,69.29,85.41,27.47,18.31,0.69
大位科技,sh600589,8.14,8.18,8.26,47516400.0,8.14,114000,8.15,144700,-0.49,8.28,7.99,47516400,387100000.0,3.21,3.55,120.35,120.6,9.0,7.36,0.52
浩物股份,sz000757,4.38,4.31,4.35,15439300.0,4.37,34500,4.38,43300,1.62,4.42,4.23,15439300,66960000.0,2.9,4.41,23.33,23.33,4.74,3.88,0.9
华锋股份,sz002806,14.06,14.32,14.29,5467500.0,14.06,77600,14.08,100,-1.82,14.34,13.88,5467500,77220000.0,3.14,3.21,24.48,29.87,15.75,12.89,0.68
捷荣技术,sz002855,10.07,10.11,10.11,2389100.0,10.07,2900,10.08,10000,-0.4,10.13,9.9,2389100,23940000.0,0.97,2.27,24.8,24.81,11.12,9.1,0.73
慧辰股份,sh688500,38.48,36.91,35.81,217915000.0,38.47,3000,38.48,100,4.25,39.64,35.81,217915000,82800000.0,2.91,10.38,28.83,29.24,44.29,29.53,1.06
泰达股份,sz000652,3.51,3.51,3.5,11324800.0,3.5,163100,3.51,47100,0.0,3.55,3.47,11324800,39630000.0,0.78,2.28,51.18,51.22,3.86,3.16,1.02
天源迪科,sz300047,10.13,10.18,10.16,11313400.0,10.12,14700,10.13,53800,-0.49,10.22,10.03,11313400,114570000.0,1.97,1.87,58.14,64.6,12.22,8.14,0.56
众信旅游,sz002707,5.22,5.2,5.21,14365300.0,5.22,17900,5.23,260500,0.38,5.25,5.13,14365300,74660000.0,1.66,2.31,45.15,51.3,5.72,4.68,1.02
众合科技,sz000925,7.66,7.77,7.77,13577200.0,7.66,73400,7.67,93300,-1.42,7.82,7.58,13577200,104010000.0,2.02,3.09,51.41,51.81,8.55,6.99,0.66
天永智能,sh603895,24.54,24.69,24.56,991600.0,24.53,4500,24.54,300,-0.61,24.85,24.14,991600,24340000.0,0.92,2.88,26.52,26.52,27.16,22.22,0.51
退市太和,sh605081,0.4,0.4,0.0,0.0,0.0,0,0.0,0,0.0,0.0,0.0,0,0.0,0.0,0.0,0.45,0.45,-1.0,-1.0,0.0
中恒集团,sh600252,2.27,2.25,2.25,64980700.0,2.27,1129200,2.28,532900,0.89,2.3,2.24,64980700,147940000.0,2.04,2.67,72.28,72.28,2.48,2.03,1.49
神思电子,sz300479,14.03,14.09,14.19,2899000.0,14.02,15900,14.03,15900,-0.43,14.19,13.79,2899000,40590000.0,1.47,2.84,27.63,27.64,16.91,11.27,0.52
电魂网络,sh603258,13.38,13.41,13.48,2926600.0,13.38,2800,13.39,300,-0.22,13.63,13.23,2926600,39250000.0,1.21,2.98,32.29,32.48,14.75,12.07,0.65
航新科技,sz300424,14.41,14.61,14.48,8025800.0,14.41,58000,14.42,5200,-1.37,14.56,14.07,8025800,114810000.0,3.13,3.35,36.96,36.98,17.53,11.69,0.98
正强股份,sz301119,23.48,21.27,21.28,5330200.0,23.48,9800,23.5,1200,10.39,24.69,20.83,5330200,121970000.0,4.53,18.15,27.65,34.19,25.52,17.02,3.68
龙星科技,sz002442,5.04,5.13,5.09,9353500.0,5.04,204500,5.05,1700,-1.75,5.12,5.0,9353500,47280000.0,1.9,2.34,24.77,25.37,5.64,4.62,0.86
大龙地产,sh600159,2.53,2.54,2.52,15264400.0,2.52,800,2.53,96200,-0.39,2.55,2.49,15264400,38520000.0,1.84,2.36,21.0,21.0,2.79,2.29,0.9
易实精密,bj920221,13.16,13.32,13.32,1255200.0,13.16,20100,13.18,500,-1.2,13.42,12.95,1255200,16563100.0,2.03,3.53,8.13,15.61,17.31,9.33,1.08
安硕信息,sz300380,29.83,30.3,30.0,1971200.0,29.83,15500,29.84,900,-1.55,30.3,29.6,1971200,58980000.0,1.55,2.31,37.99,41.3,36.36,24.24,0.65
中重科技,sh603135,9.54,9.59,9.56,5025100.0,9.53,3500,9.54,18400,-0.52,9.65,9.38,5025100,47790000.0,0.8,2.82,60.06,60.51,10.55,8.63,0.63
天邦食品,sz002124,2.26,2.31,2.31,58460300.0,2.25,2059300,2.26,41700,-2.16,2.31,2.25,58460300,133200000.0,2.96,2.6,44.57,50.22,2.54,2.08,1.0
成电光信,bj920008,19.71,20.25,20.29,743200.0,19.71,7300,19.8,2000,-2.67,20.29,19.65,743200,14735000.0,2.18,3.16,6.71,12.57,26.32,14.18,0.7
华业香料,sz300886,26.06,23.64,23.64,5625900.0,26.05,2800,26.06,5900,10.24,26.38,23.47,5625900,142560000.0,11.91,12.31,12.31,19.58,28.37,18.91,4.2
远 望 谷,sz002161,5.91,5.9,5.96,14395300.0,5.9,122900,5.91,25800,0.17,6.05,5.88,14395300,85660000.0,1.95,2.88,43.71,43.72,6.49,5.31,0.76
广电计量,sz002967,17.3,17.66,17.51,4073300.0,17.29,13100,17.3,6800,-2.04,17.6,17.23,4073300,70810000.0,0.74,2.1,95.1,110.65,19.43,15.89,0.77
福莱新材,sh605488,28.76,28.16,27.79,8706400.0,28.75,3900,28.76,59000,2.13,29.37,27.56,8706400,248700000.0,3.15,6.43,79.37,86.28,30.98,25.34,0.83
和达科技,sh688296,21.12,20.03,20.42,829908400.0,21.1,11300,21.12,3100,5.44,21.16,19.74,829908400,170370000.0,7.73,7.09,22.68,22.68,24.04,16.02,1.38
贝因美,sz002570,4.49,4.53,4.52,19483400.0,4.49,240900,4.5,99200,-0.88,4.58,4.49,19483400,88070000.0,1.8,1.99,48.49,48.49,4.98,4.08,1.0
东方碳素,bj920175,8.07,8.22,8.26,1178400.0,8.07,37100,8.09,8300,-1.82,8.28,8.06,1178400,9558600.0,1.49,2.68,6.4,9.6,10.68,5.76,0.56
西宁特钢,sh600117,2.26,2.3,2.3,13669400.0,2.26,27800,2.27,515100,-1.74,2.31,2.25,13669400,31030000.0,0.42,2.61,73.57,73.57,2.53,2.07,0.87
裕太微-U,sh688515,151.65,152.65,150.89,287205400.0,151.65,3900,151.68,700,-0.66,154.49,147.67,287205400,435530000.0,5.76,4.47,75.55,121.32,183.18,122.12,0.63
*ST海华,sh600243,3.62,3.55,3.57,4728200.0,3.61,40500,3.62,126000,1.97,3.62,3.51,4728200,16850000.0,1.08,3.1,15.89,15.89,3.91,3.2,0.56
贝隆精密,sz301567,35.7,35.07,34.55,1421800.0,35.7,2400,35.73,1100,1.8,36.5,34.3,1421800,50360000.0,6.69,6.27,7.58,25.7,42.08,28.06,1.36
晶品特装,sh688084,48.43,50.06,48.56,332013200.0,48.43,300,48.5,1400,-3.26,49.59,46.82,332013200,160000000.0,4.39,5.53,36.64,36.64,60.07,40.05,1.56
亚联机械,sz001395,30.15,29.88,29.74,2042500.0,30.14,1800,30.15,9400,0.9,30.39,29.74,2042500,61490000.0,3.93,2.18,15.68,34.19,32.87,26.89,0.85
欧普泰,bj920414,8.26,8.31,8.3,955200.0,8.22,7700,8.24,10500,-0.6,8.36,8.16,955200,7904000.0,1.7,2.41,4.63,6.59,10.8,5.82,0.62
大业股份,sh603278,9.69,9.66,9.58,18876700.0,9.69,147900,9.7,69600,0.31,9.8,9.4,18876700,182080000.0,5.52,4.14,33.12,33.12,10.63,8.69,0.94
澳弘电子,sh605058,26.64,26.81,26.9,1548900.0,26.64,15900,26.65,1100,-0.63,26.96,26.37,1548900,41320000.0,1.08,2.2,38.08,38.08,29.49,24.13,0.56
歌力思,sh603808,8.6,8.54,8.61,6365700.0,8.59,3100,8.6,55800,0.7,8.94,8.53,6365700,55540000.0,1.75,4.8,31.28,31.28,9.39,7.69,1.25
五洲新春,sh603667,56.62,54.31,54.02,27851700.0,56.62,6100,56.63,1500,4.25,57.38,53.3,27851700,1559820000.0,7.61,7.51,207.34,216.94,59.74,48.88,1.78
太龙药业,sh600222,7.72,7.81,7.8,14283900.0,7.72,34400,7.73,78300,-1.15,7.92,7.71,14283900,111450000.0,2.55,2.69,43.18,43.18,8.59,7.03,0.87
数字认证,sz300579,22.51,22.45,22.88,2907900.0,22.51,5100,22.52,13800,0.27,22.88,22.21,2907900,65550000.0,1.12,2.98,58.63,60.78,26.94,17.96,0.64
经纬恒润-W,sh688326,68.32,68.57,68.04,119455900.0,68.31,3100,68.32,2000,-0.36,68.92,67.45,119455900,81470000.0,1.07,2.14,76.26,81.94,82.28,54.86,0.62
三角防务,sz300775,21.73,22.16,21.66,11310200.0,21.73,56800,21.75,500,-1.94,21.97,21.46,11310200,245530000.0,2.13,2.3,115.53,118.98,26.59,17.73,0.89
宏川智慧,sz002930,8.94,9.02,9.03,4840600.0,8.94,6800,8.95,12800,-0.89,9.05,8.91,4840600,43430000.0,1.12,1.55,38.75,40.95,9.92,8.12,0.54
会稽山,sh601579,15.43,15.67,15.55,5825100.0,15.43,12200,15.44,11400,-1.53,15.84,15.42,5825100,90570000.0,1.21,2.68,73.98,73.98,17.24,14.1,0.7
广宇集团,sz002133,2.71,2.7,2.7,10090200.0,2.71,300,2.72,187700,0.37,2.73,2.67,10090200,27250000.0,1.31,2.22,20.86,20.98,2.97,2.43,0.87
中航成飞,sz302132,58.16,59.78,58.6,8323800.0,58.16,2700,58.17,3500,-2.71,58.7,57.59,8323800,483470000.0,1.42,1.86,340.86,1554.09,71.74,47.82,1.21
大商股份,sh600694,14.51,14.58,14.58,2446400.0,14.5,7800,14.51,9100,-0.48,14.66,14.45,2446400,35580000.0,0.65,1.44,54.96,54.96,16.04,13.12,0.55
广哈通信,sz300711,18.11,18.65,18.54,16996600.0,18.11,30400,18.12,32100,-2.9,19.28,17.92,16996600,314800000.0,6.84,7.29,44.99,50.79,22.38,14.92,1.2
光环新网,sz300383,13.33,13.44,13.62,56174000.0,13.33,215400,13.34,82900,-0.82,13.65,13.29,56174000,755640000.0,3.13,2.68,239.18,239.62,16.13,10.75,0.59
美腾科技,sh688420,21.99,22.4,22.48,63847500.0,21.99,2100,22.0,500,-1.83,22.5,21.93,63847500,14100000.0,0.72,2.54,19.45,19.45,26.88,17.92,1.33
保隆科技,sh603197,30.5,30.53,30.34,1909600.0,30.5,100,30.51,400,-0.1,30.78,30.2,1909600,58250000.0,0.9,1.9,64.4,65.28,33.58,27.48,0.59
宋城演艺,sz300144,6.13,6.2,6.18,29535000.0,6.13,39200,6.14,204800,-1.13,6.21,6.12,29535000,181740000.0,1.14,1.45,158.25,159.92,7.44,4.96,0.99
南京公用,sz000421,5.46,5.47,5.45,6693000.0,5.46,42800,5.47,57900,-0.18,5.5,5.41,6693000,36500000.0,1.17,1.65,31.36,31.36,6.02,4.92,0.81
赛象科技,sz002337,4.64,4.66,4.66,4883000.0,4.64,21600,4.65,109000,-0.43,4.68,4.57,4883000,22630000.0,0.83,2.36,27.28,27.31,5.13,4.19,0.63
北汽蓝谷,sh600733,5.42,5.46,5.43,73681900.0,5.41,1480200,5.42,141100,-0.73,5.48,5.35,73681900,400070000.0,1.22,2.38,327.64,345.1,6.01,4.91,0.52
信捷电气,sh603416,49.79,50.4,50.3,2733900.0,49.79,7500,49.82,2600,-1.21,50.73,49.39,2733900,136920000.0,1.96,2.66,69.48,78.16,55.44,45.36,1.2
国睿科技,sh600562,26.01,26.75,26.36,10805700.0,26.0,3100,26.01,12000,-2.77,26.65,25.8,10805700,283210000.0,0.87,3.18,323.01,323.01,29.43,24.08,0.84
凤凰光学,sh600071,15.55,15.77,15.75,1519100.0,15.55,27200,15.56,2800,-1.4,15.75,15.5,1519100,23680000.0,0.54,1.59,43.78,43.78,17.35,14.19,0.62
中电鑫龙,sz002298,9.12,9.34,9.5,99832000.0,9.12,9400,9.13,290000,-2.36,9.61,9.02,99832000,916350000.0,15.11,6.32,60.26,67.5,10.27,8.41,1.56
大胜达,sh603687,14.4,14.73,14.73,13491800.0,14.39,12000,14.4,56500,-2.24,14.73,14.13,13491800,194120000.0,2.45,4.07,79.2,79.2,16.2,13.26,0.7
豫能控股,sz001896,13.53,13.66,13.48,59465200.0,13.52,96300,13.53,466500,-0.95,13.88,13.39,59465200,811560000.0,3.9,3.59,206.44,206.44,15.03,12.29,0.62
佳禾食品,sh605300,9.85,9.93,9.91,2332200.0,9.85,7300,9.86,13200,-0.81,9.99,9.81,2332200,23050000.0,0.51,1.81,44.76,44.76,10.92,8.94,0.79
万达轴承,bj920002,57.62,55.95,55.33,1903100.0,57.6,200,57.62,600,2.98,58.49,54.97,1903100,108558100.0,4.27,6.29,25.7,36.71,72.73,39.17,1.17
凯龙股份,sz002783,7.89,8.21,8.02,29143300.0,7.88,73300,7.89,53400,-3.9,8.29,7.87,29143300,233090000.0,6.32,5.12,36.38,39.4,9.03,7.39,2.51
中远海科,sz002401,12.33,12.41,12.39,2486100.0,12.33,14900,12.35,20400,-0.64,12.47,12.24,2486100,30720000.0,0.67,1.85,45.79,45.83,13.65,11.17,0.59
华丽家族,sh600503,2.18,2.17,2.16,24216200.0,2.17,464600,2.18,790300,0.46,2.21,2.13,24216200,52580000.0,1.51,3.69,34.93,34.93,2.39,1.95,0.76
达实智能,sz002421,3.53,3.49,3.51,316167700.0,3.52,503300,3.53,846900,1.15,3.6,3.41,316167700,1114550000.0,15.78,5.44,70.72,74.86,3.84,3.14,0.72
浙江鼎力,sh603338,55.67,57.37,57.65,5310200.0,55.66,7600,55.67,11700,-2.96,58.38,55.55,5310200,300490000.0,1.05,4.93,281.88,281.88,63.11,51.63,0.93
京运通,sh601908,3.09,3.11,3.1,25639300.0,3.09,223000,3.1,790500,-0.64,3.13,3.06,25639300,79430000.0,1.06,2.25,74.61,74.61,3.42,2.8,0.7
灿芯股份,sh688691,66.8,67.45,65.95,380208900.0,66.79,200,66.8,1400,-0.96,67.95,65.65,380208900,254340000.0,5.21,3.41,48.74,80.16,80.94,53.96,0.61
云意电气,sz300304,11.68,11.68,11.6,20404000.0,11.68,26800,11.69,83500,0.0,11.85,11.45,20404000,237920000.0,2.39,3.42,99.81,102.57,14.02,9.34,0.88
旭杰科技,bj920149,8.03,8.11,8.1,463400.0,8.01,100,8.03,3200,-0.99,8.11,7.99,463400,3722799.9999999995,0.73,1.48,5.08,6.14,10.54,5.68,0.71
恒立液压,sh601100,107.22,103.88,103.01,9727600.0,107.22,1400,107.23,1000,3.22,108.47,102.32,9727600,1034570000.0,0.73,5.92,1437.63,1437.63,114.27,93.49,1.64
世纪鼎利,sz300050,6.24,6.32,6.35,13901400.0,6.24,41100,6.25,121900,-1.27,6.35,6.15,13901400,86680000.0,2.55,3.16,33.98,34.0,7.58,5.06,0.65
长江材料,sz001296,19.51,20.14,20.0,6171300.0,19.51,1900,19.52,4100,-3.13,20.0,19.48,6171300,121330000.0,8.0,2.58,15.04,29.19,22.15,18.13,1.54
南天信息,sz000948,15.09,15.21,15.23,22236600.0,15.08,20000,15.09,69200,-0.79,15.8,14.95,22236600,341300000.0,5.71,5.59,58.72,58.83,16.73,13.69,0.88
湘电股份,sh600416,9.02,9.15,9.13,12278300.0,9.02,64600,9.03,11700,-1.42,9.15,8.94,12278300,110770000.0,0.83,2.3,133.12,133.12,10.07,8.24,0.81
中牧股份,sh600195,6.61,6.67,6.68,4843700.0,6.6,57500,6.61,600,-0.9,6.7,6.59,4843700,32090000.0,0.47,1.65,67.5,67.5,7.34,6.0,0.84
咸亨国际,sh605056,15.2,15.27,15.1,6302000.0,15.19,4200,15.2,1200,-0.46,15.5,14.92,6302000,95700000.0,1.56,3.8,61.32,62.23,16.8,13.74,0.51
新芝生物,bj920685,12.57,12.83,12.51,2838200.0,12.57,13700,12.6,4800,-2.03,12.8,12.38,2838200,35705200.0,4.87,3.27,7.33,11.5,16.67,8.99,0.47
灵康药业,sh603669,6.18,6.14,6.07,21595000.0,6.18,67700,6.19,72600,0.65,6.31,6.06,21595000,134280000.0,3.03,4.07,44.02,44.02,6.75,5.53,0.87
黄山旅游,sh600054,11.2,11.36,11.37,5334300.0,11.2,61400,11.21,23200,-1.41,11.38,11.18,5334300,60110000.0,1.04,1.76,57.49,81.69,12.5,10.22,0.9
*ST易录,sz300212,8.53,8.04,8.0,22246500.0,8.53,62800,8.54,90500,6.09,8.65,7.9,22246500,186180000.0,3.18,9.33,59.58,61.41,9.65,6.43,1.57
润贝航科,sz001316,26.89,27.0,26.99,2264800.0,26.89,6900,26.9,600,-0.41,27.6,26.56,2264800,61070000.0,1.51,3.85,40.43,43.34,29.7,24.3,1.09
桃李面包,sh603866,4.31,4.35,4.35,8737800.0,4.3,142000,4.31,186300,-0.92,4.38,4.28,8737800,37770000.0,0.55,2.3,68.95,68.95,4.79,3.92,0.72
*ST八钢,sh600581,2.31,2.36,2.38,6990300.0,2.31,208200,2.32,47400,-2.12,2.38,2.31,6990300,16320000.0,0.46,2.97,35.41,35.41,2.6,2.12,0.93
中光学,sz002189,19.22,20.1,19.71,5654000.0,19.22,4800,19.23,6000,-4.38,19.88,19.2,5654000,109420000.0,2.16,3.38,50.19,50.2,22.11,18.09,1.28
三维天地,sz301159,34.86,34.93,34.31,6083100.0,34.85,1100,34.9,6000,-0.2,35.76,34.31,6083100,213110000.0,11.47,4.15,18.48,26.96,41.92,27.94,0.85
豪尔赛,sz002963,20.09,18.26,17.94,18295200.0,20.09,588400,0.0,0,10.02,20.09,17.92,18295200,350740000.0,14.87,11.88,24.71,30.21,20.09,16.43,1.64
天音控股,sz000829,8.69,8.43,8.43,43795400.0,8.69,227200,8.7,177400,3.08,8.8,8.32,43795400,376800000.0,4.28,5.69,89.0,89.08,9.27,7.59,1.94
双塔食品,sz002481,4.23,4.3,4.27,7654000.0,4.22,142200,4.23,63600,-1.63,4.29,4.21,7654000,32480000.0,0.68,1.86,47.3,52.19,4.73,3.87,0.76
龙软科技,sh688078,23.27,23.3,23.39,92912000.0,23.26,1600,23.27,1300,-0.13,23.59,22.99,92912000,21670000.0,1.27,2.58,16.96,16.96,27.96,18.64,0.91
爱美客,sz300896,103.63,105.58,105.05,4719400.0,103.63,12400,103.64,700,-1.85,106.49,103.58,4719400,493410000.0,2.31,2.76,211.87,313.58,126.7,84.46,0.81
迅捷兴,sh688655,35.14,35.71,34.66,718540900.0,35.13,1200,35.14,5400,-1.6,35.6,34.01,718540900,251210000.0,5.39,4.45,46.87,46.87,42.85,28.57,0.73
纳睿雷达,sh688522,19.43,19.76,19.67,334631000.0,19.43,3700,19.44,3400,-1.67,19.67,19.31,334631000,65120000.0,1.94,1.82,33.46,82.39,23.71,15.81,0.84
武汉凡谷,sz002194,11.0,10.0,10.01,74883000.0,11.0,6048100,0.0,0,10.0,11.0,10.01,74883000,782050000.0,14.66,9.9,56.2,75.16,11.0,9.0,1.65
中触媒,sh688267,18.76,18.75,18.75,210020500.0,18.76,500,18.78,2000,0.05,18.98,18.37,210020500,39270000.0,0.92,3.25,42.8,42.8,22.5,15.0,0.78
兴业科技,sz002674,27.96,29.52,28.05,23141900.0,27.96,8500,27.97,800,-5.28,28.5,27.42,23141900,646300000.0,7.91,3.66,81.8,82.64,32.47,26.57,0.65
鹏翎股份,sz300375,3.99,4.0,3.99,7993500.0,3.98,102800,3.99,44000,-0.25,4.02,3.93,7993500,31800000.0,1.5,2.25,21.25,30.49,4.8,3.2,0.87
熵基科技,sz301330,24.41,24.54,24.4,1571400.0,24.39,500,24.41,17600,-0.53,24.65,24.11,1571400,38380000.0,0.81,2.2,47.43,57.45,29.45,19.63,0.52
ST浩丰,sz300419,9.15,9.58,9.59,14361500.0,9.15,7900,9.16,40400,-4.49,9.6,8.98,14361500,133030000.0,3.91,6.47,33.65,33.65,11.5,7.66,0.95
吉视传媒,sh601929,2.48,2.43,2.42,97877600.0,2.47,1406700,2.48,586600,2.06,2.55,2.4,97877600,241810000.0,2.84,6.17,85.48,86.55,2.67,2.19,1.04
ST交昂,sh600530,3.83,3.85,3.81,12017300.0,3.82,322400,3.83,297200,-0.52,3.85,3.8,12017300,45970000.0,1.55,1.3,29.68,29.68,4.24,3.47,0.49
本钢板材,sz000761,2.3,2.33,2.34,11012400.0,2.29,507900,2.3,160400,-1.29,2.34,2.29,11012400,25390000.0,0.3,2.15,85.29,94.49,2.56,2.1,0.85
希荻微,sh688173,13.8,13.85,13.67,602704000.0,13.79,900,13.8,1900,-0.36,14.03,13.61,602704000,83410000.0,1.47,3.03,56.77,57.3,16.62,11.08,0.63
京北方,sz002987,11.37,11.3,11.35,18314900.0,11.36,29900,11.37,50700,0.62,11.65,11.19,18314900,208850000.0,1.81,4.07,115.28,118.3,12.43,10.17,0.53
新赛股份,sh600540,3.95,4.03,4.03,33847000.0,3.95,586800,3.96,32400,-1.99,4.06,3.95,33847000,135370000.0,5.82,2.73,22.96,22.96,4.43,3.63,0.56
*ST泉为,sz300716,17.88,18.13,18.13,1629700.0,17.87,200,17.88,27200,-1.38,18.47,17.79,1629700,29220000.0,1.02,3.75,28.61,28.61,21.76,14.5,0.64
新时达,sz002527,11.71,11.75,11.64,6803300.0,11.71,11000,11.72,4000,-0.34,11.85,11.51,6803300,79550000.0,1.29,2.89,61.93,77.64,12.93,10.58,0.71
北新路桥,sz002307,3.04,3.07,3.06,16769600.0,3.03,693400,3.04,405100,-0.98,3.07,3.01,16769600,50930000.0,1.03,1.95,49.53,50.12,3.38,2.76,0.57
三只松鼠,sz300783,17.85,18.0,17.9,7185000.0,17.85,10900,17.86,15700,-0.83,18.23,17.79,7185000,129170000.0,2.56,2.44,50.03,71.7,21.6,14.4,0.87
汇通集团,sh603176,4.73,4.71,4.74,3126000.0,4.72,25500,4.73,6000,0.42,4.77,4.66,3126000,14760000.0,0.68,2.34,21.84,22.48,5.18,4.24,0.77
银宝山新,sz002786,7.82,7.84,7.85,5826600.0,7.82,3900,7.83,23500,-0.26,7.87,7.68,5826600,45450000.0,1.18,2.42,38.64,38.76,8.62,7.06,0.82
泉阳泉,sh600189,7.44,7.57,7.54,10155500.0,7.43,95100,7.44,63900,-1.72,7.57,7.41,10155500,75920000.0,1.42,2.11,53.21,53.21,8.33,6.81,0.94
新致软件,sh688590,13.62,13.66,13.9,498730800.0,13.62,5400,13.63,2700,-0.29,13.92,13.5,498730800,68280000.0,1.77,3.07,38.34,42.61,16.39,10.93,0.52
秋田微,sz300939,62.83,61.96,61.27,2587800.0,62.82,1300,62.83,3100,1.4,63.97,61.0,2587800,161800000.0,2.16,4.79,75.4,75.4,74.35,49.57,0.6
贵航股份,sh600523,11.46,11.59,11.56,3036400.0,11.46,31500,11.48,7700,-1.12,11.58,11.37,3036400,34800000.0,0.75,1.81,46.3,46.33,12.75,10.43,0.77
小崧股份,sz002723,7.11,7.18,7.17,8924000.0,7.1,17800,7.11,28700,-0.97,7.2,7.04,8924000,63430000.0,2.81,2.23,22.54,23.63,7.9,6.46,0.88
拉芳家化,sh603630,15.35,15.23,15.09,8077000.0,15.35,18800,15.36,18100,0.79,15.58,15.04,8077000,123830000.0,3.59,3.55,34.57,34.57,16.75,13.71,1.0
工大科雅,sz301197,25.12,25.0,25.81,4663900.0,25.11,13400,25.12,7800,0.48,25.9,24.58,4663900,117900000.0,4.29,5.28,27.32,30.28,30.0,20.0,0.95
康为世纪,sh688426,19.54,19.55,19.38,164005800.0,19.5,2000,19.54,100,-0.05,19.83,18.85,164005800,32030000.0,1.46,5.01,21.93,21.98,23.46,15.64,1.23
天马科技,sh603668,10.51,10.92,10.81,10590800.0,10.51,51600,10.52,24000,-3.75,10.89,10.5,10590800,112010000.0,2.09,3.57,53.16,53.16,12.01,9.83,1.07
华仁药业,sz300110,2.84,2.81,2.82,31748000.0,2.83,627500,2.84,20900,1.07,2.89,2.79,31748000,90470000.0,2.69,3.56,33.55,33.57,3.37,2.25,1.27
豪声电子,bj920701,13.88,13.61,13.64,2580800.0,13.88,23400,13.89,700,1.98,14.07,13.24,2580800,35185100.0,2.58,6.1,13.91,19.04,17.69,9.53,0.74
*ST国中,sh600187,1.37,1.35,1.35,23265400.0,1.36,2677000,1.37,910100,1.48,1.38,1.35,23265400,31820000.0,1.44,2.22,22.11,22.11,1.49,1.22,0.72
安达维尔,sz300719,11.67,11.82,11.69,3502000.0,11.66,6200,11.67,2900,-1.27,11.8,11.42,3502000,40610000.0,1.95,3.21,20.96,29.67,14.18,9.46,0.99
东方国信,sz300166,14.18,13.99,14.18,57481800.0,14.17,59400,14.18,70600,1.36,14.48,13.71,57481800,814540000.0,6.35,5.5,128.44,161.47,16.79,11.19,0.9
嘉泽新能,sh601619,4.93,4.6,4.59,129778800.0,4.92,318400,4.93,366600,7.17,5.06,4.53,129778800,629940000.0,5.33,11.52,120.03,143.6,5.06,4.14,3.65
神马股份,sh600810,6.35,6.54,6.55,10592500.0,6.35,200000,6.36,22500,-2.91,6.55,6.34,10592500,67990000.0,0.98,3.21,68.63,69.25,7.19,5.89,0.92
新 大 陆,sz000997,18.18,18.42,18.39,11592100.0,18.18,38100,18.19,14000,-1.3,18.5,18.1,11592100,212290000.0,1.15,2.17,183.15,184.18,20.26,16.58,0.49
广电电气,sh601616,3.69,3.74,3.72,18391400.0,3.68,250000,3.69,201300,-1.34,3.73,3.66,18391400,67910000.0,2.15,1.87,31.5,31.5,4.11,3.37,0.47
石基信息,sz002153,8.85,9.04,9.62,107022100.0,8.85,411200,8.86,91200,-2.1,9.82,8.71,107022100,967390000.0,6.69,12.28,141.58,241.53,9.94,8.14,2.75
武商集团,sz000501,7.23,7.28,7.29,4586700.0,7.23,13000,7.24,3000,-0.69,7.29,7.18,4586700,33170000.0,0.6,1.51,55.55,55.6,8.01,6.55,0.74
*ST亿晶,sh600537,2.26,2.21,2.2,23568100.0,2.25,182600,2.26,329100,2.26,2.28,2.17,23568100,52350000.0,1.99,4.98,26.75,26.75,2.43,1.99,1.34
*ST开元,sz300338,2.86,2.84,2.83,3280100.0,2.85,138400,2.86,18000,0.7,2.87,2.79,3280100,9300000.0,0.94,2.82,10.01,11.52,3.41,2.27,0.46
华达科技,sh603358,40.03,41.02,40.59,8466200.0,40.02,29400,40.03,10200,-2.41,40.99,39.6,8466200,338920000.0,1.83,3.39,184.85,188.04,45.12,36.92,0.66
慈星股份,sz300307,7.66,7.6,7.55,49109500.0,7.66,47600,7.67,3000,0.79,7.85,7.3,49109500,372460000.0,6.24,7.24,60.28,61.32,9.12,6.08,1.12
天秦装备,sz300922,17.03,17.62,17.33,6836000.0,17.02,23800,17.03,6700,-3.35,17.4,16.79,6836000,116490000.0,5.42,3.46,21.49,27.39,21.14,14.1,0.81
深 赛 格,sz000058,6.78,6.76,6.7,5630900.0,6.77,40800,6.78,142600,0.3,6.82,6.67,5630900,38070000.0,0.57,2.22,66.77,83.48,7.44,6.08,0.66
中裕科技,bj920694,14.17,14.37,14.25,304500.0,14.17,65600,14.2,200,-1.39,14.32,14.1,304500,4326700.0,0.49,1.53,8.85,18.63,18.68,10.06,0.61
三环集团,sz300408,130.05,126.9,123.0,90224600.0,130.05,76300,130.06,64200,2.48,137.77,123.0,90224600,11911360000.0,4.83,11.64,2431.68,2596.73,152.28,101.52,1.13
绿能慧充,sh600212,5.47,5.51,5.51,5840400.0,5.46,65000,5.47,55700,-0.73,5.51,5.36,5840400,31800000.0,1.1,2.72,29.06,38.52,6.06,4.96,0.65
大洋电机,sz002249,7.42,7.44,7.43,30482900.0,7.42,108600,7.43,15500,-0.27,7.5,7.35,30482900,226410000.0,1.64,2.02,138.29,183.05,8.18,6.7,0.79
优博讯,sz300531,16.9,17.14,17.0,12803500.0,16.9,25200,16.91,37100,-1.4,17.26,16.82,12803500,218720000.0,4.11,2.57,52.66,54.26,20.57,13.71,0.59
华侨城Ａ,sz000069,1.83,1.84,1.84,38191400.0,1.83,469500,1.84,1717400,-0.54,1.84,1.81,38191400,69850000.0,0.55,1.63,126.24,147.09,2.02,1.66,0.46
三诺生物,sz300298,16.57,16.6,16.56,6889500.0,16.56,34500,16.57,13600,-0.18,16.84,16.45,6889500,114960000.0,1.54,2.35,74.23,92.27,19.92,13.28,0.77
*ST益通,sz300430,4.91,4.72,4.7,7895600.0,4.9,7600,4.91,48800,4.03,4.92,4.66,7895600,37810000.0,3.04,5.51,12.76,13.41,5.66,3.78,0.92
华伍股份,sz300095,8.4,8.37,8.39,7638800.0,8.39,15600,8.41,7300,0.36,8.49,8.17,7638800,63720000.0,2.4,3.82,26.68,33.13,10.04,6.7,1.08
德业股份,sh605117,91.4,85.76,85.18,26006100.0,91.39,3700,91.4,89200,6.58,92.3,84.8,26006100,2343680000.0,2.04,8.75,1163.73,1163.73,94.34,77.18,1.8
亚泰集团,sh600881,1.87,1.7,1.7,171708800.0,1.87,28409700,0.0,0,10.0,1.87,1.68,171708800,306700000.0,5.31,11.18,60.44,60.44,1.87,1.53,2.35
国联水产,sz300094,2.87,2.91,2.89,42789200.0,2.87,134000,2.88,57600,-1.37,2.92,2.85,42789200,123440000.0,3.87,2.41,31.73,32.38,3.49,2.33,1.13
中衡设计,sh603017,9.51,9.7,9.51,4287200.0,9.51,9600,9.52,21100,-1.96,9.58,9.38,4287200,40670000.0,1.55,2.06,26.27,26.27,10.67,8.73,0.91
湖南天雁,sh600698,7.35,7.22,7.3,87285500.0,7.35,50600,7.36,483600,1.8,7.52,7.09,87285500,636190000.0,10.51,5.96,61.04,78.54,7.94,6.5,3.55
航天智造,sz300446,13.87,14.14,14.03,6167100.0,13.87,33200,13.88,5800,-1.91,14.05,13.8,6167100,85780000.0,1.65,1.77,51.81,117.26,16.97,11.31,0.8
齐鲁华信,bj920832,6.31,6.39,6.39,1188800.0,6.31,18700,6.32,23000,-1.25,6.56,6.31,1188800,7636600.0,0.96,3.91,7.82,8.76,8.3,4.48,1.94
保税科技,sh600794,3.14,3.17,3.16,7818000.0,3.14,8700,3.15,438000,-0.95,3.17,3.13,7818000,24570000.0,0.65,1.26,37.68,37.68,3.49,2.85,0.73
中国中免,sh601888,55.45,56.24,56.1,25272800.0,55.45,146000,55.46,6600,-1.4,56.16,55.41,25272800,1408180000.0,1.29,1.33,1082.65,1152.14,61.86,50.62,0.73
久其软件,sz002279,7.02,7.06,7.01,63852500.0,7.01,364200,7.02,127200,-0.57,7.32,6.95,63852500,452660000.0,8.03,5.24,55.84,60.53,7.77,6.35,0.91
神驰机电,sh603109,17.52,17.37,17.3,1947300.0,17.52,100,17.53,4500,0.86,17.63,17.21,1947300,33990000.0,0.93,2.42,36.59,36.59,19.11,15.63,1.05
中国电影,sh600977,12.84,12.99,13.05,74010600.0,12.84,161400,12.85,410100,-1.15,13.27,12.83,74010600,966990000.0,3.96,3.39,239.72,239.72,14.29,11.69,1.5
天臣医疗,sh688013,25.46,25.85,25.71,110137600.0,25.42,2100,25.46,800,-1.51,26.11,25.34,110137600,28220000.0,1.36,2.98,20.66,20.66,31.02,20.68,0.98
峨眉山Ａ,sz000888,9.83,9.85,9.82,6082400.0,9.82,31500,9.83,53100,-0.2,9.93,9.76,6082400,59820000.0,1.15,1.73,51.8,51.8,10.84,8.87,0.81
南卫股份,sh603880,7.77,7.7,7.78,6238400.0,7.76,8600,7.77,42600,0.91,7.83,7.49,6238400,47970000.0,2.16,4.42,22.46,22.46,8.47,6.93,0.61
行动教育,sh605098,58.3,58.28,57.8,982000.0,58.29,300,58.3,900,0.03,59.31,57.25,982000,57220000.0,0.82,3.53,69.52,69.52,64.11,52.45,0.45
扬电科技,sz301012,26.23,26.8,26.5,8661700.0,26.23,10800,26.25,5800,-2.13,26.93,26.03,8661700,228810000.0,4.4,3.36,51.66,51.66,32.16,21.44,0.56
博实结,sz301608,46.07,46.42,46.43,1508200.0,46.06,1300,46.07,700,-0.75,47.15,45.53,1508200,69750000.0,2.53,3.49,27.41,61.09,55.7,37.14,0.77
格利尔,bj920641,12.79,12.98,13.04,733900.0,12.74,500,12.79,1300,-1.46,13.05,12.71,733900,9454700.0,1.62,2.62,5.8,9.6,16.87,9.09,0.67
民士达,bj920394,45.0,46.05,45.99,822300.0,45.0,2300,45.04,400,-2.28,45.99,44.77,822300,37105900.0,0.57,2.65,65.33,65.81,59.86,32.24,0.68
广东建科,sz301632,15.17,15.61,15.48,3119400.0,15.16,11400,15.17,18000,-2.82,15.6,15.09,3119400,47480000.0,4.26,3.27,11.11,63.5,18.73,12.49,0.8
西麦食品,sz002956,17.96,18.18,18.22,3911900.0,17.96,17200,17.97,77700,-1.21,18.4,17.91,3911900,70810000.0,1.25,2.7,56.13,56.13,20.0,16.36,0.74
新大正,sz002968,9.1,9.17,9.14,2488600.0,9.1,13100,9.13,4900,-0.76,9.24,9.08,2488600,22740000.0,1.17,1.74,19.38,20.59,10.09,8.25,0.78
来伊份,sh603777,14.18,14.42,14.15,6166100.0,14.17,9000,14.18,24600,-1.66,14.52,14.06,6166100,88160000.0,1.84,3.19,47.42,47.42,15.86,12.98,0.9
塞力医疗,sh603716,17.74,18.67,18.2,30276000.0,17.73,35700,17.74,165300,-4.98,18.51,17.38,30276000,543650000.0,13.41,6.05,40.06,40.06,20.54,16.8,0.81
朗新科技,sz300682,11.65,11.6,11.63,13290300.0,11.64,35600,11.65,99000,0.43,11.75,11.4,13290300,154000000.0,1.29,3.02,120.15,125.61,13.92,9.28,0.6
秦安股份,sh603758,12.68,11.53,12.68,4470300.0,12.68,9427700,0.0,0,9.97,12.68,12.68,4470300,56680000.0,1.03,0.0,54.92,54.92,12.68,10.38,0.67
中航重机,sh600765,13.58,13.9,13.66,16023300.0,13.57,160600,13.58,247200,-2.3,13.72,13.52,16023300,218290000.0,1.03,1.44,210.83,210.83,15.29,12.51,0.99
宝色股份,sz300402,14.87,15.33,15.15,2942900.0,14.86,23300,14.87,18000,-3.0,15.15,14.86,2942900,44030000.0,1.21,1.89,36.23,36.7,18.4,12.26,0.79
深信服,sz300454,125.55,124.06,125.69,19792200.0,125.53,700,125.55,400,1.2,129.29,122.0,19792200,2499650000.0,6.87,5.88,361.59,541.82,148.87,99.25,0.78
南威软件,sh603636,7.37,7.57,7.39,25489900.0,7.37,30000,7.38,71200,-2.64,7.47,7.14,25489900,186680000.0,4.39,4.36,42.77,42.77,8.33,6.81,1.18
浙江大农,bj920855,12.45,12.44,12.55,87600.0,12.36,200,12.45,3800,0.08,12.55,12.17,87600,1080300.0,0.13,3.05,8.35,9.3,16.17,8.71,0.45
皓宸医疗,sz002622,2.52,2.62,2.65,84952800.0,2.52,31500,2.53,26400,-3.82,2.66,2.5,84952800,216830000.0,10.11,6.11,21.17,21.17,2.88,2.36,3.16
壶化股份,sz003002,16.86,17.07,17.25,2510900.0,16.86,5500,16.87,800,-1.23,17.25,16.67,2510900,42340000.0,1.37,3.4,30.83,33.72,18.78,15.36,0.72
泰德股份,bj920378,7.38,7.34,7.28,1477200.0,7.38,18600,7.39,10500,0.54,7.43,7.11,1477200,10758100.0,1.33,4.36,8.22,11.48,9.54,5.14,1.59
米奥会展,sz300795,15.2,16.14,15.82,36688200.0,15.2,24000,15.21,500,-5.82,16.43,14.9,36688200,571390000.0,21.09,9.48,26.45,45.43,19.37,12.91,0.78
新安洁,bj920370,2.76,2.72,2.74,4537400.0,2.75,32100,2.76,7800,1.47,2.96,2.73,4537400,12736300.000000002,1.73,8.46,7.24,8.29,3.53,1.91,2.59
通程控股,sz000419,5.04,5.02,5.02,10032900.0,5.03,206600,5.04,56500,0.4,5.07,4.96,10032900,50460000.0,1.85,2.19,27.4,27.4,5.52,4.52,1.35
阳光股份,sz000608,7.68,7.68,7.65,27268800.0,7.68,107300,7.69,85800,0.0,7.81,7.52,27268800,209780000.0,3.66,3.78,57.25,57.59,8.45,6.91,0.64
万事利,sz301066,12.46,12.58,12.72,2185600.0,12.45,2200,12.46,6300,-0.95,12.72,12.32,2185600,27230000.0,0.94,3.18,29.05,29.27,15.1,10.06,0.59
美湖股份,sh603319,27.68,27.32,27.28,14836400.0,27.67,100,27.68,1700,1.32,27.96,26.91,14836400,407350000.0,4.37,3.84,93.88,93.88,30.05,24.59,0.81
万马科技,sz300698,26.08,25.6,26.39,6144100.0,26.08,27400,26.09,900,1.88,26.86,25.3,6144100,160870000.0,5.18,6.09,30.92,34.95,30.72,20.48,1.15
东方嘉盛,sz002889,12.42,12.32,12.18,6322500.0,12.41,29000,12.42,36700,0.81,12.51,12.17,6322500,78440000.0,2.52,2.76,31.2,46.91,13.55,11.09,0.83
良品铺子,sh603719,9.9,10.08,9.98,4463200.0,9.9,2300,9.91,4600,-1.79,10.13,9.88,4463200,44570000.0,1.12,2.48,39.4,39.4,11.09,9.07,0.59
新产业,sz300832,48.31,49.02,49.02,10193300.0,48.3,1000,48.31,3400,-1.45,50.25,47.81,10193300,497220000.0,1.49,4.98,330.02,379.58,58.82,39.22,1.38
天晟新材,sz300169,5.73,5.76,5.7,13269500.0,5.72,115200,5.73,105500,-0.52,5.79,5.62,13269500,75860000.0,4.4,2.95,17.29,19.45,6.91,4.61,0.74
荣安地产,sz000517,2.3,2.18,2.18,53321700.0,2.29,265700,2.3,43100,5.5,2.33,2.15,53321700,120950000.0,2.14,8.26,57.32,73.23,2.4,1.96,1.42
三夫户外,sz002780,13.45,13.59,13.57,3354600.0,13.45,12700,13.46,15000,-1.03,13.66,13.41,3354600,45290000.0,2.57,1.84,17.57,22.24,14.95,12.23,0.61
汉威科技,sz300007,35.14,34.74,34.54,13591000.0,35.13,29600,35.14,800,1.15,35.65,34.11,13591000,476810000.0,4.8,4.43,99.43,115.06,41.69,27.79,1.12
林泰新材,bj920106,37.55,37.88,37.88,393200.0,37.48,1300,37.55,400,-0.87,38.14,37.37,393200,14807800.0,0.9,2.03,16.4,21.25,49.24,26.52,0.64
ST云城,sh600239,1.42,1.41,1.4,16833200.0,1.41,982100,1.42,137100,0.71,1.43,1.39,16833200,23830000.0,1.05,2.84,22.8,22.8,1.55,1.27,1.31
三祥新材,sh603663,40.45,40.69,40.05,22389200.0,40.44,48700,40.45,13700,-0.59,41.8,39.68,22389200,910250000.0,3.77,5.21,239.94,240.1,44.76,36.62,0.76
前进科技,bj920679,15.58,15.86,15.76,166900.0,15.58,0,15.75,5900,-1.77,15.88,15.55,166900,2617600.0,0.45,2.08,5.79,8.7,20.61,11.11,0.77
佳讯飞鸿,sz300213,6.45,6.45,6.43,8701200.0,6.45,71200,6.46,29900,0.0,6.5,6.35,8701200,56070000.0,1.58,2.33,35.62,38.34,7.74,5.16,0.64
隆基机械,sz002363,6.5,6.54,6.49,4157400.0,6.5,2600,6.51,16700,-0.61,6.57,6.42,4157400,27020000.0,1.0,2.29,27.02,27.1,7.19,5.89,0.81
毓恬冠佳,sz301173,31.4,31.28,31.28,436600.0,31.4,1700,31.41,2100,0.38,31.45,30.86,436600,13610000.0,1.42,1.89,9.68,27.58,37.54,25.02,0.48
万通智控,sz300643,18.8,19.21,19.02,6982800.0,18.8,54200,18.81,1000,-2.13,19.77,18.7,6982800,132770000.0,3.02,5.57,43.44,43.54,23.05,15.37,0.8
*ST同辉,bj920090,3.92,3.9,3.88,3713700.0,3.92,27500,3.93,15700,0.51,3.96,3.8,3713700,14443000.0,2.49,4.1,5.84,7.81,5.07,2.73,0.59
南京新百,sh600682,5.8,5.7,5.67,33481600.0,5.8,64800,5.81,52200,1.75,6.0,5.66,33481600,195850000.0,2.88,5.96,67.52,78.02,6.27,5.13,2.44
*ST亚士,sh603378,5.44,5.55,5.45,4875600.0,5.43,1000,5.44,3600,-1.98,5.6,5.35,4875600,26380000.0,1.14,4.5,23.32,23.32,6.11,5.0,0.7
晋拓股份,sh603211,26.86,26.69,26.37,6273800.0,26.86,11800,26.87,4400,0.64,27.37,26.01,6273800,167270000.0,2.31,5.1,73.01,73.01,29.36,24.02,0.6
科力股份,bj920088,48.2,44.44,47.6,7963100.0,48.2,21300,48.21,64900,8.46,48.89,46.0,7963100,377867600.0,24.45,6.5,15.7,42.45,57.77,31.11,1.31
粤万年青,sz301111,19.88,19.89,19.83,3212900.0,19.88,2800,19.89,35600,-0.05,20.26,19.6,3212900,64000000.0,2.01,3.32,31.81,31.81,23.87,15.91,0.67
*ST莫高,sh600543,3.97,3.94,3.93,2079700.0,3.95,20000,3.97,20200,0.76,3.97,3.9,2079700,8200000.0,0.65,1.78,12.75,12.75,4.33,3.55,1.03
派林生物,sz000403,10.71,10.67,10.6,10560200.0,10.7,74700,10.71,33900,0.37,10.88,10.58,10560200,113530000.0,1.12,2.81,100.75,101.79,11.74,9.6,1.13
邦德股份,bj920271,9.51,9.82,9.79,1020500.0,9.51,1600,9.56,1700,-3.16,9.8,9.51,1020500,9839500.0,1.76,2.95,5.51,12.44,12.76,6.88,1.07
众兴菌业,sz002772,10.64,10.93,10.93,9302400.0,10.63,44100,10.64,900,-2.65,10.98,10.62,9302400,100120000.0,2.5,3.29,39.54,39.87,12.02,9.84,1.03
盛达资源,sz000603,34.55,37.12,37.8,125599900.0,34.54,334600,34.55,4500,-6.92,39.33,34.25,125599900,4627500000.0,18.84,13.69,230.35,238.38,40.83,33.41,1.41
益民集团,sh600824,3.62,3.62,3.62,8886000.0,3.61,27600,3.62,83500,0.0,3.66,3.59,8886000,32230000.0,0.84,1.93,38.16,38.16,3.98,3.26,0.98
通源石油,sz300164,11.66,10.7,11.18,223696700.0,11.66,249700,11.67,228300,8.97,11.71,10.83,223696700,2545180000.0,38.36,8.22,68.0,68.61,12.84,8.56,1.5
天纺标,bj920753,15.26,15.54,15.42,369600.0,15.26,3000,15.38,3600,-1.8,15.65,15.19,369600,5655500.0,1.13,2.96,4.99,12.42,20.2,10.88,0.56
金枫酒业,sh600616,4.21,4.24,4.25,5458000.0,4.21,116000,4.22,25200,-0.71,4.27,4.19,5458000,23080000.0,0.82,1.89,28.17,28.17,4.66,3.82,0.78
三友医疗,sh688085,13.94,13.58,13.57,925577100.0,13.94,2400,13.95,6900,2.65,14.45,13.41,925577100,129810000.0,2.64,7.66,48.88,51.13,16.3,10.86,2.15
华洋赛车,bj920058,28.22,27.67,27.65,517500.0,28.21,500,28.22,2500,1.99,28.45,27.3,517500,14489400.0,1.88,4.16,7.79,15.82,35.97,19.37,0.59
康斯特,sz300445,18.84,19.27,19.17,1769400.0,18.84,1000,18.85,200,-2.23,19.18,18.78,1769400,33550000.0,1.26,2.08,26.48,40.02,23.12,15.42,0.71
广厦环能,bj920703,9.78,9.68,9.62,531400.0,9.78,7900,9.79,900,1.03,9.85,9.62,531400,5182700.0,1.0,2.38,5.2,14.74,12.58,6.78,1.27
晨曦航空,sz300581,10.25,10.53,10.3,16479400.0,10.24,6000,10.25,33700,-2.66,10.35,10.04,16479400,168080000.0,3.0,2.94,56.39,56.39,12.64,8.42,1.13
*ST尼雅,sh600084,4.23,4.25,4.25,2376100.0,4.23,7100,4.24,39100,-0.47,4.26,4.21,2376100,10050000.0,0.21,1.18,47.53,47.53,4.68,3.83,0.67
倍杰特,sz300774,10.84,11.0,10.96,6515400.0,10.83,5900,10.84,20400,-1.45,11.23,10.81,6515400,71140000.0,3.19,3.82,22.12,44.31,13.2,8.8,0.7
广和通,sz300638,21.23,20.43,20.42,31058300.0,21.22,4400,21.23,7000,3.92,21.78,20.21,31058300,654670000.0,5.86,7.68,112.61,190.91,24.52,16.34,1.11
宝胜股份,sh600973,6.15,6.3,6.25,19224900.0,6.15,160900,6.16,418700,-2.38,6.25,6.14,19224900,118850000.0,1.4,1.75,84.34,84.34,6.93,5.67,0.88
伊戈尔,sz002922,25.65,26.29,26.14,18535700.0,25.64,59400,25.65,6200,-2.43,26.26,25.35,18535700,477430000.0,4.92,3.46,96.7,108.39,28.92,23.66,1.03
新力金融,sh600318,6.67,6.65,6.66,12316100.0,6.67,131200,6.68,44100,0.3,6.73,6.56,12316100,82020000.0,2.4,2.56,34.2,34.2,7.32,5.99,1.04
日发精机,sz002520,5.99,5.95,6.0,45151100.0,5.98,309500,5.99,184800,0.67,6.08,5.86,45151100,269780000.0,6.29,3.7,42.97,44.94,6.55,5.36,1.52
泰豪科技,sh600590,8.81,8.69,8.66,47469300.0,8.81,28400,8.82,116000,1.38,9.14,8.47,47469300,418430000.0,5.63,7.71,74.32,75.14,9.56,7.82,1.8
金正大,sz002470,1.98,2.01,2.01,67964200.0,1.97,5743900,1.98,381100,-1.49,2.02,1.97,67964200,135090000.0,2.07,2.49,65.06,65.06,2.21,1.81,0.86
铁大科技,bj920541,9.78,9.84,9.78,391400.0,9.77,5200,9.78,4300,-0.61,9.87,9.76,391400,3841100.0,0.43,1.12,8.81,13.37,12.79,6.89,0.54
瑞迪智驱,sz301596,54.71,48.9,49.12,7809900.0,54.71,5200,54.72,5900,11.88,58.09,47.75,7809900,412030000.0,17.81,21.15,23.99,59.1,58.68,39.12,2.04
吉林碳谷,bj920077,14.36,14.78,14.6,3600900.0,14.36,20200,14.38,2000,-2.84,14.72,14.33,3600900,52253200.0,1.19,2.64,43.35,84.18,19.21,10.35,0.83
艾隆科技,sh688329,19.77,19.99,19.9,138748000.0,19.76,400,19.77,22900,-1.1,20.04,19.54,138748000,27490000.0,1.8,2.5,15.26,15.26,23.99,15.99,0.87
海优新材,sh688680,35.63,35.95,35.74,82952200.0,35.63,300,35.69,200,-0.89,35.94,34.96,82952200,29490000.0,0.85,2.73,34.76,34.76,43.14,28.76,0.64
金煤科技,sh600844,3.48,3.57,3.61,55365000.0,3.48,63800,3.49,102300,-2.52,3.67,3.46,55365000,195510000.0,6.73,5.88,28.63,35.38,3.93,3.21,0.87
法本信息,sz300925,15.2,15.29,15.25,5321200.0,15.2,22500,15.22,2000,-0.59,15.44,15.04,5321200,81040000.0,1.52,2.62,53.13,65.16,18.35,12.23,0.59
北方导航,sh600435,10.66,10.88,10.79,18724900.0,10.66,89300,10.67,40100,-2.02,10.79,10.55,18724900,199600000.0,1.24,2.21,161.22,161.22,11.97,9.79,0.98
春晖智控,sz300943,27.81,28.2,27.91,9872200.0,27.8,14100,27.81,2500,-1.38,28.8,27.48,9872200,276620000.0,7.4,4.68,37.11,56.68,33.84,22.56,0.72
若羽臣,sz003010,29.26,27.65,27.34,22137700.0,29.25,21100,29.26,54600,5.82,29.98,27.3,22137700,642480000.0,9.79,9.69,66.17,91.02,30.42,24.89,1.99
南矿集团,sz001360,17.04,16.01,16.26,12385400.0,17.03,800,17.04,61000,6.43,17.61,16.02,12385400,209560000.0,9.87,9.93,21.38,34.76,17.61,14.41,2.04
华菱精工,sh603356,16.54,16.03,16.0,3201200.0,16.51,3000,16.54,4100,3.18,16.88,15.9,3201200,52940000.0,2.4,6.11,22.05,22.05,17.63,14.43,1.39
津投城开,sh600322,2.67,2.69,2.66,16936000.0,2.67,131200,2.68,327600,-0.74,2.7,2.63,16936000,45200000.0,1.53,2.6,29.52,29.52,2.96,2.42,0.72
海程邦达,sh603836,8.95,8.94,8.95,2481400.0,8.88,5000,8.95,15500,0.11,9.01,8.85,2481400,22140000.0,0.89,1.79,24.96,25.62,9.83,8.05,0.87
天成自控,sh603085,10.04,9.98,9.99,5233200.0,10.04,3600,10.05,10600,0.6,10.12,9.81,5233200,52250000.0,1.32,3.11,39.87,39.87,10.98,8.98,0.67
苏试试验,sz300416,14.86,15.35,15.16,17165700.0,14.86,38600,14.87,14200,-3.19,15.19,14.85,17165700,257760000.0,3.4,2.21,75.06,75.57,18.42,12.28,0.98
卡倍亿,sz300863,41.43,41.59,41.18,5844500.0,41.43,3600,41.44,600,-0.38,42.2,40.95,5844500,243270000.0,2.33,3.01,104.04,108.3,49.91,33.27,0.62
西磁科技,bj920061,18.08,18.8,18.51,1537500.0,18.08,3400,18.1,1300,-3.83,18.7,18.08,1537500,28164500.0,3.91,3.3,7.12,12.8,24.44,13.16,0.53
万泽股份,sz000534,27.7,28.39,28.15,8072000.0,27.69,6200,27.7,3100,-2.43,28.15,27.36,8072000,224100000.0,1.61,2.78,139.2,141.14,31.23,25.55,0.57
泰凯英,bj920020,15.3,15.49,15.4,259000.0,15.3,8800,15.31,1000,-1.23,15.5,15.3,259000,3988100.0,0.47,1.29,8.51,34.42,20.13,10.85,0.45
联明股份,sh603006,11.25,11.25,11.3,1771300.0,11.25,8900,11.26,4300,0.0,11.36,11.1,1771300,19890000.0,0.7,2.31,28.6,28.6,12.38,10.13,0.67
横河精密,sz300539,19.66,19.4,19.35,7820400.0,19.66,16200,19.67,1500,1.34,19.92,18.97,7820400,152690000.0,3.59,4.9,42.84,52.71,23.28,15.52,1.06
多利科技,sz001311,18.08,17.58,17.49,6687300.0,18.07,87400,18.08,1000,2.84,18.41,17.17,6687300,119580000.0,3.78,7.05,32.03,72.98,19.34,15.82,1.22
天虹股份,sz002419,4.58,4.61,4.6,7839100.0,4.58,38500,4.59,222300,-0.65,4.63,4.55,7839100,35920000.0,0.69,1.74,52.27,52.27,5.07,4.15,0.76
道生天合,sh601026,15.32,15.24,15.24,4582300.0,15.32,1800,15.33,16600,0.52,15.48,15.02,4582300,70120000.0,4.13,3.02,17.02,101.02,16.76,13.72,0.96
苏宁环球,sz000718,1.91,1.9,1.89,24064500.0,1.91,684500,1.92,718900,0.53,1.93,1.88,24064500,45960000.0,1.05,2.63,43.58,57.96,2.09,1.71,1.09
鹿得医疗,bj920278,6.47,6.39,6.39,3642600.0,6.47,7700,6.48,1600,1.25,6.78,6.34,3642600,23758400.0,3.69,6.89,6.38,11.29,8.3,4.48,2.25
永和智控,sz002795,7.08,6.87,6.87,16458100.0,7.08,162600,7.09,77600,3.06,7.14,6.69,16458100,114680000.0,3.79,6.55,30.76,31.27,7.56,6.18,1.1
北大医药,sz000788,5.46,5.48,5.44,16465000.0,5.46,94000,5.47,43100,-0.36,5.52,5.4,16465000,90000000.0,2.76,2.19,32.54,32.54,6.03,4.93,0.98
丛麟科技,sh688370,23.35,24.25,24.33,89212600.0,23.35,11100,23.45,700,-3.71,24.33,23.33,89212600,21100000.0,0.65,4.12,32.01,32.01,29.1,19.4,1.16
百润股份,sz002568,19.59,19.99,19.78,14558000.0,19.59,43200,19.6,10400,-2.0,20.06,19.54,14558000,287250000.0,1.91,2.6,149.3,204.05,21.99,17.99,0.77
奥迪威,bj920491,22.28,23.19,23.19,4194500.0,22.28,27400,22.29,900,-3.92,23.29,22.22,4194500,94856700.0,3.62,4.61,25.81,31.45,30.14,16.24,1.8
荣信文化,sz301231,27.5,27.8,27.8,3390400.0,27.49,200,27.5,1100,-1.08,27.87,26.95,3390400,93220000.0,5.18,3.31,17.99,23.21,33.36,22.24,0.53
恒鑫生活,sz301501,28.69,29.08,29.02,1173800.0,28.69,3000,28.7,300,-1.34,29.18,28.45,1173800,33670000.0,2.7,2.51,12.48,42.43,34.9,23.26,0.66
徕木股份,sh603633,6.38,6.37,6.37,6598000.0,6.38,23600,6.39,600,0.16,6.47,6.27,6598000,42070000.0,1.55,3.14,27.23,27.23,7.01,5.73,0.83
久事动娱,sh600676,6.97,7.0,6.95,10632700.0,6.97,8800,6.98,11000,-0.43,7.09,6.88,10632700,74370000.0,1.03,3.0,71.69,71.69,7.7,6.3,0.61
国光连锁,sh605188,13.09,13.08,12.95,6527600.0,13.08,10400,13.09,200,0.08,13.2,12.91,6527600,85300000.0,1.29,2.22,66.46,66.46,14.39,11.77,0.81
熊猫乳品,sz300898,21.46,21.36,21.1,7198400.0,21.42,9700,21.46,13200,0.47,22.02,21.0,7198400,155000000.0,6.27,4.78,24.62,26.61,25.63,17.09,1.63
航亚科技,sh688510,22.21,22.64,22.31,387081100.0,22.2,16100,22.21,1500,-1.9,22.65,21.78,387081100,86030000.0,1.49,3.84,57.73,57.73,27.17,18.11,0.6
洁雅股份,sz301108,37.52,38.15,38.19,1500600.0,37.52,2200,37.55,100,-1.65,38.19,37.2,1500600,56490000.0,2.31,2.6,24.33,42.23,45.78,30.52,0.64
银邦股份,sz300337,10.23,10.56,10.32,19620300.0,10.23,234000,10.24,55500,-3.13,10.39,10.08,19620300,201330000.0,2.76,2.94,72.78,84.09,12.67,8.45,1.13
太力科技,sz301595,41.77,40.93,41.12,1030700.0,41.7,200,41.77,2700,2.05,41.99,40.15,1030700,42770000.0,2.52,4.5,17.06,45.23,49.12,32.74,1.26
惠发食品,sh603536,9.55,9.48,9.43,6239600.0,9.55,35900,9.56,17000,0.74,9.72,9.33,6239600,59670000.0,2.59,4.11,22.97,23.15,10.43,8.53,1.08
连云港,sh601008,4.36,4.37,4.36,5997300.0,4.35,568200,4.36,700,-0.23,4.42,4.35,5997300,26230000.0,0.48,1.6,54.09,54.09,4.81,3.93,0.64
芯动联科,sh688582,42.03,42.44,41.75,275617000.0,42.01,700,42.03,9200,-0.97,42.58,41.2,275617000,115730000.0,0.69,3.25,168.85,168.85,50.93,33.95,0.48
华旺科技,sh605377,9.01,9.4,9.33,10361500.0,9.01,7500,9.02,500,-4.15,9.36,8.93,10361500,94310000.0,1.86,4.57,50.16,50.16,10.34,8.46,1.59
德林海,sh688069,36.79,37.93,37.2,172465300.0,36.79,1600,36.8,6200,-3.01,38.03,36.22,172465300,63360000.0,1.1,4.77,57.63,57.63,45.52,30.34,0.63
快可电子,sz301278,27.72,27.86,27.67,862900.0,27.71,100,27.72,12000,-0.5,28.02,27.32,862900,23900000.0,1.68,2.51,14.25,24.87,33.43,22.29,0.6
巴比食品,sh605338,19.87,20.13,20.13,3033800.0,19.86,100,19.87,100,-1.29,20.23,19.6,3033800,60240000.0,1.27,3.13,47.6,47.6,22.14,18.12,1.41
趣睡科技,sz301336,45.7,45.49,44.7,2869300.0,45.7,5100,45.8,700,0.46,46.46,44.0,2869300,130910000.0,7.14,5.41,18.36,23.72,54.59,36.39,2.21
富奥股份,sz000030,4.28,4.29,4.28,6990000.0,4.27,8100,4.28,163300,-0.23,4.29,4.24,6990000,29820000.0,0.42,1.17,71.51,73.61,4.72,3.86,0.72
南特科技,bj920124,12.7,12.91,12.91,987300.0,12.7,3400,12.72,27800,-1.63,12.91,12.68,987300,12618300.0,1.29,1.78,9.73,18.89,16.78,9.04,0.93
威腾电气,sh688226,29.9,30.19,29.93,434537000.0,29.9,400,29.93,5100,-0.96,30.68,29.5,434537000,130820000.0,2.3,3.91,56.44,58.63,36.23,24.15,0.92
联影医疗,sh688271,111.09,112.7,112.5,537340800.0,111.09,8600,111.1,13400,-1.43,113.15,110.95,537340800,601090000.0,0.65,1.95,915.56,915.56,135.24,90.16,0.91
中纺标,bj920122,22.63,23.19,22.96,940400.0,22.62,10500,22.63,100,-2.41,23.19,22.54,940400,21376700.0,2.52,2.8,8.46,20.87,30.14,16.24,0.81
四川长虹,sh600839,6.84,6.94,6.9,47997000.0,6.83,1904800,6.84,111300,-1.44,6.94,6.83,47997000,329840000.0,1.04,1.59,315.66,315.75,7.63,6.25,0.61
唯特偶,sz301319,111.1,113.6,109.0,14252300.0,111.09,100,111.1,8900,-2.2,118.26,108.5,14252300,1605890000.0,10.36,8.59,152.78,202.71,136.32,90.88,0.76
中草香料,bj920016,13.12,12.97,12.97,1041200.0,13.1,2000,13.12,3400,1.16,13.68,12.78,1041200,13705200.0,3.04,6.94,4.49,10.1,16.86,9.08,1.44
*ST岭南,sz002717,1.04,1.02,1.02,49803600.0,1.03,1562600,1.04,6466600,1.96,1.05,1.01,49803600,51250000.0,2.9,3.92,17.87,18.93,1.12,0.92,0.88
中国东航,sh600115,3.6,3.7,3.67,164936400.0,3.6,433700,3.61,1846500,-2.7,3.67,3.59,164936400,598610000.0,0.97,2.16,612.9,795.16,4.07,3.33,1.09
华塑控股,sz000509,3.28,3.28,3.26,17953600.0,3.28,61400,3.29,307300,0.0,3.32,3.22,17953600,58770000.0,1.67,3.05,35.2,35.2,3.61,2.95,0.66
*ST准油,sz002207,6.29,6.11,6.14,11963800.0,6.28,92300,6.29,28900,2.95,6.3,6.07,11963800,74040000.0,4.59,3.76,16.41,16.48,6.72,5.5,1.06
山鹰国际,sh600567,1.35,1.34,1.34,61345500.0,1.34,12560500,1.35,1808200,0.75,1.36,1.34,61345500,82810000.0,0.97,1.49,85.15,85.15,1.47,1.21,0.94
信维通信,sz300136,67.29,68.36,65.98,67470600.0,67.28,5800,67.29,1900,-1.57,69.85,64.75,67470600,4540110000.0,8.18,7.46,555.28,651.08,82.03,54.69,0.94
索辰科技,sh688507,174.98,171.41,171.49,817004000.0,174.98,4500,174.99,13700,2.08,180.88,166.87,817004000,1424120000.0,16.59,8.17,86.15,155.92,205.69,137.13,0.88
众诚科技,bj920207,23.2,23.57,23.3,2361100.0,23.2,100,23.21,200,-1.57,23.84,23.04,2361100,55187900.0,4.19,3.39,13.06,21.39,30.64,16.5,0.54
无锡鼎邦,bj920931,9.71,9.84,9.94,299800.0,9.71,4900,9.81,1600,-1.32,9.94,9.71,299800,2940000.0,1.04,2.34,2.79,9.12,12.79,6.89,0.78
三特索道,sz002159,13.4,13.54,13.42,2161900.0,13.38,3000,13.4,3100,-1.03,13.57,13.31,2161900,29020000.0,1.56,1.92,18.56,23.76,14.89,12.19,0.75
重庆建工,sh600939,2.63,2.64,2.63,7965400.0,2.63,1600,2.64,79900,-0.38,2.65,2.6,7965400,20940000.0,0.42,1.89,50.04,50.04,2.9,2.38,0.98
金新农,sz002548,4.12,4.18,4.16,24569000.0,4.11,106100,4.12,160300,-1.44,4.19,4.1,24569000,101750000.0,3.05,2.15,33.14,34.12,4.6,3.76,0.93
中航光电,sz002179,35.18,35.5,35.16,17436300.0,35.18,15300,35.19,25300,-0.9,35.51,34.8,17436300,613380000.0,0.83,2.0,737.52,738.87,39.05,31.95,0.57
钱江生化,sh600796,5.07,5.15,5.13,5870400.0,5.06,135800,5.07,15900,-1.55,5.14,5.05,5870400,29880000.0,1.88,1.75,15.79,43.94,5.67,4.64,0.89
天地数码,sz300743,15.16,15.23,15.29,1731600.0,15.15,10400,15.16,11700,-0.46,15.32,14.99,1731600,26250000.0,1.36,2.17,19.32,22.92,18.28,12.18,0.7
华映科技,sz000536,3.34,3.33,3.33,40878800.0,3.34,1070500,3.35,173800,0.3,3.37,3.26,40878800,136070000.0,1.48,3.3,92.29,92.39,3.66,3.0,0.86
东华能源,sz002221,5.58,5.64,5.68,19452000.0,5.58,297000,5.59,89100,-1.06,5.71,5.57,19452000,109260000.0,1.33,2.48,81.52,87.95,6.2,5.08,0.99
融发核电,sz002366,6.27,6.33,6.2,74310500.0,6.27,480100,6.28,646500,-0.95,6.28,6.11,74310500,459750000.0,4.02,2.69,116.02,130.47,6.96,5.7,0.49
佳云科技,sz300242,4.42,4.49,4.45,20106300.0,4.42,124400,4.43,126200,-1.56,4.5,4.39,20106300,89170000.0,3.17,2.45,28.05,28.05,5.39,3.59,0.58
东风科技,sh600081,10.09,10.04,10.0,2638100.0,10.08,2800,10.09,245700,0.5,10.1,9.93,2638100,26480000.0,0.48,1.69,55.8,55.8,11.04,9.04,0.95
普天科技,sz002544,16.7,17.23,16.82,11098200.0,16.7,21400,16.71,5600,-3.08,16.97,16.43,11098200,185730000.0,1.63,3.13,113.64,113.65,18.95,15.51,0.8
天元宠物,sz301335,22.33,22.58,22.44,1566700.0,22.27,200,22.33,2400,-1.11,22.59,22.1,1566700,34980000.0,1.77,2.17,19.74,28.54,27.1,18.06,0.86
普冉股份,sh688766,384.5,374.5,365.0,1498912500.0,384.33,200,384.5,27700,2.67,388.89,360.07,1498912500,5667620000.0,10.08,7.7,571.77,571.77,449.4,299.6,0.86
富士达,bj920640,27.06,28.06,27.44,2986800.0,27.06,24000,27.07,3000,-3.56,27.86,27.0,2986800,81245300.0,1.65,3.06,48.88,50.8,36.47,19.65,0.88
吉冈精密,bj920720,9.69,9.82,9.82,1221400.0,9.69,200,9.7,1800,-1.32,9.88,9.67,1221400,11932600.0,1.65,2.14,7.17,25.67,12.76,6.88,0.95
昊志机电,sz300503,75.35,72.24,72.42,28045800.0,75.35,68100,75.36,2300,4.31,77.0,71.0,28045800,2090960000.0,11.63,8.31,181.75,232.25,86.69,57.79,1.2
美年健康,sz002044,5.06,5.3,5.2,243087200.0,5.06,743200,5.07,319700,-4.53,5.22,5.06,243087200,1246910000.0,6.27,3.02,196.04,198.06,5.83,4.77,1.98
大众交通,sh600611,5.02,4.56,4.54,199466400.0,5.02,18041200,0.0,0,10.09,5.02,4.5,199466400,982360000.0,12.76,11.4,78.48,118.68,5.02,4.1,1.61
中水渔业,sz000798,8.31,8.43,8.38,8183700.0,8.31,46600,8.33,14100,-1.42,8.55,8.3,8183700,68450000.0,2.24,2.97,30.4,30.4,9.27,7.59,1.11
航天彩虹,sz002389,18.83,19.35,19.01,24195000.0,18.83,27500,18.84,42200,-2.69,19.01,18.74,24195000,456680000.0,2.46,1.4,185.43,185.46,21.29,17.42,0.8
雅达股份,bj920556,6.82,6.85,6.99,3312200.0,6.81,6000,6.82,7300,-0.44,7.18,6.82,3312200,23069899.999999996,2.85,5.26,7.94,10.96,8.9,4.8,1.66
博迁新材,sh605376,172.16,173.99,170.0,21664300.0,172.16,23800,172.17,5800,-1.05,191.16,170.0,21664300,3881180000.0,8.28,12.16,450.37,450.37,191.39,156.59,1.11
长久物流,sh603569,5.91,5.94,5.93,2668300.0,5.9,44200,5.91,5600,-0.51,5.97,5.87,2668300,15790000.0,0.44,1.68,35.67,35.67,6.53,5.35,0.71
欧亚集团,sh600697,10.73,10.73,10.8,2623500.0,10.69,300,10.73,3600,0.0,10.82,10.61,2623500,28130000.0,1.69,1.96,16.67,17.07,11.8,9.66,0.8
森马服饰,sz002563,6.08,6.18,6.18,18425600.0,6.08,28900,6.09,7700,-1.62,6.28,6.07,18425600,113600000.0,0.83,3.4,134.19,163.8,6.8,5.56,0.82
ST能特,sz002102,2.25,2.28,2.28,12511300.0,2.25,1034400,2.26,318200,-1.32,2.28,2.24,12511300,28260000.0,0.59,1.75,47.92,55.7,2.51,2.05,0.97
*ST三六五,sz300295,12.33,12.02,11.94,3367300.0,12.33,15200,12.34,5500,2.58,12.34,11.67,3367300,40470000.0,2.01,5.57,20.66,23.38,14.42,9.62,1.27
ST明诚,sh600136,1.49,1.43,1.43,20578300.0,1.48,44200,1.49,506000,4.2,1.54,1.43,20578300,30450000.0,1.06,7.69,28.95,30.41,1.57,1.29,2.2
青岛金王,sz002094,4.78,4.82,4.83,11428200.0,4.77,121000,4.78,9200,-0.83,4.84,4.72,11428200,54540000.0,1.66,2.49,33.0,33.02,5.3,4.34,0.65
安凯客车,sz000868,3.65,3.64,3.64,8511200.0,3.64,58200,3.65,248400,0.27,3.67,3.6,8511200,30920000.0,0.91,1.92,34.29,34.29,4.0,3.28,0.99
天域生物,sh603717,6.43,6.42,6.34,12365700.0,6.42,7700,6.43,42500,0.16,6.5,6.23,12365700,78950000.0,4.26,4.21,18.66,18.66,7.06,5.78,1.26
宝鹰股份,sz002047,3.56,3.24,3.35,25225100.0,3.56,15104900,0.0,0,9.88,3.56,3.27,25225100,86680000.0,1.66,8.95,53.98,53.98,3.56,2.92,0.7
易明医药,sz002826,17.51,17.79,17.5,5587300.0,17.51,41600,17.52,1000,-1.57,17.85,17.46,5587300,98600000.0,3.02,2.19,32.35,33.39,19.57,16.01,0.75
武汉天源,sz301127,15.07,14.74,14.78,27671800.0,15.07,83500,15.08,7900,2.24,15.57,14.52,27671800,417990000.0,4.23,7.12,98.62,101.58,17.69,11.79,0.84
退市华嵘,sh600421,0.24,0.24,0.0,0.0,0.0,0,0.0,0,0.0,0.0,0.0,0,0.0,0.0,0.0,0.47,0.47,-1.0,-1.0,0.0
卫宁健康,sz300253,7.88,7.87,7.8,76537300.0,7.87,410200,7.88,69600,0.13,8.01,7.66,76537300,604140000.0,4.13,4.45,146.14,173.46,9.44,6.3,0.9
丽尚国潮,sh600738,4.02,4.03,4.01,7784400.0,4.0,29500,4.02,173200,-0.25,4.04,3.97,7784400,31190000.0,1.02,1.74,30.58,30.61,4.43,3.63,0.75
和展能源,sz000809,3.44,3.44,3.45,10317700.0,3.44,9000,3.45,93800,0.0,3.47,3.39,10317700,35490000.0,1.25,2.33,28.37,28.37,3.78,3.1,0.79
浙商中拓,sz000906,5.46,5.52,5.52,5757500.0,5.45,8400,5.46,6400,-1.09,5.52,5.43,5757500,31520000.0,0.82,1.63,38.29,38.75,6.07,4.97,0.98
中国汽研,sh601965,14.14,14.38,14.38,5452400.0,14.14,6000,14.16,4300,-1.67,14.47,14.13,5452400,77880000.0,0.55,2.36,141.17,141.77,15.82,12.94,0.37
创业慧康,sz300451,3.68,3.69,3.66,21236700.0,3.67,276300,3.68,31500,-0.27,3.72,3.61,21236700,77920000.0,1.39,2.98,56.18,57.01,4.43,2.95,0.66
飞利信,sz300287,3.87,3.89,3.88,31164400.0,3.87,187200,3.88,213300,-0.51,3.92,3.8,31164400,120500000.0,2.36,3.08,51.02,55.55,4.67,3.11,0.58
亨迪药业,sz301211,11.69,11.59,11.49,11387100.0,11.68,37800,11.69,6800,0.86,11.89,11.43,11387100,133080000.0,2.73,3.97,48.82,48.82,13.91,9.27,1.03
电科数字,sh600850,15.35,15.56,15.55,8926400.0,15.35,3800,15.36,107400,-1.35,15.58,15.28,8926400,137620000.0,1.09,1.93,125.29,125.29,17.12,14.0,0.55
天马新材,bj920971,26.18,26.27,25.98,3314900.0,26.18,11700,26.19,3700,-0.34,26.99,25.64,3314900,87406200.00000001,3.87,5.14,22.44,27.22,34.15,18.39,0.68
华联股份,sz000882,1.44,1.43,1.43,62204300.0,1.44,3146100,1.45,2554200,0.7,1.46,1.42,62204300,89620000.0,2.27,2.8,39.39,39.42,1.57,1.29,1.26
利尔达,bj920249,9.04,9.16,9.1,3306800.0,9.03,16200,9.04,1900,-1.31,9.17,8.96,3306800,30018000.0,2.65,2.29,11.27,38.12,11.9,6.42,0.52
西藏旅游,sh600749,14.29,14.63,14.55,7417900.0,14.28,6000,14.29,43000,-2.32,14.56,14.22,7417900,106500000.0,3.27,2.32,32.43,32.43,16.09,13.17,0.91
贝瑞基因,sz000710,9.57,9.99,9.74,37508300.0,9.56,173200,9.57,307800,-4.2,9.8,9.5,37508300,360390000.0,11.38,3.0,31.54,33.83,10.99,8.99,1.12
惠同新材,bj920751,16.32,17.31,17.02,1406300.0,16.29,800,16.32,700,-5.72,17.05,16.25,1406300,23192900.0,1.69,4.62,13.56,14.16,22.5,12.12,1.9
国源科技,bj920184,11.52,11.76,11.76,1179500.0,11.52,3900,11.56,4300,-2.04,11.76,11.51,1179500,13694000.0,1.32,2.13,10.3,15.17,15.28,8.24,0.57
晶科科技,sh601778,3.81,3.85,3.85,89523300.0,3.81,84100,3.82,244400,-1.04,3.87,3.78,89523300,342730000.0,2.4,2.34,141.85,141.85,4.24,3.47,0.58
新世界,sh600628,6.18,6.19,6.17,9565200.0,6.18,3800,6.19,18600,-0.16,6.27,6.14,9565200,59340000.0,1.48,2.1,39.98,39.98,6.81,5.57,1.35
慈文传媒,sz002343,5.26,5.23,5.25,7570900.0,5.26,5500,5.27,27400,0.57,5.29,5.16,7570900,39700000.0,1.6,2.49,24.92,24.92,5.75,4.71,0.7
金马游乐,sz300756,31.73,31.53,31.47,3761300.0,31.7,1500,31.73,900,0.63,32.17,30.81,3761300,118880000.0,1.96,4.31,60.92,70.01,37.84,25.22,0.71
烽火电子,sz000561,7.63,7.73,7.67,7340800.0,7.63,44300,7.64,159100,-1.29,7.68,7.5,7340800,55700000.0,0.95,2.33,59.23,65.92,8.5,6.96,0.83
信凯科技,sz001335,31.92,32.06,32.25,575800.0,31.92,4800,31.94,2500,-0.44,32.25,31.36,575800,18290000.0,2.25,2.78,8.15,29.92,35.27,28.85,0.78
*ST实达,sh600734,1.67,1.67,1.66,36560900.0,1.67,230700,1.68,1971500,0.0,1.69,1.64,36560900,60940000.0,1.68,2.99,36.37,36.38,1.84,1.5,0.85
京投发展,sh600683,10.68,9.71,10.68,9690800.0,10.68,6983900,0.0,0,9.99,10.68,10.65,9690800,103500000.0,1.31,0.31,79.12,79.12,10.68,8.74,0.57
京城股份,sh600860,8.45,8.43,8.43,3391100.0,8.44,8700,8.45,79100,0.24,8.49,8.27,3391100,28510000.0,0.76,2.61,37.52,46.26,9.27,7.59,0.77
京源环保,sh688096,8.91,8.85,8.75,737190200.0,8.9,88500,8.91,38100,0.68,9.22,8.75,737190200,66350000.0,3.15,5.31,20.83,20.83,10.62,7.08,1.02
西子洁能,sz002534,15.95,15.88,15.85,8438700.0,15.94,9000,15.95,42600,0.44,16.14,15.67,8438700,134340000.0,1.02,2.96,131.65,133.33,17.47,14.29,0.45
天元智能,sh603273,14.46,14.36,14.3,2154800.0,14.45,10200,14.46,1600,0.7,14.52,14.13,2154800,30970000.0,3.84,2.72,8.11,31.15,15.8,12.92,0.94
瑞华泰,sh688323,27.26,27.33,26.7,1280224500.0,27.26,14300,27.29,2400,-0.26,28.03,26.59,1280224500,349750000.0,6.39,5.27,54.63,54.63,32.8,21.86,0.74
乐创技术,bj920425,14.6,14.63,14.63,1282600.0,14.55,600,14.6,19500,-0.21,14.76,14.4,1282600,18667700.0,1.55,2.46,12.1,14.7,19.01,10.25,0.71
华原股份,bj920837,9.8,9.95,9.87,485300.0,9.8,8400,9.81,12900,-1.51,9.95,9.8,485300,4780400.0,0.35,1.51,13.41,14.97,12.93,6.97,0.5
全通教育,sz300359,4.35,4.42,4.41,26811900.0,4.35,125800,4.36,7200,-1.58,4.44,4.25,26811900,116940000.0,4.23,4.3,27.55,27.55,5.3,3.54,0.51
ST龙大,sz002726,2.19,2.17,2.16,71666000.0,2.18,816100,2.19,628300,0.92,2.25,2.13,71666000,157280000.0,5.27,5.53,29.79,29.81,2.39,1.95,0.85
苏奥传感,sz300507,6.54,6.67,6.64,7650400.0,6.54,11500,6.55,51800,-1.95,6.66,6.52,7650400,50300000.0,0.99,2.1,50.68,52.36,8.0,5.34,1.02
*ST长投,sh600119,4.54,4.62,4.59,2282900.0,4.52,2700,4.54,20800,-1.73,4.59,4.49,2282900,10350000.0,0.62,2.16,16.58,16.58,5.08,4.16,1.02
盛航股份,sz001205,13.74,13.91,13.9,2014200.0,13.74,1800,13.76,4000,-1.22,13.91,13.71,2014200,27760000.0,1.21,1.44,22.87,25.83,15.3,12.52,0.63
同庆楼,sh605108,12.98,13.1,12.98,2916700.0,12.97,13900,12.98,10100,-0.92,13.08,12.85,2916700,37820000.0,1.12,1.76,33.75,33.75,14.41,11.79,0.74
中顺洁柔,sz002511,7.26,7.34,7.35,9568800.0,7.26,54500,7.27,58000,-1.09,7.4,7.24,9568800,69960000.0,0.76,2.18,91.84,93.01,8.07,6.61,0.83
联合精密,sz001268,19.35,19.54,19.31,2079400.0,19.35,5100,19.37,300,-0.97,19.55,18.84,2079400,40020000.0,2.2,3.63,18.25,29.16,21.49,17.59,0.71
神通科技,sh605228,11.33,10.97,10.96,9198000.0,11.33,46800,11.34,6400,3.28,11.46,10.76,9198000,102650000.0,1.93,6.38,54.06,54.28,12.07,9.87,1.34
威贸电子,bj920346,15.22,15.37,15.3,231500.0,15.22,6800,15.24,2700,-0.98,15.45,15.1,231500,3536800.0,0.52,2.28,6.83,12.28,19.98,10.76,0.43
东方精工,sz002611,15.96,15.95,16.02,25214300.0,15.96,2400,15.97,42700,0.06,16.18,15.88,25214300,403480000.0,2.51,1.88,160.23,194.28,17.55,14.36,0.87
阿尔特,sz300825,11.02,11.09,11.08,14112300.0,11.02,14600,11.03,33000,-0.63,11.15,10.78,14112300,155560000.0,2.91,3.34,53.39,54.54,13.31,8.87,0.49
佳合科技,bj920392,13.75,13.8,13.85,459900.0,13.71,3300,13.75,33600,-0.36,14.01,13.64,459900,6342900.0,1.28,2.68,4.96,10.54,17.94,9.66,1.13
宁波方正,sz300998,25.65,25.71,25.5,2648800.0,25.64,5600,25.69,800,-0.23,26.2,25.27,2648800,68020000.0,2.46,3.62,27.62,35.18,30.85,20.57,0.75
科创信息,sz300730,11.91,12.1,12.08,3323700.0,11.9,33300,11.91,20800,-1.57,12.08,11.81,3323700,39700000.0,1.61,2.23,24.62,28.72,14.52,9.68,0.61
光庭信息,sz301221,29.28,29.33,28.97,1776500.0,29.28,55900,29.31,400,-0.17,29.67,28.7,1776500,52050000.0,1.99,3.31,26.16,38.47,35.2,23.46,0.66
中南文化,sz002445,3.03,2.99,2.98,50867100.0,3.02,671100,3.03,1080100,1.34,3.06,2.96,50867100,153390000.0,2.15,3.34,71.7,72.01,3.29,2.69,1.14
智慧农业,sz000816,2.72,2.75,2.75,22276400.0,2.72,226200,2.73,80900,-1.09,2.76,2.7,22276400,60780000.0,1.55,2.18,39.15,39.36,3.03,2.48,0.71
新特电气,sz301120,15.49,15.6,15.45,10431500.0,15.49,43400,15.5,22400,-0.71,15.72,15.21,10431500,161360000.0,4.62,3.27,34.97,57.8,18.72,12.48,0.53
德众汽车,bj920030,4.49,4.51,4.49,1088900.0,4.45,9500,4.49,44400,-0.44,4.52,4.43,1088900,4874600.0,0.97,2.0,5.05,8.03,5.86,3.16,0.71
新赣江,bj920367,24.38,24.74,23.58,7956500.0,24.38,55400,24.39,23700,-1.46,25.86,23.58,7956500,198766200.0,18.95,9.22,10.24,17.28,32.16,17.32,0.98
曲美家居,sh603818,3.6,3.67,3.65,18358500.0,3.6,33800,3.61,90200,-1.91,3.66,3.57,18358500,66250000.0,2.67,2.45,24.72,24.72,4.04,3.3,0.8
嘉麟杰,sz002486,2.43,2.43,2.43,17812600.0,2.43,41700,2.44,473000,0.0,2.46,2.39,17812600,43240000.0,2.17,2.88,19.94,20.03,2.67,2.19,0.81
步步高,sz002251,3.89,3.75,3.75,225241700.0,3.88,462000,3.89,974500,3.73,4.06,3.69,225241700,871140000.0,10.13,9.87,86.45,104.59,4.13,3.38,2.9
利仁科技,sz001259,46.44,47.51,47.0,880100.0,46.39,300,46.44,1100,-2.25,47.65,45.6,880100,40980000.0,1.85,4.31,22.08,34.17,52.26,42.76,0.81
*ST宁视,sz300076,4.82,4.7,4.72,16599200.0,4.82,53000,4.83,4900,2.55,5.0,4.72,16599200,81250000.0,3.91,5.96,20.44,20.44,5.64,3.76,1.68
ST兴化,sz002109,2.63,2.61,2.62,5188500.0,2.62,113100,2.63,274800,0.77,2.64,2.58,5188500,13550000.0,0.41,2.3,33.57,33.57,2.87,2.35,0.88
*ST皇庭,sz000056,1.92,1.97,1.97,20869700.0,1.91,495700,1.92,294900,-2.54,1.99,1.91,20869700,40560000.0,2.31,4.06,17.35,22.7,2.17,1.77,0.6
浩淼科技,bj920856,11.49,11.49,11.47,1239300.0,11.48,800,11.49,300,0.0,11.5,11.23,1239300,14101000.0,2.34,2.35,6.1,10.93,14.93,8.05,0.43
壹网壹创,sz300792,25.0,25.29,25.32,4705600.0,25.0,18700,25.01,4700,-1.15,25.49,24.85,4705600,118350000.0,2.21,2.53,53.31,59.42,30.35,20.23,0.45
沪江材料,bj920204,12.8,13.07,12.95,886200.0,12.8,2200,12.81,1100,-2.07,13.18,12.8,886200,11410200.0,1.77,2.91,6.4,12.07,16.99,9.15,0.93
长亮科技,sz300348,9.5,9.53,9.6,13525200.0,9.49,12600,9.5,28000,-0.31,9.62,9.42,13525200,128790000.0,1.85,2.1,69.39,77.18,11.44,7.62,0.66
飞天诚信,sz300386,11.54,11.78,11.6,15288000.0,11.54,38200,11.55,40000,-2.04,11.82,11.4,15288000,177290000.0,6.1,3.57,28.94,48.24,14.14,9.42,0.83
ST得润,sz002055,5.56,5.56,5.54,6613100.0,5.55,39500,5.56,79300,0.0,5.59,5.49,6613100,36690000.0,1.11,1.8,33.03,33.61,6.12,5.0,0.6
厚普股份,sz300471,9.68,9.81,9.8,4354600.0,9.68,122400,9.69,21000,-1.33,9.81,9.63,4354600,42170000.0,1.16,1.83,36.28,45.51,11.77,7.85,0.46
华测导航,sz300627,28.15,28.51,28.26,8958000.0,28.15,1700,28.16,13800,-1.26,28.81,27.82,8958000,253390000.0,1.36,3.47,185.1,223.5,34.21,22.81,1.01
*ST福成,sh600965,2.61,2.64,2.64,2713200.0,2.61,61200,2.62,500,-1.14,2.64,2.59,2713200,7090000.0,0.33,1.89,21.37,21.37,2.9,2.38,0.75
ST喜临门,sh603008,8.2,8.0,8.01,7686400.0,8.19,17600,8.2,313000,2.5,8.35,7.93,7686400,62610000.0,2.09,5.25,30.2,30.2,8.8,7.2,1.89
万里扬,sz002434,5.8,5.8,5.78,15337500.0,5.79,14600,5.8,72800,0.0,5.84,5.72,15337500,88540000.0,1.17,2.07,76.06,76.13,6.38,5.22,0.85
英唐智控,sz300131,15.59,16.01,15.9,85282400.0,15.58,125600,15.59,325600,-2.62,16.73,15.56,85282400,1366600000.0,8.18,7.31,162.49,176.95,19.21,12.81,1.21
ST宁科,sh600165,2.44,2.41,2.41,4425100.0,2.44,102600,2.45,332200,1.24,2.47,2.39,4425100,10780000.0,0.6,3.32,17.88,39.43,2.65,2.17,0.78
工大高科,sh688367,30.46,30.99,30.93,87077400.0,30.46,9300,30.5,6600,-1.71,31.89,30.22,87077400,26750000.0,0.99,5.39,26.69,26.69,37.19,24.79,0.58
天目湖,sh603136,9.09,9.13,9.09,2991100.0,9.09,4600,9.1,9400,-0.44,9.16,8.98,2991100,27140000.0,1.11,1.97,24.55,24.55,10.04,8.22,1.03
卓郎智能,sh600545,4.36,4.44,4.37,58106700.0,4.36,229900,4.37,238100,-1.8,4.45,4.33,58106700,255190000.0,3.25,2.7,77.95,77.95,4.88,4.0,0.67
金盘科技,sh688676,68.79,70.0,69.0,1085590200.0,68.79,2300,68.8,9700,-1.73,70.98,67.5,1085590200,748770000.0,2.36,4.97,316.29,316.29,84.0,56.0,0.88
玉马科技,sz300993,9.97,10.18,10.13,2656500.0,9.97,10800,9.98,6300,-2.06,10.14,9.95,2656500,26650000.0,1.1,1.87,24.11,30.72,12.22,8.14,0.86
新宏泽,sz002836,10.04,10.08,10.12,1979800.0,10.04,3000,10.05,5600,-0.4,10.17,9.88,1979800,19870000.0,0.86,2.88,23.13,23.13,11.09,9.07,0.53
均胜电子,sh600699,21.32,21.18,21.27,27672100.0,21.32,55600,21.33,106300,0.66,21.56,21.0,27672100,590720000.0,1.98,2.64,297.56,330.62,23.3,19.06,0.95
中大力德,sz002896,83.0,76.88,76.0,24832400.0,83.0,140600,83.01,6500,7.96,84.28,75.0,24832400,1971400000.0,12.64,12.07,163.11,163.11,84.57,69.19,1.17
美心翼申,bj920833,8.95,8.8,8.76,858500.0,8.93,6900,8.95,2600,1.7,9.13,8.73,858500,7665599.999999999,0.99,4.55,7.75,10.25,11.44,6.16,1.08
科拜尔,bj920066,16.97,17.12,17.07,298100.0,16.93,6600,16.97,100,-0.88,17.28,16.9,298100,5070700.0,1.5,2.22,3.37,10.67,22.25,11.99,0.71
韩建河山,sh603616,5.44,5.53,5.41,12382600.0,5.44,81400,5.45,167900,-1.63,5.49,5.35,12382600,67220000.0,3.22,2.53,20.91,21.06,6.08,4.98,0.92
红相股份,sz300427,7.0,7.24,7.1,35104800.0,7.0,87200,7.01,6800,-3.31,7.15,6.93,35104800,246470000.0,6.98,3.04,35.21,35.6,8.69,5.79,0.88
三祥科技,bj920195,12.37,12.46,12.5,447700.0,12.37,16000,12.39,2100,-0.72,12.56,12.3,447700,5569299.999999999,0.63,2.09,8.75,12.13,16.19,8.73,0.66
西域旅游,sz300859,27.55,27.43,27.0,2848000.0,27.54,3800,27.55,1800,0.44,27.75,27.0,2848000,78040000.0,1.84,2.73,42.7,42.7,32.92,21.94,1.09
东晶电子,sz002199,13.65,14.0,13.61,10501100.0,13.65,1900,13.66,2600,-2.5,13.83,13.35,10501100,143200000.0,4.55,3.43,31.52,33.23,15.4,12.6,0.54
安居宝,sz300155,4.32,4.3,4.29,6685700.0,4.3,3000,4.32,32900,0.47,4.34,4.23,6685700,28640000.0,2.03,2.56,14.23,24.25,5.16,3.44,0.68
广脉科技,bj920924,15.47,15.51,15.45,2726300.0,15.44,200,15.47,700,-0.26,15.72,15.07,2726300,42130800.0,4.17,4.19,10.11,16.6,20.16,10.86,0.46
维康药业,sz300878,33.3,33.27,33.25,3222000.0,33.3,3200,33.31,400,0.09,33.88,32.4,3222000,106930000.0,2.24,4.45,47.99,48.22,39.92,26.62,0.59
五洲医疗,sz301234,87.3,91.89,88.6,5217900.0,87.29,200,87.3,8300,-5.0,93.5,85.0,5217900,465630000.0,12.99,9.25,35.07,59.36,110.27,73.51,0.81
赤天化,sh600227,3.58,3.67,3.65,239151100.0,3.57,1271500,3.58,69500,-2.45,3.72,3.54,239151100,865430000.0,18.72,4.9,45.74,60.46,4.04,3.3,1.57
方直科技,sz300235,11.52,11.51,11.45,3890000.0,11.52,23300,11.53,3300,0.09,11.62,11.28,3890000,44680000.0,1.91,2.95,23.4,29.0,13.81,9.21,0.47
哈森股份,sh603958,14.67,14.89,14.91,2946000.0,14.67,15900,14.68,15900,-1.48,14.98,14.52,2946000,43330000.0,1.34,3.09,32.18,32.18,16.38,13.4,0.86
赛伍技术,sh603212,11.76,11.54,11.42,13449200.0,11.75,90800,11.76,40000,1.91,11.95,11.41,13449200,158000000.0,3.07,4.68,51.45,51.45,12.69,10.39,1.29
汽轮科技,sz300277,12.4,12.59,12.66,9997700.0,12.4,86900,12.41,7400,-1.51,12.72,12.35,9997700,124430000.0,1.31,2.94,94.92,188.06,15.11,10.07,0.72
建邦科技,bj920242,14.0,14.08,14.12,200200.0,14.0,2900,14.01,300,-0.57,14.2,13.95,200200,2810800.0,0.38,1.78,7.38,13.19,18.3,9.86,0.46
*ST赛为,sz300044,5.18,5.21,5.2,9391200.0,5.17,246600,5.18,47000,-0.58,5.27,5.14,9391200,48730000.0,1.31,2.5,37.06,39.57,6.25,4.17,0.51
普邦股份,sz002663,1.65,1.64,1.64,35827700.0,1.65,958300,1.66,1223200,0.61,1.67,1.61,35827700,58900000.0,2.1,3.66,28.17,28.44,1.8,1.48,1.0
盐津铺子,sz002847,49.96,50.79,50.29,4218200.0,49.96,28100,49.97,6300,-1.63,50.92,49.68,4218200,211560000.0,1.73,2.44,121.84,134.99,55.87,45.71,0.88
上海凯鑫,sz300899,28.6,28.72,28.45,398400.0,28.6,300,28.74,2700,-0.42,28.96,28.21,398400,11410000.0,0.97,2.61,11.71,18.24,34.46,22.98,0.57
纽泰格,sz301229,12.36,12.36,12.38,2349500.0,12.34,700,12.36,500,0.0,12.47,12.12,2349500,28890000.0,1.82,2.83,15.98,22.47,14.83,9.89,0.74
日海智能,sz002313,8.33,8.34,8.27,4295600.0,8.32,30400,8.33,2000,-0.12,8.39,8.2,4295600,35670000.0,1.15,2.28,31.19,31.19,9.17,7.51,0.5
恒久退,sz002808,0.22,0.22,0.0,0.0,0.0,0,0.0,0,0.0,0.0,0.0,0,0.0,0.0,0.0,0.41,0.59,-1.0,-1.0,0.0
华鹏飞,sz300350,4.38,4.42,4.44,8508900.0,4.37,46100,4.38,218300,-0.9,4.44,4.33,8508900,37200000.0,1.8,2.49,20.65,24.62,5.3,3.54,0.56
旷达科技,sz002516,5.39,5.4,5.4,10586300.0,5.38,87900,5.39,97600,-0.19,5.44,5.32,10586300,57010000.0,0.72,2.22,78.72,79.28,5.94,4.86,0.65
风光股份,sz301100,16.53,16.6,16.7,1336300.0,16.48,500,16.53,5200,-0.42,16.7,16.31,1336300,22040000.0,1.51,2.35,14.67,33.26,19.92,13.28,0.53
宏辉果蔬,sh603336,9.99,10.1,9.96,13423200.0,9.98,135300,9.99,27000,-1.09,10.15,9.84,13423200,134370000.0,2.21,3.07,60.81,60.81,11.11,9.09,0.44
通灵股份,sz301168,44.3,44.94,45.39,1971700.0,44.3,18700,44.35,4000,-1.42,45.39,44.1,1971700,87740000.0,2.07,2.87,42.22,53.16,53.93,35.95,1.0
长春一东,sh600148,15.42,15.49,15.5,1329100.0,15.42,500,15.44,300,-0.45,15.55,15.27,1329100,20470000.0,0.94,1.81,21.82,21.82,17.04,13.94,0.79
园林股份,sh605303,21.42,21.34,21.23,3139200.0,21.42,12300,21.43,4400,0.37,21.67,20.68,3139200,66610000.0,1.95,4.64,34.54,34.54,23.47,19.21,0.82
瑞康医药,sz002589,3.23,3.34,3.32,248277800.0,3.23,923800,3.24,921800,-3.29,3.32,3.15,248277800,806810000.0,18.18,5.09,44.11,48.6,3.67,3.01,3.1
中瑞股份,sz301587,21.58,21.95,21.96,2874400.0,21.56,2400,21.58,6700,-1.69,21.96,21.4,2874400,62240000.0,3.91,2.55,15.85,31.79,26.34,17.56,0.69
节能环境,sz300140,5.59,5.54,5.54,13947800.0,5.59,34300,5.6,143000,0.9,5.67,5.53,13947800,78060000.0,0.45,2.53,173.03,173.24,6.65,4.43,1.25
天工股份,bj920068,15.4,15.95,15.77,1216600.0,15.39,3200,15.4,13700,-3.45,15.89,15.38,1216600,18870800.0,0.7,3.2,26.75,100.96,20.73,11.17,0.64
凌志软件,sh688588,9.78,9.93,9.81,245124400.0,9.78,1400,9.79,16200,-1.51,9.91,9.76,245124400,24070000.0,0.63,1.51,38.14,38.14,11.92,7.94,0.5
兴通股份,sh603209,13.7,13.93,13.89,2516300.0,13.7,40500,13.71,800,-1.65,13.99,13.7,2516300,34740000.0,0.78,2.08,44.04,44.52,15.32,12.54,0.75
旋极信息,sz300324,3.77,3.81,3.8,23676600.0,3.76,513600,3.77,42000,-1.05,3.83,3.72,23676600,89430000.0,1.38,2.89,64.47,65.13,4.57,3.05,0.61
ST银江,sz300020,3.56,3.6,3.59,7347900.0,3.56,182200,3.57,39200,-1.11,3.65,3.55,7347900,26330000.0,0.96,2.78,27.29,28.29,4.32,2.88,0.55
ST信通,sh600289,4.52,4.39,4.39,3610400.0,4.52,19000,4.54,36200,2.96,4.61,4.37,3610400,16260000.0,0.64,5.47,25.58,28.52,4.83,3.95,0.77
粤 传 媒,sz002181,9.22,9.2,9.21,44555000.0,9.21,49000,9.22,102500,0.22,9.37,8.98,44555000,409130000.0,3.93,4.24,104.6,107.05,10.12,8.28,0.6
世昌股份,bj920022,19.62,19.78,19.73,155800.0,19.45,500,19.62,600,-0.81,19.83,19.4,155800,3053399.9999999995,0.94,2.17,3.26,11.83,25.71,13.85,0.83
万达信息,sz300168,5.23,5.27,5.22,16793600.0,5.23,110000,5.24,67500,-0.76,5.31,5.15,16793600,87880000.0,1.17,3.04,75.27,75.34,6.32,4.22,0.53
恒宇信通,sz300965,44.07,45.5,45.0,1145100.0,44.07,400,44.11,2000,-3.14,45.0,43.09,1145100,50270000.0,2.12,4.2,23.84,26.44,54.6,36.4,1.16
四维图新,sz002405,6.64,6.65,6.65,33512100.0,6.64,144100,6.65,208300,-0.15,6.71,6.54,33512100,222320000.0,1.42,2.56,156.42,157.38,7.32,5.99,0.59
华菱线缆,sz001208,15.06,15.71,15.19,27757700.0,15.06,104200,15.07,27700,-4.14,15.3,14.85,27757700,418780000.0,8.71,2.86,48.0,96.14,17.28,14.14,0.77
木林森,sz002745,11.13,11.17,11.1,42869400.0,11.13,203200,11.14,73100,-0.36,11.42,11.09,42869400,481550000.0,4.03,2.95,118.43,165.19,12.29,10.05,0.65
丽江股份,sz002033,8.85,8.83,8.95,26916600.0,8.84,47900,8.85,12800,0.23,8.98,8.8,26916600,239310000.0,4.9,2.04,48.63,48.63,9.71,7.95,2.04
克莱特,bj920689,20.06,20.33,20.38,349400.0,20.05,1700,20.06,400,-1.33,20.42,20.01,349400,7023099.999999999,0.92,2.02,7.61,14.72,26.42,14.24,0.44
高凌信息,sh688175,18.85,19.24,18.91,256947600.0,18.85,8100,18.86,200,-2.03,19.16,18.5,256947600,48410000.0,1.53,3.43,31.69,31.69,23.09,15.39,0.67
登康口腔,sz001328,29.85,31.1,30.83,3697300.0,29.85,4900,29.87,5300,-4.02,31.07,29.0,3697300,110350000.0,2.29,6.66,48.27,51.39,34.21,27.99,1.44
航天发展,sz000547,15.68,16.39,15.5,90913800.0,15.68,163000,15.69,131400,-4.33,15.89,15.01,90913800,1417640000.0,5.72,5.37,249.17,250.64,18.03,14.75,1.22
永安行,sh603776,21.49,21.76,21.73,3097900.0,21.48,2700,21.49,2400,-1.24,22.0,21.43,3097900,67260000.0,1.1,2.62,60.34,60.34,23.94,19.58,0.74
华英农业,sz002321,1.99,1.97,1.96,31257600.0,1.98,234900,1.99,512700,1.02,2.01,1.95,31257600,62110000.0,1.47,3.05,42.26,42.44,2.17,1.77,1.24
广百股份,sz002187,5.38,5.38,5.41,8838400.0,5.37,28000,5.38,121800,0.0,5.41,5.3,8838400,47380000.0,1.26,2.04,37.71,37.71,5.92,4.84,0.88
纳尔股份,sz002825,9.02,8.58,8.64,8294100.0,9.02,5600,9.03,15100,5.13,9.08,8.5,8294100,73650000.0,3.23,6.76,23.15,30.84,9.44,7.72,2.2
太龙股份,sz300650,11.56,11.64,11.64,3429000.0,11.55,5700,11.56,11400,-0.69,11.68,11.45,3429000,39700000.0,2.01,1.98,19.69,27.91,13.97,9.31,0.63
申华控股,sh600653,1.71,1.71,1.71,16685700.0,1.71,233400,1.72,904100,0.0,1.73,1.69,16685700,28520000.0,0.86,2.34,33.28,33.28,1.88,1.54,0.93
国义招标,bj920039,7.99,8.05,8.01,525800.0,7.95,600,7.99,19200,-0.75,8.07,7.9,525800,4190200.0,0.34,2.11,12.29,12.29,10.46,5.64,0.47
红豆股份,sh600400,3.15,3.14,3.12,51673300.0,3.14,271500,3.15,817800,0.32,3.17,3.04,51673300,160550000.0,2.26,4.14,72.18,72.18,3.45,2.83,1.14
全筑股份,sh603030,2.07,2.07,2.08,26356800.0,2.07,146000,2.08,491200,0.0,2.09,2.02,26356800,54210000.0,2.0,3.38,27.26,27.26,2.28,1.86,0.85
锐明技术,sz002970,54.54,53.2,52.7,5013600.0,54.5,2800,54.54,6200,2.52,55.48,52.39,5013600,273200000.0,3.97,5.81,68.93,100.32,58.52,47.88,1.11
日盈电子,sh603286,43.17,42.36,42.33,4152300.0,43.16,300,43.17,300,1.91,43.67,41.33,4152300,178110000.0,3.55,5.52,50.46,50.94,46.6,38.12,0.98
球冠电缆,bj920682,5.82,5.89,5.81,1461800.0,5.81,51600,5.82,21400,-1.19,5.89,5.8,1461800,8523700.0,0.65,1.53,13.14,22.66,7.65,4.13,0.67
金字火腿,sz002515,7.05,6.97,6.91,51736800.0,7.05,3000,7.06,102500,1.15,7.23,6.86,51736800,364900000.0,4.7,5.31,77.68,85.35,7.67,6.27,0.76
天地在线,sz002995,18.25,18.41,18.37,6500400.0,18.25,2900,18.26,13400,-0.87,18.39,17.92,6500400,118470000.0,5.78,2.55,20.52,32.39,20.25,16.57,0.44
华秦科技,sh688281,48.03,48.95,48.5,250092700.0,48.03,0,48.08,400,-1.88,48.96,47.68,250092700,120700000.0,0.66,2.61,183.28,183.28,58.74,39.16,0.87
*ST金灵,sz300091,2.59,2.55,2.56,6947500.0,2.58,278200,2.59,21400,1.57,2.64,2.55,6947500,18080000.0,0.42,3.53,42.36,73.61,3.06,2.04,1.32
同益中,sh688722,14.33,14.48,14.36,263514300.0,14.32,3700,14.33,8300,-1.04,14.51,14.14,263514300,37740000.0,1.18,2.56,32.11,32.11,17.38,11.58,0.77
大明电子,sh603376,26.11,26.26,26.26,1180000.0,26.11,1800,26.12,2800,-0.57,26.32,25.91,1180000,30760000.0,3.69,1.56,8.36,104.44,28.89,23.63,0.6
天阳科技,sz300872,15.83,16.13,16.22,8195200.0,15.83,52500,15.84,500,-1.86,16.24,15.72,8195200,130370000.0,1.94,3.22,66.81,77.27,19.36,12.9,0.51
汉维科技,bj920957,9.28,9.57,9.53,1003000.0,9.27,8700,9.28,3000,-3.03,9.58,9.26,1003000,9400900.0,2.35,3.34,3.96,9.96,12.44,6.7,0.83
盛路通信,sz002446,8.83,8.81,8.63,36940000.0,8.83,7400,8.84,10300,0.23,9.08,8.61,36940000,326420000.0,4.36,5.33,74.86,80.83,9.69,7.93,0.71
千里科技,sh601777,8.48,8.41,8.42,20170200.0,8.47,47400,8.48,221800,0.83,8.5,8.23,20170200,169840000.0,0.45,3.21,383.39,383.39,9.25,7.57,0.6
豪能股份,sh603809,9.62,9.55,9.51,11168600.0,9.62,47200,9.63,49900,0.73,9.67,9.44,11168600,106920000.0,1.21,2.41,88.53,88.53,10.51,8.6,1.0
健盛集团,sh603558,12.78,12.88,12.88,2586700.0,12.78,13800,12.79,3900,-0.78,12.98,12.76,2586700,33240000.0,0.75,1.71,43.79,43.79,14.17,11.59,0.54
恒工精密,sz301261,60.0,58.98,58.2,3363000.0,60.0,3600,60.01,200,1.73,61.49,57.58,3363000,200910000.0,3.22,6.63,62.75,63.28,70.78,47.18,1.45
联迪信息,bj920790,23.47,23.81,23.85,2711200.0,23.47,500,23.49,1500,-1.43,24.47,23.39,2711200,64795100.0,4.99,4.54,12.76,18.53,30.95,16.67,0.65
金橙子,sh688291,41.2,41.94,41.68,152984100.0,41.2,2700,41.22,3200,-1.76,41.9,40.66,152984100,63200000.0,1.49,2.96,42.3,42.3,50.33,33.55,0.72
中广核技,sz000881,6.55,6.67,6.61,9074700.0,6.55,129100,6.56,79700,-1.8,6.62,6.51,9074700,59500000.0,1.0,1.65,59.19,61.93,7.34,6.0,0.81
兰石重装,sh603169,6.84,6.91,6.94,9495700.0,6.83,25400,6.84,7400,-1.01,6.94,6.76,9495700,64920000.0,0.73,2.6,89.35,89.35,7.6,6.22,0.51
天府文旅,sz000558,3.54,3.54,3.54,21406100.0,3.54,138500,3.55,365000,0.0,3.58,3.49,21406100,75690000.0,1.66,2.54,45.62,45.64,3.89,3.19,0.95
创业黑马,sz300688,31.42,31.45,31.45,9486100.0,31.42,7800,31.43,3100,-0.1,31.97,30.6,9486100,297680000.0,6.39,4.36,46.62,52.59,37.74,25.16,0.45
中科江南,sz301153,17.81,17.92,17.93,3477000.0,17.79,9000,17.81,17000,-0.61,18.01,17.6,3477000,61870000.0,1.05,2.29,59.09,63.34,21.5,14.34,0.62
乖宝宠物,sz301498,42.93,43.76,43.54,6731300.0,42.92,1500,42.93,10700,-1.9,44.46,42.92,6731300,292990000.0,3.75,3.52,76.99,171.92,52.51,35.01,0.83
皇台酒业,sz000995,10.92,11.0,10.91,7209800.0,10.91,28800,10.92,37400,-0.73,11.05,10.85,7209800,78910000.0,4.06,1.82,19.37,19.37,12.1,9.9,0.53
天地源,sh600665,3.4,3.35,3.34,13940500.0,3.39,86100,3.4,121600,1.49,3.43,3.25,13940500,46950000.0,1.61,5.37,29.38,29.38,3.69,3.02,0.64
好想你,sz002582,10.14,10.43,10.33,26018700.0,10.14,166600,10.15,79400,-2.78,10.42,10.14,26018700,266410000.0,7.56,2.68,34.91,45.4,11.47,9.39,0.94
ST百利,sh603959,4.55,4.49,4.52,9104800.0,4.54,51100,4.55,37300,1.34,4.56,4.36,9104800,40460000.0,1.86,4.45,22.31,22.31,4.94,4.04,1.11
高伟达,sz300465,12.66,12.82,12.89,13532600.0,12.66,10700,12.67,4500,-1.25,12.96,12.54,13532600,172420000.0,3.05,3.28,56.18,56.18,15.38,10.26,0.47
大地电气,bj920436,10.49,10.65,10.61,519300.0,10.49,6300,10.55,5300,-1.5,10.69,10.45,519300,5477600.0,0.58,2.25,9.38,9.98,13.84,7.46,0.65
厦门信达,sz000701,5.08,5.1,5.1,9320200.0,5.07,80600,5.08,3100,-0.39,5.12,5.02,9320200,47310000.0,1.4,1.96,33.92,33.95,5.61,4.59,0.8
金发科技,sh600143,15.82,15.71,15.56,51475100.0,15.82,168900,15.83,135900,0.7,16.1,15.38,51475100,809790000.0,1.95,4.58,416.83,422.92,17.28,14.14,0.81
绿亨科技,bj920866,5.97,6.04,6.03,1185900.0,5.97,5000,5.98,12500,-1.16,6.03,5.95,1185900,7081600.0,1.04,1.32,6.81,10.76,7.85,4.23,0.41
卓越新能,sh688196,34.63,35.17,35.32,97829900.0,34.6,2100,34.63,4000,-1.54,35.32,34.24,97829900,33880000.0,0.77,3.07,44.05,44.05,42.2,28.14,0.54
沃格光电,sh603773,95.41,95.63,95.67,24883800.0,95.41,48000,95.42,11500,-0.23,99.97,92.79,24883800,2392280000.0,11.08,7.51,214.37,214.44,105.19,86.07,1.37
通易航天,bj920642,10.43,10.92,10.6,3215900.0,10.43,2300,10.44,1200,-4.49,10.69,10.35,3215900,33716300.0,3.22,3.11,10.43,10.81,14.19,7.65,1.03
大连重工,sz002204,5.38,5.41,5.4,15335200.0,5.38,151700,5.39,147100,-0.55,5.43,5.36,15335200,82730000.0,0.79,1.29,103.91,103.91,5.95,4.87,0.72
亚盛集团,sh600108,3.16,3.26,3.24,62386700.0,3.15,1479000,3.16,353600,-3.07,3.24,3.15,62386700,198810000.0,3.2,2.76,61.52,61.52,3.59,2.93,0.79
东易日盛,sz002713,9.78,9.6,9.51,18099600.0,9.78,300,9.79,41900,1.88,9.95,9.45,18099600,176360000.0,3.44,5.21,51.49,93.05,10.56,8.64,0.95
中创环保,sz300056,8.38,8.73,8.71,14644800.0,8.38,20500,8.39,22700,-4.01,8.73,8.21,14644800,122170000.0,3.8,5.96,32.28,32.3,10.48,6.98,1.15
艾芬达,sz301575,27.69,27.91,27.91,601000.0,27.69,4000,27.72,600,-0.79,27.91,27.6,601000,16670000.0,2.47,1.11,6.75,33.6,33.49,22.33,0.7
华培动力,sh603121,12.36,12.24,12.45,5350700.0,12.36,700,12.37,17500,0.98,12.48,11.99,5350700,65460000.0,1.58,4.0,41.84,41.84,13.46,11.02,1.14
爱婴室,sh603214,13.76,13.86,13.85,1726400.0,13.75,600,13.76,400,-0.72,13.96,13.65,1726400,23810000.0,1.25,2.24,19.06,19.06,15.25,12.47,0.64
奥美森,bj920080,21.79,21.85,21.68,72400.0,21.65,800,21.76,600,-0.27,21.86,21.6,72400,1569400.0,0.32,1.19,5.01,18.09,28.4,15.3,0.31
润农节水,bj920964,4.53,4.57,4.58,1168800.0,4.52,40200,4.53,8000,-0.88,4.6,4.52,1168800,5319800.0,0.79,1.75,6.69,11.83,5.94,3.2,0.52
万源通,bj920060,22.54,22.88,22.66,1615400.0,22.54,1800,22.55,700,-1.49,23.06,22.3,1615400,36627800.0,1.7,3.32,21.37,34.27,29.74,16.02,0.6
华平股份,sz300074,3.78,3.77,3.75,17497300.0,3.77,206000,3.78,9300,0.27,3.83,3.7,17497300,65930000.0,3.18,3.45,20.78,20.8,4.52,3.02,0.91
通达电气,sh603390,10.13,10.18,10.11,4409700.0,10.13,4700,10.14,40400,-0.49,10.18,10.02,4409700,44560000.0,1.26,1.57,35.56,35.62,11.2,9.16,0.7
巨能股份,bj920578,17.96,17.09,17.09,2834000.0,17.95,37900,17.96,9100,5.09,18.28,16.79,2834000,49889799.99999999,7.98,8.72,6.38,13.74,22.21,11.97,1.87
新风光,sh688663,54.03,52.22,51.7,553613300.0,54.03,5600,54.06,500,3.47,56.0,51.7,553613300,301070000.0,2.81,8.23,106.57,106.57,62.66,41.78,1.12
飞马国际,sz002210,2.29,2.3,2.3,50301600.0,2.29,92600,2.3,1307200,-0.43,2.31,2.25,50301600,115040000.0,1.89,2.61,60.81,60.94,2.53,2.07,0.84
晶华新材,sh603683,15.68,15.73,15.71,19929200.0,15.67,65700,15.68,29800,-0.32,15.87,15.38,19929200,311690000.0,6.91,3.12,45.2,45.67,17.3,14.16,0.75
能科科技,sh603859,42.48,43.03,43.1,6751100.0,42.47,10000,42.48,6500,-1.28,43.15,42.0,6751100,287380000.0,2.76,2.67,103.95,113.17,47.33,38.73,0.57
天威视讯,sz002238,6.12,6.17,6.16,3024100.0,6.12,2200,6.13,65800,-0.81,6.19,6.08,3024100,18540000.0,0.38,1.78,49.12,49.12,6.79,5.55,0.61
坤博精工,bj920570,26.07,25.2,25.45,1746400.0,26.07,3400,26.08,700,3.45,26.68,24.61,1746400,45287500.0,6.85,8.21,6.65,13.08,32.76,17.64,2.49
金健米业,sh600127,6.15,6.3,6.26,35944700.0,6.15,93300,6.16,241400,-2.38,6.31,6.12,35944700,222370000.0,5.6,3.02,39.47,39.47,6.93,5.67,0.84
禾元生物-U,sh688765,39.39,38.92,38.73,567320700.0,39.37,1200,39.39,6300,1.21,40.4,38.32,567320700,223730000.0,7.88,5.34,28.35,140.82,46.7,31.14,1.09
招标股份,sz301136,11.59,11.71,11.63,4001600.0,11.59,10800,11.6,4500,-1.02,11.75,11.42,4001600,46270000.0,1.46,2.82,31.86,31.9,14.05,9.37,0.82
宜通世纪,sz300310,4.44,4.48,4.47,18833300.0,4.43,218800,4.44,74400,-0.89,4.5,4.38,18833300,83640000.0,2.72,2.68,30.7,39.15,5.38,3.58,0.54
*ST动力,sz300152,1.68,1.67,1.7,36689900.0,1.68,89000,1.69,398700,0.6,1.76,1.67,36689900,62480000.0,5.15,5.39,11.97,11.98,2.0,1.34,1.32
华峰超纤,sz300180,4.43,4.43,4.44,16629600.0,4.42,99300,4.43,18300,0.0,4.46,4.38,16629600,73530000.0,0.97,1.81,75.87,78.01,5.32,3.54,0.52
盛视科技,sz002990,52.17,56.76,55.0,19394300.0,52.17,26100,52.18,900,-8.09,55.59,51.5,19394300,1027790000.0,14.05,7.21,72.0,136.61,62.44,51.08,1.07
风神股份,sh600469,5.48,5.52,5.51,6088700.0,5.48,102600,5.49,68800,-0.72,5.57,5.46,6088700,33500000.0,0.83,1.99,39.97,48.77,6.07,4.97,0.9
锋尚文化,sz300860,26.4,26.77,26.5,1595600.0,26.4,5700,26.41,2000,-1.38,26.7,26.2,1595600,42170000.0,1.46,1.87,28.89,49.75,32.12,21.42,0.47
方正阀门,bj920082,8.35,8.53,8.48,1088500.0,8.35,700,8.36,16900,-2.11,8.54,8.34,1088500,9176700.0,1.9,2.34,4.78,16.99,11.08,5.98,0.76
中科金财,sz002657,15.85,15.88,15.88,9046800.0,15.85,27600,15.86,18200,-0.19,16.03,15.55,9046800,143420000.0,2.69,3.02,53.28,53.9,17.47,14.29,0.5
华纺股份,sh600448,2.88,2.86,2.87,9718000.0,2.87,1000,2.88,338600,0.7,2.88,2.81,9718000,27700000.0,1.54,2.45,18.14,18.14,3.15,2.57,0.76
旺成科技,bj920896,12.34,12.41,12.34,505600.0,12.28,400,12.34,5200,-0.56,12.5,12.14,505600,6235100.0,1.14,2.9,5.48,12.49,16.13,8.69,0.82
汇隆活塞,bj920455,5.89,5.94,5.97,545500.0,5.89,500,5.9,100,-0.84,5.97,5.83,545500,3226600.0000000005,0.56,2.36,5.73,10.45,7.72,4.16,0.78
鸿日达,sz301285,77.06,78.14,78.43,3498200.0,77.06,700,77.1,1400,-1.38,78.93,74.84,3498200,269610000.0,1.69,5.23,159.26,159.26,93.77,62.51,0.99
兆新股份,sz002256,3.97,3.61,3.62,84260300.0,3.97,15066600,0.0,0,9.97,3.97,3.56,84260300,327540000.0,4.18,11.36,79.97,81.01,3.97,3.25,1.34
长江能科,bj920158,8.42,8.54,8.58,1186300.0,8.42,2600,8.43,2500,-1.41,8.7,8.42,1186300,10094700.0,2.22,3.28,4.5,16.81,11.1,5.98,0.64
中化装备,sh600579,7.19,7.33,7.31,4660600.0,7.18,53000,7.19,26700,-1.91,7.32,7.19,4660600,33780000.0,0.94,1.77,35.49,35.49,8.06,6.6,0.76
ST椰岛,sh600238,4.36,4.31,4.31,4178000.0,4.35,7300,4.36,125500,1.16,4.36,4.28,4178000,18080000.0,0.94,1.86,19.41,19.54,4.74,3.88,0.57
ST西王,sz000639,1.71,1.61,1.6,115868700.0,1.71,665500,1.72,1214900,6.21,1.77,1.59,115868700,197500000.0,10.73,11.18,18.46,18.46,1.77,1.45,2.0
马应龙,sh600993,23.82,23.79,23.69,4844000.0,23.82,7300,23.83,7500,0.13,24.07,23.61,4844000,115500000.0,1.13,1.93,102.5,102.68,26.17,21.41,0.75
ST加加,sz002650,6.09,6.33,6.33,3952400.0,6.09,86800,6.1,48800,-3.79,6.36,6.03,3952400,24480000.0,0.36,5.21,67.42,67.42,6.96,5.7,0.85
佳都科技,sh600728,4.74,4.77,4.79,21741400.0,4.74,187400,4.75,10800,-0.63,4.81,4.72,21741400,103460000.0,1.02,1.89,101.09,101.09,5.25,4.29,0.59
动力新科,sh600841,5.8,5.85,5.85,16156900.0,5.8,13300,5.81,147600,-0.85,5.91,5.75,16156900,93940000.0,1.55,2.74,60.5,80.49,6.44,5.27,1.05
群兴玩具,sz002575,5.48,5.3,5.35,52568900.0,5.48,9900,5.49,94100,3.4,5.61,5.2,52568900,285260000.0,9.0,7.74,32.02,33.78,5.83,4.77,1.53
梅雁吉祥,sh600868,2.84,2.87,2.85,39851500.0,2.83,355200,2.84,804500,-1.05,2.87,2.82,39851500,113240000.0,2.1,1.74,53.91,53.91,3.16,2.58,0.8
江苏雷利,sz300660,27.56,27.02,26.88,9949100.0,27.56,31700,27.57,15400,2.0,27.96,26.7,9949100,273280000.0,1.71,4.66,160.1,160.2,32.42,21.62,1.06
味知香,sh605089,20.26,20.23,20.31,889300.0,20.2,800,20.26,900,0.15,20.38,20.0,889300,17990000.0,0.64,1.88,27.96,27.96,22.25,18.21,0.64
富临运业,sz002357,9.08,9.06,9.06,5996100.0,9.07,4200,9.08,38500,0.22,9.17,8.94,5996100,54490000.0,1.91,2.54,28.46,28.46,9.97,8.15,1.04
华神科技,sz000790,4.08,4.05,4.05,19314400.0,4.07,24200,4.08,132300,0.74,4.15,4.03,19314400,78620000.0,3.1,2.96,25.4,25.45,4.46,3.65,1.08
一鸣食品,sh605179,27.63,25.12,25.72,41599000.0,27.63,864200,0.0,0,9.99,27.63,25.0,41599000,1115570000.0,10.37,10.47,110.8,110.8,27.63,22.61,1.09
金陵药业,sz000919,6.53,6.58,6.56,11774900.0,6.53,103400,6.54,102700,-0.76,6.63,6.51,11774900,77290000.0,1.89,1.82,40.6,40.61,7.24,5.92,0.96
泰慕士,sz001234,21.91,20.92,20.91,2689300.0,21.9,1900,21.91,300,4.73,22.09,20.53,2689300,58010000.0,2.94,7.46,20.04,23.79,23.01,18.83,1.82
精锻科技,sz300258,10.55,10.28,10.25,13646600.0,10.54,11100,10.55,39000,2.63,10.64,10.13,13646600,142300000.0,2.39,4.96,60.12,61.72,12.34,8.22,1.83
旗天科技,sz300061,6.7,6.74,6.74,13992500.0,6.7,98700,6.71,33000,-0.59,6.77,6.54,13992500,93570000.0,2.25,3.41,41.69,44.15,8.09,5.39,0.72
桂发祥,sz002820,9.41,9.41,9.38,5010000.0,9.4,1000,9.41,6500,0.0,9.5,9.23,5010000,47070000.0,2.49,2.87,18.9,18.9,10.35,8.47,0.8
*ST起步,sh603557,3.9,3.85,3.85,4629000.0,3.88,33900,3.9,76600,1.3,3.9,3.76,4629000,17750000.0,0.74,3.64,24.31,24.31,4.24,3.47,0.89
华曙高科,sh688433,91.48,93.15,91.2,426318700.0,91.48,13400,91.6,11900,-1.79,93.79,89.99,426318700,392420000.0,1.03,4.08,380.17,380.17,111.78,74.52,0.74
采纳股份,sz301122,32.12,31.82,31.4,3540500.0,32.11,19100,32.12,3100,0.94,32.86,31.4,3540500,114180000.0,4.68,4.59,24.3,39.27,38.18,25.46,0.93
新宁物流,sz300013,4.15,3.96,3.99,34048300.0,4.14,110000,4.15,185200,4.8,4.17,3.88,34048300,138370000.0,6.1,7.32,23.15,23.17,4.75,3.17,1.85
珠免集团,sh600185,4.77,4.77,4.76,13456600.0,4.77,464200,4.78,4600,0.0,4.81,4.71,13456600,64190000.0,0.71,2.1,89.91,89.91,5.25,4.29,0.67
苏州科达,sh603660,12.1,12.25,12.27,26498700.0,12.1,156000,12.11,13300,-1.22,12.43,11.9,26498700,322650000.0,4.64,4.33,69.15,69.15,13.48,11.03,0.8
昂立教育,sh600661,9.6,9.72,9.6,8705900.0,9.59,14100,9.6,6000,-1.23,9.64,9.43,8705900,82930000.0,3.04,2.16,27.51,27.51,10.69,8.75,0.48
瑞立科密,sz001285,42.12,42.35,42.88,745100.0,42.1,1300,42.12,1400,-0.54,42.88,41.95,745100,31460000.0,1.8,2.2,17.48,75.89,46.59,38.12,0.69
华锡有色,sh600301,48.42,50.93,50.94,14352100.0,48.41,200,48.42,75900,-4.93,51.38,48.2,14352100,712250000.0,5.21,6.24,133.32,306.29,56.02,45.84,0.93
中宠股份,sz002891,31.21,31.87,31.8,12674200.0,31.2,4500,31.21,400,-2.07,32.25,31.05,12674200,399300000.0,3.94,3.77,100.46,100.46,35.06,28.68,0.89
万  科Ａ,sz000002,3.23,3.25,3.24,81299300.0,3.22,2415500,3.23,1950000,-0.62,3.27,3.22,81299300,263350000.0,0.84,1.54,313.86,385.36,3.58,2.93,0.59
鑫科材料,sh600255,3.36,3.45,3.44,83105700.0,3.35,1016500,3.36,482300,-2.61,3.54,3.35,83105700,283910000.0,4.6,5.51,60.69,60.69,3.8,3.11,1.0
鹏飞绿能,sz002356,2.75,2.76,2.75,11085400.0,2.75,1800,2.76,334300,-0.36,2.77,2.71,11085400,30450000.0,0.85,2.17,36.06,36.06,3.04,2.48,0.66
秦川物联,sh688528,9.52,9.63,9.53,210167100.0,9.52,5100,9.54,1200,-1.14,9.66,9.35,210167100,19990000.0,1.25,3.22,15.99,15.99,11.56,7.7,1.02
金富科技,sz003018,38.58,38.3,37.8,10651200.0,38.57,3400,38.58,1200,0.73,39.59,37.41,10651200,409970000.0,3.74,5.69,109.76,121.12,42.13,34.47,0.74
凯众股份,sh603037,10.42,10.41,10.5,2300300.0,10.41,26400,10.42,12900,0.1,10.5,10.26,2300300,23860000.0,0.86,2.31,27.73,27.77,11.45,9.37,0.64
黑芝麻,sz000716,4.8,4.83,4.85,11425700.0,4.8,12400,4.81,104300,-0.62,4.85,4.78,11425700,54980000.0,1.55,1.45,35.31,36.14,5.31,4.35,0.71
兆日科技,sz300333,8.87,8.87,0.0,0.0,0.0,0,0.0,0,0.0,0.0,0.0,0,0.0,0.0,0.0,29.69,29.8,10.64,7.1,0.0
方大新材,bj920163,11.25,11.25,11.23,449200.0,11.25,4000,11.26,1000,0.0,11.35,11.1,449200,5029400.0,0.74,2.22,6.83,14.47,14.62,7.88,0.41
扬农化工,sh600486,54.1,55.97,55.86,9775500.0,54.1,42700,54.11,400,-3.34,56.98,53.63,9775500,538920000.0,2.42,5.99,218.62,218.62,61.57,50.37,1.8
联创光电,sh600363,20.55,20.52,19.27,100420000.0,20.55,169300,20.56,100,0.15,21.1,19.22,100420000,2023830000.0,22.27,9.16,92.66,92.66,22.57,18.47,2.47
祖名股份,sz003030,22.96,22.97,22.8,2305000.0,22.94,14700,22.96,31600,-0.04,23.21,22.7,2305000,53070000.0,2.85,2.22,18.59,28.65,25.27,20.67,0.57
通光线缆,sz300265,14.58,14.79,14.65,18984100.0,14.57,19100,14.58,78600,-1.42,14.69,14.31,18984100,276190000.0,4.06,2.57,68.13,68.18,17.75,11.83,0.57
深华发Ａ,sz000020,11.17,11.15,11.01,2398800.0,11.16,7200,11.17,1900,0.18,11.24,10.99,2398800,26690000.0,1.32,2.24,20.24,31.63,12.27,10.04,0.67
恒银科技,sh603106,9.34,8.49,8.75,59932800.0,9.34,7270300,0.0,0,10.01,9.34,8.4,59932800,536710000.0,11.51,11.07,48.62,48.62,9.34,7.64,0.76
中稀有色,sh600259,86.21,90.5,89.06,13050500.0,86.2,100300,86.21,1300,-4.74,90.49,86.2,13050500,1154590000.0,3.88,4.74,290.04,290.04,99.55,81.45,0.81
傲农生物,sh603363,2.91,2.95,2.94,32037800.0,2.9,909500,2.91,891800,-1.36,2.95,2.89,32037800,93280000.0,1.49,2.03,62.47,79.47,3.25,2.66,0.97
ST文峰,sh601010,1.42,1.41,1.4,19082500.0,1.42,959000,1.43,1725300,0.71,1.43,1.39,19082500,27030000.0,1.06,2.84,25.68,25.68,1.55,1.27,0.93
*ST瑞茂,sh600180,1.56,1.58,1.58,18415000.0,1.56,719500,1.57,393700,-1.27,1.6,1.54,18415000,28920000.0,1.69,3.8,16.95,16.95,1.74,1.42,0.67
世荣兆业,sz002016,4.47,4.5,4.49,6515000.0,4.47,56500,4.48,14800,-0.67,4.54,4.44,6515000,29210000.0,0.81,2.22,36.17,36.17,4.95,4.05,0.53
*ST康佳A,sz000016,2.55,2.57,2.55,8859900.0,2.54,441100,2.55,273800,-0.78,2.56,2.52,8859900,22490000.0,0.55,1.56,40.71,61.4,2.83,2.31,0.53
万里马,sz300591,8.1,8.03,7.92,30676900.0,8.1,339700,8.11,158800,0.87,8.3,7.74,30676900,246760000.0,8.75,6.97,28.39,32.86,9.64,6.42,1.43
电连技术,sz300679,41.31,40.87,40.37,14990000.0,41.31,1000,41.32,2100,1.08,42.1,40.05,14990000,618420000.0,4.17,5.02,148.49,175.49,49.04,32.7,0.86
飞乐音响,sh600651,6.18,6.34,6.31,28429800.0,6.18,96300,6.19,12200,-2.52,6.36,6.17,28429800,177610000.0,1.13,3.0,154.93,154.93,6.97,5.71,0.97
宇晶股份,sz002943,35.0,35.19,35.78,14149000.0,35.0,37600,35.01,1600,-0.54,35.78,33.82,14149000,492590000.0,7.49,5.57,66.1,93.39,38.71,31.67,0.9
ST麦趣,sz002719,6.07,6.06,6.07,3506200.0,6.06,77000,6.07,30000,0.17,6.12,5.96,3506200,21240000.0,2.17,2.64,9.83,10.57,6.67,5.45,0.85
雷曼光电,sz300162,7.74,7.91,7.8,23387900.0,7.73,221700,7.74,22300,-2.15,7.84,7.66,23387900,181540000.0,6.84,2.28,26.48,32.47,9.49,6.33,0.7
天目药业,sh600671,21.5,21.7,21.62,2587300.0,21.5,64300,21.51,2000,-0.92,21.71,21.12,2587300,55330000.0,2.12,2.72,26.18,26.18,23.87,19.53,0.47
澳柯玛,sh600336,6.32,6.38,6.37,5531600.0,6.32,9000,6.33,14500,-0.94,6.41,6.29,5531600,35130000.0,0.69,1.88,50.43,50.43,7.02,5.74,0.95
赛轮轮胎,sh601058,13.55,13.87,13.8,23717100.0,13.54,51900,13.55,214100,-2.31,14.08,13.53,23717100,326280000.0,0.72,3.97,445.54,445.54,15.26,12.48,0.74
上海沿浦,sh605128,25.69,25.08,25.18,13403400.0,25.68,18100,25.69,30300,2.43,26.36,24.8,13403400,346160000.0,4.27,6.22,80.66,80.66,27.59,22.57,2.79
晶丰明源,sh688368,124.3,125.13,123.23,296110200.0,124.29,700,124.3,0,-0.66,126.58,121.0,296110200,367820000.0,2.39,4.46,153.77,253.33,150.16,100.1,0.66
浙江荣泰,sh603119,56.46,53.8,54.26,20448900.0,56.46,7800,56.47,5900,4.94,57.2,52.86,20448900,1133890000.0,4.32,8.07,266.98,266.98,59.18,48.42,1.83
安正时尚,sh603839,7.05,7.07,7.0,3735000.0,7.04,1500,7.05,8200,-0.28,7.12,6.96,3735000,26290000.0,0.97,2.26,27.28,27.28,7.78,6.36,0.89
安琪酵母,sh600298,43.38,43.49,43.59,14367200.0,43.38,3100,43.39,4900,-0.25,44.49,42.86,14367200,629570000.0,1.68,3.75,371.83,376.46,47.84,39.14,0.87
金发拉比,sz002762,10.31,9.37,9.03,23405800.0,10.31,864600,0.0,0,10.03,10.31,8.98,23405800,224860000.0,11.07,14.19,21.79,36.5,10.31,8.43,2.26
华如科技,sz301302,24.08,24.46,24.35,4314600.0,24.08,3800,24.09,400,-1.55,24.35,23.66,4314600,103420000.0,3.1,2.82,33.47,37.53,29.35,19.57,0.47
抚顺特钢,sh600399,4.26,4.38,4.34,31071100.0,4.25,127400,4.26,264700,-2.74,4.36,4.24,31071100,132940000.0,1.58,2.74,84.01,84.01,4.82,3.94,0.9
茶花股份,sh603615,16.31,16.34,16.4,2116900.0,16.3,15100,16.31,300,-0.18,16.55,16.02,2116900,34510000.0,0.88,3.24,39.44,39.44,17.97,14.71,0.8
大连圣亚,sh600593,40.77,40.17,40.06,5446500.0,40.76,5300,40.77,4700,1.49,41.32,39.81,5446500,220540000.0,4.23,3.76,52.51,53.18,44.19,36.15,1.56
超讯科技,sh603322,26.75,26.95,26.98,2972200.0,26.73,2700,26.75,26700,-0.74,27.19,26.38,2972200,79780000.0,1.89,3.01,42.15,42.15,29.65,24.26,0.58
登云股份,sz002715,15.03,13.66,13.79,8526100.0,15.03,1785900,0.0,0,10.03,15.03,13.66,8526100,123370000.0,6.18,10.03,20.74,20.74,15.03,12.29,2.96
合锻智能,sh603011,24.05,23.95,23.4,99792900.0,24.04,286900,24.05,97500,0.42,24.89,22.79,99792900,2383300000.0,20.18,8.77,118.91,118.91,26.35,21.56,1.03
锦江在线,sh600650,11.07,10.73,10.63,12111500.0,11.07,52500,11.08,12200,3.17,11.43,10.62,12111500,134770000.0,3.1,7.55,43.24,61.06,11.8,9.66,1.14
模塑科技,sz000700,11.98,11.49,11.39,71913600.0,11.98,137000,11.99,46600,4.26,12.2,11.34,71913600,854270000.0,7.83,7.48,109.98,109.98,12.64,10.34,1.42
思创智联,sz300078,3.16,3.17,3.15,31052400.0,3.15,293600,3.16,16300,-0.32,3.19,3.08,31052400,97570000.0,2.79,3.47,35.18,35.32,3.8,2.54,0.96
光电股份,sh600184,17.87,18.06,17.76,14100000.0,17.86,2900,17.87,900,-1.05,18.13,17.63,14100000,252720000.0,2.42,2.77,104.13,104.13,19.87,16.25,0.8
*ST雅博,sz002323,1.33,1.31,1.32,44953600.0,1.32,3642800,1.33,1468700,1.53,1.35,1.31,44953600,59660000.0,2.12,3.05,28.2,28.21,1.44,1.18,1.02
陕西金叶,sz000812,3.58,3.66,3.65,21686800.0,3.57,168400,3.58,19300,-2.19,3.66,3.57,21686800,78330000.0,2.87,2.46,27.07,27.08,4.03,3.29,0.96
曙光股份,sh600303,2.92,2.91,2.9,20220500.0,2.91,322800,2.92,543500,0.34,2.93,2.85,20220500,58600000.0,2.98,2.75,19.78,19.96,3.2,2.62,0.74
中国一重,sh601106,3.18,3.21,3.19,39566100.0,3.17,121500,3.18,1360500,-0.93,3.2,3.14,39566100,125400000.0,0.58,1.87,218.08,218.08,3.53,2.89,0.57
巨星科技,sz002444,30.56,30.94,30.67,9631300.0,30.56,300,30.57,500,-1.23,31.06,30.29,9631300,295360000.0,0.84,2.49,350.44,365.03,34.03,27.85,0.77
新开普,sz300248,9.35,9.68,9.53,25479100.0,9.35,51500,9.36,28600,-3.41,9.57,9.25,25479100,238880000.0,6.23,3.31,38.25,44.54,11.62,7.74,0.68
北矿检测,bj920160,19.68,20.02,19.97,431400.0,19.64,500,19.68,3300,-1.7,19.98,19.62,431400,8545900.0,1.69,1.8,5.02,22.29,26.02,14.02,0.69
流金科技,bj920021,7.25,7.38,7.4,13774500.0,7.25,73100,7.26,58500,-1.76,7.58,7.24,13774500,101729400.0,5.56,4.61,17.95,22.4,9.59,5.17,0.55
七一二,sh603712,12.08,12.42,12.27,10664200.0,12.08,52000,12.09,9400,-2.74,12.28,11.96,10664200,129050000.0,1.38,2.58,93.26,93.26,13.66,11.18,0.99
麒麟信安,sh688152,28.55,28.62,28.75,106260500.0,28.55,900,28.56,2000,-0.24,28.78,28.11,106260500,30280000.0,1.04,2.34,29.09,29.09,34.34,22.9,0.55
传音控股,sh688036,57.27,58.11,58.11,1253207200.0,57.27,1100,57.28,2000,-1.45,58.19,56.82,1253207200,717710000.0,1.09,2.36,659.28,659.28,69.73,46.49,0.55
合百集团,sz000417,5.99,6.02,5.98,25392000.0,5.98,380400,5.99,25800,-0.5,6.02,5.92,25392000,152000000.0,3.26,1.66,46.66,46.72,6.62,5.42,0.69
大唐电信,sh600198,7.16,7.27,7.21,12827800.0,7.16,293700,7.17,233400,-1.51,7.24,7.12,12827800,92090000.0,0.99,1.65,93.22,93.34,8.0,6.54,0.7
精创电气,bj920035,23.81,24.43,24.43,665200.0,23.81,100,23.84,1200,-2.54,24.45,23.81,665200,16017000.0,4.23,2.62,3.75,16.53,31.75,17.11,0.9
中钢洛耐,sh688119,3.98,4.09,4.05,1035474000.0,3.98,6600,3.99,172700,-2.69,4.06,3.95,1035474000,41290000.0,0.92,2.69,44.77,44.77,4.91,3.27,1.07
四川九洲,sz000801,11.45,11.61,11.52,7300900.0,11.45,16900,11.46,44800,-1.38,11.62,11.4,7300900,84000000.0,0.72,1.89,116.33,116.37,12.77,10.45,0.64
厦工股份,sh600815,3.6,3.61,3.54,114059700.0,3.6,233100,3.61,282400,-0.28,3.68,3.46,114059700,411010000.0,6.43,6.09,63.87,63.87,3.97,3.25,0.97
南网数字,sz301638,23.6,23.87,23.73,9328300.0,23.59,200,23.6,26500,-1.13,23.95,23.37,9328300,220600000.0,3.73,2.43,59.06,750.4,28.64,19.1,0.58
中源家居,sh603709,11.46,11.58,11.51,2231400.0,11.45,5300,11.46,7800,-1.04,11.65,11.34,2231400,25600000.0,1.37,2.68,18.64,18.71,12.74,10.42,0.85
申昊科技,sz300853,26.81,26.38,26.13,6243200.0,26.81,3400,26.84,400,1.63,27.68,25.41,6243200,166300000.0,6.35,8.61,26.36,39.4,31.66,21.1,1.01
崇德科技,sz301548,64.0,64.63,64.58,1222700.0,64.0,3800,64.11,1000,-0.97,64.8,63.0,1222700,78280000.0,4.66,2.79,16.79,55.68,77.56,51.7,0.6
卓胜微,sz300782,77.55,76.41,75.9,14986200.0,77.55,400,77.56,500,1.49,79.56,75.44,14986200,1161300000.0,3.34,5.39,347.62,445.9,91.69,61.13,0.91
东望时代,sh600052,3.89,3.85,3.82,12671500.0,3.89,41600,3.9,249500,1.04,3.94,3.82,12671500,49270000.0,1.5,3.12,32.84,32.84,4.24,3.47,1.23
中锐股份,sz002374,3.18,3.4,3.36,46405300.0,3.17,45900,3.18,396900,-6.47,3.39,3.15,46405300,148730000.0,4.28,7.06,34.51,34.51,3.74,3.06,1.57
罗曼股份,sh605289,99.35,103.1,103.11,3299400.0,99.35,5600,99.36,100,-3.64,103.11,99.06,3299400,331850000.0,2.16,3.93,151.41,151.62,113.41,92.79,0.65
雷尔伟,sz301016,13.01,13.15,13.11,3552800.0,13.01,7900,13.03,2000,-1.06,13.17,12.83,3552800,46280000.0,1.21,2.59,38.23,39.86,15.78,10.52,0.44
万朗磁塑,sh603150,52.97,53.02,52.66,1531100.0,52.95,300,52.97,1300,-0.09,53.93,51.93,1531100,81100000.0,1.79,3.77,45.28,45.28,58.32,47.72,0.99
华安鑫创,sz300928,25.6,25.76,25.63,972700.0,25.6,1200,25.7,600,-0.62,25.85,25.29,972700,24930000.0,1.82,2.17,13.72,20.48,30.91,20.61,0.63
一致魔芋,bj920273,17.09,17.5,17.42,1936900.0,17.08,1300,17.09,900,-2.34,17.77,17.04,1936900,33557400.0,2.82,4.17,11.72,17.61,22.75,12.25,0.83
海昌新材,sz300885,21.02,20.94,21.0,3640600.0,21.02,6500,21.04,7900,0.38,21.3,20.75,3640600,76600000.0,2.18,2.63,35.11,52.16,25.13,16.75,1.01
雪人集团,sz002639,12.43,12.61,12.6,19252600.0,12.43,64000,12.44,97800,-1.43,12.6,12.37,19252600,239840000.0,2.92,1.82,81.99,96.82,13.87,11.35,0.4
联建光电,sz300269,4.89,4.86,4.88,17203000.0,4.88,137200,4.89,1600,0.62,4.95,4.74,17203000,83500000.0,3.27,4.32,25.7,26.75,5.83,3.89,0.95
花溪科技,bj920895,12.76,12.86,12.86,485500.0,12.75,2000,12.76,100,-0.78,12.95,12.68,485500,6235300.0,1.69,2.1,3.67,7.21,16.71,9.01,0.47
香飘飘,sh603711,11.92,12.19,12.3,19866200.0,11.92,92100,11.94,33900,-2.21,12.6,11.82,19866200,241170000.0,4.81,6.4,49.21,49.21,13.41,10.97,3.0
凤形股份,sz002760,17.71,17.95,17.79,3310400.0,17.69,1700,17.71,3300,-1.34,17.94,17.53,3310400,58730000.0,3.07,2.28,19.12,19.12,19.75,16.16,0.83
安车检测,sz300572,20.72,20.45,20.27,3902000.0,20.71,3400,20.72,2400,1.32,21.13,19.9,3902000,80390000.0,2.15,6.01,37.56,47.45,24.54,16.36,0.69
泰永长征,sz002927,15.93,16.05,15.98,6107900.0,15.93,37500,15.94,1400,-0.75,16.19,15.52,6107900,97070000.0,2.77,4.17,35.16,35.55,17.66,14.45,1.1
谱尼测试,sz300887,7.53,7.79,7.61,24086100.0,7.53,146500,7.54,18300,-3.34,7.64,7.47,24086100,181650000.0,6.65,2.18,27.27,41.09,9.35,6.23,0.77
汇绿生态,sz001267,39.54,42.97,42.52,53519200.0,39.54,51700,39.55,200,-7.98,42.97,39.3,53519200,2154370000.0,8.79,8.54,240.62,310.39,47.27,38.67,1.0
四方精创,sz300468,21.79,21.82,21.87,19062200.0,21.79,21000,21.8,37100,-0.14,22.05,21.46,19062200,414790000.0,3.6,2.7,115.44,115.63,26.18,17.46,0.48
梅安森,sz300275,8.88,8.84,9.01,6972800.0,8.88,28600,8.89,40200,0.45,9.16,8.75,6972800,62040000.0,2.57,4.64,24.11,27.35,10.61,7.07,1.12
锦泓集团,sh603518,8.09,8.19,8.21,4716400.0,8.09,2100,8.1,5300,-1.22,8.22,8.05,4716400,38290000.0,1.37,2.08,27.84,27.94,9.01,7.37,0.71
智新电子,bj920212,9.51,9.55,9.58,514000.0,9.51,4200,9.56,500,-0.42,9.64,9.43,514000,4904900.0,1.0,2.2,4.91,10.09,12.41,6.69,0.64
铭普光磁,sz002902,24.26,24.18,24.08,13395900.0,24.26,18200,24.27,7600,0.33,24.54,23.79,13395900,324610000.0,7.54,3.1,43.09,57.01,26.6,21.76,0.43
ST龙元,sh600491,1.24,1.23,1.23,21647700.0,1.23,13320200,1.24,17230900,0.81,1.24,1.23,21647700,26720000.0,1.42,0.81,18.97,18.97,1.35,1.11,0.63
ST如意,sz002193,4.78,4.71,4.81,9378100.0,4.77,10300,4.78,3800,1.49,4.94,4.65,9378100,45120000.0,3.58,6.16,12.51,12.51,5.18,4.24,1.81
芭薇股份,bj920123,10.85,11.1,11.04,998600.0,10.83,1500,10.85,1200,-2.25,11.25,10.78,998600,10987400.0,1.54,4.23,7.05,12.1,14.43,7.77,0.65
夜光明,bj920527,13.92,14.17,14.06,763200.0,13.92,5700,13.93,200,-1.76,14.17,13.8,763200,10656900.0,1.64,2.61,6.48,8.36,18.42,9.92,0.75
豪悦护理,sh605009,23.95,24.35,24.44,1105600.0,23.94,3700,23.95,5900,-1.64,24.46,23.9,1105600,26680000.0,0.51,2.3,51.48,51.48,26.79,21.92,0.93
中海达,sz300177,6.27,6.37,6.31,9252500.0,6.27,22400,6.29,14300,-1.57,6.35,6.21,9252500,58090000.0,1.53,2.2,38.02,46.66,7.64,5.1,0.91
美邦服饰,sz002269,1.48,1.46,1.46,45363300.0,1.47,3260900,1.48,1707900,1.37,1.49,1.45,45363300,66870000.0,1.94,2.74,34.69,37.19,1.61,1.31,0.89
日月明,sz300906,27.57,28.12,27.69,1589500.0,27.55,4000,27.57,600,-1.96,27.95,26.92,1589500,43660000.0,2.2,3.66,19.92,22.06,33.74,22.5,1.0
兴民智通,sz002355,4.71,4.68,4.68,38975600.0,4.71,61000,4.72,172900,0.64,4.76,4.53,38975600,181920000.0,6.31,4.91,29.12,31.49,5.15,4.21,0.72
均瑶健康,sh605388,6.17,6.2,6.08,24115700.0,6.17,31700,6.18,55200,-0.48,6.25,6.05,24115700,148530000.0,4.02,3.23,37.05,37.05,6.82,5.58,0.76
中天服务,sz002188,5.4,5.41,5.39,7347600.0,5.4,42000,5.42,1300,-0.18,5.45,5.33,7347600,39590000.0,2.85,2.22,13.9,17.66,5.95,4.87,0.73
福龙马,sh603686,13.31,13.46,13.46,7375900.0,13.31,26200,13.32,63700,-1.11,13.48,13.18,7375900,98030000.0,1.78,2.23,55.29,55.29,14.81,12.11,0.59
步科股份,sh688160,114.42,110.16,109.66,264549800.0,114.42,800,114.43,200,3.87,116.44,107.15,264549800,297580000.0,2.9,8.43,104.37,104.37,132.19,88.13,1.25
桂林旅游,sz000978,6.13,6.17,6.17,7844500.0,6.13,87200,6.15,19500,-0.65,6.21,6.09,7844500,48220000.0,1.68,1.94,28.7,28.7,6.79,5.55,0.99
桂冠电力,sh600236,10.67,10.89,10.8,26567900.0,10.66,213500,10.68,70600,-2.02,10.98,10.66,26567900,286880000.0,0.34,2.94,841.05,841.05,11.98,9.8,0.86
家家悦,sh603708,9.52,9.57,9.57,3092200.0,9.52,900,9.53,1500,-0.52,9.59,9.41,3092200,29360000.0,0.48,1.88,60.77,60.77,10.53,8.61,0.74
首旅酒店,sh600258,12.25,12.3,12.25,15662000.0,12.25,1900,12.26,30400,-0.41,12.57,12.18,15662000,193020000.0,1.4,3.17,136.78,136.78,13.53,11.07,0.89
金力泰,sz300225,7.35,7.25,7.15,11891300.0,7.34,26400,7.35,85900,1.38,7.47,7.09,11891300,86780000.0,2.52,5.24,34.7,34.94,8.7,5.8,0.87
科博达,sh603786,43.61,43.0,43.0,2314500.0,43.61,5900,43.62,1900,1.42,44.09,42.72,2314500,100890000.0,0.57,3.19,176.12,176.12,47.3,38.7,1.18
晓鸣股份,sz300967,16.51,16.39,16.05,9941000.0,16.51,14000,16.52,40900,0.73,16.98,16.02,9941000,164240000.0,7.97,5.86,20.6,30.97,19.67,13.11,1.83
启明信息,sz002232,14.66,14.75,14.65,3410100.0,14.66,3000,14.67,700,-0.61,14.83,14.53,3410100,50110000.0,0.83,2.03,59.89,59.89,16.23,13.28,0.63
邵阳液压,sz301079,29.44,30.01,29.79,3009200.0,29.44,2900,29.45,11000,-1.9,30.06,28.93,3009200,88430000.0,3.91,3.77,22.65,31.93,36.01,24.01,0.83
大众公用,sh600635,4.75,4.71,4.73,27772500.0,4.74,117400,4.75,328400,0.85,4.78,4.69,27772500,131710000.0,1.15,1.91,114.89,140.24,5.18,4.24,0.73
*ST华幸,sh600340,1.09,1.11,1.1,48839600.0,1.09,2046800,1.1,4363900,-1.8,1.11,1.08,48839600,53390000.0,1.25,2.7,42.44,42.44,1.22,1.0,0.74
*ST顾地,sz002694,2.19,2.19,2.17,3168700.0,2.19,14700,2.2,28400,0.0,2.21,2.13,3168700,6920000.0,0.44,3.65,15.74,16.71,2.41,1.97,0.8
长盈精密,sz300115,28.18,27.68,27.29,41181100.0,28.18,165400,28.19,117500,1.81,28.5,27.22,41181100,1151980000.0,3.03,4.62,382.5,383.63,33.22,22.14,1.13
优刻得-W,sh688158,35.06,34.03,34.58,3156116200.0,35.05,700,35.06,23100,3.03,35.7,33.32,3156116200,1100610000.0,7.7,6.99,143.7,161.52,40.84,27.22,0.86
福华尚纬,sh603333,9.45,9.24,9.18,33407900.0,9.44,5600,9.45,168300,2.27,9.55,8.87,33407900,310170000.0,5.38,7.36,58.73,58.73,10.16,8.32,1.39
*ST启环,sz000826,1.77,1.82,1.81,18186500.0,1.77,283900,1.78,1029800,-2.75,1.81,1.75,18186500,32250000.0,1.28,3.3,25.23,25.23,2.0,1.64,0.61
振芯科技,sz300101,15.06,15.28,15.3,6550900.0,15.05,58700,15.06,2400,-1.44,15.33,14.98,6550900,98880000.0,1.16,2.29,85.24,85.53,18.34,12.22,0.65
高新兴,sz300098,4.66,4.68,4.66,27450100.0,4.66,21800,4.67,416600,-0.43,4.7,4.6,27450100,127640000.0,1.78,2.14,71.85,80.98,5.62,3.74,0.59
腾达科技,sz001379,15.8,15.94,15.89,1157900.0,15.8,19900,15.81,3900,-0.88,15.96,15.6,1157900,18290000.0,1.72,2.26,10.63,31.6,17.53,14.35,0.67
慧为智能,bj920876,16.26,16.48,16.36,891700.0,16.26,800,16.3,200,-1.33,16.55,16.03,891700,14494400.0,2.27,3.16,6.38,10.44,21.42,11.54,0.7
大名城,sh600094,4.36,4.44,4.4,14634100.0,4.36,60600,4.37,38200,-1.8,4.47,4.36,14634100,64630000.0,0.69,2.48,92.7,101.37,4.88,4.0,0.46
金溢科技,sz002869,16.09,16.18,16.19,1641300.0,16.08,6800,16.09,2200,-0.56,16.24,15.94,1641300,26400000.0,1.04,1.85,25.34,28.47,17.8,14.56,0.45
恒太照明,bj920339,12.03,11.58,11.53,1834200.0,11.89,2300,12.03,300,3.89,12.3,11.5,1834200,21802000.0,1.21,6.91,18.19,26.49,15.05,8.11,1.0
科隆新材,bj920098,17.38,17.57,17.65,801800.0,17.36,8800,17.38,1200,-1.08,18.1,17.36,801800,14218900.000000002,1.45,4.21,9.62,14.13,22.84,12.3,0.8
永辉超市,sh601933,3.29,3.27,3.25,155530600.0,3.28,3258500,3.29,274900,0.61,3.33,3.23,155530600,510020000.0,1.74,3.06,293.63,293.63,3.6,2.94,1.04
航发科技,sh600391,30.43,31.25,30.5,6969300.0,30.43,34900,30.45,1700,-2.62,30.9,30.03,6969300,212460000.0,2.11,2.78,100.46,100.46,34.38,28.13,0.67
方正电机,sz002196,11.27,11.18,11.2,24451000.0,11.26,32400,11.27,31900,0.81,11.36,10.98,24451000,274210000.0,5.01,3.4,55.04,55.88,12.3,10.06,0.93
金沃股份,sz300984,33.99,33.55,33.31,6058400.0,33.96,100,33.99,1500,1.31,35.06,31.74,6058400,201590000.0,4.88,9.9,42.16,65.41,40.26,26.84,1.76
佳华科技,sh688051,24.5,24.54,24.07,109943000.0,24.44,400,24.5,200,-0.16,24.79,24.01,109943000,26870000.0,1.42,3.18,18.95,18.95,29.45,19.63,0.7
百利电气,sh600468,6.31,6.63,6.4,48316400.0,6.31,103800,6.32,176000,-4.83,6.46,6.3,48316400,307490000.0,4.44,2.41,68.64,68.64,7.29,5.97,0.57
香江控股,sh600162,4.29,3.9,3.86,96089700.0,4.29,16839400,0.0,0,10.0,4.29,3.86,96089700,400360000.0,2.94,11.03,140.22,140.22,4.29,3.51,0.42
骏创科技,bj920533,19.44,18.25,18.28,4023700.0,19.44,1300,19.45,4100,6.52,20.03,18.1,4023700,77154100.0,5.5,10.58,14.22,25.42,23.72,12.78,2.81
海联金汇,sz002537,5.87,5.88,5.89,14122900.0,5.87,137800,5.88,135400,-0.17,5.93,5.81,14122900,82920000.0,1.21,2.04,68.72,68.91,6.47,5.29,0.55
兴源环境,sz300266,1.92,1.9,1.9,18153500.0,1.91,286200,1.92,2676700,1.05,1.92,1.88,18153500,34540000.0,1.17,2.11,29.82,29.83,2.28,1.52,0.91
精艺股份,sz002295,8.9,8.99,8.98,3439800.0,8.9,100,8.91,18400,-1.0,9.0,8.81,3439800,30650000.0,1.37,2.11,22.29,22.3,9.89,8.09,0.95
众望布艺,sh605003,20.83,21.0,21.0,1232600.0,20.83,500,20.84,3000,-0.81,21.08,20.59,1232600,25690000.0,1.12,2.33,22.91,22.91,23.1,18.9,0.74
国新健康,sz000503,7.42,7.54,7.54,13198200.0,7.42,10200,7.43,50400,-1.59,7.56,7.39,13198200,98330000.0,1.35,2.25,72.66,72.66,8.29,6.79,0.65
全 聚 德,sz002186,9.43,9.42,9.39,4496000.0,9.43,1400,9.44,22300,0.11,9.55,9.33,4496000,42430000.0,1.47,2.34,28.93,28.94,10.36,8.48,1.11
麦迪科技,sh603990,24.2,23.54,23.89,38567800.0,24.19,500,24.2,110300,2.8,24.88,23.54,38567800,931490000.0,12.64,5.69,73.87,73.87,25.89,21.19,1.15
天顺股份,sz002800,13.62,13.62,13.79,3576300.0,13.62,500,13.63,2000,0.0,13.88,13.31,3576300,48830000.0,2.42,4.19,20.14,20.74,14.98,12.26,1.16
华峰化学,sz002064,11.53,11.83,11.8,38875700.0,11.52,118800,11.53,24800,-2.54,11.98,11.51,38875700,456740000.0,0.79,3.97,570.96,572.18,13.01,10.65,0.65
万隆光电,sz300710,28.4,28.4,28.08,2682100.0,28.4,1600,28.45,2500,0.0,28.72,27.3,2682100,75350000.0,3.6,5.0,21.18,28.26,34.08,22.72,1.11
亚太实业,sz000691,10.08,10.03,10.0,8441100.0,10.07,16200,10.08,8100,0.5,10.2,9.68,8441100,84410000.0,2.61,5.18,32.59,48.88,11.03,9.03,0.68
首都在线,sz300846,20.87,21.03,21.08,26329500.0,20.87,2800,20.88,22900,-0.76,21.38,20.35,26329500,551180000.0,6.33,4.9,86.86,105.24,25.24,16.82,0.73
大禹生物,bj920970,6.26,6.51,6.36,9091700.0,6.26,19900,6.27,70700,-3.84,6.66,6.23,9091700,58032200.0,12.97,6.61,4.39,6.94,8.46,4.56,2.09
澄天伟业,sz300689,53.75,53.43,52.82,2088300.0,53.75,200,53.76,800,0.6,54.7,52.08,2088300,111770000.0,2.05,4.9,54.69,62.13,64.12,42.74,0.61
北辰实业,sh601588,1.72,1.73,1.71,25796000.0,1.72,1801600,1.73,551100,-0.58,1.75,1.71,25796000,44610000.0,0.97,2.31,45.75,57.91,1.9,1.56,0.92
天龙股份,sh603266,15.97,16.07,15.99,1497400.0,15.95,3800,15.97,400,-0.62,16.1,15.77,1497400,23860000.0,0.75,2.05,31.76,31.76,17.68,14.46,0.81
金陵饭店,sh601007,6.7,6.72,6.69,4970500.0,6.7,23200,6.71,72700,-0.3,6.74,6.65,4970500,33300000.0,1.27,1.34,26.13,26.13,7.39,6.05,0.87
金石亚药,sz300434,11.77,11.6,11.44,27238800.0,11.77,143600,11.78,28900,1.47,12.05,11.36,27238800,321190000.0,7.96,5.95,40.27,47.29,13.92,9.28,1.17
跨境通,sz002640,3.46,3.49,3.45,111785500.0,3.46,543500,3.47,369500,-0.86,3.52,3.42,111785500,387910000.0,7.22,2.87,53.57,53.91,3.84,3.14,0.96
瑞奇智造,bj920781,5.75,5.89,5.89,2186300.0,5.75,22400,5.76,1200,-2.38,5.89,5.73,2186300,12693599.999999998,1.82,2.72,6.92,8.89,7.65,4.13,0.48
东信和平,sz002017,13.87,13.84,13.81,10546700.0,13.87,6100,13.88,3800,0.22,14.07,13.71,10546700,146680000.0,1.82,2.6,80.46,80.51,15.22,12.46,0.5
科润智控,bj920062,7.66,7.86,7.84,2436300.0,7.66,26100,7.68,3800,-2.54,7.84,7.66,2436300,18842900.0,1.83,2.29,10.18,14.45,10.21,5.51,0.84
ST瑞贝卡,sh600439,1.88,1.86,1.86,26462800.0,1.88,453600,1.89,951300,1.08,1.91,1.85,26462800,49870000.0,2.34,3.23,21.28,21.28,2.05,1.67,0.43
*ST天箭,sz002977,21.61,22.0,21.8,784300.0,21.61,5500,21.66,800,-1.77,21.86,21.46,784300,16970000.0,1.18,1.82,14.4,25.96,24.2,19.8,0.77
金陵体育,sz300651,17.8,17.97,17.96,4509300.0,17.8,24200,17.81,3100,-0.95,17.97,17.52,4509300,80070000.0,4.36,2.5,18.4,25.14,21.56,14.38,0.71
森鹰窗业,sz301227,25.97,25.29,25.01,2346600.0,25.97,1800,25.98,900,2.69,26.11,24.4,2346600,59650000.0,3.18,6.76,19.19,34.14,30.35,20.23,0.4
赛隆退,sz002898,0.37,0.37,0.0,0.0,0.0,0,0.0,0,0.0,0.0,0.0,0,0.0,0.0,0.0,0.37,0.65,-1.0,-1.0,0.0
中天科技,sh600522,32.34,32.92,32.33,191437600.0,32.33,736300,32.34,140900,-1.76,33.2,31.87,191437600,6221010000.0,5.61,4.04,1103.75,1103.75,36.21,29.63,0.64
迅游科技,sz300467,34.51,34.54,34.54,3180600.0,34.51,29500,34.52,6300,-0.09,35.16,34.06,3180600,110410000.0,1.87,3.18,58.74,70.13,41.45,27.63,0.94
建设机械,sh600984,4.49,4.49,0.0,0.0,0.0,0,0.0,0,0.0,0.0,0.0,0,0.0,0.0,0.0,56.44,56.44,4.94,4.04,0.0
许昌智能,bj920496,6.42,6.53,6.49,1371900.0,6.42,70800,6.43,1100,-1.68,6.57,6.4,1371900,8860900.0,0.95,2.6,9.31,10.63,8.48,4.58,0.51
嘉诚国际,sh603535,6.47,6.47,6.45,2485100.0,6.46,7900,6.47,10800,0.0,6.51,6.38,2485100,16040000.0,0.49,2.01,33.06,33.06,7.12,5.82,0.74
汇成股份,sh688403,24.29,24.46,24.35,4392315600.0,24.28,1600,24.29,23700,-0.7,24.98,23.62,4392315600,1071340000.0,4.42,5.56,241.22,241.22,29.35,19.57,0.6
金信诺,sz300252,11.6,11.8,11.7,18601800.0,11.6,109000,11.61,60500,-1.69,11.77,11.5,18601800,216400000.0,3.33,2.29,64.82,79.37,14.16,9.44,0.63
新国都,sz300130,19.26,19.5,19.5,8707800.0,19.26,20600,19.27,14000,-1.23,19.54,19.15,8707800,167880000.0,2.01,2.0,83.62,109.26,23.4,15.6,0.47
科信技术,sz300565,9.8,9.78,9.91,9269200.0,9.8,10100,9.81,18900,0.2,9.91,9.66,9269200,90730000.0,4.06,2.56,22.36,24.47,11.74,7.82,0.67
云中马,sh603130,44.11,44.33,44.33,2995800.0,44.11,3500,44.15,700,-0.5,44.78,42.8,2995800,131160000.0,2.18,4.47,60.66,60.66,48.76,39.9,1.21
晨光电缆,bj920639,6.21,6.32,6.33,1126200.0,6.21,23600,6.22,1000,-1.74,6.33,6.21,1126200,7036100.0,0.95,1.9,7.37,12.52,8.21,4.43,0.59
上工申贝,sh600843,7.1,7.17,7.14,6425200.0,7.1,44900,7.11,68800,-0.98,7.18,7.01,6425200,45480000.0,1.37,2.37,33.31,50.63,7.89,6.45,0.91
济高发展,sh600807,2.6,2.61,2.6,9558100.0,2.59,41800,2.6,146500,-0.38,2.63,2.57,9558100,24820000.0,1.21,2.3,20.46,23.0,2.87,2.35,0.67
康比特,bj920429,9.12,9.31,9.25,890300.0,9.11,8300,9.12,1300,-2.04,9.31,9.04,890300,8143700.0,0.78,2.9,10.35,11.35,12.1,6.52,0.81
西部牧业,sz300106,9.84,9.78,9.66,10596400.0,9.84,2100,9.85,20500,0.61,9.99,9.64,10596400,104080000.0,5.01,3.58,20.8,20.8,11.74,7.82,0.76
友阿股份,sz002277,5.69,5.75,5.72,11077400.0,5.69,23300,5.7,407300,-1.04,5.76,5.65,11077400,63210000.0,0.79,1.91,79.33,79.33,6.33,5.18,0.65
中国铀业,sz001280,64.4,67.06,66.98,9095500.0,64.39,2600,64.4,40000,-3.97,67.77,64.4,9095500,595220000.0,5.24,5.03,111.88,1331.91,73.77,60.35,0.93
祥源文旅,sh600576,5.62,5.67,5.65,7071600.0,5.61,271600,5.62,37800,-0.88,5.69,5.6,7071600,39830000.0,1.07,1.59,37.11,59.27,6.24,5.1,0.84
常辅股份,bj920396,21.23,21.55,21.55,1821500.0,21.23,7100,21.3,200,-1.48,21.64,21.05,1821500,38766100.0,3.55,2.74,10.89,15.33,28.01,15.09,0.38
技源集团,sh603262,19.18,19.64,19.62,3999500.0,19.18,13300,19.19,1000,-2.34,19.62,19.03,3999500,76870000.0,3.83,3.0,20.01,76.72,21.6,17.68,0.57
长白山,sh603099,40.66,40.2,40.0,7999800.0,40.66,4700,40.67,12500,1.14,41.36,39.84,7999800,325210000.0,2.94,3.78,110.74,110.74,44.22,36.18,1.33
优机股份,bj920943,15.97,17.29,15.6,4343900.0,15.97,1900,15.98,1900,-7.63,16.25,15.46,4343900,68779000.0,8.38,4.57,8.27,16.21,22.47,12.11,1.04
全信股份,sz300447,13.8,14.05,13.9,3133400.0,13.79,17900,13.8,10100,-1.78,13.98,13.59,3133400,43130000.0,1.56,2.78,27.8,43.1,16.86,11.24,0.87
大地海洋,sz301068,29.66,30.01,29.8,1251300.0,29.5,2100,29.66,1900,-1.17,30.36,29.25,1251300,37180000.0,1.25,3.7,29.76,41.91,36.01,24.01,0.66
恒逸石化,sz000703,17.5,18.18,17.71,102702800.0,17.49,32900,17.5,105700,-3.74,18.06,16.8,102702800,1799850000.0,2.7,6.93,665.42,668.77,20.0,16.36,1.17
华是科技,sz301218,46.4,48.5,48.52,9284900.0,46.4,8300,46.41,100,-4.33,48.55,46.0,9284900,434360000.0,13.25,5.26,32.51,52.91,58.2,38.8,0.79
美硕科技,sz301295,45.6,46.12,46.37,3093000.0,45.59,100,45.6,2400,-1.13,47.99,45.17,3093000,143880000.0,10.52,6.11,13.41,45.96,55.34,36.9,1.06
拉卡拉,sz300773,15.83,16.0,16.01,32199100.0,15.83,94600,15.84,49400,-1.06,16.1,15.75,32199100,512530000.0,3.13,2.19,162.83,172.12,19.2,12.8,0.58
云创退,bj920305,0.4,0.4,0.0,0.0,0.0,0,0.0,0,0.0,0.0,0.0,0,0.0,0.0,0.0,0.32,0.53,-1.0,-1.0,0.0
新晨科技,sz300542,12.28,12.2,12.21,4604100.0,12.28,35400,12.29,2300,0.66,12.41,12.08,4604100,56540000.0,1.86,2.7,30.4,36.66,14.64,9.76,0.85
云南旅游,sz002059,4.52,4.54,4.52,7243000.0,4.51,17100,4.52,20300,-0.44,4.55,4.48,7243000,32740000.0,0.74,1.54,44.43,45.76,4.99,4.09,0.87
南 京 港,sz002040,8.09,8.19,8.22,3888900.0,8.09,46000,8.1,27800,-1.22,8.22,8.08,3888900,31600000.0,0.8,1.71,39.32,39.32,9.01,7.37,0.76
科蓝软件,sz300663,9.77,9.92,9.85,39476200.0,9.76,15900,9.77,218700,-1.51,9.9,9.53,39476200,382860000.0,8.57,3.73,44.98,46.74,11.9,7.94,0.53
ST葫芦娃,sh605199,6.06,6.11,6.06,1606100.0,6.05,11300,6.06,600,-0.82,6.18,6.04,1606100,9820000.0,0.4,2.29,24.25,24.25,6.72,5.5,0.84
迪尔化工,bj920304,8.73,8.95,8.86,1759900.0,8.72,23800,8.73,12100,-2.46,8.91,8.69,1759900,15471700.0,1.3,2.46,11.82,14.8,11.63,6.27,1.33
德昌股份,sh605555,12.15,12.25,12.29,3377200.0,12.15,15100,12.18,1300,-0.82,12.29,11.96,3377200,41070000.0,0.7,2.69,58.81,58.81,13.48,11.03,0.9
海川智能,sz300720,80.02,79.75,78.0,15744200.0,80.01,200,80.02,100,0.34,81.44,74.88,15744200,1238770000.0,8.55,8.23,147.35,155.94,95.7,63.8,0.85
数字人,bj920670,13.39,13.83,13.68,2703700.0,13.38,3300,13.39,5600,-3.18,13.88,13.33,2703700,36640200.0,4.06,3.98,8.92,14.22,17.97,9.69,0.63
绿康生化,sz002868,23.35,23.49,23.35,1624300.0,23.35,3900,23.4,4000,-0.6,23.73,22.85,1624300,38020000.0,1.51,3.75,25.09,36.29,25.84,21.14,0.96
森远股份,sz300210,8.82,8.93,8.85,7636500.0,8.81,28900,8.82,10300,-1.23,8.88,8.71,7636500,67000000.0,1.58,1.9,42.71,42.71,10.72,7.14,0.82
殷图网联,bj920508,15.3,15.4,15.67,519200.0,15.25,7000,15.32,200,-0.65,15.67,15.08,519200,7930900.0,1.63,3.83,4.88,9.18,20.02,10.78,0.63
新奥股份,sh600803,17.49,17.55,17.65,4698100.0,17.48,700,17.49,4500,-0.34,17.8,17.45,4698100,82630000.0,0.15,1.99,537.25,541.35,19.31,15.8,0.62
云里物里,bj920374,15.3,15.54,15.48,457000.0,15.3,3600,15.37,500,-1.54,15.63,15.16,457000,6993800.0,1.31,3.02,5.34,13.1,20.2,10.88,0.45
创源股份,sz300703,13.63,13.94,13.88,6733500.0,13.63,49800,13.64,7600,-2.22,13.88,13.53,6733500,92020000.0,4.05,2.51,22.66,24.59,16.73,11.15,0.95
景兴纸业,sz002067,4.44,4.51,4.5,55535100.0,4.44,476100,4.45,521300,-1.55,4.53,4.37,55535100,246710000.0,4.15,3.55,59.39,65.48,4.96,4.06,0.84
泰尔股份,sz002347,6.03,6.02,6.01,10377000.0,6.03,60500,6.04,18800,0.17,6.09,5.88,10377000,62190000.0,2.1,3.49,29.75,30.43,6.62,5.42,0.94
百大集团,sh600865,8.92,9.0,9.03,5361300.0,8.92,17600,8.93,25000,-0.89,9.06,8.88,5361300,47950000.0,1.42,2.0,33.56,33.56,9.9,8.1,0.88
马可波罗,sz001386,15.07,15.2,15.12,2311000.0,15.07,700,15.08,500,-0.86,15.23,15.03,2311000,34910000.0,2.15,1.32,16.21,180.07,16.72,13.68,0.57
雷科防务,sz002413,8.7,9.03,8.7,103866600.0,8.7,26000,8.71,242600,-3.65,8.81,8.44,103866600,900280000.0,8.02,4.1,112.7,114.78,9.93,8.13,1.02
路德科技,sh688156,20.93,21.14,20.77,227219100.0,20.93,13000,20.95,100,-0.99,21.41,20.53,227219100,47470000.0,2.26,4.16,21.08,21.08,25.37,16.91,0.83
路畅科技,sz002813,20.84,20.92,21.14,1465100.0,20.82,300,20.84,700,-0.38,21.14,20.46,1465100,30440000.0,1.22,3.25,24.99,25.01,23.01,18.83,0.59
ST同德,sz002360,5.31,5.46,5.56,4716700.0,5.3,67300,5.31,49600,-2.75,5.56,5.28,4716700,25400000.0,1.45,5.13,17.29,21.33,6.01,4.91,0.97
华尔泰,sz001217,9.92,10.01,10.02,3468900.0,9.91,25800,9.92,38300,-0.9,10.22,9.9,3468900,34630000.0,1.06,3.2,32.6,32.92,11.01,9.01,0.76
路斯股份,bj920419,10.59,10.85,10.89,1069800.0,10.58,5900,10.59,7100,-2.4,10.89,10.51,1069800,11422300.0,1.11,3.5,10.24,10.94,14.1,7.6,0.98
晶雪节能,sz301010,17.6,17.34,17.3,2884800.0,17.58,2000,17.6,3200,1.5,18.0,17.03,2884800,50430000.0,2.67,5.59,19.01,19.01,20.81,13.87,1.58
海航科技,sh600751,3.24,3.23,3.23,43824800.0,3.24,343900,3.25,423900,0.31,3.38,3.18,43824800,143850000.0,1.7,6.19,83.37,93.94,3.55,2.91,1.3
申达股份,sh600626,3.56,3.54,3.52,11276700.0,3.55,96800,3.56,4000,0.56,3.59,3.47,11276700,39890000.0,0.85,3.39,47.02,47.02,3.89,3.19,1.24
三丰智能,sz300276,6.87,6.91,6.9,43232400.0,6.87,39000,6.88,89300,-0.58,7.08,6.76,43232400,298620000.0,4.09,4.63,72.62,96.25,8.29,5.53,1.27
中天精装,sz002989,22.93,23.43,23.36,5517700.0,22.92,5700,22.93,7600,-2.13,23.5,22.65,5517700,126730000.0,2.79,3.63,45.36,46.23,25.77,21.09,0.65
御银股份,sz002177,5.77,5.8,5.81,22899400.0,5.77,95100,5.78,226500,-0.52,5.85,5.71,22899400,132470000.0,3.35,2.41,39.42,43.92,6.38,5.22,0.48
铂力特,sh688333,108.7,110.31,108.11,1119528600.0,108.69,1400,108.7,43200,-1.46,111.19,105.5,1119528600,1214920000.0,4.08,5.16,298.19,298.19,132.37,88.25,0.73
ST新华锦,sh600735,6.49,6.57,6.53,2739400.0,6.49,6000,6.5,14500,-1.22,6.55,6.41,2739400,17730000.0,0.64,2.13,27.61,27.83,7.23,5.91,0.67
长城电工,sh600192,7.54,7.89,7.76,29472900.0,7.54,66800,7.55,16500,-4.44,7.86,7.54,29472900,224750000.0,6.67,4.06,33.31,33.31,8.68,7.1,0.91
天龙退,sz300029,0.12,0.12,0.0,0.0,0.0,0,0.0,0,0.0,0.0,0.0,0,0.0,0.0,0.0,0.24,0.24,-1.0,-1.0,0.0
巨轮智能,sz002031,5.84,5.31,5.25,142532700.0,5.84,11814200,0.0,0,9.98,5.84,5.2,142532700,806530000.0,7.45,12.05,111.76,128.44,5.84,4.78,1.46
仁度生物,sh688193,47.62,47.8,47.69,49712200.0,47.64,500,47.69,1100,-0.38,48.76,46.81,49712200,23750000.0,1.24,4.08,19.08,19.08,57.36,38.24,0.98
帝科股份,sz300842,57.82,57.97,57.92,3212500.0,57.82,4200,57.83,100,-0.26,58.82,56.9,3212500,186250000.0,2.49,3.31,74.66,84.0,69.56,46.38,0.78
骏亚科技,sh603386,13.18,13.18,13.08,5324600.0,13.18,13500,13.19,17200,0.0,13.36,12.98,5324600,70260000.0,1.63,2.88,43.01,43.01,14.5,11.86,0.62
百洋股份,sz002696,5.9,6.03,5.87,34739400.0,5.9,1059900,5.91,3500,-2.16,6.14,5.78,34739400,205960000.0,10.39,5.97,19.72,20.4,6.63,5.43,3.4
凤凰航运,sz000520,3.91,3.98,3.97,10880000.0,3.9,190400,3.91,3700,-1.76,4.01,3.89,10880000,42780000.0,1.08,3.02,39.57,39.57,4.38,3.58,0.64
太湖雪,bj920262,14.35,14.47,14.47,781200.0,14.3,1400,14.35,1500,-0.83,14.55,14.22,781200,11209700.0,2.03,2.28,5.53,11.9,18.81,10.13,0.47
七丰精工,bj920169,18.21,19.1,18.75,1709200.0,18.17,1000,18.21,13800,-4.66,18.8,18.05,1709200,31199200.0,3.36,3.93,9.26,14.71,24.83,13.37,0.83
中科星图,sh688568,35.79,36.88,35.48,992931500.0,35.79,3600,35.8,1000,-2.96,36.28,34.8,992931500,355190000.0,1.23,4.01,289.21,289.21,44.26,29.5,0.73
一品红,sz300723,37.08,37.3,36.55,11306600.0,37.08,1900,37.09,1600,-0.59,37.96,36.51,11306600,421380000.0,2.7,3.89,155.44,167.49,44.76,29.84,0.91
盖世食品,bj920826,8.0,8.3,8.26,2623500.0,8.0,22900,8.05,105600,-3.61,8.4,8.0,2623500,21453400.0,4.15,4.82,5.05,11.24,10.79,5.81,0.9
坤恒顺维,sh688283,28.75,28.56,28.19,107453100.0,28.75,0,28.76,600,0.67,29.27,27.82,107453100,30630000.0,0.88,5.08,35.02,35.02,34.27,22.85,0.77
美之高,bj920765,12.14,12.29,12.27,589600.0,12.12,900,12.14,400,-1.22,12.3,12.14,589600,7184200.0,1.12,1.3,6.41,10.55,15.97,8.61,0.48
天奥电子,sz002935,16.54,17.06,16.77,5617500.0,16.54,3600,16.56,15300,-3.05,16.88,16.31,5617500,93330000.0,1.35,3.34,68.66,69.77,18.77,15.35,0.85
美凯龙,sh601828,2.24,2.24,2.23,32206300.0,2.24,184700,2.25,1180800,0.0,2.26,2.22,32206300,72080000.0,0.89,1.79,80.92,97.52,2.46,2.02,1.09
龙溪股份,sh600592,14.7,14.75,14.7,6046800.0,14.7,31600,14.71,7100,-0.34,14.84,14.45,6046800,88720000.0,1.51,2.64,58.73,58.73,16.23,13.28,0.79
风范股份,sh601700,6.9,7.08,6.6,207057800.0,6.9,501500,6.91,22900,-2.54,7.1,6.59,207057800,1425870000.0,18.18,7.2,78.57,78.57,7.79,6.37,1.32
百亚股份,sz003006,14.24,14.57,14.61,5334000.0,14.24,300,14.25,2200,-2.26,14.75,14.22,5334000,76780000.0,1.24,3.64,61.03,61.18,16.03,13.11,0.91
积成电子,sz002339,7.31,7.45,7.41,12016000.0,7.31,11800,7.32,43200,-1.88,7.41,7.26,12016000,88060000.0,2.51,2.01,34.99,36.85,8.2,6.71,0.72
松井股份,sh688157,19.42,19.32,19.35,177375800.0,19.4,14500,19.42,11700,0.52,19.55,18.93,177375800,34190000.0,0.94,3.21,36.45,36.45,23.18,15.46,0.74
烽火通信,sh600498,38.22,38.3,37.51,72784000.0,38.22,90000,38.23,24800,-0.21,39.42,37.21,72784000,2790940000.0,5.72,5.77,486.01,519.09,42.13,34.47,0.78
天罡股份,bj920651,24.29,22.06,22.18,1991600.0,24.29,2900,24.3,2200,10.11,24.29,21.75,1991600,46290400.0,4.8,11.51,10.07,14.82,28.67,15.45,1.29
ST易联众,sz300096,9.09,9.15,9.14,4035500.0,9.09,113100,9.11,5000,-0.66,9.34,9.04,4035500,37090000.0,0.94,3.28,39.09,39.09,10.98,7.32,1.26
电科芯片,sh600877,13.28,13.48,13.19,23096000.0,13.27,28800,13.28,2700,-1.48,13.68,13.09,23096000,309300000.0,1.95,4.38,157.24,157.24,14.83,12.13,1.1
达利凯普,sz301566,28.19,24.9,24.85,66579400.0,28.18,157800,28.19,41900,13.21,29.88,24.6,66579400,1857190000.0,31.54,21.2,59.51,112.76,29.88,19.92,2.47
中马传动,sh603767,15.21,15.18,15.25,3934500.0,15.2,7500,15.21,52500,0.2,15.28,14.79,3934500,59320000.0,1.27,3.23,46.94,46.94,16.7,13.66,0.9
华依科技,sh688071,37.98,36.16,36.0,464271000.0,37.98,1900,38.0,2000,5.03,38.63,35.22,464271000,172450000.0,5.48,9.43,32.2,32.2,43.39,28.93,1.07
好太太,sh603848,13.4,13.43,13.43,1113700.0,13.4,1800,13.41,7400,-0.22,13.48,13.27,1113700,14920000.0,0.28,1.56,53.92,53.92,14.77,12.09,0.85
金龙汽车,sh600686,12.16,12.12,12.1,23521300.0,12.15,68800,12.16,25200,0.33,12.6,12.05,23521300,289080000.0,3.28,4.54,87.19,87.19,13.33,10.91,0.92
ST棕榈,sz002431,1.34,1.33,1.32,13642100.0,1.33,144600,1.34,3248300,0.75,1.34,1.32,13642100,18120000.0,0.76,1.5,24.15,24.15,1.46,1.2,0.73
泰祥股份,sz301192,20.02,20.06,20.05,1043200.0,20.02,300,20.03,400,-0.2,20.19,19.63,1043200,20820000.0,2.12,2.79,9.85,20.27,24.07,16.05,0.7
嘉和美康,sh688246,19.34,19.53,19.49,151755600.0,19.34,4100,19.38,3300,-0.97,19.64,19.1,151755600,29470000.0,1.1,2.76,26.61,26.61,23.44,15.62,0.5
瑞斯康达,sh603803,10.45,10.38,10.37,13354900.0,10.45,30700,10.46,32400,0.67,10.54,10.1,13354900,138510000.0,3.14,4.24,44.4,44.4,11.42,9.34,0.64
勘设股份,sh603458,9.77,9.45,9.46,14701700.0,9.77,5400,9.78,15800,3.39,10.02,9.4,14701700,144030000.0,4.8,6.56,29.91,29.91,10.4,8.51,1.08
汇金股份,sz300368,9.62,9.47,9.5,39128600.0,9.62,900,9.63,27200,1.58,9.85,9.2,39128600,374470000.0,7.4,6.86,50.88,50.88,11.36,7.58,1.07
司南导航,sh688592,24.24,24.91,24.87,72013800.0,24.19,400,24.24,1400,-2.69,24.88,24.07,72013800,17500000.0,1.3,3.25,13.41,28.15,29.89,19.93,0.64
中嘉博创,sz000889,3.98,4.0,4.06,44944500.0,3.97,156200,3.98,211900,-0.5,4.07,3.95,44944500,179370000.0,5.17,3.0,34.62,37.26,4.4,3.6,0.54
初灵信息,sz300250,15.58,15.75,15.75,7691200.0,15.58,23300,15.59,2600,-1.08,15.8,15.2,7691200,119510000.0,4.89,3.81,24.53,33.3,18.9,12.6,0.48
中体产业,sh600158,7.23,7.26,7.27,24377400.0,7.22,53000,7.23,12700,-0.41,7.29,7.16,24377400,176030000.0,2.54,1.79,69.37,69.37,7.99,6.53,0.68
汇嘉时代,sh603101,7.38,7.46,7.48,5991400.0,7.38,112500,7.39,19700,-1.07,7.48,7.34,5991400,44270000.0,1.27,1.88,34.72,34.72,8.21,6.71,0.62
森麒麟,sz002984,14.32,14.47,14.49,6068300.0,14.31,66300,14.32,4900,-1.04,14.55,14.28,6068300,87320000.0,0.85,1.87,102.23,148.4,15.92,13.02,0.63
楚天龙,sz003040,12.6,12.57,12.56,33414000.0,12.6,63500,12.61,21900,0.24,13.09,12.34,33414000,425910000.0,7.31,5.97,57.56,58.1,13.83,11.31,1.32
华贸物流,sh603128,5.31,5.32,5.32,6126500.0,5.3,110200,5.31,1200,-0.19,5.34,5.28,6126500,32520000.0,0.47,1.13,69.51,69.51,5.85,4.79,0.66
丽人丽妆,sh605136,8.47,8.51,8.48,6332800.0,8.47,3300,8.48,23200,-0.47,8.54,8.4,6332800,53660000.0,1.58,1.65,33.92,33.92,9.36,7.66,0.7
ST华闻,sz000793,2.22,2.21,2.21,12290100.0,2.21,309600,2.22,517200,0.45,2.23,2.19,12290100,27140000.0,0.46,1.81,59.16,97.55,2.43,1.99,0.91
供销大集,sz000564,1.45,1.43,1.43,154081900.0,1.44,4011300,1.45,27229300,1.4,1.45,1.42,154081900,221070000.0,1.02,2.1,218.88,261.84,1.57,1.29,0.78
云星宇,bj920806,10.35,10.51,10.45,1775800.0,10.35,19300,10.36,5100,-1.52,10.5,10.33,1775800,18459900.0,0.59,1.62,31.13,31.13,13.66,7.36,0.36
ST达华,sz002512,3.84,3.81,3.73,24296800.0,3.83,377700,3.84,308000,0.79,3.88,3.71,24296800,92320000.0,2.22,4.46,42.03,42.33,4.19,3.43,0.71
ST荣科,sz300290,6.09,5.98,6.06,35055800.0,6.08,246700,6.09,23800,1.84,6.36,6.06,35055800,217240000.0,5.48,5.02,38.95,38.96,7.18,4.78,0.62
电子城,sh600658,4.06,4.04,4.04,10147200.0,4.06,4800,4.07,157400,0.5,4.1,3.99,10147200,41090000.0,0.91,2.72,45.41,45.41,4.44,3.64,0.76
安泰集团,sh600408,2.86,2.83,2.88,47404100.0,2.85,113500,2.86,303600,1.06,2.9,2.8,47404100,135490000.0,4.71,3.53,28.79,28.79,3.11,2.55,0.87
中亚股份,sz300512,7.22,7.21,7.18,2787000.0,7.21,6100,7.22,600,0.14,7.26,7.12,2787000,20060000.0,0.86,1.94,23.39,29.55,8.65,5.77,0.6
中洲特材,sz300963,12.03,12.28,12.22,10002500.0,12.02,24900,12.03,19500,-2.04,12.22,11.91,10002500,120560000.0,2.94,2.52,40.97,55.17,14.74,9.82,0.42
珠海中富,sz000659,2.93,2.87,2.87,24359700.0,2.92,441700,2.93,4700,2.09,2.96,2.82,24359700,70970000.0,1.89,4.88,37.67,37.67,3.16,2.58,1.06
智莱科技,sz300771,11.94,12.1,12.08,3145200.0,11.93,70900,11.94,5400,-1.32,12.08,11.8,3145200,37500000.0,1.66,2.31,22.58,28.66,14.52,9.68,0.41
安必平,sh688393,20.14,20.25,20.0,197839700.0,20.11,1000,20.14,1000,-0.54,20.68,19.7,197839700,39810000.0,2.11,4.84,18.84,18.84,24.3,16.2,0.93
乾照光电,sz300102,18.73,19.33,18.79,29950600.0,18.72,166300,18.73,18000,-3.1,19.06,18.39,29950600,562930000.0,3.27,3.47,171.55,172.38,23.2,15.46,0.86
科强股份,bj920665,8.85,9.0,8.98,1318800.0,8.85,1700,8.87,3800,-1.67,8.98,8.8,1318800,11695500.0,2.05,2.0,5.68,11.5,11.7,6.3,0.85
长盈通,sh688143,104.36,103.0,99.51,1256492100.0,104.33,700,104.36,6400,1.32,107.48,97.23,1256492100,1286620000.0,10.27,9.95,127.71,134.4,123.6,82.4,0.84
ST海龙,sz000677,1.79,1.73,1.73,43867500.0,1.79,9600,1.8,874800,3.47,1.83,1.72,43867500,77700000.0,5.08,6.36,15.47,15.47,1.9,1.56,1.15
ST复华,sh600624,4.12,3.98,4.0,6029300.0,4.11,29500,4.12,27500,3.52,4.19,4.0,6029300,24810000.0,0.89,4.77,27.99,27.99,4.38,3.58,1.17
百甲科技,bj920057,4.96,5.04,5.04,643500.0,4.96,81300,4.97,4300,-1.59,5.05,4.95,643500,3207799.9999999995,0.55,1.98,5.78,8.99,6.55,3.53,0.58
*ST西旅,sz000610,6.14,5.89,5.86,4473200.0,6.13,5800,6.14,27400,4.24,6.18,5.81,4473200,27120000.0,1.9,6.28,14.46,14.54,6.48,5.3,1.66
创维数字,sz000810,9.65,9.63,9.6,14461500.0,9.65,159400,9.66,13700,0.21,9.79,9.54,14461500,139780000.0,1.3,2.6,107.17,110.99,10.59,8.67,0.79
雄帝科技,sz300546,16.39,16.76,16.61,4867200.0,16.39,23800,16.4,27500,-2.21,16.67,16.29,4867200,80020000.0,3.61,2.27,22.12,30.76,20.11,13.41,0.51
天力复合,bj920576,41.88,46.1,42.5,3010900.0,41.88,300,41.9,3300,-9.15,43.49,41.01,3010900,126044300.0,2.79,5.38,45.18,45.63,59.93,32.27,1.0
南华期货,sh603093,12.18,12.5,12.5,10655000.0,12.18,57500,12.19,4300,-2.56,12.51,12.16,10655000,130850000.0,1.21,2.8,107.43,126.45,13.75,11.25,1.03
迎丰股份,sh605055,9.6,9.28,9.19,4745200.0,9.6,52300,9.62,1500,3.45,9.69,9.19,4745200,45120000.0,1.08,5.39,42.24,42.24,10.21,8.35,0.97
万林物流,sh603117,3.78,3.75,3.75,8200800.0,3.77,34700,3.78,149500,0.8,3.81,3.7,8200800,30850000.0,1.37,2.93,22.65,22.65,4.13,3.38,0.84
福石控股,sz300071,4.52,4.6,4.63,64416900.0,4.52,1018800,4.53,111400,-1.74,4.65,4.46,64416900,292640000.0,6.81,4.13,42.73,43.57,5.52,3.68,0.56
胜利股份,sz000407,4.09,4.1,4.1,10631800.0,4.09,179300,4.1,9100,-0.24,4.12,4.04,10631800,43410000.0,1.21,1.95,35.82,36.0,4.51,3.69,0.69
多伦科技,sh603528,6.33,6.38,6.4,5954200.0,6.32,35500,6.33,280300,-0.78,6.4,6.24,5954200,37640000.0,0.84,2.51,44.69,44.69,7.02,5.74,0.53
康农种业,bj920403,18.48,19.17,19.32,2409800.0,18.48,6000,18.49,1500,-3.6,19.32,18.4,2409800,45188700.0,3.71,4.8,12.01,20.2,24.92,13.42,0.74
三协电机,bj920100,37.3,35.38,35.01,2873700.0,37.27,2200,37.3,2600,5.43,37.8,34.65,2873700,104840900.0,10.49,8.9,10.22,38.54,45.99,24.77,1.32
环旭电子,sh601231,27.22,27.68,27.21,26220700.0,27.21,31800,27.22,78500,-1.66,28.25,27.12,26220700,726670000.0,1.1,4.08,650.27,650.27,30.45,24.91,0.62
高华科技,sh688539,26.34,28.27,27.0,439108500.0,26.33,18600,26.34,77900,-6.83,27.0,26.0,439108500,116190000.0,2.36,3.54,48.97,48.97,33.92,22.62,1.48
长盛轴承,sz300718,68.66,65.41,65.01,16888200.0,68.65,27400,68.66,80200,4.97,70.2,64.25,16888200,1140890000.0,8.59,9.1,135.02,205.14,78.49,52.33,1.07
合兴股份,sh605005,15.43,15.58,15.56,926000.0,15.43,32500,15.44,1000,-0.96,15.67,15.4,926000,14350000.0,0.23,1.73,61.87,61.87,17.14,14.02,0.58
铁拓机械,bj920706,14.75,15.25,15.08,1664500.0,14.75,3100,14.79,4100,-3.28,15.12,14.7,1664500,24768100.0,3.49,2.75,7.03,13.95,19.82,10.68,1.07
*ST航图,sh688066,9.22,9.18,9.02,892228700.0,9.2,20100,9.22,8700,0.44,9.45,8.89,892228700,81860000.0,3.39,6.1,24.28,24.28,11.02,7.34,0.6
索菱股份,sz002766,4.06,4.1,4.08,38504800.0,4.06,277800,4.07,320700,-0.98,4.18,4.02,38504800,157530000.0,4.49,3.9,34.79,34.91,4.51,3.69,0.68
三峡旅游,sz002627,6.58,6.65,6.67,10929100.0,6.58,4300,6.59,1500,-1.05,6.69,6.52,10929100,72290000.0,1.57,2.56,45.94,46.43,7.32,5.99,0.91
新能泰山,sz000720,3.67,3.69,3.63,47746200.0,3.67,236700,3.68,587600,-0.54,3.72,3.59,47746200,174610000.0,3.8,3.52,46.11,46.11,4.06,3.32,0.7
博菲电气,sz001255,25.31,25.47,25.56,1062700.0,25.3,1000,25.31,300,-0.63,25.63,24.99,1062700,26880000.0,1.38,2.51,19.56,22.02,28.02,22.92,0.86
森霸传感,sz300701,9.71,9.75,9.7,2530300.0,9.71,2200,9.73,25600,-0.41,9.78,9.59,2530300,24500000.0,1.0,1.95,24.48,27.15,11.7,7.8,0.55
勤上股份,sz002638,3.7,3.73,3.7,15028300.0,3.7,92600,3.71,168500,-0.8,3.76,3.68,15028300,55950000.0,1.11,2.14,50.05,53.15,4.1,3.36,0.68
航天环宇,sh688523,45.99,49.36,45.3,675741900.0,45.99,14400,46.0,9900,-6.83,46.88,45.13,675741900,311340000.0,1.66,3.55,187.12,187.12,59.23,39.49,1.14
飞力达,sz300240,5.7,5.74,5.76,4840300.0,5.7,80700,5.71,100000,-0.7,5.77,5.65,4840300,27590000.0,1.33,2.09,20.71,21.18,6.89,4.59,0.64
三维装备,bj920834,9.19,9.13,9.04,1537000.0,9.18,2000,9.19,64000,0.66,9.25,8.93,1537000,13989800.0,2.45,3.5,5.77,11.03,11.86,6.4,0.71
中国卫星,sh600118,63.52,69.13,65.77,61914800.0,63.51,48300,63.52,141100,-8.12,66.8,62.31,61914800,3973460000.0,5.24,6.5,751.12,751.12,76.04,62.22,1.35
创远信科,bj920961,19.05,19.87,19.43,2488800.0,19.05,9800,19.08,8700,-4.13,19.44,18.88,2488800,47597299.99999999,2.39,2.82,19.8,27.21,25.83,13.91,0.59
佛慈制药,sz002644,8.0,8.09,8.15,3177900.0,8.0,11900,8.01,22500,-1.11,8.15,7.99,3177900,25620000.0,0.62,1.98,40.85,40.85,8.9,7.28,0.73
朱老六,bj920726,16.32,16.62,16.7,3120400.0,16.32,23000,16.33,26500,-1.81,17.17,16.28,3120400,51774200.0,5.58,5.35,9.13,16.53,21.6,11.64,0.88
品渥食品,sz300892,23.72,24.7,23.97,7648900.0,23.72,21800,23.82,500,-3.97,24.92,23.72,7648900,184490000.0,11.85,4.86,15.31,23.72,29.64,19.76,1.23
乐凯胶片,sh600135,7.49,7.64,7.46,8063100.0,7.48,700,7.49,12200,-1.96,7.57,7.37,8063100,60270000.0,1.46,2.62,41.44,41.44,8.4,6.88,1.21
九丰能源,sh605090,33.72,35.14,34.11,18102700.0,33.71,37700,33.72,3700,-4.04,34.4,33.18,18102700,610160000.0,2.56,3.47,238.02,238.26,38.65,31.63,1.32
襄阳轴承,sz000678,9.05,8.96,8.99,11163200.0,9.05,34300,9.06,177500,1.0,9.11,8.78,11163200,100430000.0,2.43,3.68,41.59,41.59,9.86,8.06,0.99
ST恒信,sz300081,3.06,3.05,3.05,5808200.0,3.05,352500,3.06,10300,0.33,3.07,3.02,5808200,17720000.0,0.96,1.64,18.5,18.51,3.66,2.44,0.58
岭南控股,sz000524,9.45,9.54,9.5,5704400.0,9.45,51900,9.46,9400,-0.94,9.59,9.41,5704400,54080000.0,0.85,1.89,63.31,63.33,10.49,8.59,0.73
柏星龙,bj920075,15.64,15.93,15.96,520700.0,15.64,1400,15.7,400,-1.82,16.01,15.6,520700,8200300.0,1.48,2.57,5.49,10.14,20.7,11.16,0.46
浩瀚深度,sh688292,17.62,17.79,17.54,326538000.0,17.55,2300,17.62,7100,-0.96,17.82,17.22,326538000,57320000.0,2.06,3.37,27.9,27.9,21.35,14.23,0.8
盛邦安全,sh688651,23.36,23.44,23.2,94361400.0,23.3,600,23.36,1900,-0.34,23.6,23.05,94361400,22020000.0,2.01,2.35,10.98,23.94,28.13,18.75,0.51
雷电微力,sz301050,31.69,32.07,31.53,2937500.0,31.69,2300,31.72,1200,-1.18,31.98,31.12,2937500,92660000.0,1.39,2.68,66.83,78.46,38.48,25.66,0.87
航天电器,sz002025,64.05,64.28,62.82,13306600.0,64.05,24000,64.06,2500,-0.36,65.47,61.8,13306600,843360000.0,2.93,5.71,290.7,290.8,70.71,57.85,0.78
四创电子,sh600990,17.99,18.41,18.41,3173400.0,17.98,7700,17.99,12100,-2.28,18.43,17.8,3173400,57150000.0,1.18,3.42,48.4,48.4,20.25,16.57,0.69
盈新发展,sz000620,2.78,2.76,2.73,202594800.0,2.78,3553800,2.79,1139900,0.72,2.85,2.72,202594800,566720000.0,4.34,4.71,129.87,163.24,3.04,2.48,1.17
*ST正平,sh603843,7.24,7.0,7.07,12564400.0,7.23,5200,7.24,94600,3.43,7.4,6.96,12564400,89990000.0,1.8,6.29,50.65,50.65,7.7,6.3,1.02
倍益康,bj920199,27.22,27.18,26.82,1676200.0,27.2,400,27.22,2300,0.15,27.7,26.53,1676200,45677700.00000001,4.42,4.3,10.32,18.54,35.33,19.03,0.54
孩子王,sz301078,7.47,7.48,7.52,13584400.0,7.47,38600,7.48,70800,-0.13,7.52,7.42,13584400,101540000.0,1.08,1.34,94.37,94.47,8.98,5.98,0.79
太钢不锈,sz000825,3.47,3.56,3.54,39494000.0,3.47,1128400,3.48,970800,-2.53,3.55,3.47,39494000,137930000.0,0.69,2.25,197.66,197.66,3.92,3.2,1.38
优迅股份,sh688807,258.52,247.1,244.0,226338700.0,258.5,4000,258.52,500,4.62,269.18,239.59,226338700,577420000.0,14.15,11.97,41.36,206.82,296.52,197.68,1.22
中利集团,sz002309,3.41,3.43,3.41,253716900.0,3.41,277000,3.42,511600,-0.58,3.47,3.37,253716900,862670000.0,10.54,2.92,82.05,102.56,3.77,3.09,1.11
爱丽家居,sh603221,27.3,27.3,0.0,0.0,0.0,0,0.0,0,0.0,0.0,0.0,0,0.0,0.0,0.0,66.14,66.14,30.03,24.57,0.0
信科移动-U,sh688387,13.51,14.72,14.11,8036044900.0,13.51,22700,13.52,109600,-8.22,14.32,13.48,8036044900,1104020000.0,3.98,5.71,272.47,461.87,17.66,11.78,1.24
航宇微,sz300053,12.82,13.21,12.81,18853800.0,12.82,44200,12.83,78000,-2.95,13.03,12.71,18853800,242740000.0,2.9,2.42,83.43,89.34,15.85,10.57,0.83
*ST发展,sz000838,2.62,2.47,2.6,76427500.0,2.62,558000,2.63,694700,6.07,2.65,2.46,76427500,197200000.0,7.25,7.69,27.61,28.83,2.72,2.22,1.47
航宇科技,sh688239,45.06,45.94,44.24,432080300.0,45.06,1200,45.16,1800,-1.92,45.8,44.03,432080300,194170000.0,2.26,3.85,86.03,86.03,55.13,36.75,0.98
英利汽车,sh601279,3.25,3.26,3.27,8587700.0,3.24,16600,3.25,55000,-0.31,3.27,3.19,8587700,27740000.0,0.54,2.45,51.54,51.54,3.59,2.93,0.82
宁波海运,sh600798,3.24,3.26,3.26,10078300.0,3.23,334700,3.24,380100,-0.61,3.27,3.22,10078300,32670000.0,0.84,1.53,39.09,39.09,3.59,2.93,0.74
华光源海,bj920351,11.44,11.76,11.76,782800.0,11.43,1000,11.44,1400,-2.72,11.84,11.42,782800,9069400.0,1.96,3.57,4.56,10.07,15.28,8.24,0.67
霍莱沃,sh688682,31.28,31.9,30.61,107436500.0,31.27,400,31.28,1400,-1.94,31.65,30.61,107436500,33590000.0,1.05,3.26,31.86,31.86,38.28,25.52,0.82
信息发展,sz300469,58.08,60.73,61.26,8101000.0,58.07,900,58.08,94600,-4.36,62.83,58.08,8101000,481350000.0,3.27,7.82,144.1,144.18,72.88,48.58,1.0
亨通股份,sh600226,6.04,6.05,6.04,112381800.0,6.04,148300,6.05,473100,-0.17,6.18,5.88,112381800,679560000.0,3.78,4.96,179.65,179.65,6.66,5.45,0.65
*ST新元,sz300472,7.14,6.92,6.99,3640500.0,7.13,40400,7.14,142200,3.18,7.17,6.9,3640500,25620000.0,1.48,3.9,17.56,19.65,8.3,5.54,1.13
*ST天喻,sz300205,5.05,5.13,5.12,2017000.0,5.05,171900,5.06,29300,-1.56,5.13,5.05,2017000,10250000.0,0.47,1.56,21.72,21.72,6.16,4.1,0.89
珠江钢琴,sz002678,4.74,4.65,4.67,7153900.0,4.73,66800,4.74,66900,1.94,4.77,4.57,7153900,33600000.0,0.53,4.3,64.35,64.38,5.12,4.19,0.98
亚联发展,sz002316,4.51,4.53,4.5,9102500.0,4.51,25600,4.52,56700,-0.44,4.54,4.42,9102500,40910000.0,2.67,2.65,15.37,17.73,4.98,4.08,0.64
*ST中迪,sz000609,10.17,10.19,10.35,4610400.0,10.16,35400,10.17,8700,-0.2,10.46,10.12,4610400,47320000.0,1.58,3.34,29.6,30.44,11.21,9.17,0.62
理工光科,sz300557,26.32,26.23,26.24,2946700.0,26.31,2600,26.32,3200,0.34,26.84,25.91,2946700,77990000.0,1.88,3.55,41.15,41.36,31.48,20.98,0.84
ST亚光,sz300123,4.55,4.47,4.42,26631800.0,4.54,165300,4.55,354700,1.79,4.57,4.37,26631800,118500000.0,2.68,4.47,45.23,46.49,5.36,3.58,0.61
王府井,sh600859,10.19,10.27,10.25,11086100.0,10.18,65600,10.19,4900,-0.78,10.32,10.13,11086100,113250000.0,0.99,1.85,114.52,114.53,11.3,9.24,0.72
哈焊华通,sz301137,36.14,36.49,35.89,6007700.0,36.14,5100,36.15,6000,-0.96,36.47,35.4,6007700,216090000.0,3.3,2.93,65.71,65.71,43.79,29.19,0.44
首开股份,sh600376,4.02,4.0,3.91,143366400.0,4.02,1724700,4.03,847000,0.5,4.16,3.81,143366400,570060000.0,5.56,8.75,103.7,103.7,4.4,3.6,0.76
永悦科技,sh603879,5.34,5.37,5.37,7781800.0,5.33,108500,5.34,6800,-0.56,5.42,5.29,7781800,41650000.0,2.17,2.42,19.19,19.19,5.91,4.83,0.64
昂瑞微-UW,sh688790,97.25,96.87,96.87,36966400.0,96.82,1000,97.25,1600,0.39,97.99,94.92,36966400,35710000.0,2.92,3.17,12.33,96.79,116.24,77.5,0.86
天润科技,bj920564,14.33,14.61,14.9,890300.0,14.31,2000,14.33,16300,-1.92,14.9,14.24,890300,12896099.999999998,1.81,4.52,7.05,15.32,18.99,10.23,0.77
华天酒店,sz000428,4.31,4.32,4.21,84970600.0,4.31,39200,4.32,279900,-0.23,4.4,4.1,84970600,363970000.0,8.34,6.94,43.92,43.92,4.75,3.89,1.16
双飞集团,sz300817,15.71,15.78,15.77,2194400.0,15.69,900,15.71,1900,-0.44,15.89,15.44,2194400,34420000.0,1.75,2.85,19.68,34.29,18.94,12.62,1.09
新乡化纤,sz000949,6.5,6.65,6.63,34292500.0,6.5,8800,6.51,205400,-2.26,6.69,6.48,34292500,225610000.0,2.07,3.16,107.67,107.7,7.32,5.99,0.76
宁波东力,sz002164,11.9,11.69,11.65,13096100.0,11.9,200,11.91,35100,1.8,12.04,11.6,13096100,155900000.0,2.73,3.76,57.09,63.33,12.86,10.52,1.27
博盈特焊,sz301468,33.43,34.21,33.87,4122600.0,33.42,300,33.43,8000,-2.28,34.18,33.32,4122600,138580000.0,4.23,2.51,32.6,56.55,41.05,27.37,0.7
航天长峰,sh600855,12.66,13.03,12.8,7147600.0,12.66,9100,12.67,21600,-2.84,12.8,12.51,7147600,90490000.0,1.53,2.23,59.2,59.32,14.33,11.73,1.05
星图测控,bj920116,48.31,51.9,49.0,3564900.0,48.3,4400,48.31,8100,-6.92,49.02,48.0,3564900,172830400.0,1.59,1.97,108.06,108.06,67.47,36.33,1.09
ST金顶,sh600678,5.64,5.62,5.62,6392900.0,5.63,130700,5.64,41200,0.36,5.71,5.57,6392900,36100000.0,1.83,2.49,19.68,19.68,6.18,5.06,0.69
金时科技,sz002951,15.93,15.47,15.46,22739500.0,15.92,4400,15.93,14900,2.97,16.76,15.1,22739500,360200000.0,5.67,10.73,63.9,64.21,17.02,13.92,3.81
佳创视讯,sz300264,6.87,6.87,6.85,11568800.0,6.86,6100,6.87,18200,0.0,6.94,6.66,11568800,79020000.0,3.12,4.08,25.45,29.6,8.24,5.5,0.74
信测标准,sz300938,28.6,28.24,28.0,14357400.0,28.6,22700,28.62,1800,1.27,29.2,27.19,14357400,405950000.0,4.85,7.12,84.61,97.49,33.89,22.59,0.93
奥精医疗,sh688613,15.69,15.75,15.61,230953300.0,15.69,5300,15.7,500,-0.38,15.85,15.47,230953300,36250000.0,1.69,2.41,21.5,21.5,18.9,12.6,0.81
爱科赛博,sh688719,48.09,48.05,47.73,378683300.0,48.06,800,48.09,21300,0.08,49.95,46.7,378683300,182940000.0,4.22,6.76,43.15,55.49,57.66,38.44,1.0
北斗星通,sz002151,29.23,29.9,29.05,12236600.0,29.23,23300,29.24,9000,-2.24,29.55,28.66,12236600,357410000.0,2.76,2.98,129.43,158.69,32.89,26.91,0.92
*ST东珠,sh603359,2.32,2.31,2.3,8999700.0,2.32,22100,2.33,42000,0.43,2.34,2.26,8999700,20710000.0,2.02,3.46,10.35,10.35,2.54,2.08,0.97
通鼎互联,sz002491,17.13,17.37,17.25,114481000.0,17.13,294400,17.14,34100,-1.38,17.63,16.72,114481000,1968760000.0,9.73,5.24,201.53,210.7,19.11,15.63,0.72
元创股份,sz001325,38.2,37.46,37.25,2858200.0,38.2,500,38.21,100,1.98,39.17,36.53,2858200,108050000.0,14.58,7.05,7.49,29.95,41.21,33.71,2.06
豪恩汽电,sz301488,104.97,103.54,102.52,1810700.0,104.97,1400,104.98,400,1.38,105.19,101.79,1810700,187960000.0,4.36,3.28,43.62,106.45,124.25,82.83,0.7
沐曦股份-U,sh688802,702.88,715.01,708.0,94129800.0,702.88,600,703.0,200,-1.7,722.8,696.0,94129800,667460000.0,5.08,3.75,130.23,2812.22,858.01,572.01,0.77
长江通信,sh600345,46.18,47.13,46.6,4908600.0,46.17,1300,46.18,9300,-2.02,47.28,45.95,4908600,228330000.0,2.32,2.82,97.7,152.21,51.84,42.42,0.52
恒宝股份,sz002104,10.9,10.82,10.76,58869600.0,10.9,189700,10.91,62100,0.74,11.19,10.61,58869600,641800000.0,9.82,5.36,65.37,77.21,11.9,9.74,1.01
国光电气,sh688776,50.26,51.28,50.8,172124700.0,50.26,500,50.37,2900,-1.99,50.96,49.05,172124700,86110000.0,1.59,3.72,54.47,54.47,61.54,41.02,0.87
翠微股份,sh603123,9.67,9.86,9.78,39253800.0,9.67,531000,9.68,74500,-1.93,10.05,9.67,39253800,384730000.0,6.02,3.85,63.08,77.24,10.85,8.87,0.91
恒帅股份,sz300969,79.72,74.96,74.5,4772600.0,79.72,20700,79.73,4200,6.35,83.27,73.16,4772600,372700000.0,6.1,13.49,62.4,130.84,89.95,59.97,2.22
金圆股份,sz000546,4.83,4.86,4.82,12560600.0,4.83,45200,4.84,37200,-0.62,4.88,4.8,12560600,60730000.0,1.8,1.65,33.65,37.56,5.35,4.37,0.57
特发信息,sz000070,14.37,14.45,14.3,35731100.0,14.36,28600,14.37,24500,-0.55,14.62,14.04,35731100,512870000.0,4.17,4.01,123.11,124.79,15.9,13.01,0.59
领益智造,sz002600,12.68,12.63,12.53,113822900.0,12.67,490300,12.68,187600,0.4,12.76,12.41,113822900,1432100000.0,1.58,2.77,912.96,1029.65,13.89,11.37,1.07
广博股份,sz002103,6.85,6.77,6.75,8012700.0,6.85,100,6.86,74900,1.18,6.87,6.67,8012700,54150000.0,2.06,2.95,26.59,36.6,7.45,6.09,0.52
交建股份,sh603815,5.58,5.49,5.58,11522000.0,5.57,8300,5.58,46100,1.64,5.6,5.34,11522000,63110000.0,1.86,4.74,34.54,34.54,6.04,4.94,1.08
百邦科技,sz300736,27.6,28.0,28.01,2321500.0,27.6,900,27.64,1400,-1.43,28.32,27.45,2321500,64530000.0,1.86,3.11,34.42,35.31,33.6,22.4,0.49
国泰集团,sh603977,12.04,12.21,12.29,10188200.0,12.04,19600,12.05,26300,-1.39,12.42,12.04,10188200,124330000.0,1.64,3.11,74.8,74.8,13.43,10.99,0.93
华力创通,sz300045,13.48,13.79,13.7,13333900.0,13.48,45000,13.49,7900,-2.25,13.74,13.36,13333900,180140000.0,2.58,2.76,69.6,89.33,16.55,11.03,0.79
*ST棒杰,sz002634,4.47,4.48,4.47,6851200.0,4.46,47600,4.47,32300,-0.22,4.6,4.36,6851200,30730000.0,1.55,5.36,19.77,20.53,4.93,4.03,1.26
万集科技,sz300552,22.84,22.23,22.09,15245900.0,22.83,100200,22.84,8700,2.74,22.89,21.71,15245900,344360000.0,11.29,5.31,30.85,48.68,26.68,17.78,0.97
欧福蛋业,bj920371,7.11,7.23,7.17,1388000.0,7.11,11300,7.12,2200,-1.66,7.27,7.08,1388000,9949400.0,0.71,2.63,13.85,14.61,9.39,5.07,0.84
海航控股,sh600221,1.33,1.34,1.33,188744300.0,1.33,78060700,1.34,7967200,-0.75,1.35,1.33,188744300,252420000.0,0.44,1.49,569.85,574.77,1.47,1.21,0.84
*ST利达,sh603828,4.17,4.21,4.25,1315600.0,4.16,6400,4.17,82600,-0.95,4.25,4.13,1315600,5470000.0,0.22,2.85,24.85,24.85,4.63,3.79,0.61
法尔胜,sz000890,7.46,7.58,7.56,12101600.0,7.45,50700,7.46,300,-1.58,7.56,7.34,12101600,90190000.0,2.88,2.9,31.29,31.29,8.34,6.82,0.74
合众思壮,sz002383,7.02,7.1,7.06,7741900.0,7.02,38500,7.03,1600,-1.13,7.09,6.92,7741900,54280000.0,1.05,2.39,51.97,51.97,7.81,6.39,0.75
盛洋科技,sh603703,9.27,9.37,9.3,5381400.0,9.27,92600,9.28,22200,-1.07,9.41,9.17,5381400,49960000.0,1.3,2.56,38.47,38.47,10.31,8.43,0.72
红棉股份,sz000523,2.92,2.97,2.96,21826200.0,2.92,42900,2.93,796100,-1.68,2.96,2.91,21826200,63930000.0,1.65,1.68,38.69,53.6,3.27,2.67,0.93
舜宇精工,bj920906,16.87,16.87,16.87,675900.0,16.82,400,16.87,1400,0.0,17.09,16.68,675900,11412800.0,2.03,2.43,5.63,10.96,21.93,11.81,0.76
苏利股份,sh603585,10.14,10.34,10.33,3479000.0,10.14,1000,10.15,3900,-1.93,10.33,10.14,3479000,35500000.0,1.28,1.84,27.46,27.92,11.37,9.31,0.87
北京文化,sz000802,5.17,4.7,5.17,49141000.0,5.17,49212500,0.0,0,10.0,5.17,5.17,49141000,254060000.0,6.87,0.0,36.99,37.01,5.17,4.23,0.55
通源环境,sh688679,33.45,33.3,33.0,293485200.0,33.41,1500,33.45,400,0.45,33.98,31.72,293485200,96420000.0,2.23,6.79,44.05,44.05,39.96,26.64,0.77
ST臻镭,sh688270,65.1,70.25,65.36,988772200.0,65.1,10500,65.11,1000,-7.33,67.29,65.05,988772200,652150000.0,3.3,3.19,194.98,194.98,84.3,56.2,1.16
ST百灵,sz002424,4.58,4.59,4.6,9896900.0,4.58,97400,4.59,84000,-0.22,4.68,4.57,9896900,45690000.0,0.86,2.4,52.76,64.01,5.05,4.13,1.34
远方信息,sz300306,9.88,9.87,9.8,2317600.0,9.88,3000,9.89,9300,0.1,9.96,9.71,2317600,22770000.0,1.47,2.53,15.57,26.57,11.84,7.9,0.76
昇辉科技,sz300423,5.88,5.89,5.94,10051400.0,5.87,55500,5.88,4300,-0.17,6.09,5.78,10051400,59130000.0,3.02,5.26,19.59,29.25,7.07,4.71,0.83
百傲化学,sh603360,13.76,13.93,13.93,5985600.0,13.76,15900,13.77,500,-1.22,13.96,13.67,5985600,82490000.0,0.85,2.08,97.18,97.18,15.32,12.54,0.56
铖昌科技,sz001270,111.77,118.0,112.0,10501600.0,111.77,11700,111.78,32100,-5.28,114.3,110.01,10501600,1174630000.0,5.13,3.64,228.91,230.37,129.8,106.2,0.95
顶固集创,sz300749,23.37,23.5,23.0,6423400.0,23.34,600,23.37,12200,-0.55,23.41,21.8,6423400,145440000.0,4.08,6.85,36.78,47.95,28.2,18.8,1.03
科思股份,sz300856,10.91,11.14,11.04,3489000.0,10.91,96100,10.92,21800,-2.06,11.1,10.89,3489000,38270000.0,0.76,1.89,50.16,51.9,13.37,8.91,0.79
三羊马,sz001317,57.96,56.62,56.21,5344900.0,57.96,1200,57.97,1200,2.37,58.57,56.2,5344900,307380000.0,6.25,4.19,49.55,49.59,62.28,50.96,0.88
新大洲A,sz000571,7.38,7.12,7.1,49665900.0,7.37,57800,7.38,76300,3.65,7.55,6.78,49665900,355270000.0,6.1,10.81,60.07,61.93,7.83,6.41,1.08
高乐股份,sz002348,11.92,12.57,12.58,40538900.0,11.91,429800,11.92,14200,-5.17,12.72,11.87,40538900,491250000.0,4.49,6.76,107.7,118.38,13.83,11.31,0.74
三维通信,sz002115,11.67,11.9,11.88,39788400.0,11.67,147900,11.68,293700,-1.93,11.89,11.64,39788400,466660000.0,5.33,2.1,87.09,93.95,13.09,10.71,0.54
汉仪股份,sz301270,33.86,34.43,33.49,5193000.0,33.85,10600,33.86,4500,-1.66,34.23,33.05,5193000,175010000.0,5.5,3.43,32.0,33.86,41.32,27.54,0.44
西安饮食,sz000721,6.69,6.75,6.7,15004600.0,6.68,94900,6.69,21200,-0.89,6.76,6.62,15004600,100280000.0,2.93,2.07,34.28,38.39,7.43,6.08,0.77
盟升电子,sh688311,23.93,24.72,23.8,494580200.0,23.93,4900,23.97,800,-3.2,24.27,23.52,494580200,118320000.0,2.82,3.03,41.9,41.9,29.66,19.78,0.92
国机精工,sz002046,46.45,46.88,46.4,8289900.0,46.45,24800,46.46,3500,-0.92,48.18,45.47,8289900,385500000.0,1.56,5.78,246.27,249.06,51.57,42.19,0.66
航天软件,sh688562,14.52,14.81,14.7,268774000.0,14.52,15900,14.57,9700,-1.96,14.72,14.33,268774000,39010000.0,0.67,2.63,58.08,58.08,17.77,11.85,0.73
*ST田野,bj920023,1.89,1.92,1.9,4259100.0,1.88,127300,1.89,47300,-1.56,1.92,1.87,4259100,8187700.0,1.58,2.6,5.08,6.19,2.49,1.35,0.5
海伦钢琴,sz300329,12.03,12.34,12.4,3031500.0,12.03,28400,12.04,49700,-2.51,12.4,11.94,3031500,36580000.0,1.2,3.73,30.33,30.42,14.81,9.87,0.62
中央商场,sh600280,3.02,2.98,2.99,29572900.0,3.01,327200,3.02,392300,1.34,3.04,2.93,29572900,88390000.0,2.62,3.69,34.08,34.08,3.28,2.68,1.03
航天科技,sz000901,14.8,15.27,14.7,16800900.0,14.79,51200,14.8,8900,-3.08,14.91,14.4,16800900,247700000.0,2.1,3.34,118.13,118.13,16.8,13.74,0.94
欢乐家,sz300997,18.85,18.19,17.88,28736600.0,18.84,161300,18.85,60800,3.63,18.89,17.85,28736600,532850000.0,7.28,5.72,74.38,81.99,21.83,14.55,1.3
渤海汽车,sh600960,4.02,4.04,4.05,6701700.0,4.02,73600,4.03,103200,-0.5,4.05,3.96,6701700,26790000.0,0.71,2.23,38.21,38.21,4.44,3.64,0.77
三友科技,bj920475,11.7,11.87,12.05,721500.0,11.7,11100,11.73,400,-1.43,12.06,11.6,721500,8491600.0,1.28,3.88,6.58,11.82,15.43,8.31,0.45
古鳌科技,sz300551,10.24,10.31,10.48,9373100.0,10.24,700,10.25,15100,-0.68,10.62,10.12,9373100,96570000.0,2.76,4.85,34.72,34.82,12.37,8.25,0.92
庄园牧场,sz002910,9.49,9.48,9.39,7773600.0,9.48,11500,9.49,19200,0.11,9.59,9.24,7773600,73670000.0,4.54,3.69,16.23,18.56,10.43,8.53,0.99
世联行,sz002285,2.18,2.19,2.21,37409900.0,2.18,449300,2.19,538900,-0.46,2.22,2.15,37409900,81900000.0,1.89,3.2,43.06,43.44,2.41,1.97,1.14
斯瑞新材,sh688102,34.05,38.51,34.79,3817794600.0,34.04,3100,34.05,100000,-11.58,35.51,33.5,3817794600,1319580000.0,4.9,5.22,265.18,265.96,46.21,30.81,1.54
国博电子,sh688375,80.3,82.8,79.52,493170600.0,80.21,200,80.3,2300,-3.02,82.5,78.01,493170600,397870000.0,0.83,5.42,478.6,478.6,99.36,66.24,1.1
茂业商业,sh600828,3.98,4.0,4.0,11425300.0,3.98,25300,3.99,284700,-0.5,4.03,3.94,11425300,45550000.0,0.66,2.25,68.91,68.93,4.4,3.6,0.82
王子新材,sz002735,12.04,12.01,11.9,10468000.0,12.03,29100,12.04,34200,0.25,12.11,11.84,10468000,125750000.0,3.67,2.25,34.32,45.18,13.21,10.81,0.54
大连友谊,sz000679,6.14,6.08,6.1,4781600.0,6.14,15200,6.15,101000,0.99,6.2,6.0,4781600,29220000.0,1.34,3.29,21.88,21.88,6.69,5.47,0.85
福事特,sz301446,39.0,39.69,39.38,1030700.0,39.0,1600,39.1,1000,-1.74,39.88,38.2,1030700,40230000.0,3.24,4.23,12.39,40.56,47.63,31.75,1.12
利群股份,sh601366,3.57,3.58,3.56,7058700.0,3.57,11900,3.58,284800,-0.28,3.6,3.53,7058700,25180000.0,0.74,1.96,34.26,34.26,3.94,3.22,0.74
崧盛股份,sz301002,28.18,28.48,28.46,4653000.0,28.18,800,28.19,4800,-1.05,28.6,27.72,4653000,131280000.0,5.48,3.09,23.95,38.03,34.18,22.78,1.0
润普食品,bj920422,9.37,9.55,9.51,795300.0,9.36,2600,9.37,2700,-1.88,9.57,9.37,795300,7494100.0,1.2,2.09,6.21,8.29,12.41,6.69,0.37
科创新材,bj920580,11.24,11.51,11.5,1353600.0,11.24,7600,11.28,4300,-2.35,11.5,11.24,1353600,15344200.0,2.47,2.26,6.16,9.67,14.96,8.06,0.5
航天智装,sz300455,19.2,19.85,19.21,8068100.0,19.19,27300,19.2,3700,-3.27,19.44,18.78,8068100,155080000.0,1.14,3.32,135.69,137.81,23.82,15.88,1.07
西测测试,sz301306,94.7,97.51,94.69,3370800.0,94.7,500,94.73,1100,-2.88,96.23,91.28,3370800,316010000.0,5.79,5.08,55.17,79.93,117.01,78.01,0.86
凯瑞德,sz002072,7.26,7.3,7.29,3423500.0,7.26,1500,7.27,6000,-0.55,7.37,7.13,3423500,24790000.0,0.93,3.29,26.68,26.69,8.03,6.57,0.58
莱克电气,sh603355,27.08,28.02,28.01,3338400.0,27.08,6700,27.12,2500,-3.35,28.43,26.72,3338400,91050000.0,0.58,6.1,155.28,155.28,30.82,25.22,1.07
九牧王,sh601566,8.57,8.66,8.61,3857400.0,8.57,3600,8.58,26000,-1.04,8.66,8.54,3857400,33140000.0,0.67,1.39,49.25,49.25,9.53,7.79,0.64
金钟股份,sz301133,28.25,27.84,27.58,2927400.0,28.25,4300,28.26,11100,1.47,28.58,26.76,2927400,81340000.0,2.63,6.54,31.4,34.31,33.41,22.27,0.98
粤海饲料,sz001313,7.27,7.46,7.46,11105700.0,7.26,99400,7.27,31600,-2.55,7.46,7.26,11105700,81380000.0,1.59,2.68,50.83,50.89,8.21,6.71,0.93
震有科技,sh688418,38.07,36.38,35.2,698710800.0,38.07,10700,38.08,1700,4.65,38.64,34.89,698710800,258380000.0,3.63,10.31,73.31,73.31,43.66,29.1,1.4
通宇通讯,sz002792,33.74,34.1,33.8,67457400.0,33.73,2800,33.74,20300,-1.06,35.13,32.32,67457400,2264360000.0,19.97,8.24,113.98,176.74,37.51,30.69,1.56
ST思科瑞,sh688053,34.02,34.51,33.5,58050000.0,34.02,16900,34.08,700,-1.42,34.38,33.11,58050000,19610000.0,0.58,3.68,34.02,34.02,41.41,27.61,1.06
银河电子,sz002519,5.62,5.72,5.65,37451800.0,5.62,114100,5.63,128900,-1.75,5.68,5.48,37451800,210170000.0,3.33,3.5,63.14,63.31,6.29,5.15,1.0
景业智能,sh688290,65.87,67.63,67.52,149987500.0,65.84,1000,65.87,0,-2.6,68.0,65.3,149987500,99350000.0,1.47,3.99,67.31,67.31,81.16,54.1,1.07
上海沪工,sh603131,15.6,15.99,15.45,6541300.0,15.58,7100,15.61,13200,-2.44,15.78,15.3,6541300,101910000.0,1.94,3.0,52.56,52.56,17.59,14.39,0.97
皮阿诺,sz002853,21.07,21.35,21.35,1247400.0,21.07,700,21.08,4000,-1.31,21.58,20.6,1247400,26150000.0,0.97,4.59,27.12,38.54,23.49,19.22,0.69
国机重装,sh601399,3.28,3.32,3.31,49963500.0,3.28,141100,3.29,1309900,-1.2,3.32,3.27,49963500,164390000.0,0.69,1.51,236.6,236.6,3.65,2.99,0.76
莱赛激光,bj920363,10.35,10.58,10.58,982500.0,10.35,5500,10.36,6000,-2.17,10.58,10.3,982500,10169200.0,1.39,2.65,7.3,12.84,13.75,7.41,0.6
威帝股份,sh603023,4.16,3.99,4.01,12732700.0,4.15,95000,4.16,41700,4.26,4.17,3.95,12732700,52040000.0,2.28,5.51,23.22,23.22,4.39,3.59,1.21
冰山冷热,sz000530,5.04,5.04,5.01,11081600.0,5.03,13300,5.04,257800,0.0,5.05,4.96,11081600,55610000.0,1.85,1.79,30.25,42.5,5.54,4.54,0.92
科达自控,bj920932,12.66,12.64,13.05,2241300.0,12.66,4400,12.67,8100,0.16,13.33,12.6,2241300,28719699.999999996,2.57,5.78,11.04,13.34,16.43,8.85,0.78
南京商旅,sh600250,8.6,8.59,8.55,6300400.0,8.59,21800,8.6,64700,0.12,8.68,8.51,6300400,54150000.0,2.01,1.98,26.9,26.9,9.45,7.73,0.95
航天晨光,sh600501,14.66,15.08,14.85,6007600.0,14.66,53100,14.67,1700,-2.79,14.85,14.31,6007600,87830000.0,1.4,3.58,62.72,62.72,16.59,13.57,0.93
德联集团,sz002666,4.17,4.22,4.2,8071600.0,4.16,97900,4.17,139900,-1.18,4.21,4.14,8071600,33680000.0,1.61,1.66,20.88,32.86,4.64,3.8,0.84
航天电子,sh600879,15.53,16.45,15.65,116746600.0,15.53,206300,15.54,683100,-5.59,15.87,15.29,116746600,1822910000.0,3.54,3.53,512.38,512.38,18.1,14.81,1.2
东箭科技,sz300978,8.7,8.92,8.82,4464600.0,8.69,12400,8.7,16700,-2.47,8.87,8.68,4464600,38940000.0,1.56,2.13,24.98,36.78,10.7,7.14,1.04
瑞星股份,bj920717,8.0,8.14,8.15,1064300.0,8.0,5700,8.06,1400,-1.72,8.19,8.0,1064300,8616700.0,2.4,2.33,3.54,9.17,10.58,5.7,0.31
中国卫通,sh601698,26.05,27.56,26.31,39818900.0,26.04,115000,26.05,45900,-5.48,26.75,25.74,39818900,1041520000.0,0.94,3.66,1100.45,1100.45,30.32,24.8,1.24
红旗连锁,sz002697,4.71,4.74,4.73,14925900.0,4.71,500,4.72,424800,-0.63,4.77,4.66,14925900,70320000.0,1.3,2.32,53.95,64.06,5.21,4.27,0.92
立方退,sz300344,0.25,0.25,0.0,0.0,0.0,0,0.0,0,0.0,0.0,0.0,0,0.0,0.0,0.0,1.6,1.6,-1.0,-1.0,0.0
上海瀚讯,sz300762,31.11,33.13,31.36,35580800.0,31.11,18200,31.12,20900,-6.1,31.8,30.69,35580800,1114130000.0,5.67,3.35,195.36,195.36,39.76,26.5,1.32
中超控股,sz002471,5.85,5.89,5.8,59384800.0,5.84,60300,5.85,415500,-0.68,5.89,5.69,59384800,344450000.0,4.42,3.4,78.63,80.07,6.48,5.3,0.64
大鹏工业,bj920091,30.8,31.23,31.0,366900.0,30.79,100,30.8,5800,-1.38,31.44,30.56,366900,11354400.0,2.53,2.82,4.47,18.93,40.59,21.87,0.61
佳缘科技,sz301117,19.79,18.92,18.63,13633900.0,19.79,14000,19.8,2300,4.6,20.45,18.1,13633900,265780000.0,11.77,12.42,22.93,35.79,22.7,15.14,1.96
ST海王,sz000078,1.77,1.77,1.74,106595600.0,1.77,1528300,1.78,1250900,0.0,1.82,1.73,106595600,189500000.0,4.06,5.08,46.47,46.57,1.95,1.59,1.01
华体科技,sh603679,22.51,22.44,22.22,6649000.0,22.51,15600,22.52,2200,0.31,22.6,21.83,6649000,148290000.0,3.74,3.43,40.0,40.0,24.68,20.2,0.53
天银机电,sz300342,35.51,37.0,35.93,17419400.0,35.51,7100,35.52,1200,-4.03,36.11,34.59,17419400,619440000.0,4.16,4.11,148.72,150.93,44.4,29.6,0.97
陕西华达,sz301517,40.45,41.08,40.64,2810900.0,40.45,2300,40.46,300,-1.53,40.96,39.3,2810900,112950000.0,2.88,4.04,39.46,61.18,49.3,32.86,0.95
曲江文旅,sh600706,7.87,7.9,7.91,5232200.0,7.87,400,7.88,13200,-0.38,7.94,7.76,5232200,41080000.0,2.06,2.28,19.99,20.07,8.69,7.11,0.92
渤海化学,sh600800,3.37,3.39,3.38,16796600.0,3.37,79000,3.38,137000,-0.59,3.44,3.33,16796600,56910000.0,1.51,3.24,37.4,37.41,3.73,3.05,0.7
珠江股份,sh600684,3.5,3.51,3.51,12087700.0,3.49,112500,3.5,55600,-0.28,3.54,3.44,12087700,42340000.0,1.42,2.85,29.87,38.71,3.86,3.16,0.92
航天机电,sh600151,10.96,11.03,10.5,36577200.0,10.95,30500,10.96,56000,-0.63,11.36,10.38,36577200,401320000.0,2.55,8.88,157.19,157.19,12.13,9.93,0.97
恒盛能源,sh605580,18.35,18.51,18.41,3010000.0,18.35,3300,18.36,18100,-0.86,18.59,18.28,3010000,55430000.0,1.07,1.67,51.38,51.38,20.36,16.66,0.55
*ST高科,sh600730,10.18,11.31,11.02,19644700.0,0.0,0,10.18,1859800,-9.99,11.38,10.18,19644700,209350000.0,3.35,10.61,59.72,59.72,12.44,10.18,1.49
钧达股份,sz002865,44.85,46.02,44.5,8964700.0,44.85,14400,44.86,2000,-2.54,45.45,43.7,8964700,399200000.0,4.01,3.8,100.25,139.6,50.62,41.42,0.99
顺灏股份,sz002565,9.58,9.88,9.54,51665200.0,9.57,52100,9.58,1600,-3.04,9.7,9.37,51665200,494150000.0,4.87,3.34,101.54,101.55,10.87,8.89,0.67
星辰科技,bj920885,12.27,13.02,12.5,2906000.0,12.27,17800,12.3,13300,-5.76,12.56,12.09,2906000,35746400.0,3.28,3.61,10.86,20.96,16.92,9.12,1.04
博纳影业,sz001330,5.38,5.39,5.45,114407300.0,5.38,699500,5.39,223600,-0.19,5.5,5.23,114407300,614490000.0,9.84,5.01,62.56,73.95,5.93,4.85,1.67
久之洋,sz300516,30.87,31.47,30.98,3885200.0,30.86,600,30.88,3100,-1.91,31.27,30.41,3885200,119800000.0,1.54,2.73,77.79,77.79,37.76,25.18,0.71
*ST禾信,sh688622,112.7,113.08,113.0,25361300.0,112.7,5200,113.0,900,-0.34,115.65,111.06,25361300,28660000.0,0.36,4.06,79.41,79.41,135.7,90.46,0.51
长药退,sz300391,0.19,0.19,0.0,0.0,0.0,0,0.0,0,0.0,0.0,0.0,0,0.0,0.0,0.0,0.67,0.67,-1.0,-1.0,0.0
ST天玑,sz300245,5.85,5.82,5.83,4805800.0,5.85,32800,5.86,123300,0.52,5.87,5.72,4805800,27900000.0,1.64,2.58,17.18,17.85,6.98,4.66,0.72
汉鑫科技,bj920092,31.07,30.6,30.5,5312100.0,31.07,17300,31.08,3300,1.54,32.1,29.4,5312100,165406600.0,16.43,8.82,10.05,19.29,39.78,21.42,0.71
同大股份,sz300321,33.1,33.23,33.65,2825900.0,33.1,4500,33.11,2500,-0.39,33.9,32.45,2825900,93440000.0,3.19,4.36,29.36,29.39,39.88,26.58,0.84
ST福能,sz300173,3.34,3.34,3.33,5039700.0,3.34,59900,3.35,82200,0.0,3.4,3.32,5039700,16870000.0,0.69,2.4,24.54,24.54,4.01,2.67,0.49
创识科技,sz300941,14.97,15.19,15.06,5680800.0,14.97,7200,14.98,9700,-1.45,15.15,14.82,5680800,85130000.0,4.59,2.17,18.53,30.65,18.23,12.15,0.52
誉帆科技,sz001396,35.16,36.13,35.88,918100.0,35.16,4000,35.2,8000,-2.68,36.06,35.0,918100,32390000.0,4.04,2.93,7.99,37.59,39.74,32.52,0.81
双欣材料,sz001369,13.3,13.29,13.19,17404000.0,13.29,113600,13.3,58900,0.08,13.56,13.01,17404000,230560000.0,8.39,4.14,27.59,152.55,14.62,11.96,1.42
江天科技,bj920121,28.13,28.46,28.46,145400.0,28.13,300,28.14,2900,-1.16,28.48,28.11,145400,4106600.0000000005,1.22,1.3,3.35,18.58,36.99,19.93,0.69
蘅东光,bj920045,351.45,338.98,348.98,1439600.0,351.45,200,351.96,200,3.68,357.1,336.68,1439600,501650300.0,5.11,6.02,99.03,334.93,440.67,237.29,0.71
强一股份,sh688809,460.07,483.98,475.0,128549700.0,460.04,200,460.07,100,-4.94,481.99,458.03,128549700,601270000.0,4.96,4.95,119.21,596.06,580.78,387.18,0.69
健信超导,sh688805,41.79,40.6,40.62,200636300.0,41.79,1700,41.8,2800,2.93,42.76,39.79,200636300,83430000.0,5.98,7.32,14.01,70.07,48.72,32.48,1.66
陕西旅游,sh603402,67.22,67.88,67.9,1392300.0,67.22,3500,67.23,600,-0.97,68.37,66.7,1392300,93730000.0,5.54,2.46,16.89,67.58,74.67,61.09,0.73
新广益,sz301687,50.66,50.97,50.12,2971600.0,50.66,300,50.68,2000,-0.61,51.36,49.69,2971600,150350000.0,9.54,3.28,15.78,74.4,61.16,40.78,0.56
至信股份,sh603352,28.43,27.83,27.68,4195700.0,28.43,6500,28.44,17100,2.16,29.79,27.25,4195700,119120000.0,9.26,9.13,12.89,64.44,30.61,25.05,1.27
科马材料,bj920086,21.08,21.58,21.6,645900.0,21.08,900,21.09,800,-2.32,21.6,20.99,645900,13704900.0,2.36,2.83,5.77,17.64,28.05,15.11,0.81
国亮新材,bj920076,12.73,12.94,12.94,433000.0,12.73,16000,12.75,100,-1.62,12.97,12.71,433000,5557200.0,1.18,2.01,4.69,14.91,16.82,9.06,0.7
爱伦医疗,bj920050,28.71,29.05,29.0,221500.0,28.7,8400,28.71,100,-1.17,29.17,28.51,221500,6389700.0,1.22,2.27,5.2,19.43,37.76,20.34,0.54
农大科技,bj920159,28.51,28.94,28.96,444200.0,28.51,6500,28.52,2000,-1.49,29.17,28.51,444200,12763599.999999998,3.08,2.28,4.11,21.67,37.62,20.26,0.62
恒运昌,sh688785,277.0,277.0,275.48,60305100.0,276.9,200,277.0,400,0.0,283.43,266.01,60305100,166210000.0,4.45,6.29,37.52,187.53,332.4,221.6,0.74
美德乐,bj920119,48.87,49.85,49.85,295100.0,48.86,200,48.87,5500,-1.97,49.85,48.84,295100,14520900.0,1.11,2.03,12.98,49.35,64.8,34.9,0.86
振石股份,sh601112,15.41,15.66,15.64,3525600.0,15.4,22400,15.41,17600,-1.6,15.64,15.4,3525600,54530000.0,1.93,1.53,28.16,268.19,17.23,14.09,0.75
世盟股份,sz001220,31.11,30.35,30.33,1441600.0,31.1,5900,31.11,3000,2.5,31.37,29.87,1441600,44430000.0,6.25,4.94,7.18,28.71,33.39,27.32,1.41
北芯生命,sh688712,35.73,34.82,34.6,558366800.0,35.71,900,35.73,7300,2.61,36.67,34.5,558366800,200040000.0,12.24,6.23,16.29,148.99,41.78,27.86,1.06
爱得科技,bj920180,12.06,12.18,12.15,578400.0,12.05,5500,12.06,1200,-0.99,12.36,12.0,578400,7034200.0,1.62,2.96,4.3,14.25,15.83,8.53,0.78
林平发展,sh603284,44.44,40.4,40.35,4743600.0,44.44,3787600,0.0,0,10.0,44.44,40.18,4743600,204680000.0,25.16,10.54,8.38,33.51,44.44,36.36,2.77
电科蓝天,sh688818,47.99,50.8,48.27,1345671700.0,47.99,900,48.0,37000,-5.53,48.81,46.0,1345671700,644090000.0,9.48,5.53,68.16,833.55,60.96,40.64,1.19
易思维,sh688816,52.32,50.58,48.98,167615100.0,52.32,4800,52.35,1000,3.44,52.32,48.78,167615100,84340000.0,8.16,7.0,10.74,52.32,60.7,40.46,4.31
海圣医疗,bj920166,23.28,22.06,21.52,1747100.0,23.27,11000,23.28,26300,5.53,24.0,21.22,1747100,39866300.0,7.35,12.6,5.53,17.53,28.67,15.45,1.62
通宝光电,bj920168,15.83,16.03,16.03,313300.0,15.82,1600,15.83,1000,-1.25,16.03,15.81,313300,4981000.0,1.11,1.37,4.46,11.9,20.83,11.23,0.94
海菲曼,bj920183,29.45,29.68,29.89,192700.0,29.38,500,29.45,1000,-0.77,29.89,29.11,192700,5662200.0,1.71,2.63,3.31,14.42,38.58,20.78,0.53
通领科技,bj920187,19.43,19.93,19.93,1030800.0,19.37,500,19.43,400,-2.51,19.93,19.26,1030800,20141500.0,3.11,3.36,6.45,17.58,25.9,13.96,1.36
固德电材,sz301680,91.65,92.83,92.83,552900.0,91.65,300,91.67,200,-1.27,93.99,91.19,552900,51110000.0,3.29,3.02,15.4,75.89,111.4,74.26,0.66
觅睿科技,bj920036,30.4,31.15,31.0,624700.0,30.4,6900,30.46,9600,-2.41,31.0,30.31,624700,19072800.0,4.78,2.22,3.97,16.54,40.49,21.81,0.47
族兴新材,bj920078,19.57,20.43,20.22,2354600.0,19.57,5200,19.58,1800,-4.21,20.39,19.56,2354600,46649700.0,6.04,4.06,7.63,23.48,26.55,14.31,0.92
新恒泰,bj920028,13.68,14.14,14.12,1138900.0,13.68,10400,13.7,700,-3.25,14.12,13.68,1138900,15742400.0,1.75,3.11,8.89,22.48,18.38,9.9,0.99
宏明电子,sz301682,132.78,131.9,129.26,3499700.0,132.78,7700,132.79,100,0.67,137.97,129.04,3499700,469250000.0,13.62,6.77,34.11,161.39,158.28,105.52,1.37
视涯科技-UW,sh688781,37.12,37.69,37.47,132287700.0,37.11,17600,37.12,300,-1.51,37.86,37.03,132287700,49570000.0,3.24,2.2,15.16,371.2,45.23,30.15,0.65
普昂医疗,bj920069,34.5,34.93,34.34,616500.0,34.5,300,34.51,1700,-1.23,35.75,34.33,616500,21474800.0,4.18,4.07,5.09,18.26,45.4,24.46,0.93
悦龙科技,bj920188,23.05,23.48,23.48,684000.0,23.05,500,23.06,600,-1.83,23.56,22.93,684000,15783400.0,3.46,2.68,4.56,19.13,30.52,16.44,1.04
隆源股份,bj920055,27.21,27.77,27.76,353400.0,27.21,8400,27.29,500,-2.02,27.76,27.13,353400,9652400.0,2.31,2.27,4.16,18.5,36.1,19.44,0.7
盛龙股份,sz001257,25.48,26.85,26.46,22356100.0,25.48,105700,25.49,7200,-5.1,26.72,25.45,22356100,580290000.0,16.32,4.73,34.89,467.8,29.54,24.17,0.92
泰金新能,sh688813,114.43,118.2,113.0,572014800.0,114.43,11600,114.52,200,-3.19,118.41,111.47,572014800,655870000.0,19.02,5.87,34.42,183.09,141.84,94.56,0.87
慧谷新材,sz301683,102.74,102.83,101.86,911700.0,102.73,700,102.74,1400,-0.09,104.68,101.74,911700,94440000.0,6.39,2.86,14.66,64.85,123.4,82.26,1.08
晨光电机,bj920011,19.72,19.52,19.35,1107900.0,19.71,2000,19.72,11300,1.02,20.1,19.26,1107900,21750000.0,5.96,4.3,3.67,16.3,25.37,13.67,1.35
红板科技,sh603459,99.31,102.66,101.64,14011300.0,99.31,19300,99.32,2300,-3.26,104.06,99.14,14011300,1415610000.0,17.72,4.79,78.51,748.55,112.93,92.39,0.66
有研复材,sh688811,22.58,23.03,22.81,479836300.0,22.57,7100,22.58,22100,-1.95,22.97,22.5,479836300,109020000.0,5.21,2.04,20.8,113.28,27.64,18.42,0.55
赛英电子,bj920181,69.94,72.14,71.37,578700.0,69.93,500,69.94,300,-3.05,71.9,69.91,578700,40774100.0,5.78,2.76,7.01,30.21,93.78,50.5,0.62
三瑞智能,sz301696,105.79,105.6,104.0,2977200.0,105.79,13300,105.8,1500,0.18,108.56,103.21,2977200,315640000.0,9.9,5.07,31.83,423.17,126.72,84.48,0.95
创达新材,bj920012,47.4,48.65,47.96,856000.0,47.39,400,47.4,5700,-2.57,48.57,47.11,856000,40801000.0,4.44,3.0,9.15,23.38,63.24,34.06,0.75
埃泰克,sh603293,37.22,37.34,37.18,1139100.0,37.22,500,37.25,1500,-0.32,37.49,36.66,1139100,42280000.0,3.25,2.22,13.06,66.66,41.07,33.61,0.65
恒道科技,bj920177,24.82,25.27,25.2,237100.0,24.82,600,24.87,200,-1.78,25.2,24.82,237100,5915000.0,1.28,1.5,4.6,12.99,32.85,17.69,0.56
大普微-UW,sz301666,433.08,432.0,425.51,1856400.0,433.07,300,433.08,700,0.25,442.86,422.27,1856400,804270000.0,7.0,4.77,114.84,1889.17,518.4,345.6,0.59
尚水智能,sz301513,49.87,49.89,49.89,1174400.0,49.86,400,49.88,400,-0.04,50.84,48.89,1174400,58450000.0,5.83,3.91,10.05,49.87,59.87,39.91,1.02
瑞尔竞达,bj920191,8.87,9.0,9.0,835700.0,8.87,7300,8.88,1700,-1.44,9.0,8.82,835700,7437200.0,2.09,2.0,3.54,15.73,11.7,6.3,0.71
福恩股份,sz001312,17.88,18.05,18.01,2206800.0,17.88,10900,17.89,1400,-0.94,18.02,17.72,2206800,39410000.0,3.86,1.66,10.22,41.72,19.86,16.25,0.91
盛合晶微,sh688820,137.57,139.89,137.86,989439000.0,137.53,300,137.57,10300,-1.66,141.88,135.58,989439000,1371700000.0,5.72,4.5,237.86,2562.62,167.87,111.91,0.59
联讯仪器,sh688808,2062.03,2139.0,2099.9,82817400.0,2062.0,1100,2062.03,4600,-3.6,2117.99,2021.0,82817400,1715080000.0,4.29,4.53,397.89,2117.02,2566.8,1711.2,0.48
鸿仕达,bj920125,132.48,138.0,136.5,2025400.0,132.46,100,132.48,400,-4.0,136.5,130.2,2025400,268674700.0,12.29,4.57,21.83,74.4,179.4,96.6,0.71
海昌智能,bj920156,38.68,39.99,39.81,1014200.0,38.68,900,38.71,200,-3.28,39.96,38.59,1014200,39518500.0,4.67,3.43,8.4,40.27,51.98,28.0,0.76
中科仪,bj920186,73.86,76.07,75.08,4192200.0,73.86,24000,73.87,5500,-2.91,75.88,73.33,4192200,311634400.0,3.58,3.35,86.47,165.33,98.89,53.25,0.63
理奇智能,sz301599,35.33,35.23,35.0,2663300.0,35.33,4800,35.34,1300,0.28,35.88,34.74,2663300,94050000.0,4.87,3.24,19.33,152.48,42.28,28.18,0.77
振宏股份,bj920200,29.96,30.49,30.45,1558600.0,29.95,1000,29.96,3900,-1.74,30.45,29.5,1558600,46711100.0,3.51,3.12,13.29,30.43,39.63,21.35,0.5
长裕集团,sh603407,64.67,66.33,64.99,12081800.0,64.67,64600,64.68,14100,-2.5,71.25,64.52,12081800,810660000.0,33.64,10.15,23.22,263.77,72.96,59.7,1.35
春光集团,sz301531,51.38,51.5,51.0,2578500.0,51.36,2000,51.38,2700,-0.23,52.49,50.42,2578500,132800000.0,5.5,4.02,24.09,112.9,61.8,41.2,0.64
维通利,sz001393,46.0,45.2,45.01,4644400.0,46.0,9000,46.01,1900,1.77,47.2,44.68,4644400,214690000.0,9.67,5.58,22.1,114.69,49.72,40.68,1.49
锐翔智能,bj920178,104.8,112.21,108.0,2274600.0,104.8,5000,104.88,500,-6.6,109.56,103.1,2274600,241344300.0,11.81,5.76,20.18,69.1,145.87,78.55,1.19
天海电子,sz001365,37.99,37.53,37.53,6970800.0,37.99,3200,38.0,44800,1.23,38.74,36.85,6970800,264210000.0,12.12,5.04,21.85,199.45,41.28,33.78,1.14
嘉晨智能,bj920096,35.9,36.62,36.59,1222100.0,35.9,3900,35.92,2400,-1.97,36.76,35.01,1222100,43676400.0,7.54,4.78,5.82,24.77,47.6,25.64,0.84
惠康科技,sz001237,54.95,55.21,55.2,1647600.0,54.94,1300,54.97,100,-0.47,55.54,54.29,1647600,90550000.0,4.73,2.26,19.15,81.52,60.73,49.69,0.92
嘉德利,sh603435,54.23,54.54,54.0,3280200.0,54.23,1900,54.24,4300,-0.57,55.2,53.56,3280200,178250000.0,9.19,3.01,19.35,249.01,59.99,49.09,0.53
朗信电气,bj920220,41.55,42.0,41.76,788900.0,41.55,2300,41.56,400,-1.07,42.46,40.53,788900,32562100.0,3.8,4.6,8.62,27.51,54.6,29.4,1.03
长进光子,sh688635,250.02,249.9,248.96,168454300.0,250.02,600,250.06,200,0.05,256.69,244.11,168454300,422120000.0,9.49,5.03,44.39,234.19,299.88,199.92,0.68
龙辰科技,bj920161,24.28,24.74,24.51,2748500.0,24.28,3100,24.29,4700,-1.86,24.88,24.0,2748500,66967200.0,7.45,3.56,8.96,33.02,32.16,17.32,0.69
新天力,bj920218,17.61,18.4,18.27,2089300.0,17.61,2300,17.62,1000,-4.29,18.3,17.5,2089300,37274500.0,9.91,4.35,3.71,16.5,23.92,12.88,0.91
新睿电子,bj920211,109.66,109.05,108.38,766000.0,109.66,2600,109.7,300,0.56,112.87,104.5,766000,83640900.0,6.61,7.68,12.72,37.72,141.76,76.34,0.88
彩客科技,bj920206,34.22,34.9,35.0,596600.0,34.18,500,34.22,200,-1.95,35.25,33.81,596600,20451900.0,2.17,4.13,9.42,24.48,45.37,24.43,0.55
高特电子,sz301669,30.9,30.85,30.03,11279400.0,30.9,68400,30.91,79000,0.16,31.87,29.67,11279400,345690000.0,13.77,7.13,25.3,148.32,37.02,24.68,1.06
金戈新材,bj920083,32.38,33.78,33.56,1797700.0,32.35,200,32.38,2900,-4.14,33.74,32.38,1797700,59085500.0,4.73,4.03,12.31,28.91,43.91,23.65,0.61
永大股份,bj920126,10.4,10.6,10.51,1890800.0,10.39,1000,10.4,3700,-1.89,10.61,10.32,1890800,19739500.0,4.23,2.74,4.65,19.35,13.78,7.42,0.65
臻宝科技,sh688797,339.0,351.8,342.37,434311800.0,339.0,2600,339.65,200,-3.64,351.97,329.0,434311800,1480150000.0,14.88,6.53,98.96,526.43,422.16,281.44,0.88
科莱瑞迪,bj920072,28.13,28.33,28.0,1791900.0,28.1,3900,28.13,1900,-0.71,28.85,27.51,1791900,50403600.0,12.39,4.73,4.07,21.55,36.82,19.84,0.75
惠科股份,sz001399,24.05,23.93,23.77,58254800.0,24.05,200400,24.06,8800,0.5,25.0,23.77,58254800,1427990000.0,13.53,5.14,103.55,1781.46,26.32,21.54,1.42
益坤电气,bj920222,28.45,30.5,28.99,3369100.0,28.45,8500,28.46,200,-6.72,29.39,28.01,3369100,96492500.0,29.14,4.52,3.29,24.37,39.65,21.35,0.77
华润新能源,sz001248,13.12,13.2,13.15,67688500.0,13.12,10600,13.13,429000,-0.61,13.24,13.09,67688500,890950000.0,6.37,1.14,139.39,1747.8,14.52,11.88,0.58
吉和昌,bj920193,34.02,35.29,34.67,5599100.0,34.01,23700,34.02,3100,-3.6,35.35,33.23,5599100,190592300.0,22.22,6.01,8.57,37.87,45.87,24.71,0.86
康美特,bj920189,21.11,21.97,21.96,5152800.0,21.11,7700,21.12,2600,-3.91,21.96,20.95,5152800,109393799.99999999,6.07,4.6,17.92,29.85,28.56,15.38,0.83
永励精密,bj920136,21.06,21.6,21.4,2076200.0,21.02,1600,21.06,1200,-2.5,21.4,20.8,2076200,43709500.0,9.89,2.78,4.42,16.85,28.08,15.12,0.55
欧伦电气,bj920081,39.3,40.49,40.5,1167000.0,39.26,2000,39.3,12400,-2.94,40.5,39.3,1167000,46529900.0,6.82,2.96,6.72,28.53,52.63,28.35,0.59
托伦斯,sz301583,166.31,163.28,159.0,14236100.0,166.31,13700,166.34,200,1.86,173.99,158.99,14236100,2395090000.0,46.17,9.19,51.28,308.46,195.94,130.62,1.07
龙鑫智能,bj920117,33.33,34.49,32.0,10818000.0,33.33,4500,33.38,10600,-3.36,36.78,32.0,10818000,376359700.0,53.52,13.86,6.74,29.94,44.83,24.15,1.17
泰诺麦博-U,sh688806,28.02,27.95,27.0,1212333000.0,28.02,100,28.03,1800,0.25,28.78,27.0,1212333000,340540000.0,23.76,6.37,14.3,129.05,33.54,22.36,0.97
乔路铭,bj920079,14.5,14.8,14.81,6032500.0,14.5,104900,14.51,33400,-2.03,14.81,14.47,6032500,87966600.0,13.41,2.3,6.53,60.37,19.24,10.36,0.83
长鹰硬科,bj920238,70.79,73.58,72.58,3789000.0,70.78,700,70.79,1200,-3.79,74.23,69.7,3789000,269922600.0,19.52,6.16,13.74,67.42,95.65,51.51,0.71
长鑫科技,sh688825,50.4,51.3,50.81,28409510500.0,50.39,684800,50.4,389900,-1.75,51.3,50.05,28409510500,14398890000.0,6.31,2.44,2269.53,33707.97,61.56,41.04,0.53
维琪科技,bj920176,68.29,77.0,74.0,2870600.0,68.28,100,68.29,17200,-11.31,74.3,68.29,2870600,203991699.99999997,36.12,7.81,5.43,40.18,100.1,53.9,0.85
千岸科技,bj920065,36.75,38.18,38.0,2364100.0,36.75,10000,36.76,300,-3.75,38.0,36.7,2364100,87880600.0,15.01,3.4,5.79,33.17,49.63,26.73,0.57
欣兴工具,sz301677,62.38,63.6,62.58,5574000.0,62.37,16900,62.38,4200,-1.92,65.0,61.6,5574000,351860000.0,26.0,5.35,13.37,62.38,76.32,50.88,0.61
嘉立创,sz001232,169.09,180.1,175.05,12257600.0,169.09,4800,169.1,4100,-6.11,177.99,168.85,12257600,2100680000.0,27.73,5.07,74.75,939.4,198.11,162.09,0.52
聚仁新材,bj920258,12.8,13.3,13.34,7529200.0,12.79,11000,12.8,225600,-3.76,13.35,12.8,7529200,97236400.0,20.91,4.14,4.61,51.2,17.29,9.31,0.55
森合高科,bj920038,41.61,46.06,45.26,8162300.0,41.61,800,41.62,2400,-9.66,46.05,41.61,8162300,351558200.0,23.89,9.64,14.22,43.48,59.87,32.25,0.0
C津富,sh603468,28.09,29.1,28.65,11927900.0,28.09,49200,28.1,11300,-3.47,28.75,28.0,11927900,336590000.0,29.83,2.58,11.23,115.79,-1.0,-1.0,0.0
C展芯股份,sz301707,97.8,108.2,102.6,13028800.0,97.8,27000,97.81,7400,-9.61,102.6,97.77,13028800,1296730000.0,48.16,4.46,26.46,402.14,-1.0,-1.0,0.0
N超纯应材,sz301717,503.0,65.99,450.0,14939100.0,502.99,1000,503.0,1000,662.24,554.73,420.0,14939100,7040170000.0,85.73,204.17,87.65,512.29,-1.0,-1.0,0.0
N国仪-U,sh688828,110.23,21.22,110.0,2180567800.0,110.23,2400,110.24,100,419.46,118.0,97.79,2180567800,2323590000.0,83.74,95.24,28.7,440.93,-1.0,-1.0,0.0
N珈凯,bj920165,45.94,19.26,60.95,7931900.0,45.94,2900,45.95,500,138.53,61.48,44.44,7931900,417444500.0,82.58,88.47,4.41,22.18,-1.0,-1.0,0.0
杰理科技,bj920138,0.0,0.0,0.0,0.0,0.0,0,0.0,0,0.0,0.0,0.0,0,0.0,,0.0,,,-1.0,-1.0,0.0
