name,code,now,close,open,volume,bid1,bid1_volume,ask1,ask1_volume,涨跌(%),high,low,成交量(手),成交额(万),turnover,振幅,流通市值,总市值,涨停价,跌停价,量比
纳百川,sz301667,63.37,62.3,63.0,1374100.0,63.37,1200,63.4,1900,1.72,64.26,62.82,1374100,87430000.0,6.11,2.31,14.25,70.77,74.76,49.84,0.72
锡华科技,sh603248,23.08,22.53,22.6,5418900.0,23.07,12200,23.08,19200,2.44,23.38,22.6,5418900,124910000.0,7.82,3.46,16.0,106.17,24.78,20.28,0.79
天溯计量,sz301449,74.0,73.48,74.18,767900.0,73.98,100,74.0,400,0.71,75.4,73.88,767900,57320000.0,5.52,2.07,10.3,48.26,88.18,58.78,0.71
美埃科技,sh688376,59.65,59.16,60.58,140158600.0,59.65,600,59.74,1500,0.83,61.39,59.02,140158600,84280000.0,1.04,4.01,80.68,80.68,70.99,47.33,0.45
同飞股份,sz300990,91.94,88.42,90.11,6434900.0,91.93,1400,91.94,4600,3.98,95.98,88.74,6434900,597790000.0,8.34,8.19,70.91,156.83,106.1,70.74,1.1
中光防雷,sz300414,16.12,16.35,16.53,18380200.0,16.11,20600,16.12,60700,-1.41,16.53,15.87,18380200,297510000.0,5.86,4.04,50.54,52.55,19.62,13.08,0.59
苏州天脉,sz301626,248.99,247.02,250.01,4363000.0,248.99,1700,249.25,300,0.8,258.88,243.12,4363000,1097870000.0,8.29,6.38,131.02,288.03,296.42,197.62,0.91
ST名家汇,sz300506,5.18,5.13,5.18,7430600.0,5.17,76800,5.18,185900,0.97,5.24,5.16,7430600,38580000.0,1.01,1.56,38.06,73.85,6.16,4.1,0.57
森赫股份,sz301056,15.7,14.97,15.2,4108200.0,15.69,5900,15.7,600,4.88,15.8,15.2,4108200,64060000.0,2.33,4.01,27.63,41.89,17.96,11.98,1.06
宏达电子,sz300726,50.88,49.79,51.8,9917700.0,50.86,100,50.9,19900,2.19,53.1,50.21,9917700,511080000.0,4.62,5.8,109.11,209.54,59.75,39.83,0.7
宏源药业,sz301246,19.9,19.83,20.23,5004000.0,19.9,3900,19.91,2800,0.35,20.55,19.81,5004000,100810000.0,3.13,3.73,31.85,79.6,23.8,15.86,0.54
华盛锂电,sh688353,104.82,103.96,105.93,379357300.0,104.8,1800,104.82,600,0.83,108.59,103.61,379357300,402010000.0,2.38,4.79,167.19,167.19,124.75,83.17,0.77
鼎泰高科,sz301377,190.36,191.52,194.0,2995400.0,190.36,2200,190.38,2100,-0.61,195.0,188.0,2995400,571840000.0,4.22,3.65,135.2,780.48,229.82,153.22,0.69
腾景科技,sh688195,207.5,213.4,220.0,816693100.0,207.5,500,207.6,1000,-2.76,220.0,205.11,816693100,1722900000.0,6.31,6.98,268.4,268.4,256.08,170.72,1.16
珂玛科技,sz301611,118.5,115.15,118.78,7363400.0,118.5,2600,118.55,200,2.91,120.2,116.18,7363400,869510000.0,5.02,3.49,173.7,516.66,138.18,92.12,0.75
新诺威,sz300765,30.41,29.22,29.62,10143000.0,30.4,10500,30.41,4900,4.07,30.96,29.3,10143000,306330000.0,0.72,5.68,427.14,427.14,35.06,23.38,1.15
安达智能,sh688125,251.0,230.88,242.58,119731000.0,251.0,2900,251.5,500,8.71,261.84,239.33,119731000,301940000.0,1.47,9.75,205.04,206.14,277.06,184.7,0.89
杰华特,sh688141,54.0,52.0,53.01,1079054600.0,53.92,1000,54.0,1100,3.85,54.7,52.69,1079054600,580400000.0,2.4,3.87,243.17,243.17,62.4,41.6,0.69
铜冠铜箔,sz301217,44.15,45.89,46.46,30346900.0,44.15,3000,44.17,500,-3.79,46.89,43.7,30346900,1360940000.0,3.66,6.95,366.01,366.01,55.07,36.71,0.8
海科新源,sz301292,53.26,53.3,54.3,6846900.0,53.25,2700,53.26,2500,-0.08,55.45,52.81,6846900,368620000.0,8.05,4.95,45.31,118.66,63.96,42.64,0.59
奕东电子,sz301123,57.24,57.85,59.3,6713000.0,57.24,1100,57.25,16000,-1.05,60.31,56.6,6713000,392800000.0,2.87,6.41,133.71,134.31,69.42,46.28,0.66
安通控股,sh600179,4.77,4.9,4.9,133125100.0,4.76,415900,4.77,331000,-2.65,4.9,4.65,133125100,631850000.0,3.45,5.1,184.23,201.84,5.39,4.41,0.9
华联控股,sz000036,5.16,5.13,5.19,38099900.0,5.16,22600,5.17,212800,0.58,5.3,5.12,38099900,197790000.0,2.72,3.51,72.3,72.44,5.64,4.62,0.45
滨海能源,sz000695,12.99,12.52,12.77,11632800.0,12.99,42400,13.0,75700,3.75,13.14,12.77,11632800,150870000.0,5.24,2.96,28.81,30.1,13.77,11.27,1.1
嘉美包装,sz002969,23.88,21.88,21.99,98279600.0,23.88,510100,23.89,30200,9.14,23.95,21.88,98279600,2272310000.0,9.0,9.46,260.84,262.32,24.07,19.69,1.11
联发股份,sz002394,15.67,15.38,15.65,17041600.0,15.67,24000,15.68,10300,1.89,15.92,15.38,17041600,266400000.0,5.27,3.51,50.66,50.72,16.92,13.84,0.9
海汽集团,sh603069,20.01,20.11,20.31,3878500.0,20.0,12300,20.01,11200,-0.5,20.44,19.92,3878500,78020000.0,1.23,2.59,63.23,63.23,22.12,18.1,0.68
胜通能源,sz001331,56.0,54.21,55.21,6553600.0,56.0,32500,56.01,26400,3.3,57.36,55.02,6553600,367750000.0,3.9,4.32,94.01,158.05,59.63,48.79,0.86
海南瑞泽,sz002596,4.11,4.05,4.12,40927500.0,4.1,885100,4.11,6000,1.48,4.16,4.09,40927500,169050000.0,3.57,1.73,47.12,47.17,4.46,3.65,0.69
多氟多,sz002407,28.85,28.74,29.18,43452500.0,28.85,284000,28.86,18900,0.38,29.88,28.65,43452500,1266760000.0,4.02,4.28,311.74,343.44,31.61,25.87,0.78
章源钨业,sz002378,41.8,44.98,45.88,127623900.0,41.8,719700,41.81,35600,-7.07,46.0,41.1,127623900,5483430000.0,10.68,10.89,499.56,502.19,49.48,40.48,1.08
神剑股份,sz002361,12.89,12.41,12.69,97221300.0,12.88,141400,12.89,833900,3.87,13.06,12.35,97221300,1229330000.0,12.02,5.72,104.3,122.59,13.65,11.17,0.65
圣晖集成,sh603163,112.0,122.25,127.14,7592400.0,111.99,23400,112.0,87900,-8.38,127.63,111.81,7592400,890410000.0,7.59,12.94,112.0,112.0,134.48,110.03,1.82
万润股份,sz002643,16.91,16.64,16.95,14854200.0,16.91,7900,16.92,126100,1.62,17.21,16.82,14854200,252740000.0,1.63,2.34,153.76,156.07,18.3,14.98,0.6
快克智能,sh603203,39.91,38.02,38.86,5956500.0,39.91,600,39.92,12600,4.97,40.25,37.98,5956500,232600000.0,2.39,5.97,99.44,101.24,41.82,34.22,1.52
海南发展,sz002163,14.2,14.02,14.29,31238800.0,14.2,47500,14.21,29900,1.28,14.43,14.12,31238800,445450000.0,3.89,2.21,114.1,119.98,15.42,12.62,0.69
宏和科技,sh603256,72.34,74.18,75.76,23784500.0,72.33,800,72.34,9900,-2.48,75.76,71.3,23784500,1736790000.0,2.7,6.01,636.39,636.39,81.6,66.76,0.71
亚翔集成,sh603929,136.8,134.21,136.86,3874400.0,136.8,37600,136.81,300,1.93,138.68,133.37,3874400,529020000.0,1.82,3.96,291.88,291.88,147.63,120.79,0.77
世嘉科技,sz002796,57.32,52.11,54.6,20064800.0,57.32,792800,0.0,0,10.0,57.32,53.6,20064800,1132220000.0,8.81,7.14,130.52,144.66,57.32,46.9,0.98
深圳新星,sh603978,23.81,23.8,24.21,4595900.0,23.81,9100,23.82,9600,0.04,24.39,23.58,4595900,110240000.0,2.18,3.4,50.26,50.26,26.18,21.42,0.57
友邦吊顶,sz002718,64.8,65.87,65.99,1909400.0,64.75,300,64.8,5900,-1.62,66.77,63.75,1909400,123540000.0,2.03,4.58,60.9,83.88,72.46,59.28,1.13
九鼎新材,sz002201,12.33,12.17,12.37,20908700.0,12.33,112600,12.34,18000,1.31,12.5,12.23,20908700,258260000.0,3.47,2.22,74.23,80.35,13.39,10.95,0.53
国风新材,sz000859,10.87,10.67,10.9,44895400.0,10.87,150200,10.88,249800,1.87,11.08,10.83,44895400,490880000.0,5.01,2.34,97.39,97.39,11.74,9.6,0.71
天际股份,sz002759,34.77,34.59,35.28,25265300.0,34.77,104500,34.78,19100,0.52,36.0,34.52,25265300,886490000.0,5.04,4.28,174.18,174.33,38.05,31.13,0.61
东材科技,sh601208,31.18,31.45,32.46,66947900.0,31.18,88000,31.19,41300,-0.86,32.46,30.6,66947900,2110840000.0,6.63,5.91,314.98,314.98,34.6,28.31,0.64
三孚股份,sh603938,29.78,29.74,30.5,28513100.0,29.77,100,29.78,1400,0.13,32.06,29.47,28513100,874150000.0,7.45,8.71,113.95,113.95,32.71,26.77,0.95
航天工程,sh603698,35.92,35.97,35.97,23030200.0,35.91,27700,35.92,74600,-0.14,36.43,35.09,23030200,823170000.0,4.3,3.73,192.53,192.53,39.57,32.37,0.82
翔鹭钨业,sz002842,41.82,46.05,47.0,67892100.0,41.82,21200,41.83,148000,-9.19,47.7,41.45,67892100,2950220000.0,25.29,13.57,112.27,136.82,50.66,41.45,0.96
天赐材料,sz002709,42.19,40.55,41.24,69203700.0,42.18,30400,42.19,43200,4.04,43.26,41.24,69203700,2929290000.0,4.6,4.98,634.73,858.1,44.61,36.5,1.41
安记食品,sh603696,17.58,17.49,17.65,4635900.0,17.58,35800,17.6,7700,0.51,17.8,17.48,4635900,81810000.0,1.97,1.83,41.35,41.35,19.24,15.74,0.57
柏诚股份,sh601133,16.23,16.04,16.26,12572400.0,16.22,13000,16.23,108400,1.18,16.75,16.02,12572400,205860000.0,8.42,4.55,24.25,85.7,17.64,14.44,0.61
德尔未来,sz002631,6.07,5.85,5.94,21818900.0,6.06,73500,6.07,118100,3.76,6.13,5.85,21818900,130790000.0,2.75,4.79,48.17,48.4,6.44,5.27,0.99
创元科技,sz000551,14.37,13.88,14.19,15502200.0,14.36,105700,14.37,25900,3.53,14.57,14.19,15502200,222750000.0,3.21,2.74,69.4,69.66,15.27,12.49,0.98
浔兴股份,sz002098,9.48,9.43,9.49,2915800.0,9.47,19400,9.48,17900,0.53,9.7,9.45,2915800,27850000.0,0.81,2.65,33.94,33.94,10.37,8.49,0.62
合兴包装,sz002228,4.21,4.17,4.24,19985000.0,4.21,166100,4.22,79900,0.96,4.29,4.2,19985000,84730000.0,1.65,2.16,50.91,51.08,4.59,3.75,0.68
神农种业,sz300189,8.28,9.34,8.64,351981400.0,8.28,2295600,8.29,615700,-11.35,8.81,8.09,351981400,2947340000.0,39.72,7.71,73.38,84.79,11.21,7.47,1.25
南宁百货,sh600712,6.11,6.09,6.14,6069300.0,6.11,322000,6.12,5600,0.33,6.2,6.11,6069300,37350000.0,1.13,1.48,32.91,33.28,6.7,5.48,0.77
集泰股份,sz002909,7.15,7.08,7.2,8534200.0,7.14,12000,7.15,9200,0.99,7.28,7.1,8534200,61410000.0,2.24,2.54,27.2,27.89,7.79,6.37,0.79
鹏辉能源,sz300438,46.25,47.6,47.51,25706900.0,46.24,4400,46.25,25900,-2.84,47.83,45.95,25706900,1199270000.0,6.36,3.95,186.93,232.8,57.12,38.08,0.58
大中矿业,sz001203,35.83,35.53,36.55,35505000.0,35.83,900,35.84,100,0.84,37.92,35.58,35505000,1304960000.0,2.7,6.59,471.28,549.3,39.08,31.98,0.73
菱电电控,sh688667,93.17,94.97,96.0,171503800.0,93.17,700,93.32,5000,-1.9,98.28,91.88,171503800,162790000.0,3.25,6.74,49.1,49.1,113.96,75.98,0.89
海南海药,sz000566,5.67,5.6,5.66,28138300.0,5.66,499600,5.67,128000,1.25,5.73,5.63,28138300,159700000.0,2.17,1.79,73.52,73.56,6.16,5.04,0.5
鲁信创投,sh600783,22.14,21.83,22.22,13659900.0,22.14,10400,22.15,11100,1.42,22.33,21.93,13659900,302390000.0,1.84,1.83,164.8,164.8,24.01,19.65,0.57
鸿富瀚,sz301086,122.51,120.65,123.57,1479200.0,122.45,100,122.6,200,1.54,124.68,120.23,1479200,181770000.0,3.12,3.69,57.99,110.26,144.78,96.52,0.59
鹭燕医药,sz002788,14.66,14.62,14.79,11973900.0,14.66,14100,14.67,9900,0.27,14.85,14.58,11973900,175990000.0,3.14,1.85,55.97,56.96,16.08,13.16,0.7
青鸟消防,sz002960,10.9,10.64,10.83,7933700.0,10.89,15500,10.9,10400,2.44,10.96,10.77,7933700,86350000.0,1.06,1.79,81.5,95.41,11.7,9.58,0.7
和林微纳,sh688661,94.82,91.41,96.0,707684400.0,94.82,2000,94.9,100,3.73,100.5,93.03,707684400,683220000.0,4.66,8.17,144.02,144.02,109.69,73.13,1.13
联特科技,sz301205,198.1,190.09,193.99,10587600.0,198.09,17600,198.1,6100,4.21,208.51,188.2,10587600,2103960000.0,15.58,10.68,134.63,257.02,228.11,152.07,1.4
天华新能,sz300390,45.0,45.05,46.0,17311300.0,44.99,200,45.0,5100,-0.11,47.5,44.55,17311300,792200000.0,2.57,6.55,302.64,373.84,54.06,36.04,0.54
可川科技,sh603052,59.15,57.69,58.78,8858800.0,59.15,4700,59.2,800,2.53,60.87,56.6,8858800,522690000.0,4.71,7.4,111.14,111.14,63.46,51.92,1.33
华康洁净,sz301235,50.41,49.03,51.44,6230900.0,50.4,500,50.41,15400,2.81,52.73,49.8,6230900,318490000.0,8.57,5.98,36.67,54.33,58.84,39.22,0.75
石大胜华,sh603026,62.55,62.95,63.79,6234900.0,62.54,100,62.55,11700,-0.64,64.55,61.88,6234900,392020000.0,2.68,4.24,145.55,145.55,69.25,56.66,0.63
天宏锂电,bj920252,29.0,28.78,29.3,1616500.0,28.96,100,29.0,33700,0.76,29.4,28.88,1616500,46999100.0,2.37,1.81,19.79,29.77,37.41,20.15,0.39
华瑞股份,sz300626,19.3,18.58,18.96,6181500.0,19.3,11800,19.31,3000,3.88,19.74,18.8,6181500,119950000.0,3.44,5.06,34.72,34.74,22.3,14.86,0.96
京能电力,sh600578,5.45,5.4,5.44,43482800.0,5.44,109600,5.45,73700,0.93,5.52,5.4,43482800,237310000.0,0.65,2.22,364.86,364.86,5.94,4.86,0.81
山东黄金,sh600547,46.85,47.97,48.06,62667100.0,46.85,17300,46.86,14700,-2.33,48.38,46.18,62667100,2939450000.0,1.73,4.59,1693.37,2159.75,52.77,43.17,0.71
同惠电子,bj920509,33.99,33.12,33.7,1464500.0,33.98,10000,33.99,15300,2.63,34.21,33.52,1464500,49576899.99999999,1.75,2.08,28.44,54.49,43.05,23.19,0.61
博威合金,sh601137,21.38,20.6,21.05,34792600.0,21.38,24100,21.39,125900,3.79,21.48,20.71,34792600,737350000.0,3.79,3.74,196.18,196.32,22.66,18.54,1.41
四方达,sz300179,27.0,25.7,28.49,94348500.0,27.0,76700,27.01,1100,5.06,29.5,26.6,94348500,2633040000.0,25.23,11.28,100.98,131.15,30.84,20.56,1.3
海博思创,sh688411,223.85,222.11,225.03,312138300.0,223.83,2600,223.85,500,0.78,230.25,220.26,312138300,702650000.0,2.35,4.5,296.77,403.14,266.53,177.69,0.71
天振股份,sz301356,23.36,23.57,24.02,1791200.0,23.35,3900,23.36,9100,-0.89,24.25,23.25,1791200,42500000.0,3.27,4.24,12.8,50.46,28.28,18.86,0.68
艾可蓝,sz300816,64.5,63.27,64.68,4557100.0,64.5,8500,64.55,300,1.94,67.5,62.67,4557100,297380000.0,8.04,7.63,36.55,51.6,75.92,50.62,0.96
富祥药业,sz300497,15.26,15.06,15.35,11476300.0,15.26,54600,15.27,21300,1.33,15.53,15.1,11476300,176040000.0,2.6,2.86,67.27,82.2,18.07,12.05,0.66
云南锗业,sz002428,44.19,44.45,45.3,67316800.0,44.19,44600,44.2,5800,-0.58,45.88,43.61,67316800,3000230000.0,10.31,5.11,288.58,288.61,48.9,40.01,0.6
中钨高新,sz000657,64.37,66.48,67.81,78286900.0,64.37,53500,64.38,11100,-3.17,67.95,63.66,78286900,5097310000.0,5.39,6.45,935.25,1466.74,73.13,59.83,0.68
泓禧科技,bj920857,26.88,26.02,26.0,725700.0,26.87,4500,26.88,1700,3.31,27.55,25.82,725700,19438700.0,0.98,6.65,19.89,19.89,33.82,18.22,0.82
盛剑科技,sh603324,24.88,24.1,24.42,1659100.0,24.87,23800,24.88,1400,3.24,25.04,24.42,1659100,41130000.0,1.12,2.57,36.74,36.74,26.51,21.69,0.77
厦钨新能,sh688778,77.31,75.62,79.08,529177200.0,77.31,35200,77.32,2000,2.23,79.8,76.4,529177200,410690000.0,1.05,4.5,390.18,390.18,90.74,60.5,0.79
湖南裕能,sz301358,65.9,66.45,67.18,16843000.0,65.89,2400,65.9,17300,-0.83,67.5,64.98,16843000,1113350000.0,2.22,3.79,500.8,501.37,79.74,53.16,0.79
万润新能,sh688275,93.41,89.82,91.5,625508300.0,93.41,14500,93.49,1200,4.0,94.38,89.51,625508300,572870000.0,7.39,5.42,79.02,117.81,107.78,71.86,1.24
菲菱科思,sz301191,112.92,113.84,116.6,2157300.0,112.9,100,112.92,3400,-0.81,118.5,112.12,2157300,247550000.0,4.13,5.6,58.94,78.3,136.61,91.07,0.72
英诺激光,sz301021,64.6,59.49,60.99,17451100.0,64.6,32200,64.62,800,8.59,64.6,58.69,17451100,1082700000.0,11.43,9.93,98.67,98.74,71.39,47.59,1.74
中材科技,sz002080,46.95,46.65,47.89,35988400.0,46.95,27200,46.96,10300,0.64,48.73,46.44,35988400,1711700000.0,2.14,4.91,787.88,787.88,51.32,41.99,0.63
茂莱光学,sh688502,334.9,322.46,330.0,103863500.0,334.9,500,335.0,200,3.86,348.1,328.0,103863500,350940000.0,6.18,6.23,56.26,176.83,386.95,257.97,1.38
阿特斯,sh688472,13.64,13.56,13.85,3116445600.0,13.64,85200,13.65,6800,0.59,13.95,13.53,3116445600,427100000.0,2.31,3.1,183.82,496.92,16.27,10.85,0.64
恩捷股份,sz002812,61.56,61.75,62.68,20855700.0,61.55,48900,61.56,4500,-0.31,63.18,60.99,20855700,1288720000.0,2.54,3.55,506.41,604.65,67.93,55.58,0.63
荣亿精密,bj920223,18.45,18.13,18.5,2144000.0,18.45,48500,18.46,30300,1.77,18.8,18.3,2144000,39572500.0,2.63,2.76,15.05,29.02,23.56,12.7,0.63
海峡股份,sz002320,9.99,9.99,10.15,24434000.0,9.99,37000,10.0,126300,0.0,10.16,9.9,24434000,244460000.0,1.09,2.6,223.24,223.24,10.99,8.99,0.68
山东赫达,sz002810,18.05,18.2,18.56,7963100.0,18.05,15700,18.06,8500,-0.82,18.7,18.0,7963100,145140000.0,2.46,3.85,58.32,62.97,20.02,16.38,0.53
东百集团,sh600693,13.08,12.74,12.75,34819900.0,13.07,123400,13.08,78200,2.67,13.2,12.75,34819900,454800000.0,4.01,3.53,113.66,113.78,14.01,11.47,1.03
海峡创新,sz300300,14.82,15.31,14.88,209571200.0,14.82,539700,14.83,3700,-3.2,16.1,14.8,209571200,3228790000.0,31.43,8.49,98.82,98.83,18.37,12.25,1.25
锦华新材,bj920015,46.91,46.93,47.92,1125100.0,46.91,2000,46.96,500,-0.04,48.08,46.66,1125100,53186100.0,2.98,3.03,17.71,63.59,61.0,32.86,0.8
同宇新材,sz301630,201.66,203.0,208.03,1516700.0,201.66,600,201.75,1200,-0.66,210.49,199.4,1516700,311280000.0,15.17,5.46,20.17,80.66,243.6,162.4,0.6
广钢气体,sh688548,26.31,26.42,26.75,3199346500.0,26.31,86500,26.32,2000,-0.42,27.58,25.82,3199346500,854170000.0,4.63,6.66,181.86,347.13,31.7,21.14,1.02
马钢股份,sh600808,4.26,4.2,4.25,80027400.0,4.25,107900,4.26,637400,1.43,4.3,4.16,80027400,338950000.0,1.34,3.33,254.23,328.05,4.62,3.78,0.75
捷邦科技,sz301326,147.17,142.2,146.85,1432600.0,147.15,100,147.17,1500,3.5,147.88,142.48,1432600,208210000.0,5.25,3.8,40.19,107.01,170.64,113.76,0.67
华资实业,sh600191,13.26,12.65,12.88,11908800.0,13.21,2400,13.26,26600,4.82,13.29,12.68,11908800,154860000.0,2.46,4.82,64.3,64.3,13.92,11.39,1.24
永太科技,sz002326,22.68,22.37,22.81,24774700.0,22.68,18600,22.69,22300,1.39,22.98,22.42,24774700,562130000.0,3.07,2.5,183.29,209.82,24.61,20.13,0.52
浩通科技,sz301026,33.3,33.53,34.0,7423600.0,33.3,3400,33.33,1000,-0.69,34.65,33.0,7423600,250080000.0,6.49,4.92,38.06,52.71,40.24,26.82,0.58
申菱环境,sz301018,102.73,100.66,101.43,12540300.0,102.73,400,102.8,600,2.06,107.9,101.39,12540300,1306300000.0,6.3,6.47,204.43,273.32,120.79,80.53,0.85
鼎胜新材,sh603876,18.92,18.7,19.03,31101000.0,18.92,11200,18.93,16100,1.18,19.42,18.65,31101000,592720000.0,3.35,4.12,175.82,175.82,20.57,16.83,0.84
英维克,sz002837,102.1,102.48,104.55,35079200.0,102.09,1900,102.1,11300,-0.37,105.33,100.53,35079200,3613600000.0,4.13,4.68,868.05,997.06,112.73,92.23,0.72
赛恩斯,sh688480,131.5,125.1,128.0,428962300.0,131.5,11700,131.65,200,5.12,138.88,128.0,428962300,572590000.0,4.5,8.7,125.35,125.35,150.12,100.08,0.94
华光新材,sh688379,55.1,55.64,57.35,407057700.0,55.07,200,55.1,8100,-0.97,58.25,54.54,407057700,229650000.0,4.52,6.67,49.64,49.64,66.77,44.51,0.84
英特科技,sz301399,19.87,19.51,20.0,2565900.0,19.86,700,19.87,5000,1.85,20.28,19.7,2565900,51440000.0,4.69,2.97,10.87,36.76,23.41,15.61,0.63
德力股份,sz002571,12.72,12.1,12.37,12635400.0,12.71,19300,12.72,9700,5.12,12.99,12.27,12635400,159640000.0,4.24,5.95,37.94,49.86,13.31,10.89,1.46
新疆火炬,sh603080,24.49,24.98,24.98,8915900.0,24.48,13600,24.49,11900,-1.96,25.18,24.15,8915900,219130000.0,6.3,4.12,34.65,34.65,27.48,22.48,0.84
漱玉平民,sz301017,14.77,14.52,14.7,4205300.0,14.76,6400,14.77,17800,1.72,14.8,14.59,4205300,61940000.0,1.73,1.45,35.98,59.91,17.42,11.62,0.62
菲利华,sz300395,113.48,110.79,114.93,40475800.0,113.48,11500,113.49,1100,2.43,117.99,111.22,40475800,4644600000.0,7.91,6.11,580.6,592.67,132.95,88.63,0.74
新宙邦,sz300037,55.13,54.82,55.7,11615000.0,55.12,4400,55.13,6700,0.57,55.93,54.58,11615000,640260000.0,2.16,2.46,296.83,414.46,65.78,43.86,0.71
恒坤新材,sh688727,51.26,51.0,52.68,271574100.0,51.26,15400,51.27,29500,0.51,52.68,51.02,271574100,141140000.0,5.41,3.25,25.75,230.32,61.2,40.8,0.62
国城矿业,sz000688,35.08,34.7,35.88,30036800.0,35.08,2000,35.09,500,1.1,36.99,34.86,30036800,1080160000.0,2.53,6.14,415.72,415.72,38.17,31.23,0.97
沃尔德,sh688028,119.6,117.17,122.51,1057010500.0,119.56,200,119.6,7000,2.07,129.99,118.7,1057010500,1307700000.0,7.0,9.64,180.54,180.54,140.6,93.74,0.89
德福科技,sz301511,35.3,35.87,36.99,30037800.0,35.3,26900,35.31,1800,-1.59,37.18,34.84,30037800,1065700000.0,8.02,6.52,132.24,222.5,43.04,28.7,0.59
艾森股份,sh688720,70.0,69.0,70.95,259175300.0,69.95,400,70.0,1000,1.45,72.47,69.34,259175300,184320000.0,4.6,4.54,39.47,61.69,82.8,55.2,0.73
康芝药业,sz300086,8.89,8.82,8.96,17515900.0,8.88,39900,8.89,63200,0.79,9.04,8.75,17515900,155630000.0,3.97,3.29,39.18,40.46,10.58,7.06,0.88
盛屯矿业,sh600711,15.18,15.19,15.54,79914400.0,15.18,246800,15.19,86900,-0.07,15.58,15.06,79914400,1224500000.0,2.59,3.42,469.15,469.15,16.71,13.67,0.67
新莱应材,sz300260,53.22,53.07,54.2,9921600.0,53.21,6500,53.22,9400,0.28,54.84,52.88,9921600,535610000.0,3.45,3.69,153.08,217.03,63.68,42.46,0.67
奥克股份,sz300082,9.76,9.64,9.83,7876000.0,9.76,36500,9.77,54900,1.24,9.86,9.69,7876000,76980000.0,1.16,1.76,66.19,66.38,11.57,7.71,0.57
波长光电,sz301421,93.03,88.9,91.6,4938400.0,93.03,2200,93.05,2000,4.65,96.35,91.2,4938400,464230000.0,10.66,5.79,43.08,107.65,106.68,71.12,1.55
佛塑科技,sz000973,13.36,12.9,13.35,42710900.0,13.36,19100,13.37,8400,3.57,13.58,13.15,42710900,570910000.0,4.41,3.33,129.25,328.42,14.19,11.61,0.96
厦门钨业,sh600549,74.97,78.76,80.96,94456500.0,74.96,500,74.97,19700,-4.81,81.41,74.0,94456500,7173570000.0,6.08,9.41,1164.98,1190.21,86.64,70.88,0.92
博苑股份,sz301617,63.73,65.19,66.42,2633100.0,63.73,1900,63.74,800,-2.24,66.66,63.01,2633100,168960000.0,4.96,5.6,33.8,85.17,78.23,52.15,1.6
威尔高,sz301251,64.69,64.61,66.42,5626900.0,64.69,2400,64.7,14300,0.12,67.0,63.6,5626900,366200000.0,10.42,5.26,34.93,87.13,77.53,51.69,0.56
捷众科技,bj920690,30.16,29.91,30.45,631400.0,30.15,100,30.16,200,0.84,30.6,29.88,631400,19028200.0,1.46,2.41,13.0,20.0,38.88,20.94,0.83
矩阵股份,sz301365,24.59,24.61,24.94,2210500.0,24.58,1200,24.59,10800,-0.08,25.01,24.43,2210500,54490000.0,2.18,2.36,24.93,44.26,29.53,19.69,0.49
长缆科技,sz002879,22.87,22.3,22.68,7578600.0,22.87,200,22.88,15200,2.56,23.16,22.66,7578600,173550000.0,5.5,2.24,31.53,44.16,24.53,20.07,0.78
华自科技,sz300490,17.16,16.25,16.49,28720300.0,17.16,80200,17.17,2600,5.6,17.73,16.36,28720300,487560000.0,7.3,8.43,67.48,68.41,19.5,13.0,1.06
国林科技,sz300786,15.89,15.66,15.94,4324800.0,15.89,800,15.9,100,1.47,16.2,15.78,4324800,69260000.0,2.96,2.68,23.25,29.24,18.79,12.53,0.75
浦东建设,sh600284,7.58,7.48,7.6,7970800.0,7.57,2000,7.58,91100,1.34,7.66,7.52,7970800,60460000.0,0.82,1.87,73.55,73.55,8.23,6.73,0.59
戎美股份,sz301088,15.14,15.1,15.36,2058100.0,15.14,20900,15.15,100,0.26,15.48,15.07,2058100,31500000.0,1.1,2.72,28.44,34.5,18.12,12.08,0.93
美联新材,sz300586,10.06,9.9,10.1,9918800.0,10.05,700,10.06,22100,1.62,10.21,9.95,9918800,99870000.0,1.86,2.63,53.78,71.55,11.88,7.92,0.52
芳源股份,sh688148,8.19,8.13,8.28,1109731100.0,8.19,33900,8.2,10800,0.74,8.46,8.14,1109731100,92080000.0,2.18,3.94,41.78,41.78,9.76,6.5,0.9
科创新源,sz300731,74.13,75.74,78.0,15038000.0,74.12,100,74.13,36900,-2.13,79.0,73.2,15038000,1143450000.0,12.51,7.66,89.09,93.72,90.89,60.59,0.91
鼎信通讯,sh603421,8.26,8.1,8.16,23623100.0,8.26,126900,8.27,20600,1.98,8.39,8.14,23623100,194950000.0,3.62,3.09,53.87,53.87,8.91,7.29,1.12
ST围海,sz002586,4.82,4.87,4.95,12293700.0,4.82,135700,4.83,3000,-1.03,4.95,4.81,12293700,59680000.0,1.13,2.87,52.42,55.15,5.11,4.63,0.83
劲拓股份,sz300400,21.75,20.8,21.24,10836000.0,21.75,45400,21.76,20500,4.57,22.37,21.24,10836000,237470000.0,4.52,5.43,52.18,52.77,24.96,16.64,1.07
杰美特,sz300868,36.2,35.23,35.78,5623000.0,36.2,30600,36.22,300,2.75,36.99,35.44,5623000,203530000.0,6.96,4.4,29.24,46.32,42.28,28.18,1.73
嘉元科技,sh688388,44.66,43.7,44.57,1811768600.0,44.66,1100,44.68,6700,2.2,45.7,43.44,1811768600,807110000.0,4.19,5.17,193.25,193.25,52.44,34.96,0.6
康欣新材,sh600076,3.62,3.57,3.65,23106000.0,3.62,104800,3.63,229900,1.4,3.69,3.6,23106000,84210000.0,1.72,2.52,48.67,48.67,3.93,3.21,0.78
龙图光罩,sh688721,44.18,43.35,44.0,170601100.0,44.18,500,44.25,1100,1.91,45.49,43.98,170601100,76070000.0,3.19,3.48,23.63,58.98,52.02,34.68,0.66
*ST熊猫,sh600599,4.64,4.88,4.64,601600.0,0.0,0,4.64,3733900,-4.92,4.64,4.64,601600,2790000.0,0.36,0.0,7.7,7.7,5.12,4.64,0.14
*ST返利,sh600228,5.44,5.4,5.5,3280000.0,5.44,3800,5.45,4300,0.74,5.52,5.43,3280000,17890000.0,0.79,1.67,22.63,22.67,5.67,5.13,0.54
统联精密,sh688210,49.15,48.65,50.5,253835600.0,49.12,1800,49.15,1300,1.03,50.6,48.49,253835600,126290000.0,1.57,4.34,79.55,79.55,58.38,38.92,0.35
*ST宇顺,sz002289,28.88,27.82,29.17,3691800.0,28.88,8800,28.89,1600,3.81,29.21,28.16,3691800,106940000.0,1.32,3.77,80.85,80.94,29.21,26.43,2.01
*ST松发,sh603268,123.38,117.5,118.65,10685400.0,123.38,35300,0.0,0,5.0,123.38,118.65,10685400,1308800000.0,4.58,4.03,287.78,1197.75,123.38,111.63,1.14
*ST荣控,sz000668,14.27,14.14,14.48,1786900.0,14.27,2900,14.29,1000,0.92,14.74,14.22,1786900,25910000.0,1.22,3.68,20.95,20.95,14.85,13.43,0.7
中国巨石,sh600176,27.39,26.42,27.3,95842700.0,27.38,62700,27.39,39100,3.67,28.15,26.9,95842700,2637010000.0,2.39,4.73,1096.46,1096.46,29.06,23.78,0.77
*ST万方,sz000638,1.98,2.08,1.98,657700.0,0.0,0,1.98,24247000,-4.81,1.98,1.98,657700,1300000.0,0.21,0.0,6.14,6.17,2.18,1.98,0.05
南山铝业,sh600219,7.76,7.76,8.0,429885600.0,7.76,129900,7.77,620300,0.0,8.0,7.71,429885600,3360750000.0,3.74,3.74,891.14,891.14,8.54,6.98,1.18
*ST建艺,sz002789,9.8,9.7,9.82,1914900.0,9.77,200,9.8,35000,1.03,9.89,9.7,1914900,18760000.0,1.22,1.96,15.33,15.64,10.19,9.22,0.55
中矿资源,sz002738,80.5,81.58,82.7,19517800.0,80.49,300,80.5,5500,-1.32,83.63,79.5,19517800,1586750000.0,2.74,5.06,572.39,580.8,89.74,73.42,0.68
天普股份,sh605255,111.4,111.62,111.0,2001800.0,111.4,4800,111.44,3800,-0.2,114.45,110.22,2001800,224390000.0,1.49,3.79,149.37,149.37,122.78,100.46,1.0
孚日股份,sz002083,11.01,10.9,11.07,22878500.0,11.0,65200,11.01,9700,1.01,11.26,10.9,22878500,253430000.0,2.42,3.3,104.19,104.22,11.99,9.81,0.56
*ST步森,sz002569,14.13,13.46,13.63,1652200.0,14.13,434800,0.0,0,4.98,14.13,13.63,1652200,23150000.0,1.18,3.71,19.78,20.35,14.13,12.79,0.76
川环科技,sz300547,35.46,35.59,36.51,8110700.0,35.45,6900,35.46,16000,-0.37,36.98,35.17,8110700,292930000.0,4.55,5.09,63.2,76.91,42.71,28.47,0.61
*ST岩石,sh600696,1.89,1.85,1.86,4867300.0,1.89,4000,1.9,132400,2.16,1.93,1.86,4867300,9220000.0,1.46,3.78,6.32,6.32,1.94,1.76,0.51
ST西发,sz000752,9.97,9.87,10.01,2527400.0,9.95,4000,9.97,4200,1.01,10.04,9.89,2527400,25210000.0,0.96,1.52,26.3,26.3,10.36,9.38,0.6
尚太科技,sz001301,74.17,72.88,73.6,2573300.0,74.15,2600,74.17,200,1.77,74.85,73.2,2573300,190760000.0,1.38,2.26,138.0,193.44,80.17,65.59,0.62
星环科技-U,sh688031,223.21,186.01,191.84,1323888500.0,223.21,261600,0.0,0,20.0,223.21,183.65,1323888500,2668700000.0,10.93,21.27,270.39,270.39,223.21,148.81,1.7
*ST云网,sz002306,2.45,2.36,2.41,35775000.0,2.45,304900,2.46,133300,3.81,2.48,2.39,35775000,88010000.0,4.4,3.81,19.94,21.31,2.48,2.24,1.04
太极实业,sh600667,10.32,9.92,10.4,167683800.0,10.32,92200,10.33,189900,4.03,10.8,10.25,167683800,1753110000.0,8.02,5.54,215.85,215.85,10.91,8.93,1.06
世名科技,sz300522,11.8,11.62,11.79,3040400.0,11.79,2200,11.8,55700,1.55,11.96,11.75,3040400,36020000.0,1.16,1.81,31.05,38.05,13.94,9.3,0.54
*ST精伦,sh600355,1.12,1.17,1.12,61052500.0,1.11,424900,1.12,899000,-4.27,1.2,1.11,61052500,68430000.0,12.41,7.69,5.51,5.51,1.23,1.11,1.47
*ST惠程,sz002168,4.02,3.91,3.95,5510200.0,4.01,30500,4.02,12700,2.81,4.02,3.91,5510200,21880000.0,0.7,2.81,31.52,31.52,4.11,3.71,0.66
中一科技,sz301150,43.27,43.24,44.2,6905400.0,43.26,8800,43.27,19400,0.07,44.6,42.69,6905400,300510000.0,3.1,4.42,96.31,100.92,51.89,34.59,0.86
银座股份,sh600858,6.02,5.95,5.98,8836900.0,6.01,60200,6.02,3200,1.18,6.1,5.98,8836900,53450000.0,1.71,2.02,31.16,31.31,6.55,5.36,0.64
*ST奥维,sz002231,0.6,0.6,0.0,0.0,0.0,0,0.0,0,0.0,0.0,0.0,0,0.0,0.0,0.0,1.85,2.08,0.63,0.57,0.0
盛新锂能,sz002240,39.83,39.67,40.6,32078000.0,39.83,30900,39.84,11300,0.4,41.39,39.0,32078000,1290550000.0,3.51,6.02,363.61,364.56,43.64,35.7,0.57
耀皮玻璃,sh600819,8.03,7.87,7.98,8574900.0,8.02,134200,8.03,1700,2.03,8.09,7.96,8574900,68840000.0,1.15,1.65,60.02,78.43,8.66,7.08,0.73
梅轮电梯,sh603321,7.61,7.47,7.58,5762000.0,7.61,21700,7.62,4400,1.87,7.72,7.55,5762000,43980000.0,1.67,2.28,26.22,26.55,8.22,6.72,1.0
平安电工,sz001359,77.16,75.59,77.0,1384300.0,77.15,400,77.16,3400,2.08,78.83,76.09,1384300,107430000.0,2.98,3.62,35.79,143.13,83.15,68.03,0.67
先导智能,sz300450,50.5,49.82,50.82,37609900.0,50.49,700,50.5,6800,1.36,51.58,49.93,37609900,1909700000.0,2.41,3.31,787.5,845.28,59.78,39.86,0.83
世龙实业,sz002748,13.21,12.57,12.8,18549800.0,13.21,17100,13.22,3500,5.09,13.41,12.34,18549800,238690000.0,7.73,8.51,31.7,31.7,13.83,11.31,1.83
东方铁塔,sz002545,28.39,28.58,28.66,21363000.0,28.38,32400,28.39,3600,-0.66,29.0,27.9,21363000,605210000.0,1.89,3.85,320.85,353.19,31.44,25.72,0.8
银河微电,sh688689,33.18,31.97,32.74,364506000.0,33.18,20300,33.19,2100,3.78,33.56,32.59,364506000,120370000.0,2.83,3.03,42.77,42.77,38.36,25.58,0.72
北方华创,sz002371,466.28,448.8,456.8,7981800.0,466.28,1700,466.31,100,3.89,472.26,454.97,7981800,3707630000.0,1.1,3.85,3377.05,3379.75,493.68,403.92,1.04
隆扬电子,sz301389,51.5,52.93,54.2,8269600.0,51.47,300,51.5,100,-2.7,54.2,50.87,8269600,433280000.0,9.78,6.29,43.55,146.0,63.52,42.34,0.71
成都华微,sh688709,47.32,44.51,46.0,1174516800.0,47.31,1400,47.32,22300,6.31,48.45,46.0,1174516800,556120000.0,5.3,5.5,104.93,301.36,53.41,35.61,1.53
科瑞技术,sz002957,28.77,30.2,30.31,32778900.0,28.77,36200,28.78,11000,-4.74,30.56,28.1,32778900,949960000.0,7.83,8.15,120.45,120.83,33.22,27.18,1.01
星德胜,sh603344,29.16,28.71,29.09,1369900.0,29.16,7100,29.21,100,1.57,29.69,29.01,1369900,40230000.0,2.54,2.37,15.76,56.73,31.58,25.84,0.75
中科飞测,sh688361,173.58,171.79,176.87,581736500.0,173.58,11700,173.59,200,1.04,178.99,170.14,581736500,1020090000.0,2.34,5.15,430.98,607.81,206.15,137.43,0.78
上海港湾,sh605598,51.18,51.14,51.83,2606000.0,51.18,4500,51.19,3500,0.08,51.83,50.73,2606000,133050000.0,1.07,2.15,124.38,125.18,56.25,46.03,0.6
兴瑞科技,sz002937,27.59,26.64,27.31,11472800.0,27.54,2000,27.59,25600,3.57,28.48,27.05,11472800,317880000.0,3.86,5.37,81.93,82.16,29.3,23.98,1.3
德科立,sh688205,179.6,179.91,186.0,1109398400.0,179.58,200,179.6,3700,-0.17,191.55,176.0,1109398400,2022780000.0,7.01,8.64,284.28,284.28,215.89,143.93,0.97
华丰科技,sh688629,115.15,117.7,121.35,2612105000.0,115.15,1000,115.16,1800,-2.17,121.44,113.53,2612105000,3025950000.0,14.37,6.72,209.32,530.83,141.24,94.16,0.83
海通发展,sh603162,14.86,14.84,14.94,16203800.0,14.86,15500,14.87,28600,0.13,15.05,14.52,16203800,239540000.0,5.8,3.57,41.49,137.89,16.32,13.36,0.56
高德红外,sz002414,14.71,14.59,14.86,58613500.0,14.7,102900,14.71,24400,0.82,14.97,14.51,58613500,862730000.0,1.72,3.15,499.94,628.23,16.05,13.13,0.43
贝特瑞,bj920185,28.12,27.76,28.08,4065300.0,28.12,5600,28.13,8000,1.3,28.36,27.92,4065300,114422800.0,0.36,1.59,314.28,320.06,36.08,19.44,0.68
凯格精机,sz301338,196.01,171.03,173.51,8290100.0,196.01,1200,196.04,400,14.61,198.8,171.03,8290100,1549580000.0,14.02,16.24,115.94,208.55,205.24,136.82,1.18
和远气体,sz002971,32.73,32.5,32.91,3617700.0,32.73,20900,32.74,400,0.71,33.42,32.58,3617700,119540000.0,2.25,2.58,52.7,69.31,35.75,29.25,0.53
大族数控,sz301200,147.64,144.46,147.66,4374100.0,147.64,0,147.65,1900,2.2,151.69,146.0,4374100,651020000.0,1.04,3.94,622.13,702.71,173.35,115.57,0.88
九州一轨,sh688485,26.17,25.68,25.68,336002400.0,26.17,2500,26.24,3000,1.91,27.02,25.68,336002400,88550000.0,3.79,5.22,23.23,39.33,30.82,20.54,0.78
宝武镁业,sz002182,20.53,20.57,21.0,37168900.0,20.52,17600,20.53,2900,-0.19,21.1,20.41,37168900,770130000.0,4.29,3.35,177.69,203.61,22.63,18.51,0.66
立高食品,sz300973,38.79,38.81,39.1,1891200.0,38.78,1000,38.79,500,-0.05,39.49,38.3,1891200,73390000.0,1.62,3.07,45.2,65.69,46.57,31.05,0.84
淳中科技,sh603516,155.6,154.5,158.0,3733500.0,155.6,1600,155.61,100,0.71,158.95,154.72,3733500,586420000.0,1.84,2.74,316.29,316.29,169.95,139.05,0.65
生物股份,sh600201,14.54,14.87,15.0,31871500.0,14.54,11500,14.55,87300,-2.22,15.15,14.47,31871500,468480000.0,2.87,4.57,161.65,161.65,16.36,13.38,1.18
苏大维格,sz300331,48.0,46.9,47.9,20007100.0,48.0,23000,48.01,6000,2.35,51.02,47.32,20007100,989520000.0,9.52,7.89,100.9,124.64,56.28,37.52,1.12
中百集团,sz000759,6.34,6.31,6.38,14452000.0,6.34,277100,6.35,450600,0.48,6.42,6.32,14452000,91950000.0,2.2,1.58,41.57,42.0,6.94,5.68,0.54
国盾量子,sh688027,712.05,642.62,668.32,626399400.0,712.05,10400,712.78,100,10.8,746.0,653.01,626399400,4426300000.0,7.79,14.47,572.31,732.42,771.14,514.1,2.07
龙蟠科技,sh603906,17.5,17.13,17.39,10258000.0,17.49,50000,17.5,38300,2.16,17.63,17.36,10258000,179420000.0,1.82,1.58,98.89,119.89,18.84,15.42,0.81
利元亨,sh688499,52.86,52.49,53.5,331287200.0,52.86,200,52.87,3000,0.7,54.13,52.25,331287200,176420000.0,1.96,3.58,89.19,89.19,62.99,41.99,0.64
华正新材,sh603186,75.03,77.6,80.62,11553100.0,75.03,9200,75.05,1300,-3.31,80.8,74.08,11553100,880470000.0,7.37,8.66,117.64,117.64,85.36,69.84,0.77
白云电器,sh603861,21.09,21.24,21.66,47589700.0,21.09,42000,21.1,10800,-0.71,22.63,21.06,47589700,1027580000.0,9.0,7.39,111.48,114.0,23.36,19.12,1.18
皖能电力,sz000543,8.66,8.55,8.62,51629900.0,8.65,39700,8.66,63400,1.29,8.74,8.54,51629900,446380000.0,2.28,2.34,196.31,196.31,9.41,7.7,0.67
龙高股份,sh605086,36.74,36.75,36.94,1380000.0,36.72,3700,36.74,7700,-0.03,37.47,36.4,1380000,50800000.0,0.77,2.91,65.84,65.84,40.43,33.08,0.61
普蕊斯,sz301257,63.74,62.9,63.88,831000.0,63.74,100,63.88,200,1.34,64.49,62.7,831000,52890000.0,1.1,2.85,48.01,50.36,75.48,50.32,0.62
安达科技,bj920809,7.1,7.04,7.15,11845200.0,7.1,16900,7.11,109600,0.85,7.18,7.03,11845200,84190000.0,2.58,2.13,32.6,42.53,9.15,4.93,0.52
艾迪药业,sh688488,16.48,17.0,17.2,694614900.0,16.45,38900,16.48,11400,-3.06,17.27,16.31,694614900,115810000.0,1.65,5.65,69.35,69.35,20.4,13.6,0.75
松霖科技,sh603992,31.17,30.95,31.8,3232900.0,31.16,300,31.17,21500,0.71,32.26,30.9,3232900,101390000.0,0.76,4.39,133.34,133.34,34.05,27.86,0.52
欧科亿,sh688308,78.4,75.6,77.11,1137844400.0,78.39,2900,78.4,700,3.7,80.6,76.23,1137844400,887930000.0,7.17,5.78,124.48,124.48,90.72,60.48,0.94
信德新材,sz301349,43.64,43.43,44.3,1630100.0,43.62,400,43.64,1500,0.48,44.42,43.15,1630100,71230000.0,3.33,2.92,21.34,44.51,52.12,34.74,0.79
*ST聆达,sz300125,8.78,8.43,8.52,7059700.0,8.77,1500,8.78,7700,4.15,8.89,8.52,7059700,61530000.0,1.96,4.39,31.68,58.46,10.12,6.74,0.87
百奥泰,sh688177,21.5,21.29,21.59,178084100.0,21.5,3200,21.55,1200,0.99,21.86,21.23,178084100,38360000.0,0.43,2.96,89.03,89.03,25.55,17.03,0.82
菲林格尔,sh603226,32.57,31.09,31.71,5968300.0,32.57,5500,32.58,4000,4.76,33.23,31.14,5968300,193160000.0,1.68,6.72,115.78,115.78,34.2,27.98,0.95
*ST智胜,sz002253,10.44,10.23,10.31,3116100.0,10.44,6400,10.45,22700,2.05,10.59,10.31,3116100,32560000.0,1.5,2.74,21.75,23.56,10.74,9.72,0.73
中富电路,sz300814,108.05,108.6,110.0,13121300.0,108.05,100,108.1,1600,-0.51,113.5,105.88,13121300,1435470000.0,6.85,7.02,206.84,206.84,130.32,86.88,0.83
炬华科技,sz300360,18.21,17.51,17.74,23654500.0,18.21,10900,18.22,85600,4.0,18.33,17.74,23654500,429620000.0,4.73,3.37,91.1,93.63,21.01,14.01,1.84
中能电气,sz300062,9.29,9.03,9.1,71419100.0,9.28,372300,9.29,310400,2.88,9.49,9.08,71419100,664660000.0,15.58,4.54,42.59,58.52,10.84,7.22,1.63
益诺思,sh688710,52.57,47.7,49.0,269649900.0,52.42,5700,52.57,1800,10.21,52.87,48.45,269649900,137100000.0,2.97,9.27,47.68,74.11,57.24,38.16,1.29
海目星,sh688559,56.8,54.93,56.71,996427800.0,56.8,6100,56.82,4300,3.4,58.7,56.12,996427800,572240000.0,4.02,4.7,140.73,140.73,65.92,43.94,0.96
工业富联,sh601138,55.1,53.76,54.79,136238000.0,55.1,560600,55.11,59600,2.49,56.26,54.33,136238000,7536710000.0,0.69,3.59,10941.87,10941.87,59.14,48.38,0.91
赛微电子,sz300456,50.44,50.65,52.06,32353900.0,50.44,125400,50.45,2800,-0.41,52.2,50.09,32353900,1650440000.0,5.42,4.17,301.35,369.33,60.78,40.52,0.55
唯万密封,sz301161,34.34,34.0,34.96,2300200.0,34.33,200,34.34,2200,1.0,35.15,34.1,2300200,79490000.0,1.92,3.09,41.21,41.21,40.8,27.2,0.53
雅化集团,sz002497,24.76,25.23,25.69,35918200.0,24.75,22100,24.76,83300,-1.86,25.82,24.5,35918200,899920000.0,3.39,5.23,262.1,285.37,27.75,22.71,0.56
丰元股份,sz002805,16.86,16.66,17.19,21715300.0,16.86,8700,16.87,16800,1.2,17.27,16.62,21715300,367270000.0,7.8,3.9,46.96,47.22,18.33,14.99,1.31
天力锂能,sz301152,27.99,27.85,28.29,2321200.0,27.99,12500,28.0,200,0.5,28.59,27.86,2321200,65490000.0,3.27,2.62,19.87,33.24,33.42,22.28,0.57
完美世界,sz002624,20.05,20.43,20.88,56932500.0,20.04,11900,20.05,800,-1.86,20.98,19.76,56932500,1143310000.0,3.11,5.97,366.46,388.96,22.47,18.39,0.65
黄河旋风,sh600172,9.9,9.2,9.55,290608600.0,9.89,374900,9.9,75200,7.61,10.12,9.46,290608600,2867760000.0,22.77,7.17,126.35,142.78,10.12,8.28,1.17
道氏技术,sz300409,28.26,27.14,27.7,41066700.0,28.26,8900,28.27,11700,4.13,28.62,27.33,41066700,1153050000.0,5.97,4.75,194.28,221.06,32.57,21.71,1.05
潮宏基,sz002345,10.75,10.76,10.93,15603200.0,10.74,40300,10.75,19900,-0.09,10.96,10.68,15603200,167970000.0,1.8,2.6,93.23,95.52,11.84,9.68,0.47
阿石创,sz300706,40.31,40.93,41.9,12331800.0,40.3,1600,40.31,500,-1.51,42.22,39.68,12331800,505240000.0,10.85,6.21,45.81,61.8,49.12,32.74,0.79
芯碁微装,sh688630,187.22,183.41,190.71,437056300.0,187.2,3600,187.22,1600,2.08,193.58,183.53,437056300,824040000.0,3.32,5.48,246.64,246.64,220.09,146.73,0.75
阿为特,bj920693,34.1,33.59,33.89,483700.0,34.05,15400,34.1,1700,1.52,34.43,33.89,483700,16498100.0,1.32,1.61,12.48,24.79,43.66,23.52,0.7
思泉新材,sz301489,196.7,197.28,200.28,4875900.0,196.7,200,196.8,1300,-0.29,207.29,193.18,4875900,976360000.0,10.24,7.15,93.63,158.84,236.74,157.82,0.74
多瑞医药,sz301075,81.08,78.95,80.92,2038700.0,81.08,500,81.1,500,2.7,82.98,78.95,2038700,164440000.0,2.55,5.1,64.86,64.86,94.74,63.16,1.14
*ST大立,sz002214,17.5,17.8,18.16,4224500.0,17.5,100,17.51,4000,-1.69,18.16,17.21,4224500,74240000.0,0.88,5.34,83.72,104.77,18.69,16.91,1.26
矽电股份,sz301629,285.22,278.0,288.0,1396000.0,285.21,400,285.31,100,2.6,297.77,282.19,1396000,404820000.0,13.38,5.6,29.75,119.01,333.6,222.4,0.88
博汇科技,sh688004,22.11,21.58,21.86,153606000.0,22.11,8400,22.12,18000,2.46,22.45,21.71,153606000,34090000.0,1.92,3.43,17.71,17.71,25.9,17.26,0.57
七彩化学,sz300758,15.38,15.34,15.65,13571100.0,15.38,110400,15.39,12300,0.26,15.78,15.3,13571100,209680000.0,3.7,3.13,56.34,62.45,18.41,12.27,0.61
联化科技,sz002250,16.52,16.78,17.07,20102600.0,16.52,2100,16.53,11900,-1.55,17.15,16.35,20102600,334960000.0,2.25,4.77,147.85,148.66,18.46,15.1,0.57
南风股份,sz300004,15.0,14.45,14.76,19029900.0,14.99,18600,15.0,221300,3.81,15.18,14.67,19029900,284570000.0,3.96,3.53,72.0,72.0,17.34,11.56,0.67
科源制药,sz301281,44.87,42.5,44.09,4861700.0,44.87,22200,44.88,29000,5.58,45.36,42.51,4861700,216320000.0,7.06,6.71,30.89,48.59,51.0,34.0,0.82
平潭发展,sz000592,12.2,12.88,12.53,442622900.0,12.2,1692400,12.21,257800,-5.28,12.95,12.05,442622900,5531240000.0,23.11,6.99,233.64,235.68,14.17,11.59,0.97
凯立新材,sh688269,44.76,44.55,45.03,319543800.0,44.76,300,44.78,200,0.47,45.99,44.2,319543800,143670000.0,2.44,4.02,58.5,58.5,53.46,35.64,1.13
亿纬锂能,sz300014,60.54,60.82,61.6,34225000.0,60.54,40500,60.55,32100,-0.46,61.94,60.18,34225000,2080430000.0,1.71,2.89,1210.69,1255.67,72.98,48.66,0.69
莱美药业,sz300006,4.85,4.76,4.85,16834000.0,4.84,26400,4.85,7900,1.89,4.96,4.81,16834000,82100000.0,1.59,3.15,51.21,51.21,5.71,3.81,0.6
江海股份,sz002484,32.25,32.66,33.3,26673500.0,32.24,2800,32.25,8900,-1.26,33.56,31.82,26673500,872140000.0,3.25,5.33,264.6,274.29,35.93,29.39,0.76
明阳智能,sh601615,20.1,19.78,20.18,52570400.0,20.1,90000,20.11,15300,1.62,20.48,19.8,52570400,1060860000.0,2.32,3.44,454.56,454.56,21.76,17.8,0.58
*ST沐邦,sh603398,9.5,9.41,9.41,5682800.0,9.49,35700,9.5,1900,0.96,9.59,9.41,5682800,54030000.0,1.31,1.91,41.2,41.2,9.88,8.94,0.58
昇兴股份,sz002752,6.28,6.2,6.29,9340400.0,6.27,27500,6.28,90700,1.29,6.34,6.23,9340400,58780000.0,0.96,1.77,61.34,61.35,6.82,5.58,0.66
微导纳米,sh688147,79.15,78.94,81.2,576207500.0,79.14,1000,79.15,1300,0.27,81.99,78.0,576207500,462970000.0,1.25,5.05,365.01,365.01,94.73,63.15,0.77
德方纳米,sz300769,41.64,41.26,42.27,10925600.0,41.63,2900,41.64,14800,0.92,42.5,41.11,10925600,454340000.0,4.34,3.37,104.83,116.67,49.51,33.01,0.82
北京君正,sz300223,123.0,120.0,124.07,28640200.0,123.0,87600,123.01,1800,2.5,127.0,121.87,28640200,3571480000.0,6.81,4.27,517.3,593.53,144.0,96.0,1.2
天齐锂业,sz002466,52.35,52.07,53.09,24503700.0,52.35,53100,52.36,2900,0.54,53.46,51.9,24503700,1292600000.0,1.66,3.0,772.59,893.22,57.28,46.86,0.48
腾远钴业,sz301219,71.16,71.2,72.57,5622800.0,71.15,1000,71.16,2000,-0.06,73.2,70.33,5622800,402760000.0,1.95,4.03,205.62,209.72,85.44,56.96,0.52
罗博特科,sz300757,395.13,417.85,421.26,11862100.0,395.13,600,395.15,200,-5.44,431.11,389.0,11862100,4750140000.0,7.87,10.08,595.27,662.27,501.42,334.28,1.12
兴图新科,sh688081,40.23,40.93,41.52,271118500.0,40.2,200,40.23,2500,-1.71,41.52,39.46,271118500,109170000.0,2.63,5.03,41.45,41.45,49.12,32.74,0.83
国际复材,sz301526,12.96,13.07,13.4,167734800.0,12.96,265100,12.97,215900,-0.84,13.48,12.81,167734800,2196430000.0,11.94,5.13,182.01,488.71,15.68,10.46,0.75
剑桥科技,sh603083,113.18,109.19,111.64,31566200.0,113.18,29900,113.19,19000,3.65,117.82,109.33,31566200,3597380000.0,11.45,7.78,311.91,399.13,120.11,98.27,1.04
凌玮科技,sz301373,58.23,49.61,52.72,19582400.0,58.23,1000,58.24,400,17.38,59.5,51.4,19582400,1056810000.0,50.9,16.33,22.4,63.16,59.53,39.69,1.61
建投能源,sz000600,9.47,9.24,9.36,41794600.0,9.47,35500,9.48,131200,2.49,9.63,9.34,41794600,396100000.0,3.83,3.14,103.23,170.77,10.16,8.32,0.88
璞泰来,sh603659,27.56,27.8,28.21,39388900.0,27.56,89800,27.57,5500,-0.86,28.3,27.2,39388900,1091190000.0,1.84,3.96,588.79,588.79,30.58,25.02,1.14
安集科技,sh688019,249.0,247.5,253.0,242114800.0,249.0,200,249.01,700,0.61,254.7,246.5,242114800,607680000.0,1.44,3.31,419.72,419.72,297.0,198.0,0.69
浙江美大,sz002677,8.78,8.63,8.79,11235100.0,8.77,32300,8.78,5400,1.74,8.93,8.61,11235100,98580000.0,2.1,3.71,46.96,56.72,9.49,7.77,0.89
*ST金刚,sz300093,16.68,15.98,16.51,4016200.0,16.68,14400,16.69,5600,4.38,16.95,16.44,4016200,67070000.0,1.44,3.19,46.54,90.07,19.18,12.78,1.62
蓝丰生化,sz002513,6.85,6.83,6.94,10434700.0,6.85,22600,6.86,40100,0.29,6.97,6.75,10434700,71360000.0,3.61,3.22,19.8,25.73,7.51,6.15,0.78
宏达股份,sh600331,19.18,19.93,20.5,107178400.0,19.17,5500,19.18,48800,-3.76,20.66,18.87,107178400,2088320000.0,5.27,8.98,389.74,506.66,21.92,17.94,1.14
浙江世宝,sz002703,24.33,23.2,23.76,72751600.0,24.33,163700,24.34,11700,4.87,24.94,23.2,72751600,1755760000.0,12.41,7.5,142.59,200.15,25.52,20.88,1.13
中孚实业,sh600595,9.18,9.1,9.19,142166800.0,9.18,173300,9.19,11100,0.88,9.53,9.08,142166800,1318440000.0,3.55,4.95,367.93,367.93,10.01,8.19,1.44
惠威科技,sz002888,20.38,20.08,20.48,2129300.0,20.38,6900,20.39,600,1.49,20.73,20.3,2129300,43690000.0,2.84,2.14,15.27,30.09,22.09,18.07,0.66
惠丰钻石,bj920725,37.46,36.47,37.92,6984200.0,37.46,4300,37.5,1700,2.71,39.72,37.0,6984200,267442200.0,16.6,7.46,15.76,34.19,47.41,25.53,1.16
曙光数创,bj920808,81.13,79.4,82.0,1875800.0,81.13,5600,81.14,1000,2.18,82.64,80.1,1875800,153131400.0,0.96,3.2,157.86,162.26,103.22,55.58,0.55
胜宏科技,sz300476,284.95,286.62,293.1,43502400.0,284.95,45300,284.96,38800,-0.58,299.02,280.62,43502400,12577140000.0,5.08,6.42,2441.96,2486.35,343.94,229.3,0.89
新筑股份,sz002480,6.07,5.91,5.98,10523200.0,6.07,88300,6.08,56800,2.71,6.13,5.97,10523200,63690000.0,1.37,2.71,46.6,46.69,6.5,5.32,0.81
海南机场,sh600515,4.02,4.02,4.04,89039100.0,4.02,312600,4.03,680200,0.0,4.08,4.01,89039100,360160000.0,0.97,1.74,368.88,459.3,4.42,3.62,0.71
龙竹科技,bj920445,10.8,10.65,10.78,1946100.0,10.8,21900,10.81,600,1.41,10.92,10.69,1946100,20988100.0,1.86,2.16,11.31,15.98,13.84,7.46,1.08
今创集团,sh603680,14.68,14.27,14.4,5214300.0,14.68,13300,14.69,3200,2.87,15.1,14.4,5214300,76920000.0,0.67,4.91,115.05,115.05,15.7,12.84,1.62
永杰新材,sh603271,46.7,45.15,45.8,3390100.0,46.69,2100,46.7,3400,3.43,48.48,45.7,3390100,160260000.0,8.61,6.16,18.38,91.87,49.67,40.64,1.21
澄星股份,sh600078,12.67,12.49,12.74,44580100.0,12.67,21200,12.68,30000,1.44,12.86,12.41,44580100,562150000.0,6.73,3.6,83.95,85.75,13.74,11.24,0.53
吉大正元,sz003029,23.98,23.23,23.72,5721000.0,23.97,7300,23.98,4300,3.23,24.29,23.52,5721000,137050000.0,3.3,3.31,41.54,46.43,25.55,20.91,0.87
铜峰电子,sh600237,10.38,10.41,10.58,43972800.0,10.38,13600,10.4,42900,-0.29,10.65,10.32,43972800,462000000.0,7.04,3.17,64.84,65.47,11.45,9.37,0.59
快意电梯,sz002774,10.76,10.69,10.82,4295800.0,10.76,3600,10.77,4700,0.65,10.9,10.67,4295800,46350000.0,1.52,2.15,30.32,36.23,11.76,9.62,0.81
鼎熔岩,sz301028,14.6,14.28,14.54,3239000.0,14.58,84100,14.6,5500,2.24,14.73,14.46,3239000,47320000.0,1.3,1.89,36.28,56.07,17.14,11.42,0.7
捷佳伟创,sz300724,114.22,114.91,117.01,13395700.0,114.22,46200,114.23,300,-0.6,118.0,113.0,13395700,1542920000.0,4.66,4.35,328.63,397.82,137.89,91.93,0.75
凯撒旅业,sz000796,5.33,5.29,5.36,37189300.0,5.33,812700,5.34,248700,0.76,5.39,5.26,37189300,198120000.0,2.79,2.46,70.93,85.48,5.82,4.76,0.61
中欣氟材,sz002915,21.55,21.33,21.63,4520900.0,21.55,12000,21.56,4900,1.03,21.85,21.42,4520900,97850000.0,1.57,2.02,62.08,72.25,23.46,19.2,0.65
灵鸽科技,bj920284,34.51,34.5,35.14,1592200.0,34.51,8600,34.54,800,0.03,35.5,34.29,1592200,55195700.0,2.35,3.51,23.38,36.16,44.85,24.15,0.68
南王科技,sz301355,12.53,12.41,12.64,3790500.0,12.53,15000,12.54,1800,0.97,12.75,12.44,3790500,47810000.0,3.78,2.5,12.56,24.45,14.89,9.93,0.82
当升科技,sz300073,52.6,52.58,53.78,12990600.0,52.6,13500,52.61,4200,0.04,53.85,51.9,12990600,684140000.0,2.57,3.71,266.14,286.3,63.1,42.06,0.93
博士眼镜,sz300622,29.88,29.11,29.63,5630300.0,29.87,1700,29.88,13400,2.65,30.1,29.63,5630300,168070000.0,3.61,1.61,46.54,68.08,34.93,23.29,0.62
汇成真空,sz301392,105.0,102.92,104.98,2041800.0,104.99,300,105.0,900,2.02,107.35,103.44,2041800,214300000.0,5.0,3.8,42.84,105.0,123.5,82.34,0.85
优优绿能,sz301590,188.93,184.2,190.1,1388900.0,188.93,1600,188.98,100,2.57,197.52,185.6,1388900,266040000.0,16.15,6.47,16.25,79.45,221.04,147.36,1.72
迪哲医药-U,sh688192,48.55,47.59,48.1,208699600.0,48.55,100,48.56,800,2.02,49.45,47.52,208699600,101180000.0,0.45,4.06,223.66,225.58,57.11,38.07,0.84
东岳硅材,sz300821,13.61,13.49,13.79,36169900.0,13.61,500,13.62,78000,0.89,13.9,13.5,36169900,493810000.0,3.01,2.97,163.29,163.32,16.19,10.79,0.58
杰创智能,sz301248,52.92,51.52,53.5,6230800.0,52.92,500,52.94,1200,2.72,54.1,51.81,6230800,330940000.0,5.55,4.44,59.44,81.34,61.82,41.22,0.59
科思科技,sh688788,62.01,60.42,61.33,294856100.0,61.98,1200,62.01,2400,2.63,63.2,60.0,294856100,181910000.0,1.88,5.3,97.28,97.28,72.5,48.34,0.6
溯联股份,sz301397,30.1,29.75,30.49,2045500.0,30.09,600,30.1,18400,1.18,30.66,29.91,2045500,61920000.0,2.89,2.52,21.29,46.85,35.7,23.8,0.76
五矿新能,sh688779,11.07,10.76,11.0,4505342800.0,11.07,7700,11.08,157300,2.88,11.24,10.91,4505342800,500220000.0,2.34,3.07,213.56,213.56,12.91,8.61,0.81
利通科技,bj920225,26.67,27.69,27.9,4253500.0,26.67,1600,26.68,1000,-3.68,28.1,26.38,4253500,114472000.0,5.14,6.21,22.08,33.85,35.99,19.39,0.8
鸿铭股份,sz301105,53.32,53.29,53.68,749000.0,53.14,400,53.35,500,0.06,54.68,52.52,749000,39880000.0,4.56,4.05,8.76,26.66,63.95,42.63,0.91
*ST亚振,sh603389,44.0,43.58,44.43,974000.0,43.98,1300,44.0,2400,0.96,45.44,43.77,974000,43300000.0,0.37,3.83,115.61,115.61,45.76,41.4,0.61
高澜股份,sz300499,38.66,37.36,38.03,64138800.0,38.65,36000,38.66,2900,3.48,40.26,37.76,64138800,2494870000.0,23.63,6.69,104.92,118.01,44.83,29.89,0.94
川金诺,sz300505,33.55,34.22,34.89,38092100.0,33.55,115100,33.56,7100,-1.96,35.0,33.21,38092100,1278910000.0,17.52,5.23,72.92,92.22,41.06,27.38,0.59
容百科技,sh688005,29.35,29.4,29.81,1606326900.0,29.34,4200,29.35,25400,-0.17,30.09,28.94,1606326900,471490000.0,2.25,3.91,209.74,209.77,35.28,23.52,0.74
元力股份,sz300174,16.49,16.22,16.5,9025500.0,16.49,21100,16.5,45300,1.66,16.74,16.38,9025500,149260000.0,2.49,2.22,59.85,60.06,19.46,12.98,0.85
天迈科技,sz300807,51.76,50.72,51.5,904400.0,51.76,100,51.77,1300,2.05,52.3,51.29,904400,46860000.0,1.74,1.99,26.88,35.22,60.86,40.58,0.47
厦门港务,sz000905,12.59,12.99,12.83,31586300.0,12.59,80200,12.6,128200,-3.08,12.99,12.54,31586300,400920000.0,4.26,3.46,93.39,93.39,14.29,11.69,0.7
鼎通科技,sh688668,147.18,146.67,149.22,440210800.0,147.18,300,147.2,3600,0.35,153.0,145.0,440210800,654980000.0,3.16,5.45,204.98,204.98,176.0,117.34,0.66
清水源,sz300437,18.92,19.93,19.74,36517300.0,18.91,138100,18.92,18800,-5.07,19.85,18.52,36517300,694990000.0,20.77,6.67,33.26,47.76,23.92,15.94,0.69
标准股份,sh600302,12.3,11.96,12.19,9133900.0,12.29,7000,12.3,22700,2.84,12.42,12.04,9133900,111780000.0,2.64,3.18,42.56,42.56,13.16,10.76,0.84
福鞍股份,sh603315,16.19,15.95,16.25,12278700.0,16.18,114900,16.19,32000,1.5,16.48,16.05,12278700,199540000.0,3.83,2.7,51.87,51.87,17.55,14.36,0.53
海容冷链,sh603187,16.92,16.54,16.67,12499200.0,16.92,24400,16.93,21000,2.3,17.26,16.54,12499200,211850000.0,3.27,4.35,64.7,65.38,18.19,14.89,1.58
普利特,sz002324,16.9,16.52,16.84,24302200.0,16.9,64300,16.91,72500,2.3,17.23,16.73,24302200,411530000.0,3.13,3.03,131.19,187.98,18.17,14.87,0.97
慧翰股份,sz301600,118.42,118.61,120.01,836900.0,118.37,2800,118.42,300,-0.16,121.29,117.88,836900,99720000.0,2.59,2.87,38.2,123.78,142.33,94.89,0.77
长海股份,sz300196,19.23,19.31,19.72,19939900.0,19.22,9800,19.23,6800,-0.41,19.88,18.99,19939900,388180000.0,8.08,4.61,47.48,78.6,23.17,15.45,0.6
凯旺科技,sz301182,50.09,48.96,50.1,5418100.0,50.08,3700,50.09,1700,2.31,51.25,48.73,5418100,272480000.0,5.65,5.15,48.0,48.0,58.75,39.17,1.12
骄成超声,sh688392,124.17,124.6,127.72,216521900.0,124.17,400,124.28,500,-0.35,128.98,122.01,216521900,271890000.0,1.87,5.59,143.71,143.71,149.52,99.68,0.69
飞鹿股份,sz300665,7.95,7.78,7.93,6155400.0,7.94,2400,7.95,1500,2.19,8.03,7.85,6155400,48940000.0,2.82,2.31,17.34,17.41,9.34,6.22,0.77
氯碱化工,sh600618,14.88,14.47,14.64,26261800.0,14.88,500,14.89,4900,2.83,15.18,14.2,26261800,385640000.0,3.5,6.77,111.58,172.07,15.92,13.02,1.14
神工股份,sh688233,81.73,81.87,84.7,501779800.0,81.73,27500,81.74,4500,-0.17,85.21,80.76,501779800,417790000.0,2.95,5.44,139.19,139.19,98.24,65.5,0.75
强瑞技术,sz301128,104.33,103.86,108.0,3181800.0,104.31,600,104.35,4000,0.45,108.0,103.63,3181800,336410000.0,3.61,4.21,92.05,107.92,124.63,83.09,0.68
巨一科技,sh688162,32.53,31.69,32.47,170488100.0,32.53,100,32.55,2800,2.65,33.18,32.31,170488100,55820000.0,1.24,2.75,44.6,44.6,38.03,25.35,0.8
联赢激光,sh688518,27.46,26.65,27.12,872525200.0,27.44,1000,27.46,1000,3.04,27.84,27.12,872525200,239510000.0,2.56,2.7,93.73,93.73,31.98,21.32,0.73
金海高科,sh603311,15.55,15.46,15.75,3802000.0,15.54,4000,15.55,11200,0.58,15.89,15.47,3802000,59420000.0,1.61,2.72,36.68,36.68,17.01,13.91,0.72
惠博普,sz002554,4.58,4.7,4.65,170562600.0,4.58,571400,4.59,249800,-2.55,4.81,4.46,170562600,783860000.0,12.79,7.45,61.07,61.08,5.17,4.23,0.93
航天动力,sh600343,35.03,34.69,35.15,52553500.0,35.03,390800,35.04,8000,0.98,36.05,33.85,52553500,1820440000.0,8.23,6.34,223.56,223.56,38.16,31.22,0.64
国晟科技,sh603778,15.55,15.82,16.1,75467300.0,15.55,272800,15.56,45500,-1.71,16.26,15.4,75467300,1180520000.0,11.74,5.44,99.96,102.11,17.4,14.24,0.95
安 纳 达,sz002136,13.71,13.95,14.3,17113700.0,13.71,6000,13.72,18400,-1.72,14.3,13.6,17113700,236370000.0,7.98,5.02,29.4,29.48,15.35,12.56,0.62
康鹏科技,sh688602,8.08,7.94,8.02,751361500.0,8.07,54600,8.08,14700,1.76,8.18,8.02,751361500,60950000.0,2.89,2.02,20.98,41.97,9.53,6.35,0.78
派能科技,sh688063,67.72,69.35,70.4,1090038500.0,67.72,3900,67.75,500,-2.35,71.22,66.9,1090038500,740080000.0,4.44,6.23,166.16,166.16,83.22,55.48,0.93
福瑞医科,sz300049,55.7,55.55,56.08,5489800.0,55.7,18200,55.72,2400,0.27,56.3,54.92,5489800,304880000.0,2.35,2.48,130.06,147.59,66.66,44.44,0.6
欧陆通,sz300870,293.21,267.0,282.0,9535500.0,293.21,1300,293.22,100,9.82,303.22,276.62,9535500,2753460000.0,8.61,9.96,324.54,324.54,320.4,213.6,1.3
硕贝德,sz300322,28.32,27.36,28.0,39088000.0,28.32,33100,28.33,64200,3.51,29.35,27.89,39088000,1118990000.0,8.87,5.34,124.73,130.28,32.83,21.89,1.31
纳科诺尔,bj920522,69.52,66.7,67.8,3200700.0,69.52,12600,69.53,2300,4.23,70.19,67.06,3200700,219191300.0,2.46,4.69,90.4,108.97,86.71,46.69,1.1
星源材质,sz300568,13.67,13.53,13.77,33900300.0,13.66,35000,13.67,156800,1.03,13.91,13.56,33900300,465370000.0,2.79,2.59,166.38,183.96,16.24,10.82,0.79
飞荣达,sz300602,37.44,37.12,38.56,38163100.0,37.43,2300,37.44,4600,0.86,39.09,37.09,38163100,1452800000.0,9.65,5.39,148.04,217.85,44.54,29.7,0.79
瑞尔特,sz002790,7.96,7.91,8.05,3414000.0,7.95,4300,7.96,17500,0.63,8.1,7.9,3414000,27340000.0,1.31,2.53,20.75,33.26,8.7,7.12,0.54
招金黄金,sz000506,20.02,20.41,20.75,41439900.0,20.02,55200,20.03,43700,-1.91,20.8,19.82,41439900,833790000.0,4.46,4.8,185.93,185.99,22.45,18.37,0.59
德邦科技,sh688035,69.45,69.96,74.03,826255700.0,69.44,3000,69.45,1800,-0.73,76.0,68.9,826255700,590520000.0,5.81,10.15,98.79,98.79,83.95,55.97,0.67
融捷股份,sz002192,54.66,54.59,55.6,9951200.0,54.66,3700,54.68,3500,0.13,56.68,54.1,9951200,550210000.0,3.84,4.73,141.64,141.93,60.05,49.13,0.6
永杉锂业,sh603399,11.2,11.29,11.62,19289200.0,11.2,62500,11.21,34800,-0.8,11.63,11.12,19289200,218570000.0,3.77,4.52,57.38,57.38,12.42,10.16,0.44
安妮股份,sz002235,10.62,9.65,10.45,33067300.0,10.62,8037600,0.0,0,10.05,10.62,10.32,33067300,348990000.0,5.97,3.11,58.79,61.55,10.62,8.69,0.77
海欣食品,sz002702,6.11,6.08,6.19,17418300.0,6.1,60300,6.11,12500,0.49,6.21,6.09,17418300,106870000.0,3.8,1.97,28.03,33.96,6.69,5.47,0.62
深桑达Ａ,sz000032,18.66,18.12,18.43,21709500.0,18.65,18400,18.66,10800,2.98,18.85,18.13,21709500,400490000.0,1.99,3.97,203.28,226.75,19.93,16.31,0.82
近岸蛋白,sh688137,40.62,40.5,41.5,48752200.0,40.62,15100,40.78,3600,0.3,41.88,40.56,48752200,20030000.0,1.49,3.26,13.27,28.51,48.6,32.4,0.78
日联科技,sh688531,69.86,69.69,71.1,198824900.0,69.86,100,69.95,200,0.24,71.97,69.41,198824900,140500000.0,1.86,3.67,74.72,115.68,83.63,55.75,0.58
京粮控股,sz000505,7.23,7.65,7.41,42218100.0,7.23,122000,7.24,43300,-5.49,7.44,7.09,42218100,304770000.0,6.68,4.58,45.72,52.56,8.42,6.89,1.45
双星新材,sz002585,7.4,7.39,7.55,24980600.0,7.39,192300,7.4,55200,0.14,7.63,7.34,24980600,186120000.0,2.82,3.92,65.62,84.46,8.13,6.65,0.5
上海九百,sh600838,10.74,10.49,10.59,10370700.0,10.73,7000,10.74,90400,2.38,10.85,10.59,10370700,111320000.0,2.59,2.48,43.05,43.05,11.54,9.44,0.91
中银证券,sh601696,13.36,13.38,13.6,33318900.0,13.36,282900,13.37,21400,-0.15,13.85,13.34,33318900,450960000.0,1.2,3.81,371.14,371.14,14.72,12.04,0.75
双杰电气,sz300444,17.73,16.88,16.95,202716000.0,17.73,73900,17.74,193400,5.04,18.88,16.94,202716000,3618920000.0,32.62,11.49,110.18,141.6,20.26,13.5,1.46
光大同创,sz301387,58.37,56.73,57.98,2145600.0,58.31,100,58.37,4900,2.89,59.82,57.43,2145600,125930000.0,5.03,4.21,24.91,62.31,68.08,45.38,0.75
国轩高科,sz002074,36.48,35.91,36.6,25661100.0,36.48,12400,36.49,14000,1.59,36.9,36.27,25661100,937760000.0,1.48,1.75,633.36,661.79,39.5,32.32,0.79
东方电气,sh600875,42.21,38.37,39.88,82095600.0,42.21,7933300,0.0,0,10.01,42.21,39.31,82095600,3404040000.0,3.63,7.56,955.37,1459.77,42.21,34.53,0.56
灿勤科技,sh688182,30.2,29.78,30.48,414017500.0,30.2,29700,30.21,1000,1.41,30.8,29.83,414017500,125520000.0,1.04,3.26,120.8,120.8,35.74,23.82,0.7
海思科,sz002653,44.15,42.93,43.42,4576900.0,44.15,400,44.18,5700,2.84,45.13,42.97,4576900,201440000.0,0.95,5.03,213.35,494.44,47.22,38.64,1.26
诺德股份,sh600110,7.84,7.88,8.06,64846900.0,7.84,46200,7.85,181600,-0.51,8.13,7.77,64846900,515330000.0,3.74,4.57,136.04,136.04,8.67,7.09,0.39
中伟新材,sz300919,52.4,52.76,53.53,11001100.0,52.4,55900,52.41,800,-0.68,53.6,51.88,11001100,579840000.0,1.21,3.26,478.15,546.14,63.31,42.21,0.62
东方钽业,sz000962,55.58,53.06,55.0,27110700.0,55.57,6300,55.58,7900,4.75,57.78,54.5,27110700,1513320000.0,5.4,6.18,278.83,280.6,58.37,47.75,0.81
株冶集团,sh600961,22.61,23.18,23.49,30601300.0,22.61,14600,22.62,1000,-2.46,23.63,22.3,30601300,697030000.0,4.07,5.74,169.98,242.58,25.5,20.86,0.64
泰和科技,sz300801,28.1,27.67,28.11,3867500.0,28.1,5400,28.12,4500,1.55,28.35,27.79,3867500,108620000.0,2.83,2.02,38.35,61.38,33.2,22.14,0.59
联瑞新材,sh688300,68.24,66.14,67.5,592189300.0,68.24,200,68.28,200,3.18,70.8,66.71,592189300,407300000.0,2.45,6.18,164.78,164.78,79.37,52.91,0.9
先锋精科,sh688605,63.5,62.0,63.4,277784000.0,63.49,1100,63.5,400,2.42,65.46,62.61,277784000,178450000.0,2.56,4.6,68.8,128.51,74.4,49.6,0.75
漳州发展,sz000753,7.33,7.28,7.32,27083600.0,7.33,75300,7.34,299900,0.69,7.4,7.27,27083600,198730000.0,2.73,1.79,72.68,72.68,8.01,6.55,0.79
宏工科技,sz301662,185.28,180.02,183.0,1249700.0,185.16,400,185.28,500,2.92,185.43,176.84,1249700,225790000.0,7.52,4.77,30.81,148.22,216.02,144.02,0.77
华峰测控,sh688200,267.0,265.37,272.0,259795300.0,267.0,2200,267.75,200,0.61,276.99,265.3,259795300,703180000.0,1.92,4.41,361.87,361.87,318.44,212.3,0.96
金鹰股份,sh600232,8.07,8.02,8.1,6211000.0,8.07,11900,8.08,65600,0.62,8.3,8.04,6211000,50550000.0,1.7,3.24,29.43,29.43,8.82,7.22,0.7
凯盛新材,sz301069,22.79,23.26,23.2,16962400.0,22.79,18900,22.8,11800,-2.02,23.36,22.55,16962400,388280000.0,3.97,3.48,97.26,103.28,27.91,18.61,1.46
飞龙股份,sz002536,37.01,35.22,35.64,84598900.0,37.01,3900,37.02,11100,5.08,38.11,35.23,84598900,3109350000.0,15.54,8.18,201.49,212.73,38.74,31.7,1.22
华新建材,sh600801,23.0,23.08,23.19,9041900.0,23.0,4400,23.01,4800,-0.35,23.39,22.82,9041900,208750000.0,0.67,2.47,308.59,478.17,25.39,20.77,0.77
双鹭药业,sz002038,6.13,6.07,6.14,15177800.0,6.12,143900,6.13,74000,0.99,6.2,6.09,15177800,93200000.0,1.78,1.81,52.22,62.98,6.68,5.46,0.9
奥锐特,sh605116,24.95,24.66,24.79,2516800.0,24.91,900,24.98,2400,1.18,25.13,24.7,2516800,62720000.0,0.62,1.74,101.34,101.34,27.13,22.19,0.71
劲嘉股份,sz002191,3.88,3.83,3.88,11705900.0,3.87,143600,3.88,162300,1.31,3.9,3.85,11705900,45400000.0,0.81,1.31,55.89,56.33,4.21,3.45,0.71
至纯科技,sh603690,26.88,26.81,27.25,10179200.0,26.87,19700,26.88,6200,0.26,27.55,26.71,10179200,276020000.0,2.66,3.13,102.94,102.94,29.49,24.13,0.71
晶盛机电,sz300316,48.01,49.42,50.55,35852300.0,48.01,19100,48.02,6100,-2.85,50.7,47.68,35852300,1741150000.0,2.91,6.11,591.27,628.71,59.3,39.54,0.72
欣旺达,sz300207,25.1,25.05,25.49,40643200.0,25.1,112400,25.11,5800,0.2,25.56,24.9,40643200,1023270000.0,2.37,2.63,430.17,463.71,30.06,20.04,0.61
泰坦股份,sz003036,18.26,16.6,16.93,5125100.0,18.26,3331200,0.0,0,10.0,18.26,16.93,5125100,91670000.0,2.37,8.01,39.49,39.49,18.26,14.94,0.64
图南股份,sz300855,44.14,43.71,44.9,8676200.0,44.12,100,44.14,2700,0.98,46.36,43.69,8676200,389610000.0,2.96,6.11,129.31,174.59,52.45,34.97,0.66
硕世生物,sh688399,58.2,57.05,57.43,98506200.0,58.2,6500,58.29,1000,2.02,58.6,57.43,98506200,57270000.0,1.17,2.05,48.81,48.81,68.46,45.64,0.59
永兴材料,sz002756,68.7,63.65,64.64,26967600.0,68.7,5300,68.71,2200,7.93,69.85,64.4,26967600,1841780000.0,6.94,8.56,267.06,370.36,70.02,57.29,0.98
纳芯微,sh688052,152.99,156.87,159.21,297045600.0,152.99,1800,153.0,28900,-2.47,162.0,152.6,297045600,462450000.0,2.08,5.99,218.05,248.8,188.24,125.5,0.76
翔港科技,sh603499,22.95,21.43,21.83,7397900.0,22.94,31400,22.95,16900,7.09,23.0,21.58,7397900,167200000.0,2.44,6.63,69.45,69.45,23.57,19.29,1.2
中闽能源,sh600163,6.49,6.28,6.35,48363600.0,6.49,10200,6.5,429900,3.34,6.58,6.34,48363600,311700000.0,2.54,3.82,123.5,123.5,6.91,5.65,0.9
焦作万方,sz000612,15.11,15.0,15.36,76860200.0,15.11,141100,15.12,26700,0.73,15.49,14.94,76860200,1169010000.0,6.45,3.67,180.02,180.14,16.5,13.5,1.09
中科电气,sz300035,20.02,19.67,20.08,16124900.0,20.02,9600,20.03,40500,1.78,20.18,19.75,16124900,322430000.0,2.76,2.19,116.79,137.22,23.6,15.74,0.71
温州宏丰,sz300283,8.25,7.81,7.88,32331400.0,8.24,200,8.25,87400,5.63,8.37,7.87,32331400,265380000.0,8.8,6.4,30.3,41.0,9.37,6.25,1.51
东宝生物,sz300239,5.76,5.69,5.79,9571800.0,5.75,10500,5.76,104200,1.23,5.87,5.72,9571800,55350000.0,1.62,2.64,33.97,34.19,6.83,4.55,0.89
天承科技,sh688603,90.12,85.8,87.9,658011600.0,90.1,10000,90.12,2700,5.03,95.3,87.0,658011600,599740000.0,13.88,9.67,42.74,112.4,102.96,68.64,1.49
金杯电工,sz002533,15.77,15.33,15.5,44083100.0,15.76,135900,15.77,108200,2.87,16.17,15.47,44083100,698360000.0,6.91,4.57,100.56,115.74,16.86,13.8,1.29
力星股份,sz300421,25.74,25.25,25.78,8734400.0,25.74,400,25.75,19100,1.94,26.15,25.55,8734400,225720000.0,3.79,2.38,59.29,75.68,30.3,20.2,0.76
海南高速,sz000886,6.2,6.17,6.22,15385100.0,6.2,3000,6.21,78800,0.49,6.26,6.17,15385100,95550000.0,1.57,1.46,60.63,61.31,6.79,5.55,0.71
沪硅产业,sh688126,19.5,19.31,19.7,2682047200.0,19.5,47500,19.51,400,0.98,19.88,19.38,2682047200,527090000.0,0.98,2.59,532.67,644.48,23.17,15.45,0.67
科力远,sh600478,7.76,7.67,7.87,55537600.0,7.75,115300,7.76,311600,1.17,7.92,7.71,55537600,432730000.0,3.33,2.74,129.25,129.25,8.44,6.9,0.43
同兴科技,sz003027,21.89,21.72,22.0,1993400.0,21.85,400,21.89,4000,0.78,22.22,21.75,1993400,43860000.0,1.9,2.16,22.95,28.62,23.89,19.55,0.67
天奈科技,sh688116,42.1,41.24,42.09,747312200.0,42.1,10600,42.11,300,2.09,42.67,41.51,747312200,314380000.0,2.04,2.81,154.31,154.31,49.49,32.99,0.52
皇氏集团,sz002329,3.75,3.65,3.7,19261300.0,3.74,193300,3.75,301500,2.74,3.75,3.67,19261300,71530000.0,2.96,2.19,24.39,31.22,4.02,3.29,0.88
赤峰黄金,sh600988,40.34,41.58,41.86,64817500.0,40.34,1900,40.35,35500,-2.98,41.91,39.87,64817500,2626580000.0,3.9,4.91,671.22,766.63,45.74,37.42,0.66
利柏特,sh605167,18.35,17.75,17.81,5187600.0,18.35,100,18.36,20600,3.38,18.48,17.81,5187600,94650000.0,1.16,3.77,82.4,82.4,19.53,15.98,0.94
同益股份,sz300538,15.65,15.43,15.8,3625900.0,15.64,2800,15.65,11300,1.43,15.96,15.55,3625900,57210000.0,3.0,2.66,18.93,28.47,18.52,12.34,0.77
新澳股份,sh603889,8.73,8.62,8.8,6897200.0,8.72,7800,8.73,3800,1.28,8.84,8.63,6897200,60130000.0,0.95,2.44,63.27,63.75,9.48,7.76,0.82
通用电梯,sz300931,12.55,12.52,12.76,6643100.0,12.54,32700,12.55,29800,0.24,12.86,12.44,6643100,83870000.0,3.59,3.35,23.21,30.14,15.02,10.02,0.67
艾力斯,sh688578,96.44,100.05,98.42,810394000.0,96.44,2300,96.45,600,-3.61,100.0,95.72,810394000,789340000.0,1.8,4.28,433.98,433.98,120.06,80.04,1.38
寒武纪-U,sh688256,1168.0,1117.08,1148.68,853994500.0,1168.0,14200,1168.02,200,4.56,1196.02,1122.02,853994500,9922300000.0,2.04,6.62,4886.33,4925.28,1340.5,893.66,0.88
山东玻纤,sh605006,9.49,9.54,9.71,30550500.0,9.48,18800,9.49,34900,-0.52,9.8,9.4,30550500,291680000.0,5.09,4.19,56.94,56.94,10.49,8.59,0.55
瑞泰新材,sz301238,19.64,19.42,19.83,5940100.0,19.63,2100,19.64,900,1.13,19.97,19.47,5940100,117100000.0,0.81,2.57,144.03,144.03,23.3,15.54,0.63
光库科技,sz300620,164.4,167.09,172.0,18260900.0,164.39,1800,164.4,4900,-1.61,174.55,163.15,18260900,3077690000.0,7.39,6.82,406.25,409.65,200.51,133.67,1.08
巨人网络,sz002558,35.48,35.61,35.75,41305400.0,35.48,3100,35.49,100,-0.37,36.52,35.0,41305400,1468910000.0,2.13,4.27,686.45,686.45,39.17,32.05,0.94
洛凯股份,sh603829,24.66,24.53,24.96,4839400.0,24.66,300,24.67,1000,0.53,25.16,24.43,4839400,120020000.0,2.6,2.98,45.93,45.93,26.98,22.08,0.59
杭可科技,sh688006,26.93,26.88,27.39,657061700.0,26.92,800,26.93,300,0.19,27.57,26.63,657061700,177780000.0,1.09,3.5,162.57,162.57,32.26,21.5,0.85
福建水泥,sh600802,6.19,6.29,6.35,11587900.0,6.18,32400,6.19,57800,-1.59,6.39,6.15,11587900,72490000.0,2.53,3.82,28.37,28.37,6.92,5.66,1.01
西部黄金,sh601069,37.21,38.7,38.66,30818800.0,37.21,79600,37.22,7100,-3.85,38.7,36.74,30818800,1152570000.0,3.47,5.06,330.12,338.98,42.57,34.83,0.65
爱司凯,sz300521,31.0,30.0,30.39,4073700.0,30.88,1000,31.0,1000,3.33,31.29,30.0,4073700,125290000.0,2.72,4.3,46.42,46.42,36.0,24.0,1.05
赣锋锂业,sz002460,67.12,66.89,68.38,31847800.0,67.11,2400,67.12,1500,0.34,68.99,66.6,31847800,2158350000.0,2.64,3.57,810.7,1407.3,73.58,60.2,0.58
贵研铂业,sh600459,23.44,23.65,24.01,29847100.0,23.43,61100,23.44,18100,-0.89,24.3,23.14,29847100,704960000.0,3.93,4.9,178.08,178.1,26.02,21.29,0.49
永冠新材,sh603681,20.75,21.01,21.45,4705100.0,20.74,100,20.75,2400,-1.24,21.46,20.6,4705100,98860000.0,2.46,4.09,39.66,39.66,23.11,18.91,0.66
垒知集团,sz002398,5.51,5.44,5.53,12868000.0,5.51,89500,5.52,2800,1.29,5.59,5.5,12868000,71280000.0,2.26,1.65,31.37,38.46,5.98,4.9,0.66
精智达,sh688627,265.55,266.49,274.7,297180100.0,265.49,300,265.55,100,-0.35,278.57,262.62,297180100,805020000.0,4.11,5.99,192.13,249.65,319.79,213.19,0.73
合富中国,sh603122,16.64,16.78,16.71,15380500.0,16.63,40800,16.64,15300,-0.83,16.96,16.51,15380500,257000000.0,3.86,2.68,66.24,66.24,18.46,15.1,0.79
新亚制程,sz002388,5.24,5.09,5.2,19627300.0,5.23,12900,5.24,13100,2.95,5.3,5.19,19627300,103060000.0,3.88,2.16,26.53,26.76,5.6,4.58,0.88
润阳科技,sz300920,40.23,39.7,40.86,2106900.0,40.23,7300,40.24,1400,1.34,41.88,39.75,2106900,85190000.0,3.8,5.37,22.28,40.23,47.64,31.76,0.48
赢合科技,sz300457,24.9,24.91,25.38,10383400.0,24.89,11400,24.9,21800,-0.04,25.5,24.6,10383400,260030000.0,1.64,3.61,157.79,160.65,29.89,19.93,0.84
大东方,sh600327,4.09,4.04,4.04,13608100.0,4.09,141400,4.1,456900,1.24,4.13,4.04,13608100,55630000.0,1.54,2.23,36.19,36.19,4.44,3.64,0.94
丰林集团,sh601996,2.43,2.39,2.43,22660600.0,2.42,219700,2.43,859900,1.67,2.48,2.41,22660600,55390000.0,2.02,2.93,27.24,27.24,2.63,2.15,0.95
广发证券,sz000776,19.92,19.97,20.2,34862400.0,19.92,124900,19.93,6000,-0.25,20.23,19.87,34862400,697080000.0,0.59,1.8,1176.09,1558.71,21.97,17.97,0.78
昭衍新药,sh603127,32.2,31.81,32.5,9333600.0,32.19,30500,32.2,20200,1.23,32.7,31.83,9333600,300840000.0,1.48,2.73,202.97,241.29,34.99,28.63,0.58
美盈森,sz002303,3.81,3.75,3.82,23763700.0,3.8,269100,3.81,209000,1.6,3.83,3.76,23763700,90290000.0,2.46,1.87,36.84,58.34,4.13,3.38,0.72
东方智造,sz002175,3.15,3.06,3.11,48020200.0,3.14,563800,3.15,226800,2.94,3.18,3.1,48020200,150940000.0,3.76,2.61,40.22,40.22,3.37,2.75,0.85
金安国纪,sz002636,26.55,27.09,27.66,34684800.0,26.53,7300,26.55,53400,-1.99,28.0,26.23,34684800,937640000.0,4.79,6.53,192.31,193.28,29.8,24.38,0.88
百隆东方,sh601339,7.0,7.09,7.11,12968100.0,6.99,55600,7.0,11200,-1.27,7.26,6.93,12968100,91700000.0,0.86,4.65,104.97,104.97,7.8,6.38,0.74
精研科技,sz300709,42.77,42.22,43.61,7603600.0,42.76,3800,42.77,1300,1.3,43.8,42.33,7603600,327660000.0,5.09,3.48,63.85,79.58,50.66,33.78,0.79
金石资源,sh603505,21.15,21.47,22.0,16979900.0,21.15,21800,21.16,7600,-1.49,22.0,20.94,16979900,361140000.0,2.02,4.94,178.01,178.01,23.62,19.32,0.6
联芸科技,sh688449,45.14,44.68,45.8,712333600.0,45.14,2700,45.15,700,1.03,46.55,44.84,712333600,326330000.0,2.43,3.83,132.35,207.64,53.62,35.74,1.05
民德电子,sz300656,23.4,22.6,23.41,7890800.0,23.4,5100,23.41,1200,3.54,23.86,23.1,7890800,185860000.0,5.94,3.36,31.1,40.04,27.12,18.08,1.23
飞科电器,sh603868,35.77,35.17,35.55,1287000.0,35.77,4800,35.8,300,1.71,36.27,35.19,1287000,46220000.0,0.3,3.07,155.81,155.81,38.69,31.65,1.13
海翔药业,sz002099,7.33,7.63,7.64,50908400.0,7.33,39000,7.34,11500,-3.93,7.7,7.22,50908400,376940000.0,3.15,6.29,118.43,118.65,8.39,6.87,0.64
东威科技,sh688700,40.69,40.11,41.08,765611100.0,40.69,1600,40.7,1900,1.45,42.3,40.19,765611100,315450000.0,2.57,5.26,121.42,121.42,48.13,32.09,0.69
磁谷科技,sh688448,62.84,64.16,65.44,170430900.0,62.8,6400,62.84,900,-2.06,65.98,62.0,170430900,109050000.0,3.55,6.2,30.15,45.03,76.99,51.33,0.86
五新隧装,bj920174,43.87,43.81,44.39,1185000.0,43.87,9200,43.88,2800,0.14,44.8,43.8,1185000,52336400.0,1.36,2.28,38.17,95.16,56.95,30.67,0.77
上海谊众,sh688091,48.05,47.1,47.37,267949300.0,48.05,9100,48.07,400,2.02,48.8,47.11,267949300,128940000.0,1.3,3.59,99.32,99.32,56.52,37.68,0.72
浙江东日,sh600113,56.15,56.39,56.87,3216100.0,56.14,800,56.15,500,-0.43,57.3,55.39,3216100,179830000.0,0.78,3.39,231.02,236.49,62.03,50.75,0.91
百达精工,sh603331,16.82,16.6,16.9,20525600.0,16.82,43300,16.83,14500,1.33,17.15,16.64,20525600,346070000.0,10.15,3.07,34.01,34.01,18.26,14.94,0.66
万辰集团,sz300972,195.0,192.85,194.62,1664700.0,194.61,500,195.15,400,1.11,197.8,191.01,1664700,322800000.0,0.95,3.52,341.88,373.02,231.42,154.28,1.0
*ST汇科,sz300561,11.42,11.35,11.5,5153500.0,11.42,18300,11.43,11900,0.62,11.63,11.34,5153500,59130000.0,2.14,2.56,27.53,37.47,13.62,9.08,0.54
电广传媒,sz000917,10.37,10.3,10.55,40259000.0,10.36,46100,10.37,49300,0.68,10.63,10.3,40259000,421790000.0,2.84,3.2,146.99,147.0,11.33,9.27,0.49
富创精密,sh688409,99.02,97.24,99.9,540071100.0,99.02,15800,99.04,300,1.83,103.6,97.28,540071100,544590000.0,1.76,6.5,303.21,303.21,116.69,77.79,0.92
中信金属,sh601061,14.69,14.91,15.08,14923300.0,14.69,8800,14.7,12500,-1.48,15.15,14.58,14923300,220810000.0,2.98,3.82,73.62,719.81,16.4,13.42,0.61
联泓新科,sz003022,20.15,20.37,20.8,12337900.0,20.14,20500,20.15,700,-1.08,20.87,19.97,12337900,249760000.0,0.92,4.42,268.89,269.12,22.41,18.33,1.03
鼎龙股份,sz300054,42.53,42.2,43.03,15275700.0,42.53,100,42.54,1900,0.78,44.1,42.08,15275700,657420000.0,2.07,4.79,313.49,402.91,50.64,33.76,0.73
电投能源,sz002128,33.87,32.92,33.2,34547900.0,33.87,1600,33.88,2800,2.89,34.27,32.92,34547900,1162240000.0,1.54,4.1,759.22,759.22,36.21,29.63,1.17
山科智能,sz300897,26.81,26.37,26.84,2045500.0,26.79,500,26.81,3500,1.67,27.5,26.49,2045500,55160000.0,2.34,3.83,23.44,37.59,31.64,21.1,0.96
力量钻石,sz301071,47.55,45.28,46.68,24154500.0,47.55,17000,47.56,400,5.01,49.43,46.61,24154500,1159670000.0,12.41,6.23,92.53,123.76,54.34,36.22,1.22
惠云钛业,sz300891,10.33,10.43,10.63,16326800.0,10.33,15500,10.35,2500,-0.96,10.74,10.22,16326800,169590000.0,4.91,4.99,34.34,41.32,12.52,8.34,0.61
华图山鼎,sz300492,68.9,68.33,69.11,1301600.0,68.9,100,68.94,1300,0.83,69.71,68.32,1301600,89790000.0,0.66,2.03,135.51,135.51,82.0,54.66,0.72
蔚蓝锂芯,sz002245,17.96,17.19,17.5,90755400.0,17.96,121100,17.97,60000,4.48,18.1,17.47,90755400,1621160000.0,8.36,3.66,194.9,207.22,18.91,15.47,1.94
宏盛股份,sh603090,71.64,71.57,72.99,2377500.0,71.55,200,71.64,800,0.1,74.59,71.08,2377500,172950000.0,2.38,4.9,71.64,71.64,78.73,64.41,0.67
纳思达,sz002180,19.26,19.22,19.53,10282300.0,19.26,15400,19.27,1400,0.21,19.76,19.19,10282300,200060000.0,0.76,2.97,261.89,273.85,21.14,17.3,0.71
开能健康,sz300272,7.58,7.34,7.47,12133500.0,7.57,27800,7.58,264400,3.27,7.58,7.37,12133500,90980000.0,2.61,2.86,35.21,46.35,8.81,5.87,0.65
方盛股份,bj920662,28.9,28.1,28.4,2734400.0,28.9,38000,28.91,3400,2.85,29.98,28.13,2734400,79512700.0,10.84,6.58,7.29,25.3,36.53,19.67,0.71
上海洗霸,sh603200,72.63,73.18,74.57,3108800.0,72.61,100,72.63,3100,-0.75,74.64,71.7,3108800,226890000.0,1.77,4.02,127.45,127.45,80.5,65.86,0.86
中创智领,sh601717,22.74,22.9,23.25,22816900.0,22.73,5100,22.74,2000,-0.7,23.36,22.64,22816900,522160000.0,1.48,3.14,350.69,406.0,25.19,20.61,0.81
上海新阳,sz300236,75.7,74.81,76.66,8022000.0,75.7,2100,75.71,1200,1.19,78.67,75.09,8022000,616260000.0,2.88,4.79,211.0,237.23,89.77,59.85,0.79
海光信息,sh688041,242.99,236.0,245.96,2140603400.0,242.99,2500,243.0,4400,2.96,247.5,237.85,2140603400,5197290000.0,0.92,4.09,5647.91,5647.91,283.2,188.8,0.74
瑞丰新材,sz300910,52.77,54.26,55.01,3888800.0,52.77,8300,52.79,1600,-2.75,55.56,52.41,3888800,208200000.0,1.87,5.81,109.49,156.17,65.11,43.41,1.17
锐捷网络,sz301165,85.68,84.62,87.9,6466400.0,85.67,100,85.68,7100,1.25,88.17,84.0,6466400,556550000.0,0.81,4.93,681.55,681.55,101.54,67.7,0.65
东阳光,sh600673,37.8,37.8,0.0,0.0,0.0,0,0.0,0,0.0,0.0,0.0,0,0.0,0.0,0.0,1134.59,1137.61,41.58,34.02,0.0
天铁科技,sz300587,6.49,6.15,6.25,39415200.0,6.48,199000,6.49,4500,5.53,6.56,6.25,39415200,254190000.0,3.75,5.04,68.27,84.26,7.38,4.92,1.26
联泰环保,sh603797,5.03,4.92,4.99,7205100.0,5.03,37000,5.04,36600,2.24,5.05,4.96,7205100,36130000.0,1.25,1.83,29.0,29.0,5.41,4.43,0.88
四川黄金,sz001337,54.74,54.47,55.0,31201200.0,54.74,136200,54.75,18100,0.5,56.1,53.65,31201200,1716270000.0,7.43,4.5,229.91,229.91,59.92,49.02,0.81
上海凤凰,sh600679,12.14,12.02,12.12,2517500.0,12.13,9700,12.14,3100,1.0,12.25,12.09,2517500,30630000.0,0.73,1.33,41.72,62.56,13.22,10.82,0.69
中金黄金,sh600489,31.9,32.29,32.61,83834800.0,31.9,66900,31.91,18800,-1.21,32.64,31.2,83834800,2665550000.0,1.73,4.46,1546.29,1546.29,35.52,29.06,0.64
永新股份,sz002014,11.78,11.73,11.85,2560300.0,11.78,1900,11.79,2800,0.43,11.88,11.73,2560300,30220000.0,0.42,1.28,71.21,72.15,12.9,10.56,0.91
新洋丰,sz000902,18.41,19.02,19.1,26850500.0,18.4,15000,18.41,6000,-3.21,19.11,18.2,26850500,495640000.0,2.35,4.78,210.39,231.0,20.92,17.12,1.05
家联科技,sz301193,28.87,26.96,27.62,10280700.0,28.86,2700,28.87,14200,7.08,29.99,27.0,10280700,296420000.0,7.42,11.09,39.98,56.35,32.35,21.57,1.76
晨光新材,sh605399,15.13,15.31,15.59,5975400.0,15.13,1200,15.15,12300,-1.18,15.59,15.0,5975400,90970000.0,1.92,3.85,47.13,47.24,16.84,13.78,0.71
上能电气,sz300827,37.42,37.54,37.94,25212400.0,37.42,40300,37.43,18000,-0.32,38.34,37.2,25212400,953130000.0,6.54,3.04,144.16,208.31,45.05,30.03,1.09
晨丰科技,sh603685,29.82,29.3,29.36,7268000.0,29.81,400,29.82,400,1.77,30.06,28.61,7268000,213430000.0,3.61,4.95,60.08,74.83,32.23,26.37,1.26
ST合纵,sz300477,2.84,2.76,2.79,38572000.0,2.83,547300,2.84,383700,2.9,2.87,2.77,38572000,108530000.0,3.89,3.62,28.14,30.45,3.31,2.21,0.82
兴发集团,sh600141,39.04,39.26,40.07,23403300.0,39.03,500,39.04,6500,-0.56,40.07,38.68,23403300,916720000.0,1.95,3.54,469.16,469.16,43.19,35.33,0.61
唯科科技,sz301196,86.3,85.81,87.13,3956500.0,86.29,200,86.3,700,0.57,89.88,85.71,3956500,348230000.0,4.83,4.86,70.73,108.15,102.97,68.65,0.74
中兴商业,sz000715,6.12,6.01,6.1,10602400.0,6.11,233900,6.12,42600,1.83,6.25,6.02,10602400,65150000.0,1.97,3.83,32.99,33.07,6.61,5.41,0.92
天岳先进,sh688234,81.9,82.37,84.13,678731200.0,81.9,19700,81.91,1300,-0.57,84.94,81.16,678731200,560850000.0,1.58,4.59,351.93,396.9,98.84,65.9,0.97
中色股份,sz000758,8.03,8.15,8.32,78594100.0,8.03,146200,8.04,49700,-1.47,8.37,7.96,78594100,637470000.0,3.98,5.03,158.69,159.83,8.97,7.34,0.42
振德医疗,sh603301,92.55,90.78,91.91,4311700.0,92.54,6500,92.55,22800,1.95,93.95,90.21,4311700,397950000.0,1.62,4.12,246.03,246.03,99.86,81.7,1.2
鼎阳科技,sh688112,42.9,40.77,41.96,280722200.0,42.9,100,43.0,3600,5.22,44.87,41.5,280722200,121720000.0,1.76,8.27,68.47,68.47,48.92,32.62,1.13
兆威机电,sz003021,117.22,114.21,116.0,5759000.0,117.22,11100,117.23,8700,2.64,118.8,113.56,5759000,671210000.0,2.78,4.59,243.0,282.19,125.63,102.79,1.24
富瑞特装,sz300228,11.85,11.55,11.54,109795300.0,11.85,99800,11.86,5000,2.6,12.12,11.33,109795300,1285340000.0,19.55,6.84,66.54,70.79,13.86,9.24,1.1
国投中鲁,sh600962,20.55,20.44,20.75,2499400.0,20.54,300,20.55,57100,0.54,20.88,20.5,2499400,51570000.0,0.95,1.86,53.88,53.88,22.48,18.4,0.73
星云股份,sz300648,63.18,58.63,60.16,8868300.0,63.18,3700,63.19,4600,7.76,63.2,59.25,8868300,543790000.0,6.68,6.74,83.83,110.11,70.36,46.9,1.75
莱尔科技,sh688683,37.07,35.98,36.45,130502700.0,37.07,1200,37.08,1000,3.03,37.47,35.71,130502700,47830000.0,0.84,4.89,57.52,59.72,43.18,28.78,0.98
朗进科技,sz300594,30.61,30.64,30.78,4109400.0,30.61,200,30.65,500,-0.1,31.6,30.0,4109400,125940000.0,4.52,5.22,27.85,28.12,36.77,24.51,0.66
天山铝业,sz002532,19.19,18.92,19.37,107838700.0,19.18,9000,19.19,26400,1.43,19.93,19.0,107838700,2089050000.0,2.63,4.92,788.11,888.25,20.81,17.03,1.37
张江高科,sh600895,38.47,37.35,37.98,30354100.0,38.47,24000,38.48,45200,3.0,39.28,37.95,30354100,1172340000.0,1.96,3.56,595.78,595.78,41.09,33.62,1.05
凯美特气,sz002549,21.14,21.29,21.3,38535700.0,21.13,243700,21.14,2500,-0.7,22.08,21.01,38535700,825410000.0,5.57,5.03,146.36,147.0,23.42,19.16,0.95
利和兴,sz301013,24.26,24.2,24.65,5646300.0,24.25,400,24.26,18100,0.25,24.86,24.03,5646300,138050000.0,2.98,3.43,45.91,56.71,29.04,19.36,0.51
弘元绿能,sh603185,24.07,23.41,23.84,12343100.0,24.06,3700,24.07,9900,2.82,24.33,23.84,12343100,296960000.0,1.82,2.09,163.44,164.42,25.75,21.07,0.79
江钨装备,sh600397,18.17,18.57,19.19,93414900.0,18.16,51200,18.17,374800,-2.15,19.33,18.0,93414900,1721720000.0,9.44,7.16,179.88,179.88,20.43,16.71,0.68
精测电子,sz300567,146.67,140.6,147.02,11428300.0,146.67,100,146.68,100,4.32,153.85,144.2,11428300,1701070000.0,5.03,6.86,333.01,410.3,168.72,112.48,0.92
泰福泵业,sz300992,29.46,29.28,29.81,1478700.0,29.46,1000,29.47,300,0.61,30.33,29.14,1478700,43840000.0,1.91,4.06,22.83,28.09,35.14,23.42,0.8
启明星辰,sz002439,13.75,13.6,13.82,10206600.0,13.75,167100,13.76,6600,1.1,13.92,13.7,10206600,140750000.0,1.41,1.62,99.73,166.57,14.96,12.24,0.61
*ST中基,sz000972,3.72,3.74,3.74,6748500.0,3.7,78300,3.72,113900,-0.53,3.77,3.67,6748500,24980000.0,0.87,2.67,28.69,28.69,3.93,3.55,0.59
晓程科技,sz300139,74.0,77.9,77.9,53331900.0,74.0,117200,74.01,85000,-5.01,78.4,72.8,53331900,3994800000.0,22.82,7.19,172.91,202.76,93.48,62.32,0.78
华金资本,sz000532,14.61,14.4,14.67,6969200.0,14.6,60700,14.61,27700,1.46,14.78,14.52,6969200,102040000.0,2.03,1.81,50.19,50.36,15.84,12.96,0.51
德龙激光,sh688170,53.49,51.13,52.5,1122232100.0,53.49,13400,53.5,15900,4.62,57.09,51.3,1122232100,607890000.0,10.86,11.32,55.29,55.29,61.36,40.9,1.0
龙佰集团,sz002601,21.54,21.54,21.7,30947900.0,21.54,8100,21.55,126000,0.0,21.85,21.1,30947900,662210000.0,1.56,3.48,428.13,513.57,23.69,19.39,0.69
*ST美谷,sz000615,3.23,3.17,3.19,4966000.0,3.22,8400,3.23,206000,1.89,3.25,3.17,4966000,16030000.0,0.54,2.52,29.89,57.74,3.33,3.01,0.61
德才股份,sh605287,44.43,45.59,46.41,15007200.0,44.43,5200,44.44,1000,-2.54,47.46,44.11,15007200,685400000.0,10.72,7.35,62.2,62.2,50.15,41.03,1.28
亚太股份,sz002284,15.56,15.31,15.54,13862800.0,15.56,5900,15.57,3500,1.63,15.74,15.31,13862800,215850000.0,1.9,2.81,113.78,115.0,16.84,13.78,0.91
硅宝科技,sz300019,21.71,20.82,21.3,14804600.0,21.71,7600,21.72,16500,4.27,22.48,21.04,14804600,320410000.0,4.39,6.92,73.28,85.35,24.98,16.66,1.0
重药控股,sz000950,5.67,5.61,5.68,15176400.0,5.66,41500,5.67,171700,1.07,5.7,5.63,15176400,85980000.0,0.88,1.25,97.99,97.99,6.17,5.05,0.75
信立泰,sz002294,48.12,46.74,47.44,5901000.0,48.12,4600,48.13,600,2.95,48.56,46.55,5901000,281400000.0,0.53,4.3,536.33,536.45,51.41,42.07,0.86
华特气体,sh688268,67.7,69.1,70.23,572841400.0,67.69,4000,67.7,1400,-2.03,71.0,67.37,572841400,395920000.0,4.78,5.25,81.18,81.24,82.92,55.28,0.94
长阳科技,sh688299,19.14,19.0,19.47,592500400.0,19.14,10800,19.15,35400,0.74,19.7,19.0,592500400,114660000.0,2.06,3.68,55.01,55.01,22.8,15.2,0.49
立达信,sh605365,20.22,19.91,20.07,7053700.0,20.22,30400,20.24,7300,1.56,20.6,20.0,7053700,143220000.0,1.41,3.01,101.51,101.51,21.9,17.92,1.25
新迅达,sz300518,18.54,18.21,18.57,3517200.0,18.53,2700,18.54,1400,1.81,18.95,18.41,3517200,65710000.0,1.76,2.97,36.97,36.97,21.85,14.57,0.53
东方锆业,sz002167,15.39,16.07,16.5,132213300.0,15.38,64900,15.39,97600,-4.23,16.6,15.29,132213300,2067640000.0,17.46,8.15,116.56,119.22,17.68,14.46,1.38
江苏北人,sh688218,20.72,20.6,20.99,163964300.0,20.71,2700,20.72,30400,0.58,21.14,20.62,163964300,34290000.0,1.38,2.52,24.57,24.57,24.72,16.48,0.68
众泰汽车,sz000980,2.74,2.73,2.78,89267500.0,2.74,235500,2.75,549800,0.37,2.81,2.73,89267500,246840000.0,1.77,2.93,137.86,138.17,3.0,2.46,0.86
寒锐钴业,sz300618,49.06,49.51,50.46,12257300.0,49.06,36200,49.07,1300,-0.91,50.68,48.45,12257300,605800000.0,4.5,4.5,133.69,151.94,59.41,39.61,0.55
南侨食品,sh605339,17.45,17.5,17.6,1008500.0,17.45,1700,17.48,200,-0.29,17.67,17.43,1008500,17700000.0,0.24,1.37,74.04,74.04,19.25,15.75,0.81
阳光诺和,sh688621,62.35,58.78,59.99,245852100.0,62.3,200,62.35,0,6.07,62.8,59.2,245852100,150370000.0,2.2,6.12,69.83,69.83,70.54,47.02,1.36
*ST仁东,sz002647,9.6,9.41,9.58,19975900.0,9.59,114300,9.6,188900,2.02,9.81,9.46,19975900,193050000.0,2.95,3.72,65.06,108.51,9.88,8.94,0.83
思泰克,sz301568,56.93,55.49,57.2,6661000.0,56.93,1000,56.94,400,2.6,58.38,55.78,6661000,381620000.0,13.99,4.69,27.1,58.79,66.59,44.39,1.11
人民同泰,sh600829,10.36,10.18,10.22,6192000.0,10.36,67800,10.37,10100,1.77,10.44,10.22,6192000,64110000.0,1.07,2.16,60.08,60.08,11.2,9.16,0.77
同星科技,sz301252,37.36,37.98,38.41,4028100.0,37.35,1000,37.36,1200,-1.63,39.05,37.11,4028100,152940000.0,8.52,5.11,17.66,63.22,45.58,30.38,0.85
西藏矿业,sz000762,28.7,28.88,29.47,20642800.0,28.7,600,28.71,1400,-0.62,29.81,28.41,20642800,600760000.0,3.96,4.85,149.47,149.48,31.77,25.99,0.58
正和生态,sh605069,13.85,13.86,14.13,8195900.0,13.85,11800,13.86,100,-0.07,14.2,13.69,8195900,113760000.0,3.87,3.68,29.32,29.32,15.25,12.47,0.58
西藏珠峰,sh600338,18.0,18.17,18.48,35368500.0,18.0,84300,18.01,119600,-0.94,18.57,17.84,35368500,642370000.0,3.87,4.02,164.56,164.56,19.99,16.35,0.53
高盟新材,sz300200,11.57,11.35,11.58,11209600.0,11.57,25300,11.58,4900,1.94,11.76,11.49,11209600,130330000.0,2.64,2.38,49.04,49.86,13.62,9.08,0.71
中原内配,sz002448,16.28,15.85,16.09,21283200.0,16.26,3000,16.28,37900,2.71,16.7,16.03,21283200,348980000.0,4.67,4.23,74.16,95.79,17.44,14.27,0.8
金太阳,sz300606,34.58,34.85,35.31,10185600.0,34.58,300,34.59,1700,-0.77,35.99,34.42,10185600,357000000.0,8.66,4.51,40.69,47.84,41.82,27.88,0.78
沧州明珠,sz002108,5.0,4.94,5.04,63590600.0,5.0,160500,5.01,760100,1.21,5.05,4.88,63590600,315640000.0,3.86,3.44,82.37,82.43,5.43,4.45,1.05
洛阳钼业,sh603993,22.63,22.99,23.37,227587800.0,22.63,119700,22.64,106000,-1.57,23.42,22.31,227587800,5187530000.0,1.3,4.83,3951.39,4841.53,25.29,20.69,0.7
泰嘉股份,sz002843,25.39,28.21,27.93,64096300.0,0.0,0,25.39,2634700,-10.0,28.36,25.39,64096300,1693240000.0,25.56,10.53,63.68,63.92,31.03,25.39,1.33
合肥城建,sz002208,15.05,14.97,15.5,33823100.0,15.05,76000,15.06,3900,0.53,15.56,14.88,33823100,513440000.0,4.21,4.54,120.86,120.9,16.47,13.47,0.89
海马汽车,sz000572,6.44,6.33,6.48,44397400.0,6.44,60400,6.45,190000,1.74,6.5,6.41,44397400,286920000.0,2.7,1.42,105.76,105.91,6.96,5.7,0.79
长虹能源,bj920239,31.83,31.03,31.32,1962200.0,31.82,300,31.83,4500,2.58,32.0,31.23,1962200,62051000.0,1.09,2.48,57.11,57.95,40.33,21.73,1.05
华源控股,sz002787,13.09,12.82,13.03,8228200.0,13.09,39100,13.12,1800,2.11,13.37,13.02,8228200,108540000.0,3.28,2.73,32.84,43.87,14.1,11.54,0.61
华人健康,sz301408,19.07,18.06,18.37,15663400.0,19.06,900,19.07,38700,5.59,19.26,18.2,15663400,294750000.0,6.84,5.87,43.66,76.28,21.67,14.45,1.75
罗 牛 山,sz000735,7.5,7.6,7.63,30509300.0,7.5,15500,7.51,142400,-1.32,7.68,7.48,30509300,229960000.0,2.65,2.63,86.32,86.36,8.36,6.84,0.87
云图控股,sz002539,15.13,14.89,15.08,33275500.0,15.13,133200,15.14,100200,1.61,15.22,14.82,33275500,500290000.0,3.78,2.69,133.33,182.73,16.38,13.4,0.69
强达电路,sz301628,111.5,111.95,114.08,3017600.0,111.5,1200,111.55,300,-0.4,115.28,110.78,3017600,341860000.0,9.25,4.02,36.38,84.04,134.34,89.56,0.65
博杰股份,sz002975,78.72,78.76,80.03,4579300.0,78.72,5600,78.73,3100,-0.05,81.15,78.16,4579300,365680000.0,4.33,3.8,83.33,126.19,86.64,70.88,0.69
日出东方,sh603366,9.2,9.1,9.18,9773500.0,9.19,41400,9.2,40000,1.1,9.28,9.15,9773500,89900000.0,1.2,1.43,74.8,74.8,10.01,8.19,0.57
中铝国际,sh601068,6.48,6.46,6.6,40295900.0,6.47,291100,6.48,18600,0.31,6.65,6.33,40295900,261070000.0,1.57,4.95,165.86,193.61,7.11,5.81,0.94
金凯生科,sz301509,35.21,34.88,35.6,1722700.0,35.21,400,35.24,400,0.95,35.72,35.1,1722700,60910000.0,3.04,1.78,19.98,42.41,41.86,27.9,0.58
诚达药业,sz301201,42.12,41.39,42.22,3478000.0,42.12,400,42.15,100,1.76,43.8,41.9,3478000,148490000.0,3.2,4.59,45.72,65.17,49.67,33.11,0.79
中旗新材,sz001212,54.41,54.56,54.9,6359900.0,54.4,12000,54.41,9000,-0.27,55.05,53.4,6359900,344150000.0,3.66,3.02,94.59,109.34,60.02,49.1,1.03
万向钱潮,sz000559,17.86,17.49,17.9,97815100.0,17.85,150000,17.86,74800,2.12,18.18,17.71,97815100,1758390000.0,2.95,2.69,591.98,592.12,19.24,15.74,0.69
长华化学,sz301518,45.87,46.13,46.5,3217800.0,45.87,11000,45.88,1600,-0.56,47.16,44.9,3217800,147340000.0,6.02,4.9,24.52,66.73,55.36,36.9,0.74
唯捷创芯,sh688153,35.57,34.9,35.7,446952100.0,35.57,13800,35.62,2000,1.92,36.0,35.13,446952100,159140000.0,1.09,2.49,145.35,153.06,41.88,27.92,1.01
川恒股份,sz002895,40.79,41.36,41.85,9402700.0,40.79,42300,40.8,2700,-1.38,41.95,40.6,9402700,385990000.0,1.58,3.26,243.36,247.87,45.5,37.22,0.57
长光华芯,sh688048,169.68,176.0,179.99,1493404800.0,169.5,11300,169.68,500,-3.59,180.75,165.35,1493404800,2541010000.0,8.47,8.75,299.11,299.11,211.2,140.8,0.93
景津装备,sh603279,19.43,19.71,20.05,11223200.0,19.43,600,19.44,1400,-1.42,20.1,19.22,11223200,219750000.0,1.95,4.46,111.99,111.99,21.68,17.74,0.48
山金国际,sz000975,30.99,31.55,31.86,38091900.0,30.99,19300,31.0,18000,-1.77,31.9,30.41,38091900,1177660000.0,1.51,4.72,783.25,860.51,34.71,28.4,0.59
史丹利,sz002588,10.58,10.72,10.87,16975600.0,10.57,26900,10.58,1600,-1.31,10.92,10.52,16975600,180460000.0,1.98,3.73,90.84,121.87,11.79,9.65,0.84
英联股份,sz002846,15.19,14.7,14.98,9896800.0,15.18,12400,15.19,46500,3.33,15.44,14.81,9896800,149770000.0,3.85,4.29,39.04,63.8,16.17,13.23,1.07
润禾材料,sz300727,34.61,33.75,34.28,3934400.0,34.6,14700,34.61,6000,2.55,35.43,34.28,3934400,136970000.0,2.43,3.41,56.03,62.35,40.5,27.0,0.63
金钼股份,sh601958,25.02,25.95,26.65,67480300.0,25.01,67400,25.02,6500,-3.58,26.8,24.7,67480300,1711520000.0,2.09,8.09,807.3,807.3,28.55,23.36,0.8
ST朗源,sz300175,6.56,6.52,6.58,6143000.0,6.55,1800,6.56,8000,0.61,6.67,6.47,6143000,40330000.0,1.3,3.07,30.88,30.88,7.82,5.22,0.87
长川科技,sz300604,130.85,129.1,133.0,18456300.0,130.85,700,130.86,1100,1.36,134.85,129.21,18456300,2439820000.0,3.77,4.37,640.45,830.12,154.92,103.28,0.72
运达科技,sz300440,16.63,16.65,16.9,9845600.0,16.62,300,16.63,50000,-0.12,17.28,16.51,9845600,165770000.0,2.25,4.62,72.81,73.09,19.98,13.32,0.55
仕佳光子,sh688313,84.29,84.39,86.9,4287115400.0,84.29,1600,84.3,9800,-0.12,90.16,82.0,4287115400,3682190000.0,9.49,9.67,380.98,380.98,101.27,67.51,1.27
良信股份,sz002706,11.52,11.2,11.33,41063300.0,11.51,320200,11.52,127400,2.86,11.69,11.31,41063300,472660000.0,4.49,3.39,105.41,129.38,12.32,10.08,1.12
宁德时代,sz300750,350.25,338.9,344.58,31006100.0,350.25,27000,350.26,21200,3.35,353.85,342.66,31006100,10819500000.0,0.73,3.3,14908.86,15984.92,406.68,271.12,0.95
ST张家界,sz000430,7.29,7.15,7.25,4502300.0,7.29,21500,7.3,52700,1.96,7.35,7.19,4502300,32750000.0,1.22,2.24,27.01,59.02,7.51,6.79,0.87
晶晨股份,sh688099,87.67,86.05,88.57,1028709800.0,87.67,300,87.68,2000,1.88,90.36,86.84,1028709800,909430000.0,2.44,4.09,369.24,369.24,103.26,68.84,0.94
湖南黄金,sz002155,36.87,38.79,39.26,140307700.0,36.87,33500,36.88,1700,-4.95,39.5,36.34,140307700,5221410000.0,8.98,8.15,576.1,576.15,42.67,34.91,0.73
卓然股份,sh688121,11.72,11.47,11.63,314567700.0,11.68,7400,11.72,1100,2.18,11.77,11.6,314567700,36770000.0,1.55,1.48,23.75,27.38,13.76,9.18,0.68
赣能股份,sz000899,14.47,14.05,14.05,93317900.0,14.47,61700,14.48,181800,2.99,14.73,14.0,93317900,1338810000.0,9.56,5.2,141.18,141.18,15.46,12.65,0.97
中船特气,sh688146,45.45,45.23,46.06,653784600.0,45.45,18100,45.46,4600,0.49,46.96,44.81,653784600,300930000.0,4.51,4.75,65.89,240.62,54.28,36.18,0.7
利安隆,sz300596,52.0,47.75,51.47,13630400.0,52.0,20300,52.05,7800,8.9,53.34,50.27,13630400,708160000.0,6.11,6.43,115.98,119.4,57.3,38.2,2.46
新华保险,sh601336,73.1,73.13,73.51,18842200.0,73.09,3900,73.1,400,-0.04,74.36,72.68,18842200,1385620000.0,0.9,2.3,1524.46,2280.39,80.44,65.82,0.84
汇隆新材,sz301057,35.93,44.91,35.93,1813700.0,0.0,0,35.93,1615400,-20.0,35.93,35.93,1813700,65170000.0,2.2,0.0,29.67,42.03,53.89,35.93,0.57
科安达,sz002972,12.07,11.81,11.98,2395700.0,12.05,1700,12.07,8500,2.2,12.21,11.93,2395700,28980000.0,1.78,2.37,16.25,29.69,12.99,10.63,0.73
盟固利,sz301487,22.87,22.76,23.18,9950200.0,22.86,16800,22.87,2300,0.48,23.43,22.64,9950200,228520000.0,3.65,3.47,62.39,105.11,27.31,18.21,0.61
乐鑫科技,sh688018,154.44,153.16,156.88,192030700.0,154.44,3200,154.48,400,0.84,157.19,153.51,192030700,298990000.0,1.23,2.4,242.01,258.14,183.79,122.53,0.62
华通线缆,sh605196,55.64,54.34,56.5,23932300.0,55.64,38200,55.65,100,2.39,58.29,54.6,23932300,1348410000.0,4.74,6.79,280.96,284.32,59.77,48.91,1.63
朗威股份,sz301202,42.14,41.54,42.5,1602600.0,42.14,14000,42.15,2200,1.44,42.86,41.89,1602600,67900000.0,4.31,2.34,15.67,57.48,49.85,33.23,0.54
翔丰华,sz300890,29.64,29.38,29.92,3436600.0,29.61,400,29.64,7800,0.88,30.14,29.49,3436600,102450000.0,3.16,2.21,32.26,35.31,35.26,23.5,0.76
鹏欣资源,sh600490,9.39,9.66,9.8,82875800.0,9.38,327500,9.39,529200,-2.8,9.83,9.3,82875800,788130000.0,4.16,5.49,187.11,207.79,10.63,8.69,0.74
威星智能,sz002849,17.81,17.52,17.98,7209700.0,17.81,5000,17.83,100,1.66,18.29,17.42,7209700,128270000.0,3.72,4.97,34.47,39.29,19.27,15.77,0.63
ST美晨,sz300237,2.45,2.41,2.44,22389200.0,2.45,691400,2.46,1241500,1.66,2.48,2.43,22389200,54870000.0,1.55,2.07,35.33,35.33,2.89,1.93,0.66
众生药业,sz002317,17.61,17.31,17.58,18594200.0,17.61,12300,17.62,22900,1.73,17.77,17.47,18594200,327530000.0,2.44,1.73,134.12,149.67,19.04,15.58,0.75
金瑞矿业,sh600714,23.79,22.81,22.2,58061800.0,23.78,38400,23.79,79800,4.3,24.58,20.65,58061800,1308160000.0,20.15,17.23,68.56,68.56,25.09,20.53,2.03
华友钴业,sh603799,71.46,70.91,72.39,34444800.0,71.46,133500,71.47,18000,0.78,72.59,70.2,34444800,2468830000.0,1.83,3.37,1346.36,1355.4,78.0,63.82,0.63
湖北宜化,sz000422,17.48,17.82,18.27,71116800.0,17.48,900,17.49,17500,-1.91,18.29,17.35,71116800,1249710000.0,6.72,5.27,184.9,190.23,19.6,16.04,0.76
豫光金铅,sh600531,16.66,16.7,17.0,66722300.0,16.65,433900,16.66,138400,-0.24,17.06,16.46,66722300,1117140000.0,5.52,3.59,201.46,201.46,18.37,15.03,0.57
中仑新材,sz301565,25.28,25.25,25.52,5659000.0,25.27,7000,25.28,18900,0.12,25.66,24.97,5659000,143350000.0,4.42,2.73,32.36,101.12,30.3,20.2,0.97
华阳新材,sh600281,6.13,6.22,6.32,15733800.0,6.13,131900,6.14,1900,-1.45,6.32,6.11,15733800,97190000.0,3.06,3.38,31.53,31.53,6.84,5.6,0.62
天汽模,sz002510,7.88,7.77,7.81,43113300.0,7.88,123500,7.89,386400,1.42,8.02,7.81,43113300,341620000.0,4.29,2.7,79.18,79.99,8.55,6.99,0.65
中国铝业,sh601600,14.79,14.45,14.85,539558700.0,14.78,573400,14.79,68400,2.35,15.2,14.44,539558700,7999450000.0,4.1,5.26,1948.34,2537.22,15.9,13.01,1.41
岳阳林纸,sh600963,6.1,5.93,6.0,56194100.0,6.1,38500,6.11,15800,2.87,6.24,5.96,56194100,342400000.0,3.2,4.72,107.21,107.21,6.52,5.34,0.68
新益昌,sh688383,76.15,65.65,67.0,397899100.0,76.15,11000,76.4,6400,15.99,77.77,67.0,397899100,295380000.0,3.9,16.41,77.77,77.77,78.78,52.52,4.08
新凤鸣,sh603225,19.08,19.1,19.51,28880800.0,19.07,5100,19.08,9600,-0.1,19.73,18.87,28880800,552080000.0,1.79,4.5,308.13,309.84,21.01,17.19,0.87
华宝新能,sz301327,57.8,58.66,58.95,2871000.0,57.79,500,57.8,1600,-1.47,59.48,57.56,2871000,166970000.0,3.76,3.27,44.09,100.79,70.39,46.93,1.01
凌霄泵业,sz002884,17.77,17.47,17.71,2470400.0,17.77,1100,17.78,6000,1.72,17.88,17.54,2470400,43830000.0,0.9,1.95,48.52,63.56,19.22,15.72,0.81
欣龙控股,sz000955,5.36,5.35,5.41,10141100.0,5.36,2900,5.37,204800,0.19,5.46,5.35,10141100,54700000.0,1.88,2.06,28.84,28.86,5.89,4.82,0.54
司太立,sh603520,9.58,9.51,9.66,5578600.0,9.58,16200,9.59,6000,0.74,9.7,9.55,5578600,53690000.0,1.27,1.58,42.0,42.0,10.46,8.56,0.66
恺英网络,sz002517,21.54,20.95,21.23,46621500.0,21.53,21300,21.54,7300,2.82,21.89,21.23,46621500,1004500000.0,2.47,3.15,406.91,460.19,23.05,18.86,0.89
中国平安,sh601318,62.08,61.79,62.01,54636500.0,62.07,8900,62.08,11500,0.47,62.72,61.8,54636500,3404340000.0,0.51,1.49,6617.77,11241.22,67.97,55.61,0.57
翔宇医疗,sh688626,62.98,61.61,62.57,374874200.0,62.98,800,62.99,1400,2.22,65.5,62.02,374874200,238390000.0,2.34,5.65,100.77,100.77,73.93,49.29,1.34
保丽洁,bj920802,15.73,15.63,15.69,856300.0,15.67,21400,15.73,3500,0.64,15.82,15.5,856300,13399300.0,3.87,2.05,3.48,12.9,20.31,10.95,0.46
晨化股份,sz300610,12.08,11.92,12.13,5866800.0,12.07,15400,12.08,4600,1.34,12.33,12.01,5866800,71300000.0,3.64,2.68,19.48,25.97,14.3,9.54,0.59
逸豪新材,sz301176,25.72,25.6,26.29,4267300.0,25.72,900,25.73,3100,0.47,26.55,25.58,4267300,111280000.0,7.57,3.79,14.49,43.48,30.72,20.48,0.67
行云科技,sz300209,7.74,7.49,7.57,24837900.0,7.73,23200,7.74,68500,3.34,7.88,7.57,24837900,191940000.0,3.49,4.14,55.1,71.88,8.99,5.99,0.72
迪威尔,sh688377,47.98,45.69,45.0,645183600.0,47.98,4400,47.99,300,5.01,48.88,45.0,645183600,305620000.0,3.31,8.49,93.4,93.4,54.83,36.55,1.02
乐惠国际,sh603076,25.96,25.68,26.18,1763500.0,25.96,300,25.97,1500,1.09,26.35,25.8,1763500,46020000.0,1.46,2.14,31.33,31.33,28.25,23.11,0.62
骏鼎达,sz301538,79.46,77.4,79.01,1287400.0,79.46,1100,79.48,3200,2.66,81.88,78.98,1287400,103500000.0,4.12,3.75,24.81,62.3,92.88,61.92,1.17
富临精工,sz300432,16.45,16.25,16.6,23662500.0,16.44,125200,16.45,32600,1.23,16.71,16.31,23662500,390580000.0,1.4,2.46,278.1,281.26,19.5,13.0,0.57
闽发铝业,sz002578,4.49,4.46,4.58,43631100.0,4.48,888500,4.49,50900,0.67,4.62,4.46,43631100,197650000.0,5.07,3.59,38.67,42.14,4.91,4.01,1.03
美能能源,sz001299,14.04,14.36,14.49,14177900.0,14.04,11900,14.05,6700,-2.23,14.61,13.79,14177900,199630000.0,6.49,5.71,30.66,34.07,15.8,12.92,1.22
越秀资本,sz000987,9.13,8.96,9.11,49298000.0,9.12,49900,9.13,54200,1.9,9.2,9.06,49298000,449980000.0,0.98,1.56,457.82,458.06,9.86,8.06,0.79
华电国际,sh600027,5.19,5.13,5.16,137386100.0,5.18,682200,5.19,345500,1.17,5.22,5.13,137386100,711930000.0,1.49,1.75,478.29,602.65,5.64,4.62,0.68
达 意 隆,sz002209,15.4,14.87,15.07,5110300.0,15.4,3500,15.41,800,3.56,15.54,15.05,5110300,78220000.0,3.27,3.3,24.07,30.65,16.36,13.38,0.64
雪迪龙,sz002658,11.11,11.0,11.09,17115300.0,11.11,44200,11.12,3800,1.0,11.33,11.02,17115300,190410000.0,4.77,2.82,39.84,70.63,12.1,9.9,0.51
洪田股份,sh603800,40.06,39.55,40.08,2781400.0,40.06,3200,40.07,100,1.29,40.45,39.58,2781400,111280000.0,1.34,2.2,83.32,83.32,43.51,35.6,0.58
悦安新材,sh688786,34.78,35.6,36.24,518007500.0,34.77,17300,34.78,1500,-2.3,36.36,34.44,518007500,181610000.0,3.6,5.39,50.01,50.01,42.72,28.48,0.5
振华新材,sh688707,13.95,13.65,13.9,835855100.0,13.93,600,13.95,5100,2.2,14.24,13.65,835855100,116250000.0,1.64,4.32,70.97,70.97,16.38,10.92,0.9
索通发展,sh603612,32.64,32.98,34.01,19348700.0,32.64,200,32.65,6700,-1.03,34.1,32.07,19348700,639080000.0,3.88,6.16,162.58,162.58,36.28,29.68,0.83
三维股份,sh603033,10.23,10.37,10.43,7529700.0,10.23,64500,10.24,26000,-1.35,10.5,10.18,7529700,77360000.0,0.74,3.09,103.58,105.49,11.41,9.33,1.03
恒星科技,sz002132,3.79,3.68,3.74,33940900.0,3.78,191100,3.79,705600,2.99,3.85,3.74,33940900,128540000.0,2.43,2.99,53.04,53.12,4.05,3.31,0.78
普路通,sz002769,11.08,10.93,11.15,9319900.0,11.07,322800,11.08,7800,1.37,11.28,10.98,9319900,103390000.0,2.5,2.74,41.33,41.36,12.02,9.84,0.67
神州数码,sz000034,37.59,37.56,38.5,19459200.0,37.59,70000,37.6,11000,0.08,38.58,37.33,19459200,736570000.0,3.22,3.33,227.33,271.94,41.32,33.8,0.55
鸿利智汇,sz300219,8.69,7.7,8.05,127640100.0,8.68,234200,8.69,217900,12.86,9.02,8.05,127640100,1101210000.0,18.06,12.6,61.41,61.52,9.24,6.16,3.72
聚杰微纤,sz300819,58.28,58.3,59.0,8824000.0,58.28,9300,58.29,100,-0.03,62.0,57.32,8824000,527480000.0,6.55,8.03,78.54,86.96,69.96,46.64,0.7
新美星,sz300509,13.66,13.34,13.51,7045900.0,13.65,55800,13.66,200,2.4,14.04,13.35,7045900,96980000.0,2.85,5.17,33.75,40.49,16.01,10.67,0.96
大唐发电,sh601991,4.06,4.0,4.04,164591100.0,4.06,1794100,4.07,123500,1.5,4.14,4.03,164591100,672520000.0,1.33,2.75,503.28,751.37,4.4,3.6,0.89
兴业股份,sh603928,15.61,15.27,15.56,3510100.0,15.61,800,15.62,40200,2.23,15.75,15.48,3510100,54840000.0,1.34,1.77,40.91,40.91,16.8,13.74,0.71
德明利,sz001309,256.11,251.57,257.0,20027900.0,256.11,16700,256.18,100,1.8,266.34,254.0,20027900,5198680000.0,12.45,4.91,412.02,580.97,276.73,226.41,1.77
海辰药业,sz300584,41.47,41.56,42.1,2058000.0,41.46,13500,41.47,2700,-0.22,42.55,41.2,2058000,85590000.0,2.51,3.25,34.05,49.76,49.87,33.25,0.53
江苏国泰,sz002091,8.83,8.75,8.88,17276700.0,8.82,335300,8.83,26600,0.91,8.91,8.76,17276700,152330000.0,1.08,1.71,141.0,143.73,9.63,7.88,0.7
富吉瑞,sh688272,32.42,30.67,30.9,392457400.0,32.42,29500,32.43,4400,5.71,32.93,30.9,392457400,126260000.0,5.16,6.62,24.64,24.64,36.8,24.54,1.02
岱勒新材,sz300700,14.31,13.96,14.21,7609800.0,14.31,2100,14.33,40300,2.51,14.58,14.15,7609800,109330000.0,2.81,3.08,38.72,56.81,16.75,11.17,0.68
锦富技术,sz300128,6.97,6.74,6.89,25832800.0,6.97,14400,6.98,187900,3.41,7.08,6.89,25832800,180210000.0,1.99,2.82,90.45,90.55,8.09,5.39,0.73
川发龙蟒,sz002312,13.03,13.2,13.49,80393000.0,13.02,98800,13.03,66800,-1.29,13.58,12.97,80393000,1053640000.0,4.27,4.62,245.46,245.97,14.52,11.88,0.58
匠心家居,sz301061,83.81,83.78,84.84,1050600.0,83.8,100,83.81,7100,0.04,86.37,83.2,1050600,89200000.0,0.72,3.78,121.81,183.35,100.54,67.02,0.81
铂科新材,sz300811,85.57,84.65,86.99,10196900.0,85.55,3400,85.57,400,1.09,89.39,84.89,10196900,885340000.0,4.29,5.32,203.34,247.98,101.58,67.72,0.86
维科技术,sh600152,9.57,9.42,9.63,72053400.0,9.56,172100,9.57,67700,1.59,10.24,9.51,72053400,707620000.0,13.62,7.75,50.63,50.63,10.36,8.48,1.14
苑东生物,sh688513,55.36,54.05,55.0,186194500.0,55.26,200,55.36,500,2.42,56.42,54.07,186194500,102870000.0,1.05,4.35,97.73,97.73,64.86,43.24,0.98
八亿时空,sh688181,35.76,33.87,34.73,539588900.0,35.75,20100,35.76,2200,5.58,36.04,34.13,539588900,191950000.0,4.01,5.64,48.09,48.09,40.64,27.1,1.43
众鑫股份,sh603091,80.2,78.19,81.31,366000.0,80.17,4400,80.2,4600,2.57,81.31,78.81,366000,29210000.0,1.19,3.2,24.72,82.0,86.01,70.37,0.47
中电电机,sh603988,26.87,26.11,26.38,6208600.0,26.87,36800,26.88,27700,2.91,27.35,26.3,6208600,166980000.0,2.64,4.02,63.2,63.2,28.72,23.5,0.88
立昂微,sh605358,37.55,37.13,37.99,15272800.0,37.55,37500,37.56,28000,1.13,38.6,37.2,15272800,580070000.0,2.27,3.77,252.1,252.1,40.84,33.42,0.68
戈碧迦,bj920438,44.39,42.96,43.96,5615800.0,44.39,300,44.4,900,3.33,45.98,43.39,5615800,253128900.0,4.03,6.03,61.88,64.58,55.84,30.08,1.15
宁水集团,sh603700,13.76,13.56,13.67,2855400.0,13.73,200,13.76,2300,1.47,13.97,13.61,2855400,39430000.0,1.43,2.65,27.51,27.51,14.92,12.2,0.7
*ST生物,sz000504,8.81,8.7,8.75,1461400.0,8.81,2100,8.82,3200,1.26,8.85,8.73,1461400,12830000.0,0.44,1.38,29.0,29.08,9.14,8.27,0.54
凌云光,sh688400,42.67,42.9,43.88,1225812100.0,42.67,26900,42.69,500,-0.54,44.59,42.4,1225812100,534440000.0,2.66,5.1,196.7,196.7,51.48,34.32,0.93
微芯生物,sh688321,29.74,29.27,29.7,842393300.0,29.74,0,29.75,13500,1.61,30.36,29.04,842393300,250140000.0,2.07,4.51,121.28,131.73,35.12,23.42,0.72
依米康,sz300249,18.7,18.62,19.19,75640600.0,18.7,199200,18.71,41300,0.43,20.21,18.6,75640600,1452370000.0,20.26,8.65,69.83,82.37,22.34,14.9,0.93
孚能科技,sh688567,13.52,13.41,13.69,1050938600.0,13.52,11000,13.53,21900,0.82,13.74,13.42,1050938600,142710000.0,0.86,2.39,165.23,165.23,16.09,10.73,0.77
江瀚新材,sh603281,31.74,31.73,32.09,1612500.0,31.73,2600,31.74,8600,0.03,32.33,31.66,1612500,51450000.0,0.43,2.11,118.5,118.5,34.9,28.56,0.51
海德股份,sz000567,5.49,5.45,5.52,13296300.0,5.48,119700,5.49,75200,0.73,5.53,5.44,13296300,72880000.0,0.68,1.65,107.05,107.31,6.0,4.91,0.73
圣泉集团,sh605589,34.69,34.59,35.6,21552700.0,34.68,47000,34.69,12900,0.29,35.8,34.39,21552700,756530000.0,2.55,4.08,292.64,293.61,38.05,31.13,0.7
华兰股份,sz301093,78.78,76.24,78.7,3397300.0,78.75,2500,78.78,1100,3.33,80.14,77.11,3397300,268250000.0,2.16,3.97,123.63,129.36,91.49,60.99,0.76
云铝股份,sz000807,35.46,34.24,35.0,103504400.0,35.45,4900,35.46,9300,3.56,36.11,34.51,103504400,3659370000.0,2.98,4.67,1229.72,1229.74,37.66,30.82,1.12
锡装股份,sz001332,56.96,52.81,54.54,3209500.0,56.75,600,56.96,300,7.86,57.8,54.0,3209500,179530000.0,6.69,7.2,27.34,62.94,58.09,47.53,1.95
驰诚股份,bj920407,21.29,21.29,21.37,515200.0,21.29,4300,21.31,1100,0.0,21.57,21.21,515200,10996500.0,1.48,1.69,7.4,18.18,27.67,14.91,0.63
川能动力,sz000155,14.35,14.28,14.57,46315100.0,14.34,11600,14.35,4500,0.49,14.8,14.26,46315100,669810000.0,2.51,3.78,264.93,264.93,15.71,12.85,0.72
屹唐股份,sh688729,24.01,23.8,24.27,625503100.0,24.01,61000,24.02,6000,0.88,24.47,23.91,625503100,151360000.0,2.91,2.35,51.62,709.63,28.56,19.04,0.66
卡莱特,sz301391,78.49,76.94,79.1,1476400.0,78.31,400,78.49,300,2.01,80.49,77.5,1476400,116650000.0,1.59,3.89,72.87,74.58,92.33,61.55,0.74
海阳科技,sh603382,28.8,28.74,29.15,667800.0,28.8,800,28.84,1800,0.21,29.2,28.75,667800,19330000.0,1.84,1.57,10.44,52.2,31.61,25.87,0.76
弘宇股份,sz002890,15.49,15.4,15.59,3226800.0,15.46,600,15.49,2000,0.58,15.85,15.33,3226800,50010000.0,2.0,3.38,25.01,26.31,16.94,13.86,0.99
恒邦股份,sz002237,17.9,18.3,18.53,47492700.0,17.9,24400,17.91,9700,-2.19,18.55,17.68,47492700,853260000.0,3.98,4.75,213.43,255.96,20.13,16.47,0.57
得利斯,sz002330,4.96,4.91,5.0,11737200.0,4.95,222400,4.96,14100,1.02,5.06,4.91,11737200,58410000.0,1.85,3.05,31.5,31.51,5.4,4.42,0.85
白银有色,sh601212,10.04,10.14,10.34,172564200.0,10.03,514400,10.04,241400,-0.99,10.4,9.92,172564200,1741380000.0,2.33,4.73,743.44,743.44,11.15,9.13,0.53
德龙汇能,sz000593,14.68,15.2,14.7,30118000.0,14.68,110000,14.69,94600,-3.42,15.07,14.19,30118000,440390000.0,8.4,5.79,52.63,52.65,16.72,13.68,0.65
迈普医学,sz301033,68.0,67.65,68.95,755500.0,67.92,600,68.0,5200,0.52,69.69,67.51,755500,51880000.0,1.34,3.22,38.4,45.59,81.18,54.12,0.79
佳力图,sh603912,9.62,9.58,9.76,35483500.0,9.61,144000,9.62,3000,0.42,9.85,9.53,35483500,343660000.0,6.55,3.34,52.13,52.13,10.54,8.62,0.69
再升科技,sh603601,11.66,11.5,11.85,98043900.0,11.66,86400,11.67,294900,1.39,11.87,11.45,98043900,1142800000.0,8.58,3.65,133.2,133.2,12.65,10.35,0.49
楚江新材,sz002171,12.97,12.85,13.1,43766000.0,12.96,88600,12.97,132200,0.93,13.27,12.85,43766000,573060000.0,2.71,3.27,209.3,210.5,14.14,11.57,0.71
三维化学,sz002469,9.33,9.09,9.18,24939500.0,9.33,69700,9.34,157800,2.64,9.33,9.1,24939500,230680000.0,3.97,2.53,58.68,60.54,10.0,8.18,1.12
*ST新潮,sh600777,4.8,4.82,4.82,93687300.0,4.79,63500,4.8,549200,-0.41,4.95,4.58,93687300,443550000.0,1.47,7.68,305.58,326.42,5.06,4.58,2.47
大富科技,sz300134,11.21,10.89,11.09,10907400.0,11.21,20000,11.22,13100,2.94,11.37,10.92,10907400,122720000.0,1.53,4.13,79.86,86.04,13.07,8.71,0.9
德艺文创,sz300640,7.29,7.2,7.32,9085900.0,7.28,41800,7.29,17700,1.25,7.45,7.26,9085900,66870000.0,4.12,2.64,16.09,22.67,8.64,5.76,0.71
芯源微,sh688037,206.52,203.87,209.0,354119800.0,206.5,1400,206.52,600,1.3,211.96,204.0,354119800,736630000.0,1.76,3.9,416.4,416.4,244.64,163.1,0.73
威领股份,sz002667,24.26,24.65,24.68,23409400.0,24.25,2400,24.26,10500,-1.58,24.8,23.59,23409400,564710000.0,9.89,4.91,57.4,63.22,27.12,22.19,0.87
沧州大化,sh600230,23.53,24.18,24.73,23460100.0,23.52,76800,23.53,6900,-2.69,24.76,23.06,23460100,550900000.0,5.67,7.03,97.41,97.41,26.6,21.76,0.65
嘉曼服饰,sz301276,25.14,24.99,25.27,1185500.0,25.14,200,25.15,4800,0.6,25.61,24.91,1185500,29790000.0,2.57,2.8,11.58,32.58,29.99,19.99,0.53
旗滨集团,sh601636,6.76,6.81,6.9,55653900.0,6.75,136700,6.76,44200,-0.73,6.94,6.7,55653900,377140000.0,1.88,3.52,200.0,200.0,7.49,6.13,0.85
兴蓉环境,sz000598,6.91,6.87,6.93,35836500.0,6.9,175100,6.91,155700,0.58,6.97,6.88,35836500,248110000.0,1.2,1.31,205.86,206.2,7.56,6.18,0.82
药易购,sz300937,31.43,30.99,31.29,1975800.0,31.43,1600,31.44,3200,1.42,31.98,31.24,1975800,62270000.0,3.05,2.39,20.39,30.07,37.19,24.79,0.81
建霖家居,sh603408,12.3,12.28,12.44,2311400.0,12.28,27700,12.3,4300,0.16,12.5,12.21,2311400,28540000.0,0.52,2.36,55.05,55.05,13.51,11.05,0.61
威唐工业,sz300707,16.91,16.79,17.1,7272200.0,16.91,8600,16.92,34500,0.71,17.28,16.83,7272200,124090000.0,5.08,2.68,24.23,29.85,20.15,13.43,0.69
ST联创,sz300343,6.46,6.38,6.52,15369100.0,6.45,79300,6.46,19800,1.25,6.57,6.42,15369100,99760000.0,1.44,2.35,68.88,69.06,7.66,5.1,0.57
清溢光电,sh688138,29.1,27.8,28.4,685358900.0,29.09,3200,29.1,27200,4.68,30.27,28.33,685358900,200750000.0,2.18,6.98,91.61,91.61,33.36,22.24,0.99
厦门空港,sh600897,16.33,16.38,16.6,3399900.0,16.32,7400,16.33,6100,-0.31,16.66,16.29,3399900,55780000.0,0.82,2.26,68.09,68.09,18.02,14.74,0.63
亚星化学,sh600319,8.05,8.06,8.2,3787400.0,8.03,11000,8.05,9100,-0.12,8.26,7.98,3787400,30590000.0,0.98,3.47,31.21,31.21,8.87,7.25,0.57
ST天瑞,sz300165,5.54,5.51,5.61,10316300.0,5.54,35900,5.55,6000,0.54,5.7,5.52,10316300,57880000.0,2.45,3.27,23.3,27.45,6.61,4.41,0.66
固德威,sh688390,94.06,97.69,98.0,1067683700.0,94.03,900,94.06,1900,-3.72,99.93,93.46,1067683700,1018930000.0,4.39,6.62,228.56,228.56,117.23,78.15,0.67
久日新材,sh688199,27.31,27.06,27.52,390797700.0,27.3,500,27.31,300,0.92,27.93,27.08,390797700,107730000.0,2.42,3.14,44.03,44.03,32.47,21.65,0.5
扬帆新材,sz300637,12.12,11.86,12.1,8288400.0,12.11,14800,12.12,4400,2.19,12.38,12.03,8288400,101230000.0,3.53,2.95,28.42,28.45,14.23,9.49,0.68
华泰证券,sh601688,20.34,20.34,20.58,47588500.0,20.34,32200,20.35,8200,0.0,20.67,20.27,47588500,971010000.0,0.65,1.97,1486.19,1836.06,22.37,18.31,0.59
华兴源创,sh688001,34.55,30.11,30.65,1277209300.0,34.55,600,34.57,2200,14.75,34.99,30.65,1277209300,426010000.0,2.87,14.41,153.57,153.57,36.13,24.09,2.48
内蒙华电,sh600863,5.29,5.25,5.27,81108500.0,5.28,128900,5.29,1220200,0.76,5.29,5.22,81108500,426570000.0,1.24,1.33,345.27,414.48,5.78,4.73,0.9
海象新材,sz003011,25.85,25.42,26.45,4649700.0,25.85,6100,25.86,1800,1.69,26.89,25.6,4649700,121840000.0,5.95,5.07,20.19,26.54,27.96,22.88,1.16
高测股份,sh688556,15.85,15.92,16.37,4393374900.0,15.85,92500,15.86,43200,-0.44,16.5,15.68,4393374900,705320000.0,5.29,5.15,131.68,131.68,19.1,12.74,0.62
瑞晟智能,sh688215,67.46,66.99,68.25,84433700.0,67.33,1500,67.46,5300,0.7,69.52,66.89,84433700,57450000.0,1.35,3.93,42.11,42.11,80.39,53.59,0.74
乐通股份,sz002319,13.89,13.85,14.2,5430300.0,13.87,5300,13.89,18500,0.29,14.2,13.73,5430300,75480000.0,2.72,3.39,27.78,29.1,15.24,12.47,0.75
开勒股份,sz301070,60.5,60.6,61.59,1339400.0,60.5,1000,60.55,1300,-0.17,61.59,59.37,1339400,80650000.0,2.26,3.66,35.91,54.59,72.72,48.48,0.57
回天新材,sz300041,11.9,11.72,11.98,14986900.0,11.9,13600,11.91,21400,1.54,12.06,11.83,14986900,179340000.0,2.75,1.96,64.75,66.57,14.06,9.38,0.78
银轮股份,sz002126,51.28,47.91,48.9,33908500.0,51.28,87000,51.3,3600,7.03,52.38,47.53,33908500,1699450000.0,4.28,10.12,406.69,433.68,52.7,43.12,1.15
国投智能,sz300188,13.53,13.38,13.62,14749600.0,13.53,102900,13.54,29200,1.12,13.75,13.48,14749600,200730000.0,1.72,2.02,115.75,116.29,16.06,10.7,0.62
光华科技,sz002741,21.15,20.95,21.35,11366800.0,21.14,3600,21.15,17800,0.95,21.58,20.89,11366800,240870000.0,2.67,3.29,90.17,98.35,23.05,18.86,0.54
中国海油,sh600938,41.6,42.85,42.0,168716900.0,41.6,350400,41.61,3600,-2.92,42.85,40.56,168716900,7047610000.0,5.64,5.34,1243.84,19772.46,47.14,38.57,1.09
零点有数,sz301169,54.37,52.15,53.0,1188800.0,54.36,2100,54.37,100,4.26,54.88,52.4,1188800,64190000.0,1.65,4.76,39.16,39.17,62.58,41.72,1.01
海南矿业,sh601969,12.93,13.44,13.11,64801700.0,12.93,15600,12.94,28500,-3.79,13.4,12.78,64801700,842640000.0,3.27,4.61,255.86,258.37,14.78,12.1,0.83
保变电气,sh600550,19.03,17.4,17.72,273708000.0,19.02,966500,19.03,170600,9.37,19.14,17.46,273708000,5096000000.0,14.86,9.66,350.44,350.44,19.14,15.66,1.76
*ST观典,sh688287,4.31,4.36,4.49,465872500.0,4.31,600,4.32,3000,-1.15,4.49,4.28,465872500,20210000.0,1.26,4.82,15.97,15.97,5.23,3.49,0.79
宝钢包装,sh601968,5.75,5.67,5.71,8726400.0,5.75,18100,5.76,28700,1.41,5.8,5.7,8726400,50200000.0,0.68,1.76,73.36,73.36,6.24,5.1,0.73
德瑞锂电,bj920523,25.22,24.99,25.01,729100.0,25.2,4600,25.22,2300,0.92,25.33,25.01,729100,18380400.0,0.91,1.28,20.29,25.55,32.48,17.5,0.38
野马电池,sh605378,20.3,19.9,20.1,1775100.0,20.29,6600,20.3,19200,2.01,20.42,20.1,1775100,36000000.0,0.68,1.61,53.05,53.05,21.89,17.91,0.73
华锐精密,sh688059,126.1,116.3,118.8,325074900.0,126.07,1300,126.1,4900,8.43,126.27,118.8,325074900,399400000.0,3.47,6.42,118.0,126.08,139.56,93.04,0.83
拓荆科技,sh688072,384.69,380.0,388.0,683894400.0,384.69,700,385.0,500,1.23,406.58,381.0,683894400,2696010000.0,2.42,6.73,1086.15,1086.15,456.0,304.0,0.92
神火股份,sz000933,36.28,35.42,36.2,75124500.0,36.27,8200,36.28,7200,2.43,37.15,35.6,75124500,2727690000.0,3.34,4.38,815.4,815.94,38.96,31.88,1.55
三超新材,sz300554,25.92,23.58,24.0,10667500.0,25.92,500,25.93,1400,9.92,26.92,24.0,10667500,276230000.0,13.48,12.38,20.51,29.6,28.3,18.86,2.38
ST萃华,sz002731,7.72,7.85,8.01,24475700.0,7.71,75600,7.72,6500,-1.66,8.07,7.64,24475700,191990000.0,10.66,5.48,17.73,19.78,8.24,7.46,0.81
时空科技,sh605178,67.83,67.92,67.99,2907700.0,67.82,400,67.83,6300,-0.13,69.49,67.5,2907700,198410000.0,2.93,2.93,67.21,67.21,74.71,61.13,0.48
恒瑞医药,sh600276,53.72,52.98,53.41,48486000.0,53.71,1000,53.72,400,1.4,54.84,53.1,48486000,2609660000.0,0.76,3.28,3426.8,3565.5,58.28,47.68,0.9
万盛股份,sh603010,11.66,11.63,11.82,8222300.0,11.65,5300,11.66,11800,0.26,11.92,11.56,8222300,96210000.0,1.39,3.1,68.74,68.74,12.79,10.47,0.66
新瀚新材,sz301076,40.1,39.89,40.64,2393700.0,40.1,2200,40.12,6000,0.53,41.0,39.8,2393700,96570000.0,2.18,3.01,44.03,70.13,47.87,31.91,0.66
麒盛科技,sh603610,18.85,18.61,18.68,4312000.0,18.83,7300,18.85,18500,1.29,19.18,18.68,4312000,81660000.0,1.22,2.69,66.54,66.54,20.47,16.75,0.71
百洋医药,sz301015,21.78,21.61,21.89,2298200.0,21.77,500,21.78,1900,0.79,22.0,21.68,2298200,50180000.0,0.44,1.48,114.47,114.48,25.93,17.29,0.46
柘中股份,sz002346,20.91,20.71,20.95,5606800.0,20.91,38700,20.92,5800,0.97,21.3,20.76,5606800,118120000.0,1.43,2.61,82.24,92.33,22.78,18.64,0.58
金晶科技,sh600586,6.29,6.19,6.29,59670000.0,6.29,804400,6.3,86600,1.62,6.4,6.25,59670000,376660000.0,4.21,2.42,89.15,89.15,6.81,5.57,0.83
濮耐股份,sz002225,6.37,6.23,6.37,27603200.0,6.37,15300,6.38,131900,2.25,6.54,6.3,27603200,176710000.0,2.83,3.85,62.06,73.84,6.85,5.61,0.71
中石科技,sz300684,53.95,53.84,54.83,10488200.0,53.94,300,53.95,300,0.2,56.19,53.32,10488200,575180000.0,5.13,5.33,110.22,161.59,64.61,43.07,0.76
格林美,sz002340,9.15,9.19,9.35,206973300.0,9.14,1078700,9.15,287100,-0.44,9.39,9.07,206973300,1905430000.0,4.08,3.48,464.42,466.96,10.11,8.27,0.64
合盛硅业,sh603260,48.03,48.2,49.0,7906400.0,48.03,46600,48.04,700,-0.35,49.2,47.87,7906400,382310000.0,0.67,2.76,567.81,567.81,53.02,43.38,0.77
生益科技,sh600183,65.98,65.87,67.35,50686200.0,65.98,36600,65.99,17700,0.17,69.23,65.18,50686200,3402220000.0,2.12,6.15,1579.89,1602.73,72.46,59.28,0.93
华能国际,sh600011,7.48,7.39,7.39,120146200.0,7.47,586900,7.48,23800,1.22,7.54,7.38,120146200,897280000.0,1.09,2.17,822.63,1174.22,8.13,6.65,0.74
超颖电子,sh603175,78.99,79.64,82.03,9528300.0,78.99,900,79.0,60600,-0.82,82.9,77.82,9528300,759030000.0,21.66,6.38,34.76,345.21,87.6,71.68,1.68
新疆众和,sh600888,9.08,9.17,9.29,61264900.0,9.08,4400,9.09,91600,-0.98,9.38,9.03,61264900,561990000.0,4.11,3.82,135.3,135.3,10.09,8.25,1.22
锦浪科技,sz300763,90.35,93.94,96.35,21683100.0,90.35,1000,90.36,3900,-3.82,96.53,89.58,21683100,1978910000.0,6.74,7.4,290.56,359.65,112.73,75.15,0.8
粤桂股份,sz000833,23.93,24.43,24.5,53418800.0,23.93,107700,23.94,1700,-2.05,24.63,23.35,53418800,1273880000.0,11.77,5.24,108.57,191.94,26.87,21.99,0.86
炬光科技,sh688167,318.0,332.33,338.97,703601100.0,317.99,300,318.0,2200,-4.31,338.97,312.25,703601100,2250280000.0,7.83,8.04,285.75,285.75,398.8,265.86,0.91
宏裕包材,bj920274,24.25,24.55,24.6,1205400.0,24.25,46400,24.26,4300,-1.22,24.99,24.18,1205400,29626200.0,1.48,3.3,19.72,19.72,31.91,17.19,1.05
天元股份,sz003003,13.6,13.38,13.62,4005300.0,13.55,900,13.6,300,1.64,13.77,13.44,4005300,54560000.0,3.4,2.47,16.02,24.03,14.72,12.04,0.7
苏盐井神,sh603299,11.88,12.09,12.18,15796900.0,11.87,39300,11.88,35500,-1.74,12.18,11.74,15796900,187300000.0,2.03,3.64,92.41,113.46,13.3,10.88,0.83
中国太保,sh601601,39.34,38.85,39.16,36693400.0,39.34,200,39.35,11300,1.26,39.76,39.1,36693400,1447780000.0,0.54,1.7,2692.84,3784.64,42.74,34.97,0.76
斯菱智驱,sz301550,146.73,146.94,151.0,4007500.0,146.73,4100,146.75,1600,-0.14,152.66,144.12,4007500,588770000.0,2.84,5.81,207.01,339.35,176.33,117.55,0.9
绿盟科技,sz300369,8.75,8.69,8.9,38219300.0,8.75,111200,8.76,55600,0.69,8.96,8.73,38219300,337500000.0,4.73,2.65,70.7,70.93,10.43,6.95,0.57
金春股份,sz300877,32.03,32.59,33.0,7060800.0,32.03,38500,32.1,1700,-1.72,35.29,32.0,7060800,236770000.0,5.88,10.1,38.44,38.44,39.11,26.07,1.61
汇金通,sh603577,11.93,11.81,12.0,32714100.0,11.93,16600,11.94,16700,1.02,12.15,11.79,32714100,390560000.0,9.65,3.05,40.46,40.46,12.99,10.63,2.08
宜安科技,sz300328,18.22,17.99,18.38,29199000.0,18.22,71900,18.23,2900,1.28,18.77,18.02,29199000,536640000.0,4.25,4.17,125.06,125.8,21.59,14.39,0.54
新安股份,sh600596,12.91,12.65,12.92,25245500.0,12.91,4500,12.92,300,2.06,13.1,12.72,25245500,326320000.0,1.87,3.0,174.23,174.23,13.92,11.39,0.76
生益电子,sh688183,81.0,80.34,82.05,1053356300.0,81.0,35700,81.01,4000,0.82,83.5,80.21,1053356300,862060000.0,1.27,4.1,673.78,673.78,96.41,64.27,0.6
鲁银投资,sh600784,7.3,7.23,7.27,10393400.0,7.29,105500,7.3,49900,0.97,7.36,7.21,10393400,75610000.0,1.54,2.07,49.32,49.32,7.95,6.51,0.93
爱柯迪,sh600933,17.07,16.93,17.2,7527500.0,17.06,15100,17.07,2400,0.83,17.28,16.97,7527500,128820000.0,0.77,1.83,166.84,175.84,18.62,15.24,0.56
冰川网络,sz300533,30.81,30.52,31.1,5550100.0,30.8,1200,30.81,200,0.95,31.3,30.58,5550100,171410000.0,3.36,2.36,50.83,72.24,36.62,24.42,0.75
广东宏大,sz002683,47.03,46.37,46.72,11521800.0,47.02,17600,47.03,3500,1.42,47.98,46.72,11521800,545950000.0,1.73,2.72,312.58,357.43,51.01,41.73,0.73
南网储能,sh600995,15.23,14.67,14.88,48356500.0,15.22,70400,15.23,71400,3.82,15.5,14.88,48356500,738880000.0,1.51,4.23,486.75,486.75,16.14,13.2,1.36
昊华科技,sh600378,37.09,37.67,38.33,11847100.0,37.09,3200,37.1,3700,-1.54,38.33,36.97,11847100,442500000.0,1.1,3.61,397.81,478.46,41.44,33.9,1.15
科大国创,sz300520,44.53,41.2,42.8,48346900.0,44.53,72300,44.54,2000,8.08,46.36,42.0,48346900,2151510000.0,17.39,10.58,123.8,130.04,49.44,32.96,1.78
蓝科高新,sh601798,10.07,9.68,9.77,19554700.0,10.07,115100,10.08,103700,4.03,10.14,9.7,19554700,194540000.0,5.52,4.55,35.7,35.7,10.65,8.71,1.23
芭田股份,sz002170,14.06,14.21,14.39,46256900.0,14.05,54000,14.06,61100,-1.06,14.48,13.93,46256900,653870000.0,5.9,3.87,110.31,136.05,15.63,12.79,0.74
力王股份,bj920627,21.99,21.59,22.3,1042000.0,21.99,22400,22.0,5400,1.85,22.34,21.63,1042000,22856700.0,2.23,3.29,10.29,20.77,28.06,15.12,0.64
中国石油,sh601857,12.69,13.24,12.65,706713600.0,12.69,199100,12.7,791000,-4.15,13.18,12.28,706713600,8952630000.0,0.44,6.8,20547.91,23225.36,14.56,11.92,1.12
先惠技术,sh688155,86.53,85.85,87.59,167655500.0,86.53,1700,86.54,200,0.79,87.98,85.5,167655500,145250000.0,1.33,2.89,109.41,109.41,103.02,68.68,0.59
明泰铝业,sh601677,17.29,17.09,17.38,49286000.0,17.29,6500,17.3,82900,1.17,17.52,17.17,49286000,853390000.0,4.05,2.05,210.59,215.01,18.8,15.38,1.19
海峡环保,sh603817,7.04,6.88,6.93,13079800.0,7.04,68800,7.05,66000,2.33,7.09,6.93,13079800,91870000.0,2.29,2.33,40.13,40.13,7.57,6.19,0.92
英方软件,sh688435,48.9,49.38,50.29,189103700.0,48.9,11600,48.99,3400,-0.97,50.98,48.48,189103700,93220000.0,3.37,5.06,27.41,40.83,59.26,39.5,0.48
三生国健,sh688336,55.62,55.92,56.9,276896000.0,55.62,6500,55.63,700,-0.54,57.0,55.51,276896000,155530000.0,0.45,2.66,343.06,343.78,67.1,44.74,0.56
科达制造,sh600499,16.89,16.49,16.71,23919900.0,16.88,2100,16.89,5300,2.43,16.97,16.62,23919900,401700000.0,1.25,2.12,323.93,323.93,18.14,14.84,0.75
川润股份,sz002272,21.01,21.07,22.38,186328700.0,21.01,362600,21.02,7100,-0.28,22.6,20.37,186328700,3943750000.0,48.21,10.58,81.2,101.87,23.18,18.96,1.43
中国人保,sh601319,8.43,8.42,8.47,56878300.0,8.43,181900,8.44,14300,0.12,8.54,8.4,56878300,481600000.0,0.16,1.66,2992.46,3728.08,9.26,7.58,0.64
新开源,sz300109,18.85,19.55,20.0,19676600.0,18.85,4400,18.87,17900,-3.58,20.08,18.8,19676600,381160000.0,4.37,6.55,84.83,91.62,23.46,15.64,1.36
邦基科技,sh603151,17.88,17.9,18.02,1393200.0,17.88,300,17.89,3300,-0.11,18.18,17.77,1393200,25000000.0,0.81,2.29,30.57,30.57,19.69,16.11,0.55
科达利,sz002850,157.01,157.5,160.29,3438400.0,157.01,700,157.05,200,-0.31,160.7,155.3,3438400,541990000.0,1.73,3.43,311.31,431.69,173.25,141.75,0.74
立中集团,sz300428,23.99,23.96,24.49,17246000.0,23.99,25900,24.0,39600,0.13,24.78,23.8,17246000,418510000.0,2.89,4.09,143.16,164.47,28.75,19.17,0.57
科恒股份,sz300340,11.64,11.51,11.86,5041100.0,11.64,29200,11.65,111100,1.13,11.93,11.63,5041100,59160000.0,1.84,2.61,31.83,32.07,13.81,9.21,0.75
金禾实业,sz002597,25.71,25.5,25.99,9763000.0,25.71,12100,25.72,21400,0.82,26.5,25.46,9763000,251350000.0,1.72,4.08,145.73,146.12,28.05,22.95,0.49
建发合诚,sh603909,11.18,11.21,11.3,2227400.0,11.17,2000,11.18,37500,-0.27,11.42,11.1,2227400,25090000.0,0.85,2.85,29.14,29.14,12.33,10.09,0.56
ST中装,sz002822,3.38,3.39,3.45,7813000.0,3.37,294300,3.38,23400,-0.29,3.45,3.37,7813000,26590000.0,0.73,2.36,36.19,65.94,3.56,3.22,0.59
汉邦高科,sz300449,8.72,8.43,8.63,31942200.0,8.72,224000,8.73,30300,3.44,8.72,8.45,31942200,275270000.0,8.27,3.2,33.66,33.66,10.12,6.74,0.9
海油工程,sh600583,7.7,8.17,7.77,269317300.0,7.69,474600,7.7,275700,-5.75,8.05,7.47,269317300,2069890000.0,6.09,7.1,340.44,340.44,8.99,7.35,1.1
凯尔达,sh688255,30.56,30.34,30.73,137904200.0,30.56,15900,30.59,1300,0.73,31.19,30.44,137904200,42520000.0,1.26,2.47,33.57,33.57,36.41,24.27,0.48
泛亚微透,sh688386,88.18,87.17,88.88,148154100.0,88.18,200,88.64,4400,1.16,90.9,88.0,148154100,132260000.0,1.63,3.33,80.24,87.84,104.6,69.74,0.88
凯莱英,sz002821,97.39,97.2,97.59,3318700.0,97.39,4100,97.4,500,0.2,99.2,96.02,3318700,323940000.0,1.05,3.27,308.73,351.46,106.92,87.48,0.73
高争民爆,sz002827,35.82,35.37,35.96,3490100.0,35.82,7500,35.85,500,1.27,36.49,35.7,3490100,125870000.0,1.26,2.23,98.86,99.24,38.91,31.83,1.08
海顺新材,sz300501,15.15,14.84,15.1,2375000.0,15.12,300,15.15,5400,2.09,15.28,14.98,2375000,35970000.0,2.36,2.02,15.26,29.32,17.81,11.87,0.67
ST中青宝,sz300052,13.85,13.69,13.95,4947900.0,13.85,800,13.86,4800,1.17,14.02,13.72,4947900,68730000.0,1.89,2.19,36.27,36.27,16.43,10.95,0.66
皖通高速,sh600012,14.41,14.45,14.38,5600100.0,14.38,1300,14.41,59000,-0.28,14.46,14.19,5600100,80390000.0,0.48,1.87,167.96,246.21,15.9,13.01,0.78
力佳科技,bj920237,22.59,22.46,22.74,702300.0,22.54,500,22.59,1100,0.58,22.9,22.51,702300,15914400.0,0.83,1.74,19.14,19.52,29.19,15.73,0.59
科华控股,sh603161,15.64,15.53,15.84,2933100.0,15.63,9100,15.64,3100,0.71,16.04,15.52,2933100,46190000.0,1.54,3.35,29.83,30.41,17.08,13.98,0.58
渝农商行,sh601077,6.77,6.75,6.71,54411300.0,6.76,24200,6.77,839200,0.3,6.79,6.65,54411300,366770000.0,0.62,2.07,598.35,768.87,7.43,6.08,0.74
迈得医疗,sh688310,16.71,16.39,16.49,229123400.0,16.71,700,16.72,1500,1.95,16.94,16.48,229123400,38320000.0,1.38,2.81,27.78,27.78,19.67,13.11,0.7
颀中科技,sh688352,14.0,13.65,13.97,1451984600.0,13.97,51400,14.0,200,2.56,14.28,13.91,1451984600,204670000.0,3.97,2.71,51.22,166.47,16.38,10.92,0.81
中岩大地,sz003001,18.66,18.41,18.63,1292400.0,18.64,500,18.66,3600,1.36,18.78,18.57,1292400,24150000.0,1.22,1.14,19.72,32.53,20.25,16.57,0.56
冠石科技,sh605588,55.19,53.3,54.57,1813100.0,55.17,100,55.19,1800,3.55,55.99,54.45,1813100,100120000.0,2.48,2.89,40.34,40.44,58.63,47.97,0.98
宏昌电子,sh603002,10.64,10.69,10.98,48122700.0,10.63,22500,10.64,27700,-0.47,11.1,10.52,48122700,518630000.0,4.24,5.43,120.67,120.67,11.76,9.62,0.62
聚辰股份,sh688123,129.65,128.51,132.5,712102000.0,129.65,900,129.7,200,0.89,134.99,128.51,712102000,935170000.0,4.5,5.04,205.2,205.2,154.21,102.81,1.01
复洁科技,sh688335,36.41,35.79,36.3,221393300.0,36.41,900,36.42,400,1.73,36.95,35.7,221393300,80540000.0,1.5,3.49,53.9,53.9,42.95,28.63,0.55
尤安设计,sz300983,27.88,27.34,27.71,584500.0,27.88,5300,27.89,700,1.98,28.12,27.67,584500,16300000.0,0.49,1.65,32.98,48.18,32.81,21.87,0.56
金徽股份,sh603132,17.95,18.44,18.65,14751900.0,17.95,6400,17.96,2000,-2.66,18.66,17.76,14751900,267380000.0,1.51,4.88,175.55,175.55,20.28,16.6,0.72
杭叉集团,sh603298,27.5,27.14,27.66,6504900.0,27.45,2000,27.5,1500,1.33,27.89,27.19,6504900,179390000.0,0.5,2.58,360.2,360.2,29.85,24.43,0.64
江特电机,sz002176,9.99,9.88,10.12,57716000.0,9.98,47800,9.99,266000,1.11,10.17,9.91,57716000,578620000.0,3.38,2.63,170.43,170.46,10.87,8.89,0.41
西部材料,sz002149,49.03,47.27,48.16,68504400.0,49.03,340200,49.04,31600,3.72,49.9,46.2,68504400,3310950000.0,14.03,7.83,239.33,239.37,52.0,42.54,0.82
永贵电器,sz300351,19.8,19.71,20.12,27470600.0,19.79,38500,19.8,6000,0.46,20.29,19.62,27470600,546800000.0,10.43,3.4,52.16,77.0,23.65,15.77,1.1
维峰电子,sz301328,50.6,51.0,51.01,1554600.0,50.6,100,50.7,100,-0.78,52.3,50.35,1554600,79840000.0,3.08,3.82,25.56,55.61,61.2,40.8,0.75
*ST立航,sh603261,29.0,28.39,28.39,579400.0,28.98,23100,29.0,300,2.15,29.0,28.39,579400,16670000.0,0.75,2.15,22.48,22.48,29.81,26.97,0.88
信宇人,sh688573,20.99,20.36,20.7,191765200.0,20.95,5000,20.99,4000,3.09,21.2,20.7,191765200,40230000.0,3.6,2.46,11.17,20.52,24.43,16.29,0.73
东芯股份,sh688110,135.59,124.15,132.98,2609059800.0,135.58,33900,135.59,3700,9.21,138.83,129.0,2609059800,3499400000.0,5.9,7.92,599.65,599.65,148.98,99.32,1.45
翔楼新材,sz301160,63.12,64.19,64.95,2389100.0,63.1,5200,63.12,3900,-1.67,65.43,62.88,2389100,153390000.0,3.23,3.97,46.66,71.68,77.03,51.35,0.86
远航精密,bj920914,26.77,26.29,26.7,1583100.0,26.77,11300,26.78,1700,1.83,27.17,26.46,1583100,42402900.0,1.59,2.7,26.64,26.66,34.17,18.41,0.83
埃科光电,sh688610,75.61,74.15,75.5,188785700.0,75.6,500,75.61,200,1.97,78.88,74.8,188785700,144320000.0,4.61,5.5,30.95,51.41,88.98,59.32,1.06
开山股份,sz300257,24.62,24.32,24.4,13864600.0,24.59,4600,24.62,7900,1.23,24.83,24.05,13864600,340340000.0,1.45,3.21,235.04,244.63,29.18,19.46,0.65
聚和材料,sh688503,90.2,90.08,93.0,1005600600.0,90.2,12400,90.23,200,0.13,93.68,89.5,1005600600,916810000.0,5.0,4.64,181.23,218.31,108.1,72.06,0.66
阿莱德,sz301419,35.15,34.8,35.63,2162200.0,35.15,2100,35.17,400,1.01,36.28,34.95,2162200,77280000.0,2.73,3.82,27.88,42.18,41.76,27.84,0.73
欧普照明,sh603515,18.78,17.91,18.1,4419300.0,18.78,11100,18.79,1400,4.86,18.98,18.01,4419300,82250000.0,0.6,5.42,138.27,139.57,19.7,16.12,2.78
康力电梯,sz002367,7.99,7.8,7.91,7333800.0,7.98,40200,7.99,7000,2.44,8.05,7.88,7333800,58530000.0,0.92,2.18,63.49,63.74,8.58,7.02,0.84
甘肃能源,sz000791,8.12,8.0,8.2,57476900.0,8.12,126900,8.13,99800,1.5,8.32,8.07,57476900,468620000.0,2.97,3.13,157.17,263.4,8.8,7.2,0.53
汉钟精机,sz002158,24.91,25.09,25.56,7471200.0,24.91,33900,24.92,8700,-0.72,25.7,24.76,7471200,187660000.0,1.4,3.75,132.92,133.2,27.6,22.58,0.94
石英股份,sh603688,53.04,48.22,50.66,11599300.0,53.04,2368400,0.0,0,10.0,53.04,50.66,11599300,610770000.0,2.14,4.94,287.31,287.31,53.04,43.4,0.41
立讯精密,sz002475,47.0,46.28,47.0,100873300.0,47.0,247900,47.01,13100,1.56,47.76,46.88,100873300,4765360000.0,1.39,1.9,3416.56,3424.41,50.91,41.65,0.82
龙洲股份,sz002682,6.68,7.08,7.08,108236100.0,6.68,203500,6.69,95600,-5.65,7.3,6.6,108236100,738140000.0,19.25,9.89,37.57,37.57,7.79,6.37,1.52
常铝股份,sz002160,5.91,5.88,6.01,65686900.0,5.91,184500,5.92,89500,0.51,6.08,5.88,65686900,392120000.0,6.37,3.4,60.92,61.04,6.47,5.29,1.06
安宁股份,sz002978,39.2,39.85,40.6,6422100.0,39.19,2000,39.2,600,-1.63,40.68,38.89,6422100,254160000.0,1.74,4.49,145.04,185.02,43.84,35.87,0.58
科捷智能,sh688455,25.59,24.27,24.54,617109000.0,25.55,6200,25.59,3000,5.44,26.15,24.54,617109000,157360000.0,5.27,6.63,29.95,43.0,29.12,19.42,1.85
华塑科技,sz301157,57.08,54.53,55.69,2460300.0,57.07,400,57.08,3500,4.68,57.79,55.62,2460300,139640000.0,11.91,3.98,11.79,34.25,65.44,43.62,0.97
久吾高科,sz300631,28.27,28.21,28.8,3400700.0,28.25,3200,28.27,1600,0.21,28.89,28.08,3400700,96860000.0,2.82,2.87,34.06,35.35,33.85,22.57,0.34
上海合晶,sh688584,21.74,21.24,21.62,536100500.0,21.73,1000,21.74,700,2.35,22.33,21.51,536100500,116990000.0,1.57,3.86,74.45,144.67,25.49,16.99,0.92
海安集团,sz001233,70.43,70.08,71.43,1387600.0,70.43,1900,70.55,700,0.5,72.66,70.2,1387600,98860000.0,3.92,3.51,24.92,130.98,77.09,63.07,0.72
永达股份,sz001239,15.6,15.47,15.7,2661400.0,15.6,11500,15.61,2900,0.84,15.85,15.57,2661400,41850000.0,2.33,1.81,17.78,37.44,17.02,13.92,0.81
金洲管道,sz002443,9.86,9.66,9.84,18764700.0,9.86,48000,9.87,68900,2.07,9.95,9.67,18764700,184410000.0,3.61,2.9,51.22,51.32,10.63,8.69,0.77
诺诚健华-U,sh688428,21.78,21.31,21.6,634798300.0,21.77,1200,21.78,1200,2.21,22.2,21.44,634798300,138300000.0,2.37,3.57,58.45,384.34,25.57,17.05,0.89
开特股份,bj920978,27.77,27.33,27.68,1781200.0,27.77,21800,27.78,1000,1.61,27.95,27.28,1781200,49270500.0,1.76,2.45,28.03,49.99,35.52,19.14,0.7
金宏气体,sh688106,24.5,25.26,24.63,3256778900.0,24.5,36900,24.51,19100,-3.01,26.58,24.3,3256778900,821860000.0,6.76,9.03,118.08,118.08,30.31,20.21,1.47
欣锐科技,sz300745,27.96,26.81,27.31,6327300.0,27.96,13700,27.97,1600,4.29,28.38,27.05,6327300,175000000.0,4.48,4.96,39.52,46.86,32.17,21.45,1.14
百花医药,sh600721,8.75,8.67,8.77,5826100.0,8.75,19700,8.76,44900,0.92,8.83,8.71,5826100,51010000.0,1.52,1.38,33.65,33.65,9.54,7.8,0.63
江顺科技,sz001400,114.45,116.29,119.8,1879400.0,114.37,100,114.45,2900,-1.58,122.0,112.91,1879400,219530000.0,12.53,7.82,17.17,68.67,127.92,104.66,0.69
德力佳,sh603092,66.74,66.68,67.64,1124800.0,66.74,100,66.77,200,0.09,67.86,66.0,1124800,75310000.0,3.36,2.79,22.33,266.96,73.35,60.01,0.45
三孚新科,sh688359,91.65,86.92,88.5,492143400.0,91.65,3800,91.67,300,5.44,93.25,87.0,492143400,449820000.0,5.01,7.19,90.12,90.12,104.3,69.54,1.28
福建高速,sh600033,3.74,3.74,3.75,33911400.0,3.74,100000,3.75,945400,0.0,3.77,3.72,33911400,127120000.0,1.24,1.34,102.64,102.64,4.11,3.37,0.71
斯迪克,sz300806,51.58,51.03,52.67,14381300.0,51.58,700,51.6,44500,1.08,53.13,50.85,14381300,745540000.0,4.55,4.47,163.1,233.81,61.24,40.82,0.72
晶瑞电材,sz300655,16.38,16.06,16.54,40446600.0,16.38,163900,16.39,156800,1.99,16.78,16.24,40446600,668580000.0,3.79,3.36,174.69,175.75,19.27,12.85,0.75
亚钾国际,sz000893,61.0,58.55,58.8,15397200.0,61.0,121800,61.01,900,4.18,61.11,57.79,15397200,916460000.0,1.9,5.67,495.2,563.67,64.41,52.7,1.06
有研硅,sh688432,16.21,16.06,16.75,2404974400.0,16.21,48600,16.22,1200,0.93,16.9,16.05,2404974400,393760000.0,1.92,5.29,202.67,202.67,19.27,12.85,0.69
苏博特,sh603916,11.15,11.2,11.35,9542200.0,11.15,53700,11.16,100,-0.45,11.42,11.11,9542200,106980000.0,2.27,2.77,46.87,47.53,12.32,10.08,0.72
宝丽迪,sz300905,33.01,33.44,34.15,3080100.0,33.01,600,33.02,2000,-1.29,34.44,32.7,3080100,103140000.0,2.22,5.2,45.9,59.02,40.13,26.75,0.73
西典新能,sh603312,46.0,45.55,46.13,1672000.0,46.0,400,46.01,100,0.99,47.4,45.68,1672000,77840000.0,3.28,3.78,23.42,73.6,50.11,41.0,0.88
尔康制药,sz300267,4.02,3.95,4.02,76260800.0,4.01,318300,4.02,509800,1.77,4.14,3.97,76260800,308180000.0,5.36,4.3,57.18,82.92,4.74,3.16,0.39
中恒电气,sz002364,32.82,32.2,33.21,31337700.0,32.82,59500,32.83,8600,1.93,33.8,32.45,31337700,1036940000.0,5.62,4.19,183.17,184.96,35.42,28.98,0.81
浩洋股份,sz300833,40.05,39.26,39.69,795900.0,39.98,7300,40.05,8300,2.01,40.28,39.58,795900,31760000.0,0.98,1.78,32.54,50.66,47.11,31.41,0.78
奇精机械,sh603677,16.83,16.56,16.79,1567100.0,16.82,600,16.83,200,1.63,17.1,16.76,1567100,26520000.0,0.81,2.05,32.41,32.41,18.22,14.9,0.78
多浦乐,sz301528,63.75,63.41,64.35,549700.0,63.7,500,63.75,1100,0.54,65.58,63.61,549700,35570000.0,1.73,3.11,20.3,39.46,76.09,50.73,0.61
东方电缆,sh603606,61.2,60.4,62.0,18376900.0,61.2,12700,61.21,11800,1.32,62.0,60.56,18376900,1127920000.0,2.67,2.38,420.88,420.88,66.44,54.36,1.4
圣阳股份,sz002580,13.05,12.81,12.98,8891400.0,13.04,6800,13.05,11100,1.87,13.25,12.97,8891400,116520000.0,1.97,2.19,59.03,59.23,14.09,11.53,0.8
丰山集团,sh603810,17.05,17.06,17.21,4378400.0,17.04,5800,17.05,1900,-0.06,17.48,16.77,4378400,74390000.0,2.65,4.16,28.19,28.19,18.77,15.35,1.06
亚康股份,sz301085,59.0,57.45,60.0,4555300.0,59.0,17500,59.01,200,2.7,60.28,57.79,4555300,267580000.0,7.73,4.33,34.76,51.2,68.94,45.96,0.6
德迈仕,sz301007,34.83,34.68,35.26,2490100.0,34.81,900,34.83,11500,0.43,35.56,34.58,2490100,87210000.0,1.63,2.83,53.29,53.41,41.62,27.74,0.62
方邦股份,sh688020,89.39,88.93,91.5,150726400.0,89.3,400,89.39,200,0.52,92.0,87.8,150726400,136050000.0,1.83,4.72,73.63,73.63,106.72,71.14,0.72
科士达,sz002518,56.24,55.17,56.34,12936100.0,56.23,6800,56.24,3900,1.94,58.15,55.65,12936100,735790000.0,2.29,4.53,317.83,327.44,60.69,49.65,1.08
永和股份,sh605020,29.1,28.95,29.45,8369600.0,29.1,700,29.12,11300,0.52,29.52,28.96,8369600,244150000.0,1.66,1.93,146.35,148.65,31.85,26.06,0.6
纵横股份,sh688070,61.58,64.45,64.35,473235500.0,61.57,900,61.58,1500,-4.45,64.36,60.31,473235500,291340000.0,5.4,6.28,53.93,53.93,77.34,51.56,0.99
中国瑞林,sh603257,68.84,70.38,70.4,3634500.0,68.84,3700,68.85,4000,-2.19,71.83,67.8,3634500,251240000.0,14.6,5.73,17.14,82.61,77.42,63.34,0.59
美的集团,sz000333,76.27,76.16,76.6,19687200.0,76.26,27900,76.27,600,0.14,76.99,76.12,19687200,1505980000.0,0.29,1.14,5225.45,5798.42,83.78,68.54,0.76
盛弘股份,sz300693,45.81,44.95,45.8,18133800.0,45.81,900,45.82,1100,1.91,46.71,45.3,18133800,834070000.0,6.74,3.14,123.16,143.29,53.94,35.96,0.69
新威凌,bj920634,25.41,25.38,25.67,1185700.0,25.41,2900,25.42,1200,0.12,25.88,25.35,1185700,30358000.0,2.93,2.09,10.28,16.24,32.99,17.77,0.49
英科再生,sh688087,38.88,38.03,38.0,516283200.0,38.8,1800,38.88,7300,2.24,39.68,37.52,516283200,200260000.0,2.77,5.68,72.41,75.45,45.64,30.42,0.81
沪农商行,sh601825,8.48,8.37,8.35,16770100.0,8.47,350200,8.48,37400,1.31,8.5,8.35,16770100,141640000.0,0.18,1.79,794.95,817.85,9.21,7.53,0.89
中巨芯-U,sh688549,10.09,9.76,9.96,3708614400.0,10.08,87900,10.09,9800,3.38,10.52,9.9,3708614400,377130000.0,6.29,6.35,59.46,149.06,11.71,7.81,0.93
天准科技,sh688003,63.0,65.88,67.03,734555000.0,63.0,400,63.01,3600,-4.37,68.5,62.35,734555000,472990000.0,3.78,9.34,122.42,122.42,79.06,52.7,2.18
益丰药房,sh603939,23.24,23.31,23.6,9402400.0,23.22,400,23.24,100,-0.3,23.66,23.03,9402400,218770000.0,0.78,2.7,281.76,281.76,25.64,20.98,1.03
嘉必优,sh688089,18.46,18.36,18.6,142568700.0,18.46,22800,18.47,25300,0.54,18.77,18.45,142568700,26490000.0,0.85,1.74,31.07,31.07,22.03,14.69,0.63
瑞丰银行,sh601528,5.32,5.27,5.3,17394600.0,5.32,408700,5.33,59700,0.95,5.34,5.28,17394600,92370000.0,1.0,1.14,92.27,104.39,5.8,4.74,0.67
飞凯材料,sz300398,28.81,28.83,29.65,42927800.0,28.81,34800,28.82,7200,-0.07,29.87,28.58,42927800,1256620000.0,7.61,4.47,162.45,163.34,34.6,23.06,0.7
苏州银行,sz002966,8.15,8.1,8.12,29837600.0,8.15,142600,8.17,46600,0.62,8.18,8.09,29837600,242770000.0,0.68,1.11,358.29,364.36,8.91,7.29,0.82
铜陵有色,sz000630,7.66,7.74,7.83,335312400.0,7.65,615700,7.66,1034700,-1.03,7.86,7.56,335312400,2575570000.0,3.01,3.88,853.55,1027.17,8.51,6.97,0.56
吉林敖东,sz000623,18.47,18.51,18.65,10742800.0,18.46,18100,18.47,10200,-0.22,18.73,18.41,10742800,199420000.0,0.9,1.73,219.98,220.88,20.36,16.66,0.67
中青旅,sh600138,9.4,9.37,9.45,10146600.0,9.39,294800,9.4,20900,0.32,9.47,9.36,10146600,95650000.0,1.4,1.17,68.04,68.04,10.31,8.43,0.61
雅艺科技,sz301113,26.39,25.79,26.35,934300.0,26.27,900,26.39,7600,2.33,26.5,25.9,934300,24540000.0,1.7,2.33,14.55,24.01,30.95,20.63,0.59
中国西电,sh601179,18.11,16.46,16.9,324704000.0,18.11,12280500,0.0,0,10.02,18.11,16.68,324704000,5718920000.0,6.33,8.69,928.3,928.3,18.11,14.81,1.1
*ST景峰,sz000908,6.08,5.79,5.86,24283600.0,6.08,1943300,0.0,0,5.01,6.08,5.85,24283600,146160000.0,2.76,3.97,53.49,53.49,6.08,5.5,1.26
华北制药,sh600812,5.45,5.45,5.48,13107900.0,5.45,76100,5.46,151600,0.0,5.5,5.44,13107900,71540000.0,0.76,1.1,93.51,93.51,6.0,4.91,0.85
康达新材,sz002669,13.88,13.7,13.96,8253000.0,13.88,15100,13.89,35600,1.31,14.09,13.77,8253000,115110000.0,2.73,2.34,42.02,42.11,15.07,12.33,0.68
穗恒运Ａ,sz000531,6.83,6.76,6.85,13107900.0,6.82,35700,6.83,37700,1.04,6.92,6.8,13107900,89890000.0,1.44,1.78,62.14,71.13,7.44,6.08,0.59
福晶科技,sz002222,67.78,67.1,68.89,13469700.0,67.78,800,67.79,1400,1.01,69.27,66.75,13469700,915450000.0,2.88,3.76,317.31,318.74,73.81,60.39,0.65
绿联科技,sz301606,65.57,65.25,66.51,2365600.0,65.55,17100,65.57,200,0.49,67.43,65.22,2365600,156530000.0,1.08,3.39,143.61,272.06,78.3,52.2,0.49
建龙微纳,sh688357,34.62,34.13,34.8,118182900.0,34.61,7700,34.62,900,1.44,35.19,34.36,118182900,41130000.0,1.18,2.43,34.64,34.64,40.96,27.3,0.58
奥来德,sh688378,39.09,38.05,38.8,659201700.0,39.08,900,39.09,7600,2.73,39.85,38.25,659201700,258620000.0,2.74,4.2,94.19,97.44,45.66,30.44,0.82
联得装备,sz300545,35.28,33.11,33.9,19398200.0,35.28,23200,35.29,13000,6.55,35.98,33.9,19398200,684740000.0,16.22,6.28,42.18,65.43,39.73,26.49,2.51
厦门象屿,sh600057,8.23,8.29,8.35,20437600.0,8.22,35400,8.23,55900,-0.72,8.45,8.16,20437600,169570000.0,0.98,3.5,172.21,233.78,9.12,7.46,0.99
中国人寿,sh601628,42.63,42.61,42.8,22285800.0,42.63,13500,42.64,9800,0.05,43.05,42.39,22285800,951530000.0,0.11,1.55,8877.07,12049.24,46.87,38.35,0.97
中科环保,sz301175,7.31,7.18,7.26,93657400.0,7.3,305900,7.31,82000,1.81,7.42,7.22,93657400,686170000.0,15.06,2.79,45.46,107.59,8.62,5.74,0.66
江化微,sh603078,23.97,23.75,24.19,13011800.0,23.97,2500,23.98,13300,0.93,24.54,23.84,13011800,314990000.0,3.37,2.95,92.44,92.44,26.13,21.38,0.61
东华科技,sz002140,12.98,12.86,12.89,19992600.0,12.97,13700,12.98,54500,0.93,13.1,12.74,19992600,258940000.0,2.83,2.8,91.76,91.9,14.15,11.57,1.02
富特科技,sz301607,47.41,46.25,47.02,3094300.0,47.4,2200,47.41,1100,2.51,48.2,46.67,3094300,147380000.0,2.86,3.31,51.35,73.68,55.5,37.0,0.8
永信至诚,sh688244,21.28,21.16,21.5,137107900.0,21.28,3500,21.29,900,0.57,21.75,21.22,137107900,29340000.0,0.91,2.5,32.12,32.12,25.39,16.93,0.59
海螺水泥,sh600585,24.8,25.07,25.2,33459800.0,24.79,4100,24.8,15400,-1.08,25.38,24.72,33459800,835620000.0,0.84,2.63,991.93,1314.23,27.58,22.56,0.78
建业股份,sh603948,28.08,27.85,28.46,1489200.0,28.06,2200,28.08,700,0.83,28.55,28.0,1489200,42050000.0,0.92,1.97,45.63,45.63,30.64,25.07,0.61
阳光电源,sz300274,148.46,148.71,151.5,40150600.0,148.46,19800,148.48,400,-0.17,151.88,146.35,40150600,5974670000.0,2.53,3.72,2360.08,3077.89,178.45,118.97,0.62
厦门银行,sh601187,7.46,7.5,7.46,18118500.0,7.46,43000,7.47,16700,-0.53,7.54,7.38,18118500,135010000.0,0.69,2.13,196.45,196.88,8.25,6.75,0.63
吉峰科技,sz300022,8.15,8.2,8.3,11756200.0,8.14,11000,8.16,59600,-0.61,8.3,8.09,11756200,96200000.0,2.38,2.56,40.28,40.28,9.84,6.56,0.93
红 宝 丽,sz002165,11.1,11.27,11.58,70168800.0,11.09,96200,11.1,3400,-1.51,11.6,10.98,70168800,780930000.0,9.64,5.5,80.77,81.61,12.4,10.14,0.52
浦发银行,sh600000,9.78,9.6,9.56,119745300.0,9.77,270500,9.78,77700,1.88,9.81,9.56,119745300,1163680000.0,0.36,2.6,3257.31,3257.31,10.56,8.64,1.19
首钢股份,sz000959,5.46,5.48,5.57,25210900.0,5.45,79300,5.46,8200,-0.36,5.59,5.42,25210900,138250000.0,0.34,3.1,410.74,423.42,6.03,4.93,0.66
湘潭电化,sz002125,14.96,14.53,14.79,33949100.0,14.96,137900,14.97,11300,2.96,15.29,14.5,33949100,505990000.0,5.39,5.44,94.17,94.17,15.98,13.08,1.41
百川股份,sz002455,12.35,12.63,12.7,74076700.0,12.35,206300,12.36,13400,-2.22,12.95,12.25,74076700,920860000.0,14.27,5.54,64.12,73.39,13.89,11.37,0.53
东方证券,sh600958,9.77,9.72,9.8,30696500.0,9.77,149600,9.78,162500,0.51,9.84,9.76,30696500,300720000.0,0.41,0.82,729.77,830.12,10.69,8.75,0.49
四川路桥,sh600039,10.44,10.14,10.13,25951900.0,10.44,118400,10.45,12200,2.96,10.47,10.11,25951900,268860000.0,0.3,3.55,907.82,907.82,11.15,9.13,1.1
大族激光,sz002008,71.48,70.05,69.66,49819100.0,71.47,400,71.48,2300,2.04,74.18,69.0,49819100,3579170000.0,5.21,7.39,683.87,735.96,77.06,63.05,0.81
奥普科技,sh603551,12.22,11.87,11.96,4304900.0,12.22,74800,12.23,34300,2.95,12.29,11.87,4304900,52250000.0,1.13,3.54,46.4,47.02,13.06,10.68,1.11
华丰股份,sh605100,42.66,40.7,41.03,2662300.0,42.66,100,42.72,3700,4.82,43.3,41.03,2662300,113220000.0,1.57,5.58,72.49,72.83,44.77,36.63,0.96
宁波韵升,sh600366,13.62,13.84,14.05,37974600.0,13.62,2000,13.63,37100,-1.59,14.12,13.52,37974600,522500000.0,3.46,4.34,149.69,149.69,15.22,12.46,0.78
江丰电子,sz300666,151.5,150.01,156.01,13746100.0,151.5,1000,151.53,300,0.99,156.5,149.26,13746100,2088880000.0,6.22,4.83,335.05,401.96,180.01,120.01,0.82
陕西能源,sz001286,10.89,10.95,10.99,24865100.0,10.88,113100,10.89,8400,-0.55,11.0,10.78,24865100,270510000.0,2.37,2.01,114.34,408.38,12.05,9.86,0.6
耐科装备,sh688419,46.79,46.11,47.99,190259600.0,46.72,400,46.79,400,1.47,48.16,46.0,190259600,89560000.0,3.2,4.68,27.84,53.6,55.33,36.89,0.58
恒达新材,sz301469,34.74,34.95,35.8,2642900.0,34.7,800,34.74,3300,-0.6,36.26,34.5,2642900,93330000.0,5.74,5.04,16.0,31.09,41.94,27.96,0.55
华天科技,sz002185,14.24,14.1,14.45,168486800.0,14.24,2200,14.25,147700,0.99,14.68,14.15,168486800,2433120000.0,5.16,3.76,465.02,465.12,15.51,12.69,0.79
箭牌家居,sz001322,8.81,8.69,8.86,3933500.0,8.81,2600,8.82,10400,1.38,8.98,8.71,3933500,34860000.0,0.5,3.11,69.21,85.21,9.56,7.82,1.09
豪鹏科技,sz001283,62.05,61.94,62.88,1769400.0,62.04,1100,62.05,600,0.18,63.07,61.78,1769400,110560000.0,2.32,2.08,47.23,62.01,68.13,55.75,0.7
中际联合,sh605305,37.6,36.81,37.31,4410500.0,37.58,1400,37.6,9700,2.15,37.8,37.11,4410500,165190000.0,2.08,1.87,79.91,79.91,40.49,33.13,0.67
大元泵业,sh603757,43.44,43.09,43.88,7613100.0,43.44,9100,43.45,1800,0.81,44.96,43.1,7613100,335140000.0,4.08,4.32,81.04,81.04,47.4,38.78,0.55
六国化工,sh600470,7.61,7.92,7.88,66026800.0,7.6,180700,7.61,96800,-3.91,7.9,7.52,66026800,505570000.0,12.66,4.8,39.69,39.69,8.71,7.13,0.51
中国宝安,sz000009,8.95,8.84,8.98,27119500.0,8.95,56600,8.96,79400,1.24,9.18,8.87,27119500,243760000.0,1.05,3.51,230.55,230.84,9.72,7.96,0.91
云南铜业,sz000878,23.89,24.03,24.52,68770400.0,23.88,55600,23.89,99200,-0.58,24.57,23.58,68770400,1653360000.0,3.43,4.12,478.67,539.87,26.43,21.63,0.66
新化股份,sh603867,35.78,35.86,36.4,10874600.0,35.78,200,35.79,100,-0.22,37.41,35.3,10874600,395030000.0,5.04,5.88,77.17,77.82,39.45,32.27,0.53
前沿生物-U,sh688221,18.9,18.49,18.86,1128828800.0,18.9,2700,18.91,21000,2.22,19.42,18.45,1128828800,213470000.0,3.01,5.25,70.8,70.8,22.19,14.79,0.73
骆驼股份,sh601311,9.34,9.19,9.32,18942300.0,9.34,26400,9.35,14800,1.63,9.45,9.3,18942300,177420000.0,1.61,1.63,109.57,109.57,10.11,8.27,0.88
时代电气,sh688187,56.38,55.3,56.07,469207700.0,56.38,5700,56.4,8600,1.95,57.53,55.97,469207700,266630000.0,0.54,2.82,489.89,765.61,66.36,44.24,0.88
先导基电,sh600641,18.42,18.07,18.46,20583700.0,18.41,11400,18.42,27900,1.94,18.7,18.3,20583700,380120000.0,2.21,2.21,171.42,171.42,19.88,16.26,0.8
奇安信-U,sh688561,32.54,32.48,33.0,723255500.0,32.54,25000,32.59,1600,0.18,33.65,32.33,723255500,237300000.0,1.06,4.06,222.01,222.01,38.98,25.98,0.65
天润乳业,sh600419,9.4,9.34,9.4,3451900.0,9.39,27500,9.4,21200,0.64,9.5,9.36,3451900,32570000.0,1.09,1.5,29.66,29.66,10.27,8.41,0.73
永福股份,sz300712,30.87,30.91,31.73,13916100.0,30.86,30500,30.87,500,-0.13,32.58,30.78,13916100,435610000.0,7.45,5.82,57.65,57.9,37.09,24.73,1.89
福建金森,sz002679,11.65,11.8,11.86,5275500.0,11.65,800,11.66,13800,-1.27,11.94,11.63,5275500,61990000.0,2.24,2.63,27.47,27.47,12.98,10.62,0.73
恒光股份,sz301118,27.28,27.6,28.12,4152500.0,27.28,1400,27.29,5000,-1.16,28.3,26.8,4152500,113270000.0,3.95,5.43,28.66,30.06,33.12,22.08,0.62
朗坤科技,sz301305,28.1,27.27,27.78,10425900.0,28.1,100,28.12,4000,3.04,28.74,26.92,10425900,290210000.0,8.43,6.67,34.76,67.79,32.72,21.82,1.11
粤宏远Ａ,sz000573,4.23,4.2,4.25,15281800.0,4.23,41600,4.24,64400,0.71,4.31,4.21,15281800,65070000.0,2.41,2.38,26.77,27.0,4.62,3.78,0.82
珠海冠宇,sh688772,16.59,16.66,16.96,2831571200.0,16.59,3000,16.6,28500,-0.42,17.13,16.4,2831571200,473970000.0,2.5,4.38,187.83,187.83,19.99,13.33,0.84
七 匹 狼,sz002029,10.63,10.48,10.68,10358700.0,10.63,7300,10.64,89700,1.43,10.77,10.59,10358700,110610000.0,1.56,1.72,70.73,74.94,11.53,9.43,0.7
四川成渝,sh601107,6.2,6.16,6.21,12673100.0,6.2,7400,6.21,53100,0.65,6.25,6.08,12673100,78060000.0,0.59,2.76,134.09,189.6,6.78,5.54,1.02
*ST星光,sz002076,2.1,2.04,2.06,22210900.0,2.09,220400,2.1,882700,2.94,2.12,2.06,22210900,46460000.0,2.13,2.94,21.89,23.29,2.14,1.94,0.73
江南新材,sh603124,111.62,113.77,116.98,2149700.0,111.62,800,111.65,300,-1.89,119.0,110.37,2149700,245960000.0,7.36,7.59,32.62,162.68,125.15,102.39,0.64
曼恩斯特,sz301325,52.1,52.12,53.03,2414100.0,52.09,1100,52.1,500,-0.04,53.35,51.51,2414100,126620000.0,4.17,3.53,30.16,74.97,62.54,41.7,0.75
超捷股份,sz301005,164.41,164.15,168.0,7460600.0,164.4,500,164.41,16100,0.16,168.0,160.0,7460600,1215240000.0,5.64,4.87,217.63,220.74,196.98,131.32,0.6
盛美上海,sh688082,161.31,158.28,162.2,310965600.0,161.31,3600,161.32,200,1.91,164.46,159.52,310965600,505050000.0,0.71,3.12,703.92,774.55,189.94,126.62,0.77
利扬芯片,sh688135,31.62,30.98,31.87,782611300.0,31.62,4200,31.63,700,2.07,32.38,31.43,782611300,249880000.0,3.85,3.07,64.33,64.33,37.18,24.78,0.78
荃银高科,sz300087,9.03,10.02,9.39,62535500.0,9.03,67200,9.04,56400,-9.88,9.4,8.94,62535500,569780000.0,6.93,4.59,81.48,85.54,12.02,8.02,1.29
德赛电池,sz000049,25.28,25.13,25.56,4116500.0,25.27,7200,25.28,4800,0.6,25.68,25.19,4116500,104990000.0,1.07,1.95,97.21,97.24,27.64,22.62,0.72
科新发展,sh600234,13.65,13.65,13.78,1442700.0,13.65,53600,13.66,1400,0.0,13.98,13.56,1442700,19820000.0,0.55,3.08,35.83,35.83,15.02,12.29,0.54
宝鼎科技,sz002552,19.46,19.51,19.96,5868500.0,19.46,4300,19.49,200,-0.26,20.4,19.23,5868500,114930000.0,1.59,6.0,71.71,75.5,21.46,17.56,0.67
中望软件,sh688083,58.79,58.7,60.13,162831300.0,58.78,800,58.79,200,0.15,60.16,58.31,162831300,96390000.0,0.96,3.15,99.74,99.74,70.44,46.96,0.6
华脉科技,sh603042,20.08,20.53,20.54,30326100.0,20.08,151100,20.09,11400,-2.19,20.83,19.8,30326100,611120000.0,18.88,5.02,32.25,32.25,22.58,18.48,1.06
津药药业,sh600488,4.07,4.03,4.06,6412100.0,4.07,22200,4.08,145300,0.99,4.09,4.04,6412100,26100000.0,0.59,1.24,44.44,44.44,4.43,3.63,0.71
中信银行,sh601998,7.22,7.16,7.14,39073800.0,7.21,532700,7.22,137500,0.84,7.23,7.14,39073800,281200000.0,0.1,1.26,2943.09,4017.58,7.88,6.44,0.67
德美化工,sz002054,9.94,9.65,9.98,54335100.0,9.93,208800,9.94,40400,3.01,10.2,9.71,54335100,541660000.0,14.14,5.08,38.21,47.92,10.62,8.69,0.68
天奇股份,sz002009,28.41,27.49,28.2,52018100.0,28.4,160800,28.41,212200,3.35,28.96,27.72,52018100,1469530000.0,14.69,4.51,100.61,114.27,30.24,24.74,0.82
海立股份,sh600619,18.15,17.67,17.97,20567500.0,18.15,76700,18.16,52300,2.72,18.34,17.9,20567500,374160000.0,2.61,2.49,143.24,194.81,19.44,15.9,1.0
爱克股份,sz300889,27.38,26.92,27.46,8407400.0,27.38,100,27.39,1900,1.71,27.69,26.5,8407400,228710000.0,5.74,4.42,40.08,60.3,32.3,21.54,0.81
镇海股份,sh603637,12.6,12.84,12.88,6612700.0,12.59,10200,12.6,85200,-1.87,12.95,12.57,6612700,84080000.0,2.77,2.96,30.07,30.07,14.12,11.56,0.97
大叶股份,sz300879,22.96,22.74,23.22,2998400.0,22.95,500,22.96,13700,0.97,23.33,22.89,2998400,69330000.0,1.49,1.93,46.16,46.47,27.29,18.19,0.83
三和管桩,sz003037,7.56,7.52,7.6,3843700.0,7.56,9000,7.57,35100,0.53,7.67,7.54,3843700,29250000.0,0.64,1.73,45.29,45.29,8.27,6.77,0.69
博力威,sh688345,35.62,35.45,36.2,145188600.0,35.61,1000,35.62,2600,0.48,36.83,35.3,145188600,52390000.0,1.45,4.32,35.62,36.03,42.54,28.36,1.02
滨化股份,sh601678,5.41,5.38,5.47,84629500.0,5.4,189600,5.41,4400,0.56,5.5,5.27,84629500,455160000.0,4.14,4.28,110.54,111.27,5.92,4.84,0.88
佳先股份,bj920489,16.64,16.65,16.96,2091200.0,16.64,2000,16.66,200,-0.06,16.98,16.59,2091200,35080400.0,2.41,2.34,14.45,22.71,21.64,11.66,0.99
九鼎投资,sh600053,17.45,17.27,17.42,4076300.0,17.45,1300,17.46,32400,1.04,17.51,17.31,4076300,71030000.0,0.94,1.16,75.65,75.65,19.0,15.54,0.65
常山药业,sz300255,42.19,41.9,42.33,15721400.0,42.19,63100,42.2,12800,0.69,42.87,41.4,15721400,662360000.0,1.71,3.51,387.18,387.75,50.28,33.52,0.72
奥福科技,sh688021,23.43,23.34,23.55,141640000.0,23.43,3800,23.46,400,0.39,24.31,23.03,141640000,33690000.0,1.85,5.48,17.9,17.9,28.01,18.67,0.73
有方科技,sh688159,43.76,43.26,44.26,200015700.0,43.74,1700,43.76,2500,1.16,44.3,43.36,200015700,87910000.0,2.16,2.17,40.58,40.66,51.91,34.61,0.64
永安林业,sz000663,7.72,7.73,7.83,9031900.0,7.72,19300,7.73,17300,-0.13,7.9,7.67,9031900,70060000.0,2.95,2.98,23.65,25.99,8.5,6.96,0.67
ST智知,sh603869,9.6,9.48,9.6,1052900.0,9.6,19700,9.61,2100,1.27,9.78,9.55,1052900,10160000.0,0.21,2.43,47.44,47.44,9.95,9.01,1.26
中邮科技,sh688648,59.87,59.37,60.18,147864900.0,59.87,5600,59.88,1500,0.84,60.98,59.38,147864900,88880000.0,2.13,2.69,41.63,81.42,71.24,47.5,0.49
蓝晓科技,sz300487,74.91,75.2,75.99,6359000.0,74.89,16200,74.91,400,-0.39,77.1,74.0,6359000,481330000.0,2.06,4.12,230.74,381.39,90.24,60.16,0.95
道通科技,sh688208,33.63,33.46,34.11,832995300.0,33.62,53700,33.63,1200,0.51,34.35,33.41,832995300,282740000.0,1.24,2.81,225.38,225.38,40.15,26.77,0.63
上海银行,sh601229,9.76,9.86,9.83,46076000.0,9.76,171900,9.77,359500,-1.01,9.87,9.75,46076000,451440000.0,0.32,1.22,1386.8,1386.8,10.85,8.87,0.99
招商蛇口,sz001979,9.63,9.76,9.81,43816400.0,9.62,133300,9.63,52200,-1.33,9.87,9.54,43816400,424630000.0,0.52,3.38,810.27,868.24,10.74,8.78,0.69
东田微,sz301183,163.63,157.53,162.0,6333100.0,163.63,5800,163.64,600,3.87,170.0,157.66,6333100,1043800000.0,10.79,7.83,96.06,131.03,189.04,126.02,0.98
浪潮信息,sz000977,59.33,58.33,59.37,34443100.0,59.33,6300,59.34,13400,1.71,60.0,58.5,34443100,2042440000.0,2.35,2.57,870.27,871.25,64.16,52.5,0.74
美亚光电,sz002690,18.93,18.48,18.68,4859200.0,18.91,300,18.93,27100,2.44,18.97,18.62,4859200,91440000.0,1.12,1.89,82.11,167.01,20.33,16.63,0.8
富信科技,sh688662,62.72,61.85,63.0,815319900.0,62.72,2500,62.73,700,1.41,63.63,60.41,815319900,508320000.0,9.24,5.21,55.34,55.34,74.22,49.48,1.28
福能股份,sh600483,10.2,10.15,10.21,33965300.0,10.2,32300,10.21,15000,0.49,10.29,10.13,33965300,347110000.0,1.22,1.58,283.57,283.57,11.17,9.14,0.57
和顺科技,sz301237,63.31,60.92,61.6,1253700.0,63.26,600,63.31,400,3.92,64.6,61.18,1253700,79370000.0,1.9,5.61,41.7,50.65,73.1,48.74,1.25
通威股份,sh600438,18.16,18.16,0.0,0.0,0.0,0,0.0,0,0.0,0.0,0.0,0,0.0,0.0,0.0,817.56,817.56,19.98,16.34,0.0
东吴证券,sh601555,9.29,9.29,0.0,0.0,0.0,0,0.0,0,0.0,0.0,0.0,0,0.0,0.0,0.0,461.59,461.59,10.22,8.36,0.0
时代新材,sh600458,14.14,13.83,14.08,9626000.0,14.14,11300,14.15,41600,2.24,14.3,14.05,9626000,136410000.0,1.12,1.81,121.91,131.61,15.21,12.45,0.74
惠泰医疗,sh688617,227.4,230.09,233.6,78229300.0,227.4,400,227.49,200,-1.17,233.77,226.54,78229300,178690000.0,0.55,3.14,320.7,320.7,276.11,184.07,0.53
海锅股份,sz301063,27.88,28.39,28.81,7565400.0,27.87,300,27.88,5600,-1.8,28.95,27.51,7565400,211980000.0,7.83,5.07,26.95,29.1,34.07,22.71,0.7
深科达,sh688328,35.8,31.31,32.87,1128009200.0,35.78,600,35.8,22600,14.34,36.89,32.57,1128009200,396960000.0,11.94,13.8,33.82,33.82,37.57,25.05,4.06
华菱钢铁,sz000932,6.4,6.41,6.46,57828600.0,6.4,43800,6.41,105200,-0.16,6.54,6.34,57828600,370220000.0,0.84,3.12,442.15,442.15,7.05,5.77,0.61
*ST大晟,sh600892,3.65,3.58,3.62,5521600.0,3.64,129300,3.65,792400,1.96,3.66,3.6,5521600,20040000.0,0.99,1.68,20.42,20.42,3.76,3.4,0.62
国脉文化,sh600640,12.67,12.37,12.57,9185100.0,12.66,30500,12.67,1100,2.43,12.75,12.57,9185100,116240000.0,1.15,1.46,100.81,100.81,13.61,11.13,0.68
浙江众成,sz002522,5.95,5.63,5.76,39794800.0,5.95,7500,5.96,228100,5.68,6.08,5.7,39794800,234240000.0,4.4,6.75,53.85,53.89,6.19,5.07,1.14
星球石墨,sh688633,26.23,26.2,26.63,245195400.0,26.17,7100,26.23,7000,0.11,26.85,26.05,245195400,64790000.0,1.71,3.05,37.71,37.71,31.44,20.96,0.51
古汉医药,sz000590,11.86,11.4,11.58,6141000.0,11.86,13000,11.87,11600,4.04,12.06,11.47,6141000,72880000.0,2.57,5.18,28.39,28.4,12.54,10.26,1.15
中金岭南,sz000060,7.64,7.82,7.96,169487900.0,7.64,454200,7.65,318100,-2.3,7.99,7.58,169487900,1312690000.0,3.82,5.24,339.3,339.31,8.6,7.04,0.61
大东南,sz002263,3.53,3.38,3.44,83971500.0,3.53,336700,3.54,703700,4.44,3.64,3.43,83971500,297650000.0,4.47,6.21,66.31,66.31,3.72,3.04,1.76
道明光学,sz002632,12.95,12.65,12.9,18908300.0,12.95,205600,12.96,5600,2.37,13.2,12.82,18908300,246100000.0,3.25,3.0,75.35,80.89,13.92,11.39,0.54
睿创微纳,sh688002,107.14,109.17,111.29,993498500.0,107.14,900,107.18,500,-1.86,111.29,105.75,993498500,1068960000.0,2.16,5.07,493.32,493.32,131.0,87.34,1.1
特锐德,sz300001,31.02,30.12,30.61,61326300.0,31.02,3500,31.03,3300,2.99,31.8,30.5,61326300,1910500000.0,5.95,4.32,319.99,327.43,36.14,24.1,1.3
艾比森,sz300389,20.64,17.2,17.47,19655300.0,20.64,5933100,0.0,0,20.0,20.64,17.47,19655300,388550000.0,8.43,18.43,48.13,76.18,20.64,13.76,2.85
TCL科技,sz000100,4.98,4.74,4.84,792256200.0,4.97,2833100,4.98,4369700,5.06,5.08,4.84,792256200,3953890000.0,4.14,5.06,952.77,1035.88,5.21,4.27,1.61
盈建科,sz300935,34.24,33.24,34.1,1963900.0,34.22,700,34.24,1000,3.01,34.78,33.31,1963900,67000000.0,3.26,4.42,20.64,27.2,39.89,26.59,0.71
通富微电,sz002156,48.84,48.19,49.6,79835800.0,48.84,201400,48.85,48600,1.35,50.18,48.3,79835800,3937920000.0,5.26,3.9,741.12,741.19,53.01,43.37,0.69
南亚新材,sh688519,110.75,107.1,108.86,711448700.0,110.75,9900,110.86,1100,3.41,115.2,107.99,711448700,795970000.0,3.03,6.73,260.01,260.01,128.52,85.68,1.11
领湃科技,sz300530,26.75,26.18,26.5,1889100.0,26.75,3100,26.8,1300,2.18,27.27,26.33,1889100,50640000.0,1.19,3.59,42.33,46.0,31.42,20.94,0.83
洁美科技,sz002859,42.62,42.62,0.0,0.0,0.0,0,0.0,0,0.0,0.0,0.0,0,0.0,0.0,0.0,172.87,183.67,46.88,38.36,0.0
海大集团,sz002311,52.94,54.3,54.29,8002100.0,52.94,500,52.96,100,-2.5,54.44,52.66,8002100,425620000.0,0.48,3.28,880.14,880.79,59.73,48.87,1.03
广日股份,sh600894,9.19,9.12,9.23,4076700.0,9.19,3300,9.2,20400,0.77,9.26,9.14,4076700,37530000.0,0.48,1.32,77.48,78.27,10.03,8.21,0.55
迪贝电气,sh603320,24.93,24.31,24.75,3569600.0,24.93,1500,24.94,12800,2.55,25.1,24.5,3569600,88700000.0,2.39,2.47,37.18,37.18,26.74,21.88,0.88
品茗科技,sh688109,124.29,121.68,124.47,78502800.0,124.29,100,124.37,1000,2.14,126.68,122.6,78502800,97680000.0,1.0,3.35,97.99,97.99,146.02,97.34,0.6
ST智云,sz300097,8.22,8.11,8.22,5696100.0,8.21,62200,8.22,31000,1.36,8.32,8.09,5696100,46750000.0,2.11,2.84,22.19,23.72,9.73,6.49,0.73
宏桥控股,sz002379,31.84,30.37,31.2,42988600.0,31.83,1200,31.84,5000,4.84,32.49,30.73,42988600,1365860000.0,3.78,5.8,361.82,4149.11,33.41,27.33,1.35
源杰科技,sh688498,854.0,886.55,899.98,360034200.0,854.0,3400,855.07,700,-3.67,906.7,849.0,360034200,3145900000.0,4.29,6.51,717.36,733.99,1063.86,709.24,0.88
申能股份,sh600642,9.03,8.98,9.01,39075700.0,9.03,20400,9.04,25100,0.56,9.08,8.9,39075700,351480000.0,0.8,2.0,441.91,441.94,9.88,8.08,0.78
合康新能,sz300048,7.97,7.81,8.0,58872600.0,7.96,45500,7.97,72700,2.05,8.11,7.91,58872600,471430000.0,5.23,2.56,89.74,89.93,9.37,6.25,0.69
四川双马,sz000935,27.92,26.97,27.34,6624600.0,27.82,2500,27.92,35000,3.52,28.27,27.2,6624600,184350000.0,0.87,3.97,213.15,213.15,29.67,24.27,1.04
燕东微,sh688172,37.03,36.61,37.59,1552911400.0,37.03,27500,37.04,2000,1.15,37.7,36.3,1552911400,573580000.0,1.99,3.82,288.29,528.65,43.93,29.29,0.88
万得凯,sz301309,29.5,29.13,29.54,711100.0,29.5,1000,29.56,1600,1.27,29.98,29.28,711100,21100000.0,2.78,2.4,7.53,29.66,34.96,23.3,0.58
耐普矿机,sz300818,42.97,41.77,42.44,2928300.0,42.96,200,42.97,2300,2.87,44.92,42.44,2928300,127710000.0,2.67,5.94,47.04,72.52,50.12,33.42,0.82
三人行,sh605168,35.05,34.63,35.11,3796200.0,35.05,6300,35.06,1100,1.21,35.54,34.79,3796200,133610000.0,1.8,2.17,73.89,73.89,38.09,31.17,0.89
*ST和科,sz002816,24.12,23.12,23.3,3142600.0,24.12,8900,24.14,2000,4.33,24.28,23.3,3142600,75620000.0,3.14,4.24,24.12,24.12,24.28,21.96,1.32
远翔新材,sz301300,45.92,45.04,45.94,1060100.0,45.89,1900,45.92,1800,1.95,46.29,45.44,1060100,48600000.0,2.73,1.89,17.8,29.8,54.05,36.03,0.54
航民股份,sh600987,7.94,8.02,8.11,19663400.0,7.93,34400,7.94,79200,-1.0,8.16,7.85,19663400,156300000.0,1.93,3.87,81.05,81.05,8.82,7.22,0.91
康盛股份,sz002418,4.96,4.77,4.83,53095600.0,4.95,200500,4.96,678600,3.98,4.99,4.82,53095600,261570000.0,4.67,3.56,56.37,56.37,5.25,4.29,1.01
吉宏股份,sz002803,17.45,17.23,17.5,4732300.0,17.45,1000,17.46,7100,1.28,17.7,17.33,4732300,82970000.0,1.64,2.15,50.39,78.6,18.95,15.51,0.48
新宏泰,sh603016,31.51,31.07,32.5,1950000.0,31.5,4900,31.51,3400,1.42,32.57,31.39,1950000,62010000.0,1.32,3.8,46.69,46.69,34.18,27.96,0.72
华升股份,sh600156,7.78,7.73,7.79,3599400.0,7.77,8100,7.78,8900,0.65,7.86,7.74,3599400,28080000.0,0.9,1.55,31.28,31.28,8.5,6.96,0.56
金银河,sz300619,43.45,43.74,44.47,7130300.0,43.44,800,43.45,3000,-0.66,45.28,42.81,7130300,311530000.0,4.9,5.65,63.2,75.6,52.49,34.99,0.95
盘古智能,sz301456,29.72,28.98,29.8,1250900.0,29.65,11800,29.72,1400,2.55,30.22,29.5,1250900,37270000.0,2.07,2.48,17.98,44.71,34.78,23.18,0.74
无锡银行,sh600908,5.74,5.72,5.74,16265700.0,5.74,88500,5.75,475900,0.35,5.78,5.72,16265700,93540000.0,0.81,1.05,114.76,125.97,6.29,5.15,0.77
绿田机械,sh605259,20.8,20.8,21.11,2859700.0,20.79,10100,20.8,1100,0.0,21.2,20.68,2859700,59780000.0,1.66,2.5,35.88,35.88,22.88,18.72,0.75
福昕软件,sh688095,78.55,77.68,79.0,210300800.0,78.51,1000,78.55,3600,1.12,79.8,77.68,210300800,165700000.0,2.3,2.73,71.76,71.76,93.22,62.14,0.69
华勤技术,sh603296,88.44,86.7,88.33,8061400.0,88.43,300,88.44,800,2.01,90.25,87.48,8061400,716860000.0,1.41,3.19,505.15,898.31,95.37,78.03,0.75
航材股份,sh688563,68.05,68.28,68.38,379089400.0,68.05,400,68.08,4700,-0.34,69.46,67.3,379089400,258610000.0,3.24,3.16,79.61,306.23,81.94,54.62,0.55
南芯科技,sh688484,38.66,38.35,38.99,587258100.0,38.66,10600,38.67,400,0.81,39.75,38.39,587258100,229640000.0,1.99,3.55,114.11,165.33,46.02,30.68,0.68
南大光电,sz300346,52.26,50.95,52.7,39122900.0,52.26,200,52.27,39300,2.57,53.92,51.78,39122900,2066870000.0,5.96,4.2,343.11,361.2,61.14,40.76,1.01
君实生物-U,sh688180,29.76,29.72,30.09,855047600.0,29.76,7200,29.83,1000,0.13,30.35,29.63,855047600,255990000.0,1.12,2.42,228.08,305.54,35.66,23.78,0.76
圣诺生物,sh688117,36.3,36.3,37.05,121171100.0,36.3,2900,36.37,2000,0.0,37.05,36.07,121171100,44150000.0,0.77,2.7,57.13,57.13,43.56,29.04,0.46
福达合金,sh603045,33.61,32.41,34.01,13831700.0,33.6,6600,33.61,5100,3.7,35.2,33.18,13831700,472590000.0,10.21,6.23,45.52,45.52,35.65,29.17,1.8
扬子新材,sz002652,4.55,4.56,4.66,20803100.0,4.54,68600,4.56,40800,-0.22,4.68,4.52,20803100,95490000.0,4.06,3.51,23.3,23.3,5.02,4.1,0.54
天能股份,sh688819,31.14,30.84,31.28,303378000.0,31.14,50200,31.19,1500,0.97,31.9,30.96,303378000,95040000.0,0.31,3.05,302.71,302.71,37.01,24.67,0.94
力鼎光电,sh605118,44.44,43.46,43.89,2901400.0,44.44,1500,44.45,200,2.25,45.09,43.55,2901400,128670000.0,0.71,3.54,180.92,182.79,47.81,39.11,0.57
宏柏新材,sh605366,10.21,10.4,10.46,43155800.0,10.21,7200,10.22,19700,-1.83,10.47,9.91,43155800,438350000.0,6.45,5.38,68.33,68.33,11.44,9.36,0.75
金冠电气,sh688517,18.79,18.08,18.33,644730100.0,18.76,2500,18.79,25400,3.93,19.02,18.33,644730100,120950000.0,4.72,3.82,25.67,25.67,21.7,14.46,1.3
密封科技,sz301020,22.03,21.8,22.09,1397700.0,22.03,3300,22.04,400,1.06,22.49,21.91,1397700,31020000.0,0.95,2.66,32.25,32.25,26.16,17.44,0.77
海南橡胶,sh601118,7.31,7.48,7.54,79466500.0,7.3,175200,7.31,65700,-2.27,7.54,7.27,79466500,585250000.0,1.86,3.61,312.83,312.83,8.23,6.73,0.76
云天化,sh600096,40.7,41.07,41.84,73162700.0,40.7,69500,40.71,19300,-0.9,41.85,40.38,73162700,2984740000.0,4.01,3.58,741.96,741.96,45.18,36.96,0.62
招商积余,sz001914,10.63,10.73,10.91,11155400.0,10.62,10900,10.63,62200,-0.93,10.94,10.58,11155400,119790000.0,1.06,3.36,112.01,112.01,11.8,9.66,0.94
宁波色母,sz301019,21.95,21.63,22.04,1373400.0,21.94,100,21.95,300,1.48,22.3,21.77,1373400,30220000.0,1.31,2.45,22.96,36.21,25.96,17.3,0.52
海宁皮城,sz002344,4.68,4.67,4.69,10986500.0,4.67,97700,4.68,15700,0.21,4.73,4.66,10986500,51640000.0,0.86,1.5,59.97,60.03,5.14,4.2,0.56
雄韬股份,sz002733,24.48,22.25,22.89,29376100.0,24.48,4087700,0.0,0,10.02,24.48,22.8,29376100,694390000.0,7.96,7.55,90.3,94.06,24.48,20.03,1.08
亨通光电,sh600487,50.9,48.38,48.9,169785700.0,50.9,12100,50.91,422700,5.21,51.88,48.04,169785700,8494870000.0,6.94,7.94,1244.6,1255.57,53.22,43.54,1.05
潍柴重机,sz000880,31.8,30.92,32.0,23412400.0,31.79,23200,31.8,88000,2.85,32.48,31.44,23412400,748460000.0,10.31,3.36,72.19,147.5,34.01,27.83,0.67
思瑞浦,sh688536,161.36,156.55,160.0,327119200.0,161.31,700,161.36,8800,3.07,163.2,159.0,327119200,526460000.0,2.41,2.68,218.88,222.51,187.86,125.24,0.89
元利科技,sh603217,24.15,24.24,24.9,2787600.0,24.15,6400,24.16,400,-0.37,24.99,24.0,2787600,68110000.0,1.34,4.08,50.25,50.25,26.66,21.82,0.47
南钢股份,sh600282,5.8,5.78,5.85,34274900.0,5.79,122100,5.8,5800,0.35,5.86,5.72,34274900,198440000.0,0.56,2.42,357.58,357.58,6.36,5.2,0.68
四方光电,sh688665,49.0,48.29,49.49,63046300.0,48.99,600,49.0,5400,1.47,50.11,48.62,63046300,31160000.0,0.63,3.09,49.27,49.27,57.95,38.63,0.47
新疆交建,sz002941,16.45,15.79,16.08,30939400.0,16.44,115400,16.45,133800,4.18,16.7,16.01,30939400,510270000.0,4.24,4.37,120.04,120.04,17.37,14.21,2.06
北玻股份,sz002613,4.07,3.98,4.05,22058600.0,4.06,96200,4.07,16100,2.26,4.13,4.0,22058600,89620000.0,2.86,3.27,31.43,44.79,4.38,3.58,1.15
明月镜片,sz301101,38.8,38.3,39.01,2429200.0,38.8,23900,38.82,7100,1.31,39.63,38.65,2429200,95050000.0,1.27,2.56,74.08,78.19,45.96,30.64,0.73
志晟信息,bj920171,20.81,20.79,21.1,987400.0,20.81,8900,20.85,1700,0.1,21.39,20.77,987400,20705300.000000004,1.46,2.98,14.05,20.86,27.02,14.56,0.61
德创环保,sh603177,12.6,12.33,12.39,9468000.0,12.59,6100,12.6,18300,2.19,12.69,12.33,9468000,118550000.0,4.64,2.92,25.73,25.73,13.56,11.1,0.78
比亚迪,sz002594,94.47,95.99,96.8,55244000.0,94.47,450700,94.48,14400,-1.58,96.82,93.89,55244000,5235750000.0,1.58,3.05,3294.4,8613.02,105.59,86.39,0.79
兆易创新,sh603986,282.8,279.07,288.16,25530000.0,282.78,100,282.8,300,1.34,289.88,280.23,25530000,7288810000.0,3.82,3.46,1888.67,1982.72,306.98,251.16,0.98
优彩资源,sz002998,8.34,8.36,8.48,10311300.0,8.34,3800,8.35,51800,-0.24,8.5,8.27,10311300,86260000.0,3.85,2.75,22.33,29.36,9.2,7.52,0.49
新锐股份,sh688257,74.19,71.44,72.86,788639500.0,74.18,1000,74.19,2100,3.85,75.5,72.05,788639500,584870000.0,3.12,4.83,187.26,187.26,85.73,57.15,0.63
蓝英装备,sz300293,19.22,18.86,19.11,4215000.0,19.22,36300,19.23,2600,1.91,19.56,19.1,4215000,81490000.0,1.5,2.44,53.88,65.05,22.63,15.09,0.9
宝钛股份,sh600456,40.48,40.51,41.2,14336700.0,40.48,106100,40.49,3300,-0.07,41.33,40.02,14336700,582520000.0,3.0,3.23,193.4,193.4,44.56,36.46,0.47
华茂股份,sz000850,5.36,5.37,5.44,13770100.0,5.36,117800,5.37,57600,-0.19,5.48,5.32,13770100,74350000.0,1.46,2.98,50.57,50.58,5.91,4.83,0.85
泰坦科技,sh688133,22.41,22.18,22.83,262306600.0,22.41,6900,22.44,8800,1.04,22.9,22.22,262306600,59100000.0,1.6,3.07,36.85,36.85,26.62,17.74,0.77
一拖股份,sh601038,14.36,14.53,14.66,8113100.0,14.36,6600,14.37,8500,-1.17,14.7,14.28,8113100,117080000.0,1.11,2.89,105.07,161.36,15.98,13.08,0.74
百济神州-U,sh688235,237.12,231.26,235.0,335143000.0,237.1,200,237.12,0,2.53,239.98,232.1,335143000,793450000.0,2.91,3.41,272.82,3653.26,277.51,185.01,0.82
ST中珠,sh600568,2.81,2.77,2.81,15157000.0,2.81,199700,2.83,48400,1.44,2.84,2.77,15157000,42690000.0,0.91,2.53,46.9,56.0,2.91,2.63,0.67
先河环保,sz300137,11.77,10.98,11.15,32271100.0,11.77,239000,11.78,1000,7.19,11.99,11.06,32271100,374300000.0,6.09,8.47,62.39,63.16,13.18,8.78,1.67
厦门国贸,sh600755,6.61,6.65,6.67,29643000.0,6.6,295700,6.61,53100,-0.6,6.72,6.6,29643000,197280000.0,1.39,1.8,140.94,141.3,7.32,5.99,0.67
华安证券,sh600909,6.15,6.06,6.13,56656400.0,6.14,164800,6.15,1482600,1.49,6.16,6.08,56656400,347380000.0,1.19,1.32,292.62,292.62,6.67,5.45,0.71
东微半导,sh688261,89.91,89.31,92.02,399902800.0,89.91,1500,89.92,2000,0.67,93.0,88.51,399902800,363180000.0,3.28,5.03,109.78,110.21,107.17,71.45,0.85
司尔特,sz002538,7.8,7.89,8.12,27685500.0,7.79,23300,7.8,4500,-1.14,8.15,7.75,27685500,217120000.0,3.24,5.07,66.58,66.58,8.68,7.1,0.55
福光股份,sh688010,32.25,31.44,31.91,415274500.0,32.22,14900,32.25,2100,2.58,32.6,31.8,415274500,133880000.0,2.59,2.54,51.78,51.78,37.73,25.15,0.89
中原传媒,sz000719,12.68,12.38,12.58,8152400.0,12.67,7000,12.68,8000,2.42,12.77,12.49,8152400,103010000.0,1.22,2.26,84.59,129.74,13.62,11.14,0.77
久量股份,sz300808,31.03,30.17,30.14,2765700.0,30.93,500,31.03,3700,2.85,31.58,30.14,2765700,85940000.0,2.33,4.77,36.89,49.65,36.2,24.14,0.78
坤彩科技,sh603826,22.02,21.23,21.66,25228900.0,22.01,6000,22.02,13400,3.72,23.23,21.12,25228900,559710000.0,3.85,9.94,144.28,144.28,23.35,19.11,1.72
传艺科技,sz002866,18.9,18.3,18.65,7049900.0,18.89,1100,18.9,13000,3.28,19.06,18.65,7049900,133180000.0,3.89,2.24,34.26,54.72,20.13,16.47,0.81
海融科技,sz300915,25.93,25.93,26.2,1387000.0,25.92,200,25.93,4900,0.0,26.2,25.7,1387000,36000000.0,2.41,1.93,14.94,32.63,31.12,20.74,1.0
博众精工,sh688097,45.65,44.52,44.69,917112900.0,45.61,2500,45.65,40000,2.54,46.1,44.56,917112900,415630000.0,2.06,3.46,203.15,203.89,53.42,35.62,0.8
彤程新材,sh603650,56.63,56.24,57.39,10115200.0,56.62,2900,56.63,1000,0.69,57.95,56.18,10115200,577220000.0,1.65,3.15,347.98,348.9,61.86,50.62,0.59
东诚药业,sz002675,12.25,12.24,12.4,8821800.0,12.25,101600,12.27,5900,0.08,12.48,12.18,8821800,108470000.0,1.19,2.45,91.06,101.01,13.46,11.02,0.92
盛和资源,sh600392,27.88,28.3,28.8,87170200.0,27.87,4500,27.88,6100,-1.48,28.89,27.6,87170200,2448160000.0,4.97,4.56,488.69,488.69,31.13,25.47,0.6
正帆科技,sh688596,31.91,31.89,32.5,870610800.0,31.91,44200,31.92,1500,0.06,33.22,31.73,870610800,283220000.0,2.96,4.67,93.86,93.86,38.27,25.51,1.09
水发燃气,sh603318,9.6,10.67,10.09,152394500.0,0.0,0,9.6,2005100,-10.03,10.75,9.6,152394500,1522500000.0,33.2,10.78,44.07,53.25,11.74,9.6,2.31
震裕科技,sz300953,145.41,144.23,146.88,3312000.0,145.4,1300,145.41,2300,0.82,149.02,144.01,3312000,483010000.0,2.66,3.47,181.12,252.25,173.08,115.38,0.75
华测检测,sz300012,15.6,15.51,15.78,20048100.0,15.59,15100,15.6,13900,0.58,15.98,15.46,20048100,315420000.0,1.4,3.35,223.36,262.52,18.61,12.41,0.63
中国中铁,sh601390,5.93,5.91,6.01,286914900.0,5.92,1435700,5.93,656000,0.34,6.05,5.89,286914900,1711860000.0,1.4,2.71,1214.39,1463.89,6.5,5.32,0.59
索菲亚,sz002572,12.87,13.02,13.11,11530600.0,12.87,26500,12.88,35600,-1.15,13.2,12.81,11530600,149290000.0,1.77,3.0,83.84,123.94,14.32,11.72,0.77
天龙集团,sz300063,12.68,12.3,12.61,52703700.0,12.68,264800,12.69,20000,3.09,12.78,12.41,52703700,664850000.0,8.41,3.01,79.45,96.18,14.76,9.84,0.84
百川畅银,sz300614,15.22,15.13,15.3,5034200.0,15.2,1000,15.22,24400,0.59,15.49,15.04,5034200,76740000.0,3.14,2.97,24.42,24.42,18.16,12.1,0.55
广合科技,sz001389,106.35,104.71,107.47,7064300.0,106.35,700,106.38,10200,1.57,109.54,105.2,7064300,759480000.0,4.67,4.14,160.76,452.72,115.18,94.24,0.67
绿通科技,sz301322,32.49,31.88,32.51,2593000.0,32.36,6600,32.49,29300,1.91,33.27,31.92,2593000,84530000.0,2.75,4.23,30.66,45.9,38.26,25.5,0.43
同洲电子,sz002052,11.72,11.53,11.76,13022900.0,11.71,9900,11.72,9900,1.65,11.99,11.66,13022900,153850000.0,1.89,2.86,80.8,88.19,12.68,10.38,0.89
西部矿业,sh601168,32.46,32.69,33.23,44111300.0,32.45,12700,32.46,18300,-0.7,33.33,32.0,44111300,1439450000.0,1.85,4.07,773.52,773.52,35.96,29.42,0.65
中国中车,sh601766,6.25,6.15,6.17,189524700.0,6.25,289300,6.26,775100,1.63,6.3,6.16,189524700,1183250000.0,0.78,2.28,1520.49,1793.68,6.77,5.54,0.84
思进智能,sz003025,14.64,14.11,14.39,6636600.0,14.62,2600,14.64,10000,3.76,14.75,14.27,6636600,96910000.0,2.93,3.4,33.15,41.57,15.52,12.7,1.3
格尔软件,sh603232,25.71,24.21,25.35,54529900.0,25.71,14700,25.72,10400,6.2,26.63,24.28,54529900,1408260000.0,23.58,9.71,59.47,60.18,26.63,21.79,2.39
三峰环境,sh601827,8.77,8.67,8.72,5983100.0,8.76,41000,8.77,25300,1.15,8.85,8.72,5983100,52590000.0,0.36,1.5,146.63,146.63,9.54,7.8,0.71
河钢资源,sz000923,22.49,22.53,22.83,12262900.0,22.49,5900,22.5,18800,-0.18,22.98,22.21,12262900,277250000.0,1.95,3.42,141.22,146.8,24.78,20.28,0.67
莱伯泰科,sh688056,37.41,37.0,37.3,51584000.0,37.41,100,37.55,100,1.11,38.35,37.16,51584000,19510000.0,0.76,3.22,25.23,25.23,44.4,29.6,0.6
广立微,sz301095,80.6,80.33,82.0,6152600.0,80.55,800,80.6,5300,0.34,84.0,80.11,6152600,502760000.0,3.53,4.84,140.65,161.43,96.4,64.26,0.81
海晨股份,sz300873,25.3,25.24,25.5,4170500.0,25.28,1800,25.3,600,0.24,25.72,25.15,4170500,106050000.0,2.5,2.26,42.21,58.34,30.29,20.19,0.51
双良节能,sh600481,7.63,7.58,7.7,108296000.0,7.62,346900,7.63,466000,0.66,7.75,7.54,108296000,825630000.0,5.25,2.77,157.5,157.5,8.34,6.82,0.58
新联电子,sz002546,10.81,11.11,11.12,123481300.0,10.81,806300,10.82,194700,-2.7,11.57,10.8,123481300,1379220000.0,15.41,6.93,86.61,90.16,12.22,10.0,1.07
云维股份,sh600725,5.16,5.02,5.1,34994500.0,5.16,66000,5.17,283000,2.79,5.2,5.03,34994500,179820000.0,2.84,3.39,63.6,63.6,5.52,4.52,0.77
和胜股份,sz002824,20.68,20.73,21.19,6498700.0,20.68,300,20.69,7400,-0.24,21.35,20.5,6498700,135270000.0,3.44,4.1,39.12,64.35,22.8,18.66,0.62
*ST原尚,sh603813,36.18,34.46,34.46,607200.0,36.18,229000,0.0,0,4.99,36.18,34.46,607200,21830000.0,0.58,4.99,37.99,37.99,36.18,32.74,0.77
特一药业,sz002728,11.23,11.12,11.24,13130000.0,11.22,60900,11.23,60100,0.99,11.3,11.18,13130000,147550000.0,3.48,1.08,42.32,57.61,12.23,10.01,0.5
优德精密,sz300549,18.17,17.58,17.96,3270700.0,18.17,1000,18.19,3300,3.36,18.4,17.87,3270700,59550000.0,3.24,3.01,18.36,24.23,21.1,14.06,0.96
中联重科,sz000157,9.72,9.57,9.68,70316400.0,9.71,10900,9.72,153600,1.57,9.93,9.64,70316400,686480000.0,0.99,3.03,687.24,840.64,10.53,8.61,0.81
中润光学,sh688307,57.73,58.0,59.5,883154100.0,57.73,1000,57.74,1200,-0.47,62.85,57.52,883154100,528220000.0,9.95,9.19,51.25,51.25,69.6,46.4,1.07
立方制药,sz003020,24.23,23.94,24.42,847200.0,24.23,300,24.24,400,1.21,24.42,24.1,847200,20550000.0,0.62,1.34,33.37,46.08,26.33,21.55,0.46
滨江集团,sz002244,10.57,10.86,10.99,28003100.0,10.57,58700,10.58,15400,-2.67,11.05,10.5,28003100,298260000.0,1.04,5.06,283.9,328.88,11.95,9.77,0.96
TCL中环,sz002129,9.8,9.72,9.86,99404200.0,9.8,466000,9.81,446300,0.82,9.94,9.74,99404200,977040000.0,2.46,2.06,395.92,396.23,10.69,8.75,0.62
佳隆股份,sz002495,2.68,2.65,2.68,23471700.0,2.67,243700,2.68,16600,1.13,2.71,2.66,23471700,62970000.0,3.35,1.89,18.78,25.07,2.92,2.39,0.85
紫建电子,sz301121,40.0,39.25,39.75,2220100.0,39.92,900,40.0,9700,1.91,40.43,39.38,2220100,88590000.0,4.39,2.68,20.24,39.53,47.1,31.4,0.99
佐力药业,sz300181,16.02,15.88,16.05,6209200.0,16.02,13000,16.03,4300,0.88,16.1,15.92,6209200,99390000.0,1.03,1.13,96.59,112.36,19.06,12.7,0.67
力聚热能,sh603391,71.49,70.8,71.89,1219800.0,71.48,100,71.49,4900,0.97,72.8,71.01,1219800,87840000.0,5.36,2.53,16.26,65.06,77.88,63.72,0.83
松原安全,sz300893,23.63,23.3,23.44,3025300.0,23.61,800,23.63,2800,1.42,24.18,23.33,3025300,71970000.0,1.21,3.65,59.28,111.77,27.96,18.64,1.26
辽宁成大,sh600739,11.92,11.99,12.09,12254200.0,11.91,11700,11.92,4300,-0.58,12.17,11.84,12254200,147200000.0,0.8,2.75,182.34,182.34,13.19,10.79,0.74
万顺新材,sz300057,6.13,5.99,6.11,33261200.0,6.12,59500,6.13,64600,2.34,6.22,6.07,33261200,204480000.0,4.59,2.5,44.45,55.03,7.19,4.79,0.43
世纪恒通,sz301428,32.0,31.82,32.43,3052300.0,32.0,800,32.01,2200,0.57,32.5,31.92,3052300,98140000.0,4.99,1.82,19.58,31.57,38.18,25.46,0.6
宝地矿业,sh601121,8.34,8.51,8.65,22048500.0,8.33,47300,8.34,1800,-2.0,8.7,8.28,22048500,186130000.0,5.8,4.94,31.69,76.44,9.36,7.66,0.81
驰宏锌锗,sh600497,10.02,10.23,10.43,154770900.0,10.02,263900,10.03,89100,-2.05,10.47,9.9,154770900,1564600000.0,3.07,5.57,505.05,505.05,11.25,9.21,0.53
桐昆股份,sh601233,22.31,21.71,22.2,60145500.0,22.3,10400,22.31,9700,2.76,22.53,21.92,60145500,1338830000.0,2.53,2.81,529.79,530.76,23.88,19.54,1.15
宝新能源,sz000690,4.65,4.59,4.64,73130100.0,4.64,311600,4.65,127400,1.31,4.68,4.6,73130100,339880000.0,3.36,1.74,101.11,101.18,5.05,4.13,0.83
达刚控股,sz300103,7.53,7.32,7.42,7721900.0,7.52,2900,7.53,12100,2.87,7.6,7.42,7721900,58050000.0,2.43,2.46,23.9,23.92,8.78,5.86,0.52
博深股份,sz002282,7.76,7.59,7.65,8264600.0,7.75,49600,7.76,60200,2.24,7.84,7.65,8264600,64220000.0,1.64,2.5,39.19,40.88,8.35,6.83,1.01
苏州高新,sh600736,6.47,6.39,6.47,18699100.0,6.46,151700,6.47,40200,1.25,6.53,6.44,18699100,121240000.0,1.62,1.41,74.49,74.49,7.03,5.75,0.63
中威电子,sz300270,10.88,10.66,10.85,7394800.0,10.87,1100,10.88,7600,2.06,11.14,10.8,7394800,81090000.0,2.83,3.19,28.39,32.95,12.79,8.53,0.71
东方电子,sz000682,14.4,13.82,14.03,50797200.0,14.39,84000,14.4,84300,4.2,14.55,14.03,50797200,727420000.0,3.79,3.76,193.04,193.06,15.2,12.44,1.89
中国神华,sh601088,45.88,46.11,45.65,51223700.0,45.87,2500,45.88,17400,-0.5,46.3,44.6,51223700,2329530000.0,0.31,3.69,7566.09,9115.68,50.72,41.5,0.93
华蓝集团,sz301027,20.53,22.35,22.54,24166800.0,20.53,8700,20.54,100,-8.14,22.57,19.6,24166800,500740000.0,20.44,13.29,24.28,30.18,26.82,17.88,1.46
国电电力,sh600795,5.07,4.95,4.96,325342500.0,5.07,1451300,5.08,2291100,2.42,5.1,4.96,325342500,1639270000.0,1.82,2.83,904.27,904.27,5.45,4.46,1.11
中自科技,sh688737,27.0,26.73,27.08,159384000.0,27.0,2000,27.01,200,1.01,27.58,26.88,159384000,43360000.0,1.33,2.62,32.28,32.28,32.08,21.38,0.46
金杨精密,sz301210,39.66,39.48,40.01,1630700.0,39.66,300,39.67,2500,0.46,40.23,39.44,1630700,65030000.0,3.75,2.0,17.24,45.46,47.38,31.58,0.59
港迪技术,sz301633,66.77,64.5,65.6,764800.0,66.66,400,66.77,4100,3.52,69.3,65.38,764800,51680000.0,3.0,6.08,17.03,37.18,77.4,51.6,1.79
艾华集团,sh603989,18.88,18.86,19.15,5426500.0,18.88,1900,18.89,200,0.11,19.38,18.73,5426500,103410000.0,1.36,3.45,75.29,75.29,20.75,16.97,0.59
山东路桥,sz000498,6.02,6.01,6.09,14386000.0,6.01,155500,6.02,42600,0.17,6.1,6.01,14386000,87150000.0,0.99,1.5,87.25,93.46,6.61,5.41,0.85
国瓷材料,sz300285,35.51,35.22,36.28,44875500.0,35.51,600,35.52,3100,0.82,36.79,34.9,44875500,1609270000.0,5.33,5.37,298.76,354.05,42.26,28.18,0.64
黑猫股份,sz002068,8.51,8.48,8.63,10936300.0,8.51,103400,8.52,12700,0.35,8.68,8.48,10936300,93340000.0,1.49,2.36,62.55,62.58,9.33,7.63,0.49
德尔股份,sz300473,34.25,33.65,34.02,5114500.0,34.24,500,34.25,9500,1.78,34.75,33.97,5114500,175180000.0,3.4,2.32,51.55,59.14,40.38,26.92,0.84
南方泵业,sz300145,4.95,4.66,4.78,122338300.0,4.95,538200,4.96,679800,6.22,5.04,4.76,122338300,602460000.0,6.4,6.01,94.59,95.05,5.59,3.73,1.14
大为股份,sz002213,27.17,26.98,27.5,13744900.0,27.16,35000,27.17,38200,0.7,27.78,26.91,13744900,375460000.0,6.65,3.22,56.12,64.52,29.68,24.28,0.73
普洛药业,sz000739,17.1,17.07,17.34,6085500.0,17.09,2800,17.1,1300,0.18,17.35,16.93,6085500,104010000.0,0.53,2.46,198.02,198.09,18.78,15.36,0.85
重庆百货,sh600729,22.75,22.75,22.94,3868500.0,22.74,32300,22.75,71000,0.0,23.12,22.65,3868500,88360000.0,2.01,2.07,43.79,100.2,25.03,20.48,0.95
迈威生物-U,sh688062,32.27,31.38,31.8,584357100.0,32.23,2000,32.27,2900,2.84,32.8,31.43,584357100,187460000.0,2.86,4.37,65.89,128.95,37.66,25.1,1.02
齐心集团,sz002301,7.17,7.05,7.14,9672300.0,7.16,22600,7.17,50500,1.7,7.27,7.13,9672300,69420000.0,1.35,1.99,51.48,51.72,7.76,6.35,0.64
德马科技,sh688360,18.28,17.81,18.01,226237000.0,18.28,1500,18.3,6700,2.64,18.47,18.01,226237000,41430000.0,0.9,2.58,46.12,48.21,21.37,14.25,0.55
青岛银行,sz002948,5.32,5.3,5.3,32161900.0,5.31,287700,5.32,124200,0.38,5.34,5.27,32161900,170910000.0,1.03,1.32,165.59,309.64,5.83,4.77,0.59
苏美达,sh600710,13.83,13.12,13.26,32333500.0,13.83,68800,13.84,38100,5.41,13.93,13.14,32333500,438500000.0,2.47,6.02,180.72,180.72,14.43,11.81,1.06
百龙创园,sh605016,23.79,23.72,24.0,2539900.0,23.79,300,23.8,2700,0.3,24.08,23.6,2539900,60310000.0,0.6,2.02,99.92,99.92,26.09,21.35,0.39
亚邦股份,sh603188,5.38,5.37,5.55,19773100.0,5.38,69800,5.39,8700,0.19,5.55,5.36,19773100,107150000.0,3.47,3.54,30.68,30.68,5.91,4.83,0.58
德石股份,sz301158,30.0,32.23,32.0,29334900.0,30.0,57300,30.01,15000,-6.92,32.88,29.47,29334900,890940000.0,20.02,10.58,43.96,45.11,38.68,25.78,1.25
峰岹科技,sh688279,171.8,169.67,174.0,80667100.0,171.8,100,172.08,100,1.26,174.96,170.38,80667100,139510000.0,0.86,2.7,160.73,197.77,203.6,135.74,0.81
海亮股份,sz002203,13.99,14.29,14.52,23745400.0,13.99,54100,14.0,16700,-2.1,14.58,13.9,23745400,335520000.0,1.07,4.76,309.48,320.62,15.72,12.86,0.84
建发股份,sh600153,9.31,9.37,9.44,15126700.0,9.3,14600,9.31,6100,-0.64,9.47,9.27,15126700,141830000.0,0.52,2.13,269.95,269.95,10.31,8.43,0.76
江苏国信,sz002608,8.18,8.13,8.22,21367600.0,8.17,54900,8.18,26900,0.62,8.26,8.13,21367600,175170000.0,0.57,1.6,309.05,309.05,8.94,7.32,0.71
银龙股份,sh603969,10.22,10.14,10.23,7329600.0,10.22,15300,10.23,11500,0.79,10.35,10.17,7329600,75170000.0,0.87,1.78,86.24,87.62,11.15,9.13,0.43
芯朋微,sh688508,62.52,60.66,62.2,433965500.0,62.52,700,62.53,300,3.07,64.19,62.2,433965500,274050000.0,3.3,3.28,82.1,82.1,72.79,48.53,0.84
胜科纳米,sh688757,27.5,27.13,27.33,126951500.0,27.49,2000,27.5,200,1.36,28.5,27.33,126951500,35420000.0,3.62,4.31,9.64,110.91,32.56,21.7,0.71
电气风电,sh688660,14.28,13.36,13.6,3586988700.0,14.28,26500,14.29,40200,6.89,14.49,13.6,3586988700,511020000.0,2.69,6.66,190.4,190.4,16.03,10.69,2.02
远东股份,sh600869,13.46,12.92,13.36,99970700.0,13.46,289100,13.47,45700,4.18,13.93,13.36,99970700,1363500000.0,4.5,4.41,298.72,298.72,14.21,11.63,0.99
智立方,sz301312,87.38,84.5,88.01,7713100.0,87.38,700,87.4,1100,3.41,91.0,82.51,7713100,676840000.0,12.74,10.05,52.91,105.89,101.4,67.6,0.87
盐湖股份,sz000792,36.93,36.23,37.05,74539800.0,36.92,27000,36.93,103200,1.93,37.6,36.44,74539800,2757370000.0,1.41,3.2,1954.17,1954.18,39.85,32.61,0.56
新莱福,sz301323,57.53,57.85,58.87,1636500.0,57.51,400,57.53,100,-0.55,59.23,57.21,1636500,95190000.0,2.42,3.49,38.93,60.75,69.42,46.28,0.77
新劲刚,sz300629,24.55,24.98,25.5,12677800.0,24.54,10500,24.55,14200,-1.72,25.61,24.4,12677800,313260000.0,5.85,4.84,53.23,61.72,29.98,19.98,0.6
新雷能,sz300593,30.55,30.46,31.08,16828300.0,30.53,1600,30.55,7200,0.3,31.59,30.0,16828300,518870000.0,3.74,5.22,137.56,165.73,36.55,24.37,0.62
久立特材,sz002318,33.97,33.8,34.3,7277300.0,33.96,100,33.97,9800,0.5,34.46,33.55,7277300,246600000.0,0.76,2.69,324.4,331.94,37.18,30.42,0.62
奥翔药业,sh603229,9.22,9.17,9.38,3756000.0,9.22,69400,9.23,11900,0.55,9.38,9.2,3756000,34780000.0,0.45,1.96,76.55,76.55,10.09,8.25,0.65
香农芯创,sz300475,138.35,140.52,145.52,25389300.0,138.34,200,138.35,17600,-1.54,145.98,137.5,25389300,3599190000.0,5.7,6.03,616.18,643.17,168.62,112.42,1.11
通合科技,sz300491,27.47,26.41,26.92,8832500.0,27.47,200,27.48,1800,4.01,27.72,26.9,8832500,241380000.0,5.66,3.1,42.85,48.26,31.69,21.13,0.93
中盐化工,sh600328,9.27,9.2,9.32,28522600.0,9.27,352600,9.28,135900,0.76,9.37,9.15,28522600,264160000.0,1.95,2.39,135.93,135.93,10.12,8.28,0.68
光智科技,sz300489,44.0,41.72,42.28,5394300.0,44.0,29900,44.01,3700,5.47,44.45,42.28,5394300,234850000.0,3.93,5.2,60.35,60.58,50.06,33.38,2.22
晶澳科技,sz002459,12.06,11.81,11.98,78195800.0,12.06,25000,12.07,192100,2.12,12.17,11.78,78195800,937190000.0,2.37,3.3,398.67,399.15,12.99,10.63,1.02
江苏华辰,sh603097,37.32,36.61,37.24,6465200.0,37.32,19000,37.33,17400,1.94,38.36,37.0,6465200,244050000.0,4.04,3.71,59.71,61.64,40.27,32.95,1.1
振华科技,sz000733,52.93,52.4,53.6,14328700.0,52.93,8000,52.94,200,1.01,53.95,52.58,14328700,761930000.0,2.59,2.61,293.28,293.32,57.64,47.16,0.57
六九一二,sz301592,124.28,127.16,124.0,1615200.0,124.25,500,124.28,7000,-2.26,126.5,124.0,1615200,201290000.0,6.91,1.97,29.03,87.0,152.59,101.73,1.06
科泰电源,sz300153,36.99,35.1,35.83,32450900.0,36.99,7600,37.0,84300,5.38,37.38,35.3,32450900,1185310000.0,10.19,5.93,117.75,118.37,42.12,28.08,0.93
美迪西,sh688202,66.37,65.71,67.0,290906100.0,66.35,1000,66.37,12100,1.0,68.94,65.9,290906100,196300000.0,2.17,4.63,89.17,89.17,78.85,52.57,0.99
紫金矿业,sh601899,37.67,37.96,38.46,260659900.0,37.67,35800,37.68,297300,-0.76,38.48,37.2,260659900,9848040000.0,1.27,3.37,7760.36,10016.35,41.76,34.16,0.79
中农立华,sh603970,13.52,13.75,13.87,4105000.0,13.51,22400,13.52,3900,-1.67,14.04,13.5,4105000,56200000.0,1.53,3.93,36.34,36.34,15.13,12.38,1.07
聚石化学,sh688669,28.45,28.01,28.45,220055300.0,28.43,4500,28.45,600,1.57,28.63,27.9,220055300,62250000.0,1.81,2.61,34.52,34.52,33.61,22.41,0.45
沃特股份,sz002886,23.53,23.28,23.87,6737600.0,23.53,4000,23.54,7100,1.07,24.2,23.37,6737600,160120000.0,3.22,3.57,49.2,61.93,25.61,20.95,0.44
国信证券,sz002736,12.08,11.99,12.13,25605900.0,12.08,90400,12.09,24400,0.75,12.17,11.98,25605900,309440000.0,0.27,1.58,1161.18,1237.2,13.19,10.79,0.68
皖天然气,sh603689,8.76,8.94,8.98,25346400.0,8.76,13400,8.77,92700,-2.01,9.07,8.66,25346400,222860000.0,4.86,4.59,45.65,46.08,9.83,8.05,1.05
博亚精工,sz300971,24.46,24.54,25.05,4538600.0,24.45,1000,24.46,500,-0.33,25.22,24.28,4538600,112220000.0,4.93,3.83,22.52,28.76,29.45,19.63,0.99
科隆股份,sz300405,7.22,6.95,7.01,17452300.0,7.22,91900,7.23,14500,3.88,7.34,7.01,17452300,125500000.0,7.98,4.75,15.8,20.53,8.34,5.56,1.16
红星发展,sh600367,24.45,24.99,24.98,66549500.0,24.44,7100,24.45,5900,-2.16,25.23,22.82,66549500,1580000000.0,20.67,9.64,78.72,83.41,27.49,22.49,1.29
ST通葡,sh600365,3.15,3.07,3.09,5785700.0,3.14,168800,3.15,25700,2.61,3.18,3.09,5785700,18160000.0,1.35,2.93,13.46,14.3,3.22,2.92,1.16
华融化学,sz301256,14.8,14.72,14.99,9486100.0,14.8,46100,14.81,400,0.54,15.2,14.7,9486100,141480000.0,1.98,3.4,71.04,71.04,17.66,11.78,0.56
安徽凤凰,bj920000,17.92,17.74,17.97,732000.0,17.9,2000,17.92,600,1.01,18.06,17.8,732000,13124400.0,1.27,1.47,10.32,16.43,23.06,12.42,1.03
金龙羽,sz002882,30.89,30.14,30.6,5696200.0,30.89,4600,30.9,60200,2.49,31.43,30.55,5696200,176870000.0,2.31,2.92,76.22,133.72,33.15,27.13,1.15
双箭股份,sz002381,6.9,6.77,6.87,6128600.0,6.9,18400,6.91,16100,1.92,6.97,6.81,6128600,42320000.0,1.91,2.36,22.11,28.4,7.45,6.09,0.82
南京高科,sh600064,8.61,8.56,8.65,21881900.0,8.61,71900,8.62,132400,0.58,8.7,8.59,21881900,189310000.0,1.26,1.29,148.98,148.98,9.42,7.7,1.03
太阳纸业,sz002078,16.52,16.53,16.79,22549700.0,16.51,7400,16.52,56100,-0.06,16.81,16.45,22549700,374760000.0,0.81,2.18,458.83,461.66,18.18,14.88,0.74
嘉化能源,sh600273,10.77,10.72,10.85,23026800.0,10.76,1900,10.77,19000,0.47,10.93,10.65,23026800,248080000.0,1.7,2.61,146.14,146.14,11.79,9.65,0.77
雅克科技,sz002409,93.12,90.56,93.49,12178100.0,93.06,200,93.12,2400,2.83,95.77,91.72,12178100,1139530000.0,3.82,4.47,296.61,443.18,99.62,81.5,0.92
凯赛生物,sh688065,51.7,53.45,54.25,820313700.0,51.68,8600,51.7,4800,-3.27,54.49,51.28,820313700,429840000.0,1.41,6.01,301.61,372.91,64.14,42.76,1.31
日科化学,sz300214,7.36,7.32,7.48,9604500.0,7.36,12100,7.37,59300,0.55,7.66,7.33,9604500,71450000.0,2.07,4.51,34.22,34.22,8.78,5.86,0.78
三力制药,sh603439,11.64,11.5,11.66,1694000.0,11.63,13100,11.64,17200,1.22,11.69,11.58,1694000,19690000.0,0.42,0.96,47.01,47.6,12.65,10.35,0.59
指南针,sz300803,110.75,111.98,113.9,17685200.0,110.74,3700,110.75,4100,-1.1,114.2,109.6,17685200,1967050000.0,2.92,4.11,670.41,675.34,134.38,89.58,1.1
财通证券,sh601108,8.26,8.26,8.36,32426700.0,8.26,118300,8.27,87600,0.0,8.37,8.24,32426700,269250000.0,0.7,1.57,383.57,383.57,9.09,7.43,0.71
天士力,sh600535,13.89,13.82,13.95,8496300.0,13.89,25400,13.9,19500,0.51,13.98,13.83,8496300,118060000.0,0.57,1.09,207.51,207.51,15.2,12.44,0.77
容大感光,sz300576,37.77,37.16,38.0,8433900.0,37.76,29700,37.77,82300,1.64,38.62,37.5,8433900,320990000.0,3.63,3.01,87.87,138.38,44.59,29.73,0.77
芯联集成-U,sh688469,7.09,6.94,7.14,11345603100.0,7.08,539600,7.09,40200,2.16,7.26,7.02,11345603100,812730000.0,2.56,3.46,314.07,594.33,8.33,5.55,0.82
壹石通,sh688733,29.33,29.33,29.85,481015100.0,29.32,1000,29.33,2800,0.0,30.21,28.7,481015100,142090000.0,2.41,5.15,58.59,58.59,35.2,23.46,1.0
汇创达,sz300909,47.42,45.65,46.8,4958100.0,47.42,800,47.43,4700,3.88,48.87,46.03,4958100,236410000.0,4.06,6.22,57.95,82.02,54.78,36.52,0.41
极米科技,sh688696,92.56,92.98,94.55,117716700.0,92.56,0,92.64,400,-0.45,94.88,92.17,117716700,109460000.0,1.68,2.91,64.81,64.81,111.58,74.38,0.85
浙能电力,sh600023,5.49,5.41,5.45,109397200.0,5.48,249800,5.49,87700,1.48,5.52,5.42,109397200,599600000.0,0.82,1.85,736.14,736.14,5.95,4.87,0.76
崇达技术,sz002815,14.84,14.68,15.0,38636300.0,14.83,64200,14.84,72600,1.09,15.24,14.72,38636300,579990000.0,4.97,3.54,115.33,183.15,16.15,13.21,0.8
蕾奥规划,sz300989,15.17,15.02,15.2,3469500.0,15.17,16300,15.18,3000,1.0,15.59,15.15,3469500,53220000.0,2.3,2.93,22.85,32.0,18.02,12.02,0.82
首创证券,sh601136,17.3,17.24,17.46,5933100.0,17.3,114300,17.31,29500,0.35,17.5,17.24,5933100,102780000.0,0.22,1.51,472.87,472.87,18.96,15.52,0.44
吉贝尔,sh688566,28.5,28.73,28.95,138222900.0,28.48,800,28.5,1300,-0.8,29.0,28.39,138222900,39660000.0,0.69,2.12,56.84,56.84,34.48,22.98,0.94
鲁西化工,sz000830,18.73,18.81,18.99,37015000.0,18.73,40500,18.74,15700,-0.43,19.17,18.22,37015000,690750000.0,1.94,5.05,356.65,356.68,20.69,16.93,0.75
京沪高铁,sh601816,5.02,5.04,5.03,145074600.0,5.01,1993500,5.02,188300,-0.4,5.05,4.99,145074600,727950000.0,0.3,1.19,2456.07,2456.07,5.54,4.54,0.56
中国建筑,sh601668,5.0,4.97,4.99,262669600.0,4.99,1950400,5.0,1803700,0.6,5.02,4.95,262669600,1309540000.0,0.64,1.41,2066.02,2066.02,5.47,4.47,0.75
国联股份,sh603613,25.75,25.27,25.67,7351500.0,25.74,24400,25.75,2200,1.9,25.93,25.53,7351500,188920000.0,1.02,1.58,185.54,185.54,27.8,22.74,0.75
路维光电,sh688401,54.43,51.07,52.05,570633800.0,54.39,700,54.43,20700,6.58,56.6,52.0,570633800,310610000.0,2.95,9.01,105.24,105.24,61.28,40.86,1.58
中国国贸,sh600007,19.68,19.8,19.86,2664300.0,19.68,36800,19.71,700,-0.61,19.89,19.67,2664300,52610000.0,0.26,1.11,198.23,198.23,21.78,17.82,1.1
顺钠股份,sz000533,13.53,12.3,13.53,7989000.0,13.53,31954300,0.0,0,10.0,13.53,13.53,7989000,108090000.0,1.17,0.0,92.67,93.47,13.53,11.07,0.11
威迈斯,sh688612,28.22,27.95,28.42,290598300.0,28.21,6200,28.22,2800,0.97,28.54,28.03,290598300,82140000.0,1.15,1.82,71.27,118.29,33.54,22.36,0.73
国安达,sz300902,19.38,19.12,19.41,3577100.0,19.37,6400,19.38,1500,1.36,19.61,19.24,3577100,69540000.0,2.95,1.94,23.5,35.23,22.94,15.3,0.83
亿田智能,sz300911,46.31,43.01,44.69,15762600.0,46.31,200,46.32,100,7.67,48.87,42.24,15762600,712090000.0,9.2,15.42,79.35,84.9,51.61,34.41,1.2
仙鹤股份,sh603733,24.22,24.2,24.26,4091500.0,24.22,2500,24.24,1000,0.08,24.59,24.08,4091500,99390000.0,0.58,2.11,171.41,171.41,26.62,21.78,0.68
南京化纤,sh600889,16.47,16.38,16.62,4007100.0,16.47,500,16.48,4100,0.55,16.7,16.39,4007100,66270000.0,1.09,1.89,60.34,60.34,18.02,14.74,0.42
好利科技,sz002729,18.16,17.92,18.3,6931700.0,18.15,3400,18.16,11600,1.34,18.6,18.08,6931700,127320000.0,3.95,2.9,31.86,33.23,19.71,16.13,0.99
世华科技,sh688093,34.62,34.86,35.5,266927200.0,34.62,0,34.63,1500,-0.69,35.91,34.21,266927200,93560000.0,1.02,4.88,90.92,97.07,41.83,27.89,0.8
大博医疗,sz002901,45.33,45.4,46.51,1369100.0,45.31,900,45.33,4600,-0.15,46.51,45.1,1369100,62520000.0,0.47,3.11,130.77,187.68,49.94,40.86,0.76
沪电股份,sz002463,76.45,76.0,78.01,73087700.0,76.44,5100,76.45,143100,0.59,79.31,75.62,73087700,5665740000.0,3.8,4.86,1469.99,1471.18,83.6,68.4,0.73
招商轮船,sh601872,17.46,17.71,17.34,300505800.0,17.45,1020000,17.46,138300,-1.41,18.4,16.5,300505800,5301960000.0,3.72,10.73,1409.81,1409.81,19.48,15.94,0.92
建发致新,sz301584,27.4,27.46,27.68,1655200.0,27.39,1800,27.4,11300,-0.22,27.77,27.29,1655200,45540000.0,3.28,1.75,13.82,115.43,32.95,21.97,0.8
联合化学,sz301209,92.76,92.2,92.88,686200.0,92.76,200,92.78,1800,0.61,94.32,91.93,686200,63920000.0,1.26,2.59,50.46,103.89,110.64,73.76,0.75
光力科技,sz300480,29.33,25.94,27.0,37377800.0,29.32,6100,29.33,50900,13.07,29.5,26.0,37377800,1048090000.0,15.1,13.49,72.6,103.48,31.13,20.75,1.49
恒烁股份,sh688416,90.0,87.3,90.4,504643300.0,90.0,400,90.09,23900,3.09,94.5,87.88,504643300,460800000.0,6.08,7.58,74.71,74.71,104.76,69.84,0.99
美丽生态,sz000010,4.32,4.42,4.56,137511500.0,4.32,144000,4.33,76100,-2.26,4.57,4.28,137511500,599450000.0,16.22,6.56,36.64,49.66,4.86,3.98,1.23
藏格矿业,sz000408,80.93,80.97,81.81,13524000.0,80.93,3800,80.99,400,-0.05,82.48,80.35,13524000,1099790000.0,0.86,2.63,1270.77,1270.78,89.07,72.87,0.66
西藏天路,sh600326,10.68,10.44,10.53,27650400.0,10.68,192200,10.69,170100,2.3,10.79,10.53,27650400,294690000.0,2.03,2.49,145.51,145.51,11.48,9.4,0.86
恒勃股份,sz301225,122.4,124.56,125.44,1447300.0,122.39,100,123.0,500,-1.73,126.62,122.03,1447300,179450000.0,4.84,3.68,36.58,126.54,149.47,99.65,0.85
宏润建设,sz002062,8.96,9.02,9.17,13978500.0,8.95,135100,8.96,126900,-0.67,9.21,8.95,13978500,126370000.0,1.24,2.88,100.77,110.86,9.92,8.12,0.59
鲁抗医药,sh600789,8.69,8.61,8.7,14446100.0,8.68,168200,8.69,50300,0.93,8.74,8.64,14446100,125550000.0,1.61,1.16,78.09,90.83,9.47,7.75,0.68
物产中大,sh600704,5.54,5.54,5.61,70621300.0,5.54,287600,5.55,299200,0.0,5.63,5.53,70621300,393110000.0,1.37,1.81,286.48,286.48,6.09,4.99,0.9
日月股份,sh603218,14.21,13.87,14.0,11731500.0,14.21,4200,14.22,24100,2.45,14.32,13.96,11731500,166310000.0,1.14,2.6,146.08,146.41,15.26,12.48,1.04
豪江智能,sz301320,18.27,17.59,17.59,7713600.0,18.27,13300,18.28,20500,3.87,19.01,17.59,7713600,142160000.0,11.31,8.07,12.46,33.25,21.11,14.07,2.47
顺博合金,sz002996,8.21,7.82,8.02,27489800.0,8.2,15600,8.21,170400,4.99,8.37,7.99,27489800,225860000.0,6.77,4.86,33.31,54.96,8.6,7.04,1.78
明星电力,sh600101,11.32,11.14,11.25,81639200.0,11.31,80800,11.32,163500,1.62,11.64,11.2,81639200,930460000.0,14.9,3.95,62.02,62.02,12.25,10.03,1.5
交通银行,sh601328,6.72,6.66,6.63,168188400.0,6.71,1255500,6.72,982100,0.9,6.75,6.61,168188400,1124300000.0,0.65,2.1,1752.07,5938.05,7.33,5.99,0.81
青云科技-U,sh688316,70.95,70.4,71.9,472080200.0,70.94,18600,70.95,6900,0.78,72.89,69.75,472080200,335770000.0,9.86,4.46,33.98,33.98,84.48,56.32,0.86
世运电路,sh603920,56.44,56.99,58.5,27104200.0,56.43,4500,56.44,3400,-0.97,58.8,55.9,27104200,1547970000.0,3.76,5.09,406.7,406.7,62.69,51.29,0.65
醋化股份,sh603968,13.95,14.57,14.71,12874300.0,13.95,6700,13.96,8500,-4.26,14.81,13.86,12874300,182360000.0,6.3,6.52,28.52,28.52,16.03,13.11,0.8
海泰新光,sh688677,40.71,40.97,41.49,136776000.0,40.71,4900,40.85,100,-0.63,41.78,40.66,136776000,56340000.0,1.14,2.73,48.8,48.8,49.16,32.78,0.72
国际实业,sz000159,7.27,7.25,7.26,55185500.0,7.27,137600,7.28,74100,0.28,7.54,7.07,55185500,400700000.0,11.48,6.48,34.94,34.95,7.98,6.53,0.8
海星股份,sh603115,29.8,29.99,30.61,16114100.0,29.8,118700,29.89,100,-0.63,31.2,29.22,16114100,484140000.0,6.66,6.6,72.08,72.08,32.99,26.99,1.18
金岭矿业,sz000655,10.77,10.8,11.02,9518200.0,10.77,29000,10.78,10000,-0.28,11.04,10.69,9518200,102910000.0,1.6,3.24,64.12,64.12,11.88,9.72,0.57
欣贺股份,sz003016,8.37,8.27,8.35,3631800.0,8.36,10800,8.37,19200,1.21,8.46,8.32,3631800,30450000.0,0.88,1.69,34.39,35.2,9.1,7.44,0.66
燕麦科技,sh688312,54.22,57.14,57.77,1298048400.0,54.22,25200,54.23,92500,-5.11,58.6,53.68,1298048400,726130000.0,8.9,8.61,79.04,79.04,68.57,45.71,1.19
南京银行,sh601009,11.28,11.35,11.32,30217600.0,11.28,35300,11.29,6800,-0.62,11.36,11.21,30217600,340830000.0,0.24,1.32,1394.61,1394.61,12.49,10.22,0.59
金风科技,sz002202,28.0,27.01,27.6,241512700.0,28.0,394200,28.01,426000,3.67,28.15,27.11,241512700,6698630000.0,7.18,3.85,941.78,1182.66,29.71,24.31,0.87
*ST天择,sh603721,20.59,20.89,21.16,1689800.0,20.59,6900,20.6,200,-1.44,21.2,20.45,1689800,35150000.0,1.3,3.59,26.77,26.77,21.93,19.85,1.06
南京聚隆,sz300644,31.95,31.48,32.07,2528900.0,31.95,1400,32.0,500,1.49,32.4,31.6,2528900,80930000.0,2.9,2.54,27.85,35.35,37.78,25.18,0.74
力生制药,sz002393,21.54,21.51,21.81,3532000.0,21.53,2400,21.54,40900,0.14,22.02,21.45,3532000,76950000.0,1.41,2.65,53.91,55.48,23.66,19.36,0.93
欧圣电气,sz301187,22.39,22.28,22.98,1410700.0,22.38,2800,22.39,800,0.49,22.98,22.24,1410700,31820000.0,0.55,3.32,57.08,57.08,26.74,17.82,0.7
农业银行,sh601288,6.74,6.68,6.56,439542800.0,6.73,1795600,6.74,3293100,0.9,6.75,6.55,439542800,2939660000.0,0.14,2.99,21517.06,23588.86,7.35,6.01,0.93
天安新材,sh603725,9.91,9.89,9.97,5674900.0,9.91,2700,9.92,13000,0.2,10.18,9.86,5674900,56810000.0,1.98,3.24,28.41,30.21,10.88,8.9,0.82
第一医药,sh600833,12.47,12.32,12.43,2673500.0,12.46,2300,12.47,1200,1.22,12.58,12.42,2673500,33420000.0,1.2,1.3,27.82,27.82,13.55,11.09,0.7
*ST宝实,sz000595,6.23,6.18,6.25,7291200.0,6.22,54200,6.23,32900,0.81,6.29,6.2,7291200,45510000.0,0.64,1.46,70.94,70.94,6.49,5.87,0.67
中信证券,sh600030,26.21,26.14,26.33,81899100.0,26.2,103000,26.21,40900,0.27,26.44,26.1,81899100,2150430000.0,0.67,1.3,3191.47,3884.47,28.75,23.53,0.62
科华数据,sz002335,57.88,56.67,57.87,17192000.0,57.88,130800,57.89,46500,2.14,58.23,56.71,17192000,990350000.0,3.78,2.68,263.16,298.32,62.34,51.0,0.63
三柏硕,sz001300,15.94,15.93,16.18,1949100.0,15.94,600,15.95,4100,0.06,16.39,15.85,1949100,31250000.0,0.8,3.39,38.86,38.86,17.52,14.34,0.54
通宝能源,sh600780,6.58,6.52,6.59,27738900.0,6.57,13400,6.58,174100,0.92,6.68,6.54,27738900,183270000.0,2.42,2.15,75.44,75.44,7.17,5.87,1.13
海油发展,sh600968,5.23,5.63,5.41,325379600.0,5.23,1089400,5.24,425300,-7.1,5.49,5.11,325379600,1713060000.0,3.2,6.75,531.63,531.63,6.19,5.07,1.38
柳化股份,sh600423,3.84,3.88,3.92,16960600.0,3.84,173500,3.85,407700,-1.03,3.94,3.83,16960600,65560000.0,2.12,2.84,30.67,30.67,4.27,3.49,0.92
中国化学,sh601117,9.16,9.15,9.28,135963100.0,9.16,327100,9.17,125200,0.11,9.31,9.11,135963100,1249090000.0,2.24,2.19,555.97,559.37,10.07,8.24,0.79
升达林业,sz002259,5.53,5.52,5.6,41629500.0,5.53,31300,5.54,25800,0.18,5.63,5.39,41629500,230240000.0,5.53,4.35,41.6,41.6,6.07,4.97,0.78
药石科技,sz300725,36.62,36.38,36.93,4906700.0,36.61,2000,36.62,7700,0.66,37.09,36.37,4906700,180200000.0,2.42,1.98,74.23,85.62,43.66,29.1,0.68
润泽科技,sz300442,94.7,94.6,99.48,81984600.0,94.7,7800,94.71,100,0.11,99.5,93.18,81984600,7855290000.0,5.03,6.68,1542.07,1547.72,113.52,75.68,0.75
佰奥智能,sz300836,61.5,60.04,61.24,2160000.0,61.5,1000,61.67,700,2.43,62.88,60.6,2160000,133170000.0,3.42,3.8,38.87,57.0,72.05,48.03,0.87
伊之密,sz300415,27.75,27.11,27.56,19303300.0,27.74,17300,27.75,68700,2.36,28.1,27.56,19303300,537500000.0,4.26,1.99,125.73,130.03,32.53,21.69,1.29
同和药业,sz300636,7.89,7.81,7.9,4988000.0,7.88,5700,7.89,7600,1.02,7.98,7.87,4988000,39560000.0,1.36,1.41,28.98,33.13,9.37,6.25,0.71
概伦电子,sh688206,34.66,33.01,33.56,622793500.0,34.66,19500,34.68,3400,5.0,35.9,33.56,622793500,216570000.0,1.43,7.09,150.83,150.83,39.61,26.41,1.21
海南华铁,sh603300,7.11,6.97,7.08,59285000.0,7.1,428200,7.11,277500,2.01,7.18,7.04,59285000,421240000.0,2.97,2.01,141.98,141.98,7.67,6.27,0.63
三旺通信,sh688618,32.19,31.47,32.1,119765600.0,32.11,1000,32.19,18000,2.29,32.86,32.0,119765600,38850000.0,1.09,2.73,35.42,35.47,37.76,25.18,0.61
雷迪克,sz300652,46.24,45.55,46.43,1908900.0,46.24,5900,46.25,300,1.51,46.98,46.05,1908900,88670000.0,1.59,2.04,55.36,61.68,54.66,36.44,0.74
五洲特纸,sh605007,16.93,15.8,16.0,26867700.0,16.93,55900,16.94,78400,7.15,17.15,15.51,26867700,445280000.0,6.69,10.38,67.98,80.54,17.38,14.22,1.09
泰恩康,sz301263,28.91,28.74,29.16,2806600.0,28.91,200,28.92,3200,0.59,29.41,28.51,2806600,80880000.0,0.92,3.13,87.77,123.01,34.49,22.99,0.7
大西洋,sh600558,6.32,6.15,6.23,20301200.0,6.31,49400,6.32,95200,2.76,6.39,6.23,20301200,128010000.0,2.26,2.6,56.73,56.73,6.77,5.54,0.81
上海电力,sh600021,21.99,20.72,21.1,133048300.0,21.99,133000,22.0,1257500,6.13,22.36,21.07,133048300,2918960000.0,4.72,6.23,620.39,620.39,22.79,18.65,1.91
工商银行,sh601398,7.11,7.08,7.04,264204900.0,7.11,1328800,7.12,3929600,0.42,7.14,7.03,264204900,1876840000.0,0.1,1.55,19169.43,25340.48,7.79,6.37,0.68
金花股份,sh600080,8.2,8.6,8.68,15412500.0,8.2,43900,8.21,12200,-4.65,8.71,8.14,15412500,128920000.0,4.13,6.63,30.61,30.61,9.46,7.74,1.08
满坤科技,sz301132,38.29,38.18,39.1,5697300.0,38.28,10600,38.3,1200,0.29,39.68,37.95,5697300,221670000.0,6.01,4.53,36.27,56.7,45.82,30.54,0.68
海兴电力,sh603556,39.82,38.24,38.75,7787700.0,39.78,200,39.82,7500,4.13,40.2,38.73,7787700,307600000.0,1.6,3.84,193.63,193.63,42.06,34.42,1.67
北方稀土,sh600111,55.38,56.0,56.69,99340400.0,55.37,52600,55.38,14800,-1.11,56.88,54.6,99340400,5523240000.0,2.75,4.07,2002.02,2002.02,61.6,50.4,0.51
中熔电气,sz301031,141.27,140.64,142.1,2061400.0,141.2,600,141.27,200,0.45,144.43,139.8,2061400,292770000.0,3.0,3.29,97.22,138.9,168.77,112.51,0.79
银星能源,sz000862,7.31,7.34,7.92,167928400.0,7.31,24700,7.32,40300,-0.41,7.93,7.24,167928400,1259350000.0,26.74,9.4,45.9,67.1,8.07,6.61,2.84
华鲁恒升,sh600426,39.27,40.35,39.3,33944700.0,39.27,124600,39.28,8600,-2.68,39.97,37.68,33944700,1314880000.0,1.6,5.68,832.31,833.78,44.39,36.32,0.96
*ST波导,sh600130,4.66,4.47,4.51,27153900.0,4.65,79500,4.66,97100,4.25,4.69,4.5,27153900,125750000.0,3.62,4.25,34.95,34.95,4.69,4.25,1.67
新农股份,sz002942,20.71,20.89,21.21,2223600.0,20.71,20200,20.72,1800,-0.86,21.41,20.61,2223600,46400000.0,1.62,3.83,28.42,32.28,22.98,18.8,0.64
天山电子,sz301379,27.22,26.25,26.87,4823500.0,27.21,17200,27.22,4700,3.7,27.86,26.77,4823500,132340000.0,3.79,4.15,34.66,53.96,31.5,21.0,0.8
惠柏新材,sz301555,37.57,34.91,35.93,6925400.0,37.56,100,37.57,14100,7.62,38.5,35.71,6925400,260140000.0,14.32,7.99,18.16,34.66,41.89,27.93,1.38
久盛电气,sz301082,19.76,18.95,19.21,14961300.0,19.76,2600,19.78,1700,4.27,20.09,19.21,14961300,295310000.0,7.15,4.64,41.34,44.72,22.74,15.16,2.14
长城证券,sz002939,9.32,9.33,9.48,18847400.0,9.32,233300,9.33,55400,-0.11,9.48,9.3,18847400,176470000.0,0.52,1.93,335.77,376.01,10.26,8.4,0.73
佰仁医疗,sh688198,100.75,100.04,101.1,19627900.0,100.6,3700,100.75,2600,0.71,101.96,100.33,19627900,19830000.0,0.14,1.63,138.78,138.78,120.05,80.03,0.44
锦盛新材,sz300849,20.54,20.61,21.01,4987800.0,20.54,1800,20.55,100,-0.34,21.76,20.33,4987800,104220000.0,4.11,6.94,24.95,30.81,24.73,16.49,1.15
佛燃能源,sz002911,15.58,15.99,15.71,32346400.0,15.58,59500,15.6,18100,-2.56,15.95,14.9,32346400,498540000.0,2.55,6.57,197.78,202.29,17.59,14.39,1.82
三七互娱,sz002555,23.03,22.47,22.89,50569900.0,23.02,21400,23.03,765700,2.49,23.32,22.57,50569900,1160810000.0,3.16,3.34,368.24,509.48,24.72,20.22,0.96
莱特光电,sh688150,35.54,34.03,34.96,1715373200.0,35.54,40900,35.55,6300,4.44,36.72,34.68,1715373200,613340000.0,4.26,5.99,143.03,143.03,40.84,27.22,0.91
特变电工,sh600089,32.78,30.87,31.4,552995700.0,32.77,1757700,32.78,573900,6.19,33.28,31.4,552995700,17939990000.0,10.94,6.09,1656.31,1656.31,33.96,27.78,1.59
荣昌生物,sh688331,93.0,88.69,90.37,524581200.0,92.99,300,93.0,3400,4.86,93.96,89.55,524581200,482570000.0,3.22,4.97,151.68,524.96,106.43,70.95,1.04
新兴铸管,sz000778,5.06,5.09,5.15,60688600.0,5.06,18900,5.07,313500,-0.59,5.2,5.03,60688600,309570000.0,1.56,3.34,197.02,200.54,5.6,4.58,0.7
德冠新材,sz001378,25.06,24.57,24.84,2034200.0,25.03,500,25.06,3000,1.99,25.25,24.81,2034200,50980000.0,3.15,1.79,16.17,33.41,27.03,22.11,0.78
梦天家居,sh603216,37.5,37.45,37.71,2732700.0,37.5,2200,37.51,600,0.13,38.07,37.19,2732700,102500000.0,1.23,2.35,83.51,83.51,41.2,33.71,0.48
三达膜,sh688101,16.84,16.46,16.69,286773900.0,16.83,600,16.84,6700,2.31,16.96,16.66,286773900,48200000.0,0.86,1.82,55.91,55.91,19.75,13.17,0.58
隆华科技,sz300263,11.58,11.2,11.45,57596900.0,11.58,221100,11.59,29700,3.39,11.85,11.44,57596900,670020000.0,5.9,3.66,112.97,119.85,13.44,8.96,0.79
中国交建,sh601800,7.97,7.9,7.93,28964900.0,7.97,83000,7.98,201900,0.89,8.02,7.92,28964900,230960000.0,0.25,1.27,938.74,1297.09,8.69,7.11,0.72
凯恩股份,sz002012,7.21,7.02,7.15,15892700.0,7.2,31900,7.21,71500,2.71,7.34,7.07,15892700,114100000.0,3.4,3.85,33.66,33.72,7.72,6.32,0.76
拓尔思,sz300229,20.74,20.76,21.3,37118300.0,20.73,21100,20.74,77100,-0.1,21.4,20.44,37118300,774180000.0,4.25,4.62,181.07,181.19,24.91,16.61,0.63
宿迁联盛,sh603065,9.17,8.76,9.15,19170100.0,9.17,21700,9.18,243400,4.68,9.35,8.93,19170100,175170000.0,9.75,4.79,18.03,38.42,9.64,7.88,1.2
汇川技术,sz300124,70.39,67.99,71.4,37573400.0,70.38,44800,70.39,13300,3.53,71.69,69.77,37573400,2651150000.0,1.57,2.82,1688.35,1905.62,81.59,54.39,1.39
国元证券,sz000728,7.87,7.87,7.97,24399100.0,7.87,125400,7.88,105500,0.0,7.97,7.85,24399100,192680000.0,0.56,1.52,343.43,343.43,8.66,7.08,0.77
奇德新材,sz300995,37.4,36.74,37.34,1118000.0,37.4,800,37.42,4700,1.8,37.86,37.07,1118000,41960000.0,1.86,2.15,22.46,31.47,44.09,29.39,0.8
衢州东峰,sh601515,4.54,4.46,4.54,28646500.0,4.53,54000,4.54,432600,1.79,4.58,4.49,28646500,129950000.0,1.49,2.02,87.37,87.37,4.91,4.01,0.78
瑞华技术,bj920099,35.55,35.52,35.0,3450500.0,35.55,1700,35.58,3300,0.08,36.77,34.23,3450500,122501000.0,7.06,7.15,17.37,27.87,46.17,24.87,0.96
怡合达,sz301029,27.98,27.12,27.7,13387400.0,27.97,12800,27.98,12200,3.17,28.78,27.5,13387400,375400000.0,2.9,4.72,129.23,177.45,32.54,21.7,1.0
中船防务,sh600685,35.6,35.68,35.95,16841100.0,35.59,600,35.6,13300,-0.22,36.34,35.33,16841100,601940000.0,2.05,2.83,292.43,503.21,39.25,32.11,0.58
三棵树,sh603737,49.36,50.02,50.49,3857400.0,49.35,4600,49.36,200,-1.32,50.66,48.91,3857400,191690000.0,0.52,3.5,364.19,364.19,55.02,45.02,0.83
福赛科技,sz301529,113.6,113.66,115.82,1747500.0,113.54,200,113.6,2300,-0.05,119.34,111.95,1747500,199910000.0,3.86,6.5,51.39,96.38,136.39,90.93,0.78
新巨丰,sz301296,8.19,8.17,8.27,6116800.0,8.18,16000,8.19,37600,0.24,8.3,8.12,6116800,50250000.0,2.08,2.2,24.05,34.79,9.8,6.54,1.26
诺力股份,sh603611,23.23,22.8,23.1,3112900.0,23.21,1300,23.23,500,1.89,23.5,23.1,3112900,72490000.0,1.21,1.75,59.84,59.84,25.08,20.52,0.6
华大九天,sz301269,94.98,93.65,94.94,3097700.0,94.98,1100,94.99,2000,1.42,96.25,94.53,3097700,295360000.0,0.57,1.84,518.06,518.06,112.38,74.92,0.75
中原高速,sh600020,4.03,4.05,4.07,13684300.0,4.03,378900,4.04,196600,-0.49,4.08,4.03,13684300,55480000.0,0.61,1.23,90.57,90.57,4.46,3.65,0.8
创新新材,sh600361,4.78,4.66,4.75,84558800.0,4.78,550700,4.79,193400,2.58,4.88,4.7,84558800,404860000.0,2.25,3.86,179.54,179.54,5.13,4.19,1.23
铁龙物流,sh600125,6.45,6.47,6.52,31126400.0,6.45,91300,6.46,7400,-0.31,6.58,6.41,31126400,201100000.0,2.38,2.63,84.21,84.21,7.12,5.82,0.8
中兵红箭,sz000519,20.44,20.69,20.36,91687400.0,20.43,42600,20.44,7700,-1.21,20.64,20.02,91687400,1863090000.0,6.58,3.0,284.64,284.64,22.76,18.62,0.87
溢多利,sz300381,6.65,6.49,6.6,5856400.0,6.65,7600,6.66,15100,2.47,6.71,6.58,5856400,38920000.0,1.2,2.0,32.54,32.66,7.79,5.19,0.82
天宇股份,sz300702,22.68,22.69,23.64,2793800.0,22.67,2000,22.68,1400,-0.04,23.67,22.56,2793800,63660000.0,1.32,4.89,47.89,78.92,27.23,18.15,0.66
宏发股份,sh600885,31.68,30.96,31.35,32260100.0,31.68,36200,31.69,7800,2.33,32.14,31.17,32260100,1023720000.0,2.08,3.13,490.28,490.28,34.06,27.86,1.3
上海电影,sh601595,26.58,26.18,26.35,7189000.0,26.58,4100,26.59,16600,1.53,27.11,26.35,7189000,192200000.0,1.6,2.9,119.13,119.13,28.8,23.56,0.6
新亚强,sh603155,20.01,19.2,19.44,30881000.0,20.01,43900,20.02,8000,4.22,21.12,19.08,30881000,618760000.0,9.78,10.63,63.19,63.19,21.12,17.28,1.52
龙源电力,sz001289,17.22,17.19,17.19,10220500.0,17.21,9800,17.22,11700,0.17,17.4,17.02,10220500,176210000.0,0.2,2.21,868.22,1439.56,18.91,15.47,0.84
中科三环,sz000970,13.96,14.21,14.46,32797500.0,13.95,99800,13.96,25900,-1.76,14.49,13.85,32797500,462910000.0,2.7,4.5,169.72,169.72,15.63,12.79,0.73
天融信,sz002212,8.14,7.87,8.01,31822600.0,8.14,149300,8.15,149800,3.43,8.23,7.98,31822600,258510000.0,2.73,3.18,94.98,96.01,8.66,7.08,0.94
三美股份,sh603379,74.11,72.35,73.38,6229200.0,74.1,200,74.11,2700,2.43,75.2,72.72,6229200,461340000.0,1.02,3.43,452.43,452.43,79.59,65.12,0.76
诺思兰德,bj920047,23.17,21.37,21.2,3684200.0,23.16,8200,23.17,6800,8.42,23.3,21.19,3684200,82328300.0,2.05,9.87,41.73,63.55,27.78,14.96,2.07
飞南资源,sz301500,25.2,27.0,26.24,29795000.0,25.2,67300,25.25,300,-6.67,26.5,24.93,29795000,757840000.0,20.68,5.81,36.3,141.61,32.4,21.6,0.78
科瑞思,sz301314,46.95,47.35,48.4,1072000.0,46.92,500,46.95,2600,-0.84,48.7,46.62,1072000,51120000.0,6.6,4.39,7.63,25.94,56.82,37.88,0.58
中钢国际,sz000928,7.1,7.21,7.28,39540100.0,7.09,136200,7.1,78700,-1.53,7.35,7.05,39540100,282940000.0,2.76,4.16,101.86,101.86,7.93,6.49,0.85
南极光,sz300940,25.78,23.93,24.45,11801900.0,25.76,600,25.78,9100,7.73,26.73,24.45,11801900,306900000.0,7.49,9.53,40.6,57.4,28.72,19.14,2.6
惠城环保,sz300779,93.72,97.89,97.0,7414500.0,93.71,1400,93.72,8100,-4.26,98.05,93.02,7414500,702540000.0,4.6,5.14,150.93,188.31,117.47,78.31,1.24
深圳能源,sz000027,7.02,6.98,7.02,42466000.0,7.02,217500,7.03,114800,0.57,7.1,6.98,42466000,299080000.0,0.89,1.72,333.97,333.97,7.68,6.28,0.9
超频三,sz300647,6.83,6.46,6.6,24182300.0,6.83,53800,6.84,81800,5.73,6.94,6.58,24182300,164830000.0,5.3,5.57,31.19,31.24,7.75,5.17,1.48
ST任子行,sz300311,5.44,5.36,5.44,11168700.0,5.43,40000,5.44,209100,1.49,5.48,5.39,11168700,60700000.0,2.08,1.68,29.24,36.65,6.43,4.29,0.62
常青科技,sh603125,18.38,18.36,18.57,3230300.0,18.38,4200,18.39,900,0.11,18.74,18.3,3230300,59870000.0,3.19,2.4,18.6,74.41,20.2,16.52,0.47
宇信科技,sz300674,22.12,21.99,22.5,12801200.0,22.11,3500,22.12,3200,0.59,22.7,21.92,12801200,285190000.0,1.82,3.55,155.51,155.74,26.39,17.59,0.54
西南证券,sh600369,4.31,4.32,4.35,39586800.0,4.31,1082000,4.32,121900,-0.23,4.37,4.3,39586800,171670000.0,0.6,1.62,286.4,286.4,4.75,3.89,0.79
森林包装,sh605500,8.86,8.68,8.76,3181500.0,8.86,7600,8.87,3000,2.07,8.95,8.76,3181500,28210000.0,0.77,2.19,36.72,36.72,9.55,7.81,0.8
中复神鹰,sh688295,30.3,30.25,30.7,381342100.0,30.28,200,30.3,55500,0.17,30.92,29.91,381342100,116090000.0,0.42,3.34,272.7,272.7,36.3,24.2,0.77
太阳能,sz000591,6.07,5.8,5.94,309094200.0,6.07,679400,6.08,1584400,4.66,6.35,5.93,309094200,1896080000.0,7.88,7.24,238.16,238.21,6.38,5.22,2.04
江西铜业,sh600362,55.08,54.86,55.6,37132700.0,55.08,106300,55.09,56400,0.4,55.85,54.16,37132700,2037680000.0,1.79,3.08,1143.05,1907.27,60.35,49.37,0.66
海康威视,sz002415,30.76,30.26,30.61,36805600.0,30.75,25900,30.76,31200,1.65,30.89,30.6,36805600,1131910000.0,0.41,0.96,2782.68,2819.11,33.29,27.23,0.68
新 和 成,sz002001,33.59,33.3,33.83,53169800.0,33.59,30200,33.6,32200,0.87,33.96,32.8,53169800,1773270000.0,1.75,3.48,1020.08,1032.36,36.63,29.97,0.66
易点天下,sz301171,51.24,50.89,52.5,19801100.0,51.23,500,51.24,35200,0.69,52.59,50.88,19801100,1020910000.0,5.18,3.36,195.82,241.79,61.07,40.71,0.64
广州发展,sh600098,7.7,7.63,7.68,39430500.0,7.69,120500,7.7,186600,0.92,7.74,7.58,39430500,302200000.0,1.12,2.1,269.95,269.95,8.39,6.87,0.83
亚太科技,sz002540,7.57,7.42,7.53,19041200.0,7.57,35700,7.58,70900,2.02,7.67,7.5,19041200,144550000.0,2.18,2.29,65.99,94.71,8.16,6.68,0.99
理工导航,sh688282,79.8,80.35,81.1,150743400.0,79.8,3700,79.82,300,-0.68,81.79,78.53,150743400,119610000.0,1.71,4.06,70.22,70.22,96.42,64.28,0.88
柳药集团,sh603368,17.21,17.15,17.29,4289800.0,17.21,13500,17.22,13000,0.35,17.3,17.18,4289800,73940000.0,1.08,0.7,68.36,68.36,18.87,15.44,0.73
和元生物,sh688238,7.33,6.88,6.95,1539101400.0,7.32,3900,7.33,28100,6.54,7.52,6.95,1539101400,111680000.0,2.4,8.28,47.0,47.57,8.26,5.5,1.55
粤电力Ａ,sz000539,5.06,5.01,5.06,33874600.0,5.06,25700,5.07,186000,1.0,5.11,5.01,33874600,171720000.0,1.33,2.0,129.3,265.66,5.51,4.51,0.86
法拉电子,sh600563,114.71,114.06,115.67,4789600.0,114.71,2800,114.74,100,0.57,118.28,114.0,4789600,555540000.0,2.13,3.75,258.1,258.1,125.47,102.65,0.83
中工国际,sz002051,9.0,8.96,9.0,21315900.0,8.99,18700,9.0,113600,0.45,9.12,8.94,21315900,192310000.0,1.72,2.01,111.36,111.37,9.86,8.06,1.13
建设银行,sh601939,8.94,8.9,8.84,97708500.0,8.93,366300,8.94,2300,0.45,8.97,8.81,97708500,872280000.0,1.02,1.8,857.67,23387.07,9.79,8.01,0.75
呈和科技,sh688625,67.11,67.71,69.03,209829600.0,67.1,1900,67.11,0,-0.89,69.88,66.2,209829600,142060000.0,1.11,5.43,126.38,126.38,81.25,54.17,0.67
博迈科,sh603727,19.64,19.63,18.94,29113300.0,19.63,17500,19.64,5300,0.05,21.13,18.15,29113300,564980000.0,10.33,15.18,55.33,55.33,21.59,17.67,1.2
和仁科技,sz300550,12.89,12.56,12.96,4850800.0,12.89,4000,12.9,14300,2.63,13.19,12.76,4850800,62740000.0,1.85,3.42,33.81,33.84,15.07,10.05,0.92
吉祥航空,sh603885,12.61,12.82,12.94,18269000.0,12.61,48300,12.62,11900,-1.64,12.97,12.46,18269000,230990000.0,0.84,3.98,275.4,275.4,14.1,11.54,0.85
双元科技,sh688623,103.45,102.3,105.62,107326600.0,103.24,1000,103.45,4900,1.12,108.19,102.5,107326600,113490000.0,5.61,5.56,19.8,61.18,122.76,81.84,1.14
山东威达,sz002026,13.98,13.81,14.04,7612200.0,13.98,25800,13.99,1700,1.23,14.16,13.92,7612200,107000000.0,1.73,1.74,61.58,61.59,15.19,12.43,0.6
安徽建工,sh600502,4.73,4.69,4.72,22204300.0,4.72,361200,4.73,43200,0.85,4.76,4.7,22204300,105110000.0,1.29,1.28,81.19,81.19,5.16,4.22,1.06
兴欣新材,sz001358,29.1,28.81,29.31,789600.0,29.06,3200,29.1,1400,1.01,29.88,28.93,789600,23140000.0,1.55,3.3,14.83,35.85,31.69,25.93,0.54
江阴银行,sz002807,4.53,4.47,4.53,39541400.0,4.53,93300,4.54,356300,1.34,4.56,4.5,39541400,179240000.0,1.61,1.34,111.35,111.5,4.92,4.02,0.93
艾为电子,sh688798,71.58,71.16,72.7,238748600.0,71.58,1900,71.6,4000,0.59,73.17,71.26,238748600,172860000.0,1.76,2.68,97.17,166.87,85.39,56.93,0.69
山高环能,sz000803,10.4,10.0,10.02,40026000.0,10.4,29700,10.41,131600,4.0,10.5,9.81,40026000,406830000.0,8.71,6.9,47.82,48.49,11.0,9.0,1.28
苏州固锝,sz002079,10.62,10.47,10.65,28435800.0,10.62,89600,10.63,102900,1.43,10.85,10.56,28435800,304230000.0,3.51,2.77,86.0,86.09,11.52,9.42,0.58
必易微,sh688045,45.77,44.55,45.19,175165500.0,45.75,14700,45.77,3500,2.74,46.48,45.02,175165500,80530000.0,2.51,3.28,31.96,31.96,53.46,35.64,0.86
华致酒行,sz300755,13.89,13.76,13.9,3387200.0,13.89,60100,13.9,15500,0.94,14.07,13.8,3387200,47160000.0,0.81,1.96,57.84,57.89,16.51,11.01,0.49
丽岛新材,sh603937,12.7,12.48,12.7,3067500.0,12.7,1200,12.71,5000,1.76,12.92,12.6,3067500,39120000.0,1.47,2.56,26.53,26.53,13.73,11.23,0.79
渤海轮渡,sh603167,9.6,9.52,9.65,8995100.0,9.59,900,9.6,18800,0.84,9.66,9.49,8995100,86300000.0,1.92,1.79,45.04,45.04,10.47,8.57,0.73
中国能建,sh601868,2.63,2.54,2.56,994964100.0,2.63,2839600,2.64,21950500,3.54,2.65,2.56,994964100,2594930000.0,3.07,3.54,852.88,1096.48,2.79,2.29,1.65
新疆天业,sh600075,6.54,6.5,6.59,23155800.0,6.54,161200,6.55,113900,0.62,6.74,6.44,23155800,151840000.0,1.36,4.62,111.66,111.66,7.15,5.85,0.53
嘉亨家化,sz300955,33.78,33.46,34.0,1372300.0,33.78,1900,33.8,1000,0.96,34.59,33.73,1372300,46830000.0,1.36,2.57,34.05,34.05,40.15,26.77,0.57
广联航空,sz300900,38.16,38.06,38.68,29526900.0,38.15,46000,38.16,14000,0.26,38.86,36.99,29526900,1111450000.0,11.55,4.91,97.59,124.68,45.67,30.45,0.69
鲁  泰Ａ,sz000726,7.39,7.37,7.47,8362700.0,7.38,54000,7.39,71000,0.27,7.52,7.37,8362700,62210000.0,1.42,2.04,43.54,60.4,8.11,6.63,0.73
*ST三圣,sz002742,4.39,4.25,4.26,10799200.0,4.38,47200,4.39,96100,3.29,4.46,4.24,10799200,47560000.0,2.06,5.18,23.0,30.03,4.46,4.04,2.51
亚太药业,sz002370,6.63,6.49,6.54,19976500.0,6.63,134100,6.64,37100,2.16,6.73,6.54,19976500,132620000.0,2.68,2.93,49.44,49.44,7.14,5.84,1.11
圆通速递,sh600233,18.99,18.93,18.93,16757800.0,18.98,4400,18.99,2500,0.32,19.1,18.72,16757800,316490000.0,0.49,2.01,649.95,649.95,20.82,17.04,0.49
罗莱生活,sz002293,10.25,10.15,10.24,6787200.0,10.24,13100,10.25,12500,0.99,10.34,10.07,6787200,69370000.0,0.82,2.66,84.72,85.47,11.17,9.14,0.84
浙矿股份,sz300837,41.98,41.98,43.0,3566400.0,41.93,3300,41.98,100,0.0,43.69,41.48,3566400,151620000.0,4.72,5.26,31.73,41.98,50.38,33.58,0.76
亿联网络,sz300628,35.09,34.49,35.02,7983900.0,35.08,900,35.09,15900,1.74,35.45,34.7,7983900,279970000.0,1.1,2.17,254.65,444.5,41.39,27.59,0.68
北方铜业,sz000737,16.75,16.93,17.2,61133200.0,16.74,42200,16.75,25600,-1.06,17.22,16.54,61133200,1029840000.0,3.21,4.02,319.01,319.04,18.62,15.24,0.54
兴业证券,sh601377,6.52,6.41,6.46,72000300.0,6.51,127500,6.52,793000,1.72,6.53,6.43,72000300,465390000.0,0.83,1.56,563.07,563.07,7.05,5.77,0.67
南模生物,sh688265,43.55,42.91,43.3,44273300.0,43.55,200,43.7,4200,1.49,44.16,43.28,44273300,19380000.0,0.57,2.05,33.95,33.95,51.49,34.33,0.56
紫江企业,sh600210,7.28,7.2,7.3,20842200.0,7.28,77000,7.29,75100,1.11,7.4,7.25,20842200,152500000.0,1.37,2.08,110.42,110.42,7.92,6.48,0.75
利源股份,sz002501,2.02,1.95,2.0,88510100.0,2.01,2763900,2.02,315600,3.59,2.04,1.97,88510100,177960000.0,2.5,3.59,71.64,71.71,2.15,1.76,0.99
大洋生物,sz003017,32.89,32.52,33.03,2882500.0,32.89,2100,32.91,400,1.14,33.48,32.66,2882500,95280000.0,4.16,2.52,22.79,27.63,35.77,29.27,0.65
招商公路,sz001965,9.61,9.45,9.49,16475900.0,9.6,71500,9.61,135000,1.69,9.62,9.41,16475900,157120000.0,0.24,2.22,653.01,653.01,10.4,8.51,0.9
华谊集团,sh600623,10.47,9.88,9.8,55380300.0,10.47,113700,10.48,69000,5.97,10.84,9.61,55380300,563540000.0,2.96,12.45,195.98,222.26,10.87,8.89,1.22
博拓生物,sh688767,36.76,34.88,35.47,366793700.0,36.76,2500,36.77,9100,5.39,37.28,35.2,366793700,133840000.0,2.46,5.96,54.89,54.89,41.86,27.9,1.45
雅运股份,sh603790,26.2,25.53,25.93,4162500.0,26.18,6400,26.2,24400,2.62,26.64,25.55,4162500,108530000.0,2.18,4.27,50.14,50.14,28.08,22.98,0.79
金海通,sh603061,268.09,256.35,262.0,2032200.0,268.09,100,268.1,7500,4.58,273.73,260.25,2032200,545100000.0,3.39,5.26,160.85,160.85,281.99,230.72,1.21
航天信息,sh600271,9.65,9.48,9.58,19653600.0,9.64,49700,9.65,96500,1.79,9.68,9.56,19653600,189010000.0,1.06,1.27,178.8,178.8,10.43,8.53,0.73
长江电力,sh600900,27.08,27.09,26.98,132914900.0,27.08,122500,27.09,256100,-0.04,27.24,26.84,132914900,3600690000.0,0.54,1.48,6625.99,6625.99,29.8,24.38,0.92
晶升股份,sh688478,35.86,35.02,35.8,190425000.0,35.86,1200,35.88,1000,2.4,36.88,35.2,190425000,68930000.0,1.84,4.8,37.08,49.62,42.02,28.02,0.58
中远海发,sh601866,2.84,2.94,2.83,373377900.0,2.83,1067500,2.84,1406200,-3.4,2.91,2.75,373377900,1054230000.0,3.83,5.44,276.96,374.81,3.23,2.65,0.83
凯因科技,sh688687,20.69,20.38,20.58,274091900.0,20.69,45200,20.73,800,1.52,20.95,20.54,274091900,56790000.0,1.6,2.01,35.37,35.37,24.46,16.3,0.77
腾亚精工,sz301125,22.48,22.51,22.81,2764100.0,22.48,100,22.49,500,-0.13,23.2,22.3,2764100,62750000.0,2.2,4.0,28.25,31.87,27.01,18.01,0.71
海泰新能,bj920985,7.83,7.78,7.88,3930900.0,7.83,33800,7.84,5200,0.64,7.93,7.8,3930900,30938900.0,1.79,1.67,17.17,24.23,10.11,5.45,0.66
鑫铂股份,sz003038,16.8,16.85,17.21,6069800.0,16.79,8000,16.8,7300,-0.3,17.3,16.65,6069800,102860000.0,3.72,3.86,27.42,40.94,18.54,15.17,0.62
杭州银行,sh600926,16.57,16.49,16.36,23220400.0,16.57,21200,16.58,9700,0.49,16.63,16.36,23220400,384010000.0,0.32,1.64,1201.16,1201.16,18.14,14.84,0.59
华亚智能,sz003043,54.27,55.21,56.2,3019100.0,54.27,4300,54.3,100,-1.7,57.26,53.96,3019100,165540000.0,3.6,5.98,45.49,72.63,60.73,49.69,1.18
海天股份,sh603759,10.4,10.35,10.47,5498500.0,10.39,32700,10.4,7000,0.48,10.55,10.35,5498500,57530000.0,1.19,1.93,48.02,48.02,11.39,9.32,0.87
金三江,sz301059,15.04,14.74,14.94,5814500.0,15.03,26600,15.04,13500,2.04,15.13,14.88,5814500,87210000.0,2.81,1.7,31.09,34.77,17.69,11.79,0.66
东方盛虹,sz000301,13.43,13.71,13.7,64235000.0,13.43,159200,13.44,28000,-2.04,13.76,12.91,64235000,850560000.0,0.97,6.2,887.53,887.89,15.08,12.34,1.08
白云山,sh600332,24.92,24.98,25.05,9415800.0,24.92,68100,24.93,74000,-0.24,25.13,24.91,9415800,235470000.0,0.67,0.88,350.35,405.15,27.48,22.48,0.76
天津普林,sz002134,22.29,22.72,22.98,13361200.0,22.29,113800,22.3,7100,-1.89,23.7,22.05,13361200,305130000.0,5.42,7.26,54.92,54.95,24.99,20.45,1.66
中煤能源,sh601898,17.53,17.2,17.03,67880900.0,17.53,157100,17.54,12700,1.92,17.88,16.62,67880900,1167890000.0,0.74,7.33,1604.35,2324.24,18.92,15.48,0.8
九洲药业,sh603456,16.35,16.26,16.5,9843900.0,16.34,138900,16.35,23100,0.55,16.55,16.28,9843900,161420000.0,1.11,1.66,145.42,145.42,17.89,14.63,0.74
安克创新,sz300866,94.8,95.1,96.39,2365600.0,94.8,3700,94.81,300,-0.32,96.68,94.6,2365600,226180000.0,0.77,2.19,291.44,508.28,114.12,76.08,0.42
中国海诚,sz002116,10.76,10.7,10.91,5341900.0,10.76,5200,10.77,1500,0.56,10.97,10.73,5341900,57910000.0,1.16,2.24,49.57,50.12,11.77,9.63,0.82
奥士康,sz002913,48.29,43.9,44.79,9842600.0,48.29,1562900,0.0,0,10.0,48.29,43.8,9842600,455380000.0,3.26,10.23,145.68,153.25,48.29,39.51,1.13
龙泉股份,sz002671,5.76,5.67,5.75,10930400.0,5.75,6700,5.76,12300,1.59,5.81,5.68,10930400,62960000.0,1.98,2.29,31.73,32.44,6.24,5.1,0.8
彩蝶实业,sh603073,20.0,19.85,20.25,2269900.0,20.0,10300,20.05,1500,0.76,20.58,19.93,2269900,45840000.0,4.46,3.27,10.18,23.2,21.84,17.87,1.1
汇得科技,sh603192,25.73,25.5,25.99,1584000.0,25.73,6700,25.74,300,0.9,26.29,25.56,1584000,40870000.0,1.14,2.86,35.87,43.06,28.05,22.95,0.53
中达安,sz300635,13.28,13.15,13.49,2986300.0,13.27,14600,13.28,1800,0.99,13.56,13.26,2986300,39980000.0,2.48,2.28,15.99,18.59,15.78,10.52,0.69
东北制药,sz000597,5.11,5.12,5.16,10425200.0,5.11,429600,5.12,71800,-0.2,5.17,5.1,10425200,53450000.0,0.74,1.37,72.02,72.92,5.63,4.61,0.69
肯特催化,sh603120,42.7,42.63,43.17,1320200.0,42.7,9000,42.72,700,0.16,43.47,42.42,1320200,56730000.0,5.84,2.46,9.65,38.6,46.89,38.37,0.62
山河药辅,sz300452,14.9,14.84,15.0,5127300.0,14.9,20700,14.91,7700,0.4,15.1,14.87,5127300,76860000.0,2.58,1.55,29.6,34.93,17.81,11.87,0.68
屹通新材,sz300930,33.17,32.86,33.44,1842000.0,33.16,100,33.17,4700,0.94,33.68,32.92,1842000,61270000.0,3.91,2.31,15.63,33.17,39.43,26.29,0.54
华策影视,sz300133,7.89,7.82,7.95,55783400.0,7.88,117000,7.89,266700,0.9,7.99,7.82,55783400,441010000.0,3.46,2.17,127.2,148.98,9.38,6.26,0.71
富煌钢构,sz002743,5.58,5.51,5.67,7660900.0,5.57,7900,5.59,37500,1.27,5.78,5.55,7660900,43270000.0,1.76,4.17,24.25,24.29,6.06,4.96,0.92
天山股份,sz000877,5.24,5.22,5.28,12143000.0,5.24,91800,5.25,26900,0.38,5.31,5.22,12143000,63850000.0,0.17,1.72,372.59,372.59,5.74,4.7,0.58
大华股份,sz002236,18.15,17.74,18.08,38723900.0,18.15,165200,18.16,103800,2.31,18.33,18.07,38723900,704750000.0,1.83,1.47,384.05,596.55,19.51,15.97,0.87
兖矿能源,sh600188,20.13,19.5,18.8,121012700.0,20.12,19500,20.13,6200,3.23,20.52,18.41,121012700,2356040000.0,2.04,10.82,1192.48,2020.54,21.45,17.55,0.94
农心科技,sz001231,24.43,24.44,24.86,2156600.0,24.42,1100,24.43,3300,-0.04,24.89,24.23,2156600,52770000.0,4.32,2.7,12.19,24.42,26.88,22.0,0.7
长江证券,sz000783,7.54,7.51,7.62,38820500.0,7.54,301100,7.55,138500,0.4,7.64,7.52,38820500,293960000.0,0.7,1.6,416.97,416.97,8.26,6.76,0.67
众源新材,sh603527,10.83,10.64,10.77,5751300.0,10.83,13200,10.84,2000,1.79,10.94,10.76,5751300,62430000.0,1.81,1.69,34.33,34.33,11.7,9.58,0.8
中国黄金,sh600916,10.75,11.05,11.05,80079900.0,10.74,95600,10.75,357800,-2.71,11.08,10.61,80079900,859180000.0,4.77,4.25,180.6,180.6,12.16,9.95,0.55
邮储银行,sh601658,4.98,4.93,4.92,148954700.0,4.98,771700,4.99,4522000,1.01,4.99,4.92,148954700,738590000.0,0.22,1.42,3342.7,5980.73,5.42,4.44,0.86
中国通号,sh688009,5.84,5.71,5.75,5384037800.0,5.84,160600,5.85,169200,2.28,5.95,5.73,5384037800,315200000.0,0.62,3.85,503.47,618.45,6.85,4.57,1.02
井松智能,sh688251,31.17,30.77,31.3,708310400.0,31.16,1200,31.17,1600,1.3,33.95,30.85,708310400,228240000.0,11.81,10.07,18.69,31.36,36.92,24.62,1.86
天原股份,sz002386,6.1,6.03,6.12,31326300.0,6.1,241800,6.11,65900,1.16,6.16,5.98,31326300,190650000.0,2.41,2.99,79.39,79.4,6.63,5.43,0.75
省广集团,sz002400,9.62,9.4,9.61,97350500.0,9.61,245300,9.62,2700,2.34,9.71,9.55,97350500,937720000.0,5.64,1.7,166.06,167.71,10.34,8.46,0.75
双象股份,sz002395,18.92,18.68,19.09,3381300.0,18.9,15100,18.92,22700,1.28,19.12,18.81,3381300,64110000.0,1.26,1.66,50.74,50.75,20.55,16.81,0.58
神力股份,sh603819,12.33,12.09,12.19,4369000.0,12.32,9900,12.33,9300,1.99,12.53,12.19,4369000,54110000.0,2.01,2.81,26.85,26.85,13.3,10.88,0.99
悦达投资,sh600805,5.45,5.34,5.43,21652700.0,5.44,507000,5.45,349800,2.06,5.46,5.39,21652700,117700000.0,2.55,1.31,46.34,46.37,5.87,4.81,1.05
昊帆生物,sz301393,47.35,47.14,47.37,568300.0,47.31,1000,47.35,2100,0.45,47.86,47.2,568300,26980000.0,1.35,1.4,19.94,51.14,56.57,37.71,0.55
澜起科技,sh688008,152.63,150.31,156.51,3020192500.0,152.63,23900,152.64,3300,1.54,156.83,151.11,3020192500,4637830000.0,2.63,3.81,1749.79,1865.44,180.37,120.25,0.82
正业科技,sz300410,9.03,8.65,8.85,21766700.0,9.02,14100,9.03,20600,4.39,9.16,8.85,21766700,196810000.0,5.93,3.58,33.15,33.15,10.38,6.92,1.01
金力永磁,sz300748,36.48,37.08,37.71,36486000.0,36.47,1100,36.48,21000,-1.62,37.88,36.03,36486000,1344130000.0,3.23,4.99,412.47,501.81,44.5,29.66,0.62
森源电气,sz002358,9.12,8.68,8.7,176310300.0,9.12,859100,9.13,380600,5.07,9.29,8.7,176310300,1601010000.0,18.96,6.8,84.79,84.79,9.55,7.81,1.46
力芯微,sh688601,50.45,48.3,49.8,542562000.0,50.44,10900,50.45,1300,4.45,51.47,49.03,542562000,274610000.0,4.06,5.05,67.45,67.45,57.96,38.64,0.86
美诺华,sh603538,20.58,20.32,20.73,4607700.0,20.58,7200,20.59,1200,1.28,20.95,20.32,4607700,94870000.0,2.13,3.1,44.49,45.37,22.35,18.29,0.66
江南水务,sh601199,6.12,6.09,6.12,9742200.0,6.11,16000,6.12,16500,0.49,6.19,6.08,9742200,59770000.0,1.04,1.81,57.23,57.23,6.7,5.48,0.84
华生科技,sh605180,15.0,14.85,15.01,1829300.0,15.0,400,15.01,500,1.01,15.22,14.88,1829300,27520000.0,1.08,2.29,25.35,25.35,16.34,13.37,0.65
方大炭素,sh600516,6.88,6.25,6.3,424966900.0,6.88,3043400,0.0,0,10.08,6.88,6.28,424966900,2873640000.0,10.56,9.6,276.99,276.99,6.88,5.63,2.79
金山办公,sh688111,279.45,281.33,286.0,533798600.0,279.43,200,279.45,24600,-0.67,287.0,277.47,533798600,1505600000.0,1.15,3.39,1294.89,1294.89,337.6,225.06,0.77
康众医疗,sh688607,55.2,51.51,53.04,331225000.0,55.2,3600,55.25,8000,7.16,57.5,53.0,331225000,183220000.0,3.76,8.74,48.65,48.65,61.81,41.21,1.49
晋控电力,sz000767,3.83,3.61,3.65,316317700.0,3.83,442100,3.84,1862800,6.09,3.97,3.64,316317700,1208800000.0,10.86,9.14,111.54,117.85,3.97,3.25,1.38
迪森股份,sz300335,6.87,6.69,6.68,82470300.0,6.87,92000,6.88,38900,2.69,6.97,6.6,82470300,555840000.0,21.47,5.53,26.39,32.77,8.03,5.35,1.73
海 利 得,sz002206,6.98,6.85,6.95,17539400.0,6.97,5900,6.98,9000,1.9,7.05,6.87,17539400,122290000.0,2.06,2.63,59.54,81.12,7.54,6.17,0.82
平安银行,sz000001,10.81,10.71,10.72,71264100.0,10.81,208100,10.82,752900,0.93,10.84,10.7,71264100,768550000.0,0.37,1.31,2097.75,2097.78,11.78,9.64,0.83
新中港,sh605162,9.94,9.82,10.02,11052300.0,9.94,1300,9.95,37300,1.22,10.16,9.87,11052300,110160000.0,2.76,2.95,39.82,39.82,10.8,8.84,1.06
安路科技,sh688107,31.14,29.57,30.37,1237410800.0,31.13,1000,31.14,3400,5.31,32.79,29.88,1237410800,389900000.0,3.09,9.84,124.82,124.82,35.48,23.66,0.93
金浦钛业,sz000545,3.41,3.4,3.49,100272700.0,3.41,837300,3.42,395600,0.29,3.53,3.31,100272700,341400000.0,10.18,6.47,33.6,33.65,3.74,3.06,0.51
天和防务,sz300397,14.7,15.01,14.95,29265600.0,14.7,43800,14.71,38800,-2.07,15.14,14.58,29265600,432740000.0,7.22,3.73,59.61,76.09,18.01,12.01,0.74
广康生化,sz300804,43.5,43.85,44.49,3179100.0,43.48,1100,43.5,1300,-0.8,44.9,43.01,3179100,138970000.0,11.56,4.31,11.96,32.19,52.62,35.08,0.41
新经典,sh603096,18.1,17.86,18.11,1906700.0,18.1,900,18.11,6500,1.34,18.46,17.98,1906700,34660000.0,1.24,2.69,27.92,27.92,19.65,16.07,0.68
翔腾新材,sz001373,42.0,42.0,42.44,1446600.0,41.99,200,42.0,6900,0.0,43.17,41.8,1446600,61530000.0,4.37,3.26,13.92,28.85,46.2,37.8,0.86
必贝特-U,sh688759,37.04,36.52,37.0,241636800.0,37.04,5700,37.05,3700,1.42,37.9,36.5,241636800,89590000.0,5.2,3.83,17.21,166.69,43.82,29.22,1.02
智迪科技,sz301503,37.18,36.88,37.49,862100.0,37.18,1500,37.29,1500,0.81,37.97,36.99,862100,32370000.0,2.65,2.66,12.08,29.74,44.26,29.5,0.87
顺丰控股,sz002352,36.72,36.29,36.6,20995100.0,36.72,7000,36.74,1400,1.18,36.79,36.39,20995100,768870000.0,0.44,1.1,1752.29,1850.48,39.92,32.66,0.58
日上集团,sz002593,5.73,5.6,5.69,20199200.0,5.73,124300,5.74,125700,2.32,5.78,5.67,20199200,115660000.0,3.61,1.96,32.02,46.06,6.16,5.04,0.75
深高速,sh600548,8.92,8.87,8.92,4504400.0,8.91,12700,8.92,28400,0.56,8.97,8.84,4504400,40130000.0,0.26,1.47,152.93,226.38,9.76,7.98,0.69
普莱得,sz301353,28.79,28.06,28.36,1110100.0,28.77,900,28.79,7800,2.6,28.96,28.33,1110100,31890000.0,3.48,2.25,9.18,28.27,33.67,22.45,0.86
贵阳银行,sh601997,5.72,5.69,5.7,27521500.0,5.72,164300,5.73,514200,0.53,5.74,5.7,27521500,157460000.0,0.75,0.7,209.13,209.13,6.26,5.12,0.67
三元生物,sz301206,26.7,26.87,27.13,1951300.0,26.7,19600,26.73,200,-0.63,27.13,26.58,1951300,52280000.0,1.5,2.05,34.79,54.02,32.24,21.5,0.36
昱能科技,sh688348,50.72,54.1,55.0,615158100.0,50.71,4000,50.72,200,-6.25,55.18,50.56,615158100,319960000.0,3.94,8.54,79.26,79.26,64.92,43.28,1.53
创业环保,sh600874,6.4,6.33,6.4,14383500.0,6.4,41800,6.41,127500,1.11,6.45,6.36,14383500,92170000.0,1.17,1.42,78.75,100.51,6.96,5.7,0.92
中国中冶,sh601618,3.12,3.09,3.11,204177700.0,3.12,1238500,3.13,2700600,0.97,3.15,3.11,204177700,638150000.0,1.14,1.29,557.0,646.58,3.4,2.78,0.66
台华新材,sh603055,9.55,9.37,9.49,8850100.0,9.55,20200,9.56,8400,1.92,9.63,9.49,8850100,84670000.0,1.0,1.49,84.71,85.02,10.31,8.43,0.61
诺瓦星云,sz301589,177.21,167.68,171.67,930100.0,177.21,600,177.22,5100,5.68,179.79,171.22,930100,164640000.0,2.7,5.11,61.08,163.83,201.22,134.14,1.19
塔牌集团,sz002233,9.47,9.45,9.55,7977900.0,9.47,7700,9.49,103900,0.21,9.57,9.42,7977900,75720000.0,0.68,1.59,111.11,111.19,10.4,8.51,0.66
中荣股份,sz301223,19.42,19.37,19.49,1441300.0,19.42,17000,19.43,17800,0.26,19.79,19.35,1441300,28200000.0,1.29,2.27,21.75,37.51,23.24,15.5,0.61
周大生,sz002867,11.91,11.95,12.05,8220000.0,11.91,36200,11.92,11500,-0.33,12.08,11.89,8220000,98180000.0,0.76,1.59,128.52,129.28,13.15,10.76,0.7
永艺股份,sh603600,10.83,10.72,10.85,2835100.0,10.83,1100,10.84,5200,1.03,10.94,10.76,2835100,30780000.0,0.94,1.68,32.49,35.79,11.79,9.65,0.63
沃华医药,sz002107,6.72,6.71,6.78,7372500.0,6.71,19700,6.72,100900,0.15,6.81,6.68,7372500,49670000.0,1.29,1.94,38.4,38.79,7.38,6.04,0.79
天禄科技,sz301045,43.23,41.15,41.97,5085000.0,43.23,100,43.25,100,5.05,44.8,41.48,5085000,220630000.0,7.95,8.07,27.65,47.69,49.38,32.92,1.27
东方通信,sh600776,16.9,16.64,16.98,24513600.0,16.89,27100,16.9,135500,1.56,17.16,16.69,24513600,415480000.0,2.56,2.82,161.56,212.26,18.3,14.98,0.69
索宝蛋白,sh603231,18.16,18.2,18.3,2185100.0,18.15,3300,18.16,300,-0.22,18.48,18.08,2185100,39930000.0,2.06,2.2,19.3,34.77,20.02,16.38,0.85
绿茵生态,sz002887,11.33,11.33,11.56,4408400.0,11.32,2000,11.33,31700,0.0,11.65,11.27,4408400,50150000.0,2.27,3.35,22.05,34.67,12.46,10.2,0.46
中科磁业,sz301141,58.78,59.73,60.56,3937200.0,58.77,9900,58.78,400,-1.59,61.18,58.1,3937200,233890000.0,8.85,5.16,26.16,72.91,71.68,47.78,0.61
海螺新材,sz000619,6.25,6.16,6.26,7243400.0,6.24,28300,6.25,14400,1.46,6.35,6.21,7243400,45440000.0,2.01,2.27,22.5,27.57,6.78,5.54,0.86
巨化股份,sh600160,41.55,40.87,41.49,18851000.0,41.54,79400,41.55,32600,1.66,41.98,41.08,18851000,782950000.0,0.7,2.2,1121.74,1121.74,44.96,36.78,0.62
山东高速,sh600350,9.67,9.53,9.56,4928100.0,9.67,28700,9.68,52700,1.47,9.68,9.53,4928100,47360000.0,0.1,1.57,467.5,467.5,10.48,8.58,0.67
森泰股份,sz301429,20.66,20.55,20.92,1188900.0,20.6,500,20.66,1000,0.54,21.24,20.46,1188900,24770000.0,2.7,3.8,9.1,24.42,24.66,16.44,0.74
倍加洁,sh603059,32.61,33.3,33.34,2293800.0,32.61,400,32.66,200,-2.07,33.94,32.13,2293800,75020000.0,2.28,5.44,32.76,32.76,36.63,29.97,1.16
永吉股份,sh603058,13.74,12.49,12.73,16115200.0,13.74,3083800,0.0,0,10.01,13.74,12.7,16115200,214730000.0,3.9,8.33,56.83,56.97,13.74,11.24,1.16
盾安环境,sz002011,13.09,12.96,13.2,11605700.0,13.09,23300,13.1,58000,1.0,13.3,12.98,11605700,152600000.0,1.1,2.47,138.7,140.68,14.26,11.66,0.55
英 力 特,sz000635,8.99,8.95,9.14,11473100.0,8.99,7000,9.0,49800,0.45,9.17,8.8,11473100,102890000.0,3.13,4.13,32.98,35.43,9.85,8.06,0.45
中信重工,sh601608,7.34,7.2,7.31,52791600.0,7.34,461200,7.35,312100,1.94,7.45,7.27,52791600,388500000.0,1.15,2.5,336.14,336.14,7.92,6.48,0.75
金辰股份,sh603396,39.22,39.68,40.23,6668600.0,39.22,2000,39.23,300,-1.16,40.4,38.82,6668600,263420000.0,4.81,3.98,54.33,54.33,43.65,35.71,0.75
妙可蓝多,sh600882,20.56,20.81,20.89,5379100.0,20.56,6200,20.58,10900,-1.2,21.06,20.48,5379100,111520000.0,1.05,2.79,104.87,104.87,22.89,18.73,1.05
北部湾港,sz000582,11.2,11.06,11.2,61048700.0,11.2,226600,11.21,83800,1.27,11.4,11.05,61048700,685250000.0,2.83,3.16,241.57,281.91,12.17,9.95,0.77
洪城环境,sh600461,9.88,9.84,9.86,7090400.0,9.87,5400,9.88,53500,0.41,9.97,9.83,7090400,70140000.0,0.55,1.42,126.87,126.87,10.82,8.86,0.7
招商银行,sh600036,39.15,38.6,38.66,78337000.0,39.14,28100,39.15,79900,1.42,39.24,38.63,78337000,3058460000.0,0.38,1.58,8076.23,9873.57,42.46,34.74,0.88
隧道股份,sh600820,6.38,6.39,6.43,24076300.0,6.38,284000,6.39,10800,-0.16,6.46,6.37,24076300,154390000.0,0.77,1.41,200.59,200.59,7.03,5.75,0.92
亿利达,sz002686,6.82,6.69,6.79,9376900.0,6.82,49600,6.83,101500,1.94,6.9,6.78,9376900,64150000.0,1.79,1.79,35.65,38.62,7.36,6.02,0.83
凯龙高科,sz300912,28.53,29.23,29.88,10688900.0,28.53,6800,28.55,400,-2.39,30.2,28.42,10688900,310670000.0,12.44,6.09,24.52,32.78,35.08,23.38,0.83
鑫磊股份,sz301317,54.35,53.64,55.6,7443800.0,54.33,200,54.36,2000,1.32,56.3,53.04,7443800,406130000.0,14.26,6.08,28.37,85.43,64.37,42.91,0.52
张小泉,sz301055,20.58,20.46,20.86,1523700.0,20.58,600,20.63,1400,0.59,21.18,20.48,1523700,31700000.0,0.98,3.42,32.1,32.1,24.55,16.37,0.5
中来股份,sz300393,11.76,11.99,12.26,109194200.0,11.75,103200,11.76,109200,-1.92,12.58,11.66,109194200,1302470000.0,11.42,7.67,112.41,128.14,14.39,9.59,0.75
浩欧博,sh688656,136.88,134.18,135.01,29433100.0,136.61,900,136.88,1000,2.01,137.98,135.0,29433100,40220000.0,0.46,2.22,86.89,86.89,161.02,107.34,0.59
晶合集成,sh688249,32.6,30.87,31.83,4431212400.0,32.59,1800,32.6,5500,5.6,33.41,31.72,4431212400,1454670000.0,3.73,5.47,387.36,654.47,37.04,24.7,1.19
皖新传媒,sh601801,6.65,6.63,6.7,13026500.0,6.65,100200,6.66,38100,0.3,6.75,6.63,13026500,87160000.0,0.67,1.81,130.2,130.2,7.29,5.97,0.67
春秋航空,sh601021,49.72,50.32,51.0,8924200.0,49.72,100,49.73,1200,-1.19,51.0,49.27,8924200,446070000.0,0.91,3.44,486.43,486.43,55.35,45.29,1.09
悦康药业,sh688658,17.87,17.83,18.1,719543200.0,17.85,500,17.87,200,0.22,18.25,17.71,719543200,129110000.0,1.6,3.03,80.42,80.42,21.4,14.26,0.84
杰瑞股份,sz002353,123.41,115.61,118.0,27826400.0,123.4,10800,123.41,3800,6.75,125.68,117.22,27826400,3372150000.0,4.01,7.32,855.53,1263.54,127.17,104.05,0.9
昆仑万维,sz300418,52.68,52.21,54.08,49895300.0,52.68,166500,52.69,29700,0.9,54.55,52.1,49895300,2651550000.0,3.98,4.69,660.87,661.32,62.65,41.77,0.53
集友股份,sh603429,9.11,9.16,9.32,6987700.0,9.1,1300,9.11,5000,-0.55,9.39,9.05,6987700,63960000.0,1.33,3.71,47.78,47.78,10.08,8.24,0.61
中油工程,sh600339,4.82,5.24,4.95,337564700.0,4.82,873900,4.83,842400,-8.02,5.14,4.73,337564700,1645400000.0,6.05,7.82,269.11,269.11,5.76,4.72,1.4
光迅科技,sz002281,78.92,77.85,79.14,72811000.0,78.92,161000,78.93,13200,1.37,82.35,75.33,72811000,5745560000.0,9.34,9.02,615.16,636.63,85.64,70.07,1.24
恒锋工具,sz300488,36.5,36.3,37.0,4507800.0,36.5,24900,36.51,17200,0.55,37.62,36.26,4507800,165760000.0,3.13,3.75,52.62,63.2,43.56,29.04,0.62
双汇发展,sz000895,26.54,26.6,26.6,9120000.0,26.53,800,26.54,400,-0.23,26.68,26.47,9120000,242050000.0,0.26,0.79,919.4,919.52,29.26,23.94,0.99
瑞德智能,sz301135,29.76,29.37,30.08,3290600.0,29.76,1700,29.79,900,1.33,31.15,29.3,3290600,99220000.0,4.3,6.3,22.75,30.34,35.24,23.5,1.35
宇邦新材,sz301266,49.06,48.69,49.8,6121000.0,49.05,1200,49.06,36900,0.76,49.83,46.85,6121000,293950000.0,5.87,6.12,51.19,53.96,58.43,38.95,0.78
汉森制药,sz002412,6.84,6.83,6.94,14352300.0,6.84,2600,6.85,38500,0.15,6.95,6.8,14352300,98510000.0,2.88,2.2,34.05,34.42,7.51,6.15,0.68
舜禹股份,sz301519,14.88,14.66,14.93,2276800.0,14.87,7100,14.88,2700,1.5,15.02,14.74,2276800,33930000.0,3.02,1.91,11.23,24.05,17.59,11.73,0.58
上大股份,sz301522,38.65,38.1,38.79,7240500.0,38.64,200,38.65,4100,1.44,39.15,38.27,7240500,280530000.0,2.57,2.31,108.77,143.73,45.72,30.48,0.54
东鹏控股,sz003012,6.9,6.87,6.94,8119300.0,6.9,4500,6.91,6000,0.44,7.0,6.85,8119300,56090000.0,0.71,2.18,78.97,79.83,7.56,6.18,1.01
盈峰环境,sz000967,8.16,8.07,8.2,28753600.0,8.15,49500,8.16,42800,1.12,8.29,8.07,28753600,234930000.0,0.91,2.73,258.3,258.42,8.88,7.26,0.67
康弘药业,sz002773,27.06,26.71,27.05,4465600.0,27.05,2500,27.06,400,1.31,27.43,26.61,4465600,120640000.0,0.65,3.07,185.86,249.31,29.38,24.04,0.77
城发环境,sz000885,13.75,13.67,13.83,6030900.0,13.75,18200,13.76,100,0.59,13.94,13.72,6030900,83450000.0,0.94,1.61,88.29,88.29,15.04,12.3,0.66
九号公司-WD,sh689009,47.4,47.68,48.25,696039100.0,47.4,32600,47.43,200,-0.59,48.38,47.28,696039100,331230000.0,1.25,2.31,263.38,342.54,57.22,38.14,0.82
国泰海通,sh601211,18.35,18.25,18.45,56655600.0,18.35,108800,18.36,106100,0.55,18.57,18.27,56655600,1042520000.0,0.42,1.64,2476.68,3234.91,20.08,16.43,0.55
同济科技,sh600846,13.47,13.42,13.51,5074000.0,13.45,23500,13.47,4500,0.37,13.54,13.18,5074000,67880000.0,0.81,2.68,84.16,84.16,14.76,12.08,0.95
金博股份,sh688598,25.44,25.4,25.98,459874400.0,25.44,4100,25.45,1300,0.16,26.4,25.36,459874400,118490000.0,2.26,4.09,51.79,52.81,30.48,20.32,0.97
熙菱信息,sz300588,23.9,23.95,24.4,2324000.0,23.88,500,23.9,23600,-0.21,24.4,23.7,2324000,55770000.0,1.31,2.92,42.26,45.76,28.74,19.16,0.74
共创草坪,sh605099,43.93,45.18,45.8,4019800.0,43.93,2800,43.94,400,-2.77,45.95,43.5,4019800,180100000.0,1.0,5.42,176.35,176.83,49.7,40.66,1.04
无锡振华,sh605319,23.42,23.32,23.5,2581600.0,23.42,300,23.43,200,0.43,23.75,23.29,2581600,60750000.0,0.86,1.97,70.52,81.99,25.65,20.99,0.51
联科科技,sz001207,27.7,26.34,26.7,7162600.0,27.7,37900,27.71,4600,5.16,27.76,26.7,7162600,195970000.0,3.63,4.02,54.64,59.98,28.97,23.71,1.62
*ST国华,sz000004,5.62,5.92,5.62,21294200.0,0.0,0,5.62,305500,-5.07,5.9,5.62,21294200,120240000.0,16.86,4.73,7.1,7.44,6.22,5.62,3.41
海欣股份,sh600851,7.88,7.75,7.82,6865300.0,7.86,10200,7.88,23100,1.68,7.96,7.76,6865300,53870000.0,0.93,2.58,58.17,95.12,8.53,6.98,0.84
*ST沪科,sh600608,3.05,3.05,3.03,2713100.0,3.05,8000,3.06,15800,0.0,3.15,3.02,2713100,8300000.0,0.85,4.26,9.71,10.03,3.2,2.9,0.95
嘉欣丝绸,sz002404,6.96,6.7,6.82,16600200.0,6.96,500,6.97,70900,3.88,7.21,6.71,16600200,116130000.0,3.64,7.46,31.72,38.98,7.37,6.03,1.55
华海清科,sh688120,177.73,178.41,182.35,468891800.0,177.73,300,177.75,300,-0.38,185.94,175.43,468891800,846150000.0,1.33,5.89,628.55,628.55,214.09,142.73,1.12
常熟银行,sh601128,7.21,7.08,7.1,60458700.0,7.2,44500,7.21,11300,1.84,7.24,7.08,60458700,434250000.0,1.82,2.26,239.12,239.12,7.79,6.37,1.28
陕建股份,sh600248,3.57,3.55,3.57,23921600.0,3.57,204300,3.58,9900,0.56,3.6,3.55,23921600,85490000.0,0.65,1.41,132.29,133.51,3.91,3.2,0.73
淮河能源,sh600575,3.77,3.72,3.72,60880700.0,3.76,327300,3.77,925600,1.34,3.78,3.71,60880700,228510000.0,1.57,1.88,146.51,270.19,4.09,3.35,1.02
豆神教育,sz300010,7.07,6.9,6.99,61667900.0,7.06,369800,7.07,120800,2.46,7.13,6.97,61667900,435500000.0,3.71,2.32,117.6,146.11,8.28,5.52,0.75
永东股份,sz002753,7.63,7.55,7.66,5899800.0,7.63,21900,7.64,15400,1.06,7.75,7.52,5899800,45060000.0,2.43,3.05,18.53,32.71,8.31,6.8,0.72
东莞控股,sz000828,10.58,10.5,10.65,7629600.0,10.57,22500,10.58,18100,0.76,10.65,10.5,7629600,80610000.0,0.73,1.43,109.98,109.98,11.55,9.45,0.83
翰宇药业,sz300199,16.41,16.36,16.68,15199700.0,16.4,121500,16.41,3400,0.31,16.74,16.39,15199700,251020000.0,2.04,2.14,122.37,144.94,19.63,13.09,0.73
赛微微电,sh688325,111.52,104.13,107.51,139309400.0,111.3,200,111.52,3600,7.1,112.0,104.41,139309400,152450000.0,1.71,7.29,91.07,96.06,124.96,83.3,0.77
山子高科,sz000981,4.53,4.44,4.52,395914000.0,4.53,3214500,4.54,3253400,2.03,4.59,4.48,395914000,1796110000.0,4.16,2.48,430.96,452.89,4.88,4.0,0.68
恒辉安防,sz300952,38.71,38.57,39.5,3696000.0,38.71,1700,38.72,2800,0.36,39.75,38.4,3696000,143290000.0,3.53,3.5,40.56,66.81,46.28,30.86,0.8
黔源电力,sz002039,18.83,18.55,18.5,12510300.0,18.83,33600,18.84,10500,1.51,19.05,18.45,12510300,234790000.0,2.93,3.23,80.51,80.51,20.41,16.7,1.04
杭华股份,sh688571,7.67,7.49,7.62,449840300.0,7.66,30600,7.67,33700,2.4,7.77,7.59,449840300,34630000.0,1.06,2.4,32.53,32.53,8.99,5.99,0.92
格力电器,sz000651,37.04,36.89,36.93,24140300.0,37.04,75300,37.05,30500,0.41,37.12,36.93,24140300,893560000.0,0.44,0.52,2042.81,2074.76,40.58,33.2,0.45
安乃达,sh603350,35.75,35.45,35.88,738000.0,35.75,2500,35.76,600,0.85,36.26,35.57,738000,26510000.0,1.68,1.95,15.73,41.65,39.0,31.91,0.54
北元集团,sh601568,4.33,4.25,4.3,39298100.0,4.33,3900,4.34,228600,1.88,4.38,4.24,39298100,169350000.0,0.99,3.29,172.0,172.0,4.68,3.83,0.98
ST东时,sh603377,3.76,3.6,3.61,7667300.0,3.75,131600,3.76,48000,4.44,3.76,3.59,7667300,28200000.0,1.07,4.72,26.88,26.88,3.78,3.42,1.09
富淼科技,sh688350,31.26,31.29,31.96,253942400.0,31.26,200,31.28,3000,-0.1,32.33,31.01,253942400,79830000.0,1.77,4.22,44.78,44.78,37.55,25.03,0.54
淮北矿业,sh600985,13.59,13.65,13.61,25156600.0,13.58,2100,13.59,1400,-0.44,13.68,13.37,25156600,339920000.0,0.93,2.27,366.01,366.01,15.02,12.29,0.68
ST华铭,sz300462,12.76,12.17,12.2,3994700.0,12.76,30400,12.77,15000,4.85,12.77,12.2,3994700,50180000.0,2.89,4.68,17.61,23.12,14.6,9.74,1.48
上海临港,sh600848,10.69,10.64,10.79,8007300.0,10.68,7700,10.69,8900,0.47,10.8,10.61,8007300,85850000.0,0.33,1.79,255.91,269.65,11.7,9.58,0.55
万里股份,sh600847,13.43,13.3,13.36,3106400.0,13.43,8000,13.45,600,0.98,13.75,13.32,3106400,42060000.0,2.03,3.23,20.59,20.59,14.63,11.97,1.21
迈克生物,sz300463,11.26,11.2,11.3,5802000.0,11.25,15600,11.26,2000,0.54,11.36,11.21,5802000,65460000.0,1.18,1.34,55.38,68.09,13.44,8.96,0.7
正海磁材,sz300224,16.99,17.18,17.47,27263100.0,16.99,47300,17.0,40600,-1.11,17.6,16.8,27263100,467630000.0,2.95,4.66,157.23,158.13,20.62,13.74,0.63
力合科技,sz300800,12.34,12.07,12.24,2764900.0,12.32,1500,12.34,13700,2.24,12.52,12.24,2764900,34230000.0,1.18,2.32,28.92,29.22,14.48,9.66,0.79
中国广核,sz003816,4.12,4.05,4.08,247373500.0,4.11,2098100,4.12,82100,1.73,4.15,4.07,247373500,1017770000.0,0.63,1.98,1620.61,2080.55,4.46,3.65,1.06
东方财富,sz300059,21.09,21.02,21.33,212806800.0,21.09,444700,21.1,359700,0.33,21.35,20.99,212806800,4499740000.0,1.59,1.71,2821.08,3333.07,25.22,16.82,0.87
*ST天微,sh688511,26.81,26.42,26.84,126743100.0,26.8,1700,26.81,14000,1.48,27.04,26.34,126743100,33830000.0,1.23,2.65,27.57,27.57,31.7,21.14,0.52
田中精机,sz300461,55.95,53.5,54.0,7203100.0,55.9,5200,55.95,2800,4.58,57.58,53.5,7203100,399610000.0,5.01,7.63,80.4,87.87,64.2,42.8,1.21
真爱美家,sz003041,51.69,51.09,52.0,1783000.0,51.68,3200,51.69,6500,1.17,52.86,51.11,1783000,92170000.0,1.3,3.43,70.72,74.43,56.2,45.98,0.54
中国铁建,sh601186,7.2,7.14,7.19,94286100.0,7.2,360900,7.21,317400,0.84,7.26,7.18,94286100,680100000.0,0.82,1.12,828.23,977.73,7.85,6.43,0.81
霍普股份,sz301024,39.43,38.57,39.34,876900.0,39.43,900,39.46,2600,2.23,40.5,39.02,876900,34620000.0,1.42,3.84,24.27,25.07,46.28,30.86,0.68
鹏鼎控股,sz002938,54.94,52.66,54.0,26400100.0,54.93,41100,54.94,53200,4.33,55.4,53.3,26400100,1440360000.0,1.14,3.99,1268.78,1273.54,57.93,47.39,0.78
贝达药业,sz300558,42.3,41.85,42.43,4315500.0,42.3,35100,42.32,1100,1.08,42.98,41.75,4315500,182630000.0,1.03,2.94,177.4,177.97,50.22,33.48,0.88
纬达光电,bj920001,21.33,16.41,18.0,10546900.0,21.33,2816100,0.0,0,29.98,21.33,17.0,10546900,217860099.99999997,11.89,26.39,18.92,32.77,21.33,11.49,7.3
弘亚数控,sz002833,18.13,17.82,18.2,5560200.0,18.13,8500,18.16,200,1.74,18.35,18.0,5560200,101080000.0,1.93,1.96,52.31,76.91,19.6,16.04,0.68
风华高科,sz000636,23.75,23.9,24.57,91211800.0,23.75,32800,23.76,3400,-0.63,24.57,23.45,91211800,2188910000.0,7.88,4.69,274.79,274.79,26.29,21.51,0.52
万东医疗,sh600055,14.71,14.6,14.79,4065400.0,14.7,17600,14.71,1700,0.75,14.85,14.58,4065400,59710000.0,0.58,1.85,103.42,103.42,16.06,13.14,0.69
旺能环境,sz002034,17.24,16.99,17.27,4681800.0,17.23,100,17.24,2400,1.47,17.49,17.19,4681800,81200000.0,1.08,1.77,74.45,74.82,18.69,15.29,1.0
康拓医疗,sh688314,37.8,37.37,37.5,92210900.0,37.78,1000,37.8,1300,1.15,38.34,37.5,92210900,34940000.0,1.14,2.25,30.71,30.71,44.84,29.9,0.67
*ST海钦,sh600753,10.41,10.12,10.28,8799300.0,10.41,61800,10.44,104300,2.87,10.63,10.28,8799300,92480000.0,3.82,3.46,23.97,23.97,10.63,9.61,0.78
中铁工业,sh600528,8.33,8.28,8.35,14084400.0,8.33,366400,8.34,64700,0.6,8.44,8.3,14084400,117880000.0,0.63,1.69,185.06,185.06,9.11,7.45,0.78
浙江交科,sz002061,4.06,4.04,4.07,27257300.0,4.05,374800,4.06,31300,0.5,4.11,4.05,27257300,111150000.0,1.05,1.49,105.52,108.58,4.44,3.64,0.88
海创药业-U,sh688302,40.62,40.5,41.31,128072500.0,40.55,1000,40.62,4100,0.3,41.58,40.3,128072500,52340000.0,1.29,3.16,40.22,40.22,48.6,32.4,0.96
京东方Ａ,sz000725,4.46,4.32,4.38,1040317100.0,4.46,7129900,4.47,3346000,3.24,4.53,4.38,1040317100,4660700000.0,2.86,3.47,1620.84,1652.18,4.75,3.89,1.24
中金辐照,sz300962,18.5,17.75,17.71,15676900.0,18.49,45900,18.5,3000,4.23,18.6,17.4,15676900,284210000.0,5.94,6.76,48.84,48.84,21.3,14.2,1.57
民爆光电,sz301362,112.6,118.09,120.3,9637200.0,112.6,10200,112.68,200,-4.65,130.88,112.05,9637200,1176800000.0,32.48,15.95,33.41,117.86,141.71,94.47,1.02
恒兴新材,sh603276,17.3,17.29,17.47,1878900.0,17.3,26100,17.31,9500,0.06,17.73,17.22,1878900,32910000.0,2.48,2.95,13.09,35.92,19.02,15.56,0.79
奥赛康,sz002755,14.37,14.18,14.35,7089100.0,14.37,8100,14.39,4200,1.34,14.6,14.22,7089100,102010000.0,0.76,2.68,133.38,133.38,15.6,12.76,0.83
中原环保,sz000544,8.91,8.84,9.02,12489900.0,8.91,94300,8.92,5000,0.79,9.04,8.83,12489900,111410000.0,1.28,2.38,86.84,86.84,9.72,7.96,0.68
迪阿股份,sz301177,30.68,30.8,31.34,3461400.0,30.67,1400,30.68,10700,-0.39,31.46,30.59,3461400,107110000.0,0.87,2.82,122.72,122.8,36.96,24.64,0.71
浙江华业,sz301616,49.71,49.25,49.7,708500.0,49.71,1300,49.73,400,0.93,50.68,49.4,708500,35410000.0,3.54,2.6,9.94,39.77,59.1,39.4,0.66
西点药业,sz301130,30.77,30.62,31.08,800500.0,30.77,200,30.8,700,0.49,31.24,30.7,800500,24790000.0,1.36,1.76,18.16,23.54,36.74,24.5,0.58
炬芯科技,sh688049,49.77,48.6,49.8,439144300.0,49.76,4100,49.77,4400,2.41,50.65,49.5,439144300,219850000.0,2.51,2.37,87.18,87.18,58.32,38.88,0.72
闽东电力,sz000993,14.74,14.29,14.3,66615400.0,14.74,350800,14.75,83800,3.15,15.15,14.27,66615400,980450000.0,15.15,6.16,64.82,67.5,15.72,12.86,1.46
宏达高科,sz002144,16.63,16.18,16.5,8305400.0,16.62,100,16.63,1100,2.78,16.8,16.18,8305400,136970000.0,6.03,3.83,22.89,29.4,17.8,14.56,0.74
富邦科技,sz300387,9.45,9.62,9.79,17661800.0,9.45,10300,9.46,13500,-1.77,9.81,9.35,17661800,167430000.0,6.11,4.78,27.31,27.32,11.54,7.7,0.73
青松建化,sh600425,4.53,4.53,4.58,32901300.0,4.52,145300,4.53,299400,0.0,4.63,4.5,32901300,149900000.0,2.05,2.87,72.69,72.69,4.98,4.08,1.11
奥特维,sh688516,80.64,83.18,86.37,980870300.0,80.63,500,80.64,500,-3.05,86.37,79.52,980870300,798940000.0,3.12,8.24,253.82,254.28,99.82,66.54,0.75
维尔利,sz300190,4.36,4.33,4.41,20315800.0,4.36,18100,4.37,84700,0.69,4.44,4.33,20315800,88930000.0,2.31,2.54,38.33,38.45,5.2,3.46,0.62
长源电力,sz000966,4.79,4.72,4.76,91644800.0,4.78,222600,4.79,528400,1.48,4.89,4.75,91644800,441670000.0,2.81,2.97,156.23,166.74,5.19,4.25,1.19
爱迪特,sz301580,83.05,82.3,84.0,6994800.0,82.92,1000,83.09,3000,0.91,84.88,80.45,6994800,576010000.0,9.71,5.38,59.81,88.5,98.76,65.84,0.77
德源药业,bj920735,36.0,35.14,35.33,3155600.0,35.99,11400,36.0,14600,2.45,36.08,35.02,3155600,112306000.0,3.04,3.02,37.35,42.23,45.68,24.6,1.83
热威股份,sh603075,22.87,22.5,22.82,1427500.0,22.87,400,22.88,7600,1.64,23.18,22.69,1427500,32760000.0,3.46,2.18,9.43,92.05,24.75,20.25,0.85
高铁电气,sh688285,8.88,8.74,8.81,216861800.0,8.87,5400,8.88,25300,1.6,8.97,8.81,216861800,19330000.0,0.58,1.83,33.41,33.41,10.49,6.99,0.69
*ST春天,sh600381,3.0,2.9,2.89,6112600.0,3.0,9200,3.01,52900,3.45,3.05,2.88,6112600,18290000.0,1.04,5.86,17.61,17.61,3.05,2.76,1.08
昌红科技,sz300151,17.76,17.35,18.08,15312600.0,17.75,41300,17.76,10000,2.36,18.3,17.64,15312600,274250000.0,4.16,3.8,65.45,94.57,20.82,13.88,0.64
京基智农,sz000048,17.69,17.35,17.6,6415600.0,17.68,100,17.69,300,1.96,17.79,17.42,6415600,113070000.0,1.22,2.13,93.11,93.81,19.09,15.62,0.57
明冠新材,sh688560,17.11,17.42,17.67,787334800.0,17.11,8700,17.12,10200,-1.78,17.86,16.84,787334800,135280000.0,3.91,5.86,34.44,34.44,20.9,13.94,0.99
盐 田 港,sz000088,4.53,4.54,4.57,41616800.0,4.53,299200,4.54,511300,-0.22,4.57,4.52,41616800,188910000.0,1.32,1.1,143.28,235.54,4.99,4.09,0.78
浙江自然,sh605080,23.9,23.68,23.99,742400.0,23.89,4400,23.9,1600,0.93,24.16,23.83,742400,17800000.0,0.53,1.39,33.54,33.83,26.05,21.31,0.46
中海油服,sh601808,19.8,20.68,19.83,123605800.0,19.79,84700,19.8,499600,-4.26,21.52,18.7,123605800,2404910000.0,4.18,13.64,586.17,944.78,22.75,18.61,1.25
宝丰能源,sh600989,27.19,26.95,25.98,222532100.0,27.19,6800,27.2,79700,0.89,28.3,25.26,222532100,5921110000.0,3.03,11.28,1993.94,1993.94,29.65,24.26,1.27
国泰环保,sz301203,46.91,46.13,46.68,1076300.0,46.91,300,46.92,3100,1.69,47.57,46.22,1076300,50280000.0,2.45,2.93,20.57,37.53,55.36,36.9,0.48
湖北能源,sz000883,4.8,4.77,4.82,43841900.0,4.79,301500,4.8,202100,0.63,4.85,4.78,43841900,211080000.0,0.68,1.47,311.02,339.81,5.25,4.29,0.86
矩子科技,sz300802,21.13,20.12,20.51,9780200.0,21.12,3000,21.13,8800,5.02,21.84,20.28,9780200,207730000.0,5.02,7.75,41.14,60.03,24.14,16.1,0.97
东北证券,sz000686,8.53,8.51,8.58,19079200.0,8.53,79600,8.54,102200,0.24,8.61,8.49,19079200,162830000.0,0.82,1.41,199.64,199.64,9.36,7.66,0.8
新 华 都,sz002264,9.39,9.26,9.43,22777800.0,9.39,207700,9.4,221900,1.4,9.54,9.36,22777800,215150000.0,3.48,1.94,61.48,67.59,10.19,8.33,0.61
继峰股份,sh603997,13.25,13.19,13.42,6948700.0,13.25,4500,13.26,5000,0.45,13.48,13.16,6948700,92820000.0,0.55,2.43,168.58,168.58,14.51,11.87,0.72
海希通讯,bj920405,22.98,23.12,23.5,1322400.0,22.96,1000,22.98,2500,-0.61,23.6,22.82,1322400,30483900.0,1.2,3.37,25.3,32.23,30.05,16.19,0.66
赛托生物,sz300583,14.02,13.76,14.08,2530200.0,13.97,4300,14.02,5800,1.89,14.18,13.93,2530200,35570000.0,1.36,1.82,26.1,26.6,16.51,11.01,0.81
乐歌股份,sz300729,13.43,13.24,13.39,2789100.0,13.42,1200,13.43,1900,1.44,13.65,13.36,2789100,37620000.0,0.88,2.19,42.77,45.88,15.89,10.59,0.65
博腾股份,sz300363,20.81,20.66,20.99,7725700.0,20.8,93200,20.81,3200,0.73,21.13,20.62,7725700,161130000.0,1.55,2.47,103.81,113.09,24.79,16.53,0.69
诚邦股份,sh603316,15.4,14.53,15.07,32172800.0,15.4,18500,15.41,17000,5.99,15.98,14.9,32172800,496360000.0,12.17,7.43,40.7,40.7,15.98,13.08,3.01
南网能源,sz003035,8.96,8.4,8.35,250287100.0,8.95,1139300,8.96,234100,6.67,9.16,8.34,250287100,2191030000.0,6.61,9.76,339.39,339.39,9.24,7.56,1.11
怡 亚 通,sz002183,4.98,4.83,4.91,70545100.0,4.98,318000,4.99,229200,3.11,5.02,4.89,70545100,349640000.0,2.72,2.69,129.33,129.33,5.31,4.35,0.93
微光股份,sz002801,33.1,32.38,32.98,1892300.0,33.1,11000,33.11,100,2.22,33.38,32.85,1892300,62620000.0,1.63,1.64,38.33,76.01,35.62,29.14,0.77
永利股份,sz300230,5.19,5.07,5.16,18473000.0,5.19,176700,5.2,285700,2.37,5.26,5.14,18473000,96170000.0,2.93,2.37,32.69,42.21,6.08,4.06,0.73
顺网科技,sz300113,24.54,24.41,25.18,35774000.0,24.53,105600,24.54,55000,0.53,25.28,24.28,35774000,881400000.0,6.9,4.1,127.22,167.75,29.29,19.53,0.57
长沙银行,sh601577,9.54,9.49,9.55,15785800.0,9.53,16500,9.54,37700,0.53,9.58,9.48,15785800,150480000.0,0.39,1.05,383.57,383.66,10.44,8.54,0.83
融捷健康,sz300247,4.84,4.8,4.88,14406200.0,4.84,45300,4.85,43000,0.83,4.94,4.82,14406200,70220000.0,1.79,2.5,38.88,38.92,5.76,3.84,0.61
齐翔腾达,sz002408,5.98,6.04,6.09,61493300.0,5.98,125400,5.99,106700,-0.99,6.11,5.85,61493300,366080000.0,2.24,4.3,164.52,170.0,6.64,5.44,1.26
银禧科技,sz300221,10.75,10.48,10.68,16069600.0,10.74,39300,10.75,50600,2.58,10.87,10.66,16069600,173070000.0,3.52,2.0,49.07,50.93,12.58,8.38,0.61
桂林三金,sz002275,13.7,13.68,13.78,2323800.0,13.7,7300,13.71,4200,0.15,13.84,13.66,2323800,31920000.0,0.42,1.32,76.59,80.5,15.05,12.31,0.7
至正股份,sh603991,95.37,92.92,95.5,2382800.0,95.37,1400,95.38,12800,2.64,96.88,93.14,2382800,227270000.0,3.2,4.02,71.08,145.64,102.21,83.63,0.98
朗姿股份,sz002612,17.29,17.2,17.49,5428500.0,17.28,3700,17.29,8700,0.52,17.55,17.21,5428500,94180000.0,2.13,1.98,44.04,76.5,18.92,15.48,0.66
钛能化学,sz002145,5.41,5.41,5.52,79791500.0,5.41,251400,5.42,365100,0.0,5.55,5.33,79791500,431820000.0,2.14,4.07,201.73,205.94,5.95,4.87,0.61
铜冠矿建,bj920019,21.68,22.5,22.62,6078800.0,21.68,7500,21.7,1700,-3.64,22.88,21.51,6078800,134054500.0,3.63,6.09,36.32,45.59,29.25,15.75,0.88
楚天科技,sz300358,10.3,10.22,10.49,13181100.0,10.3,21500,10.31,2600,0.78,10.55,10.22,13181100,136830000.0,1.88,3.23,72.23,73.65,12.26,8.18,0.71
国药一致,sz000028,25.21,25.21,25.4,2933000.0,25.21,4000,25.22,2800,0.0,25.48,25.16,2933000,74230000.0,0.61,1.27,120.52,140.31,27.73,22.69,0.67
协鑫能科,sz002015,14.2,14.31,14.61,135399900.0,14.2,399900,14.21,15600,-0.77,14.72,13.95,135399900,1934620000.0,8.34,5.38,230.51,230.51,15.74,12.88,0.96
万和电气,sz002543,8.9,8.72,8.89,5295200.0,8.9,14300,8.91,8400,2.06,8.97,8.82,5295200,47110000.0,0.8,1.72,58.88,66.18,9.59,7.85,0.86
中建环能,sz300425,5.14,5.05,5.11,9246800.0,5.14,11100,5.15,27800,1.78,5.21,5.1,9246800,47710000.0,1.36,2.18,34.9,35.07,6.06,4.04,0.68
网宿科技,sz300017,17.9,18.01,18.58,265516500.0,17.9,25100,17.91,29200,-0.61,18.58,17.66,265516500,4773790000.0,11.51,5.11,412.8,440.24,21.61,14.41,0.62
同花顺,sz300033,311.99,311.29,315.92,5570400.0,311.99,5600,312.0,15600,0.22,317.0,310.01,5570400,1744510000.0,1.78,2.25,977.0,1677.26,373.55,249.03,0.78
永兴股份,sh601033,15.42,15.31,15.42,5806000.0,15.42,10100,15.43,7300,0.72,15.52,15.34,5806000,89640000.0,2.42,1.18,37.01,138.78,16.84,13.78,0.97
梅花生物,sh600873,11.18,11.19,11.26,27466600.0,11.17,6300,11.18,1300,-0.09,11.37,11.11,27466600,307740000.0,0.98,2.32,313.51,313.51,12.31,10.07,0.84
共同药业,sz300966,19.82,19.69,20.0,2031100.0,19.82,1600,19.83,800,0.66,20.2,19.67,2031100,40520000.0,2.66,2.69,15.14,22.85,23.63,15.75,0.89
铁建重工,sh688425,5.25,5.18,5.24,2924507400.0,5.25,5100,5.26,311400,1.35,5.31,5.22,2924507400,154130000.0,0.55,1.74,280.01,280.01,6.22,4.14,0.95
龙磁科技,sz300835,92.31,87.63,89.0,6162300.0,92.31,3000,92.32,9900,5.34,94.55,87.0,6162300,560210000.0,7.49,8.62,75.96,110.08,105.16,70.1,0.91
有研新材,sh600206,23.84,24.02,24.55,39650800.0,23.84,23300,23.85,21800,-0.75,24.63,23.59,39650800,955020000.0,4.68,4.33,201.82,201.82,26.42,21.62,0.5
恒申新材,sz000782,6.16,6.0,6.08,22269600.0,6.15,401100,6.16,44200,2.67,6.34,6.03,22269600,138120000.0,4.22,5.17,32.53,42.29,6.6,5.4,0.74
浦东金桥,sh600639,10.26,10.2,10.3,4756300.0,10.26,11300,10.27,13300,0.59,10.32,10.2,4756300,48770000.0,0.56,1.18,87.23,115.16,11.22,9.18,0.68
中远海控,sh601919,15.78,15.85,15.71,263309800.0,15.77,105400,15.78,308900,-0.44,16.14,15.49,263309800,4142230000.0,2.1,4.1,1981.37,2416.34,17.44,14.27,0.92
九州通,sh600998,5.17,5.15,5.19,29458700.0,5.16,251800,5.17,527200,0.39,5.23,5.15,29458700,152870000.0,0.58,1.55,260.7,260.7,5.67,4.64,0.72
皓元医药,sh688131,61.66,62.12,63.04,317803100.0,61.66,700,61.7,13400,-0.74,63.3,60.07,317803100,196950000.0,1.5,5.2,130.78,130.78,74.54,49.7,0.74
中科曙光,sh603019,84.79,82.33,83.9,35510000.0,84.78,47600,84.79,474000,2.99,85.7,83.47,35510000,3005600000.0,2.43,2.71,1240.23,1240.58,90.56,74.1,0.79
苏农银行,sh603323,4.93,4.88,4.91,29423800.0,4.93,69200,4.94,831200,1.02,4.96,4.9,29423800,145090000.0,1.46,1.23,99.51,99.51,5.37,4.39,0.86
赣粤高速,sh600269,4.91,4.88,4.89,23828000.0,4.91,308100,4.92,32700,0.61,4.95,4.88,23828000,116970000.0,1.02,1.43,114.67,114.67,5.37,4.39,0.94
荣盛石化,sz002493,15.45,14.62,14.82,92483100.0,15.45,72400,15.46,20900,5.68,15.63,14.53,92483100,1401100000.0,0.99,7.52,1446.46,1543.37,16.08,13.16,1.12
中国电建,sh601669,5.75,5.6,5.66,443919300.0,5.75,789400,5.76,913700,2.68,5.8,5.65,443919300,2552310000.0,3.4,2.68,751.61,990.5,6.16,5.04,1.64
三六零,sh601360,11.45,11.26,11.47,99123800.0,11.44,269100,11.45,163000,1.69,11.53,11.37,99123800,1135700000.0,1.42,1.42,801.45,801.45,12.39,10.13,0.7
蓝特光学,sh688127,56.88,51.73,53.43,1682281300.0,56.88,900,56.89,11100,9.96,60.0,53.0,1682281300,958610000.0,4.14,13.53,230.87,230.87,62.08,41.38,1.7
本立科技,sz301065,23.7,23.6,23.79,1346900.0,23.68,200,23.7,1300,0.42,24.07,23.58,1346900,32110000.0,1.56,2.08,20.45,25.13,28.32,18.88,0.74
中微半导,sh688380,48.55,47.29,48.8,1273445300.0,48.54,800,48.55,5200,2.66,50.2,47.7,1273445300,622430000.0,3.18,5.29,194.38,194.38,56.75,37.83,0.92
龙净环保,sh600388,19.88,19.49,19.63,18467500.0,19.88,128300,19.89,3900,2.0,20.2,19.5,18467500,366690000.0,1.45,3.59,252.49,252.49,21.44,17.54,0.87
冀中能源,sz000937,5.81,5.9,5.88,39828900.0,5.8,171000,5.81,600,-1.53,5.88,5.7,39828900,230270000.0,1.16,3.05,199.48,205.3,6.49,5.31,0.86
三湘印象,sz000863,5.73,5.68,5.78,17724700.0,5.72,34100,5.73,406200,0.88,5.8,5.66,17724700,101660000.0,1.52,2.46,66.68,67.65,6.25,5.11,0.62
辉煌科技,sz002296,13.7,13.72,14.04,18863800.0,13.69,20600,13.7,15500,-0.15,14.08,13.56,18863800,259330000.0,5.43,3.79,47.6,53.37,15.09,12.35,0.66
*ST中地,sz000736,5.22,5.17,5.21,6427300.0,5.21,41900,5.22,33600,0.97,5.25,5.17,6427300,33490000.0,0.86,1.55,39.0,39.0,5.43,4.91,0.75
中设股份,sz002883,9.99,10.03,10.13,4910200.0,9.99,15300,10.0,20200,-0.4,10.23,9.96,4910200,49570000.0,3.2,2.69,15.32,15.6,11.03,9.03,1.22
中粮科工,sz301058,10.96,11.05,11.17,14734700.0,10.96,16400,10.97,35600,-0.81,11.18,10.86,14734700,161950000.0,2.88,2.9,56.15,56.15,13.26,8.84,1.24
步长制药,sh603858,16.28,16.22,16.4,4291800.0,16.28,1400,16.29,32200,0.37,16.49,16.22,4291800,70140000.0,0.41,1.66,171.68,171.68,17.84,14.6,0.78
重庆银行,sh601963,10.75,10.47,10.4,22269800.0,10.74,7200,10.75,6600,2.67,10.8,10.33,22269800,235900000.0,1.18,4.49,202.41,373.52,11.52,9.42,1.07
天新药业,sh603235,27.45,27.66,27.86,801000.0,27.45,1200,27.49,900,-0.76,27.86,27.39,801000,22130000.0,0.18,1.7,120.17,120.17,30.43,24.89,0.72
成都银行,sh601838,16.83,16.66,16.6,26723700.0,16.82,12600,16.83,3900,1.02,16.85,16.55,26723700,447020000.0,0.63,1.8,713.33,713.33,18.33,14.99,0.71
北京银行,sh601169,5.4,5.35,5.36,119801300.0,5.4,506300,5.41,6555700,0.93,5.41,5.34,119801300,645010000.0,0.57,1.31,1141.72,1141.72,5.89,4.82,0.84
达梦数据,sh688692,233.94,233.68,237.86,110376400.0,233.94,2000,233.95,600,0.11,238.38,233.18,110376400,259440000.0,1.51,2.23,171.1,264.91,280.42,186.94,0.89
重庆燃气,sh600917,5.77,5.91,5.88,51497800.0,5.77,391400,5.78,147000,-2.37,5.97,5.72,51497800,299000000.0,3.3,4.23,90.07,90.07,6.5,5.32,1.08
圣达生物,sh603079,17.23,17.08,17.2,2271000.0,17.22,6000,17.23,2800,0.88,17.6,17.08,2271000,39370000.0,1.2,3.04,32.57,32.57,18.79,15.37,0.59
维宏股份,sz300508,41.9,41.52,43.0,2774100.0,41.9,13800,41.92,800,0.92,43.0,41.5,2774100,117090000.0,3.39,3.61,34.33,45.59,49.82,33.22,0.63
招商证券,sh600999,15.97,15.95,16.08,32427200.0,15.96,243600,15.97,65800,0.13,16.08,15.95,32427200,519050000.0,0.44,0.82,1185.29,1388.84,17.55,14.36,0.63
美信科技,sz301577,66.61,66.96,67.07,3414200.0,66.61,6100,66.77,500,-0.52,68.6,65.76,3414200,229970000.0,18.12,4.24,12.55,29.99,80.35,53.57,1.17
泽璟制药-U,sh688266,77.69,75.75,77.0,298810200.0,77.68,6700,77.69,4200,2.56,79.89,75.3,298810200,232010000.0,1.13,6.06,205.65,205.65,90.9,60.6,0.98
明牌珠宝,sz002574,5.93,5.98,6.05,10905700.0,5.92,49600,5.93,103400,-0.84,6.06,5.9,10905700,65110000.0,2.07,2.68,31.31,31.31,6.58,5.38,0.79
中际旭创,sz300308,557.0,539.0,556.0,37900400.0,557.0,2500,557.01,500,3.34,585.0,552.6,37900400,21444660000.0,3.43,6.01,6157.64,6188.93,646.8,431.2,1.06
上峰水泥,sz000672,14.42,14.65,14.88,17252500.0,14.41,20200,14.42,100,-1.57,14.93,14.27,17252500,250960000.0,1.78,4.51,139.79,139.79,16.12,13.19,0.55
中粮糖业,sh600737,15.2,15.67,15.55,31320800.0,15.2,27800,15.21,23000,-3.0,15.61,15.16,31320800,479470000.0,1.46,2.87,325.1,325.1,17.24,14.1,1.04
金禄电子,sz301282,29.51,28.9,29.71,6083600.0,29.5,10900,29.51,1800,2.11,30.31,29.2,6083600,181750000.0,5.17,3.84,34.7,44.6,34.68,23.12,0.61
昀冢科技,sh688260,30.08,29.68,29.9,458624800.0,30.08,54200,30.09,4200,1.35,30.6,29.67,458624800,138060000.0,3.82,3.13,36.1,36.1,35.62,23.74,0.47
东山精密,sz002384,92.7,95.0,97.85,77927600.0,92.68,400,92.7,2900,-2.42,97.99,92.0,77927600,7346880000.0,5.62,6.31,1285.12,1697.9,104.5,85.5,0.84
大豪科技,sh603025,16.55,15.96,16.28,8191800.0,16.54,400,16.55,400,3.7,16.67,16.19,8191800,135140000.0,0.74,3.01,183.57,184.81,17.56,14.36,1.04
粤高速Ａ,sz000429,12.12,12.02,12.12,5163100.0,12.12,35600,12.13,6700,0.83,12.17,12.0,5163100,62380000.0,0.4,1.41,157.96,253.41,13.22,10.82,0.8
中国石化,sh600028,7.03,7.4,7.25,764716000.0,7.03,543200,7.04,1621400,-5.0,7.3,6.86,764716000,5376800000.0,0.81,5.95,6661.1,8501.06,8.14,6.66,0.94
中旗股份,sz300575,6.75,6.72,6.91,9941100.0,6.75,25000,6.76,28700,0.45,6.92,6.68,9941100,67260000.0,2.9,3.57,23.13,32.2,8.06,5.38,0.78
中国电研,sh688128,28.88,28.18,28.55,267538300.0,28.88,10800,28.89,200,2.48,29.31,28.55,267538300,77490000.0,0.66,2.7,116.82,116.82,33.82,22.54,0.87
长青股份,sz002391,6.45,6.44,6.55,9979100.0,6.45,10100,6.46,26200,0.16,6.61,6.41,9979100,64800000.0,2.15,3.11,29.94,41.9,7.08,5.8,0.8
麦澜德,sh688273,41.81,40.66,41.4,157867700.0,41.81,3000,41.89,200,2.83,42.77,41.17,157867700,66260000.0,1.58,3.94,41.81,41.81,48.79,32.53,0.84
神马电力,sh603530,71.48,67.21,70.07,23214400.0,71.48,8700,71.49,9400,6.35,73.93,70.01,23214400,1682070000.0,5.43,5.83,305.55,308.57,73.93,60.49,1.67
辉隆股份,sz002556,6.73,6.75,6.98,37728900.0,6.73,98200,6.74,54100,-0.3,7.02,6.68,37728900,256910000.0,3.99,5.04,63.64,63.7,7.43,6.08,1.36
金河生物,sz002688,5.94,5.94,6.0,9883600.0,5.93,96000,5.94,47300,0.0,6.04,5.92,9883600,58920000.0,1.32,2.02,44.4,45.84,6.53,5.35,0.7
山西证券,sz002500,5.76,5.75,5.8,28938400.0,5.75,394800,5.76,271500,0.17,5.82,5.72,28938400,166700000.0,0.81,1.74,206.77,206.77,6.33,5.18,0.92
天鹅股份,sh603029,19.23,18.92,19.3,2736000.0,19.22,9000,19.23,800,1.64,19.7,19.09,2736000,53160000.0,2.25,3.22,23.33,23.33,20.81,17.03,1.21
共达电声,sz002655,16.29,16.63,16.96,26165200.0,16.29,27700,16.3,27800,-2.04,17.13,16.17,26165200,429450000.0,7.23,5.77,58.94,58.95,18.29,14.97,0.56
博汇纸业,sh600966,8.25,8.08,8.3,18902400.0,8.24,17800,8.25,78000,2.1,8.32,8.11,18902400,155450000.0,1.41,2.6,110.29,110.29,8.89,7.27,0.62
上海凯宝,sz300039,6.28,6.2,6.27,17658300.0,6.27,48300,6.28,96900,1.29,6.32,6.25,17658300,110910000.0,1.93,1.13,57.58,65.69,7.44,4.96,0.59
万通发展,sh600246,10.84,10.85,11.05,56715400.0,10.84,193500,10.85,190500,-0.09,11.15,10.72,56715400,617320000.0,3.0,3.96,204.92,210.62,11.94,9.77,0.8
顾家家居,sh603816,33.33,33.5,33.97,5144400.0,33.33,162700,33.39,100,-0.51,33.99,33.21,5144400,172150000.0,0.63,2.33,270.7,273.79,36.85,30.15,0.95
华帝股份,sz002035,6.05,6.03,6.1,9304900.0,6.05,39900,6.06,50900,0.33,6.11,6.04,9304900,56540000.0,1.19,1.16,47.31,51.28,6.63,5.43,0.81
鸥玛软件,sz301185,20.05,19.7,20.07,3210100.0,20.05,14300,20.07,200,1.78,20.31,19.95,3210100,64520000.0,2.3,1.83,28.04,30.76,23.64,15.76,0.66
梦网科技,sz002123,10.91,10.7,10.89,16900000.0,10.9,106600,10.91,51000,1.96,11.06,10.83,16900000,185010000.0,2.35,2.15,78.56,87.87,11.77,9.63,0.74
深南电路,sz002916,268.16,267.9,274.8,9234800.0,268.16,10600,268.17,3500,0.1,280.44,265.2,9234800,2512900000.0,1.39,5.69,1782.75,1826.62,294.69,241.11,0.85
阿拉丁,sh688179,17.74,17.23,17.57,1165617100.0,17.73,4300,17.74,1100,2.96,18.17,17.49,1165617100,207910000.0,3.5,3.95,59.0,59.0,20.68,13.78,0.69
三佳科技,sh600520,26.46,26.23,26.7,3598100.0,26.46,10300,26.47,2100,0.88,26.85,26.36,3598100,95910000.0,2.27,1.87,41.92,41.92,28.85,23.61,0.87
杭州柯林,sh688611,60.2,58.49,58.79,195744000.0,60.2,5200,60.24,2000,2.92,60.3,58.3,195744000,116880000.0,1.28,3.42,92.34,92.34,70.19,46.79,1.51
圣湘生物,sh688289,18.08,18.04,18.22,410793700.0,18.08,7600,18.09,5700,0.22,18.25,18.0,410793700,74520000.0,0.71,1.39,104.75,104.75,21.65,14.43,0.69
兄弟科技,sz002562,6.65,6.65,6.78,43948000.0,6.64,60400,6.65,190200,0.0,6.82,6.6,43948000,293450000.0,6.26,3.31,46.65,76.0,7.32,5.99,0.63
泰格医药,sz300347,56.77,56.06,56.68,6787200.0,56.77,8700,56.78,600,1.27,57.32,55.92,6787200,384200000.0,1.2,2.5,321.44,488.8,67.27,44.85,0.91
永茂泰,sh605208,12.64,12.52,12.7,4525000.0,12.64,4500,12.65,20400,0.96,12.9,12.6,4525000,57630000.0,1.37,2.4,41.7,41.7,13.77,11.27,0.6
大湖股份,sh600257,6.69,6.78,6.85,18308700.0,6.68,49200,6.69,23100,-1.33,6.95,6.65,18308700,123720000.0,3.8,4.42,32.19,32.19,7.46,6.1,0.86
怡达股份,sz300721,15.6,15.8,16.01,8407300.0,15.59,1000,15.6,10100,-1.27,16.14,15.47,8407300,131490000.0,6.08,4.24,21.58,25.72,18.96,12.64,0.69
恒大高新,sz002591,7.35,7.21,7.32,9100200.0,7.34,3900,7.35,15500,1.94,7.46,7.3,9100200,67150000.0,4.07,2.22,16.43,22.06,7.93,6.49,0.8
三峡水利,sh600116,6.84,6.81,6.85,26331300.0,6.83,26800,6.84,1159000,0.44,6.89,6.79,26331300,180030000.0,1.38,1.47,130.79,130.79,7.49,6.13,1.05
圣元环保,sz300867,18.98,18.85,19.17,3287400.0,18.97,1000,18.98,17600,0.69,19.22,18.9,3287400,62680000.0,1.72,1.7,36.37,51.58,22.62,15.08,0.62
鹿山新材,sh603051,22.59,22.59,22.84,5227100.0,22.58,11900,22.59,15600,0.0,23.17,22.4,5227100,118670000.0,3.23,3.41,36.51,36.51,24.85,20.33,0.65
国投电力,sh600886,13.73,13.56,13.58,34374200.0,13.72,40300,13.73,35500,1.25,13.8,13.53,34374200,470330000.0,0.46,1.99,1023.46,1099.02,14.92,12.2,0.78
龙利得,sz300883,6.69,6.63,6.7,8881800.0,6.68,3000,6.69,137700,0.9,6.81,6.65,8881800,59960000.0,2.69,2.41,22.12,23.15,7.96,5.3,0.9
派斯林,sh600215,7.2,7.05,7.15,8892900.0,7.19,42300,7.2,59200,2.13,7.32,7.11,8892900,64040000.0,1.95,2.98,32.9,32.9,7.76,6.35,0.84
新集能源,sh601918,8.05,8.16,8.11,91034000.0,8.05,201300,8.06,44900,-1.35,8.15,7.87,91034000,729720000.0,3.51,3.43,208.54,208.54,8.98,7.34,0.91
南方传媒,sh601900,13.94,13.82,13.99,7585000.0,13.93,11600,13.94,19400,0.87,14.05,13.85,7585000,105750000.0,0.86,1.45,122.95,122.95,15.2,12.44,0.64
华夏银行,sh600015,6.84,6.75,6.73,75477500.0,6.84,557700,6.85,1388400,1.33,6.86,6.71,75477500,514020000.0,0.49,2.22,1052.49,1088.58,7.43,6.08,0.99
出版传媒,sh601999,6.99,6.9,7.01,4845200.0,6.98,9400,6.99,70100,1.3,7.08,6.96,4845200,34020000.0,0.88,1.74,38.51,38.51,7.59,6.21,0.67
清源股份,sh603628,14.14,13.99,14.21,9016400.0,14.13,18600,14.14,25100,1.07,14.35,14.05,9016400,128110000.0,3.31,2.14,38.48,38.62,15.39,12.59,0.78
鲁北化工,sh600727,7.98,8.05,8.13,37866400.0,7.97,26800,7.98,27600,-0.87,8.14,7.77,37866400,300130000.0,7.16,4.6,42.18,42.18,8.86,7.25,0.82
康尼机电,sh603111,6.94,6.79,6.88,9027200.0,6.93,39900,6.94,12800,2.21,6.99,6.87,9027200,62610000.0,1.06,1.77,59.19,59.82,7.47,6.11,0.93
国光股份,sz002749,13.87,14.03,14.1,3789000.0,13.87,1600,13.88,20800,-1.14,14.14,13.78,3789000,52610000.0,0.84,2.57,62.92,64.68,15.43,12.63,0.77
兴业银行,sh601166,18.47,18.14,18.16,88303700.0,18.46,102300,18.47,551500,1.82,18.48,18.15,88303700,1620830000.0,0.42,1.82,3908.78,3908.78,19.95,16.33,0.95
国光电器,sz002045,12.99,12.78,12.98,10537900.0,12.98,39900,12.99,8500,1.64,13.16,12.94,10537900,137590000.0,1.88,1.72,72.98,73.07,14.06,11.5,0.77
郑中设计,sz002811,15.04,14.81,15.01,9416900.0,15.02,2600,15.04,3700,1.55,15.28,14.87,9416900,141920000.0,3.33,2.77,42.58,46.32,16.29,13.33,0.51
联盛化学,sz301212,28.7,28.7,29.24,2555100.0,28.7,4600,28.72,200,0.0,29.42,28.48,2555100,73810000.0,2.73,3.28,26.91,31.0,34.44,22.96,0.71
则成电子,bj920821,23.46,22.86,23.27,1692200.0,23.46,5400,23.47,1800,2.62,23.84,23.24,1692200,39838900.0,2.32,2.62,17.09,32.46,29.71,16.01,0.71
ST尔雅,sh600107,5.78,5.77,5.98,2604400.0,5.77,1600,5.78,27600,0.17,5.98,5.72,2604400,15110000.0,0.72,4.51,20.81,20.81,6.06,5.48,0.52
智信精密,sz301512,48.97,48.18,49.35,705200.0,48.96,200,48.97,2100,1.64,50.0,48.71,705200,34880000.0,2.84,2.68,12.15,26.12,57.82,38.54,0.76
ST逸飞,sh688646,47.26,46.28,46.5,105349900.0,47.26,4600,47.32,2100,2.12,48.4,46.5,105349900,50160000.0,1.82,4.11,27.4,44.5,55.54,37.02,0.75
蒙泰高新,sz300876,28.72,28.45,29.12,1383000.0,28.68,400,28.72,3000,0.95,29.5,28.58,1383000,40010000.0,1.71,3.23,23.29,31.22,34.14,22.76,0.81
华宇软件,sz300271,7.2,7.07,7.2,13482500.0,7.19,22900,7.2,65800,1.84,7.28,7.17,13482500,97170000.0,1.69,1.56,57.4,58.45,8.48,5.66,0.75
康平科技,sz300907,29.21,28.62,29.16,1269500.0,29.19,4600,29.21,1800,2.06,29.67,29.0,1269500,37260000.0,1.32,2.34,28.04,28.04,34.34,22.9,0.88
龙源技术,sz300105,8.0,7.7,7.78,21368900.0,7.99,140200,8.0,153900,3.9,8.08,7.78,21368900,170370000.0,4.14,3.9,41.27,41.27,9.24,6.16,1.68
华工科技,sz000988,106.61,101.55,105.0,155232200.0,106.61,73200,106.62,1400,4.98,111.71,99.55,155232200,16508970000.0,15.45,11.97,1071.42,1071.97,111.71,91.4,1.46
斯达半导,sh603290,98.12,97.59,99.95,3823000.0,98.12,300,98.13,3300,0.54,100.37,97.68,3823000,379020000.0,1.6,2.76,234.97,234.97,107.35,87.83,0.7
江山欧派,sh603208,14.1,14.0,14.25,2212000.0,14.09,6500,14.1,1200,0.71,14.35,14.06,2212000,31420000.0,1.25,2.07,24.98,24.98,15.4,12.6,0.57
海森药业,sz001367,22.17,22.21,22.48,1794500.0,22.16,4300,22.17,4200,-0.18,22.62,19.99,1794500,39660000.0,4.52,11.84,8.8,33.78,24.43,19.99,1.31
中持股份,sh603903,12.07,12.05,12.09,3348800.0,12.07,21000,12.08,5900,0.17,12.23,12.02,3348800,40530000.0,1.31,1.74,30.82,30.82,13.26,10.85,0.51
中交设计,sh600720,7.13,7.12,7.15,8605600.0,7.13,32500,7.14,63800,0.14,7.17,7.11,8605600,61430000.0,0.85,0.84,71.95,163.6,7.83,6.41,0.82
智动力,sz300686,14.97,14.59,14.94,4294600.0,14.97,13500,14.98,10100,2.6,15.22,14.88,4294600,64610000.0,1.66,2.33,38.76,39.02,17.51,11.67,0.77
辰光医疗,bj920300,14.22,13.66,13.8,3278200.0,14.22,20200,14.23,2000,4.1,14.59,13.8,3278200,46729500.0,4.93,5.78,9.46,12.21,17.75,9.57,2.66
陕天然气,sz002267,8.31,8.68,8.58,48146100.0,8.31,85600,8.32,59800,-4.26,8.64,8.2,48146100,401020000.0,4.33,5.07,92.41,92.41,9.55,7.81,1.06
汉朔科技,sz301275,50.48,51.2,51.86,1842400.0,50.48,3300,50.49,400,-1.41,51.98,50.26,1842400,94090000.0,5.45,3.36,17.06,213.23,61.44,40.96,0.7
物产金轮,sz002722,15.44,15.14,15.45,3839400.0,15.43,14800,15.44,13400,1.98,15.55,15.33,3839400,59290000.0,1.73,1.45,34.33,34.33,16.65,13.63,0.78
深水规院,sz301038,21.66,21.59,21.94,1749300.0,21.64,1700,21.66,10900,0.32,22.01,21.6,1749300,38130000.0,0.78,1.9,48.32,48.32,25.91,17.27,0.64
致远互联,sh688369,22.95,22.95,23.49,449617800.0,22.94,8600,22.95,44300,0.0,23.75,22.76,449617800,104200000.0,3.9,4.31,26.44,26.44,27.54,18.36,1.0
财富趋势,sh688318,114.7,115.98,118.03,283889700.0,114.7,300,114.72,300,-1.1,119.42,114.01,283889700,329980000.0,1.11,4.66,293.77,293.77,139.18,92.78,1.0
华阳股份,sh600348,10.08,10.26,10.23,66110100.0,10.08,18200,10.09,16800,-1.75,10.25,9.9,66110100,663350000.0,1.83,3.41,363.64,363.64,11.29,9.23,0.86
天益医疗,sz301097,56.87,55.2,56.01,514900.0,56.87,36000,56.89,500,3.03,56.87,55.3,514900,28950000.0,1.78,2.84,16.46,33.52,66.24,44.16,0.73
东富龙,sz300171,16.51,16.68,16.98,9948400.0,16.5,12800,16.51,12600,-1.02,17.05,16.39,9948400,166210000.0,1.77,3.96,92.89,126.44,20.02,13.34,0.88
ST未名,sz002581,8.38,8.5,8.55,7086400.0,8.37,10300,8.38,38200,-1.41,8.61,8.31,7086400,59640000.0,1.77,3.53,33.59,55.29,8.93,8.08,0.56
乐普医疗,sz300003,16.88,16.75,17.06,29041800.0,16.88,38400,16.9,6600,0.78,17.13,16.72,29041800,491690000.0,1.84,2.45,266.52,311.17,20.1,13.4,0.95
中国银河,sh601881,14.07,13.94,14.1,28671900.0,14.06,348900,14.07,97400,0.93,14.16,14.01,28671900,403630000.0,0.4,1.08,1019.15,1538.47,15.33,12.55,0.65
凯中精密,sz002823,16.14,15.88,16.2,5574500.0,16.14,12500,16.15,1000,1.64,16.45,16.1,5574500,90810000.0,2.55,2.2,35.33,53.0,17.47,14.29,0.63
南京证券,sh601990,7.54,7.52,7.6,15673100.0,7.54,95500,7.56,135500,0.27,7.63,7.52,15673100,118490000.0,0.43,1.46,277.95,331.73,8.27,6.77,0.77
西部证券,sz002673,7.59,7.58,7.68,26785300.0,7.58,246900,7.59,55800,0.13,7.7,7.56,26785300,203750000.0,0.6,1.85,339.24,339.24,8.34,6.82,0.76
中兰环保,sz300854,24.25,23.78,24.0,2982100.0,24.25,5700,24.26,4100,1.98,24.46,23.6,2982100,71620000.0,3.67,3.62,19.73,24.27,28.54,19.02,0.54
设计总院,sh603357,8.16,8.07,8.13,4096100.0,8.16,400,8.17,36600,1.12,8.21,8.13,4096100,33480000.0,0.74,0.99,45.34,45.74,8.88,7.26,0.7
隆盛科技,sz300680,44.95,44.22,45.21,5620300.0,44.95,300,44.96,100,1.65,45.59,44.61,5620300,253570000.0,3.2,2.22,79.04,102.36,53.06,35.38,0.82
水晶光电,sz002273,27.19,26.24,26.84,50528900.0,27.18,6100,27.19,38200,3.62,27.76,26.79,50528900,1379480000.0,3.71,3.7,370.39,378.11,28.86,23.62,0.94
软控股份,sz002073,7.64,7.5,7.62,22922500.0,7.64,48500,7.65,37300,1.87,7.71,7.59,22922500,175240000.0,2.27,1.6,77.13,77.91,8.25,6.75,0.73
先达股份,sh603086,8.12,8.11,8.25,8860200.0,8.11,109900,8.12,13700,0.12,8.25,8.09,8860200,72140000.0,2.04,1.97,35.31,35.31,8.92,7.3,0.69
禾盛新材,sz002290,63.9,63.0,64.01,3682600.0,63.9,3900,63.91,800,1.43,65.5,63.0,3682600,237110000.0,1.49,3.97,158.08,158.54,69.3,56.7,0.77
测绘股份,sz300826,16.8,16.68,16.95,2122900.0,16.76,4900,16.8,2200,0.72,17.09,16.66,2122900,35860000.0,1.25,2.58,28.49,29.62,20.02,13.34,0.56
鸿路钢构,sz002541,22.86,23.19,23.5,10050500.0,22.86,400,22.9,100,-1.42,23.78,22.63,10050500,232930000.0,2.03,4.96,113.41,157.74,25.51,20.87,0.73
敏芯股份,sh688286,72.74,71.12,72.36,165201500.0,72.73,1200,72.74,1800,2.28,73.85,72.36,165201500,120520000.0,2.95,2.1,40.78,40.78,85.34,56.9,0.84
常宝股份,sz002478,12.61,12.4,12.8,57879100.0,12.6,2000,12.61,202100,1.69,13.24,12.46,57879100,741720000.0,8.01,6.29,91.14,113.59,13.64,11.16,0.69
天键股份,sz301383,32.95,32.85,33.6,1093800.0,32.94,1900,32.95,2000,0.3,33.78,32.84,1093800,36490000.0,1.55,2.86,23.27,53.83,39.42,26.28,0.44
罗平锌电,sz002114,10.12,10.1,10.29,17980100.0,10.11,46700,10.12,8200,0.2,10.35,10.05,17980100,183320000.0,5.56,2.97,32.73,32.73,11.11,9.09,0.46
沪宁股份,sz300669,34.1,33.46,34.01,2686800.0,34.1,9700,34.11,12100,1.91,34.68,33.3,2686800,91280000.0,1.47,4.12,62.23,65.71,40.15,26.77,0.89
赛特新材,sh688398,24.09,24.54,25.02,361973100.0,24.09,10500,24.13,50000,-1.83,25.05,24.05,361973100,88470000.0,2.16,4.07,40.43,40.43,29.45,19.63,0.99
贝斯美,sz300796,9.54,9.55,9.68,7556800.0,9.54,7900,9.55,16800,-0.1,9.73,9.45,7556800,72310000.0,2.09,2.93,34.45,34.45,11.46,7.64,0.36
青岛港,sh601298,9.14,9.18,9.2,11686100.0,9.13,7200,9.14,7500,-0.44,9.25,9.07,11686100,106530000.0,0.22,1.96,492.84,593.29,10.1,8.26,0.67
黑牡丹,sh600510,9.22,9.17,9.27,10848500.0,9.21,14700,9.22,29600,0.55,9.54,9.14,10848500,100840000.0,1.05,4.36,95.15,95.15,10.09,8.25,0.43
康德莱,sh603987,8.94,8.76,8.89,4423400.0,8.92,22500,8.94,23800,2.05,9.03,8.87,4423400,39560000.0,1.01,1.83,39.05,39.05,9.64,7.88,0.83
豪威集团,sh603501,114.17,113.52,115.8,10138400.0,114.17,74700,114.18,2600,0.57,115.88,113.89,10138400,1164430000.0,0.84,1.75,1381.72,1439.65,124.87,102.17,0.52
隆基绿能,sh601012,17.76,17.66,17.93,119452300.0,17.75,418300,17.76,25400,0.57,18.0,17.71,119452300,2130170000.0,1.58,1.64,1345.86,1345.86,19.43,15.89,0.75
仙琚制药,sz002332,9.04,9.02,9.09,11389700.0,9.03,9700,9.04,38400,0.22,9.11,9.01,11389700,103050000.0,1.16,1.11,89.01,89.42,9.92,8.12,0.61
潜能恒信,sz300191,46.8,50.96,49.01,48548700.0,46.8,17900,46.83,900,-8.16,50.75,46.08,48548700,2325620000.0,21.95,9.16,103.52,149.76,61.15,40.77,1.23
邦彦技术,sh688132,18.04,18.11,18.39,284871800.0,18.01,1400,18.04,1100,-0.39,18.51,17.81,284871800,51770000.0,2.63,3.87,19.57,27.46,21.73,14.49,0.73
华中数控,sz300161,31.18,30.09,30.63,4651200.0,31.17,2200,31.18,9100,3.62,31.5,30.36,4651200,144560000.0,2.39,3.79,60.8,61.95,36.11,24.07,1.02
威博液压,bj920245,27.67,27.5,27.77,178000.0,27.66,300,27.67,1300,0.62,28.04,27.55,178000,4944000.0,0.47,1.78,10.51,13.75,35.75,19.25,0.42
润欣科技,sz300493,17.93,17.58,18.04,15591900.0,17.92,38900,17.93,14700,1.99,18.18,17.86,15591900,281250000.0,3.08,1.82,90.84,91.9,21.1,14.06,0.6
芯能科技,sh603105,10.23,9.98,10.16,16803600.0,10.22,24800,10.23,67900,2.51,10.39,10.16,16803600,172560000.0,3.36,2.3,51.15,51.15,10.98,8.98,0.96
华信新材,sz300717,21.67,21.27,21.59,1629700.0,21.67,8700,21.68,6600,1.88,21.89,21.42,1629700,35310000.0,1.6,2.21,22.07,22.27,25.52,17.02,0.64
宁波银行,sz002142,31.7,31.95,31.97,19191000.0,31.69,5400,31.7,17800,-0.78,32.05,31.51,19191000,607550000.0,0.29,1.69,2092.16,2093.34,35.15,28.76,0.73
海默科技,sz300084,12.67,12.55,12.81,95189600.0,12.67,282100,12.68,120000,0.96,13.08,12.19,95189600,1194220000.0,27.5,7.09,43.85,64.41,15.06,10.04,1.14
力合科创,sz002243,10.04,9.96,10.17,12662200.0,10.03,141700,10.04,27000,0.8,10.36,9.97,12662200,127970000.0,1.05,3.92,120.9,121.54,10.96,8.96,0.65
惠而浦,sh600983,11.94,11.79,11.9,2873600.0,11.93,15100,11.94,2400,1.27,12.03,11.87,2873600,34320000.0,0.37,1.36,91.51,91.51,12.97,10.61,0.28
浙江恒威,sz301222,32.18,32.73,33.33,3152100.0,32.18,21700,32.2,1700,-1.68,33.82,32.01,3152100,103580000.0,3.95,5.53,25.69,32.26,39.28,26.18,1.1
广生堂,sz300436,108.28,105.7,107.9,6851300.0,108.27,800,108.28,54900,2.44,111.16,105.34,6851300,741330000.0,5.01,5.51,148.04,172.45,126.84,84.56,0.83
兴齐眼药,sz300573,69.97,71.06,72.13,5500300.0,69.97,29600,69.98,21000,-1.53,72.13,69.69,5500300,387680000.0,2.9,3.43,132.62,172.43,85.27,56.85,0.75
安科生物,sz300009,9.42,9.31,9.49,12924000.0,9.42,136200,9.43,30300,1.18,9.52,9.38,12924000,122020000.0,1.05,1.5,115.89,157.44,11.17,7.45,0.73
中公高科,sh603860,31.5,31.24,31.57,1001400.0,31.48,400,31.5,500,0.83,32.08,31.33,1001400,31780000.0,1.5,2.4,21.0,21.0,34.36,28.12,0.77
浙江正特,sz001238,52.0,51.39,51.48,338500.0,51.83,200,52.0,3700,1.19,52.36,51.07,338500,17500000.0,0.33,2.51,53.91,57.63,56.53,46.25,0.97
泓博医药,sz301230,39.8,38.34,39.13,5987700.0,39.8,28400,39.82,2700,3.81,40.29,38.66,5987700,236410000.0,4.77,4.25,50.0,55.56,46.01,30.67,1.16
志特新材,sz300986,27.94,27.6,28.01,18968300.0,27.94,3100,27.95,14600,1.23,28.5,27.6,18968300,530590000.0,4.61,3.26,115.01,115.11,33.12,22.08,0.6
中钢天源,sz002057,11.27,11.18,11.39,16809400.0,11.26,135500,11.27,800,0.81,11.45,11.19,16809400,189920000.0,2.23,2.33,84.91,84.96,12.3,10.06,0.65
华虹公司,sh688347,116.18,114.7,117.35,1320833300.0,116.18,126200,116.19,3300,1.29,118.8,114.98,1320833300,1545990000.0,3.24,3.33,473.72,2018.78,137.64,91.76,0.87
震安科技,sz300767,20.36,19.46,19.85,9806600.0,20.36,14500,20.37,16500,4.62,20.88,19.63,9806600,199520000.0,4.09,6.42,48.84,56.25,23.35,15.57,1.41
百合股份,sh603102,42.42,41.78,42.11,642500.0,42.38,2000,42.42,300,1.53,42.67,42.11,642500,27250000.0,1.0,1.34,27.15,27.15,45.96,37.6,0.81
铁科轨道,sh688569,21.17,21.03,21.4,97997900.0,21.17,2600,21.29,2300,0.67,21.46,21.16,97997900,20890000.0,0.47,1.43,44.6,44.6,25.24,16.82,0.43
名臣健康,sz002919,24.09,23.71,23.99,5766400.0,24.06,200,24.09,2700,1.6,24.47,23.7,5766400,138640000.0,2.18,3.25,63.69,64.21,26.08,21.34,0.65
仁信新材,sz301395,14.88,15.0,15.15,2491700.0,14.88,7300,14.9,3500,-0.8,15.26,14.83,2491700,37350000.0,1.81,2.87,20.45,36.14,18.0,12.0,0.49
合合信息,sh688615,197.75,198.58,202.52,214609900.0,197.74,100,197.75,100,-0.42,204.5,195.0,214609900,427810000.0,2.22,4.78,191.17,276.85,238.3,158.86,0.71
森萱医药,bj920946,10.29,10.21,10.27,1964800.0,10.29,22200,10.32,33700,0.78,10.39,10.24,1964800,20245100.0,0.46,1.47,43.92,43.93,13.27,7.15,0.73
万通液压,bj920839,38.92,36.43,36.79,2212400.0,38.92,2800,38.94,1200,6.84,38.92,36.28,2212400,84240600.0,3.4,7.25,25.32,46.01,47.35,25.51,2.81
美好医疗,sz301363,28.93,27.95,28.6,12192100.0,28.93,1600,28.94,7500,3.51,29.64,28.34,12192100,354270000.0,3.27,4.65,107.97,164.57,33.54,22.36,0.83
上海物贸,sh600822,10.45,10.36,10.41,3405100.0,10.44,12600,10.45,23500,0.87,10.56,10.39,3405100,35690000.0,0.86,1.64,41.4,51.83,11.4,9.32,0.72
光华股份,sz001333,25.99,25.97,26.46,1524200.0,25.96,2000,25.99,6800,0.08,26.5,25.82,1524200,39830000.0,3.46,2.62,11.44,33.27,28.57,23.37,0.67
中国船舶,sh600150,38.76,38.56,38.8,106074200.0,38.76,95400,38.77,141500,0.52,39.27,38.51,106074200,4119150000.0,1.41,1.97,2916.93,2916.93,42.42,34.7,0.92
中南传媒,sh601098,10.48,10.53,10.62,9230300.0,10.48,21900,10.49,51400,-0.47,10.66,10.44,9230300,97130000.0,0.51,2.09,188.22,188.22,11.58,9.48,0.72
华特达因,sz000915,31.78,31.74,32.0,1879600.0,31.73,9900,31.78,27400,0.13,32.0,31.67,1879600,59870000.0,0.8,1.04,74.42,74.47,34.91,28.57,0.7
鼎龙科技,sh603004,24.25,24.27,24.58,2074500.0,24.24,1000,24.25,3900,-0.08,24.75,24.13,2074500,50660000.0,3.52,2.55,14.28,57.11,26.7,21.84,0.59
聚赛龙,sz301131,43.44,42.75,43.65,1556000.0,43.38,3900,43.44,7600,1.61,44.02,42.93,1556000,67640000.0,4.15,2.55,16.29,23.67,51.3,34.2,0.75
西安奕材-U,sh688783,23.8,23.45,23.96,554342400.0,23.8,11400,23.81,0,1.49,24.24,23.7,554342400,132890000.0,3.37,2.3,39.18,961.0,28.14,18.76,0.71
聚胶股份,sz301283,46.91,46.61,47.37,765500.0,46.91,1600,46.92,1000,0.64,47.85,46.58,765500,36240000.0,1.21,2.72,29.68,37.72,55.93,37.29,0.6
全新好,sz000007,13.24,13.17,13.38,5377700.0,13.22,2600,13.24,22000,0.53,13.45,13.07,5377700,71380000.0,1.55,2.89,45.87,45.87,14.49,11.85,0.53
海普瑞,sz002399,11.16,11.22,11.36,4336000.0,11.16,32700,11.17,7000,-0.53,11.37,11.14,4336000,48650000.0,0.35,2.05,139.19,163.75,12.34,10.1,0.9
美思德,sh603041,12.95,12.91,13.17,2398500.0,12.95,3600,12.99,6900,0.31,13.23,12.87,2398500,31280000.0,1.31,2.79,23.72,23.72,14.2,11.62,0.66
威胜信息,sh688100,41.78,40.91,41.99,394274000.0,41.77,300,41.78,14900,2.13,42.75,41.31,394274000,165710000.0,0.8,3.52,205.43,205.43,49.09,32.73,0.9
安德利,sh605198,39.72,40.6,40.73,1644600.0,39.72,12500,39.73,900,-2.17,41.1,39.38,1644600,65680000.0,0.61,4.24,107.46,132.74,44.66,36.54,1.05
深科技,sz000021,31.59,31.2,32.42,98067300.0,31.58,13300,31.59,4300,1.25,32.7,31.3,98067300,3133020000.0,6.24,4.49,496.41,496.49,34.32,28.08,0.75
福元医药,sh601089,23.27,23.28,23.5,1711100.0,23.27,3000,23.3,2500,-0.04,23.59,23.19,1711100,40000000.0,0.36,1.72,111.7,111.7,25.61,20.95,0.49
ST京机,sz000821,14.27,14.2,14.5,20779200.0,14.26,2400,14.27,34300,0.49,14.74,14.19,20779200,298740000.0,3.44,3.87,86.28,88.88,14.91,13.49,0.59
四方科技,sh603339,13.36,13.07,13.27,3228000.0,13.36,5800,13.37,6700,2.22,13.47,13.27,3228000,43170000.0,1.04,1.53,41.34,41.34,14.38,11.76,0.67
隆达股份,sh688231,32.6,32.16,32.76,675890200.0,32.6,2700,32.64,2800,1.37,33.8,32.22,675890200,222550000.0,2.74,4.91,80.48,80.48,38.59,25.73,0.62
嘉益股份,sz301004,54.39,57.29,57.39,1863200.0,54.39,8000,54.4,900,-5.06,58.0,53.82,1863200,104000000.0,1.37,7.3,73.91,79.3,68.75,45.83,1.68
慕思股份,sz001323,25.97,26.13,26.41,963700.0,25.95,3000,25.97,3600,-0.61,26.42,25.87,963700,25120000.0,0.31,2.1,80.83,112.99,28.74,23.52,0.78
理邦仪器,sz300206,14.14,13.91,14.16,5586900.0,14.13,1700,14.14,17800,1.65,14.29,14.09,5586900,79240000.0,1.65,1.44,47.85,81.96,16.69,11.13,0.76
宏德股份,sz301163,29.77,29.55,30.21,1452800.0,29.77,14400,29.78,100,0.74,30.39,29.54,1452800,43600000.0,2.65,2.88,16.29,24.29,35.46,23.64,0.67
洪通燃气,sh605169,14.18,14.65,14.14,11833900.0,14.18,24200,14.19,44800,-3.21,14.37,13.86,11833900,166840000.0,4.18,3.48,40.11,40.11,16.12,13.19,1.33
亚通精工,sh603190,25.87,25.59,26.01,1275900.0,25.87,400,25.89,1900,1.09,26.24,25.76,1275900,33180000.0,3.1,1.88,10.64,32.22,28.15,23.03,0.65
阳谷华泰,sz300121,13.75,13.59,13.88,12701200.0,13.75,55400,13.76,65300,1.18,13.96,13.61,12701200,175410000.0,2.96,2.58,59.04,61.22,16.31,10.87,0.9
光格科技,sh688450,31.88,31.35,31.6,192159600.0,31.88,1800,31.93,200,1.69,32.71,31.5,192159600,61660000.0,3.93,3.86,15.6,21.04,37.62,25.08,0.74
云涌科技,sh688060,46.39,44.52,45.0,63489500.0,46.01,400,46.39,1100,4.2,46.67,45.0,63489500,29350000.0,1.05,3.75,27.92,27.92,53.42,35.62,0.82
特宝生物,sh688278,70.07,70.89,70.89,162311700.0,70.07,6400,70.1,200,-1.16,71.88,69.86,162311700,114510000.0,0.4,2.85,286.02,286.02,85.07,56.71,0.85
地铁设计,sz003013,14.27,14.14,14.26,1617000.0,14.27,29700,14.28,1700,0.92,14.36,14.2,1617000,23100000.0,0.4,1.13,57.07,64.45,15.55,12.73,0.69
国药股份,sh600511,29.58,29.78,29.78,6908500.0,29.58,18000,29.59,18200,-0.67,29.87,29.45,6908500,204610000.0,1.25,1.41,163.68,223.18,32.76,26.8,0.92
八方股份,sh603489,32.67,32.99,33.33,6295300.0,32.67,4400,32.68,100,-0.97,33.84,32.53,6295300,208400000.0,2.68,3.97,76.65,76.65,36.29,29.69,0.89
美畅股份,sz300861,17.85,17.88,18.4,13570200.0,17.84,24300,17.85,15400,-0.17,18.41,17.59,13570200,243250000.0,3.22,4.59,75.3,119.92,21.46,14.3,0.77
华鑫股份,sh600621,15.45,15.51,15.7,13332200.0,15.44,4700,15.45,1600,-0.39,15.73,15.39,13332200,206950000.0,1.26,2.19,163.91,163.91,17.06,13.96,0.72
科新机电,sz300092,17.15,15.41,15.7,30613100.0,17.15,28500,17.16,1800,11.29,17.66,15.59,30613100,510980000.0,14.59,13.43,35.99,46.98,18.49,12.33,3.26
濮阳惠成,sz300481,17.04,16.68,16.99,7267800.0,17.04,47900,17.06,9300,2.16,17.26,16.9,7267800,124110000.0,2.51,2.16,49.43,49.73,20.02,13.34,0.9
南都电源,sz300068,14.92,14.75,15.01,24027700.0,14.92,21700,14.93,16600,1.15,15.15,14.79,24027700,359440000.0,2.82,2.44,127.29,134.04,17.7,11.8,0.94
菜百股份,sh605599,23.73,23.8,24.0,8933800.0,23.73,800,23.86,900,-0.29,24.13,23.11,8933800,211420000.0,1.15,4.29,184.57,184.57,26.18,21.42,0.79
跃岭股份,sz002725,16.85,16.4,16.6,28284400.0,16.84,12900,16.85,12000,2.74,16.98,16.47,28284400,473270000.0,13.34,3.11,35.72,43.14,18.04,14.76,0.76
银都股份,sh603277,15.52,15.35,15.55,1098200.0,15.52,3700,15.53,6000,1.11,15.65,15.42,1098200,17050000.0,0.18,1.5,94.63,95.25,16.89,13.82,0.83
华瓷股份,sz001216,19.08,19.5,19.83,10104200.0,19.08,14600,19.09,1400,-2.15,19.83,18.98,10104200,195550000.0,4.11,4.36,46.85,48.06,21.45,17.55,0.61
以岭药业,sz002603,16.44,16.4,16.6,11993300.0,16.43,68000,16.44,23700,0.24,16.63,16.36,11993300,197810000.0,0.87,1.65,226.35,274.66,18.04,14.76,0.68
汇通控股,sh603409,35.51,35.83,35.99,1106400.0,35.5,1400,35.51,2400,-0.89,36.34,35.47,1106400,39600000.0,3.06,2.43,12.84,44.75,39.41,32.25,0.68
协昌科技,sz301418,38.34,37.6,38.1,847300.0,38.32,100,38.34,700,1.97,39.09,37.98,847300,32740000.0,2.88,2.95,11.29,28.12,45.12,30.08,0.71
双乐股份,sz301036,30.04,30.0,30.55,1311300.0,30.04,6000,30.05,2000,0.13,30.66,29.95,1311300,39720000.0,1.86,2.37,21.16,30.04,36.0,24.0,0.62
运达股份,sz300772,19.49,18.91,19.1,12043100.0,19.49,20500,19.5,6700,3.07,19.98,18.9,12043100,235290000.0,1.73,5.71,136.01,153.36,22.69,15.13,1.08
华润双鹤,sh600062,17.94,17.92,17.98,4472800.0,17.94,45000,17.95,75600,0.11,18.05,17.92,4472800,80400000.0,0.43,0.73,185.32,186.35,19.71,16.13,0.55
富乐德,sz301297,35.99,34.92,35.49,5517200.0,35.98,10800,35.99,2300,3.06,36.29,35.24,5517200,198110000.0,1.52,3.01,130.64,267.47,41.9,27.94,0.82
美邦股份,sh605033,23.72,23.18,23.21,8771400.0,23.72,60700,23.73,15800,2.33,23.89,22.8,8771400,204470000.0,6.49,4.7,32.07,32.07,25.5,20.86,0.74
易德龙,sh603380,36.98,36.01,36.69,1548600.0,36.97,2500,36.98,15700,2.69,37.77,36.69,1548600,57680000.0,0.97,3.0,59.33,59.33,39.61,32.41,0.8
瑞普生物,sz300119,18.22,18.35,18.7,3894300.0,18.22,9900,18.23,5000,-0.71,18.71,18.14,3894300,71480000.0,1.16,3.11,61.03,84.68,22.02,14.68,0.79
禾昌聚合,bj920089,20.0,19.94,20.1,1868900.0,20.0,15800,20.02,100,0.3,20.25,19.9,1868900,37455600.0,2.18,1.76,17.16,30.13,25.92,13.96,0.58
永臻股份,sh603381,25.54,25.8,26.29,6659700.0,25.54,300,25.55,15400,-1.01,26.5,25.45,6659700,171450000.0,4.69,4.07,36.3,60.6,28.38,23.22,0.56
坤泰股份,sz001260,21.58,21.17,21.58,1705100.0,21.54,200,21.58,500,1.94,21.86,21.32,1705100,36870000.0,1.48,2.55,24.82,24.82,23.29,19.05,0.66
正海生物,sz300653,19.66,19.61,19.82,1410800.0,19.66,1000,19.7,100,0.25,19.91,19.57,1410800,27840000.0,0.78,1.73,35.39,35.39,23.53,15.69,0.63
中信博,sh688408,41.96,42.23,42.84,454008700.0,41.95,31700,41.96,4300,-0.64,43.21,41.81,454008700,192420000.0,2.07,3.32,91.92,91.92,50.68,33.78,0.74
天德钰,sh688252,20.73,20.46,20.94,456467600.0,20.72,10900,20.73,400,1.32,21.13,20.57,456467600,95280000.0,2.46,2.74,38.52,84.79,24.55,16.37,0.73
中电港,sz001287,22.43,22.0,22.53,14068900.0,22.43,4700,22.44,3100,1.95,22.78,22.26,14068900,316950000.0,3.22,2.36,98.11,170.45,24.2,19.8,0.76
星辉环材,sz300834,23.99,23.48,23.72,1587600.0,23.99,2700,24.0,5200,2.17,24.1,23.72,1587600,37930000.0,0.83,1.62,46.16,46.47,28.18,18.78,0.67
交控科技,sh688015,24.57,24.24,24.29,140431400.0,24.57,0,24.63,700,1.36,25.05,24.29,140431400,34770000.0,0.74,3.14,46.36,46.36,29.09,19.39,0.63
上海亚虹,sh603159,24.95,25.09,25.18,1059300.0,24.95,82600,25.0,1100,-0.56,25.51,24.7,1059300,26610000.0,0.76,3.23,34.93,34.93,27.6,22.58,0.76
信音电子,sz301329,23.77,23.09,23.46,4156100.0,23.75,5300,23.77,34600,2.94,24.19,23.46,4156100,99440000.0,6.93,3.16,14.25,40.46,27.71,18.47,0.88
振江股份,sh603507,31.64,31.12,32.0,4978900.0,31.64,1200,31.65,1400,1.67,32.1,31.46,4978900,158130000.0,2.74,2.06,57.51,58.31,34.23,28.01,0.63
鸿泉技术,sh688288,27.39,27.22,27.76,151479600.0,27.37,2300,27.39,100,0.62,28.09,27.25,151479600,41980000.0,1.52,3.09,27.34,27.34,32.66,21.78,0.71
楚环科技,sz001336,26.85,26.56,27.03,1580400.0,26.84,4800,26.85,9000,1.09,27.17,26.57,1580400,42500000.0,3.39,2.26,12.51,21.58,29.22,23.9,0.68
星网锐捷,sz002396,29.75,28.67,29.26,17402500.0,29.73,3700,29.75,12900,3.77,30.46,28.85,17402500,517010000.0,2.98,5.62,173.53,174.24,31.54,25.8,0.85
蓝宇股份,sz301585,29.89,29.9,30.2,760400.0,29.89,8600,29.9,5800,-0.03,30.35,29.83,760400,22860000.0,1.12,1.74,20.36,31.09,35.88,23.92,0.65
科伦药业,sz002422,30.28,29.22,29.53,10491400.0,30.27,16000,30.28,33000,3.63,30.63,29.31,10491400,315530000.0,0.8,4.52,395.42,483.89,32.14,26.3,0.81
灿瑞科技,sh688061,34.27,34.0,34.64,101405700.0,34.27,13100,34.28,2100,0.79,35.16,34.08,101405700,35080000.0,2.25,3.18,15.43,39.37,40.8,27.2,0.69
安旭生物,sh688075,38.16,38.0,38.08,37882100.0,38.16,600,38.22,1000,0.42,38.75,38.01,37882100,14470000.0,0.3,1.95,48.49,48.49,45.6,30.4,0.71
卓创资讯,sz301299,61.74,60.8,61.81,1182300.0,61.73,3000,61.77,2300,1.55,62.51,61.3,1182300,73080000.0,2.09,1.99,34.98,37.28,72.96,48.64,0.5
卓易信息,sh688258,126.11,122.2,125.2,381313000.0,126.11,1900,126.13,200,3.2,127.31,123.41,381313000,479460000.0,3.15,3.19,152.77,152.77,146.64,97.76,0.71
汇顶科技,sh603160,72.3,72.22,73.33,4383600.0,72.3,13300,72.31,700,0.11,73.64,72.16,4383600,319780000.0,0.94,2.05,336.44,336.44,79.44,65.0,0.78
山西汾酒,sh600809,155.93,156.0,157.15,3112500.0,155.92,700,155.93,31600,-0.04,157.34,155.5,3112500,486010000.0,0.26,1.18,1902.29,1902.29,171.6,140.4,0.52
药明康德,sh603259,92.45,92.02,93.46,26160300.0,92.44,18800,92.45,5500,0.47,94.17,91.86,26160300,2432060000.0,1.06,2.51,2286.55,2758.48,101.22,82.82,0.89
百利天恒,sh688506,254.87,243.1,244.99,204214100.0,254.87,1600,255.0,2200,4.84,257.41,241.23,204214100,513080000.0,0.51,6.66,1022.03,1052.29,291.72,194.48,1.15
康乐卫士,bj920575,8.93,8.88,8.98,2534500.0,8.92,13200,8.93,9900,0.56,9.08,8.89,2534500,22705100.000000004,1.35,2.14,16.77,25.09,11.54,6.22,0.51
美邦科技,bj920471,14.7,15.18,15.27,3025900.0,14.69,1800,14.7,300,-3.16,15.45,14.55,3025900,44768000.0,5.71,5.93,7.8,12.23,19.73,10.63,0.78
生物谷,bj920266,8.82,8.83,8.86,1182100.0,8.81,14600,8.82,31300,-0.11,8.93,8.81,1182100,10491300.000000002,1.0,1.36,10.45,10.94,11.47,6.19,0.72
佰维存储,sh688525,191.5,175.99,194.99,9103132600.0,191.5,27600,191.74,200,8.81,205.99,191.5,9103132600,17955470000.0,19.49,8.23,894.56,894.56,211.19,140.79,3.51
哈铁科技,sh688459,9.58,9.47,9.52,197541400.0,9.57,500,9.58,16300,1.16,9.63,9.52,197541400,18940000.0,1.13,1.16,16.82,45.98,11.36,7.58,0.73
洁特生物,sh688026,17.11,17.02,17.58,176243500.0,17.11,4900,17.12,200,0.53,17.58,16.96,176243500,30360000.0,1.26,3.64,24.01,24.02,20.42,13.62,0.81
中微公司,sh688012,340.49,332.74,340.01,948513100.0,340.47,500,340.49,2800,2.33,349.9,335.5,948513100,3260850000.0,1.51,4.33,2131.96,2131.96,399.29,266.19,0.95
确成股份,sh605183,21.49,21.12,21.51,2730700.0,21.45,100,21.49,100,1.75,21.65,21.23,2730700,58660000.0,0.66,1.99,88.63,89.37,23.23,19.01,0.64
联德股份,sh605060,59.22,58.19,60.0,8349400.0,59.22,2600,59.25,2800,1.77,62.44,58.7,8349400,503970000.0,3.49,6.43,141.5,142.48,64.01,52.37,0.74
威奥股份,sh605001,7.85,7.64,7.77,5237400.0,7.84,26900,7.85,5500,2.75,7.92,7.77,5237400,41130000.0,1.33,1.96,30.84,30.84,8.4,6.88,0.86
卫信康,sh603676,10.6,10.51,10.68,1533400.0,10.59,3900,10.6,2200,0.86,10.73,10.55,1533400,16340000.0,0.35,1.71,46.13,46.13,11.56,9.46,0.85
杭电股份,sh603618,20.82,20.59,21.3,134281100.0,20.82,334700,20.83,45100,1.12,22.2,20.44,134281100,2832760000.0,19.42,8.55,143.94,143.94,22.65,18.53,1.11
天创时尚,sh603608,12.14,12.23,12.2,32921000.0,12.14,23900,12.15,14900,-0.74,12.59,12.02,32921000,403610000.0,7.84,4.66,50.95,50.95,13.45,11.01,1.34
纵横通信,sh603602,13.92,13.72,13.88,4867800.0,13.92,26200,13.93,4200,1.46,14.13,13.81,4867800,67940000.0,2.11,2.33,32.16,32.16,15.09,12.35,0.73
广信股份,sh603599,14.28,14.3,14.52,16664300.0,14.27,600,14.28,1500,-0.14,14.52,14.08,16664300,238090000.0,1.83,3.08,129.99,129.99,15.73,12.87,0.75
高能环境,sh603588,13.1,12.84,13.1,69475600.0,13.09,25100,13.1,96800,2.02,13.23,12.73,69475600,905000000.0,4.56,3.89,199.54,199.54,14.12,11.56,0.73
三星新材,sh603578,15.23,15.38,15.4,7844700.0,15.22,72100,15.23,3000,-0.98,15.83,15.12,7844700,121030000.0,4.35,4.62,27.47,27.47,16.92,13.84,0.75
惠达卫浴,sh603385,6.88,6.74,6.86,4466000.0,6.86,400,6.88,600,2.08,7.0,6.83,4466000,30900000.0,1.17,2.52,26.19,26.19,7.41,6.07,0.93
天洋新材,sh603330,7.58,7.54,7.67,7872300.0,7.58,3600,7.59,51500,0.53,7.77,7.55,7872300,60290000.0,1.82,2.92,32.8,32.8,8.29,6.79,0.63
泰瑞机器,sh603289,10.78,10.45,10.55,4686500.0,10.78,32000,10.79,18800,3.16,10.83,10.55,4686500,50240000.0,1.6,2.68,31.63,31.63,11.5,9.41,0.98
小方制药,sh603207,28.03,28.06,28.25,777900.0,28.02,17500,28.03,5400,-0.11,28.53,27.97,777900,21960000.0,1.43,2.0,15.25,45.08,30.87,25.25,0.77
和邦生物,sh603077,2.79,2.82,2.82,351798900.0,2.79,936000,2.8,1954400,-1.06,2.86,2.75,351798900,983110000.0,3.98,3.9,246.4,246.4,3.1,2.54,0.47
科林电气,sh603050,22.17,21.37,21.71,8024100.0,22.17,15500,22.18,1000,3.74,22.5,21.71,8024100,177880000.0,1.99,3.7,89.42,89.42,23.51,19.23,1.36
晶方科技,sh603005,32.47,31.58,32.45,45264000.0,32.46,56800,32.47,200,2.82,33.74,32.0,45264000,1483380000.0,6.94,5.51,211.76,211.76,34.74,28.42,0.8
中国出版,sh601949,6.41,6.4,6.5,16104600.0,6.41,101200,6.42,97100,0.16,6.53,6.38,16104600,103670000.0,0.85,2.34,122.04,122.04,7.04,5.76,0.65
浙商银行,sh601916,3.0,2.96,2.97,156851500.0,3.0,3480600,3.01,12380400,1.35,3.01,2.97,156851500,469490000.0,0.73,1.35,646.33,823.94,3.26,2.66,1.01
方正证券,sh601901,7.38,7.33,7.39,43086100.0,7.37,691800,7.38,112400,0.68,7.41,7.35,43086100,317790000.0,0.52,0.82,607.53,607.53,8.06,6.6,0.64
紫金银行,sh601860,2.76,2.74,2.75,34784400.0,2.75,3193900,2.76,1244900,0.73,2.77,2.74,34784400,95870000.0,0.98,1.09,98.02,101.04,3.01,2.47,0.71
光大银行,sh601818,3.24,3.2,3.2,235787400.0,3.23,12149600,3.24,25408600,1.25,3.25,3.2,235787400,760700000.0,0.51,1.56,1503.58,1914.37,3.52,2.88,0.72
新华文轩,sh601811,13.32,13.29,13.38,3513100.0,13.31,16000,13.32,200,0.23,13.42,13.25,3513100,46820000.0,0.44,1.28,105.48,164.35,14.62,11.96,0.85
华峰铝业,sh601702,22.89,22.8,23.35,8022400.0,22.88,17800,22.89,1800,0.39,23.5,22.72,8022400,185930000.0,0.8,3.42,228.56,228.56,25.08,20.52,0.63
平煤股份,sh601666,8.87,9.13,9.02,50046100.0,8.87,101100,8.88,358700,-2.85,9.05,8.77,50046100,444880000.0,2.03,3.07,219.03,219.03,10.04,8.22,0.95
齐鲁银行,sh601665,5.63,5.6,5.62,47555000.0,5.62,44300,5.63,260000,0.54,5.67,5.6,47555000,267740000.0,0.77,1.25,346.46,346.46,6.16,5.04,0.93
金田股份,sh601609,11.3,11.33,11.51,34059800.0,11.29,54100,11.3,46900,-0.26,11.56,11.23,34059800,388090000.0,1.97,2.91,195.34,195.34,12.46,10.2,0.66
浙文影业,sh601599,4.09,4.03,4.1,39311200.0,4.09,207800,4.1,327600,1.49,4.14,4.08,39311200,161420000.0,3.39,1.49,47.47,47.47,4.43,3.63,0.73
林洋能源,sh601222,6.31,6.14,6.2,52574000.0,6.3,147800,6.31,336000,2.77,6.35,6.19,52574000,331090000.0,2.55,2.61,130.0,130.0,6.75,5.53,1.5
上海环境,sh601200,8.57,8.54,8.6,12206800.0,8.56,3500,8.57,24100,0.35,8.67,8.54,12206800,104960000.0,0.91,1.52,115.37,115.37,9.39,7.69,0.74
三角轮胎,sh601163,14.79,14.82,14.96,5467400.0,14.78,9400,14.79,8000,-0.2,15.05,14.74,5467400,81320000.0,0.68,2.09,118.32,118.32,16.3,13.34,0.83
深圳燃气,sh601139,7.01,7.3,7.18,86054200.0,7.0,357700,7.01,153800,-3.97,7.22,6.91,86054200,604220000.0,2.99,4.25,201.66,201.66,8.03,6.57,1.15
太平洋,sh601099,3.98,3.96,4.0,89593400.0,3.97,1743300,3.98,1945900,0.51,4.01,3.96,89593400,356840000.0,1.31,1.26,271.29,271.29,4.36,3.56,0.68
宏盛华源,sh601096,6.53,6.28,6.52,182828300.0,6.52,563000,6.53,285600,3.98,6.81,6.44,182828300,1199860000.0,11.13,5.89,107.29,174.69,6.91,5.65,1.3
江盐集团,sh601065,8.66,8.61,8.66,7469800.0,8.66,8500,8.68,61100,0.58,8.75,8.61,7469800,64740000.0,1.79,1.63,36.05,55.66,9.47,7.75,0.73
宁波港,sh601018,4.25,4.2,4.25,70103500.0,4.25,12700,4.26,1511000,1.19,4.28,4.19,70103500,296790000.0,0.36,2.14,826.81,826.81,4.62,3.78,0.72
重庆钢铁,sh601005,1.55,1.56,1.57,227555900.0,1.55,953600,1.56,6329200,-0.64,1.59,1.54,227555900,354590000.0,2.74,3.21,128.86,137.2,1.72,1.4,0.81
唐山港,sh601000,4.21,4.21,4.22,28825300.0,4.21,30200,4.22,526000,0.0,4.24,4.19,28825300,121280000.0,0.49,1.19,249.48,249.48,4.63,3.79,0.69
苏豪汇鸿,sh600981,3.16,3.08,3.12,31499300.0,3.16,62800,3.17,320500,2.6,3.22,3.12,31499300,99790000.0,1.4,3.25,70.86,70.86,3.39,2.77,1.0
维远股份,sh600955,19.31,19.05,19.34,4635900.0,19.28,400,19.31,6100,1.36,19.82,19.16,4635900,89930000.0,0.84,3.46,106.2,106.2,20.96,17.15,0.71
西安银行,sh600928,3.66,3.62,3.64,25000200.0,3.66,570400,3.67,730000,1.1,3.68,3.63,25000200,91480000.0,0.57,1.38,161.89,162.67,3.98,3.26,0.73
苏能股份,sh600925,4.83,4.82,4.83,17891500.0,4.83,700,4.84,587800,0.21,4.85,4.75,17891500,85890000.0,1.11,2.07,77.57,332.73,5.3,4.34,0.78
杉杉股份,sh600884,14.27,13.92,14.2,84967600.0,14.27,313300,14.28,215800,2.51,14.47,14.18,84967600,1214970000.0,4.63,2.08,261.87,320.99,15.31,12.53,0.61
星湖科技,sh600866,7.59,7.62,7.66,42222800.0,7.59,2300,7.6,87200,-0.39,7.69,7.49,42222800,320090000.0,3.36,2.62,95.31,126.11,8.38,6.86,0.95
金开新能,sh600821,7.82,7.87,7.88,379812700.0,7.82,1265100,7.83,33700,-0.64,8.28,7.6,379812700,3018830000.0,19.02,8.64,156.19,156.19,8.66,7.08,1.26
轻纺城,sh600790,3.84,3.8,3.84,9295100.0,3.84,10100,3.85,470600,1.05,3.87,3.82,9295100,35720000.0,0.63,1.32,56.29,56.29,4.18,3.42,0.77
新钢股份,sh600782,4.13,4.12,4.16,68639100.0,4.12,194900,4.13,138100,0.24,4.19,4.07,68639100,282750000.0,2.18,2.91,129.92,131.5,4.53,3.71,0.71
西藏城投,sh600773,15.75,14.72,15.01,56973600.0,15.74,50600,15.75,116000,7.0,16.19,15.01,56973600,902880000.0,5.99,8.02,149.87,149.87,16.19,13.25,1.83
广誉远,sh600771,16.99,16.99,17.0,4502000.0,16.99,68900,17.0,2200,0.0,17.13,16.97,4502000,76650000.0,0.92,0.94,83.16,83.16,18.69,15.29,0.79
长江传媒,sh600757,8.8,8.79,8.85,7125300.0,8.8,32600,8.81,32600,0.11,8.87,8.78,7125300,62880000.0,0.59,1.02,106.79,106.8,9.67,7.91,0.74
华电能源,sh600726,2.76,2.72,2.74,75099100.0,2.75,358400,2.76,148000,1.47,2.77,2.71,75099100,206310000.0,1.0,2.21,206.32,218.24,2.99,2.45,1.15
南京医药,sh600713,5.28,5.25,5.29,7642700.0,5.27,100700,5.28,77100,0.57,5.32,5.25,7642700,40400000.0,0.59,1.33,68.1,69.11,5.78,4.73,0.6
上海石化,sh600688,3.46,3.6,3.52,267504500.0,3.46,351100,3.47,776500,-3.89,3.59,3.39,267504500,926640000.0,3.65,5.56,253.58,364.77,3.96,3.24,1.0
光明乳业,sh600597,7.79,7.78,7.82,6671300.0,7.79,71300,7.8,202000,0.13,7.83,7.77,6671300,52010000.0,0.48,0.77,107.38,107.38,8.56,7.0,0.67
士兰微,sh600460,28.93,28.43,29.1,40734500.0,28.92,41000,28.93,27200,1.76,29.54,28.73,40734500,1188720000.0,2.45,2.85,481.42,481.42,31.27,25.59,0.75
冠豪高新,sh600433,3.5,3.37,3.43,44400000.0,3.49,202700,3.5,306900,3.86,3.55,3.43,44400000,155070000.0,2.54,3.56,61.26,61.26,3.71,3.03,1.04
三友化工,sh600409,8.38,8.48,8.6,50040000.0,8.37,192600,8.38,18600,-1.18,8.66,8.33,50040000,422970000.0,2.42,3.89,172.99,172.99,9.33,7.63,0.77
盘江股份,sh600395,5.99,6.04,5.98,44120800.0,5.99,70200,6.0,173000,-0.83,6.08,5.87,44120800,262720000.0,2.06,3.48,128.58,128.58,6.64,5.44,0.91
浙江龙盛,sh600352,15.81,16.16,16.4,73892600.0,15.8,208600,15.81,16100,-2.17,16.52,15.72,73892600,1180800000.0,2.27,4.95,514.35,514.35,17.78,14.54,0.63
美克家居,sh600337,2.54,2.46,2.55,31243500.0,2.53,444900,2.54,14000,3.25,2.57,2.51,31243500,79450000.0,2.17,2.44,36.5,36.5,2.71,2.21,0.48
广西能源,sh600310,4.2,4.15,4.2,50464300.0,4.2,190900,4.21,214300,1.2,4.27,4.15,50464300,212490000.0,3.44,2.89,61.56,61.56,4.57,3.74,1.3
华泰股份,sh600308,4.21,4.18,4.25,18942800.0,4.2,108600,4.21,177500,0.72,4.27,4.16,18942800,79640000.0,1.25,2.63,63.86,63.86,4.6,3.76,0.79
酒钢宏兴,sh600307,1.86,1.85,1.87,65573200.0,1.86,3060800,1.87,2514500,0.54,1.9,1.85,65573200,122540000.0,1.05,2.7,116.5,116.5,2.04,1.67,0.45
维维股份,sh600300,3.6,3.57,3.6,45801400.0,3.59,662700,3.6,25800,0.84,3.63,3.56,45801400,164880000.0,2.83,1.96,58.22,58.22,3.93,3.21,0.98
钱江水利,sh600283,9.48,9.34,9.42,7174800.0,9.48,58800,9.49,58900,1.5,9.5,9.37,7174800,67750000.0,1.32,1.39,51.59,53.17,10.27,8.41,1.25
阳光照明,sh600261,3.97,3.7,3.73,109487600.0,3.96,982600,3.97,231500,7.3,4.07,3.73,109487600,436450000.0,8.2,9.19,53.0,53.0,4.07,3.33,5.71
民丰特纸,sh600235,6.99,6.91,7.0,7042700.0,6.99,6100,7.0,55400,1.16,7.1,6.93,7042700,49390000.0,2.0,2.46,24.56,24.56,7.6,6.22,0.91
浙江医药,sh600216,17.04,16.91,17.24,28740200.0,17.04,29500,17.05,21000,0.77,17.25,16.61,28740200,488420000.0,3.02,3.78,162.12,163.86,18.6,15.22,0.74
雅戈尔,sh600177,6.91,6.98,7.02,28197500.0,6.91,537800,6.92,193100,-1.0,7.04,6.89,28197500,196440000.0,0.61,2.15,319.48,319.48,7.68,6.28,0.78
国投资本,sh600061,7.21,7.18,7.24,24731800.0,7.21,53100,7.22,115600,0.42,7.27,7.19,24731800,178810000.0,0.39,1.11,461.01,461.01,7.9,6.46,0.52
楚天高速,sh600035,3.95,3.94,3.96,11922300.0,3.94,199700,3.95,190900,0.25,3.98,3.94,11922300,47170000.0,0.74,1.02,63.6,63.6,4.33,3.55,0.75
浙江新能,sh600032,8.35,8.35,8.41,18870600.0,8.35,25600,8.36,18700,0.0,8.49,8.32,18870600,158610000.0,0.78,2.04,200.79,200.79,9.19,7.52,1.04
山东钢铁,sh600022,1.68,1.7,1.71,167092300.0,1.68,6624500,1.69,1486200,-1.18,1.73,1.67,167092300,283230000.0,1.56,3.53,179.74,179.74,1.87,1.53,0.54
上港集团,sh600018,5.09,5.05,5.06,74995900.0,5.09,25000,5.1,1828500,0.79,5.12,5.03,74995900,380570000.0,0.32,1.78,1183.26,1184.95,5.56,4.55,0.66
首创环保,sh600008,3.14,3.13,3.15,100449300.0,3.13,1787400,3.14,24300,0.32,3.17,3.13,100449300,316580000.0,1.37,1.28,230.49,230.49,3.44,2.82,0.82
民生健康,sz301507,14.44,14.31,14.48,3489000.0,14.44,8700,14.45,2000,0.91,14.68,14.39,3489000,50580000.0,3.17,2.03,15.91,51.49,17.17,11.45,0.75
泓淋电力,sz301439,17.35,16.94,17.15,12309800.0,17.34,28900,17.35,36300,2.42,17.5,17.15,12309800,213670000.0,6.72,2.07,31.79,67.51,20.33,13.55,1.47
荣旗科技,sz301360,78.3,80.3,80.54,1877500.0,78.29,200,78.3,6300,-2.49,81.31,77.67,1877500,149830000.0,7.37,4.53,19.94,41.77,96.36,64.24,1.03
明阳电气,sz301291,58.58,58.19,59.04,19239400.0,58.58,2400,58.59,9100,0.67,60.64,57.86,19239400,1141070000.0,11.9,4.78,94.69,182.89,69.83,46.55,1.07
万凯新材,sz301216,20.4,20.28,20.99,10212000.0,20.39,1000,20.4,14200,0.59,21.0,20.15,10212000,208660000.0,1.86,4.19,111.86,118.36,24.34,16.22,0.78
观想科技,sz301213,85.4,93.6,88.9,7225500.0,85.4,6800,85.41,900,-8.76,91.6,84.93,7225500,626110000.0,13.97,7.13,44.16,68.32,112.32,74.88,1.17
联检科技,sz301115,20.74,20.05,20.35,4517900.0,20.73,12200,20.74,16200,3.44,20.94,20.24,4517900,92990000.0,2.92,3.49,32.1,38.06,24.06,16.04,0.72
华润材料,sz301090,7.49,7.34,7.43,6694800.0,7.49,22100,7.5,191200,2.04,7.53,7.4,6694800,49990000.0,0.46,1.77,110.17,110.29,8.81,5.87,0.87
上海艾录,sz301062,8.73,8.6,8.83,8778700.0,8.73,46700,8.74,17300,1.51,8.92,8.65,8778700,76700000.0,2.82,3.14,27.2,37.74,10.32,6.88,0.65
兰卫医学,sz301060,10.32,10.25,10.38,5512900.0,10.31,2100,10.32,5300,0.68,10.46,10.28,5512900,57250000.0,1.53,1.76,37.17,41.33,12.3,8.2,0.81
保立佳,sz301037,15.62,15.38,15.7,1976000.0,15.62,1000,15.63,3200,1.56,16.1,15.5,1976000,31110000.0,2.91,3.9,10.62,21.72,18.46,12.3,0.81
读客文化,sz301025,11.83,11.67,12.02,11340000.0,11.83,14500,11.84,6600,1.37,12.13,11.79,11340000,135280000.0,4.09,2.91,32.79,47.36,14.0,9.34,0.44
利安科技,sz300784,51.62,50.82,51.44,877700.0,51.62,200,51.63,600,1.57,52.38,51.31,877700,45510000.0,5.18,2.11,8.74,29.03,60.98,40.66,0.86
华宝股份,sz300741,16.96,16.84,17.0,1786400.0,16.95,23100,16.96,1400,0.71,17.17,16.88,1786400,30340000.0,0.29,1.72,104.45,104.45,20.21,13.47,0.5
新余国科,sz300722,33.93,34.63,34.4,7712700.0,33.93,9500,33.94,12800,-2.02,34.52,33.63,7712700,261700000.0,2.79,2.57,93.9,93.9,41.56,27.7,0.72
大烨智能,sz300670,7.19,7.09,7.31,28769000.0,7.19,9400,7.2,9600,1.41,7.5,7.14,28769000,209250000.0,12.8,5.08,16.16,22.79,8.51,5.67,2.49
欧普康视,sz300595,15.25,15.15,15.42,9165600.0,15.25,26900,15.26,22800,0.66,15.52,15.16,9165600,140760000.0,1.37,2.38,101.95,136.53,18.18,12.12,0.61
奥联电子,sz300585,15.66,15.6,15.88,4852200.0,15.66,900,15.67,17500,0.38,16.03,15.59,4852200,76640000.0,2.84,2.82,26.8,26.8,18.72,12.48,0.83
达威股份,sz300535,21.45,21.27,21.57,1915600.0,21.45,3200,21.47,1600,0.85,21.95,21.19,1915600,41290000.0,2.45,3.57,16.75,22.96,25.52,17.02,0.68
东杰智能,sz300486,23.5,23.83,23.75,14941800.0,23.49,7600,23.5,4100,-1.38,24.0,23.34,14941800,352290000.0,3.13,2.77,112.1,112.13,28.6,19.06,0.86
东通退,sz300379,1.72,1.72,0.0,0.0,0.0,0,0.0,0,0.0,0.0,0.0,0,0.0,0.0,0.0,9.06,9.6,-1.0,-1.0,0.0
百纳千成,sz300291,7.58,7.43,7.59,20726900.0,7.58,43700,7.59,130800,2.02,7.69,7.48,20726900,157210000.0,2.23,2.83,70.55,71.4,8.92,5.94,0.97
新天科技,sz300259,4.96,4.67,4.75,61449800.0,4.96,53400,4.97,378400,6.21,5.03,4.74,61449800,302500000.0,5.25,6.21,58.01,58.02,5.6,3.74,2.13
东方电热,sz300217,5.55,5.24,5.37,103402200.0,5.55,265700,5.56,332000,5.92,5.64,5.37,103402200,569150000.0,8.43,5.15,68.1,82.03,6.29,4.19,1.41
长荣股份,sz300195,9.28,8.88,9.03,18675700.0,9.27,19800,9.28,63400,4.5,9.37,8.9,18675700,172130000.0,5.95,5.29,29.13,39.32,10.66,7.1,0.81
通裕重工,sz300185,3.23,3.07,3.11,297244200.0,3.23,643200,3.24,2156500,5.21,3.3,3.09,297244200,950940000.0,8.02,6.84,119.74,125.88,3.68,2.46,2.16
捷成股份,sz300182,6.44,6.32,6.74,250778500.0,6.44,714100,6.45,566100,1.9,6.78,6.4,250778500,1635660000.0,11.1,6.01,145.47,171.55,7.58,5.06,0.89
*ST新研,sz300159,3.15,3.13,3.16,19566200.0,3.15,48500,3.16,671500,0.64,3.19,3.14,19566200,61900000.0,1.07,1.6,57.7,103.65,3.76,2.5,0.53
银河磁体,sz300127,36.15,36.4,36.9,7983100.0,36.14,3600,36.15,800,-0.69,37.33,35.81,7983100,291700000.0,3.46,4.18,83.44,116.82,43.68,29.12,0.63
易成新能,sz300080,5.53,5.42,5.58,74140000.0,5.52,155300,5.53,34100,2.03,5.59,5.41,74140000,408520000.0,3.96,3.32,103.46,103.6,6.5,4.34,1.26
三川智慧,sz300066,7.49,7.44,7.59,50173900.0,7.49,130100,7.5,94000,0.67,7.68,7.44,50173900,377970000.0,4.99,3.23,75.34,77.9,8.93,5.95,0.49
华谊兄弟,sz300027,1.69,1.68,1.72,69869700.0,1.69,1232800,1.7,1438000,0.6,1.74,1.68,69869700,119060000.0,2.81,3.57,42.0,46.89,2.02,1.34,0.63
北陆药业,sz300016,10.11,9.51,9.65,38636600.0,10.1,88700,10.11,39500,6.31,10.2,9.63,38636600,385170000.0,6.87,5.99,56.83,56.91,11.41,7.61,1.54
日久光电,sz003015,17.38,17.05,17.33,18514100.0,17.37,16900,17.38,38900,1.94,17.87,17.31,18514100,326460000.0,7.48,3.28,43.0,48.85,18.76,15.35,1.88
郑州银行,sz002936,1.89,1.88,1.9,87032600.0,1.88,21174900,1.89,7992800,0.53,1.9,1.88,87032600,164510000.0,1.24,1.06,132.85,171.84,2.07,1.69,0.84
锋龙股份,sz002931,81.07,80.39,81.5,12637100.0,81.07,3200,81.08,200,0.85,82.87,80.17,12637100,1028340000.0,6.28,3.36,163.16,177.14,88.43,72.35,0.85
联诚精密,sz002921,26.55,26.78,27.03,7136000.0,26.54,2400,26.55,4500,-0.86,27.35,26.07,7136000,189620000.0,6.27,4.78,30.23,39.55,29.46,24.1,0.82
同兴达,sz002845,15.7,14.27,14.57,12829500.0,15.7,7135300,0.0,0,10.02,15.7,14.57,12829500,197700000.0,5.13,7.92,39.29,51.43,15.7,12.84,1.17
张家港行,sz002839,4.49,4.43,4.48,35735900.0,4.49,245200,4.5,746300,1.35,4.53,4.46,35735900,160610000.0,1.46,1.58,109.65,109.75,4.87,3.99,0.99
第一创业,sz002797,7.25,7.44,7.51,178143000.0,7.24,240700,7.25,125700,-2.55,7.54,7.19,178143000,1299190000.0,4.24,4.7,304.67,304.67,8.18,6.7,0.9
新宝股份,sz002705,13.41,13.44,13.59,6715600.0,13.41,59900,13.42,18400,-0.22,13.61,13.35,6715600,90440000.0,0.83,1.93,108.37,108.87,14.78,12.1,0.81
*ST双成,sz002693,7.18,7.1,7.15,3447600.0,7.17,21800,7.18,25400,1.13,7.25,7.14,3447600,24800000.0,0.84,1.55,29.51,29.77,7.46,6.75,0.66
卫星化学,sz002648,24.46,23.66,23.97,78154900.0,24.45,115800,24.46,166500,3.38,24.59,23.18,78154900,1869800000.0,2.32,5.96,823.44,823.97,26.03,21.29,1.14
华宏科技,sz002645,15.43,15.78,16.09,19958400.0,15.43,9600,15.44,5700,-2.22,16.18,15.32,19958400,310210000.0,3.57,5.45,86.24,96.84,17.36,14.2,0.73
赞宇科技,sz002637,13.25,13.44,13.71,7045000.0,13.25,16000,13.26,6200,-1.41,13.74,13.17,7045000,93900000.0,1.59,4.24,58.66,62.33,14.78,12.1,0.58
ST瑞和,sz002620,6.55,6.35,6.47,7830100.0,6.55,3300,6.56,50900,3.15,6.63,6.39,7830100,50910000.0,2.48,3.78,20.66,24.73,6.67,6.03,0.54
奥佳华,sz002614,6.58,6.48,6.58,10563500.0,6.57,73300,6.58,163500,1.54,6.62,6.54,10563500,69480000.0,2.39,1.23,29.04,41.04,7.13,5.83,0.68
山东章鼓,sz002598,9.68,9.52,9.61,5953900.0,9.67,36400,9.68,26500,1.68,9.78,9.61,5953900,57800000.0,2.12,1.79,27.24,30.21,10.47,8.57,0.87
益盛药业,sz002566,8.16,7.98,8.19,5425100.0,8.15,6700,8.16,22600,2.26,8.29,8.11,5425100,44470000.0,2.34,2.26,18.91,27.01,8.78,7.18,1.04
千红制药,sz002550,7.35,7.31,7.37,11633400.0,7.35,51700,7.36,14700,0.55,7.43,7.32,11633400,85680000.0,1.24,1.5,69.18,94.07,8.04,6.58,0.84
齐峰新材,sz002521,8.0,7.88,7.99,3782400.0,8.0,1500,8.01,7300,1.52,8.06,7.94,3782400,30280000.0,0.9,1.52,33.47,44.8,8.67,7.09,0.65
华斯股份,sz002494,5.53,5.45,5.55,10439500.0,5.53,24600,5.55,98200,1.47,5.63,5.5,10439500,58130000.0,3.64,2.39,15.86,20.87,6.0,4.91,0.98
富春环保,sz002479,5.46,5.46,5.53,17029400.0,5.46,3500,5.47,79200,0.0,5.56,5.42,17029400,93440000.0,1.97,2.56,47.12,47.23,6.01,4.91,0.83
青龙管业,sz002457,13.64,13.82,13.9,12638600.0,13.64,27400,13.65,11400,-1.3,13.95,13.56,12638600,173610000.0,3.79,2.82,45.47,45.49,15.2,12.44,0.43
长高电新,sz002452,11.28,10.98,11.2,57485000.0,11.28,175700,11.29,133200,2.73,11.41,11.14,57485000,648360000.0,11.14,2.46,58.19,69.97,12.08,9.88,1.47
闰土股份,sz002440,14.28,14.56,15.25,98696300.0,14.28,223700,14.29,33600,-1.92,15.25,14.09,98696300,1423640000.0,10.43,7.97,135.14,160.51,16.02,13.1,0.8
毅昌科技,sz002420,8.16,8.06,8.22,7900600.0,8.15,14100,8.16,10300,1.24,8.27,8.1,7900600,64680000.0,1.98,2.11,32.6,33.56,8.87,7.25,0.52
西部建设,sz002302,6.36,6.3,6.35,22118700.0,6.35,100500,6.36,45000,0.95,6.46,6.33,22118700,141500000.0,1.75,2.06,80.29,80.29,6.93,5.67,0.99
浙富控股,sz002266,5.01,4.94,5.03,110803200.0,5.01,400200,5.02,908800,1.42,5.13,4.97,110803200,558610000.0,2.26,3.24,245.33,261.49,5.43,4.45,0.83
嘉应制药,sz002198,7.37,7.33,7.4,22021600.0,7.37,21100,7.38,128200,0.55,7.54,7.3,22021600,162590000.0,4.34,3.27,37.4,37.4,8.06,6.6,1.27
证通电子,sz002197,8.5,8.25,8.4,20937800.0,8.5,3700,8.51,15100,3.03,8.58,8.36,20937800,177500000.0,3.92,2.67,45.39,52.22,9.08,7.43,0.93
莱茵生物,sz002166,8.84,8.69,8.76,9599300.0,8.83,30400,8.84,123100,1.73,8.89,8.69,9599300,84350000.0,1.3,2.3,65.4,65.56,9.56,7.82,0.69
广电运通,sz002152,12.96,12.83,13.09,24138800.0,12.95,50900,12.96,39400,1.01,13.15,12.9,24138800,314930000.0,0.97,1.95,321.68,321.85,14.11,11.55,0.74
ST汇洲,sz002122,3.0,2.96,2.99,19554900.0,3.0,133900,3.01,831400,1.35,3.02,2.99,19554900,58710000.0,0.98,1.01,59.65,60.05,3.11,2.81,0.59
三钢闽光,sz002110,4.46,4.48,4.52,30064300.0,4.46,121400,4.47,142800,-0.45,4.55,4.42,30064300,134380000.0,1.24,2.9,108.34,108.34,4.93,4.03,0.7
中泰化学,sz002092,7.41,7.3,7.42,71998200.0,7.41,123700,7.42,131600,1.51,7.53,7.23,71998200,532690000.0,2.8,4.11,190.85,191.92,8.03,6.57,0.89
横店东磁,sz002056,21.3,21.52,21.9,25693200.0,21.29,5400,21.3,28500,-1.02,21.99,21.08,25693200,551460000.0,1.58,4.23,346.13,346.49,23.67,19.37,0.74
兔 宝 宝,sz002043,15.99,16.41,16.49,15900900.0,15.98,3100,15.99,1400,-2.56,16.65,15.88,15900900,255540000.0,2.16,4.69,117.71,132.68,18.05,14.77,1.56
联创电子,sz002036,11.15,10.98,11.23,67081400.0,11.15,195200,11.16,87400,1.55,11.54,11.06,67081400,757550000.0,6.37,4.37,117.46,117.68,12.08,9.88,1.04
京新药业,sz002020,15.35,15.4,15.53,8219100.0,15.34,14200,15.35,47000,-0.32,15.58,15.28,8219100,126620000.0,1.14,1.95,111.13,132.17,16.94,13.86,0.73
立新能源,sz001258,8.17,8.05,8.11,33726100.0,8.16,27300,8.17,113600,1.49,8.3,8.04,33726100,277010000.0,3.61,3.23,76.25,76.25,8.86,7.25,1.71
弘业期货,sz001236,9.8,9.82,9.93,10955900.0,9.8,70000,9.81,6300,-0.2,9.99,9.71,10955900,107850000.0,1.45,2.85,74.29,98.76,10.8,8.84,0.78
兰州银行,sz001227,2.29,2.27,2.28,66518300.0,2.29,232200,2.3,9957200,0.88,2.3,2.27,66518300,152100000.0,1.58,1.32,96.58,130.43,2.5,2.04,0.84
ST数源,sz000909,6.25,5.99,6.09,6783500.0,6.24,200,6.25,25300,4.34,6.28,6.0,6783500,42070000.0,1.55,4.67,27.36,27.36,6.29,5.69,1.0
现代投资,sz000900,4.27,4.23,4.27,17288000.0,4.26,3900,4.27,340600,0.95,4.28,4.22,17288000,73540000.0,1.14,1.42,64.81,64.81,4.65,3.81,0.89
电投绿能,sz000875,8.03,7.84,8.02,168587200.0,8.03,364800,8.04,103700,2.42,8.19,7.84,168587200,1348440000.0,5.04,4.46,268.4,291.27,8.62,7.06,1.12
国安股份,sz000839,3.24,3.16,3.21,122404400.0,3.24,175600,3.25,1636900,2.53,3.3,3.21,122404400,397910000.0,3.12,2.85,127.0,127.0,3.48,2.84,0.55
超声电子,sz000823,15.24,15.04,15.37,19927700.0,15.23,11200,15.24,61300,1.33,15.59,15.12,19927700,306580000.0,3.71,3.13,81.84,81.84,16.54,13.54,0.57
冰轮环境,sz000811,20.68,20.09,20.31,34356600.0,20.67,10600,20.68,5200,2.94,21.2,20.25,34356600,713070000.0,3.51,4.73,202.33,205.24,22.1,18.08,0.82
中国武夷,sz000797,3.04,3.0,3.04,28000800.0,3.03,90600,3.04,710000,1.33,3.08,3.01,28000800,85200000.0,1.78,2.33,47.75,47.75,3.3,2.7,0.82
英洛华,sz000795,10.13,10.26,10.44,22472600.0,10.13,67100,10.14,32200,-1.27,10.46,10.06,22472600,229730000.0,1.98,3.9,114.84,114.84,11.29,9.23,0.8
国海证券,sz000750,4.03,4.02,4.06,45304700.0,4.03,1044000,4.04,886900,0.25,4.07,4.02,45304700,183140000.0,0.78,1.24,233.59,257.36,4.42,3.62,0.74
湖南发展,sz000722,13.61,13.3,13.52,22043800.0,13.61,40700,13.62,42700,2.33,13.76,13.5,22043800,300500000.0,4.75,1.95,63.17,63.17,14.63,11.97,1.42
双环科技,sz000707,6.4,6.38,6.49,15705700.0,6.4,2900,6.41,157700,0.31,6.49,6.28,15705700,100310000.0,2.85,3.29,35.25,37.42,7.02,5.74,0.74
ST沈化,sz000698,3.96,3.96,4.0,9501800.0,3.96,103600,3.97,38200,0.0,4.01,3.94,9501800,37790000.0,1.21,1.77,31.11,32.45,4.16,3.76,0.62
*ST金科,sz000656,1.38,1.37,1.38,58251600.0,1.38,1838300,1.39,12036300,0.73,1.39,1.37,58251600,80540000.0,0.77,1.46,105.02,146.75,1.44,1.3,0.73
顺发恒能,sz000631,3.79,3.7,3.75,23490600.0,3.78,78000,3.79,92300,2.43,3.86,3.73,23490600,89230000.0,1.02,3.51,87.17,87.17,4.07,3.33,1.28
陕国投Ａ,sz000563,3.5,3.46,3.5,50199100.0,3.49,250300,3.5,1143300,1.16,3.52,3.48,50199100,175490000.0,0.98,1.16,178.99,178.99,3.81,3.11,0.77
西部创业,sz000557,4.94,4.93,5.0,11789400.0,4.94,600,4.95,199000,0.2,5.0,4.92,11789400,58430000.0,0.81,1.62,72.02,72.04,5.42,4.44,0.77
新金路,sz000510,19.89,20.24,20.64,48992300.0,19.89,33500,19.9,5500,-1.73,20.8,19.68,48992300,982750000.0,8.08,5.53,120.67,129.0,22.26,18.22,0.64
申万宏源,sz000166,4.84,4.81,4.85,62072700.0,4.84,1521100,4.85,1481700,0.62,4.87,4.83,62072700,300890000.0,0.28,0.83,1090.72,1211.93,5.29,4.33,0.58
中集集团,sz000039,13.46,12.72,12.81,88527000.0,13.46,52100,13.47,10000,5.82,13.72,12.67,88527000,1187110000.0,3.85,8.25,309.77,725.83,13.99,11.45,0.83
南  玻Ａ,sz000012,4.81,4.78,4.87,44437600.0,4.8,267200,4.81,84300,0.63,4.91,4.78,44437600,213990000.0,2.27,2.72,94.24,147.7,5.26,4.3,0.59
深振业Ａ,sz000006,8.71,8.56,8.72,22483200.0,8.7,32600,8.71,10000,1.75,8.99,8.65,22483200,197610000.0,1.67,3.97,117.58,117.58,9.42,7.7,0.78
思特威-W,sh688213,89.68,90.43,92.1,763548000.0,89.67,800,89.68,21600,-0.83,92.79,89.03,763548000,696360000.0,2.36,4.16,290.12,360.79,108.52,72.34,0.84
键凯科技,sh688356,102.22,97.22,99.76,151042900.0,102.21,100,102.22,100,5.14,104.88,96.69,151042900,155170000.0,2.49,8.42,62.0,62.0,116.66,77.78,1.41
贵州茅台,sh600519,1399.04,1401.18,1406.0,3050500.0,1399.03,100,1399.04,200,-0.15,1412.96,1395.0,3050500,4276230000.0,0.24,1.28,17519.76,17519.76,1541.3,1261.06,0.78
润和软件,sz300339,44.84,46.0,46.71,46684900.0,44.84,12800,44.85,21800,-2.52,46.98,44.42,46684900,2117540000.0,6.0,5.57,348.71,357.11,55.2,36.8,1.19
恒铭达,sz002947,46.71,46.11,46.98,5103100.0,46.7,12000,46.71,15000,1.3,47.35,46.33,5103100,239490000.0,2.65,2.21,89.98,119.68,50.72,41.5,0.63
新强联,sz300850,47.87,47.5,48.18,24960100.0,47.87,2600,47.88,1900,0.78,48.8,47.01,24960100,1192180000.0,8.3,3.77,143.99,198.22,57.0,38.0,0.93
翱捷科技-U,sh688220,82.61,81.5,84.03,822742500.0,82.6,2500,82.61,8400,1.36,84.39,81.88,822742500,681900000.0,2.23,3.08,304.95,345.56,97.8,65.2,0.73
瑞松科技,sh688090,53.64,52.6,53.0,213347000.0,53.64,1000,53.65,300,1.98,53.9,53.0,213347000,114130000.0,1.75,1.71,65.49,65.64,63.12,42.08,0.5
科力装备,sz301552,38.45,38.23,38.58,724300.0,38.45,1600,38.5,600,0.58,39.35,38.35,724300,28140000.0,3.04,2.62,9.15,36.6,45.88,30.58,0.62
五 粮 液,sz000858,101.45,101.02,101.62,10052100.0,101.45,22000,101.46,3700,0.43,101.97,101.15,10052100,1020370000.0,0.26,0.81,3937.73,3937.89,111.12,90.92,0.54
安图生物,sh603658,34.4,34.54,34.8,2288100.0,34.4,32100,34.41,4100,-0.41,34.88,34.34,2288100,79000000.0,0.4,1.56,196.57,196.57,37.99,31.09,0.93
朗特智能,sz300916,30.0,29.48,30.56,1632300.0,30.0,1500,30.01,200,1.76,30.6,29.83,1632300,49390000.0,1.75,2.61,28.03,43.39,35.38,23.58,0.75
万里石,sz002785,44.8,48.0,48.3,22705600.0,44.79,1800,44.8,35600,-6.67,48.68,43.2,22705600,1019820000.0,11.73,11.42,86.69,101.53,52.8,43.2,2.19
钧崴电子,sz301458,38.17,38.12,38.96,4662900.0,38.17,300,38.18,500,0.13,39.11,37.5,4662900,178250000.0,3.97,4.22,44.84,101.79,45.74,30.5,0.7
汇通能源,sh600605,26.97,26.4,26.79,1576700.0,26.97,6100,26.98,18400,2.16,26.98,26.3,1576700,42080000.0,0.76,2.58,55.63,55.63,29.04,23.76,0.72
国芯科技,sh688262,39.31,36.1,37.33,2559668700.0,39.31,800,39.32,6500,8.89,40.22,36.82,2559668700,997010000.0,7.62,9.42,132.08,132.08,43.32,28.88,1.57
海尔智家,sh600690,24.62,24.54,24.73,28873800.0,24.62,2700,24.63,2300,0.33,24.83,24.52,28873800,712410000.0,0.46,1.26,1539.5,2308.77,26.99,22.09,0.64
瑞达期货,sz002961,24.71,24.91,25.36,8786300.0,24.71,12000,24.72,5300,-0.8,25.74,24.56,8786300,219900000.0,1.84,4.74,117.85,117.85,27.4,22.42,0.56
有研粉材,sh688456,61.54,61.78,63.1,265672100.0,61.54,6500,61.55,1000,-0.39,63.58,60.76,265672100,165200000.0,2.56,4.56,63.79,63.79,74.14,49.42,0.53
中国海防,sh600764,28.26,28.76,29.0,8935000.0,28.25,32400,28.26,2300,-1.74,29.0,28.0,8935000,253800000.0,1.26,3.48,200.82,200.82,31.64,25.88,0.68
伟明环保,sh603568,27.98,27.63,28.21,6129200.0,27.98,8800,28.01,400,1.27,28.6,27.67,6129200,172790000.0,0.36,3.37,477.63,478.49,30.39,24.87,0.89
键邦股份,sh603285,34.33,34.27,35.05,2199700.0,34.3,200,34.33,1100,0.18,35.48,34.17,2199700,76620000.0,3.53,3.82,21.39,54.93,37.7,30.84,0.63
皖仪科技,sh688600,26.42,25.71,25.83,156598600.0,26.42,3500,26.46,1700,2.76,26.64,25.83,156598600,41270000.0,1.16,3.15,35.59,35.59,30.85,20.57,0.59
福立旺,sh688678,23.37,23.4,23.8,598709900.0,23.37,1000,23.38,900,-0.13,24.06,23.25,598709900,141660000.0,2.08,3.46,67.29,67.29,28.08,18.72,0.55
新亚电子,sh605277,23.5,23.03,23.4,7923100.0,23.49,8600,23.5,22300,2.04,23.98,23.27,7923100,187610000.0,2.49,3.08,74.76,76.14,25.33,20.73,0.62
义翘神州,sz301047,69.84,69.26,70.05,697700.0,69.83,1400,69.84,300,0.84,70.22,69.0,697700,48690000.0,0.58,1.76,83.52,84.95,83.11,55.41,0.74
开普检测,sz003008,23.47,23.26,23.5,1515100.0,23.47,3000,23.52,2500,0.9,23.9,23.33,1515100,35820000.0,1.95,2.45,18.27,24.41,25.59,20.93,0.87
西藏药业,sh600211,41.1,41.18,41.5,2108000.0,41.1,7000,41.11,5700,-0.19,41.57,41.03,2108000,86990000.0,0.65,1.31,132.47,132.47,45.3,37.06,0.82
善水科技,sz301190,24.37,24.44,24.62,2958300.0,24.37,144000,24.38,900,-0.29,25.17,24.05,2958300,72590000.0,1.86,4.58,38.83,52.31,29.33,19.55,0.51
宇环数控,sz002903,25.22,25.06,25.37,11592200.0,25.22,8300,25.23,7500,0.64,26.07,25.06,11592200,295530000.0,10.87,4.03,26.9,39.52,27.57,22.55,0.57
杰恩设计,sz300668,25.25,25.05,25.3,2016300.0,25.24,5500,25.25,6200,0.8,25.74,25.01,2016300,51010000.0,2.02,2.91,25.17,30.4,30.06,20.04,0.46
太辰光,sz300570,128.99,131.99,135.69,22769900.0,128.98,9600,128.99,40900,-2.27,135.7,127.21,22769900,2980530000.0,11.85,6.43,247.91,292.97,158.39,105.59,0.89
江龙船艇,sz300589,19.69,21.02,20.99,45847700.0,19.68,43300,19.69,13500,-6.33,20.99,19.58,45847700,916280000.0,19.8,6.71,45.6,74.36,25.22,16.82,0.97
伟创电气,sh688698,74.8,74.84,76.0,582460200.0,74.8,2300,74.83,200,-0.05,76.5,73.7,582460200,436720000.0,2.72,3.74,160.09,160.09,89.81,59.87,1.19
美芯晟,sh688458,38.98,38.11,39.0,167361400.0,38.97,400,38.98,1400,2.28,39.87,38.6,167361400,65680000.0,1.97,3.33,33.16,43.48,45.73,30.49,0.69
人民网,sh603000,21.29,21.08,21.5,26562000.0,21.28,107300,21.29,14100,1.0,21.62,21.15,26562000,565960000.0,2.4,2.23,235.4,235.4,23.19,18.97,0.61
激智科技,sz300566,20.54,19.07,19.36,20755200.0,20.54,12000,20.55,13200,7.71,20.98,19.36,20755200,425350000.0,9.16,8.5,46.56,53.84,22.88,15.26,2.45
上海医药,sh601607,17.03,17.0,17.03,6341300.0,17.03,110500,17.04,42200,0.18,17.1,17.01,6341300,108110000.0,0.23,0.53,475.0,631.53,18.7,15.3,0.52
重庆啤酒,sh600132,56.05,56.03,56.56,2955900.0,56.05,2500,56.06,1300,0.04,56.6,55.74,2955900,165530000.0,0.61,1.53,271.27,271.27,61.63,50.43,0.67
宏力达,sh688330,50.54,43.95,44.98,1174624800.0,50.54,5700,50.55,1700,14.99,52.3,44.93,1174624800,577000000.0,8.39,16.77,70.76,70.76,52.74,35.16,2.72
丽珠集团,sz000513,33.84,33.81,34.1,3743000.0,33.84,20500,33.88,3700,0.09,34.15,33.8,3743000,127140000.0,0.66,1.04,192.2,300.47,37.19,30.43,0.67
华绿生物,sz300970,24.4,24.86,25.48,5789400.0,24.39,28600,24.4,500,-1.85,25.62,24.22,5789400,142130000.0,6.09,5.63,23.21,29.92,29.83,19.89,0.81
明志科技,sh688355,20.98,20.66,20.91,360947900.0,20.96,400,20.98,900,1.55,21.2,20.67,360947900,75580000.0,2.91,2.57,26.01,26.01,24.79,16.53,0.59
嘉环科技,sh603206,15.8,15.59,15.82,2274000.0,15.79,24900,15.8,100,1.35,15.98,15.75,2274000,36040000.0,0.75,1.48,48.22,48.22,17.15,14.03,0.66
上海机场,sh600009,29.38,29.33,29.49,7921300.0,29.37,59300,29.38,7600,0.17,29.62,29.36,7921300,233370000.0,0.39,0.89,601.2,731.07,32.26,26.4,0.63
康强电子,sz002119,22.25,22.23,22.73,24729300.0,22.25,36700,22.26,1400,0.09,22.87,22.12,24729300,556930000.0,6.59,3.37,83.5,83.5,24.45,20.01,0.73
路桥信息,bj920748,42.4,44.8,43.96,2623300.0,42.35,2300,42.4,400,-5.36,44.69,41.71,2623300,112596000.0,7.36,6.65,15.12,32.54,58.24,31.36,1.38
西大门,sh605155,17.56,17.7,17.98,3310900.0,17.55,1500,17.56,5400,-0.79,18.1,17.29,3310900,58360000.0,1.77,4.58,32.81,33.59,19.47,15.93,1.1
中国稀土,sz000831,58.38,59.2,59.59,39394800.0,58.38,9500,58.39,8600,-1.39,60.14,57.6,39394800,2318520000.0,3.71,4.29,619.54,619.54,65.12,53.28,0.55
长鸿高科,sh605008,12.5,12.44,12.52,2207500.0,12.49,4300,12.5,9100,0.48,12.78,12.46,2207500,27750000.0,0.34,2.57,80.75,80.75,13.68,11.2,0.64
瑞联新材,sh688550,43.27,42.96,43.6,316981700.0,43.27,1400,43.28,400,0.72,44.19,43.14,316981700,138580000.0,1.82,2.44,75.22,75.22,51.55,34.37,1.01
瀚川智能,sh688022,16.14,15.83,16.13,472702700.0,16.11,100,16.14,3400,1.96,16.59,16.03,472702700,76800000.0,2.69,3.54,28.39,28.39,19.0,12.66,0.75
旭升集团,sh603305,15.61,15.6,15.9,25334100.0,15.6,65500,15.61,37300,0.06,15.95,15.45,25334100,396530000.0,2.19,3.21,180.41,180.41,17.16,14.04,0.75
皇马科技,sh603181,16.6,16.62,16.85,6907200.0,16.6,200,16.61,46500,-0.12,16.97,16.51,6907200,115150000.0,1.17,2.77,97.72,97.72,18.28,14.96,0.66
宁波中百,sh600857,12.64,12.47,12.65,2417500.0,12.64,4700,12.67,8300,1.36,12.83,12.58,2417500,30690000.0,1.08,2.0,28.35,28.35,13.72,11.22,0.6
川投能源,sh600674,15.18,15.22,15.12,37118000.0,15.18,2000,15.19,158900,-0.26,15.25,15.05,37118000,562370000.0,0.76,1.31,739.97,739.97,16.74,13.7,0.68
冠昊生物,sz300238,14.97,14.65,14.92,5032300.0,14.97,300,14.98,19500,2.18,15.11,14.72,5032300,75070000.0,1.9,2.66,39.69,39.69,17.58,11.72,0.95
北方长龙,sz301357,135.35,140.7,134.23,3794300.0,135.34,300,135.35,100,-3.8,138.5,134.23,3794300,514390000.0,15.94,3.03,32.21,128.85,168.84,112.56,0.77
中科蓝讯,sh688332,128.7,128.92,131.51,155355500.0,128.63,300,128.7,4800,-0.17,131.86,128.13,155355500,202460000.0,1.29,2.89,155.21,155.21,154.7,103.14,0.79
维力医疗,sh603309,14.1,13.79,14.02,4024800.0,14.08,2800,14.1,6600,2.25,14.17,13.89,4024800,56400000.0,1.38,2.03,41.15,41.15,15.17,12.41,0.75
安井食品,sh603345,91.8,92.58,93.0,2730700.0,91.76,100,91.8,14100,-0.84,93.36,91.3,2730700,251640000.0,0.93,2.23,269.24,305.96,101.84,83.32,0.54
通力科技,sz301255,26.2,25.66,26.1,1147700.0,26.2,9900,26.22,2400,2.1,26.5,25.73,1147700,30130000.0,3.01,3.0,9.98,39.91,30.79,20.53,0.83
锡南科技,sz301170,29.38,29.1,29.33,1131900.0,29.34,100,29.38,1700,0.96,29.87,29.13,1131900,33420000.0,3.37,2.54,9.86,29.38,34.92,23.28,0.63
复星医药,sh600196,25.23,25.01,25.29,11560200.0,25.23,1000,25.24,8800,0.88,25.5,25.13,11560200,292360000.0,0.55,1.48,534.49,673.75,27.51,22.51,0.67
金奥博,sz002917,13.8,13.6,13.78,3880300.0,13.8,7700,13.81,44200,1.47,13.95,13.74,3880300,53720000.0,1.49,1.54,35.95,47.97,14.96,12.24,0.76
交大思诺,sz300851,30.56,30.52,30.76,1125600.0,30.56,2400,30.57,300,0.13,31.38,30.38,1125600,34710000.0,2.08,3.28,16.54,26.57,36.62,24.42,0.73
沃尔核材,sz002130,26.69,25.64,26.51,78905600.0,26.69,121100,26.7,208100,4.1,27.27,26.51,78905600,2125630000.0,6.89,2.96,305.47,373.63,28.2,23.08,1.09
奥尼电子,sz301189,41.97,41.04,41.81,1215200.0,41.95,700,41.97,1300,2.27,42.32,41.62,1215200,51030000.0,1.09,1.71,46.9,48.85,49.25,32.83,0.66
三一重能,sh688349,25.58,25.79,26.1,418490300.0,25.56,42200,25.58,600,-0.81,26.28,25.41,418490300,107790000.0,0.35,3.37,304.27,313.71,30.95,20.63,0.89
万控智造,sh603070,16.89,16.63,16.6,16019900.0,16.89,76200,16.9,18600,1.56,17.65,16.57,16019900,272730000.0,4.05,6.49,66.79,67.73,18.29,14.97,0.96
通达创智,sz001368,25.99,26.0,26.43,1439700.0,25.99,1300,26.0,500,-0.04,26.57,25.87,1439700,37660000.0,4.49,2.69,8.34,29.59,28.6,23.4,0.69
思林杰,sh688115,44.3,44.25,44.5,63096500.0,44.28,2600,44.3,1800,0.11,45.38,44.26,63096500,28250000.0,0.95,2.53,29.53,29.53,53.1,35.4,0.62
洪汇新材,sz002802,13.35,13.27,13.56,2996100.0,13.35,22300,13.37,3500,0.6,13.65,13.3,2996100,40340000.0,1.99,2.64,20.12,24.34,14.6,11.94,0.74
康希通信,sh688653,13.59,13.26,13.49,763906000.0,13.58,2000,13.59,3700,2.49,13.75,13.45,763906000,104110000.0,2.41,2.26,43.0,57.69,15.91,10.61,0.83
潞安环能,sh601699,14.31,14.53,14.47,40121200.0,14.31,118500,14.32,2400,-1.51,14.47,14.0,40121200,571500000.0,1.34,3.23,428.07,428.07,15.98,13.08,0.69
争光股份,sz301092,37.92,37.8,38.17,1774500.0,37.9,4500,37.92,300,0.32,38.8,37.75,1774500,67640000.0,2.92,2.78,23.01,51.02,45.36,30.24,0.43
集智股份,sz300553,39.0,38.99,39.76,1721500.0,39.0,800,39.01,2400,0.03,39.88,38.91,1721500,67810000.0,2.04,2.49,32.86,43.3,46.79,31.19,0.6
春立医疗,sh688236,20.16,19.97,20.23,151155600.0,20.16,5100,20.17,1200,0.95,20.49,20.02,151155600,30580000.0,0.52,2.35,58.15,77.33,23.96,15.98,0.7
盛天网络,sz300494,12.15,11.95,12.17,12295700.0,12.14,5700,12.15,51700,1.67,12.37,12.09,12295700,150040000.0,3.09,2.34,48.4,59.6,14.34,9.56,0.62
线上线下,sz300959,81.98,80.35,81.5,1922700.0,81.98,13100,81.99,100,2.03,83.99,81.0,1922700,158220000.0,3.67,3.72,42.92,65.89,96.42,64.28,0.78
北矿科技,sh600980,24.93,25.03,25.52,5361100.0,24.93,27900,24.95,500,-0.4,25.52,24.67,5361100,134140000.0,2.85,3.4,46.82,47.18,27.53,22.53,0.56
云南白药,sz000538,55.89,55.43,55.59,6059000.0,55.89,4300,55.9,1400,0.83,55.93,55.4,6059000,337470000.0,0.34,0.96,990.81,997.22,60.97,49.89,0.8
力合微,sh688589,23.43,22.82,23.29,348826400.0,23.42,12500,23.43,5700,2.67,23.78,23.23,348826400,82020000.0,2.4,2.41,34.05,34.05,27.38,18.26,0.68
中捷精工,sz301072,23.44,23.42,23.81,1095100.0,23.41,300,23.44,400,0.09,24.02,23.3,1095100,25930000.0,1.63,3.07,15.74,24.62,28.1,18.74,0.84
凯盛科技,sh600552,13.53,13.15,13.38,27819300.0,13.53,4800,13.54,50000,2.89,13.72,13.38,27819300,377570000.0,2.95,2.59,127.81,127.81,14.47,11.84,0.71
奥海科技,sz002993,45.38,45.0,45.7,3369900.0,45.32,300,45.38,2900,0.84,46.54,44.93,3369900,154390000.0,1.41,3.58,108.21,125.27,49.5,40.5,0.78
道道全,sz002852,10.47,10.56,10.72,6314900.0,10.47,7500,10.48,61100,-0.85,10.72,10.44,6314900,66540000.0,2.21,2.65,29.87,36.01,11.62,9.5,1.1
华骐环保,sz300929,11.96,11.73,11.96,2888600.0,11.94,8800,11.96,4000,1.96,12.24,11.82,2888600,34790000.0,2.28,3.58,15.16,15.8,14.08,9.38,0.81
全柴动力,sh600218,10.73,10.3,10.5,13477500.0,10.72,95600,10.73,117600,4.17,10.78,10.46,13477500,143590000.0,3.09,3.11,46.74,46.74,11.33,9.27,1.08
兰生股份,sh600826,11.1,11.05,11.16,6830300.0,11.09,21700,11.1,19600,0.45,11.31,10.99,6830300,75610000.0,0.93,2.9,81.64,81.64,12.16,9.95,1.06
中谷物流,sh603565,11.01,10.98,10.98,17908900.0,11.01,20000,11.03,4600,0.27,11.08,10.82,17908900,196280000.0,0.85,2.37,231.22,231.22,12.08,9.88,0.71
张  裕Ａ,sz000869,19.69,19.65,19.78,1143200.0,19.68,700,19.69,19700,0.2,19.86,19.6,1143200,22490000.0,0.25,1.32,89.61,129.41,21.62,17.69,0.65
千金药业,sh600479,10.99,10.92,11.16,6967700.0,10.99,1700,11.0,109600,0.64,11.16,10.94,6967700,76820000.0,1.66,2.01,45.99,54.09,12.01,9.83,0.75
中材国际,sh600970,10.88,10.83,10.9,20345800.0,10.86,3000,10.88,44600,0.46,11.09,10.78,20345800,222110000.0,0.78,2.86,284.92,285.25,11.91,9.75,1.02
中晶科技,sz003026,33.16,31.44,32.32,7427000.0,33.16,4800,33.17,400,5.47,34.58,32.0,7427000,249490000.0,7.76,8.21,31.73,42.98,34.58,28.3,1.91
陕鼓动力,sh601369,11.82,11.32,11.59,22987700.0,11.82,30100,11.83,159600,4.42,11.97,11.44,22987700,269570000.0,1.35,4.68,201.67,203.71,12.45,10.19,0.98
凤凰传媒,sh601928,9.64,9.63,9.69,9110600.0,9.63,142100,9.64,1100,0.1,9.72,9.63,9110600,88000000.0,0.36,0.93,245.33,245.33,10.59,8.67,0.71
摩恩电气,sz002451,11.01,10.69,10.78,40596900.0,11.0,133100,11.01,33100,2.99,11.11,10.78,40596900,445710000.0,9.24,3.09,48.35,48.52,11.76,9.62,1.85
盛帮股份,sz301233,51.98,51.64,52.18,624300.0,51.97,100,52.0,100,0.66,52.9,51.65,624300,32710000.0,2.22,2.42,14.65,26.75,61.97,41.31,0.67
宣泰医药,sh688247,9.59,9.49,9.56,168973900.0,9.58,15000,9.59,8200,1.05,9.7,9.5,168973900,16210000.0,0.37,2.11,43.48,43.48,11.39,7.59,0.56
中毅达,sh600610,10.44,10.55,10.65,27918200.0,10.43,96200,10.44,83100,-1.04,10.79,10.39,27918200,292920000.0,3.94,3.79,73.99,111.84,11.61,9.5,0.62
亚光股份,sh603282,22.18,22.53,22.92,3386200.0,22.17,3500,22.18,7200,-1.55,23.15,21.96,3386200,75660000.0,5.28,5.28,14.24,29.68,24.78,20.28,0.68
雷赛智能,sz002979,38.55,36.3,37.21,7979800.0,38.55,28400,38.56,6000,6.2,38.86,36.61,7979800,300890000.0,3.61,6.2,85.19,121.1,39.93,32.67,1.4
正泰电源,sz002150,26.83,26.89,27.5,17721500.0,26.83,42900,26.84,17700,-0.22,27.69,26.11,17721500,477780000.0,4.94,5.88,96.2,96.82,29.58,24.2,0.95
金道科技,sz301279,29.4,29.01,29.53,1081500.0,29.4,45300,29.42,4600,1.34,29.89,29.25,1081500,31950000.0,1.1,2.21,28.83,38.14,34.81,23.21,0.69
浙江震元,sz000705,8.96,8.85,8.95,6003500.0,8.96,300,8.97,21800,1.24,9.05,8.91,6003500,54030000.0,2.13,1.58,25.26,29.94,9.74,7.97,0.8
华能水电,sh600025,10.1,10.0,9.9,46266400.0,10.09,110700,10.1,303800,1.0,10.13,9.86,46266400,464600000.0,0.26,2.7,1818.0,1881.74,11.0,9.0,1.01
国金证券,sh600109,8.72,8.7,8.78,21774100.0,8.71,106200,8.72,21900,0.23,8.83,8.7,21774100,190570000.0,0.59,1.49,323.11,323.11,9.57,7.83,0.71
中国移动,sh600941,95.61,94.41,94.4,11680500.0,95.6,9600,95.61,9100,1.27,95.96,94.08,11680500,1111300000.0,1.29,1.99,863.14,20703.32,103.85,84.97,1.03
捷顺科技,sz002609,9.12,8.95,9.12,8701400.0,9.11,300,9.12,17200,1.9,9.24,9.05,8701400,79460000.0,1.89,2.12,41.9,58.68,9.85,8.06,0.69
大全能源,sh688303,22.92,22.94,23.19,930657200.0,22.92,9800,22.94,3300,-0.09,23.4,22.8,930657200,213980000.0,0.43,2.62,491.68,491.68,27.53,18.35,0.78
安迪苏,sh600299,12.74,11.8,12.05,43598600.0,12.74,1400,12.75,78700,7.97,12.88,12.05,43598600,546540000.0,1.63,7.03,341.67,392.36,12.98,10.62,1.2
三鑫医疗,sz300453,9.68,9.78,9.93,19791500.0,9.67,9500,9.68,74400,-1.02,10.06,9.63,19791500,194350000.0,5.5,4.4,34.83,50.54,11.74,7.82,1.28
济川药业,sh600566,27.52,27.65,27.69,3393800.0,27.52,9300,27.53,3200,-0.47,27.8,27.32,3393800,93290000.0,0.37,1.74,252.7,253.55,30.42,24.89,0.66
ST炼石,sz000697,10.29,10.23,10.32,20972200.0,10.29,69300,10.3,3200,0.59,10.48,10.08,20972200,214750000.0,3.21,3.91,67.2,143.66,10.74,9.72,0.93
大宏立,sz300865,28.04,27.92,28.41,1175700.0,28.04,1700,28.05,700,0.43,28.68,27.89,1175700,33260000.0,2.09,2.83,15.77,26.83,33.5,22.34,0.91
皖通科技,sz002331,8.77,8.61,8.75,7010600.0,8.77,4400,8.78,17100,1.86,8.85,8.7,7010600,61630000.0,1.77,1.74,34.72,37.57,9.47,7.75,0.71
英威腾,sz002334,9.73,9.48,9.66,32200600.0,9.73,63200,9.74,147500,2.64,9.82,9.65,32200600,313800000.0,4.39,1.79,71.43,80.05,10.43,8.53,0.65
华懋科技,sh603306,85.35,87.41,87.0,18107300.0,85.34,3200,85.35,7400,-2.36,89.92,84.35,18107300,1570910000.0,5.5,6.37,281.22,281.22,96.15,78.67,1.17
深天马Ａ,sz000050,9.7,9.2,9.39,49688600.0,9.69,66500,9.7,48000,5.43,9.88,9.38,49688600,482630000.0,2.02,5.43,238.4,238.4,10.12,8.28,1.55
光大证券,sh601788,15.98,15.91,16.03,13308600.0,15.98,74600,15.99,82900,0.44,16.09,15.92,13308600,212850000.0,0.34,1.07,624.29,736.8,17.5,14.32,0.57
赛腾股份,sh603283,45.58,44.93,46.14,10069600.0,45.57,5300,45.58,2100,1.45,46.93,45.25,10069600,463790000.0,3.71,3.74,123.6,123.6,49.42,40.44,0.71
奥浦迈,sh688293,45.51,45.18,45.44,91837800.0,45.4,2000,45.51,700,0.73,46.76,44.91,91837800,42070000.0,0.81,4.09,51.8,59.18,54.22,36.14,0.55
中国核电,sh601985,8.78,8.68,8.69,228029200.0,8.78,1114500,8.79,145200,1.15,8.84,8.68,228029200,2001950000.0,1.21,1.84,1657.95,1805.87,9.55,7.81,1.33
世纪华通,sz002602,18.13,17.35,17.55,154322700.0,18.13,480200,18.14,314200,4.5,18.41,17.28,154322700,2766320000.0,2.27,6.51,1232.27,1336.3,19.09,15.62,0.99
博隆技术,sh603325,76.31,76.3,76.72,565200.0,76.31,200,76.32,100,0.01,77.62,76.08,565200,43460000.0,1.65,2.02,26.09,61.05,83.93,68.67,0.65
环球印务,sz002799,8.82,8.66,8.78,5961100.0,8.81,3500,8.82,8400,1.85,8.96,8.76,5961100,52710000.0,1.86,2.31,28.23,28.23,9.53,7.79,0.58
青达环保,sh688501,26.15,25.71,26.06,147301500.0,26.15,2200,26.2,2000,1.71,26.77,25.98,147301500,38760000.0,1.19,3.07,32.49,32.49,30.85,20.57,0.46
深南电A,sz000037,9.86,9.73,9.78,11185800.0,9.85,28100,9.86,121800,1.34,9.98,9.77,11185800,110580000.0,3.3,2.16,33.42,59.43,10.7,8.76,0.76
浙江建投,sz002761,8.03,8.01,8.1,10957000.0,8.02,368800,8.03,9300,0.25,8.14,8.01,10957000,88350000.0,1.01,1.62,86.87,106.39,8.81,7.21,0.94
开普云,sh688228,117.02,118.13,120.33,308507500.0,117.02,5100,117.15,500,-0.94,121.43,116.2,308507500,366220000.0,4.57,4.43,79.05,79.05,141.76,94.5,0.75
上海电气,sh601727,9.46,8.6,8.73,547039600.0,9.46,37521500,0.0,0,10.0,9.46,8.72,547039600,5110250000.0,4.34,8.6,1193.44,1470.1,9.46,7.74,2.62
时代万恒,sh600241,8.47,8.31,8.41,5346000.0,8.47,4100,8.48,1900,1.93,8.58,8.4,5346000,45390000.0,1.82,2.17,24.93,24.93,9.14,7.48,1.07
通化东宝,sh600867,8.76,8.69,8.8,25347500.0,8.76,16400,8.77,148000,0.81,8.86,8.73,25347500,222910000.0,1.29,1.5,171.57,171.57,9.56,7.82,0.75
新恒汇,sz301678,67.63,67.8,68.8,1585400.0,67.63,22700,67.64,300,-0.25,69.22,67.37,1585400,108430000.0,3.31,2.73,32.4,162.01,81.36,54.24,0.59
鼎捷数智,sz300378,43.33,42.75,44.15,9279000.0,43.32,3700,43.33,8600,1.36,44.46,42.9,9279000,404870000.0,3.44,3.65,116.79,117.66,51.3,34.2,0.69
豪迈科技,sz002595,97.5,94.73,96.08,6139400.0,97.5,700,97.6,100,2.92,100.28,94.42,6139400,603220000.0,0.77,6.19,774.7,780.0,104.2,85.26,1.16
北京科锐,sz002350,14.23,13.32,13.32,101924900.0,14.23,141200,14.24,10600,6.83,14.62,13.14,101924900,1409870000.0,19.21,11.11,75.5,77.17,14.65,11.99,1.51
天富龙,sh603406,36.27,36.06,36.49,645400.0,36.27,10700,36.28,10900,0.58,36.5,36.12,645400,23450000.0,1.76,1.05,13.3,145.08,39.67,32.45,0.52
华立股份,sh603038,16.39,16.43,16.65,2395200.0,16.39,10900,16.4,11000,-0.24,16.67,16.3,2395200,39430000.0,0.89,2.25,44.04,44.04,18.07,14.79,0.52
百合花,sh603823,16.98,16.74,16.9,5723000.0,16.91,4100,16.98,7800,1.43,17.18,16.68,5723000,96610000.0,1.39,2.99,69.79,70.7,18.41,15.07,0.66
诚志股份,sz000990,8.66,8.6,8.73,25344400.0,8.65,15900,8.66,120800,0.7,8.74,8.55,25344400,219390000.0,2.09,2.21,105.24,105.24,9.46,7.74,0.76
华西股份,sz000936,7.76,7.6,7.78,14994100.0,7.75,27700,7.76,82100,2.11,7.84,7.7,14994100,116400000.0,1.69,1.84,68.74,68.75,8.36,6.84,0.73
陆家嘴,sh600663,7.94,7.93,8.0,7425000.0,7.94,700,7.95,29100,0.13,8.04,7.92,7425000,59190000.0,0.24,1.51,250.56,399.79,8.72,7.14,0.67
贝斯特,sz300580,21.95,21.78,22.17,4478600.0,21.94,20700,21.95,1300,0.78,22.23,21.76,4478600,98470000.0,0.95,2.16,103.73,110.26,26.14,17.42,0.62
广信材料,sz300537,24.6,24.47,24.98,7618700.0,24.6,15300,24.61,2000,0.53,25.24,24.23,7618700,189030000.0,5.02,4.13,37.35,51.12,29.36,19.58,0.7
黄山谷捷,sz301581,49.72,49.21,50.25,569700.0,49.72,300,49.73,400,1.04,50.25,49.52,569700,28390000.0,1.17,1.48,24.3,39.78,59.05,39.37,0.6
福莱特,sh601865,15.56,15.52,15.75,20338200.0,15.56,3300,15.57,6200,0.26,15.95,15.49,20338200,318980000.0,1.07,2.96,295.8,364.55,17.07,13.97,0.75
果麦文化,sz301052,36.93,37.29,38.05,4486300.0,36.93,13600,36.94,10700,-0.97,38.49,36.8,4486300,168250000.0,5.59,4.53,29.62,36.55,44.75,29.83,0.5
*ST高斯,sz002848,11.86,11.69,11.82,3634200.0,11.85,125500,11.86,2600,1.45,12.08,11.82,3634200,43300000.0,2.2,2.22,19.56,19.82,12.27,11.11,0.81
鲍斯股份,sz300441,7.65,7.44,7.58,7639800.0,7.65,21700,7.66,24100,2.82,7.72,7.53,7639800,58450000.0,1.22,2.55,47.93,49.3,8.93,5.95,0.92
真兰仪表,sz301303,15.79,15.68,15.97,3125600.0,15.78,3100,15.79,6500,0.7,16.09,15.73,3125600,49750000.0,3.07,2.3,16.06,64.55,18.82,12.54,0.65
军信股份,sz301109,17.11,17.02,17.4,10952300.0,17.1,35100,17.11,7000,0.53,17.43,16.96,10952300,187420000.0,4.75,2.76,39.46,135.02,20.42,13.62,0.52
和泰机电,sz001225,59.05,63.27,62.8,4372800.0,59.03,1800,59.05,1400,-6.67,64.5,58.5,4372800,265050000.0,20.78,9.48,12.42,38.89,69.6,56.94,2.79
设研院,sz300732,7.32,7.21,7.31,5871700.0,7.31,42100,7.32,45500,1.53,7.39,7.29,5871700,43120000.0,1.59,1.39,27.09,27.12,8.65,5.77,0.82
宁波联合,sh600051,7.92,7.79,7.89,6526200.0,7.92,29200,7.93,18500,1.67,8.02,7.87,6526200,51820000.0,2.1,1.93,24.62,24.62,8.57,7.01,1.07
大亚圣象,sz000910,7.33,7.25,7.37,3920100.0,7.32,2200,7.33,12900,1.1,7.41,7.29,3920100,28830000.0,0.72,1.66,40.11,40.12,7.98,6.53,0.74
优宁维,sz301166,31.8,31.3,31.77,1149900.0,31.75,800,31.8,1200,1.6,32.28,31.51,1149900,36610000.0,2.02,2.46,18.1,27.56,37.56,25.04,0.92
亿嘉和,sh603666,28.88,28.6,28.9,2950600.0,28.87,8800,28.88,6300,0.98,29.42,28.7,2950600,85590000.0,1.44,2.52,59.36,59.36,31.46,25.74,0.63
首药控股-U,sh688197,37.82,37.34,38.38,154232600.0,37.82,700,37.84,1400,1.29,38.58,37.21,154232600,58260000.0,2.41,3.67,24.21,56.25,44.81,29.87,1.22
长电科技,sh600584,48.7,47.86,49.3,114724000.0,48.7,25500,48.71,32600,1.76,50.33,48.22,114724000,5646960000.0,6.41,4.41,871.44,871.44,52.65,43.07,1.14
中远海特,sh600428,8.42,8.37,8.15,118318000.0,8.41,187300,8.42,422800,0.6,8.57,8.01,118318000,983670000.0,4.84,6.69,205.89,231.04,9.21,7.53,1.01
安孚科技,sh603031,52.88,51.01,51.99,10123000.0,52.87,1000,52.88,2500,3.67,53.49,51.86,10123000,534420000.0,4.79,3.2,111.64,136.34,56.11,45.91,0.96
歌华有线,sh600037,7.55,7.49,7.59,15664300.0,7.54,60900,7.55,109600,0.8,7.61,7.5,15664300,118440000.0,1.13,1.47,105.08,105.08,8.24,6.74,0.65
影石创新,sh688775,210.52,207.2,211.65,114211300.0,210.5,4600,210.52,1000,1.6,216.66,209.02,114211300,243070000.0,3.48,3.69,69.05,844.19,248.64,165.76,0.56
东兴证券,sh601198,13.49,13.52,13.62,19330800.0,13.49,92400,13.5,27900,-0.22,13.65,13.42,19330800,261750000.0,0.6,1.7,436.06,436.06,14.87,12.17,0.66
锡业股份,sz000960,41.04,42.5,43.0,74418500.0,41.03,31800,41.04,9900,-3.44,43.59,40.51,74418500,3096220000.0,4.52,7.25,675.29,675.29,46.75,38.25,0.71
津膜科技,sz300334,7.79,7.63,7.75,6632000.0,7.78,4300,7.79,14600,2.1,7.89,7.71,6632000,51730000.0,2.2,2.36,23.53,23.53,9.16,6.1,0.61
润邦股份,sz002483,7.9,7.72,7.83,14624900.0,7.88,75000,7.9,66200,2.33,8.03,7.79,14624900,115780000.0,1.65,3.11,69.93,70.03,8.49,6.95,0.84
罗普特,sh688619,14.77,14.67,14.95,380120700.0,14.77,1100,14.78,10700,0.68,14.96,14.6,380120700,56090000.0,2.05,2.45,27.39,27.39,17.6,11.74,0.83
青岛啤酒,sh600600,61.4,61.42,61.49,3537400.0,61.4,67200,61.41,1600,-0.03,62.17,61.31,3537400,218000000.0,0.5,1.4,435.4,837.62,67.56,55.28,0.65
财达证券,sh600906,6.55,6.55,6.63,22443200.0,6.55,424700,6.56,6300,0.0,6.65,6.54,22443200,147650000.0,1.06,1.68,139.14,212.55,7.21,5.9,0.85
博硕科技,sz300951,36.99,36.05,36.62,1601100.0,36.98,1000,37.0,3600,2.61,37.57,36.62,1601100,59490000.0,1.06,2.64,56.0,62.66,43.26,28.84,0.69
福斯达,sh603173,45.45,46.0,46.7,2468500.0,45.45,1000,45.5,1900,-1.2,47.27,45.01,2468500,113850000.0,1.54,4.91,72.72,72.72,50.6,41.4,0.76
盛德鑫泰,sz300881,51.42,50.93,54.67,2975400.0,51.42,600,51.45,1200,0.96,54.74,51.0,2975400,156340000.0,5.18,7.34,29.52,56.56,61.12,40.74,0.63
哈投股份,sh600864,6.28,6.26,6.33,20152200.0,6.28,210300,6.29,275500,0.32,6.35,6.25,20152200,126870000.0,0.97,1.6,130.66,130.66,6.89,5.63,0.69
国投丰乐,sz000713,6.99,7.34,7.16,47550000.0,6.99,213200,7.0,58200,-4.77,7.16,6.94,47550000,333870000.0,7.74,3.0,42.92,55.8,8.07,6.61,1.53
禾望电气,sh603063,29.0,29.05,29.41,12431300.0,29.0,56800,29.01,3500,-0.17,29.69,28.85,12431300,364180000.0,2.71,2.89,132.79,132.79,31.96,26.15,0.84
四方新材,sh605122,13.4,13.22,13.3,2350500.0,13.4,2500,13.42,1400,1.36,13.7,13.3,2350500,31720000.0,1.36,3.03,23.1,23.1,14.54,11.9,0.95
湖南白银,sz002716,14.8,15.1,15.41,205823800.0,14.8,1856000,14.81,50000,-1.99,15.49,14.58,205823800,3070170000.0,8.85,6.03,344.08,417.82,16.61,13.59,0.59
新朋股份,sz002328,6.81,6.62,6.77,15611700.0,6.8,464700,6.81,32900,2.87,6.88,6.73,15611700,106430000.0,2.74,2.27,38.87,52.56,7.28,5.96,0.78
亚宝药业,sh600351,6.48,6.43,6.5,6693200.0,6.48,28000,6.49,23900,0.78,6.53,6.45,6693200,43450000.0,0.97,1.24,44.84,44.84,7.07,5.79,0.62
远信工业,sz301053,32.59,32.47,33.13,559800.0,32.57,500,32.59,2700,0.37,33.27,32.35,559800,18380000.0,0.72,2.83,25.2,27.45,38.96,25.98,0.53
东来技术,sh688129,23.27,21.82,22.23,304629100.0,23.27,4800,23.28,6100,6.65,23.39,22.23,304629100,69600000.0,2.53,5.32,28.04,28.04,26.18,17.46,1.46
物产环能,sh603071,14.26,14.33,14.35,3438200.0,14.25,4200,14.26,2900,-0.49,14.39,14.18,3438200,49110000.0,0.62,1.47,79.56,79.56,15.76,12.9,0.77
四川美丰,sz000731,7.54,7.79,7.79,60257500.0,7.54,336900,7.55,88400,-3.21,7.91,7.48,60257500,456130000.0,10.98,5.52,41.38,41.38,8.57,7.01,0.72
利尔化学,sz002258,15.54,15.63,15.95,14466300.0,15.53,89100,15.54,85800,-0.58,16.03,15.43,14466300,226150000.0,1.81,3.84,124.19,124.39,17.19,14.07,0.67
东土科技,sz300353,23.94,23.43,23.93,21353200.0,23.94,28100,23.95,29700,2.18,24.48,23.76,21353200,514740000.0,3.97,3.07,128.62,147.21,28.12,18.74,0.72
山西焦煤,sz000983,7.25,7.43,7.35,99760100.0,7.25,328400,7.26,106700,-2.42,7.38,7.11,99760100,720380000.0,1.76,3.63,411.59,411.59,8.17,6.69,0.81
晨光生物,sz300138,13.69,13.7,13.88,8564400.0,13.69,68500,13.7,17000,-0.07,13.97,13.58,8564400,117490000.0,2.15,2.85,54.53,66.14,16.44,10.96,0.7
佳电股份,sz000922,15.1,14.65,14.9,17034100.0,15.09,9300,15.1,37400,3.07,15.3,14.76,17034100,256800000.0,2.9,3.69,88.68,104.94,16.12,13.19,0.81
有友食品,sh603697,11.24,11.22,11.32,5274800.0,11.24,17400,11.26,1500,0.18,11.38,11.17,5274800,59420000.0,1.23,1.87,48.07,48.07,12.34,10.1,0.53
中航机载,sh600372,15.0,14.99,15.1,52408000.0,14.99,100900,15.0,31800,0.07,15.28,14.83,52408000,787590000.0,1.08,3.0,725.83,725.83,16.49,13.49,0.56
赛科希德,sh688338,32.89,30.84,31.45,274584800.0,32.89,500,32.9,11200,6.65,32.98,30.98,274584800,87860000.0,2.59,6.49,34.91,34.91,37.01,24.67,0.81
金鸿顺,sh603922,21.01,21.16,21.48,5208600.0,21.0,600,21.01,17300,-0.71,21.48,20.72,5208600,109660000.0,2.91,3.59,37.65,37.65,23.28,19.04,0.82
森特股份,sh603098,15.03,15.14,15.43,6693100.0,15.02,11300,15.03,7000,-0.73,15.44,14.94,6693100,101510000.0,1.24,3.3,80.98,81.12,16.65,13.63,0.78
海特高新,sz002023,11.68,11.58,11.75,13867500.0,11.68,43900,11.69,80500,0.86,11.81,11.6,13867500,162360000.0,1.87,1.81,86.53,86.53,12.74,10.42,0.68
中创物流,sh603967,13.02,12.99,13.04,4549600.0,13.02,5800,13.03,14900,0.23,13.15,12.9,4549600,59220000.0,1.31,1.92,45.14,45.14,14.29,11.69,0.76
新相微,sh688593,35.23,34.88,36.0,2267953100.0,35.2,1000,35.23,7400,1.0,37.65,34.46,2267953100,815790000.0,7.03,9.15,113.68,161.89,41.86,27.9,1.41
华润江中,sh600750,24.66,24.86,24.88,4159900.0,24.63,7200,24.66,700,-0.8,24.99,24.57,4159900,102820000.0,0.66,1.69,155.03,156.74,27.35,22.37,0.85
华建集团,sh600629,21.16,21.26,21.06,35140300.0,21.16,18200,21.17,1000,-0.47,21.75,21.0,35140300,746850000.0,3.69,3.53,201.68,205.32,23.39,19.13,1.2
友车科技,sh688479,32.2,30.9,31.52,415920600.0,32.18,3000,32.2,6900,4.21,32.65,30.51,415920600,132220000.0,6.67,6.93,20.07,46.47,37.08,24.72,0.69
皖维高新,sh600063,6.91,6.86,7.02,29297600.0,6.91,38100,6.92,231800,0.73,7.04,6.84,29297600,202790000.0,1.42,2.92,142.98,142.98,7.55,6.17,0.61
鸿远电子,sh603267,60.37,60.24,61.61,10330000.0,60.36,31000,60.37,700,0.22,61.89,59.82,10330000,629610000.0,4.47,3.44,139.5,139.5,66.26,54.22,0.55
国发股份,sh600538,6.33,6.11,6.15,16080700.0,6.33,8000,6.34,162800,3.6,6.38,6.15,16080700,101040000.0,3.07,3.76,33.18,33.18,6.72,5.5,1.26
光弘科技,sz300735,23.87,23.35,23.79,12638600.0,23.86,19900,23.87,5000,2.23,24.35,23.68,12638600,303220000.0,1.67,2.87,180.8,183.19,28.02,18.68,0.92
万丰股份,sh603172,22.24,22.74,22.8,3446000.0,22.24,13200,22.3,3800,-2.2,23.04,22.08,3446000,77460000.0,6.88,4.22,11.14,29.66,25.01,20.47,0.56
容知日新,sh688768,48.39,48.05,49.29,261390000.0,48.39,1400,48.4,3300,0.71,49.79,47.73,261390000,126650000.0,3.0,4.29,42.23,42.58,57.66,38.44,0.65
奥瑞金,sz002701,5.26,5.27,5.32,29666600.0,5.26,474600,5.27,116800,-0.19,5.35,5.25,29666600,156960000.0,1.16,1.9,134.52,134.64,5.8,4.74,0.81
青岛双星,sz000599,6.79,6.73,6.85,17325700.0,6.78,115700,6.79,100,0.89,6.88,6.74,17325700,117800000.0,2.12,2.08,55.46,55.46,7.4,6.06,0.64
方正科技,sh600601,10.89,10.53,10.72,112927300.0,10.89,400000,10.9,588800,3.42,11.09,10.71,112927300,1236440000.0,2.71,3.61,454.14,465.41,11.58,9.48,0.79
祥龙电业,sh600769,12.9,12.9,13.07,5272200.0,12.88,1300,12.9,41000,0.0,13.09,12.74,5272200,68310000.0,1.41,2.71,48.37,48.37,14.19,11.61,0.72
江山股份,sh600389,28.45,28.03,28.85,10798400.0,28.44,400,28.45,6400,1.5,28.86,27.92,10798400,305520000.0,2.51,3.35,122.52,122.52,30.83,25.23,0.62
佳发教育,sz300559,11.3,11.09,11.29,4274200.0,11.28,300,11.3,186000,1.89,11.38,11.2,4274200,48240000.0,1.37,1.62,35.16,45.15,13.31,8.87,0.57
深纺织Ａ,sz000045,13.2,12.0,12.24,15281700.0,13.2,7044300,0.0,0,10.0,13.2,12.24,15281700,198920000.0,3.34,8.0,60.33,66.86,13.2,10.8,1.7
太极股份,sz002368,20.23,20.02,20.35,7469700.0,20.23,14300,20.24,35000,1.05,20.4,20.03,7469700,151070000.0,1.2,1.85,125.51,126.08,22.02,18.02,0.73
安道麦A,sz000553,5.88,5.97,6.03,8708300.0,5.88,30300,5.89,45700,-1.51,6.06,5.86,8708300,51570000.0,0.4,3.35,128.01,136.99,6.57,5.37,0.88
亚玛顿,sz002623,25.09,25.31,25.97,6880800.0,25.09,19900,25.1,2300,-0.87,25.97,24.83,6880800,172600000.0,3.46,4.5,49.84,49.94,27.84,22.78,0.49
国网英大,sh600517,7.37,7.2,7.31,58142900.0,7.36,127200,7.37,184600,2.36,7.49,7.3,58142900,429680000.0,1.02,2.64,421.45,421.45,7.92,6.48,0.87
传化智联,sz002010,6.35,6.26,6.37,34488700.0,6.35,18500,6.36,125300,1.44,6.44,6.3,34488700,219620000.0,1.25,2.24,175.07,175.52,6.89,5.63,0.92
胜蓝股份,sz300843,52.95,53.74,55.01,6499100.0,52.94,100,52.95,32200,-1.47,55.01,52.13,6499100,347980000.0,4.14,5.36,83.18,86.68,64.49,42.99,0.63
麦捷科技,sz300319,13.99,14.06,14.4,65957100.0,13.99,17600,14.0,135800,-0.5,14.55,13.84,65957100,934330000.0,7.83,5.05,117.9,124.17,16.87,11.25,0.87
日丰股份,sz002953,13.02,12.62,12.8,13359000.0,13.02,91300,13.03,59300,3.17,13.17,12.8,13359000,174380000.0,6.28,2.93,27.69,64.0,13.88,11.36,1.27
开滦股份,sh600997,6.56,6.6,6.48,28863600.0,6.56,92900,6.57,63900,-0.61,6.62,6.38,28863600,187370000.0,1.82,3.64,104.16,104.16,7.26,5.94,0.76
雪天盐业,sh600929,6.35,6.38,6.45,16314700.0,6.35,95100,6.36,40800,-0.47,6.46,6.33,16314700,104000000.0,0.99,2.04,104.15,104.15,7.02,5.74,0.63
今飞凯达,sz002863,5.85,5.66,5.77,13704100.0,5.85,1900,5.86,85200,3.36,5.9,5.77,13704100,80040000.0,2.29,2.3,35.07,35.07,6.23,5.09,0.87
中新赛克,sz002912,30.23,29.49,30.04,2549500.0,30.23,3100,30.25,1000,2.51,30.56,30.01,2549500,77220000.0,1.57,1.87,49.04,51.62,32.44,26.54,0.61
华昌化工,sz002274,6.45,6.61,6.64,28224800.0,6.44,176500,6.45,452300,-2.42,6.67,6.31,28224800,181250000.0,3.01,5.45,60.49,61.43,7.27,5.95,0.97
天能重工,sz300569,6.54,6.33,6.45,38667500.0,6.54,121300,6.55,218700,3.32,6.58,6.4,38667500,251570000.0,3.79,2.84,66.68,66.89,7.6,5.06,1.12
国恩股份,sz002768,53.19,53.16,54.28,3101700.0,53.19,1900,53.2,1900,0.06,55.1,52.41,3101700,167020000.0,1.75,5.06,94.01,160.23,58.48,47.84,0.81
国电南瑞,sh600406,29.51,28.6,28.95,178972200.0,29.51,72300,29.52,57100,3.18,29.96,28.73,178972200,5253820000.0,2.23,4.3,2363.21,2370.17,31.46,25.74,1.64
通化金马,sz000766,21.26,20.98,21.27,26601300.0,21.25,4700,21.26,6900,1.33,21.84,20.82,26601300,568430000.0,2.75,4.86,205.37,205.48,23.08,18.88,1.5
柏楚电子,sh688188,147.18,144.34,147.4,265438600.0,147.18,1200,147.3,1000,1.97,151.34,145.52,265438600,395840000.0,0.92,4.03,424.95,424.95,173.21,115.47,1.36
巨星农牧,sh603477,17.41,18.07,17.96,14778800.0,17.41,12500,17.42,15300,-3.65,17.96,17.32,14778800,259940000.0,2.9,3.54,88.8,88.8,19.88,16.26,1.32
康华生物,sz300841,61.35,61.99,62.6,1729200.0,61.35,3300,61.44,1000,-1.03,62.64,61.0,1729200,106420000.0,1.45,2.65,72.96,79.72,74.39,49.59,0.88
中国银行,sh601988,5.39,5.35,5.31,249638000.0,5.38,2619600,5.39,9533800,0.75,5.4,5.29,249638000,1338640000.0,0.12,2.06,11360.26,17367.25,5.89,4.82,0.86
老凤祥,sh600612,41.97,42.36,42.29,2040100.0,41.97,500,41.98,2000,-0.92,42.59,41.69,2040100,85620000.0,0.64,2.12,133.09,219.55,46.6,38.12,0.83
晨光股份,sh603899,26.06,26.01,26.14,3022800.0,26.05,200,26.06,5500,0.19,26.24,25.98,3022800,78810000.0,0.33,1.0,240.0,240.0,28.61,23.41,0.57
昂利康,sz002940,29.92,29.62,30.03,3264700.0,29.91,1300,29.92,22000,1.01,30.2,29.67,3264700,97730000.0,1.76,1.79,55.43,60.36,32.58,26.66,0.65
中电环保,sz300172,6.31,6.18,6.25,55826600.0,6.3,168900,6.31,42500,2.1,6.36,6.15,55826600,349470000.0,10.66,3.4,33.03,42.7,7.42,4.94,0.75
湘财股份,sh600095,10.09,10.18,10.28,22806700.0,10.09,67700,10.1,159000,-0.88,10.31,10.06,22806700,231170000.0,0.8,2.46,288.49,288.49,11.2,9.16,0.87
经纬股份,sz301390,39.96,38.99,39.5,1004200.0,39.95,200,39.96,800,2.49,40.39,39.45,1004200,40030000.0,3.27,2.41,12.26,23.98,46.79,31.19,0.76
依顿电子,sh603328,12.2,12.06,12.35,22406200.0,12.19,75400,12.2,13500,1.16,12.45,12.11,22406200,275740000.0,2.24,2.82,121.81,121.81,13.27,10.85,0.74
圣农发展,sz002299,19.29,19.53,19.48,17187100.0,19.28,900,19.29,4600,-1.23,19.5,19.07,17187100,331180000.0,1.41,2.2,235.13,239.8,21.48,17.58,0.83
朗迪集团,sh603726,24.73,24.26,24.9,2672100.0,24.73,2600,24.74,4500,1.94,25.23,24.59,2672100,66380000.0,1.45,2.64,45.68,45.91,26.69,21.83,0.67
扬杰科技,sz300373,80.41,80.79,83.0,11852000.0,80.41,12200,80.42,9900,-0.47,83.47,79.77,11852000,966910000.0,2.19,4.58,435.94,436.91,96.95,64.63,0.69
海天瑞声,sh688787,134.1,132.13,135.1,192246000.0,134.1,3200,134.24,300,1.49,136.35,133.59,192246000,258910000.0,3.19,2.09,80.9,80.9,158.56,105.7,0.62
贝肯能源,sz002828,14.78,16.36,15.28,67525600.0,14.78,162700,14.79,145000,-9.66,16.05,14.73,67525600,1027960000.0,34.89,8.07,28.61,29.71,18.0,14.72,1.82
中鼎股份,sz000887,20.0,19.97,20.3,18036200.0,19.99,41700,20.0,104600,0.15,20.38,19.88,18036200,363060000.0,1.37,2.5,262.87,263.3,21.97,17.97,0.69
市北高新,sh600604,5.17,5.12,5.19,7202400.0,5.16,170100,5.17,107100,0.98,5.22,5.1,7202400,37330000.0,0.51,2.34,72.77,96.85,5.63,4.61,0.67
科远智慧,sz002380,36.53,34.15,35.5,22885400.0,36.53,40200,36.54,1700,6.97,37.57,34.3,22885400,820220000.0,16.14,9.58,51.78,87.67,37.57,30.74,2.18
精达股份,sh600577,14.62,14.13,14.45,66070900.0,14.61,29200,14.62,68700,3.47,14.85,14.41,66070900,965610000.0,3.07,3.11,314.22,314.22,15.54,12.72,0.84
莱宝高科,sz002106,12.44,11.81,12.02,41057000.0,12.43,129000,12.44,28300,5.33,12.88,12.0,41057000,513020000.0,5.83,7.45,87.59,87.8,12.99,10.63,2.17
海天味业,sh603288,35.98,35.5,35.6,12852600.0,35.97,14500,35.98,1900,1.35,36.36,35.6,12852600,463840000.0,0.23,2.14,2000.7,2105.49,39.05,31.95,0.87
万年青,sz000789,5.6,5.64,5.7,6073200.0,5.6,300,5.61,270300,-0.71,5.72,5.58,6073200,34220000.0,0.76,2.48,44.65,44.65,6.2,5.08,0.71
菲达环保,sh600526,5.87,5.78,5.84,10926000.0,5.86,20900,5.87,145100,1.56,5.92,5.83,10926000,64130000.0,1.25,1.56,51.25,52.17,6.36,5.2,0.54
爱建集团,sh600643,4.62,4.58,4.63,16300600.0,4.61,70000,4.62,73700,0.87,4.71,4.61,16300600,75760000.0,1.02,2.18,73.47,73.6,5.04,4.12,0.98
伟星新材,sz002372,11.66,11.83,11.96,10597500.0,11.65,7500,11.66,500,-1.44,12.0,11.6,10597500,124270000.0,0.72,3.38,171.5,185.63,13.01,10.65,0.82
嘉华股份,sh603182,15.2,15.26,15.39,2222700.0,15.2,3200,15.21,3400,-0.39,15.55,15.07,2222700,34000000.0,1.35,3.15,25.01,25.01,16.79,13.73,0.85
华利集团,sz300979,46.37,46.74,47.2,2179000.0,46.37,1400,46.39,300,-0.79,47.25,46.21,2179000,101300000.0,0.19,2.23,541.13,541.14,56.09,37.39,0.9
豫园股份,sh600655,4.94,4.94,4.97,12234700.0,4.94,81900,4.95,244800,0.0,4.99,4.93,12234700,60610000.0,0.31,1.21,192.16,192.29,5.43,4.45,0.64
晶华微,sh688130,22.83,22.26,22.86,110909600.0,22.83,2600,22.87,200,2.56,23.22,22.42,110909600,25430000.0,1.84,3.59,13.76,27.6,26.71,17.81,0.83
聚光科技,sz300203,14.78,14.87,15.11,6663100.0,14.77,800,14.78,6400,-0.61,15.16,14.62,6663100,98780000.0,1.49,3.63,66.27,66.32,17.84,11.9,0.68
三联虹普,sz300384,18.5,18.19,18.48,6513500.0,18.49,4000,18.5,4000,1.7,18.74,18.21,6513500,120380000.0,2.96,2.91,40.74,59.02,21.83,14.55,0.65
伟隆股份,sz002871,20.91,21.16,21.62,2424500.0,20.9,16800,20.91,800,-1.18,21.69,20.71,2424500,51070000.0,1.62,4.63,31.24,52.66,23.28,19.04,0.75
国电南自,sh600268,14.59,13.93,14.0,79442000.0,14.59,31500,14.6,218100,4.74,14.73,14.0,79442000,1147910000.0,7.86,5.24,147.48,148.22,15.32,12.54,1.77
亚香股份,sz301220,35.49,35.5,35.88,1129000.0,35.42,8400,35.49,200,-0.03,36.08,35.22,1129000,40180000.0,1.45,2.42,27.62,40.02,42.6,28.4,0.7
久祺股份,sz300994,15.43,15.38,15.7,3325700.0,15.42,300,15.43,1600,0.33,15.84,15.35,3325700,51770000.0,2.85,3.19,18.0,35.97,18.46,12.3,1.07
贵广网络,sh600996,8.06,7.79,7.88,29019900.0,8.05,92000,8.06,71500,3.47,8.29,7.86,29019900,235410000.0,2.33,5.52,100.49,100.49,8.57,7.01,1.29
安联锐视,sz301042,86.38,85.27,86.92,1691500.0,86.38,2600,86.42,1000,1.3,87.0,85.28,1691500,145680000.0,2.56,2.02,57.03,60.23,102.32,68.22,1.66
诺 普 信,sz002215,11.14,11.33,11.55,23433000.0,11.14,7200,11.15,38300,-1.68,11.75,11.08,23433000,264550000.0,2.92,5.91,89.45,111.92,12.46,10.2,0.99
欧派家居,sh603833,54.52,55.33,55.65,2164900.0,54.52,1700,54.54,100,-1.46,56.0,54.4,2164900,118540000.0,0.36,2.89,332.11,332.11,60.86,49.8,0.9
山西高速,sz000755,5.45,5.45,5.46,11424100.0,5.45,3600,5.46,97400,0.0,5.48,5.39,11424100,62060000.0,0.78,1.65,79.97,79.97,6.0,4.91,1.02
江苏银行,sh600919,10.59,10.49,10.47,91266000.0,10.58,344300,10.59,164700,0.95,10.6,10.44,91266000,962140000.0,0.5,1.53,1943.41,1943.41,11.54,9.44,0.84
东利机械,sz301298,16.47,16.3,16.52,2222800.0,16.47,500,16.49,8900,1.04,16.87,16.33,2222800,36960000.0,2.05,3.31,17.82,24.18,19.56,13.04,0.79
武汉控股,sh600168,5.24,5.18,5.26,8816500.0,5.24,85400,5.25,126000,1.16,5.27,5.2,8816500,46210000.0,0.89,1.35,52.05,52.05,5.7,4.66,0.7
瑞丰高材,sz300243,11.75,11.54,11.81,8337400.0,11.74,14900,11.75,18700,1.82,11.91,11.65,8337400,98140000.0,4.29,2.25,22.84,29.43,13.85,9.23,0.55
山煤国际,sh600546,11.81,11.89,11.71,37286500.0,11.8,37100,11.81,226800,-0.67,11.88,11.58,37286500,437540000.0,1.88,2.52,234.13,234.13,13.08,10.7,0.69
中国联通,sh600050,4.95,4.85,4.86,288743300.0,4.95,900700,4.96,7358100,2.06,4.98,4.85,288743300,1419900000.0,0.94,2.68,1522.96,1547.59,5.34,4.37,1.3
兰剑智能,sh688557,35.11,34.15,35.19,194913000.0,35.1,500,35.11,4200,2.81,35.58,34.77,194913000,68560000.0,1.9,2.37,36.05,36.05,40.98,27.32,0.58
外服控股,sh600662,5.53,5.51,5.58,12647100.0,5.53,69400,5.54,258800,0.36,5.6,5.51,12647100,70290000.0,0.56,1.63,125.89,126.28,6.06,4.96,0.67
甘化科工,sz000576,10.98,10.98,11.11,10229900.0,10.97,1000,10.98,24200,0.0,11.14,10.9,10229900,112600000.0,2.36,2.19,47.63,47.92,12.08,9.88,0.58
中国动力,sh600482,35.69,34.31,34.9,60538000.0,35.69,88800,35.7,20000,4.02,36.61,34.71,60538000,2169090000.0,2.69,5.54,804.31,804.31,37.74,30.88,1.15
纳微科技,sh688690,25.66,25.71,26.19,331715100.0,25.65,800,25.66,11600,-0.19,26.34,25.52,331715100,85970000.0,0.82,3.19,103.62,103.62,30.85,20.57,0.59
海正药业,sh600267,9.97,9.97,10.08,10376900.0,9.97,14800,9.98,3300,0.0,10.12,9.95,10376900,103870000.0,0.87,1.71,119.52,119.53,10.97,8.97,0.95
祥明智能,sz301226,41.06,41.68,42.7,9483100.0,41.06,3400,41.07,3400,-1.49,43.35,40.35,9483100,393480000.0,8.72,7.2,44.67,44.67,50.02,33.34,0.66
康泰生物,sz300601,13.82,13.82,14.01,7323900.0,13.82,22600,13.83,23000,0.0,14.08,13.71,7323900,101640000.0,0.81,2.68,124.43,154.36,16.58,11.06,0.64
长芯博创,sz300548,148.3,152.29,155.02,22392600.0,148.29,100,148.3,7600,-2.62,155.8,146.66,22392600,3361320000.0,8.32,6.0,399.34,432.4,182.75,121.83,0.94
永安药业,sz002365,14.15,13.94,14.19,5595500.0,14.15,12600,14.16,9800,1.51,14.3,14.03,5595500,79260000.0,2.28,1.94,34.75,41.7,15.33,12.55,0.89
映翰通,sh688080,57.84,55.82,57.88,243739300.0,57.82,3000,57.84,100,3.62,59.2,57.15,243739300,142220000.0,3.31,3.67,42.6,42.6,66.98,44.66,0.99
康隆达,sh603665,32.95,31.88,31.89,3085000.0,32.94,2300,32.95,33000,3.36,33.38,31.89,3085000,101130000.0,1.93,4.67,52.78,53.09,35.07,28.69,1.0
柳钢股份,sh601003,5.46,5.5,5.56,22934200.0,5.45,32100,5.46,200200,-0.73,5.6,5.4,22934200,125480000.0,0.89,3.64,139.93,139.93,6.05,4.95,0.58
比音勒芬,sz002832,16.16,16.32,16.41,9742800.0,16.16,21100,16.17,24400,-0.98,16.44,16.07,9742800,158270000.0,2.5,2.27,62.93,92.23,17.95,14.69,0.51
海信家电,sz000921,22.85,22.65,22.98,4739400.0,22.84,10100,22.85,5800,0.88,22.98,22.7,4739400,108380000.0,0.52,1.24,209.79,316.44,24.92,20.39,0.65
中直股份,sh600038,37.05,37.52,37.51,9852800.0,37.05,200,37.08,4300,-1.25,37.83,36.86,9852800,366990000.0,1.47,2.59,247.84,303.77,41.27,33.77,0.7
春兰股份,sh600854,5.16,5.12,5.18,7251600.0,5.16,33900,5.17,12500,0.78,5.24,5.13,7251600,37590000.0,1.4,2.15,26.8,26.8,5.63,4.61,0.83
冀东装备,sz000856,10.61,10.48,10.68,7479300.0,10.61,36200,10.62,14100,1.24,10.79,10.58,7479300,79930000.0,3.29,2.0,24.08,24.08,11.53,9.43,0.92
威海广泰,sz002111,10.59,10.53,10.66,7879000.0,10.59,8000,10.6,25500,0.57,10.71,10.52,7879000,83700000.0,1.64,1.8,50.96,56.34,11.58,9.48,0.8
浙农股份,sz002758,10.62,10.79,10.82,10427400.0,10.62,14300,10.63,4500,-1.58,10.91,10.55,10427400,111720000.0,2.01,3.34,55.03,55.1,11.87,9.71,0.94
亚威股份,sz002559,10.47,9.52,9.77,37399200.0,10.47,7675000,0.0,0,9.98,10.47,9.75,37399200,382830000.0,7.42,7.56,52.78,57.56,10.47,8.57,1.91
恒润股份,sh603985,17.19,16.67,17.01,14046700.0,17.19,13600,17.2,40400,3.12,17.45,16.92,14046700,241500000.0,3.19,3.18,75.78,75.78,18.34,15.0,0.72
通业科技,sz300960,25.4,24.9,25.92,1391000.0,25.39,1000,25.4,500,2.01,26.17,25.22,1391000,35580000.0,1.06,3.82,33.24,36.69,29.88,19.92,0.68
新华医疗,sh600587,14.87,14.76,14.93,5868900.0,14.87,23200,14.88,12400,0.75,15.01,14.8,5868900,87430000.0,0.97,1.42,90.21,90.21,16.24,13.28,0.66
苏文电能,sz300982,23.93,23.3,23.68,10028100.0,23.92,5200,23.93,4300,2.7,24.56,23.68,10028100,241740000.0,5.17,3.78,46.4,49.53,27.96,18.64,1.25
东江环保,sz002672,5.05,4.99,5.04,20532500.0,5.04,63200,5.05,205200,1.2,5.13,4.98,20532500,103600000.0,2.27,3.01,45.71,55.82,5.49,4.49,1.1
沪光股份,sh605333,26.82,26.67,27.03,2002400.0,26.82,12800,26.83,6700,0.56,27.11,26.68,2002400,53660000.0,0.46,1.61,117.14,124.46,29.34,24.0,0.52
老板电器,sz002508,20.01,20.2,20.32,9590700.0,20.01,1800,20.02,16300,-0.94,20.39,19.76,9590700,191740000.0,1.03,3.12,186.8,189.08,22.22,18.18,1.56
华邦健康,sz002004,5.35,5.33,5.41,23721500.0,5.35,22900,5.36,72800,0.38,5.43,5.33,23721500,127380000.0,1.26,1.88,100.67,105.93,5.86,4.8,0.61
韶能股份,sz000601,5.58,5.5,5.56,55337500.0,5.57,162700,5.58,3300,1.45,5.7,5.53,55337500,310130000.0,5.27,3.09,58.56,59.39,6.05,4.95,0.74
伊利股份,sh600887,25.67,25.62,25.69,35465700.0,25.66,77100,25.67,1000,0.2,26.04,25.61,35465700,914400000.0,0.56,1.68,1615.65,1623.72,28.18,23.06,0.71
征和工业,sz003033,60.35,59.6,61.0,984100.0,60.3,3900,60.35,21300,1.26,61.0,59.81,984100,59230000.0,1.22,2.0,48.73,49.34,65.56,53.64,0.78
君正集团,sh601216,6.09,6.07,6.08,134914300.0,6.08,850800,6.09,357200,0.33,6.25,5.98,134914300,817990000.0,1.6,4.45,513.88,513.88,6.68,5.46,0.9
华荣股份,sh603855,20.18,19.89,19.98,2310000.0,20.17,5000,20.18,1100,1.46,20.36,19.95,2310000,46480000.0,0.69,2.06,67.71,68.11,21.88,17.9,0.63
泰和新材,sz002254,11.89,11.81,12.02,13025200.0,11.89,4200,11.9,14600,0.68,12.13,11.8,13025200,155280000.0,1.53,2.79,101.13,101.9,12.99,10.63,0.52
亚辉龙,sh688575,14.14,13.6,13.77,532262700.0,14.13,228700,14.14,40000,3.97,14.14,13.67,532262700,74160000.0,0.93,3.46,80.79,80.79,16.32,10.88,0.91
康缘药业,sh600557,13.85,13.72,13.9,4094200.0,13.85,48100,13.86,7000,0.95,13.94,13.78,4094200,56750000.0,0.72,1.17,78.41,78.41,15.09,12.35,0.73
晶赛科技,bj920981,32.05,31.75,32.45,761100.0,32.05,20100,32.06,6000,0.94,32.68,31.87,761100,24523400.0,2.04,2.55,11.96,24.51,41.27,22.23,0.49
浙海德曼,sh688577,66.9,67.09,68.18,119848100.0,66.9,200,67.01,1100,-0.28,68.99,66.66,119848100,81180000.0,1.08,3.47,74.45,74.45,80.51,53.67,0.85
西上海,sh605151,19.89,20.05,20.19,1751800.0,19.88,1700,19.89,9900,-0.8,20.39,19.82,1751800,35200000.0,1.3,2.84,26.76,26.76,22.06,18.05,0.67
隆平高科,sz000998,10.23,11.04,10.6,112729500.0,10.23,131800,10.24,9500,-7.34,10.71,10.17,112729500,1166140000.0,8.57,4.89,134.53,150.32,12.14,9.94,1.57
世纪天鸿,sz300654,11.13,11.05,11.3,11695900.0,11.12,25000,11.13,10500,0.72,11.39,11.08,11695900,131340000.0,3.32,2.81,39.21,40.75,13.26,8.84,0.57
云天励飞-U,sh688343,97.03,96.15,99.0,2234366500.0,97.03,200,97.05,500,0.92,99.96,95.0,2234366500,2164590000.0,8.44,5.16,256.75,348.92,115.38,76.92,0.73
启迪设计,sz300500,11.88,11.69,11.96,3370600.0,11.88,10000,11.89,10100,1.63,12.1,11.83,3370600,40310000.0,2.01,2.31,19.91,20.67,14.03,9.35,0.84
健友股份,sh603707,9.41,9.3,9.4,12448200.0,9.41,4400,9.42,43400,1.18,9.63,9.31,12448200,117100000.0,0.77,3.44,152.03,152.03,10.23,8.37,1.02
东南网架,sz002135,6.95,6.81,6.88,42218600.0,6.94,400,6.95,39900,2.06,7.03,6.7,42218600,290100000.0,4.04,4.85,72.55,77.53,7.49,6.13,1.38
亚华电子,sz301337,30.26,29.52,30.09,1441100.0,30.25,6500,30.26,100,2.51,30.76,30.08,1441100,43760000.0,3.9,2.3,11.19,31.53,35.42,23.62,0.73
新 希 望,sz000876,8.72,8.8,8.78,32683600.0,8.71,47100,8.72,135300,-0.91,8.78,8.67,32683600,284540000.0,0.73,1.25,392.45,392.64,9.68,7.92,0.93
丽臣实业,sz001218,25.1,24.9,25.15,1312300.0,25.1,100,25.12,1900,0.8,25.49,25.03,1312300,33160000.0,1.41,1.85,23.32,32.67,27.39,22.41,0.7
辰安科技,sz300523,22.74,22.46,23.0,2327100.0,22.73,9100,22.74,800,1.25,23.08,22.62,2327100,53180000.0,1.0,2.05,52.84,52.9,26.95,17.97,0.64
东湖高新,sh600133,9.32,9.26,9.39,19984000.0,9.31,69800,9.32,38600,0.65,9.41,9.26,19984000,186520000.0,1.87,1.62,99.37,99.37,10.19,8.33,0.61
天津港,sh600717,4.66,4.62,4.65,30436800.0,4.66,14500,4.67,254500,0.87,4.7,4.62,30436800,141680000.0,1.05,1.73,134.86,134.86,5.08,4.16,0.75
民和股份,sz002234,8.97,9.14,9.23,7343000.0,8.97,300,8.98,9200,-1.86,9.26,8.91,7343000,66290000.0,2.44,3.83,27.04,31.3,10.05,8.23,1.2
金隅冀东,sz000401,4.99,5.03,5.06,15901300.0,4.98,26200,4.99,225300,-0.8,5.09,4.97,15901300,79770000.0,0.6,2.39,131.3,132.65,5.53,4.53,0.81
易普力,sz002096,13.94,13.85,14.07,6794500.0,13.94,15300,13.95,10100,0.65,14.09,13.88,6794500,94990000.0,0.55,1.52,172.92,172.92,15.24,12.47,0.68
联环药业,sh600513,22.16,20.84,21.07,20057200.0,22.16,500,22.17,17200,6.33,22.85,21.0,20057200,439980000.0,7.03,8.88,63.26,63.26,22.92,18.76,1.63
迎驾贡酒,sh603198,35.79,35.61,35.76,2358700.0,35.78,12700,35.79,12900,0.51,36.09,35.72,2358700,84750000.0,0.29,1.04,286.32,286.32,39.17,32.05,0.56
信达证券,sh601059,17.35,17.29,17.41,10421700.0,17.35,31500,17.36,4100,0.35,17.46,17.32,10421700,181310000.0,0.32,0.81,562.66,562.66,19.02,15.56,0.59
重庆水务,sh601158,4.59,4.55,4.56,15467500.0,4.58,95500,4.59,287300,0.88,4.6,4.55,15467500,70760000.0,0.32,1.1,220.32,220.32,5.01,4.1,0.95
迦南智能,sz300880,24.41,23.22,27.5,46545200.0,24.4,154100,24.41,21600,5.12,27.85,23.81,46545200,1193100000.0,23.86,17.4,47.63,47.63,27.86,18.58,5.49
豪森智能,sh688529,18.15,18.16,18.64,158200800.0,18.15,2100,18.16,500,-0.06,18.8,18.09,158200800,29080000.0,0.94,3.91,30.52,30.52,21.79,14.53,0.67
智洋创新,sh688191,52.52,50.21,50.99,864518900.0,52.51,25600,52.52,11900,4.6,54.5,50.8,864518900,453380000.0,3.73,7.37,121.66,121.66,60.25,40.17,0.63
九强生物,sz300406,12.4,12.28,12.47,3621500.0,12.39,5600,12.4,6400,0.98,12.48,12.31,3621500,44900000.0,0.85,1.38,52.63,72.7,14.74,9.82,0.75
宁波能源,sh600982,4.99,4.93,5.02,30014500.0,4.99,292600,5.0,299400,1.22,5.09,4.98,30014500,150840000.0,2.69,2.23,55.77,55.77,5.42,4.44,0.92
潍柴动力,sz000338,27.91,26.42,27.39,156969500.0,27.91,42100,27.92,117400,5.64,28.29,27.2,156969500,4375000000.0,3.13,4.13,1397.49,2431.96,29.06,23.78,1.04
涪陵榨菜,sz002507,12.83,12.87,12.98,16743500.0,12.83,42700,12.84,14300,-0.31,12.99,12.81,16743500,215260000.0,1.46,1.4,147.41,148.05,14.16,11.58,0.91
时创能源,sh688429,15.25,15.16,15.45,332491700.0,15.24,19000,15.25,1000,0.59,15.66,15.03,332491700,51130000.0,2.77,4.16,18.27,61.0,18.19,12.13,0.67
万兴科技,sz300624,76.53,75.17,78.0,8861300.0,76.53,2400,76.54,10900,1.81,78.6,75.6,8861300,681810000.0,5.17,3.99,131.04,147.96,90.2,60.14,0.69
松芝股份,sz002454,8.75,8.59,8.75,7554600.0,8.75,4500,8.76,8100,1.86,8.86,8.7,7554600,66360000.0,1.2,1.86,54.86,55.0,9.45,7.73,0.81
中原证券,sh601375,4.19,4.19,4.25,38909800.0,4.18,1424900,4.19,58600,0.0,4.26,4.17,38909800,163660000.0,1.13,2.15,144.45,194.54,4.61,3.77,0.71
养元饮品,sh603156,29.9,30.0,30.59,4345200.0,29.9,5900,29.91,100,-0.33,30.59,29.66,4345200,130380000.0,0.34,3.1,376.82,376.82,33.0,27.0,0.7
华翔股份,sh603112,17.62,17.15,17.28,8736100.0,17.61,10400,17.62,2000,2.74,17.75,17.28,8736100,153440000.0,1.73,2.74,89.02,95.18,18.87,15.44,1.01
精工钢构,sh600496,4.33,4.3,4.33,16979300.0,4.33,48100,4.34,185600,0.7,4.42,4.32,16979300,74000000.0,0.85,2.33,86.17,86.17,4.73,3.87,0.76
奥比中光-UW,sh688322,84.38,82.17,83.88,544429600.0,83.99,400,84.38,900,2.69,85.22,83.27,544429600,459160000.0,1.71,2.37,268.9,338.49,98.6,65.74,0.84
天味食品,sh603317,12.84,12.83,12.89,5521300.0,12.83,200,12.84,4000,0.08,13.1,12.76,5521300,71110000.0,0.52,2.65,136.71,136.71,14.11,11.55,0.81
维信诺,sz002387,8.7,8.32,8.46,33089900.0,8.69,15800,8.7,100500,4.57,8.84,8.45,33089900,288270000.0,2.37,4.69,121.36,121.52,9.15,7.49,1.52
华胜天成,sh600410,28.35,29.06,29.76,325887400.0,28.35,47300,28.36,12800,-2.44,29.94,27.95,325887400,9329690000.0,29.72,6.85,310.86,310.86,31.97,26.15,0.76
上海建科,sh603153,16.12,15.95,16.01,1364900.0,16.12,6100,16.15,25300,1.07,16.2,16.01,1364900,22010000.0,1.01,1.19,21.76,66.07,17.55,14.36,0.56
海利尔,sh603639,14.2,14.33,14.49,3811800.0,14.19,500,14.2,200,-0.91,14.49,14.04,3811800,53990000.0,1.12,3.14,48.26,49.65,15.76,12.9,0.94
北化股份,sz002246,23.82,24.11,23.95,69043700.0,23.82,54500,23.83,9100,-1.2,24.17,23.1,69043700,1632650000.0,12.58,4.44,130.78,130.78,26.52,21.7,1.27
龙建股份,sh600853,4.04,4.02,4.04,18151200.0,4.03,243000,4.04,149400,0.5,4.08,4.02,18151200,73510000.0,1.79,1.49,40.95,40.97,4.42,3.62,0.87
纽威股份,sh603699,55.47,54.5,55.03,7880900.0,55.47,16700,55.49,300,1.78,56.98,54.5,7880900,439270000.0,1.04,4.55,420.54,430.05,59.95,49.05,1.17
泸天化,sz000912,5.26,5.68,5.39,133389700.0,5.26,352900,5.27,188200,-7.39,5.51,5.11,133389700,695560000.0,8.51,7.04,82.48,82.48,6.25,5.11,1.47
雪峰科技,sh603227,8.85,8.84,8.89,14329400.0,8.84,20100,8.85,29700,0.11,8.97,8.8,14329400,127210000.0,1.34,1.92,94.84,94.84,9.72,7.96,0.72
红塔证券,sh601236,7.87,7.89,7.93,14744600.0,7.86,159800,7.87,145300,-0.25,7.94,7.84,14744600,116150000.0,0.31,1.27,371.21,371.21,8.68,7.1,0.8
金牌家居,sh603180,19.83,19.65,19.89,621900.0,19.82,400,19.83,4000,0.92,20.1,19.79,621900,12380000.0,0.4,1.58,30.59,30.59,21.62,17.69,0.41
基蛋生物,sh603387,8.21,8.17,8.26,6076100.0,8.2,500,8.21,41900,0.49,8.28,8.17,6076100,49920000.0,1.2,1.35,41.64,41.64,8.99,7.35,0.82
川网传媒,sz300987,18.01,17.93,18.3,4641100.0,18.01,2400,18.03,4900,0.45,18.37,17.93,4641100,84010000.0,2.68,2.45,31.22,31.22,21.52,14.34,0.59
苏州龙杰,sh603332,13.03,12.85,13.1,2638100.0,13.03,2100,13.04,14500,1.4,13.24,12.98,2638100,34560000.0,1.22,2.02,28.19,28.19,14.14,11.57,0.7
三态股份,sz301558,8.32,8.2,8.33,8935300.0,8.32,11300,8.33,16800,1.46,8.45,8.28,8935300,74810000.0,4.07,2.07,18.24,65.63,9.84,6.56,0.56
成都路桥,sz002628,5.34,5.44,5.51,48967000.0,5.33,43600,5.34,87400,-1.84,5.56,5.3,48967000,262610000.0,6.5,4.78,40.25,40.43,5.98,4.9,0.54
三峡能源,sh600905,4.25,4.21,4.22,244021000.0,4.24,2202700,4.25,4046900,0.95,4.27,4.21,244021000,1034550000.0,0.85,1.43,1214.98,1214.98,4.63,3.79,1.14
先锋新材,sz300163,5.05,4.95,5.07,31136700.0,5.05,122300,5.06,100200,2.02,5.17,5.01,31136700,158250000.0,6.86,3.23,22.92,23.94,5.94,3.96,0.67
中铁特货,sz001213,4.15,4.12,4.15,19911800.0,4.15,30900,4.16,405500,0.73,4.17,4.11,19911800,82440000.0,0.45,1.46,184.44,184.44,4.53,3.71,0.8
锌业股份,sz000751,6.72,6.98,7.1,136503500.0,6.71,202400,6.72,185000,-3.72,7.14,6.65,136503500,926010000.0,9.68,7.02,94.74,108.57,7.68,6.28,0.54
西力科技,sh688616,14.03,13.68,13.9,388265100.0,14.02,13800,14.03,4700,2.56,14.21,13.9,388265100,54610000.0,2.16,2.27,25.17,25.17,16.42,10.94,1.04
博闻科技,sh600883,8.33,8.33,8.41,5375800.0,8.32,20600,8.34,37200,0.0,8.52,8.28,5375800,45170000.0,2.28,2.88,19.67,19.67,9.16,7.5,0.81
老白干酒,sh600559,14.72,14.78,14.83,8100700.0,14.72,4500,14.73,21500,-0.41,14.89,14.69,8100700,119870000.0,0.89,1.35,133.88,134.65,16.26,13.3,0.66
格力博,sz301260,15.72,15.6,15.8,1945700.0,15.7,2400,15.72,1500,0.77,15.95,15.66,1945700,30760000.0,0.95,1.86,32.14,75.84,18.72,12.48,0.69
中集环科,sz301559,17.87,17.63,17.7,3710900.0,17.85,500,17.87,3100,1.36,17.97,17.5,3710900,66090000.0,4.12,2.67,16.08,107.22,21.16,14.1,0.56
大北农,sz002385,4.14,4.42,4.28,305046200.0,4.14,976900,4.15,1741100,-6.33,4.29,4.13,305046200,1271720000.0,8.66,3.62,145.9,178.02,4.86,3.98,1.35
恒力石化,sh600346,25.38,23.77,24.1,67018100.0,25.38,3700,25.39,200,6.77,25.87,23.7,67018100,1664790000.0,0.95,9.13,1786.52,1786.52,26.15,21.39,1.05
天通股份,sh600330,16.87,17.48,17.8,174494500.0,16.87,33000,16.88,39400,-3.49,17.98,16.53,174494500,3002490000.0,14.15,8.3,208.08,208.08,19.23,15.73,1.14
爱施德,sz002416,13.5,13.35,13.58,22390200.0,13.49,19600,13.5,9900,1.12,13.71,13.39,22390200,303010000.0,1.83,2.4,165.23,167.3,14.69,12.02,0.58
新炬网络,sh605398,30.63,30.79,31.7,4590500.0,30.63,3300,30.64,3900,-0.52,31.7,30.3,4590500,141580000.0,2.82,4.55,49.84,49.84,33.87,27.71,0.74
中辰股份,sz300933,8.96,8.42,8.58,33999400.0,8.96,11900,8.97,43300,6.41,9.11,8.57,33999400,302860000.0,6.21,6.41,49.02,49.02,10.1,6.74,1.73
浙版传媒,sh601921,7.81,7.78,7.83,8759600.0,7.81,20500,7.82,74100,0.39,7.88,7.79,8759600,68530000.0,0.39,1.16,173.56,173.56,8.56,7.0,0.69
冀凯股份,sz002691,8.13,8.08,8.21,6228800.0,8.12,1700,8.13,18100,0.62,8.3,8.1,6228800,50990000.0,1.85,2.48,27.32,27.64,8.89,7.27,0.76
泽宇智能,sz301179,20.32,19.48,19.62,28643800.0,20.32,49000,20.33,2400,4.31,20.8,19.51,28643800,575820000.0,12.06,6.62,48.26,82.18,23.38,15.58,2.14
瑞纳智能,sz301129,28.95,29.23,31.01,18390100.0,28.95,29900,28.96,400,-0.96,33.0,28.86,18390100,560660000.0,27.74,14.16,19.19,39.34,35.08,23.38,6.67
健帆生物,sz300529,18.79,18.71,19.03,3493400.0,18.79,49100,18.8,1900,0.43,19.03,18.72,3493400,65780000.0,0.68,1.66,96.29,150.06,22.45,14.97,0.76
会通股份,sh688219,11.59,11.38,11.59,736126900.0,11.59,27400,11.6,13300,1.85,11.73,11.5,736126900,85530000.0,1.34,2.02,63.7,63.7,13.66,9.1,0.69
远大控股,sz000626,7.28,7.23,7.35,5191800.0,7.27,24100,7.28,11700,0.69,7.4,7.26,5191800,38040000.0,1.03,1.94,36.67,36.88,7.95,6.51,0.53
未来电器,sz301386,28.18,27.39,27.59,7646600.0,28.18,28900,28.19,1400,2.88,28.65,27.59,7646600,215000000.0,17.82,3.87,12.1,39.45,32.87,21.91,1.91
中孚信息,sz300659,14.47,14.33,14.66,4392400.0,14.47,1000,14.48,2000,0.98,14.7,14.42,4392400,64060000.0,2.31,1.95,27.54,37.68,17.2,11.46,0.52
今天国际,sz300532,11.56,11.25,11.5,7413500.0,11.56,23400,11.57,8500,2.76,11.69,11.47,7413500,85750000.0,1.72,1.96,49.91,52.49,13.5,9.0,0.71
科前生物,sh688526,15.59,15.48,15.64,216989900.0,15.59,21200,15.61,1800,0.71,15.74,15.53,216989900,33910000.0,0.47,1.36,72.67,72.67,18.58,12.38,0.74
东方环宇,sh603706,21.03,21.87,21.92,6519400.0,21.03,3100,21.04,5100,-3.84,22.2,20.8,6519400,138120000.0,3.44,6.4,39.83,39.83,24.06,19.68,1.27
安博通,sh688168,68.6,68.92,69.3,60686600.0,68.6,3400,68.85,900,-0.46,70.5,68.27,60686600,42020000.0,0.79,3.24,52.95,52.95,82.7,55.14,0.55
中化国际,sh600500,4.54,4.51,4.54,37206700.0,4.53,65500,4.54,111400,0.67,4.6,4.45,37206700,168430000.0,1.04,3.33,162.91,162.92,4.96,4.06,0.65
宏景科技,sz301396,99.05,99.6,103.31,11601500.0,99.05,17900,99.06,500,-0.55,103.48,95.9,11601500,1149990000.0,15.25,7.61,75.36,152.06,119.52,79.68,0.72
当虹科技,sh688039,47.02,46.4,47.49,260136800.0,47.02,5300,47.04,1500,1.34,48.26,46.68,260136800,123450000.0,2.35,3.41,52.0,52.0,55.68,37.12,0.71
中粮资本,sz002423,10.96,10.88,10.99,17934800.0,10.95,43200,10.96,286900,0.74,11.12,10.89,17934800,196920000.0,0.78,2.11,252.53,252.53,11.97,9.79,0.96
联测科技,sh688113,40.93,40.57,41.07,82902200.0,40.93,300,40.94,14600,0.89,42.5,40.6,82902200,34150000.0,1.29,4.68,26.36,26.36,48.68,32.46,0.47
大地熊,sh688077,34.0,34.09,34.76,340701800.0,34.0,6800,34.02,2000,-0.26,35.18,33.77,340701800,116900000.0,2.98,4.14,38.92,38.92,40.91,27.27,0.61
锦江航运,sh601083,12.25,12.56,12.4,32378000.0,12.24,131300,12.25,1200,-2.47,12.47,12.13,32378000,397950000.0,16.68,2.71,23.78,158.53,13.82,11.3,0.96
山西焦化,sh600740,4.81,4.87,4.77,118322800.0,4.8,333100,4.81,5500,-1.23,4.86,4.61,118322800,561150000.0,4.62,5.13,123.24,123.24,5.36,4.38,0.74
上海机电,sh600835,25.34,23.93,24.38,19526700.0,25.33,6500,25.34,17900,5.89,26.2,24.35,19526700,491950000.0,2.42,7.73,204.37,259.16,26.32,21.54,1.52
牧原股份,sz002714,46.8,47.13,47.13,32351300.0,46.79,3700,46.8,33800,-0.7,47.18,46.18,32351300,1509160000.0,0.85,2.12,1782.52,2684.79,51.84,42.42,0.62
永泰运,sz001228,32.58,32.66,32.93,1446200.0,32.56,200,32.58,600,-0.24,33.34,32.33,1446200,47210000.0,1.81,3.09,26.02,33.84,35.93,29.39,0.56
凤竹纺织,sh600493,7.68,7.64,7.75,5430100.0,7.68,3300,7.69,9000,0.52,7.92,7.63,5430100,42100000.0,2.0,3.8,20.89,20.89,8.4,6.88,0.67
青木科技,sz301110,63.56,62.61,63.66,1920400.0,63.55,16000,63.56,4400,1.52,64.82,63.21,1920400,122610000.0,2.94,2.57,41.55,58.82,75.13,50.09,0.81
山水比德,sz300844,39.88,40.12,40.34,701500.0,39.72,100,39.88,400,-0.6,41.5,39.56,701500,28210000.0,0.78,4.84,35.91,37.17,48.14,32.1,1.02
中科软,sh603927,17.92,17.8,18.15,8380100.0,17.92,38900,17.93,14600,0.67,18.24,17.84,8380100,150820000.0,1.01,2.25,148.92,148.92,19.58,16.02,0.68
可孚医疗,sz301087,58.29,57.72,58.57,3778900.0,58.28,5800,58.29,6200,0.99,59.17,56.55,3778900,219020000.0,1.95,4.54,113.23,121.77,69.26,46.18,1.17
四会富仕,sz300852,48.55,49.08,50.32,7960400.0,48.55,200,48.56,2100,-1.08,50.98,48.17,7960400,394750000.0,5.14,5.73,75.23,77.93,58.9,39.26,0.67
睿昂基因,sh688217,28.48,28.0,28.3,53048200.0,28.48,16900,28.49,17700,1.71,29.08,28.16,53048200,15170000.0,0.95,3.29,15.91,15.91,33.6,22.4,0.65
帅丰电器,sh605336,13.4,13.22,13.26,1962800.0,13.4,17000,13.41,2400,1.36,13.7,13.26,1962800,26420000.0,1.07,3.33,24.58,24.58,14.54,11.9,0.63
益方生物-U,sh688382,19.97,19.74,20.07,1086481400.0,19.97,100,19.98,9700,1.17,20.41,19.61,1086481400,216880000.0,1.88,4.05,115.5,115.5,23.69,15.79,0.84
蓝海华腾,sz300484,18.32,18.0,18.4,3301600.0,18.32,5100,18.33,11300,1.78,18.55,18.24,3301600,60660000.0,1.98,1.72,30.48,37.95,21.6,14.4,0.72
威高血净,sh603014,38.77,38.48,38.5,770400.0,38.76,200,38.77,2200,0.75,38.97,38.5,770400,29830000.0,1.96,1.22,15.26,161.96,42.33,34.63,0.63
长华集团,sh605018,11.86,11.67,12.05,5874400.0,11.85,7600,11.86,4300,1.63,12.06,11.71,5874400,69660000.0,1.25,3.0,55.75,55.75,12.84,10.5,0.65
华康股份,sh605077,15.27,15.24,15.4,2779500.0,15.27,2800,15.28,9800,0.2,15.54,15.15,2779500,42600000.0,0.93,2.56,45.72,46.28,16.76,13.72,0.48
沃森生物,sz300142,11.38,11.32,11.53,22060600.0,11.38,27400,11.39,25900,0.53,11.58,11.35,22060600,252660000.0,1.42,2.03,177.07,182.01,13.58,9.06,0.73
新天绿能,sh600956,8.18,8.2,8.13,30127500.0,8.17,130800,8.18,121000,-0.24,8.36,8.01,30127500,246620000.0,1.28,4.27,192.07,369.14,9.02,7.38,1.06
大港股份,sz002077,16.07,15.62,15.96,20067200.0,16.06,33400,16.07,9100,2.88,16.29,15.83,20067200,323440000.0,3.46,2.94,93.26,93.26,17.18,14.06,0.92
华东医药,sz000963,33.81,33.72,34.03,6765500.0,33.81,4900,33.82,7600,0.27,34.27,33.72,6765500,229750000.0,0.39,1.63,592.82,593.03,37.09,30.35,0.65
洋河股份,sz002304,50.77,50.31,50.88,4278600.0,50.77,4400,50.78,2500,0.91,51.14,50.56,4278600,217200000.0,0.28,1.15,764.8,764.82,55.34,45.28,0.57
广东建工,sz002060,3.89,3.84,3.86,21995900.0,3.88,32700,3.89,307600,1.3,3.91,3.85,21995900,85500000.0,1.41,1.56,60.79,146.05,4.22,3.46,0.71
可立克,sz002782,24.25,23.69,24.06,15063200.0,24.25,18300,24.26,15300,2.36,24.57,23.7,15063200,363320000.0,3.1,3.67,117.98,120.27,26.06,21.32,1.09
华夏航空,sz002928,9.38,9.53,9.74,19879400.0,9.38,6400,9.39,5800,-1.57,9.78,9.28,19879400,188480000.0,1.56,5.25,119.9,119.9,10.48,8.58,0.8
中泰股份,sz300435,30.56,31.28,31.91,32652300.0,30.56,77800,30.57,6600,-2.3,32.28,29.95,32652300,995090000.0,8.85,7.45,112.71,117.87,37.54,25.02,1.05
爱博医疗,sh688050,56.58,56.75,57.36,170128900.0,56.58,100,56.6,300,-0.3,57.5,56.45,170128900,96790000.0,0.88,1.85,109.43,109.43,68.1,45.4,0.44
康龙化成,sz300759,26.9,27.0,27.33,16291800.0,26.9,28100,26.91,2200,-0.37,27.43,26.75,16291800,439910000.0,1.15,2.52,381.99,494.23,32.4,21.6,0.78
龙腾光电,sh688055,4.25,3.54,3.6,5497128600.0,4.25,2033100,0.0,0,20.06,4.25,3.6,5497128600,229380000.0,1.65,18.36,141.67,141.67,4.25,2.83,5.61
宝钢股份,sh600019,7.12,7.1,7.14,137914100.0,7.12,249300,7.13,53900,0.28,7.19,7.08,137914100,982880000.0,0.63,1.55,1550.88,1550.88,7.81,6.39,0.59
宇新股份,sz002986,16.01,14.55,14.67,28580800.0,16.01,3840300,0.0,0,10.03,16.01,14.62,28580800,443000000.0,9.47,9.55,48.32,60.86,16.01,13.1,1.79
石化机械,sz000852,9.08,9.02,8.88,77914400.0,9.08,115100,9.09,98900,0.67,9.25,8.83,77914400,704110000.0,8.24,4.66,85.87,86.8,9.92,8.12,0.99
赛诺医疗,sh688108,20.57,20.41,20.68,674770200.0,20.56,11200,20.57,5500,0.78,21.0,20.46,674770200,139520000.0,1.61,2.65,85.97,85.97,24.49,16.33,0.58
强力新材,sz300429,14.41,14.16,14.5,17130800.0,14.4,11600,14.41,18300,1.77,14.84,14.29,17130800,249850000.0,4.3,3.88,57.44,77.28,16.99,11.33,0.75
红日药业,sz300026,3.53,3.51,3.52,28994900.0,3.53,432000,3.54,716400,0.57,3.55,3.51,28994900,102430000.0,1.06,1.14,96.67,106.05,4.21,2.81,0.66
法兰泰克,sh603966,12.22,12.25,12.57,17962700.0,12.22,5800,12.23,2000,-0.24,12.74,12.17,17962700,224330000.0,4.52,4.65,48.6,48.72,13.48,11.03,0.85
永鼎股份,sh600105,28.09,26.8,27.5,146528700.0,28.09,87200,28.1,766800,4.81,28.72,26.52,146528700,4095040000.0,10.02,8.21,410.67,410.67,29.48,24.12,0.85
正邦科技,sz002157,3.16,3.19,3.2,121843700.0,3.16,1502800,3.17,1455100,-0.94,3.22,3.15,121843700,386560000.0,1.68,2.19,228.6,292.31,3.51,2.87,0.93
新点软件,sh688232,24.05,23.9,24.28,276781600.0,24.03,200,24.05,500,0.63,24.35,23.88,276781600,66770000.0,0.86,1.97,77.44,77.44,28.68,19.12,0.78
泰禾股份,sz301665,29.5,29.56,30.0,2568100.0,29.49,100,29.5,600,-0.2,30.2,29.36,2568100,76400000.0,6.71,2.84,11.28,132.75,35.47,23.65,0.64
秦港股份,sh601326,3.53,3.54,3.55,34203000.0,3.52,190900,3.53,116200,-0.28,3.57,3.49,34203000,120480000.0,0.72,2.26,167.94,197.24,3.89,3.19,0.85
康力源,sz301287,42.68,42.33,42.97,620800.0,42.53,100,42.69,3000,0.83,43.39,42.36,620800,26700000.0,3.65,2.43,7.27,28.45,50.8,33.86,0.58
锦鸡股份,sz300798,8.63,8.64,8.86,28348000.0,8.62,50100,8.63,29700,-0.12,8.9,8.53,28348000,245660000.0,7.43,4.28,32.92,40.46,10.37,6.91,0.57
华润三九,sz000999,29.65,29.69,29.58,12231000.0,29.64,2100,29.65,4000,-0.13,29.86,29.46,12231000,363210000.0,0.74,1.35,492.99,493.44,32.66,26.72,0.81
深圳机场,sz000089,6.96,6.97,7.01,13074800.0,6.96,638700,6.97,3900,-0.14,7.04,6.95,13074800,91530000.0,0.64,1.29,142.73,142.73,7.67,6.27,0.76
向日葵,sz300111,4.4,4.25,4.3,69900800.0,4.4,373600,4.41,542900,3.53,4.53,4.3,69900800,308960000.0,5.43,5.41,56.64,56.64,5.1,3.4,1.33
博迅生物,bj920504,24.62,24.48,24.59,244500.0,24.62,200,24.69,100,0.57,24.86,24.13,244500,6019200.0,1.43,2.98,4.21,10.67,31.82,17.14,0.67
TCL智家,sz002668,9.53,9.44,9.57,13374100.0,9.52,43600,9.53,19900,0.95,9.59,9.48,13374100,127500000.0,1.23,1.17,103.32,103.32,10.38,8.5,0.88
龙江交通,sh601188,3.55,3.51,3.55,24386800.0,3.55,306900,3.56,752900,1.14,3.57,3.51,24386800,86400000.0,1.87,1.71,46.34,46.34,3.86,3.16,0.8
隆华新材,sz301149,12.29,12.03,12.25,9471100.0,12.28,1700,12.29,800,2.16,12.45,12.16,9471100,116510000.0,3.63,2.41,32.11,52.85,14.44,9.62,0.81
长联科技,sz301618,49.08,49.01,49.5,339500.0,49.06,100,49.08,3900,0.14,49.94,49.08,339500,16780000.0,1.02,1.75,16.27,44.28,58.81,39.21,0.46
ST八菱,sz002592,9.85,9.38,9.47,4534500.0,9.85,128500,0.0,0,5.01,9.85,9.47,4534500,44410000.0,1.73,4.05,25.88,27.91,9.85,8.91,0.94
国盛智科,sh688558,31.0,30.25,30.76,113038800.0,30.98,500,31.0,4100,2.48,31.33,30.56,113038800,35060000.0,0.86,2.55,40.92,40.92,36.3,24.2,0.66
海看股份,sz301262,25.04,24.9,25.4,6023200.0,25.03,20500,25.04,97400,0.56,25.48,24.96,6023200,151920000.0,4.93,2.09,30.57,104.42,29.88,19.92,0.66
和晶科技,sz300279,10.13,10.3,10.56,31167700.0,10.13,9900,10.14,15000,-1.65,10.56,10.02,31167700,316680000.0,6.4,5.24,49.33,49.55,12.36,8.24,0.66
安洁科技,sz002635,14.57,13.91,14.19,18533500.0,14.57,20800,14.58,19200,4.74,14.88,14.18,18533500,271330000.0,4.69,5.03,57.6,96.12,15.3,12.52,1.44
新铝时代,sz301613,52.22,52.31,53.27,3240500.0,52.15,5300,52.22,300,-0.17,53.98,51.73,3240500,170650000.0,3.86,4.3,43.81,75.11,62.77,41.85,1.15
瑞芯微,sh603893,166.86,165.2,168.3,4018700.0,166.86,2800,166.87,1000,1.0,168.9,165.88,4018700,673140000.0,0.95,1.83,702.21,702.41,181.72,148.68,0.66
成都先导,sh688222,26.53,26.16,26.65,995077100.0,26.53,2200,26.54,16900,1.41,26.96,26.2,995077100,264840000.0,2.48,2.91,106.3,106.3,31.39,20.93,1.01
长虹华意,sz000404,7.14,7.03,7.12,8702300.0,7.13,30100,7.14,159700,1.56,7.19,7.07,8702300,62220000.0,1.26,1.71,49.46,49.69,7.73,6.33,0.69
江苏索普,sh600746,7.93,8.08,8.18,14653800.0,7.93,37300,7.94,34700,-1.86,8.19,7.83,14653800,116550000.0,1.26,4.46,92.47,92.61,8.89,7.27,0.77
苏州规划,sz301505,24.85,24.32,24.63,2888000.0,24.85,30000,24.87,600,2.18,25.3,24.4,2888000,71770000.0,3.85,3.7,18.62,28.43,29.18,19.46,0.7
德新科技,sh603032,17.58,17.32,17.6,3254300.0,17.57,3000,17.58,8500,1.5,17.86,17.5,3254300,57440000.0,1.4,2.08,40.73,41.05,19.05,15.59,0.74
江苏有线,sh600959,3.88,3.83,3.92,60575700.0,3.88,233200,3.89,644300,1.31,3.95,3.87,60575700,236430000.0,1.21,2.09,194.03,194.03,4.21,3.45,0.71
安恒信息,sh688023,52.43,52.3,53.34,262728200.0,52.42,2500,52.43,3700,0.25,53.62,52.16,262728200,139060000.0,2.58,2.79,53.37,53.37,62.76,41.84,0.54
江天化学,sz300927,30.85,31.31,32.19,7181800.0,30.83,2600,30.85,2800,-1.47,32.57,30.4,7181800,222850000.0,5.1,6.93,43.46,44.54,37.57,25.05,0.62
宏微科技,sh688711,30.8,30.07,30.98,712866000.0,30.79,2000,30.8,3800,2.43,31.5,30.41,712866000,221190000.0,3.35,3.62,65.63,65.63,36.08,24.06,0.7
东方雨虹,sz002271,17.05,17.3,17.53,44178800.0,17.04,4200,17.05,4700,-1.45,17.57,16.9,44178800,757340000.0,2.31,3.87,326.5,407.27,19.03,15.57,0.77
龙迅股份,sh688486,68.49,67.95,68.98,206271300.0,68.49,100,68.5,6900,0.79,71.3,68.1,206271300,143820000.0,1.55,4.71,91.31,91.32,81.54,54.36,0.78
仟源医药,sz300254,12.53,11.95,12.1,17077700.0,12.53,23600,12.54,19000,4.85,12.66,12.03,17077700,211830000.0,7.56,5.27,28.31,32.09,14.34,9.56,1.19
联域股份,sz001326,59.77,58.36,59.48,906200.0,59.77,200,59.84,800,2.42,61.45,59.14,906200,54410000.0,3.76,3.96,14.41,43.75,64.2,52.52,0.61
杭州热电,sh605011,21.26,21.4,21.55,8505200.0,21.26,1800,21.27,7000,-0.65,21.64,21.2,8505200,182250000.0,2.13,2.06,85.06,85.06,23.54,19.26,1.42
华域汽车,sh600741,18.47,18.55,18.66,13667900.0,18.47,1800,18.48,1100,-0.43,18.85,18.44,13667900,254470000.0,0.43,2.21,582.31,582.31,20.41,16.7,1.13
中诚咨询,bj920003,30.19,30.01,30.18,191000.0,30.09,200,30.19,5600,0.6,30.35,30.0,191000,5755599.999999999,1.43,1.17,4.02,19.54,39.01,21.01,0.49
贵州燃气,sh600903,7.0,7.15,7.1,47083600.0,6.99,122100,7.0,167200,-2.1,7.15,6.9,47083600,329690000.0,4.09,3.5,80.5,80.5,7.87,6.44,0.91
宁新新材,bj920719,12.13,12.04,12.25,1631100.0,12.13,2900,12.14,900,0.75,12.49,12.04,1631100,19895100.0,2.23,3.74,8.88,11.29,15.65,8.43,0.7
*ST节能,sz000820,3.37,3.4,3.44,2627200.0,3.37,94800,3.38,10900,-0.88,3.5,3.37,2627200,8940000.0,0.88,3.82,10.01,21.79,3.57,3.23,0.59
盛景微,sh603375,37.56,36.39,36.98,1431400.0,37.55,1200,37.56,2200,3.22,37.75,36.98,1431400,53630000.0,2.24,2.12,23.96,37.81,40.03,32.75,0.93
新光光电,sh688011,72.0,71.65,72.83,192784100.0,72.0,13500,72.07,300,0.49,73.8,70.8,192784100,139590000.0,1.93,4.19,71.76,72.0,85.98,57.32,0.69
福斯特,sh603806,17.19,17.58,17.83,35903300.0,17.18,36200,17.19,73100,-2.22,17.89,17.04,35903300,621740000.0,1.38,4.84,448.44,448.44,19.34,15.82,0.79
中泰证券,sh600918,6.23,6.22,6.26,17401200.0,6.23,385300,6.24,59700,0.16,6.29,6.22,17401200,108780000.0,0.44,1.13,244.58,493.31,6.84,5.6,0.62
蓝焰控股,sz000968,10.11,11.12,10.38,127963300.0,10.1,139200,10.11,155600,-9.08,10.95,10.01,127963300,1317430000.0,13.23,8.45,97.81,97.81,12.23,10.01,1.52
中国电信,sh601728,5.94,5.87,5.91,153951800.0,5.93,964700,5.94,435800,1.19,5.95,5.84,153951800,908960000.0,0.2,1.87,4611.21,5435.52,6.46,5.28,0.85
电工合金,sz300697,17.78,17.74,18.03,11818500.0,17.77,6900,17.78,700,0.23,18.14,17.6,11818500,211310000.0,5.87,3.04,35.83,76.92,21.29,14.19,0.8
维科精密,sz301499,32.82,32.1,32.32,6401800.0,32.82,10500,32.83,81700,2.24,34.28,32.32,6401800,213830000.0,18.52,6.11,11.34,45.38,38.52,25.68,2.12
地素时尚,sh603587,12.4,12.37,12.44,1816700.0,12.4,8400,12.43,6300,0.24,12.54,12.38,1816700,22660000.0,0.38,1.29,58.79,58.79,13.61,11.13,0.79
天合光能,sh688599,17.67,17.72,18.0,4337481100.0,17.67,303200,17.69,1900,-0.28,18.13,17.62,4337481100,772080000.0,1.85,2.88,413.93,413.93,21.26,14.18,0.7
电投产融,sz000958,6.7,6.57,6.63,52796900.0,6.69,34000,6.7,597900,1.98,6.74,6.6,52796900,352870000.0,0.98,2.13,360.69,1164.0,7.23,5.91,1.21
福日电子,sh600203,12.1,11.6,11.8,20410700.0,12.09,11900,12.1,178400,4.31,12.25,11.75,20410700,247310000.0,3.44,4.31,71.75,71.75,12.76,10.44,1.27
锦和商管,sh603682,7.35,7.46,7.5,15619800.0,7.34,69200,7.35,3700,-1.47,7.7,7.3,15619800,116400000.0,3.31,5.36,34.73,34.73,8.21,6.71,0.78
迈拓股份,sz301006,18.03,17.68,18.0,1632600.0,18.03,1500,18.04,200,1.98,18.42,17.91,1632600,29650000.0,1.9,2.88,15.52,25.11,21.22,14.14,0.78
大庆华科,sz000985,21.15,22.23,22.06,10086800.0,21.15,10500,21.16,100,-4.86,22.38,20.26,10086800,211830000.0,7.78,9.54,27.42,27.42,24.45,20.01,1.36
安科瑞,sz300286,31.42,30.81,31.33,13362700.0,31.42,2300,31.45,4200,1.98,32.23,31.25,13362700,423680000.0,6.31,3.18,66.56,78.8,36.97,24.65,0.66
甬矽电子,sh688362,42.92,43.63,45.01,1388717400.0,42.91,2200,42.92,12700,-1.63,45.35,42.35,1388717400,607600000.0,3.38,6.88,176.18,176.18,52.36,34.9,0.83
南微医学,sh688029,73.56,71.93,72.99,242890800.0,73.56,2800,73.67,500,2.27,75.03,72.6,242890800,179650000.0,1.29,3.38,138.18,138.18,86.32,57.54,0.83
恒通股份,sh603223,9.79,9.86,9.78,20822800.0,9.79,37900,9.8,8500,-0.71,9.9,9.51,20822800,202110000.0,2.92,3.96,69.92,69.92,10.85,8.87,0.89
利民股份,sz002734,20.06,20.56,20.79,36769400.0,20.06,192500,20.07,51100,-2.43,20.91,19.89,36769400,744730000.0,8.47,4.96,87.13,95.45,22.62,18.5,0.64
友发集团,sh601686,6.08,6.08,6.14,8991100.0,6.08,49000,6.09,87400,0.0,6.17,6.07,8991100,54900000.0,0.61,1.64,89.44,89.44,6.69,5.47,0.69
菲沃泰,sh688371,20.47,20.03,20.29,165619200.0,20.45,500,20.47,3000,2.2,20.97,20.29,165619200,34200000.0,0.49,3.39,68.67,68.67,24.04,16.02,0.75
立昂技术,sz300603,10.36,9.82,10.0,23601400.0,10.36,14600,10.37,20000,5.5,10.6,9.95,23601400,242970000.0,6.31,6.62,38.74,48.15,11.78,7.86,1.09
华明装备,sz002270,36.3,34.78,35.47,24451100.0,36.29,12500,36.3,64600,4.37,36.6,35.3,24451100,878750000.0,2.73,3.74,325.32,325.33,38.26,31.3,0.97
朗科科技,sz300042,35.87,34.34,35.09,27580400.0,35.87,8700,35.88,2100,4.46,37.66,34.02,27580400,989540000.0,13.76,10.6,71.88,71.88,41.21,27.47,1.61
协和电子,sh605258,34.5,33.19,33.52,4025600.0,34.5,1200,34.52,300,3.95,35.56,33.52,4025600,140160000.0,4.57,6.15,30.36,30.36,36.51,29.87,0.91
易瑞生物,sz300942,9.12,8.95,9.13,6184000.0,9.12,3600,9.13,30500,1.9,9.2,9.05,6184000,56500000.0,1.53,1.68,36.94,36.94,10.74,7.16,1.0
全志科技,sz300458,38.3,38.1,38.83,13080900.0,38.29,24300,38.3,25400,0.52,39.04,38.08,13080900,505060000.0,1.94,2.52,258.78,316.14,45.72,30.48,0.69
华电新能,sh600930,6.06,5.97,5.99,133192100.0,6.05,1304800,6.06,1539900,1.51,6.08,5.99,133192100,804730000.0,4.12,1.51,195.73,2527.89,6.57,5.37,1.43
智光电气,sz002169,15.1,14.8,15.25,34256800.0,15.09,5800,15.1,36400,2.03,15.35,14.95,34256800,519020000.0,4.52,2.7,114.56,118.19,16.28,13.32,0.57
博济医药,sz300404,9.87,9.68,9.8,6745600.0,9.86,76900,9.87,23200,1.96,9.95,9.75,6745600,66540000.0,2.36,2.07,28.17,38.08,11.62,7.74,0.82
百通能源,sz001376,22.23,22.9,24.05,26703100.0,22.23,59800,22.24,4900,-2.93,24.5,21.59,26703100,602410000.0,12.49,12.71,47.52,102.46,25.19,20.61,1.17
常友科技,sz301557,92.92,90.07,90.8,1674900.0,92.91,400,92.97,400,3.16,94.32,90.01,1674900,154450000.0,9.43,4.79,16.51,41.17,108.08,72.06,1.61
华研精机,sz301138,38.1,38.0,38.58,1477200.0,38.1,1800,38.12,200,0.26,38.98,37.91,1477200,56850000.0,2.15,2.82,26.12,45.72,45.6,30.4,0.66
中农联合,sz003042,18.03,18.26,18.27,6469300.0,18.02,600,18.03,22800,-1.26,18.49,17.91,6469300,117150000.0,5.08,3.18,22.96,25.69,20.09,16.43,0.97
青农商行,sz002958,3.08,3.07,3.08,54597800.0,3.07,2861900,3.08,447800,0.33,3.1,3.06,54597800,168070000.0,1.0,1.3,167.54,171.11,3.38,2.76,0.84
恒源煤电,sh600971,7.7,7.75,7.68,31936100.0,7.69,21600,7.7,74400,-0.65,7.8,7.48,31936100,243790000.0,2.66,4.13,92.4,92.4,8.53,6.98,0.8
劲旅环境,sz001230,26.4,26.54,26.97,1799100.0,26.4,7500,26.41,2000,-0.53,27.06,26.27,1799100,47770000.0,2.29,2.98,20.74,35.44,29.19,23.89,0.59
华西证券,sz002926,8.63,8.69,8.78,17106200.0,8.63,270400,8.64,444400,-0.69,8.79,8.63,17106200,148760000.0,0.65,1.84,226.54,226.54,9.56,7.82,0.8
博瑞医药,sh688166,40.27,41.1,41.68,986501800.0,40.27,19400,40.28,22600,-2.02,41.79,40.12,986501800,400760000.0,2.33,4.06,170.38,170.38,49.32,32.88,1.04
海特生物,sz300683,31.03,30.88,31.6,3253600.0,31.02,700,31.03,4300,0.49,31.68,30.85,3253600,101340000.0,2.67,2.69,37.88,40.62,37.06,24.7,0.7
上汽集团,sh600104,14.14,13.74,13.88,66568600.0,14.14,114200,14.15,433400,2.91,14.22,13.87,66568600,935910000.0,0.58,2.55,1625.43,1625.43,15.11,12.37,1.17
北新建材,sz000786,28.09,28.66,29.0,19042200.0,28.09,13800,28.1,3600,-1.99,29.27,28.0,19042200,538450000.0,1.13,4.43,474.58,478.16,31.53,25.79,0.84
华民股份,sz300345,7.14,7.4,7.6,46227900.0,7.13,45500,7.14,277600,-3.51,7.64,7.05,46227900,333280000.0,9.64,7.97,34.23,41.43,8.88,5.92,1.09
中兴通讯,sz000063,37.88,36.97,37.48,106307600.0,37.88,429100,37.89,38400,2.46,38.3,37.26,106307600,4018980000.0,2.64,2.81,1525.66,1812.0,40.67,33.27,1.04
视觉中国,sz000681,23.49,23.3,23.92,28810500.0,23.49,78800,23.5,46800,0.82,23.99,23.3,28810500,679430000.0,4.26,2.96,158.85,164.57,25.63,20.97,0.58
驱动力,bj920275,8.8,8.87,8.92,1461200.0,8.79,95800,8.8,8200,-0.79,8.98,8.74,1461200,12874700.0,1.11,2.71,11.61,14.03,11.53,6.21,1.21
新华传媒,sh600825,6.0,5.94,6.01,9769000.0,5.99,7400,6.0,57500,1.01,6.03,5.96,9769000,58590000.0,0.93,1.18,62.69,62.69,6.53,5.35,0.67
迪普科技,sz300768,17.4,17.01,17.33,6613900.0,17.4,200,17.41,6100,2.29,17.65,17.23,6613900,115300000.0,1.57,2.47,73.2,112.03,20.41,13.61,0.87
同力天启,sh605286,38.63,38.64,38.88,948000.0,38.6,100,38.63,900,-0.03,39.5,38.35,948000,36880000.0,0.56,2.98,64.9,64.9,42.5,34.78,0.55
仙坛股份,sz002746,6.26,6.35,6.41,18584900.0,6.25,45500,6.26,18600,-1.42,6.42,6.22,18584900,116780000.0,2.62,3.15,44.43,53.87,6.99,5.72,1.19
三峡新材,sh600293,3.52,3.44,3.52,39564900.0,3.52,245000,3.53,106600,2.33,3.58,3.46,39564900,139630000.0,3.41,3.49,40.84,40.84,3.78,3.1,0.84
钒钛股份,sz000629,4.02,4.04,4.11,182043000.0,4.02,605800,4.03,438600,-0.5,4.15,4.0,182043000,738860000.0,1.96,3.71,373.47,373.5,4.44,3.64,0.67
光云科技,sh688365,20.65,20.57,20.9,887893300.0,20.63,1700,20.65,2600,0.39,21.18,20.43,887893300,184150000.0,2.09,3.65,87.93,87.93,24.68,16.46,0.6
大唐药业,bj920433,5.78,5.75,5.76,1311800.0,5.77,4900,5.78,8800,0.52,5.81,5.75,1311800,7578300.0,0.77,1.04,9.79,14.79,7.47,4.03,0.96
金迪克,sh688670,18.4,18.32,18.44,97872300.0,18.39,2200,18.4,3100,0.44,18.93,18.27,97872300,18100000.0,0.79,3.6,22.67,22.67,21.98,14.66,0.52
志邦家居,sh603801,9.24,9.19,9.28,2620300.0,9.24,114900,9.25,13900,0.54,9.31,9.24,2620300,24290000.0,0.6,0.76,40.13,40.13,10.11,8.27,0.54
思维列控,sh603508,25.96,25.45,25.62,3203900.0,25.95,2600,25.96,15400,2.0,26.09,25.62,3203900,82920000.0,0.84,1.85,98.98,98.98,28.0,22.91,0.7
广深铁路,sh601333,3.07,3.05,3.07,49831700.0,3.07,908900,3.08,1535100,0.66,3.09,3.06,49831700,153110000.0,0.88,0.98,173.52,217.46,3.36,2.75,0.71
普源精电,sh688337,46.64,43.49,44.45,623700200.0,46.6,500,46.64,300,7.24,48.86,44.06,623700200,291450000.0,3.35,11.04,86.71,90.42,52.19,34.79,1.37
招商南油,sh601975,4.94,5.22,5.22,916775500.0,4.93,1840400,4.94,922200,-5.36,5.32,4.78,916775500,4550470000.0,19.59,10.34,231.21,231.21,5.74,4.7,1.57
万邦医药,sz301520,41.73,41.74,42.29,538100.0,41.7,3000,41.73,300,-0.02,42.54,41.5,538100,22590000.0,2.4,2.49,9.36,27.82,50.09,33.39,0.57
瑜欣电子,sz301107,29.72,28.98,29.48,1333700.0,29.65,100,29.72,15500,2.55,30.06,29.4,1333700,39720000.0,2.24,2.28,17.71,30.44,34.78,23.18,0.77
国检集团,sh603060,6.7,6.59,6.63,7248000.0,6.7,19900,6.71,51800,1.67,6.74,6.61,7248000,48500000.0,0.9,1.97,53.87,53.87,7.25,5.93,0.84
汉邦科技,sh688755,38.98,38.96,39.3,27436300.0,38.97,2200,38.98,400,0.05,39.57,38.87,27436300,10720000.0,1.56,1.8,6.86,34.3,46.75,31.17,0.74
建科智能,sz300823,17.07,16.87,17.18,2175700.0,17.05,6900,17.07,5200,1.19,17.43,16.93,2175700,37380000.0,2.57,2.96,14.47,22.36,20.24,13.5,0.71
浙江东方,sh600120,6.33,6.13,6.22,75255000.0,6.32,419600,6.33,142300,3.26,6.39,6.21,75255000,475720000.0,2.2,2.94,216.19,216.19,6.74,5.52,1.01
金一文化,sz002721,3.21,3.17,3.23,46746600.0,3.21,92500,3.22,1211000,1.26,3.26,3.18,46746600,150400000.0,1.76,2.52,85.37,85.37,3.49,2.85,0.83
佛山照明,sz000541,6.26,5.97,6.04,28936600.0,6.26,71400,6.27,145600,4.86,6.34,6.03,28936600,180760000.0,2.35,5.19,77.03,96.14,6.57,5.37,2.22
瑞可达,sh688800,95.52,91.81,96.4,1126860400.0,95.52,100,95.57,5400,4.04,100.8,94.7,1126860400,1099990000.0,5.48,6.64,196.46,196.46,110.17,73.45,0.74
恒拓开源,bj920415,14.01,13.85,14.17,1300500.0,14.01,18000,14.03,5300,1.16,14.2,13.93,1300500,18278400.0,1.2,1.95,15.16,19.69,18.0,9.7,0.54
伯特利,sh603596,52.2,52.1,53.08,16052700.0,52.19,9900,52.2,10400,0.19,53.37,51.75,16052700,841870000.0,2.65,3.11,316.6,316.6,57.31,46.89,0.81
彩讯股份,sz300634,25.99,25.71,26.38,11554500.0,25.98,27000,25.99,10800,1.09,26.4,25.8,11554500,301320000.0,2.66,2.33,112.95,117.27,30.85,20.57,0.57
日照港,sh600017,3.12,3.16,3.17,51568100.0,3.12,1045900,3.13,252600,-1.27,3.18,3.11,51568100,161510000.0,1.68,2.22,95.96,95.96,3.48,2.84,0.8
上海能源,sh600508,13.34,13.43,13.37,13726000.0,13.34,4700,13.35,33900,-0.67,13.44,13.05,13726000,181730000.0,1.9,2.9,96.41,96.41,14.77,12.09,0.81
纽威数控,sh688697,15.3,14.93,15.2,246617600.0,15.3,700,15.31,4200,2.48,15.55,15.1,246617600,37820000.0,0.54,3.01,69.97,69.97,17.92,11.94,0.62
华银电力,sh600744,9.04,8.22,8.32,316074600.0,9.04,17095100,0.0,0,9.98,9.04,8.27,316074600,2765040000.0,15.56,9.37,183.61,183.61,9.04,7.4,0.95
立霸股份,sh603519,13.25,13.15,13.35,2520600.0,13.23,13100,13.25,8100,0.76,13.46,13.2,2520600,33630000.0,0.95,1.98,35.29,35.29,14.47,11.84,0.78
节能风电,sh601016,3.34,3.24,3.26,206338400.0,3.33,233100,3.34,2993900,3.09,3.36,3.26,206338400,686070000.0,3.48,3.09,198.2,215.11,3.56,2.92,1.51
新天然气,sh603393,39.0,39.0,38.43,45373000.0,39.0,1000,39.01,600,0.0,40.18,36.92,45373000,1748150000.0,10.72,8.36,165.06,165.33,42.9,35.1,1.15
冠农股份,sh600251,10.85,11.06,11.26,17539100.0,10.84,9500,10.85,75500,-1.9,11.3,10.77,17539100,191730000.0,2.26,4.79,84.3,84.3,12.17,9.95,0.98
隆利科技,sz300752,19.83,17.56,18.0,19930500.0,19.83,13200,19.84,169300,12.93,20.22,18.0,19930500,389300000.0,12.67,12.64,31.19,45.31,21.07,14.05,4.43
江苏新能,sh603693,13.57,13.45,13.58,13964900.0,13.56,8800,13.57,49100,0.89,13.74,13.46,13964900,189900000.0,1.57,2.08,120.97,120.97,14.8,12.11,1.05
兰花科创,sh600123,6.69,6.88,6.73,64939200.0,6.69,59200,6.7,86700,-2.76,6.81,6.5,64939200,431230000.0,4.41,4.51,98.56,98.56,7.57,6.19,0.94
大连电瓷,sz002606,14.0,12.78,12.99,98999900.0,13.99,24800,14.0,157500,9.55,14.06,12.99,98999900,1377160000.0,23.51,8.37,58.96,61.47,14.06,11.5,2.42
怡球资源,sh601388,4.24,4.11,4.25,106987200.0,4.24,647100,4.25,513200,3.16,4.35,4.16,106987200,455280000.0,4.86,4.62,93.33,93.33,4.52,3.7,1.07
哈空调,sh600202,6.27,6.12,6.23,10729600.0,6.25,15500,6.27,293600,2.45,6.36,6.23,10729600,67410000.0,2.8,2.12,24.04,24.04,6.73,5.51,1.12
牧高笛,sh603908,23.72,23.59,24.17,972400.0,23.72,1700,23.76,300,0.55,24.19,23.61,972400,23270000.0,1.04,2.46,22.09,22.09,25.95,21.23,0.72
炜冈科技,sz001256,21.76,21.32,21.49,1341800.0,21.76,800,21.77,4600,2.06,21.97,21.49,1341800,29220000.0,1.26,2.25,23.26,31.03,23.45,19.19,0.86
天智航-U,sh688277,24.19,23.84,24.48,890478300.0,24.18,6900,24.19,2000,1.47,25.07,24.0,890478300,218030000.0,1.95,4.49,110.3,110.3,28.61,19.07,0.48
诺邦股份,sh603238,17.2,17.07,17.15,1883200.0,17.19,700,17.2,6200,0.76,17.6,17.12,1883200,32570000.0,1.06,2.81,30.53,30.53,18.78,15.36,0.91
达仁堂,sh600329,41.0,40.83,41.44,2889800.0,41.0,5700,41.01,500,0.42,41.48,40.76,2889800,118680000.0,0.51,1.76,232.51,315.74,44.91,36.75,0.74
福田汽车,sh600166,3.05,2.99,3.04,118527600.0,3.05,104400,3.06,1935100,2.01,3.09,3.03,118527600,362580000.0,1.5,2.01,241.48,241.48,3.29,2.69,0.89
美农生物,sz301156,19.26,19.33,19.45,2018600.0,19.25,3500,19.29,1100,-0.36,19.71,19.13,2018600,39150000.0,2.26,3.0,17.18,27.12,23.2,15.46,0.65
美瑞新材,sz300848,16.3,16.16,16.48,5175700.0,16.3,23900,16.31,1900,0.87,16.53,16.21,5175700,84840000.0,2.04,1.98,41.26,69.75,19.39,12.93,0.33
太湖远大,bj920118,24.26,23.58,23.6,1063100.0,24.26,4600,24.27,400,2.88,24.59,23.6,1063100,25713000.0,3.39,4.2,7.6,12.35,30.65,16.51,1.95
康希诺,sh688185,69.12,67.99,69.0,187039200.0,69.12,4300,69.15,500,1.66,69.69,68.42,187039200,129200000.0,1.64,1.87,79.05,170.76,81.59,54.39,0.55
ST华扬,sh603825,8.99,8.77,8.92,3227700.0,8.99,24000,9.0,22300,2.51,9.13,8.91,3227700,29070000.0,1.27,2.51,22.77,22.77,9.21,8.33,0.9
我武生物,sz300357,24.04,24.05,24.44,9207100.0,24.03,3700,24.04,23700,-0.04,24.54,23.82,9207100,221850000.0,1.9,2.99,116.37,125.87,28.86,19.24,1.0
中粮科技,sz000930,6.82,7.1,7.14,73441800.0,6.82,164800,6.83,96400,-3.94,7.18,6.75,73441800,502920000.0,3.96,6.06,126.6,126.61,7.81,6.39,1.22
仁和药业,sz000650,5.76,5.72,5.8,15225800.0,5.75,107100,5.76,62200,0.7,5.82,5.74,15225800,87950000.0,1.14,1.4,76.69,80.64,6.29,5.15,0.77
锐科激光,sz300747,32.99,32.12,32.55,36748400.0,32.99,33500,33.0,35900,2.71,33.35,32.28,36748400,1208530000.0,7.22,3.33,168.01,185.27,38.54,25.7,1.01
新易盛,sz300502,401.24,369.37,384.94,69677900.0,401.24,104300,401.25,1300,8.63,422.6,383.26,69677900,28004110000.0,7.87,10.65,3552.66,3988.36,443.24,295.5,1.57
云路股份,sh688190,112.58,112.2,113.45,327098800.0,112.57,3600,112.58,1700,0.34,117.0,111.12,327098800,373430000.0,2.73,5.24,135.1,135.1,134.64,89.76,1.52
方大特钢,sh600507,7.08,6.97,7.0,33617300.0,7.07,49100,7.08,25800,1.58,7.18,6.91,33617300,236860000.0,1.45,3.87,163.77,163.77,7.67,6.27,0.62
ST英飞拓,sz002528,3.04,3.01,3.05,21547800.0,3.04,82900,3.05,114500,1.0,3.07,2.99,21547800,65350000.0,2.05,2.66,31.93,36.44,3.16,2.86,0.54
天地科技,sh600582,6.03,5.97,6.05,35892000.0,6.03,75600,6.04,66300,1.01,6.07,6.01,35892000,216750000.0,0.87,1.01,249.56,249.56,6.57,5.37,0.75
北鼎股份,sz300824,10.45,10.26,10.35,3610700.0,10.41,6100,10.45,1800,1.85,10.5,10.34,3610700,37680000.0,1.14,1.56,33.07,34.1,12.31,8.21,0.71
吉林高速,sh601518,2.93,2.91,2.93,18456400.0,2.93,5400,2.94,1137700,0.69,2.95,2.9,18456400,54060000.0,0.98,1.72,55.39,55.39,3.2,2.62,0.84
福耀玻璃,sh600660,59.37,58.78,59.32,9735100.0,59.37,3900,59.41,200,1.0,59.82,59.13,9735100,579080000.0,0.49,1.17,1189.17,1549.4,64.66,52.9,0.7
富森美,sz002818,11.65,11.2,11.32,11207200.0,11.65,13100,11.66,27600,4.02,11.99,11.3,11207200,131430000.0,3.76,6.16,34.76,87.2,12.32,10.08,3.44
威力传动,sz300904,59.47,58.6,59.3,628000.0,59.47,2000,59.5,100,1.48,60.3,59.01,628000,37500000.0,2.86,2.2,13.07,43.05,70.32,46.88,0.7
凯大催化,bj920974,9.61,9.23,9.15,16005200.0,9.6,15300,9.61,3100,4.12,9.92,8.98,16005200,152202600.0,12.46,10.18,12.34,15.74,11.99,6.47,2.37
金丹科技,sz300829,20.9,20.1,19.9,24837300.0,20.9,7300,20.91,79300,3.98,21.2,19.44,24837300,500540000.0,15.7,8.76,33.07,47.5,24.12,16.08,2.28
苏常柴Ａ,sz000570,5.86,5.73,5.86,12088300.0,5.86,5700,5.87,7600,2.27,5.95,5.83,12088300,71200000.0,2.18,2.09,32.56,41.35,6.3,5.16,0.9
上海贝岭,sh600171,29.44,29.19,29.63,9863200.0,29.44,53700,29.45,31200,0.86,29.78,29.34,9863200,292000000.0,1.39,1.51,208.71,208.71,32.11,26.27,0.75
万达电影,sz002739,10.19,10.22,10.33,42209300.0,10.19,46000,10.2,88500,-0.29,10.37,10.13,42209300,431890000.0,2.01,2.35,213.98,215.19,11.24,9.2,0.61
威高骨科,sh688161,28.73,28.36,28.72,89415900.0,28.73,7600,28.74,3600,1.3,28.9,28.53,89415900,25640000.0,0.22,1.3,114.92,114.92,34.03,22.69,0.5
安徽合力,sh600761,20.47,20.23,20.38,10593900.0,20.46,6600,20.47,9000,1.19,20.64,20.31,10593900,217050000.0,1.19,1.63,182.32,182.32,22.25,18.21,0.56
金房能源,sz001210,22.65,22.86,23.1,2465200.0,22.65,3700,22.67,300,-0.92,23.56,22.53,2465200,56460000.0,2.59,4.51,21.59,35.52,25.15,20.57,0.76
春雪食品,sh605567,11.02,11.02,11.18,5045700.0,11.02,14400,11.04,6000,0.0,11.29,11.01,5045700,56250000.0,2.52,2.54,22.04,22.04,12.12,9.92,1.03
星源卓镁,sz301398,57.1,56.61,58.0,1213800.0,57.09,1200,57.1,5900,0.87,58.79,56.66,1213800,69870000.0,3.26,3.76,21.25,63.95,67.93,45.29,0.45
金雷股份,sz300443,28.21,28.19,28.52,5986600.0,28.2,8500,28.21,8700,0.07,28.78,28.05,5986600,169930000.0,2.47,2.59,68.49,90.31,33.83,22.55,0.67
中芯国际,sh688981,106.9,106.69,108.6,3535318100.0,106.9,29700,106.91,600,0.2,109.26,106.09,3535318100,3803230000.0,1.77,2.97,2137.53,8553.41,128.03,85.35,0.97
*ST威尔,sz002058,21.63,21.85,21.93,2808500.0,21.63,3000,21.69,3000,-1.01,22.27,21.34,2808500,61220000.0,1.96,4.26,30.96,31.03,22.94,20.76,0.97
甘咨询,sz000779,9.57,9.56,9.79,12832000.0,9.57,15100,9.58,700,0.1,9.79,9.51,12832000,123110000.0,2.76,2.93,44.48,44.48,10.52,8.6,0.42
*ST摩登,sz002656,2.79,2.74,2.77,12368900.0,2.78,201900,2.79,285200,1.82,2.8,2.74,12368900,34320000.0,1.83,2.19,18.88,19.88,2.88,2.6,1.15
中科微至,sh688211,31.98,31.44,31.68,45884200.0,31.95,2700,31.98,500,1.72,32.23,31.68,45884200,14690000.0,0.35,1.75,42.09,42.09,37.73,25.15,0.69
五矿资本,sh600390,5.53,5.48,5.53,34788700.0,5.53,25700,5.54,184500,0.91,5.62,5.52,34788700,193150000.0,0.77,1.82,248.74,248.74,6.03,4.93,0.69
凯普生物,sz300639,6.41,6.29,6.39,17880200.0,6.41,10500,6.42,140700,1.91,6.46,6.36,17880200,114780000.0,2.82,1.59,40.71,41.44,7.55,5.03,0.84
金科环境,sh688466,17.98,17.61,18.12,176838100.0,17.98,1900,18.0,3500,2.1,18.28,17.82,176838100,31940000.0,1.45,2.61,21.96,21.96,21.13,14.09,0.68
中华企业,sh600675,2.72,2.7,2.73,34275500.0,2.71,1471000,2.72,371500,0.74,2.74,2.7,34275500,93190000.0,0.57,1.48,164.45,164.45,2.97,2.43,0.57
热景生物,sh688068,126.97,121.32,123.27,163803200.0,126.93,2800,126.97,1000,4.66,127.46,121.43,163803200,204690000.0,1.77,4.97,117.71,117.71,145.58,97.06,1.0
长青集团,sz002616,5.9,5.81,5.91,14641300.0,5.89,16700,5.9,33200,1.55,5.98,5.84,14641300,86610000.0,2.49,2.41,34.66,50.69,6.39,5.23,0.89
四方股份,sh601126,52.19,48.52,49.39,35621800.0,52.18,7600,52.19,13500,7.56,52.25,49.3,35621800,1810780000.0,4.32,6.08,430.61,434.83,53.37,43.67,1.28
运机集团,sz001288,35.86,35.88,36.26,2549000.0,35.85,600,35.86,8400,-0.06,36.59,35.51,2549000,91960000.0,1.68,3.01,54.42,84.23,39.47,32.29,0.81
小熊电器,sz002959,41.79,41.33,42.11,946900.0,41.79,1600,41.8,1900,1.11,42.18,41.56,946900,39600000.0,0.63,1.5,62.9,65.12,45.46,37.2,0.69
中研股份,sh688716,36.53,35.98,37.08,150108900.0,36.53,1000,36.54,4900,1.53,37.3,36.26,150108900,55330000.0,2.15,2.89,25.54,44.45,43.18,28.78,0.67
浙商证券,sh601878,10.27,10.25,10.32,20435500.0,10.26,61900,10.27,141900,0.2,10.34,10.23,20435500,210150000.0,0.45,1.07,469.73,469.73,11.28,9.23,0.69
通策医疗,sh600763,47.66,48.24,48.99,10016700.0,47.66,8200,47.67,500,-1.2,49.09,47.1,10016700,479390000.0,2.24,4.13,213.18,213.18,53.06,43.42,0.97
振华股份,sh603067,45.87,41.7,43.8,34531000.0,45.87,1042700,0.0,0,10.0,45.87,42.53,34531000,1543580000.0,4.86,8.01,326.03,326.03,45.87,37.53,1.09
新华网,sh603888,21.39,21.15,21.58,11375600.0,21.38,20300,21.39,23900,1.13,21.66,21.25,11375600,243480000.0,1.69,1.94,144.33,144.33,23.27,19.04,0.62
泰禾智能,sh603656,22.03,21.93,22.5,2367800.0,22.03,6700,22.04,400,0.46,22.5,21.96,2367800,52400000.0,1.29,2.46,40.3,40.3,24.12,19.74,0.65
海信视像,sh600060,22.13,21.94,22.16,7902000.0,22.12,4000,22.13,13600,0.87,22.29,21.93,7902000,174630000.0,0.61,1.64,287.73,288.79,24.13,19.75,0.47
诺禾致源,sh688315,14.19,13.98,14.16,276151800.0,14.19,4000,14.2,12800,1.5,14.3,14.07,276151800,39240000.0,0.66,1.65,59.06,59.06,16.78,11.18,0.73
红四方,sh603395,31.16,31.91,31.8,6074700.0,31.16,29200,31.17,6100,-2.35,31.8,30.91,6074700,189450000.0,9.35,2.79,20.25,81.02,35.1,28.72,1.28
城地香江,sh603887,15.52,15.23,15.6,21579400.0,15.52,18100,15.53,38800,1.9,15.84,15.26,21579400,334380000.0,3.63,3.81,92.39,93.43,16.75,13.71,0.54
宝通科技,sz300031,21.13,20.83,21.15,8848100.0,21.1,2300,21.13,25400,1.44,21.47,20.94,8848100,186990000.0,2.51,2.54,74.36,88.48,25.0,16.66,0.81
*ST星农,sh603789,5.42,5.4,5.45,3041900.0,5.4,12300,5.42,16700,0.37,5.54,5.4,3041900,16610000.0,1.17,2.59,14.09,14.37,5.67,5.13,1.12
景旺电子,sh603228,62.46,63.6,65.0,26492700.0,62.46,96900,62.47,12100,-1.79,65.25,61.97,26492700,1682160000.0,2.72,5.16,609.45,615.11,69.96,57.24,0.8
音飞储存,sh603066,10.55,10.39,10.5,2684500.0,10.52,6200,10.55,3600,1.54,10.67,10.5,2684500,28450000.0,0.91,1.64,31.04,31.04,11.43,9.35,0.67
冠龙节能,sz301151,19.67,19.36,19.7,2420900.0,19.66,2600,19.67,200,1.6,19.92,19.4,2420900,47770000.0,1.43,2.69,33.21,33.24,23.23,15.49,0.8
神州信息,sz000555,18.02,16.38,16.9,39322100.0,18.02,5820600,0.0,0,10.01,18.02,16.7,39322100,689240000.0,4.05,8.06,175.14,175.83,18.02,14.74,1.05
科兴制药,sh688136,28.76,28.43,29.0,167246800.0,28.74,3700,28.76,2300,1.16,29.15,28.5,167246800,48130000.0,0.83,2.29,57.88,57.88,34.12,22.74,0.76
联动科技,sz301369,132.99,125.1,128.39,941100.0,132.82,100,132.99,500,6.31,135.7,127.37,941100,124440000.0,2.59,6.66,48.36,93.86,150.12,100.08,1.26
浩云科技,sz300448,10.77,10.75,10.9,28881700.0,10.76,62900,10.77,81300,0.19,11.01,10.63,28881700,310490000.0,6.22,3.53,50.03,72.86,12.9,8.6,0.5
唐源电气,sz300789,21.81,21.54,21.86,1156900.0,21.8,100,21.81,10200,1.25,22.15,21.64,1156900,25420000.0,1.17,2.37,21.57,31.37,25.85,17.23,0.64
迦南科技,sz300412,5.62,5.47,5.57,16639900.0,5.62,33000,5.63,130700,2.74,5.7,5.57,16639900,93740000.0,3.56,2.38,26.29,27.97,6.56,4.38,0.88
恒生电子,sh600570,27.48,27.02,27.52,27740300.0,27.48,4700,27.49,24400,1.7,27.79,27.31,27740300,763780000.0,1.46,1.78,520.51,520.51,29.72,24.32,0.8
ST应急,sz300527,8.41,8.4,8.49,13113300.0,8.4,83000,8.41,27900,0.12,8.5,8.34,13113300,110460000.0,1.29,1.9,85.51,85.51,10.08,6.72,0.6
山东海化,sz000822,6.68,6.61,6.66,70187200.0,6.67,46000,6.68,301600,1.06,6.95,6.4,70187200,463700000.0,7.84,8.32,59.79,59.79,7.27,5.95,0.81
宁波富邦,sh600768,17.44,17.05,17.37,5824100.0,17.3,1200,17.44,600,2.29,17.66,17.17,5824100,101440000.0,4.35,2.87,23.33,23.33,18.76,15.35,0.84
天亿马,sz301178,47.6,46.5,47.46,1249600.0,47.46,400,47.6,900,2.37,48.29,47.08,1249600,59570000.0,2.53,2.6,23.55,31.82,55.8,37.2,0.81
万祥科技,sz301180,19.35,19.34,19.61,13073200.0,19.35,10600,19.36,2300,0.05,20.48,19.24,13073200,256210000.0,7.96,6.41,31.76,77.4,23.21,15.47,1.43
杭钢股份,sh600126,8.79,9.16,9.29,198851500.0,8.79,755600,8.8,620400,-4.04,9.31,8.65,198851500,1751550000.0,5.89,7.21,296.85,296.85,10.08,8.24,1.14
友讯达,sz300514,14.59,14.26,14.56,6489600.0,14.58,13300,14.59,6400,2.31,14.77,14.4,6489600,94800000.0,4.05,2.59,23.38,29.18,17.11,11.41,1.29
许继电气,sz000400,33.78,31.67,32.41,95094900.0,33.77,175600,33.78,272500,6.66,33.98,32.21,95094900,3162220000.0,9.4,5.59,341.75,344.09,34.84,28.5,1.99
爱旭股份,sh600732,15.25,14.66,14.89,82323400.0,15.25,146100,15.26,153600,4.02,15.36,14.75,82323400,1245730000.0,4.55,4.16,275.8,322.88,16.13,13.19,1.42
华润微,sh688396,51.15,51.2,52.17,1363146900.0,51.15,33000,51.16,500,-0.1,52.46,50.98,1363146900,705030000.0,1.03,2.89,679.03,679.03,61.44,40.96,0.78
新华制药,sz000756,15.15,15.15,15.26,4733000.0,15.14,26000,15.15,2200,0.0,15.31,15.12,4733000,72000000.0,0.95,1.25,75.58,105.55,16.67,13.64,0.6
锐新科技,sz300828,22.48,22.81,23.36,8500100.0,22.48,6700,22.49,3100,-1.45,23.6,22.28,8500100,194320000.0,6.81,5.79,28.04,37.41,27.37,18.25,0.42
品高股份,sh688227,73.99,73.0,74.0,258857300.0,73.83,400,73.99,300,1.36,76.88,73.4,258857300,195350000.0,2.29,4.77,83.65,83.65,87.6,58.4,1.04
瀛通通讯,sz002861,19.86,19.5,19.2,10775500.0,19.86,25900,19.87,1600,1.85,20.38,19.2,10775500,215580000.0,7.18,6.05,29.82,37.0,21.45,17.55,1.5
伟时电子,sh605218,18.47,17.69,17.95,4347300.0,18.47,12100,18.5,22400,4.41,19.18,17.95,4347300,81060000.0,2.04,6.95,39.31,44.85,19.46,15.92,1.61
中科美菱,bj920992,16.1,15.68,15.85,870000.0,16.08,1000,16.1,17400,2.68,16.19,15.74,870000,13939400.0,1.79,2.87,7.81,15.57,20.38,10.98,1.03
栖霞建设,sh600533,2.55,2.53,2.57,13513600.0,2.55,102500,2.56,66900,0.79,2.61,2.54,13513600,34760000.0,1.29,2.77,26.77,26.77,2.78,2.28,0.76
协鑫集成,sz002506,5.05,5.15,5.29,1082436400.0,5.05,7164600,5.06,1375500,-1.94,5.3,4.95,1082436400,5492480000.0,18.52,6.8,295.14,295.44,5.67,4.64,0.85
辰奕智能,sz301578,35.6,34.9,35.35,1409100.0,35.6,2800,35.64,500,2.01,35.87,34.72,1409100,49840000.0,6.08,3.3,8.25,29.01,41.88,27.92,1.2
国联民生,sh601456,9.46,9.44,9.51,21437700.0,9.45,386200,9.46,50600,0.21,9.53,9.43,21437700,203230000.0,0.49,1.06,413.25,537.38,10.38,8.5,0.67
云汉芯城,sz301563,146.15,146.95,150.0,786200.0,146.15,2900,146.16,100,-0.54,151.27,145.58,786200,116360000.0,5.64,3.87,20.39,95.17,176.34,117.56,0.65
艾罗能源,sh688717,116.75,123.35,122.12,1088214400.0,116.5,500,116.75,4600,-5.35,122.27,110.86,1088214400,1263160000.0,10.99,9.25,115.64,186.8,148.02,98.68,1.2
莎普爱思,sh603168,6.98,6.88,6.98,5192000.0,6.98,10600,6.99,9100,1.45,7.08,6.92,5192000,36320000.0,1.39,2.33,26.0,26.11,7.57,6.19,0.8
吉华集团,sh603980,7.42,7.54,7.59,44524300.0,7.41,112100,7.42,57800,-1.59,7.76,7.35,44524300,332000000.0,6.58,5.44,50.22,50.22,8.29,6.79,0.54
宏华数科,sh688789,83.0,83.5,84.4,171363900.0,82.81,1200,83.0,2200,-0.6,84.99,82.26,171363900,143030000.0,0.95,3.27,149.61,149.61,100.2,66.8,0.71
建科院,sz300675,15.16,15.07,15.18,2792600.0,15.15,3000,15.16,2300,0.6,15.46,15.08,2792600,42570000.0,1.9,2.52,22.23,22.23,18.08,12.06,0.77
聚合顺,sh605166,10.71,10.65,10.78,5160900.0,10.69,6000,10.71,12000,0.56,10.89,10.64,5160900,55490000.0,1.64,2.35,33.71,33.71,11.72,9.59,0.32
国药现代,sh600420,10.53,10.56,10.68,14023500.0,10.53,6700,10.54,75900,-0.28,10.75,10.49,14023500,149120000.0,1.05,2.46,141.23,141.23,11.62,9.5,1.03
焦点科技,sz002315,43.2,42.29,43.1,5148800.0,43.2,5100,43.21,5400,2.15,43.58,42.82,5148800,221970000.0,2.54,1.8,87.4,137.05,46.52,38.06,0.7
龙版传媒,sh605577,12.7,12.57,12.68,3152900.0,12.7,2700,12.73,10900,1.03,12.85,12.64,3152900,40110000.0,0.71,1.67,56.44,56.44,13.83,11.31,0.84
盈康生命,sz300143,10.81,10.58,10.7,7426500.0,10.8,6100,10.81,2500,2.17,10.99,10.68,7426500,80270000.0,1.16,2.93,69.33,81.02,12.7,8.46,0.83
威孚高科,sz000581,24.0,23.69,24.05,21931400.0,23.99,8600,24.0,106600,1.31,24.38,23.67,21931400,526720000.0,2.76,3.0,190.53,232.03,26.06,21.32,0.44
综艺股份,sh600770,5.99,5.82,5.99,33453500.0,5.98,35500,5.99,60200,2.92,6.08,5.92,33453500,200710000.0,2.57,2.75,77.87,77.87,6.4,5.24,0.74
智微智能,sz001339,65.61,65.27,67.11,16685800.0,65.61,41300,65.62,3300,0.52,67.28,64.6,16685800,1095800000.0,13.98,4.11,78.33,165.5,71.8,58.74,0.83
航发控制,sz000738,25.38,25.5,25.7,43133100.0,25.37,19000,25.38,102300,-0.47,25.96,24.9,43133100,1091860000.0,3.28,4.16,333.79,333.79,28.05,22.95,0.75
鞍钢股份,sz000898,2.59,2.59,2.62,67899700.0,2.59,545700,2.6,154400,0.0,2.64,2.56,67899700,176150000.0,0.85,3.09,206.1,242.66,2.85,2.33,0.83
平高电气,sh600312,24.71,22.86,23.3,82776400.0,24.71,48700,24.72,21900,8.09,24.99,23.2,82776400,2005980000.0,6.1,7.83,335.3,335.3,25.15,20.57,2.0
宸展光电,sz003019,30.98,29.77,30.37,2933500.0,30.95,900,30.98,1600,4.06,31.31,30.37,2933500,90910000.0,1.72,3.16,52.93,54.76,32.75,26.79,1.2
望变电气,sh603191,26.64,24.7,25.5,37993100.0,26.63,29200,26.64,400,7.85,27.17,25.41,37993100,1014590000.0,11.51,7.13,87.9,88.52,27.17,22.23,1.46
海达尔,bj920699,44.27,44.01,44.17,174200.0,44.25,300,44.27,0,0.59,44.88,44.02,174200,7706799.999999999,0.83,1.95,9.24,20.2,57.21,30.81,0.27
科力尔,sz002892,11.79,11.52,11.69,8386300.0,11.78,57300,11.79,19700,2.34,11.89,11.66,8386300,98830000.0,1.73,2.0,56.99,87.78,12.67,10.37,0.85
ST纳川,sz300198,2.63,2.58,2.6,14460600.0,2.62,115400,2.63,118600,1.94,2.64,2.6,14460600,37800000.0,1.41,1.55,26.99,27.13,3.1,2.06,0.75
北京利尔,sz002392,7.87,7.87,7.99,11164700.0,7.87,30000,7.88,106700,0.0,8.03,7.83,11164700,88410000.0,0.98,2.54,90.02,93.69,8.66,7.08,0.68
吉鑫科技,sh601218,5.78,5.54,5.6,62547200.0,5.78,440000,5.79,699100,4.33,5.81,5.6,62547200,359630000.0,6.45,3.79,56.01,56.01,6.09,4.99,1.42
新北洋,sz002376,7.51,7.33,7.41,16595700.0,7.5,79900,7.51,130600,2.46,7.58,7.39,16595700,124580000.0,2.12,2.59,58.68,60.87,8.06,6.6,0.85
宁夏建材,sh600449,12.94,12.58,12.86,8463700.0,12.94,20400,12.95,9500,2.86,13.09,12.81,8463700,109830000.0,1.77,2.23,61.88,61.88,13.84,11.32,1.28
闻泰科技,sh600745,31.09,30.48,30.89,23783600.0,31.08,38400,31.09,13300,2.0,31.47,30.89,23783600,741360000.0,1.91,1.9,386.96,386.96,33.53,27.43,0.88
嘉戎技术,sz301148,54.91,52.58,53.24,2156400.0,54.91,8800,54.93,18300,4.43,56.62,53.0,2156400,118130000.0,3.66,6.88,32.33,63.97,63.1,42.06,1.09
美康生物,sz300439,9.97,9.82,9.93,2835700.0,9.96,7200,9.97,16600,1.53,10.02,9.89,2835700,28270000.0,0.97,1.32,29.15,38.32,11.78,7.86,0.68
北方股份,sh600262,29.19,28.67,29.18,4094200.0,29.19,600,29.2,500,1.81,29.78,28.78,4094200,119300000.0,2.41,3.49,49.62,49.62,31.54,25.8,0.82
昆药集团,sh600422,11.89,11.87,11.9,4362600.0,11.88,15700,11.89,3400,0.17,11.95,11.86,4362600,51890000.0,0.58,0.76,90.0,90.0,13.06,10.68,0.59
科美诊断,sh688468,7.38,7.27,7.34,315210100.0,7.37,21200,7.38,6500,1.51,7.47,7.34,315210100,23360000.0,0.79,1.79,29.6,29.6,8.72,5.82,0.65
华灿光电,sz300323,10.25,8.54,10.25,54589300.0,10.25,30834600,0.0,0,20.02,10.25,10.25,54589300,559540000.0,6.21,0.0,90.12,166.36,10.25,6.83,1.42
华数传媒,sz000156,7.82,7.74,7.85,19177700.0,7.82,7100,7.83,21200,1.03,7.93,7.77,19177700,150510000.0,1.13,2.07,132.93,144.9,8.51,6.97,0.73
东宏股份,sh603856,13.35,13.2,13.32,3065900.0,13.35,6500,13.37,100,1.14,13.61,13.29,3065900,41170000.0,1.09,2.42,37.65,37.65,14.52,11.88,0.76
鑫宏业,sz301310,37.88,37.16,37.7,962300.0,37.88,2000,37.93,1000,1.94,38.28,37.35,962300,36560000.0,1.92,2.5,19.03,51.73,44.59,29.73,0.8
永清环保,sz300187,5.62,5.66,5.74,23066600.0,5.62,4100,5.63,90700,-0.71,5.78,5.57,23066600,130190000.0,3.59,3.71,36.09,36.28,6.79,4.53,0.52
汉嘉数智,sz300746,12.85,12.65,12.8,2334700.0,12.77,2100,12.85,9700,1.58,13.08,12.72,2334700,30090000.0,1.04,2.85,28.73,29.01,15.18,10.12,0.66
机科股份,bj920579,22.25,21.8,22.01,887400.0,22.24,1200,22.25,4700,2.06,23.01,22.01,887400,19769300.0,1.99,4.59,9.92,28.81,28.34,15.26,0.7
紫光股份,sz000938,24.1,23.56,24.0,51550700.0,24.1,72100,24.11,10400,2.29,24.6,23.9,51550700,1247310000.0,1.8,2.97,689.28,689.28,25.92,21.2,0.87
弘讯科技,sh603015,14.06,13.51,13.74,9141800.0,14.06,10200,14.07,12300,4.07,14.24,13.74,9141800,128260000.0,2.26,3.7,56.83,56.83,14.86,12.16,1.08
万德斯,sh688178,24.47,24.43,24.58,117350700.0,24.47,100,24.49,3500,0.16,25.3,24.25,117350700,29010000.0,1.38,4.3,20.8,20.8,29.32,19.54,0.72
阿科力,sh603722,38.33,37.09,37.5,1329600.0,38.33,12800,38.34,300,3.34,38.71,37.5,1329600,50910000.0,1.39,3.26,36.68,37.46,40.8,33.38,1.13
宝明科技,sz002992,53.81,53.01,54.05,1632300.0,53.8,600,53.81,300,1.51,55.03,53.56,1632300,88550000.0,1.03,2.77,85.04,97.33,58.31,47.71,0.63
福瑞达,sh600223,7.03,7.02,7.08,6077600.0,7.03,53100,7.04,19000,0.14,7.1,7.01,6077600,42840000.0,0.6,1.28,71.46,71.46,7.72,6.32,0.7
科沃斯,sh603486,64.58,64.81,65.59,4776200.0,64.58,1700,64.59,2900,-0.35,65.8,64.27,4776200,309660000.0,0.83,2.36,370.27,373.87,71.29,58.33,0.64
南大环境,sz300864,22.15,22.26,22.38,1832100.0,22.13,3100,22.15,2900,-0.49,22.49,22.03,1832100,40740000.0,1.16,2.07,34.98,34.98,26.71,17.81,0.51
数据港,sh603881,36.54,36.28,37.15,49405000.0,36.54,62800,36.55,74400,0.72,37.36,36.04,49405000,1805790000.0,6.88,3.64,262.49,262.49,39.91,32.65,0.7
正元地信,sh688509,4.83,4.74,4.8,1135496600.0,4.83,68800,4.84,119300,1.9,4.89,4.79,1135496600,54970000.0,2.95,2.11,18.59,37.19,5.69,3.79,0.87
成都燃气,sh603053,10.36,10.6,10.53,17038200.0,10.36,33700,10.37,13900,-2.26,10.78,10.25,17038200,176800000.0,1.92,5.0,92.09,92.09,11.66,9.54,1.02
龙旗科技,sh603341,42.32,41.84,42.95,7457800.0,42.31,7900,42.32,13600,1.15,43.38,41.96,7457800,318460000.0,2.8,3.39,112.66,221.16,46.02,37.66,0.7
ST天圣,sz002872,5.42,5.25,5.28,9398100.0,5.41,5300,5.42,81800,3.24,5.51,5.28,9398100,51020000.0,4.37,4.38,11.65,17.24,5.51,4.99,2.37
瑞鹄模具,sz002997,32.64,32.31,32.91,1840000.0,32.64,500,32.65,1000,1.02,32.94,32.52,1840000,60250000.0,0.88,1.3,68.32,68.32,35.54,29.08,0.57
英飞特,sz300582,16.86,16.4,16.59,12826000.0,16.86,31300,16.87,6500,2.8,17.19,16.44,12826000,216810000.0,5.79,4.57,37.35,50.33,19.68,13.12,1.33
昊华能源,sh601101,8.57,8.64,8.51,27474500.0,8.57,29400,8.58,298800,-0.81,8.62,8.37,27474500,233890000.0,1.91,2.89,123.41,123.41,9.5,7.78,0.83
汉得信息,sz300170,22.37,22.23,22.8,48309600.0,22.37,61000,22.38,41400,0.63,22.83,22.15,48309600,1084960000.0,4.94,3.06,218.58,228.67,26.68,17.78,0.5
汤臣倍健,sz300146,11.35,11.42,11.54,14244100.0,11.34,40100,11.35,22900,-0.61,11.57,11.33,14244100,162730000.0,1.27,2.1,127.21,192.01,13.7,9.14,0.83
浪莎股份,sh600137,21.11,20.69,20.92,1642300.0,21.11,3800,21.12,1400,2.03,21.37,20.91,1642300,34670000.0,1.69,2.22,20.52,20.52,22.76,18.62,0.6
新洁能,sh605111,41.95,42.14,43.1,14563300.0,41.94,3300,41.95,6100,-0.45,43.42,41.4,14563300,617760000.0,3.51,4.79,174.23,174.23,46.35,37.93,0.58
思看科技,sh688583,145.45,144.54,148.0,210734000.0,145.39,500,145.45,1500,0.63,152.48,141.5,210734000,309190000.0,6.84,7.6,44.8,128.58,173.45,115.63,0.76
康普化学,bj920033,16.92,17.02,17.19,840300.0,16.92,800,16.95,800,-0.59,17.2,16.83,840300,14258200.0,1.02,2.17,14.0,20.16,22.12,11.92,0.88
天正电气,sh605066,8.8,8.58,8.7,29989700.0,8.79,15700,8.8,25700,2.56,8.92,8.69,29989700,263690000.0,5.97,2.68,44.21,44.42,9.44,7.72,1.31
九安医疗,sz002432,50.27,50.99,51.63,32505900.0,50.27,13700,50.28,25600,-1.41,52.0,48.92,32505900,1626770000.0,7.41,6.04,220.39,233.74,56.09,45.89,0.88
广东明珠,sh600382,8.6,8.36,8.51,13354400.0,8.6,77900,8.61,78200,2.87,8.73,8.47,13354400,114440000.0,1.92,3.11,59.72,59.72,9.2,7.52,0.62
中船汉光,sz300847,17.82,17.9,18.08,5029400.0,17.82,1100,17.83,13700,-0.45,18.23,17.68,5029400,90160000.0,1.7,3.07,52.75,52.75,21.48,14.32,0.7
汇洁股份,sz002763,7.75,7.65,7.79,4392800.0,7.74,34100,7.75,500,1.31,7.84,7.68,4392800,34070000.0,1.45,2.09,23.53,31.77,8.42,6.89,0.81
宁沪高速,sh600377,12.03,11.93,11.92,8478100.0,12.03,16600,12.04,39100,0.84,12.07,11.88,8478100,101470000.0,0.22,1.59,457.4,606.04,13.12,10.74,0.83
优利德,sh688628,42.35,40.86,42.0,156373100.0,42.16,400,42.35,200,3.65,42.7,41.58,156373100,65820000.0,1.4,2.74,47.33,47.33,49.03,32.69,0.76
包钢股份,sh600010,3.1,3.09,3.15,1548721000.0,3.09,5381700,3.1,7501400,0.32,3.24,3.06,1548721000,4834320000.0,4.94,5.83,972.8,1403.95,3.4,2.78,0.5
视源股份,sz002841,35.22,35.17,35.65,5108900.0,35.2,300,35.22,2200,0.14,35.88,34.93,5108900,180830000.0,0.98,2.7,183.62,245.14,38.69,31.65,1.08
越剑智能,sh603095,20.67,21.35,21.36,7121300.0,20.65,900,20.67,4700,-3.19,21.95,20.46,7121300,149220000.0,2.76,6.98,53.38,53.38,23.49,19.22,0.77
汉商集团,sh600774,9.56,9.56,9.72,5973200.0,9.56,12400,9.57,13600,0.0,9.78,9.52,5973200,57530000.0,2.03,2.72,28.19,28.21,10.52,8.6,0.69
君禾股份,sh603617,7.47,7.34,7.46,5136200.0,7.46,27300,7.47,32100,1.77,7.54,7.43,5136200,38470000.0,1.34,1.5,28.66,29.17,8.07,6.61,0.69
博俊科技,sz300926,28.85,28.61,28.9,3537200.0,28.81,3200,28.85,100,0.84,29.1,28.59,3537200,102080000.0,1.19,1.78,85.97,125.3,34.33,22.89,0.67
新媒股份,sz300770,41.85,41.48,42.18,2938000.0,41.83,300,41.85,22100,0.89,42.26,41.62,2938000,123360000.0,1.29,1.54,95.35,95.35,49.78,33.18,0.53
博汇股份,sz300839,14.31,15.18,14.92,34134900.0,14.31,83800,14.32,2500,-5.73,15.24,13.75,34134900,491360000.0,11.78,9.82,41.45,42.21,18.22,12.14,1.16
华林证券,sz002945,17.35,18.39,18.7,51603400.0,17.34,76700,17.35,69100,-5.66,18.7,17.18,51603400,905200000.0,1.91,8.27,468.45,468.45,20.23,16.55,1.49
南方路机,sh603280,37.78,36.3,36.69,5040700.0,37.76,1700,37.78,1900,4.08,39.93,36.69,5040700,195360000.0,18.04,8.93,10.56,40.96,39.93,32.67,2.61
中远海能,sh600026,24.98,23.79,23.07,221033400.0,24.97,273500,24.98,22600,5.0,26.04,22.41,221033400,5381330000.0,6.36,15.26,868.0,1365.21,26.17,21.41,1.36
西陇科学,sz002584,8.51,8.35,8.52,15510600.0,8.5,117100,8.51,15500,1.92,8.6,8.46,15510600,132290000.0,3.31,1.68,39.86,49.8,9.19,7.52,0.79
亿帆医药,sz002019,13.2,13.17,13.32,16862400.0,13.19,28600,13.2,20500,0.23,13.52,13.12,16862400,224560000.0,2.0,3.04,111.07,160.56,14.49,11.85,0.32
禾丰股份,sh603609,7.16,7.25,7.28,5041100.0,7.16,23700,7.17,49800,-1.24,7.31,7.12,5041100,36200000.0,0.56,2.62,65.03,65.03,7.98,6.53,1.14
侨源股份,sz301286,59.07,59.29,59.86,2254900.0,59.07,800,59.08,2700,-0.37,60.95,58.4,2254900,134740000.0,1.4,4.3,95.27,236.34,71.15,47.43,0.76
金天钛业,sh688750,20.49,20.67,21.01,717196700.0,20.49,2200,20.5,500,-0.87,21.1,20.27,717196700,148130000.0,3.08,4.02,47.72,94.77,24.8,16.54,0.53
三雄极光,sz300625,12.55,12.04,12.28,4904000.0,12.54,1600,12.55,4600,4.24,12.78,12.25,4904000,61750000.0,3.03,4.4,20.33,35.06,14.45,9.63,1.8
欧晶科技,sz001269,25.11,25.68,26.12,9451200.0,25.1,15600,25.11,5000,-2.22,26.2,25.08,9451200,240100000.0,4.91,4.36,48.31,48.31,28.25,23.11,1.53
成大生物,sh688739,24.92,24.91,25.05,174916400.0,24.92,21700,24.94,2500,0.04,25.19,24.91,174916400,43830000.0,0.42,1.12,103.78,103.78,29.89,19.93,0.88
涪陵电力,sh600452,14.48,13.62,14.1,135854200.0,14.48,6400,14.49,5200,6.31,14.8,14.1,135854200,1965800000.0,8.84,5.14,222.49,222.49,14.98,12.26,1.24
甘肃能化,sz000552,2.64,2.65,2.65,116379600.0,2.64,701700,2.65,106700,-0.38,2.67,2.58,116379600,305480000.0,3.12,3.4,98.36,141.29,2.92,2.39,0.87
圣邦股份,sz300661,62.6,62.48,63.68,10473800.0,62.59,52900,62.6,2800,0.19,63.75,62.25,10473800,660000000.0,1.77,2.4,371.06,386.9,74.98,49.98,0.69
伊力特,sh600197,12.77,12.82,12.86,3016800.0,12.77,9700,12.78,14500,-0.39,12.93,12.77,3016800,38750000.0,0.64,1.25,60.42,60.42,14.1,11.54,0.63
恒玄科技,sh688608,185.81,185.0,188.6,256785500.0,185.8,800,185.81,600,0.44,189.43,184.5,256785500,480310000.0,1.52,2.66,313.45,313.45,222.0,148.0,0.74
劲仔食品,sz003000,10.62,10.53,10.69,2806200.0,10.62,2600,10.63,4200,0.85,10.69,10.54,2806200,29780000.0,0.91,1.42,32.72,47.88,11.58,9.48,0.58
海达股份,sz300320,11.09,11.19,11.4,12175100.0,11.09,6100,11.1,45100,-0.89,11.46,11.04,12175100,136510000.0,2.51,3.75,53.87,66.68,13.43,8.95,0.64
开发科技,bj920029,85.55,84.68,85.0,602300.0,85.55,100,85.67,100,1.03,86.49,85.0,602300,51668700.0,1.56,1.76,32.93,118.82,110.08,59.28,0.6
东阿阿胶,sz000423,52.58,52.54,52.8,5127800.0,52.57,200,52.59,100,0.08,52.87,52.17,5127800,269090000.0,0.8,1.33,338.01,338.6,57.79,47.29,0.69
芯原股份,sh688521,241.08,229.0,241.0,2425438000.0,241.08,24300,241.1,800,5.28,248.29,235.0,2425438000,5862930000.0,4.61,5.8,1267.88,1267.88,274.8,183.2,1.0
钢研纳克,sz300797,16.69,16.54,16.83,4794200.0,16.68,4000,16.69,300,0.91,17.09,16.58,4794200,80850000.0,1.27,3.08,63.17,63.88,19.85,13.23,0.58
宗申动力,sz001696,23.22,22.98,22.5,79120100.0,23.21,105600,23.22,351900,1.04,23.45,22.3,79120100,1809390000.0,8.88,5.0,206.98,265.88,25.28,20.68,1.52
深水海纳,sz300961,13.83,13.69,14.1,3900800.0,13.83,10600,13.84,400,1.02,14.36,13.79,3900800,54640000.0,2.56,4.16,21.1,24.52,16.43,10.95,0.54
拓维信息,sz002261,35.5,37.2,37.88,182000800.0,35.5,157800,35.51,36300,-4.57,37.88,35.05,182000800,6557210000.0,15.89,7.61,406.71,447.24,40.92,33.48,1.03
姚记科技,sz002605,23.44,23.28,23.6,6020200.0,23.44,33900,23.45,11000,0.69,23.82,23.28,6020200,141400000.0,1.79,2.32,79.05,97.9,25.61,20.95,0.77
祥和实业,sh603500,11.87,11.68,11.79,10019400.0,11.86,12000,11.87,14800,1.63,12.07,11.68,10019400,118680000.0,3.02,3.34,39.39,39.5,12.85,10.51,0.53
欧莱新材,sh688530,34.79,35.32,36.0,1396300100.0,34.78,1200,34.79,18700,-1.5,36.87,34.1,1396300100,495150000.0,20.6,7.84,23.58,55.68,42.38,28.26,0.83
洲明科技,sz300232,8.26,7.36,8.37,261059600.0,8.26,382500,8.27,85900,12.23,8.83,8.08,261059600,2220260000.0,29.55,10.19,72.97,89.82,8.83,5.89,4.98
一心堂,sz002727,12.94,12.81,13.0,5966600.0,12.93,13200,12.94,23200,1.01,13.08,12.85,5966600,77160000.0,1.5,1.8,51.41,75.78,14.09,11.53,0.66
博敏电子,sh603936,13.14,13.04,13.34,33495600.0,13.14,9200,13.15,29700,0.77,13.46,13.03,33495600,444370000.0,5.31,3.3,82.83,82.83,14.34,11.74,0.68
中晟高科,sz002778,21.86,21.95,22.33,2353200.0,21.86,4400,21.87,300,-0.41,22.38,21.75,2353200,51750000.0,1.91,2.87,26.98,27.27,24.15,19.76,0.71
中油资本,sz000617,9.16,8.92,8.95,186678800.0,9.15,461000,9.16,143900,2.69,9.5,8.8,186678800,1698470000.0,1.48,7.85,1158.01,1158.01,9.81,8.03,1.02
中科创达,sz300496,66.2,65.3,66.77,10238000.0,66.19,5100,66.2,500,1.38,67.2,65.77,10238000,680500000.0,2.78,2.19,244.03,305.03,78.36,52.24,0.68
芯海科技,sh688595,33.0,32.25,33.1,310244500.0,32.99,700,33.0,27400,2.33,33.81,32.85,310244500,103170000.0,2.15,2.98,47.55,47.55,38.7,25.8,0.67
福安药业,sz300194,4.24,4.18,4.25,10359600.0,4.23,470100,4.24,297700,1.44,4.27,4.22,10359600,43950000.0,1.07,1.2,41.06,50.44,5.02,3.34,0.62
天宜新材,sh688033,10.13,10.47,10.68,2835204500.0,10.13,143600,10.15,20300,-3.25,10.75,10.06,2835204500,291310000.0,5.04,6.59,56.95,56.95,12.56,8.38,0.57
莱绅通灵,sh603900,8.06,8.0,8.15,9090000.0,8.06,6800,8.07,9800,0.75,8.2,8.01,9090000,73580000.0,2.66,2.37,27.54,27.65,8.8,7.2,0.64
泸州老窖,sz000568,103.93,103.64,104.3,6285300.0,103.93,4200,103.94,4100,0.28,104.89,103.43,6285300,654180000.0,0.43,1.41,1529.08,1529.79,114.0,93.28,0.56
万憬能源,sz002700,7.17,7.39,7.26,25343200.0,7.17,82400,7.18,42600,-2.98,7.36,7.12,25343200,182310000.0,9.62,3.25,18.89,29.66,8.13,6.65,0.97
盘龙药业,sz002864,33.7,33.49,33.79,2562300.0,33.68,200,33.7,6900,0.63,34.03,33.42,2562300,86480000.0,3.45,1.82,25.0,35.82,36.84,30.14,0.58
鄂尔多斯,sh600295,16.86,16.65,16.95,9015800.0,16.86,1400,16.88,7800,1.26,17.12,16.61,9015800,152090000.0,0.46,3.06,333.08,471.87,18.32,14.99,0.59
恒而达,sz300946,49.74,49.46,50.5,1407700.0,49.74,2200,49.75,900,0.57,51.0,49.48,1407700,70510000.0,1.86,3.07,37.71,77.6,59.35,39.57,0.77
拱东医疗,sh605369,17.75,17.62,17.7,1326100.0,17.75,2000,17.76,1000,0.74,17.87,17.67,1326100,23550000.0,0.6,1.14,39.14,39.14,19.38,15.86,0.85
众业达,sz002441,11.11,10.73,10.92,27535300.0,11.11,124200,11.12,80800,3.54,11.28,10.92,27535300,306460000.0,6.9,3.36,44.34,60.5,11.8,9.66,1.17
鸿博股份,sz002229,16.41,16.21,16.55,26858700.0,16.41,156600,16.42,33800,1.23,16.7,16.32,26858700,442710000.0,5.45,2.34,80.93,81.43,17.83,14.59,0.59
英集芯,sh688209,21.01,20.47,21.0,798034000.0,21.01,3400,21.02,13300,2.64,21.43,20.81,798034000,168800000.0,1.84,3.03,91.14,91.14,24.56,16.38,0.84
太极集团,sh600129,16.51,16.46,16.6,4844600.0,16.5,7300,16.51,48000,0.3,16.71,16.46,4844600,80140000.0,0.88,1.52,91.04,91.04,18.11,14.81,0.66
科德数控,sh688305,61.02,60.8,61.78,244084400.0,61.02,1800,61.03,500,0.36,62.45,60.66,244084400,150510000.0,1.85,2.94,80.68,81.1,72.96,48.64,0.72
中材节能,sh603126,7.83,7.65,7.74,13096600.0,7.82,41900,7.83,95100,2.35,8.04,7.72,13096600,102810000.0,2.15,4.18,47.8,47.8,8.42,6.89,0.94
星徽股份,sz300464,7.16,6.94,7.06,12524200.0,7.16,9200,7.17,30000,3.17,7.29,7.05,12524200,89990000.0,3.52,3.46,25.44,32.78,8.33,5.55,0.97
富安娜,sz002327,6.76,6.77,6.8,3349200.0,6.76,23100,6.77,73300,-0.15,6.81,6.75,3349200,22710000.0,0.68,0.89,33.19,56.67,7.45,6.09,0.49
汤姆猫,sz300459,4.64,4.45,4.53,162648800.0,4.63,1035700,4.64,678000,4.27,4.84,4.52,162648800,753620000.0,4.95,7.19,152.53,163.13,5.34,3.56,1.39
广安爱众,sh600979,5.28,5.28,5.3,144811600.0,5.28,351200,5.29,431800,0.0,5.53,5.25,144811600,776840000.0,11.75,5.3,65.06,66.62,5.81,4.75,0.99
日辰股份,sh603755,29.73,29.7,29.97,1383200.0,29.66,1600,29.73,56700,0.1,30.11,29.45,1383200,41140000.0,1.4,2.22,29.32,29.32,32.67,26.73,0.56
上海雅仕,sh603329,11.01,10.93,11.01,2755100.0,11.01,500,11.02,11200,0.73,11.16,10.97,2755100,30500000.0,1.33,1.74,22.72,27.53,12.02,9.84,0.72
三 力 士,sz002224,4.6,4.54,4.62,18594500.0,4.6,31700,4.61,185300,1.32,4.65,4.57,18594500,85810000.0,2.31,1.76,37.09,41.5,4.99,4.09,0.84
特  力Ａ,sz000025,17.4,17.4,17.61,5715700.0,17.39,58200,17.4,29900,0.0,17.64,17.35,5715700,99940000.0,1.46,1.67,68.34,75.0,19.14,15.66,0.85
南网科技,sh688248,52.08,50.9,51.79,444868100.0,52.08,800,52.09,500,2.32,53.5,51.52,444868100,233850000.0,0.79,3.89,294.1,294.1,61.08,40.72,1.11
S佳通,sh600182,14.21,14.15,14.25,1430800.0,14.21,2100,14.23,1700,0.42,14.35,14.19,1430800,20410000.0,0.84,1.13,24.16,48.31,14.86,13.44,0.6
格林达,sh603931,31.18,30.39,30.71,2792000.0,31.17,100,31.18,1000,2.6,31.6,30.71,2792000,87280000.0,1.4,2.93,62.22,62.22,33.43,27.35,0.84
华东数控,sz002248,13.82,13.46,13.75,21137700.0,13.82,63100,13.83,4500,2.67,14.11,13.68,21137700,292980000.0,6.87,3.19,42.5,42.5,14.81,12.11,0.57
奥康国际,sh603001,9.58,8.71,8.88,11445900.0,9.58,6716500,0.0,0,9.99,9.58,8.75,11445900,105900000.0,2.85,9.53,38.41,38.41,9.58,7.84,1.77
北特科技,sh603009,53.83,53.75,55.1,9413600.0,53.82,2300,53.83,4600,0.15,55.2,53.31,9413600,507030000.0,2.78,3.52,182.17,186.46,59.13,48.38,0.77
大金重工,sz002487,70.39,72.04,71.98,17577600.0,70.39,2200,70.5,1200,-2.29,71.98,67.7,17577600,1222580000.0,2.79,5.94,444.1,448.91,79.24,64.84,0.98
建研院,sh603183,4.62,4.54,4.63,10575300.0,4.61,17900,4.62,91000,1.76,4.69,4.59,10575300,49040000.0,2.13,2.2,22.97,22.97,4.99,4.09,0.86
京泉华,sz002885,32.3,31.92,32.56,41199500.0,32.3,39300,32.31,92300,1.19,32.86,31.7,41199500,1332280000.0,17.84,3.63,74.58,87.51,35.11,28.73,1.91
长虹美菱,sz000521,6.21,6.17,6.21,10213700.0,6.2,201500,6.21,33000,0.65,6.24,6.18,10213700,63440000.0,1.17,0.97,54.37,63.96,6.79,5.55,0.56
中控技术,sh688777,75.58,72.75,76.15,2521881100.0,75.58,3000,75.59,700,3.89,77.48,74.73,2521881100,1921670000.0,3.2,3.78,594.97,597.98,87.3,58.2,0.99
三德科技,sz300515,19.4,19.0,19.36,1981600.0,19.4,5200,19.42,8800,2.11,19.67,19.25,1981600,38610000.0,0.98,2.21,39.14,39.92,22.8,15.2,0.78
城投控股,sh600649,4.76,4.75,4.8,40603900.0,4.76,218100,4.77,276900,0.21,4.82,4.72,40603900,193380000.0,1.62,2.11,119.21,119.21,5.23,4.28,0.42
公元股份,sz002641,4.33,4.26,4.36,11408000.0,4.33,38000,4.34,126300,1.64,4.37,4.31,11408000,49540000.0,1.01,1.41,49.1,53.22,4.69,3.83,0.76
天舟文化,sz300148,4.66,4.51,4.61,49416200.0,4.66,268700,4.67,247100,3.33,4.72,4.53,49416200,229650000.0,6.07,4.21,37.94,39.27,5.41,3.61,0.94
迈赫股份,sz301199,23.89,23.39,23.84,2412000.0,23.88,19200,23.89,11900,2.14,24.32,23.77,2412000,58060000.0,3.36,2.35,17.13,44.6,28.07,18.71,0.97
派瑞股份,sz300831,18.66,17.12,17.03,44628400.0,18.65,48400,18.66,27300,9.0,18.78,17.03,44628400,807280000.0,24.19,10.22,34.42,59.71,20.54,13.7,1.68
广汇物流,sh600603,7.16,7.03,7.05,22374800.0,7.15,4600,7.16,32500,1.85,7.36,7.05,22374800,161300000.0,1.87,4.41,85.44,85.44,7.73,6.33,1.27
泰山石油,sz000554,10.89,11.62,11.44,124657500.0,10.89,137300,10.9,92800,-6.28,11.6,10.47,124657500,1371670000.0,34.37,9.72,39.49,52.36,12.78,10.46,1.91
文灿股份,sh603348,19.35,19.2,19.46,1300300.0,19.34,200,19.35,6400,0.78,19.55,19.22,1300300,25220000.0,0.41,1.72,60.85,60.85,21.12,17.28,0.63
筑博设计,sz300564,15.5,15.11,15.26,2080400.0,15.49,14500,15.5,14600,2.58,15.55,15.26,2080400,32110000.0,1.84,1.92,17.54,25.0,18.13,12.09,0.82
ST晨鸣,sz000488,2.36,2.33,2.36,38088400.0,2.35,227500,2.36,160000,1.29,2.43,2.33,38088400,90720000.0,2.27,4.29,39.68,69.42,2.45,2.21,0.6
雷神科技,bj920190,25.36,24.52,24.91,1966300.0,25.36,11200,25.38,4200,3.43,26.14,24.91,1966300,50275900.0,1.98,5.02,25.22,25.36,31.87,17.17,1.34
青矩技术,bj920208,24.25,23.89,24.12,880600.0,24.23,300,24.25,500,1.51,24.35,24.05,880600,21312300.0,0.9,1.26,23.7,32.45,31.05,16.73,0.96
致欧科技,sz301376,17.29,17.26,17.52,3076600.0,17.28,1200,17.29,10600,0.17,17.56,17.13,3076600,53160000.0,1.59,2.49,33.48,69.59,20.71,13.81,1.03
海天精工,sh601882,20.78,20.61,20.93,3307500.0,20.78,17500,20.79,700,0.82,21.06,20.69,3307500,69090000.0,0.63,1.8,108.47,108.47,22.67,18.55,0.45
蜀道装备,sz300540,24.56,24.98,25.4,13368500.0,24.56,47800,24.58,1000,-1.68,25.58,24.01,13368500,329220000.0,6.47,6.29,50.77,56.38,29.98,19.98,1.06
红墙股份,sz002809,12.44,12.62,12.79,8482700.0,12.44,4500,12.45,5300,-1.43,12.9,12.37,8482700,106310000.0,6.1,4.2,17.31,26.32,13.88,11.36,0.56
安杰思,sh688581,57.7,57.42,57.7,21098900.0,57.67,1400,57.7,800,0.49,58.16,57.64,21098900,12200000.0,0.51,0.91,23.98,46.81,68.9,45.94,0.36
禾迈股份,sh688032,108.22,113.78,117.41,256270000.0,108.22,7300,108.27,800,-4.89,117.7,107.63,256270000,282830000.0,2.07,8.85,134.27,134.27,136.54,91.02,1.09
益佰制药,sh600594,3.92,3.86,3.9,8344200.0,3.91,144200,3.92,118500,1.55,3.93,3.88,8344200,32640000.0,1.05,1.3,31.04,31.04,4.25,3.47,0.62
冠盛股份,sh605088,33.68,33.11,33.7,1912300.0,33.68,1300,33.7,12100,1.72,33.85,33.11,1912300,64280000.0,0.96,2.23,67.26,68.28,36.42,29.8,0.56
超达装备,sz301186,50.1,49.69,50.58,839900.0,50.0,13400,50.1,1800,0.83,51.02,49.76,839900,42300000.0,1.11,2.54,37.9,40.36,59.63,39.75,0.67
麦克奥迪,sz300341,16.12,15.51,15.79,9455100.0,16.12,3600,16.13,7100,3.93,16.29,15.76,9455100,151810000.0,1.83,3.42,83.08,83.41,18.61,12.41,1.31
伟星股份,sz002003,10.16,9.98,10.0,11575600.0,10.16,121000,10.17,5600,1.8,10.22,9.96,11575600,117460000.0,1.13,2.61,103.85,120.79,10.98,8.98,0.85
神奇制药,sh600613,6.2,6.14,6.22,5709500.0,6.19,10800,6.2,11900,0.98,6.26,6.16,5709500,35460000.0,1.19,1.63,29.72,33.11,6.75,5.53,0.78
天风证券,sh601162,3.94,3.93,3.96,88543100.0,3.94,1685100,3.95,1799100,0.25,3.98,3.93,88543100,350100000.0,1.03,1.27,338.76,396.92,4.32,3.54,0.71
九阳股份,sz002242,9.72,9.6,9.75,6310300.0,9.72,11500,9.73,12600,1.25,9.79,9.67,6310300,61390000.0,0.83,1.25,74.04,74.17,10.56,8.64,0.71
遥望科技,sz002291,7.0,6.85,7.02,36317700.0,6.99,343800,7.0,231000,2.19,7.06,6.96,36317700,254500000.0,4.18,1.46,60.84,65.46,7.54,6.17,0.67
天富能源,sh600509,9.0,8.89,9.03,44518100.0,8.99,620900,9.0,246900,1.24,9.19,8.95,44518100,402760000.0,3.24,2.7,123.7,123.7,9.78,8.0,0.67
迈瑞医疗,sz300760,176.2,175.75,178.0,5098100.0,176.2,1300,176.22,100,0.26,178.3,175.9,5098100,901180000.0,0.42,1.37,2136.26,2136.32,210.9,140.6,0.69
三利谱,sz002876,28.1,26.68,27.22,9122700.0,28.1,32800,28.11,100,5.32,28.55,27.16,9122700,256750000.0,6.12,5.21,41.85,48.86,29.35,24.01,1.45
梦洁股份,sz002397,4.2,4.14,4.18,11674500.0,4.19,24200,4.2,205200,1.45,4.26,4.16,11674500,49090000.0,1.8,2.42,27.21,31.41,4.55,3.73,0.52
健民集团,sh600976,31.13,31.15,31.46,1095300.0,31.13,1600,31.15,5600,-0.06,31.47,31.09,1095300,34200000.0,0.71,1.22,47.72,47.75,34.27,28.04,0.65
国星光电,sz002449,8.76,7.96,8.6,16051500.0,8.76,10422200,0.0,0,10.05,8.76,8.6,16051500,140420000.0,2.6,2.01,54.18,54.18,8.76,7.16,1.19
拓日新能,sz002218,6.18,6.11,6.22,97709900.0,6.17,217400,6.18,81600,1.15,6.28,6.08,97709900,603570000.0,7.02,3.27,86.05,87.32,6.72,5.5,0.64
金诚信,sh603979,71.61,73.47,74.93,7918900.0,71.6,2700,71.61,6600,-2.53,74.98,70.52,7918900,571600000.0,1.27,6.07,446.69,446.69,80.82,66.12,1.09
*ST亿通,sz300211,8.71,8.4,8.56,2449600.0,8.71,13500,8.72,26100,3.69,8.75,8.53,2449600,21250000.0,0.82,2.62,25.88,26.47,10.08,6.72,0.82
中国外运,sh601598,5.81,5.75,5.83,25446800.0,5.81,59200,5.82,9900,1.04,5.85,5.72,25446800,147280000.0,0.49,2.26,299.65,416.79,6.33,5.18,0.74
国货航,sz001391,5.74,5.71,5.74,13552900.0,5.74,213300,5.75,252900,0.53,5.76,5.72,13552900,77830000.0,0.89,0.7,87.21,700.79,6.28,5.14,0.52
英诺特,sh688253,33.64,33.51,34.18,115657400.0,33.63,5000,33.64,600,0.39,34.43,33.52,115657400,39270000.0,0.84,2.72,46.08,46.08,40.21,26.81,0.63
华纳药厂,sh688799,41.96,41.48,41.68,126294600.0,41.95,5900,41.96,2100,1.16,42.28,41.68,126294600,53010000.0,0.96,1.45,55.1,55.1,49.78,33.18,0.63
汇中股份,sz300371,13.5,13.32,13.48,4046200.0,13.49,2000,13.5,1700,1.35,13.7,13.32,4046200,54620000.0,3.01,2.85,18.15,27.16,15.98,10.66,1.18
金逸影视,sz002905,10.07,9.93,10.09,7941000.0,10.06,16400,10.07,19100,1.41,10.17,9.97,7941000,80010000.0,2.27,2.01,35.19,37.9,10.92,8.94,0.69
延江股份,sz300658,27.43,26.33,28.21,45957700.0,27.43,8700,27.45,4100,4.18,29.92,26.6,45957700,1292280000.0,20.38,12.61,61.86,91.28,31.6,21.06,0.97
百奥赛图,sh688796,71.07,69.69,70.0,79014100.0,71.05,400,71.07,100,1.98,72.99,70.0,79014100,56730000.0,2.2,4.29,25.51,317.61,83.63,55.75,0.5
林海股份,sh600099,10.84,10.73,10.86,3291500.0,10.83,1000,10.84,10500,1.03,11.1,10.77,3291500,35970000.0,1.5,3.08,23.75,23.75,11.8,9.66,0.84
海澜之家,sh600398,6.15,6.3,6.32,48040300.0,6.15,94800,6.16,130400,-2.38,6.34,6.13,48040300,298230000.0,1.0,3.33,295.37,295.37,6.93,5.67,0.79
摩尔线程-U,sh688795,579.89,558.99,570.0,247260500.0,579.89,100,579.9,200,3.74,586.8,563.0,247260500,1432750000.0,8.42,4.26,170.39,2725.65,670.79,447.19,0.98
申通快递,sz002468,13.17,13.16,13.46,19353100.0,13.16,13400,13.17,6100,0.08,13.65,13.11,19353100,256680000.0,1.32,4.1,193.23,201.61,14.48,11.84,0.44
新柴股份,sz301032,12.61,12.58,12.82,6091100.0,12.61,400,12.62,10400,0.24,13.09,12.53,6091100,77420000.0,3.81,4.45,20.16,30.41,15.1,10.06,1.12
星星科技,sz300256,3.77,3.62,3.66,38345100.0,3.77,71400,3.78,397800,4.14,3.85,3.66,38345100,145070000.0,1.71,5.25,84.58,85.52,4.34,2.9,1.31
天润工业,sz002283,10.04,9.71,9.9,63654700.0,10.03,120900,10.04,204900,3.4,10.47,9.86,63654700,644010000.0,6.34,6.28,100.75,114.4,10.68,8.74,0.76
诚迈科技,sz300598,40.31,40.3,41.09,3688100.0,40.31,15000,40.32,1900,0.02,41.18,40.13,3688100,149610000.0,1.7,2.61,87.44,87.47,48.36,32.24,0.58
漫步者,sz002351,11.72,11.62,11.76,5268000.0,11.72,16500,11.73,29900,0.86,11.8,11.64,5268000,61820000.0,1.01,1.38,61.07,104.2,12.78,10.46,0.61
九洲集团,sz300040,7.55,7.52,7.55,89339100.0,7.54,133400,7.55,163000,0.4,7.84,7.48,89339100,681020000.0,17.27,4.79,39.06,48.58,9.02,6.02,1.27
汇宇制药-W,sh688553,17.89,17.64,17.8,391749700.0,17.89,200,17.9,700,1.42,18.36,17.78,391749700,70580000.0,1.14,3.29,61.46,75.78,21.17,14.11,1.05
美新科技,sz301588,25.4,25.36,25.78,3510900.0,25.4,11800,25.43,4700,0.16,26.25,25.02,3510900,89870000.0,4.79,4.85,18.63,30.19,30.43,20.29,0.89
宝莱特,sz300246,12.47,12.54,12.76,6299900.0,12.47,6000,12.49,2700,-0.56,12.83,12.38,6299900,79440000.0,2.98,3.59,26.35,33.0,15.05,10.03,0.69
千味央厨,sz001215,38.8,37.15,37.8,2823300.0,38.78,400,38.8,7400,4.44,39.0,37.29,2823300,108030000.0,2.92,4.6,37.55,37.7,40.87,33.44,1.0
英力股份,sz300956,16.14,15.99,16.31,6715700.0,16.14,900,16.15,5600,0.94,16.48,16.0,6715700,108800000.0,3.19,3.0,33.97,34.77,19.19,12.79,1.14
恒顺醋业,sh600305,7.72,7.71,7.74,6120500.0,7.72,4600,7.73,48300,0.13,7.77,7.71,6120500,47380000.0,0.55,0.78,85.15,85.42,8.48,6.94,0.64
洽洽食品,sz002557,22.75,22.71,22.8,3976900.0,22.75,700,22.77,5600,0.18,23.05,22.63,3976900,90570000.0,0.79,1.85,114.84,115.08,24.98,20.44,0.7
德展健康,sz000813,3.57,3.56,3.61,22216600.0,3.56,410900,3.57,179400,0.28,3.61,3.55,22216600,79360000.0,1.06,1.69,74.85,74.87,3.92,3.2,0.6
龙韵股份,sh603729,17.53,17.16,17.36,3749000.0,17.52,500,17.53,7000,2.16,17.84,17.34,3749000,65740000.0,4.02,2.91,16.36,16.36,18.88,15.44,0.82
拓山重工,sz001226,44.42,43.37,44.25,1194500.0,44.37,1100,44.42,10200,2.42,45.38,43.2,1194500,52950000.0,1.6,5.03,33.17,33.17,47.71,39.03,1.0
外高桥,sh600648,10.25,10.13,10.16,2594100.0,10.24,17800,10.25,40700,1.18,10.27,10.14,2594100,26500000.0,0.23,1.28,116.62,139.39,11.14,9.12,0.82
招商港口,sz001872,21.05,21.35,21.36,5955100.0,21.03,10200,21.05,1000,-1.41,21.5,20.9,5955100,125450000.0,0.26,2.81,484.55,522.42,23.49,19.22,0.63
国科微,sz300672,139.78,139.15,144.0,6761300.0,139.76,100,139.78,700,0.45,144.0,139.6,6761300,956480000.0,3.21,3.16,294.01,303.47,166.98,111.32,0.62
公牛集团,sh603195,42.88,42.26,42.59,2339000.0,42.87,400,42.88,700,1.47,43.07,42.52,2339000,100280000.0,0.13,1.3,772.12,775.23,46.49,38.03,0.66
欣灵电气,sz301388,37.76,38.0,37.98,13033100.0,37.76,69500,37.77,1500,-0.63,41.33,37.43,13033100,509580000.0,47.64,10.26,10.33,38.68,45.6,30.4,1.88
五洋自控,sz300420,4.06,3.96,4.03,31495800.0,4.05,118000,4.06,250800,2.53,4.1,4.02,31495800,127860000.0,2.82,2.02,45.32,45.33,4.75,3.17,0.78
爱科科技,sh688092,30.52,29.81,30.2,129686400.0,30.46,2100,30.52,3100,2.38,30.87,30.19,129686400,39710000.0,1.57,2.28,25.23,25.23,35.77,23.85,0.79
埃夫特-U,sh688165,18.52,18.27,18.56,650246800.0,18.52,1100,18.53,16300,1.37,18.82,18.44,650246800,120950000.0,1.25,2.08,96.63,96.63,21.92,14.62,0.74
乐山电力,sh600644,13.67,12.91,13.1,98843300.0,13.67,284200,13.68,79000,5.89,13.99,13.07,98843300,1337380000.0,17.09,7.13,79.06,79.06,14.2,11.62,1.14
青山纸业,sh600103,3.71,3.62,3.7,64376400.0,3.7,866400,3.71,655000,2.49,3.76,3.68,64376400,239680000.0,2.91,2.21,82.08,83.13,3.98,3.26,0.73
英华特,sz301272,41.77,41.46,42.27,762500.0,41.73,100,41.77,1100,0.75,42.89,41.45,762500,32210000.0,2.43,3.47,13.09,24.44,49.75,33.17,0.55
亚星锚链,sh601890,12.5,12.71,12.8,75437700.0,12.5,39300,12.51,56400,-1.65,12.81,12.39,75437700,943650000.0,7.86,3.3,119.92,119.92,13.98,11.44,0.56
华钰矿业,sh601020,35.93,36.87,37.28,41961800.0,35.92,5500,35.93,1000,-2.55,37.48,35.47,41961800,1517580000.0,5.12,5.45,294.61,294.61,40.56,33.18,0.65
新黄浦,sh600638,6.69,6.55,6.62,10717100.0,6.68,38200,6.69,21100,2.14,6.84,6.62,10717100,72400000.0,1.59,3.36,45.05,45.05,7.21,5.9,0.85
宁波华翔,sz002048,28.93,28.46,29.01,13387000.0,28.92,100,28.93,3900,1.65,29.44,28.72,13387000,390130000.0,1.89,2.53,205.34,235.44,31.31,25.61,0.77
晋控煤业,sh601001,17.14,17.29,17.0,28136300.0,17.13,2100,17.14,8100,-0.87,17.29,16.62,28136300,477650000.0,1.68,3.88,286.87,286.87,19.02,15.56,0.69
北自科技,sh603082,38.39,37.7,39.59,3184000.0,38.39,1600,38.4,300,1.83,39.87,38.23,3184000,124660000.0,7.85,4.35,15.57,62.28,41.47,33.93,1.09
梓橦宫,bj920566,11.26,11.04,11.1,1522000.0,11.26,112900,11.27,72200,1.99,11.32,11.1,1522000,17103100.0,1.35,1.99,12.65,16.38,14.35,7.73,0.83
蠡湖股份,sz300694,12.47,12.28,12.47,4719400.0,12.47,7700,12.48,800,1.55,12.7,12.38,4719400,59230000.0,2.17,2.61,27.07,27.07,14.74,9.82,0.81
泰凌微,sh688591,39.12,38.89,39.8,329962800.0,39.12,25500,39.15,2300,0.59,39.99,38.9,329962800,130390000.0,1.96,2.8,65.89,94.18,46.67,31.11,0.56
毕得医药,sh688073,53.18,51.8,52.47,98834000.0,53.15,500,53.18,100,2.66,53.92,52.47,98834000,52620000.0,2.29,2.8,22.99,48.33,62.16,41.44,0.87
碧水源,sz300070,4.08,3.98,4.03,60285600.0,4.08,339600,4.09,271900,2.51,4.12,4.02,60285600,245640000.0,1.79,2.51,137.57,147.87,4.78,3.18,1.0
中信特钢,sz000708,17.6,17.46,17.8,15479500.0,17.59,1500,17.6,1700,0.8,17.84,17.46,15479500,272360000.0,0.31,2.18,888.3,888.3,19.21,15.71,0.51
珍宝岛,sh603567,7.52,7.46,7.5,10171900.0,7.52,26200,7.53,40300,0.8,7.58,7.45,10171900,76420000.0,1.08,1.74,70.65,70.76,8.21,6.71,0.77
衢州发展,sh600208,3.45,3.45,3.51,48803400.0,3.45,124400,3.46,656000,0.0,3.52,3.43,48803400,169600000.0,0.57,2.61,293.53,293.56,3.8,3.11,0.63
科威尔,sh688551,45.9,49.0,49.95,783382000.0,45.9,5700,46.15,1000,-6.33,49.95,45.12,783382000,362500000.0,9.32,9.86,38.59,38.59,58.8,39.2,2.4
哈尔斯,sz002615,9.2,9.2,9.27,12345800.0,9.2,161600,9.21,4400,0.0,9.38,9.04,12345800,113540000.0,4.03,3.7,28.16,42.9,10.12,8.28,0.73
ST雪发,sz002485,5.05,5.31,5.39,16864600.0,5.05,25000,5.06,31300,-4.9,5.4,5.04,16864600,87310000.0,3.1,6.78,27.47,27.47,5.58,5.04,1.47
农 产 品,sz000061,8.84,9.12,9.12,19300500.0,8.83,47900,8.84,69700,-3.07,9.13,8.81,19300500,171960000.0,1.14,3.51,150.01,175.47,10.03,8.21,1.14
瀚蓝环境,sh600323,28.28,28.21,28.22,5802900.0,28.25,5800,28.28,12500,0.25,28.47,27.93,5802900,163520000.0,0.71,1.91,230.58,230.58,31.03,25.39,0.76
安利股份,sz300218,16.64,16.61,16.9,5255500.0,16.64,110900,16.65,3800,0.18,16.95,16.52,5255500,88070000.0,2.43,2.59,35.99,36.11,19.93,13.29,0.68
平治信息,sz300571,28.67,28.03,28.86,4176200.0,28.66,5400,28.67,200,2.28,29.09,28.38,4176200,119890000.0,3.61,2.53,33.15,40.0,33.64,22.42,0.59
中设咨询,bj920873,7.9,7.96,8.01,2488800.0,7.89,14600,7.9,18700,-0.75,8.03,7.82,2488800,19700000.0,2.08,2.64,9.46,12.12,10.34,5.58,1.15
康美药业,sh600518,1.86,1.86,1.87,112282700.0,1.86,18573600,1.87,2113200,0.0,1.88,1.86,112282700,210150000.0,0.81,1.08,257.1,257.22,2.05,1.67,0.57
宝利国际,sz300135,4.41,4.67,4.62,99079900.0,4.41,303100,4.42,273700,-5.57,4.66,4.31,99079900,439750000.0,10.75,7.49,40.64,40.64,5.6,3.74,0.94
上声电子,sh688533,32.21,31.07,31.99,227139900.0,32.2,11800,32.21,100,3.67,32.27,31.45,227139900,72460000.0,1.38,2.64,53.14,53.14,37.28,24.86,0.86
展鹏科技,sh603488,10.11,10.09,9.99,18549200.0,10.11,13700,10.12,22700,0.2,10.38,9.74,18549200,186090000.0,6.35,6.34,29.52,29.52,11.1,9.08,1.24
天下秀,sh600556,6.6,6.45,6.55,61058500.0,6.6,59900,6.61,314400,2.33,6.68,6.53,61058500,402970000.0,3.38,2.33,119.31,119.31,7.1,5.81,0.68
每日互动,sz300766,41.87,43.1,43.12,34579300.0,41.87,4900,41.88,40100,-2.85,43.27,41.55,34579300,1454870000.0,9.65,3.99,150.0,165.28,51.72,34.48,0.74
珠江啤酒,sz002461,9.39,9.5,9.53,12294800.0,9.39,27700,9.4,10100,-1.16,9.63,9.31,12294800,116450000.0,0.56,3.37,207.83,207.83,10.45,8.55,1.08
浪潮软件,sh600756,15.95,15.75,15.99,7085800.0,15.94,7300,15.95,9000,1.27,16.12,15.84,7085800,113220000.0,2.19,1.78,51.69,55.77,17.33,14.18,0.59
华光环能,sh600475,21.89,20.85,21.4,37992600.0,21.89,63200,21.9,43300,4.99,22.25,20.77,37992600,821870000.0,4.03,7.1,206.4,209.26,22.94,18.77,1.53
新光药业,sz300519,15.59,15.37,15.57,1961200.0,15.58,1500,15.59,6100,1.43,15.71,15.49,1961200,30590000.0,1.72,1.43,17.79,24.94,18.44,12.3,0.56
华东重机,sz002685,7.32,7.13,7.23,21901600.0,7.31,97700,7.32,8900,2.66,7.42,7.15,21901600,159830000.0,2.17,3.79,73.75,73.76,7.84,6.42,0.63
幸福蓝海,sz300528,17.28,17.38,17.69,12135700.0,17.27,1000,17.28,3300,-0.58,17.8,17.17,12135700,211560000.0,3.26,3.62,64.39,64.39,20.86,13.9,0.63
中船科技,sh600072,13.02,13.04,13.2,20502100.0,13.02,14000,13.03,6400,-0.15,13.25,12.98,20502100,268040000.0,1.89,2.07,141.05,195.38,14.34,11.74,0.6
东方中科,sz002819,27.7,26.97,27.4,3144200.0,27.69,1800,27.7,200,2.71,27.97,27.27,3144200,87000000.0,1.34,2.6,65.12,82.99,29.67,24.27,0.78
羚锐制药,sh600285,21.32,21.21,21.35,5252000.0,21.32,2700,21.35,1600,0.52,21.46,21.19,5252000,111900000.0,0.93,1.27,120.64,120.91,23.33,19.09,0.76
创力集团,sh603012,8.08,7.92,8.04,16528400.0,8.07,49900,8.08,32400,2.02,8.21,8.02,16528400,133740000.0,2.56,2.4,52.24,52.24,8.71,7.13,0.63
稳健医疗,sz300888,33.7,33.73,34.15,4214200.0,33.7,4800,33.74,2400,-0.09,34.36,33.55,4214200,142730000.0,0.72,2.4,196.03,196.25,40.48,26.98,1.04
三变科技,sz002112,24.31,23.26,23.63,88526800.0,24.31,31600,24.32,165800,4.51,24.8,23.6,88526800,2149130000.0,33.78,5.16,63.71,71.5,25.59,20.93,1.5
汉缆股份,sz002498,8.94,8.13,8.92,64461200.0,8.94,54586000,0.0,0,9.96,8.94,8.9,64461200,575890000.0,1.94,0.49,297.42,297.42,8.94,7.32,0.2
巴兰仕,bj920112,37.31,37.27,37.78,119700.0,37.31,1100,37.43,700,0.11,37.78,37.22,119700,4485100.0,0.52,1.5,8.65,31.66,48.45,26.09,0.53
罗普斯金,sz002333,5.79,5.69,5.78,7270900.0,5.79,48500,5.8,7700,1.76,5.86,5.75,7270900,42230000.0,1.09,1.93,38.59,39.08,6.26,5.12,0.58
爱乐达,sz300696,30.33,30.45,30.69,6030800.0,30.32,100,30.33,100,-0.39,30.99,30.01,6030800,183140000.0,2.27,3.22,80.64,88.91,36.54,24.36,0.7
金鹰重工,sz301048,11.07,10.94,11.06,3625700.0,11.06,4200,11.07,4200,1.19,11.18,11.01,3625700,40250000.0,0.68,1.55,59.04,59.04,13.13,8.75,0.83
宏昌科技,sz301008,32.32,32.39,32.8,1415900.0,32.3,5000,32.32,2200,-0.22,33.12,32.13,1415900,46140000.0,1.22,3.06,37.44,42.33,38.87,25.91,0.63
亚厦股份,sz002375,4.11,4.01,4.1,16756700.0,4.1,25900,4.11,94700,2.49,4.15,4.08,16756700,68980000.0,1.26,1.75,54.53,55.07,4.41,3.61,0.8
安凯微,sh688620,11.11,10.78,11.08,566479100.0,11.11,36000,11.12,18200,3.06,11.28,11.06,566479100,63210000.0,2.44,2.04,25.81,43.55,12.94,8.62,0.74
祥生医疗,sh688358,31.28,30.9,31.21,118528900.0,31.28,100,31.3,200,1.23,31.72,31.05,118528900,37110000.0,1.06,2.17,35.03,35.07,37.08,24.72,0.76
太平鸟,sh603877,15.12,15.2,15.27,1762700.0,15.12,8100,15.13,900,-0.53,15.29,15.02,1762700,26700000.0,0.38,1.78,70.96,71.23,16.72,13.68,0.89
中储股份,sh600787,5.78,5.75,5.8,33563400.0,5.78,82500,5.79,209900,0.52,5.84,5.73,33563400,193980000.0,1.55,1.91,125.43,125.43,6.33,5.18,0.95
凤凰股份,sh600716,4.7,4.47,4.54,17979900.0,4.69,69900,4.7,24200,5.15,4.72,4.46,17979900,83020000.0,1.92,5.82,43.99,43.99,4.92,4.02,0.96
弘景光电,sz301479,91.5,84.56,85.45,2563700.0,91.48,500,91.5,4500,8.21,92.0,85.45,2563700,231630000.0,12.21,7.75,19.22,81.4,101.47,67.65,2.89
中天火箭,sz003009,73.94,75.07,74.99,12528500.0,73.94,29500,73.95,5800,-1.51,75.01,71.9,12528500,916170000.0,8.06,4.14,114.91,114.93,82.58,67.56,1.09
奥美医疗,sz002950,10.46,10.37,10.51,4018200.0,10.45,10900,10.46,10300,0.87,10.6,10.43,4018200,42210000.0,0.89,1.64,47.28,66.24,11.41,9.33,0.74
乔锋智能,sz301603,70.67,69.56,70.86,1757600.0,70.67,400,70.7,1000,1.6,72.19,70.24,1757600,125380000.0,4.66,2.8,26.67,85.34,83.47,55.65,0.84
瑞凌股份,sz300154,8.7,8.5,8.67,6619200.0,8.69,59400,8.7,58100,2.35,8.84,8.63,6619200,57670000.0,2.1,2.47,27.41,39.11,10.2,6.8,1.1
上海汽配,sh603107,14.68,14.56,14.69,2371800.0,14.66,4100,14.68,1400,0.82,14.77,14.64,2371800,34870000.0,1.09,0.89,32.03,49.52,16.02,13.1,0.66
红太阳,sz000525,6.88,6.83,7.32,162368700.0,6.87,215200,6.88,139000,0.73,7.32,6.81,162368700,1143740000.0,14.6,7.47,76.49,89.66,7.51,6.15,2.13
林州重机,sz002535,3.74,3.67,3.73,11890500.0,3.74,16300,3.75,106200,1.91,3.78,3.72,11890500,44570000.0,1.59,1.63,27.91,29.98,4.04,3.3,0.72
鼎际得,sh603255,30.61,30.2,30.84,1674600.0,30.55,2000,30.61,3700,1.36,31.31,30.3,1674600,51420000.0,2.76,3.34,18.57,41.2,33.22,27.18,0.61
亿华通-U,sh688339,35.13,33.75,33.75,1612952400.0,35.12,13800,35.13,1700,4.09,35.98,33.75,1612952400,562220000.0,8.24,6.61,68.78,84.5,40.5,27.0,1.66
神州泰岳,sz300002,10.55,10.28,10.44,70364300.0,10.55,20800,10.56,71500,2.63,10.95,10.3,70364300,743620000.0,3.86,6.32,192.28,207.54,12.34,8.22,1.08
*ST声迅,sz003004,28.84,28.69,28.99,663800.0,28.8,1300,28.85,5800,0.52,29.2,28.48,663800,19150000.0,0.97,2.51,19.82,23.61,30.12,27.26,0.96
利通电子,sh603629,57.79,57.26,59.8,32781100.0,57.79,79900,57.8,2500,0.93,60.17,55.8,32781100,1896620000.0,12.76,7.63,148.43,151.63,62.99,51.53,0.9
湖南投资,sz000548,5.6,5.52,5.62,7954700.0,5.58,45600,5.6,325400,1.45,5.65,5.55,7954700,44610000.0,1.59,1.81,27.95,27.96,6.07,4.97,0.91
艾德生物,sz300685,19.58,19.51,19.83,4928100.0,19.57,300,19.58,2900,0.36,19.86,19.47,4928100,96790000.0,1.26,2.0,76.28,76.66,23.41,15.61,0.87
祥源新材,sz300980,35.45,32.05,32.95,8068700.0,35.44,700,35.45,100,10.61,37.0,32.44,8068700,283300000.0,8.2,14.23,34.86,48.94,38.46,25.64,2.53
精华制药,sz002349,7.42,7.3,7.42,12447400.0,7.41,50200,7.42,11600,1.64,7.47,7.38,12447400,92370000.0,1.53,1.23,60.41,61.56,8.03,6.57,0.82
道恩股份,sz002838,26.2,26.04,26.53,2474200.0,26.19,6300,26.2,20700,0.61,26.69,25.95,2474200,65020000.0,0.59,2.84,110.21,125.34,28.64,23.44,0.47
正裕工业,sh603089,13.08,12.89,13.07,2434600.0,13.08,20000,13.09,3000,1.47,13.32,13.02,2434600,32100000.0,1.01,2.33,31.4,31.4,14.18,11.6,0.64
古越龙山,sh600059,9.36,9.32,9.39,9992900.0,9.36,8200,9.37,49200,0.43,9.43,9.29,9992900,93420000.0,1.1,1.5,85.32,85.32,10.25,8.39,0.7
国机通用,sh600444,18.9,18.52,18.7,2595400.0,18.89,300,18.9,3100,2.05,19.06,18.7,2595400,48980000.0,1.77,1.94,27.67,27.67,20.37,16.67,0.65
三博脑科,sz301293,74.02,70.77,72.36,18529300.0,74.02,900,74.03,2000,4.59,76.66,71.75,18529300,1380020000.0,11.51,6.94,119.13,152.47,84.92,56.62,1.76
西昌电力,sh600505,15.4,15.05,15.28,27782300.0,15.4,81600,15.41,6200,2.33,15.8,15.22,27782300,429810000.0,7.62,3.85,56.14,56.14,16.56,13.55,1.04
明微电子,sh688699,47.16,45.42,46.42,423115100.0,47.16,3100,47.17,600,3.83,48.35,46.42,423115100,200930000.0,3.84,4.25,51.91,51.91,54.5,36.34,1.09
金帝股份,sh603270,25.47,25.13,25.47,2121400.0,25.47,5600,25.48,3200,1.35,25.87,25.31,2121400,54240000.0,3.0,2.23,18.01,55.81,27.64,22.62,0.6
贵绳股份,sh600992,13.53,13.49,13.59,4281800.0,13.51,900,13.53,6000,0.3,13.71,13.47,4281800,58120000.0,1.75,1.78,33.16,33.16,14.84,12.14,0.74
赛伦生物,sh688163,23.41,23.32,23.57,95124800.0,23.41,1300,23.42,400,0.39,23.96,23.29,95124800,22470000.0,0.88,2.87,25.33,25.33,27.98,18.66,0.63
中密控股,sz300470,39.3,39.25,39.68,3740100.0,39.29,1000,39.3,2500,0.13,39.74,39.0,3740100,147340000.0,1.9,1.89,77.54,81.73,47.1,31.4,0.66
捷昌驱动,sh603583,34.28,34.1,34.71,3632700.0,34.28,1900,34.29,200,0.53,34.82,34.03,3632700,125000000.0,0.95,2.32,131.03,132.24,37.51,30.69,0.65
神州细胞,sh688520,37.09,36.89,37.46,132329300.0,37.09,2200,37.1,200,0.54,37.57,36.63,132329300,49220000.0,0.3,2.55,165.18,165.18,44.27,29.51,0.62
海尔生物,sh688139,31.1,31.02,31.32,158180000.0,31.1,4400,31.19,500,0.26,31.47,30.92,158180000,49360000.0,0.5,1.77,98.43,98.43,37.22,24.82,0.65
ST嘉澳,sh603822,118.0,113.0,112.11,2027600.0,118.0,200,118.41,2000,4.42,118.65,112.11,2027600,236610000.0,2.64,5.79,90.65,90.65,118.65,107.35,1.04
普莱柯,sh603566,13.35,13.39,13.6,4039600.0,13.35,8300,13.36,4100,-0.3,13.66,13.29,4039600,54380000.0,1.17,2.76,46.2,46.2,14.73,12.05,0.79
蓝箭电子,sz301348,26.64,26.15,26.84,11580700.0,26.64,8700,26.65,14900,1.87,27.2,26.41,11580700,310690000.0,7.46,3.02,41.33,63.94,31.38,20.92,0.55
意华股份,sz002897,69.8,68.52,70.77,27015300.0,69.8,4900,69.81,4600,1.87,71.28,67.01,27015300,1864470000.0,14.81,6.23,127.33,135.33,75.37,61.67,1.02
致尚科技,sz301486,188.54,189.15,193.0,5886100.0,188.5,200,188.54,2600,-0.32,193.05,181.15,5886100,1102650000.0,8.12,6.29,136.6,242.62,226.98,151.32,0.81
秀强股份,sz300160,5.77,5.6,5.67,12157000.0,5.77,3000,5.78,226000,3.04,5.83,5.66,12157000,70120000.0,1.59,3.04,43.99,44.6,6.72,4.48,0.95
中英科技,sz300936,46.8,48.25,48.57,5447000.0,46.79,100,46.8,5300,-3.01,50.46,46.32,5447000,261240000.0,11.48,8.58,22.21,35.19,57.9,38.6,0.83
首航新能,sz301658,36.45,37.5,37.42,17456900.0,36.44,4300,36.45,44600,-2.8,38.15,35.1,17456900,626840000.0,42.33,8.13,15.03,150.31,45.0,30.0,1.67
芒果超媒,sz300413,22.41,22.18,22.58,14535100.0,22.41,31100,22.42,8400,1.04,22.67,22.27,14535100,326580000.0,1.42,1.8,228.96,419.23,26.62,17.74,0.64
湖北广电,sz000665,5.19,5.08,5.19,14734800.0,5.19,180800,5.2,285200,2.17,5.23,5.16,14734800,76510000.0,1.3,1.38,59.02,59.02,5.59,4.57,0.74
昆工科技,bj920152,20.44,20.01,20.0,670000.0,20.43,700,20.44,2600,2.15,20.66,20.0,670000,13574700.0,0.82,3.3,16.79,22.76,26.01,14.01,0.48
国科天成,sz301571,62.99,61.81,62.45,5625400.0,62.98,10700,62.99,8800,1.91,63.16,61.49,5625400,351860000.0,4.72,2.7,75.06,113.02,74.17,49.45,0.85
中机认检,sz301508,31.84,31.35,31.92,1742900.0,31.84,25400,31.88,3100,1.56,32.25,31.65,1742900,55730000.0,2.96,1.91,18.73,71.99,37.62,25.08,0.74
奥飞数据,sz300738,23.06,23.17,23.88,92663800.0,23.05,25400,23.06,93700,-0.47,23.88,22.75,92663800,2150660000.0,9.41,4.88,227.12,227.18,27.8,18.54,0.87
仁智股份,sz002629,6.93,7.3,6.96,64983100.0,6.93,247500,6.94,336100,-5.07,7.3,6.6,64983100,445420000.0,15.35,9.59,29.33,29.53,8.03,6.57,0.97
恩华药业,sz002262,22.8,22.65,22.9,5901800.0,22.8,16000,22.82,1000,0.66,23.05,22.62,5901800,134950000.0,0.67,1.9,201.53,231.6,24.92,20.39,1.04
华阳智能,sz301502,44.66,43.88,44.74,920500.0,44.66,1700,44.67,2200,1.78,45.48,44.35,920500,41320000.0,3.9,2.58,10.53,25.49,52.66,35.1,0.84
苏豪弘业,sh600128,11.09,11.0,11.1,6966100.0,11.09,3800,11.1,8200,0.82,11.32,11.01,6966100,77700000.0,2.82,2.82,27.37,27.91,12.1,9.9,0.62
海能达,sz002583,11.13,10.92,10.98,32128100.0,11.13,109000,11.14,116100,1.92,11.24,10.98,32128100,357530000.0,2.5,2.38,142.77,202.41,12.01,9.83,0.79
分众传媒,sz002027,6.65,6.67,6.74,92601900.0,6.64,615300,6.65,380800,-0.3,6.8,6.62,92601900,619880000.0,0.64,2.7,960.41,960.41,7.34,6.0,0.56
赛分科技,sh688758,18.37,17.96,18.19,241688200.0,18.37,800,18.38,2300,2.28,18.49,18.11,241688200,44300000.0,0.81,2.12,54.78,76.5,21.55,14.37,0.51
用友网络,sh600588,13.27,13.05,13.3,38747400.0,13.27,11800,13.28,111500,1.69,13.37,13.17,38747400,513860000.0,1.13,1.53,453.44,453.44,14.36,11.75,0.59
儒竞科技,sz301525,85.46,86.71,87.68,2133800.0,85.44,100,85.46,200,-1.44,89.68,85.16,2133800,185780000.0,4.32,5.21,42.22,80.6,104.05,69.37,1.19
诺唯赞,sh688105,19.77,19.66,19.88,90764300.0,19.73,3900,19.77,6500,0.56,19.98,19.7,90764300,17970000.0,0.23,1.42,78.63,78.63,23.59,15.73,0.67
万孚生物,sz300482,19.23,19.12,19.36,3973000.0,19.21,2400,19.23,6100,0.58,19.41,19.15,3973000,76570000.0,0.92,1.36,82.77,90.01,22.94,15.3,0.7
成飞集成,sz002190,35.22,35.8,35.8,5804500.0,35.22,1800,35.23,3100,-1.62,35.9,35.11,5804500,205140000.0,1.62,2.21,126.34,126.34,39.38,32.22,0.56
世茂能源,sh605028,27.78,27.21,27.59,3200800.0,27.78,20900,27.79,600,2.09,28.26,27.27,3200800,89090000.0,2.0,3.64,44.45,44.45,29.93,24.49,0.99
蔚蓝生物,sh603739,14.88,14.83,15.03,3795500.0,14.88,1900,14.89,400,0.34,15.12,14.82,3795500,56770000.0,1.5,2.02,37.65,37.65,16.31,13.35,0.85
昊海生科,sh688366,41.81,41.71,41.99,53372600.0,41.79,500,41.81,300,0.24,42.16,41.59,53372600,22320000.0,0.28,1.37,81.13,96.4,50.05,33.37,0.7
汉桑科技,sz301491,54.2,54.31,55.01,805900.0,54.19,17600,54.2,1000,-0.2,55.19,54.18,805900,44060000.0,2.82,1.86,15.49,69.92,65.17,43.45,0.53
苏 泊 尔,sz002032,42.76,43.05,43.39,1315300.0,42.76,3100,42.78,600,-0.67,43.39,42.66,1315300,56540000.0,0.16,1.7,342.57,342.8,47.36,38.75,0.78
京仪装备,sh688652,110.0,111.0,114.0,691344500.0,109.26,200,110.0,800,-0.9,114.0,106.12,691344500,759100000.0,5.73,7.1,132.82,184.8,133.2,88.8,0.98
天壕能源,sz300332,6.58,7.08,6.94,166718100.0,6.58,786900,6.59,153100,-7.06,7.06,6.4,166718100,1104160000.0,20.09,9.32,54.61,56.93,8.5,5.66,1.5
巨力索具,sz002342,14.43,14.25,14.5,75334300.0,14.43,343300,14.44,195200,1.26,14.68,14.25,75334300,1086730000.0,7.89,3.02,137.76,138.53,15.68,12.83,0.48
华强科技,sh688151,22.99,23.46,23.26,462391600.0,22.99,5000,23.0,9500,-2.0,23.46,22.88,462391600,107000000.0,1.34,2.47,79.2,79.2,28.15,18.77,0.7
哈药股份,sh600664,3.46,3.45,3.46,17895600.0,3.45,1555300,3.46,106500,0.29,3.48,3.45,17895600,62000000.0,0.71,0.87,87.14,87.14,3.8,3.11,0.68
杭州园林,sz300649,14.21,14.06,14.17,2128100.0,14.2,600,14.21,1000,1.07,14.75,14.06,2128100,30550000.0,2.01,4.91,15.08,18.82,16.87,11.25,0.74
新城控股,sh601155,15.74,16.16,16.41,20201400.0,15.73,100,15.74,6900,-2.6,16.47,15.64,20201400,321640000.0,0.9,5.14,355.04,355.04,17.78,14.54,1.17
国网信通,sh600131,19.95,19.45,19.75,29336300.0,19.94,9800,19.96,42700,2.57,20.32,19.65,29336300,586830000.0,2.45,3.44,238.58,239.07,21.4,17.51,1.25
天有为,sh603202,90.7,90.11,90.5,656200.0,90.7,34700,90.74,300,0.65,91.05,90.22,656200,59350000.0,1.97,0.92,30.17,145.12,99.12,81.1,0.85
正丹股份,sz300641,18.38,18.45,18.67,5896800.0,18.37,5900,18.38,5500,-0.38,18.77,18.29,5896800,108900000.0,1.12,2.6,96.6,96.6,22.14,14.76,0.61
富春股份,sz300299,6.56,6.36,6.48,24202900.0,6.55,159200,6.56,184700,3.14,6.65,6.45,24202900,158330000.0,3.51,3.14,45.21,45.28,7.63,5.09,0.88
创耀科技,sh688259,38.73,37.98,38.58,296807900.0,38.7,1300,38.73,1500,1.97,39.16,38.35,296807900,115060000.0,2.66,2.13,43.26,43.26,45.58,30.38,0.71
佳士科技,sz300193,9.78,8.97,9.28,34999000.0,9.78,4300,9.79,75600,9.03,9.97,9.2,34999000,337360000.0,8.34,8.58,41.04,46.58,10.76,7.18,2.58
开立医疗,sz300633,25.25,25.36,25.71,2456500.0,25.25,5600,25.29,5700,-0.43,25.85,25.14,2456500,62330000.0,0.57,2.8,109.26,109.26,30.43,20.29,0.78
泰鸿万立,sh603210,18.5,18.37,18.6,1102700.0,18.5,2500,18.51,1900,0.71,18.7,18.39,1102700,20440000.0,1.46,1.69,13.95,62.97,20.21,16.53,0.67
神农集团,sh605296,27.94,28.92,29.05,3168500.0,27.94,10500,27.95,900,-3.39,29.05,27.83,3168500,89380000.0,0.61,4.22,144.72,146.62,31.81,26.03,1.31
杰克科技,sh603337,44.14,40.13,41.0,5647700.0,44.14,2118100,0.0,0,9.99,44.14,40.48,5647700,240690000.0,1.19,9.12,209.1,210.29,44.14,36.12,1.61
长城科技,sh603897,34.33,34.02,34.09,14848000.0,34.33,40800,34.34,4800,0.91,35.61,34.06,14848000,512050000.0,7.19,4.56,70.87,70.87,37.42,30.62,0.85
南极电商,sz002127,2.99,2.96,3.01,19357300.0,2.98,714700,2.99,482000,1.01,3.02,2.98,19357300,57990000.0,0.97,1.35,59.64,73.4,3.26,2.66,0.62
中铁装配,sz300374,15.07,15.11,15.32,3556800.0,15.06,10900,15.07,5700,-0.26,15.41,15.02,3556800,54060000.0,1.82,2.58,29.38,37.06,18.13,12.09,0.78
大有能源,sh600403,7.07,7.26,7.05,92946400.0,7.06,482700,7.07,136900,-2.62,7.2,6.76,92946400,649980000.0,3.89,6.06,169.03,169.03,7.99,6.53,1.14
中国医药,sh600056,10.38,10.32,10.4,8701100.0,10.37,35000,10.38,12500,0.58,10.42,10.35,8701100,90360000.0,0.58,0.68,155.22,155.27,11.35,9.29,0.63
世纪瑞尔,sz300150,5.77,5.56,5.67,20353200.0,5.77,42900,5.78,57800,3.78,5.87,5.66,20353200,117720000.0,4.42,3.78,26.55,33.76,6.67,4.45,1.39
聚灿光电,sz300708,12.52,10.43,11.34,249095100.0,12.52,1180200,0.0,0,20.04,12.52,11.34,249095100,3038490000.0,35.08,11.31,88.89,117.55,12.52,8.34,3.26
承德露露,sz000848,8.21,8.17,8.22,5879400.0,8.21,21300,8.22,98000,0.49,8.24,8.19,5879400,48280000.0,0.58,0.61,83.01,83.74,8.99,7.35,0.62
紫光国微,sz002049,74.91,74.48,75.88,14419100.0,74.91,52500,74.92,12200,0.58,76.18,74.67,14419100,1089530000.0,1.7,2.03,636.34,636.45,81.93,67.03,0.7
铜牛信息,sz300895,61.54,51.28,52.52,21629900.0,61.54,342400,0.0,0,20.01,61.54,51.35,21629900,1268360000.0,15.65,19.87,85.03,86.65,61.54,41.02,2.39
畅联股份,sh603648,10.07,9.87,9.98,3336800.0,10.07,600,10.08,1000,2.03,10.18,9.97,3336800,33720000.0,0.92,2.13,36.49,36.49,10.86,8.88,0.97
湖南海利,sh600731,7.61,7.6,7.66,8167800.0,7.6,6600,7.61,169900,0.13,7.7,7.57,8167800,62230000.0,1.51,1.71,41.22,42.52,8.36,6.84,0.68
安靠智电,sz300617,65.1,64.81,68.47,31709700.0,65.05,6500,65.1,5600,0.45,70.47,64.0,31709700,2125130000.0,22.83,9.98,90.44,107.88,77.77,51.85,1.81
长源东谷,sh603950,52.3,49.8,51.04,13545100.0,52.3,800,52.31,400,5.02,52.3,47.12,13545100,682890000.0,4.19,10.4,169.25,169.52,54.78,44.82,0.81
瑞迈特,sz301367,73.58,73.92,74.88,700900.0,73.58,100,73.59,500,-0.46,74.97,72.7,700900,51870000.0,1.0,3.07,51.46,65.93,88.7,59.14,0.43
洪都航空,sh600316,41.24,41.82,41.8,11348600.0,41.24,500,41.25,2000,-1.39,42.23,40.9,11348600,469940000.0,1.58,3.18,295.74,295.74,46.0,37.64,0.64
英派斯,sz002899,29.68,29.75,30.21,2303300.0,29.65,100,29.68,101100,-0.24,30.5,29.41,2303300,68740000.0,1.56,3.66,43.87,43.87,32.73,26.78,0.66
顶点软件,sh603383,32.48,32.24,32.87,2289600.0,32.47,19600,32.48,1200,0.74,32.95,32.37,2289600,74640000.0,1.11,1.8,66.71,66.71,35.46,29.02,0.62
山东出版,sh601019,8.74,8.73,8.79,7292100.0,8.73,163300,8.74,13900,0.11,8.84,8.71,7292100,63940000.0,0.35,1.49,182.4,182.4,9.6,7.86,0.82
中集车辆,sz301039,9.28,9.12,9.24,19509000.0,9.28,12000,9.29,13800,1.75,9.57,9.19,19509000,181890000.0,1.34,4.17,134.79,173.92,10.94,7.3,1.01
金龙机电,sz300032,5.5,4.96,5.07,104001700.0,5.49,194100,5.5,383200,10.89,5.8,5.05,104001700,567980000.0,12.95,15.12,44.17,44.17,5.95,3.97,2.78
一汽解放,sz000800,6.71,6.65,6.76,16817900.0,6.71,62300,6.72,37400,0.9,6.79,6.7,16817900,113460000.0,0.34,1.35,330.19,330.22,7.32,5.99,1.02
理工能科,sz002322,13.8,13.55,13.7,6552900.0,13.79,4400,13.8,34400,1.85,13.9,13.65,6552900,90560000.0,1.86,1.85,48.49,50.44,14.91,12.2,0.83
金埔园林,sz301098,9.03,8.86,9.02,4468000.0,9.03,11300,9.04,10000,1.92,9.16,8.96,4468000,40530000.0,2.98,2.26,13.52,16.61,10.63,7.09,0.82
透景生命,sz300642,17.2,16.92,17.2,2534200.0,17.2,2100,17.21,1400,1.65,17.38,17.11,2534200,43660000.0,1.84,1.6,23.69,27.96,20.3,13.54,0.66
华纬科技,sz001380,21.94,21.7,21.94,1357500.0,21.94,27500,21.95,1200,1.11,22.17,21.83,1357500,29920000.0,1.54,1.57,19.31,59.43,23.87,19.53,0.57
新乳业,sz002946,18.79,18.79,18.86,5597000.0,18.78,58900,18.79,82200,0.0,18.96,18.46,5597000,104300000.0,0.66,2.66,159.85,161.72,20.67,16.91,0.87
三未信安,sh688489,42.02,40.16,41.0,150703600.0,42.01,3600,42.02,300,4.63,42.8,40.93,150703600,63270000.0,1.32,4.66,48.04,48.41,48.19,32.13,1.29
老百姓,sh603883,14.13,14.08,14.18,5462700.0,14.13,13000,14.14,25900,0.36,14.23,14.09,5462700,77320000.0,0.72,0.99,107.23,107.23,15.49,12.67,0.67
绿色动力,sh601330,7.44,7.35,7.39,11707000.0,7.43,61400,7.44,15600,1.22,7.47,7.36,11707000,86770000.0,1.18,1.5,73.59,106.44,8.09,6.62,0.88
天禾股份,sz002999,7.5,7.58,7.73,11144700.0,7.5,20100,7.51,4400,-1.06,7.77,7.46,11144700,84230000.0,3.24,4.09,25.78,26.07,8.34,6.82,0.98
ST易购,sz002024,1.51,1.5,1.51,17860500.0,1.51,178000,1.52,5576000,0.67,1.52,1.5,17860500,26980000.0,0.19,1.33,139.74,139.9,1.58,1.43,0.74
铭科精技,sz001319,26.6,26.27,26.76,2927900.0,26.59,300,26.61,4800,1.26,27.22,26.44,2927900,78580000.0,3.57,2.97,21.81,37.61,28.9,23.64,0.79
新天地,sz301277,12.01,11.88,11.94,1317900.0,12.0,7000,12.01,11100,1.09,12.14,11.93,1317900,15880000.0,0.34,1.77,47.09,47.09,14.26,9.5,0.53
廊坊发展,sh600149,6.87,6.97,6.91,94290000.0,6.87,56900,6.88,9100,-1.43,7.66,6.7,94290000,672220000.0,24.8,13.77,26.12,26.12,7.67,6.27,2.22
华立科技,sz301011,23.41,23.24,23.69,1292500.0,23.41,4900,23.42,900,0.73,23.75,23.3,1292500,30390000.0,0.92,1.94,32.83,36.07,27.89,18.59,0.56
锦龙股份,sz000712,12.23,12.04,12.34,13843100.0,12.23,200,12.24,93200,1.58,12.37,12.09,13843100,169460000.0,1.55,2.33,109.55,109.58,13.24,10.84,0.76
上海三毛,sh600689,13.53,13.52,13.75,3354300.0,13.53,4600,13.54,12200,0.07,13.83,13.44,3354300,45830000.0,2.2,2.88,20.59,27.19,14.87,12.17,0.61
开尔新材,sz300234,5.99,5.9,6.0,8817700.0,5.99,5800,6.0,12900,1.53,6.1,5.94,8817700,53020000.0,2.56,2.71,20.6,30.14,7.08,4.72,0.62
华海诚科,sh688535,120.4,118.7,122.0,314281500.0,120.28,900,120.4,2300,1.43,125.98,119.0,314281500,385450000.0,5.99,5.88,63.16,115.6,142.44,94.96,0.89
标榜股份,sz301181,43.43,42.0,42.84,2694100.0,43.43,11200,43.45,400,3.4,45.2,42.84,2694100,118880000.0,2.99,5.62,39.17,50.18,50.4,33.6,1.22
建新股份,sz300107,8.39,8.64,8.8,32042000.0,8.38,103900,8.39,19400,-2.89,8.88,8.36,32042000,273070000.0,9.23,6.02,29.14,47.22,10.37,6.91,0.51
江铃汽车,sz000550,17.85,17.62,17.75,4636800.0,17.85,500,17.86,7300,1.31,18.08,17.65,4636800,83090000.0,0.89,2.44,92.55,154.08,19.38,15.86,0.93
绿发电力,sz000537,9.08,9.01,9.15,29021700.0,9.07,91200,9.08,42400,0.78,9.2,9.04,29021700,264560000.0,1.4,1.78,187.65,187.65,9.91,8.11,0.88
长飞光纤,sh601869,223.36,228.27,233.0,14293900.0,223.36,6500,223.37,1300,-2.15,236.01,219.59,14293900,3206240000.0,3.52,7.19,907.6,1849.21,251.1,205.44,0.75
贵州轮胎,sz000589,4.88,4.82,4.93,34159200.0,4.87,42800,4.88,538900,1.24,4.93,4.85,34159200,167070000.0,2.22,1.66,75.01,75.87,5.3,4.34,0.86
超研股份,sz301602,20.68,20.3,20.51,1277800.0,20.68,14300,20.69,500,1.87,20.84,20.45,1277800,26350000.0,0.61,1.92,43.12,88.58,24.36,16.24,0.63
富维股份,sh600742,10.57,10.67,10.79,13684900.0,10.57,2100,10.58,67000,-0.94,10.89,10.52,13684900,146420000.0,1.84,3.47,78.54,78.54,11.74,9.6,0.65
新天药业,sz002873,10.05,9.93,10.08,4362900.0,10.05,5200,10.06,73000,1.21,10.18,10.02,4362900,44100000.0,1.83,1.61,23.99,24.53,10.92,8.94,0.88
雅本化学,sz300261,6.89,6.82,6.89,16835800.0,6.89,113500,6.9,58200,1.03,6.97,6.83,16835800,116160000.0,1.8,2.05,64.5,66.37,8.18,5.46,0.65
恒誉环保,sh688309,45.67,44.41,45.33,369161800.0,45.67,12000,45.68,600,2.84,46.44,43.8,369161800,166000000.0,4.65,5.94,36.26,36.26,53.29,35.53,0.88
利欧股份,sz002131,8.57,8.32,8.53,657218700.0,8.56,884900,8.57,4170100,3.0,8.71,8.35,657218700,5620200000.0,11.24,4.33,501.32,580.34,9.15,7.49,0.74
卧龙电驱,sh600580,41.2,41.01,41.86,26196300.0,41.19,56200,41.2,53400,0.46,41.98,41.0,26196300,1087100000.0,1.68,2.39,641.74,643.59,45.11,36.91,0.66
联合动力,sz301656,24.5,24.45,24.75,3424600.0,24.49,32800,24.5,19100,0.2,24.87,24.46,3424600,84520000.0,2.05,1.68,40.88,589.17,29.34,19.56,0.63
拓邦股份,sz002139,12.57,12.34,12.53,16015300.0,12.56,15600,12.57,245900,1.86,12.7,12.51,16015300,201800000.0,1.5,1.54,134.63,156.73,13.57,11.11,0.88
华森制药,sz002907,13.99,13.91,14.05,1673600.0,13.98,16500,13.99,4500,0.58,14.1,13.94,1673600,23430000.0,0.56,1.15,41.96,58.42,15.3,12.52,0.75
安泰科技,sz000969,24.6,23.83,24.4,52787200.0,24.6,35600,24.61,14000,3.23,25.22,24.07,52787200,1301890000.0,5.11,4.83,254.3,258.43,26.21,21.45,0.76
富春染织,sh605189,14.55,14.22,14.62,2521700.0,14.55,1700,14.56,1600,2.32,14.71,14.41,2521700,36770000.0,1.3,2.11,28.24,28.24,15.64,12.8,0.83
千禾味业,sh603027,9.33,9.37,9.49,13003000.0,9.33,48800,9.34,5900,-0.43,9.51,9.28,13003000,121820000.0,1.04,2.45,116.59,124.38,10.31,8.43,0.82
秋乐种业,bj920087,19.23,22.14,19.57,21563700.0,19.23,24300,19.25,13700,-13.14,20.5,18.8,21563700,418839900.0,13.14,7.68,31.55,31.77,28.78,15.5,1.22
申通地铁,sh600834,8.47,8.37,8.44,2456700.0,8.47,1100,8.48,18200,1.19,8.51,8.41,2456700,20790000.0,0.51,1.19,40.43,40.43,9.21,7.53,0.62
达瑞电子,sz300976,57.43,56.43,57.72,1327300.0,57.43,4600,57.44,200,1.77,58.35,57.0,1327300,76700000.0,1.54,2.39,49.49,77.02,67.72,45.14,0.62
广汇能源,sh600256,6.76,6.88,6.66,552313400.0,6.76,772300,6.77,967100,-1.74,6.93,6.57,552313400,3719930000.0,8.64,5.23,432.1,432.1,7.57,6.19,0.95
元道通信,sz301139,18.07,17.66,18.0,2897400.0,18.06,14800,18.07,900,2.32,18.26,17.97,2897400,52500000.0,3.8,1.64,13.76,21.97,21.19,14.13,0.79
碧兴物联,sh688671,22.45,22.09,22.43,112831600.0,22.45,3400,22.52,400,1.63,22.9,22.32,112831600,25460000.0,2.41,2.63,10.52,17.63,26.51,17.67,0.81
电科院,sz300215,10.72,10.01,10.14,98103700.0,10.71,260300,10.72,22000,7.09,11.31,10.13,98103700,1056700000.0,19.63,11.79,53.59,80.3,12.01,8.01,1.59
益客食品,sz301116,10.8,10.86,10.95,3182900.0,10.79,14600,10.8,200,-0.55,11.03,10.77,3182900,34610000.0,0.71,2.39,48.49,48.49,13.03,8.69,0.87
鸿特科技,sz300176,7.77,7.52,7.63,26686000.0,7.76,27900,7.77,16900,3.32,8.03,7.6,26686000,208550000.0,6.89,5.72,30.09,30.09,9.02,6.02,1.0
国盛证券,sz002670,15.38,15.69,15.87,27034300.0,15.38,39100,15.39,21000,-1.98,15.89,15.3,27034300,419520000.0,1.67,3.76,249.67,297.62,17.26,14.12,1.14
时代出版,sh600551,8.19,8.12,8.17,3878000.0,8.18,10000,8.19,7300,0.86,8.24,8.13,3878000,31750000.0,0.57,1.35,55.53,55.53,8.93,7.31,0.6
宝光股份,sh600379,13.41,12.87,13.04,9840200.0,13.41,34300,13.42,13600,4.2,13.56,13.04,9840200,131180000.0,2.98,4.04,44.28,44.28,14.16,11.58,1.52
智翔金泰-U,sh688443,25.62,25.62,25.85,239748500.0,25.62,4300,25.66,3000,0.0,26.1,25.56,239748500,61800000.0,2.05,2.11,29.89,93.94,30.74,20.5,0.68
空港股份,sh600463,11.09,11.05,11.13,2852400.0,11.08,2300,11.09,1300,0.36,11.23,11.0,2852400,31740000.0,0.95,2.08,33.27,33.27,12.16,9.95,0.61
真视通,sz002771,15.63,15.4,15.78,10948100.0,15.62,10400,15.63,300,1.49,16.38,15.59,10948100,173590000.0,6.27,5.13,27.28,32.79,16.94,13.86,1.32
常青股份,sh603768,11.27,11.12,11.28,2851300.0,11.27,19400,11.29,44600,1.35,11.55,11.21,2851300,32460000.0,1.2,3.06,26.82,26.82,12.23,10.01,1.01
众辰科技,sh603275,43.6,42.7,43.0,1093200.0,43.58,2500,43.6,7400,2.11,43.99,43.0,1093200,47620000.0,2.63,2.32,18.11,64.86,46.97,38.43,0.47
仕净科技,sz301030,11.84,11.79,11.99,8097000.0,11.83,2200,11.84,5400,0.42,12.2,11.8,8097000,96780000.0,4.01,3.39,23.93,23.96,14.15,9.43,0.43
普门科技,sh688389,13.11,13.02,13.15,249225200.0,13.09,500,13.11,14900,0.69,13.2,13.04,249225200,32710000.0,0.58,1.23,56.17,56.17,15.62,10.42,0.65
帝奥微,sh688381,22.89,22.5,22.9,233823100.0,22.85,200,22.89,4000,1.73,23.11,22.65,233823100,53520000.0,0.94,2.04,56.65,56.65,27.0,18.0,0.6
澳华内镜,sh688212,40.0,40.56,41.37,149225900.0,39.99,9800,40.0,15300,-1.38,41.6,39.93,149225900,60550000.0,1.11,4.12,53.87,53.87,48.67,32.45,0.87
软通动力,sz301236,45.31,45.21,46.0,17346400.0,45.3,51800,45.31,5900,0.22,46.45,45.23,17346400,790900000.0,2.21,2.7,356.0,469.04,54.25,36.17,0.66
博雅生物,sz300294,20.63,20.7,20.91,4457500.0,20.63,600,20.65,6000,-0.34,20.96,20.59,4457500,92400000.0,0.88,1.79,104.03,104.03,24.84,16.56,0.97
绿城水务,sh601368,5.45,5.34,5.36,10542000.0,5.44,65100,5.45,133100,2.06,5.45,5.34,10542000,57000000.0,1.19,2.06,48.12,48.12,5.87,4.81,1.03
正川股份,sh603976,19.7,19.51,19.66,841400.0,19.68,2500,19.7,29700,0.97,19.99,19.61,841400,16690000.0,0.56,1.95,29.79,29.79,21.46,17.56,0.66
广州港,sh601228,3.49,3.45,3.46,45257200.0,3.48,100100,3.49,196000,1.16,3.5,3.44,45257200,156930000.0,0.6,1.74,263.3,263.3,3.8,3.11,0.87
泰林生物,sz300813,24.81,25.51,25.88,2889300.0,24.8,2500,24.81,1000,-2.74,25.98,24.7,2889300,73000000.0,3.8,5.02,18.87,30.07,30.61,20.41,0.76
引力传媒,sh603598,21.54,21.42,21.85,12849200.0,21.53,111800,21.54,4700,0.56,21.97,21.47,12849200,278090000.0,4.77,2.33,58.0,58.06,23.56,19.28,0.62
ST东尼,sh603595,16.55,16.49,16.65,3140900.0,16.55,39800,16.56,700,0.36,16.86,16.52,3140900,52480000.0,1.35,2.06,38.47,38.47,17.31,15.67,1.01
中坚科技,sz002779,92.83,89.8,91.0,2623200.0,92.8,3400,92.83,2200,3.37,93.2,90.02,2623200,240840000.0,1.58,3.54,153.92,171.55,98.78,80.82,0.95
金固股份,sz002488,12.33,12.11,12.34,20806600.0,12.32,5300,12.33,1500,1.82,12.67,12.23,20806600,259420000.0,2.26,3.63,113.45,122.74,13.32,10.9,0.75
春光科技,sh603657,27.67,26.61,27.16,2161900.0,27.67,400,27.68,1200,3.98,28.15,27.0,2161900,59760000.0,1.6,4.32,37.41,37.41,29.27,23.95,1.16
国邦医药,sh605507,26.39,26.52,26.74,2914400.0,26.39,13600,26.4,5200,-0.49,26.95,26.19,2914400,77110000.0,0.52,2.87,147.47,147.47,29.17,23.87,0.91
睿智医药,sz300149,10.2,9.84,10.01,11916400.0,10.2,30200,10.21,3200,3.66,10.45,9.95,11916400,121490000.0,2.51,5.08,48.4,50.79,11.81,7.87,1.19
方盛制药,sh603998,11.79,11.72,11.9,5082800.0,11.79,2000,11.8,700,0.6,11.97,11.74,5082800,60340000.0,1.16,1.96,51.77,51.77,12.89,10.55,0.74
东睦股份,sh600114,31.99,31.95,32.45,10298800.0,31.99,33300,32.0,16400,0.13,32.77,31.71,10298800,331480000.0,1.67,3.32,197.18,201.98,35.15,28.76,0.59
凯盛新能,sh600876,10.47,10.52,10.66,3789000.0,10.47,2400,10.48,15700,-0.48,10.72,10.45,3789000,40000000.0,0.96,2.57,41.43,67.6,11.57,9.47,0.72
兴福电子,sh688545,55.66,54.26,56.0,521472800.0,55.66,2400,55.67,2700,2.58,57.55,54.78,521472800,292850000.0,2.86,5.11,101.44,200.38,65.11,43.41,0.87
丰茂股份,sz301459,39.43,38.97,39.5,1095700.0,39.43,9000,39.44,600,1.18,40.06,39.13,1095700,43400000.0,4.2,2.39,10.29,41.06,46.76,31.18,0.7
中山公用,sz000685,11.66,11.63,11.76,13242100.0,11.66,2700,11.67,4600,0.26,11.79,11.62,13242100,154770000.0,1.06,1.46,146.21,172.0,12.79,10.47,0.73
ST宏达,sz002211,3.7,3.67,3.7,5411600.0,3.69,28000,3.7,31500,0.82,3.77,3.64,5411600,20060000.0,1.25,3.54,16.0,16.0,3.85,3.49,0.58
骏成科技,sz301106,32.15,30.61,30.98,1965300.0,32.13,5500,32.15,1800,5.03,32.65,30.98,1965300,63020000.0,1.92,5.46,32.83,32.83,36.73,24.49,1.33
海能实业,sz300787,12.46,12.12,12.35,6722700.0,12.46,8300,12.47,10100,2.81,12.6,12.3,6722700,83930000.0,3.52,2.48,23.79,39.05,14.54,9.7,0.97
奥泰生物,sh688606,65.62,65.42,66.11,25012900.0,65.5,700,65.62,4800,0.31,66.23,65.1,25012900,16450000.0,0.32,1.73,52.02,52.02,78.5,52.34,0.52
中策橡胶,sh603049,51.51,51.71,52.31,3525500.0,51.51,4800,51.55,1100,-0.39,52.46,51.4,3525500,183220000.0,4.03,2.05,45.04,450.45,56.88,46.54,1.21
安培龙,sz301413,126.94,131.36,133.78,4162800.0,126.93,5500,126.94,700,-3.36,134.8,125.95,4162800,537280000.0,7.09,6.74,74.58,124.91,157.63,105.09,1.31
ST远智,sz002689,3.8,3.72,3.8,13341100.0,3.79,128100,3.8,11600,2.15,3.83,3.76,13341100,50630000.0,1.28,1.88,39.63,39.65,3.91,3.53,0.56
丰倍生物,sh603334,55.35,54.55,54.84,3925600.0,55.35,400,55.39,3800,1.47,56.8,53.3,3925600,215530000.0,12.64,6.42,17.19,79.43,60.01,49.1,1.34
丰原药业,sz000153,6.55,6.44,6.54,7971900.0,6.54,7600,6.55,81400,1.71,6.6,6.47,7971900,52200000.0,1.74,2.02,30.06,30.44,7.08,5.8,0.87
深圳华强,sz000062,23.17,23.05,23.29,7849700.0,23.17,26000,23.18,4900,0.52,23.55,23.11,7849700,183340000.0,0.75,1.91,242.11,242.34,25.36,20.75,0.69
永新光学,sh603297,122.92,116.8,121.28,2045200.0,122.91,2800,122.92,1500,5.24,127.98,120.1,2045200,252990000.0,1.85,6.75,136.11,136.36,128.48,105.12,1.16
弘信电子,sz300657,31.38,30.85,31.58,26944900.0,31.38,8300,31.39,4900,1.72,31.78,30.68,26944900,841210000.0,5.72,3.57,147.83,151.43,37.02,24.68,0.73
维海德,sz301318,28.36,28.02,28.45,1066500.0,28.34,4400,28.36,300,1.21,28.8,28.21,1066500,30420000.0,1.2,2.11,25.18,38.37,33.62,22.42,0.68
三花智控,sz002050,47.59,47.5,48.37,75543300.0,47.58,443700,47.59,72400,0.19,48.45,47.36,75543300,3611100000.0,2.05,2.29,1753.31,2002.59,52.25,42.75,0.66
*ST佳沃,sz300268,14.19,13.8,13.99,1233400.0,14.12,3000,14.2,2400,2.83,14.23,13.92,1233400,17360000.0,0.92,2.25,18.97,24.72,16.56,11.04,0.69
德固特,sz300950,23.03,22.88,23.47,2093200.0,23.02,6000,23.03,39600,0.66,23.65,22.98,2093200,48800000.0,2.3,2.93,20.95,35.25,27.46,18.3,0.85
国新能源,sh600617,3.43,3.6,3.58,105100900.0,3.43,49800,3.44,578000,-4.72,3.63,3.33,105100900,360510000.0,5.92,8.33,60.9,66.17,3.96,3.24,1.33
蓝盾光电,sz300862,23.87,22.96,23.44,6446000.0,23.87,14500,23.88,28400,3.96,24.5,23.44,6446000,155400000.0,4.26,4.62,36.16,44.07,27.55,18.37,1.3
梦百合,sh603313,8.96,8.81,8.93,5949500.0,8.96,47200,8.97,1900,1.7,9.03,8.87,5949500,53280000.0,1.04,1.82,51.12,51.12,9.69,7.93,0.62
城市传媒,sh600229,6.24,6.13,6.22,4488100.0,6.23,37000,6.24,200,1.79,6.25,6.16,4488100,27900000.0,0.68,1.47,41.23,41.23,6.74,5.52,0.62
富满微,sz300671,43.87,40.1,41.32,24783400.0,43.87,3100,43.88,3600,9.4,45.5,41.01,24783400,1089220000.0,11.23,11.2,96.84,97.12,48.12,32.08,2.2
掌趣科技,sz300315,5.22,5.13,5.23,90703500.0,5.21,377700,5.22,576600,1.75,5.29,5.16,90703500,473500000.0,3.51,2.53,134.83,141.34,6.16,4.1,0.77
浙江力诺,sz300838,16.02,15.75,16.08,2041700.0,16.0,10000,16.02,400,1.71,16.33,15.88,2041700,32890000.0,2.01,2.86,16.3,22.1,18.9,12.6,0.65
中视传媒,sh600088,15.2,15.03,15.26,4743900.0,15.19,30200,15.2,12400,1.13,15.34,15.12,4743900,72210000.0,1.19,1.46,60.45,60.45,16.53,13.53,0.65
回盛生物,sz300871,25.5,25.39,25.87,5810600.0,25.49,500,25.5,51600,0.43,25.97,25.27,5810600,148280000.0,2.87,2.76,51.59,51.59,30.47,20.31,0.6
中国科传,sh601858,19.53,19.62,19.96,6309700.0,19.53,31200,19.54,300,-0.46,20.06,19.4,6309700,124040000.0,0.8,3.36,154.38,154.38,21.58,17.66,0.58
洪兴股份,sz001209,21.49,23.71,22.37,18745500.0,21.49,67000,21.5,21000,-9.36,22.5,21.34,18745500,407130000.0,19.51,4.89,20.65,28.26,26.08,21.34,0.92
海兰信,sz300065,27.01,27.89,28.29,125806600.0,27.0,67900,27.01,149900,-3.16,28.42,26.5,125806600,3412890000.0,19.15,6.88,177.43,194.89,33.47,22.31,0.83
西高院,sh688334,25.23,24.03,24.42,1016668900.0,25.22,200,25.23,11800,4.99,25.48,24.42,1016668900,255360000.0,6.48,4.41,39.59,79.87,28.84,19.22,1.47
万马股份,sz002276,16.72,16.14,16.46,51009100.0,16.72,139200,16.73,58400,3.59,17.11,16.46,51009100,858740000.0,5.06,4.03,168.41,169.05,17.75,14.53,1.3
开开实业,sh600272,12.89,12.79,12.93,2309100.0,12.89,1800,12.9,10200,0.78,13.03,12.86,2309100,29860000.0,1.44,1.33,20.62,33.86,14.07,11.51,0.72
王力安防,sh605268,12.67,11.52,12.67,3726600.0,12.67,35464100,0.0,0,9.98,12.67,12.67,3726600,47220000.0,0.85,0.0,55.81,56.55,12.67,10.37,0.66
尖峰集团,sh600668,11.01,10.92,10.95,3922900.0,11.0,40900,11.01,21600,0.82,11.09,10.95,3922900,43210000.0,0.95,1.28,45.46,45.46,12.01,9.83,0.63
光线传媒,sz300251,17.52,17.63,17.93,97295900.0,17.51,68700,17.52,313700,-0.62,17.98,17.4,97295900,1718010000.0,3.51,3.29,486.24,513.96,21.16,14.1,0.61
亚虹医药-U,sh688176,13.98,13.67,14.49,5278184600.0,13.98,18300,14.0,7900,2.27,14.86,13.73,5278184600,744320000.0,12.11,8.27,60.91,79.85,16.4,10.94,3.26
壹连科技,sz301631,93.1,93.37,95.24,1031600.0,93.09,100,93.1,700,-0.29,95.79,92.5,1031600,97220000.0,3.36,3.52,28.59,85.11,112.04,74.7,0.67
*ST华微,sh600360,9.01,8.9,9.0,13321000.0,9.0,184100,9.01,56700,1.24,9.12,8.94,13321000,120320000.0,1.39,2.02,86.52,86.52,9.35,8.46,0.57
珠城科技,sz301280,54.61,53.96,54.8,1417000.0,54.61,300,54.62,100,1.2,55.49,53.73,1417000,77320000.0,3.53,3.26,21.91,74.7,64.75,43.17,0.95
明阳科技,bj920663,15.6,15.61,15.76,1127300.0,15.6,11700,15.61,1400,-0.06,15.95,15.58,1127300,17734800.0,1.76,2.37,10.0,20.83,20.29,10.93,1.29
爱玛科技,sh603529,27.84,27.87,28.03,4032800.0,27.84,12900,27.85,11500,-0.11,28.08,27.67,4032800,112300000.0,0.48,1.47,235.96,241.97,30.66,25.08,0.78
新华百货,sh600785,19.35,19.17,19.43,7382900.0,19.35,14900,19.4,10600,0.94,19.73,19.18,7382900,143480000.0,3.27,2.87,43.66,43.66,21.09,17.25,0.55
金百泽,sz301041,28.05,27.54,28.01,3709600.0,28.05,5800,28.08,3000,1.85,28.55,27.89,3709600,104910000.0,4.7,2.4,22.14,29.92,33.05,22.03,0.71
登海种业,sz002041,11.15,12.31,11.6,81037000.0,11.15,216400,11.16,51000,-9.42,11.74,11.08,81037000,912610000.0,9.21,5.36,98.12,98.12,13.54,11.08,1.28
京华激光,sh603607,22.54,22.35,22.68,2333900.0,22.54,7600,22.55,9700,0.85,22.84,22.44,2333900,52860000.0,1.31,1.79,40.24,40.24,24.59,20.12,0.54
东南电子,sz301359,21.2,20.66,21.06,2309000.0,21.2,200,21.21,4600,2.61,22.0,20.9,2309000,49590000.0,3.38,5.32,14.5,25.48,24.79,16.53,1.27
锦波生物,bj920982,183.44,182.48,184.85,609400.0,183.44,600,183.45,1400,0.53,186.48,182.62,609400,112374300.0,1.11,2.12,100.72,211.08,237.22,127.74,0.59
誉衡药业,sz002437,3.25,3.22,3.25,41015500.0,3.25,384200,3.26,949800,0.93,3.28,3.23,41015500,133460000.0,1.95,1.55,68.22,72.54,3.54,2.9,0.63
春秋电子,sh603890,14.58,14.01,14.29,13645300.0,14.58,30800,14.59,41500,4.07,14.83,14.29,13645300,199450000.0,3.05,3.85,65.14,65.14,15.41,12.61,1.06
康冠科技,sz001308,20.93,20.0,20.26,6317500.0,20.93,4100,20.94,21100,4.65,21.5,20.26,6317500,133320000.0,1.27,6.2,103.95,147.28,22.0,18.0,2.07
国能日新,sz301162,68.4,67.48,68.2,2641300.0,68.4,2200,68.42,600,1.36,69.07,67.04,2641300,180040000.0,3.1,3.01,58.29,90.69,80.98,53.98,0.88
保利发展,sh600048,6.57,6.59,6.65,106723100.0,6.56,654300,6.57,101500,-0.3,6.68,6.54,106723100,703470000.0,0.89,2.12,786.46,786.46,7.25,5.93,0.72
南兴股份,sz002757,20.77,20.2,20.96,13433800.0,20.77,49100,20.78,78700,2.82,21.0,20.45,13433800,278290000.0,4.76,2.72,58.58,61.37,22.22,18.18,0.53
德尔玛,sz301332,9.37,9.24,9.33,2579000.0,9.37,2700,9.38,1800,1.41,9.45,9.33,2579000,24220000.0,0.97,1.3,24.82,43.25,11.09,7.39,0.67
盛通股份,sz002599,7.62,7.36,7.5,14366300.0,7.62,128400,7.63,56200,3.53,7.75,7.49,14366300,109180000.0,3.61,3.53,30.33,40.59,8.1,6.62,0.76
赛意信息,sz300687,20.29,20.12,20.53,8093300.0,20.29,5000,20.3,2400,0.84,20.65,20.19,8093300,165310000.0,2.46,2.29,66.77,82.87,24.14,16.1,0.46
雪浪环境,sz300385,11.31,11.29,11.66,11716300.0,11.31,2200,11.32,64800,0.18,11.8,11.09,11716300,132530000.0,4.03,6.29,32.87,37.68,13.55,9.03,0.85
能之光,bj920056,25.29,25.22,25.43,704500.0,25.29,1700,25.3,100,0.28,25.59,25.16,704500,17832100.0,2.28,1.7,7.8,20.66,32.78,17.66,0.61
浙数文化,sh600633,13.05,12.92,13.15,33036900.0,13.05,91400,13.06,72000,1.01,13.28,12.96,33036900,432780000.0,2.61,2.48,165.48,165.48,14.21,11.63,0.69
英可瑞,sz300713,19.39,19.37,19.53,17642600.0,19.38,26100,19.39,5400,0.1,20.51,19.21,17642600,346750000.0,19.8,6.71,17.28,30.78,23.24,15.5,2.56
帝尔激光,sz300776,90.34,85.66,87.86,10481100.0,90.33,100,90.34,12100,5.46,92.76,86.65,10481100,941720000.0,6.24,7.13,151.81,247.53,102.79,68.53,0.91
天孚通信,sz300394,334.8,335.56,342.0,32786000.0,334.77,300,334.8,2400,-0.23,345.97,325.08,32786000,10989890000.0,4.23,6.23,2597.55,2602.79,402.67,268.45,0.77
荣晟环保,sh603165,13.25,13.1,13.23,3060900.0,13.25,2300,13.26,1000,1.15,13.43,13.16,3060900,40750000.0,1.05,2.06,38.78,38.78,14.41,11.79,0.39
中金公司,sh601995,34.24,34.08,34.26,13979700.0,34.23,8200,34.24,1300,0.47,34.4,34.13,13979700,479150000.0,0.48,0.79,1001.02,1652.85,37.49,30.67,0.55
科陆电子,sz002121,9.65,9.62,9.66,114117000.0,9.64,283100,9.65,533700,0.31,9.81,9.54,114117000,1103650000.0,8.15,2.81,135.09,160.27,10.58,8.66,1.46
盈趣科技,sz002925,22.5,22.51,22.94,14075900.0,22.49,5500,22.5,3100,-0.04,23.0,22.33,14075900,319040000.0,1.93,2.98,164.49,173.63,24.76,20.26,0.73
湘佳股份,sz002982,14.1,14.56,14.63,6899800.0,14.09,4000,14.1,13800,-3.16,14.69,14.04,6899800,98540000.0,5.31,4.46,18.31,28.65,16.02,13.1,1.48
美锦能源,sz000723,5.34,5.24,5.25,264593600.0,5.34,203600,5.35,849200,1.91,5.6,5.1,264593600,1402560000.0,6.02,9.54,234.72,235.15,5.76,4.72,1.08
三友联众,sz300932,14.63,13.82,13.97,32157900.0,14.63,97100,14.64,62800,5.86,15.07,13.97,32157900,468220000.0,14.1,7.96,33.36,46.83,16.58,11.06,1.53
奥普特,sh688686,100.22,100.0,102.82,107023900.0,100.22,6100,100.27,300,0.22,103.26,99.26,107023900,108180000.0,0.88,4.0,122.5,122.5,120.0,80.0,0.77
深深房Ａ,sz000029,21.2,21.12,21.47,5037100.0,21.19,2000,21.2,3200,0.38,21.62,21.0,5037100,107120000.0,0.56,2.94,189.03,214.47,23.23,19.01,0.75
山大电力,sz301609,53.68,52.64,52.65,8658700.0,53.68,27800,53.69,200,1.98,55.0,51.68,8658700,465260000.0,23.63,6.31,19.67,87.43,63.17,42.11,1.85
天海防务,sz300008,9.27,9.52,9.47,184600800.0,9.27,220400,9.28,293300,-2.63,9.62,9.17,184600800,1724640000.0,11.21,4.73,152.7,160.19,11.42,7.62,0.67
星昊医药,bj920017,18.15,17.9,18.0,1005900.0,18.15,8300,18.17,3800,1.4,18.23,17.98,1005900,18221500.0,0.81,1.4,22.42,22.66,23.27,12.53,0.82
三星医疗,sh601567,26.74,25.82,26.24,22404600.0,26.73,8100,26.74,2800,3.56,26.98,26.1,22404600,596910000.0,1.59,3.41,375.75,375.75,28.4,23.24,1.14
九典制药,sz300705,14.67,14.53,14.7,3636100.0,14.66,11300,14.67,11100,0.96,14.82,14.62,3636100,53440000.0,0.99,1.38,54.12,73.39,17.44,11.62,0.55
九菱科技,bj920505,47.2,47.8,48.19,1232900.0,47.19,200,47.2,2600,-1.26,48.8,46.66,1232900,58398200.0,3.42,4.48,17.04,30.62,62.14,33.46,0.5
润都股份,sz002923,15.16,15.45,15.58,12036000.0,15.16,12500,15.17,47900,-1.88,15.95,14.99,12036000,182770000.0,4.66,6.21,39.13,50.77,17.0,13.91,1.2
江苏神通,sz002438,18.11,17.51,17.88,14763400.0,18.11,7100,18.12,82900,3.43,18.26,17.6,14763400,266670000.0,3.15,3.77,84.91,91.92,19.26,15.76,0.86
埃斯顿,sz002747,21.99,21.55,22.26,15198100.0,21.98,53600,21.99,20900,2.04,22.3,21.82,15198100,334510000.0,1.94,2.23,172.05,191.54,23.71,19.4,0.81
天娱数科,sz002354,6.23,6.06,6.17,73900500.0,6.23,658300,6.24,459800,2.81,6.28,6.16,73900500,459400000.0,4.55,1.98,101.3,103.08,6.67,5.45,0.83
捷强装备,sz300875,53.74,55.79,53.24,14396500.0,53.74,4700,53.75,1900,-3.67,55.98,52.26,14396500,775950000.0,16.4,6.67,47.18,53.65,66.95,44.63,1.08
赛升药业,sz300485,10.48,10.31,10.42,4189300.0,10.47,30000,10.48,61400,1.65,10.55,10.36,4189300,43830000.0,1.53,1.84,28.7,50.48,12.37,8.25,0.68
兴森科技,sz002436,25.53,24.76,25.68,103076600.0,25.53,10200,25.54,75000,3.11,26.34,25.26,103076600,2653380000.0,6.82,4.36,385.63,433.93,27.24,22.28,0.84
宝馨科技,sz002514,5.02,4.84,4.92,16465700.0,5.01,97400,5.02,150600,3.72,5.04,4.9,16465700,82030000.0,2.97,2.89,27.81,36.15,5.32,4.36,1.05
广弘控股,sz000529,5.91,5.88,5.94,5526700.0,5.91,26200,5.92,57400,0.51,5.95,5.9,5526700,32740000.0,0.97,0.85,33.68,34.5,6.47,5.29,0.72
振邦智能,sz003028,30.29,29.85,30.45,1502300.0,30.29,14000,30.3,100,1.47,30.94,30.04,1502300,45870000.0,2.13,3.02,21.37,43.83,32.84,26.87,0.91
华兰生物,sz002007,15.03,14.98,15.12,8406200.0,15.03,90600,15.04,10200,0.33,15.14,14.95,8406200,126630000.0,0.53,1.27,236.53,274.67,16.48,13.48,0.71
常润股份,sh603201,17.39,17.33,17.54,1372400.0,17.39,400,17.4,14100,0.35,17.6,17.31,1372400,23970000.0,0.73,1.67,32.75,33.04,19.06,15.6,0.59
广东鸿图,sz002101,11.71,11.46,11.65,7099200.0,11.7,200,11.71,38900,2.18,11.83,11.6,7099200,83150000.0,1.07,2.01,77.55,77.8,12.61,10.31,0.88
江苏金租,sh600901,6.33,6.41,6.43,22079300.0,6.33,190300,6.34,4000,-1.25,6.45,6.32,22079300,140750000.0,0.38,2.03,366.54,366.63,7.05,5.77,0.77
东方生物,sh688298,22.76,22.59,22.88,99686700.0,22.76,1000,22.77,700,0.75,22.94,22.7,99686700,22730000.0,0.49,1.06,45.88,45.88,27.11,18.07,0.49
奥 特 迅,sz002227,9.79,9.58,9.75,5895600.0,9.79,1800,9.8,86100,2.19,9.98,9.72,5895600,58060000.0,2.4,2.71,24.08,24.26,10.54,8.62,1.18
大千生态,sh603955,28.98,28.2,28.61,1755900.0,28.98,4000,29.0,2000,2.77,29.5,28.41,1755900,50980000.0,1.29,3.87,39.33,39.33,31.02,25.38,1.19
慧博云通,sz301316,44.25,44.62,45.5,7659300.0,44.24,200,44.25,8300,-0.83,45.61,43.88,7659300,340490000.0,1.91,3.88,177.0,178.77,53.54,35.7,0.51
通达动力,sz002576,18.93,18.82,19.12,6382400.0,18.93,36700,18.94,20100,0.58,19.22,18.79,6382400,121390000.0,3.94,2.28,30.67,31.25,20.7,16.94,0.58
渝三峡Ａ,sz000565,8.23,8.09,8.23,12150200.0,8.23,41000,8.24,14000,1.73,8.37,8.15,12150200,100220000.0,2.8,2.72,35.68,35.68,8.9,7.28,0.71
远光软件,sz002063,6.37,6.15,6.26,61418200.0,6.36,84900,6.37,65200,3.58,6.44,6.26,61418200,391470000.0,3.48,2.93,112.35,121.67,6.77,5.54,1.13
凯伦股份,sz300715,14.3,14.95,15.04,22873400.0,14.3,4500,14.32,7900,-4.35,15.04,13.68,22873400,326960000.0,6.85,9.1,47.78,54.06,17.94,11.96,1.3
密尔克卫,sh603713,65.59,66.2,67.0,1839500.0,65.58,200,65.59,1600,-0.92,67.0,64.9,1839500,120770000.0,1.16,3.17,103.72,103.72,72.82,59.58,0.68
三木集团,sz000632,4.98,4.97,5.0,16080700.0,4.97,169400,4.98,70800,0.2,5.07,4.95,16080700,80450000.0,3.45,2.41,23.18,23.18,5.47,4.47,0.85
寿仙谷,sh603896,21.36,21.75,21.32,7543500.0,21.35,35700,21.36,4400,-1.79,21.56,21.0,7543500,160280000.0,3.81,2.57,42.34,42.34,23.93,19.58,1.21
阳普医疗,sz300030,8.16,7.94,8.03,7862500.0,8.15,1400,8.16,10900,2.77,8.23,8.0,7862500,64040000.0,2.89,2.9,22.21,25.23,9.53,6.35,1.07
舒华体育,sh605299,12.09,11.94,12.14,5997400.0,12.09,25200,12.1,4800,1.26,12.35,12.0,5997400,73050000.0,1.47,2.93,49.48,49.48,13.13,10.75,0.63
酒鬼酒,sz000799,46.4,46.39,47.0,5426000.0,46.4,1900,46.41,3800,0.02,47.14,46.33,5426000,253020000.0,1.67,1.75,150.75,150.77,51.03,41.75,0.53
并行科技,bj920493,162.0,159.69,164.89,2983900.0,162.0,900,162.06,100,1.45,166.5,157.0,2983900,479774400.0,6.81,5.95,70.95,96.73,207.59,111.79,0.91
康惠股份,sh603139,26.53,26.37,26.8,4768200.0,26.53,1300,26.54,20100,0.61,28.13,26.4,4768200,127910000.0,4.77,6.56,26.5,26.5,29.01,23.73,0.89
亚通股份,sh600692,7.87,7.74,7.82,6758500.0,7.83,5600,7.87,8700,1.68,7.94,7.8,6758500,53210000.0,2.65,1.81,20.07,27.68,8.51,6.97,0.86
明德生物,sz002932,18.09,17.85,18.14,1177700.0,18.08,1000,18.09,1100,1.34,18.19,17.91,1177700,21260000.0,0.75,1.57,28.24,42.06,19.64,16.07,0.67
ST联合,sh600358,6.42,6.34,6.4,6178200.0,6.42,6900,6.43,28400,1.26,6.52,6.38,6178200,39750000.0,1.22,2.21,32.42,32.42,6.66,6.02,0.67
誉辰智能,sh688638,38.67,38.04,39.75,71062100.0,38.67,900,38.69,200,1.66,40.5,38.26,71062100,27940000.0,2.69,5.89,10.23,21.66,45.65,30.43,0.72
长信科技,sz300088,6.74,6.34,6.47,186770300.0,6.73,475200,6.74,385100,6.31,6.89,6.47,186770300,1263030000.0,7.51,6.62,167.52,168.35,7.61,5.07,2.17
研奥股份,sz300923,28.19,27.62,28.02,950500.0,28.19,1500,28.22,500,2.06,28.6,28.02,950500,26880000.0,1.24,2.1,21.56,22.16,33.14,22.1,0.55
华阳变速,bj920146,7.99,7.77,7.86,2564900.0,7.99,400,8.0,15000,2.83,8.1,7.8,2564900,20428700.0,2.39,3.86,8.56,10.79,10.1,5.44,0.97
ST人福,sh600079,19.59,19.38,19.53,14936500.0,19.58,24900,19.59,79900,1.08,19.74,19.53,14936500,292980000.0,0.97,1.08,302.31,319.75,20.35,18.41,0.73
金牛化工,sh600722,12.3,11.98,11.1,183786200.0,12.3,159000,12.31,84300,2.67,13.17,11.1,183786200,2192730000.0,27.01,17.28,83.68,83.68,13.18,10.78,2.39
裕兴股份,sz300305,6.78,6.64,6.72,6816500.0,6.77,4300,6.78,7800,2.11,6.78,6.64,6816500,45750000.0,2.12,2.11,21.8,25.45,7.97,5.31,0.8
二六三,sz002467,6.62,6.33,6.46,115915800.0,6.62,653100,6.63,63100,4.58,6.8,6.41,115915800,763600000.0,8.48,6.16,90.49,91.05,6.96,5.7,0.67
江南化工,sz002226,6.11,6.07,6.14,25164400.0,6.11,53000,6.12,125200,0.66,6.2,6.08,25164400,154040000.0,0.95,1.98,161.85,161.85,6.68,5.46,0.75
因赛集团,sz300781,38.68,38.46,39.67,4512300.0,38.67,1500,38.68,400,0.57,39.9,38.52,4512300,175880000.0,3.72,3.59,46.87,63.5,46.15,30.77,0.62
金明精机,sz300281,7.41,7.24,7.4,4965700.0,7.4,34800,7.41,22500,2.35,7.49,7.38,4965700,36900000.0,1.25,1.52,29.44,31.04,8.69,5.79,0.87
华电辽能,sh600396,3.33,3.29,3.33,32807900.0,3.32,75100,3.33,463800,1.22,3.37,3.3,32807900,109540000.0,2.23,2.13,49.04,49.04,3.62,2.96,0.83
海伦哲,sz300201,9.89,9.24,9.45,78566200.0,9.88,92400,9.89,48900,7.03,10.04,9.35,78566200,770290000.0,7.83,7.47,99.27,99.79,11.09,7.39,1.64
星辉娱乐,sz300043,5.87,5.74,5.96,37390800.0,5.87,196200,5.88,460600,2.26,5.99,5.81,37390800,220060000.0,3.01,3.14,73.0,73.03,6.89,4.59,0.76
恩威医药,sz301331,27.12,27.02,27.24,1004600.0,27.09,600,27.12,1500,0.37,27.66,26.81,1004600,27300000.0,0.98,3.15,27.85,27.9,32.42,21.62,0.79
雷特科技,bj920110,38.7,36.85,36.88,1281300.0,38.7,12300,38.75,200,5.02,40.58,36.87,1281300,50339300.0,7.89,10.07,6.28,15.09,47.9,25.8,7.72
三全食品,sz002216,12.32,12.63,12.71,22287000.0,12.31,4000,12.32,800,-2.45,12.76,12.22,22287000,275670000.0,3.54,4.28,77.65,108.32,13.89,11.37,0.77
夏厦精密,sz001306,74.23,73.77,74.7,602700.0,74.2,2800,74.23,600,0.62,75.18,73.7,602700,44830000.0,3.89,2.01,11.51,46.65,81.15,66.39,0.67
宁波精达,sh603088,12.66,12.62,12.87,17010800.0,12.66,18800,12.67,10100,0.32,12.93,12.57,17010800,216600000.0,3.88,2.85,55.43,63.6,13.88,11.36,0.52
中国国航,sh601111,7.64,7.79,7.86,111689400.0,7.64,534000,7.65,820400,-1.93,7.89,7.56,111689400,859870000.0,0.96,4.24,889.15,1333.06,8.57,7.01,0.93
江苏博云,sz301003,46.61,46.39,46.86,1646600.0,46.6,4100,46.61,6600,0.47,47.32,46.14,1646600,76860000.0,2.19,2.54,35.02,45.27,55.67,37.11,0.47
气派科技,sh688216,31.1,30.8,31.44,196631200.0,31.04,7600,31.1,4900,0.97,31.86,30.73,196631200,61610000.0,1.85,3.67,33.05,35.7,36.96,24.64,0.48
云赛智联,sh600602,19.8,19.25,19.73,64826300.0,19.8,5300,19.81,34500,2.86,20.09,18.95,64826300,1266370000.0,6.03,5.92,212.71,270.8,21.18,17.33,0.92
茂化实华,sz000637,5.14,5.13,4.95,61699800.0,5.14,77900,5.15,26500,0.19,5.24,4.8,61699800,307910000.0,16.92,8.58,18.74,26.72,5.64,4.62,1.34
游族网络,sz002174,10.35,10.11,10.31,23805600.0,10.35,9600,10.36,31300,2.37,10.53,10.13,23805600,245520000.0,2.43,3.96,101.35,101.41,11.12,9.1,1.02
英思特,sz301622,69.4,66.83,68.3,3161300.0,69.4,400,69.45,1800,3.85,71.58,67.58,3161300,219230000.0,5.03,5.99,43.6,80.46,80.2,53.46,1.28
唐人神,sz002567,4.25,4.26,4.27,19781100.0,4.24,530700,4.25,192200,-0.23,4.29,4.23,19781100,84110000.0,1.38,1.41,60.84,60.9,4.69,3.83,0.84
我爱我家,sz000560,3.2,3.24,3.27,121995100.0,3.2,639000,3.21,326300,-1.23,3.3,3.18,121995100,393250000.0,5.41,3.7,72.19,75.38,3.56,2.92,0.71
冠中生态,sz300948,20.26,20.48,20.86,4256400.0,20.26,600,20.28,5100,-1.07,21.15,20.19,4256400,87760000.0,2.83,4.69,30.44,32.31,24.58,16.38,0.53
开润股份,sz300577,19.79,19.63,19.77,1366300.0,19.79,3200,19.8,1500,0.82,20.1,19.7,1366300,27170000.0,0.96,2.04,28.13,47.46,23.56,15.7,0.94
神开股份,sz002278,14.11,14.6,14.89,53167700.0,14.11,266900,14.12,124900,-3.36,14.94,14.06,53167700,758030000.0,15.92,6.03,47.13,55.03,16.06,13.14,0.8
北巴传媒,sh600386,4.2,4.15,4.2,9925600.0,4.2,49900,4.21,69000,1.2,4.26,4.18,9925600,41880000.0,1.23,1.93,33.87,33.87,4.57,3.74,0.89
曼卡龙,sz300945,19.56,19.53,19.86,32220600.0,19.56,71700,19.57,14400,0.15,20.45,19.01,32220600,634270000.0,13.52,7.37,46.63,51.26,23.44,15.62,0.94
洲际油气,sh600759,8.7,8.26,8.24,1472263600.0,8.69,766200,8.7,14437100,5.33,9.09,7.78,1472263600,12526000000.0,35.53,15.86,360.5,360.96,9.09,7.43,3.15
恒锋信息,sz300605,15.06,14.88,15.16,3817700.0,15.06,4300,15.08,5000,1.21,15.31,14.94,3817700,57820000.0,3.2,2.49,17.99,24.87,17.86,11.9,0.65
润丰股份,sz301035,77.0,76.83,77.88,1271500.0,77.0,300,77.01,1300,0.22,78.08,76.22,1271500,98060000.0,0.45,2.42,215.87,216.19,92.2,61.46,0.68
国创高新,sz002377,3.66,3.63,3.65,29926800.0,3.65,190100,3.66,385600,0.83,3.69,3.61,29926800,109430000.0,3.43,2.2,31.93,33.54,3.99,3.27,0.65
南山智尚,sz300918,15.81,15.45,15.86,10291300.0,15.81,54800,15.82,10000,2.33,16.53,15.72,10291300,165580000.0,2.03,5.24,80.02,80.02,18.54,12.36,1.26
扬州金泉,sh603307,38.85,38.82,39.25,727500.0,38.85,300,38.9,1000,0.08,39.57,38.3,727500,28330000.0,1.09,3.27,26.03,26.45,42.7,34.94,0.95
华发股份,sh600325,4.1,4.09,4.13,41824900.0,4.09,59900,4.1,322400,0.24,4.16,4.07,41824900,171220000.0,1.52,2.2,112.84,112.84,4.5,3.68,0.65
达嘉维康,sz301126,11.97,11.9,12.15,4451700.0,11.97,5800,11.98,3800,0.59,12.23,11.75,4451700,53740000.0,3.23,4.03,16.5,24.59,14.28,9.52,0.95
双枪科技,sz001211,27.22,27.0,27.38,1441000.0,27.22,900,27.24,100,0.81,27.81,27.01,1441000,39490000.0,2.15,2.96,18.24,19.6,29.7,24.3,0.79
东风股份,sh600006,6.78,6.86,6.88,20377100.0,6.78,58500,6.79,40900,-1.17,6.93,6.76,20377100,139220000.0,1.02,2.48,135.6,135.6,7.55,6.17,1.02
镇洋发展,sh603213,13.75,13.67,13.8,2490400.0,13.75,400,13.76,32900,0.59,13.84,13.69,2490400,34250000.0,0.56,1.1,60.77,60.77,15.04,12.3,0.84
大连热电,sh600719,6.67,6.5,6.54,12298200.0,6.67,57100,6.68,118100,2.62,6.76,6.54,12298200,81920000.0,3.04,3.38,26.99,26.99,7.15,5.85,1.32
光大嘉宝,sh600622,2.79,2.77,2.79,18588700.0,2.78,751800,2.79,242400,0.72,2.82,2.77,18588700,51990000.0,1.24,1.81,41.84,41.84,3.05,2.49,0.45
三元股份,sh600429,5.12,5.21,5.23,17299500.0,5.11,105600,5.12,76300,-1.73,5.27,5.09,17299500,89440000.0,1.16,3.45,76.67,76.91,5.73,4.69,0.75
科翔股份,sz300903,31.8,29.36,30.0,43746300.0,31.79,3300,31.8,145100,8.31,33.56,29.62,43746300,1388930000.0,13.32,13.42,104.43,138.45,35.23,23.49,1.34
科汇股份,sh688681,19.84,19.3,19.74,258482900.0,19.83,2400,19.84,200,2.8,20.18,19.72,258482900,51610000.0,2.47,2.38,20.77,20.77,23.16,15.44,0.91
南山控股,sz002314,2.56,2.51,2.55,27549100.0,2.56,33200,2.57,1175000,1.99,2.58,2.53,27549100,70390000.0,2.06,1.99,34.26,69.32,2.76,2.26,0.84
东港股份,sz002117,11.13,11.05,11.15,5918800.0,11.12,3500,11.13,5300,0.72,11.27,11.09,5918800,66100000.0,1.13,1.63,58.27,58.29,12.16,9.95,0.59
中航西飞,sz000768,29.0,29.19,29.22,35378400.0,29.0,159900,29.01,26700,-0.65,29.47,28.68,35378400,1027960000.0,1.27,2.71,805.22,806.53,32.11,26.27,0.56
中国软件,sh600536,40.87,40.47,40.95,10864500.0,40.87,39400,40.88,34000,0.99,41.3,40.7,10864500,445570000.0,1.29,1.48,344.8,381.64,44.52,36.42,0.65
山东药玻,sh600529,19.53,19.5,19.66,6520200.0,19.53,21800,19.54,89600,0.15,19.69,19.48,6520200,127370000.0,0.98,1.08,129.6,129.6,21.45,17.55,0.77
川宁生物,sz301301,10.57,10.93,10.97,21453600.0,10.57,8800,10.58,36200,-3.29,11.02,10.51,21453600,230520000.0,3.47,4.67,65.3,235.72,13.12,8.74,1.22
*ST清研,sz301288,20.15,19.78,19.89,542400.0,20.14,1000,20.15,7100,1.87,20.22,19.79,542400,10860000.0,0.69,2.17,15.74,21.76,23.74,15.82,0.91
昊创瑞通,sz301668,55.68,54.96,55.38,3778200.0,55.68,8400,55.69,300,1.31,56.39,54.97,3778200,210440000.0,16.39,2.58,12.83,61.25,65.95,43.97,1.82
长龄液压,sh605389,71.5,70.43,70.66,818800.0,71.5,300,71.51,500,1.52,73.0,70.66,818800,58740000.0,0.6,3.32,97.43,103.02,77.47,63.39,0.7
中新集团,sh601512,9.09,9.02,9.18,3287400.0,9.09,2200,9.1,9000,0.78,9.23,9.05,3287400,30010000.0,0.22,2.0,136.25,136.25,9.92,8.12,0.71
新农开发,sh600359,7.72,8.1,8.0,35848400.0,7.72,100100,7.73,42300,-4.69,8.09,7.68,35848400,280710000.0,9.4,5.06,29.45,29.45,8.91,7.29,1.2
郑州煤电,sh600121,4.78,4.78,4.73,61991700.0,4.78,79800,4.79,159200,0.0,4.84,4.64,61991700,293710000.0,5.09,4.18,58.24,58.24,5.26,4.3,0.7
南都物业,sh603506,13.0,12.84,13.09,2246600.0,12.98,800,13.0,28000,1.25,13.25,12.9,2246600,29350000.0,1.2,2.73,24.41,24.41,14.12,11.56,0.78
建元信托,sh600816,2.71,2.71,2.73,43492700.0,2.71,635800,2.72,826300,0.0,2.75,2.7,43492700,118370000.0,0.8,1.85,148.21,266.78,2.98,2.44,0.61
杭氧股份,sz002430,31.56,32.45,32.81,16612600.0,31.56,1900,31.57,29100,-2.74,32.9,31.23,16612600,527230000.0,1.7,5.15,308.65,308.77,35.7,29.21,1.16
卧龙新能,sh600173,7.74,7.69,7.74,9121600.0,7.74,12500,7.75,22600,0.65,7.92,7.69,9121600,71040000.0,1.3,2.99,54.21,54.22,8.46,6.92,0.46
丝路视觉,sz300556,18.65,18.45,18.89,4784100.0,18.65,2100,18.66,1000,1.08,19.02,18.57,4784100,90160000.0,4.47,2.44,19.96,22.67,22.14,14.76,0.8
普元信息,sh688118,31.58,32.75,33.33,742629800.0,31.57,15500,31.58,200,-3.57,33.55,31.26,742629800,237580000.0,7.96,6.99,29.47,29.47,39.3,26.2,0.83
朝阳科技,sz002981,28.69,28.44,29.13,2704900.0,28.68,3300,28.69,100,0.88,29.46,28.54,2704900,78650000.0,2.27,3.23,34.26,39.44,31.28,25.6,0.8
巍华新材,sh603310,17.19,17.25,17.35,1896100.0,17.18,3500,17.19,500,-0.35,17.57,17.16,1896100,32910000.0,0.98,2.38,33.35,59.36,18.98,15.53,0.6
蒙娜丽莎,sz002918,13.72,13.75,13.97,4019500.0,13.71,1400,13.72,19900,-0.22,14.09,13.66,4019500,55440000.0,1.89,3.13,29.24,56.09,15.13,12.38,0.68
欧康医药,bj920230,12.62,12.37,12.41,509000.0,12.59,6400,12.62,800,2.02,12.64,12.41,509000,6387300.0,1.08,1.86,5.96,12.71,16.08,8.66,0.68
*ST国化,sh600636,8.43,8.41,8.42,3293900.0,8.43,10700,8.44,800,0.24,8.53,8.41,3293900,27920000.0,0.75,1.43,36.98,36.98,8.83,7.99,0.71
心脉医疗,sh688016,108.55,107.51,109.4,442052700.0,108.55,100,108.62,200,0.97,113.37,107.46,442052700,485990000.0,3.59,5.5,133.8,133.8,129.01,86.01,1.21
肯特股份,sz301591,46.18,45.69,46.27,2270200.0,46.16,100,46.18,1800,1.07,48.33,45.88,2270200,107370000.0,6.69,5.36,15.68,38.85,54.83,36.55,1.05
恒实科技,sz300513,9.36,9.19,9.3,6032300.0,9.36,2700,9.37,4700,1.85,9.54,9.29,6032300,56680000.0,2.09,2.72,26.98,29.36,11.03,7.35,0.7
炬申股份,sz001202,17.61,17.47,17.7,2947200.0,17.61,18400,17.64,200,0.8,17.9,17.57,2947200,52270000.0,2.52,1.89,20.57,29.35,19.22,15.72,0.83
沙钢股份,sz002075,5.54,5.53,5.6,39833900.0,5.54,237200,5.55,121300,0.18,5.66,5.52,39833900,221990000.0,1.82,2.53,121.54,121.54,6.08,4.98,0.65
悍高集团,sz001221,65.45,66.18,66.85,1258800.0,65.43,800,65.45,10400,-1.1,67.28,65.26,1258800,82890000.0,3.5,3.05,23.57,261.81,72.8,59.56,0.65
富瀚微,sz300613,41.74,41.03,41.8,3470400.0,41.73,800,41.74,2900,1.73,42.41,41.4,3470400,145520000.0,1.58,2.46,91.55,97.06,49.24,32.82,0.67
ST凯利,sz300326,6.13,6.03,6.12,6230300.0,6.12,67300,6.13,172100,1.66,6.21,6.1,6230300,38340000.0,0.87,1.82,43.65,43.95,7.24,4.82,0.63
健之佳,sh605266,19.6,19.37,19.6,1628500.0,19.6,102500,19.64,1100,1.19,19.77,19.47,1628500,31910000.0,1.05,1.55,30.29,30.29,21.31,17.43,0.91
尤洛卡,sz300099,9.33,8.76,8.87,44786600.0,9.33,206800,9.34,202700,6.51,9.35,8.83,44786600,409190000.0,7.7,5.94,54.25,68.79,10.51,7.01,1.11
德必集团,sz300947,18.34,18.19,18.5,2764400.0,18.33,2900,18.34,300,0.82,18.7,18.2,2764400,50990000.0,1.83,2.75,27.71,27.72,21.83,14.55,0.65
ST景谷,sh600265,19.48,19.61,19.72,268200.0,19.45,2000,19.48,3600,-0.66,19.79,19.38,268200,5250000.0,0.21,2.09,25.29,25.29,20.59,18.63,0.69
同有科技,sz300302,18.12,17.6,18.06,16076500.0,18.11,3600,18.12,10500,2.95,18.45,18.02,16076500,293190000.0,4.36,2.44,66.83,86.84,21.12,14.08,0.87
利德曼,sz300289,6.72,6.6,6.67,5556200.0,6.71,11400,6.72,3700,1.82,6.81,6.66,5556200,37360000.0,1.02,2.27,36.5,36.56,7.92,5.28,0.8
武汉蓝电,bj920779,32.47,32.03,32.15,366000.0,32.46,500,32.47,2500,1.37,32.67,32.02,366000,11805700.0,1.83,2.03,6.5,26.0,41.63,22.43,0.66
德邦股份,sh603056,18.85,18.85,0.0,0.0,0.0,0,0.0,0,0.0,0.0,0.0,0,0.0,0.0,0.0,190.68,190.68,20.74,16.97,0.0
通达海,sz301378,34.39,33.6,35.0,3024200.0,34.38,17700,34.39,1600,2.35,35.28,34.09,3024200,104150000.0,6.59,3.54,15.79,33.22,40.32,26.88,0.82
东贝集团,sh601956,7.01,6.86,6.96,7005600.0,7.0,10700,7.01,14700,2.19,7.08,6.88,7005600,49160000.0,1.13,2.92,43.58,43.58,7.55,6.17,0.78
值得买,sz300785,52.47,52.12,53.26,7185500.0,52.46,300,52.47,18300,0.67,53.6,51.9,7185500,378400000.0,5.87,3.26,64.19,104.34,62.54,41.7,0.67
志高机械,bj920101,38.8,38.7,39.17,598600.0,38.76,600,38.8,800,0.26,39.38,38.66,598600,23329699.999999996,2.15,1.86,10.79,34.59,50.31,27.09,0.65
美迪凯,sh688079,13.82,11.52,12.04,2247561400.0,13.82,2855600,0.0,0,19.97,13.82,12.04,2247561400,298200000.0,5.56,15.45,55.86,56.85,13.82,9.22,3.25
东亚药业,sh605177,21.68,21.38,21.65,1760900.0,21.68,800,21.69,1700,1.4,22.0,21.4,1760900,38200000.0,1.56,2.81,24.41,24.87,23.52,19.24,0.73
深中华A,sz000017,7.37,7.39,7.45,7315900.0,7.36,24400,7.37,24100,-0.27,7.52,7.34,7315900,54300000.0,1.66,2.44,32.49,50.79,8.13,6.65,0.87
泽润新能,sz301636,80.33,81.8,83.04,2636700.0,80.33,100,80.34,300,-1.8,83.61,79.47,2636700,213230000.0,16.51,5.06,12.83,51.31,98.16,65.44,0.63
中核科技,sz000777,25.5,24.5,24.73,29480700.0,25.49,31600,25.5,30300,4.08,26.26,24.73,29480700,753480000.0,7.69,6.24,97.77,97.77,26.95,22.05,1.42
开创电气,sz301448,43.63,42.44,43.22,1205200.0,43.62,57300,43.71,900,2.8,44.39,42.75,1205200,52560000.0,2.5,3.86,21.07,45.64,50.93,33.95,1.23
华厦眼科,sz301267,17.35,17.4,17.68,4196200.0,17.35,4400,17.38,2000,-0.29,17.7,17.26,4196200,73210000.0,0.65,2.53,112.51,145.74,20.88,13.92,0.87
振华风光,sh688439,58.39,58.18,58.99,281185900.0,58.39,21500,58.41,900,0.36,59.46,58.11,281185900,165500000.0,1.41,2.32,116.78,116.78,69.82,46.54,0.66
仙乐健康,sz300791,20.6,20.48,20.79,1349500.0,20.6,12400,20.63,300,0.59,20.8,20.51,1349500,27870000.0,0.53,1.42,52.84,63.37,24.58,16.38,0.51
双环传动,sz002472,38.5,38.31,38.88,14643400.0,38.5,46600,38.51,4800,0.5,39.1,38.35,14643400,567000000.0,1.94,1.96,290.75,327.09,42.14,34.48,0.72
基康技术,bj920879,22.51,22.72,22.92,1766700.0,22.51,4200,22.52,1000,-0.92,23.13,22.35,1766700,39941500.0,1.35,3.43,29.44,37.68,29.53,15.91,1.03
冠城新材,sh600067,4.16,4.06,4.1,25696100.0,4.15,201700,4.16,218400,2.46,4.2,4.1,25696100,106890000.0,1.85,2.46,57.89,57.89,4.47,3.65,0.91
经纬辉开,sz300120,8.67,8.31,8.42,24338500.0,8.66,35600,8.67,34500,4.33,8.8,8.42,24338500,211410000.0,4.61,4.57,45.73,49.8,9.97,6.65,1.85
古麒绒材,sz001390,22.46,22.55,22.69,1360000.0,22.45,4000,22.46,43900,-0.4,22.81,22.43,1360000,30740000.0,2.72,1.69,11.23,44.92,24.81,20.3,0.75
天玛智控,sh688570,18.53,18.2,18.46,81977200.0,18.53,5900,18.56,2200,1.81,18.71,18.34,81977200,15200000.0,0.44,2.03,34.87,80.23,21.84,14.56,0.62
浙江仙通,sh603239,22.36,21.98,22.32,2864500.0,22.35,3400,22.36,17500,1.73,22.75,22.2,2864500,64370000.0,1.06,2.5,60.53,60.53,24.18,19.78,0.55
瑞晨环保,sz301273,30.73,30.27,31.13,910600.0,30.73,500,30.75,700,1.52,31.7,30.27,910600,28240000.0,1.66,4.72,16.9,22.02,36.32,24.22,0.75
山推股份,sz000680,12.84,12.7,12.91,19419900.0,12.84,50600,12.85,1400,1.1,13.22,12.75,19419900,252440000.0,1.48,3.7,168.81,192.62,13.97,11.43,1.13
金 融 街,sz000402,2.72,2.7,2.72,13174500.0,2.71,989600,2.72,268400,0.74,2.74,2.7,13174500,35810000.0,0.44,1.48,81.29,81.3,2.97,2.43,0.47
建工修复,sz300958,13.92,13.82,13.93,2721500.0,13.92,1000,13.94,3100,0.72,14.13,13.8,2721500,38020000.0,2.99,2.39,12.67,21.82,16.58,11.06,0.56
华孚时尚,sz002042,4.3,4.25,4.31,28848900.0,4.29,541700,4.3,149800,1.18,4.34,4.26,28848900,124060000.0,1.7,1.88,73.13,73.13,4.68,3.83,0.68
信质集团,sz002664,23.05,22.77,23.16,5434700.0,23.04,7000,23.05,6600,1.23,23.3,22.8,5434700,125390000.0,1.35,2.2,92.79,94.09,25.05,20.49,0.57
韵达股份,sz002120,6.72,6.7,6.75,23785100.0,6.71,336700,6.72,106500,0.3,6.78,6.69,23785100,159960000.0,0.84,1.34,189.18,194.83,7.37,6.03,0.51
泛微网络,sh603039,42.44,42.47,43.1,5461300.0,42.43,5000,42.44,3500,-0.07,43.26,42.14,5461300,232810000.0,2.13,2.64,108.8,108.8,46.72,38.22,0.8
创世纪,sz300083,8.33,8.12,8.27,35052100.0,8.33,53100,8.34,86100,2.59,8.43,8.25,35052100,292360000.0,2.35,2.22,124.37,138.68,9.74,6.5,0.78
华大基因,sz300676,44.42,43.9,44.69,4965400.0,44.4,12000,44.42,2800,1.18,44.8,44.1,4965400,220450000.0,1.19,1.59,184.81,185.82,52.68,35.12,0.72
润达医疗,sh603108,14.78,14.4,14.68,15756900.0,14.78,100,14.79,29500,2.64,15.06,14.54,15756900,232970000.0,2.61,3.61,89.22,89.22,15.84,12.96,0.66
百川能源,sh600681,4.55,4.68,4.52,91842400.0,4.55,154400,4.56,443400,-2.78,4.65,4.42,91842400,413690000.0,6.85,4.91,60.96,61.01,5.15,4.21,1.22
华新精科,sh603370,46.0,46.0,46.5,1038500.0,46.0,5800,46.03,1100,0.0,46.5,45.68,1038500,47890000.0,2.97,1.78,16.1,80.48,50.6,41.4,0.84
陕西煤业,sh601225,25.19,25.26,25.0,45455600.0,25.17,19500,25.19,44300,-0.28,25.43,24.64,45455600,1139160000.0,0.47,3.13,2442.17,2442.17,27.79,22.73,0.69
鼎佳精密,bj920005,37.93,37.8,38.06,284100.0,37.93,100,37.94,100,0.34,38.3,37.77,284100,10825300.0,1.32,1.4,8.15,31.48,49.14,26.46,0.66
柳    工,sz000528,11.0,10.94,11.12,37297500.0,10.99,70800,11.0,65500,0.55,11.26,10.93,37297500,413820000.0,1.83,3.02,223.66,223.96,12.03,9.85,0.96
北大荒,sh600598,16.49,17.37,16.78,74600000.0,16.48,38900,16.49,42900,-5.07,17.03,16.43,74600000,1237420000.0,4.2,3.45,293.14,293.14,19.11,15.63,1.2
甘李药业,sh603087,62.09,62.06,62.79,4177900.0,62.09,3500,62.1,800,0.05,63.16,61.81,4177900,260750000.0,0.75,2.18,346.37,370.87,68.27,55.85,0.76
晶科能源,sh688223,7.05,7.1,7.22,14824932200.0,7.05,19600,7.06,281700,-0.7,7.25,7.02,14824932200,1054720000.0,1.48,3.24,705.37,705.37,8.52,5.68,0.65
蒙草生态,sz300355,4.29,4.35,4.38,79557600.0,4.28,275800,4.29,53900,-1.38,4.39,4.25,79557600,342670000.0,6.13,3.22,55.7,68.82,5.22,3.48,0.65
克明食品,sz002661,9.12,9.2,9.28,4785200.0,9.12,6600,9.13,17700,-0.87,9.31,9.05,4785200,43850000.0,1.52,2.83,28.69,30.38,10.12,8.28,1.17
澳洋健康,sz002172,4.34,4.28,4.35,24649700.0,4.33,104900,4.34,47200,1.4,4.4,4.32,24649700,107480000.0,3.22,1.87,33.21,33.23,4.71,3.85,0.79
福莱蒽特,sh605566,28.0,28.1,28.38,1485300.0,28.0,100,28.01,200,-0.36,28.76,27.8,1485300,41880000.0,1.11,3.42,37.34,37.34,30.91,25.29,0.49
吉林化纤,sz000420,4.34,4.28,4.36,57983400.0,4.33,183800,4.34,397900,1.4,4.42,4.3,57983400,252640000.0,2.36,2.8,106.68,106.71,4.71,3.85,0.67
诚意药业,sh603811,11.11,11.03,11.14,2544100.0,11.11,9900,11.13,8700,0.73,11.2,11.07,2544100,28340000.0,0.78,1.18,36.36,36.36,12.13,9.93,0.52
博思软件,sz300525,11.3,11.13,11.34,14314300.0,11.29,45400,11.3,12800,1.53,11.39,11.23,14314300,161880000.0,2.3,1.44,70.3,85.71,13.36,8.9,0.62
好当家,sh600467,2.58,2.54,2.56,42733800.0,2.57,645400,2.58,1613600,1.57,2.59,2.54,42733800,109700000.0,2.92,1.97,37.69,37.69,2.79,2.29,0.75
宁波高发,sh603788,15.69,15.57,15.74,1521300.0,15.69,1900,15.7,4400,0.77,15.92,15.61,1521300,24000000.0,0.68,1.99,35.0,35.0,17.13,14.01,0.68
诺思格,sz301333,66.28,65.79,66.9,1067000.0,66.28,700,66.29,100,0.74,67.27,65.75,1067000,70850000.0,1.11,2.31,63.92,64.01,78.95,52.63,0.78
唯赛勃,sh688718,15.16,14.78,15.03,176699900.0,15.16,5000,15.17,4300,2.57,15.47,14.96,176699900,26790000.0,1.02,3.45,26.34,26.34,17.74,11.82,0.73
南凌科技,sz300921,26.06,25.33,25.98,10079600.0,26.05,4000,26.06,10900,2.88,26.38,25.62,10079600,261810000.0,8.79,3.0,29.89,47.9,30.4,20.26,0.63
德宏股份,sh603701,19.98,19.26,19.47,3984000.0,19.96,1200,19.98,34400,3.74,20.18,19.45,3984000,79270000.0,1.52,3.79,52.22,52.22,21.19,17.33,1.25
岱美股份,sh603730,9.54,9.45,9.55,23961300.0,9.53,6200,9.54,22300,0.95,9.81,9.45,23961300,229510000.0,1.12,3.81,204.98,204.98,10.4,8.51,0.98
玲珑轮胎,sh601966,14.64,14.64,14.75,13344600.0,14.64,192500,14.65,21600,0.0,14.78,14.61,13344600,196160000.0,0.91,1.16,214.26,214.26,16.1,13.18,0.85
金达威,sz002626,18.1,18.29,18.59,7727700.0,18.09,8000,18.1,10600,-1.04,18.63,18.0,7727700,140760000.0,1.27,3.44,110.38,110.4,20.12,16.46,0.85
ST云动,sz000903,2.66,2.63,2.66,24066700.0,2.66,165600,2.67,931300,1.14,2.69,2.65,24066700,64170000.0,1.25,1.52,51.08,51.47,2.76,2.5,0.57
西部超导,sh688122,87.16,83.7,85.4,2339372700.0,87.16,19600,87.17,14500,4.13,89.05,85.05,2339372700,2034330000.0,3.6,4.78,566.25,566.25,100.44,66.96,1.06
农发种业,sh600313,8.48,9.24,8.8,234132700.0,8.48,183600,8.49,205200,-8.23,9.02,8.47,234132700,2016120000.0,21.63,5.95,91.77,98.48,10.16,8.32,1.61
燕京啤酒,sz000729,12.92,13.04,13.15,19524400.0,12.92,5300,12.93,6700,-0.92,13.2,12.87,19524400,254110000.0,0.78,2.53,324.24,364.16,14.34,11.74,0.55
信通电子,sz001388,44.6,43.4,43.62,1655500.0,44.6,5200,44.64,100,2.76,45.26,43.5,1655500,73870000.0,5.31,4.06,13.92,69.58,47.74,39.06,1.37
奇正藏药,sz002287,24.96,25.48,25.0,8375000.0,24.96,6400,24.98,5900,-2.04,25.37,24.72,8375000,209300000.0,1.47,2.55,142.52,142.8,28.03,22.93,1.13
天宸股份,sh600620,6.42,6.3,6.43,5677600.0,6.41,31900,6.42,101200,1.9,6.47,6.37,5677600,36490000.0,0.83,1.59,44.08,44.08,6.93,5.67,0.77
复旦微电,sh688385,82.1,82.04,84.88,1050748700.0,82.1,6500,82.23,0,0.07,85.32,80.8,1050748700,872180000.0,1.95,5.51,442.83,676.27,98.45,65.63,0.82
大秦铁路,sh601006,5.19,5.18,5.18,145688500.0,5.19,211000,5.2,4389200,0.19,5.21,5.16,145688500,755020000.0,0.72,0.97,1045.64,1045.64,5.7,4.66,0.7
重庆港,sh600279,5.31,5.35,5.33,19926200.0,5.31,192500,5.32,19300,-0.75,5.38,5.25,19926200,105880000.0,1.68,2.43,63.02,63.02,5.89,4.82,0.79
天铭科技,bj920270,20.19,19.28,19.45,3167300.0,20.18,1200,20.19,19600,4.72,20.3,19.21,3167300,62591200.0,3.9,5.65,16.38,21.12,25.06,13.5,1.85
天顺风能,sz002531,10.43,10.37,10.64,48959300.0,10.43,195600,10.44,133600,0.58,10.75,10.25,48959300,513200000.0,2.74,4.82,186.37,187.41,11.41,9.33,0.79
华智数媒,sz300426,7.98,7.9,8.03,5736500.0,7.97,500,7.98,18600,1.01,8.09,7.91,5736500,45860000.0,1.43,2.28,31.92,35.94,9.48,6.32,0.63
中炬高新,sh600872,18.06,18.3,18.38,9625500.0,18.06,31100,18.08,3500,-1.31,18.43,17.95,9625500,174850000.0,1.25,2.62,139.24,140.6,20.13,16.47,1.1
海格通信,sz002465,17.19,17.11,17.38,136023900.0,17.18,126100,17.19,49800,0.47,17.5,16.89,136023900,2333570000.0,5.49,3.57,425.95,426.63,18.82,15.4,0.7
和辉光电-U,sh688538,2.53,2.44,2.46,11026306000.0,2.53,1404800,2.54,207000,3.69,2.58,2.46,11026306000,279070000.0,1.92,4.92,145.53,349.38,2.93,1.95,1.31
杭萧钢构,sh600477,3.56,3.51,3.56,61714100.0,3.55,294400,3.56,679600,1.42,3.6,3.53,61714100,219730000.0,2.62,1.99,83.98,83.98,3.86,3.16,0.51
金龙鱼,sz300999,28.7,29.34,29.28,21548600.0,28.7,90400,28.71,1000,-2.18,29.4,28.48,21548600,620820000.0,3.97,3.14,155.74,1556.0,35.21,23.47,1.7
力盛体育,sz002858,15.11,15.0,15.2,5217000.0,15.11,10500,15.12,6200,0.73,15.49,15.02,5217000,79780000.0,3.55,3.13,22.21,24.77,16.5,13.5,0.97
龙芯中科,sh688047,144.59,142.15,145.66,435821500.0,144.59,5200,144.61,200,1.72,146.6,143.6,435821500,632040000.0,1.09,2.11,579.81,579.81,170.58,113.72,0.59
赛福天,sh603028,9.44,9.35,9.55,5864700.0,9.44,200,9.45,40700,0.96,9.7,9.38,5864700,55750000.0,2.06,3.42,26.83,27.1,10.29,8.42,0.57
浙江永强,sz002489,3.49,3.45,3.5,27379400.0,3.49,213400,3.5,423500,1.16,3.53,3.48,27379400,95860000.0,1.43,1.45,66.76,75.7,3.8,3.11,0.82
报 喜 鸟,sz002154,3.85,3.82,3.85,13661400.0,3.85,250100,3.86,549100,0.79,3.88,3.83,13661400,52670000.0,1.16,1.31,45.42,56.18,4.2,3.44,0.62
聚星科技,bj920111,25.42,25.79,25.94,4147600.0,25.41,1500,25.42,3800,-1.43,26.25,25.35,4147600,106435700.0,5.51,3.49,19.14,39.44,33.52,18.06,1.66
科大讯飞,sz002230,52.19,51.72,52.88,36059500.0,52.19,21600,52.2,59000,0.91,52.96,51.91,36059500,1888640000.0,1.65,2.03,1142.57,1206.55,56.89,46.55,0.7
中元股份,sz300018,13.9,12.65,12.84,60286100.0,13.9,49100,13.91,31600,9.88,14.35,12.84,60286100,830210000.0,13.42,11.94,62.45,67.46,15.18,10.12,3.08
五洲交通,sh600368,4.0,3.96,3.98,11880900.0,3.99,315600,4.0,189100,1.01,4.02,3.97,11880900,47480000.0,0.74,1.26,64.39,64.39,4.36,3.56,0.56
博科测试,sz301598,63.25,62.79,63.32,578700.0,63.2,900,63.25,100,0.73,64.44,63.0,578700,36930000.0,3.3,2.29,11.1,37.25,75.35,50.23,0.67
火炬电子,sh603678,38.42,38.55,39.3,12483200.0,38.42,6000,38.43,3800,-0.34,39.45,37.95,12483200,483200000.0,2.62,3.89,182.71,182.71,42.41,34.7,0.55
凌云股份,sh600480,10.85,10.84,10.95,10020200.0,10.85,116800,10.86,2700,0.09,11.01,10.81,10020200,109350000.0,0.83,1.85,130.65,132.62,11.92,9.76,0.67
万邦德,sz002082,16.7,16.73,16.93,7462100.0,16.7,7300,16.71,14000,-0.18,17.2,16.64,7462100,126440000.0,1.35,3.35,92.39,102.15,18.4,15.06,0.7
中富通,sz300560,15.92,15.63,16.0,6101700.0,15.91,1900,15.92,45000,1.86,16.2,15.8,6101700,97350000.0,3.26,2.56,29.76,36.58,18.76,12.5,0.6
科大智能,sz300222,13.01,12.23,12.88,91941700.0,13.01,102400,13.02,295700,6.38,13.39,12.68,91941700,1194050000.0,14.51,5.81,82.46,101.25,14.68,9.78,3.07
中国铁物,sz000927,2.89,2.85,2.88,75519700.0,2.88,392700,2.89,459400,1.4,2.91,2.85,75519700,217600000.0,1.25,2.11,174.86,174.86,3.14,2.57,0.91
通行宝,sz301339,13.63,13.46,13.73,4670100.0,13.62,700,13.63,5800,1.26,13.84,13.55,4670100,63930000.0,2.78,2.15,22.91,79.1,16.15,10.77,0.72
佳驰科技,sh688708,59.8,61.24,61.57,194191700.0,59.79,6900,59.8,6800,-2.35,62.27,59.36,194191700,117570000.0,1.36,4.75,85.08,239.21,73.49,48.99,0.88
兆龙互连,sz300913,54.56,53.55,54.56,8264700.0,54.56,600,54.57,4800,1.89,56.23,54.1,8264700,455570000.0,3.23,3.98,139.56,187.02,64.26,42.84,0.8
健尔康,sh603205,26.8,26.68,26.8,407400.0,26.8,600,26.83,7900,0.45,26.98,26.72,407400,10940000.0,0.99,0.97,11.08,41.81,29.35,24.01,0.6
凡拓数创,sz301313,32.0,32.4,32.69,4488500.0,32.0,11400,32.02,800,-1.23,33.42,31.8,4488500,146240000.0,5.95,5.0,24.16,33.11,38.88,25.92,1.02
康辰药业,sh603590,39.87,39.14,40.0,1777800.0,39.87,800,39.89,100,1.87,40.3,39.34,1777800,70880000.0,1.12,2.45,63.08,63.4,43.05,35.23,0.88
黄山胶囊,sz002817,8.1,8.06,8.19,6299100.0,8.07,1100,8.1,14100,0.5,8.2,8.01,6299100,51120000.0,2.17,2.36,23.49,24.23,8.87,7.25,0.88
华密新材,bj920247,23.71,22.76,23.11,2102100.0,23.7,6200,23.71,1300,4.17,24.1,23.02,2102100,49754100.0,1.84,4.75,27.09,37.35,29.58,15.94,1.29
温氏股份,sz300498,16.08,16.29,16.3,48667900.0,16.07,2000,16.08,1000,-1.29,16.3,15.94,48667900,782760000.0,0.82,2.21,957.17,1069.95,19.55,13.03,0.7
正弦电气,sh688395,25.88,25.4,25.58,84019200.0,25.85,1400,25.88,200,1.89,26.38,25.58,84019200,21930000.0,0.97,3.15,22.41,22.41,30.48,20.32,0.72
万华化学,sh600309,89.2,88.46,89.99,30058200.0,89.2,61200,89.21,3700,0.84,90.45,87.69,30058200,2671500000.0,0.96,3.12,2792.38,2792.38,97.31,79.61,0.64
腾龙股份,sh603158,9.96,9.77,9.91,9882300.0,9.95,84400,9.96,46200,1.94,10.09,9.91,9882300,98720000.0,2.01,1.84,48.88,48.88,10.75,8.79,0.61
爱普股份,sh603020,10.23,10.13,10.2,3093600.0,10.23,2600,10.25,4100,0.99,10.35,10.19,3093600,31800000.0,0.81,1.58,39.21,39.21,11.14,9.12,0.54
岳阳兴长,sz000819,16.27,16.72,16.66,16875600.0,16.27,7700,16.28,31700,-2.69,16.9,16.11,16875600,274990000.0,4.62,4.72,59.47,60.12,18.39,15.05,0.71
景嘉微,sz300474,67.28,68.03,69.17,10725300.0,67.28,37600,67.29,1300,-1.1,69.3,66.66,10725300,727180000.0,2.64,3.88,273.48,351.62,81.64,54.42,0.81
华大智造,sh688114,55.61,55.56,56.85,345905400.0,55.61,3100,55.62,900,0.09,56.88,54.84,345905400,192340000.0,0.83,3.67,230.41,231.62,66.67,44.45,0.84
国机汽车,sh600335,6.29,6.27,6.35,13062700.0,6.29,50600,6.3,50500,0.32,6.39,6.27,13062700,82520000.0,0.87,1.91,94.09,94.09,6.9,5.64,0.69
冠捷科技,sz000727,2.73,2.48,2.55,197059800.0,2.73,35105800,0.0,0,10.08,2.73,2.55,197059800,534960000.0,4.35,7.26,123.66,123.66,2.73,2.23,2.22
深物业A,sz000011,8.35,8.33,8.48,4440200.0,8.35,85700,8.36,41400,0.24,8.5,8.33,4440200,37260000.0,0.84,2.04,43.96,49.76,9.16,7.5,0.66
山东墨龙,sz002490,12.7,11.72,11.89,111623000.0,12.69,10800,12.7,187700,8.36,12.89,11.89,111623000,1409150000.0,20.61,8.53,68.8,101.33,12.89,10.55,2.31
民生银行,sh600016,3.88,3.84,3.84,232534100.0,3.87,5667600,3.88,4757900,1.04,3.89,3.83,232534100,898960000.0,0.66,1.56,1375.93,1698.76,4.22,3.46,0.73
中通客车,sz000957,11.11,10.86,11.02,12926300.0,11.1,18300,11.11,77400,2.3,11.17,10.99,12926300,143520000.0,2.18,1.66,65.87,65.87,11.95,9.77,0.73
远程股份,sz002692,5.83,5.65,5.73,28596500.0,5.82,95100,5.83,122500,3.19,5.93,5.7,28596500,166780000.0,3.98,4.07,41.84,41.87,6.22,5.09,1.7
铭利达,sz301268,22.31,22.99,23.34,5673200.0,22.31,9900,22.32,100,-2.96,23.47,22.14,5673200,127750000.0,1.65,5.79,76.9,89.33,27.59,18.39,0.84
祥鑫科技,sz002965,33.18,32.9,33.41,3195300.0,33.18,14500,33.19,8800,0.85,33.78,32.92,3195300,106400000.0,1.6,2.61,66.17,88.05,36.19,29.61,0.46
辰欣药业,sh603367,16.55,16.26,16.39,5020600.0,16.54,41600,16.55,8500,1.78,16.65,16.37,5020600,82910000.0,1.11,1.72,74.93,74.93,17.89,14.63,0.75
信隆健康,sz002105,7.35,7.27,7.4,7971800.0,7.35,8400,7.39,1800,1.1,7.5,7.32,7971800,59120000.0,2.19,2.48,26.79,26.92,8.0,6.54,0.82
海力风电,sz301155,75.49,75.53,76.52,1792300.0,75.49,6800,75.5,8100,-0.05,76.68,74.89,1792300,135510000.0,1.45,2.37,93.12,164.11,90.64,60.42,0.59
雪祺电气,sz001387,13.76,13.64,13.89,4355200.0,13.76,1300,13.77,3000,0.88,14.05,13.65,4355200,60360000.0,3.82,2.93,15.67,25.18,15.0,12.28,1.05
蓝天燃气,sh605368,8.65,8.8,8.61,28377700.0,8.65,42200,8.66,51000,-1.7,8.85,8.49,28377700,244340000.0,3.97,4.09,61.82,61.82,9.68,7.92,1.09
友升股份,sh603418,54.01,53.64,54.19,547300.0,54.01,3900,54.03,500,0.69,54.4,53.9,547300,29610000.0,1.35,0.93,21.83,104.28,59.0,48.28,0.54
科德教育,sz300192,19.6,19.15,19.5,7831800.0,19.6,14400,19.61,1000,2.35,19.93,19.5,7831800,154100000.0,2.41,2.25,63.63,64.51,22.98,15.32,0.59
英搏尔,sz300681,23.22,22.83,23.2,6458100.0,23.22,300,23.23,10100,1.71,23.51,23.03,6458100,150300000.0,2.8,2.1,53.59,71.07,27.4,18.26,0.76
天佑德酒,sz002646,8.39,8.31,8.4,4754200.0,8.39,11100,8.4,28500,0.96,8.46,8.33,4754200,39950000.0,1.0,1.56,39.93,40.2,9.14,7.48,0.67
生 意 宝,sz002095,18.03,17.72,18.2,7461800.0,18.03,600,18.04,2000,1.75,18.45,17.88,7461800,135100000.0,2.96,3.22,45.38,45.57,19.49,15.95,0.45
古井贡酒,sz000596,111.24,111.12,112.4,2066500.0,111.24,4200,111.25,3100,0.11,112.99,110.71,2066500,230750000.0,0.51,2.05,454.53,588.01,122.23,100.01,0.57
上海莱士,sz002252,6.17,6.17,6.22,25126600.0,6.17,373800,6.18,779200,0.0,6.23,6.16,25126600,155350000.0,0.38,1.13,409.35,409.56,6.79,5.55,0.61
华维设计,bj920427,13.69,13.65,13.99,1347100.0,13.68,100,13.69,3900,0.29,13.99,13.61,1347100,18506200.0,2.65,2.78,6.97,14.11,17.74,9.56,0.64
药康生物,sh688046,14.75,14.58,14.77,453226700.0,14.74,2200,14.75,900,1.17,15.06,14.62,453226700,67010000.0,1.11,3.02,60.48,60.48,17.5,11.66,0.93
*ST创兴,sh600193,4.24,4.22,4.27,3611700.0,4.23,53700,4.24,24800,0.47,4.27,4.19,3611700,15240000.0,0.85,1.9,18.04,18.04,4.43,4.01,0.73
元祖股份,sh603886,12.62,12.69,12.79,2687100.0,12.62,9200,12.64,7600,-0.55,12.84,12.56,2687100,34110000.0,1.12,2.21,30.29,30.29,13.96,11.42,0.75
中国长城,sz000066,15.67,15.18,15.59,80727400.0,15.66,148500,15.67,215200,3.23,15.88,15.49,80727400,1265270000.0,2.5,2.57,505.45,505.48,16.7,13.66,0.73
ST迪威迅,sz300167,6.42,6.11,6.15,18705500.0,6.42,28100,6.43,56000,5.07,6.61,6.1,18705500,119410000.0,5.21,8.35,23.04,25.0,7.33,4.89,1.04
涛涛车业,sz301345,198.39,198.17,200.82,895400.0,198.17,2400,198.39,900,0.11,202.58,197.63,895400,178730000.0,3.08,2.5,57.65,216.34,237.8,158.54,0.6
云从科技-UW,sh688327,14.55,14.41,14.88,2665011600.0,14.54,41400,14.55,46400,0.97,15.0,14.45,2665011600,390600000.0,3.2,3.82,121.27,151.11,17.29,11.53,0.56
海昇药业,bj920656,17.0,16.87,16.86,301700.0,16.96,7200,17.0,1000,0.77,17.17,16.86,301700,5139600.0,0.93,1.84,5.5,17.0,21.93,11.81,0.74
海利生物,sh603718,4.69,4.71,4.74,13758300.0,4.69,173800,4.7,54300,-0.42,4.78,4.67,13758300,64870000.0,2.12,2.34,30.44,30.57,5.18,4.24,0.75
ST诺泰,sh688076,32.49,32.6,33.0,304194000.0,32.48,5300,32.49,4500,-0.34,33.22,32.27,304194000,99240000.0,0.96,2.91,102.69,102.69,39.12,26.08,0.6
伟测科技,sh688372,143.6,140.5,146.0,1146761900.0,143.5,500,143.6,5800,2.21,151.88,140.23,1146761900,1661070000.0,7.69,8.29,214.04,214.04,168.6,112.4,1.03
威派格,sh603956,6.15,5.95,6.03,17389200.0,6.15,7000,6.16,46400,3.36,6.21,6.03,17389200,106870000.0,3.05,3.03,35.05,35.05,6.55,5.36,1.16
奥飞娱乐,sz002292,8.55,8.42,8.57,41324400.0,8.55,198100,8.56,55300,1.54,8.72,8.47,41324400,354230000.0,4.06,2.97,87.03,126.43,9.26,7.58,0.82
狮头股份,sh600539,10.96,10.81,10.95,5267000.0,10.96,7300,10.97,26000,1.39,11.06,10.8,5267000,57560000.0,2.29,2.41,25.21,25.21,11.89,9.73,0.62
千方科技,sz002373,10.68,10.43,10.66,27097300.0,10.68,44000,10.69,63700,2.4,10.75,10.6,27097300,289190000.0,1.97,1.44,147.13,168.76,11.47,9.39,0.81
光威复材,sz300699,37.71,37.22,37.7,18951500.0,37.7,25900,37.71,39100,1.32,38.29,37.31,18951500,716650000.0,2.31,2.63,309.77,313.5,44.66,29.78,0.64
清新环境,sz002573,3.96,3.91,3.99,14121800.0,3.95,61900,3.96,160000,1.28,4.02,3.9,14121800,55760000.0,1.0,3.07,55.94,56.04,4.3,3.52,0.57
一诺威,bj920261,15.94,15.92,16.04,1465500.0,15.94,13900,15.96,600,0.13,16.14,15.79,1465500,23356500.0,0.86,2.2,27.12,46.41,20.69,11.15,0.51
上海钢联,sz300226,26.71,26.58,27.16,12166400.0,26.71,1000,26.72,4200,0.49,27.4,26.39,12166400,326540000.0,3.97,3.8,81.83,85.13,31.9,21.26,0.74
沃顿科技,sz000920,13.63,12.39,12.7,12923700.0,13.63,10535900,0.0,0,10.01,13.63,12.67,12923700,171730000.0,2.73,7.75,64.42,64.42,13.63,11.15,2.04
山石网科,sh688030,16.64,16.09,16.3,187503500.0,16.63,3200,16.64,3800,3.42,16.81,16.3,187503500,31100000.0,1.04,3.17,29.99,29.99,19.31,12.87,0.58
鸣志电器,sh603728,62.47,62.04,63.14,4532100.0,62.47,5000,62.48,1400,0.69,63.5,62.11,4532100,284620000.0,1.08,2.24,261.68,261.68,68.24,55.84,0.74
常山北明,sz000158,20.29,20.39,20.66,34600500.0,20.29,274600,20.3,64200,-0.49,20.7,20.23,34600500,704160000.0,2.18,2.31,322.19,324.36,22.43,18.35,0.66
光启技术,sz002625,45.94,45.28,45.98,19397600.0,45.93,65300,45.94,32700,1.46,46.25,45.53,19397600,889760000.0,0.9,1.59,989.81,989.82,49.81,40.75,0.72
华锦股份,sz000059,6.2,6.15,6.01,77951200.0,6.2,17400,6.21,187300,0.81,6.33,5.89,77951200,474460000.0,4.87,7.15,99.17,99.17,6.77,5.54,1.1
彩虹股份,sh600707,6.76,6.4,6.52,63708700.0,6.75,280800,6.76,30000,5.63,6.95,6.51,63708700,432070000.0,1.78,6.88,242.53,242.58,7.04,5.76,1.51
水星家纺,sh603365,19.88,19.82,20.0,1781000.0,19.85,300,19.88,300,0.3,20.14,19.71,1781000,35480000.0,0.69,2.17,51.65,52.18,21.8,17.84,0.94
万胜智能,sz300882,24.74,24.21,24.2,26228400.0,24.74,5000,24.75,1200,2.19,25.99,24.2,26228400,655250000.0,9.85,7.39,65.89,70.81,29.05,19.37,2.51
益生股份,sz002458,9.61,9.8,9.86,13884100.0,9.6,20400,9.61,3500,-1.94,9.9,9.56,13884100,134110000.0,1.85,3.47,71.97,106.33,10.78,8.82,0.95
赢时胜,sz300377,19.97,19.88,20.44,29478100.0,19.96,32800,19.97,167600,0.45,20.55,19.75,29478100,592620000.0,4.46,4.02,132.14,149.98,23.86,15.9,0.64
重庆路桥,sh600106,6.01,5.92,5.98,8583600.0,6.01,27300,6.02,155800,1.52,6.05,5.96,8583600,51560000.0,0.65,1.52,79.87,79.87,6.51,5.33,0.58
万邦达,sz300055,10.32,10.01,10.0,66733900.0,10.31,28400,10.32,50600,3.1,10.58,9.9,66733900,685560000.0,10.54,6.79,65.31,86.35,12.01,8.01,1.34
天健集团,sz000090,3.87,3.85,3.87,17162900.0,3.86,95800,3.87,334400,0.52,3.9,3.85,17162900,66470000.0,0.92,1.3,72.31,72.31,4.24,3.47,0.64
鸿合科技,sz002955,26.26,25.38,25.73,2340700.0,26.25,2600,26.26,9100,3.47,26.35,25.62,2340700,61040000.0,1.19,2.88,51.54,62.14,27.92,22.84,0.93
艾能聚,bj920770,17.99,18.2,18.52,3337900.0,17.99,4700,18.0,15600,-1.15,18.6,17.91,3337900,60601300.0,4.08,3.79,14.73,23.41,23.66,12.74,0.71
连城数控,bj920368,44.05,46.42,47.52,14078000.0,44.04,2000,44.05,3600,-5.11,47.58,43.17,14078000,632283600.0,6.3,9.5,98.39,103.42,60.34,32.5,0.79
中 关 村,sz000931,5.02,4.9,4.97,7989400.0,5.02,4000,5.03,130600,2.45,5.04,4.95,7989400,39950000.0,1.06,1.84,37.7,37.81,5.39,4.41,0.76
凯撒文化,sz002425,3.52,3.43,3.5,15468900.0,3.52,61900,3.53,209100,2.62,3.55,3.47,15468900,54400000.0,1.62,2.33,33.65,33.67,3.77,3.09,0.71
天利科技,sz300399,25.28,25.12,25.7,4172900.0,25.27,7100,25.28,24400,0.64,25.83,24.97,4172900,105710000.0,2.11,3.42,49.95,49.95,30.14,20.1,0.62
亚世光电,sz002952,26.5,24.09,24.09,14177600.0,26.5,1392000,0.0,0,10.0,26.5,24.09,14177600,362940000.0,10.77,10.0,34.89,43.55,26.5,21.68,1.91
双一科技,sz300690,30.14,29.69,30.25,2496700.0,30.13,5500,30.14,7700,1.52,30.53,30.05,2496700,75610000.0,2.25,1.62,33.39,49.84,35.63,23.75,0.65
同为股份,sz002835,16.32,16.04,16.25,2487200.0,16.32,36600,16.33,600,1.75,16.49,16.25,2487200,40760000.0,1.95,1.5,20.77,35.82,17.64,14.44,0.72
恒丰纸业,sh600356,9.54,9.48,9.59,5934700.0,9.53,2900,9.54,2800,0.63,9.69,9.49,5934700,56890000.0,1.99,2.11,28.5,28.5,10.43,8.53,0.75
尚荣医疗,sz002551,3.65,3.57,3.64,11088100.0,3.64,48200,3.65,334500,2.24,3.68,3.63,11088100,40550000.0,1.81,1.4,22.31,30.86,3.93,3.21,0.81
青岛食品,sz001219,14.44,14.4,14.53,3158500.0,14.43,3700,14.44,23900,0.28,14.66,14.36,3158500,45900000.0,1.66,2.08,27.45,28.16,15.84,12.96,0.9
微电生理,sh688351,22.47,22.59,22.99,291632900.0,22.47,3300,22.51,6800,-0.53,23.1,22.38,291632900,66460000.0,0.62,3.19,105.74,105.74,27.11,18.07,0.68
中胤时尚,sz300901,16.29,16.39,16.5,2144900.0,16.29,2900,16.3,16500,-0.61,16.69,16.27,2144900,35240000.0,0.89,2.56,39.1,39.1,19.67,13.11,0.7
德赛西威,sz002920,114.61,117.39,119.36,12526100.0,114.61,13200,114.62,2000,-2.37,119.54,113.63,12526100,1454430000.0,2.26,5.03,635.79,684.04,129.13,105.65,1.55
天邑股份,sz300504,15.97,15.35,15.83,14316100.0,15.96,500,15.97,20600,4.04,16.28,15.72,14316100,229390000.0,6.56,3.65,34.85,43.28,18.42,12.28,1.12
华恒生物,sh688639,31.13,31.59,32.0,599565700.0,31.13,9100,31.14,4200,-1.46,32.4,30.94,599565700,189040000.0,2.4,4.62,77.86,77.86,37.91,25.27,0.83
依依股份,sz001206,22.57,22.18,22.43,3997500.0,22.57,19200,22.58,4200,1.76,22.83,22.38,3997500,90270000.0,3.76,2.03,24.0,41.73,24.4,19.96,1.16
特发服务,sz300917,36.44,36.34,36.8,4606500.0,36.44,500,36.45,3200,0.28,36.99,36.18,4606500,168530000.0,2.73,2.23,61.58,61.58,43.61,29.07,0.75
芯导科技,sh688230,64.52,62.42,63.99,104925300.0,64.5,600,64.52,2200,3.36,65.05,63.8,104925300,67680000.0,0.89,2.0,75.88,75.88,74.9,49.94,0.81
宝立食品,sh603170,13.42,13.6,13.6,2501500.0,13.42,65900,13.43,18600,-1.32,13.7,13.4,2501500,33780000.0,0.63,2.21,53.68,53.68,14.96,12.24,0.74
航天南湖,sh688552,42.56,44.65,43.31,1153565700.0,42.55,19300,42.56,2300,-4.68,44.0,41.8,1153565700,491690000.0,13.29,4.93,36.95,143.53,53.58,35.72,1.04
惠通科技,sz301601,27.02,26.69,27.25,740200.0,27.02,8300,27.03,500,1.24,27.25,26.8,740200,19970000.0,0.88,1.69,22.83,37.96,32.03,21.35,0.49
美利云,sz000815,14.83,13.48,13.8,107182200.0,14.83,1922700,0.0,0,10.01,14.83,13.55,107182200,1551500000.0,15.42,9.5,103.11,103.11,14.83,12.13,1.27
荣泰健康,sh603579,22.08,21.75,22.13,3116500.0,22.08,23900,22.09,9100,1.52,22.19,21.8,3116500,68620000.0,1.55,1.79,44.39,44.39,23.93,19.58,0.78
乐心医疗,sz300562,13.83,13.6,13.84,5757500.0,13.82,200,13.83,5800,1.69,14.0,13.72,5757500,79790000.0,3.55,2.06,22.43,30.23,16.32,10.88,0.81
中航高科,sh600862,26.09,25.69,25.92,23308800.0,26.08,2400,26.09,8900,1.56,26.33,25.71,23308800,606130000.0,1.67,2.41,363.45,363.45,28.26,23.12,0.61
亿道信息,sz001314,45.31,44.55,45.0,1642000.0,45.31,6000,45.34,1100,1.71,45.7,45.0,1642000,74620000.0,3.17,1.57,23.45,64.63,49.01,40.1,0.67
钜泉科技,sh688391,30.63,29.86,30.29,149809900.0,30.63,0,30.64,700,2.58,31.15,30.29,149809900,46030000.0,1.3,2.88,35.28,35.28,35.83,23.89,1.11
中安科,sh600654,3.51,3.43,3.48,48081500.0,3.51,389400,3.52,713000,2.33,3.55,3.47,48081500,169060000.0,2.07,2.33,81.34,101.0,3.77,3.09,0.87
三一重工,sh600031,22.08,22.01,22.26,64932100.0,22.08,34000,22.09,14600,0.32,22.73,21.96,64932100,1446540000.0,0.77,3.5,1871.15,2030.26,24.21,19.81,1.08
中信建投,sh601066,22.99,22.93,23.1,7731200.0,22.99,3300,23.0,29600,0.26,23.18,22.9,7731200,177980000.0,0.12,1.22,1493.35,1783.26,25.22,20.64,0.57
浙文互联,sh600986,11.15,11.0,11.3,88785800.0,11.14,84400,11.15,169100,1.36,11.33,11.05,88785800,989590000.0,5.97,2.55,165.84,165.84,12.1,9.9,0.54
蓝色光标,sz300058,16.64,16.33,16.78,268165600.0,16.64,884300,16.65,483100,1.9,16.85,16.39,268165600,4449950000.0,7.71,2.82,579.08,597.41,19.6,13.06,0.7
腾达建设,sh600512,2.45,2.4,2.43,37500500.0,2.44,659700,2.45,8200,2.08,2.48,2.42,37500500,92180000.0,2.36,2.5,38.89,39.05,2.64,2.16,1.21
福蓉科技,sh603327,10.02,9.79,9.96,15396700.0,10.02,16400,10.03,6100,2.35,10.17,9.94,15396700,155030000.0,1.47,2.35,104.76,104.76,10.77,8.81,0.87
达安基因,sz002030,6.03,5.92,5.97,17040100.0,6.02,164200,6.03,394700,1.86,6.04,5.96,17040100,102300000.0,1.21,1.35,84.63,84.63,6.51,5.33,0.71
广信科技,bj920037,82.97,80.35,81.4,1917000.0,82.97,600,82.98,3200,3.26,83.93,81.0,1917000,158785000.0,6.48,3.65,24.53,75.89,104.45,56.25,1.47
肇民科技,sz301000,34.58,34.9,35.39,2562900.0,34.57,12200,34.58,4300,-0.92,35.66,34.41,2562900,89880000.0,1.12,3.58,79.28,83.99,41.88,27.92,0.89
三元基因,bj920344,21.95,21.83,22.0,508300.0,21.9,2000,21.95,2200,0.55,22.25,21.68,508300,11119100.0,0.45,2.61,24.96,26.74,28.37,15.29,0.59
清越科技,sh688496,6.66,6.08,6.13,1837116600.0,6.65,10400,6.66,25600,9.54,7.14,6.13,1837116600,123700000.0,7.72,16.61,15.85,29.97,7.3,4.86,3.62
睿能科技,sh603933,21.76,21.27,21.63,3200300.0,21.75,6000,21.76,100,2.3,21.98,21.62,3200300,69730000.0,1.54,1.69,45.16,45.16,23.4,19.14,0.79
顺控发展,sz003039,16.7,16.5,16.72,6776400.0,16.69,4900,16.7,37200,1.21,16.98,16.62,6776400,113570000.0,1.1,2.18,103.13,103.13,18.15,14.85,0.95
广济药业,sz000952,7.47,7.37,7.48,6970600.0,7.47,600,7.48,80700,1.36,7.56,7.44,6970600,52310000.0,2.03,1.63,25.7,25.9,8.11,6.63,0.71
广大特材,sh688186,29.15,26.88,28.0,4269967300.0,29.14,1500,29.15,71400,8.44,29.92,27.4,4269967300,1232720000.0,15.22,9.38,81.76,81.76,32.26,21.5,1.63
播恩集团,sz001366,13.86,13.79,14.05,2725200.0,13.83,1000,13.86,15200,0.51,14.12,13.75,2725200,37910000.0,4.89,2.68,7.72,22.27,15.17,12.41,0.71
三晖电气,sz002857,23.75,21.59,21.85,9482700.0,23.75,743500,0.0,0,10.0,23.75,21.85,9482700,221630000.0,7.41,8.8,30.4,31.03,23.75,19.43,2.6
ST长方,sz300301,2.99,2.77,2.84,30098400.0,2.98,165500,2.99,180700,7.94,3.02,2.83,30098400,88510000.0,3.81,6.86,23.62,24.81,3.32,2.22,1.1
美格智能,sz002881,45.1,45.86,46.7,7684700.0,45.1,7500,45.11,400,-1.66,46.73,44.87,7684700,350910000.0,4.22,4.06,82.05,118.05,50.45,41.27,0.78
万讯自控,sz300112,8.64,8.41,8.53,10867600.0,8.63,6000,8.64,38700,2.73,8.76,8.53,10867600,94070000.0,4.57,2.73,20.53,25.08,10.09,6.73,1.27
山河智能,sz002097,11.2,10.91,11.14,23835400.0,11.2,105100,11.21,115000,2.66,11.34,11.13,23835400,267920000.0,2.22,1.92,120.14,120.36,12.0,9.82,1.18
友好集团,sh600778,6.8,6.72,6.77,7796500.0,6.79,96300,6.8,57100,1.19,6.9,6.77,7796500,53260000.0,2.51,1.93,21.16,21.18,7.39,6.05,0.73
振东制药,sz300158,5.76,5.64,5.74,17493100.0,5.76,159300,5.77,52600,2.13,5.81,5.67,17493100,100530000.0,1.76,2.48,57.12,57.16,6.77,4.51,0.65
隆鑫通用,sh603766,14.95,14.82,14.93,17196600.0,14.95,10600,14.96,3600,0.88,15.23,14.86,17196600,258490000.0,0.84,2.5,307.0,307.0,16.3,13.34,0.77
力源科技,sh688565,13.63,13.5,13.96,313464900.0,13.63,7300,13.64,4000,0.96,13.96,13.46,313464900,42780000.0,2.09,3.7,20.41,20.41,16.2,10.8,0.55
*ST四环,sz000518,2.81,2.78,2.8,7955600.0,2.8,153000,2.81,403100,1.08,2.83,2.78,7955600,22290000.0,0.77,1.8,28.93,28.93,2.92,2.64,0.47
兴业银锡,sz000426,51.15,51.8,52.86,58687600.0,51.14,2300,51.15,11100,-1.25,52.96,49.97,58687600,3014270000.0,3.31,5.77,908.02,908.24,56.98,46.62,0.63
掌阅科技,sh603533,27.3,26.66,28.0,39385200.0,27.3,3700,27.31,22700,2.4,28.39,27.03,39385200,1081190000.0,8.97,5.1,119.82,119.82,29.33,23.99,0.61
博睿数据,sh688229,85.3,81.21,84.49,159268300.0,85.3,2100,85.38,100,5.04,88.68,83.02,159268300,136530000.0,3.59,6.97,37.87,37.87,97.45,64.97,0.66
北信源,sz300352,6.66,6.63,6.76,47263400.0,6.65,56700,6.66,29300,0.45,6.82,6.62,47263400,317030000.0,3.7,3.02,85.02,96.56,7.96,5.3,0.67
科拓生物,sz300858,16.41,16.25,16.42,2964000.0,16.41,2000,16.43,4500,0.98,16.63,16.28,2964000,48770000.0,1.51,2.15,32.12,43.24,19.5,13.0,0.84
万润科技,sz002654,14.02,13.44,13.82,46802900.0,14.02,142700,14.03,45400,4.32,14.28,13.82,46802900,659150000.0,5.54,3.42,118.5,118.51,14.78,12.1,1.12
煜邦电力,sh688597,10.04,9.69,10.1,1636991000.0,10.04,69300,10.05,111300,3.61,10.3,9.91,1636991000,165230000.0,4.87,4.02,33.74,33.74,11.63,7.75,2.41
百克生物,sh688276,18.59,18.53,18.68,128260700.0,18.59,1300,18.61,1500,0.32,18.76,18.55,128260700,23940000.0,0.31,1.13,76.9,76.9,22.24,14.82,0.61
锐奇股份,sz300126,8.7,8.35,8.52,6824800.0,8.7,12800,8.73,22800,4.19,8.91,8.43,6824800,59220000.0,3.24,5.75,18.33,26.44,10.02,6.68,1.24
复旦张江,sh688505,8.05,7.92,8.04,365930400.0,8.04,61500,8.05,13800,1.64,8.13,8.01,365930400,29510000.0,0.51,1.52,57.2,83.44,9.5,6.34,0.68
鲁阳节能,sz002088,11.09,11.07,11.28,2880000.0,11.08,1100,11.09,8300,0.18,11.39,11.0,2880000,31960000.0,0.57,3.52,56.09,56.91,12.18,9.96,0.57
舒泰神,sz300204,24.91,24.4,24.79,9611100.0,24.9,18800,24.91,5700,2.09,25.35,24.43,9611100,239320000.0,2.12,3.77,113.01,119.01,29.28,19.52,0.87
汇源通信,sz000586,15.61,15.48,15.67,7323500.0,15.61,5300,15.62,36000,0.84,15.84,15.5,7323500,114810000.0,3.83,2.2,29.84,30.2,17.03,13.93,0.57
国科恒泰,sz301370,11.03,10.87,11.02,2774400.0,11.03,12300,11.04,6300,1.47,11.13,11.0,2774400,30710000.0,0.86,1.2,35.71,51.91,13.04,8.7,0.72
中赋科技,sz300692,7.67,7.78,7.9,16972200.0,7.67,54400,7.68,1200,-1.41,7.92,7.66,16972200,131440000.0,4.05,3.34,32.17,35.94,9.34,6.22,0.91
美力科技,sz300611,25.6,25.1,25.59,3142700.0,25.59,500,25.6,7300,1.99,25.9,25.41,3142700,80520000.0,2.12,1.95,37.97,54.04,30.12,20.08,0.65
双林股份,sz300100,33.04,32.93,33.56,5664900.0,33.03,19100,33.04,9600,0.33,33.65,32.86,5664900,187870000.0,1.03,2.4,182.51,188.98,39.52,26.34,0.62
振华重工,sh600320,5.47,5.36,5.42,70588500.0,5.46,316000,5.47,93200,2.05,5.5,5.36,70588500,383890000.0,2.12,2.61,181.71,288.18,5.9,4.82,0.94
节能国祯,sz300388,8.74,8.61,8.68,8915200.0,8.73,142300,8.74,88300,1.51,8.8,8.66,8915200,77730000.0,1.31,1.63,59.41,59.52,10.33,6.89,0.82
西菱动力,sz300733,17.18,16.99,17.2,2789800.0,17.18,3200,17.19,18100,1.12,17.33,17.01,2789800,47910000.0,1.24,1.88,38.74,52.52,20.39,13.59,0.66
中红医疗,sz300981,12.44,12.09,12.29,2670800.0,12.42,5800,12.44,7900,2.89,12.49,12.2,2670800,33100000.0,0.68,2.4,48.89,53.35,14.51,9.67,0.84
凯迪股份,sh605288,116.16,106.66,112.7,1527800.0,116.14,100,116.16,16300,8.91,116.25,108.0,1527800,171000000.0,2.18,7.73,81.54,82.09,117.33,95.99,1.88
强邦新材,sz001279,32.71,32.49,32.95,499600.0,32.71,600,32.73,700,0.68,33.0,32.62,499600,16420000.0,1.25,1.17,13.08,52.34,35.74,29.24,0.55
信达地产,sh600657,3.22,3.21,3.24,14165000.0,3.22,8800,3.23,285600,0.31,3.26,3.2,14165000,45640000.0,0.5,1.87,91.83,91.83,3.53,2.89,0.62
惠天热电,sz000692,4.05,3.93,3.98,17571800.0,4.04,25500,4.05,85100,3.05,4.07,3.94,17571800,70790000.0,3.3,3.31,21.58,21.58,4.32,3.54,1.21
创益通,sz300991,59.53,58.05,59.99,3527900.0,59.53,400,59.55,600,2.55,60.16,58.3,3527900,208950000.0,3.83,3.2,54.85,85.72,69.66,46.44,0.46
威尔药业,sh603351,25.96,25.77,25.97,599400.0,25.93,10000,25.96,1100,0.74,26.87,25.77,599400,15610000.0,0.44,4.27,35.16,35.16,28.35,23.19,0.74
东方新能,sz002310,2.42,2.32,2.42,146657200.0,2.42,197600,2.43,3798500,4.31,2.45,2.35,146657200,352860000.0,3.49,4.31,101.62,145.18,2.55,2.09,1.54
凯添燃气,bj920010,15.05,15.0,14.11,34004800.0,15.04,3100,15.05,5500,0.33,16.61,13.88,34004800,506557600.0,19.58,18.2,26.13,35.29,19.5,10.5,1.51
盛泰集团,sh605138,7.15,7.02,7.1,2796100.0,7.15,4600,7.16,14100,1.85,7.23,7.1,2796100,20070000.0,0.5,1.85,39.72,39.72,7.72,6.32,0.82
会畅科技,sz300578,22.37,21.52,22.07,12919300.0,22.37,1600,22.38,2900,3.95,22.88,21.43,12919300,287100000.0,6.52,6.74,44.34,44.35,25.82,17.22,1.22
拓斯达,sz300607,27.89,27.55,28.0,7312800.0,27.88,12300,27.89,1600,1.23,28.24,27.73,7312800,204690000.0,2.2,1.85,92.61,133.03,33.06,22.04,0.67
新五丰,sh600975,5.61,5.69,5.69,18979600.0,5.61,33800,5.62,250400,-1.41,5.7,5.57,18979600,106690000.0,1.52,2.28,70.11,70.11,6.26,5.12,1.24
奔朗新材,bj920807,14.83,14.82,14.94,2778200.0,14.8,3100,14.83,14000,0.07,15.19,14.7,2778200,41279300.0,2.28,3.31,18.09,26.97,19.26,10.38,0.54
嘉友国际,sh603871,15.1,15.05,15.27,9161700.0,15.09,10000,15.1,1900,0.33,15.36,14.93,9161700,138200000.0,0.67,2.86,206.57,206.57,16.56,13.55,0.53
*ST海源,sz002529,6.65,6.59,6.64,1964900.0,6.63,17800,6.65,10500,0.91,6.71,6.6,1964900,13090000.0,0.76,1.67,17.29,17.29,6.92,6.26,0.48
戴维医疗,sz300314,13.82,13.76,14.0,4019000.0,13.82,1000,13.83,3800,0.44,14.13,13.74,4019000,56020000.0,2.8,2.83,19.87,39.8,16.51,11.01,0.77
钱江摩托,sz000913,14.98,15.04,15.2,3372700.0,14.98,100,15.0,4000,-0.4,15.2,14.92,3372700,50660000.0,0.73,1.86,69.22,78.88,16.54,13.54,0.63
歌尔股份,sz002241,25.13,24.73,25.05,56030600.0,25.13,350100,25.14,32400,1.62,25.4,25.01,56030600,1412180000.0,1.79,1.58,788.7,891.02,27.2,22.26,0.67
河钢股份,sz000709,2.56,2.56,2.6,129492500.0,2.56,25200,2.57,814400,0.0,2.63,2.54,129492500,333020000.0,1.25,3.52,264.59,264.63,2.82,2.3,0.75
晟楠科技,bj920006,28.04,29.57,28.5,5286600.0,28.03,14300,28.04,1400,-5.17,28.87,28.0,5286600,149597900.0,11.06,2.94,13.4,25.32,38.44,20.7,1.17
红蜻蜓,sh603116,5.82,5.76,5.84,4881700.0,5.82,15800,5.83,9100,1.04,5.91,5.79,4881700,28500000.0,0.85,2.08,33.53,33.53,6.34,5.18,0.68
迪瑞医疗,sz300396,12.66,12.53,12.65,1736500.0,12.65,800,12.66,4200,1.04,12.73,12.57,1736500,21980000.0,0.64,1.28,34.47,34.52,15.04,10.02,0.64
力诺药包,sz301188,16.59,16.45,16.64,3879500.0,16.58,48100,16.59,1600,0.85,16.7,16.42,3879500,64200000.0,1.51,1.7,42.54,42.54,19.74,13.16,0.56
亿能电力,bj920046,32.49,33.22,32.47,19673900.0,32.48,4100,32.49,1600,-2.2,36.4,32.0,19673900,674321600.0,30.7,13.25,20.82,32.86,43.18,23.26,1.45
读者传媒,sh603999,7.27,7.11,7.21,10526600.0,7.27,22200,7.28,17400,2.25,7.34,7.17,10526600,76320000.0,1.83,2.39,41.88,41.88,7.82,6.4,0.53
信雅达,sh600571,14.55,14.22,14.5,9071200.0,14.54,42900,14.55,54300,2.32,14.69,14.43,9071200,132150000.0,1.98,1.83,66.6,67.85,15.64,12.8,0.77
无线传媒,sz301551,32.39,32.49,32.98,3205500.0,32.39,16100,32.4,5500,-0.31,33.14,32.33,3205500,104820000.0,2.07,2.49,50.06,129.56,38.99,25.99,0.56
中国核建,sh601611,16.79,15.69,15.86,182166200.0,16.78,1336000,16.79,26000,7.01,17.26,15.85,182166200,3068770000.0,6.04,8.99,506.02,506.02,17.26,14.12,2.19
朗博科技,sh603655,37.5,37.2,37.5,988500.0,37.48,300,37.5,1600,0.81,37.9,37.17,988500,37110000.0,0.93,1.96,39.75,39.75,40.92,33.48,0.62
华盛昌,sz002980,32.46,34.02,34.06,27828200.0,32.46,32500,32.47,100,-4.59,34.49,31.47,27828200,912020000.0,27.45,8.88,32.91,61.48,37.42,30.62,1.45
华昌达,sz300278,5.31,5.15,5.26,24806600.0,5.3,112400,5.31,244900,3.11,5.36,5.26,24806600,131700000.0,1.76,1.94,74.84,75.08,6.18,4.12,0.97
聚飞光电,sz300303,12.53,10.44,11.7,254135300.0,12.53,25833100,0.0,0,20.02,12.53,11.56,254135300,3103290000.0,19.12,9.29,166.55,177.53,12.53,8.35,0.78
格科微,sh688728,15.19,14.74,14.99,3557893600.0,15.19,23500,15.2,33000,3.05,15.7,14.81,3557893600,540940000.0,1.42,6.04,379.58,395.03,17.69,11.79,1.36
江波龙,sz301308,296.3,301.99,308.02,21507900.0,296.3,2700,296.31,100,-1.88,310.85,295.23,21507900,6510860000.0,7.84,5.17,813.03,1241.93,362.39,241.59,1.62
茂硕电源,sz002660,9.35,8.99,9.08,8643600.0,9.34,600,9.35,69900,4.0,9.44,9.08,8643600,80780000.0,2.52,4.0,32.07,33.34,9.89,8.09,1.26
钢研高纳,sz300034,21.61,21.46,22.53,28898700.0,21.61,95700,21.62,5200,0.7,22.53,21.31,28898700,628340000.0,3.77,5.68,165.67,172.22,25.75,17.17,0.48
东和新材,bj920792,12.96,12.85,12.9,1207700.0,12.91,200,12.96,5200,0.86,13.2,12.86,1207700,15649400.0,1.2,2.65,13.01,21.45,16.7,9.0,0.54
蜂助手,sz301382,34.13,33.65,34.35,6271700.0,34.12,4300,34.13,500,1.43,34.54,33.93,6271700,214760000.0,3.56,1.81,60.17,97.47,40.38,26.92,0.61
ST太重,sh600169,2.45,2.45,2.46,19879000.0,2.45,1012600,2.46,345200,0.0,2.49,2.45,19879000,49050000.0,0.6,1.63,81.66,82.0,2.57,2.33,0.64
永创智能,sh603901,13.31,13.04,13.24,8332900.0,13.31,24300,13.32,8600,2.07,13.58,13.2,8332900,111430000.0,1.71,2.91,64.9,69.76,14.34,11.74,0.84
今世缘,sh603369,29.1,29.06,29.19,4212900.0,29.1,4300,29.11,36100,0.14,29.35,29.07,4212900,122960000.0,0.34,0.96,362.82,362.82,31.97,26.15,0.48
宏鑫科技,sz301539,20.03,19.81,20.2,1807200.0,20.03,17300,20.04,300,1.11,20.4,19.97,1807200,36440000.0,2.41,2.17,15.03,29.64,23.77,15.85,0.74
智能自控,sz002877,10.89,9.9,10.89,36749900.0,10.89,9380300,0.0,0,10.0,10.89,10.61,36749900,399600000.0,15.28,2.83,26.19,38.75,10.89,8.91,2.31
香山股份,sz002870,37.8,37.03,37.5,2729200.0,37.8,7900,37.82,2400,2.08,38.28,37.05,2729200,102990000.0,2.12,3.32,48.75,49.92,40.73,33.33,0.69
润建股份,sz002929,49.68,50.3,51.0,25048900.0,49.68,6500,49.69,200,-1.23,51.5,48.53,25048900,1238000000.0,11.9,5.9,104.61,141.13,55.33,45.27,1.07
ST华鹏,sh603021,6.84,6.64,6.8,15955200.0,6.83,46700,6.84,2000,3.01,6.97,6.65,15955200,108550000.0,4.99,4.82,21.88,21.88,6.97,6.31,1.36
苏垦农发,sh601952,9.75,10.12,9.89,32863200.0,9.75,4700,9.79,7900,-3.66,10.05,9.72,32863200,323410000.0,2.38,3.26,134.35,134.35,11.13,9.11,0.9
宝泰隆,sh601011,3.72,3.74,3.7,116723100.0,3.71,424000,3.72,238300,-0.53,3.77,3.6,116723100,429890000.0,6.09,4.55,71.26,71.26,4.11,3.37,0.8
安阳钢铁,sh600569,2.57,2.55,2.58,39964800.0,2.56,130600,2.57,135500,0.78,2.63,2.53,39964800,102830000.0,1.39,3.92,73.82,73.82,2.81,2.3,0.5
保龄宝,sz002286,10.06,10.2,10.34,14612100.0,10.06,12900,10.07,10000,-1.37,10.42,10.01,14612100,148440000.0,3.95,4.02,37.18,38.29,11.22,9.18,0.48
华控赛格,sz000068,3.48,3.37,3.42,15918300.0,3.47,68100,3.48,254800,3.26,3.5,3.42,15918300,55170000.0,1.58,2.37,35.03,35.03,3.71,3.03,0.96
仲景食品,sz300908,26.96,26.85,27.29,902100.0,26.89,1000,26.96,4000,0.41,27.31,26.85,902100,24430000.0,0.73,1.71,33.2,39.36,32.22,21.48,0.76
视声智能,bj920976,31.38,32.2,33.2,2369900.0,31.38,29200,31.39,10000,-2.55,33.92,31.22,2369900,76185000.0,5.37,8.39,13.84,22.27,41.86,22.54,0.82
康恩贝,sh600572,4.32,4.31,4.35,40982000.0,4.32,347900,4.33,765300,0.23,4.35,4.31,40982000,177190000.0,1.62,0.93,109.28,109.58,4.74,3.88,0.85
中简科技,sz300777,40.9,40.44,41.27,10716700.0,40.9,152600,40.92,1200,1.14,41.58,40.33,10716700,439240000.0,2.53,3.09,173.26,179.84,48.53,32.35,0.52
顺鑫农业,sz000860,13.96,13.92,13.98,5153200.0,13.96,89700,13.97,27600,0.29,14.07,13.9,5153200,71930000.0,0.69,1.22,103.55,103.55,15.31,12.53,0.6
华电科工,sh601226,11.82,11.06,11.28,90658000.0,11.81,44000,11.82,45400,6.87,12.17,11.13,90658000,1068280000.0,7.8,9.4,137.37,137.37,12.17,9.95,1.6
广聚能源,sz000096,11.84,12.15,11.99,38935200.0,11.84,22600,11.85,21500,-2.55,12.58,11.53,38935200,462700000.0,7.62,8.64,60.48,62.52,13.37,10.94,0.89
长春燃气,sh600333,5.83,5.86,5.82,44688800.0,5.82,140800,5.83,34100,-0.51,5.94,5.65,44688800,258680000.0,7.34,4.95,35.51,35.51,6.45,5.27,0.97
富佳股份,sh603219,16.73,16.63,17.0,3850600.0,16.73,19500,16.77,1100,0.6,17.18,16.64,3850600,65050000.0,0.69,3.25,93.92,93.92,18.29,14.97,0.9
中颖电子,sz300327,26.66,26.48,27.13,9327400.0,26.66,5200,26.67,1000,0.68,27.27,26.5,9327400,250970000.0,2.75,2.91,90.35,91.01,31.78,21.18,0.6
南方精工,sz002553,26.12,25.77,26.1,6753000.0,26.12,15600,26.13,15300,1.36,26.25,25.96,6753000,176310000.0,2.69,1.13,65.51,92.31,28.35,23.19,0.55
*ST南置,sz002305,2.13,2.09,2.12,12607100.0,2.12,1052800,2.13,1056100,1.91,2.14,2.1,12607100,26700000.0,0.73,1.91,36.94,36.94,2.19,1.99,0.47
渤海股份,sz000605,7.19,7.04,7.23,5892500.0,7.17,8700,7.19,17100,2.13,7.26,7.11,5892500,42340000.0,1.67,2.13,25.36,25.36,7.74,6.34,0.95
迈为股份,sz300751,265.0,261.79,266.01,6060000.0,265.0,1000,265.01,100,1.23,268.85,258.5,6060000,1599730000.0,3.13,3.95,512.38,740.42,314.15,209.43,0.67
亚信安全,sh688225,19.45,19.29,19.7,313317800.0,19.44,2200,19.45,27000,0.83,19.78,19.3,313317800,61140000.0,0.78,2.49,77.8,77.8,23.15,15.43,0.56
统一股份,sh600506,24.91,25.61,25.06,16093600.0,24.9,18800,24.91,2700,-2.73,25.4,23.69,16093600,396890000.0,8.38,6.68,47.83,47.83,28.17,23.05,0.79
恒林股份,sh603661,33.13,32.98,33.55,546500.0,33.11,2300,33.13,1500,0.45,33.66,33.07,546500,18220000.0,0.39,1.79,46.07,46.07,36.28,29.68,0.58
中文在线,sz300364,28.51,28.15,29.55,55342600.0,28.51,156700,28.52,55500,1.28,29.66,28.3,55342600,1592160000.0,8.38,4.83,188.28,207.7,33.78,22.52,0.79
九华旅游,sh603199,40.15,40.8,41.5,1780500.0,40.15,8600,40.18,300,-1.59,41.5,40.0,1780500,72210000.0,1.61,3.68,44.44,44.44,44.88,36.72,0.67
立华股份,sz300761,19.98,20.83,20.99,13813000.0,19.98,23000,19.99,5000,-4.08,21.0,19.81,13813000,279090000.0,2.2,5.71,125.48,167.29,25.0,16.66,1.16
东瑞股份,sz001201,14.39,14.52,14.78,3344700.0,14.39,9100,14.4,8400,-0.9,14.78,14.35,3344700,48370000.0,1.65,2.96,29.23,37.1,15.97,13.07,1.1
金达莱,sh688057,12.68,12.63,12.76,182368200.0,12.68,6500,12.7,8100,0.4,12.82,12.55,182368200,23220000.0,0.66,2.14,35.0,35.0,15.16,10.1,0.72
三联锻造,sz001282,24.32,25.3,25.86,20633200.0,24.32,121400,24.33,200,-3.87,26.24,24.17,20633200,515740000.0,26.4,8.18,19.01,54.04,27.83,22.77,1.53
致远新能,sz300985,25.96,25.85,25.85,9994900.0,25.96,14400,25.97,2300,0.43,27.05,25.41,9994900,260990000.0,5.36,6.34,48.42,48.42,31.02,20.68,0.93
城建发展,sh600266,5.27,5.23,5.3,33846800.0,5.27,380100,5.28,390900,0.76,5.32,5.24,33846800,178700000.0,1.63,1.53,109.39,109.39,5.75,4.71,0.59
片仔癀,sh600436,157.0,156.44,156.51,1373400.0,156.99,1800,157.0,38900,0.36,158.37,156.51,1373400,216020000.0,0.23,1.19,947.21,947.21,172.08,140.8,0.6
杭州高新,sz300478,27.0,27.16,27.7,4136100.0,27.0,50900,27.02,200,-0.59,27.7,26.9,4136100,112590000.0,3.27,2.95,34.2,34.2,32.59,21.73,0.69
际华集团,sh601718,3.31,3.37,3.37,64389100.0,3.31,1035800,3.32,484800,-1.78,3.4,3.3,64389100,214310000.0,1.48,2.97,144.35,144.35,3.71,3.03,0.82
鑫源智造,sh600615,12.06,11.63,11.83,3540200.0,12.05,3200,12.06,18200,3.7,12.08,11.74,3540200,42300000.0,1.57,2.92,27.17,27.21,12.79,10.47,0.86
欧克科技,sz001223,54.83,54.38,54.82,659300.0,54.82,300,54.83,900,0.83,55.5,54.4,659300,36250000.0,0.71,2.02,51.18,51.18,59.82,48.94,0.52
露笑科技,sz002617,8.83,8.56,8.76,109591500.0,8.82,149700,8.83,519100,3.15,8.98,8.75,109591500,974420000.0,5.79,2.69,167.02,169.8,9.42,7.7,0.88
中洲控股,sz000042,8.53,8.52,8.65,6576900.0,8.53,16200,8.54,59800,0.12,8.67,8.5,6576900,56440000.0,0.99,2.0,56.65,56.71,9.37,7.67,1.1
同力股份,bj920599,20.59,20.35,20.61,3091100.0,20.56,500,20.59,7100,1.18,20.81,20.35,3091100,63444000.0,0.88,2.26,72.18,95.23,26.45,14.25,0.8
美利信,sz301307,37.54,33.21,35.0,16646700.0,37.54,400,37.55,13500,13.04,37.92,33.99,16646700,608910000.0,15.27,11.83,40.92,79.06,39.85,26.57,3.17
*ST兰黄,sz000929,10.22,10.12,10.23,1894200.0,10.2,2900,10.22,2200,0.99,10.29,10.12,1894200,19330000.0,1.02,1.68,18.98,18.99,10.63,9.61,0.62
兆丰股份,sz300695,71.51,72.15,73.0,1009900.0,71.51,300,71.7,200,-0.89,73.79,71.08,1009900,73210000.0,0.99,3.76,73.12,73.12,86.58,57.72,1.15
广联达,sz002410,12.59,12.45,12.66,25720900.0,12.59,900,12.6,12900,1.12,12.73,12.53,25720900,325110000.0,1.62,1.61,199.94,207.98,13.7,11.21,0.63
欣天科技,sz300615,14.15,13.86,14.2,5232100.0,14.15,8100,14.16,1000,2.09,14.4,14.07,5232100,74500000.0,4.18,2.38,17.72,27.34,16.63,11.09,0.95
星宇股份,sh601799,141.0,143.03,144.68,2993100.0,140.99,100,141.0,800,-1.42,145.61,140.01,2993100,425580000.0,1.05,3.92,402.81,402.81,157.33,128.73,0.84
苏交科,sz300284,7.11,7.06,7.14,7060600.0,7.11,700,7.12,48700,0.71,7.18,7.09,7060600,50360000.0,0.59,1.27,85.13,89.79,8.47,5.65,0.65
国民技术,sz300077,20.24,19.34,19.89,33978400.0,20.23,83400,20.24,19600,4.65,20.69,19.89,33978400,691060000.0,6.0,4.14,114.62,118.02,23.21,15.47,1.23
航锦科技,sz000818,21.6,21.68,22.02,31143800.0,21.6,11200,21.61,22400,-0.37,22.15,21.12,31143800,668850000.0,4.73,4.75,142.17,142.56,23.85,19.51,0.79
长城汽车,sh601633,19.96,19.84,19.99,11933800.0,19.96,1200,19.97,32600,0.6,20.12,19.89,11933800,238670000.0,0.19,1.16,1239.36,1708.15,21.82,17.86,0.63
中国天楹,sz000035,7.44,7.57,7.45,193324000.0,7.44,1397200,7.45,203000,-1.72,7.65,7.21,193324000,1435500000.0,8.36,5.81,172.09,177.67,8.33,6.81,1.16
税友股份,sh603171,55.85,55.26,55.93,5294700.0,55.8,800,55.88,6400,1.07,57.18,55.18,5294700,296880000.0,1.3,3.62,226.69,226.94,60.79,49.73,1.14
博通集成,sh603068,34.5,33.35,34.84,3915700.0,34.49,300,34.5,100,3.45,35.0,34.2,3915700,135530000.0,2.58,2.4,52.37,52.37,36.69,30.02,0.97
口子窖,sh603589,26.34,26.35,26.52,3097200.0,26.34,7100,26.35,7900,-0.04,26.6,26.31,3097200,81890000.0,0.52,1.1,157.54,157.54,28.99,23.72,0.58
太阳电缆,sz002300,10.15,9.76,9.92,92013700.0,10.14,120200,10.15,45700,4.0,10.31,9.9,92013700,932390000.0,12.74,4.2,73.31,73.32,10.74,8.78,1.8
新里程,sz002219,2.38,2.33,2.37,104446200.0,2.38,987000,2.39,1644400,2.15,2.42,2.36,104446200,249410000.0,3.19,2.58,77.87,80.62,2.56,2.1,0.82
金 螳 螂,sz002081,3.5,3.46,3.52,24814900.0,3.5,300000,3.51,701500,1.16,3.55,3.49,24814900,87370000.0,0.94,1.73,92.56,92.94,3.81,3.11,0.8
东软集团,sh600718,9.46,9.33,9.43,17151400.0,9.45,19400,9.46,73000,1.39,9.52,9.4,17151400,162110000.0,1.44,1.29,112.9,112.9,10.26,8.4,0.66
奥瑞德,sh600666,3.98,3.62,3.75,149137300.0,3.98,17877400,0.0,0,9.94,3.98,3.74,149137300,588050000.0,6.16,6.63,96.31,109.51,3.98,3.26,0.98
移远通信,sh603236,79.23,78.75,80.0,4952100.0,79.23,700,79.25,200,0.61,80.5,78.9,4952100,394200000.0,1.89,2.03,207.31,228.04,86.63,70.88,0.66
金徽酒,sh603919,19.71,19.66,19.83,6128500.0,19.7,38500,19.71,12700,0.25,19.98,19.52,6128500,120850000.0,1.21,2.34,99.98,99.98,21.63,17.69,0.7
天和磁材,sh603072,42.32,42.24,42.65,2762300.0,42.32,20100,42.33,1500,0.19,43.19,42.03,2762300,117450000.0,2.19,2.75,53.42,111.84,46.46,38.02,0.64
小商品城,sh600415,14.16,13.83,14.08,54710000.0,14.16,165800,14.17,127000,2.39,14.32,14.01,54710000,774800000.0,1.0,2.24,776.47,776.47,15.21,12.45,0.84
三房巷,sh600370,2.2,2.13,2.15,46648800.0,2.19,1335100,2.2,574800,3.29,2.21,2.14,46648800,101260000.0,1.2,3.29,85.73,85.73,2.34,1.92,0.47
奋达科技,sz002681,6.05,5.91,6.0,29712400.0,6.05,166900,6.06,268500,2.37,6.12,5.98,29712400,179990000.0,1.94,2.37,92.73,108.58,6.5,5.32,0.79
拓新药业,sz301089,27.41,27.04,27.58,1531500.0,27.41,7300,27.42,15900,1.37,27.75,27.25,1531500,42220000.0,1.68,1.85,24.94,34.69,32.45,21.63,0.78
金财互联,sz002530,9.56,9.29,9.48,22003800.0,9.55,69500,9.56,43500,2.91,9.66,9.47,22003800,210580000.0,3.17,2.05,66.45,74.49,10.22,8.36,0.86
胜利精密,sz002426,4.18,3.97,4.1,282371400.0,4.18,1269800,4.19,1482600,5.29,4.25,4.07,282371400,1180720000.0,8.3,4.53,142.23,142.23,4.37,3.57,1.29
中成股份,sz000151,12.77,12.67,12.75,3965800.0,12.77,1100,12.78,2500,0.79,12.87,12.7,3965800,50700000.0,1.29,1.34,39.32,43.08,13.94,11.4,0.81
舍得酒业,sh600702,49.46,49.49,49.73,3926700.0,49.46,12500,49.47,15500,-0.06,50.13,49.37,3926700,195220000.0,1.18,1.54,164.51,164.58,54.44,44.54,0.6
东方创业,sh600278,7.96,7.88,7.99,7424000.0,7.96,1400,7.97,33700,1.02,8.05,7.87,7424000,59170000.0,0.85,2.28,69.4,69.4,8.67,7.09,0.61
金种子酒,sh600199,8.69,8.66,8.74,9904500.0,8.68,206600,8.69,500,0.35,8.78,8.67,9904500,86350000.0,1.51,1.27,57.16,57.16,9.53,7.79,0.57
五矿发展,sh600058,12.55,12.56,12.7,11072800.0,12.55,56200,12.56,36800,-0.08,12.79,12.48,11072800,139360000.0,1.03,2.47,134.52,134.52,13.82,11.3,0.54
力源信息,sz300184,10.57,10.27,10.48,41377000.0,10.57,86000,10.58,148700,2.92,10.76,10.48,41377000,439770000.0,3.95,2.73,110.58,121.66,12.32,8.22,0.68
盛科通信-U,sh688702,194.0,194.0,200.0,882489800.0,193.88,300,194.0,5000,0.0,204.97,192.8,882489800,1743760000.0,4.35,6.27,393.8,795.4,232.8,155.2,0.84
捷捷微电,sz300623,31.28,30.4,31.15,25136100.0,31.28,66400,31.29,1700,2.89,32.15,30.98,25136100,792810000.0,3.28,3.85,240.04,260.27,36.48,24.32,0.81
北投科技,sh600936,3.93,3.85,3.93,18136100.0,3.93,74400,3.94,229900,2.08,3.97,3.9,18136100,71410000.0,1.09,1.82,65.67,65.67,4.24,3.47,0.68
江西长运,sh600561,6.82,6.72,6.9,4773800.0,6.81,20500,6.82,4100,1.49,6.96,6.75,4773800,32750000.0,1.68,3.12,19.4,19.4,7.39,6.05,0.85
五方光电,sz002962,15.43,14.67,14.9,14388100.0,15.43,1800,15.44,13900,5.18,15.76,14.89,14388100,222670000.0,6.88,5.93,32.28,45.0,16.14,13.2,2.34
保利联合,sz002037,8.77,8.66,8.78,6244000.0,8.77,3600,8.78,68600,1.27,8.86,8.7,6244000,54830000.0,1.29,1.85,42.44,42.44,9.53,7.79,0.86
拓普集团,sh601689,64.23,63.67,64.8,16525100.0,64.23,100,64.24,9500,0.88,64.96,63.88,16525100,1063950000.0,0.95,1.7,1116.21,1116.21,70.04,57.3,0.65
金卡智能,sz300349,16.24,15.98,16.42,11302600.0,16.24,2800,16.25,10200,1.63,16.6,16.07,11302600,184820000.0,3.06,3.32,59.98,67.76,19.18,12.78,0.8
恒基达鑫,sz002492,8.85,8.87,8.96,9792900.0,8.85,37400,8.86,10200,-0.23,9.1,8.81,9792900,87320000.0,2.46,3.27,35.21,35.84,9.76,7.98,0.69
春风动力,sh603129,238.7,232.22,234.24,1558200.0,238.7,1200,238.8,1000,2.79,241.38,232.5,1558200,371280000.0,1.02,3.82,364.2,364.2,255.44,209.0,0.93
众捷汽车,sz301560,38.7,38.32,38.71,1976300.0,38.7,2500,38.72,4800,0.99,39.7,38.4,1976300,77240000.0,8.13,3.39,9.41,47.06,45.98,30.66,0.53
凯淳股份,sz301001,30.83,30.76,31.31,1292900.0,30.83,2700,30.84,2400,0.23,31.52,30.66,1292900,40170000.0,2.57,2.8,15.51,24.66,36.91,24.61,0.55
宏海科技,bj920108,12.18,12.29,12.36,1420900.0,12.17,300,12.18,2000,-0.9,12.44,12.14,1420900,17497100.0,4.01,2.44,4.31,20.97,15.97,8.61,1.75
安邦护卫,sh603373,41.43,41.36,42.16,2546700.0,41.41,600,41.43,1500,0.17,43.38,41.03,2546700,107890000.0,5.61,5.68,18.82,44.55,45.5,37.22,0.78
速达股份,sz001277,40.2,40.05,40.29,528100.0,40.2,2100,40.21,700,0.37,40.79,40.02,528100,21350000.0,1.16,1.92,18.24,30.55,44.06,36.05,0.53
新日股份,sh603787,13.11,12.89,13.07,2408400.0,13.11,1300,13.12,10600,1.71,13.3,13.03,2408400,31740000.0,1.05,2.09,30.17,30.17,14.18,11.6,0.73
济民健康,sh603222,8.57,8.56,8.65,6918500.0,8.57,7600,8.58,43200,0.12,8.75,8.51,6918500,59580000.0,1.32,2.8,45.0,45.0,9.42,7.7,0.39
鹏鹞环保,sz300664,6.08,5.74,5.84,45209900.0,6.07,67400,6.08,332800,5.92,6.12,5.8,45209900,269990000.0,6.01,5.57,45.74,45.98,6.89,4.59,1.86
郴电国际,sh600969,10.22,10.19,10.3,10259300.0,10.21,7000,10.22,18900,0.29,10.35,10.17,10259300,105170000.0,2.77,1.77,37.82,37.82,11.21,9.17,0.67
天桥起重,sz002523,4.43,4.29,4.35,39775900.0,4.43,56500,4.44,370700,3.26,4.47,4.35,39775900,176320000.0,2.82,2.8,62.53,62.76,4.72,3.86,1.03
机器人,sz300024,16.35,16.25,16.5,20156400.0,16.35,145700,16.36,14700,0.62,16.58,16.26,20156400,330470000.0,1.31,1.97,251.78,255.98,19.5,13.0,0.69
奕帆传动,sz301023,43.26,42.53,43.27,1430300.0,43.15,3000,43.26,1600,1.72,43.73,42.9,1430300,62050000.0,3.42,1.95,18.09,33.81,51.04,34.02,0.71
必得科技,sh605298,49.81,45.28,46.19,4076400.0,49.81,1010900,0.0,0,10.0,49.81,45.7,4076400,195720000.0,2.19,9.08,92.77,93.57,49.81,40.75,2.28
川仪股份,sh603100,23.42,22.92,23.47,4170600.0,23.4,1100,23.42,7400,2.18,23.56,23.25,4170600,97530000.0,0.82,1.35,119.8,120.19,25.21,20.63,0.57
石化油服,sh600871,3.99,4.27,4.16,1035559800.0,3.98,1854400,3.99,327900,-6.56,4.42,3.86,1035559800,4185530000.0,7.64,13.11,540.53,756.39,4.7,3.84,2.32
江南高纤,sh600527,2.3,2.22,2.24,62994000.0,2.29,702100,2.3,1179400,3.6,2.32,2.23,62994000,143360000.0,3.64,4.05,39.83,39.83,2.44,2.0,1.23
必创科技,sz300667,18.15,17.69,18.15,9508200.0,18.15,9000,18.16,2000,2.6,18.57,18.06,9508200,173890000.0,5.51,2.88,31.33,37.14,21.23,14.15,0.98
慧智微-U,sh688512,11.53,11.12,11.4,1134333800.0,11.52,2000,11.53,9000,3.69,11.84,11.4,1134333800,131730000.0,3.49,3.96,37.42,53.83,13.34,8.9,0.9
直真科技,sz003007,43.63,43.93,44.84,4219000.0,43.63,3900,43.65,1400,-0.68,44.84,43.1,4219000,184630000.0,5.87,3.96,31.36,44.42,48.32,39.54,0.61
广州酒家,sh603043,16.91,16.99,17.25,4101400.0,16.9,2900,16.91,3900,-0.47,17.29,16.83,4101400,69630000.0,0.73,2.71,95.36,96.18,18.69,15.29,0.87
可靠股份,sz301009,12.14,12.12,12.3,2371000.0,12.14,17900,12.15,70900,0.17,12.38,12.13,2371000,29010000.0,1.57,2.06,18.34,33.0,14.54,9.7,0.57
泰胜风能,sz300129,13.5,13.28,13.49,36982800.0,13.5,39000,13.51,18700,1.66,13.8,13.35,36982800,500560000.0,5.15,3.39,97.03,149.7,15.94,10.62,0.56
惠泉啤酒,sh600573,11.8,11.83,11.89,5118400.0,11.8,600,11.81,11200,-0.25,12.0,11.75,5118400,60820000.0,2.05,2.11,29.5,29.5,13.01,10.65,0.75
上实发展,sh600748,4.99,4.89,4.97,15157000.0,4.99,88000,5.0,109100,2.04,5.05,4.94,15157000,75640000.0,0.82,2.25,92.04,92.04,5.38,4.4,0.78
中创股份,sh688695,26.39,26.19,26.43,102692000.0,26.39,1600,26.4,200,0.76,27.01,26.32,102692000,27340000.0,2.0,2.63,13.53,22.45,31.43,20.95,0.8
应流股份,sh603308,66.8,64.6,66.19,33833600.0,66.79,800,66.8,25400,3.41,68.74,65.74,33833600,2269660000.0,4.98,4.64,453.6,453.6,71.06,58.14,0.91
雅创电子,sz301099,42.89,42.07,43.0,2679400.0,42.88,3700,42.89,6700,1.95,43.48,42.52,2679400,115430000.0,2.98,2.28,38.51,62.9,50.48,33.66,0.6
白云机场,sh600004,9.06,9.03,9.07,11255600.0,9.06,20800,9.07,200400,0.33,9.1,9.04,11255600,102150000.0,0.48,0.66,214.42,233.5,9.93,8.13,0.62
光明地产,sh600708,4.14,4.04,4.08,31106500.0,4.13,132700,4.14,400,2.48,4.15,4.04,31106500,127700000.0,1.4,2.72,92.13,92.27,4.44,3.64,0.67
富恒新材,bj920469,10.05,10.06,10.12,1923000.0,10.02,15500,10.05,89900,-0.1,10.18,9.86,1923000,19370700.0,1.86,3.18,10.4,14.17,13.07,7.05,0.87
显盈科技,sz301067,33.6,32.0,32.55,2457100.0,33.6,1600,33.63,100,5.0,33.94,32.48,2457100,82390000.0,3.85,4.56,21.45,32.67,38.4,25.6,1.08
西山科技,sh688576,74.89,74.28,74.65,25821500.0,74.76,800,74.89,100,0.82,76.2,74.55,25821500,19480000.0,1.18,2.22,16.32,34.07,89.14,59.42,0.35
爱慕股份,sh603511,14.58,14.53,14.66,1436800.0,14.58,1800,14.59,2700,0.34,14.89,14.56,1436800,21130000.0,0.36,2.27,58.6,58.91,15.98,13.08,0.66
赛摩智能,sz300466,9.96,9.67,9.89,22588500.0,9.96,4300,9.97,19300,3.0,10.24,9.86,22588500,226020000.0,5.03,3.93,44.71,53.34,11.6,7.74,1.88
大智慧,sh601519,11.38,11.35,11.54,19991600.0,11.37,119300,11.38,65900,0.26,11.58,11.31,19991600,228310000.0,1.01,2.38,226.37,226.37,12.49,10.22,0.64
中源协和,sh600645,28.09,27.8,28.36,10705400.0,28.09,5100,28.1,41100,1.04,28.47,27.72,10705400,300530000.0,2.29,2.7,131.4,131.45,30.58,25.02,0.77
航发动力,sh600893,57.73,57.83,58.39,39123100.0,57.73,110600,57.75,200,-0.17,59.38,57.08,39123100,2273810000.0,1.47,3.98,1538.58,1538.85,63.61,52.05,0.6
中瓷电子,sz003031,81.38,78.36,80.0,11075800.0,81.38,800,81.39,1100,3.85,84.2,78.09,11075800,897600000.0,3.26,7.8,276.82,367.07,86.2,70.52,1.09
迈信林,sh688685,50.34,50.3,51.09,317679300.0,50.32,2100,50.34,4600,0.08,52.22,49.82,317679300,161100000.0,2.16,4.77,73.93,73.93,60.36,40.24,0.48
凌钢股份,sh600231,2.32,2.32,2.35,29093300.0,2.31,868400,2.32,96600,0.0,2.38,2.29,29093300,67730000.0,1.03,3.88,65.28,66.11,2.55,2.09,0.45
中国重汽,sz000951,19.68,19.11,19.4,15858500.0,19.68,900,19.69,50300,2.98,20.19,19.4,15858500,313750000.0,1.35,4.13,231.21,231.21,21.02,17.2,0.97
朗科智能,sz300543,10.84,10.46,10.68,10959200.0,10.84,13500,10.85,27200,3.63,11.08,10.67,10959200,119730000.0,4.38,3.92,27.12,33.21,12.55,8.37,1.5
凯德石英,bj920179,48.08,47.58,48.77,2936600.0,48.08,4400,48.1,1300,1.05,50.25,47.87,2936600,143970300.0,4.92,5.0,28.71,36.05,61.85,33.31,0.58
广咨国际,bj920892,15.79,15.75,15.77,566500.0,15.79,800,15.8,1300,0.25,16.0,15.76,566500,8985900.0,0.38,1.52,23.41,26.9,20.47,11.03,0.57
海得控制,sz002184,12.42,12.17,12.51,6327300.0,12.41,19600,12.42,3100,2.05,12.85,12.37,6327300,79290000.0,2.63,3.94,29.85,43.71,13.39,10.95,0.88
珠海港,sz000507,5.48,5.52,5.55,32886000.0,5.48,615600,5.49,43200,-0.72,5.57,5.44,32886000,180780000.0,3.64,2.36,49.45,50.4,6.07,4.97,0.83
大参林,sh603233,19.67,19.41,19.53,4708700.0,19.66,300,19.67,300,1.34,19.84,19.38,4708700,92510000.0,0.41,2.37,224.01,224.01,21.35,17.47,0.9
光正眼科,sz002524,4.57,4.46,4.54,17379200.0,4.57,219200,4.58,77600,2.47,4.63,4.54,17379200,79640000.0,3.4,2.02,23.35,23.55,4.91,4.01,0.87
长青科技,sz001324,19.69,19.63,19.96,2868800.0,19.69,7300,19.7,300,0.31,20.1,19.56,2868800,57070000.0,3.51,2.75,16.08,27.17,21.59,17.67,0.69
起帆电缆,sh605222,22.15,22.36,22.5,22648800.0,22.15,4500,22.19,3100,-0.94,23.21,22.15,22648800,511690000.0,5.49,4.74,91.46,91.46,24.6,20.12,2.28
喜悦智行,sz301198,15.38,15.79,16.04,4927100.0,15.37,4300,15.38,1800,-2.6,16.38,15.19,4927100,76660000.0,3.17,7.54,23.92,25.99,18.95,12.63,0.55
*ST四通,sh603838,8.3,7.9,7.96,1444400.0,8.3,418900,0.0,0,5.06,8.3,7.96,1444400,11950000.0,0.45,4.3,26.56,26.56,8.3,7.51,0.5
超图软件,sz300036,17.26,17.05,17.39,9398000.0,17.26,600,17.27,16600,1.23,17.48,17.13,9398000,162550000.0,2.14,2.05,75.68,85.05,20.46,13.64,0.64
香溢融通,sh600830,9.51,9.28,9.44,6512300.0,9.5,59800,9.51,3200,2.48,9.53,9.41,6512300,61750000.0,1.43,1.29,43.21,43.21,10.21,8.35,0.81
地纬智能,sh688579,11.93,11.33,11.63,1313200000.0,11.93,38700,11.94,59300,5.3,12.2,11.61,1313200000,157370000.0,3.28,5.21,47.72,47.72,13.6,9.06,1.25
数码视讯,sz300079,5.86,5.62,5.74,61718000.0,5.86,137500,5.87,490000,4.27,5.93,5.73,61718000,360630000.0,4.82,3.56,75.09,83.57,6.74,4.5,0.88
超卓航科,sh688237,47.57,47.56,48.0,103754400.0,47.57,10300,47.58,0,0.02,48.99,46.93,103754400,49680000.0,1.16,4.33,42.66,42.66,57.07,38.05,0.8
ST帕瓦,sh688184,11.05,10.94,10.9,186918200.0,11.03,2000,11.05,11000,1.01,11.22,10.8,186918200,20480000.0,1.86,3.84,11.1,17.57,13.13,8.75,1.11
*ST传智,sz003032,6.67,6.55,6.6,4947100.0,6.66,6700,6.67,12700,1.83,6.78,6.6,4947100,33140000.0,1.79,2.75,18.42,26.84,6.88,6.22,1.18
泉峰汽车,sh603982,8.1,7.91,8.04,9040800.0,8.1,55600,8.11,1500,2.4,8.21,8.01,9040800,73520000.0,2.66,2.53,27.5,29.58,8.7,7.12,1.02
高新发展,sz000628,54.22,55.09,56.5,18031500.0,54.22,10700,54.25,1800,-1.58,56.7,53.7,18031500,986580000.0,9.38,5.45,104.23,191.01,60.6,49.58,0.99
金冠股份,sz300510,4.97,4.58,4.66,125343800.0,4.96,58800,4.97,66400,8.52,5.21,4.66,125343800,618690000.0,15.2,12.01,40.99,40.99,5.5,3.66,4.44
铁流股份,sh603926,20.79,20.7,20.85,4239600.0,20.77,1500,20.79,300,0.43,21.09,20.36,4239600,87610000.0,1.84,3.53,47.99,48.8,22.77,18.63,0.73
佳禾智能,sz300793,15.98,15.64,15.89,7391100.0,15.98,1500,15.99,19500,2.17,16.16,15.88,7391100,118380000.0,1.99,1.79,59.46,60.81,18.77,12.51,0.71
雪榕生物,sz300511,7.09,7.11,7.17,22761300.0,7.08,22300,7.09,41900,-0.28,7.22,7.05,22761300,162090000.0,4.06,2.39,39.71,45.44,8.53,5.69,0.85
敷尔佳,sz301371,23.46,23.4,23.61,1122400.0,23.46,2600,23.51,200,0.26,23.94,23.34,1122400,26460000.0,1.44,2.56,18.25,122.02,28.08,18.72,0.54
新城市,sz300778,13.3,13.53,13.73,8083500.0,13.29,3700,13.3,9500,-1.7,13.93,13.13,8083500,109230000.0,3.97,5.91,27.08,27.09,16.24,10.82,0.73
*ST天山,sz300313,7.04,7.12,7.24,2854800.0,7.03,24000,7.04,25700,-1.12,7.24,7.0,2854800,20190000.0,1.45,3.37,13.89,16.88,8.54,5.7,1.37
通达股份,sz002560,11.25,10.77,10.89,55183700.0,11.24,99100,11.25,180700,4.46,11.38,10.89,55183700,619030000.0,12.18,4.55,50.96,59.15,11.85,9.69,1.5
华软科技,sz002453,6.17,6.07,6.13,17250100.0,6.16,98800,6.17,17100,1.65,6.27,6.13,17250100,106800000.0,2.82,2.31,37.81,50.12,6.68,5.46,1.09
凯发电气,sz300407,13.79,13.24,13.45,9506200.0,13.78,30500,13.79,21800,4.15,14.0,13.45,9506200,130960000.0,3.69,4.15,35.57,44.13,15.89,10.59,0.91
博源化工,sz000683,9.56,9.13,9.25,90727600.0,9.56,141600,9.57,75600,4.71,9.72,9.24,90727600,860280000.0,2.71,5.26,320.17,355.33,10.04,8.22,1.12
苏轴股份,bj920418,26.88,26.85,27.13,1733000.0,26.88,400,26.9,2000,0.11,27.21,26.69,1733000,46574000.0,1.11,1.94,41.93,43.68,34.9,18.8,0.89
天康生物,sz002100,6.99,7.17,7.19,30514900.0,6.98,469900,6.99,893100,-2.51,7.21,6.97,30514900,215360000.0,2.24,3.35,95.43,95.43,7.89,6.45,1.19
精进电动-UW,sh688280,10.32,10.36,10.69,2807299800.0,10.31,14500,10.32,22800,-0.39,10.74,10.22,2807299800,292920000.0,5.39,5.02,53.72,60.91,12.43,8.29,0.7
电投水电,sh600292,15.63,15.0,15.29,30285800.0,15.62,67300,15.63,10000,4.2,15.82,15.01,30285800,468660000.0,3.88,5.4,122.04,684.63,16.5,13.5,1.3
金麒麟,sh603586,17.54,17.35,17.54,1356300.0,17.54,8600,17.55,16200,1.1,17.75,17.45,1356300,23880000.0,0.69,1.73,34.39,34.39,19.09,15.62,0.54
东鹏饮料,sh605499,234.31,230.4,232.1,1853000.0,234.23,100,234.31,100,1.7,237.2,232.1,1853000,435000000.0,0.36,2.21,1218.44,1323.31,253.44,207.36,0.57
北路智控,sz301195,33.83,33.27,33.78,1105100.0,33.82,4600,33.83,5100,1.68,34.18,33.69,1105100,37490000.0,1.26,1.47,29.67,44.68,39.92,26.62,0.75
海正生材,sh688203,12.77,12.59,12.68,244146700.0,12.75,600,12.77,600,1.43,12.95,12.63,244146700,31330000.0,1.2,2.54,25.88,25.88,15.11,10.07,0.73
合力泰,sz002217,2.94,2.79,2.82,182866700.0,2.93,917700,2.94,588500,5.38,3.05,2.81,182866700,539410000.0,3.22,8.6,167.0,219.89,3.07,2.51,1.6
国瑞科技,sz300600,14.14,14.61,14.6,9219500.0,14.13,32800,14.14,13600,-3.22,14.7,14.06,9219500,131590000.0,3.13,4.38,41.6,41.6,17.53,11.69,1.03
立方控股,bj920130,22.95,22.92,23.21,1062400.0,22.95,800,22.97,4200,0.13,23.46,22.6,1062400,24351500.0,1.9,3.75,12.84,21.17,29.79,16.05,0.68
灿能电力,bj920299,30.46,31.56,30.1,12166800.0,30.46,5100,30.49,2600,-3.49,32.98,30.01,12166800,382940600.0,27.4,9.41,13.52,27.45,41.02,22.1,1.22
丰光精密,bj920510,16.84,16.51,16.78,1528700.0,16.84,2300,16.85,4200,2.0,16.99,16.56,1528700,25627399.999999996,1.63,2.6,15.81,31.02,21.46,11.56,0.84
如通股份,sh603036,20.51,19.8,19.96,7782500.0,20.51,300,20.52,900,3.59,20.59,19.9,7782500,157730000.0,3.78,3.48,42.25,42.25,21.78,17.82,1.07
百诚医药,sz301096,45.25,43.98,44.49,2572300.0,45.24,400,45.33,100,2.89,46.19,44.11,2572300,116130000.0,3.11,4.73,37.46,49.43,52.78,35.18,1.2
博云新材,sz002297,12.23,12.04,12.28,35135700.0,12.23,180300,12.24,26100,1.58,12.48,12.08,35135700,430710000.0,6.13,3.32,70.09,70.09,13.24,10.84,0.54
*ST花王,sh603007,6.56,6.31,6.49,33913900.0,6.55,100000,6.56,94300,3.96,6.63,6.44,33913900,222540000.0,4.88,3.01,45.6,58.03,6.63,5.99,1.38
金城医药,sz300233,14.84,14.5,14.7,7790200.0,14.84,9700,14.85,16400,2.34,15.05,14.62,7790200,115690000.0,2.1,2.97,55.16,56.97,17.4,11.6,0.88
彩虹集团,sz003023,23.32,22.55,22.87,2416000.0,23.32,266400,23.34,1000,3.41,23.32,22.49,2416000,55270000.0,2.3,3.68,24.51,24.57,24.81,20.3,0.95
新通联,sh603022,11.01,10.69,10.9,5335700.0,11.0,152900,11.01,17000,2.99,11.22,10.9,5335700,58990000.0,2.67,2.99,22.02,22.02,11.76,9.62,1.03
金桥信息,sh603918,14.69,14.4,14.65,10591000.0,14.68,30700,14.69,24700,2.01,14.84,14.6,10591000,155520000.0,2.9,1.67,53.63,53.63,15.84,12.96,0.7
南新制药,sh688189,7.91,7.79,7.86,328647000.0,7.86,29200,7.91,12800,1.54,7.98,7.82,328647000,25930000.0,1.2,2.05,21.71,21.71,9.35,6.23,0.53
中再资环,sh600217,4.02,4.03,4.06,22341600.0,4.02,58000,4.03,480100,-0.25,4.08,4.01,22341600,90040000.0,1.35,1.74,66.64,66.64,4.43,3.63,0.79
安诺其,sz300067,4.93,4.83,4.92,48830900.0,4.93,45500,4.94,133100,2.07,5.01,4.88,48830900,241290000.0,5.21,2.69,46.22,56.91,5.8,3.86,0.58
ST惠伦,sz300460,9.58,9.19,9.31,11206500.0,9.58,9000,9.59,1100,4.24,10.0,9.31,11206500,108690000.0,3.99,7.51,26.9,26.9,11.03,7.35,1.66
富岭股份,sz001356,11.84,11.75,11.88,1986400.0,11.83,2000,11.84,1900,0.77,11.93,11.78,1986400,23520000.0,0.99,1.28,23.76,69.78,12.93,10.58,0.57
利亚德,sz300296,9.14,8.13,8.49,537441600.0,9.14,13900,9.15,1488800,12.42,9.4,8.48,537441600,4881490000.0,23.63,11.32,207.86,247.87,9.76,6.5,1.73
华信永道,bj920592,35.63,35.5,36.35,685800.0,35.54,500,35.63,14900,0.37,36.39,35.42,685800,24528400.0,1.36,2.73,17.92,28.79,46.15,24.85,0.55
赛力斯,sh601127,101.0,101.51,103.0,13897300.0,101.0,57900,101.01,4900,-0.5,103.55,100.54,13897300,1417290000.0,0.92,2.97,1524.88,1759.4,111.66,91.36,0.72
华远控股,sh600743,1.92,1.91,1.92,12219600.0,1.91,3372500,1.92,374000,0.52,1.93,1.91,12219600,23470000.0,0.52,1.05,45.05,45.05,2.1,1.72,0.48
ST金鸿,sz000669,4.11,3.98,3.97,86064100.0,4.11,95600,4.12,210800,3.27,4.16,3.78,86064100,338600000.0,12.65,9.55,27.96,27.96,4.18,3.78,1.57
云煤能源,sh600792,4.85,4.88,4.71,77368700.0,4.84,63300,4.85,494100,-0.61,4.88,4.61,77368700,366630000.0,6.97,5.53,53.83,53.83,5.37,4.39,1.06
渤海租赁,sz000415,5.0,5.06,5.24,97609800.0,5.0,147100,5.01,38300,-1.19,5.29,4.91,97609800,495830000.0,1.81,7.51,269.65,309.23,5.57,4.55,1.05
福达股份,sh603166,14.99,14.77,15.16,6688700.0,14.99,15600,15.0,38000,1.49,15.18,14.87,6688700,100460000.0,1.05,2.1,95.79,96.78,16.25,13.29,0.53
深圳瑞捷,sz300977,19.06,18.95,19.18,2135200.0,19.05,2100,19.06,200,0.58,19.34,18.88,2135200,40810000.0,2.25,2.43,18.07,29.01,22.74,15.16,0.78
格林精密,sz300968,12.91,12.59,12.86,5862600.0,12.91,200,12.92,1800,2.54,13.15,12.85,5862600,76220000.0,1.42,2.38,53.37,53.37,15.11,10.07,0.92
协创数据,sz300857,252.0,246.25,255.8,9406600.0,252.0,1800,252.04,3100,2.34,256.49,244.07,9406600,2355490000.0,2.73,5.04,869.72,872.22,295.5,197.0,0.77
思源电气,sz002028,230.7,224.89,224.99,12047400.0,230.7,0,230.74,2000,2.58,236.28,224.77,12047400,2785340000.0,1.98,5.12,1406.04,1801.97,247.38,202.4,1.06
颖泰生物,bj920819,3.93,3.91,3.95,6705300.0,3.92,90700,3.93,79600,0.51,3.96,3.9,6705300,26331300.0,0.55,1.53,47.62,48.17,5.08,2.74,0.65
北京人力,sh600861,17.1,17.14,17.22,3735700.0,17.09,3800,17.1,6500,-0.23,17.3,17.02,3735700,63980000.0,1.02,1.63,62.68,96.81,18.85,15.43,0.9
荣联科技,sz002642,8.12,7.96,8.07,12582500.0,8.11,107300,8.12,86900,2.01,8.18,8.07,12582500,102210000.0,1.9,1.38,53.72,53.72,8.76,7.16,0.59
华新环保,sz301265,16.5,15.89,16.1,9873800.0,16.5,97100,16.51,3700,3.84,16.5,15.88,9873800,159750000.0,5.82,3.9,28.02,49.99,19.07,12.71,1.03
海泰发展,sh600082,3.68,3.57,3.65,35167900.0,3.67,326000,3.68,37900,3.08,3.75,3.63,35167900,129500000.0,5.54,3.36,23.34,23.78,3.93,3.21,1.12
风语筑,sh603466,11.13,10.46,10.8,88462200.0,11.12,124800,11.13,225800,6.41,11.35,10.69,88462200,978750000.0,14.87,6.31,66.2,66.2,11.51,9.41,0.93
宁波建工,sh601789,4.99,4.92,4.98,21781800.0,4.98,674500,4.99,506000,1.42,5.03,4.95,21781800,108550000.0,2.0,1.63,54.23,76.07,5.41,4.43,0.53
易事特,sz300376,7.27,7.11,7.2,45562100.0,7.27,467800,7.28,350300,2.25,7.38,7.2,45562100,332380000.0,1.96,2.53,169.2,169.26,8.53,5.69,0.97
永安期货,sh600927,14.65,14.78,14.92,5315100.0,14.65,15100,14.66,900,-0.88,15.0,14.61,5315100,78430000.0,0.37,2.64,213.24,213.24,16.26,13.3,0.67
贝泰妮,sz300957,43.42,43.56,44.09,4015900.0,43.42,3000,43.43,4700,-0.32,44.35,43.14,4015900,175450000.0,0.95,2.78,183.93,183.93,52.27,34.85,0.85
恒进感应,bj920870,16.46,16.15,16.36,881800.0,16.41,4300,16.46,0,1.92,16.64,16.33,881800,14521700.0,1.34,1.92,10.86,22.06,20.99,11.31,0.89
云鼎科技,sz000409,11.1,10.93,11.08,8048900.0,11.1,200,11.11,78000,1.56,11.18,11.02,8048900,89340000.0,1.36,1.46,65.55,75.26,12.02,9.84,0.58
狄耐克,sz300884,14.68,14.24,14.51,7885900.0,14.68,1400,14.69,26600,3.09,14.84,14.41,7885900,115650000.0,4.12,3.02,28.1,37.27,17.09,11.39,0.85
和而泰,sz002402,33.4,33.15,33.75,21262900.0,33.39,77600,33.4,54800,0.75,33.84,33.16,21262900,713920000.0,2.61,2.05,271.75,308.83,36.47,29.84,0.75
我乐家居,sh603326,9.52,9.42,9.63,3275400.0,9.52,10100,9.53,200,1.06,9.69,9.46,3275400,31360000.0,1.03,2.44,30.39,30.39,10.36,8.48,0.76
罗欣药业,sz002793,4.65,4.57,4.65,11856400.0,4.64,29700,4.65,16400,1.75,4.69,4.59,11856400,55050000.0,1.09,2.19,50.5,50.57,5.03,4.11,0.78
网达软件,sh603189,20.4,19.7,19.97,7894200.0,20.4,81200,20.41,10800,3.55,20.96,19.83,7894200,161170000.0,2.93,5.74,54.99,54.99,21.67,17.73,1.05
宇通客车,sh600066,31.08,29.39,30.3,24977500.0,31.08,300,31.09,91500,5.75,31.24,30.09,24977500,770540000.0,1.13,3.91,688.09,688.09,32.33,26.45,1.28
光莆股份,sz300632,14.79,13.77,14.04,18041400.0,14.79,28900,14.8,164100,7.41,15.0,14.04,18041400,265170000.0,8.16,6.97,32.72,45.14,16.52,11.02,2.54
葵花药业,sz002737,13.43,13.41,13.49,1941100.0,13.43,14300,13.44,400,0.15,13.58,13.41,1941100,26170000.0,0.33,1.27,78.43,78.43,14.75,12.07,0.66
九芝堂,sz000989,8.5,8.43,8.51,5002200.0,8.49,318600,8.5,18700,0.83,8.55,8.45,5002200,42480000.0,0.72,1.19,59.0,72.76,9.27,7.59,0.56
得邦照明,sh603303,15.79,15.15,15.4,4395400.0,15.78,2400,15.79,1700,4.22,15.88,15.3,4395400,68990000.0,0.92,3.83,75.31,75.31,16.67,13.64,2.06
东安动力,sh600178,11.89,11.74,11.8,3177200.0,11.89,15500,11.9,42200,1.28,11.95,11.8,3177200,37760000.0,0.68,1.28,55.46,55.46,12.91,10.57,0.61
信安世纪,sh688201,16.16,14.93,15.3,2075413900.0,16.15,27200,16.16,13600,8.24,16.66,15.13,2075413900,333510000.0,6.86,10.25,48.89,51.25,17.92,11.94,1.6
申科股份,sz002633,18.48,17.96,18.32,6222000.0,18.47,3600,18.48,3500,2.9,18.95,18.1,6222000,115090000.0,4.16,4.73,27.61,27.72,19.76,16.16,0.74
吉比特,sh603444,386.39,383.33,386.17,1216600.0,386.39,1000,386.4,100,0.8,391.98,383.6,1216600,470090000.0,1.69,2.19,278.36,278.36,421.66,345.0,0.8
山外山,sh688410,15.58,15.7,16.05,330213200.0,15.58,11100,15.59,7900,-0.76,16.08,15.53,330213200,52070000.0,1.03,3.5,49.79,49.79,18.84,12.56,0.71
卓兆点胶,bj920026,35.94,35.36,35.88,700200.0,35.94,4600,35.95,800,1.64,36.33,35.63,700200,25182700.0,1.88,1.98,13.37,29.5,45.96,24.76,0.75
恒尚节能,sh603137,14.08,14.08,14.12,2292200.0,14.08,3200,14.09,10200,0.0,14.2,13.91,2292200,32230000.0,3.11,2.06,10.38,25.76,15.49,12.67,1.14
华凯易佰,sz300592,13.73,13.4,13.6,12254900.0,13.73,1800,13.74,19600,2.46,14.03,13.6,12254900,169860000.0,3.51,3.21,47.9,55.52,16.08,10.72,1.38
华达新材,sh605158,8.06,8.0,8.04,3455300.0,8.05,1300,8.06,9600,0.75,8.19,8.02,3455300,28040000.0,0.68,2.12,41.22,41.22,8.8,7.2,0.8
峰璟股份,sz002662,3.91,3.84,3.92,23049800.0,3.91,54500,3.92,477600,1.82,3.96,3.89,23049800,90620000.0,1.54,1.82,58.65,58.65,4.22,3.46,0.83
和顺石油,sh603353,42.81,46.49,43.5,18812600.0,42.8,22200,42.81,25800,-7.92,46.36,41.84,18812600,814280000.0,11.04,9.72,72.96,73.59,51.14,41.84,1.24
健麾信息,sh605186,20.69,20.44,20.79,2109000.0,20.68,1500,20.69,900,1.22,20.91,20.53,2109000,43750000.0,1.55,1.86,28.14,28.14,22.48,18.4,0.73
明新旭腾,sh605068,26.7,26.58,26.79,1864100.0,26.68,4300,26.7,2200,0.45,27.26,26.46,1864100,49960000.0,1.15,3.01,43.31,43.31,29.24,23.92,0.88
欢瑞世纪,sz000892,6.6,6.4,6.58,44779500.0,6.6,215700,6.61,220300,3.13,6.68,6.55,44779500,296200000.0,6.3,2.03,46.92,64.74,7.04,5.76,0.83
国茂股份,sh603915,15.79,15.61,15.88,7277100.0,15.78,34000,15.79,1300,1.15,15.95,15.62,7277100,114510000.0,1.11,2.11,103.68,103.68,17.17,14.05,1.01
元隆雅图,sz002878,17.16,16.52,16.78,17002300.0,17.15,33000,17.16,19300,3.87,17.84,16.73,17002300,293710000.0,7.21,6.72,40.49,44.96,18.17,14.87,1.94
朗鸿科技,bj920395,11.33,11.1,11.3,781300.0,11.32,600,11.33,2700,2.07,11.38,11.23,781300,8850000.0,0.76,1.35,11.7,17.29,14.43,7.77,0.94
柯力传感,sh603662,60.6,60.13,61.3,2827500.0,60.6,6700,60.61,3100,0.78,61.38,60.29,2827500,171800000.0,1.01,1.81,170.18,170.18,66.14,54.12,0.61
合力科技,sh603917,13.78,13.63,13.86,4687200.0,13.78,200,13.79,1300,1.1,13.98,13.71,4687200,64910000.0,2.3,1.98,28.09,28.09,14.99,12.27,0.6
探路者,sz300005,14.13,13.87,14.06,21255200.0,14.13,45800,14.14,3800,1.87,14.42,14.01,21255200,301920000.0,2.41,2.96,124.81,124.87,16.64,11.1,0.85
宝兰德,sh688058,29.69,29.16,29.73,138911800.0,29.69,2500,29.7,800,1.82,30.21,29.47,138911800,41590000.0,1.83,2.54,22.52,22.52,34.99,23.33,0.53
纬德信息,sh688171,55.92,54.55,55.35,110974500.0,55.92,5700,55.96,300,2.51,56.3,54.37,110974500,61750000.0,1.32,3.54,46.85,46.85,65.46,43.64,0.63
博彦科技,sz002649,12.5,12.32,12.55,12403700.0,12.5,31800,12.51,1800,1.46,12.62,12.43,12403700,155470000.0,2.26,1.54,68.57,73.17,13.55,11.09,0.55
萤石网络,sh688475,27.09,27.05,27.36,398548100.0,27.08,7000,27.09,4600,0.15,27.5,27.0,398548100,108460000.0,0.51,1.85,213.33,213.33,32.46,21.64,0.79
华设集团,sh603018,7.8,7.69,7.76,8569400.0,7.79,58600,7.8,108100,1.43,7.87,7.75,8569400,66930000.0,1.25,1.56,53.34,53.34,8.46,6.92,0.59
兆驰股份,sz002429,10.22,9.29,10.22,21821400.0,10.22,37291900,0.0,0,10.01,10.22,10.22,21821400,223010000.0,0.48,0.0,462.39,462.65,10.22,8.36,0.17
莲花控股,sh600186,5.76,5.56,5.64,78966000.0,5.75,547900,5.76,391500,3.6,5.84,5.62,78966000,451090000.0,4.44,3.96,102.54,103.26,6.12,5.0,0.67
云南能投,sz002053,11.91,11.88,12.11,8893300.0,11.9,63600,11.91,33900,0.25,12.11,11.79,8893300,105820000.0,0.97,2.69,109.66,109.66,13.07,10.69,0.65
天保基建,sz000965,3.89,3.83,3.89,17558100.0,3.88,137500,3.89,225700,1.57,3.91,3.86,17558100,68240000.0,1.58,1.31,43.17,43.17,4.21,3.45,0.53
恒为科技,sh603496,30.32,30.28,31.0,18814400.0,30.31,3800,30.32,5300,0.13,31.0,29.8,18814400,568070000.0,5.88,3.96,97.09,97.09,33.31,27.25,0.55
国统股份,sz002205,14.48,14.15,14.4,4695700.0,14.47,28100,14.48,2700,2.33,15.08,14.4,4695700,68600000.0,2.53,4.81,26.91,26.91,15.57,12.74,1.02
之江生物,sh688317,19.71,19.6,19.82,145634200.0,19.69,700,19.71,2100,0.56,19.92,19.61,145634200,28790000.0,0.76,1.58,37.87,37.87,23.52,15.68,0.57
浙江华远,sz301535,26.08,25.77,26.16,3097200.0,26.08,21500,26.09,6600,1.2,26.45,25.62,3097200,80720000.0,4.85,3.22,16.64,110.92,30.92,20.62,0.55
东软载波,sz300183,15.51,14.9,15.14,8471100.0,15.51,61400,15.52,4300,4.09,15.69,15.1,8471100,131490000.0,2.08,3.96,63.05,71.75,17.88,11.92,1.12
新亚电缆,sz001382,21.77,21.43,21.5,10675500.0,21.77,37300,21.78,31800,1.59,22.11,21.44,10675500,233190000.0,17.22,3.13,13.5,89.69,23.57,19.29,2.38
开创国际,sh600097,11.61,11.66,11.75,5884300.0,11.61,109400,11.62,19900,-0.43,11.84,11.57,5884300,68670000.0,2.44,2.32,27.97,27.97,12.83,10.49,0.73
同享科技,bj920167,19.92,20.06,20.91,3417600.0,19.92,2300,19.93,3700,-0.7,20.94,19.83,3417600,69160200.0,5.23,5.53,13.02,21.92,26.07,14.05,0.71
万德股份,bj920519,13.23,12.84,12.88,3971900.0,13.22,3000,13.23,1200,3.04,13.45,12.83,3971900,52246800.0,6.31,4.83,8.33,11.81,16.69,8.99,1.17
佳力奇,sz301586,48.88,49.35,50.36,3169300.0,48.88,400,48.89,100,-0.95,50.7,48.31,3169300,156000000.0,5.99,4.84,25.86,40.56,59.22,39.48,0.83
均普智能,sh688306,9.98,9.74,9.94,1124395200.0,9.97,38100,9.98,1900,2.46,10.17,9.87,1124395200,112330000.0,0.92,3.08,122.58,122.58,11.69,7.79,0.84
克来机电,sh603960,26.73,25.45,25.81,22993900.0,26.72,172500,26.73,71200,5.03,26.98,25.7,22993900,610290000.0,8.77,5.03,70.09,70.09,28.0,22.91,1.19
斯莱克,sz300382,12.38,12.1,12.27,15684300.0,12.37,49200,12.38,3100,2.31,12.56,12.23,15684300,193880000.0,2.42,2.73,80.26,80.27,14.52,9.68,1.12
华辰装备,sz300809,35.15,34.64,35.1,3151300.0,35.14,200,35.15,400,1.47,35.6,34.81,3151300,111050000.0,2.09,2.28,52.93,89.12,41.57,27.71,0.73
浙大网新,sh600797,9.9,9.55,9.75,57999300.0,9.9,108800,9.91,154900,3.66,10.06,9.7,57999300,572330000.0,5.64,3.77,101.73,101.73,10.51,8.6,0.63
麦加芯彩,sh603062,48.36,47.89,48.62,606100.0,48.35,1000,48.36,500,0.98,48.82,48.01,606100,29310000.0,1.63,1.69,17.93,52.23,52.68,43.1,0.71
昆船智能,sz301311,18.94,18.87,19.13,7273000.0,18.93,1400,18.94,400,0.37,19.87,18.78,7273000,140600000.0,3.03,5.78,45.46,45.46,22.64,15.1,1.1
晋西车轴,sh600495,4.72,4.63,4.68,16185700.0,4.71,299600,4.72,131300,1.94,4.76,4.67,16185700,76450000.0,1.34,1.94,57.03,57.03,5.09,4.17,0.94
聚力文化,sz002247,2.92,2.89,2.95,21301500.0,2.92,756400,2.93,109500,1.04,3.0,2.91,21301500,62870000.0,3.31,3.11,18.79,24.85,3.18,2.6,0.89
岩山科技,sz002195,10.69,9.72,9.94,773609700.0,10.69,21274400,0.0,0,9.98,10.69,9.9,773609700,8092560000.0,13.81,8.13,598.77,606.18,10.69,8.75,1.24
神州高铁,sz000008,2.89,2.83,2.87,44330100.0,2.88,842800,2.89,313400,2.12,2.91,2.85,44330100,127590000.0,1.63,2.12,78.5,78.5,3.11,2.55,0.79
新泉股份,sh603179,76.22,76.11,77.63,7169000.0,76.2,200,76.22,5600,0.14,77.7,75.53,7169000,547690000.0,1.41,2.85,388.83,388.83,83.72,68.5,0.67
敦煌种业,sh600354,6.94,7.65,7.19,101867200.0,6.94,622600,6.95,103200,-9.28,7.25,6.91,101867200,714110000.0,19.3,4.44,36.63,36.63,8.42,6.89,1.33
华创云信,sh600155,6.53,6.54,6.61,25359200.0,6.53,301900,6.54,173700,-0.15,6.62,6.5,25359200,166080000.0,1.15,1.83,144.54,144.54,7.19,5.89,0.76
帝欧水华,sz002798,6.19,6.1,6.17,6330500.0,6.18,39000,6.19,81300,1.48,6.24,6.13,6330500,39220000.0,1.43,1.8,27.32,31.78,6.71,5.49,0.64
一博科技,sz301366,34.28,33.68,34.4,2025600.0,34.28,14200,34.32,400,1.78,34.95,34.03,2025600,70010000.0,2.66,2.73,26.15,71.83,40.42,26.94,0.56
魅视科技,sz001229,36.24,35.56,35.99,1031000.0,36.11,1000,36.24,46100,1.91,36.76,35.83,1031000,37490000.0,1.96,2.62,19.09,37.13,39.12,32.0,0.7
潞化科技,sh600691,3.43,3.57,3.6,111713900.0,3.43,1172800,3.44,1491700,-3.92,3.62,3.34,111713900,383600000.0,4.7,7.84,81.48,81.5,3.93,3.21,0.92
辽宁能源,sh600758,4.03,4.06,4.08,39073600.0,4.03,13200,4.04,287800,-0.74,4.08,3.92,39073600,156110000.0,2.96,3.94,53.23,53.28,4.47,3.65,0.83
好莱客,sh603898,13.82,13.75,13.84,3469900.0,13.82,18100,13.84,3900,0.51,14.15,13.8,3469900,48360000.0,1.11,2.55,43.03,43.03,15.13,12.38,0.72
海洋王,sz002724,7.81,7.52,7.59,27053200.0,7.8,40100,7.81,65800,3.86,7.92,7.57,27053200,211590000.0,4.76,4.65,44.34,60.25,8.27,6.77,0.98
先进数通,sz300541,15.36,14.9,15.25,19035800.0,15.36,63300,15.37,69700,3.09,15.58,15.2,19035800,292850000.0,4.92,2.55,59.38,66.05,17.88,11.92,0.75
能辉科技,sz301046,25.81,26.02,26.4,3209200.0,25.8,3200,25.81,22600,-0.81,26.54,25.67,3209200,83660000.0,2.49,3.34,33.25,43.29,31.22,20.82,0.75
华海药业,sh600521,15.31,15.1,15.3,12465800.0,15.3,40600,15.31,17100,1.39,15.55,15.16,12465800,190960000.0,0.83,2.58,229.23,229.23,16.61,13.59,0.75
河化股份,sz000953,7.14,7.27,7.3,9105000.0,7.14,19200,7.15,21800,-1.79,7.31,7.13,9105000,65540000.0,2.49,2.48,26.14,26.14,8.0,6.54,0.68
特瑞斯,bj920014,17.54,15.35,14.65,20329500.0,17.53,400,17.54,8400,14.27,19.8,14.63,20329500,347912000.0,30.32,33.68,11.76,21.37,19.95,10.75,1.94
康普顿,sh603798,15.28,15.22,15.28,7045300.0,15.28,26400,15.3,6000,0.39,15.55,15.01,7045300,107440000.0,2.75,3.55,39.19,39.19,16.74,13.7,0.62
商络电子,sz300975,15.19,14.65,14.93,27419500.0,15.18,41900,15.19,75700,3.69,15.38,14.93,27419500,416430000.0,5.57,3.07,74.75,104.36,17.58,11.72,0.8
宁波富达,sh600724,6.5,6.34,6.46,15178300.0,6.49,4800,6.5,30300,2.52,6.64,6.37,15178300,99180000.0,1.05,4.26,93.92,93.94,6.97,5.71,0.96
中信出版,sz300788,39.68,39.78,40.65,11647400.0,39.68,2200,39.7,11600,-0.25,41.0,37.0,11647400,454820000.0,6.13,10.06,75.45,75.45,47.74,31.82,0.74
派特尔,bj920871,14.58,14.4,14.58,566600.0,14.58,200,14.63,800,1.25,14.73,14.4,566600,8250900.0,1.26,2.29,6.56,12.4,18.72,10.08,0.66
比依股份,sh603215,19.1,18.98,19.2,1224600.0,19.1,4600,19.11,200,0.63,19.44,19.07,1224600,23590000.0,0.65,1.95,35.76,35.9,20.88,17.08,0.52
中环海陆,sz301040,38.06,37.18,37.59,5358500.0,38.06,10000,38.07,2800,2.37,38.36,36.57,5358500,201170000.0,5.69,4.81,35.86,38.06,44.62,29.74,0.82
南方航空,sh600029,6.56,6.66,6.71,81174300.0,6.55,108500,6.56,275500,-1.5,6.75,6.52,81174300,535490000.0,0.6,3.45,884.09,1188.73,7.33,5.99,0.69
台基股份,sz300046,33.15,32.62,33.49,5347300.0,33.14,8200,33.15,700,1.62,33.89,33.08,5347300,179210000.0,2.26,2.48,78.41,78.41,39.14,26.1,0.68
悦心健康,sz002162,6.05,6.08,6.41,130537400.0,6.04,62500,6.05,65100,-0.49,6.45,5.98,130537400,801230000.0,14.21,7.73,55.57,55.64,6.69,5.47,1.64
杰普特,sh688025,272.32,274.57,280.01,619632300.0,272.31,2300,272.32,47500,-0.82,283.0,258.88,619632300,1689730000.0,6.52,8.78,258.84,258.84,329.48,219.66,0.82
宜宾纸业,sh600793,19.6,19.1,19.35,4316900.0,19.6,3900,19.61,4600,2.62,20.33,19.32,4316900,85680000.0,2.44,5.29,34.67,34.67,21.01,17.19,1.19
艾融软件,bj920799,39.94,39.75,40.52,1420800.0,39.93,1000,39.94,300,0.48,40.7,39.86,1420800,57052600.0,1.18,2.11,48.21,83.79,51.67,27.83,0.58
国力电子,sh688103,60.1,58.05,58.69,127971000.0,60.1,1900,60.14,1000,3.53,61.23,58.69,127971000,76660000.0,1.34,4.38,57.28,57.28,69.66,46.44,0.81
法狮龙,sh605318,71.19,70.98,71.5,1379700.0,71.11,10000,71.19,2000,0.3,72.2,69.8,1379700,97550000.0,1.1,3.38,89.51,89.51,78.08,63.88,0.55
珈伟新能,sz300317,6.0,5.74,5.77,234247600.0,6.0,807100,6.01,242700,4.53,6.05,5.62,234247600,1372630000.0,28.26,7.49,49.73,49.81,6.89,4.59,1.21
大恒科技,sh600288,15.26,14.66,14.84,9608500.0,15.25,2000,15.26,1000,4.09,15.45,14.84,9608500,146800000.0,2.2,4.16,66.66,66.66,16.13,13.19,1.12
瑞丰光电,sz300241,7.39,6.16,6.64,139880400.0,7.39,10710400,0.0,0,19.97,7.39,6.64,139880400,1011000000.0,23.85,12.18,43.33,51.75,7.39,4.93,3.11
燕塘乳业,sz002732,16.88,17.01,17.14,2006200.0,16.87,12900,16.88,37900,-0.76,17.25,16.81,2006200,34130000.0,1.28,2.59,26.42,26.56,18.71,15.31,0.88
鑫汇科,bj920267,22.0,21.63,21.82,367600.0,22.0,6500,22.1,900,1.71,22.29,21.69,367600,8079100.0,1.24,2.77,6.51,11.0,28.11,15.15,0.83
美登科技,bj920227,66.6,67.51,68.45,618900.0,66.48,100,66.6,3800,-1.35,68.99,66.0,618900,41720600.00000001,3.49,4.43,11.8,25.94,87.76,47.26,0.78
雄塑科技,sz300599,10.05,9.91,10.11,10769800.0,10.05,200,10.06,86100,1.41,10.4,9.89,10769800,108450000.0,5.07,5.15,21.34,35.99,11.89,7.93,0.84
远东传动,sz002406,7.96,7.78,7.88,16652600.0,7.95,1900,7.96,66100,2.31,8.06,7.88,16652600,133000000.0,2.77,2.31,47.94,58.13,8.56,7.0,0.67
安奈儿,sz002875,18.0,18.21,18.49,4804800.0,17.99,17800,18.0,25800,-1.15,18.49,17.86,4804800,86720000.0,2.63,3.46,32.84,38.34,20.03,16.39,0.57
迪生力,sh603335,5.82,5.67,5.8,9946400.0,5.81,11300,5.82,66100,2.65,5.92,5.74,9946400,58190000.0,2.32,3.17,24.92,24.92,6.24,5.1,0.84
卫光生物,sz002880,28.98,28.97,29.4,2630100.0,28.98,2100,28.99,700,0.03,29.41,28.58,2630100,76180000.0,1.16,2.87,65.73,65.73,31.87,26.07,0.74
宁波远洋,sh601022,10.05,10.25,10.04,46811400.0,10.05,94700,10.06,59400,-1.95,10.35,9.92,46811400,473260000.0,3.58,4.2,131.52,131.52,11.28,9.23,0.99
奥拓电子,sz002587,7.01,6.37,6.54,35819500.0,7.01,6605100,0.0,0,10.05,7.01,6.53,35819500,248600000.0,6.72,7.54,37.34,45.67,7.01,5.73,1.68
迅安科技,bj920950,17.97,17.91,17.93,359400.0,17.95,700,17.97,300,0.34,18.19,17.81,359400,6471200.0,1.01,2.12,6.42,13.18,23.28,12.54,0.98
博世科,sz300422,5.1,5.01,5.15,9478500.0,5.1,2300,5.11,1300,1.8,5.19,5.07,9478500,48600000.0,1.85,2.4,26.08,27.23,6.01,4.01,0.75
秦川机床,sz000837,11.77,11.41,11.63,17902100.0,11.77,10900,11.78,58800,3.16,11.9,11.62,17902100,210590000.0,1.78,2.45,118.57,120.42,12.55,10.27,0.94
宇通重工,sh600817,11.84,11.64,11.82,3444600.0,11.83,900,11.84,2600,1.72,11.92,11.77,3444600,40810000.0,0.65,1.29,62.66,63.14,12.8,10.48,0.68
中文传媒,sh600373,9.09,9.02,9.06,8456100.0,9.09,41500,9.1,88700,0.78,9.13,9.04,8456100,76800000.0,0.63,1.0,122.47,122.47,9.92,8.12,0.49
旭光电子,sh600353,17.9,17.71,18.15,27684200.0,17.9,400,17.91,14700,1.07,18.25,17.65,27684200,498700000.0,3.34,3.39,148.36,148.57,19.48,15.94,0.88
中航泰达,bj920263,12.76,13.08,13.1,2222200.0,12.76,16500,12.88,600,-2.45,13.24,12.72,2222200,28727500.0,2.17,3.98,13.09,18.02,17.0,9.16,0.6
英杰电气,sz300820,53.82,53.18,54.08,4258100.0,53.8,10000,53.82,900,1.2,54.69,53.18,4258100,229900000.0,3.81,2.84,60.16,119.62,63.82,42.54,0.98
紫燕食品,sh603057,34.47,33.17,33.83,7323900.0,34.46,5900,34.49,2100,3.92,35.3,32.91,7323900,252790000.0,1.78,7.21,142.02,142.54,36.49,29.85,1.04
江航装备,sh688586,15.1,15.19,15.3,1074715500.0,15.1,5400,15.11,4100,-0.59,15.42,14.92,1074715500,162520000.0,1.36,3.29,119.49,119.49,18.23,12.15,0.6
水井坊,sh600779,35.75,35.49,35.85,2886400.0,35.75,10400,35.76,100,0.73,36.15,35.68,2886400,103500000.0,0.59,1.32,174.28,174.28,39.04,31.94,0.56
微创光电,bj920198,10.85,10.01,10.17,14432400.0,10.85,139900,10.86,82000,8.39,11.78,10.17,14432400,161413200.0,20.48,16.08,7.65,17.51,13.01,7.01,8.62
内蒙新华,sh603230,11.57,11.46,11.56,1973100.0,11.56,12400,11.57,1500,0.96,11.63,11.51,1973100,22840000.0,0.56,1.05,40.9,40.9,12.61,10.31,0.46
东方明珠,sh600637,10.59,10.43,10.65,48817300.0,10.59,47900,10.6,242200,1.53,10.72,10.54,48817300,518990000.0,1.45,1.73,356.03,356.03,11.47,9.39,0.76
光明肉业,sh600073,6.48,6.54,6.57,15807100.0,6.48,47800,6.49,188700,-0.92,6.59,6.46,15807100,103010000.0,1.69,1.99,60.76,60.76,7.19,5.89,1.12
深城交,sz301091,24.71,24.52,24.75,3361500.0,24.68,400,24.71,500,0.77,24.94,24.38,3361500,82690000.0,0.64,2.28,130.29,130.29,29.42,19.62,0.49
宏远股份,bj920018,32.99,31.49,32.5,4471100.0,32.99,9700,33.0,7900,4.76,33.97,32.3,4471100,148874500.0,10.11,5.3,14.59,42.01,40.93,22.05,1.23
海量数据,sh603138,21.2,20.31,20.94,23273800.0,21.19,25800,21.2,100,4.38,22.28,20.6,23273800,494660000.0,8.07,8.27,61.13,62.3,22.34,18.28,0.65
博实股份,sz002698,15.18,15.04,15.27,8889900.0,15.18,23100,15.19,67700,0.93,15.34,15.1,8889900,135480000.0,1.06,1.6,127.59,155.22,16.54,13.54,0.77
顺络电子,sz002138,40.92,41.12,42.05,30881100.0,40.91,400,40.92,47700,-0.49,42.79,40.53,30881100,1286850000.0,4.08,5.5,309.56,329.95,45.23,37.01,1.0
酉立智能,bj920007,66.74,67.29,67.98,395300.0,66.71,300,66.74,1100,-0.82,68.37,66.25,395300,26521000.0,3.71,3.15,7.1,29.65,87.47,47.11,0.79
东方日升,sz300118,18.82,18.41,18.75,66619600.0,18.81,208500,18.82,82600,2.23,19.15,18.47,66619600,1251330000.0,7.19,3.69,174.43,214.55,22.09,14.73,0.66
春兴精工,sz002547,3.54,3.47,3.54,28183800.0,3.53,440400,3.54,1324000,2.02,3.58,3.5,28183800,99860000.0,2.55,2.31,39.11,39.93,3.82,3.12,0.7
东华软件,sz002065,8.81,8.66,8.8,51717300.0,8.81,231100,8.82,259800,1.73,8.88,8.75,51717300,455500000.0,1.78,1.5,256.19,282.4,9.53,7.79,0.8
托普云农,sz301556,98.31,101.08,102.75,2075200.0,98.3,14900,98.31,100,-2.74,102.75,98.01,2075200,206930000.0,7.04,4.69,28.98,83.84,121.3,80.86,1.16
合金投资,sz000633,7.58,7.49,7.66,10710400.0,7.58,21400,7.59,3800,1.2,7.72,7.52,10710400,81630000.0,2.78,2.67,29.19,29.19,8.24,6.74,0.72
利君股份,sz002651,10.32,10.38,10.44,11140700.0,10.32,21000,10.33,56500,-0.58,10.48,10.26,11140700,115060000.0,1.97,2.12,58.36,106.65,11.42,9.34,0.65
盈方微,sz000670,8.07,7.74,7.89,55315100.0,8.07,60200,8.08,63100,4.26,8.47,7.89,55315100,452140000.0,6.73,7.49,66.32,68.17,8.51,6.97,1.32
福然德,sh605050,12.87,12.78,12.95,3749000.0,12.86,7800,12.87,1700,0.7,13.15,12.81,3749000,48570000.0,0.76,2.66,63.43,63.43,14.06,11.5,0.52
君亭酒店,sz301073,28.55,28.37,28.55,3276400.0,28.5,1800,28.55,9200,0.63,29.27,28.3,3276400,94270000.0,1.84,3.42,50.87,55.52,34.04,22.7,0.64
好上好,sz001298,29.94,29.25,29.85,4582500.0,29.94,16200,29.95,12600,2.36,30.27,29.68,4582500,137560000.0,2.78,2.02,49.28,88.86,32.18,26.33,0.81
大禹节水,sz300021,4.8,4.92,4.96,50498600.0,4.79,277500,4.8,262400,-2.44,4.99,4.78,50498600,244450000.0,5.79,4.27,41.89,49.07,5.9,3.94,0.99
交大铁发,bj920027,20.34,20.21,20.32,694700.0,20.34,300,20.43,4000,0.64,20.52,20.21,694700,14160600.0,1.65,1.53,8.58,16.11,26.27,14.15,0.69
金利华电,sz300069,19.19,18.57,18.84,5635000.0,19.19,4300,19.2,21700,3.34,19.75,18.84,5635000,108890000.0,4.82,4.9,22.45,22.45,22.28,14.86,1.8
天沃科技,sz002564,7.14,6.97,7.1,11609200.0,7.13,102400,7.14,10600,2.44,7.21,7.06,11609200,83090000.0,1.35,2.15,61.33,61.33,7.67,6.27,0.63
智飞生物,sz300122,15.69,15.63,15.92,14384300.0,15.69,62000,15.7,19000,0.38,15.95,15.65,14384300,226650000.0,1.02,1.92,221.9,375.59,18.76,12.5,0.73
先锋电子,sz002767,22.54,22.13,22.5,2734400.0,22.53,5200,22.54,13700,1.85,22.9,22.34,2734400,62020000.0,2.1,2.53,29.35,33.81,24.34,19.92,0.81
杭齿前进,sh601177,16.07,15.93,16.15,5189000.0,16.07,15700,16.08,1100,0.88,16.24,16.03,5189000,83610000.0,1.3,1.32,64.29,65.56,17.52,14.34,0.81
吴通控股,sz300292,4.79,4.6,4.69,58042600.0,4.79,268300,4.8,386400,4.13,4.84,4.69,58042600,277180000.0,5.2,3.26,53.45,64.27,5.52,3.68,1.04
建研设计,sz301167,17.3,17.12,17.4,2053800.0,17.3,13400,17.38,300,1.05,17.62,17.26,2053800,35830000.0,2.89,2.1,12.3,19.38,20.54,13.7,0.91
中公教育,sz002607,2.86,2.69,2.76,373904100.0,2.86,2634600,2.87,1750200,6.32,2.95,2.74,373904100,1068490000.0,7.35,7.81,145.4,176.39,2.96,2.42,1.27
丰立智能,sz301368,57.59,57.4,58.28,2041900.0,57.33,400,57.59,8000,0.33,58.45,57.01,2041900,117670000.0,3.18,2.51,36.93,69.17,68.88,45.92,0.8
中科信息,sz300678,30.88,29.79,30.38,9047400.0,30.87,9000,30.88,15100,3.66,31.58,30.18,9047400,278440000.0,3.11,4.7,89.95,91.52,35.75,23.83,1.07
万丰奥威,sz002085,16.13,16.09,16.11,40505600.0,16.13,226400,16.14,87700,0.25,16.33,16.01,40505600,653860000.0,1.91,1.99,342.49,342.49,17.7,14.48,0.63
长春高新,sz000661,89.22,89.0,89.92,5352700.0,89.22,5700,89.23,200,0.25,90.12,88.8,5352700,478450000.0,1.34,1.48,356.54,363.96,97.9,80.1,0.33
嘉事堂,sz002462,15.05,14.83,15.06,3827500.0,15.04,7400,15.05,8900,1.48,15.17,14.97,3827500,57650000.0,1.31,1.35,43.87,43.9,16.31,13.35,0.76
中航沈飞,sh600760,55.95,56.87,56.43,21884600.0,55.94,9600,55.95,45500,-1.62,56.43,55.6,21884600,1223580000.0,0.77,1.46,1581.25,1586.24,62.56,51.18,0.65
万向德农,sh600371,9.4,9.95,9.45,28780300.0,9.39,85600,9.4,9900,-5.53,9.8,9.33,28780300,272490000.0,9.84,4.72,27.5,27.5,10.95,8.96,1.41
健康元,sh600380,10.88,10.88,10.96,10925900.0,10.87,33500,10.88,18800,0.0,11.02,10.85,10925900,119440000.0,0.6,1.56,199.04,199.04,11.97,9.79,0.74
首华燃气,sz300483,21.45,22.9,22.01,87373600.0,21.44,1600,21.45,3100,-6.33,23.0,20.98,87373600,1913490000.0,22.98,8.82,81.54,81.57,27.48,18.32,1.19
君逸数码,sz301172,27.01,26.47,27.04,5249700.0,27.0,42300,27.01,300,2.04,27.59,26.8,5249700,142390000.0,5.32,2.98,26.68,46.59,31.76,21.18,0.56
东航物流,sh601156,18.14,17.82,18.13,8474900.0,18.14,4500,18.15,900,1.8,18.39,18.04,8474900,154400000.0,0.9,1.96,171.35,287.98,19.6,16.04,0.8
中科海讯,sz300810,39.27,41.16,41.8,5048800.0,39.26,35200,39.27,1100,-4.59,41.8,39.0,5048800,201710000.0,4.43,6.8,44.76,46.36,49.39,32.93,0.96
泰晶科技,sh603738,23.72,23.0,23.79,50376400.0,23.72,113100,23.73,10000,3.13,24.48,23.12,50376400,1194950000.0,13.05,5.91,91.53,91.53,25.3,20.7,0.77
科顺股份,sz300737,6.94,7.1,7.25,29905800.0,6.93,117000,6.94,113200,-2.25,7.25,6.8,29905800,208450000.0,3.37,6.34,61.55,77.03,8.52,5.68,0.65
浩辰软件,sh688657,47.04,46.27,46.55,89879100.0,47.01,200,47.04,1800,1.66,47.47,46.55,89879100,42340000.0,2.19,1.99,19.31,30.82,55.52,37.02,0.58
精工科技,sz002006,19.23,18.93,19.28,10545400.0,19.23,9300,19.24,19100,1.58,19.5,19.12,10545400,203440000.0,2.03,2.01,99.96,99.96,20.82,17.04,0.87
李子园,sh605337,11.26,11.26,11.31,5175400.0,11.25,39300,11.26,184000,0.0,11.43,11.23,5175400,58540000.0,1.33,1.78,43.93,43.93,12.39,10.13,0.75
南华仪器,sz300417,13.84,13.41,13.73,3685800.0,13.8,4000,13.84,4100,3.21,14.06,13.69,3685800,51120000.0,4.21,2.76,12.12,18.62,16.09,10.73,0.92
丰安股份,bj920608,18.79,18.65,18.64,527900.0,18.78,600,18.79,2500,0.75,18.97,18.62,527900,9895300.0,1.34,1.88,7.41,11.69,24.24,13.06,0.97
英特集团,sz000411,11.46,11.45,11.54,5832700.0,11.45,15300,11.46,46700,0.09,11.63,11.33,5832700,67200000.0,1.59,2.62,42.15,64.75,12.6,10.31,0.91
拉普拉斯,sh688726,63.69,66.7,68.48,1783976300.0,63.68,400,63.69,100,-4.51,68.48,62.98,1783976300,1149180000.0,8.11,8.25,140.07,258.15,80.04,53.36,0.85
虹软科技,sh688088,44.67,43.92,44.9,632478500.0,44.67,3800,44.68,200,1.71,45.66,44.5,632478500,285110000.0,1.58,2.64,179.2,179.2,52.7,35.14,0.73
常熟汽饰,sh603035,14.68,14.49,14.66,3880800.0,14.68,38800,14.69,22300,1.31,14.83,14.64,3880800,57150000.0,1.06,1.31,53.78,53.78,15.94,13.04,0.71
侨银股份,sz002973,14.5,14.83,14.83,13192300.0,14.5,25700,14.51,900,-2.23,15.04,14.33,13192300,192110000.0,4.23,4.79,45.17,59.26,16.31,13.35,1.07
华鼎股份,sh601113,4.56,4.5,4.55,14980000.0,4.56,125100,4.57,127400,1.33,4.61,4.53,14980000,68460000.0,1.36,1.78,50.35,50.35,4.95,4.05,0.53
内蒙一机,sh600967,17.23,17.5,17.45,31671600.0,17.22,55300,17.23,33600,-1.54,17.58,17.08,31671600,545680000.0,1.86,2.86,293.22,293.22,19.25,15.75,0.74
沈阳机床,sz000410,7.43,7.3,7.39,20631500.0,7.43,174800,7.44,116500,1.78,7.51,7.39,20631500,153760000.0,1.23,1.64,124.89,196.83,8.03,6.57,0.68
ST通脉,sh603559,7.22,7.17,7.29,5362700.0,7.21,1500,7.22,44300,0.7,7.38,7.14,5362700,38760000.0,1.34,3.35,28.97,28.97,7.53,6.81,0.58
飞亚达,sz000026,14.99,14.82,15.05,3622900.0,14.98,1000,14.99,4700,1.15,15.14,14.89,3622900,54390000.0,0.99,1.69,54.65,60.82,16.3,13.34,0.74
上海建工,sh600170,2.84,2.8,2.83,199002900.0,2.84,5125700,2.85,3750300,1.43,2.87,2.82,199002900,566300000.0,2.24,1.79,252.36,252.36,3.08,2.52,0.8
节能铁汉,sz300197,1.87,1.78,1.82,91804900.0,1.87,224400,1.88,4128400,5.06,1.89,1.82,91804900,170940000.0,3.1,3.93,55.45,55.45,2.14,1.42,0.71
华熙生物,sh688363,43.98,44.06,44.6,269573200.0,43.97,1000,43.98,700,-0.18,44.7,43.89,269573200,119270000.0,0.56,1.84,211.84,211.84,52.87,35.25,0.73
汉宇集团,sz300403,12.88,12.72,13.0,10342200.0,12.87,12900,12.88,16100,1.26,13.07,12.83,10342200,133780000.0,2.42,1.89,55.01,77.67,15.26,10.18,0.72
信邦智能,sz301112,35.27,34.9,35.59,980200.0,35.26,36900,35.27,2800,1.06,35.97,35.11,980200,34810000.0,0.89,2.46,38.89,38.89,41.88,27.92,0.82
雷柏科技,sz002577,16.8,16.5,16.65,1639200.0,16.8,14700,16.81,5300,1.82,16.94,16.65,1639200,27610000.0,0.58,1.76,47.15,47.16,18.15,14.85,0.57
百普赛斯,sz301080,43.39,43.54,44.23,2367300.0,43.39,600,43.4,10300,-0.34,44.23,43.13,2367300,103250000.0,1.88,2.53,54.67,72.54,52.25,34.83,0.58
格灵深瞳,sh688207,15.67,15.35,15.91,513768700.0,15.67,2700,15.69,31400,2.08,15.94,15.6,513768700,80690000.0,1.98,2.21,40.58,40.58,18.42,12.28,0.62
艾迪精密,sh603638,22.17,22.01,22.4,6864600.0,22.16,106300,22.17,16500,0.73,22.64,21.99,6864600,152560000.0,0.83,2.95,184.25,184.25,24.21,19.81,0.74
联美控股,sh600167,6.88,6.84,6.9,11379700.0,6.87,60600,6.88,6100,0.58,6.98,6.84,11379700,78530000.0,0.5,2.05,155.68,155.68,7.52,6.16,0.87
三安光电,sh600703,16.13,14.66,15.98,79449000.0,16.13,30518000,0.0,0,10.03,16.13,15.97,79449000,1280840000.0,1.59,1.09,804.73,804.73,16.13,13.19,0.48
和顺电气,sz300141,15.43,14.92,15.05,13491500.0,15.43,8000,15.44,17400,3.42,15.8,15.04,13491500,209060000.0,5.3,5.09,39.31,39.79,17.9,11.94,1.31
ST长园,sh600525,5.59,5.4,5.43,31076300.0,5.59,138900,5.6,123500,3.52,5.63,5.4,31076300,171790000.0,2.36,4.26,73.72,73.72,5.67,5.13,0.91
爱朋医疗,sz300753,33.18,31.59,32.28,11442800.0,33.18,26600,33.19,200,5.03,34.16,31.66,11442800,380460000.0,13.02,7.91,29.17,41.82,37.91,25.27,1.67
移为通信,sz300590,12.07,11.76,11.98,6610100.0,12.06,1700,12.07,31200,2.64,12.16,11.9,6610100,79750000.0,1.87,2.21,42.77,55.51,14.11,9.41,0.7
尚品宅配,sz300616,13.11,12.98,13.37,3788400.0,13.11,10100,13.12,2500,1.0,13.41,13.08,3788400,50070000.0,2.44,2.54,20.32,29.43,15.58,10.38,0.9
陇神戎发,sz300534,9.5,9.45,9.59,7461500.0,9.5,27000,9.51,23600,0.53,9.65,9.45,7461500,71320000.0,2.47,2.12,28.69,28.82,11.34,7.56,0.75
山东矿机,sz002526,3.8,3.68,3.75,66420300.0,3.8,481700,3.81,1642400,3.26,3.84,3.74,66420300,252430000.0,3.75,2.72,67.3,67.75,4.05,3.31,0.94
江河集团,sh601886,8.62,8.77,8.81,6356000.0,8.61,30000,8.62,41700,-1.71,8.89,8.58,6356000,55200000.0,0.56,3.53,97.66,97.66,9.65,7.89,1.28
中贝通信,sh603220,25.79,25.37,26.0,30232200.0,25.78,5700,25.79,51800,1.66,26.3,25.26,30232200,778450000.0,6.96,4.1,112.0,138.32,27.91,22.83,0.59
ST绝味,sh603517,11.76,11.83,11.93,4871800.0,11.76,7700,11.77,11500,-0.59,11.97,11.73,4871800,57650000.0,0.8,2.03,71.27,71.27,12.42,11.24,0.79
联合水务,sh603291,12.1,11.43,11.58,18296600.0,12.1,22500,12.11,19400,5.86,12.34,11.56,18296600,219800000.0,14.08,6.82,15.72,51.21,12.57,10.29,3.0
神宇股份,sz300563,34.74,34.21,35.15,3966400.0,34.74,3000,34.75,3100,1.55,35.5,34.5,3966400,138920000.0,3.1,2.92,44.52,63.27,41.05,27.37,0.74
松炀资源,sh603863,19.86,19.96,20.2,4851300.0,19.86,2100,19.87,500,-0.5,20.36,19.76,4851300,97140000.0,2.37,3.01,40.64,40.64,21.96,17.96,0.48
国脉科技,sz002093,10.67,10.46,10.63,12978000.0,10.67,38300,10.68,90300,2.01,10.76,10.61,12978000,138460000.0,1.29,1.43,107.5,107.5,11.51,9.41,0.72
豪美新材,sz002988,33.76,32.3,32.88,4415600.0,33.74,800,33.76,9100,4.52,34.92,32.69,4415600,149840000.0,1.77,6.9,84.3,84.32,35.53,29.07,1.54
春光智能,bj920810,13.02,13.2,13.17,3275300.0,13.02,2000,13.03,5000,-1.36,13.65,12.77,3275300,42871800.0,5.25,6.67,8.13,12.49,17.16,9.24,2.28
科森科技,sh603626,23.25,23.41,24.3,29086300.0,23.25,30100,23.26,1700,-0.68,24.33,22.88,29086300,681280000.0,5.24,6.19,129.01,129.01,25.75,21.07,0.86
丸美生物,sh603983,28.15,28.18,28.48,2042400.0,28.15,4200,28.16,2100,-0.11,28.53,27.92,2042400,57540000.0,0.51,2.16,112.88,112.88,31.0,25.36,0.82
ST华西,sz002630,2.52,2.51,2.55,13543500.0,2.51,94400,2.52,138900,0.4,2.55,2.5,13543500,34160000.0,1.31,1.99,25.96,29.76,2.64,2.38,0.36
中南股份,sz000717,2.69,2.67,2.72,25941900.0,2.68,102200,2.69,92200,0.75,2.74,2.66,25941900,69890000.0,1.07,3.0,65.19,65.2,2.94,2.4,0.58
爱威科技,sh688067,27.07,26.7,26.91,133642900.0,27.07,3800,27.1,900,1.39,27.81,26.91,133642900,36520000.0,1.97,3.37,18.41,18.41,32.04,21.36,0.64
坚朗五金,sz002791,22.81,22.7,23.12,5447900.0,22.8,37900,22.81,2000,0.48,23.19,22.65,5447900,124610000.0,2.85,2.38,43.63,80.72,24.97,20.43,0.67
万泰生物,sh603392,38.03,37.95,38.0,2373100.0,38.03,8000,38.05,300,0.21,38.33,37.96,2373100,90440000.0,0.19,0.97,480.85,480.85,41.75,34.16,0.71
中无人机,sh688297,62.11,64.31,62.27,4351658600.0,62.11,97800,62.12,5100,-3.42,64.18,60.67,4351658600,2703000000.0,6.45,5.46,419.24,419.24,77.17,51.45,1.29
ST德豪,sz002005,3.05,2.97,3.01,11608000.0,3.04,431100,3.05,8500,2.69,3.08,3.0,11608000,35210000.0,0.66,2.69,53.44,53.45,3.12,2.82,0.69
海波重科,sz300517,11.99,11.83,11.97,4287400.0,11.99,11300,12.0,800,1.35,12.3,11.92,4287400,51790000.0,3.46,3.21,14.87,24.03,14.2,9.46,0.72
金域医学,sh603882,28.2,27.86,28.35,4930400.0,28.19,2500,28.2,400,1.22,28.49,28.02,4930400,139330000.0,1.07,1.69,129.76,130.64,30.65,25.07,0.7
共进股份,sh603118,11.76,11.3,11.55,28156800.0,11.75,119300,11.76,21800,4.07,11.91,11.54,28156800,330730000.0,3.58,3.27,92.58,92.58,12.43,10.17,0.86
两面针,sh600249,5.7,5.58,5.66,9722900.0,5.69,43000,5.7,3600,2.15,5.75,5.63,9722900,55320000.0,1.77,2.15,31.35,31.35,6.14,5.02,0.89
东星医疗,sz301290,27.26,26.64,27.14,1009000.0,27.26,2100,27.27,1800,2.33,27.5,27.03,1009000,27510000.0,1.48,1.76,18.58,27.31,31.97,21.31,0.58
盟科药业-U,sh688373,5.65,5.57,5.67,1076399800.0,5.64,20000,5.65,53000,1.44,5.74,5.61,1076399800,60950000.0,1.78,2.33,34.22,37.08,6.68,4.46,1.04
安控科技,sz300370,2.95,2.89,2.92,68309300.0,2.95,521200,2.96,412900,2.08,2.99,2.86,68309300,200140000.0,4.37,4.5,46.06,46.18,3.47,2.31,0.94
海能技术,bj920476,22.91,22.57,22.9,1093900.0,22.91,12900,22.94,2400,1.51,23.07,22.61,1093900,24945800.0,1.36,2.04,18.45,19.51,29.34,15.8,0.67
芯瑞达,sz002983,25.41,23.1,24.1,4476100.0,25.41,3751700,0.0,0,10.0,25.41,23.79,4476100,112590000.0,3.49,7.01,32.56,56.83,25.41,20.79,0.85
银之杰,sz300085,36.14,35.84,36.5,15016200.0,36.14,114600,36.15,13400,0.84,36.76,35.93,15016200,545400000.0,2.3,2.32,235.64,255.38,43.01,28.67,0.69
华阳集团,sz002906,30.9,31.22,31.68,7613800.0,30.89,3800,30.9,3400,-1.02,31.83,30.72,7613800,237670000.0,1.45,3.56,162.14,162.2,34.34,28.1,0.76
一彬科技,sz001278,24.5,26.01,26.26,6598500.0,24.42,1200,24.5,5300,-5.81,26.38,24.1,6598500,166770000.0,13.05,8.77,12.39,30.31,28.61,23.41,1.2
广电网络,sh600831,4.18,4.12,4.19,8375700.0,4.18,366500,4.2,89100,1.46,4.25,4.15,8375700,35110000.0,1.18,2.43,29.72,29.72,4.53,3.71,0.63
科华生物,sz002022,5.82,5.7,5.75,7576800.0,5.81,51600,5.82,43800,2.11,5.86,5.75,7576800,43990000.0,1.47,1.93,29.93,29.94,6.27,5.13,0.8
蓝思科技,sz300433,32.39,32.06,32.7,47569500.0,32.38,12300,32.39,37600,1.03,32.95,32.15,47569500,1549320000.0,0.96,2.5,1609.52,1709.78,38.47,25.65,0.61
电科网安,sz002268,19.12,18.54,18.95,18921200.0,19.11,37300,19.12,31000,3.13,19.4,18.8,18921200,361540000.0,2.24,3.24,161.62,161.69,20.39,16.69,0.84
实朴检测,sz301228,42.9,41.49,42.05,1971800.0,42.9,33900,42.92,800,3.4,43.25,41.8,1971800,84060000.0,1.65,3.49,51.24,51.48,49.79,33.19,0.64
汉马科技,sh600375,5.48,5.37,5.45,18231000.0,5.47,231500,5.48,473000,2.05,5.51,5.45,18231000,99910000.0,1.25,1.12,80.16,87.85,5.91,4.83,0.65
卓翼科技,sz002369,7.95,7.72,8.17,12631100.0,7.95,72900,7.96,65400,2.98,8.18,7.9,12631100,100960000.0,2.23,3.63,45.01,45.07,8.49,6.95,0.96
麦格米特,sz002851,128.59,128.7,131.0,18974500.0,128.58,2400,128.59,900,-0.09,133.93,126.57,18974500,2468950000.0,4.14,5.72,588.89,747.74,141.57,115.83,0.78
电光科技,sz002730,17.64,17.68,17.82,14557800.0,17.64,32400,17.65,7400,-0.23,17.9,17.53,14557800,256950000.0,4.21,2.09,61.04,63.87,19.45,15.91,0.67
伟思医疗,sh688580,55.09,53.74,55.25,177761300.0,55.05,400,55.09,1500,2.51,56.4,54.29,177761300,98350000.0,1.86,3.93,52.76,52.76,64.49,42.99,0.9
广田集团,sz002482,1.73,1.71,1.74,50414200.0,1.72,4198400,1.73,553000,1.17,1.75,1.72,50414200,87470000.0,1.35,1.75,64.76,64.89,1.88,1.54,0.84
ST京蓝,sz000711,4.01,3.82,4.01,5035400.0,4.01,54942800,0.0,0,4.97,4.01,4.01,5035400,20190000.0,0.22,0.0,91.66,114.56,4.01,3.63,0.05
同仁堂,sh600085,29.72,29.71,29.82,5428500.0,29.72,4100,29.73,20400,0.03,29.99,29.63,5428500,161670000.0,0.4,1.21,407.6,407.6,32.68,26.74,0.72
横店影视,sh603103,24.53,24.64,25.1,10460400.0,24.53,14900,24.55,5900,-0.45,25.11,24.5,10460400,258640000.0,1.65,2.48,155.57,155.57,27.1,22.18,0.54
国航远洋,bj920571,12.49,13.5,12.8,79461200.0,12.49,465900,12.5,245100,-7.48,14.28,12.25,79461200,1026338800.0,28.26,15.04,35.12,69.37,17.55,9.45,1.2
晋亿实业,sh601002,5.31,5.22,5.27,11980900.0,5.31,81300,5.32,96600,1.72,5.38,5.27,11980900,63870000.0,1.26,2.11,50.68,50.68,5.74,4.7,0.73
汉王科技,sz002362,20.6,20.07,20.5,4850100.0,20.6,3100,20.61,2700,2.64,20.82,20.39,4850100,99950000.0,2.34,2.14,42.76,50.36,22.08,18.06,0.86
东华测试,sz300354,38.88,38.91,39.5,2027400.0,38.88,13900,38.89,1300,-0.08,39.79,38.56,2027400,79670000.0,2.49,3.16,31.61,53.78,46.69,31.13,0.62
百胜智能,sz301083,19.75,19.38,19.6,6057700.0,19.75,8400,19.76,800,1.91,20.48,19.56,6057700,120440000.0,7.08,4.75,16.91,35.13,23.26,15.5,1.65
徐家汇,sz002561,8.38,8.3,8.39,4600800.0,8.38,82900,8.39,1600,0.96,8.47,8.36,4600800,38740000.0,1.11,1.33,34.73,34.84,9.13,7.47,0.84
金证股份,sh600446,14.15,13.86,14.08,14501400.0,14.15,197100,14.16,17600,2.09,14.44,13.97,14501400,205170000.0,1.54,3.39,133.19,133.19,15.25,12.47,0.77
安彩高科,sh600207,5.57,5.49,5.55,29834700.0,5.57,195300,5.58,165300,1.46,5.61,5.48,29834700,165320000.0,2.74,2.37,60.67,60.67,6.04,4.94,0.76
*ST辉丰,sz002496,1.98,1.95,1.96,22502200.0,1.97,931000,1.98,727700,1.54,2.0,1.95,22502200,44390000.0,2.02,2.56,22.03,29.85,2.05,1.85,0.81
固高科技,sz301510,33.4,33.37,34.2,8208000.0,33.39,1600,33.4,200,0.09,34.4,33.02,8208000,274960000.0,2.94,4.14,93.24,133.6,40.04,26.7,0.93
中京电子,sz002579,12.07,11.49,11.75,39347600.0,12.06,119900,12.07,103700,5.05,12.38,11.75,39347600,476650000.0,6.74,5.48,70.42,73.94,12.64,10.34,1.31
丹娜生物,bj920009,73.25,73.26,73.44,123100.0,72.91,200,73.25,700,-0.01,74.17,72.84,123100,9035700.0,1.71,1.82,5.27,40.57,95.23,51.29,0.48
英科医疗,sz300677,46.29,46.05,46.59,12091300.0,46.27,3100,46.29,45000,0.52,47.35,45.44,12091300,557930000.0,2.6,4.15,215.52,303.28,55.26,36.84,0.87
实丰文化,sz002862,17.53,16.58,16.8,12760300.0,17.52,200,17.53,4100,5.73,18.24,16.62,12760300,226260000.0,10.11,9.77,22.13,29.45,18.24,14.92,2.99
中科通达,sh688038,21.85,21.71,22.14,236896100.0,21.85,11600,21.86,5000,0.64,22.49,21.54,236896100,52080000.0,2.04,4.38,25.43,25.43,26.05,17.37,0.36
亚普股份,sh603013,22.39,22.0,22.36,3277800.0,22.38,3500,22.39,3000,1.77,22.75,22.19,3277800,73610000.0,0.64,2.55,113.79,113.79,24.2,19.8,0.68
维业股份,sz300621,8.59,8.48,8.64,3959800.0,8.59,6000,8.6,1100,1.3,8.77,8.53,3959800,34280000.0,1.96,2.83,17.4,17.87,10.18,6.78,0.93
文科股份,sz002775,4.28,4.2,4.24,10145700.0,4.28,15400,4.29,25100,1.9,4.33,4.22,10145700,43570000.0,2.15,2.62,20.18,27.23,4.62,3.78,0.77
普瑞眼科,sz301239,31.27,31.04,31.39,860000.0,31.26,3600,31.27,600,0.74,31.67,31.16,860000,26980000.0,0.57,1.64,46.79,46.79,37.25,24.83,0.65
海陆重工,sz002255,13.18,12.47,12.61,61239800.0,13.17,191000,13.18,12200,5.69,13.25,12.61,61239800,799360000.0,9.6,5.13,84.08,109.51,13.72,11.22,1.46
润本股份,sh603193,22.0,21.97,22.2,1164000.0,22.0,5500,22.01,300,0.14,22.3,21.96,1164000,25750000.0,1.13,1.55,22.73,89.01,24.17,19.77,0.67
宏英智能,sz001266,35.25,33.95,35.02,7203000.0,35.25,3700,35.26,3700,3.83,35.85,33.6,7203000,252640000.0,12.4,6.63,20.47,36.51,37.35,30.56,1.51
奕瑞科技,sh688301,125.2,122.51,124.8,252196500.0,125.15,200,125.2,32300,2.2,129.72,124.8,252196500,320450000.0,1.26,4.02,250.9,264.73,147.01,98.01,0.81
方大集团,sz000055,3.85,3.8,3.87,8024500.0,3.84,149400,3.85,148100,1.32,3.89,3.82,8024500,30960000.0,1.19,1.84,26.02,41.34,4.18,3.42,0.83
新坐标,sh603040,94.17,94.1,95.33,1103000.0,94.14,100,94.17,4400,0.07,96.28,93.0,1103000,104160000.0,0.81,3.49,127.83,128.5,103.51,84.69,0.66
中化岩土,sz002542,3.27,3.21,3.25,16063600.0,3.26,892300,3.27,279200,1.87,3.29,3.24,16063600,52440000.0,0.91,1.56,57.51,59.06,3.53,2.89,0.65
凯华材料,bj920526,21.94,21.6,21.8,734000.0,21.94,500,21.95,900,1.57,22.15,21.8,734000,16165200.0,1.4,1.62,11.49,18.14,28.08,15.12,0.87
津荣天宇,sz300988,27.8,26.19,26.7,6447700.0,27.8,4400,27.81,3800,6.15,28.35,26.53,6447700,178260000.0,6.04,6.95,29.65,39.0,31.43,20.95,1.41
国科军工,sh688543,81.57,82.49,80.6,1368654400.0,81.55,900,81.57,2300,-1.12,83.5,78.31,1368654400,1102020000.0,11.8,6.29,94.59,170.35,98.99,65.99,0.91
雪龙集团,sh603949,17.75,17.6,17.84,2560800.0,17.74,3300,17.75,2900,0.85,18.02,17.63,2560800,45620000.0,1.22,2.22,37.31,37.41,19.36,15.84,0.67
同心传动,bj920454,15.3,15.11,15.22,694100.0,15.24,1400,15.3,10100,1.26,15.43,15.22,694100,10629800.0,1.1,1.39,9.67,16.08,19.64,10.58,0.65
珀莱雅,sh603605,67.07,67.11,67.85,2518500.0,67.07,24200,67.08,400,-0.06,68.0,67.01,2518500,169750000.0,0.64,1.48,265.58,265.58,73.82,60.4,0.72
龙头股份,sh600630,8.49,8.38,8.45,5420100.0,8.49,2100,8.5,98800,1.31,8.53,8.43,5420100,45970000.0,1.28,1.19,36.07,36.07,9.22,7.54,0.62
甬金股份,sh603995,19.14,19.25,19.6,5184300.0,19.13,1000,19.14,700,-0.57,19.6,19.03,5184300,99760000.0,1.42,2.96,69.98,69.98,21.18,17.33,0.72
华媒控股,sz000607,4.27,4.25,4.37,18533400.0,4.27,662300,4.28,105000,0.47,4.4,4.25,18533400,79790000.0,2.09,3.53,37.79,43.46,4.68,3.83,0.72
金隅集团,sh601992,1.89,1.87,1.9,80243000.0,1.89,555400,1.9,3901800,1.07,1.91,1.87,80243000,151590000.0,0.96,2.14,157.52,201.81,2.06,1.68,0.67
渝 开 发,sz000514,4.84,4.79,4.85,9024300.0,4.84,84000,4.85,137100,1.04,4.88,4.83,9024300,43790000.0,1.07,1.04,40.84,40.84,5.27,4.31,0.64
徐工机械,sz000425,12.12,11.99,12.22,99770600.0,12.11,50300,12.12,197600,1.08,12.33,12.02,99770600,1216910000.0,1.11,2.59,1091.92,1423.93,13.19,10.79,1.03
中力股份,sh603194,35.67,35.36,35.75,1903200.0,35.67,9400,35.68,900,0.88,36.23,35.44,1903200,68230000.0,1.2,2.23,56.37,143.04,38.9,31.82,0.87
金自天正,sh600560,16.09,15.68,15.93,2905100.0,16.07,6500,16.09,26500,2.61,16.23,15.93,2905100,46840000.0,1.3,1.91,35.98,35.98,17.25,14.11,0.76
赛维时代,sz301381,19.78,19.66,20.0,2774700.0,19.77,56900,19.78,2600,0.61,20.12,19.62,2774700,55120000.0,1.42,2.54,38.66,79.8,23.59,15.73,0.64
同方股份,sh600100,8.83,8.51,8.69,64457600.0,8.83,112700,8.84,288300,3.76,8.88,8.65,64457600,565670000.0,1.92,2.7,295.83,295.83,9.36,7.66,0.81
锴威特,sh688693,39.68,37.83,39.25,153020800.0,39.68,500,39.7,4000,4.89,40.5,39.25,153020800,61040000.0,3.93,3.3,15.44,29.24,45.4,30.26,0.97
信邦制药,sz002390,3.23,3.21,3.25,22573500.0,3.23,95300,3.24,729800,0.62,3.27,3.22,22573500,73170000.0,1.17,1.56,62.27,62.79,3.53,2.89,0.74
胜业电气,bj920128,27.47,26.86,27.35,690800.0,27.37,1900,27.47,6500,2.27,27.62,26.93,690800,18938600.0,1.81,2.57,10.5,22.3,34.91,18.81,0.71
华塑股份,sh600935,2.91,2.79,2.82,54911200.0,2.9,327700,2.91,1141900,4.3,2.92,2.79,54911200,157030000.0,1.57,4.66,102.07,104.61,3.07,2.51,1.33
蓝黛科技,sz002765,11.02,10.77,10.91,11913700.0,11.02,48400,11.03,40500,2.32,11.17,10.91,11913700,131440000.0,2.0,2.41,65.67,71.86,11.85,9.69,0.77
绿地控股,sh600606,1.62,1.61,1.62,68092700.0,1.62,2251900,1.63,9249800,0.62,1.63,1.61,68092700,110260000.0,0.48,1.24,227.68,227.68,1.77,1.45,0.62
富士莱,sz301258,32.8,32.75,33.16,753600.0,32.8,3000,32.81,100,0.15,33.49,32.62,753600,24930000.0,0.85,2.66,29.21,30.07,39.3,26.2,0.67
顺威股份,sz002676,7.29,7.21,7.32,9844800.0,7.29,19600,7.3,86500,1.11,7.4,7.24,9844800,71940000.0,1.37,2.22,52.49,52.49,7.93,6.49,0.79
雅葆轩,bj920357,23.73,23.49,23.55,957900.0,23.73,1500,23.74,2900,1.02,24.3,23.55,957900,22973300.0,2.15,3.19,10.56,19.0,30.53,16.45,0.55
派克新材,sh605123,107.58,105.62,107.98,3105600.0,107.58,800,107.59,1600,1.86,108.98,106.24,3105600,334810000.0,2.56,2.59,130.36,130.36,116.18,95.06,0.57
中路股份,sh600818,9.19,9.01,9.14,4623100.0,9.19,28000,9.2,14600,2.0,9.29,9.12,4623100,42610000.0,1.94,1.89,21.87,29.54,9.91,8.11,0.83
倍轻松,sh688793,20.85,20.67,20.93,109004700.0,20.85,400,20.88,2300,0.87,21.24,20.72,109004700,22880000.0,1.27,2.52,17.92,17.92,24.8,16.54,0.83
威龙股份,sh603779,6.49,6.39,6.47,4831000.0,6.48,12900,6.49,1500,1.56,6.6,6.44,4831000,31480000.0,1.45,2.5,21.55,21.55,7.03,5.75,0.73
博瑞传播,sh600880,5.27,5.17,5.28,28919600.0,5.26,116900,5.27,10100,1.93,5.34,5.23,28919600,152870000.0,2.65,2.13,57.6,57.62,5.69,4.65,0.89
华星创业,sz300025,5.88,5.65,5.77,13952700.0,5.88,12600,5.89,11600,4.07,5.98,5.74,13952700,81930000.0,2.76,4.25,29.78,29.92,6.78,4.52,1.19
中捷资源,sz002021,3.45,3.45,3.54,41434300.0,3.45,152400,3.46,350900,0.0,3.55,3.43,41434300,143910000.0,3.47,3.48,41.24,41.24,3.8,3.11,0.39
建设工业,sz002265,23.49,23.75,24.0,8681900.0,23.49,11900,23.5,15000,-1.09,24.0,23.33,8681900,204480000.0,0.84,2.82,242.66,242.66,26.13,21.38,0.67
无锡晶海,bj920547,23.88,23.65,23.7,455100.0,23.87,1700,23.88,2300,0.97,24.07,23.7,455100,10869700.0,1.21,1.56,9.01,18.55,30.74,16.56,0.62
北摩高科,sz002985,39.28,39.25,39.9,8647900.0,39.28,3600,39.29,9900,0.08,40.38,38.82,8647900,340290000.0,4.92,3.97,69.0,130.35,43.18,35.33,0.5
甘源食品,sz002991,53.1,53.45,54.68,676900.0,53.1,4500,53.14,300,-0.65,54.68,52.99,676900,36220000.0,1.36,3.16,26.51,49.5,58.8,48.11,0.67
中曼石油,sh603619,43.69,47.05,45.35,86764400.0,43.69,2700,43.7,107900,-7.14,47.88,42.38,86764400,3857800000.0,18.77,11.69,202.0,202.0,51.76,42.35,1.9
京能热力,sz002893,11.32,11.21,11.3,5797400.0,11.31,11100,11.32,100,0.98,11.48,11.27,5797400,65910000.0,2.86,1.87,22.95,29.84,12.33,10.09,0.68
万安科技,sz002590,13.59,13.35,13.53,9169100.0,13.59,10100,13.6,5400,1.8,13.79,13.48,9169100,124700000.0,1.85,2.32,67.26,70.54,14.69,12.02,0.93
嵘泰股份,sh605133,28.51,28.4,28.88,2897400.0,28.51,85600,28.52,8600,0.39,28.97,28.4,2897400,83030000.0,1.03,2.01,80.43,80.62,31.24,25.56,0.56
莱斯信息,sh688631,65.19,64.45,65.44,159987400.0,65.19,2700,65.2,2700,1.15,66.44,64.63,159987400,104460000.0,2.47,2.81,42.29,106.57,77.34,51.56,0.65
海鸥股份,sh603269,15.4,14.28,14.55,40560000.0,15.4,22200,15.41,25600,7.84,15.68,14.37,40560000,612230000.0,13.14,9.17,47.55,47.55,15.71,12.85,1.05
湘邮科技,sh600476,12.72,12.6,12.65,3828700.0,12.72,38000,12.73,6800,0.95,13.08,12.65,3828700,49220000.0,2.38,3.41,20.49,20.49,13.86,11.34,0.83
星网宇达,sz002829,26.78,26.83,27.26,5268000.0,26.78,1600,26.79,5800,-0.19,27.37,26.61,5268000,141570000.0,3.61,2.83,39.11,55.65,29.51,24.15,0.52
吉大通信,sz300597,9.61,9.5,9.69,5902500.0,9.61,29300,9.62,26200,1.16,9.74,9.57,5902500,57010000.0,2.18,1.79,26.08,26.19,11.4,7.6,0.82
ST路通,sz300555,13.35,13.0,13.17,2702400.0,13.31,500,13.35,1100,2.69,13.54,13.14,2702400,36080000.0,1.36,3.08,26.43,26.7,15.6,10.4,1.06
爱仕达,sz002403,11.14,10.91,11.12,3438600.0,11.14,5900,11.15,14800,2.11,11.2,11.03,3438600,38290000.0,1.16,1.56,33.1,37.95,12.0,9.82,0.82
何氏眼科,sz301103,20.23,20.48,20.64,1622400.0,20.23,5900,20.24,100,-1.22,20.75,20.1,1622400,33100000.0,1.03,3.17,31.97,31.97,24.58,16.38,1.03
大丰实业,sh603081,12.36,12.26,12.45,4822000.0,12.35,13100,12.36,45800,0.82,12.5,12.31,4822000,59880000.0,1.14,1.55,52.22,52.22,13.49,11.03,0.69
康泰医学,sz300869,14.23,14.08,14.3,2326200.0,14.23,9900,14.24,9000,1.07,14.36,14.15,2326200,33190000.0,0.92,1.49,36.05,57.18,16.9,11.26,0.67
易天股份,sz300812,46.8,48.29,48.37,31446700.0,46.79,4000,46.8,7900,-3.09,50.95,46.32,31446700,1527790000.0,33.92,9.59,43.39,65.56,57.95,38.63,1.3
联合光电,sz300691,17.94,16.28,16.68,25610200.0,17.94,1600,17.95,12300,10.2,18.66,16.68,25610200,462300000.0,11.6,12.16,39.6,48.27,19.54,13.02,5.46
苏豪时尚,sh600287,5.75,5.66,5.74,5240000.0,5.74,45300,5.75,80300,1.59,5.85,5.71,5240000,30260000.0,1.2,2.47,25.12,25.12,6.23,5.09,0.72
派诺科技,bj920375,14.24,14.18,14.17,3000800.0,14.21,200,14.24,26500,0.42,14.59,14.17,3000800,43225500.0,4.62,2.96,9.24,15.48,18.43,9.93,1.36
九联科技,sh688609,8.47,8.35,8.5,641301800.0,8.47,15200,8.48,17700,1.44,8.58,8.43,641301800,54500000.0,1.28,1.8,42.35,42.35,10.02,6.68,0.66
辽港股份,sh601880,1.7,1.71,1.71,177325700.0,1.7,9573700,1.71,3594000,-0.58,1.73,1.69,177325700,302440000.0,0.96,2.34,313.02,400.72,1.88,1.54,0.67
奥普光电,sz002338,52.95,51.91,52.8,3649100.0,52.95,14000,52.96,300,2.0,53.98,52.61,3649100,194100000.0,1.52,2.64,127.08,127.08,57.1,46.72,0.77
卓锦股份,sh688701,9.75,9.69,9.84,303932700.0,9.75,200,9.76,14700,0.62,10.14,9.68,303932700,29930000.0,2.26,4.75,13.09,13.09,11.63,7.75,0.92
港通医疗,sz301515,24.44,24.24,24.4,1599300.0,24.44,300,24.47,400,0.83,24.88,24.01,1599300,39140000.0,2.44,3.59,16.03,24.44,29.09,19.39,0.79
禾川科技,sh688320,32.97,32.34,32.9,239273400.0,32.95,5000,32.97,300,1.95,33.58,32.6,239273400,78880000.0,1.58,3.03,49.79,49.79,38.81,25.87,0.76
京能置业,sh600791,8.25,8.34,8.37,21076400.0,8.25,500,8.27,20100,-1.08,8.4,8.06,21076400,172860000.0,4.66,4.08,37.32,37.36,9.17,7.51,0.77
金运激光,sz300220,14.85,14.47,14.68,2805400.0,14.85,9700,14.86,2400,2.63,15.06,14.68,2805400,41770000.0,1.86,2.63,22.43,22.45,17.36,11.58,0.71
源飞宠物,sz001222,20.92,20.52,20.66,1888100.0,20.92,400,20.93,2200,1.95,21.58,20.55,1888100,39680000.0,1.76,5.02,22.47,39.93,22.57,18.47,1.28
华之杰,sh603400,68.71,68.6,69.5,1555700.0,68.71,500,68.75,3300,0.16,70.7,68.53,1555700,108170000.0,7.78,3.16,13.74,68.71,75.46,61.74,0.55
乔治白,sz002687,5.01,4.95,5.07,6817800.0,5.0,34300,5.01,9200,1.21,5.1,4.97,6817800,34300000.0,1.65,2.63,20.71,25.29,5.45,4.46,0.64
水羊股份,sz300740,23.06,23.08,23.57,9345600.0,23.05,10400,23.06,83400,-0.09,23.62,22.97,9345600,217310000.0,2.6,2.82,82.78,89.94,27.7,18.46,0.71
永泰能源,sh600157,1.83,1.84,1.85,1433450700.0,1.83,3653000,1.84,22691700,-0.54,1.87,1.79,1433450700,2615990000.0,6.57,4.35,399.27,399.27,2.02,1.66,0.58
爱尔眼科,sz300015,10.18,10.15,10.26,45062800.0,10.18,137800,10.19,226100,0.3,10.29,10.15,45062800,459780000.0,0.57,1.38,809.86,949.33,12.18,8.12,0.77
秉扬科技,bj920675,13.09,13.19,12.79,9148300.0,13.08,40700,13.09,49000,-0.76,14.15,12.71,9148300,122307400.0,11.58,10.92,10.34,22.54,17.14,9.24,0.89
挖金客,sz301380,33.83,33.41,34.0,1607700.0,33.82,2400,33.83,1700,1.26,34.37,33.66,1607700,54720000.0,1.99,2.13,27.31,34.3,40.09,26.73,0.63
青松股份,sz300132,9.47,9.37,9.49,20066200.0,9.46,11200,9.47,60500,1.07,9.69,9.39,20066200,191180000.0,3.95,3.2,48.12,48.92,11.24,7.5,0.72
海泰科,sz301022,31.62,30.85,31.4,2112400.0,31.62,2000,31.63,800,2.5,31.9,31.38,2112400,66870000.0,3.16,1.69,21.11,31.46,37.02,24.68,0.9
本川智能,sz300964,60.6,60.0,61.5,3144500.0,60.6,6400,60.64,700,1.0,62.42,60.41,3144500,192620000.0,5.62,3.35,33.89,46.84,72.0,48.0,0.65
圣龙股份,sh603178,16.53,16.38,16.51,1376300.0,16.52,2300,16.53,3900,0.92,16.65,16.5,1376300,22810000.0,0.58,0.92,39.08,39.08,18.02,14.74,0.73
华岭股份,bj920139,19.63,19.54,20.08,3537600.0,19.63,7100,19.67,2500,0.46,20.18,19.6,3537600,70393800.0,1.37,2.97,50.71,52.9,25.4,13.68,0.72
国子软件,bj920953,34.03,33.75,34.47,1022100.0,34.03,2600,34.08,19200,0.83,34.58,33.92,1022100,34902800.0,1.71,1.96,20.38,43.6,43.87,23.63,0.65
峆一药业,bj920478,17.95,17.6,17.7,641800.0,17.95,4300,17.96,2200,1.99,17.99,17.61,641800,11411300.000000002,1.36,2.16,8.48,14.13,22.88,12.32,0.83
光韵达,sz300227,13.25,13.02,13.65,34758000.0,13.24,42400,13.25,43800,1.77,13.75,13.17,34758000,464550000.0,8.03,4.45,57.38,73.75,15.62,10.42,0.97
长安汽车,sz000625,10.84,10.83,10.86,44623300.0,10.84,292800,10.85,415200,0.09,10.9,10.82,44623300,484230000.0,0.54,0.74,896.16,1074.56,11.91,9.75,0.66
恒合股份,bj920145,18.14,17.56,17.7,1948600.0,18.11,1200,18.14,2000,3.3,18.61,17.7,1948600,35546500.0,4.01,5.18,8.81,12.8,22.82,12.3,0.64
电声股份,sz300805,11.98,11.73,11.93,8474100.0,11.98,600,11.99,16000,2.13,12.1,11.85,8474100,101670000.0,2.94,2.13,34.54,50.85,14.08,9.38,0.68
翰博高新,sz301321,23.03,21.17,21.52,12990100.0,23.02,5100,23.03,3600,8.79,23.58,21.42,12990100,297040000.0,8.8,10.2,34.0,42.94,25.4,16.94,2.3
江淮汽车,sh600418,51.27,51.15,51.54,29275500.0,51.26,4200,51.27,26600,0.23,52.0,51.0,29275500,1505820000.0,1.34,1.96,1119.74,1155.72,56.27,46.04,0.72
ST香雪,sz300147,9.41,9.2,9.31,6132700.0,9.4,33200,9.41,37800,2.28,9.44,9.28,6132700,57400000.0,0.93,1.74,61.86,62.23,11.04,7.36,0.57
凯腾精工,bj920553,10.02,9.83,9.88,1785900.0,10.01,3300,10.02,4400,1.93,10.16,9.83,1785900,17825500.0,1.94,3.36,9.2,14.4,12.77,6.89,0.99
智明达,sh688636,45.36,45.58,46.0,529930500.0,45.35,3400,45.36,500,-0.48,46.46,44.7,529930500,241320000.0,3.16,3.86,76.04,78.88,54.7,36.46,0.56
通用股份,sh601500,4.39,4.36,4.41,14535400.0,4.38,118400,4.39,162700,0.69,4.44,4.37,14535400,63990000.0,0.92,1.61,69.49,69.77,4.8,3.92,0.8
博晖创新,sz300318,6.07,6.03,6.08,7640500.0,6.06,49600,6.07,46400,0.66,6.14,6.03,7640500,46510000.0,0.96,1.82,48.47,49.59,7.24,4.82,0.74
东方海洋,sz002086,2.23,2.24,2.27,46389900.0,2.22,1782600,2.23,2024700,-0.45,2.28,2.21,46389900,103600000.0,2.93,3.12,35.26,43.68,2.46,2.02,0.73
锦好医疗,bj920925,20.25,19.8,20.1,1898300.0,20.23,4800,20.25,600,2.27,20.55,19.86,1898300,38429800.0,3.43,3.48,11.2,19.94,25.74,13.86,1.06
创新医疗,sz002173,29.24,27.7,28.48,68444000.0,29.23,2200,29.24,23500,5.56,30.2,27.86,68444000,1999050000.0,16.44,8.45,121.73,129.03,30.47,24.93,1.4
延华智能,sz002178,6.8,6.68,7.34,126562300.0,6.79,163500,6.8,301300,1.8,7.34,6.71,126562300,887870000.0,17.78,9.43,48.4,48.43,7.35,6.01,4.64
百联股份,sh600827,8.57,8.54,8.6,7900600.0,8.56,111300,8.57,176400,0.35,8.66,8.54,7900600,67930000.0,0.49,1.41,137.5,152.9,9.39,7.69,0.78
石头科技,sh688169,133.82,133.03,135.09,243613500.0,133.82,4000,133.88,1000,0.59,135.47,133.08,243613500,326160000.0,0.94,1.8,346.74,346.74,159.64,106.42,0.64
*ST艾艾,sh603580,15.78,15.44,15.83,745300.0,15.78,2200,15.83,3400,2.2,15.98,15.38,745300,11730000.0,0.57,3.89,20.62,20.62,16.21,14.67,0.31
奥雅股份,sz300949,39.42,38.92,39.5,775900.0,39.41,14000,39.42,3900,1.28,40.08,39.13,775900,30710000.0,2.26,2.44,13.52,23.65,46.7,31.14,0.7
贝仕达克,sz300822,16.08,15.04,15.32,7873900.0,16.08,35300,16.09,4700,6.91,16.85,15.3,7873900,127130000.0,2.72,10.31,46.47,50.1,18.05,12.03,3.43
星帅尔,sz002860,13.0,12.91,13.1,6820500.0,12.99,4200,13.0,23700,0.7,13.19,12.96,6820500,89000000.0,1.95,1.78,45.45,46.76,14.2,11.62,0.71
金杯汽车,sh600609,4.4,4.36,4.38,12081200.0,4.39,202500,4.4,180200,0.92,4.43,4.38,12081200,53230000.0,0.93,1.15,57.4,57.4,4.8,3.92,0.65
花园生物,sz300401,15.41,15.75,16.06,24347100.0,15.4,18100,15.41,7700,-2.16,16.16,15.28,24347100,376970000.0,4.55,5.59,82.38,83.75,18.9,12.6,1.04
宇瞳光学,sz300790,27.4,25.1,25.58,35398900.0,27.4,5500,27.41,16800,9.16,28.17,25.5,35398900,964160000.0,10.9,10.64,88.95,102.51,30.12,20.08,3.57
科锐国际,sz300662,25.13,24.73,25.15,3501900.0,25.11,2800,25.13,700,1.62,25.48,24.94,3501900,88260000.0,1.78,2.18,49.33,49.46,29.68,19.78,0.73
裕同科技,sz002831,31.57,31.0,31.2,6757300.0,31.56,800,31.57,1300,1.84,31.8,30.67,6757300,211690000.0,1.32,3.65,161.32,290.61,34.1,27.9,0.81
蓝帆医疗,sz002382,6.5,6.19,6.28,42540900.0,6.5,7600,6.51,305200,5.01,6.58,6.21,42540900,273590000.0,4.26,5.98,64.98,65.46,6.81,5.57,2.75
海鸥住工,sz002084,3.83,3.81,3.88,16382900.0,3.83,45100,3.84,69600,0.52,3.9,3.81,16382900,63070000.0,2.54,2.36,24.69,24.74,4.19,3.43,0.78
深粮控股,sz000019,7.19,7.46,7.36,27779000.0,7.18,234100,7.19,22100,-3.62,7.39,7.16,27779000,200840000.0,6.67,3.08,29.93,82.87,8.21,6.71,1.38
恒华科技,sz300365,6.42,6.13,6.25,27341800.0,6.42,30900,6.43,168200,4.73,6.52,6.24,27341800,175090000.0,5.34,4.57,32.85,38.51,7.36,4.9,1.61
朗玛信息,sz300288,13.41,13.11,13.29,5475800.0,13.4,9000,13.41,35500,2.29,13.57,13.29,5475800,73490000.0,2.13,2.14,34.41,45.32,15.73,10.49,0.66
永顺泰,sz001338,12.72,12.8,12.92,6980500.0,12.72,26300,12.73,50200,-0.63,12.94,12.68,6980500,89340000.0,1.39,2.03,63.82,63.82,14.08,11.52,0.86
佩蒂股份,sz300673,16.44,16.31,16.4,2844500.0,16.44,1500,16.45,10800,0.8,16.88,16.29,2844500,46940000.0,1.76,3.62,26.63,40.91,19.57,13.05,0.71
银信科技,sz300231,10.8,10.46,10.76,10950700.0,10.8,22300,10.81,17400,3.25,10.92,10.68,10950700,118290000.0,2.46,2.29,47.98,47.98,12.55,8.37,0.73
金智科技,sz002090,12.38,12.01,12.2,15097700.0,12.38,12400,12.39,49400,3.08,12.62,12.1,15097700,187470000.0,3.81,4.33,49.03,49.59,13.21,10.81,1.06
金地集团,sh600383,3.11,3.09,3.13,52748500.0,3.1,1032800,3.11,1784100,0.65,3.14,3.09,52748500,164200000.0,1.17,1.62,140.4,140.4,3.4,2.78,0.53
光洋股份,sz002708,12.92,12.55,12.81,12190100.0,12.92,36700,12.93,5600,2.95,13.07,12.81,12190100,157900000.0,2.36,2.07,66.75,72.62,13.81,11.3,0.84
迪安诊断,sz300244,20.85,20.5,21.05,17893900.0,20.83,4300,20.85,16900,1.71,21.29,20.65,17893900,373740000.0,3.57,3.12,104.55,130.31,24.6,16.4,0.73
恒立钻具,bj920942,30.91,30.74,30.5,3527200.0,30.89,100,30.91,3500,0.55,31.58,30.1,3527200,108447900.00000001,8.52,4.81,12.79,18.96,39.96,21.52,1.09
尤夫股份,sz002427,6.96,6.83,6.95,15127800.0,6.96,210900,6.97,377100,1.9,7.05,6.86,15127800,105320000.0,1.54,2.78,68.54,68.59,7.51,6.15,0.72
杭州解百,sh600814,8.18,8.04,8.1,18006900.0,8.17,8400,8.18,20200,1.74,8.26,8.09,18006900,147230000.0,2.45,2.11,60.13,60.13,8.84,7.24,0.83
海新能科,sz300072,5.88,4.9,4.88,284867600.0,5.88,4542300,0.0,0,20.0,5.88,4.82,284867600,1567440000.0,12.22,21.63,137.08,138.16,5.88,3.92,2.92
福星股份,sz000926,2.18,2.16,2.18,23878700.0,2.17,332200,2.18,347800,0.93,2.2,2.16,23878700,52050000.0,1.52,1.85,34.3,34.73,2.38,1.94,0.73
实益达,sz002137,8.74,8.4,8.55,23762900.0,8.73,94800,8.74,5000,4.05,9.03,8.53,23762900,208930000.0,5.99,5.95,34.65,50.47,9.24,7.56,1.15
艾布鲁,sz301259,35.12,34.79,35.47,2445900.0,35.1,3800,35.12,2600,0.95,35.8,34.9,2445900,86430000.0,2.47,2.59,34.72,54.79,41.75,27.83,0.59
荣盛发展,sz002146,1.55,1.55,1.56,94052300.0,1.55,4442500,1.56,3802300,0.0,1.58,1.55,94052300,146800000.0,2.4,1.94,60.63,67.4,1.71,1.4,0.6
德生科技,sz002908,9.56,9.36,9.5,6739800.0,9.55,21000,9.56,58800,2.14,9.68,9.49,6739800,64550000.0,2.09,2.03,30.77,41.24,10.3,8.42,0.73
宝信软件,sh600845,22.62,22.45,22.8,16174600.0,22.62,11600,22.63,4800,0.76,23.29,22.53,16174600,369700000.0,0.76,3.39,482.72,649.37,24.7,20.21,0.55
联翔股份,sh603272,22.08,21.82,22.25,2092400.0,22.08,10900,22.1,900,1.19,22.55,21.99,2092400,46500000.0,2.02,2.57,22.88,22.88,24.0,19.64,0.58
数字政通,sz300075,13.6,13.42,13.72,8708200.0,13.59,7300,13.6,31200,1.34,13.79,13.51,8708200,119080000.0,1.69,2.09,70.1,84.47,16.1,10.74,0.69
威马农机,sz301533,34.32,34.56,34.82,1055200.0,34.31,300,34.35,4600,-0.69,35.15,34.12,1055200,36510000.0,3.71,2.98,9.76,33.74,41.47,27.65,0.77
凯文教育,sz002659,5.72,5.57,5.68,19320200.0,5.71,45400,5.72,26700,2.69,5.82,5.66,19320200,110970000.0,3.23,2.87,34.22,34.22,6.13,5.01,0.89
拾比佰,bj920768,12.63,12.36,12.43,919100.0,12.62,1800,12.63,8000,2.18,12.72,12.43,919100,11573100.0,1.2,2.35,9.66,14.02,16.06,8.66,0.58
骑士乳业,bj920786,9.88,9.95,10.01,7708400.0,9.88,9100,9.89,13800,-0.7,10.03,9.85,7708400,76600700.0,5.42,1.81,14.05,20.65,12.93,6.97,1.02
北方国际,sz000065,13.57,13.46,13.75,52786500.0,13.56,28400,13.57,66000,0.82,13.97,13.49,52786500,722120000.0,5.41,3.57,132.3,157.61,14.81,12.11,1.46
汇纳科技,sz300609,36.8,36.73,37.36,4128900.0,36.79,8300,36.8,300,0.19,38.1,36.44,4128900,154210000.0,3.44,4.52,44.13,44.2,44.08,29.38,0.78
瑞泰科技,sz002066,20.03,19.48,19.87,3264600.0,20.02,6700,20.03,8200,2.82,20.2,19.68,3264600,65110000.0,1.41,2.67,46.27,47.05,21.43,17.53,0.67
星宸科技,sz301536,77.6,76.0,78.48,9010400.0,77.58,1600,77.6,141100,2.11,78.62,76.1,9010400,696860000.0,4.81,3.32,145.26,327.25,91.2,60.8,0.51
金能科技,sh603113,7.2,7.18,7.22,15042900.0,7.2,105100,7.21,105500,0.28,7.29,7.0,15042900,107190000.0,1.77,4.04,61.09,61.09,7.9,6.46,0.92
德恩精工,sz300780,22.53,22.59,23.0,7068700.0,22.53,4400,22.54,1000,-0.27,23.12,22.32,7068700,160130000.0,6.57,3.54,24.23,33.04,27.11,18.07,0.51
酷特智能,sz300840,18.85,18.29,19.14,11177700.0,18.85,40400,18.86,8600,3.06,19.21,18.3,11177700,209290000.0,6.31,4.98,33.38,45.24,21.95,14.63,1.32
金现代,sz300830,13.14,13.57,13.82,54247800.0,13.13,141000,13.14,23300,-3.17,13.98,13.04,54247800,726240000.0,16.09,6.93,44.29,59.35,16.28,10.86,0.93
北纬科技,sz002148,8.04,7.9,8.0,11871600.0,8.04,22100,8.05,74000,1.77,8.15,7.98,11871600,95620000.0,2.64,2.15,36.13,44.94,8.69,7.11,0.84
硅烷科技,bj920402,10.39,10.08,10.13,9929800.0,10.39,26400,10.4,21400,3.08,10.58,10.04,9929800,102612200.0,3.64,5.36,28.35,43.85,13.1,7.06,1.43
居然智家,sz000785,2.84,2.81,2.83,39931200.0,2.84,707800,2.85,2287500,1.07,2.86,2.82,39931200,113410000.0,0.68,1.42,167.49,176.85,3.09,2.53,0.78
津滨发展,sz000897,2.18,2.17,2.19,24338500.0,2.18,762800,2.19,957000,0.46,2.2,2.17,24338500,53260000.0,1.5,1.38,35.26,35.26,2.39,1.95,0.52
绿岛风,sz301043,55.19,54.78,55.5,841400.0,55.19,1700,55.2,4300,0.75,55.98,54.64,841400,46450000.0,1.48,2.45,31.32,37.53,65.74,43.82,0.48
獐子岛,sz002069,3.85,3.91,3.91,13276100.0,3.84,94900,3.85,6500,-1.53,3.93,3.84,13276100,51450000.0,1.87,2.3,27.34,27.38,4.3,3.52,0.93
新锦动力,sz300157,8.46,9.19,8.86,217250800.0,8.46,1148400,8.47,179900,-7.94,9.09,8.14,217250800,1849660000.0,30.69,10.34,59.88,63.78,11.03,7.35,0.98
五芳斋,sh603237,16.88,16.88,17.16,1073900.0,16.88,1300,16.89,900,0.0,17.16,16.84,1073900,18240000.0,0.55,1.9,33.09,33.27,18.57,15.19,0.59
绿的谐波,sh688017,212.99,211.2,217.95,440262400.0,212.99,14000,213.0,200,0.85,218.18,211.66,440262400,946780000.0,2.4,3.09,390.47,390.47,253.44,168.96,0.56
哈三联,sz002900,11.59,11.48,11.61,2713300.0,11.59,9100,11.6,2200,0.96,11.73,11.51,2713300,31500000.0,1.68,1.92,18.67,36.67,12.63,10.33,0.9
合肥高科,bj920718,14.55,14.44,14.47,285800.0,14.52,300,14.55,4200,0.76,14.78,14.47,285800,4185899.9999999995,0.66,2.15,6.27,13.19,18.77,10.11,0.55
鼎智科技,bj920593,30.65,29.84,30.63,2794300.0,30.6,15800,30.65,3800,2.71,31.31,29.87,2794300,85094200.0,1.73,4.83,49.53,58.33,38.79,20.89,0.98
日播时尚,sh603196,26.16,25.21,25.86,3423100.0,26.15,1600,26.16,14900,3.77,26.25,25.38,3423100,88910000.0,1.44,3.45,62.0,109.53,27.73,22.69,0.91
光峰科技,sh688007,15.48,15.09,15.44,669210800.0,15.48,1600,15.49,2600,2.58,15.85,15.34,669210800,104080000.0,1.46,3.38,71.15,71.15,18.11,12.07,0.81
沙河股份,sz000014,12.62,12.5,12.64,4700500.0,12.61,19100,12.62,26500,0.96,12.8,12.55,4700500,59570000.0,1.94,2.0,30.55,30.55,13.75,11.25,0.52
宣亚国际,sz300612,16.12,15.94,16.32,8450600.0,16.12,53100,16.13,2300,1.13,16.4,16.06,8450600,137110000.0,4.7,2.13,29.0,29.09,19.13,12.75,0.72
兆讯传媒,sz301102,11.36,11.22,11.5,3177500.0,11.35,10400,11.36,9700,1.25,11.56,11.33,3177500,36290000.0,0.78,2.05,46.12,46.12,13.46,8.98,0.41
金盾股份,sz300411,11.66,11.32,11.49,8607800.0,11.66,12300,11.67,29800,3.0,11.77,11.43,8607800,100040000.0,2.78,3.0,36.04,47.4,13.58,9.06,1.2
智度股份,sz000676,8.2,8.1,8.26,23315700.0,8.19,250100,8.2,79300,1.23,8.29,8.16,23315700,191720000.0,1.85,1.6,103.24,103.3,8.91,7.29,0.63
上海家化,sh600315,20.66,20.78,20.97,7463600.0,20.66,8500,20.67,2100,-0.58,21.06,20.53,7463600,154310000.0,1.11,2.55,138.88,138.88,22.86,18.7,0.72
文投控股,sh600715,2.18,2.15,2.17,34266100.0,2.17,856700,2.18,1282000,1.4,2.19,2.16,34266100,74670000.0,1.2,1.4,62.4,88.5,2.37,1.94,0.66
国芳集团,sh601086,9.08,8.94,8.94,9377800.0,9.08,47000,9.09,59500,1.57,9.21,8.94,9377800,85430000.0,1.41,3.02,60.47,60.47,9.83,8.05,0.92
宝莫股份,sz002476,6.72,6.55,6.64,33028400.0,6.72,193300,6.73,68900,2.6,7.11,6.54,33028400,222100000.0,5.4,8.7,41.12,41.13,7.21,5.9,0.87
新兴装备,sz002933,34.82,34.6,35.0,4119700.0,34.82,20700,34.83,500,0.64,35.49,34.59,4119700,144190000.0,3.61,2.6,39.73,40.86,38.06,31.14,0.8
中汽股份,sz301215,6.74,6.6,6.72,12677400.0,6.74,126700,6.76,70900,2.12,6.84,6.68,12677400,85650000.0,0.96,2.42,89.13,89.23,7.92,5.28,0.81
广农糖业,sz000911,6.58,6.7,6.65,13014900.0,6.58,18100,6.59,62900,-1.79,6.69,6.52,13014900,85740000.0,3.25,2.54,26.34,26.34,7.37,6.03,0.81
华阳国际,sz002949,14.63,14.55,14.8,4352200.0,14.62,4300,14.63,200,0.55,14.9,14.54,4352200,63950000.0,2.87,2.47,22.22,28.68,16.01,13.1,0.3
武进不锈,sh603878,9.19,9.05,9.15,16916300.0,9.18,1200,9.19,4600,1.55,9.34,9.09,16916300,155700000.0,3.01,2.76,51.57,51.57,9.96,8.15,0.68
煌上煌,sz002695,10.35,10.29,10.4,3938200.0,10.34,2600,10.35,28000,0.58,10.48,10.31,3938200,40930000.0,0.77,1.65,52.94,57.92,11.32,9.26,0.72
思美传媒,sz002712,5.5,5.41,5.52,17092300.0,5.5,34100,5.51,28100,1.66,5.55,5.45,17092300,94150000.0,3.16,1.85,29.75,29.94,5.95,4.87,0.77
欧菲光,sz002456,9.78,8.89,9.04,155574300.0,9.78,12406800,0.0,0,10.01,9.78,9.03,155574300,1492350000.0,4.69,8.44,324.41,328.79,9.78,8.0,2.01
鼎汉技术,sz300011,9.29,8.78,9.03,29219300.0,9.29,77000,9.3,35200,5.81,9.44,9.03,29219300,270260000.0,5.76,4.67,47.12,56.26,10.54,7.02,1.94
火星人,sz300894,10.9,10.81,11.03,2939500.0,10.89,6100,10.9,13400,0.83,11.08,10.86,2939500,32250000.0,1.0,2.04,32.05,44.28,12.97,8.65,0.68
申联生物,sh688098,8.97,8.84,8.93,234473400.0,8.95,7000,8.97,2000,1.47,9.08,8.9,234473400,21060000.0,0.57,2.04,36.83,36.83,10.61,7.07,0.64
东方材料,sh603110,17.21,16.4,16.64,12955700.0,17.2,65400,17.21,12600,4.94,17.36,16.52,12955700,219550000.0,6.44,5.12,34.63,34.63,18.04,14.76,0.87
竞业达,sz003005,19.95,20.07,20.07,3519200.0,19.95,400,19.96,9300,-0.6,20.26,19.9,3519200,70540000.0,2.77,1.79,25.33,46.16,22.08,18.06,0.84
正虹科技,sz000702,6.78,6.84,6.92,5998400.0,6.78,20500,6.79,17700,-0.88,6.98,6.76,5998400,41010000.0,2.25,3.22,18.08,23.5,7.52,6.16,0.97
广汽集团,sh601238,7.77,7.71,7.78,22797800.0,7.77,199000,7.78,4000,0.78,7.86,7.75,22797800,177970000.0,0.31,1.43,573.71,792.31,8.48,6.94,0.92
飞沃科技,sz301232,186.42,194.1,196.0,6065700.0,186.41,400,186.42,1500,-3.96,197.8,182.02,6065700,1136610000.0,13.58,8.13,83.27,140.12,232.92,155.28,0.79
锦江酒店,sh600754,26.7,27.38,27.59,8212500.0,26.7,20300,26.71,4000,-2.48,27.61,26.56,8212500,221760000.0,0.91,3.83,241.91,284.7,30.12,24.64,0.65
威士顿,sz301315,53.17,52.65,53.6,1316100.0,53.15,300,53.17,1100,0.99,53.8,52.92,1316100,70230000.0,3.56,1.67,19.67,46.79,63.18,42.12,0.56
永顺生物,bj920729,9.07,9.09,9.09,2026100.0,9.07,7700,9.08,20000,-0.22,9.12,9.0,2026100,18349900.0,2.64,1.32,6.97,24.79,11.81,6.37,0.86
国际医学,sz000516,4.55,4.49,4.52,25409200.0,4.55,68900,4.56,278500,1.34,4.6,4.51,25409200,115760000.0,1.15,2.0,100.32,101.87,4.94,4.04,0.86
正元智慧,sz300645,18.07,17.71,18.12,4299200.0,18.07,300,18.08,2100,2.03,18.49,17.99,4299200,78160000.0,3.09,2.82,25.18,25.68,21.25,14.17,0.62
名雕股份,sz002830,22.48,22.44,22.85,2682900.0,22.48,6300,22.49,19500,0.18,22.87,22.36,2682900,60570000.0,4.01,2.27,15.03,29.97,24.68,20.2,0.5
科净源,sz301372,27.0,26.79,27.11,1255300.0,26.99,2000,27.0,1000,0.78,27.5,26.79,1255300,34090000.0,3.05,2.65,11.12,18.51,32.15,21.43,0.77
奥特佳,sz002239,3.1,3.02,3.08,89317700.0,3.09,299300,3.1,1388100,2.65,3.12,3.06,89317700,276500000.0,2.73,1.99,101.25,102.87,3.32,2.72,1.01
*ST交投,sz002200,7.39,7.31,7.32,3262500.0,7.39,108200,7.4,14400,1.09,7.41,7.28,3262500,24020000.0,1.67,1.78,14.46,33.34,7.68,6.94,1.11
贤丰控股,sz002141,3.99,3.9,3.97,34954300.0,3.99,460000,4.0,526000,2.31,4.04,3.94,34954300,139700000.0,3.43,2.56,40.66,41.21,4.29,3.51,0.45
美芝股份,sz002856,13.25,13.31,13.41,3869800.0,13.24,800,13.25,2100,-0.45,13.6,13.15,3869800,51600000.0,3.12,3.38,16.42,17.93,14.64,11.98,0.72
三江购物,sh601116,15.41,14.9,15.09,22883400.0,15.4,24200,15.41,79600,3.42,15.56,15.01,22883400,351310000.0,4.18,3.69,84.4,84.4,16.39,13.41,1.23
中远通,sz301516,16.76,16.34,16.57,3337300.0,16.75,100,16.76,10900,2.57,16.95,16.57,3337300,56060000.0,4.76,2.33,11.76,47.05,19.61,13.07,1.06
天坛生物,sh600161,15.64,15.58,15.65,7553300.0,15.64,6600,15.65,16100,0.39,15.74,15.5,7553300,118130000.0,0.38,1.54,309.26,309.26,17.14,14.02,0.54
长城军工,sh601606,46.35,47.48,46.5,27096100.0,46.35,23300,46.36,6500,-2.38,47.07,45.91,27096100,1254630000.0,3.74,2.44,335.68,335.68,52.23,42.73,0.74
中信海直,sz000099,20.8,20.85,20.72,21272800.0,20.79,121000,20.8,54200,-0.24,21.07,20.56,21272800,442380000.0,2.74,2.45,161.36,161.36,22.94,18.77,0.86
ST创意,sz300366,6.2,6.12,6.22,7007600.0,6.19,98200,6.2,76300,1.31,6.26,6.16,7007600,43570000.0,1.32,1.63,32.89,37.67,7.34,4.9,0.62
博通股份,sh600455,27.68,27.05,27.5,1734900.0,27.66,900,27.68,800,2.33,28.27,27.43,1734900,48280000.0,2.78,3.11,17.29,17.29,29.76,24.35,0.98
普联软件,sz300996,16.28,16.01,16.38,4356000.0,16.27,15400,16.28,3600,1.69,16.43,16.14,4356000,70990000.0,1.86,1.81,38.22,46.04,19.21,12.81,0.64
华统股份,sz002840,9.54,9.63,9.65,15017800.0,9.53,5200,9.54,11500,-0.93,9.74,9.47,15017800,143230000.0,1.89,2.8,76.0,76.53,10.59,8.67,1.07
XD浙江黎,sh603048,21.98,21.66,22.01,1832700.0,21.98,5800,22.0,3800,1.48,22.31,21.9,1832700,40500000.0,1.25,1.89,32.28,32.28,23.83,19.49,0.44
国缆检测,sz301289,57.04,56.09,56.99,1018600.0,57.02,200,57.04,1100,1.69,58.0,56.53,1018600,58430000.0,1.31,2.62,44.21,44.49,67.31,44.87,1.03
久远银海,sz002777,18.32,18.1,18.47,6325800.0,18.32,5700,18.33,5600,1.22,18.52,18.23,6325800,116280000.0,1.56,1.6,74.11,74.79,19.91,16.29,0.54
陕西黑猫,sh601015,5.08,5.4,5.15,204769100.0,5.07,124700,5.08,393000,-5.93,5.27,4.92,204769100,1037350000.0,10.03,6.48,103.76,103.76,5.94,4.86,1.17
捷安高科,sz300845,12.21,12.25,12.49,7385400.0,12.21,3000,12.22,600,-0.33,12.55,12.09,7385400,90770000.0,5.11,3.76,17.66,25.11,14.7,9.8,0.67
瑞玛精密,sz002976,26.98,26.45,26.93,2031300.0,26.97,1700,26.98,23800,2.0,27.25,26.8,2031300,54910000.0,3.05,1.7,17.99,40.39,29.1,23.81,0.73
华兰疫苗,sz301207,19.06,18.9,19.03,6431000.0,19.06,10600,19.08,500,0.85,19.29,18.96,6431000,122850000.0,1.07,1.75,114.48,114.56,22.68,15.12,0.82
欧林生物,sh688319,29.28,28.65,29.29,1261273300.0,29.28,2000,29.3,200,2.2,31.15,28.65,1261273300,375430000.0,3.11,8.73,118.7,118.79,34.38,22.92,1.94
南京熊猫,sh600775,14.68,13.56,13.76,104694400.0,14.67,66900,14.68,25000,8.26,14.92,13.75,104694400,1529700000.0,15.58,8.63,98.63,134.15,14.92,12.2,3.05
鱼跃医疗,sz002223,36.27,36.3,36.71,6716500.0,36.27,22000,36.28,200,-0.08,36.77,36.1,6716500,244370000.0,0.71,1.85,341.0,363.6,39.93,32.67,0.65
动力源,sh600405,5.38,5.26,5.3,12912300.0,5.38,151900,5.39,33300,2.28,5.45,5.3,12912300,69580000.0,2.12,2.85,32.82,32.97,5.79,4.73,1.15
玉禾田,sz300815,23.84,24.13,24.48,7207400.0,23.84,11800,23.85,9600,-1.2,24.68,23.65,7207400,173910000.0,1.85,4.27,93.07,95.02,28.96,19.3,0.75
中寰股份,bj920260,12.95,12.93,12.6,12886600.0,12.95,1700,12.96,9100,0.15,13.91,12.25,12886600,166925300.0,13.04,12.84,12.8,13.41,16.8,9.06,1.43
大悦城,sz000031,3.33,3.29,3.35,25986800.0,3.32,33400,3.33,238200,1.22,3.47,3.3,25986800,87070000.0,0.61,5.17,142.73,142.73,3.62,2.96,0.79
上纬新材,sh688585,113.49,107.27,110.0,363190200.0,113.48,1900,113.49,12300,5.8,116.38,110.0,363190200,413020000.0,0.9,5.95,457.78,457.78,128.72,85.82,1.11
琏升科技,sz300051,9.47,9.49,9.65,12518300.0,9.47,14400,9.48,700,-0.21,9.83,9.33,12518300,118500000.0,3.4,5.27,34.82,35.23,11.39,7.59,0.75
农尚环境,sz300536,8.44,8.6,8.69,12403900.0,8.44,18900,8.45,1900,-1.86,8.86,8.4,12403900,106540000.0,4.23,5.35,24.75,24.75,10.32,6.88,0.99
严牌股份,sz301081,13.12,12.56,12.8,5058000.0,13.11,28500,13.12,27800,4.46,13.13,12.56,5058000,65230000.0,2.32,4.54,28.6,29.81,15.07,10.05,0.99
思特奇,sz300608,11.61,11.52,11.89,7684900.0,11.6,8200,11.61,13300,0.78,11.9,11.56,7684900,89800000.0,2.67,2.95,33.39,38.46,13.82,9.22,0.76
中亦科技,sz301208,36.41,35.97,36.68,1144300.0,36.41,1300,36.42,300,1.22,36.96,36.19,1144300,42000000.0,1.73,2.14,24.06,43.69,43.16,28.78,0.54
泰鹏智能,bj920132,17.37,18.5,18.6,3743500.0,17.36,6700,17.37,8300,-6.11,18.67,17.37,3743500,66393700.0,13.34,7.03,4.87,14.39,24.05,12.95,1.65
星华新材,sz301077,28.71,28.31,28.72,2201900.0,28.68,400,28.71,1200,1.41,29.09,28.49,2201900,63430000.0,2.31,2.12,27.39,48.83,33.97,22.65,0.68
元琛科技,sh688659,10.4,10.19,10.3,261867100.0,10.39,1200,10.4,4800,2.06,10.69,10.3,261867100,27500000.0,1.64,3.83,16.64,16.64,12.23,8.15,0.87
学大教育,sz000526,34.3,33.89,34.59,1714700.0,34.29,28700,34.3,8400,1.21,34.59,33.89,1714700,58710000.0,1.44,2.07,40.97,41.8,37.28,30.5,0.93
众智科技,sz301361,39.91,39.17,39.6,5470000.0,39.9,43700,39.91,14700,1.89,40.8,39.41,5470000,218830000.0,17.97,3.55,12.15,46.43,47.0,31.34,1.18
鸿智科技,bj920926,16.29,15.81,16.0,599400.0,16.29,3100,16.3,600,3.04,16.35,16.0,599400,9711200.0,0.75,2.21,13.06,14.39,20.55,11.07,0.69
正泰电器,sh601877,33.82,32.69,33.2,42104700.0,33.82,900,33.83,77500,3.46,34.15,33.06,42104700,1422310000.0,1.96,3.33,726.78,726.78,35.96,29.42,1.08
阳光乳业,sz001318,14.35,14.25,14.37,2816600.0,14.35,16500,14.37,13800,0.7,14.52,14.29,2816600,40620000.0,1.0,1.61,40.56,40.56,15.68,12.83,0.81
榕基软件,sz002474,8.25,8.12,8.27,16309800.0,8.24,7900,8.25,44200,1.6,8.32,8.19,16309800,134690000.0,3.07,1.6,43.79,51.33,8.93,7.31,0.69
超越科技,sz301049,24.24,24.19,24.8,1766500.0,24.23,1000,24.24,2900,0.21,24.9,24.0,1766500,43070000.0,4.12,3.72,10.38,22.85,29.03,19.35,0.84
信濠光电,sz301051,21.55,20.89,21.5,3576400.0,21.54,12800,21.55,9000,3.16,21.95,21.23,3576400,77310000.0,2.22,3.45,34.7,43.76,25.07,16.71,0.61
明阳电路,sz300739,30.01,28.11,28.42,70370700.0,30.01,25600,30.02,4500,6.76,31.74,28.31,70370700,2127300000.0,20.51,12.2,102.98,112.07,33.73,22.49,1.09
大位科技,sh600589,11.42,11.06,11.45,257915700.0,11.42,218000,11.43,276000,3.25,11.5,10.97,257915700,2909520000.0,17.44,4.79,168.84,169.55,12.17,9.95,0.69
浩物股份,sz000757,5.13,4.98,5.06,15926300.0,5.12,2500,5.13,28000,3.01,5.17,5.06,15926300,81560000.0,2.99,2.21,27.33,27.33,5.48,4.48,1.34
华锋股份,sz002806,15.81,15.8,16.11,6559900.0,15.81,300,15.82,3700,0.06,16.18,15.71,6559900,104150000.0,3.77,2.97,27.53,33.59,17.38,14.22,0.54
捷荣技术,sz002855,13.19,12.83,13.2,9245900.0,13.19,7000,13.2,900,2.81,13.46,13.07,9245900,122810000.0,3.76,3.04,32.48,32.5,14.11,11.55,1.06
慧辰股份,sh688500,50.47,49.52,51.02,183282800.0,50.46,7000,50.47,2600,1.92,51.19,49.96,183282800,92590000.0,2.5,2.48,37.0,38.0,59.42,39.62,0.66
泰达股份,sz000652,4.08,4.03,4.09,13864700.0,4.08,100200,4.09,426100,1.24,4.11,4.05,13864700,56540000.0,0.94,1.49,60.16,60.2,4.43,3.63,0.62
天源迪科,sz300047,12.84,12.72,12.94,14963200.0,12.83,32600,12.84,7300,0.94,13.0,12.73,14963200,192630000.0,2.74,2.12,70.19,81.89,15.26,10.18,0.56
众信旅游,sz002707,6.87,6.9,6.97,16105900.0,6.87,101700,6.88,18700,-0.43,7.0,6.85,16105900,111500000.0,1.95,2.17,56.69,67.51,7.59,6.21,0.64
众合科技,sz000925,7.92,7.76,7.87,14464400.0,7.92,79600,7.93,25000,2.06,8.0,7.87,14464400,114780000.0,2.15,1.68,53.32,53.57,8.54,6.98,0.72
天永智能,sh603895,29.39,28.86,29.49,1733600.0,29.39,7000,29.41,100,1.84,29.96,29.0,1733600,51010000.0,1.6,3.33,31.76,31.76,31.75,25.97,0.7
*ST太和,sh605081,9.8,9.54,9.66,1709400.0,9.77,7200,9.8,2500,2.73,9.92,9.6,1709400,16670000.0,1.51,3.35,11.1,11.1,10.02,9.06,0.63
中恒集团,sh600252,2.51,2.48,2.5,31617200.0,2.5,1191100,2.51,342700,1.21,2.53,2.49,31617200,79240000.0,0.99,1.61,79.92,79.92,2.73,2.23,0.7
神思电子,sz300479,20.62,20.35,20.88,6620400.0,20.61,1100,20.62,20000,1.33,21.08,20.55,6620400,137570000.0,3.36,2.6,40.61,40.63,24.42,16.28,0.78
电魂网络,sh603258,18.26,18.06,18.25,3020500.0,18.25,6600,18.26,1700,1.11,18.65,18.05,3020500,55300000.0,1.25,3.32,44.07,44.54,19.87,16.25,0.94
航新科技,sz300424,18.3,18.4,18.65,9636900.0,18.3,43100,18.32,15900,-0.54,18.68,18.09,9636900,177130000.0,3.93,3.21,44.89,44.91,22.08,14.72,0.65
正强股份,sz301119,47.93,47.45,48.5,1349500.0,47.93,700,47.95,8000,1.01,49.69,47.59,1349500,65500000.0,1.6,4.43,40.31,49.85,56.94,37.96,0.74
龙星科技,sz002442,6.43,6.36,6.48,10994900.0,6.42,75200,6.43,74100,1.1,6.6,6.37,10994900,70980000.0,2.23,3.62,31.67,32.36,7.0,5.72,1.01
大龙地产,sh600159,2.99,2.95,2.97,15052000.0,2.99,164000,3.0,97100,1.36,3.04,2.96,15052000,45190000.0,1.81,2.71,24.82,24.82,3.25,2.66,0.86
易实精密,bj920221,15.76,15.45,15.47,971200.0,15.76,400,15.77,200,2.01,16.11,15.47,971200,15328599.999999998,1.57,4.14,9.73,18.29,20.08,10.82,1.22
安硕信息,sz300380,37.12,36.99,38.01,1657600.0,37.12,19000,37.13,1400,0.35,38.1,37.03,1657600,61950000.0,1.3,2.89,47.28,51.39,44.39,29.59,0.53
中重科技,sh603135,11.42,11.3,11.61,4398800.0,11.41,30500,11.42,1700,1.06,11.71,11.35,4398800,50800000.0,1.74,3.19,28.85,72.43,12.43,10.17,1.0
天邦食品,sz002124,2.39,2.42,2.44,38628900.0,2.39,3400,2.4,1090300,-1.24,2.44,2.37,38628900,92660000.0,1.96,2.89,47.14,53.1,2.66,2.18,1.15
成电光信,bj920008,31.67,33.1,33.0,3724000.0,31.67,13300,31.69,600,-4.32,33.3,31.5,3724000,119826000.0,11.08,5.44,10.64,20.19,43.03,23.17,0.87
华业香料,sz300886,28.25,27.52,28.05,1420300.0,28.23,1300,28.25,1200,2.65,28.56,27.89,1420300,40150000.0,3.25,2.43,12.33,21.13,33.02,22.02,0.86
远 望 谷,sz002161,7.87,7.71,7.85,27155200.0,7.86,43800,7.87,112100,2.08,8.0,7.81,27155200,214250000.0,3.85,2.46,55.46,58.22,8.48,6.94,0.79
广电计量,sz002967,22.4,22.07,22.45,5534500.0,22.39,2300,22.4,1000,1.5,22.66,22.27,5534500,124440000.0,0.96,1.77,128.85,142.75,24.28,19.86,0.56
福莱新材,sh605488,35.86,35.73,36.46,5960100.0,35.86,2100,35.87,1000,0.36,36.78,35.64,5960100,215060000.0,2.16,3.19,99.04,108.25,39.3,32.16,0.7
和达科技,sh688296,15.17,15.07,15.31,186023300.0,15.17,1400,15.25,10900,0.66,15.65,15.04,186023300,28500000.0,1.73,4.05,16.29,16.37,18.08,12.06,0.71
贝因美,sz002570,5.96,6.06,6.07,66632700.0,5.96,224800,5.97,354700,-1.65,6.11,5.93,66632700,398970000.0,6.17,2.97,64.37,64.37,6.67,5.45,0.97
东方碳素,bj920175,11.89,11.44,11.54,2899800.0,11.89,9400,11.9,32100,3.93,12.17,11.47,2899800,34350300.0,3.66,6.12,9.43,14.15,14.87,8.01,1.55
西宁特钢,sh600117,2.89,2.87,2.88,19657100.0,2.89,361500,2.9,397200,0.7,2.93,2.86,19657100,56880000.0,0.6,2.44,94.07,94.07,3.16,2.58,0.54
裕太微-U,sh688515,126.98,127.03,129.98,214801600.0,126.98,100,127.02,13200,-0.04,131.76,125.5,214801600,276480000.0,4.31,4.93,63.26,101.58,152.44,101.62,0.73
*ST海华,sh600243,3.52,3.67,3.71,10808400.0,3.52,40200,3.53,35700,-4.09,3.71,3.5,10808400,38390000.0,2.46,5.72,15.45,15.45,3.85,3.49,0.93
贝隆精密,sz301567,48.65,47.68,48.2,1868800.0,48.63,2200,48.65,400,2.03,51.22,48.2,1868800,92270000.0,8.8,6.33,10.33,35.03,57.22,38.14,0.73
晶品特装,sh688084,74.84,75.69,77.05,114960900.0,74.84,1000,74.87,700,-1.12,77.1,74.27,114960900,86530000.0,1.52,3.74,56.62,56.62,90.83,60.55,0.8
亚联机械,sz001395,41.91,41.26,41.7,633700.0,41.88,1500,41.91,1600,1.58,42.53,41.7,633700,26670000.0,1.35,2.01,19.65,36.56,45.39,37.13,0.65
欧普泰,bj920414,14.53,14.82,15.31,4057500.0,14.53,2700,14.58,5300,-1.96,15.33,14.46,4057500,59776000.0,7.24,5.87,8.15,11.59,19.26,10.38,0.74
大业股份,sh603278,11.76,11.55,11.79,9456800.0,11.76,300,11.77,23600,1.82,11.95,11.69,9456800,111630000.0,2.77,2.25,40.19,40.19,12.71,10.4,0.89
澳弘电子,sh605058,30.78,30.18,30.51,1874100.0,30.78,19300,30.8,100,1.99,31.36,30.51,1874100,58030000.0,1.31,2.82,43.99,43.99,33.2,27.16,0.59
歌力思,sh603808,10.02,9.7,9.8,6416000.0,10.02,3800,10.04,200,3.3,10.07,9.77,6416000,63740000.0,1.74,3.09,36.98,36.98,10.67,8.73,1.05
五洲新春,sh603667,72.95,72.15,73.87,21343300.0,72.94,2900,72.95,68300,1.11,74.3,72.51,21343300,1564380000.0,5.83,2.48,267.14,267.14,79.37,64.94,0.8
太龙药业,sh600222,7.14,6.87,6.93,20316900.0,7.13,185800,7.14,224600,3.93,7.14,6.93,20316900,143330000.0,3.54,3.06,40.98,40.98,7.56,6.18,0.92
数字认证,sz300579,30.0,28.52,29.18,6566600.0,29.99,69300,30.0,11700,5.19,30.39,28.93,6566600,195160000.0,2.5,5.12,78.68,81.0,34.22,22.82,1.25
经纬恒润-W,sh688326,127.96,127.7,129.5,139590300.0,127.96,16700,127.98,200,0.2,130.84,126.8,139590300,179480000.0,1.25,3.16,142.83,153.48,153.24,102.16,0.55
三角防务,sz300775,39.54,39.54,40.2,30802300.0,39.54,29300,39.55,15600,0.0,40.72,39.0,30802300,1224260000.0,5.79,4.35,210.19,216.5,47.45,31.63,0.52
宏川智慧,sz002930,13.63,13.55,13.59,16461100.0,13.63,4100,13.64,6000,0.59,13.73,13.05,16461100,219930000.0,3.8,5.02,58.98,62.36,14.91,12.2,1.29
会稽山,sh601579,17.41,17.6,17.74,5464900.0,17.41,7100,17.42,8500,-1.08,17.9,17.36,5464900,95540000.0,1.14,3.07,83.47,83.47,19.36,15.84,0.61
广宇集团,sz002133,3.64,3.6,3.65,13361800.0,3.64,86900,3.65,471800,1.11,3.71,3.63,13361800,48950000.0,1.74,2.22,28.02,28.18,3.96,3.24,0.67
中航成飞,sz302132,76.88,78.94,77.98,12304000.0,76.87,24000,76.88,7400,-2.61,78.84,76.53,12304000,948080000.0,2.1,2.93,450.57,2054.3,94.73,63.15,0.82
大商股份,sh600694,17.33,17.26,17.4,3004800.0,17.32,4600,17.33,0,0.41,17.48,17.3,3004800,52220000.0,0.87,1.04,59.68,59.68,18.99,15.53,0.82
广哈通信,sz300711,27.29,26.75,27.17,8548400.0,27.28,500,27.29,12700,2.02,27.55,26.71,8548400,232730000.0,3.44,3.14,67.8,68.0,32.1,21.4,0.75
光环新网,sz300383,15.05,14.87,15.5,129997100.0,15.05,6000,15.06,432900,1.21,15.59,14.76,129997100,1956450000.0,7.25,5.58,269.93,270.54,17.84,11.9,0.81
美腾科技,sh688420,25.8,25.22,25.48,72366200.0,25.8,200,25.92,1400,2.3,26.23,25.48,72366200,18820000.0,1.73,2.97,10.77,22.81,30.26,20.18,0.72
保隆科技,sh603197,34.49,34.38,34.69,2889400.0,34.49,4200,34.5,7000,0.32,35.02,34.34,2889400,100090000.0,1.35,1.98,73.69,73.69,37.82,30.94,0.75
宋城演艺,sz300144,7.97,7.9,8.0,41245900.0,7.97,111200,7.98,79100,0.89,8.11,7.95,41245900,330710000.0,1.75,2.03,188.0,209.19,9.48,6.32,0.83
南京公用,sz000421,6.96,7.19,7.12,43921700.0,6.96,51300,6.97,41100,-3.2,7.18,6.86,43921700,306660000.0,7.65,4.45,39.97,39.98,7.91,6.47,1.42
赛象科技,sz002337,6.75,6.54,6.6,14557800.0,6.75,73100,6.76,127500,3.21,6.85,6.6,14557800,98410000.0,2.48,3.82,39.69,39.73,7.19,5.89,0.79
北汽蓝谷,sh600733,7.82,7.79,7.9,75132300.0,7.81,143000,7.82,64500,0.39,7.94,7.79,75132300,591790000.0,1.54,1.93,382.53,497.91,8.57,7.01,0.72
信捷电气,sh603416,51.6,50.9,52.2,1724000.0,51.6,3400,51.65,400,1.38,52.4,51.28,1724000,89030000.0,1.24,2.2,71.85,81.08,55.99,45.81,0.73
国睿科技,sh600562,28.48,28.9,29.13,14856700.0,28.48,59700,28.49,18900,-1.45,29.25,28.31,14856700,426050000.0,1.2,3.25,353.68,353.68,31.79,26.01,0.77
凤凰光学,sh600071,20.5,19.8,20.0,5699900.0,20.49,6100,20.5,3000,3.54,21.05,20.0,5699900,117700000.0,2.02,5.3,57.72,57.72,21.78,17.82,1.39
中电鑫龙,sz002298,10.88,10.46,10.61,43881100.0,10.87,628200,10.88,8200,4.02,10.98,10.61,43881100,475970000.0,6.64,3.54,71.88,80.52,11.51,9.41,1.25
大胜达,sh603687,10.54,10.43,10.59,8668200.0,10.54,49600,10.55,135800,1.05,10.71,10.5,8668200,91840000.0,1.58,2.01,57.97,57.97,11.47,9.39,0.66
豫能控股,sz001896,14.44,14.26,14.3,228609400.0,14.44,58300,14.45,13900,1.26,14.94,13.51,228609400,3281630000.0,14.98,10.03,220.32,220.32,15.69,12.83,1.14
佳禾食品,sh605300,10.98,10.9,10.97,1477800.0,10.98,10400,10.99,2000,0.73,11.07,10.95,1477800,16260000.0,0.33,1.1,49.89,49.89,11.99,9.81,0.53
万达轴承,bj920002,92.79,91.91,93.0,561200.0,92.79,400,92.84,500,0.96,93.77,91.61,561200,51958300.0,1.79,2.35,29.11,42.22,119.48,64.34,0.8
凯龙股份,sz002783,10.03,9.95,10.11,12781600.0,10.02,20600,10.03,6100,0.8,10.14,9.86,12781600,127880000.0,2.77,2.81,46.26,50.09,10.95,8.96,0.92
中远海科,sz002401,15.76,15.58,15.87,8668100.0,15.75,1000,15.76,24200,1.16,15.96,15.69,8668100,137230000.0,2.33,1.73,58.53,58.57,17.14,14.02,0.9
华丽家族,sh600503,2.51,2.58,2.56,35194000.0,2.5,974600,2.51,29100,-2.71,2.62,2.5,35194000,89100000.0,2.2,4.65,40.22,40.22,2.84,2.32,1.14
达实智能,sz002421,2.85,2.82,2.87,81933400.0,2.84,390100,2.85,414500,1.06,2.92,2.83,81933400,235240000.0,4.08,3.19,57.19,60.44,3.1,2.54,1.4
浙江鼎力,sh603338,53.99,54.15,55.01,5378800.0,53.99,1300,54.0,300,-0.3,55.66,53.69,5378800,293770000.0,1.06,3.64,273.38,273.38,59.57,48.74,1.16
京运通,sh601908,4.03,3.9,3.95,88499600.0,4.02,527200,4.03,206300,3.33,4.05,3.94,88499600,354590000.0,3.67,2.82,97.31,97.31,4.29,3.51,1.13
灿芯股份,sh688691,120.2,116.87,121.0,447765100.0,120.2,3800,120.3,200,2.85,124.82,118.04,447765100,542540000.0,6.27,5.8,85.9,144.24,140.24,93.5,0.73
云意电气,sz300304,14.45,14.29,14.65,32172800.0,14.45,73500,14.46,11500,1.12,14.96,14.38,32172800,470460000.0,3.77,4.06,123.48,126.89,17.15,11.43,0.82
旭杰科技,bj920149,11.68,11.47,11.51,472400.0,11.63,700,11.68,9700,1.83,11.73,11.47,472400,5488200.000000001,0.75,2.27,7.39,8.93,14.91,8.03,0.47
恒立液压,sh601100,106.4,104.58,105.76,7834600.0,106.39,11700,106.4,1700,1.74,107.2,105.01,7834600,830830000.0,0.58,2.09,1426.63,1426.63,115.04,94.12,0.9
世纪鼎利,sz300050,6.05,5.85,5.96,16722800.0,6.05,35800,6.06,157600,3.42,6.1,5.96,16722800,101060000.0,3.07,2.39,32.94,32.96,7.02,4.68,0.95
长江材料,sz001296,27.04,27.37,27.83,3459300.0,27.03,300,27.04,9600,-1.21,27.94,26.85,3459300,94370000.0,4.5,3.98,20.78,40.45,30.11,24.63,0.72
南天信息,sz000948,16.15,15.82,16.08,4269400.0,16.14,3400,16.15,5900,2.09,16.26,16.0,4269400,68880000.0,1.1,1.64,62.84,62.97,17.4,14.24,0.71
湘电股份,sh600416,14.44,14.11,14.3,23471000.0,14.43,51400,14.44,67800,2.34,14.56,14.28,23471000,338120000.0,1.77,1.98,191.39,213.1,15.52,12.7,0.62
中牧股份,sh600195,7.83,8.05,8.05,29988500.0,7.82,274600,7.83,20100,-2.73,8.1,7.82,29988500,236850000.0,2.94,3.48,79.96,79.96,8.86,7.25,1.39
咸亨国际,sh605056,23.98,23.42,24.18,6010400.0,23.98,3600,23.99,6300,2.39,24.5,23.81,6010400,145030000.0,1.49,2.95,96.73,98.17,25.76,21.08,0.62
新芝生物,bj920685,14.02,13.82,13.95,607400.0,14.02,15900,14.05,0,1.45,14.15,13.91,607400,8527000.0,1.11,1.74,7.7,12.83,17.96,9.68,0.64
灵康药业,sh603669,4.39,4.3,4.34,8653800.0,4.38,5600,4.39,61900,2.09,4.42,4.32,8653800,37890000.0,1.2,2.33,31.66,31.66,4.73,3.87,0.79
黄山旅游,sh600054,12.44,12.48,12.68,12306300.0,12.43,61800,12.44,29700,-0.32,12.77,12.42,12306300,155300000.0,2.4,2.8,63.85,90.73,13.73,11.23,1.18
易华录,sz300212,11.54,11.17,11.51,17168200.0,11.53,110300,11.54,1300,3.31,11.74,11.28,17168200,197240000.0,2.46,4.12,80.61,83.08,13.4,8.94,0.86
润贝航科,sz001316,50.6,51.2,51.48,4339800.0,50.59,100,50.6,700,-1.17,51.58,49.42,4339800,217100000.0,3.9,4.22,56.31,58.25,56.32,46.08,0.98
桃李面包,sh603866,5.1,5.15,5.17,17652100.0,5.09,373500,5.1,663200,-0.97,5.2,5.09,17652100,90840000.0,1.1,2.14,81.59,81.59,5.67,4.64,1.1
八一钢铁,sh600581,2.87,2.8,2.85,29101300.0,2.86,359800,2.87,496500,2.5,2.91,2.83,29101300,83270000.0,1.9,2.86,43.99,43.99,3.08,2.52,0.55
中光学,sz002189,22.14,21.26,21.68,5445800.0,22.14,8700,22.15,29300,4.14,22.41,21.6,5445800,120480000.0,2.09,3.81,57.82,57.83,23.39,19.13,1.46
三维天地,sz301159,44.33,43.69,44.8,2071400.0,44.33,4100,44.34,200,1.46,44.94,43.83,2071400,92010000.0,3.91,2.54,23.5,34.29,52.43,34.95,0.73
豪尔赛,sz002963,15.06,15.01,15.34,2975400.0,15.06,5700,15.07,1400,0.33,15.81,14.95,2975400,45420000.0,2.61,5.73,17.2,22.64,16.51,13.51,0.55
天音控股,sz000829,10.53,10.52,10.73,20143200.0,10.52,56200,10.53,23700,0.1,10.79,10.49,20143200,213690000.0,1.97,2.85,107.84,107.94,11.57,9.47,0.66
双塔食品,sz002481,4.79,4.74,4.76,7123000.0,4.78,89800,4.79,41100,1.05,4.8,4.75,7123000,34050000.0,0.64,1.05,53.55,59.09,5.21,4.27,0.62
龙软科技,sh688078,26.63,26.13,26.51,92374700.0,26.62,100,26.63,3100,1.91,27.13,26.38,92374700,24780000.0,1.27,2.87,19.41,19.41,31.36,20.9,0.85
爱美客,sz300896,138.88,139.14,140.05,1729300.0,138.88,10400,138.91,400,-0.19,140.49,138.52,1729300,241050000.0,0.83,1.42,289.69,420.24,166.97,111.31,0.67
迅捷兴,sh688655,24.78,23.14,23.65,1217130000.0,24.78,4000,24.79,25000,7.09,25.38,23.37,1217130000,294060000.0,9.12,8.69,33.05,33.05,27.77,18.51,1.46
纳睿雷达,sh688522,38.72,39.0,39.24,437548800.0,38.71,400,38.72,10300,-0.72,39.47,38.43,437548800,170170000.0,3.55,2.67,47.66,117.32,46.8,31.2,0.69
武汉凡谷,sz002194,12.11,11.82,11.98,14984200.0,12.11,60400,12.12,49500,2.45,12.23,11.95,14984200,181340000.0,2.93,2.37,61.87,82.75,13.0,10.64,0.89
中触媒,sh688267,28.71,28.49,28.98,191281900.0,28.71,2100,28.72,32300,0.77,29.28,28.56,191281900,55450000.0,1.09,2.53,50.59,50.59,34.19,22.79,0.62
兴业科技,sz002674,13.75,13.71,13.98,2629700.0,13.74,100,13.75,13200,0.29,14.01,13.71,2629700,36370000.0,0.9,2.19,40.23,40.64,15.08,12.34,0.46
鹏翎股份,sz300375,5.55,5.41,5.52,24143500.0,5.54,275400,5.55,77300,2.59,5.66,5.51,24143500,135060000.0,4.74,2.77,28.28,42.17,6.49,4.33,0.81
熵基科技,sz301330,36.9,35.6,36.28,4929500.0,36.89,6500,36.9,29200,3.65,37.34,36.16,4929500,181350000.0,2.54,3.31,71.7,86.84,42.72,28.48,0.85
ST浩丰,sz300419,6.54,6.48,6.52,5520600.0,6.54,6600,6.55,7400,0.93,6.7,6.5,5520600,36610000.0,1.5,3.09,24.05,24.05,7.78,5.18,0.81
吉视传媒,sh601929,3.34,3.28,3.33,77157100.0,3.34,480100,3.35,2210800,1.83,3.37,3.31,77157100,258120000.0,2.24,1.83,115.13,116.56,3.61,2.95,0.67
交大昂立,sh600530,5.88,5.8,5.91,10108000.0,5.88,6500,5.89,14700,1.38,6.05,5.73,10108000,59360000.0,1.3,5.52,45.57,45.57,6.38,5.22,1.22
本钢板材,sz000761,3.61,3.6,3.63,16286900.0,3.61,110200,3.62,98100,0.28,3.68,3.56,16286900,58780000.0,0.44,3.33,133.87,148.31,3.96,3.24,0.76
希荻微,sh688173,15.19,14.84,15.16,749348200.0,15.18,300,15.19,9400,2.36,15.44,15.05,749348200,114490000.0,1.83,2.63,62.27,62.69,17.81,11.87,0.78
京北方,sz002987,17.96,17.55,17.99,11326800.0,17.95,4100,17.96,2300,2.34,18.22,17.8,11326800,204380000.0,1.34,2.39,151.5,155.8,19.31,15.8,0.77
新赛股份,sh600540,5.14,5.35,5.38,51756500.0,5.13,96000,5.14,187600,-3.93,5.39,5.1,51756500,267920000.0,8.9,5.42,29.88,29.88,5.89,4.82,0.75
ST泉为,sz300716,14.75,14.82,15.07,4041000.0,14.74,31900,14.75,1700,-0.47,15.26,14.4,4041000,59560000.0,2.53,5.8,23.6,23.6,17.78,11.86,0.61
新时达,sz002527,14.98,14.66,14.9,11081000.0,14.98,99400,14.99,32400,2.18,15.06,14.9,11081000,165880000.0,2.09,1.09,79.29,99.33,16.13,13.19,0.74
北新路桥,sz002307,5.14,5.08,5.13,39091500.0,5.13,330200,5.14,239600,1.18,5.21,5.07,39091500,200640000.0,3.08,2.76,65.19,84.75,5.59,4.57,0.72
三只松鼠,sz300783,19.41,19.22,19.45,6451500.0,19.41,11200,19.42,8600,0.99,19.59,19.32,6451500,125490000.0,2.3,1.4,54.4,77.96,23.06,15.38,0.68
汇通集团,sh603176,5.49,5.47,5.52,3727600.0,5.49,21100,5.51,25600,0.37,5.62,5.45,3727600,20600000.0,0.81,3.11,25.35,26.09,6.02,4.92,0.77
银宝山新,sz002786,7.94,7.78,7.88,7624000.0,7.93,37700,7.94,161500,2.06,8.01,7.88,7624000,60640000.0,1.54,1.67,39.23,39.35,8.56,7.0,0.76
泉阳泉,sh600189,8.25,8.3,8.37,11267600.0,8.24,17300,8.25,405500,-0.6,8.42,8.22,11267600,93500000.0,1.58,2.41,59.0,59.0,9.13,7.47,0.82
新致软件,sh688590,15.19,14.97,15.34,594519400.0,15.18,17500,15.19,1100,1.47,15.53,15.09,594519400,90850000.0,2.26,2.94,39.93,39.93,17.96,11.98,0.63
秋田微,sz300939,37.37,33.46,34.66,15465800.0,37.37,6500,37.38,4800,11.69,39.99,34.52,15465800,584910000.0,12.89,16.35,44.84,44.84,40.15,26.77,4.47
贵航股份,sh600523,14.96,14.96,15.08,5936600.0,14.96,47000,14.98,2600,0.0,15.23,14.86,5936600,89560000.0,1.47,2.47,60.45,60.48,16.46,13.46,0.6
小崧股份,sz002723,9.29,9.05,9.21,16226000.0,9.29,27900,9.3,8300,2.65,9.58,9.21,16226000,151910000.0,5.12,4.09,29.46,30.88,9.96,8.15,0.74
拉芳家化,sh603630,17.76,17.57,18.0,3308500.0,17.75,1000,17.76,3200,1.08,18.18,17.6,3308500,59060000.0,1.47,3.3,40.0,40.0,19.33,15.81,0.81
工大科雅,sz301197,22.26,24.19,24.98,10878000.0,22.25,1000,22.26,5700,-7.98,25.12,21.91,10878000,245430000.0,10.0,13.27,24.21,26.83,29.03,19.35,1.51
康为世纪,sh688426,22.63,22.64,22.78,86065800.0,22.63,2800,22.65,17300,-0.04,23.62,22.56,86065800,19760000.0,2.24,4.68,8.7,25.46,27.17,18.11,0.64
天马科技,sh603668,13.91,13.89,14.06,5166200.0,13.91,10600,13.92,14700,0.14,14.07,13.81,5166200,71850000.0,1.02,1.87,70.35,70.35,15.28,12.5,0.75
华仁药业,sz300110,3.17,3.12,3.16,18916100.0,3.17,90000,3.18,218200,1.6,3.21,3.14,18916100,60030000.0,1.6,2.24,37.43,37.48,3.74,2.5,0.86
豪声电子,bj920701,17.79,17.28,17.33,1251500.0,17.75,12300,17.79,6000,2.95,17.88,17.33,1251500,22204400.0,1.25,3.18,17.83,24.41,22.46,12.1,1.24
国中水务,sh600187,2.03,2.0,2.02,29314100.0,2.03,796500,2.04,2589000,1.5,2.05,2.0,29314100,59420000.0,1.82,2.5,32.76,32.76,2.2,1.8,0.6
安达维尔,sz300719,18.06,18.44,18.44,20334200.0,18.06,12700,18.07,24900,-2.06,18.58,17.88,20334200,369250000.0,11.32,3.8,32.44,45.91,22.13,14.75,0.7
东方国信,sz300166,12.02,12.1,12.6,82305600.0,12.02,220100,12.03,16000,-0.66,12.6,11.92,82305600,997430000.0,9.09,5.62,108.87,136.88,14.52,9.68,0.73
嘉泽新能,sh601619,7.02,7.04,7.03,143929000.0,7.01,86500,7.02,460100,-0.28,7.15,6.83,143929000,1000750000.0,5.91,4.55,170.91,204.48,7.74,6.34,0.89
神马股份,sh600810,8.29,8.22,8.38,25398600.0,8.28,62300,8.29,20000,0.85,8.65,8.26,25398600,213650000.0,2.31,4.74,91.31,92.12,9.04,7.4,1.44
新 大 陆,sz000997,22.98,22.67,23.01,10998700.0,22.98,16500,22.99,33900,1.37,23.14,22.8,10998700,252350000.0,1.09,1.5,231.51,232.81,24.94,20.4,0.59
广电电气,sh601616,5.6,5.4,5.42,143487200.0,5.6,383600,5.61,159800,3.7,5.72,5.42,143487200,803370000.0,16.81,5.56,47.81,47.81,5.94,4.86,1.73
石基信息,sz002153,11.0,10.85,11.07,22229000.0,11.0,45400,11.01,99200,1.38,11.12,10.95,22229000,245330000.0,1.39,1.57,175.97,300.21,11.94,9.77,0.72
武商集团,sz000501,9.1,8.98,9.11,7213200.0,9.1,41800,9.11,77700,1.34,9.22,9.04,7213200,65840000.0,0.94,2.0,69.91,69.98,9.88,8.08,0.74
亿晶光电,sh600537,3.43,3.24,3.26,127883100.0,3.42,307900,3.43,845000,5.86,3.45,3.26,127883100,430400000.0,10.8,5.86,40.6,40.6,3.56,2.92,0.65
ST开元,sz300338,3.84,3.79,3.88,4646600.0,3.83,56400,3.84,900,1.32,3.88,3.8,4646600,17850000.0,1.33,2.11,13.42,15.46,4.55,3.03,0.48
华达科技,sh603358,49.45,49.3,49.33,3971900.0,49.45,20800,49.46,3500,0.3,50.02,48.89,3971900,196140000.0,0.88,2.29,222.15,232.29,54.23,44.37,1.06
慈星股份,sz300307,6.99,6.83,6.96,10700600.0,6.98,30200,6.99,70900,2.34,7.07,6.96,10700600,75060000.0,1.36,1.61,55.12,55.96,8.2,5.46,0.82
天秦装备,sz300922,21.81,22.15,22.2,6033400.0,21.81,53300,21.84,600,-1.53,22.34,21.56,6033400,131830000.0,4.83,3.52,27.24,34.63,26.58,17.72,0.66
深 赛 格,sz000058,8.46,8.4,8.47,6645500.0,8.46,21000,8.47,2000,0.71,8.54,8.42,6645500,56390000.0,0.67,1.43,83.31,104.16,9.24,7.56,0.59
中裕科技,bj920694,21.0,20.96,20.68,4006900.0,20.95,3000,21.0,9400,0.19,21.5,20.2,4006900,83078600.0,6.41,6.2,13.12,27.74,27.24,14.68,0.93
三环集团,sz300408,58.98,59.06,60.6,24676000.0,58.97,200,58.98,11500,-0.14,60.78,58.38,24676000,1468380000.0,1.32,4.06,1102.81,1130.35,70.87,47.25,0.73
绿能慧充,sh600212,7.46,7.28,7.35,9324700.0,7.45,17000,7.46,8600,2.47,7.51,7.35,9324700,69440000.0,1.76,2.2,39.63,52.53,8.01,6.55,0.85
大洋电机,sz002249,10.18,9.98,10.17,46588300.0,10.18,223600,10.19,157100,2.0,10.3,10.11,46588300,475050000.0,2.52,1.9,188.47,250.84,10.98,8.98,0.78
优博讯,sz300531,16.2,15.7,16.17,7248900.0,16.2,100,16.21,11200,3.18,16.4,16.05,7248900,117680000.0,2.35,2.23,50.02,52.01,18.84,12.56,0.88
华侨城Ａ,sz000069,2.42,2.42,2.44,45658500.0,2.42,1054400,2.43,879300,0.0,2.45,2.41,45658500,110760000.0,0.66,1.65,166.95,194.51,2.66,2.18,0.58
三诺生物,sz300298,16.89,16.73,16.94,3756000.0,16.89,6300,16.9,21000,0.96,17.02,16.77,3756000,63410000.0,0.83,1.49,76.22,94.63,20.08,13.38,0.6
诚益通,sz300430,20.16,19.62,20.0,13783600.0,20.15,6400,20.16,33300,2.75,20.74,19.92,13783600,279330000.0,5.3,4.18,52.39,55.05,23.54,15.7,1.36
华伍股份,sz300095,10.7,10.44,10.61,14634000.0,10.7,19400,10.71,190400,2.49,10.73,10.51,14634000,155770000.0,4.32,2.11,36.24,44.95,12.53,8.35,0.8
德业股份,sh605117,120.4,123.21,124.0,14411100.0,120.4,35400,120.41,500,-2.28,125.01,119.01,14411100,1733870000.0,1.59,4.87,1094.29,1094.29,135.53,110.89,0.82
亚泰集团,sh600881,1.72,1.7,1.71,28437400.0,1.72,2420500,1.73,2865000,1.18,1.74,1.7,28437400,48970000.0,0.88,2.35,55.59,55.59,1.87,1.53,0.61
国联水产,sz300094,3.62,3.69,3.62,80341300.0,3.61,590500,3.62,912800,-1.9,3.65,3.58,80341300,289620000.0,7.27,1.9,40.02,40.84,4.43,2.95,0.9
中衡设计,sh603017,12.39,12.34,12.57,9162900.0,12.39,6600,12.4,1800,0.41,12.65,12.33,9162900,114380000.0,3.32,2.59,34.22,34.22,13.57,11.11,0.49
湖南天雁,sh600698,7.98,8.01,8.05,11099300.0,7.98,33300,7.99,60400,-0.37,8.11,7.94,11099300,88710000.0,1.34,2.12,66.27,85.28,8.81,7.21,0.51
航天智造,sz300446,22.75,22.48,23.01,14696400.0,22.75,29400,22.76,15600,1.2,23.29,22.46,14696400,336460000.0,3.93,3.69,84.98,192.33,26.98,17.98,0.63
齐鲁华信,bj920832,7.52,7.4,7.42,4207000.0,7.52,3100,7.53,300,1.62,7.67,7.39,4207000,31624899.999999996,3.41,3.78,9.28,10.44,9.62,5.18,0.76
保税科技,sh600794,3.98,3.99,4.01,34936200.0,3.98,7900,3.99,327500,-0.25,4.05,3.96,34936200,139890000.0,2.91,2.26,47.77,47.77,4.39,3.59,0.4
中国中免,sh601888,76.45,76.76,77.5,23906800.0,76.45,50000,76.46,800,-0.4,77.7,76.16,23906800,1840670000.0,1.22,2.01,1492.67,1581.64,84.44,69.08,0.59
久其软件,sz002279,8.74,8.54,8.66,37536500.0,8.73,92200,8.74,317200,2.34,8.77,8.64,37536500,327020000.0,4.75,1.52,69.02,75.36,9.39,7.69,0.65
神驰机电,sh603109,24.92,24.62,24.97,1597000.0,24.91,11700,24.92,900,1.22,25.1,24.8,1597000,39900000.0,0.76,1.22,52.05,52.05,27.08,22.16,0.57
中国电影,sh600977,13.83,13.92,14.07,32082400.0,13.83,85300,13.84,41100,-0.65,14.1,13.77,32082400,446280000.0,1.72,2.37,258.21,258.21,15.31,12.53,0.59
天臣医疗,sh688013,40.02,39.58,40.34,106669100.0,40.02,1200,40.03,1200,1.11,41.27,39.85,106669100,43210000.0,1.31,3.59,32.48,32.48,47.5,31.66,0.8
峨眉山Ａ,sz000888,13.32,13.17,13.37,11218200.0,13.32,5000,13.33,1200,1.14,13.51,13.27,11218200,150400000.0,2.13,1.82,70.18,70.18,14.49,11.85,0.84
南卫股份,sh603880,6.33,6.21,6.55,6124800.0,6.3,66800,6.33,200,1.93,6.64,6.29,6124800,39100000.0,2.12,5.64,18.3,18.3,6.83,5.59,1.02
行动教育,sh605098,51.26,46.6,48.14,3034500.0,51.26,387900,0.0,0,10.0,51.26,47.7,3034500,153080000.0,2.54,7.64,61.13,61.13,51.26,41.94,1.9
扬电科技,sz301012,28.91,28.04,28.7,10057000.0,28.91,2800,28.92,1000,3.1,29.44,28.6,10057000,292340000.0,5.11,3.0,56.94,56.94,33.65,22.43,1.19
博实结,sz301608,87.02,85.92,87.72,735300.0,87.02,500,87.1,1000,1.28,88.72,85.81,735300,64280000.0,1.84,3.39,34.75,77.44,103.1,68.74,0.71
格利尔,bj920641,19.85,19.15,19.35,3587400.0,19.85,2300,19.86,2200,3.66,20.66,19.16,3587400,71668700.0,7.9,7.83,9.02,14.9,24.89,13.41,2.21
民士达,bj920394,49.1,50.34,50.84,2042300.0,49.1,2400,49.13,1900,-2.46,51.18,48.38,2042300,100670000.0,1.41,5.56,71.28,71.81,65.44,35.24,0.96
广东建科,sz301632,22.85,22.67,22.84,1529700.0,22.85,5900,22.86,2900,0.79,23.06,22.8,1529700,35030000.0,2.09,1.15,16.74,95.64,27.2,18.14,0.57
西麦食品,sz002956,25.47,25.2,25.39,1646500.0,25.4,100,25.47,5600,1.07,26.0,25.2,1646500,42090000.0,0.74,3.17,56.86,56.86,27.72,22.68,0.89
新大正,sz002968,12.35,12.35,12.58,2824700.0,12.34,12100,12.35,11400,0.0,12.67,12.29,2824700,35250000.0,1.33,3.08,26.32,27.95,13.59,11.12,0.69
来伊份,sh603777,12.84,12.78,12.99,12395500.0,12.84,7700,12.85,17000,0.47,13.2,12.7,12395500,160390000.0,3.71,3.91,42.94,42.94,14.06,11.5,1.88
塞力医疗,sh603716,21.07,20.3,20.63,11938600.0,21.07,2700,21.08,300,3.79,21.67,20.56,11938600,252090000.0,5.68,5.47,44.29,44.29,22.33,18.27,1.62
朗新科技,sz300682,18.06,17.25,17.7,38809600.0,18.06,266000,18.07,29500,4.7,18.48,17.67,38809600,700040000.0,3.76,4.7,186.39,194.73,20.7,13.8,0.97
秦安股份,sh603758,13.89,13.83,14.0,3495800.0,13.88,95300,13.89,19800,0.43,14.12,13.87,3495800,48940000.0,0.8,1.81,60.95,60.95,15.21,12.45,0.79
中航重机,sh600765,19.65,19.75,19.99,29897300.0,19.64,700,19.65,51400,-0.51,20.1,19.41,29897300,590410000.0,1.93,3.49,305.07,305.07,21.73,17.78,0.56
宝色股份,sz300402,22.9,22.27,22.79,7261700.0,22.89,900,22.9,91000,2.83,23.28,22.66,7261700,166500000.0,2.98,2.78,55.79,56.52,26.72,17.82,0.51
深信服,sz300454,116.01,116.0,118.5,6875900.0,116.01,0,116.04,500,0.01,118.68,115.0,6875900,801840000.0,2.48,3.17,321.39,487.97,139.2,92.8,0.61
南威软件,sh603636,10.17,9.98,10.13,8562100.0,10.17,53800,10.18,35200,1.9,10.24,10.1,8562100,87020000.0,1.48,1.4,59.02,59.02,10.98,8.98,0.69
浙江大农,bj920855,17.93,17.78,17.81,560400.0,17.93,100,17.96,3200,0.84,18.21,17.8,560400,10066500.0,0.84,2.31,12.02,13.4,23.11,12.45,0.89
皓宸医疗,sz002622,2.84,2.79,2.84,22691400.0,2.84,185200,2.85,66800,1.79,2.89,2.82,22691400,64800000.0,2.7,2.51,23.86,23.86,3.07,2.51,0.95
壶化股份,sz003002,26.81,26.02,26.49,3350300.0,26.75,31400,26.81,32800,3.04,26.96,26.26,3350300,89150000.0,1.83,2.69,49.02,53.62,28.62,23.42,1.08
泰德股份,bj920378,10.15,9.89,9.94,1134700.0,10.14,3000,10.15,20900,2.63,10.15,9.93,1134700,11390200.0,1.02,2.22,11.31,15.79,12.85,6.93,1.22
米奥会展,sz300795,12.6,12.58,12.81,1981200.0,12.6,19100,12.62,4200,0.16,12.9,12.57,1981200,25180000.0,1.14,2.62,21.83,37.66,15.1,10.06,0.63
新安洁,bj920370,4.02,4.06,4.08,8313100.0,4.02,49600,4.03,31800,-0.99,4.15,4.0,8313100,33841900.0,3.18,3.69,10.51,12.07,5.27,2.85,0.41
通程控股,sz000419,6.12,6.06,6.11,7269200.0,6.12,1100,6.13,28500,0.99,6.2,6.09,7269200,44630000.0,1.34,1.82,33.27,33.27,6.67,5.45,0.7
*ST阳光,sz000608,3.43,3.36,3.39,37650400.0,3.43,93400,3.44,103200,2.08,3.53,3.37,37650400,131030000.0,5.05,4.76,25.57,25.72,3.53,3.19,1.24
万事利,sz301066,15.35,15.64,15.75,8623900.0,15.35,14000,15.36,3500,-1.85,15.9,15.27,8623900,133620000.0,3.7,4.03,35.78,36.06,18.77,12.51,0.98
美湖股份,sh603319,35.28,35.28,35.84,7326800.0,35.28,51500,35.29,11600,0.0,36.05,34.9,7326800,259780000.0,2.16,3.26,119.65,119.65,38.81,31.75,0.79
万马科技,sz300698,38.46,38.24,38.94,2318600.0,38.45,1200,38.46,400,0.58,39.23,38.25,2318600,89740000.0,1.96,2.56,45.59,51.54,45.89,30.59,0.71
东方嘉盛,sz002889,14.34,14.1,14.38,1616200.0,14.32,300,14.34,36200,1.7,14.41,14.21,1616200,23120000.0,0.64,1.42,36.03,54.16,15.51,12.69,0.56
良品铺子,sh603719,10.53,10.42,10.55,2899300.0,10.52,62500,10.53,11500,1.06,10.65,10.5,2899300,30620000.0,0.72,1.44,42.23,42.23,11.46,9.38,0.75
新产业,sz300832,51.97,52.34,52.76,3843500.0,51.97,6000,51.98,400,-0.71,52.85,51.66,3843500,199900000.0,0.56,2.27,355.02,408.34,62.81,41.87,0.79
天晟新材,sz300169,6.46,6.35,6.42,7764300.0,6.46,47200,6.47,105400,1.73,6.58,6.41,7764300,50420000.0,2.57,2.68,19.49,21.06,7.62,5.08,0.64
荣安地产,sz000517,2.06,2.06,2.08,24677700.0,2.06,35700,2.07,431000,0.0,2.09,2.02,24677700,50710000.0,0.99,3.4,51.33,65.59,2.27,1.85,0.81
三夫户外,sz002780,15.21,15.15,15.43,4289700.0,15.2,5500,15.21,3500,0.4,15.51,15.11,4289700,65620000.0,3.28,2.64,19.87,25.15,16.67,13.64,0.66
汉威科技,sz300007,48.28,47.13,48.01,11734800.0,48.27,5200,48.28,24100,2.44,48.9,47.81,11734800,567400000.0,4.14,2.31,136.77,158.09,56.56,37.7,0.94
林泰新材,bj920106,70.77,69.9,70.8,579800.0,70.46,1900,70.77,2500,1.24,72.27,70.42,579800,41262299.99999999,1.33,2.65,30.89,40.05,90.87,48.93,0.97
云南城投,sh600239,2.26,2.23,2.25,16999500.0,2.26,684000,2.27,880900,1.35,2.3,2.25,16999500,38590000.0,1.06,2.24,36.29,36.29,2.45,2.01,0.67
三祥新材,sh603663,53.27,55.41,54.5,13421000.0,53.26,700,53.27,1100,-3.86,54.5,52.45,13421000,713790000.0,3.17,3.7,225.24,225.49,60.95,49.87,0.82
前进科技,bj920679,20.2,20.12,20.34,433100.0,20.2,1700,20.28,1800,0.4,20.4,20.08,433100,8758200.0,1.17,1.59,7.51,11.28,26.15,14.09,0.97
佳讯飞鸿,sz300213,8.71,8.49,8.63,11802000.0,8.71,7200,8.72,55100,2.59,8.83,8.6,11802000,102990000.0,2.14,2.71,48.1,51.77,10.19,6.79,0.87
隆基机械,sz002363,8.68,8.46,8.6,8032800.0,8.68,72800,8.69,3000,2.6,8.78,8.56,8032800,69920000.0,1.93,2.6,36.09,36.19,9.31,7.61,0.8
毓恬冠佳,sz301173,44.35,44.25,44.56,489900.0,44.34,700,44.35,13600,0.23,44.95,44.35,489900,21880000.0,1.59,1.36,13.67,38.95,53.1,35.4,0.62
万通智控,sz300643,21.26,20.49,20.9,15070000.0,21.25,4400,21.26,1900,3.76,21.65,20.74,15070000,319120000.0,6.53,4.44,49.04,49.16,24.59,16.39,1.4
同辉信息,bj920090,6.86,6.74,6.95,11029400.0,6.85,129100,6.86,17700,1.78,6.98,6.67,11029400,75090400.0,8.15,4.6,9.28,13.67,8.76,4.72,0.6
南京新百,sh600682,7.02,7.04,7.09,14819900.0,7.02,122900,7.03,18900,-0.28,7.11,7.0,14819900,104680000.0,1.27,1.56,81.72,94.43,7.74,6.34,0.74
亚士创能,sh603378,6.35,6.25,6.36,6411000.0,6.35,21700,6.36,5500,1.6,6.49,6.29,6411000,40810000.0,1.5,3.2,27.22,27.22,6.88,5.63,0.63
晋拓股份,sh603211,20.9,20.85,21.14,2752200.0,20.9,1400,20.93,2900,0.24,21.5,20.79,2752200,58020000.0,1.01,3.41,56.81,56.81,22.94,18.77,0.59
科力股份,bj920088,80.28,88.43,78.0,13023000.0,80.25,2100,80.28,73500,-9.22,93.52,77.1,13023000,1105665700.0,40.98,18.57,25.51,70.7,114.95,61.91,1.2
粤万年青,sz301111,20.7,20.3,20.68,5239200.0,20.7,7800,20.73,1000,1.97,20.95,20.56,5239200,108810000.0,3.27,1.92,33.12,33.12,24.36,16.24,0.75
莫高股份,sh600543,5.12,5.11,5.16,5905100.0,5.1,12000,5.12,18100,0.2,5.22,5.08,5905100,30370000.0,1.84,2.74,16.44,16.44,5.62,4.6,0.91
派林生物,sz000403,13.89,13.85,14.02,7778600.0,13.89,5600,13.9,29400,0.29,14.04,13.83,7778600,108270000.0,0.83,1.52,130.66,132.01,15.24,12.47,0.51
邦德股份,bj920271,15.75,15.6,15.74,496700.0,15.74,6800,15.75,11800,0.96,15.9,15.64,496700,7840200.0,0.86,1.67,9.12,20.6,20.28,10.92,0.66
众兴菌业,sz002772,17.92,18.12,18.4,11274000.0,17.92,400,17.93,200,-1.1,18.54,17.68,11274000,203250000.0,2.89,4.75,69.91,70.47,19.93,16.31,0.81
盛达资源,sz000603,47.94,49.0,49.55,26779900.0,47.94,100,47.95,7800,-2.16,49.9,47.22,26779900,1295160000.0,4.02,5.47,319.62,330.77,53.9,44.1,0.65
益民集团,sh600824,4.28,4.24,4.29,10465800.0,4.28,6400,4.29,235700,0.94,4.32,4.26,10465800,44870000.0,0.99,1.42,45.11,45.11,4.66,3.82,0.72
通源石油,sz300164,22.41,24.56,22.0,256378700.0,22.4,326900,22.41,479400,-8.75,25.96,21.22,256378700,5999690000.0,43.96,19.3,130.7,131.87,29.47,19.65,1.4
天纺标,bj920753,21.29,21.2,21.51,324500.0,21.28,1000,21.29,1000,0.42,21.59,21.22,324500,6943800.0,1.0,1.75,6.89,17.33,27.56,14.84,0.68
金枫酒业,sh600616,5.25,5.19,5.23,7352500.0,5.25,27700,5.26,51700,1.16,5.3,5.23,7352500,38680000.0,1.1,1.35,35.12,35.12,5.71,4.67,0.72
三友医疗,sh688085,20.48,20.1,20.15,368800600.0,20.46,4900,20.48,43200,1.89,21.14,20.15,368800600,76230000.0,1.16,4.93,65.28,68.29,24.12,16.08,0.55
华洋赛车,bj920058,30.38,30.58,30.62,758800.0,30.15,200,30.38,8100,-0.65,30.83,30.06,758800,23128200.0,2.75,2.52,8.38,17.03,39.75,21.41,2.48
康斯特,sz300445,21.15,20.67,21.29,3978600.0,21.15,2700,21.16,600,2.32,21.41,20.91,3978600,84310000.0,2.8,2.42,30.05,44.93,24.8,16.54,0.82
广厦环能,bj920703,15.49,15.2,15.16,2984600.0,15.49,1700,15.5,4400,1.91,15.64,15.01,2984600,45672299.99999999,3.91,4.14,11.81,23.35,19.76,10.64,1.03
晨曦航空,sz300581,15.43,15.65,15.61,15630200.0,15.43,19400,15.44,62400,-1.41,15.72,15.27,15630200,241140000.0,2.84,2.88,84.88,84.88,18.78,12.52,0.69
中信尼雅,sh600084,7.01,6.96,7.06,11871300.0,7.01,16000,7.03,52200,0.72,7.16,6.94,11871300,83470000.0,1.06,3.16,78.77,78.77,7.66,6.26,1.03
倍杰特,sz300774,23.5,23.77,24.19,9069400.0,23.5,32900,23.51,1800,-1.14,24.58,23.21,9069400,215730000.0,4.65,5.76,45.8,96.06,28.52,19.02,0.43
广和通,sz300638,26.91,26.61,27.16,14714400.0,26.9,104900,26.91,23000,1.13,27.42,26.72,14714400,398710000.0,2.77,2.63,142.74,241.99,31.93,21.29,0.58
宝胜股份,sh600973,7.64,7.21,7.29,79751700.0,7.63,150400,7.64,669900,5.96,7.72,7.29,79751700,604960000.0,5.82,5.96,104.77,104.77,7.93,6.49,1.69
伊戈尔,sz002922,46.8,44.63,45.87,21229800.0,46.8,28000,46.81,1000,4.86,48.28,45.27,21229800,998850000.0,5.68,6.74,174.94,198.06,49.09,40.17,1.21
新力金融,sh600318,9.94,9.52,9.64,69689800.0,9.93,176900,9.94,140900,4.41,10.04,9.58,69689800,684100000.0,13.59,4.83,50.97,50.97,10.47,8.57,1.73
日发精机,sz002520,6.77,6.15,6.28,52762100.0,6.77,16710100,0.0,0,10.08,6.77,6.25,52762100,346440000.0,7.35,8.46,48.57,50.79,6.77,5.54,1.03
泰豪科技,sh600590,14.71,13.37,13.71,69203600.0,14.71,6296900,0.0,0,10.02,14.71,13.56,69203600,977100000.0,8.2,8.6,124.09,125.46,14.71,12.03,0.72
金正大,sz002470,2.6,2.82,2.76,503418300.0,2.6,3101400,2.61,2996000,-7.8,2.79,2.55,503418300,1324380000.0,15.32,8.51,85.43,85.44,3.1,2.54,0.72
铁大科技,bj920541,13.88,13.73,13.77,824400.0,13.88,8900,13.89,2000,1.09,13.95,13.73,824400,11412200.0,0.92,1.6,12.5,18.97,17.84,9.62,0.67
瑞迪智驱,sz301596,69.82,68.12,69.79,790800.0,69.82,19400,69.83,2100,2.5,71.17,68.63,790800,55190000.0,2.53,3.73,21.87,53.88,81.74,54.5,0.94
吉林碳谷,bj920077,17.13,17.13,17.2,5156000.0,17.13,10300,17.14,1900,0.0,17.54,17.1,5156000,89061400.0,1.63,2.57,54.29,100.67,22.26,12.0,0.6
艾隆科技,sh688329,25.04,24.69,24.99,149474500.0,25.01,500,25.04,2200,1.42,25.71,24.62,149474500,37800000.0,1.94,4.41,19.33,19.33,29.63,19.75,0.76
海优新材,sh688680,51.91,52.64,53.2,324491400.0,51.91,700,51.97,400,-1.39,53.96,50.95,324491400,168690000.0,3.86,5.72,43.62,43.62,63.17,42.11,0.81
金煤科技,sh600844,3.65,3.32,3.33,78367800.0,3.65,10043000,0.0,0,9.94,3.65,3.25,78367800,272420000.0,9.53,12.05,30.03,37.1,3.65,2.99,1.61
法本信息,sz300925,19.7,19.48,19.89,7138900.0,19.7,61400,19.74,9400,1.13,19.96,19.57,7138900,141000000.0,2.04,2.0,68.86,84.46,23.38,15.58,0.51
北方导航,sh600435,18.41,18.62,18.25,87884600.0,18.41,160300,18.42,262700,-1.13,18.81,18.2,87884600,1618420000.0,5.81,3.28,278.43,278.43,20.48,16.76,0.88
春晖智控,sz300943,34.89,33.49,34.1,18572800.0,34.89,16200,34.9,3300,4.18,35.4,33.48,18572800,642740000.0,13.83,5.73,46.87,71.11,40.19,26.79,0.85
若羽臣,sz003010,28.55,28.4,28.67,3614800.0,28.55,14900,28.57,200,0.53,28.81,28.43,3614800,103600000.0,1.6,1.34,64.56,88.81,31.24,25.56,0.48
南矿集团,sz001360,25.12,25.72,25.92,3895800.0,25.12,12500,25.13,7400,-2.33,26.27,24.76,3895800,98620000.0,4.76,5.87,20.54,51.24,28.29,23.15,0.63
华菱精工,sh603356,19.4,19.28,19.28,12503800.0,19.39,11200,19.4,24800,0.62,19.56,18.32,12503800,237390000.0,9.38,6.43,25.87,25.87,21.21,17.35,1.15
津投城开,sh600322,2.24,2.22,2.23,14000100.0,2.24,144100,2.25,456400,0.9,2.26,2.22,14000100,31420000.0,1.27,1.8,24.77,24.77,2.44,2.0,0.57
海程邦达,sh603836,14.4,14.25,14.5,4970000.0,14.4,41500,14.41,100,1.05,14.64,14.11,4970000,71450000.0,2.42,3.72,29.55,29.55,15.68,12.83,0.81
天成自控,sh603085,10.99,10.83,11.06,7085200.0,10.98,25200,10.99,9800,1.48,11.18,10.92,7085200,78170000.0,1.78,2.4,43.64,43.64,11.91,9.75,0.78
苏试试验,sz300416,17.54,16.93,17.41,14989400.0,17.54,60900,17.55,79000,3.6,17.58,17.23,14989400,261020000.0,2.97,2.07,88.6,89.2,20.32,13.54,0.72
卡倍亿,sz300863,54.01,53.53,54.2,2178800.0,54.01,700,54.03,500,0.9,56.18,53.76,2178800,119390000.0,1.2,4.52,97.69,101.63,64.24,42.82,0.81
西磁科技,bj920061,28.41,28.3,28.39,634700.0,28.4,2300,28.41,100,0.39,28.75,28.26,634700,18088500.0,1.73,1.73,10.44,20.11,36.79,19.81,0.52
万泽股份,sz000534,37.49,35.53,36.41,27924700.0,37.48,2000,37.49,15000,5.52,38.38,36.25,27924700,1047980000.0,5.59,5.99,187.44,191.03,39.08,31.98,1.08
泰凯英,bj920020,17.02,16.91,16.99,971700.0,17.02,2300,17.03,2000,0.65,17.08,16.92,971700,16522600.0,1.76,0.95,9.38,37.66,21.98,11.84,0.61
联明股份,sh603006,13.29,13.3,13.44,2942800.0,13.29,5800,13.37,900,-0.08,13.64,13.2,2942800,39500000.0,1.16,3.31,33.79,33.79,14.63,11.97,0.86
横河精密,sz300539,29.85,29.87,30.34,7502400.0,29.84,18100,29.85,18700,-0.07,30.8,29.6,7502400,225850000.0,3.44,4.02,65.04,80.03,35.84,23.9,0.54
多利科技,sz001311,35.45,36.02,36.7,5099300.0,35.37,3200,35.45,900,-1.58,36.85,34.73,5099300,181240000.0,3.74,5.89,48.3,110.08,39.62,32.42,1.04
天虹股份,sz002419,5.41,5.35,5.42,11237400.0,5.4,235500,5.41,133300,1.12,5.46,5.39,11237400,60850000.0,0.96,1.31,63.23,63.23,5.89,4.82,0.57
道生天合,sh601026,21.5,20.85,20.91,14971200.0,21.5,80400,21.51,66000,3.12,21.58,20.69,14971200,317560000.0,13.97,4.27,23.04,141.77,22.94,18.77,1.49
苏宁环球,sz000718,2.22,2.2,2.23,23214400.0,2.21,1203500,2.22,234500,0.91,2.24,2.2,23214400,51600000.0,1.02,1.82,50.66,67.37,2.42,1.98,0.5
鹿得医疗,bj920278,9.1,9.01,9.1,1538200.0,9.06,56700,9.1,28800,1.0,9.15,8.82,1538200,13946400.000000002,2.08,3.66,6.74,15.88,11.71,6.31,0.75
永和智控,sz002795,7.88,8.23,8.46,36702700.0,7.87,5200,7.88,31200,-4.25,8.5,7.8,36702700,297380000.0,8.45,8.51,34.23,34.8,9.05,7.41,0.95
北大医药,sz000788,6.13,6.04,6.12,10814900.0,6.12,31400,6.13,41100,1.49,6.19,6.09,10814900,66330000.0,1.81,1.66,36.53,36.53,6.64,5.44,0.82
丛麟科技,sh688370,27.33,27.37,27.51,122995000.0,27.11,1800,27.33,32200,-0.15,28.09,26.98,122995000,33810000.0,0.9,4.06,37.47,37.47,32.84,21.9,0.76
百润股份,sz002568,18.87,18.86,18.98,5383500.0,18.86,8800,18.87,10300,0.05,19.05,18.78,5383500,101840000.0,0.74,1.43,136.38,197.86,20.75,16.97,0.57
奥迪威,bj920491,25.52,25.41,25.73,2173200.0,25.48,21600,25.52,1900,0.43,25.87,25.32,2173200,55766300.0,1.88,2.16,29.49,36.02,33.03,17.79,0.74
荣信文化,sz301231,35.05,34.59,35.73,8612100.0,35.04,5900,35.05,3200,1.33,36.17,34.75,8612100,304670000.0,15.98,4.11,18.89,29.58,41.51,27.67,1.22
恒鑫生活,sz301501,39.5,39.05,39.48,506900.0,39.49,600,39.5,2300,1.15,40.07,39.11,506900,20010000.0,1.37,2.46,14.61,58.42,46.86,31.24,0.53
徕木股份,sh603633,8.42,8.28,8.4,6679300.0,8.42,20300,8.43,26700,1.69,8.55,8.38,6679300,56540000.0,1.56,2.05,35.94,35.94,9.11,7.45,0.64
交运股份,sh600676,7.68,7.59,7.73,10976900.0,7.68,1200,7.69,4800,1.19,7.81,7.64,10976900,84670000.0,1.07,2.24,78.99,78.99,8.35,6.83,0.62
国光连锁,sh605188,17.35,17.0,17.2,5705600.0,17.34,16000,17.35,22400,2.06,17.47,17.09,5705600,98880000.0,1.14,2.24,87.16,87.16,18.7,15.3,0.91
熊猫乳品,sz300898,25.38,25.4,25.55,2477300.0,25.38,700,25.39,700,-0.08,25.76,25.22,2477300,63170000.0,2.16,2.13,29.12,31.47,30.48,20.32,0.72
航亚科技,sh688510,39.25,38.52,39.5,841380200.0,39.22,300,39.25,100,1.9,40.09,38.1,841380200,330970000.0,3.24,5.17,101.86,101.86,46.22,30.82,0.56
洁雅股份,sz301108,29.89,30.07,30.78,1530800.0,29.88,1200,29.89,400,-0.6,30.78,29.74,1530800,46120000.0,2.36,3.46,19.38,33.64,36.08,24.06,1.25
银邦股份,sz300337,13.79,13.71,13.98,28009900.0,13.78,101400,13.79,58900,0.58,14.24,13.6,28009900,390250000.0,3.94,4.67,98.1,113.34,16.45,10.97,0.54
太力科技,sz301595,62.47,61.17,61.59,1875800.0,62.41,600,62.47,3400,2.13,63.48,61.02,1875800,117340000.0,7.7,4.02,15.22,67.64,73.4,48.94,0.85
惠发食品,sh603536,10.05,10.01,10.08,3233500.0,10.05,5500,10.06,13800,0.4,10.22,10.01,3233500,32720000.0,1.34,2.1,24.17,24.36,11.01,9.01,0.65
连云港,sh601008,5.29,5.54,5.42,65513700.0,5.29,886400,5.3,331100,-4.51,5.45,5.25,65513700,348230000.0,5.28,3.61,65.63,65.63,6.09,4.99,0.83
芯动联科,sh688582,59.91,58.9,60.17,504554500.0,59.9,1600,59.91,2800,1.71,61.53,59.39,504554500,304260000.0,2.02,3.63,149.91,240.68,70.68,47.12,0.78
华旺科技,sh605377,8.99,8.76,8.88,9311600.0,8.98,74200,8.99,4300,2.63,9.07,8.85,9311600,83490000.0,1.67,2.51,50.04,50.04,9.64,7.88,0.69
德林海,sh688069,27.25,24.99,25.59,341056500.0,27.25,11300,27.26,2000,9.04,27.72,25.59,341056500,91390000.0,3.02,8.52,30.79,30.79,29.99,19.99,1.84
快可电子,sz301278,42.89,41.56,42.31,8221700.0,42.88,49700,42.89,5700,3.2,43.29,41.86,8221700,350670000.0,15.99,3.44,22.05,38.48,49.87,33.25,1.09
巴比食品,sh605338,26.81,26.8,27.27,1308800.0,26.81,3500,26.82,500,0.04,27.47,26.65,1308800,35360000.0,0.55,3.06,64.23,64.23,29.48,24.12,0.66
趣睡科技,sz301336,54.02,53.98,55.05,1151200.0,54.02,1000,54.06,700,0.07,55.6,53.72,1151200,62520000.0,3.78,3.48,16.44,21.61,64.78,43.18,0.76
富奥股份,sz000030,5.27,5.21,5.3,14354800.0,5.27,5500,5.28,152700,1.15,5.35,5.25,14354800,76090000.0,0.86,1.92,88.06,90.63,5.73,4.69,1.0
南特科技,bj920124,17.63,17.5,17.7,1565900.0,17.63,1000,17.65,11100,0.74,17.87,17.59,1565900,27714000.0,2.05,1.6,13.49,26.22,22.75,12.25,0.72
威腾电气,sh688226,44.44,45.22,45.44,952110100.0,44.44,14700,44.45,600,-1.72,46.46,42.98,952110100,427730000.0,5.04,7.7,83.89,83.89,54.26,36.18,1.23
联影医疗,sh688271,120.54,122.8,123.88,610555200.0,120.54,2600,120.55,1800,-1.84,124.29,120.41,610555200,746130000.0,0.74,3.16,993.44,993.44,147.36,98.24,0.98
中纺标,bj920122,31.08,30.87,31.03,459600.0,31.08,11600,31.1,6800,0.68,31.45,30.9,459600,14313500.0,1.23,1.78,11.62,28.67,40.13,21.61,0.75
四川长虹,sh600839,9.7,9.65,9.8,95616800.0,9.69,733300,9.7,767500,0.52,9.91,9.66,95616800,934350000.0,2.07,2.59,447.65,447.78,10.62,8.69,0.58
唯特偶,sz301319,47.52,46.05,47.16,4311100.0,47.52,600,47.58,12100,3.19,49.03,45.91,4311100,205500000.0,4.61,6.78,44.45,59.14,55.26,36.84,1.32
中草香料,bj920016,19.1,19.06,19.12,419400.0,19.09,20500,19.1,6000,0.21,19.4,19.09,419400,8061100.0,1.23,1.63,6.54,14.7,24.77,13.35,0.63
ST岭南,sz002717,1.69,1.7,1.72,42777100.0,1.69,1201200,1.7,2657500,-0.59,1.73,1.68,42777100,72600000.0,2.65,2.94,27.3,30.76,1.79,1.62,0.44
中国东航,sh600115,5.09,5.23,5.28,175938200.0,5.08,614900,5.09,378500,-2.68,5.31,5.03,175938200,902550000.0,1.03,5.35,866.57,1124.27,5.75,4.71,0.89
华塑控股,sz000509,3.63,3.3,3.35,47106300.0,3.63,38681000,0.0,0,10.0,3.63,3.35,47106300,169410000.0,4.39,8.48,38.95,38.95,3.63,2.97,2.99
准油股份,sz002207,14.0,15.03,13.53,108512700.0,14.0,127700,14.01,26400,-6.85,16.01,13.53,108512700,1556450000.0,41.61,16.5,36.51,36.69,16.53,13.53,2.37
山鹰国际,sh600567,1.69,1.66,1.68,114198500.0,1.68,10560300,1.69,4122400,1.81,1.71,1.68,114198500,193120000.0,1.81,1.81,106.6,106.6,1.83,1.49,0.69
信维通信,sz300136,69.92,69.0,70.57,62455000.0,69.92,3100,69.93,31300,1.33,70.99,68.26,62455000,4337970000.0,7.57,3.96,576.54,676.52,82.8,55.2,0.67
索辰科技,sh688507,93.82,91.89,94.0,119071300.0,93.7,800,93.82,100,2.1,95.5,93.01,119071300,111860000.0,2.42,2.71,46.19,83.6,110.27,73.51,0.48
众诚科技,bj920207,34.23,36.25,38.0,8217700.0,34.22,100,34.23,10800,-5.57,38.98,33.62,8217700,287789700.0,14.6,14.79,19.26,31.56,47.12,25.38,0.81
无锡鼎邦,bj920931,14.02,13.8,13.84,3020900.0,14.02,10900,14.05,3000,1.59,14.48,13.74,3020900,42574900.0,10.5,5.36,4.03,13.17,17.94,9.66,1.1
三特索道,sz002159,18.71,19.53,19.57,8089900.0,18.7,1600,18.71,20300,-4.2,19.98,18.52,8089900,153660000.0,5.84,7.48,25.91,33.17,21.48,17.58,0.79
重庆建工,sh600939,3.15,3.11,3.13,14279600.0,3.15,25500,3.16,433800,1.29,3.17,3.13,14279600,45010000.0,0.75,1.29,59.93,59.93,3.42,2.8,0.81
金新农,sz002548,6.67,6.36,6.47,34739500.0,6.66,115700,6.67,278500,4.87,6.73,6.42,34739500,228540000.0,4.32,4.87,53.66,55.24,7.0,5.72,0.8
中航光电,sz002179,35.01,35.07,35.22,26124900.0,35.01,54200,35.02,15800,-0.17,35.4,34.76,26124900,916390000.0,1.25,1.82,734.37,741.61,38.58,31.56,0.65
钱江生化,sh600796,6.84,6.76,6.95,12421700.0,6.83,61800,6.84,10800,1.18,6.99,6.8,12421700,85380000.0,3.99,2.81,21.31,59.27,7.44,6.08,0.8
天地数码,sz300743,19.01,18.5,18.81,3305900.0,19.0,200,19.01,5800,2.76,19.23,18.81,3305900,62940000.0,2.59,2.27,24.22,28.75,22.2,14.8,0.77
华映科技,sz000536,4.74,4.31,4.38,90817700.0,4.74,18772000,0.0,0,9.98,4.74,4.38,90817700,424830000.0,3.29,8.35,130.97,131.11,4.74,3.88,1.88
东华能源,sz002221,8.97,9.01,9.03,56979900.0,8.97,141200,8.98,50300,-0.44,9.17,8.78,56979900,510440000.0,3.9,4.33,131.04,141.38,9.91,8.11,0.85
融发核电,sz002366,8.2,7.72,7.79,175440800.0,8.19,569000,8.2,913700,6.22,8.33,7.79,175440800,1425740000.0,9.48,6.99,151.73,170.64,8.49,6.95,2.48
佳云科技,sz300242,5.26,5.0,5.08,55318300.0,5.26,9200,5.27,306200,5.2,5.55,5.06,55318300,295320000.0,8.72,9.8,33.38,33.38,6.0,4.0,1.84
东风科技,sh600081,11.35,11.3,11.37,2358000.0,11.35,31200,11.36,8600,0.44,11.45,11.31,2358000,26800000.0,0.43,1.24,62.77,62.77,12.43,10.17,0.75
普天科技,sz002544,29.24,29.01,29.43,9203700.0,29.24,17200,29.25,16500,0.79,29.65,28.91,9203700,269350000.0,1.35,2.55,198.97,198.99,31.91,26.11,0.56
天元宠物,sz301335,27.56,26.7,26.9,2868100.0,27.55,2400,27.56,9200,3.22,28.4,26.65,2868100,79170000.0,5.67,6.55,13.95,34.97,32.04,21.36,1.61
普冉股份,sh688766,246.84,241.39,250.0,647119400.0,246.83,300,246.84,100,2.26,253.79,241.59,647119400,1604240000.0,4.37,5.05,365.44,365.44,289.67,193.11,1.11
富士达,bj920640,43.9,43.42,44.9,8002400.0,43.88,500,43.9,1700,1.11,45.88,43.5,8002400,356379900.0,4.43,5.48,79.28,82.41,56.44,30.4,0.91
吉冈精密,bj920720,13.33,13.22,13.29,1438800.0,13.33,1900,13.34,400,0.83,13.5,13.29,1438800,19271700.0,1.94,1.59,9.87,35.16,17.18,9.26,0.85
昊志机电,sz300503,49.59,48.46,49.58,9151200.0,49.58,700,49.59,1100,2.33,50.23,49.17,9151200,454220000.0,3.8,2.19,119.5,152.85,58.15,38.77,0.71
美年健康,sz002044,6.4,6.37,6.45,102720100.0,6.4,394800,6.41,282400,0.47,6.53,6.37,102720100,661640000.0,2.65,2.51,247.95,250.51,7.01,5.73,0.61
大众交通,sh600611,5.49,5.41,5.45,14317500.0,5.48,587200,5.49,319200,1.48,5.51,5.43,14317500,78350000.0,0.92,1.48,85.83,129.79,5.95,4.87,0.75
中水渔业,sz000798,11.73,12.48,12.3,45180500.0,11.73,154000,11.74,11200,-6.01,12.35,11.53,45180500,535190000.0,12.35,6.57,42.91,42.92,13.73,11.23,1.19
航天彩虹,sz002389,29.3,28.77,28.0,203664800.0,29.3,312100,29.31,257500,1.84,29.85,27.71,203664800,5905920000.0,20.68,7.44,288.53,288.58,31.65,25.89,2.17
雅达股份,bj920556,11.1,10.91,10.9,8282100.0,11.09,25100,11.1,25600,1.74,11.22,10.87,8282100,91592000.0,7.05,3.21,13.04,17.91,14.18,7.64,2.03
博迁新材,sh605376,99.9,99.09,102.5,7987400.0,99.89,800,99.9,2600,0.82,102.76,99.28,7987400,803990000.0,3.05,3.51,261.34,261.34,109.0,89.18,0.63
长久物流,sh603569,7.19,7.12,7.18,6463000.0,7.18,25700,7.19,14300,0.98,7.24,7.12,6463000,46440000.0,1.07,1.69,43.39,43.39,7.83,6.41,1.06
欧亚集团,sh600697,12.8,12.65,12.8,3928400.0,12.8,33400,12.81,1300,1.19,13.02,12.74,3928400,50550000.0,2.53,2.21,19.89,20.36,13.92,11.39,0.76
森马服饰,sz002563,5.26,5.24,5.3,14056700.0,5.26,168600,5.27,123400,0.38,5.31,5.25,14056700,74230000.0,0.64,1.15,116.16,141.71,5.76,4.72,0.63
能特科技,sz002102,3.48,3.36,3.44,43986200.0,3.47,447900,3.48,369900,3.57,3.51,3.42,43986200,152220000.0,2.02,2.68,75.62,86.15,3.7,3.02,1.03
三六五网,sz300295,10.18,10.08,10.2,4005800.0,10.18,30100,10.21,3400,0.99,10.34,10.12,4005800,40920000.0,2.39,2.18,17.05,19.3,12.1,8.06,0.6
ST明诚,sh600136,1.89,1.85,1.87,20673600.0,1.88,72400,1.89,1099400,2.16,1.9,1.85,20673600,38690000.0,1.06,2.7,36.72,38.57,1.94,1.76,0.67
青岛金王,sz002094,7.33,7.2,7.28,25036500.0,7.33,129000,7.34,81200,1.81,7.43,7.23,25036500,183730000.0,3.63,2.78,50.61,50.64,7.92,6.48,0.76
安凯客车,sz000868,4.64,4.61,4.65,7805400.0,4.64,96800,4.65,139700,0.65,4.69,4.61,7805400,36320000.0,1.06,1.74,34.03,43.59,5.07,4.15,0.67
天域生物,sh603717,7.28,7.26,7.31,5186700.0,7.28,5200,7.29,14700,0.28,7.4,7.2,5186700,37870000.0,1.79,2.75,21.12,21.12,7.99,6.53,0.6
*ST宝鹰,sz002047,4.91,4.82,4.84,17178800.0,4.91,73500,4.92,112800,1.87,4.98,4.82,17178800,84120000.0,1.13,3.32,74.44,74.45,5.06,4.58,0.47
易明医药,sz002826,21.25,20.94,21.33,7264000.0,21.23,4200,21.25,17700,1.48,21.57,20.85,7264000,154190000.0,4.17,3.44,37.04,40.52,23.03,18.85,0.83
武汉天源,sz301127,16.02,15.85,16.1,8606700.0,16.01,1000,16.02,3500,1.07,16.48,15.9,8606700,139140000.0,1.32,3.66,104.81,107.99,19.02,12.68,0.58
*ST华嵘,sh600421,7.46,7.55,7.53,3001800.0,7.46,51200,7.47,31700,-1.19,7.6,7.41,3001800,22520000.0,1.53,2.52,14.59,14.59,7.93,7.17,0.96
卫宁健康,sz300253,9.52,9.43,9.63,54273200.0,9.51,112600,9.52,62600,0.95,9.69,9.47,54273200,519090000.0,2.97,2.33,173.72,210.92,11.32,7.54,0.59
丽尚国潮,sh600738,5.0,4.97,5.01,12385200.0,5.0,500,5.01,50900,0.6,5.07,4.98,12385200,62240000.0,1.63,1.81,38.03,38.07,5.47,4.47,0.83
和展能源,sz000809,3.37,3.35,3.39,11967000.0,3.37,72100,3.38,115900,0.6,3.41,3.36,11967000,40460000.0,1.45,1.49,27.8,27.8,3.69,3.02,0.78
浙商中拓,sz000906,5.98,5.92,6.05,7829000.0,5.98,139300,5.99,2300,1.01,6.06,5.97,7829000,47110000.0,1.12,1.52,41.93,42.44,6.51,5.33,0.86
中国汽研,sh601965,19.02,18.73,18.9,9934100.0,19.01,4200,19.02,20600,1.55,19.27,18.87,9934100,189540000.0,0.99,2.14,189.9,190.78,20.6,16.86,0.98
创业慧康,sz300451,5.0,4.94,5.08,35422600.0,5.0,137800,5.01,178300,1.21,5.11,4.99,35422600,178460000.0,2.32,2.43,76.33,77.46,5.93,3.95,0.92
飞利信,sz300287,4.82,4.67,4.73,32769600.0,4.82,312500,4.83,249400,3.21,4.9,4.73,32769600,157980000.0,2.49,3.64,63.54,69.18,5.6,3.74,0.97
亨迪药业,sz301211,11.97,11.9,12.07,3078600.0,11.96,600,11.97,9700,0.59,12.1,11.9,3078600,36930000.0,0.74,1.68,49.99,49.99,14.28,9.52,0.68
电科数字,sh600850,26.1,25.83,26.3,7641500.0,26.09,16900,26.1,22300,1.05,26.42,25.94,7641500,200350000.0,1.12,1.86,177.53,177.53,28.41,23.25,0.59
天马新材,bj920971,28.42,28.4,28.79,1505400.0,28.42,1600,28.43,2400,0.07,29.09,28.33,1505400,43207800.0,1.76,2.68,24.36,29.87,36.92,19.88,0.63
华联股份,sz000882,1.84,1.82,1.84,47196300.0,1.84,367000,1.85,4963900,1.1,1.86,1.83,47196300,87080000.0,1.73,1.65,50.33,50.37,2.0,1.64,0.81
利尔达,bj920249,12.96,12.72,12.95,4753000.0,12.95,96800,12.96,36300,1.89,13.11,12.83,4753000,61682500.0,3.81,2.2,16.16,54.64,16.53,8.91,0.98
西藏旅游,sh600749,15.84,15.9,15.99,4146400.0,15.83,56100,15.84,4900,-0.38,16.13,15.8,4146400,66280000.0,1.83,2.08,35.95,35.95,17.49,14.31,0.89
贝瑞基因,sz000710,11.54,11.31,11.47,6308900.0,11.53,26500,11.54,9900,2.03,11.63,11.46,6308900,72820000.0,1.91,1.5,38.03,40.8,12.44,10.18,0.58
惠同新材,bj920751,24.68,24.3,24.7,977000.0,24.56,3100,24.68,900,1.56,25.13,24.49,977000,24210200.0,1.18,2.63,20.48,21.42,31.59,17.01,0.72
国源科技,bj920184,17.94,17.88,18.12,1917400.0,17.94,6300,17.96,5500,0.34,18.19,17.83,1917400,34573800.0,2.15,2.01,16.03,23.79,23.24,12.52,0.87
晶科科技,sh601778,4.69,4.54,4.6,249933000.0,4.68,1191100,4.69,26200,3.3,4.73,4.56,249933000,1166340000.0,7.0,3.74,167.48,167.48,4.99,4.09,1.04
新世界,sh600628,7.59,7.47,7.51,9900800.0,7.58,111000,7.59,52000,1.61,7.67,7.48,9900800,75010000.0,1.53,2.54,49.1,49.1,8.22,6.72,1.19
慈文传媒,sz002343,6.71,6.62,6.75,12511100.0,6.71,247000,6.72,55300,1.36,6.8,6.68,12511100,84310000.0,2.64,1.81,31.78,31.78,7.28,5.96,0.82
金马游乐,sz300756,43.7,43.78,44.01,1799300.0,43.7,3500,43.72,600,-0.18,44.73,43.25,1799300,79100000.0,1.37,3.38,57.35,68.87,52.54,35.02,0.74
烽火电子,sz000561,11.16,11.16,11.27,18278300.0,11.16,51900,11.17,85100,0.0,11.33,11.06,18278300,203960000.0,2.55,2.42,79.95,96.42,12.28,10.04,0.57
信凯科技,sz001335,43.3,43.58,44.19,1171500.0,43.28,1100,43.3,800,-0.64,44.51,42.99,1171500,51170000.0,5.0,3.49,10.15,40.59,47.94,39.22,0.6
实达集团,sh600734,4.17,4.04,4.11,77212200.0,4.16,663500,4.17,1011700,3.22,4.2,4.11,77212200,321100000.0,3.55,2.23,90.82,90.84,4.44,3.64,0.83
京投发展,sh600683,6.9,7.03,7.07,24859300.0,6.9,138900,6.91,13700,-1.85,7.15,6.79,24859300,172080000.0,3.36,5.12,51.11,51.11,7.73,6.33,0.66
京城股份,sh600860,15.86,14.85,14.91,89772600.0,15.85,10600,15.86,1300,6.8,16.34,14.56,89772600,1412960000.0,20.22,11.99,70.42,86.83,16.34,13.37,2.81
京源环保,sh688096,9.44,8.4,8.44,1898872300.0,9.42,4500,9.44,15800,12.38,9.75,8.44,1898872300,174230000.0,8.04,15.6,22.28,22.28,10.08,6.72,2.83
西子洁能,sz002534,19.8,19.58,20.02,18844900.0,19.8,16400,19.81,14400,1.12,20.16,19.6,18844900,374240000.0,2.28,2.86,163.3,165.52,21.54,17.62,0.68
天元智能,sh603273,18.66,18.3,18.31,2425400.0,18.65,200,18.66,74000,1.97,19.13,18.3,2425400,45310000.0,4.33,4.54,10.46,39.99,20.13,16.47,1.31
瑞华泰,sh688323,21.9,22.15,22.7,541943700.0,21.89,9400,21.9,94200,-1.13,22.7,21.5,541943700,119100000.0,3.01,5.42,39.42,39.42,26.58,17.72,0.74
乐创技术,bj920425,23.05,22.7,23.5,2777600.0,23.04,6700,23.05,1900,1.54,24.35,23.02,2777600,65976800.0,4.69,5.86,13.65,16.35,29.51,15.89,1.37
华原股份,bj920837,14.72,14.34,14.55,1889400.0,14.72,15100,14.73,6500,2.65,14.9,14.34,1889400,27595300.000000004,1.38,3.91,20.14,22.33,18.64,10.04,0.75
全通教育,sz300359,5.41,5.18,5.35,17992300.0,5.4,20800,5.41,104800,4.44,5.5,5.3,17992300,97140000.0,2.84,3.86,34.26,34.26,6.22,4.14,1.26
龙大美食,sz002726,3.75,3.82,3.86,26392800.0,3.74,34000,3.75,282800,-1.83,3.87,3.71,26392800,99210000.0,2.45,4.19,40.44,40.47,4.2,3.44,1.58
苏奥传感,sz300507,9.08,8.96,9.11,16781500.0,9.08,41000,9.09,71600,1.34,9.33,9.03,16781500,154080000.0,2.17,3.35,70.37,72.7,10.75,7.17,0.81
长江投资,sh600119,6.2,6.17,6.21,4822600.0,6.2,60000,6.21,8100,0.49,6.32,6.19,4822600,30110000.0,1.32,2.11,22.65,22.65,6.79,5.55,0.56
盛航股份,sz001205,15.66,16.18,16.0,13309700.0,15.66,8800,15.67,2700,-3.21,16.23,15.6,13309700,210820000.0,8.34,3.89,24.98,29.44,17.8,14.56,0.81
同庆楼,sh605108,17.77,17.79,17.98,2486600.0,17.72,4000,17.77,1500,-0.11,18.09,17.49,2486600,44280000.0,0.96,3.37,46.2,46.2,19.57,16.01,0.82
中顺洁柔,sz002511,8.62,8.74,8.82,22378600.0,8.61,28700,8.62,11100,-1.37,8.84,8.58,22378600,193900000.0,1.77,2.97,109.04,110.89,9.61,7.87,0.66
联合精密,sz001268,31.98,32.19,33.0,1153100.0,31.98,8600,32.13,400,-0.65,33.0,31.85,1153100,37130000.0,1.83,3.57,20.13,34.52,35.41,28.97,0.71
神通科技,sh605228,13.21,12.89,13.13,8324600.0,13.2,3000,13.21,13700,2.48,13.49,13.11,8324600,110490000.0,1.74,2.95,63.03,63.3,14.18,11.6,0.9
威贸电子,bj920346,23.25,22.9,23.08,494600.0,23.2,900,23.25,800,1.53,23.5,23.08,494600,11530700.0,1.11,1.83,10.37,18.75,29.77,16.03,0.78
东方精工,sz002611,16.84,16.49,16.76,27514700.0,16.84,201900,16.85,41200,2.12,17.04,16.7,27514700,463730000.0,2.75,2.06,168.77,204.99,18.14,14.84,0.79
阿尔特,sz300825,9.45,9.2,9.4,6519000.0,9.45,16300,9.46,27900,2.72,9.53,9.38,6519000,61630000.0,1.35,1.63,45.78,47.06,11.04,7.36,0.7
佳合科技,bj920392,23.65,23.39,23.51,526800.0,23.65,15700,23.67,0,1.11,23.81,23.42,526800,12450600.0,1.45,1.67,8.61,18.02,30.4,16.38,0.72
宁波方正,sz300998,23.51,23.06,23.4,1766300.0,23.48,1500,23.51,5100,1.95,23.78,23.3,1766300,41560000.0,1.64,2.08,25.32,32.25,27.67,18.45,0.62
科创信息,sz300730,12.66,12.31,12.53,6954400.0,12.65,9400,12.66,22300,2.84,12.81,12.46,6954400,88150000.0,3.6,2.84,24.47,30.53,14.77,9.85,0.97
光庭信息,sz301221,56.95,56.0,57.2,1989000.0,56.95,500,56.96,400,1.7,58.36,56.62,1989000,114440000.0,3.17,3.11,35.72,52.75,67.2,44.8,0.54
中南文化,sz002445,2.78,2.78,0.0,0.0,0.0,0,0.0,0,0.0,0.0,0.0,0,0.0,0.0,0.0,65.79,66.07,3.06,2.5,0.0
智慧农业,sz000816,3.88,3.93,4.0,76555300.0,3.88,507700,3.89,394300,-1.27,4.02,3.85,76555300,299010000.0,5.33,4.33,55.73,56.14,4.32,3.54,0.65
新特电气,sz301120,26.7,27.55,27.64,67310200.0,26.7,22800,26.72,1400,-3.09,29.5,26.37,67310200,1848530000.0,30.79,11.36,58.37,99.17,33.06,22.04,1.4
德众汽车,bj920030,6.37,6.27,6.36,1236300.0,6.35,9800,6.37,7600,1.59,6.39,6.3,1236300,7844600.0,1.1,1.44,7.14,11.39,8.15,4.39,0.54
新赣江,bj920367,20.86,20.76,21.28,778300.0,20.86,6400,20.9,1100,0.48,21.36,20.65,778300,16284300.0,1.85,3.42,8.76,14.78,26.98,14.54,0.74
曲美家居,sh603818,3.7,3.65,3.69,12856300.0,3.69,85300,3.7,50200,1.37,3.76,3.67,12856300,47810000.0,1.87,2.47,25.4,25.4,4.02,3.29,0.87
嘉麟杰,sz002486,2.97,2.95,2.98,23648900.0,2.97,46300,2.98,71600,0.68,3.03,2.96,23648900,70840000.0,2.88,2.37,24.37,24.48,3.25,2.66,0.67
步步高,sz002251,4.63,4.5,4.56,73095200.0,4.62,1448300,4.63,849400,2.89,4.7,4.54,73095200,338190000.0,3.4,3.56,99.66,124.49,4.95,4.05,1.0
利仁科技,sz001259,33.67,32.46,33.11,1652300.0,33.65,700,33.67,1700,3.73,33.88,32.6,1652300,55210000.0,3.48,3.94,16.01,24.78,35.71,29.21,0.69
GQY视讯,sz300076,7.68,7.28,7.4,18630700.0,7.67,25500,7.68,14000,5.49,7.9,7.4,18630700,144210000.0,4.39,6.87,32.56,32.56,8.74,5.82,1.74
兴化股份,sz002109,4.37,4.68,4.61,108731000.0,4.37,25700,4.38,174300,-6.62,4.62,4.21,108731000,471320000.0,8.52,8.76,55.77,55.77,5.15,4.21,1.36
皇庭国际,sz000056,2.01,1.95,1.98,65331400.0,2.0,852800,2.01,1350900,3.08,2.03,1.95,65331400,130370000.0,7.23,4.1,18.16,23.77,2.15,1.76,0.57
浩淼科技,bj920856,15.34,15.17,15.3,594300.0,15.34,10300,15.35,4200,1.12,15.45,15.21,594300,9101900.0,1.12,1.58,8.14,14.59,19.72,10.62,0.67
壹网壹创,sz300792,38.27,38.16,38.95,5639300.0,38.27,50400,38.28,300,0.29,39.11,37.89,5639300,216300000.0,2.65,3.2,81.34,90.68,45.79,30.53,0.56
沪江材料,bj920204,18.65,17.74,17.79,3019500.0,18.65,22100,18.66,1500,5.13,18.65,17.74,3019500,55210700.0,6.04,5.13,9.32,17.58,23.06,12.42,1.59
长亮科技,sz300348,13.14,12.85,13.15,17974400.0,13.13,2100,13.14,37700,2.26,13.37,13.07,17974400,237460000.0,2.53,2.33,93.41,106.79,15.42,10.28,0.81
飞天诚信,sz300386,16.03,15.55,15.85,4923100.0,16.02,15400,16.03,19400,3.09,16.1,15.84,4923100,78750000.0,1.96,1.67,40.2,67.01,18.66,12.44,0.79
ST得润,sz002055,6.22,6.21,6.37,19636400.0,6.21,70600,6.22,68300,0.16,6.42,6.18,19636400,123850000.0,3.31,3.86,36.95,37.6,6.52,5.9,1.06
厚普股份,sz300471,16.31,15.42,15.95,48192900.0,16.31,17600,16.32,2100,5.77,16.8,15.2,48192900,776050000.0,13.15,10.38,59.78,76.68,18.5,12.34,1.14
华测导航,sz300627,35.1,35.14,35.76,11930700.0,35.1,1500,35.11,8600,-0.11,35.9,34.8,11930700,420650000.0,1.84,3.13,227.49,276.2,42.17,28.11,0.69
福成股份,sh600965,5.71,5.81,5.82,12533700.0,5.71,45400,5.72,40600,-1.72,5.89,5.68,12533700,72020000.0,1.53,3.61,46.75,46.75,6.39,5.23,0.9
喜临门,sh603008,19.0,18.94,19.06,4184300.0,18.99,400,19.0,500,0.32,19.25,18.89,4184300,79630000.0,1.14,1.9,69.98,69.98,20.83,17.05,0.59
万里扬,sz002434,8.79,8.66,8.81,16802300.0,8.78,34500,8.79,56800,1.5,8.86,8.73,16802300,147620000.0,1.28,1.5,115.27,115.38,9.53,7.79,0.66
英唐智控,sz300131,13.75,13.56,13.93,38776300.0,13.75,58200,13.76,34800,1.4,14.15,13.65,38776300,538530000.0,3.72,3.69,143.31,156.07,16.27,10.85,0.64
ST宁科,sh600165,3.75,3.73,3.74,4471000.0,3.74,121400,3.75,200900,0.54,3.78,3.73,4471000,16750000.0,0.61,1.34,27.48,60.6,3.92,3.54,0.65
工大高科,sh688367,34.95,34.67,35.25,318755400.0,34.75,3200,34.95,5400,0.81,35.6,34.1,318755400,111030000.0,3.64,4.33,30.62,30.62,41.6,27.74,1.23
天目湖,sh603136,11.5,11.41,11.54,3556400.0,11.48,5000,11.5,700,0.79,11.66,11.45,3556400,41140000.0,1.32,1.84,31.06,31.06,12.55,10.27,0.77
卓郎智能,sh600545,3.77,3.43,3.77,18758500.0,3.77,44552700,0.0,0,9.91,3.77,3.77,18758500,70720000.0,1.05,0.0,67.4,67.4,3.77,3.09,0.11
金盘科技,sh688676,101.18,95.58,98.7,2484193300.0,101.18,47300,101.19,18000,5.86,105.65,98.06,2484193300,2530690000.0,5.4,7.94,465.21,465.21,114.7,76.46,1.63
玉马科技,sz300993,13.1,12.96,13.14,2593300.0,13.1,500,13.11,30000,1.08,13.24,13.06,2593300,34100000.0,1.08,1.39,31.54,40.37,15.55,10.37,0.52
新宏泽,sz002836,13.96,13.71,13.94,2477700.0,13.96,6000,13.97,18900,1.82,14.12,13.83,2477700,34600000.0,1.08,2.12,32.16,32.16,15.08,12.34,0.66
均胜电子,sh600699,26.49,25.94,26.4,25923900.0,26.49,75200,26.5,28500,2.12,26.84,26.12,25923900,686320000.0,1.91,2.78,358.95,410.8,28.53,23.35,0.95
中大力德,sz002896,77.55,77.16,78.69,2885400.0,77.52,1500,77.55,1900,0.51,78.88,77.23,2885400,225020000.0,1.47,2.14,152.4,152.4,84.88,69.44,0.56
美心翼申,bj920833,20.86,19.68,19.8,2948700.0,20.85,42300,20.86,12800,6.0,20.86,19.22,2948700,58991400.0,4.72,8.33,13.03,17.18,25.58,13.78,0.86
科拜尔,bj920066,25.76,26.21,26.18,1111500.0,25.76,20800,25.79,200,-1.72,26.45,25.68,1111500,28787100.0,5.59,2.94,5.12,16.19,34.07,18.35,0.8
韩建河山,sh603616,7.17,7.35,7.2,54636800.0,7.16,83200,7.17,81600,-2.45,7.34,7.03,54636800,391980000.0,14.22,4.22,27.55,28.06,8.09,6.62,1.21
红相股份,sz300427,14.79,14.24,14.24,91510300.0,14.79,265100,14.8,349200,3.86,15.22,14.24,91510300,1358390000.0,18.19,6.88,74.39,75.21,17.09,11.39,1.42
三祥科技,bj920195,20.71,20.49,20.78,690600.0,20.71,7700,20.72,600,1.07,20.85,20.52,690600,14299200.0,0.98,1.61,14.65,20.3,26.63,14.35,0.46
西域旅游,sz300859,37.66,37.72,38.1,4924400.0,37.66,5500,37.68,100,-0.16,38.55,37.41,4924400,187550000.0,3.18,3.02,58.37,58.37,45.26,30.18,1.24
*ST东晶,sz002199,7.93,7.77,7.93,2127600.0,7.93,27400,7.94,9800,2.06,7.96,7.78,2127600,16800000.0,0.87,2.32,19.3,19.3,8.16,7.38,0.82
安居宝,sz300155,5.16,5.05,5.16,9827400.0,5.15,29200,5.16,106700,2.18,5.22,5.12,9827400,50800000.0,2.97,1.98,17.07,28.96,6.06,4.04,0.86
广脉科技,bj920924,22.11,21.76,22.49,2170100.0,22.06,17500,22.11,2400,1.61,22.59,21.71,2170100,48028400.0,3.32,4.04,14.45,23.72,28.28,15.24,0.65
维康药业,sz300878,27.81,27.82,28.44,1123100.0,27.8,900,27.81,5400,-0.04,28.5,27.62,1123100,31410000.0,0.78,3.16,40.08,40.27,33.38,22.26,0.4
五洲医疗,sz301234,39.72,41.09,41.29,975400.0,39.71,8000,39.72,200,-3.33,41.85,39.4,975400,39430000.0,2.43,5.96,15.96,27.01,49.31,32.87,0.66
赤天化,sh600227,2.99,3.2,3.06,178065400.0,2.99,1776900,3.0,225400,-6.56,3.13,2.92,178065400,533310000.0,13.94,6.56,38.2,50.49,3.52,2.88,0.82
方直科技,sz300235,13.07,13.07,13.23,5306900.0,13.07,8800,13.08,21800,0.0,13.5,13.05,5306900,69850000.0,2.61,3.44,26.55,32.9,15.68,10.46,0.78
哈森股份,sh603958,19.17,19.26,19.74,7499800.0,19.17,25600,19.18,400,-0.47,19.75,19.11,7499800,144940000.0,3.42,3.32,42.05,42.05,21.19,17.33,0.52
赛伍技术,sh603212,14.64,14.12,14.41,23057000.0,14.64,26200,14.65,99600,3.68,14.89,14.22,23057000,334790000.0,5.27,4.75,64.05,64.05,15.53,12.71,0.99
海联讯,sz300277,25.39,22.18,22.96,87184100.0,25.39,6800,25.4,157600,14.47,26.35,22.68,87184100,2168470000.0,11.36,16.55,194.84,385.07,26.62,17.74,1.15
建邦科技,bj920242,26.64,26.42,26.73,245600.0,26.64,12900,26.73,1000,0.83,26.95,26.52,245600,6558300.0,0.66,1.63,9.86,17.53,34.34,18.5,0.47
ST赛为,sz300044,8.05,7.55,7.5,40812200.0,8.04,14900,8.05,21400,6.62,8.19,7.45,40812200,320270000.0,5.7,9.8,57.59,61.49,9.06,6.04,0.82
普邦股份,sz002663,2.27,2.16,2.19,69181900.0,2.27,131400,2.28,784100,5.09,2.34,2.19,69181900,156880000.0,5.35,6.94,29.35,39.12,2.38,1.94,1.63
盐津铺子,sz002847,59.56,60.32,60.85,3200600.0,59.56,4300,59.57,900,-1.26,61.18,59.0,3200600,192270000.0,1.31,3.61,145.23,162.43,66.35,54.29,1.05
*ST凯鑫,sz300899,41.03,39.53,39.5,2328700.0,41.02,1100,41.03,800,3.79,42.56,39.0,2328700,95340000.0,5.69,9.01,16.8,26.17,47.44,31.62,1.68
纽泰格,sz301229,19.19,18.9,19.18,3183800.0,19.17,100,19.19,3900,1.53,19.47,19.01,3183800,61290000.0,2.46,2.43,24.79,34.88,22.68,15.12,0.87
日海智能,sz002313,9.32,9.11,9.4,12021400.0,9.32,16400,9.33,27800,2.31,9.52,9.15,12021400,112880000.0,3.21,4.06,34.89,34.89,10.02,8.2,1.33
*ST恒久,sz002808,4.66,4.63,4.67,2140500.0,4.65,18500,4.66,9000,0.65,4.77,4.63,2140500,10010000.0,1.3,3.02,7.69,12.53,4.86,4.4,0.6
华鹏飞,sz300350,6.64,6.73,6.66,54457700.0,6.64,75000,6.65,45300,-1.34,6.83,6.52,54457700,362650000.0,11.55,4.61,31.31,37.32,8.08,5.38,1.52
旷达科技,sz002516,6.21,6.12,6.22,13358100.0,6.2,66500,6.21,100000,1.47,6.3,6.18,13358100,83290000.0,0.91,1.96,90.72,91.34,6.73,5.51,0.64
风光股份,sz301100,21.28,21.05,21.98,4238900.0,21.28,5100,21.29,700,1.09,22.09,21.19,4238900,91840000.0,4.84,4.28,18.62,42.56,25.26,16.84,0.53
宏辉果蔬,sh603336,9.6,9.57,9.57,18189000.0,9.59,3000,9.6,5200,0.31,10.05,9.5,18189000,177090000.0,2.99,5.75,58.44,58.44,10.53,8.61,1.17
通灵股份,sz301168,40.4,40.05,40.57,914200.0,40.36,100,40.4,100,0.87,41.0,40.01,914200,36950000.0,0.96,2.47,38.51,48.48,48.06,32.04,0.49
长春一东,sh600148,19.3,18.95,19.27,1857300.0,19.3,10800,19.32,2000,1.85,19.53,19.15,1857300,35960000.0,1.31,2.01,27.31,27.31,20.85,17.06,0.64
园林股份,sh605303,16.98,16.87,17.0,2685700.0,16.98,4400,17.01,700,0.65,17.6,16.87,2685700,46230000.0,1.67,4.33,27.38,27.38,18.56,15.18,0.78
瑞康医药,sz002589,3.14,3.08,3.13,31545200.0,3.13,419700,3.14,756900,1.95,3.15,3.1,31545200,98680000.0,2.31,1.62,42.88,47.25,3.39,2.77,0.82
中瑞股份,sz301587,23.64,22.99,23.5,2514200.0,23.64,4900,23.65,3000,2.83,23.88,23.33,2514200,59530000.0,3.42,2.39,17.36,34.83,27.59,18.39,1.05
节能环境,sz300140,7.82,7.5,7.59,57472900.0,7.82,80500,7.83,124800,4.27,7.87,7.59,57472900,446060000.0,5.63,3.73,79.77,242.35,9.0,6.0,1.44
天工股份,bj920068,21.06,21.48,21.3,3273100.0,21.05,17600,21.06,1200,-1.96,21.47,20.82,3273100,68874200.0,5.22,3.03,13.21,138.07,27.92,15.04,0.42
凌志软件,sh688588,12.83,12.65,12.85,343508600.0,12.82,3000,12.83,10400,1.42,12.98,12.76,343508600,44270000.0,0.86,1.74,51.32,51.32,15.18,10.12,0.64
兴通股份,sh603209,16.1,16.17,16.01,12329400.0,16.09,11600,16.1,8500,-0.43,16.31,15.84,12329400,197800000.0,3.84,2.91,51.76,52.33,17.79,14.55,0.7
旋极信息,sz300324,5.3,5.13,5.21,52824200.0,5.3,359500,5.31,542400,3.31,5.35,5.21,52824200,279920000.0,3.09,2.73,90.63,91.56,6.16,4.1,0.85
ST银江,sz300020,4.68,4.56,4.64,17147400.0,4.67,150000,4.68,10700,2.63,4.73,4.64,17147400,80410000.0,2.24,1.97,35.88,37.19,5.47,3.65,0.9
ST信通,sh600289,7.15,6.93,6.96,5992300.0,7.14,5900,7.15,35100,3.17,7.2,6.96,5992300,42580000.0,1.06,3.46,40.46,45.12,7.28,6.58,0.66
粤 传 媒,sz002181,9.95,9.75,9.95,29734400.0,9.94,83400,9.95,83600,2.05,10.08,9.92,29734400,296800000.0,2.62,1.64,112.89,115.53,10.73,8.78,0.76
世昌股份,bj920022,29.29,29.07,29.2,395500.0,29.28,100,29.29,600,0.76,29.65,29.03,395500,11564700.0,2.38,2.13,4.87,17.67,37.79,20.35,0.92
万达信息,sz300168,6.13,6.04,6.15,14768900.0,6.12,37800,6.13,89000,1.49,6.19,6.09,14768900,90690000.0,1.03,1.66,88.22,88.31,7.25,4.83,0.63
恒宇信通,sz300965,58.12,59.35,59.73,1108300.0,58.1,100,58.12,2700,-2.07,59.8,57.7,1108300,64740000.0,1.99,3.54,32.38,34.87,71.22,47.48,0.68
四维图新,sz002405,10.78,10.13,10.33,133790000.0,10.78,549000,10.79,306200,6.42,10.88,10.32,133790000,1419850000.0,5.68,5.53,253.96,255.56,11.14,9.12,1.48
华菱线缆,sz001208,22.38,21.32,21.83,31178200.0,22.37,33500,22.38,46500,4.97,22.8,21.67,31178200,697050000.0,11.84,5.3,58.95,142.86,23.45,19.19,0.95
木林森,sz002745,8.63,8.19,8.45,117091800.0,8.63,50700,8.65,1200,5.37,9.01,8.44,117091800,1036860000.0,11.0,6.96,91.88,128.08,9.01,7.37,3.05
丽江股份,sz002033,9.16,9.1,9.19,11687500.0,9.16,16700,9.17,100,0.66,9.28,9.14,11687500,107550000.0,2.13,1.54,50.33,50.33,10.01,8.19,0.88
克莱特,bj920689,32.29,32.33,32.93,1275000.0,32.17,400,32.29,300,-0.12,33.06,31.86,1275000,41439399.99999999,3.36,3.71,12.25,23.7,42.02,22.64,0.47
高凌信息,sh688175,35.8,36.1,36.12,249405600.0,35.77,200,35.8,500,-0.83,37.9,35.37,249405600,90650000.0,1.93,7.01,46.3,46.3,43.32,28.88,1.18
登康口腔,sz001328,34.89,36.34,35.98,2283600.0,34.88,200,34.89,4700,-3.99,36.48,34.6,2283600,80720000.0,4.96,5.17,16.06,60.07,39.97,32.71,0.95
航天发展,sz000547,31.61,29.35,29.99,311613100.0,31.6,284400,31.61,491000,7.7,32.29,29.0,311613100,9517460000.0,19.61,11.21,502.32,505.28,32.29,26.42,1.14
永安行,sh603776,19.4,19.0,19.2,4091400.0,19.39,52600,19.4,40000,2.11,19.49,19.05,4091400,79100000.0,1.46,2.32,54.47,54.47,20.9,17.1,0.81
华英农业,sz002321,2.29,2.32,2.33,40906400.0,2.28,1281700,2.29,1146000,-1.29,2.34,2.27,40906400,93800000.0,1.93,3.02,48.64,48.84,2.55,2.09,1.06
广百股份,sz002187,6.79,6.7,6.77,13483600.0,6.78,9100,6.79,119800,1.34,6.86,6.72,13483600,91740000.0,1.92,2.09,47.59,47.59,7.37,6.03,0.84
纳尔股份,sz002825,10.78,10.48,10.66,5153200.0,10.77,2600,10.78,2900,2.86,10.95,10.63,5153200,55590000.0,2.01,3.05,27.66,36.82,11.53,9.43,0.98
太龙股份,sz300650,17.08,16.57,16.98,8676200.0,17.07,20500,17.08,26800,3.08,17.54,16.9,8676200,149680000.0,5.09,3.86,29.09,37.28,19.88,13.26,0.91
申华控股,sh600653,1.88,1.85,1.86,20476700.0,1.87,3087700,1.88,297800,1.62,1.89,1.85,20476700,38450000.0,1.05,2.16,36.59,36.59,2.04,1.67,0.54
国义招标,bj920039,11.03,10.93,10.99,1122300.0,11.03,24700,11.05,2200,0.91,11.13,10.98,1122300,12402000.0,0.73,1.37,16.97,16.97,14.2,7.66,0.61
红豆股份,sh600400,2.22,2.2,2.22,24279200.0,2.22,1558300,2.23,358800,0.91,2.25,2.21,24279200,54100000.0,1.06,1.82,50.87,50.87,2.42,1.98,0.83
全筑股份,sh603030,2.63,2.6,2.63,21397600.0,2.63,473100,2.64,5500,1.15,2.67,2.62,21397600,56620000.0,1.62,1.92,34.64,34.64,2.86,2.34,0.74
锐明技术,sz002970,78.61,77.9,78.81,7715400.0,78.61,500,78.62,300,0.91,80.99,77.28,7715400,609830000.0,6.26,4.76,96.93,142.0,85.69,70.11,1.17
日盈电子,sh603286,58.68,59.15,60.43,3552200.0,58.68,1200,58.7,1000,-0.79,60.49,58.0,3552200,209520000.0,3.08,4.21,67.73,68.89,65.07,53.24,0.74
球冠电缆,bj920682,9.8,9.47,9.56,11083600.0,9.79,4900,9.8,26200,3.48,9.96,9.53,11083600,108211600.0,5.89,4.54,18.44,31.8,12.31,6.63,1.83
金字火腿,sz002515,5.77,5.7,5.75,17092900.0,5.77,400,5.78,74400,1.23,5.86,5.72,17092900,98890000.0,1.41,2.46,69.85,69.85,6.27,5.13,0.78
天地在线,sz002995,23.31,23.26,23.69,8421900.0,23.31,48100,23.33,7100,0.21,23.74,23.16,8421900,196950000.0,7.49,2.49,26.2,41.36,25.59,20.93,0.66
华秦科技,sh688281,89.63,90.76,92.82,258400900.0,89.6,1300,89.63,700,-1.25,92.97,87.98,258400900,232910000.0,0.95,5.5,244.31,244.31,108.91,72.61,0.67
*ST金灵,sz300091,2.98,2.91,2.92,12647800.0,2.97,213100,2.98,632700,2.41,2.99,2.92,12647800,37560000.0,0.77,2.41,48.74,84.69,3.49,2.33,0.56
同益中,sh688722,18.32,18.26,18.55,359682400.0,18.32,2800,18.33,3200,0.33,18.81,18.17,359682400,66510000.0,1.6,3.5,41.06,41.16,21.91,14.61,0.52
大明电子,sh603376,35.49,35.41,35.55,960000.0,35.48,3900,35.49,1200,0.23,35.79,35.43,960000,34210000.0,3.09,1.02,11.02,141.96,38.95,31.87,0.55
天阳科技,sz300872,17.22,16.99,17.34,8821900.0,17.21,300,17.23,28100,1.35,17.63,17.07,8821900,152920000.0,2.09,3.3,72.68,84.05,20.39,13.59,0.67
汉维科技,bj920957,13.01,12.78,12.77,523600.0,13.01,13700,13.02,2000,1.8,13.14,12.77,523600,6806700.0,1.23,2.9,5.56,13.96,16.61,8.95,0.59
盛路通信,sz002446,10.79,10.42,10.58,41418700.0,10.79,93600,10.8,317100,3.55,10.8,10.55,41418700,442240000.0,4.89,2.4,91.48,98.77,11.46,9.38,0.66
千里科技,sh601777,10.42,10.18,10.38,30091000.0,10.42,205800,10.43,29700,2.36,10.65,10.26,30091000,313850000.0,0.67,3.83,471.1,471.1,11.2,9.16,0.62
豪能股份,sh603809,11.93,11.8,11.93,12177000.0,11.93,68000,11.94,28300,1.1,12.07,11.87,12177000,145710000.0,1.32,1.69,109.79,109.79,12.98,10.62,0.71
健盛集团,sh603558,11.47,11.37,11.59,2724500.0,11.47,3600,11.5,2300,0.88,11.63,11.43,2724500,31460000.0,0.8,1.76,39.3,39.3,12.51,10.23,0.78
恒工精密,sz301261,81.1,80.57,82.5,1227000.0,81.09,100,81.1,1200,0.66,82.79,80.3,1227000,100090000.0,3.27,3.09,30.4,71.28,96.68,64.46,0.73
联迪信息,bj920790,30.53,30.2,30.64,675500.0,30.53,12900,30.54,3000,1.09,30.89,30.12,675500,20617199.999999996,1.24,2.55,16.59,24.11,39.26,21.14,0.61
金橙子,sh688291,46.99,45.51,46.5,263055200.0,46.99,0,47.0,3100,3.25,47.36,45.6,263055200,122420000.0,2.56,3.87,48.24,48.24,54.61,36.41,0.66
中广核技,sz000881,8.54,8.41,8.49,17615000.0,8.54,24700,8.55,13300,1.55,8.64,8.48,17615000,150700000.0,1.95,1.9,77.18,80.74,9.25,7.57,1.02
兰石重装,sh603169,11.28,11.08,11.18,52684200.0,11.28,281100,11.29,58500,1.81,11.53,11.05,52684200,594470000.0,4.03,4.33,147.35,147.35,12.19,9.97,0.85
天府文旅,sz000558,4.68,4.57,4.65,34654800.0,4.67,160400,4.68,595000,2.41,4.75,4.62,34654800,162420000.0,2.69,2.84,60.31,60.34,5.03,4.11,0.95
创业黑马,sz300688,28.0,27.8,28.38,3450700.0,28.0,600,28.01,8200,0.72,28.55,27.89,3450700,97190000.0,2.33,2.37,41.55,46.87,33.36,22.24,0.49
中科江南,sz301153,21.29,20.66,21.05,4651500.0,21.29,13100,21.3,33400,3.05,21.57,21.02,4651500,98940000.0,1.41,2.66,70.09,75.12,24.79,16.53,0.84
乖宝宠物,sz301498,58.2,58.1,58.88,2073300.0,58.2,3800,58.21,5200,0.17,59.98,57.77,2073300,121380000.0,1.16,3.8,104.44,233.08,69.72,46.48,0.98
皇台酒业,sz000995,15.03,14.95,15.12,12382700.0,15.02,51200,15.03,20100,0.54,15.25,14.95,12382700,186830000.0,6.98,2.01,26.66,26.66,16.45,13.46,0.62
天地源,sh600665,3.46,3.43,3.46,11415000.0,3.45,61300,3.46,1400,0.87,3.51,3.42,11415000,39470000.0,1.32,2.62,29.9,29.9,3.77,3.09,1.09
好想你,sz002582,11.2,11.14,11.25,12632400.0,11.19,10100,11.2,53600,0.54,11.35,11.14,12632400,141980000.0,3.67,1.89,38.56,50.14,12.25,10.03,0.7
百利科技,sh603959,6.06,6.03,6.0,21060900.0,6.05,112700,6.06,76200,0.5,6.36,6.0,21060900,129070000.0,4.3,5.97,29.71,29.71,6.63,5.43,0.79
高伟达,sz300465,17.1,16.82,17.13,11156000.0,17.1,81700,17.11,6900,1.66,17.4,16.97,11156000,191780000.0,2.51,2.56,75.88,75.88,20.18,13.46,0.88
大地电气,bj920436,16.23,16.11,16.28,656000.0,16.21,4900,16.23,600,0.74,16.38,16.08,656000,10647800.0,0.74,1.86,14.42,15.33,20.94,11.28,0.84
厦门信达,sz000701,6.18,5.93,6.03,18516300.0,6.18,47300,6.19,45000,4.22,6.2,5.99,18516300,113670000.0,2.77,3.54,41.27,41.3,6.52,5.34,1.11
金发科技,sh600143,18.07,17.65,17.98,46580500.0,18.06,69700,18.07,28800,2.38,18.35,17.93,46580500,843790000.0,1.77,2.38,476.11,476.11,19.42,15.89,0.77
绿亨科技,bj920866,8.8,9.25,9.05,7745600.0,8.8,16500,8.81,47200,-4.86,9.09,8.51,7745600,67768800.0,8.27,6.27,8.24,15.86,12.02,6.48,1.52
卓越新能,sh688196,90.91,84.0,84.0,359421100.0,90.91,1400,91.0,4200,8.23,95.0,82.99,359421100,316110000.0,3.0,14.3,109.09,115.63,100.8,67.2,1.79
沃格光电,sh603773,39.67,36.06,37.86,7760200.0,39.67,3090500,0.0,0,10.01,39.67,37.86,7760200,303870000.0,3.46,5.02,89.09,89.12,39.67,32.45,0.66
通易航天,bj920642,14.96,15.25,14.99,3772800.0,14.96,3300,14.97,12800,-1.9,15.18,14.8,3772800,56457000.0,3.77,2.49,14.95,15.51,19.82,10.68,0.91
大连重工,sz002204,7.1,6.91,7.03,29284000.0,7.1,206400,7.11,91900,2.75,7.17,7.02,29284000,208260000.0,1.52,2.17,137.13,137.13,7.6,6.22,0.74
亚盛集团,sh600108,5.02,5.29,5.66,557699600.0,5.01,1595100,5.02,128500,-5.1,5.66,4.9,557699600,2913430000.0,28.65,14.37,97.74,97.74,5.82,4.76,2.47
*ST东易,sz002713,9.73,9.27,9.52,10980900.0,9.73,1254600,0.0,0,4.96,9.73,9.39,10980900,105380000.0,2.09,3.67,51.23,92.57,9.73,8.81,0.5
中创环保,sz300056,10.23,9.82,9.93,27566400.0,10.23,33600,10.24,215600,4.18,10.48,9.74,27566400,280230000.0,7.16,7.54,39.4,39.44,11.78,7.86,1.08
艾芬达,sz301575,48.28,47.91,48.09,327000.0,48.28,400,48.29,100,0.77,48.55,48.0,327000,15800000.0,1.98,1.15,7.98,41.84,57.49,38.33,0.51
华培动力,sh603121,25.7,25.7,0.0,0.0,0.0,0,0.0,0,0.0,0.0,0.0,0,0.0,0.0,0.0,87.0,87.0,28.27,23.13,0.0
爱婴室,sh603214,16.94,17.61,17.8,13110100.0,16.93,1600,16.94,22700,-3.8,17.83,16.87,13110100,224970000.0,9.46,5.45,23.47,23.47,19.37,15.85,1.42
奥美森,bj920080,26.61,26.3,26.49,469300.0,26.54,200,26.61,0,1.18,26.73,26.33,469300,12445200.0,2.07,1.52,6.03,22.09,34.19,18.41,0.72
润农节水,bj920964,6.87,7.02,6.98,5655600.0,6.87,20000,6.88,98000,-2.14,6.98,6.78,5655600,38713000.0,3.83,2.85,10.15,17.94,9.12,4.92,0.89
万源通,bj920060,32.74,32.98,33.69,3815600.0,32.73,5700,32.74,3300,-0.73,33.94,32.66,3815600,127541200.00000001,4.02,3.88,31.05,49.78,42.87,23.09,0.51
华平股份,sz300074,4.61,4.46,4.55,19929400.0,4.6,17000,4.61,48100,3.36,4.7,4.54,19929400,92150000.0,3.63,3.59,25.34,25.36,5.35,3.57,1.19
通达电气,sh603390,12.58,12.32,12.48,4283600.0,12.57,13900,12.58,400,2.11,12.72,12.45,4283600,54010000.0,1.22,2.19,44.09,44.24,13.55,11.09,0.8
巨能股份,bj920578,22.41,21.7,22.1,763600.0,22.41,8300,22.43,2600,3.27,22.57,21.85,763600,16944400.0,3.32,3.32,5.15,17.14,28.21,15.19,0.73
新风光,sh688663,57.13,56.42,56.99,497636300.0,57.12,700,57.13,10200,1.26,58.28,56.18,497636300,285230000.0,3.52,3.72,80.82,80.82,67.7,45.14,0.69
飞马国际,sz002210,3.05,2.99,3.03,59603000.0,3.04,850000,3.05,513700,2.01,3.08,3.0,59603000,181270000.0,2.24,2.68,81.02,81.17,3.29,2.69,0.85
晶华新材,sh603683,23.64,23.5,23.54,13271200.0,23.64,5200,23.65,8700,0.6,24.28,23.35,13271200,316110000.0,4.62,3.96,67.92,68.65,25.85,21.15,2.04
能科科技,sh603859,43.43,42.63,44.2,6116700.0,43.43,2300,43.44,6400,1.88,44.49,43.17,6116700,267420000.0,2.5,3.1,106.27,106.27,46.89,38.37,0.51
天威视讯,sz002238,7.68,7.51,7.65,11528400.0,7.68,174500,7.69,43300,2.26,7.76,7.59,11528400,88450000.0,1.44,2.26,61.64,61.64,8.26,6.76,0.68
坤博精工,bj920570,34.84,33.28,33.39,1129800.0,34.8,300,34.84,3600,4.69,35.88,33.39,1129800,39543600.0,4.64,7.48,8.48,17.48,43.26,23.3,2.14
金健米业,sh600127,7.0,7.36,7.03,68546000.0,6.99,114500,7.0,558000,-4.89,7.18,6.97,68546000,481460000.0,10.68,2.85,44.92,44.92,8.1,6.62,1.27
禾元生物-U,sh688765,70.33,70.21,70.85,65110600.0,70.33,1800,70.35,300,0.17,71.0,70.25,65110600,45950000.0,1.59,1.07,28.82,251.43,84.25,56.17,0.45
招标股份,sz301136,16.54,16.65,16.82,6865500.0,16.53,28800,16.54,3400,-0.66,16.99,16.46,6865500,114400000.0,2.49,3.18,45.52,45.52,19.98,13.32,0.56
宜通世纪,sz300310,6.47,6.26,6.4,29876400.0,6.46,120500,6.47,34300,3.35,6.55,6.4,29876400,193670000.0,4.32,2.4,44.77,57.04,7.51,5.01,0.74
ST新动力,sz300152,2.29,2.27,2.28,26620000.0,2.28,841700,2.29,64400,0.88,2.33,2.27,26620000,61220000.0,3.74,2.64,16.32,16.32,2.72,1.82,0.68
华峰超纤,sz300180,6.73,6.54,6.68,60299200.0,6.73,317800,6.74,192200,2.91,6.85,6.67,60299200,407960000.0,3.52,2.75,115.26,118.52,7.85,5.23,1.24
盛视科技,sz002990,25.92,25.39,26.29,2566100.0,25.91,400,25.92,2000,2.09,26.6,25.82,2566100,67200000.0,1.91,3.07,34.76,67.87,27.93,22.85,0.73
风神股份,sh600469,7.25,7.19,7.42,9921900.0,7.24,80400,7.25,17100,0.83,7.44,7.19,9921900,72220000.0,1.36,3.48,52.89,64.53,7.91,6.47,0.69
锋尚文化,sz300860,25.95,26.25,26.48,2958200.0,25.95,7400,25.96,1000,-1.14,26.6,25.92,2958200,77480000.0,2.7,2.59,28.39,48.9,31.5,21.0,1.06
方正阀门,bj920082,18.17,17.93,17.9,4621800.0,18.17,5000,18.19,1100,1.34,18.7,17.71,4621800,83820500.0,11.68,5.52,7.19,26.41,23.3,12.56,0.91
中科金财,sz002657,25.23,24.5,25.26,15458600.0,25.22,8300,25.23,13500,2.98,25.87,25.1,15458600,393750000.0,4.6,3.14,84.8,85.8,26.95,22.05,1.17
华纺股份,sh600448,3.31,3.19,3.24,25438500.0,3.3,128900,3.31,56700,3.76,3.33,3.24,25438500,83660000.0,4.04,2.82,20.85,20.85,3.51,2.87,1.41
旺成科技,bj920896,19.46,19.14,19.41,679900.0,19.46,1800,19.47,5000,1.67,19.65,19.28,679900,13242700.0,1.53,1.93,8.62,19.7,24.88,13.4,0.7
汇隆活塞,bj920455,8.82,8.63,8.69,1851800.0,8.81,1900,8.82,5200,2.2,8.9,8.65,1851800,16271500.0,1.98,2.9,8.26,15.65,11.21,6.05,0.88
鸿日达,sz301285,85.26,81.5,83.24,3491800.0,85.26,1400,85.31,200,4.61,87.35,81.6,3491800,295680000.0,4.45,7.06,66.93,176.21,97.8,65.2,0.96
兆新股份,sz002256,3.71,3.62,3.66,77702800.0,3.7,642600,3.71,416400,2.49,3.76,3.66,77702800,288820000.0,3.98,2.76,72.39,73.98,3.98,3.26,1.08
长江能科,bj920158,21.24,20.3,19.1,16401800.0,21.24,38700,21.25,100,4.63,24.58,19.01,16401800,349830899.99999994,43.0,27.44,8.1,30.28,26.39,14.21,1.39
中化装备,sh600579,9.26,9.11,9.29,11046600.0,9.25,15500,9.26,11800,1.65,9.37,9.22,11046600,102700000.0,2.24,1.65,45.71,45.71,10.02,8.2,0.88
*ST椰岛,sh600238,5.45,5.29,5.38,4423500.0,5.45,11400,5.46,91100,3.02,5.48,5.33,4423500,24040000.0,0.99,2.84,24.27,24.43,5.55,5.03,0.73
西王食品,sz000639,2.74,2.72,2.77,24898400.0,2.74,112100,2.75,211100,0.74,2.78,2.72,24898400,68580000.0,2.31,2.21,29.58,29.58,2.99,2.45,0.67
马应龙,sh600993,25.93,26.08,26.25,4739500.0,25.93,8100,25.94,5300,-0.58,26.36,25.88,4739500,123640000.0,1.1,1.84,111.58,111.77,28.69,23.47,1.16
ST加加,sz002650,6.52,6.38,6.38,3076100.0,6.52,30800,6.53,77000,2.19,6.56,6.38,3076100,19990000.0,0.28,2.82,72.18,72.18,6.7,6.06,0.52
佳都科技,sh600728,6.35,6.15,6.28,48132400.0,6.35,30000,6.36,462600,3.25,6.37,6.22,48132400,303140000.0,2.26,2.44,135.42,135.42,6.77,5.54,0.83
动力新科,sh600841,9.96,9.9,9.95,24646200.0,9.95,6200,9.96,6400,0.61,10.37,9.86,24646200,247190000.0,2.36,5.15,103.89,138.23,10.89,8.91,0.62
群兴玩具,sz002575,7.09,6.93,7.07,35830100.0,7.08,149000,7.09,90300,2.31,7.19,6.91,35830100,252770000.0,6.12,4.04,41.51,43.71,7.62,6.24,0.5
梅雁吉祥,sh600868,3.86,3.76,3.81,109012800.0,3.85,223800,3.86,569300,2.66,3.9,3.79,109012800,419030000.0,5.74,2.93,73.27,73.27,4.14,3.38,0.76
江苏雷利,sz300660,47.14,46.94,47.7,4315800.0,47.13,37400,47.14,6100,0.43,48.0,46.85,4315800,204780000.0,0.97,2.45,210.61,210.78,56.33,37.55,0.68
味知香,sh605089,26.66,26.77,26.98,714900.0,26.64,10000,26.66,1900,-0.41,27.1,26.56,714900,19170000.0,0.52,2.02,36.79,36.79,29.45,24.09,0.53
富临运业,sz002357,16.09,16.04,15.84,30940800.0,16.09,55000,16.12,3400,0.31,16.46,15.5,30940800,495770000.0,9.87,5.99,50.44,50.44,17.64,14.44,1.5
华神科技,sz000790,4.02,3.96,4.0,10921600.0,4.01,8300,4.02,76500,1.52,4.07,3.99,10921600,43950000.0,1.75,2.02,25.03,25.07,4.36,3.56,0.72
一鸣食品,sh605179,18.22,18.11,18.13,2149500.0,18.21,4200,18.22,7800,0.61,18.36,18.13,2149500,39250000.0,0.54,1.27,73.06,73.06,19.92,16.3,0.7
金陵药业,sz000919,7.18,7.14,7.21,7441400.0,7.18,4400,7.19,45000,0.56,7.28,7.17,7441400,53770000.0,1.2,1.54,44.64,44.65,7.85,6.43,0.8
泰慕士,sz001234,29.3,28.89,29.25,2208800.0,29.29,300,29.3,35000,1.42,29.33,28.75,2208800,64270000.0,2.41,2.01,26.82,32.06,31.78,26.0,0.89
精锻科技,sz300258,14.16,13.99,14.3,17578000.0,14.16,62800,14.17,7200,1.22,14.46,14.07,17578000,250850000.0,3.08,2.79,80.7,82.84,16.79,11.19,0.6
旗天科技,sz300061,9.47,9.22,9.4,10861600.0,9.47,71600,9.48,3900,2.71,9.65,9.39,10861600,103510000.0,1.75,2.82,58.92,62.41,11.06,7.38,0.85
桂发祥,sz002820,11.3,11.27,11.44,4144100.0,11.3,43200,11.31,4100,0.27,11.54,11.27,4144100,47150000.0,2.06,2.4,22.7,22.7,12.4,10.14,0.67
ST起步,sh603557,3.41,3.41,3.45,10513100.0,3.4,30000,3.41,92800,0.0,3.54,3.38,10513100,36200000.0,1.69,4.69,21.26,21.26,3.58,3.24,0.58
华曙高科,sh688433,101.43,92.3,95.0,618010700.0,101.41,200,101.43,100,9.89,102.78,94.01,618010700,614240000.0,3.06,9.5,204.99,420.09,110.76,73.84,0.87
采纳股份,sz301122,32.51,33.0,33.46,2066700.0,32.51,1300,32.53,1500,-1.48,33.46,32.23,2066700,67830000.0,2.73,3.73,24.59,39.74,39.6,26.4,0.57
新宁物流,sz300013,4.15,4.05,4.1,30409700.0,4.15,43600,4.16,201600,2.47,4.25,4.05,30409700,126230000.0,6.82,4.94,18.51,23.17,4.86,3.24,1.19
珠免集团,sh600185,6.62,6.48,6.55,28147100.0,6.62,49800,6.63,198400,2.16,6.69,6.54,28147100,186160000.0,1.49,2.31,124.79,124.79,7.13,5.83,0.65
苏州科达,sh603660,10.03,10.09,10.21,13118000.0,10.02,52400,10.03,41800,-0.59,10.25,9.98,13118000,132500000.0,2.3,2.68,57.32,57.75,11.1,9.08,0.98
昂立教育,sh600661,10.14,9.9,10.0,6379300.0,10.13,6300,10.14,104700,2.42,10.32,9.99,6379300,64830000.0,2.23,3.33,29.06,29.06,10.89,8.91,0.88
瑞立科密,sz001285,53.18,52.7,53.36,1959600.0,53.18,3100,53.19,5100,0.91,54.48,52.85,1959600,105200000.0,4.82,3.09,21.6,95.82,57.97,47.43,0.74
华锡有色,sh600301,66.6,69.2,70.8,18238600.0,66.6,45200,66.61,200,-3.76,71.77,65.1,18238600,1217840000.0,6.62,9.64,183.37,421.29,76.12,62.28,0.98
中宠股份,sz002891,45.81,45.24,45.66,2907700.0,45.8,5100,45.81,300,1.26,46.36,45.25,2907700,133290000.0,0.96,2.45,139.44,139.44,49.76,40.72,0.76
万  科Ａ,sz000002,4.69,4.62,4.65,96074300.0,4.68,976100,4.69,1851500,1.52,4.73,4.65,96074300,449470000.0,0.99,1.73,455.7,559.55,5.08,4.16,0.59
鑫科材料,sh600255,3.75,3.67,3.73,49001800.0,3.74,819700,3.75,121500,2.18,3.8,3.73,49001800,184370000.0,2.71,1.91,67.73,67.73,4.04,3.3,0.81
赫美集团,sz002356,4.43,4.36,4.44,116156800.0,4.43,720200,4.44,351200,1.61,4.53,4.32,116156800,516300000.0,8.86,4.82,58.09,58.09,4.8,3.92,0.78
秦川物联,sh688528,11.32,11.07,11.2,162554900.0,11.29,600,11.32,9800,2.26,11.53,11.2,162554900,18510000.0,0.97,2.98,19.02,19.02,13.28,8.86,0.67
金富科技,sz003018,27.94,29.0,28.71,17676000.0,27.94,10300,27.95,16900,-3.66,28.71,26.76,17676000,491510000.0,18.04,6.72,27.38,72.64,31.9,26.1,0.83
凯众股份,sh603037,15.24,15.06,15.26,4727000.0,15.23,1400,15.24,1700,1.2,15.45,15.1,4727000,72370000.0,1.78,2.32,40.56,40.68,16.57,13.55,0.64
黑芝麻,sz000716,5.79,5.81,5.82,9881600.0,5.79,228900,5.8,176200,-0.34,5.85,5.78,9881600,57430000.0,1.34,1.2,42.78,43.59,6.39,5.23,0.64
兆日科技,sz300333,10.13,9.81,10.0,6887800.0,10.13,17900,10.14,32500,3.26,10.24,9.95,6887800,69660000.0,2.06,2.96,33.91,34.04,11.77,7.85,0.97
方大新材,bj920163,15.57,15.74,15.73,1046500.0,15.57,318700,15.58,12900,-1.08,15.74,15.37,1046500,16248200.0,1.75,2.35,9.3,20.04,20.46,11.02,0.7
扬农化工,sh600486,80.0,81.03,82.43,4800500.0,80.0,100,80.01,2800,-1.27,82.5,79.0,4800500,384660000.0,1.19,4.32,323.19,324.26,89.13,72.93,0.82
联创光电,sh600363,60.56,58.83,60.0,10554800.0,60.56,29600,60.58,3600,2.94,61.77,59.57,10554800,641320000.0,2.34,3.74,273.06,273.06,64.71,52.95,0.85
祖名股份,sz003030,20.2,20.28,20.65,1807800.0,20.2,500,20.21,2400,-0.39,20.86,20.05,1807800,36810000.0,2.28,3.99,16.04,25.21,22.31,18.25,0.78
通光线缆,sz300265,21.46,17.88,19.94,156046600.0,21.46,1733900,0.0,0,20.02,21.46,19.76,156046600,3280420000.0,33.39,9.51,100.28,100.35,21.46,14.3,1.8
深华发Ａ,sz000020,14.28,13.88,14.16,3966900.0,14.27,1300,14.28,5500,2.88,14.54,14.13,3966900,56950000.0,2.19,2.95,25.87,40.44,15.27,12.49,1.07
恒银科技,sh603106,10.04,9.69,9.85,8608100.0,10.04,68600,10.05,19600,3.61,10.19,9.85,8608100,86230000.0,1.65,3.51,52.26,52.26,10.66,8.72,0.95
中稀有色,sh600259,92.8,97.02,99.45,21086000.0,92.8,46100,92.81,1100,-4.35,99.68,91.38,21086000,1989170000.0,6.27,8.55,312.21,312.21,106.72,87.32,0.97
傲农生物,sh603363,4.14,4.25,4.22,69756400.0,4.13,964500,4.14,1700,-2.59,4.24,4.12,69756400,289640000.0,3.28,2.82,88.16,107.76,4.68,3.83,0.92
文峰股份,sh601010,2.39,2.37,2.39,22943100.0,2.39,379000,2.4,813300,0.84,2.42,2.38,22943100,55040000.0,1.24,1.69,44.17,44.17,2.61,2.13,0.8
瑞茂通,sh600180,3.64,3.56,3.59,13717000.0,3.63,158400,3.64,79600,2.25,3.66,3.57,13717000,49680000.0,1.26,2.53,39.55,39.55,3.92,3.2,0.86
世荣兆业,sz002016,6.04,5.87,5.98,15687900.0,6.04,1900,6.05,22900,2.9,6.13,5.92,15687900,94490000.0,1.94,3.58,48.87,48.87,6.46,5.28,1.5
深康佳Ａ,sz000016,3.55,3.46,3.53,53908700.0,3.55,234700,3.56,487600,2.6,3.73,3.53,53908700,193400000.0,3.38,5.78,56.68,85.48,3.81,3.11,1.4
万里马,sz300591,7.78,7.61,7.75,11836800.0,7.78,30600,7.79,88500,2.23,7.85,7.7,11836800,92140000.0,3.38,1.97,27.26,31.56,9.13,6.09,0.75
电连技术,sz300679,38.05,38.17,39.05,7571500.0,38.05,27000,38.07,1900,-0.31,39.14,37.8,7571500,290470000.0,2.11,3.51,136.77,161.64,45.8,30.54,0.75
飞乐音响,sh600651,7.54,7.35,7.45,24054800.0,7.54,45800,7.55,104400,2.59,7.64,7.45,24054800,181860000.0,0.96,2.59,189.03,189.03,8.09,6.62,0.93
宇晶股份,sz002943,60.1,59.26,60.44,10971400.0,60.1,43500,60.15,100,1.42,62.48,59.26,10971400,667600000.0,7.53,5.43,87.51,123.52,65.19,53.33,0.84
麦趣尔,sz002719,9.35,8.97,9.13,8215500.0,9.33,7200,9.35,36800,4.24,9.8,9.13,8215500,76730000.0,5.08,7.47,15.13,16.28,9.87,8.07,1.21
雷曼光电,sz300162,9.48,7.9,8.96,50029000.0,9.48,10996800,0.0,0,20.0,9.48,8.5,50029000,463500000.0,14.62,12.41,32.44,39.77,9.48,6.32,3.09
天目药业,sh600671,20.33,20.34,20.6,2119000.0,20.31,600,20.33,7900,-0.05,20.84,20.17,2119000,43170000.0,1.74,3.29,24.75,24.76,22.37,18.31,0.52
澳柯玛,sh600336,7.39,7.26,7.38,7715900.0,7.38,21900,7.39,31900,1.79,7.44,7.33,7715900,56940000.0,0.97,1.52,58.97,58.97,7.99,6.53,0.51
赛轮轮胎,sh601058,14.76,14.45,14.7,27231900.0,14.76,51000,14.79,5100,2.15,15.01,14.64,27231900,404660000.0,0.83,2.56,485.32,485.32,15.9,13.01,0.98
上海沿浦,sh605128,36.0,35.95,36.25,1253900.0,36.0,1500,36.01,200,0.14,36.58,35.8,1253900,45450000.0,0.59,2.17,76.01,76.01,39.55,32.36,0.42
晶丰明源,sh688368,129.47,123.6,126.0,230049300.0,129.47,700,129.5,800,4.75,133.15,126.0,230049300,300810000.0,2.6,5.78,114.58,114.58,148.32,98.88,1.49
浙江荣泰,sh603119,86.65,86.4,87.99,8741400.0,86.64,400,86.65,36400,0.29,88.1,85.44,8741400,754900000.0,4.29,3.08,176.66,315.18,95.04,77.76,0.99
安正时尚,sh603839,7.68,7.53,7.68,3953500.0,7.67,20700,7.68,52700,1.99,7.84,7.61,3953500,30530000.0,1.02,3.05,29.88,29.88,8.28,6.78,0.82
安琪酵母,sh600298,41.41,42.22,42.53,7679400.0,41.41,15900,41.42,1600,-1.92,42.58,41.21,7679400,320730000.0,0.9,3.24,354.95,359.43,46.44,38.0,1.17
*ST金比,sz002762,6.6,6.5,6.54,1352300.0,6.59,24900,6.6,15400,1.54,6.63,6.53,1352300,8890000.0,0.64,1.54,13.95,23.37,6.83,6.18,0.47
华如科技,sz301302,33.59,37.3,37.0,30547400.0,33.59,9600,33.6,14600,-9.95,37.3,33.28,30547400,1046870000.0,21.98,10.78,46.69,52.36,44.76,29.84,1.82
抚顺特钢,sh600399,7.25,7.26,7.37,83927200.0,7.25,20300,7.26,194400,-0.14,7.44,7.18,83927200,611770000.0,4.26,3.58,142.98,142.98,7.99,6.53,0.42
茶花股份,sh603615,20.67,20.65,20.84,2840600.0,20.66,2200,20.67,700,0.1,21.2,20.62,2840600,59620000.0,1.17,2.81,49.98,49.98,22.72,18.59,1.08
大连圣亚,sh600593,38.07,37.4,37.94,3547700.0,38.07,4900,38.09,1000,1.79,38.45,37.78,3547700,135120000.0,2.75,1.79,49.03,49.66,41.14,33.66,0.79
超讯通信,sh603322,35.26,34.19,35.0,4476500.0,35.26,6900,35.27,400,3.13,35.49,34.9,4476500,157680000.0,2.84,1.73,55.57,55.57,37.61,30.77,0.9
登云股份,sz002715,16.06,15.89,16.24,3009800.0,16.06,13800,16.07,5700,1.07,16.3,15.9,3009800,48440000.0,2.18,2.52,22.16,22.16,17.48,14.3,0.76
合锻智能,sh603011,27.43,26.06,26.77,58310500.0,27.43,294000,27.44,32900,5.26,27.98,26.51,58310500,1595000000.0,11.79,5.64,135.62,135.62,28.67,23.45,1.25
锦江在线,sh600650,14.33,14.18,14.39,2963700.0,14.33,6200,14.34,5000,1.06,14.5,14.29,2963700,42590000.0,0.76,1.48,55.97,79.05,15.6,12.76,0.56
模塑科技,sz000700,12.9,12.57,12.93,45131900.0,12.9,22200,12.91,102300,2.63,13.2,12.79,45131900,587520000.0,4.92,3.26,118.42,118.42,13.83,11.31,0.91
思创智联,sz300078,4.44,4.31,4.4,37008900.0,4.43,91300,4.44,664400,3.02,4.5,4.4,37008900,164770000.0,3.32,2.32,49.43,49.63,5.17,3.45,0.81
光电股份,sh600184,18.96,18.82,18.88,14798000.0,18.95,29200,18.96,34500,0.74,19.3,18.8,14798000,281510000.0,2.54,2.66,110.49,110.49,20.7,16.94,0.85
雅博股份,sz002323,2.23,2.18,2.23,221007000.0,2.23,2061300,2.24,2704500,2.29,2.3,2.18,221007000,494530000.0,10.42,5.5,47.28,47.3,2.4,1.96,0.56
陕西金叶,sz000812,4.23,4.18,4.24,12194600.0,4.23,16100,4.24,202500,1.2,4.29,4.21,12194600,51860000.0,1.59,1.91,32.49,32.52,4.6,3.76,0.76
曙光股份,sh600303,3.28,3.22,3.27,17996200.0,3.27,68800,3.28,16200,1.86,3.35,3.26,17996200,59290000.0,2.66,2.8,22.16,22.42,3.54,2.9,1.03
中国一重,sh601106,4.94,4.74,4.82,136151800.0,4.94,384400,4.95,836200,4.22,5.04,4.81,136151800,669850000.0,1.99,4.85,338.77,338.77,5.21,4.27,1.04
巨星科技,sz002444,33.61,32.81,33.34,8388700.0,33.6,1900,33.61,8800,2.44,33.78,33.1,8388700,280740000.0,0.73,2.07,385.52,401.46,36.09,29.53,0.76
新开普,sz300248,11.9,11.64,11.9,8620700.0,11.89,39800,11.9,14800,2.23,12.0,11.81,8620700,102610000.0,2.11,1.63,48.68,56.69,13.97,9.31,0.69
北矿检测,bj920160,24.7,24.7,24.89,934700.0,24.7,5400,24.72,1000,0.0,25.1,24.61,934700,23242000.0,3.67,1.98,6.3,27.98,32.11,17.29,0.78
流金科技,bj920021,10.71,11.09,11.46,29373900.0,10.71,93400,10.72,40700,-3.43,11.59,10.58,29373900,321348400.0,11.87,9.11,26.51,33.09,14.41,7.77,0.74
七一二,sh603712,19.72,19.5,19.69,10003200.0,19.71,67200,19.72,8500,1.13,19.73,19.45,10003200,195950000.0,1.3,1.44,152.24,152.24,21.45,17.55,0.52
麒麟信安,sh688152,35.99,35.39,35.98,90236500.0,35.99,18800,36.04,1800,1.7,36.47,35.78,90236500,32570000.0,0.88,1.95,37.01,37.01,42.47,28.31,0.6
传音控股,sh688036,53.67,53.15,54.0,797678100.0,53.67,2300,53.68,300,0.98,54.18,53.4,797678100,429550000.0,0.69,1.47,617.84,617.84,63.78,42.52,0.73
合百集团,sz000417,7.3,7.28,7.41,14454800.0,7.29,65800,7.3,108600,0.27,7.47,7.28,14454800,106570000.0,1.86,2.61,56.87,56.93,8.01,6.55,0.67
大唐电信,sh600198,9.16,8.9,9.06,22590300.0,9.16,11500,9.17,50300,2.92,9.27,9.05,22590300,206890000.0,1.74,2.47,119.26,119.41,9.79,8.01,0.81
精创电气,bj920035,37.09,36.59,37.02,288100.0,37.09,6600,37.11,900,1.37,37.5,37.02,288100,10711800.0,2.21,1.31,4.83,21.46,47.56,25.62,0.49
中钢洛耐,sh688119,5.8,5.73,5.87,2076755300.0,5.79,21300,5.8,7100,1.22,5.91,5.74,2076755300,121020000.0,1.85,2.97,65.25,65.25,6.88,4.58,0.72
四川九洲,sz000801,16.27,16.18,16.38,16387200.0,16.26,6500,16.27,55300,0.56,16.47,16.14,16387200,267570000.0,1.61,2.04,165.36,165.36,17.8,14.56,0.67
厦工股份,sh600815,3.2,3.14,3.15,35242300.0,3.19,41300,3.2,1601300,1.91,3.22,3.14,35242300,112110000.0,1.99,2.55,56.77,56.77,3.45,2.83,0.86
南网数字,sz301638,23.65,24.27,24.8,69987000.0,23.64,118800,23.65,172700,-2.55,25.84,23.47,69987000,1703240000.0,29.78,9.77,55.57,751.99,29.12,19.42,1.46
中源家居,sh603709,17.7,17.63,17.7,1832500.0,17.7,200,17.72,500,0.4,18.16,17.54,1832500,32720000.0,1.46,3.52,22.14,22.32,19.39,15.87,0.84
申昊科技,sz300853,22.11,21.42,21.69,3270700.0,22.1,2700,22.11,19000,3.22,22.39,21.63,3270700,72610000.0,2.97,3.55,24.38,32.49,25.7,17.14,1.16
崇德科技,sz301548,81.43,80.51,82.07,1887400.0,81.43,600,81.44,3000,1.14,84.98,80.61,1887400,155700000.0,7.19,5.43,21.36,70.84,96.61,64.41,0.77
卓胜微,sz300782,82.77,82.3,85.0,16177100.0,82.77,6200,82.8,2300,0.57,85.05,82.38,16177100,1353790000.0,3.61,3.24,371.01,442.77,98.76,65.84,1.2
东望时代,sh600052,4.33,4.22,4.28,19101600.0,4.33,259700,4.34,338300,2.61,4.34,4.2,19101600,81490000.0,2.26,3.32,36.55,36.55,4.64,3.8,1.22
中锐股份,sz002374,3.45,3.43,3.47,27546000.0,3.44,44000,3.45,848900,0.58,3.51,3.43,27546000,95510000.0,2.54,2.33,37.44,37.44,3.77,3.09,0.66
罗曼股份,sh605289,130.0,131.18,133.0,3854700.0,129.96,1400,130.0,6400,-0.9,133.8,126.2,3854700,497500000.0,3.56,5.79,140.84,141.71,144.3,118.06,0.42
雷尔伟,sz301016,24.19,23.65,23.99,2226900.0,24.18,3500,24.19,4500,2.28,24.38,23.88,2226900,53800000.0,1.08,2.11,50.11,52.83,28.38,18.92,0.68
万朗磁塑,sh603150,57.58,57.99,58.99,1514900.0,57.53,2400,57.62,1700,-0.71,59.29,56.9,1514900,87800000.0,1.77,4.12,49.22,49.22,63.79,52.19,0.44
华安鑫创,sz300928,30.47,30.28,31.0,1780300.0,30.47,300,30.49,300,0.63,31.32,30.33,1780300,54880000.0,3.32,3.27,16.33,24.38,36.34,24.22,1.14
一致魔芋,bj920273,26.64,27.07,27.11,1567200.0,26.64,3900,26.66,10600,-1.59,27.41,26.62,1567200,42081100.0,2.28,2.92,18.29,27.48,35.19,18.95,1.03
海昌新材,sz300885,23.8,23.44,23.91,4098800.0,23.78,2400,23.8,9300,1.54,24.28,23.59,4098800,98100000.0,2.45,2.94,39.75,59.06,28.13,18.75,0.73
雪人集团,sz002639,22.41,21.39,21.65,128545600.0,22.41,919800,22.42,148800,4.77,22.65,21.21,128545600,2844370000.0,19.76,6.73,145.8,173.14,23.53,19.25,1.17
联建光电,sz300269,8.64,7.2,7.56,76156900.0,8.64,16092000,0.0,0,20.0,8.64,7.56,76156900,639180000.0,14.49,15.0,45.42,47.44,8.64,5.76,1.52
花溪科技,bj920895,19.47,19.66,19.91,740900.0,19.41,200,19.47,1200,-0.97,19.91,19.28,740900,14391300.000000002,2.58,3.2,5.6,11.01,25.55,13.77,0.85
香飘飘,sh603711,12.88,13.0,13.04,2113900.0,12.87,22200,12.88,11000,-0.92,13.1,12.85,2113900,27430000.0,0.51,1.92,53.18,53.18,14.3,11.7,0.89
凤形股份,sz002760,23.1,23.6,24.0,4411600.0,23.1,2600,23.11,500,-2.12,24.4,22.97,4411600,103650000.0,4.09,6.06,24.95,24.95,25.96,21.24,0.74
安车检测,sz300572,27.22,27.1,27.64,3766500.0,27.22,100,27.23,11300,0.44,27.64,26.96,3766500,102430000.0,2.05,2.51,49.98,62.33,32.52,21.68,0.68
泰永长征,sz002927,20.99,19.95,20.45,22440500.0,20.99,47800,21.0,148600,5.21,21.52,20.2,22440500,472260000.0,10.17,6.62,46.33,46.85,21.95,17.96,2.19
谱尼测试,sz300887,10.98,10.64,10.86,19223300.0,10.98,80100,10.99,10000,3.2,11.15,10.69,19223300,210410000.0,5.31,4.32,39.77,59.92,12.77,8.51,1.24
汇绿生态,sz001267,36.96,33.6,34.66,83289500.0,36.96,2355700,0.0,0,10.0,36.96,32.81,83289500,2964630000.0,13.74,12.35,224.04,290.2,36.96,30.24,1.45
四方精创,sz300468,35.49,35.9,37.08,55698900.0,35.48,50300,35.49,35500,-1.14,37.57,35.04,55698900,2024370000.0,10.51,7.05,188.02,188.33,43.08,28.72,1.08
梅安森,sz300275,11.95,11.74,11.9,4589700.0,11.95,49200,11.96,71700,1.79,12.11,11.87,4589700,55120000.0,1.69,2.04,32.44,36.81,14.09,9.39,0.72
锦泓集团,sh603518,9.15,9.14,9.2,6898800.0,9.15,1700,9.16,60400,0.11,9.29,9.11,6898800,63310000.0,2.01,1.97,31.48,31.6,10.05,8.23,0.82
智新电子,bj920212,13.44,13.33,13.35,828500.0,13.44,2800,13.45,2900,0.83,13.58,13.28,828500,11146700.0,1.61,2.25,6.93,14.26,17.32,9.34,1.06
铭普光磁,sz002902,20.43,20.3,20.6,6275700.0,20.43,13700,20.47,14500,0.64,20.88,20.37,6275700,129440000.0,3.53,2.51,36.29,48.01,22.33,18.27,0.73
龙元建设,sh600491,3.22,3.07,3.11,34674300.0,3.21,436000,3.22,62900,4.89,3.26,3.1,34674300,111250000.0,2.27,5.21,49.26,49.26,3.38,2.76,1.01
如意集团,sz002193,6.45,6.34,6.46,9241800.0,6.45,54400,6.46,16000,1.74,6.6,6.4,9241800,60010000.0,3.53,3.15,16.88,16.88,6.97,5.71,0.76
芭薇股份,bj920123,14.0,13.88,14.03,1069500.0,14.0,3900,14.06,7200,0.86,14.27,13.88,1069500,15057700.0,1.68,2.81,8.91,15.62,18.04,9.72,0.91
夜光明,bj920527,18.0,17.9,17.91,368500.0,18.0,400,18.05,2700,0.56,18.25,17.81,368500,6634100.0,1.02,2.46,6.53,10.81,23.27,12.53,0.65
豪悦护理,sh605009,29.12,29.28,29.46,1490000.0,29.1,200,29.12,300,-0.55,29.58,28.92,1490000,43580000.0,0.69,2.25,62.62,62.63,32.21,26.35,1.08
中海达,sz300177,9.45,9.38,9.53,9067900.0,9.45,136900,9.46,32100,0.75,9.56,9.41,9067900,86020000.0,1.5,1.6,57.3,70.32,11.26,7.5,0.57
美邦服饰,sz002269,1.81,1.79,1.81,62619900.0,1.8,5489000,1.81,1537600,1.12,1.82,1.79,62619900,113120000.0,2.49,1.68,45.48,45.48,1.97,1.61,0.76
日月明,sz300906,33.15,33.13,33.64,1297700.0,33.15,200,33.16,1000,0.06,34.24,33.09,1297700,43630000.0,1.8,3.47,23.93,26.52,39.76,26.5,0.89
兴民智通,sz002355,7.33,6.66,6.8,23741800.0,7.33,13899000,0.0,0,10.06,7.33,6.8,23741800,170940000.0,3.84,7.96,45.31,49.0,7.33,5.99,0.54
均瑶健康,sh605388,6.53,6.5,6.57,3438500.0,6.52,64200,6.53,76200,0.46,6.59,6.48,3438500,22470000.0,0.57,1.69,39.21,39.21,7.15,5.85,0.78
中天服务,sz002188,6.79,6.66,6.8,9300200.0,6.78,11600,6.79,57000,1.95,6.95,6.75,9300200,63500000.0,3.61,3.0,17.47,22.21,7.33,5.99,0.85
福龙马,sh603686,21.0,20.7,21.0,13505100.0,20.99,42900,21.0,38200,1.45,21.3,20.88,13505100,284730000.0,3.25,2.03,87.24,87.24,22.77,18.63,0.6
步科股份,sh688160,115.2,114.7,117.0,139968600.0,115.18,900,115.2,700,0.44,117.68,113.41,139968600,161500000.0,1.54,3.72,104.64,104.64,137.64,91.76,0.87
桂林旅游,sz000978,6.92,6.84,6.96,7231100.0,6.91,14200,6.92,5200,1.17,7.0,6.88,7231100,50230000.0,1.54,1.75,32.39,32.39,7.52,6.16,0.76
桂冠电力,sh600236,11.62,10.85,11.08,78319200.0,11.62,678500,11.63,6300,7.1,11.94,10.6,78319200,880910000.0,0.99,12.35,915.93,915.93,11.94,9.77,3.24
家家悦,sh603708,11.71,11.68,11.78,3885000.0,11.71,4100,11.72,8700,0.26,11.88,11.65,3885000,45720000.0,0.61,1.97,74.75,74.75,12.85,10.51,0.65
首旅酒店,sh600258,16.3,16.78,16.99,13556000.0,16.3,42200,16.31,600,-2.86,17.05,16.21,13556000,224820000.0,1.21,5.01,182.01,182.01,18.46,15.1,0.69
*ST金泰,sz300225,5.01,4.94,4.99,4468100.0,5.01,81700,5.02,16700,1.42,5.05,4.97,4468100,22440000.0,0.94,1.62,23.8,23.82,5.93,3.95,0.4
科博达,sh603786,62.42,61.44,62.1,2295000.0,62.42,16400,62.43,400,1.6,63.36,61.7,2295000,143290000.0,0.57,2.7,252.09,252.09,67.58,55.3,0.8
晓鸣股份,sz300967,20.49,21.38,21.0,14845400.0,20.49,4000,20.5,12300,-4.16,21.11,20.2,14845400,304870000.0,11.9,4.26,25.56,38.43,25.66,17.1,1.16
启明信息,sz002232,17.7,17.38,17.69,3182800.0,17.69,13300,17.7,6400,1.84,17.87,17.62,3182800,56420000.0,0.78,1.44,72.31,72.31,19.12,15.64,0.57
邵阳液压,sz301079,43.55,44.22,45.68,10124600.0,43.54,300,43.55,11300,-1.52,45.85,42.93,10124600,446520000.0,14.56,6.6,30.28,47.44,53.06,35.38,0.72
大众公用,sh600635,6.99,6.93,6.88,318108000.0,6.98,431600,6.99,535900,0.87,7.35,6.55,318108000,2190990000.0,13.15,11.54,169.07,206.38,7.62,6.24,1.92
华夏幸福,sh600340,1.57,1.55,1.56,83025400.0,1.56,2975200,1.57,3102700,1.29,1.58,1.54,83025400,129530000.0,2.13,2.58,61.13,61.45,1.71,1.4,0.56
顾地科技,sz002694,3.07,2.98,3.05,16118200.0,3.07,39200,3.08,38000,3.02,3.13,3.05,16118200,49750000.0,2.24,2.68,22.07,23.43,3.28,2.68,0.79
长盈精密,sz300115,35.47,35.1,35.72,31178200.0,35.47,5100,35.48,16500,1.05,36.08,35.2,31178200,1109360000.0,2.3,2.51,481.28,482.71,42.12,28.08,0.58
优刻得-W,sh688158,36.19,35.08,36.28,3839146000.0,36.19,20300,36.2,53000,3.16,36.94,35.26,3839146000,1381310000.0,9.47,4.79,146.74,165.14,42.1,28.06,0.72
尚纬股份,sh603333,8.84,8.6,8.77,23404800.0,8.83,29900,8.84,6600,2.79,8.98,8.66,23404800,206790000.0,3.77,3.72,54.94,54.94,9.46,7.74,1.1
启迪环境,sz000826,2.47,2.38,2.48,148866300.0,2.47,757600,2.48,1192500,3.78,2.58,2.42,148866300,370970000.0,10.45,6.72,35.2,35.21,2.62,2.14,0.65
振芯科技,sz300101,24.8,24.75,25.13,14749900.0,24.8,54100,24.81,1600,0.2,25.75,24.62,14749900,367910000.0,2.61,4.57,140.38,140.84,29.7,19.8,0.6
高新兴,sz300098,5.82,5.63,5.75,53195300.0,5.82,144100,5.83,340200,3.37,5.89,5.74,53195300,309420000.0,3.45,2.66,89.73,101.14,6.76,4.5,0.96
腾达科技,sz001379,23.38,22.29,22.88,4820600.0,23.38,37000,23.39,5600,4.89,23.64,22.88,4820600,112320000.0,7.16,3.41,15.73,46.76,24.52,20.06,1.01
慧为智能,bj920876,28.54,29.7,31.5,7829500.0,28.5,1100,28.54,3200,-3.91,32.58,27.8,7829500,234028400.0,20.3,16.09,11.01,18.32,38.61,20.79,3.08
大名城,sh600094,4.53,4.49,4.55,19927500.0,4.52,71400,4.53,303300,0.89,4.59,4.5,19927500,90490000.0,0.94,2.0,96.32,105.32,4.94,4.04,0.85
金溢科技,sz002869,21.41,20.95,21.29,2392000.0,21.41,8700,21.42,7000,2.2,21.55,21.12,2392000,51140000.0,1.52,2.05,33.72,37.88,23.05,18.86,0.75
恒太照明,bj920339,10.35,9.03,9.04,14578100.0,10.35,22400,10.42,12600,14.62,11.73,9.04,14578100,158444800.0,9.64,29.79,15.65,22.79,11.73,6.33,16.41
科隆新材,bj920098,28.89,28.68,29.2,1106100.0,28.84,3900,28.89,100,0.73,29.25,28.51,1106100,31915400.0,2.0,2.58,16.0,23.49,37.28,20.08,0.75
永辉超市,sh601933,4.11,4.04,4.06,147646100.0,4.11,245100,4.12,3568500,1.73,4.15,4.06,147646100,607780000.0,1.63,2.23,372.98,372.98,4.44,3.64,0.88
航发科技,sh600391,47.5,48.41,48.7,14334300.0,47.5,7700,47.51,1400,-1.88,49.0,46.55,14334300,682450000.0,4.34,5.06,156.81,156.81,53.25,43.57,0.57
方正电机,sz002196,15.31,14.95,15.22,31448100.0,15.31,150200,15.32,31700,2.41,15.48,15.16,31448100,482320000.0,6.44,2.14,74.76,75.92,16.45,13.46,0.63
金沃股份,sz300984,63.34,63.5,64.2,1371800.0,63.21,400,63.34,100,-0.25,64.8,62.8,1371800,87250000.0,1.77,3.15,49.07,78.08,76.2,50.8,0.59
佳华科技,sh688051,33.6,33.16,33.9,69380300.0,33.6,800,33.63,4400,1.33,34.18,33.39,69380300,23470000.0,0.9,2.38,25.98,25.98,39.79,26.53,0.56
百利电气,sh600468,8.55,7.77,8.51,128178400.0,8.55,13466500,0.0,0,10.04,8.55,7.92,128178400,1065180000.0,11.78,8.11,93.0,93.0,8.55,6.99,2.52
香江控股,sh600162,1.83,1.8,1.81,38118000.0,1.82,736300,1.83,1986100,1.67,1.84,1.8,38118000,69370000.0,1.17,2.22,59.81,59.81,1.98,1.62,0.86
骏创科技,bj920533,26.0,25.99,26.25,2005400.0,26.0,6500,26.02,200,0.04,26.5,25.8,2005400,52335600.00000001,2.74,2.69,19.01,34.0,33.78,18.2,0.86
海联金汇,sz002537,8.92,8.71,8.98,55191400.0,8.92,155800,8.93,70500,2.41,9.22,8.86,55191400,498700000.0,4.72,4.13,104.29,104.72,9.58,7.84,0.91
兴源环境,sz300266,2.66,2.56,2.61,37645200.0,2.65,162900,2.66,658600,3.91,2.67,2.59,37645200,99360000.0,2.42,3.13,41.31,41.33,3.07,2.05,0.79
精艺股份,sz002295,11.5,11.35,11.6,4138600.0,11.48,6200,11.5,11200,1.32,11.68,11.41,4138600,47780000.0,1.65,2.38,28.78,28.82,12.49,10.22,0.76
众望布艺,sh605003,33.13,32.6,32.99,2505000.0,33.13,2700,33.2,300,1.63,33.92,32.67,2505000,83250000.0,2.28,3.83,36.44,36.44,35.86,29.34,1.1
国新健康,sz000503,8.66,8.41,8.55,14400100.0,8.66,2000,8.67,29900,2.97,8.75,8.5,14400100,123970000.0,1.47,2.97,84.8,84.8,9.25,7.57,0.9
全 聚 德,sz002186,11.04,10.95,11.12,3347900.0,11.04,2200,11.05,24300,0.82,11.15,11.0,3347900,37130000.0,1.09,1.37,33.84,33.88,12.05,9.86,0.68
麦迪科技,sh603990,14.13,13.81,14.0,7079000.0,14.12,62900,14.13,18100,2.32,14.35,14.0,7079000,100260000.0,2.31,2.53,43.28,43.28,15.19,12.43,0.72
天顺股份,sz002800,23.41,21.28,21.42,6774100.0,23.41,3796500,0.0,0,10.01,23.41,21.38,6774100,153190000.0,4.63,9.54,34.27,35.64,23.41,19.15,0.59
华峰化学,sz002064,11.97,11.77,11.92,42678900.0,11.96,3000,11.97,1900,1.7,12.12,11.75,42678900,510480000.0,0.86,3.14,592.34,594.02,12.95,10.59,0.8
万隆光电,sz300710,30.51,29.22,29.79,4177700.0,30.5,3100,30.51,500,4.41,31.07,29.69,4177700,127520000.0,5.6,4.72,22.75,30.35,35.06,23.38,1.21
*ST亚太,sz000691,8.3,7.94,8.04,8692700.0,8.29,15100,8.3,19500,4.53,8.34,8.04,8692700,71680000.0,2.69,3.78,26.83,40.25,8.34,7.54,0.9
首都在线,sz300846,33.38,32.01,32.0,125693300.0,33.37,10700,33.38,209400,4.28,34.45,30.45,125693300,4070060000.0,32.03,12.5,130.99,167.87,38.41,25.61,1.33
大禹生物,bj920970,7.85,7.8,7.82,1226600.0,7.83,40300,7.85,200,0.64,7.96,7.76,1226600,9611300.0,1.75,2.56,5.5,8.7,10.14,5.46,0.75
澄天伟业,sz300689,48.03,45.23,46.03,4048300.0,48.03,4600,48.04,4800,6.19,49.25,46.03,4048300,192750000.0,4.0,7.12,48.6,55.52,54.28,36.18,1.3
北辰实业,sh601588,1.84,1.8,1.82,30379800.0,1.83,72700,1.84,1014400,2.22,1.85,1.8,30379800,55430000.0,1.14,2.78,48.94,61.95,1.98,1.62,0.95
天龙股份,sh603266,19.58,18.96,19.27,4524400.0,19.58,40900,19.59,4000,3.27,20.18,19.2,4524400,89080000.0,2.27,5.17,38.94,38.94,20.86,17.06,1.38
金陵饭店,sh601007,7.82,7.77,7.85,7010900.0,7.82,17600,7.84,33100,0.64,7.95,7.8,7010900,55240000.0,1.8,1.93,30.5,30.5,8.55,6.99,0.89
金石亚药,sz300434,10.1,9.89,10.03,6284100.0,10.09,55700,10.1,13000,2.12,10.19,9.98,6284100,63460000.0,1.84,2.12,34.55,40.58,11.87,7.91,0.99
跨境通,sz002640,3.68,3.72,3.73,43047000.0,3.67,1161900,3.68,207900,-1.08,3.78,3.67,43047000,159420000.0,2.78,2.96,56.98,57.34,4.09,3.35,0.77
瑞奇智造,bj920781,9.78,9.45,9.38,10854600.0,9.78,10100,9.79,4000,3.49,10.0,9.31,10854600,104641700.0,10.63,7.3,9.98,15.12,12.28,6.62,1.23
东信和平,sz002017,21.39,21.18,21.55,13756800.0,21.38,25700,21.39,7400,0.99,21.91,21.21,13756800,295920000.0,2.37,3.31,124.08,124.15,23.3,19.06,0.52
科润智控,bj920062,12.29,12.09,12.4,16281700.0,12.29,13800,12.3,13600,1.65,12.81,12.15,16281700,202925500.0,12.2,5.46,16.41,23.19,15.71,8.47,1.5
瑞贝卡,sh600439,2.69,2.66,2.67,11462800.0,2.69,200000,2.7,467500,1.13,2.71,2.66,11462800,30790000.0,1.01,1.88,30.45,30.45,2.93,2.39,0.6
天箭科技,sz002977,29.76,30.05,30.46,2751400.0,29.76,16900,29.77,100,-0.97,30.46,29.52,2751400,82110000.0,4.13,3.13,19.83,35.75,33.06,27.05,0.54
金陵体育,sz300651,29.59,28.87,29.75,7616500.0,29.58,1200,29.59,500,2.49,30.33,29.17,7616500,226950000.0,8.71,4.02,25.87,41.78,34.64,23.1,0.8
森鹰窗业,sz301227,34.11,33.93,34.49,688300.0,34.09,300,34.11,100,0.53,34.77,34.02,688300,23710000.0,2.03,2.21,11.58,32.48,40.72,27.14,0.49
*ST赛隆,sz002898,11.19,11.31,11.5,1152400.0,11.19,5100,11.22,600,-1.06,11.5,11.08,1152400,12860000.0,1.14,3.71,11.33,19.69,11.88,10.74,1.21
中天科技,sh600522,28.82,28.83,29.31,175497200.0,28.82,127600,28.83,233700,-0.03,29.59,27.88,175497200,5050080000.0,5.14,5.93,983.61,983.61,31.71,25.95,0.91
迅游科技,sz300467,30.0,30.05,30.62,3354000.0,30.0,9500,30.01,17700,-0.17,30.68,29.9,3354000,101440000.0,1.99,2.6,50.57,60.96,36.06,24.04,0.65
建设机械,sh600984,4.77,4.75,4.78,27502500.0,4.76,66400,4.77,300,0.42,4.84,4.69,27502500,130790000.0,2.19,3.16,59.96,59.96,5.23,4.28,0.41
许昌智能,bj920496,10.89,10.79,11.49,17297500.0,10.88,2100,10.89,8900,0.93,11.8,10.75,17297500,195154100.0,11.93,9.73,15.79,18.03,14.02,7.56,2.99
嘉诚国际,sh603535,9.23,9.07,9.14,3071400.0,9.22,1700,9.23,37800,1.76,9.28,9.14,3071400,28330000.0,0.6,1.54,47.16,47.16,9.98,8.16,0.72
汇成股份,sh688403,16.81,16.4,16.88,3703474900.0,16.81,1900,16.82,49700,2.5,17.36,16.71,3703474900,631650000.0,4.26,3.96,146.07,146.07,19.68,13.12,0.91
金信诺,sz300252,14.9,14.73,15.15,28959700.0,14.9,144200,14.91,64000,1.15,15.19,14.74,28959700,434050000.0,5.18,3.05,83.26,98.66,17.68,11.78,0.6
新国都,sz300130,24.93,24.74,25.24,8878800.0,24.92,3100,24.93,5200,0.77,25.49,24.73,8878800,223020000.0,2.05,3.07,108.23,141.43,29.69,19.79,0.61
科信技术,sz300565,13.93,14.34,14.51,34781100.0,13.93,83400,13.94,7100,-2.86,14.64,13.86,34781100,490440000.0,15.24,5.44,31.79,34.78,17.21,11.47,1.37
云中马,sh603130,43.23,43.13,43.7,939900.0,43.23,7700,43.3,100,0.23,44.08,43.06,939900,40900000.0,0.68,2.36,59.45,59.45,47.44,38.82,0.5
晨光电缆,bj920639,9.02,8.65,8.77,14828100.0,9.01,11000,9.02,109000,4.28,9.15,8.69,14828100,133355000.0,12.49,5.32,10.71,18.18,11.24,6.06,3.47
上工申贝,sh600843,10.88,10.87,10.92,5955600.0,10.87,89400,10.88,4700,0.09,11.04,10.86,5955600,65200000.0,1.27,1.66,51.05,77.59,11.96,9.78,0.54
济高发展,sh600807,3.29,3.23,3.25,21909000.0,3.28,238800,3.29,100800,1.86,3.35,3.22,21909000,71900000.0,2.78,4.02,25.89,29.1,3.55,2.91,0.88
康比特,bj920429,13.98,13.81,13.9,964700.0,13.98,300,13.99,8000,1.23,14.1,13.8,964700,13450700.0,0.85,2.17,15.87,17.41,17.95,9.67,0.72
西部牧业,sz300106,10.64,10.88,10.9,12334700.0,10.64,14700,10.65,22000,-2.21,11.03,10.5,12334700,132600000.0,5.84,4.87,22.49,22.49,13.06,8.7,1.53
友阿股份,sz002277,7.17,7.02,7.13,20349900.0,7.16,113700,7.17,95700,2.14,7.29,7.06,20349900,145880000.0,1.46,3.28,99.96,99.96,7.72,6.32,0.69
中国铀业,sz001280,92.39,94.5,95.49,20758400.0,92.38,10700,92.39,56800,-2.23,95.92,90.84,20758400,1924990000.0,13.13,5.38,146.06,1910.79,103.95,85.05,0.85
祥源文旅,sh600576,6.27,6.18,6.25,9714700.0,6.27,3100,6.28,105000,1.46,6.29,6.21,9714700,60730000.0,1.47,1.29,41.41,66.12,6.8,5.56,0.66
常辅股份,bj920396,37.22,34.18,34.8,8412500.0,37.22,19400,37.23,24600,8.89,37.6,34.53,8412500,307680600.0,16.4,8.98,19.1,26.88,44.43,23.93,2.67
技源集团,sh603262,26.22,26.16,26.31,737100.0,26.21,3500,26.22,500,0.23,26.5,26.15,737100,19380000.0,1.84,1.34,10.49,104.88,28.78,23.54,0.86
长白山,sh603099,37.23,37.23,37.6,3131700.0,37.23,10500,37.25,200,0.0,37.74,37.16,3131700,117390000.0,1.17,1.56,99.28,101.4,40.95,33.51,0.78
优机股份,bj920943,24.97,25.42,25.43,3099900.0,24.97,800,24.98,500,-1.77,25.72,24.79,3099900,77507500.0,5.98,3.66,12.94,25.35,33.04,17.8,0.94
全信股份,sz300447,21.42,20.88,21.3,19602000.0,21.42,14400,21.43,49100,2.59,21.55,20.8,19602000,414960000.0,9.74,3.59,43.12,66.9,25.06,16.7,0.76
大地海洋,sz301068,28.5,28.42,28.56,604500.0,28.49,3400,28.5,3400,0.28,28.81,28.33,604500,17230000.0,0.6,1.69,28.72,40.27,34.1,22.74,0.52
恒逸石化,sz000703,13.09,11.9,11.99,86003000.0,13.09,29900,0.0,0,10.0,13.09,11.65,86003000,1078760000.0,2.4,12.1,469.06,471.58,13.09,10.71,1.57
华是科技,sz301218,32.09,31.49,32.6,3654100.0,32.08,500,32.09,300,1.91,32.6,31.38,3654100,116290000.0,5.22,3.87,22.49,36.6,37.79,25.19,0.57
美硕科技,sz301295,32.57,32.02,33.0,1425400.0,32.47,3200,32.57,1900,1.72,33.39,32.23,1425400,46790000.0,4.85,3.62,9.58,32.83,38.42,25.62,0.98
拉卡拉,sz300773,26.17,26.61,27.71,63481100.0,26.16,24100,26.17,25100,-1.65,28.0,25.8,63481100,1700020000.0,8.64,8.27,192.23,203.25,31.93,21.29,0.99
*ST云创,bj920305,8.52,8.96,8.6,8160700.0,8.52,112400,8.53,5600,-4.91,9.28,8.37,8160700,70634700.0,10.06,10.16,6.91,11.28,11.64,6.28,0.91
新晨科技,sz300542,17.19,16.92,17.26,3243000.0,17.19,9400,17.2,28200,1.6,17.39,17.1,3243000,55880000.0,1.31,1.71,42.57,51.32,20.3,13.54,0.61
云南旅游,sz002059,4.98,4.93,4.97,9453200.0,4.98,146200,4.99,185000,1.01,5.04,4.96,9453200,47240000.0,0.96,1.62,48.96,50.42,5.42,4.44,0.66
南 京 港,sz002040,11.16,11.85,11.61,60959300.0,11.16,545300,11.17,30600,-5.82,11.79,11.01,60959300,688900000.0,12.54,6.58,54.25,54.45,13.04,10.67,1.21
科蓝软件,sz300663,15.27,14.98,15.29,9454400.0,15.27,25300,15.28,11500,1.94,15.41,15.12,9454400,144560000.0,2.07,1.94,69.87,73.06,17.98,11.98,0.65
ST葫芦娃,sh605199,6.83,6.82,6.86,2241600.0,6.82,14400,6.83,16500,0.15,6.92,6.81,2241600,15400000.0,0.56,1.61,27.33,27.33,7.16,6.48,0.49
迪尔化工,bj920304,13.41,13.72,13.68,5239500.0,13.41,6900,13.42,1000,-2.26,13.8,13.39,5239500,70808700.0,3.84,2.99,18.3,21.76,17.83,9.61,0.84
德昌股份,sh605555,16.11,15.91,16.15,5441600.0,16.1,2200,16.11,8400,1.26,16.24,15.96,5441600,87520000.0,1.12,1.76,77.98,77.98,17.5,14.32,0.52
海川智能,sz300720,38.18,37.96,38.53,5609000.0,38.17,1000,38.19,1800,0.58,39.66,37.92,5609000,217380000.0,3.21,4.58,66.68,74.4,45.55,30.37,0.54
数字人,bj920670,18.33,18.56,18.98,3540600.0,18.33,4000,18.34,600,-1.24,19.0,18.28,3540600,65631899.99999999,5.31,3.88,12.22,19.46,24.12,13.0,0.58
*ST绿康,sz002868,42.07,40.07,40.54,1766700.0,42.07,305400,0.0,0,4.99,42.07,40.54,1766700,73730000.0,1.15,3.82,64.81,65.38,42.07,38.07,0.68
森远股份,sz300210,9.22,9.03,9.11,6361400.0,9.21,1000,9.22,24100,2.1,9.33,9.11,6361400,58670000.0,1.32,2.44,44.6,44.65,10.84,7.22,0.52
殷图网联,bj920508,22.28,22.05,22.08,913500.0,22.28,400,22.29,15000,1.04,22.77,22.0,913500,20407500.0,2.86,3.49,7.11,13.37,28.66,15.44,1.15
新奥股份,sh600803,21.63,23.0,21.9,34119400.0,21.62,91800,21.63,19000,-5.96,22.74,21.25,34119400,742800000.0,1.11,6.48,664.41,669.62,25.3,20.7,1.11
云里物里,bj920374,22.65,22.26,22.49,473100.0,22.58,1200,22.65,20100,1.75,22.74,22.09,473100,10657800.0,1.39,2.92,7.73,18.46,28.93,15.59,0.6
创源股份,sz300703,22.7,22.7,22.98,4157300.0,22.69,7700,22.7,800,0.0,23.18,22.6,4157300,94910000.0,2.45,2.56,38.51,40.95,27.24,18.16,0.83
景兴纸业,sz002067,5.39,5.25,5.35,57246700.0,5.39,324900,5.4,267600,2.67,5.5,5.35,57246700,310830000.0,4.28,2.86,72.1,79.49,5.78,4.73,0.67
泰尔股份,sz002347,9.28,9.02,9.2,21322900.0,9.28,98400,9.29,74000,2.88,9.37,9.18,21322900,197820000.0,4.32,2.11,45.79,46.84,9.92,8.12,0.94
百大集团,sh600865,12.29,12.16,12.28,8055100.0,12.29,35100,12.3,16300,1.07,12.45,12.26,8055100,99470000.0,2.14,1.56,46.24,46.24,13.38,10.94,0.88
马可波罗,sz001386,22.62,22.52,23.19,4238400.0,22.62,4300,22.63,5600,0.44,23.19,22.44,4238400,96170000.0,4.33,3.33,22.14,270.29,24.77,20.27,0.57
雷科防务,sz002413,16.31,16.07,16.07,319100600.0,16.31,699600,16.32,659200,1.49,16.71,15.18,319100600,5020680000.0,24.63,9.52,211.28,215.18,17.68,14.46,1.23
路德科技,sh688156,21.73,21.35,21.54,319621200.0,21.69,2000,21.73,76400,1.78,22.32,21.46,319621200,69870000.0,3.17,4.03,21.89,21.89,25.62,17.08,0.84
路畅科技,sz002813,26.68,26.2,26.76,1747200.0,26.67,300,26.68,2000,1.83,26.98,26.42,1747200,46610000.0,1.46,2.14,31.98,32.02,28.82,23.58,0.84
同德化工,sz002360,5.53,5.48,5.56,16409800.0,5.52,14300,5.53,800,0.91,5.63,5.37,16409800,90950000.0,5.01,4.74,18.11,22.22,6.03,4.93,0.87
华尔泰,sz001217,13.13,13.46,13.71,10869700.0,13.13,15000,13.14,2200,-2.45,13.79,13.03,10869700,144040000.0,3.31,5.65,43.14,43.57,14.81,12.11,0.77
路斯股份,bj920419,15.64,14.56,14.7,3810000.0,15.64,18600,15.65,1700,7.42,16.47,14.53,3810000,59653400.0,3.94,13.32,15.11,16.16,18.92,10.2,5.16
晶雪节能,sz301010,20.71,20.44,20.76,1797000.0,20.71,2300,20.72,400,1.32,21.14,20.5,1797000,37370000.0,1.66,3.13,22.37,22.37,24.53,16.35,0.7
海航科技,sh600751,4.1,4.0,4.04,62295800.0,4.09,305500,4.1,213800,2.5,4.14,3.97,62295800,252810000.0,2.42,4.25,105.5,118.87,4.4,3.6,0.86
申达股份,sh600626,4.54,4.49,4.63,13273600.0,4.53,4500,4.54,190500,1.11,4.65,4.51,13273600,60630000.0,1.2,3.12,50.3,59.96,4.94,4.04,0.79
三丰智能,sz300276,8.06,8.15,8.22,33499400.0,8.06,285300,8.07,325300,-1.1,8.38,8.05,33499400,273100000.0,3.17,4.05,85.2,112.92,9.78,6.52,1.1
中天精装,sz002989,30.1,29.79,30.1,4244600.0,30.1,35800,30.11,3600,1.04,30.87,29.52,4244600,128390000.0,2.32,4.53,55.18,60.68,32.77,26.81,0.61
御银股份,sz002177,8.89,8.86,9.12,121567400.0,8.89,210000,8.9,114900,0.34,9.44,8.8,121567400,1102410000.0,18.01,7.22,60.0,67.67,9.75,7.97,0.71
铂力特,sh688333,103.17,102.23,104.66,646711900.0,103.16,8200,103.17,13900,0.92,105.0,101.68,646711900,666410000.0,2.36,3.25,283.02,283.02,122.68,81.78,0.6
ST新华锦,sh600735,6.73,6.73,0.0,0.0,0.0,0,0.0,0,0.0,0.0,0.0,0,0.0,0.0,0.0,28.63,28.86,7.07,6.39,0.0
长城电工,sh600192,9.84,9.58,9.7,19144600.0,9.83,70100,9.84,30000,2.71,9.9,9.65,19144600,187830000.0,4.33,2.61,43.47,43.47,10.54,8.62,1.43
*ST天龙,sz300029,5.01,4.98,5.06,3832700.0,5.0,75100,5.01,12000,0.6,5.1,4.97,3832700,19290000.0,1.91,2.61,10.04,10.05,5.98,3.98,0.87
巨轮智能,sz002031,7.24,7.26,7.32,46649000.0,7.24,472100,7.25,266000,-0.28,7.38,7.23,46649000,339850000.0,2.41,2.07,140.37,159.24,7.99,6.53,0.78
仁度生物,sh688193,50.43,50.37,51.1,35679700.0,50.19,200,50.43,4000,0.12,52.02,50.01,35679700,18220000.0,0.89,3.99,20.21,20.21,60.44,40.3,0.69
帝科股份,sz300842,103.37,105.81,109.29,7063700.0,103.16,700,103.37,200,-2.31,110.29,101.81,7063700,745010000.0,5.45,8.01,134.01,150.18,126.97,84.65,0.59
骏亚科技,sh603386,14.38,14.01,14.2,7425500.0,14.38,12100,14.39,16200,2.64,14.58,14.2,7425500,106710000.0,2.28,2.71,46.93,46.93,15.41,12.61,0.65
百洋股份,sz002696,7.36,7.32,7.43,7975600.0,7.35,1000,7.36,9400,0.55,7.64,7.32,7975600,59220000.0,2.38,4.37,24.62,25.49,8.05,6.59,0.86
凤凰航运,sz000520,4.44,4.61,4.47,78109200.0,4.44,232700,4.45,321200,-3.69,4.6,4.33,78109200,347250000.0,7.72,5.86,44.94,44.94,5.07,4.15,1.23
太湖雪,bj920262,23.41,23.31,23.34,425700.0,23.4,600,23.41,1200,0.43,23.74,23.33,425700,10000200.0,1.36,1.76,7.3,16.18,30.3,16.32,0.64
七丰精工,bj920169,36.21,37.02,37.02,3524400.0,36.21,6700,36.22,2300,-2.19,37.39,36.01,3524400,128559900.0,6.94,3.73,18.4,29.26,48.12,25.92,0.79
中科星图,sh688568,76.8,74.7,75.25,2889831600.0,76.78,2400,76.8,14400,2.81,77.0,72.68,2889831600,2153340000.0,3.58,5.78,620.6,620.6,89.64,59.76,0.95
一品红,sz300723,30.88,30.44,30.8,5410900.0,30.87,6500,30.88,16000,1.45,31.24,30.3,5410900,166300000.0,1.3,3.09,128.98,139.48,36.53,24.35,0.76
盖世食品,bj920826,12.29,12.37,12.46,2184700.0,12.29,12300,12.3,21100,-0.65,12.55,12.26,2184700,27086200.0,3.5,2.34,7.68,17.27,16.08,8.66,0.83
坤恒顺维,sh688283,47.93,47.32,48.87,52728000.0,47.93,1700,48.06,300,1.29,49.18,47.13,52728000,25410000.0,0.43,4.33,58.38,58.38,56.78,37.86,0.67
美之高,bj920765,17.4,17.42,17.5,884200.0,17.4,42300,17.42,700,-0.11,17.85,17.34,884200,15452500.0,1.67,2.93,9.19,15.12,22.64,12.2,0.59
天奥电子,sz002935,20.1,19.89,20.26,7169800.0,20.1,18500,20.12,2500,1.06,20.34,19.96,7169800,144640000.0,1.73,1.91,83.43,85.24,21.88,17.9,0.69
美凯龙,sh601828,2.51,2.5,2.52,18344500.0,2.5,321800,2.51,391000,0.4,2.54,2.49,18344500,46170000.0,0.51,2.0,90.7,109.3,2.75,2.25,0.71
龙溪股份,sh600592,22.35,22.15,22.33,6538800.0,22.35,2100,22.36,13000,0.9,22.58,22.15,6538800,146000000.0,1.64,1.94,89.3,89.3,24.37,19.94,0.71
风范股份,sh601700,6.15,5.93,5.99,54125100.0,6.15,97500,6.16,421700,3.71,6.22,5.93,54125100,332310000.0,4.74,4.89,70.25,70.25,6.52,5.34,1.6
百亚股份,sz003006,19.08,19.77,19.86,9872300.0,19.08,5800,19.09,5700,-3.49,19.94,18.8,9872300,188710000.0,2.3,5.77,81.77,81.98,21.75,17.79,1.82
积成电子,sz002339,12.69,11.54,12.0,119162600.0,12.69,6265000,0.0,0,9.97,12.69,11.91,119162600,1496740000.0,24.89,6.76,60.76,63.97,12.69,10.39,2.95
松井股份,sh688157,38.98,38.74,39.15,259197400.0,38.98,1500,38.99,300,0.62,41.06,38.74,259197400,103310000.0,1.66,5.99,60.98,60.98,46.49,30.99,0.72
烽火通信,sh600498,56.77,58.44,59.0,140138700.0,56.77,3200,56.78,600,-2.86,59.61,55.0,140138700,7978700000.0,11.02,7.89,721.9,771.03,64.28,52.6,0.91
天罡股份,bj920651,34.55,35.03,35.38,917600.0,34.54,600,34.55,40600,-1.37,35.86,34.13,917600,32024699.999999996,6.01,4.94,5.28,21.08,45.53,24.53,2.73
ST易联众,sz300096,7.64,7.7,7.8,3953100.0,7.63,148500,7.64,1800,-0.78,7.8,7.62,3953100,30440000.0,0.92,2.34,32.85,32.85,9.24,6.16,0.86
电科芯片,sh600877,18.24,17.8,18.25,24143000.0,18.23,77800,18.24,400,2.47,18.38,18.04,24143000,440290000.0,2.04,1.91,215.97,215.97,19.58,16.02,0.72
达利凯普,sz301566,23.98,24.15,24.68,14576300.0,23.98,1100,23.99,1600,-0.7,24.9,23.77,14576300,353790000.0,7.02,4.68,49.76,95.92,28.98,19.32,0.55
中马传动,sh603767,19.74,19.53,19.78,2480700.0,19.73,2400,19.74,7400,1.08,19.9,19.61,2480700,49040000.0,0.8,1.48,60.92,60.92,21.48,17.58,0.63
华依科技,sh688071,34.89,34.78,35.53,242431600.0,34.83,300,34.89,400,0.32,35.72,34.62,242431600,85300000.0,2.86,3.16,29.58,29.58,41.74,27.82,0.65
好太太,sh603848,16.42,16.4,16.61,1932200.0,16.4,7600,16.42,1400,0.12,16.66,16.37,1932200,31890000.0,0.48,1.77,66.08,66.08,18.04,14.76,0.76
金龙汽车,sh600686,17.08,16.14,16.51,19736200.0,17.08,24800,17.09,3700,5.82,17.1,16.4,19736200,331960000.0,2.75,4.34,122.47,122.47,17.75,14.53,0.94
棕榈股份,sz002431,2.6,2.52,2.55,33459500.0,2.6,3600,2.61,1016000,3.17,2.62,2.54,33459500,86680000.0,1.86,3.17,46.86,46.86,2.77,2.27,0.83
泰祥股份,sz301192,29.33,28.86,29.44,1347700.0,29.22,1000,29.34,500,1.63,30.43,29.13,1347700,40090000.0,2.82,4.5,14.04,29.3,34.63,23.09,0.71
嘉和美康,sh688246,22.43,22.32,22.69,253876500.0,22.43,1100,22.44,100,0.49,22.97,22.25,253876500,57370000.0,1.85,3.23,30.86,30.86,26.78,17.86,0.69
瑞斯康达,sh603803,10.2,9.83,10.01,12095300.0,10.2,37400,10.21,18800,3.76,10.29,10.0,12095300,123000000.0,2.85,2.95,43.34,43.34,10.81,8.85,1.17
勘设股份,sh603458,10.41,10.4,10.45,5758900.0,10.4,39100,10.41,5100,0.1,10.65,10.3,5758900,60260000.0,1.88,3.37,31.87,31.87,11.44,9.36,0.66
汇金股份,sz300368,12.1,11.96,12.14,12469600.0,12.09,13300,12.1,17900,1.17,12.38,12.05,12469600,152070000.0,2.36,2.76,64.0,64.0,14.35,9.57,0.71
司南导航,sh688592,45.78,45.01,45.5,108384300.0,45.75,2400,45.78,5700,1.71,46.2,45.36,108384300,49610000.0,2.81,1.87,17.64,36.83,54.01,36.01,0.61
中嘉博创,sz000889,3.52,3.44,3.5,20293000.0,3.52,155900,3.53,128600,2.33,3.56,3.5,20293000,71720000.0,2.33,1.74,30.62,32.96,3.78,3.1,0.84
初灵信息,sz300250,23.11,22.86,23.5,6869000.0,23.1,22900,23.11,45100,1.09,23.6,22.96,6869000,159370000.0,4.37,2.8,36.36,49.4,27.43,18.29,0.54
中体产业,sh600158,10.1,10.18,10.38,53368400.0,10.1,113300,10.11,10600,-0.79,10.57,9.81,53368400,547840000.0,5.56,7.47,96.91,96.91,11.2,9.16,1.05
汇嘉时代,sh603101,8.7,8.59,8.66,4868400.0,8.69,12800,8.7,20300,1.28,8.83,8.66,4868400,42530000.0,1.03,1.98,40.92,40.92,9.45,7.73,0.77
森麒麟,sz002984,19.28,19.16,19.33,7681100.0,19.27,1700,19.28,11400,0.63,19.49,19.12,7681100,148390000.0,1.08,1.93,137.59,199.74,21.08,17.24,0.57
楚天龙,sz003040,17.7,17.27,17.5,8739500.0,17.69,18100,17.7,29000,2.49,17.93,17.5,8739500,154940000.0,1.91,2.49,80.86,81.62,19.0,15.54,0.9
华贸物流,sh603128,5.91,5.91,5.93,20567800.0,5.91,386400,5.92,138600,0.0,5.95,5.89,20567800,121660000.0,1.57,1.02,77.36,77.36,6.5,5.32,0.71
丽人丽妆,sh605136,10.31,10.18,10.29,6880100.0,10.3,78200,10.31,1500,1.28,10.4,10.25,6880100,71010000.0,1.72,1.47,41.29,41.29,11.2,9.16,0.62
*ST华闻,sz000793,2.85,2.71,2.73,32971100.0,2.85,1007800,0.0,0,5.17,2.85,2.72,32971100,92660000.0,1.68,4.8,55.89,56.92,2.85,2.57,0.72
供销大集,sz000564,2.21,2.19,2.2,113945900.0,2.2,9012500,2.21,13242700,0.91,2.23,2.2,113945900,251860000.0,0.77,1.37,325.2,399.08,2.41,1.97,0.55
云星宇,bj920806,12.93,12.7,12.83,1942500.0,12.92,16500,12.93,4100,1.81,12.94,12.79,1942500,24996700.0,0.65,1.18,38.89,38.89,16.51,8.89,0.71
ST达华,sz002512,5.17,5.44,5.17,488600.0,0.0,0,5.17,197580300,-4.96,5.17,5.17,488600,2530000.0,0.04,0.0,56.58,57.52,5.71,5.17,0.02
荣科科技,sz300290,16.06,15.78,16.05,16274300.0,16.06,14700,16.07,57300,1.77,16.26,15.97,16274300,261990000.0,2.54,1.84,102.71,102.74,18.94,12.62,0.74
电子城,sh600658,5.11,4.97,5.03,13417300.0,5.1,205200,5.11,17100,2.82,5.17,5.01,13417300,68330000.0,1.2,3.22,57.16,57.16,5.47,4.47,0.96
安泰集团,sh600408,3.71,3.7,3.62,80424000.0,3.71,70500,3.72,1031400,0.27,3.74,3.58,80424000,294030000.0,7.99,4.32,37.35,37.35,4.07,3.33,0.89
中亚股份,sz300512,10.31,10.08,10.27,5464000.0,10.3,18400,10.31,600,2.28,10.45,10.2,5464000,56570000.0,1.69,2.48,33.39,42.19,12.1,8.06,0.73
中洲特材,sz300963,20.59,19.71,20.1,19488900.0,20.58,14500,20.59,10400,4.46,21.0,20.0,19488900,400690000.0,6.73,5.07,59.59,94.43,23.65,15.77,1.11
珠海中富,sz000659,4.32,4.34,4.39,27565400.0,4.31,183300,4.32,86600,-0.46,4.45,4.3,27565400,120150000.0,2.14,3.46,55.54,55.54,4.77,3.91,0.68
智莱科技,sz300771,14.58,14.29,14.58,5086100.0,14.57,11800,14.58,4300,2.03,14.75,14.41,5086100,74390000.0,2.81,2.38,26.42,34.99,17.15,11.43,0.63
安必平,sh688393,25.01,25.02,25.36,145981000.0,24.93,1200,25.01,6500,-0.04,25.51,24.81,145981000,36690000.0,1.56,2.8,23.4,23.4,30.02,20.02,0.67
乾照光电,sz300102,36.87,33.12,34.1,116619400.0,36.87,214700,36.88,273700,11.32,38.19,34.07,116619400,4215040000.0,12.73,12.44,337.85,339.33,39.74,26.5,1.62
科强股份,bj920665,12.68,12.65,12.75,1276600.0,12.68,8200,12.76,1100,0.24,12.91,12.68,1276600,16371099.999999998,1.99,1.82,8.12,16.48,16.44,8.86,0.53
长盈通,sh688143,57.9,55.8,57.45,1019432300.0,57.9,1000,57.91,200,3.76,58.5,54.66,1019432300,576070000.0,8.33,6.88,70.85,74.56,66.96,44.64,0.97
恒天海龙,sz000677,4.0,3.87,3.91,24507100.0,3.99,163200,4.0,456900,3.36,4.04,3.9,24507100,97300000.0,2.84,3.62,34.56,34.56,4.26,3.48,1.03
ST复华,sh600624,5.04,5.02,5.08,4286700.0,5.04,12400,5.05,26400,0.4,5.09,5.04,4286700,21700000.0,0.63,1.0,34.24,34.24,5.27,4.77,0.6
百甲科技,bj920057,6.91,6.89,6.89,2659700.0,6.91,17800,6.92,12200,0.29,6.97,6.85,2659700,18356800.0,2.31,1.74,7.95,12.53,8.95,4.83,0.74
西安旅游,sz000610,9.18,9.19,9.29,5792700.0,9.18,56400,9.19,9900,-0.11,9.35,9.15,5792700,53500000.0,2.46,2.18,21.62,21.73,10.11,8.27,0.58
创维数字,sz000810,11.03,10.67,10.89,16162000.0,11.03,98400,11.04,48600,3.37,11.2,10.83,16162000,179060000.0,1.46,3.47,122.5,126.87,11.74,9.6,1.08
雄帝科技,sz300546,24.06,23.73,24.23,4175300.0,24.05,1000,24.06,1600,1.39,24.65,23.92,4175300,101540000.0,3.12,3.08,32.22,44.9,28.48,18.98,0.72
天力复合,bj920576,74.79,73.34,75.6,3130800.0,74.79,1900,74.8,4300,1.98,76.0,73.18,3130800,232887000.0,2.92,3.85,80.12,81.48,95.34,51.34,0.72
南华期货,sh603093,21.7,21.62,22.01,20862500.0,21.69,2200,21.7,6800,0.37,22.45,21.38,20862500,455690000.0,3.42,4.95,132.38,155.75,23.78,19.46,0.84
迎丰股份,sh605055,9.78,9.89,10.01,3120700.0,9.78,16600,9.8,10500,-1.11,10.02,9.71,3120700,30710000.0,0.71,3.13,43.03,43.03,10.88,8.9,0.58
万林物流,sh603117,5.64,5.7,5.86,30923900.0,5.63,35200,5.64,89500,-1.05,5.86,5.54,30923900,175750000.0,5.16,5.61,33.79,33.79,6.27,5.13,1.16
福石控股,sz300071,5.52,5.32,5.46,53116700.0,5.51,131700,5.52,488100,3.76,5.57,5.44,53116700,292660000.0,5.62,2.44,52.18,53.21,6.38,4.26,1.03
胜利股份,sz000407,5.41,5.63,5.52,129677100.0,5.41,139000,5.42,39200,-3.91,5.62,5.25,129677100,701510000.0,14.81,6.57,47.38,47.61,6.19,5.07,1.58
多伦科技,sh603528,8.89,8.7,8.84,7393900.0,8.89,44600,8.9,35300,2.18,8.97,8.81,7393900,65780000.0,1.05,1.84,62.76,62.76,9.57,7.83,0.72
康农种业,bj920403,24.51,27.88,25.2,8002000.0,24.51,9000,24.56,700,-12.09,25.79,24.1,8002000,197717300.0,13.54,6.06,14.48,24.35,36.24,19.52,1.08
三协电机,bj920100,59.7,59.44,60.95,369900.0,59.66,200,59.7,200,0.44,60.95,59.45,369900,22141100.0,2.16,2.52,10.21,44.06,77.27,41.61,0.45
环旭电子,sh601231,41.45,42.03,43.4,48859000.0,41.45,42200,41.46,400,-1.38,43.96,41.0,48859000,2066070000.0,2.05,7.04,990.28,990.28,46.23,37.83,0.72
高华科技,sh688539,41.29,41.52,42.39,278991300.0,41.28,2100,41.29,1800,-0.55,42.49,40.72,278991300,115720000.0,2.66,4.26,43.24,76.77,49.82,33.22,0.78
长盛轴承,sz300718,74.1,73.23,75.4,3260800.0,74.1,600,74.11,200,1.19,75.4,73.7,3260800,242500000.0,1.68,2.32,143.64,221.4,87.88,58.58,0.64
合兴股份,sh605005,19.59,19.75,19.99,3091800.0,19.59,31600,19.6,5100,-0.81,20.03,19.48,3091800,61050000.0,0.77,2.78,78.56,78.56,21.73,17.78,0.97
铁拓机械,bj920706,26.75,27.73,27.87,3881200.0,26.75,9400,26.76,200,-3.53,28.09,26.66,3881200,105829200.0,9.17,5.16,11.33,24.72,36.04,19.42,1.06
航天宏图,sh688066,24.3,24.35,24.8,1064875000.0,24.3,16400,24.32,40200,-0.21,24.97,24.05,1064875000,259440000.0,4.08,3.78,63.49,63.49,29.22,19.48,0.58
索菱股份,sz002766,5.46,5.26,5.35,28209900.0,5.45,90400,5.46,54000,3.8,5.57,5.35,28209900,153910000.0,3.3,4.18,46.7,47.15,5.79,4.73,1.18
三峡旅游,sz002627,8.44,8.48,8.6,11006800.0,8.44,9800,8.45,58700,-0.47,8.7,8.4,11006800,93770000.0,1.53,3.54,60.52,61.16,9.33,7.63,0.63
新能泰山,sz000720,4.0,3.87,3.92,57030800.0,3.99,210600,4.0,422600,3.36,4.13,3.91,57030800,228720000.0,4.54,5.68,50.26,50.26,4.26,3.48,1.82
博菲电气,sz001255,39.79,38.95,39.42,2027100.0,39.78,10900,39.79,6300,2.16,40.13,39.35,2027100,80650000.0,2.85,2.0,28.27,34.67,42.85,35.06,0.76
森霸传感,sz300701,12.48,11.99,12.24,6297300.0,12.48,23800,12.49,12400,4.09,12.7,12.24,6297300,78950000.0,2.53,3.84,31.09,35.29,14.39,9.59,1.13
勤上股份,sz002638,3.46,3.21,3.25,144253000.0,3.45,776600,3.46,1681200,7.79,3.53,3.23,144253000,494970000.0,10.66,9.35,46.8,49.71,3.53,2.89,2.95
航天环宇,sh688523,71.18,66.53,66.7,1453180600.0,71.17,8700,71.18,35300,6.99,72.99,65.3,1453180600,989310000.0,15.06,11.56,68.7,289.62,79.84,53.22,1.26
飞力达,sz300240,7.88,7.72,7.85,25983800.0,7.87,70400,7.88,45300,2.07,8.14,7.73,25983800,205270000.0,7.15,5.31,28.63,29.28,9.26,6.18,1.24
三维装备,bj920834,14.69,14.47,14.5,1044100.0,14.62,900,14.69,11600,1.52,14.75,14.48,1044100,15263699.999999998,1.66,1.87,9.22,17.63,18.81,10.13,0.86
中国卫星,sh600118,93.63,92.94,94.34,56601400.0,93.62,18300,93.63,13400,0.74,94.99,90.64,56601400,5245900000.0,4.79,4.68,1107.16,1107.16,102.23,83.65,0.78
创远信科,bj920961,25.94,25.45,25.73,2233400.0,25.81,4400,25.94,10500,1.93,26.11,25.62,2233400,57768900.0,2.2,1.93,26.37,37.05,33.08,17.82,0.63
佛慈制药,sz002644,8.59,8.45,8.58,6224300.0,8.58,77300,8.59,32100,1.66,8.66,8.52,6224300,53490000.0,1.22,1.66,43.87,43.87,9.3,7.61,0.67
朱老六,bj920726,20.52,20.93,21.14,3123000.0,20.52,4700,20.54,100,-1.96,21.38,20.47,3123000,65042100.0,5.59,4.35,11.47,20.86,27.2,14.66,1.08
品渥食品,sz300892,29.06,28.81,29.21,1610000.0,29.06,9800,29.08,1700,0.87,29.51,28.88,1610000,47060000.0,2.49,2.19,18.76,29.06,34.57,23.05,0.84
乐凯胶片,sh600135,8.93,8.88,8.94,6831400.0,8.93,54700,8.94,12800,0.56,9.05,8.86,6831400,61170000.0,1.23,2.14,49.41,49.41,9.77,7.99,0.57
九丰能源,sh605090,48.45,49.1,48.08,22911900.0,48.44,1500,48.45,26700,-1.32,48.86,47.05,22911900,1100040000.0,3.25,3.69,341.14,341.81,54.01,44.19,0.71
襄阳轴承,sz000678,12.66,12.54,12.65,7398300.0,12.65,43200,12.66,13000,0.96,12.78,12.6,7398300,93780000.0,1.61,1.44,58.19,58.19,13.79,11.29,0.67
恒信东方,sz300081,5.25,5.03,5.13,23672200.0,5.25,183200,5.26,120000,4.37,5.29,5.12,23672200,123630000.0,3.91,3.38,31.75,31.75,6.04,4.02,0.72
岭南控股,sz000524,12.54,12.65,12.84,10110600.0,12.53,56600,12.54,27300,-0.87,12.9,12.46,10110600,128340000.0,1.51,3.48,84.01,84.04,13.92,11.39,0.75
柏星龙,bj920075,25.22,24.83,25.1,948300.0,25.22,1400,25.23,200,1.57,26.02,24.89,948300,24044100.0,2.72,4.55,8.8,16.35,32.27,17.39,0.91
浩瀚深度,sh688292,26.48,26.29,26.71,337018300.0,26.48,500,26.49,3200,0.72,27.15,26.22,337018300,90100000.0,2.13,3.54,41.93,41.93,31.55,21.03,0.48
盛邦安全,sh688651,43.9,42.63,43.43,132458000.0,43.9,22300,43.93,500,2.98,44.5,43.0,132458000,57930000.0,4.08,3.52,14.25,33.1,51.16,34.1,0.78
雷电微力,sz301050,52.06,52.66,53.65,10995000.0,52.06,14600,52.07,500,-1.14,53.75,51.01,10995000,576230000.0,5.23,5.2,109.52,128.7,63.19,42.13,0.78
航天电器,sz002025,50.7,51.11,51.8,12377200.0,50.69,16600,50.7,8700,-0.8,52.2,50.0,12377200,630640000.0,2.73,4.3,230.12,230.9,56.22,46.0,0.63
四创电子,sh600990,25.98,26.06,26.18,4570400.0,25.98,31200,25.99,3000,-0.31,26.25,25.81,4570400,118840000.0,1.7,1.69,69.89,70.43,28.67,23.45,0.53
盈新发展,sz000620,2.95,2.89,2.94,166641700.0,2.95,1250300,2.96,1434700,2.08,3.0,2.93,166641700,494550000.0,3.57,2.42,137.82,173.22,3.18,2.6,1.12
*ST正平,sh603843,5.78,5.8,5.51,49521400.0,5.77,38200,5.78,138000,-0.34,6.03,5.51,49521400,278730000.0,7.08,8.97,40.44,40.44,6.09,5.51,2.87
倍益康,bj920199,41.98,39.0,39.57,4598500.0,41.98,2600,41.99,3700,7.64,45.1,39.38,4598500,194787800.0,12.12,14.67,15.92,28.59,50.7,27.3,2.53
孩子王,sz301078,9.7,9.83,10.22,79169900.0,9.7,207300,9.71,68100,-1.32,10.26,9.63,79169900,782060000.0,6.31,6.41,121.66,122.34,11.8,7.86,1.0
太钢不锈,sz000825,5.15,5.19,5.26,59009400.0,5.15,407700,5.16,346400,-0.77,5.29,5.13,59009400,306100000.0,1.04,3.08,293.36,293.36,5.71,4.67,0.57
优迅股份,sh688807,239.06,221.51,226.05,372583400.0,239.06,200,239.3,200,7.92,252.49,226.02,372583400,893320000.0,24.78,11.95,35.94,191.25,265.81,177.21,1.21
中利集团,sz002309,3.37,3.36,3.42,143544800.0,3.37,663100,3.38,696100,0.3,3.46,3.33,143544800,487110000.0,6.17,3.87,78.41,101.36,3.7,3.02,0.88
爱丽家居,sh603221,11.97,11.86,11.95,2265100.0,11.95,1800,11.97,15700,0.93,12.09,11.88,2265100,27120000.0,0.93,1.77,29.0,29.27,13.05,10.67,0.74
信科移动-U,sh688387,15.6,15.58,15.95,6472106000.0,15.6,31200,15.61,1300,0.13,16.0,15.23,6472106000,1009040000.0,3.21,4.94,314.62,533.33,18.7,12.46,0.56
航宇微,sz300053,18.76,18.65,19.09,27399400.0,18.76,7400,18.77,75900,0.59,19.18,18.33,27399400,515290000.0,4.21,4.56,122.09,130.73,22.38,14.92,0.65
财信发展,sz000838,2.48,2.48,2.51,35594000.0,2.48,230200,2.49,429800,0.0,2.53,2.46,35594000,88550000.0,3.38,2.82,26.13,27.29,2.73,2.23,1.17
航宇科技,sh688239,73.1,71.31,72.6,748840800.0,73.0,700,73.1,4900,2.51,75.48,71.66,748840800,549740000.0,3.93,5.36,139.35,139.35,85.57,57.05,0.78
英利汽车,sh601279,4.32,4.26,4.3,14682100.0,4.31,164500,4.32,300,1.41,4.35,4.27,14682100,63330000.0,0.93,1.88,68.51,68.51,4.69,3.83,1.23
宁波海运,sh600798,4.06,4.24,4.1,115128300.0,4.06,671000,4.07,389800,-4.25,4.23,4.01,115128300,471720000.0,9.54,5.19,48.99,48.99,4.66,3.82,0.97
华光源海,bj920351,24.14,25.16,24.07,7061200.0,24.14,53900,24.16,1500,-4.05,26.15,23.6,7061200,172464400.0,17.8,10.14,9.58,21.25,32.7,17.62,1.04
霍莱沃,sh688682,48.42,47.51,47.9,161903000.0,48.4,200,48.42,200,1.92,49.44,47.43,161903000,78440000.0,1.59,4.23,49.31,49.31,57.01,38.01,0.63
信息发展,sz300469,62.86,61.71,63.54,4570500.0,62.85,200,62.86,5100,1.86,63.88,62.5,4570500,288810000.0,1.84,2.24,156.04,156.04,74.05,49.37,0.62
亨通股份,sh600226,5.59,5.45,5.47,70350700.0,5.59,154200,5.6,233800,2.57,5.71,5.47,70350700,393240000.0,2.37,4.4,166.27,166.27,6.0,4.91,0.88
*ST新元,sz300472,7.64,7.53,7.61,2938100.0,7.63,11600,7.64,11900,1.46,7.76,7.58,2938100,22460000.0,1.11,2.39,20.23,21.03,9.04,6.02,0.62
*ST天喻,sz300205,4.85,4.53,4.6,6050600.0,4.84,47600,4.85,73000,7.06,4.91,4.6,6050600,29000000.0,1.41,6.84,20.86,20.86,5.44,3.62,1.86
珠江钢琴,sz002678,5.76,5.78,5.89,18326700.0,5.75,101900,5.76,25300,-0.35,5.93,5.74,18326700,106800000.0,1.35,3.29,78.2,78.24,6.36,5.2,0.57
亚联发展,sz002316,5.52,5.43,5.52,15507000.0,5.51,26000,5.52,92700,1.66,5.62,5.48,15507000,86090000.0,4.55,2.58,18.81,21.7,5.97,4.89,0.84
ST中迪,sz000609,9.11,9.24,9.24,22852600.0,9.11,95300,9.12,71700,-1.41,9.33,8.86,22852600,207260000.0,7.85,5.09,26.52,27.26,9.7,8.78,1.83
理工光科,sz300557,41.7,42.18,42.99,7234100.0,41.7,9100,41.71,2500,-1.14,43.43,41.41,7234100,305450000.0,6.06,4.79,49.74,50.4,50.62,33.74,0.66
亚光科技,sz300123,7.59,7.57,7.67,49042200.0,7.58,186600,7.59,146100,0.26,7.72,7.47,49042200,371770000.0,4.9,3.3,75.93,77.56,9.08,6.06,0.59
王府井,sh600859,13.12,13.06,13.18,15635500.0,13.12,169100,13.13,82400,0.46,13.27,13.07,15635500,206010000.0,1.39,1.53,147.45,147.46,14.37,11.75,0.77
哈焊华通,sz301137,59.82,53.58,54.51,21127200.0,59.81,119000,59.82,16300,11.65,60.6,53.86,21127200,1223660000.0,11.62,12.58,108.76,108.76,64.3,42.86,1.94
首开股份,sh600376,5.09,5.05,5.12,33906200.0,5.09,437900,5.1,332200,0.79,5.15,5.08,33906200,173110000.0,1.31,1.39,131.3,131.3,5.56,4.55,0.53
永悦科技,sh603879,5.98,5.96,5.97,11653200.0,5.98,21000,5.99,19800,0.34,6.12,5.95,11653200,70280000.0,3.24,2.85,21.49,21.49,6.56,5.36,0.86
昂瑞微-UW,sh688790,141.23,140.56,143.0,46641700.0,141.22,1600,141.23,200,0.48,144.48,141.14,46641700,66620000.0,3.87,2.38,17.03,140.57,168.67,112.45,0.6
天润科技,bj920564,26.38,26.85,27.29,1466800.0,26.38,21200,26.48,1400,-1.75,27.38,26.29,1466800,39030400.0,3.58,4.06,10.81,23.51,34.9,18.8,0.63
华天酒店,sz000428,3.79,3.71,3.75,17713300.0,3.79,62000,3.8,61800,2.16,3.86,3.75,17713300,67530000.0,1.74,2.96,38.62,38.62,4.08,3.34,1.03
双飞集团,sz300817,19.5,19.29,19.74,1765100.0,19.5,100,19.51,3000,1.09,19.9,19.4,1765100,34650000.0,1.41,2.59,24.43,42.57,23.15,15.43,0.51
新乡化纤,sz000949,7.11,7.25,7.4,63718700.0,7.1,69100,7.11,85200,-1.93,7.45,7.02,63718700,454160000.0,3.85,5.93,117.77,117.81,7.98,6.53,0.88
宁波东力,sz002164,13.09,12.82,12.98,10248900.0,13.08,40200,13.09,9900,2.11,13.2,12.96,10248900,134070000.0,2.14,1.87,62.8,69.66,14.1,11.54,0.69
博盈特焊,sz301468,66.97,69.5,71.0,10030100.0,66.97,23600,66.98,1000,-3.64,73.18,65.5,10030100,695170000.0,13.37,11.05,50.23,87.14,83.4,55.6,1.15
航天长峰,sh600855,19.18,19.19,19.24,20195800.0,19.17,39100,19.18,93000,-0.05,19.54,18.78,20195800,386120000.0,4.32,3.96,89.69,89.87,21.11,17.27,0.74
星图测控,bj920116,104.93,105.34,106.8,2748400.0,104.93,1500,104.95,2000,-0.39,107.8,103.0,2748400,286391900.0,1.79,4.56,161.04,167.65,136.94,73.74,0.7
四川金顶,sh600678,11.31,11.14,11.31,11448200.0,11.31,143500,11.32,24300,1.53,11.44,11.2,11448200,129350000.0,3.28,2.15,39.47,39.47,12.25,10.03,0.64
金时科技,sz002951,15.18,14.9,15.1,7655700.0,15.18,1200,15.19,29200,1.88,15.3,14.95,7655700,116100000.0,1.91,2.35,60.89,61.48,16.39,13.41,0.55
佳创视讯,sz300264,9.94,9.97,10.2,27924000.0,9.86,800,9.94,57400,-0.3,10.22,9.77,27924000,278310000.0,7.54,4.51,36.82,42.83,11.96,7.98,0.52
信测标准,sz300938,38.86,38.86,39.48,7299500.0,38.86,8500,38.88,1000,0.0,39.79,38.5,7299500,284010000.0,4.3,3.32,65.97,94.62,46.63,31.09,0.74
奥精医疗,sh688613,21.77,21.59,22.0,258202900.0,21.75,2600,21.77,4300,0.83,22.08,21.59,258202900,56400000.0,1.88,2.27,29.83,29.83,25.91,17.27,0.49
爱科赛博,sh688719,41.49,41.5,42.28,310846500.0,41.48,1300,41.49,15200,-0.02,42.6,41.29,310846500,130210000.0,3.46,3.16,37.23,47.87,49.8,33.2,1.32
北斗星通,sz002151,41.88,41.59,42.16,22505000.0,41.87,34100,41.88,8300,0.7,42.5,41.17,22505000,938310000.0,5.08,3.2,185.45,227.37,45.75,37.43,0.57
东珠生态,sh603359,6.61,6.63,6.69,10404900.0,6.61,111900,6.63,2700,-0.3,6.74,6.61,10404900,69370000.0,2.33,1.96,29.49,29.49,7.29,5.97,0.54
通鼎互联,sz002491,12.2,12.65,12.8,237798800.0,12.19,166600,12.2,280600,-3.56,12.91,11.81,237798800,2902900000.0,20.21,8.7,143.53,150.06,13.92,11.39,0.95
元创股份,sz001325,50.01,49.87,50.3,1174500.0,50.01,4300,50.04,2000,0.28,51.0,49.65,1174500,58980000.0,5.99,2.71,9.8,39.21,54.86,44.88,0.52
豪恩汽电,sz301488,138.25,138.6,140.96,1073400.0,138.24,300,138.25,1200,-0.25,141.95,137.51,1073400,149580000.0,4.58,3.2,32.37,127.19,166.32,110.88,0.74
沐曦股份-U,sh688802,537.28,508.5,520.11,209382900.0,537.26,100,537.28,1300,5.66,544.19,520.02,209382900,1121620000.0,11.54,4.75,97.46,2149.66,610.2,406.8,1.62
长江通信,sh600345,43.82,42.86,44.0,17583000.0,43.82,21700,43.83,500,2.24,46.82,43.31,17583000,789720000.0,8.31,8.19,92.71,144.44,47.15,38.57,0.75
恒宝股份,sz002104,17.6,17.3,17.7,29699000.0,17.59,11800,17.6,122900,1.73,18.0,17.46,29699000,525800000.0,4.95,3.12,105.55,124.67,19.03,15.57,0.67
国光电气,sh688776,109.96,106.99,107.98,345818300.0,109.95,300,109.96,3100,2.78,112.9,107.97,345818300,381380000.0,3.19,4.61,119.18,119.18,128.39,85.59,1.11
翠微股份,sh603123,13.96,13.92,14.25,68276700.0,13.96,53100,13.97,56100,0.29,14.48,13.77,68276700,962130000.0,10.47,5.1,91.06,111.5,15.31,12.53,1.08
恒帅股份,sz300969,128.51,130.47,133.08,2132800.0,128.51,6700,128.52,500,-1.5,133.78,128.18,2132800,277200000.0,4.24,4.29,64.59,143.93,156.56,104.38,0.92
金圆股份,sz000546,6.12,6.09,6.2,27428400.0,6.12,140400,6.13,93100,0.49,6.29,6.09,27428400,169090000.0,3.94,3.28,42.64,47.59,6.7,5.48,0.46
特发信息,sz000070,17.51,19.21,19.62,141172600.0,17.51,51000,17.52,53000,-8.85,19.85,17.4,141172600,2530740000.0,15.89,12.75,155.61,157.65,21.13,17.29,1.15
领益智造,sz002600,14.34,14.08,14.37,75107800.0,14.34,36000,14.35,260500,1.85,14.49,14.24,75107800,1081150000.0,1.04,1.78,1032.32,1047.87,15.49,12.67,0.7
广博股份,sz002103,9.0,8.84,8.96,9032200.0,8.99,91200,9.0,17300,1.81,9.15,8.91,9032200,81400000.0,2.4,2.71,33.93,48.08,9.72,7.96,0.8
交建股份,sh603815,6.63,6.61,6.66,10542100.0,6.63,146700,6.64,29400,0.3,6.74,6.63,10542100,70420000.0,1.7,1.66,41.03,41.03,7.27,5.95,0.81
百邦科技,sz300736,19.16,19.2,19.91,10046400.0,19.14,2400,19.16,1000,-0.21,19.94,19.0,10046400,195560000.0,8.03,4.9,23.97,24.51,23.04,15.36,1.46
国泰集团,sh603977,14.75,15.0,15.06,17192500.0,14.75,9600,14.76,6000,-1.67,15.24,14.69,17192500,256280000.0,2.77,3.67,91.63,91.63,16.5,13.5,0.62
华力创通,sz300045,25.57,25.61,26.06,26375000.0,25.57,82900,25.58,17300,-0.16,26.19,25.02,26375000,676060000.0,5.11,4.57,132.02,169.45,30.73,20.49,0.68
棒杰股份,sz002634,7.18,6.69,6.94,15019200.0,7.17,1500,7.18,258400,7.32,7.24,6.72,15019200,105720000.0,3.36,7.77,32.06,32.98,7.36,6.02,0.9
万集科技,sz300552,31.44,30.4,31.16,7756500.0,31.43,5000,31.44,1100,3.42,32.2,31.0,7756500,245140000.0,5.63,3.95,43.31,67.01,36.48,24.32,1.0
欧福蛋业,bj920371,10.83,11.25,11.22,4124300.0,10.83,26400,10.88,3200,-3.73,11.23,10.81,4124300,45170300.0,2.13,3.73,21.0,22.25,14.62,7.88,1.37
海航控股,sh600221,1.55,1.53,1.55,503726200.0,1.54,6354800,1.55,25691300,1.31,1.56,1.53,503726200,779350000.0,1.18,1.96,664.11,669.84,1.68,1.38,0.87
ST柯利达,sh603828,6.87,6.86,6.95,2532000.0,6.87,33100,6.88,33600,0.15,6.99,6.8,2532000,17400000.0,0.42,2.77,40.94,40.94,7.2,6.52,0.56
法尔胜,sz000890,9.15,8.87,9.32,146235600.0,9.15,74600,9.16,74200,3.16,9.58,8.7,146235600,1345550000.0,34.86,9.92,38.38,38.38,9.76,7.98,1.19
合众思壮,sz002383,12.79,12.9,12.57,70714400.0,12.79,558700,12.8,279000,-0.85,12.87,12.41,70714400,895660000.0,9.55,3.57,94.69,94.69,14.19,11.61,1.17
盛洋科技,sh603703,14.01,13.7,13.96,10945100.0,14.01,36100,14.02,44500,2.26,14.25,13.83,10945100,153880000.0,2.64,3.07,58.14,58.14,15.07,12.33,0.79
红棉股份,sz000523,3.62,3.57,3.62,28855800.0,3.61,162300,3.62,329400,1.4,3.66,3.6,28855800,104750000.0,2.18,1.68,47.97,66.44,3.93,3.21,0.64
舜宇精工,bj920906,26.47,26.3,26.72,476400.0,26.47,100,26.53,100,0.65,26.99,26.41,476400,12663500.0,1.43,2.21,8.83,17.2,34.19,18.41,0.58
苏利股份,sh603585,20.98,21.5,21.68,4284700.0,20.97,15900,20.98,22200,-2.42,21.84,20.85,4284700,90540000.0,2.34,4.6,38.34,39.21,23.65,19.35,0.6
北京文化,sz000802,4.2,4.15,4.2,10777300.0,4.19,157400,4.2,104000,1.2,4.23,4.16,10777300,45200000.0,1.51,1.69,30.05,30.07,4.57,3.74,0.55
通源环境,sh688679,43.19,43.3,44.05,243653500.0,43.19,7200,43.2,300,-0.25,44.2,42.6,243653500,105560000.0,1.85,3.7,56.88,56.88,51.96,34.64,0.7
臻镭科技,sh688270,162.87,160.14,165.0,1129668000.0,162.87,8000,162.89,400,1.7,165.88,159.55,1129668000,1839040000.0,5.28,3.95,348.63,348.63,192.17,128.11,0.71
ST百灵,sz002424,5.18,5.18,5.15,22156900.0,5.18,421500,5.19,140700,0.0,5.33,5.15,22156900,115610000.0,1.83,3.47,62.84,72.4,5.44,4.92,0.62
远方信息,sz300306,13.53,13.12,13.36,5063200.0,13.53,7700,13.54,2600,3.13,13.75,13.2,5063200,68680000.0,3.21,4.19,21.32,36.39,15.74,10.5,0.9
昇辉科技,sz300423,11.58,10.03,10.49,139998600.0,11.58,166500,11.59,13000,15.45,12.04,10.49,139998600,1612130000.0,42.0,15.45,38.6,57.61,12.04,8.02,3.0
百傲化学,sh603360,26.61,26.25,26.62,8524300.0,26.61,33600,26.62,4100,1.37,27.11,26.5,8524300,227960000.0,1.21,2.32,187.93,187.93,28.88,23.63,0.79
*ST铖昌,sz001270,124.22,123.64,126.5,7082800.0,124.22,18500,124.23,200,0.47,126.5,120.0,7082800,872830000.0,3.48,5.26,252.79,256.04,129.82,117.46,1.01
顶固集创,sz300749,33.1,31.67,32.34,16624000.0,33.08,1000,33.1,4300,4.52,33.67,31.12,16624000,540830000.0,10.56,8.05,52.1,67.91,38.0,25.34,0.79
科思股份,sz300856,13.16,13.22,13.38,3537500.0,13.15,27900,13.16,300,-0.45,13.45,13.08,3537500,46940000.0,0.77,2.8,60.5,62.6,15.86,10.58,0.67
三羊马,sz001317,50.39,50.63,51.38,1971600.0,50.39,200,50.4,600,-0.47,51.53,50.0,1971600,100260000.0,2.31,3.02,43.07,43.12,55.69,45.57,0.72
新大洲A,sz000571,7.48,7.42,7.52,21952500.0,7.47,3600,7.48,39600,0.81,7.58,7.41,21952500,164380000.0,2.7,2.29,60.89,62.77,8.16,6.68,0.7
高乐股份,sz002348,8.15,8.43,8.5,41645500.0,8.14,17400,8.15,78800,-3.32,8.57,8.1,41645500,343260000.0,4.61,5.58,73.64,77.2,9.27,7.59,0.7
三维通信,sz002115,13.86,13.43,13.7,66831900.0,13.85,269400,13.86,127800,3.2,14.07,13.58,66831900,923170000.0,8.88,3.65,104.25,112.4,14.77,12.09,0.78
汉仪股份,sz301270,36.08,36.23,36.95,2923000.0,36.06,100,36.08,7000,-0.41,37.09,35.92,2923000,106260000.0,3.09,3.23,34.09,36.08,43.48,28.98,0.65
西安饮食,sz000721,8.28,8.24,8.3,6708600.0,8.27,143200,8.28,10300,0.49,8.37,8.25,6708600,55820000.0,1.31,1.46,42.42,47.52,9.06,7.42,0.65
盟升电子,sh688311,44.72,44.47,45.4,320126300.0,44.71,700,44.72,3200,0.56,45.68,43.8,320126300,143560000.0,1.91,4.23,75.09,75.09,53.36,35.58,0.57
国机精工,sz002046,52.17,48.32,49.88,34311000.0,52.17,65000,52.18,1600,7.97,53.15,49.6,34311000,1771680000.0,6.49,7.35,275.87,279.77,53.15,43.49,1.2
航天软件,sh688562,20.78,20.53,20.83,455874500.0,20.78,5900,20.79,8500,1.22,21.0,20.42,455874500,94490000.0,2.63,2.83,35.95,83.12,24.64,16.42,0.59
田野股份,bj920023,4.38,4.36,4.38,5849800.0,4.36,63500,4.38,71200,0.46,4.41,4.35,5849800,25586700.0,2.18,1.38,11.77,14.34,5.66,3.06,0.75
海伦钢琴,sz300329,13.8,13.62,13.77,4128200.0,13.79,4400,13.8,52600,1.32,13.98,13.72,4128200,57120000.0,1.64,1.91,34.79,34.9,16.34,10.9,0.73
中央商场,sh600280,3.51,3.4,3.42,44436900.0,3.5,287600,3.51,345600,3.24,3.6,3.42,44436900,156250000.0,3.94,5.29,39.6,39.6,3.74,3.06,1.76
航天科技,sz000901,25.71,25.36,25.65,32081300.0,25.71,7800,25.72,53200,1.38,25.95,24.84,32081300,814230000.0,4.02,4.38,205.22,205.22,27.9,22.82,0.74
欢乐家,sz300997,21.31,20.76,21.09,6578800.0,21.3,10900,21.31,15100,2.65,21.43,20.85,6578800,139320000.0,1.7,2.79,82.26,93.23,24.91,16.61,1.03
渤海汽车,sh600960,5.56,5.36,5.45,53781000.0,5.56,109400,5.57,92900,3.73,5.65,5.38,53781000,297600000.0,5.66,5.04,52.85,52.85,5.9,4.82,0.97
三友科技,bj920475,15.68,15.59,15.62,515600.0,15.66,1000,15.68,3000,0.58,15.95,15.55,515600,8103400.0,1.23,2.57,6.59,15.85,20.26,10.92,0.74
古鳌科技,sz300551,19.36,18.61,18.8,15783300.0,19.35,1000,19.36,71700,4.03,19.77,18.62,15783300,302470000.0,4.65,6.18,65.64,65.84,22.33,14.89,0.92
庄园牧场,sz002910,11.56,11.44,11.65,5404200.0,11.55,23600,11.56,13500,1.05,11.8,11.49,5404200,62960000.0,3.16,2.71,19.77,22.6,12.58,10.3,0.84
世联行,sz002285,2.74,2.7,2.74,32128800.0,2.73,155000,2.74,147000,1.48,2.77,2.69,32128800,87600000.0,1.63,2.96,54.14,54.6,2.97,2.43,0.6
斯瑞新材,sh688102,43.98,43.56,44.55,1941694100.0,43.98,2100,43.99,25800,0.96,44.8,42.51,1941694100,846000000.0,2.65,5.26,322.7,341.05,52.27,34.85,0.7
国博电子,sh688375,113.35,114.05,115.48,430891800.0,113.34,200,113.35,200,-0.61,115.8,111.3,430891800,488730000.0,0.72,3.95,675.58,675.58,136.86,91.24,0.52
茂业商业,sh600828,6.53,5.94,6.02,65411400.0,6.53,19996200,0.0,0,9.93,6.53,5.97,65411400,416530000.0,3.78,9.43,113.06,113.1,6.53,5.35,1.51
王子新材,sz002735,17.49,17.14,17.5,17728300.0,17.49,31500,17.5,18400,2.04,17.96,17.36,17728300,312720000.0,6.32,3.5,49.05,66.81,18.85,15.43,0.78
大连友谊,sz000679,7.03,6.9,6.98,5656800.0,7.02,51400,7.03,9200,1.88,7.1,6.97,5656800,39880000.0,1.59,1.88,25.05,25.05,7.59,6.21,1.12
福事特,sz301446,42.81,41.85,42.82,935600.0,42.78,1400,42.81,1200,2.29,43.17,42.26,935600,39990000.0,2.94,2.17,13.6,44.52,50.22,33.48,0.35
利群股份,sh601366,4.5,4.47,4.51,13068300.0,4.5,34200,4.51,75400,0.67,4.54,4.48,13068300,58990000.0,1.4,1.34,41.99,41.99,4.92,4.02,0.72
崧盛股份,sz301002,41.51,40.1,41.25,6666200.0,41.49,4900,41.51,10100,3.52,42.26,40.3,6666200,276050000.0,7.84,4.89,35.28,56.01,48.12,32.08,0.77
润普食品,bj920422,12.6,12.55,12.6,1360600.0,12.55,200,12.6,2000,0.4,12.79,12.48,1360600,17100600.0,2.05,2.47,8.34,11.15,16.31,8.79,0.83
科创新材,bj920580,15.43,15.29,15.61,1269400.0,15.42,2300,15.43,9800,0.92,15.61,15.33,1269400,19587800.0,2.52,1.83,7.78,13.27,19.87,10.71,0.94
航天智装,sz300455,25.82,26.26,26.75,18899500.0,25.81,92400,25.82,3100,-1.68,26.79,25.18,18899500,490090000.0,2.67,6.13,182.97,185.33,31.51,21.01,0.86
西测测试,sz301306,99.74,99.91,101.85,3266900.0,99.73,1800,99.74,2600,-0.17,103.86,97.98,3266900,327770000.0,5.6,5.89,58.15,84.18,119.89,79.93,0.59
凯瑞德,sz002072,7.36,7.35,7.45,5512200.0,7.36,17000,7.37,1000,0.14,7.55,7.34,5512200,40840000.0,1.5,2.86,27.05,27.06,8.09,6.62,0.69
莱克电气,sh603355,32.86,32.02,32.31,4662500.0,32.85,600,32.86,200,2.62,33.5,32.13,4662500,153440000.0,0.81,4.28,188.42,188.42,35.22,28.82,1.46
九牧王,sh601566,10.99,10.94,11.05,4988600.0,10.99,29200,11.0,36400,0.46,11.09,10.96,4988600,54980000.0,0.87,1.19,63.15,63.15,12.03,9.85,0.65
金钟股份,sz301133,37.04,36.38,37.4,2021600.0,37.04,500,37.08,300,1.81,37.88,36.39,2021600,75140000.0,1.82,4.1,41.16,44.99,43.66,29.1,0.77
粤海饲料,sz001313,7.31,7.34,7.41,7042100.0,7.31,6800,7.32,35500,-0.41,7.45,7.29,7042100,51790000.0,1.01,2.18,51.11,51.17,8.07,6.61,0.72
震有科技,sh688418,39.54,38.43,39.33,671572500.0,39.52,1100,39.54,7100,2.89,40.3,39.01,671572500,265950000.0,3.49,3.36,76.14,76.14,46.12,30.74,0.65
通宇通讯,sz002792,43.9,43.33,44.38,28526500.0,43.9,7500,43.91,162300,1.32,44.5,42.87,28526500,1243970000.0,8.44,3.76,148.3,229.96,47.66,39.0,0.65
ST思科瑞,sh688053,40.5,41.58,42.05,232951100.0,40.42,800,40.5,3400,-2.6,42.42,40.0,232951100,95610000.0,2.33,5.82,40.5,40.5,49.9,33.26,1.95
银河电子,sz002519,9.02,8.8,9.0,98819000.0,9.01,702300,9.02,119200,2.5,9.14,8.73,98819000,883370000.0,8.83,4.66,100.91,101.6,9.68,7.92,0.62
景业智能,sh688290,52.33,50.93,51.19,78368500.0,52.33,1300,52.5,500,2.75,53.0,51.19,78368500,40790000.0,0.77,3.55,53.48,53.48,61.12,40.74,0.67
上海沪工,sh603131,23.71,23.43,23.66,6150600.0,23.71,41000,23.72,8800,1.2,23.92,23.35,6150600,145620000.0,1.83,2.43,79.88,79.88,25.77,21.09,0.49
皮阿诺,sz002853,28.55,27.84,28.37,2772200.0,28.55,83300,28.64,1900,2.55,29.1,27.87,2772200,78880000.0,2.15,4.42,36.75,52.22,30.62,25.06,0.7
国机重装,sh601399,5.07,4.91,4.93,155372700.0,5.06,384600,5.07,406900,3.26,5.18,4.93,155372700,790490000.0,2.15,5.09,365.73,365.73,5.4,4.42,1.41
莱赛激光,bj920363,18.89,18.63,18.48,1532600.0,18.87,3400,18.89,30200,1.4,18.98,18.48,1532600,28703000.0,3.0,2.68,9.65,18.03,24.21,13.05,0.91
威帝股份,sh603023,4.98,4.86,4.93,11199600.0,4.98,20100,4.99,73400,2.47,5.03,4.92,11199600,55810000.0,2.01,2.26,27.79,27.79,5.35,4.37,0.69
冰山冷热,sz000530,6.48,6.31,6.43,18885900.0,6.48,4700,6.49,140100,2.69,6.55,6.43,18885900,122600000.0,3.15,1.9,38.88,54.64,6.94,5.68,0.78
科达自控,bj920932,17.62,17.48,17.74,1158300.0,17.58,400,17.62,400,0.8,17.95,17.41,1158300,20413900.0,1.33,3.09,15.3,18.56,22.72,12.24,0.7
南京商旅,sh600250,10.92,10.74,10.9,7464500.0,10.92,52500,10.93,7900,1.68,11.07,10.87,7464500,81830000.0,2.39,1.86,34.16,34.16,11.81,9.67,0.87
航天晨光,sh600501,25.96,25.96,26.11,9400700.0,25.96,79400,25.97,16400,0.0,26.36,25.62,9400700,243840000.0,2.2,2.85,111.06,111.06,28.56,23.36,0.65
德联集团,sz002666,5.66,5.5,5.59,13612700.0,5.66,18700,5.67,6900,2.91,5.71,5.58,13612700,76870000.0,2.72,2.36,28.34,44.6,6.05,4.95,0.94
航天电子,sh600879,26.2,25.27,25.67,219503600.0,26.19,314700,26.2,1148600,3.68,26.43,25.52,219503600,5703350000.0,6.65,3.6,864.42,864.42,27.8,22.74,0.92
东箭科技,sz300978,12.05,11.87,11.96,3026800.0,12.05,20600,12.06,5600,1.52,12.14,11.96,3026800,36560000.0,1.58,1.52,23.04,50.94,14.24,9.5,0.49
瑞星股份,bj920717,11.1,11.15,10.95,7000700.0,11.1,6500,11.14,5000,-0.45,11.87,10.8,7000700,78177400.0,15.81,9.6,4.92,12.73,14.49,7.81,1.28
中国卫通,sh601698,37.25,36.74,37.21,63963700.0,37.24,240600,37.25,368000,1.39,37.5,36.33,63963700,2363350000.0,1.51,3.18,1573.58,1573.58,40.41,33.07,0.66
红旗连锁,sz002697,5.66,5.58,5.63,28563900.0,5.66,183300,5.67,344800,1.43,5.73,5.62,28563900,161980000.0,2.49,1.97,64.8,76.98,6.14,5.02,0.87
*ST立方,sz300344,1.87,1.87,0.0,0.0,0.0,0,0.0,0,0.0,0.0,0.0,0,0.0,0.0,0.0,11.97,12.0,2.24,1.5,0.0
上海瀚讯,sz300762,38.82,39.14,40.0,41890700.0,38.81,18500,38.82,70800,-0.82,40.2,37.8,41890700,1619240000.0,6.67,6.13,243.78,243.78,46.97,31.31,0.82
中超控股,sz002471,9.04,8.22,8.37,228453700.0,9.04,10460500,0.0,0,9.98,9.04,8.34,228453700,2010480000.0,17.02,8.52,121.37,123.74,9.04,7.4,1.27
大鹏工业,bj920091,61.07,61.85,62.17,803000.0,61.05,7200,61.07,900,-1.26,63.5,60.61,803000,49610800.0,5.91,4.67,8.3,37.54,80.4,43.3,0.61
佳缘科技,sz301117,56.56,52.47,55.02,12631800.0,56.55,200,56.56,56100,7.79,56.8,53.31,12631800,701940000.0,15.9,6.65,44.94,73.06,62.96,41.98,1.24
海王生物,sz000078,3.28,3.21,3.25,62017000.0,3.27,1273800,3.28,442600,2.18,3.32,3.24,62017000,203370000.0,2.36,2.49,86.15,86.3,3.53,2.89,0.83
华体科技,sh603679,14.86,14.43,14.79,6009000.0,14.86,2300,14.87,23500,2.98,15.05,14.76,6009000,89520000.0,3.59,2.01,24.87,24.87,15.87,12.99,0.72
天银机电,sz300342,42.56,42.0,42.99,26773500.0,42.56,1000,42.57,102100,1.33,43.2,41.48,26773500,1129580000.0,6.39,4.1,178.24,180.89,50.4,33.6,0.6
陕西华达,sz301517,60.92,60.03,61.38,4277900.0,60.91,2000,60.92,1900,1.48,61.48,60.01,4277900,260200000.0,4.36,2.45,59.8,92.13,72.04,48.02,0.67
曲江文旅,sh600706,10.08,10.05,10.15,5192900.0,10.08,200,10.09,6400,0.3,10.24,10.01,5192900,52620000.0,2.04,2.29,25.61,25.71,11.06,9.05,0.71
渤海化学,sh600800,4.81,4.37,4.37,133623900.0,4.81,3279800,0.0,0,10.07,4.81,4.35,133623900,629950000.0,12.04,10.53,53.38,53.39,4.81,3.93,1.75
珠江股份,sh600684,5.03,5.06,5.12,22420100.0,5.02,133100,5.03,44200,-0.59,5.18,4.99,22420100,113870000.0,2.63,3.75,42.93,55.64,5.57,4.55,0.47
航天机电,sh600151,14.29,14.22,14.4,42577000.0,14.28,51300,14.29,15500,0.49,14.51,14.06,42577000,606910000.0,2.97,3.16,204.95,204.95,15.64,12.8,0.62
恒盛能源,sh605580,23.59,22.91,23.2,5858700.0,23.58,14700,23.59,5300,2.97,24.14,23.08,5858700,137910000.0,2.09,4.63,66.05,66.05,25.2,20.62,0.94
中国高科,sh600730,9.69,9.58,9.58,7170700.0,9.69,2900,9.7,34500,1.15,9.82,9.58,7170700,69730000.0,1.22,2.51,56.85,56.85,10.54,8.62,0.51
钧达股份,sz002865,87.02,83.58,85.66,15636000.0,87.02,300,87.05,900,4.12,88.88,84.66,15636000,1360160000.0,6.95,5.05,195.68,270.86,91.94,75.22,0.73
顺灏股份,sz002565,14.27,14.1,14.39,49019000.0,14.26,54300,14.27,26500,1.21,14.46,14.06,49019000,698550000.0,4.62,2.84,151.25,151.26,15.51,12.69,0.52
星辰科技,bj920885,23.42,23.35,23.8,3718300.0,23.41,3000,23.42,25100,0.3,23.92,22.9,3718300,86519500.0,4.2,4.37,20.73,40.01,30.35,16.35,0.65
博纳影业,sz001330,7.94,7.99,8.18,82157800.0,7.94,1246700,7.95,123800,-0.63,8.18,7.92,82157800,658120000.0,5.98,3.25,109.14,109.14,8.79,7.19,0.51
久之洋,sz300516,66.37,66.94,68.0,5617400.0,66.37,3600,66.38,2700,-0.85,68.56,64.95,5617400,374340000.0,3.12,5.39,119.47,119.47,80.33,53.55,0.65
禾信仪器,sh688622,107.02,111.59,115.0,352731200.0,107.02,8900,107.03,1500,-4.1,117.88,104.97,352731200,394650000.0,5.01,11.57,75.34,75.41,133.91,89.27,2.0
*ST长药,sz300391,0.92,0.92,0.0,0.0,0.0,0,0.0,0,0.0,0.0,0.0,0,0.0,0.0,0.0,3.22,3.22,1.1,0.74,0.0
天玑科技,sz300245,12.07,11.76,12.0,7073700.0,12.07,6800,12.08,15800,2.64,12.25,11.9,7073700,85430000.0,2.32,2.98,36.74,36.82,14.11,9.41,0.75
汉鑫科技,bj920092,35.05,34.42,34.9,1541200.0,35.05,30100,35.16,200,1.83,35.87,34.31,1541200,54124399.99999999,4.68,4.53,11.55,21.76,44.74,24.1,0.86
同大股份,sz300321,38.28,38.29,38.99,816800.0,38.28,100,38.29,300,-0.03,38.99,38.09,816800,31380000.0,0.92,2.35,33.95,33.99,45.95,30.63,0.53
ST福能,sz300173,4.6,4.51,4.55,13658500.0,4.59,153400,4.6,9500,2.0,4.65,4.55,13658500,62760000.0,1.86,2.22,33.8,33.8,5.41,3.61,0.69
创识科技,sz300941,21.73,21.14,21.55,4172500.0,21.73,13800,21.74,10500,2.79,21.97,21.52,4172500,90670000.0,3.93,2.13,23.1,44.49,25.37,16.91,0.92
誉帆科技,sz001396,50.82,54.81,56.01,5087800.0,50.81,13300,50.82,31500,-7.28,56.4,50.5,5087800,265560000.0,22.91,10.76,11.29,54.33,60.29,49.33,0.96
双欣材料,sz001369,15.16,14.24,14.67,23698200.0,15.15,43500,15.16,240300,6.46,15.33,14.67,23698200,354490000.0,11.79,4.63,30.48,173.89,15.66,12.82,1.63
江天科技,bj920121,39.39,39.37,39.75,230200.0,39.39,2800,39.45,200,0.05,39.98,39.3,230200,9131500.0,1.94,1.73,4.68,26.02,51.18,27.56,0.59
蘅东光,bj920045,356.02,358.8,366.0,1362700.0,356.02,1700,356.65,100,-0.77,375.5,350.53,1362700,497475600.0,6.77,6.96,71.66,242.35,466.44,251.16,0.96
强一股份,sh688809,387.9,330.08,373.11,546418300.0,387.88,1000,387.9,4700,17.52,396.1,367.0,546418300,2110170000.0,22.44,8.82,94.47,502.56,396.1,264.06,2.5
健信超导,sh688805,43.5,42.66,43.3,167832500.0,43.5,7300,43.52,6600,1.97,44.17,42.66,167832500,73130000.0,5.32,3.54,13.71,72.94,51.19,34.13,0.63
陕西旅游,sh603402,135.35,133.0,135.0,935200.0,135.35,400,135.36,800,1.77,136.49,134.0,935200,126610000.0,4.84,1.87,26.17,104.67,146.3,119.7,0.76
新广益,sz301687,60.1,58.06,59.28,2681900.0,60.09,3200,60.1,18600,3.51,61.0,59.28,2681900,161520000.0,9.08,2.96,17.75,88.27,69.67,46.45,0.99
至信股份,sh603352,39.53,39.24,39.64,1698500.0,39.52,17600,39.53,9100,0.74,40.0,39.5,1698500,67450000.0,3.82,1.27,17.56,89.6,43.16,35.32,0.68
科马材料,bj920086,31.47,31.44,31.65,688200.0,31.47,3900,31.48,400,0.1,31.94,31.36,688200,21757100.0,2.57,1.84,8.42,26.33,40.87,22.01,0.43
国亮新材,bj920076,23.07,23.05,23.23,562000.0,23.07,2100,23.15,3200,0.09,23.42,23.07,562000,13063599.999999998,2.84,1.52,4.56,19.29,29.96,16.14,0.31
爱舍伦,bj920050,35.4,35.6,35.66,472000.0,35.39,1300,35.4,4100,-0.56,35.88,35.39,472000,16800800.0,2.61,1.38,6.41,23.96,46.28,24.92,0.42
农大科技,bj920159,42.4,45.06,43.2,3620700.0,42.4,0,42.41,100,-5.9,43.9,42.03,3620700,154654400.0,25.14,4.15,6.11,32.22,58.57,31.55,1.2
恒运昌,sh688785,308.5,306.56,313.3,80499200.0,308.5,300,308.66,200,0.63,318.12,305.18,80499200,251240000.0,6.32,4.22,39.26,208.86,367.87,245.25,0.58
美德乐,bj920119,97.32,98.1,99.0,807000.0,97.32,5600,97.33,200,-0.8,99.89,96.63,807000,79155200.0,5.6,3.32,14.01,70.19,127.53,68.67,0.64
振石股份,sh601112,19.5,19.3,19.66,7983500.0,19.5,1500,19.51,2000,1.04,19.78,19.44,7983500,156420000.0,4.5,1.76,34.56,339.37,21.23,17.37,0.59
世盟股份,sz001220,40.58,40.67,41.2,1413800.0,40.58,11300,40.59,2100,-0.22,41.31,40.45,1413800,57840000.0,6.25,2.11,9.17,37.45,44.74,36.6,0.65
北芯生命-U,sh688712,37.57,37.82,38.5,240952800.0,37.57,100,37.59,1500,-0.66,38.59,37.5,240952800,91470000.0,6.49,2.88,13.94,156.67,45.38,30.26,0.59
爱得科技,bj920180,18.82,18.88,19.18,3997500.0,18.82,3900,18.83,400,-0.32,19.19,18.44,3997500,75124000.0,15.04,3.97,5.0,22.23,24.54,13.22,0.78
林平发展,sh603284,48.0,48.0,48.11,2488800.0,48.0,9200,48.01,500,0.0,49.0,47.7,2488800,120350000.0,13.47,2.71,8.87,36.2,52.8,43.2,0.46
电科蓝天,sh688818,61.09,61.49,62.59,2746244000.0,61.09,1000,61.1,3100,-0.65,62.99,59.49,2746244000,1673940000.0,20.8,5.69,80.65,1061.09,73.79,49.19,0.59
易思维,sh688816,65.88,67.01,67.99,194783700.0,65.88,800,65.89,500,-1.69,68.28,65.8,194783700,130170000.0,10.1,3.7,12.7,65.88,80.41,53.61,0.75
海圣医疗,bj920166,30.29,31.21,31.52,2451400.0,30.23,300,30.29,800,-2.95,31.75,29.9,2451400,75284900.0,10.32,5.93,7.2,22.81,40.57,21.85,0.62
通宝光电,bj920168,25.5,24.58,24.75,9176200.0,25.49,300,25.5,52200,3.74,27.33,24.73,9176200,241286600.0,32.57,10.58,7.18,19.17,31.95,17.21,1.06
海菲曼,bj920183,45.18,53.3,48.0,6398300.0,45.16,4800,45.18,1700,-15.23,49.28,45.06,6398300,297826500.0,56.87,7.92,5.08,22.12,69.29,37.31,0.0
N通领,bj920187,41.89,29.62,45.0,14097200.0,41.89,5300,41.9,11900,41.42,49.38,41.41,14097200,635624500.0,67.28,26.91,8.78,26.14,-1.0,-1.0,0.0
固德电材,sz301680,58.0,58.0,0.0,0.0,0.0,0,0.0,0,0.0,0.0,0.0,0,0.0,,0.0,,48.02,-1.0,-1.0,0.0
