name,code,now,close,open,volume,bid1,bid1_volume,ask1,ask1_volume,涨跌(%),high,low,成交量(手),成交额(万),turnover,振幅,流通市值,总市值,涨停价,跌停价,量比
纳百川,sz301667,103.54,101.4,101.4,3456600.0,103.54,4200,103.55,200,2.11,104.32,99.1,3456600,353700000.0,15.37,5.15,23.29,115.62,121.68,81.12,0.62
锡华科技,sh603248,31.6,28.73,28.73,14502800.0,31.6,2132800,0.0,0,9.99,31.6,28.6,14502800,444170000.0,20.92,10.44,21.9,145.36,31.6,25.86,1.19
天溯计量,sz301449,69.79,69.5,69.56,648400.0,69.79,7400,69.8,1900,0.42,70.6,69.03,648400,45210000.0,4.66,2.26,9.71,45.52,83.4,55.6,0.58
美埃科技,sh688376,78.83,76.25,77.78,413426300.0,78.82,3000,78.83,0,3.38,81.47,76.0,413426300,326480000.0,3.06,7.17,106.62,106.62,91.5,61.0,1.24
同飞股份,sz300990,90.22,91.26,91.32,4814000.0,90.22,9000,90.24,100,-1.14,92.9,88.71,4814000,436620000.0,6.24,4.59,69.58,153.9,109.51,73.01,0.85
中光防雷,sz300414,13.37,13.47,13.48,8396600.0,13.36,7400,13.37,26900,-0.74,13.76,13.26,8396600,113560000.0,2.68,3.71,41.92,43.59,16.16,10.78,0.52
苏州天脉,sz301626,279.0,288.07,288.12,2112600.0,279.0,900,279.3,500,-3.15,291.99,276.62,2112600,600670000.0,4.01,5.34,146.81,322.75,345.68,230.46,0.87
ST名家汇,sz300506,5.13,5.04,5.04,10023800.0,5.13,92300,5.14,160500,1.79,5.13,4.98,10023800,50890000.0,1.36,2.98,37.69,73.13,6.05,4.03,0.85
森赫股份,sz301056,15.34,15.88,16.1,4108100.0,15.34,37400,15.35,9600,-3.4,16.1,15.24,4108100,63520000.0,2.33,5.42,27.0,40.93,19.06,12.7,0.78
宏达电子,sz300726,55.03,58.81,59.16,18674100.0,55.03,15000,55.04,24400,-6.43,59.5,54.56,18674100,1049680000.0,8.71,8.4,118.01,226.64,70.57,47.05,1.06
宏源药业,sz301246,33.54,32.02,32.25,31231500.0,33.53,14300,33.54,6800,4.75,35.58,32.25,31231500,1058100000.0,18.36,10.4,57.04,134.16,38.42,25.62,1.17
华盛锂电,sh688353,101.96,100.66,101.32,528963100.0,101.96,8400,101.98,200,1.29,104.51,100.8,528963100,543950000.0,3.32,3.69,162.63,162.63,120.79,80.53,0.85
鼎泰高科,sz301377,247.69,226.0,228.21,8678400.0,247.68,900,247.69,2600,9.6,250.99,226.62,8678400,2108230000.0,12.22,10.78,175.92,1015.53,271.2,180.8,2.03
腾景科技,sh688195,348.92,367.0,366.0,691686900.0,348.91,400,348.92,6100,-4.93,381.5,340.0,691686900,2455220000.0,5.35,11.31,451.33,451.33,440.4,293.6,0.92
珂玛科技,sz301611,125.2,119.05,120.0,24813600.0,125.19,14600,125.2,41900,5.17,134.56,117.2,24813600,3083500000.0,16.93,14.58,183.52,545.87,142.86,95.24,1.32
新诺威,sz300765,30.77,31.2,31.38,8919800.0,30.76,200,30.77,66200,-1.38,32.42,30.43,8919800,279930000.0,0.64,6.38,432.19,432.19,37.44,24.96,0.93
安达智能,sh688125,209.0,223.0,223.44,156298700.0,209.0,2700,209.09,200,-6.28,230.0,204.44,156298700,333260000.0,1.91,11.46,170.73,171.64,267.6,178.4,1.01
杰华特,sh688141,96.36,103.5,105.13,3470186400.0,96.36,9300,96.39,5300,-6.9,105.48,94.72,3470186400,3397800000.0,7.71,10.4,433.93,433.93,124.2,82.8,1.74
铜冠铜箔,sz301217,83.2,85.88,84.66,39027200.0,83.2,192600,83.21,1100,-3.12,88.89,80.1,39027200,3293140000.0,4.71,10.24,689.74,689.74,103.06,68.7,0.75
海科新源,sz301292,81.95,80.81,80.01,10496100.0,81.95,25700,81.96,200,1.41,83.98,80.01,10496100,865550000.0,12.34,4.91,69.71,182.58,96.97,64.65,0.74
奕东电子,sz301123,73.05,71.9,72.73,11199200.0,73.04,5500,73.05,3700,1.6,75.48,71.92,11199200,823070000.0,6.79,4.95,120.56,171.4,86.28,57.52,0.66
安通控股,sh600179,4.16,4.19,4.21,30314700.0,4.15,104500,4.16,85900,-0.72,4.22,4.12,30314700,126020000.0,0.78,2.39,160.67,176.03,4.61,3.77,0.94
华联控股,sz000036,5.71,5.78,5.77,44281800.0,5.7,11500,5.71,8200,-1.21,5.86,5.63,44281800,253510000.0,3.16,3.98,80.11,80.16,6.36,5.2,0.5
滨海能源,sz000695,15.49,14.42,14.5,31199800.0,15.49,200,15.5,63400,7.42,15.86,14.43,31199800,481450000.0,14.07,9.92,34.36,35.9,15.86,12.98,3.17
嘉美包装,sz002969,20.06,20.68,20.61,58544800.0,20.06,195100,20.07,23700,-3.0,20.72,19.35,58544800,1170470000.0,5.36,6.62,219.2,220.36,22.75,18.61,0.95
联发股份,sz002394,12.45,12.5,12.5,5290500.0,12.44,11400,12.45,8000,-0.4,12.72,12.4,5290500,66400000.0,1.64,2.56,40.23,40.3,13.75,11.25,0.61
海汽集团,sh603069,17.62,17.73,17.89,8334600.0,17.61,100,17.62,1600,-0.62,18.15,17.41,8334600,147870000.0,2.64,4.17,55.68,55.68,19.5,15.96,0.97
胜通能源,sz001331,55.22,53.11,53.08,8362600.0,55.21,900,55.22,10700,3.97,56.5,52.0,8362600,461710000.0,4.24,8.47,108.85,155.85,58.42,47.8,1.08
海南瑞泽,sz002596,3.92,3.97,3.97,35636400.0,3.92,45300,3.93,67700,-1.26,4.0,3.84,35636400,139440000.0,3.11,4.03,44.94,44.99,4.37,3.57,0.83
多氟多,sz002407,36.47,33.15,35.12,154368000.0,36.47,5706400,0.0,0,10.02,36.47,35.12,154368000,5604170000.0,14.31,4.07,393.43,434.15,36.47,29.84,1.26
章源钨业,sz002378,30.26,31.71,31.51,53426500.0,30.25,139000,30.26,53600,-4.57,31.64,30.03,53426500,1631670000.0,4.47,5.08,361.64,363.55,34.88,28.54,0.74
神剑股份,sz002361,18.91,18.72,18.35,176592600.0,18.9,929000,18.91,255400,1.01,19.58,17.88,176592600,3327370000.0,21.83,9.08,152.99,179.84,20.59,16.85,0.71
圣晖集成,sh603163,110.75,106.79,105.97,6004500.0,110.75,10400,110.76,600,3.71,114.99,105.5,6004500,662470000.0,6.0,8.89,110.75,110.75,117.47,96.11,2.06
万润股份,sz002643,18.08,17.34,17.36,45482900.0,18.08,196900,18.09,14400,4.27,18.4,17.36,45482900,818080000.0,5.0,6.0,164.4,166.87,19.07,15.61,2.32
快克智能,sh603203,66.0,64.63,64.63,20319700.0,65.99,3000,66.0,2900,2.12,68.96,60.6,20319700,1306490000.0,8.16,12.94,164.44,167.55,71.09,58.17,1.56
海南发展,sz002163,11.61,12.13,12.1,39537900.0,11.6,67100,11.61,6500,-4.29,12.16,11.53,39537900,464680000.0,4.92,5.19,93.29,98.1,13.34,10.92,0.98
宏和科技,sh603256,134.1,141.83,141.62,22101900.0,134.09,15700,134.1,25600,-5.45,142.6,132.0,22101900,2997850000.0,2.51,7.47,1179.71,1213.05,156.01,127.65,0.99
亚翔集成,sh603929,190.7,188.2,188.0,5942700.0,190.7,1500,190.71,100,1.33,202.0,186.8,5942700,1157410000.0,2.79,8.08,406.88,406.88,207.02,169.38,1.08
世嘉科技,sz002796,46.53,50.75,50.75,21999500.0,46.52,700,46.53,8100,-8.32,50.99,46.0,21999500,1040550000.0,9.66,9.83,105.95,117.43,55.83,45.68,1.0
深圳新星,sh603978,33.9,31.7,32.23,26447300.0,33.89,8600,33.9,80300,6.94,34.68,32.1,26447300,887680000.0,12.53,8.14,71.56,71.56,34.87,28.53,1.04
友邦吊顶,sz002718,74.85,75.09,75.09,1648900.0,74.44,500,74.85,700,-0.32,76.88,73.88,1648900,123750000.0,1.75,4.0,70.34,96.89,82.6,67.58,0.63
九鼎新材,sz002201,12.77,13.35,13.4,42808200.0,12.77,78500,12.78,57600,-4.34,13.51,12.65,42808200,552820000.0,7.11,6.44,76.88,83.21,14.69,12.02,0.65
国风新材,sz000859,9.11,9.22,9.38,37646800.0,9.11,25300,9.12,45000,-1.19,9.41,9.0,37646800,346690000.0,4.2,4.45,81.62,81.62,10.14,8.3,1.29
天际股份,sz002759,36.43,35.67,35.8,64776200.0,36.43,35600,36.44,114600,2.13,37.8,35.8,64776200,2399040000.0,12.93,5.61,182.49,182.65,39.24,32.1,1.16
东材科技,sh601208,45.58,46.27,47.0,70310200.0,45.57,6800,45.58,257200,-1.49,47.26,43.8,70310200,3195780000.0,6.96,7.48,460.44,460.44,50.9,41.64,0.7
三孚股份,sh603938,40.39,42.7,43.0,41800300.0,40.38,1100,40.39,20900,-5.41,45.28,39.95,41800300,1746250000.0,10.92,12.48,154.54,154.54,46.97,38.43,1.23
航天工程,sh603698,38.74,39.71,39.9,20007500.0,38.73,1400,38.74,1000,-2.44,40.28,38.23,20007500,781060000.0,3.73,5.16,207.64,207.64,43.68,35.74,0.52
翔鹭钨业,sz002842,36.43,38.14,38.26,33998200.0,36.43,47800,36.44,2600,-4.48,38.42,36.03,33998200,1249180000.0,12.66,6.27,97.8,119.19,41.95,34.33,0.77
天赐材料,sz002709,57.54,55.51,55.89,134661200.0,57.54,269200,57.55,141600,3.66,58.8,55.89,134661200,7783300000.0,8.92,5.24,868.28,1172.99,61.06,49.96,1.03
安记食品,sh603696,15.05,15.26,15.24,4532400.0,15.04,4100,15.05,11200,-1.38,15.24,14.89,4532400,68160000.0,1.93,2.29,35.4,35.4,16.79,13.73,0.9
柏诚股份,sh601133,28.18,25.62,25.62,31157400.0,28.18,1641200,0.0,0,9.99,28.18,25.48,31157400,862570000.0,5.94,10.54,147.77,148.8,28.18,23.06,1.44
德尔未来,sz002631,8.11,8.22,8.19,21417500.0,8.11,5100,8.12,23500,-1.34,8.28,8.02,21417500,174150000.0,2.7,3.16,64.36,64.66,9.04,7.4,0.44
创元科技,sz000551,17.09,16.41,16.41,31403100.0,17.09,7100,17.1,26300,4.14,17.65,16.32,31403100,532720000.0,6.48,8.1,82.81,82.84,18.05,14.77,1.13
浔兴股份,sz002098,8.39,8.35,8.35,3331800.0,8.38,6800,8.39,19700,0.48,8.52,8.33,3331800,27980000.0,0.93,2.28,30.04,30.04,9.19,7.52,0.75
合兴包装,sz002228,3.67,3.74,3.75,25454300.0,3.67,112700,3.68,68700,-1.87,3.76,3.65,25454300,94440000.0,2.1,2.94,44.38,44.53,4.11,3.37,1.02
神农种业,sz300189,5.78,5.93,5.93,62961500.0,5.78,116100,5.79,278600,-2.53,5.99,5.7,62961500,366060000.0,7.1,4.89,51.23,59.19,7.12,4.74,0.85
南宁百货,sh600712,6.14,6.2,6.2,7534100.0,6.13,49600,6.14,160300,-0.97,6.21,6.08,7534100,46330000.0,1.4,2.1,33.07,33.44,6.82,5.58,0.69
集泰股份,sz002909,6.5,6.51,6.54,9344700.0,6.49,6200,6.5,14600,-0.15,6.67,6.45,9344700,61300000.0,2.46,3.38,24.73,25.35,7.16,5.86,1.35
鹏辉能源,sz300438,83.31,84.2,82.07,36982700.0,83.3,43500,83.31,5400,-1.06,87.08,81.0,36982700,3082450000.0,9.15,7.22,336.71,419.34,101.04,67.36,0.84
大中矿业,sz001203,42.37,43.19,43.02,29027300.0,42.36,4600,42.37,13900,-1.9,44.45,42.15,29027300,1254350000.0,2.22,5.33,553.34,649.57,47.51,38.87,0.79
菱电电控,sh688667,151.2,159.0,159.47,195091000.0,151.2,200,151.48,200,-4.91,160.82,148.8,195091000,300510000.0,3.7,7.56,79.68,79.68,190.8,127.2,1.13
海南海药,sz000566,4.58,4.68,4.68,26718500.0,4.58,382400,4.59,41400,-2.14,4.71,4.58,26718500,123530000.0,2.06,2.78,59.39,59.42,5.15,4.21,0.75
鲁信创投,sh600783,20.87,21.76,21.56,28724400.0,20.86,84600,20.87,84500,-4.09,21.75,20.7,28724400,603050000.0,3.86,4.83,155.35,155.35,23.94,19.58,0.64
鸿富瀚,sz301086,233.99,232.23,232.34,1779300.0,233.9,100,233.99,1700,0.76,243.9,226.44,1779300,416240000.0,3.79,7.52,109.79,210.59,278.68,185.78,1.0
鹭燕医药,sz002788,13.21,13.53,13.53,26090200.0,13.21,24500,13.22,34000,-2.37,13.62,13.13,26090200,346830000.0,6.83,3.62,50.44,51.32,14.88,12.18,0.62
青鸟智控,sz002960,9.8,10.04,10.04,19655900.0,9.8,18600,9.81,11600,-2.39,10.1,9.71,19655900,194510000.0,2.03,3.88,94.89,103.27,11.04,9.04,1.1
和林微纳,sh688661,120.62,119.84,120.0,497445600.0,120.61,300,120.62,12000,0.65,122.84,114.0,497445600,595090000.0,3.28,7.38,183.21,183.21,143.81,95.87,0.74
联特科技,sz301205,276.47,292.57,292.58,8659400.0,276.47,300,276.48,100,-5.5,296.0,269.23,8659400,2406310000.0,10.38,9.15,230.59,358.7,351.08,234.06,0.9
天华新能,sz300390,93.65,96.52,96.56,73501400.0,93.65,3100,93.66,4100,-2.97,100.45,93.25,73501400,7096480000.0,10.93,7.46,629.58,778.0,115.82,77.22,0.99
可川科技,sh603052,113.47,115.38,114.89,18382700.0,113.47,8700,113.48,1200,-1.66,120.47,109.08,18382700,2116810000.0,9.78,9.87,213.21,213.21,126.92,103.84,2.54
华康洁净,sz301235,65.51,64.29,65.43,5008200.0,65.48,2900,65.51,2400,1.9,67.5,63.5,5008200,328930000.0,6.88,6.22,47.66,70.6,77.15,51.43,0.67
石大胜华,sh603026,100.65,97.4,97.92,18272200.0,100.65,6900,100.66,2900,3.34,103.0,97.5,18272200,1839050000.0,7.85,5.65,234.21,234.21,107.14,87.66,0.96
天宏锂电,bj920252,24.69,25.07,25.07,1820300.0,24.68,6400,24.69,6100,-1.52,25.39,24.6,1820300,45374399.99999999,2.67,3.15,16.85,25.34,32.59,17.55,0.8
华瑞股份,sz300626,33.14,34.2,34.1,13277200.0,33.14,6100,33.15,400,-3.1,34.99,32.84,13277200,451320000.0,7.38,6.29,59.62,59.65,41.04,27.36,0.98
京能电力,sh600578,7.01,6.37,6.5,443459100.0,7.01,3396600,0.0,0,10.05,7.01,5.88,443459100,2911360000.0,6.62,17.74,469.29,469.29,7.01,5.73,4.3
山东黄金,sh600547,31.9,33.59,33.0,72672700.0,31.9,22900,31.91,36300,-5.03,33.0,31.5,72672700,2337720000.0,2.01,4.47,1153.01,1470.57,36.95,30.23,1.19
同惠电子,bj920509,33.22,33.4,33.44,3563900.0,33.22,2700,33.25,17200,-0.54,34.66,33.15,3563900,120746900.0,4.24,4.52,27.9,53.25,43.42,23.38,1.12
博威合金,sh601137,20.38,19.75,19.7,34562200.0,20.38,435600,20.39,46700,3.19,21.16,19.62,34562200,708470000.0,3.77,7.8,187.05,187.19,21.73,17.78,1.54
四方达,sz300179,28.63,29.28,29.34,42118400.0,28.63,700,28.64,3500,-2.22,30.33,28.03,42118400,1231140000.0,11.26,7.86,107.07,139.06,35.14,23.42,0.84
海博思创,sh688411,254.35,245.99,245.99,851799600.0,254.35,10100,254.36,400,3.4,263.27,239.0,851799600,2143910000.0,6.43,9.87,337.2,464.07,295.19,196.79,1.28
天振股份,sz301356,24.51,23.85,23.99,3788900.0,24.51,500,24.52,3800,2.77,24.81,23.66,3788900,92220000.0,2.99,4.82,31.05,52.94,28.62,19.08,1.17
艾可蓝,sz300816,94.85,92.28,92.0,4285500.0,94.82,500,94.85,700,2.79,97.39,91.3,4285500,402960000.0,7.56,6.6,53.75,75.88,110.74,73.82,0.9
富祥股份,sz300497,16.93,16.26,16.43,54955700.0,16.93,23000,16.94,1900,4.12,17.41,16.42,54955700,930390000.0,12.14,6.09,76.62,91.19,19.51,13.01,1.31
云南锗业,sz002428,90.33,97.2,96.02,118609100.0,90.32,4600,90.33,100,-7.07,97.28,88.86,118609100,10876660000.0,18.16,8.66,589.89,589.96,106.92,87.48,1.09
中钨高新,sz000657,56.46,59.05,58.54,67573700.0,56.45,184100,56.46,43700,-4.39,59.12,56.0,67573700,3871930000.0,4.65,5.28,820.32,1286.5,64.96,53.15,0.77
泓禧科技,bj920857,18.64,19.05,19.51,756400.0,18.64,200,18.66,1400,-2.15,19.51,18.6,756400,14245000.0,1.02,4.78,13.79,13.79,24.76,13.34,0.7
盛剑科技,sh603324,27.81,27.34,27.17,5804500.0,27.81,2100,27.82,1300,1.72,28.28,27.17,5804500,161610000.0,3.93,4.06,41.07,41.07,30.07,24.61,1.77
厦钨新能,sh688778,71.18,71.41,71.43,844217500.0,71.12,200,71.18,2200,-0.32,72.83,70.14,844217500,601870000.0,1.67,3.77,359.24,359.24,85.69,57.13,0.84
湖南裕能,sz301358,95.48,94.35,94.39,33025900.0,95.48,1200,95.49,7400,1.2,97.88,93.39,33025900,3152650000.0,4.35,4.76,725.59,805.22,113.22,75.48,0.87
万润新能,sh688275,148.21,147.53,145.86,578623900.0,148.21,100,148.3,1300,0.46,154.3,145.33,578623900,860050000.0,4.59,6.08,186.92,186.92,177.04,118.02,0.74
菲菱科思,sz301191,154.4,157.0,156.93,5481300.0,154.39,9400,154.4,43300,-1.66,160.98,150.15,5481300,852150000.0,10.5,6.9,80.59,107.06,188.4,125.6,0.83
英诺激光,sz301021,68.9,70.51,71.17,10655700.0,68.9,1700,68.92,3100,-2.28,73.47,68.02,10655700,747270000.0,6.98,7.73,105.21,105.33,84.61,56.41,0.93
中材科技,sz002080,64.78,68.79,68.79,63574200.0,64.77,500,64.78,124300,-5.83,70.1,64.04,63574200,4209110000.0,3.79,8.81,1087.09,1087.09,75.67,61.91,1.2
茂莱光学,sh688502,558.01,551.04,555.9,205396000.0,558.01,1000,558.05,600,1.26,570.0,528.88,205396000,1133550000.0,3.89,7.46,294.63,294.63,661.25,440.83,0.87
阿特斯,sh688472,14.58,15.33,14.9,10034435800.0,14.58,6900,14.59,7600,-4.89,15.0,14.25,10034435800,1460160000.0,7.45,4.89,196.49,531.17,18.4,12.26,1.15
恩捷股份,sz002812,76.45,75.78,75.1,32792600.0,76.44,24700,76.45,30800,0.88,77.61,74.21,32792600,2494770000.0,3.99,4.49,628.9,750.84,83.36,68.2,0.78
荣亿精密,bj920223,16.7,16.89,16.88,2072900.0,16.7,8600,16.73,700,-1.12,17.29,16.65,2072900,35059200.0,2.54,3.79,13.62,26.27,21.95,11.83,0.71
海峡股份,sz002320,8.02,8.25,8.26,27426800.0,8.02,58600,8.03,23600,-2.79,8.29,7.95,27426800,221380000.0,1.23,4.12,179.31,179.31,9.08,7.43,0.95
山东赫达,sz002810,24.64,26.7,25.91,27263300.0,24.64,4500,24.65,14700,-7.72,25.91,24.48,27263300,681430000.0,8.42,5.36,79.77,86.08,29.37,24.03,1.5
东百集团,sh600693,10.12,10.72,10.75,65114500.0,10.12,57400,10.13,83600,-5.6,10.8,10.0,65114500,666290000.0,7.49,7.46,87.94,88.03,11.79,9.65,1.19
海峡创新,sz300300,12.16,12.76,12.55,73192400.0,12.16,138500,12.17,24100,-4.7,12.79,12.03,73192400,899930000.0,10.98,5.96,81.08,81.09,15.31,10.21,0.73
锦华新材,bj920015,47.9,45.01,45.01,6051400.0,47.9,26100,47.91,6600,6.42,50.89,44.9,6051400,287844000.0,15.12,13.31,19.17,64.94,58.51,31.51,1.97
同宇新材,sz301630,253.95,262.3,267.01,1555500.0,253.95,1300,254.0,100,-3.18,278.4,250.71,1555500,402990000.0,15.56,10.56,25.39,101.58,314.76,209.84,1.02
广钢气体,sh688548,31.77,30.05,30.19,5062276100.0,31.77,20200,31.78,20400,5.72,32.98,28.91,5062276100,1574030000.0,7.32,13.54,219.6,419.17,36.06,24.04,1.41
马钢股份,sh600808,3.46,3.6,3.6,93184000.0,3.46,696500,3.47,130300,-3.89,3.62,3.44,93184000,328190000.0,1.56,5.0,206.48,266.44,3.96,3.24,1.18
捷邦科技,sz301326,177.58,193.54,190.0,4397500.0,177.57,2500,177.58,300,-8.25,193.0,176.16,4397500,803440000.0,6.1,8.7,127.96,129.12,232.25,154.83,2.01
华资实业,sh600191,11.0,11.6,11.58,9928400.0,11.0,2100,11.01,200,-5.17,11.58,10.87,9928400,109730000.0,2.05,6.12,53.34,53.34,12.76,10.44,1.36
永太科技,sz002326,23.52,22.0,22.4,71443500.0,23.51,129000,23.52,135500,6.91,24.1,22.37,71443500,1671120000.0,8.84,7.86,190.08,217.59,24.2,19.8,1.87
浩通科技,sz301026,30.59,31.1,31.01,4444800.0,30.59,1400,30.6,200,-1.64,31.4,30.23,4444800,136690000.0,3.89,3.76,34.97,48.42,37.32,24.88,0.87
申菱环境,sz301018,131.81,133.1,135.67,14834500.0,131.81,3200,131.83,100,-0.97,140.0,129.78,14834500,2004820000.0,7.5,7.68,260.66,350.68,159.72,106.48,1.22
鼎胜新材,sh603876,30.0,29.0,28.38,48083700.0,30.0,387600,30.01,13600,3.45,30.36,28.31,48083700,1427310000.0,5.17,7.07,278.78,278.78,31.9,26.1,0.85
英维克,sz002837,100.49,102.2,104.0,43686600.0,100.49,36600,100.5,7300,-1.67,105.0,99.63,43686600,4454610000.0,5.04,5.25,871.0,982.23,112.42,91.98,0.8
赛恩斯,sh688480,99.58,99.0,99.5,297731700.0,99.48,800,99.58,2200,0.59,102.9,98.0,297731700,297710000.0,3.12,4.95,94.93,94.93,118.8,79.2,0.85
华光新材,sh688379,75.58,75.6,77.03,614351900.0,75.5,300,75.58,9100,-0.03,78.6,74.6,614351900,471210000.0,6.82,5.29,68.09,71.78,90.72,60.48,0.74
英特科技,sz301399,21.42,21.35,21.35,3018300.0,21.42,1500,21.44,1200,0.33,21.85,21.23,3018300,65040000.0,5.52,2.9,11.71,39.63,25.62,17.08,0.83
德力股份,sz002571,11.49,11.93,11.99,9583300.0,11.49,1600,11.5,28600,-3.69,12.0,11.27,9583300,110200000.0,3.21,6.12,34.28,45.04,13.12,10.74,1.11
新疆火炬,sh603080,23.72,22.78,22.62,8696000.0,23.71,2200,23.72,5800,4.13,24.52,22.07,8696000,202050000.0,6.15,10.76,33.56,33.56,25.06,20.5,2.74
漱玉平民,sz301017,13.42,13.85,13.84,6609500.0,13.42,16000,13.43,4500,-3.1,13.85,13.35,6609500,89640000.0,2.55,3.61,34.72,54.43,16.62,11.08,0.77
菲利华,sz300395,133.83,140.52,141.82,47947200.0,133.83,50500,133.84,300,-4.76,143.55,132.21,47947200,6506200000.0,9.37,8.07,684.55,698.95,168.62,112.42,0.86
新宙邦,sz300037,63.15,62.72,63.58,26134600.0,63.14,22500,63.15,37500,0.69,64.69,62.22,26134600,1657200000.0,4.85,3.94,340.2,474.76,75.26,50.18,0.95
恒坤新材,sh688727,60.03,59.0,58.71,938271000.0,60.03,0,60.05,3000,1.75,62.99,58.71,938271000,570400000.0,18.67,7.25,30.16,269.73,70.8,47.2,1.05
国城矿业,sz000688,40.39,41.61,41.36,32209900.0,40.38,4900,40.39,17700,-2.93,43.5,40.05,32209900,1344300000.0,2.72,8.29,478.65,478.65,45.77,37.45,0.9
沃尔德,sh688028,121.72,127.86,125.68,636817200.0,121.72,3000,121.78,4000,-4.8,129.42,120.18,636817200,787620000.0,4.22,7.23,183.74,183.74,153.43,102.29,0.76
德福科技,sz301511,91.71,93.88,95.12,38455000.0,91.71,1300,91.76,1900,-2.31,95.5,89.15,38455000,3531930000.0,10.26,6.76,343.57,578.07,112.66,75.1,0.83
艾森股份,sh688720,91.52,90.52,92.08,699910800.0,91.52,10900,91.53,1100,1.1,94.99,87.68,699910800,643330000.0,12.41,8.08,51.6,80.66,108.62,72.42,1.21
康芝药业,sz300086,7.48,7.52,7.48,12370100.0,7.48,21900,7.49,102200,-0.53,7.57,7.42,12370100,92680000.0,2.81,1.99,32.96,34.04,9.02,6.02,0.55
盛屯矿业,sh600711,12.92,13.98,13.82,175368500.0,12.91,74900,12.92,5700,-7.58,13.82,12.73,175368500,2307470000.0,5.67,7.8,399.31,399.31,15.38,12.58,1.39
新莱应材,sz300260,63.43,62.91,62.9,45134100.0,63.42,9400,63.43,200,0.83,67.9,61.61,45134100,2901230000.0,15.69,10.0,182.45,258.67,75.49,50.33,1.4
奥克股份,sz300082,10.81,11.07,11.11,17810700.0,10.8,20900,10.81,30800,-2.35,11.25,10.7,17810700,194850000.0,2.63,4.97,73.32,73.52,13.28,8.86,0.58
波长光电,sz301421,106.49,103.56,102.59,8869000.0,106.48,700,106.49,8300,2.83,110.88,99.13,8869000,938610000.0,19.15,11.35,49.31,123.23,124.27,82.85,1.28
佛塑科技,sz000973,16.97,17.63,17.63,86154500.0,16.97,82100,16.98,80100,-3.74,17.76,16.57,86154500,1470830000.0,8.91,6.75,164.17,417.16,19.39,15.87,1.19
厦门钨业,sh600549,53.4,55.12,55.0,52799700.0,53.4,85400,53.41,31200,-3.12,55.28,53.11,52799700,2851340000.0,3.4,3.94,829.8,847.77,60.63,49.61,0.88
博苑股份,sz301617,66.31,68.56,69.66,4686800.0,66.31,1700,66.32,27600,-3.28,70.31,65.06,4686800,317230000.0,8.84,7.66,35.17,88.62,82.27,54.85,1.07
威尔高,sz301251,67.96,68.37,68.81,4075100.0,67.95,3700,67.96,100,-0.6,69.97,67.05,4075100,279030000.0,7.55,4.27,36.69,91.53,82.04,54.7,0.7
捷众科技,bj920690,27.3,26.26,26.5,1500800.0,27.29,700,27.3,0,3.96,27.65,25.81,1500800,40410100.0,3.48,7.01,11.77,18.1,34.13,18.39,1.19
矩阵股份,sz301365,37.64,35.7,35.7,5095800.0,37.63,500,37.64,2700,5.43,38.2,35.5,5095800,189790000.0,5.03,7.56,38.16,67.75,42.84,28.56,1.05
长缆科技,sz002879,17.8,18.32,18.32,7124300.0,17.8,4500,17.83,3100,-2.84,18.43,17.71,7124300,127680000.0,5.2,3.93,24.41,34.37,20.15,16.49,0.71
华自科技,sz300490,19.18,20.17,20.0,26904200.0,19.18,43300,19.19,16100,-4.91,20.19,19.1,26904200,523520000.0,6.84,5.4,75.43,76.47,24.2,16.14,1.0
国林科技,sz300786,18.52,18.1,18.09,16203500.0,18.51,5500,18.52,36200,2.32,19.0,17.82,16203500,299060000.0,11.07,6.52,27.11,34.08,21.72,14.48,1.36
浦东建设,sh600284,7.21,7.21,7.2,27040300.0,7.21,1600,7.22,71500,0.0,7.42,7.08,27040300,195060000.0,2.79,4.72,69.96,69.96,7.93,6.49,0.72
戎美股份,sz301088,16.66,17.04,16.83,4770200.0,16.66,500,16.69,5700,-2.23,17.1,16.51,4770200,80060000.0,2.54,3.46,31.32,37.97,20.45,13.63,0.7
美联新材,sz300586,11.72,11.79,11.89,31814000.0,11.72,25800,11.73,102700,-0.59,12.43,11.59,31814000,378860000.0,5.95,7.12,62.65,83.35,14.15,9.43,0.82
芳源股份,sh688148,10.26,10.47,10.41,2240280600.0,10.26,7600,10.27,6500,-2.01,10.63,10.16,2240280600,231950000.0,4.39,4.49,52.34,52.34,12.56,8.38,0.78
科创新源,sz300731,85.78,88.17,88.3,8465400.0,85.78,400,85.9,100,-2.71,89.88,85.06,8465400,742020000.0,7.04,5.47,103.09,108.62,105.8,70.54,0.92
鼎信通讯,sh603421,8.32,8.58,8.55,17167400.0,8.32,167900,8.33,36700,-3.03,8.66,8.25,17167400,144500000.0,2.63,4.78,54.26,54.26,9.44,7.72,0.91
ST围海,sz002586,4.52,4.47,4.47,6309200.0,4.51,3600,4.52,161700,1.12,4.6,4.43,6309200,28560000.0,0.58,3.8,49.16,51.72,4.69,4.25,0.82
劲拓股份,sz300400,30.6,31.38,31.38,14576000.0,30.59,4700,30.6,20000,-2.49,32.13,30.0,14576000,449000000.0,6.03,6.79,74.0,74.24,37.66,25.1,0.74
杰美特,sz300868,92.73,93.11,93.18,2786900.0,92.73,800,92.79,100,-0.41,94.5,91.2,2786900,258280000.0,3.45,3.54,74.89,118.65,111.73,74.49,0.47
嘉元科技,sh688388,44.71,46.5,46.58,2764207200.0,44.71,10500,44.72,30000,-3.85,46.96,44.24,2764207200,1250520000.0,6.07,5.85,203.73,203.73,55.8,37.2,0.68
康欣新材,sh600076,4.28,4.4,4.21,109050900.0,4.28,552400,4.29,180600,-2.73,4.49,4.21,109050900,469120000.0,8.11,6.36,57.55,57.55,4.84,3.96,1.03
龙图光罩,sh688721,48.18,47.46,47.71,471565300.0,48.18,15700,48.22,9100,1.52,49.16,46.6,471565300,226720000.0,8.82,5.39,25.77,64.32,56.95,37.97,1.41
*ST熊猫,sh600599,3.95,3.95,0.0,0.0,0.0,0,0.0,0,0.0,0.0,0.0,0,0.0,0.0,0.0,6.56,6.56,4.15,3.75,0.0
*ST返利,sh600228,6.57,6.61,6.61,7292200.0,6.56,298400,6.57,11900,-0.61,6.72,6.5,7292200,48010000.0,1.75,3.33,27.33,27.38,6.94,6.28,0.69
统联精密,sh688210,47.6,47.8,48.0,695601600.0,47.6,1100,47.61,6300,-0.42,51.35,46.7,695601600,338140000.0,4.3,9.73,77.04,77.04,57.36,38.24,1.22
*ST宇顺,sz002289,44.89,46.83,49.17,7259700.0,44.89,6900,44.9,3400,-4.14,49.17,44.49,7259700,337960000.0,2.65,9.99,123.19,125.81,49.17,44.49,1.25
松发股份,sh603268,156.8,157.52,157.53,4940400.0,156.79,100,156.8,7400,-0.46,160.8,155.1,4940400,778760000.0,2.12,3.62,365.74,1522.18,173.27,141.77,0.67
*ST荣控,sz000668,19.17,18.26,18.48,2046800.0,19.17,302600,0.0,0,4.98,19.17,18.23,2046800,38360000.0,1.39,5.15,28.15,28.15,19.17,17.35,0.61
中国巨石,sh600176,33.86,37.62,37.6,208669700.0,0.0,0,33.86,1642100,-9.99,38.0,33.86,208669700,7318980000.0,5.21,11.0,1355.46,1355.46,41.38,33.86,1.5
*ST万方,sz000638,0.89,0.89,0.0,0.0,0.0,0,0.0,0,0.0,0.0,0.0,0,0.0,0.0,0.0,2.77,2.77,0.93,0.85,0.0
南山铝业,sh600219,5.22,5.46,5.44,236656100.0,5.21,490900,5.22,99000,-4.4,5.44,5.19,236656100,1245940000.0,2.06,4.58,599.45,599.45,6.01,4.91,1.13
*ST建艺,sz002789,14.2,14.65,14.91,4769500.0,14.2,8200,14.28,4000,-3.07,15.06,14.0,4769500,68910000.0,3.05,7.24,22.22,22.67,15.38,13.92,1.05
中矿资源,sz002738,73.07,77.0,76.53,35072200.0,73.07,1400,73.08,3800,-5.1,76.96,72.35,35072200,2605020000.0,4.93,5.99,519.69,527.19,84.7,69.3,1.08
天普股份,sh605255,102.1,103.07,100.44,1635300.0,102.1,7000,102.14,100,-0.94,104.99,100.44,1635300,166860000.0,1.22,4.41,136.9,136.9,113.38,92.76,0.64
孚日股份,sz002083,10.53,10.43,10.43,24474100.0,10.52,66500,10.53,12800,0.96,10.69,10.43,24474100,258600000.0,2.59,2.49,99.65,99.68,11.47,9.39,0.75
*ST步森,sz002569,16.76,17.64,17.9,5976600.0,0.0,0,16.76,134500,-4.99,18.02,16.76,5976600,102630000.0,4.27,7.14,23.47,24.14,18.52,16.76,1.11
川环科技,sz300547,40.57,40.9,41.36,13572500.0,40.57,34100,40.58,100,-0.81,42.5,40.01,13572500,557810000.0,7.62,6.09,72.31,88.0,49.08,32.72,0.92
*ST岩石,sh600696,1.31,1.31,0.0,0.0,0.0,0,0.0,0,0.0,0.0,0.0,0,0.0,0.0,0.0,4.38,4.38,1.38,1.24,0.0
*ST西发,sz000752,9.04,9.13,9.13,3610600.0,9.03,20200,9.04,21500,-0.99,9.15,8.92,3610600,32610000.0,1.37,2.52,23.84,23.84,9.59,8.67,0.75
尚太科技,sz001301,79.95,79.39,78.88,5868000.0,79.95,1000,79.97,500,0.71,81.71,78.81,5868000,471350000.0,3.16,3.65,148.5,208.51,87.33,71.45,0.97
星环科技-U,sh688031,120.71,123.0,123.65,673238300.0,120.71,400,120.72,4600,-1.86,126.8,119.58,673238300,828050000.0,5.56,5.87,146.22,146.22,147.6,98.4,0.63
*ST云网,sz002306,2.29,2.36,2.37,15896900.0,2.28,165000,2.29,200,-2.97,2.39,2.28,15896900,37230000.0,1.95,4.66,18.64,19.92,2.48,2.24,1.05
太极实业,sh600667,12.35,12.66,12.66,245806100.0,12.35,105800,12.36,130600,-2.45,13.06,12.19,245806100,3091090000.0,11.75,6.87,258.31,258.31,13.93,11.39,0.91
世名科技,sz300522,13.35,13.4,13.41,4693500.0,13.35,600,13.36,9700,-0.37,13.8,13.26,4693500,63320000.0,1.78,4.03,35.12,43.05,16.08,10.72,0.72
*ST精伦,sh600355,0.58,0.58,0.0,0.0,0.0,0,0.0,0,0.0,0.0,0.0,0,0.0,0.0,0.0,2.85,2.85,-1.0,-1.0,0.0
ST惠程,sz002168,4.02,3.99,4.0,8323000.0,4.02,30200,4.03,96600,0.75,4.06,3.91,8323000,33300000.0,1.06,3.76,31.52,31.52,4.19,3.79,0.71
中一科技,sz301150,73.29,76.09,77.0,10870300.0,73.29,58200,73.3,14000,-3.68,77.59,72.5,10870300,811290000.0,4.88,6.69,163.13,170.94,91.31,60.87,0.71
银座股份,sh600858,5.46,5.55,5.59,8795900.0,5.45,108700,5.46,28800,-1.62,5.59,5.43,8795900,48330000.0,1.7,2.88,28.26,28.4,6.11,5.0,1.05
*ST奥维,sz002231,0.6,0.6,0.0,0.0,0.0,0,0.0,0,0.0,0.0,0.0,0,0.0,0.0,0.0,1.85,2.08,-1.0,-1.0,0.0
盛新锂能,sz002240,51.06,52.81,52.7,56305600.0,51.05,77700,51.06,78100,-3.31,53.95,50.66,56305600,2939600000.0,6.17,6.23,466.13,467.35,58.09,47.53,0.96
耀皮玻璃,sh600819,7.47,7.93,7.86,37821600.0,7.47,55000,7.49,13600,-5.8,7.86,7.44,37821600,286330000.0,5.06,5.3,55.83,72.96,8.72,7.14,2.4
梅轮电梯,sh603321,7.37,7.47,7.45,5055600.0,7.37,500,7.38,900,-1.34,7.5,7.32,5055600,37420000.0,1.47,2.41,25.39,25.71,8.22,6.72,1.37
平安电工,sz001359,99.83,103.3,103.29,3431000.0,99.82,100,99.87,800,-3.36,104.98,98.7,3431000,345860000.0,7.4,6.08,46.3,185.19,113.63,92.97,0.91
先导智能,sz300450,52.2,52.4,53.0,55307300.0,52.19,31500,52.2,85700,-0.38,53.7,51.68,55307300,2908000000.0,3.55,3.85,814.01,873.94,62.88,41.92,0.85
世龙实业,sz002748,12.26,12.36,12.37,5036800.0,12.26,156600,12.27,5300,-0.81,12.57,12.2,5036800,62500000.0,2.1,2.99,29.42,29.42,13.6,11.12,0.93
东方铁塔,sz002545,24.46,25.09,25.22,16297800.0,24.46,21100,24.47,13900,-2.51,25.8,24.28,16297800,403620000.0,1.44,6.06,276.44,304.3,27.6,22.58,0.57
银河微电,sh688689,43.33,42.07,41.99,681704600.0,43.3,1400,43.33,7900,3.0,45.0,41.62,681704600,293590000.0,5.29,8.03,55.85,55.85,50.48,33.66,1.67
北方华创,sz002371,592.0,564.4,569.8,23299500.0,592.0,18700,592.12,100,4.89,620.84,555.0,23299500,13839690000.0,3.22,11.67,4287.58,4291.01,620.84,507.96,2.01
隆扬电子,sz301389,72.07,74.02,75.14,12707600.0,72.07,200,72.09,1300,-2.63,75.99,71.02,12707600,933360000.0,4.48,6.71,204.32,204.32,88.82,59.22,0.85
成都华微,sh688709,39.65,40.95,41.2,1085464800.0,39.64,200,39.65,400,-3.17,41.65,39.01,1085464800,434740000.0,4.9,6.45,87.92,252.51,49.14,32.76,1.2
科瑞技术,sz002957,45.52,45.2,46.05,45400900.0,45.52,3900,45.53,4200,0.71,47.59,42.8,45400900,2059370000.0,10.84,10.6,190.58,191.18,49.72,40.68,1.35
星德胜,sh603344,32.62,31.33,32.44,14660100.0,32.61,3900,32.62,22600,4.12,32.9,30.49,14660100,470970000.0,27.13,7.69,17.62,63.46,34.46,28.2,3.33
中科飞测,sh688361,207.5,204.01,203.8,1368250100.0,207.28,600,207.5,4600,1.71,217.49,190.36,1368250100,2823210000.0,4.94,13.3,574.49,726.59,244.81,163.21,1.61
上海港湾,sh605598,55.59,57.75,57.73,5383300.0,55.58,700,55.59,2900,-3.74,58.09,54.28,5383300,299150000.0,2.22,6.6,135.09,135.09,63.53,51.98,0.51
兴瑞科技,sz002937,33.79,33.71,33.71,8060900.0,33.78,800,33.79,26500,0.24,34.02,33.1,8060900,271040000.0,2.71,2.73,100.34,100.62,37.08,30.34,0.69
德科立,sh688205,266.01,285.18,280.16,1339833100.0,266.01,100,266.1,200,-6.72,288.99,260.56,1339833100,3596180000.0,8.46,9.97,421.05,421.05,342.22,228.14,0.96
华丰科技,sh688629,126.2,131.2,130.2,1985988800.0,126.19,1700,126.2,1500,-3.81,131.95,123.6,1985988800,2540370000.0,10.93,6.36,229.41,581.77,157.44,104.96,0.86
海通发展,sh603162,18.65,19.18,19.15,22166600.0,18.65,13600,18.67,3200,-2.76,19.68,18.01,22166600,417970000.0,7.93,8.71,52.12,173.04,21.1,17.26,0.89
高德红外,sz002414,13.98,14.16,14.15,75832400.0,13.98,118200,13.99,182300,-1.27,14.35,13.84,75832400,1065660000.0,2.23,3.6,475.13,597.05,15.58,12.74,0.85
贝特瑞,bj920185,29.21,29.0,29.1,7609400.0,29.21,56300,29.22,1500,0.72,29.63,28.69,7609400,221799400.0,0.68,3.24,326.46,332.47,37.7,20.3,0.79
凯格精机,sz301338,199.0,209.7,209.44,3543400.0,199.0,900,199.02,500,-5.1,221.48,196.6,3543400,728180000.0,6.68,11.86,105.52,211.74,251.64,167.76,0.79
和远气体,sz002971,41.21,37.46,36.79,31960900.0,41.21,1241600,0.0,0,10.01,41.21,34.8,31960900,1201790000.0,20.44,17.11,64.45,87.26,41.21,33.71,2.58
大族数控,sz301200,221.95,218.39,220.0,6869100.0,221.89,300,221.95,700,1.63,228.0,209.0,6869100,1504320000.0,1.62,8.7,943.82,1085.35,262.07,174.71,0.81
九州一轨,sh688485,56.18,59.21,58.83,1105999800.0,56.18,7000,56.19,1900,-5.12,60.66,53.58,1105999800,622990000.0,12.46,11.96,49.86,84.43,71.05,47.37,1.18
宝武镁业,sz002182,15.53,15.83,15.7,28591800.0,15.53,110100,15.54,5500,-1.9,16.23,15.33,28591800,447140000.0,3.3,5.69,134.41,154.03,17.41,14.25,1.31
立高食品,sz300973,28.14,28.58,28.49,2117400.0,28.14,100,28.16,3000,-1.54,28.77,28.02,2117400,59810000.0,1.79,2.62,33.36,47.65,34.3,22.86,0.82
淳中科技,sh603516,117.49,118.95,119.99,10526400.0,117.48,100,117.49,10900,-1.23,124.26,115.5,10526400,1259810000.0,5.18,7.36,238.82,238.82,130.85,107.06,0.91
生物股份,sh600201,15.0,14.0,14.16,80982300.0,14.99,7300,15.0,80300,7.14,15.4,14.11,80982300,1222810000.0,7.28,9.21,166.76,166.76,15.4,12.6,2.18
苏大维格,sz300331,54.65,53.0,53.08,19469200.0,54.64,11600,54.65,80400,3.11,57.2,50.78,19469200,1052560000.0,8.76,12.11,121.39,141.91,63.6,42.4,1.35
中百集团,sz000759,5.15,5.39,5.35,33438100.0,5.15,459800,5.16,20600,-4.45,5.42,5.14,33438100,175040000.0,5.1,5.19,33.77,34.12,5.93,4.85,1.51
国盾量子,sh688027,580.01,585.01,583.99,323430300.0,580.01,11400,580.67,200,-0.85,605.8,562.98,323430300,1890440000.0,4.02,7.32,466.18,596.6,702.01,468.01,1.09
龙蟠科技,sh603906,27.77,27.84,28.05,38278500.0,27.77,90900,27.78,14700,-0.25,28.81,27.5,38278500,1077290000.0,6.77,4.71,156.92,216.1,30.62,25.06,0.79
利元亨,sh688499,54.5,53.25,53.56,741070900.0,54.49,19100,54.5,2300,2.35,55.75,52.89,741070900,402570000.0,4.39,5.37,91.96,91.96,63.9,42.6,1.16
XD华正新,sh603186,100.91,106.19,106.0,18575800.0,100.91,17200,100.92,100,-4.97,109.6,98.96,18575800,1907640000.0,11.85,10.02,158.22,158.22,116.81,95.57,1.07
白云电器,sh603861,15.55,16.24,16.28,17761400.0,15.55,11400,15.56,7300,-4.25,16.36,15.41,17761400,278230000.0,3.36,5.85,82.2,84.05,17.86,14.62,0.83
皖能电力,sz000543,8.43,8.43,8.41,61846000.0,8.43,314500,8.44,109400,0.0,8.58,8.22,61846000,518910000.0,2.73,4.27,191.1,191.1,9.27,7.59,1.09
龙高股份,sh605086,33.69,35.07,35.32,7351400.0,33.69,8900,33.7,600,-3.93,35.32,33.32,7351400,250490000.0,4.1,5.7,60.37,60.37,38.58,31.56,1.15
普蕊斯,sz301257,48.32,50.35,50.21,2027000.0,48.3,200,48.32,3700,-4.03,50.78,48.16,2027000,99720000.0,2.69,5.2,36.39,38.18,60.42,40.28,1.06
安达科技,bj920809,9.78,10.0,10.0,36250800.0,9.78,138500,9.79,160500,-2.2,10.52,9.75,36250800,365563800.0,7.88,7.7,44.99,58.59,13.0,7.0,0.86
艾迪药业,sh688488,16.3,16.62,16.33,561582500.0,16.29,12400,16.3,21200,-1.93,16.71,16.25,561582500,92020000.0,1.33,2.77,68.59,68.59,19.94,13.3,0.87
松霖科技,sh603992,32.7,32.08,31.85,3962000.0,32.54,2500,32.7,5900,1.93,33.58,31.85,3962000,129220000.0,0.89,5.39,144.87,144.87,35.29,28.87,1.09
欧科亿,sh688308,110.65,108.3,110.0,999010200.0,110.65,9100,110.66,600,2.17,114.11,106.0,999010200,1097780000.0,6.29,7.49,175.69,175.69,129.96,86.64,0.74
信德新材,sz301349,47.6,48.95,48.23,10175300.0,47.6,40500,47.61,200,-2.76,50.87,47.6,10175300,499260000.0,9.04,6.68,53.56,67.83,58.74,39.16,1.3
*ST聆达,sz300125,10.29,10.6,10.56,7999900.0,10.28,10000,10.29,18200,-2.92,10.65,10.18,7999900,82520000.0,2.22,4.43,37.13,68.52,12.72,8.48,0.79
百奥泰,sh688177,19.58,19.67,19.67,232104900.0,19.57,1400,19.58,20100,-0.46,20.03,19.44,232104900,45770000.0,0.56,3.0,81.08,81.08,23.6,15.74,0.61
菲林格尔,sh603226,47.35,45.5,45.5,4605400.0,47.35,800,47.39,2000,4.07,48.27,44.17,4605400,215740000.0,1.3,9.01,168.33,168.33,50.05,40.95,1.06
*ST智胜,sz002253,11.85,11.66,11.6,4143800.0,11.83,1300,11.85,7700,1.63,11.9,11.6,4143800,48760000.0,1.97,2.57,24.88,26.74,12.24,11.08,0.55
中富电路,sz300814,121.9,122.81,123.15,9704200.0,121.89,300,121.9,5400,-0.74,133.07,120.6,9704200,1224930000.0,5.07,10.15,233.35,233.35,147.37,98.25,1.05
炬华科技,sz300360,14.38,14.51,14.53,6545500.0,14.38,200,14.39,2600,-0.9,14.62,14.27,6545500,94460000.0,1.31,2.41,71.94,73.94,17.41,11.61,0.78
中能电气,sz300062,8.38,8.23,8.23,41502000.0,8.38,122400,8.39,278400,1.82,8.6,8.03,41502000,343640000.0,9.05,6.93,38.41,52.79,9.88,6.58,0.88
益诺思,sh688710,64.67,63.22,63.22,223494700.0,64.67,900,64.73,1100,2.29,67.05,63.0,223494700,145480000.0,2.46,6.41,58.65,91.17,75.86,50.58,0.83
海目星,sh688559,64.97,66.8,66.79,1123186800.0,64.96,3000,64.97,8300,-2.74,68.02,64.0,1123186800,743520000.0,4.53,6.02,160.97,160.97,80.16,53.44,1.26
工业富联,sh601138,67.62,68.6,69.5,342567900.0,67.62,978400,67.63,15000,-1.43,71.76,67.37,342567900,23796800000.0,1.73,6.4,13418.58,13418.58,75.46,61.74,1.18
赛微电子,sz300456,52.3,52.35,52.0,70909600.0,52.29,1300,52.3,53700,-0.1,53.52,50.02,70909600,3677160000.0,11.87,6.69,312.47,382.95,62.82,41.88,1.15
唯万密封,sz301161,34.8,34.13,34.0,6167600.0,34.8,2400,34.81,3900,1.96,35.23,33.89,6167600,213100000.0,7.99,3.93,26.86,41.76,40.96,27.3,1.45
雅化集团,sz002497,25.86,26.7,26.79,44796300.0,25.85,23100,25.86,46200,-3.15,26.95,25.5,44796300,1172040000.0,4.23,5.43,274.01,298.05,29.37,24.03,0.9
丰元股份,sz002805,23.73,24.57,23.35,39064700.0,23.73,106600,23.74,11400,-3.42,24.49,23.23,39064700,930500000.0,14.01,5.13,66.16,66.46,27.03,22.11,0.98
天力锂能,sz301152,32.26,32.25,32.16,4898100.0,32.26,6200,32.27,200,0.03,33.23,32.05,4898100,159710000.0,6.9,3.66,22.9,38.31,38.7,25.8,0.74
完美世界,sz002624,16.0,16.35,16.11,69229200.0,16.0,38900,16.01,42400,-2.14,16.39,15.71,69229200,1111810000.0,3.79,4.16,292.44,310.39,17.99,14.72,0.77
黄河旋风,sh600172,11.06,11.83,11.59,282681000.0,11.06,63400,11.07,43400,-6.51,12.2,10.97,282681000,3217550000.0,22.15,10.4,141.15,159.51,13.01,10.65,1.16
道氏技术,sz300409,24.91,24.74,24.85,26267200.0,24.91,66600,24.92,5800,0.69,25.43,24.76,26267200,657320000.0,3.82,2.71,171.25,194.86,29.69,19.79,0.61
潮宏基,sz002345,9.72,9.93,9.89,15829000.0,9.71,19300,9.72,131500,-2.11,9.97,9.6,15829000,154710000.0,1.83,3.73,84.29,86.36,10.92,8.94,0.88
阿石创,sz300706,50.62,50.2,50.01,18128800.0,50.61,100,50.62,7600,0.84,52.33,49.7,18128800,925220000.0,15.96,5.24,57.5,77.6,60.24,40.16,0.88
芯碁微装,sh688630,258.71,267.13,266.46,824117400.0,258.71,700,258.8,400,-3.15,270.99,246.65,824117400,2128420000.0,6.26,9.11,340.83,340.83,320.56,213.7,1.18
阿为特,bj920693,31.3,31.39,31.22,1433000.0,31.3,900,31.4,1800,-0.29,32.22,30.56,1433000,45110500.0,3.91,5.29,11.46,22.76,40.8,21.98,0.85
思泉新材,sz301489,234.74,239.8,240.03,3373000.0,234.68,700,234.75,100,-2.11,243.65,229.32,3373000,793320000.0,7.09,5.98,111.74,189.56,287.76,191.84,0.85
多瑞医药,sz301075,83.71,87.2,87.0,3066700.0,83.71,13000,83.85,100,-4.0,88.25,82.6,3066700,259380000.0,3.83,6.48,66.97,66.97,104.64,69.76,0.85
*ST大立,sz002214,19.05,19.39,19.36,4957700.0,19.05,8000,19.06,8700,-1.75,19.5,18.8,4957700,94430000.0,1.04,3.61,91.14,114.05,20.36,18.42,0.73
矽电股份,sz301629,407.18,404.0,402.73,2642600.0,407.18,300,407.24,400,0.79,419.63,378.01,2642600,1057200000.0,13.77,10.3,78.16,169.91,484.8,323.2,0.83
博汇科技,sh688004,23.84,23.69,23.69,188594900.0,23.84,1100,23.91,7400,0.63,24.27,23.6,188594900,45070000.0,2.35,2.83,19.09,19.09,28.43,18.95,1.18
七彩化学,sz300758,14.56,14.45,14.38,32594500.0,14.56,23000,14.57,9900,0.76,14.8,14.32,32594500,475370000.0,9.06,3.32,52.38,58.11,17.34,11.56,2.02
联化科技,sz002250,15.43,15.48,15.49,13150300.0,15.42,3300,15.43,3500,-0.32,15.83,15.33,13150300,204220000.0,1.47,3.23,138.09,138.85,17.03,13.93,0.54
南风股份,sz300004,16.37,16.1,16.2,53715500.0,16.37,32600,16.38,26400,1.68,16.8,15.89,53715500,880500000.0,11.19,5.65,78.57,78.57,19.32,12.88,1.07
科源制药,sz301281,38.62,39.35,39.35,2818100.0,38.6,600,38.62,3000,-1.86,39.77,38.12,2818100,109420000.0,3.97,4.19,27.4,41.82,47.22,31.48,0.72
平潭发展,sz000592,10.75,11.13,11.0,245557500.0,10.74,170300,10.75,1460900,-3.41,11.12,10.39,245557500,2629760000.0,12.82,6.56,205.87,207.67,12.24,10.02,0.77
凯立新材,sh688269,42.91,42.6,42.48,301565500.0,42.9,19400,42.91,3100,0.73,43.98,42.45,301565500,130010000.0,2.31,3.59,56.09,56.09,51.12,34.08,1.26
亿纬锂能,sz300014,65.78,65.3,65.3,75518100.0,65.78,19300,65.79,25500,0.74,67.73,64.51,75518100,4974520000.0,3.57,4.93,1389.59,1429.59,78.36,52.24,0.87
莱美药业,sz300006,6.33,6.39,6.44,35442700.0,6.33,42300,6.34,46000,-0.94,6.55,6.2,35442700,225050000.0,3.36,5.48,66.83,66.84,7.67,5.11,0.71
江海股份,sz002484,48.66,45.9,46.5,65105800.0,48.66,32300,48.67,200,6.01,49.55,45.4,65105800,3109910000.0,7.94,9.04,399.24,413.86,50.49,41.31,1.43
明阳智能,sh601615,15.32,15.8,15.88,79847400.0,15.31,9400,15.32,4000,-3.04,15.99,15.02,79847400,1228190000.0,3.53,6.14,346.46,346.46,17.38,14.22,0.75
*ST沐邦,sh603398,14.02,14.24,13.84,15374500.0,14.01,7400,14.02,5400,-1.54,14.31,13.53,15374500,214000000.0,3.55,5.48,60.8,60.8,14.95,13.53,1.0
昇兴股份,sz002752,7.29,7.33,7.28,19042900.0,7.29,47100,7.3,36900,-0.55,7.43,7.23,19042900,139640000.0,1.95,2.73,71.12,71.22,8.06,6.6,0.68
微导纳米,sh688147,91.5,88.0,88.84,1936786000.0,91.49,27300,91.5,4900,3.98,95.15,83.01,1936786000,1750920000.0,4.2,13.8,421.96,421.96,105.6,70.4,1.82
德方纳米,sz300769,74.11,75.0,75.02,31168900.0,74.11,19900,74.12,600,-1.19,77.05,73.1,31168900,2334360000.0,12.38,5.27,186.58,207.65,90.0,60.0,0.81
北京君正,sz300223,136.4,141.88,142.0,34793100.0,136.39,30000,136.4,3600,-3.86,144.0,134.4,34793100,4796360000.0,8.27,6.77,573.66,658.19,170.26,113.5,0.97
天齐锂业,sz002466,69.11,70.69,71.06,70017200.0,69.11,2100,69.12,2500,-2.24,71.42,68.86,70017200,4901100000.0,4.74,3.62,1019.81,1184.01,77.76,63.62,0.81
腾远钴业,sz301219,86.39,88.18,88.15,11095000.0,86.38,100,86.39,6100,-2.03,88.98,85.28,11095000,965670000.0,5.27,4.2,181.78,254.61,105.82,70.54,0.83
罗博特科,sz300757,589.98,589.0,605.0,9143700.0,589.98,2300,589.99,3200,0.17,620.0,580.79,9143700,5457990000.0,6.07,6.66,888.82,988.85,706.8,471.2,1.11
兴图新科,sh688081,54.49,55.18,54.81,149412500.0,54.4,0,54.49,10500,-1.25,55.45,53.37,149412500,81500000.0,1.45,3.77,56.15,56.15,66.22,44.14,0.59
国际复材,sz301526,18.71,19.1,19.5,218702500.0,18.7,9600,18.71,47700,-2.04,20.36,18.43,218702500,4230590000.0,15.57,10.1,262.76,705.53,22.92,15.28,1.1
剑桥科技,sh603083,188.12,191.87,193.2,30089600.0,188.11,200,188.12,18600,-1.95,199.52,186.0,30089600,5786300000.0,10.92,7.05,518.44,663.41,211.06,172.68,0.94
凌玮科技,sz301373,122.58,143.0,143.01,9601600.0,122.57,3600,122.58,6900,-14.28,144.53,118.98,9601600,1223480000.0,23.54,17.87,49.99,132.97,171.6,114.4,1.8
建投能源,sz000600,9.73,9.92,9.83,56514400.0,9.73,124700,9.75,75100,-1.92,9.92,9.46,56514400,546400000.0,5.18,4.64,106.06,175.45,10.91,8.93,0.94
璞泰来,sh603659,32.21,32.18,32.16,49072300.0,32.2,21300,32.21,37600,0.09,32.88,31.69,49072300,1583180000.0,2.3,3.7,688.13,688.13,35.4,28.96,0.84
安集科技,sh688019,276.8,271.0,269.0,873261800.0,276.79,400,276.8,12000,2.14,290.05,259.19,873261800,2402350000.0,4.99,11.39,484.38,484.38,325.2,216.8,1.33
浙江美大,sz002677,7.9,7.95,7.92,5126300.0,7.9,6400,7.91,15700,-0.63,8.03,7.84,5126300,40690000.0,0.93,2.39,43.57,51.04,8.75,7.16,0.5
*ST金刚,sz300093,21.5,22.11,21.92,4592400.0,21.49,400,21.5,10300,-2.76,22.1,21.13,4592400,98850000.0,1.99,4.39,49.66,116.1,26.53,17.69,0.86
蓝丰生化,sz002513,6.58,6.5,6.52,8513600.0,6.58,9100,6.59,24600,1.23,6.71,6.52,8513600,56150000.0,2.95,2.92,19.02,24.71,7.15,5.85,1.24
宏达股份,sh600331,16.76,17.0,16.92,63571100.0,16.75,91000,16.76,129600,-1.41,17.26,16.41,63571100,1073080000.0,3.13,5.0,340.56,442.73,18.7,15.3,0.87
浙江世宝,sz002703,19.0,18.92,19.22,52360500.0,18.99,284500,19.0,72600,0.42,19.85,18.6,52360500,1005620000.0,8.93,6.61,111.35,156.3,20.81,17.03,1.2
中孚实业,sh600595,7.3,7.69,7.62,91654100.0,7.29,98800,7.3,42000,-5.07,7.63,7.2,91654100,675270000.0,2.29,5.59,292.58,292.58,8.46,6.92,1.25
惠威科技,sz002888,22.4,21.15,21.15,11255200.0,22.39,900,22.4,19600,5.91,22.56,21.07,11255200,248580000.0,15.02,7.04,16.78,33.07,23.27,19.04,2.27
惠丰钻石,bj920725,32.13,33.32,33.9,3033400.0,32.12,81800,32.13,12600,-3.57,34.1,31.89,3033400,99307000.0,7.3,6.63,13.36,29.33,43.31,23.33,0.69
曙光数创,bj920808,81.9,83.85,82.86,3451000.0,81.9,1700,81.93,200,-2.33,85.86,81.0,3451000,286886300.0,1.77,5.8,159.35,163.8,109.0,58.7,0.78
胜宏科技,sz300476,340.22,354.83,354.83,53579500.0,340.22,1900,340.26,200,-4.12,361.9,336.2,53579500,18474390000.0,6.19,7.24,2943.57,3343.63,425.8,283.86,0.93
新筑股份,sz002480,6.27,6.33,6.32,13829000.0,6.27,5400,6.28,53100,-0.95,6.39,6.19,13829000,86720000.0,1.8,3.16,48.13,48.23,6.96,5.7,0.75
海南机场,sh600515,3.28,3.37,3.36,119173200.0,3.27,1284400,3.28,164100,-2.67,3.38,3.27,119173200,393830000.0,1.3,3.26,300.97,374.75,3.71,3.03,0.98
龙竹科技,bj920445,9.27,9.3,9.34,1672900.0,9.27,10100,9.28,400,-0.32,9.44,9.18,1672900,15557300.0,1.59,2.8,9.78,13.71,12.09,6.51,0.65
今创集团,sh603680,15.19,14.63,14.92,11445600.0,15.18,30800,15.19,13500,3.83,15.3,14.75,11445600,172960000.0,1.46,3.76,119.05,119.05,16.09,13.17,1.46
永杰新材,sh603271,47.58,48.88,48.8,3035600.0,47.57,2200,47.58,400,-2.66,49.09,47.56,3035600,146130000.0,3.21,3.13,45.0,93.6,53.77,43.99,0.77
澄星股份,sh600078,15.47,14.51,14.49,75807600.0,15.46,24300,15.47,3100,6.62,15.68,14.49,75807600,1157900000.0,11.44,8.2,102.5,104.7,15.96,13.06,1.03
吉大正元,sz003029,21.12,21.12,21.12,2273400.0,21.12,3900,21.13,3700,0.0,21.42,20.95,2273400,48180000.0,1.29,2.23,37.19,40.89,23.23,19.01,0.83
铜峰电子,sh600237,8.85,9.06,9.05,22827200.0,8.84,221900,8.85,12600,-2.32,9.18,8.76,22827200,204540000.0,3.65,4.64,55.28,55.8,9.97,8.15,0.94
快意电梯,sz002774,12.76,13.24,13.29,10676400.0,12.76,4200,12.78,26400,-3.63,13.69,12.67,10676400,138170000.0,3.79,7.7,35.95,42.96,14.56,11.92,1.07
鼎熔岩,sz301028,17.6,16.51,16.51,24774600.0,17.6,73600,17.61,5800,6.6,18.11,16.45,24774600,431170000.0,9.98,10.05,43.71,67.59,19.81,13.21,0.93
捷佳伟创,sz300724,90.58,91.36,90.5,23478900.0,90.57,100,90.58,400,-0.85,92.31,85.5,23478900,2084950000.0,8.16,7.45,260.61,315.48,109.63,73.09,1.56
凯撒旅业,sz000796,4.65,4.67,4.68,38580800.0,4.64,375600,4.65,205400,-0.43,4.7,4.61,38580800,179930000.0,2.9,1.93,61.88,74.58,5.14,4.2,0.82
中欣氟材,sz002915,23.11,21.01,23.11,7844700.0,23.11,7267300,0.0,0,10.0,23.11,23.11,7844700,181290000.0,2.72,0.0,66.57,77.48,23.11,18.91,0.46
灵鸽科技,bj920284,33.36,36.61,36.14,7152200.0,33.36,7700,33.37,200,-8.88,37.26,33.2,7152200,248206699.99999997,10.67,11.09,22.37,34.96,47.59,25.63,0.98
南王科技,sz301355,12.52,12.62,12.67,3184600.0,12.52,9300,12.53,800,-0.79,12.78,12.46,3184600,40250000.0,3.18,2.54,12.55,24.43,15.14,10.1,1.02
当升科技,sz300073,58.3,58.76,58.78,19549800.0,58.29,12400,58.3,13500,-0.78,59.63,57.82,19549800,1148140000.0,3.86,3.08,294.98,317.32,70.51,47.01,1.0
博士眼镜,sz300622,27.37,26.02,26.37,19603000.0,27.37,4100,27.38,12700,5.19,27.87,26.36,19603000,530990000.0,12.58,5.8,42.63,62.36,31.22,20.82,2.07
汇成真空,sz301392,188.58,195.15,191.98,6496600.0,188.57,700,188.59,200,-3.37,203.0,185.64,6496600,1250700000.0,15.92,8.9,76.93,188.58,234.18,156.12,0.88
优优绿能,sz301590,219.55,208.02,208.07,1784200.0,219.55,2200,219.58,100,5.54,228.93,206.1,1784200,389010000.0,20.74,10.97,18.89,92.33,249.62,166.42,1.48
迪哲医药-U,sh688192,53.32,55.11,54.96,404276100.0,53.32,900,53.42,1900,-3.25,55.37,53.01,404276100,217760000.0,0.88,4.28,245.92,248.03,66.13,44.09,0.91
东岳硅材,sz300821,15.86,15.42,15.33,108566100.0,15.86,65700,15.87,119500,2.85,16.29,15.21,108566100,1721660000.0,9.05,7.0,190.29,190.32,18.5,12.34,1.57
杰创智能,sz301248,85.7,89.33,88.42,8104500.0,85.69,1100,85.7,23100,-4.06,89.27,84.66,8104500,699900000.0,7.21,5.16,96.27,131.73,107.2,71.46,0.86
科思科技,sh688788,53.64,55.59,55.56,254381900.0,53.6,1800,53.64,3000,-3.51,56.39,53.03,254381900,137970000.0,1.62,6.04,84.15,84.15,66.71,44.47,0.91
溯联股份,sz301397,40.86,40.6,40.69,5584200.0,40.86,0,40.87,4500,0.64,42.96,40.5,5584200,232370000.0,7.9,6.06,28.87,63.6,48.72,32.48,0.59
五矿新能,sh688779,9.86,10.04,10.06,4033543900.0,9.86,157400,9.87,76700,-1.79,10.26,9.8,4033543900,404530000.0,2.09,4.58,190.22,190.22,12.05,8.03,1.0
XD利通科,bj920225,25.12,25.0,25.23,2052100.0,25.12,2600,25.2,500,0.48,25.65,24.54,2052100,51796600.0,2.48,4.44,20.79,31.88,32.5,17.5,0.6
鸿铭股份,sz301105,60.41,58.6,58.72,982800.0,60.41,200,60.42,100,3.09,61.0,58.5,982800,58900000.0,5.98,4.27,9.93,30.2,70.32,46.88,1.06
*ST亚振,sh603389,69.93,66.6,66.35,2529500.0,69.93,200500,0.0,0,5.0,69.93,66.35,2529500,174970000.0,0.96,5.38,183.74,183.74,69.93,63.27,1.31
高澜股份,sz300499,43.13,43.6,44.46,38675400.0,43.12,11400,43.13,8300,-1.08,45.35,42.63,38675400,1695480000.0,14.25,6.24,117.06,131.65,52.32,34.88,0.9
川金诺,sz300505,24.54,24.33,24.5,21912600.0,24.54,12100,24.55,32600,0.86,25.86,24.42,21912600,549270000.0,10.08,5.92,53.34,67.45,29.2,19.46,1.17
容百科技,sh688005,34.91,35.5,35.81,2891096800.0,34.9,21700,34.91,8000,-1.66,36.18,34.58,2891096800,1018670000.0,4.05,4.51,249.47,249.51,42.6,28.4,0.82
元力股份,sz300174,17.89,17.9,18.01,13458900.0,17.88,4000,17.89,17800,-0.06,18.42,17.72,13458900,243770000.0,3.71,3.91,64.93,65.16,21.48,14.32,0.87
天迈科技,sz300807,50.98,53.06,52.6,2534500.0,50.98,200,50.99,1800,-3.92,53.0,50.67,2534500,130360000.0,4.88,4.39,26.48,34.69,63.67,42.45,0.45
厦门港务,sz000905,10.92,11.43,11.31,19516100.0,10.92,4700,10.93,9200,-4.46,11.4,10.82,19516100,215750000.0,2.63,5.07,81.01,168.42,12.57,10.29,1.15
鼎通科技,sh688668,245.98,244.0,244.0,547987100.0,245.97,2000,245.98,5300,0.81,255.01,235.0,547987100,1339860000.0,3.93,8.2,342.58,342.58,292.8,195.2,0.76
清水源,sz300437,15.37,15.33,15.34,10963800.0,15.37,8800,15.38,8600,0.26,16.04,15.24,10963800,171010000.0,6.31,5.22,26.71,37.69,18.4,12.26,0.81
ST标准,sh600302,8.7,9.05,9.18,14513500.0,8.7,46400,8.71,1000,-3.87,9.37,8.6,14513500,129570000.0,4.19,8.51,30.1,30.1,9.5,8.6,1.09
福鞍股份,sh603315,18.95,19.76,19.76,30179500.0,18.94,7100,18.95,71700,-4.1,20.52,18.85,30179500,589450000.0,9.42,8.45,60.71,60.71,21.74,17.78,0.98
海容冷链,sh603187,13.92,14.03,14.0,5778700.0,13.91,10200,13.92,500,-0.78,14.27,13.86,5778700,81220000.0,1.51,2.92,53.22,53.79,15.43,12.63,1.04
普利特,sz002324,14.37,14.39,14.45,24546900.0,14.37,36200,14.38,20700,-0.14,14.72,14.23,24546900,354870000.0,3.16,3.41,111.55,159.84,15.83,12.95,0.72
慧翰股份,sz301600,117.74,114.6,114.03,1790000.0,117.74,1400,117.76,1000,2.74,120.66,114.0,1790000,211050000.0,5.55,5.81,37.98,123.07,137.52,91.68,1.28
长海股份,sz300196,19.75,20.54,20.72,22287800.0,19.74,8400,19.75,46300,-3.85,21.43,19.52,22287800,449950000.0,9.03,9.3,48.77,80.72,24.65,16.43,0.8
凯旺科技,sz301182,76.38,73.78,73.6,6578100.0,76.37,9600,76.38,19800,3.52,84.44,73.57,6578100,521850000.0,7.53,14.73,66.74,73.19,88.54,59.02,1.85
骄成超声,sh688392,163.9,160.5,161.14,423854300.0,163.89,200,163.9,400,2.12,169.07,152.5,423854300,684130000.0,3.66,10.32,189.69,189.69,192.6,128.4,0.99
飞鹿股份,sz300665,10.05,9.96,9.99,27162300.0,10.04,7900,10.05,900,0.9,10.68,9.88,27162300,276020000.0,12.46,8.03,21.91,22.0,11.95,7.97,1.78
氯碱化工,sh600618,12.64,12.29,12.3,30476100.0,12.64,5200,12.65,6000,2.85,13.09,12.3,30476100,391470000.0,4.06,6.43,94.78,146.17,13.52,11.06,2.95
神工股份,sh688233,96.31,96.13,95.43,1275361000.0,96.3,800,96.31,11700,0.19,100.1,90.61,1275361000,1222650000.0,7.49,9.87,164.02,164.02,115.36,76.9,1.15
强瑞技术,sz301128,207.82,199.45,206.01,7733100.0,207.82,1700,207.88,500,4.2,215.49,204.1,7733100,1624240000.0,8.5,5.71,189.1,214.97,239.34,159.56,1.21
巨一科技,sh688162,33.55,32.0,31.66,405930700.0,33.55,300,33.56,1000,4.84,34.26,31.43,405930700,134330000.0,2.96,8.84,46.0,46.0,38.4,25.6,2.16
联赢激光,sh688518,28.65,29.34,29.31,2120147100.0,28.63,500,28.65,2600,-2.35,30.05,28.34,2120147100,616670000.0,6.21,5.83,97.79,97.79,35.21,23.47,1.23
金海高科,sh603311,23.1,23.1,0.0,0.0,0.0,0,0.0,0,0.0,0.0,0.0,0,0.0,0.0,0.0,54.49,54.49,25.41,20.79,0.0
惠博普,sz002554,3.38,3.41,3.41,30754500.0,3.38,623300,3.39,196200,-0.88,3.47,3.35,30754500,104420000.0,2.31,3.52,45.07,45.08,3.75,3.07,0.81
航天动力,sh600343,35.27,36.71,36.05,36327600.0,35.27,82300,35.28,5600,-3.92,37.08,35.25,36327600,1295550000.0,5.69,4.99,225.1,225.1,40.38,33.04,0.51
国晟科技,sh603778,21.82,22.53,21.94,54778900.0,21.81,28300,21.82,217500,-3.15,23.0,21.0,54778900,1197400000.0,8.52,8.88,140.27,144.02,24.78,20.28,0.68
安 纳 达,sz002136,14.86,15.33,15.48,10480000.0,14.86,11100,14.87,4700,-3.07,15.49,14.83,10480000,158960000.0,4.89,4.31,31.87,31.95,16.86,13.8,0.99
康鹏科技,sh688602,7.69,7.66,7.66,777046900.0,7.68,15200,7.69,70700,0.39,7.86,7.63,777046900,60270000.0,2.99,3.0,19.96,39.94,9.19,6.13,1.0
派能科技,sh688063,74.56,74.0,74.0,1316323000.0,74.55,11600,74.56,5900,0.76,76.63,71.55,1316323000,971610000.0,5.36,6.86,182.94,182.94,88.8,59.2,1.18
福瑞医科,sz300049,56.9,55.74,55.63,9634800.0,56.9,25300,56.94,1300,2.08,58.63,54.63,9634800,546020000.0,4.12,7.18,132.94,150.77,66.89,44.59,1.04
欧陆通,sz300870,406.46,421.27,425.16,5251700.0,406.43,200,406.47,1200,-3.52,427.7,391.23,5251700,2141060000.0,4.82,8.66,443.12,443.17,505.52,337.02,1.22
硕贝德,sz300322,32.82,32.62,32.81,63064900.0,32.81,19700,32.82,87600,0.61,35.48,31.75,63064900,2118490000.0,14.32,11.43,144.55,150.98,39.14,26.1,1.43
纳科诺尔,bj920522,50.03,50.5,50.8,4070100.0,50.03,3800,50.04,700,-0.93,51.65,49.68,4070100,205590200.0,3.13,3.9,65.05,78.42,65.65,35.35,0.92
星源材质,sz300568,16.56,16.56,16.57,86678500.0,16.55,46000,16.56,93700,0.0,16.97,16.26,86678500,1443210000.0,7.17,4.29,200.14,222.85,19.87,13.25,0.67
飞荣达,sz300602,37.82,37.36,37.63,28782300.0,37.81,1200,37.82,2000,1.23,38.1,36.58,28782300,1077090000.0,7.28,4.07,149.54,220.06,44.83,29.89,1.1
瑞尔特,sz002790,7.19,7.19,7.19,3746300.0,7.19,19800,7.22,21400,0.0,7.26,7.13,3746300,26930000.0,1.44,1.81,18.74,30.05,7.91,6.47,0.86
招金黄金,sz000506,14.44,15.25,14.99,36182300.0,14.43,70000,14.44,33800,-5.31,14.99,14.26,36182300,525160000.0,3.9,4.79,134.11,134.15,16.78,13.73,1.05
德邦科技,sh688035,81.24,84.49,83.47,963835900.0,81.24,3600,81.28,3000,-3.85,85.85,80.5,963835900,796980000.0,6.78,6.33,115.56,115.56,101.39,67.59,1.12
融捷股份,sz002192,91.66,93.04,92.72,28639300.0,91.66,300,91.67,500,-1.48,95.27,90.86,28639300,2668400000.0,11.05,4.74,237.51,238.0,102.34,83.74,0.79
永杉锂业,sh603399,20.6,21.1,21.0,90899800.0,20.59,4100,20.6,24900,-2.37,21.8,20.3,90899800,1905630000.0,17.74,7.11,105.53,105.53,23.21,18.99,0.76
安妮股份,sz002235,11.25,11.48,11.55,42351900.0,11.24,14200,11.25,25200,-2.0,11.63,11.1,42351900,477160000.0,7.65,4.62,62.28,65.2,12.63,10.33,0.84
海欣食品,sz002702,5.84,5.98,6.04,13791800.0,5.84,90600,5.85,1000,-2.34,6.04,5.8,13791800,81060000.0,3.01,4.01,26.79,32.46,6.58,5.38,0.78
深桑达Ａ,sz000032,18.39,18.35,18.31,20966900.0,18.39,24600,18.4,100,0.22,18.74,18.21,20966900,387130000.0,1.92,2.89,200.33,223.47,20.19,16.52,0.78
近岸蛋白,sh688137,48.28,50.88,50.8,158544500.0,48.28,1600,48.31,200,-5.11,50.87,47.33,158544500,77140000.0,2.26,6.96,33.88,33.88,61.06,40.7,1.28
日联科技,sh688531,133.7,130.0,131.97,1323137900.0,133.7,6100,133.71,600,2.85,139.0,127.5,1323137900,1768450000.0,11.53,8.85,153.46,221.4,156.0,104.0,1.13
京粮控股,sz000505,6.64,6.83,6.84,21061100.0,6.64,36500,6.65,27700,-2.78,6.85,6.58,21061100,140930000.0,3.33,3.95,41.99,48.27,7.51,6.15,0.91
双星新材,sz002585,8.39,8.36,8.45,76942900.0,8.38,156300,8.39,329000,0.36,9.05,8.36,76942900,662260000.0,8.68,8.25,74.4,95.76,9.2,7.52,0.83
上海九百,sh600838,8.9,9.06,9.04,8357800.0,8.89,1300,8.9,14400,-1.77,9.09,8.83,8357800,74770000.0,2.08,2.87,35.68,35.68,9.97,8.15,0.92
中银证券,sh601696,11.93,12.36,12.36,53159800.0,11.93,133900,11.94,6000,-3.48,12.4,11.9,53159800,643750000.0,1.91,4.05,331.42,331.42,13.6,11.12,1.38
双杰电气,sz300444,16.0,16.55,16.62,75158500.0,16.0,303600,16.01,10700,-3.32,16.79,15.85,75158500,1215990000.0,12.09,5.68,99.43,127.78,19.86,13.24,0.63
光大同创,sz301387,94.78,90.15,91.8,6181700.0,94.76,400,94.78,4100,5.14,96.88,89.88,6181700,579930000.0,14.48,7.76,40.46,101.17,108.18,72.12,0.82
国轩高科,sz002074,36.13,36.7,36.7,48128100.0,36.13,33200,36.14,8500,-1.55,37.11,35.8,48128100,1749540000.0,2.77,3.57,627.3,655.48,40.37,33.03,0.97
东方电气,sh600875,39.07,38.48,38.88,102558700.0,39.06,37000,39.07,232100,1.53,40.15,37.0,102558700,3962810000.0,4.53,8.19,884.3,1351.18,42.33,34.63,0.91
灿勤科技,sh688182,35.87,36.5,36.68,958556300.0,35.87,1900,35.88,8800,-1.73,37.8,35.43,958556300,349300000.0,2.4,6.49,143.48,143.48,43.8,29.2,0.73
海思科,sz002653,52.68,52.08,52.06,3921400.0,52.68,400,52.69,3900,1.15,53.65,51.71,3921400,206540000.0,0.73,3.73,282.78,589.97,57.29,46.87,0.64
诺德股份,sh600110,10.11,10.43,10.34,132935500.0,10.11,295000,10.12,91800,-3.07,10.84,10.03,132935500,1382850000.0,7.66,7.77,175.43,175.43,11.47,9.39,0.88
中伟新材,sz300919,56.41,58.5,58.42,22539000.0,56.41,36700,56.42,1000,-3.57,59.07,55.98,22539000,1291840000.0,2.47,5.28,514.74,587.94,70.2,46.8,1.05
东方钽业,sz000962,51.24,50.46,50.1,28545400.0,51.24,64100,51.25,5500,1.55,52.83,49.6,28545400,1469640000.0,5.69,6.4,257.05,270.27,55.51,45.41,1.35
株冶集团,sh600961,29.26,30.27,30.2,85036500.0,29.26,11700,29.27,16000,-3.34,30.96,29.08,85036500,2536290000.0,11.31,6.21,219.98,313.92,33.3,27.24,1.0
泰和科技,sz300801,30.6,28.88,28.98,13568300.0,30.6,43800,30.61,400,5.96,31.22,28.89,13568300,412400000.0,9.91,8.07,41.89,66.84,34.66,23.1,1.69
联瑞新材,sh688300,122.3,127.0,131.0,1126819100.0,122.3,500,122.31,1600,-3.7,133.17,120.58,1126819100,1403580000.0,4.67,9.91,295.32,295.32,152.4,101.6,0.92
先锋精科,sh688605,77.76,72.97,73.21,1568490000.0,77.76,1900,77.77,3500,6.56,80.61,71.88,1568490000,1201730000.0,14.48,11.96,84.25,157.37,87.56,58.38,2.35
漳州发展,sz000753,6.33,6.44,6.4,21810500.0,6.32,292100,6.33,277100,-1.71,6.47,6.32,21810500,138950000.0,2.2,2.33,62.76,62.76,7.08,5.8,0.62
宏工科技,sz301662,172.45,174.14,175.77,1580200.0,172.45,7200,172.47,400,-0.97,176.61,170.94,1580200,273980000.0,5.14,3.26,53.03,137.96,208.97,139.31,0.89
华峰测控,sh688200,412.0,397.0,398.21,308852700.0,411.5,300,412.0,400,3.78,419.88,382.3,308852700,1244630000.0,2.28,9.47,558.4,558.4,476.4,317.6,1.09
金鹰股份,sh600232,8.8,8.88,8.85,7757400.0,8.79,1100,8.8,16900,-0.9,8.99,8.7,7757400,68370000.0,2.13,3.27,32.1,32.1,9.77,7.99,0.75
凯盛新材,sz301069,23.51,22.37,22.47,27065500.0,23.51,122300,23.52,7100,5.1,24.08,22.47,27065500,639850000.0,6.34,7.2,100.33,106.54,26.84,17.9,2.73
飞龙股份,sz002536,44.43,45.0,45.01,34941000.0,44.42,400,44.43,1400,-1.27,45.96,43.35,34941000,1552830000.0,6.42,5.8,241.88,255.38,49.5,40.5,0.72
华新建材,sh600801,20.0,20.47,20.61,10486700.0,20.0,13900,20.01,100,-2.3,20.61,19.87,10486700,211390000.0,0.78,3.62,268.34,415.8,22.52,18.42,0.68
双鹭药业,sz002038,6.11,6.26,6.24,38371900.0,6.11,46400,6.12,42300,-2.4,6.28,6.07,38371900,236520000.0,4.5,3.35,52.05,62.77,6.89,5.63,0.58
奥锐特,sh605116,21.51,21.8,21.88,3682500.0,21.51,100,21.52,13200,-1.33,21.89,21.36,3682500,79550000.0,0.91,2.43,87.37,87.37,23.98,19.62,0.97
劲嘉股份,sz002191,3.98,3.84,3.82,38527100.0,3.98,353400,3.99,124300,3.65,4.07,3.82,38527100,152590000.0,2.67,6.51,57.33,57.78,4.22,3.46,1.49
至纯科技,sh603690,28.57,28.63,28.64,58294000.0,28.56,21100,28.57,139900,-0.21,30.44,28.55,58294000,1705040000.0,15.22,6.6,109.41,109.41,31.49,25.77,2.37
晶盛机电,sz300316,52.8,54.9,54.57,63707800.0,52.8,9800,52.81,9000,-3.83,55.29,51.28,63707800,3370640000.0,5.17,7.3,650.26,691.43,65.88,43.92,1.18
欣旺达,sz300207,25.2,25.51,25.5,67678200.0,25.19,236600,25.2,25700,-1.22,26.05,25.01,67678200,1724210000.0,3.95,4.08,431.89,465.56,30.61,20.41,1.04
泰坦股份,sz003036,42.85,45.16,43.5,14885500.0,42.85,7200,42.87,100,-5.12,45.18,41.78,14885500,641460000.0,6.88,7.53,92.68,92.68,49.68,40.64,0.95
图南股份,sz300855,37.76,38.79,38.61,7996700.0,37.75,9800,37.76,300,-2.66,39.25,37.19,7996700,303660000.0,2.73,5.31,110.62,149.35,46.55,31.03,0.78
硕世生物,sh688399,61.5,61.43,61.6,175553600.0,61.5,4100,61.55,1500,0.11,63.39,60.6,175553600,108670000.0,2.09,4.54,51.58,51.58,73.72,49.14,0.66
永兴材料,sz002756,72.64,73.63,73.6,18592600.0,72.64,12400,72.65,24100,-1.34,75.33,72.14,18592600,1368150000.0,4.8,4.33,281.17,391.6,80.99,66.27,0.83
纳芯微,sh688052,220.42,216.92,218.03,492522400.0,220.42,700,220.5,100,1.61,231.34,216.4,492522400,1095140000.0,3.46,6.89,314.16,358.45,260.3,173.54,1.04
翔港科技,sh603499,21.66,21.97,22.06,6918800.0,21.66,1500,21.67,100,-1.41,22.69,21.48,6918800,151280000.0,2.29,5.51,65.54,65.54,24.17,19.77,0.55
中闽能源,sh600163,6.67,6.96,6.82,81106100.0,6.66,159400,6.67,41400,-4.17,6.9,6.6,81106100,544260000.0,4.26,4.31,126.93,126.93,7.66,6.26,1.06
焦作万方,sz000612,11.91,12.66,12.56,58622000.0,11.9,173300,11.91,162900,-5.92,12.65,11.81,58622000,708690000.0,4.92,6.64,141.99,141.99,13.93,11.39,1.32
中科电气,sz300035,19.49,19.34,19.29,21209500.0,19.49,173000,19.5,53000,0.78,19.75,19.28,21209500,412890000.0,3.64,2.43,113.7,133.59,23.21,15.47,0.65
温州宏丰,sz300283,15.77,16.0,16.0,76682000.0,15.77,35200,15.78,17100,-1.44,16.45,15.56,76682000,1226520000.0,20.88,5.56,57.91,78.37,19.2,12.8,0.64
东宝生物,sz300239,5.35,5.45,5.47,8783600.0,5.34,2500,5.35,11700,-1.83,5.48,5.31,8783600,47260000.0,1.49,3.12,31.55,31.76,6.54,4.36,1.13
天承科技,sh688603,139.9,148.0,139.12,944833200.0,139.9,7700,139.99,1500,-5.47,150.05,138.56,944833200,1357350000.0,19.92,7.76,66.34,174.49,177.6,118.4,1.02
金杯电工,sz002533,13.95,13.7,13.73,21599700.0,13.94,132700,13.95,2700,1.82,14.26,13.45,21599700,299710000.0,3.39,5.91,88.95,102.38,15.07,12.33,1.18
力星股份,sz300421,26.72,25.35,25.49,25136800.0,26.72,5800,26.74,400,5.4,27.48,25.36,25136800,668120000.0,10.91,8.36,61.54,78.56,30.42,20.28,1.3
海南高速,sz000886,5.2,5.26,5.28,14908900.0,5.2,28700,5.21,14200,-1.14,5.3,5.19,14908900,78030000.0,1.52,2.09,50.85,51.42,5.79,4.73,0.7
沪硅产业,sh688126,24.07,24.97,25.56,15254018900.0,24.06,94600,24.07,100200,-3.6,26.38,23.81,15254018900,3773870000.0,5.58,10.29,657.51,795.52,29.96,19.98,1.05
科力远,sh600478,6.84,6.86,6.83,35897800.0,6.84,9200,6.85,92100,-0.29,6.94,6.8,35897800,246200000.0,2.16,2.04,113.92,113.92,7.55,6.17,0.52
同兴科技,sz003027,25.0,26.01,26.16,5711200.0,24.99,4000,25.0,3800,-3.88,26.16,24.8,5711200,145190000.0,5.45,5.23,26.22,32.68,28.61,23.41,0.7
天奈科技,sh688116,41.11,40.36,40.35,1342116600.0,41.11,49400,41.12,4900,1.86,42.4,40.34,1342116600,555670000.0,3.66,5.1,150.68,150.68,48.43,32.29,1.06
皇氏集团,sz002329,4.75,4.76,4.77,39450400.0,4.74,38800,4.75,284500,-0.21,4.85,4.7,39450400,187780000.0,6.05,3.15,30.95,39.54,5.24,4.28,0.98
赤峰黄金,sh600988,37.64,39.68,38.86,64446500.0,37.63,106400,37.64,11200,-5.14,38.86,37.25,64446500,2444440000.0,3.87,4.06,626.3,715.31,43.65,35.71,1.1
利柏特,sh605167,19.53,19.12,19.13,7241500.0,19.52,7400,19.53,1100,2.14,20.25,18.97,7241500,141410000.0,1.61,6.69,87.71,87.71,21.03,17.21,1.11
同益股份,sz300538,16.97,16.8,16.81,7260200.0,16.96,4000,16.97,12400,1.01,17.27,16.76,7260200,123900000.0,6.0,3.04,20.53,30.87,20.16,13.44,1.33
新澳股份,sh603889,8.23,8.24,8.27,8718800.0,8.23,61500,8.24,2300,-0.12,8.37,8.19,8718800,72230000.0,1.2,2.18,59.64,60.09,9.06,7.42,0.75
通用电梯,sz300931,16.98,17.19,17.12,14622700.0,16.98,148900,16.99,43900,-1.22,17.94,16.79,14622700,253340000.0,7.48,6.69,33.2,41.29,20.63,13.75,1.22
艾力斯,sh688578,92.31,93.08,93.3,489535800.0,92.3,1200,92.31,8000,-0.83,94.2,91.92,489535800,454850000.0,1.09,2.45,415.39,415.39,111.7,74.46,0.94
寒武纪,sh688256,1209.0,1260.58,1234.88,1617499700.0,1209.0,27300,1209.18,200,-4.09,1276.89,1195.88,1617499700,19897270000.0,2.57,6.43,7596.06,7596.06,1512.7,1008.46,0.83
山东玻纤,sh605006,14.65,15.47,15.54,60308500.0,14.65,17000,14.66,13500,-5.3,15.96,14.43,60308500,901170000.0,10.05,9.89,87.91,87.91,17.02,13.92,0.92
瑞泰新材,sz301238,21.13,21.25,21.49,9695000.0,21.13,6100,21.15,4000,-0.56,21.65,20.98,9695000,206700000.0,1.32,3.15,154.95,154.95,25.5,17.0,0.79
光库科技,sz300620,272.02,286.63,292.08,24364000.0,272.02,1700,272.03,200,-5.1,298.0,260.0,24364000,6651020000.0,9.86,13.26,672.17,677.82,343.96,229.3,1.35
巨人网络,sz002558,30.12,30.91,31.0,63871000.0,30.11,300,30.12,228400,-2.56,31.29,29.7,63871000,1935440000.0,3.36,5.14,572.45,572.45,34.0,27.82,0.95
洛凯股份,sh603829,26.69,27.06,27.05,5545500.0,26.69,4000,26.71,1200,-1.37,27.34,26.38,5545500,148480000.0,2.98,3.55,49.71,49.71,29.77,24.35,0.79
杭可科技,sh688006,32.31,32.12,32.0,1388561000.0,32.3,10300,32.31,11000,0.59,33.3,31.78,1388561000,450620000.0,2.3,4.73,195.05,195.05,38.54,25.7,0.86
福建水泥,sh600802,5.55,5.66,5.66,7423400.0,5.55,5800,5.56,32200,-1.94,5.72,5.48,7423400,41350000.0,1.62,4.24,25.43,25.43,6.23,5.09,0.98
西部黄金,sh601069,29.79,31.96,31.16,26977500.0,29.78,9800,29.79,12300,-6.79,31.38,29.51,26977500,812420000.0,3.04,5.85,264.29,271.39,35.16,28.76,1.23
爱司凯,sz300521,29.13,29.53,29.49,3208300.0,29.13,600,29.15,3100,-1.35,30.27,28.83,3208300,94740000.0,2.17,4.88,43.07,43.62,35.44,23.62,0.86
赣锋锂业,sz002460,78.06,79.98,79.0,55779000.0,78.06,58200,78.07,6800,-2.4,80.45,78.0,55779000,4404220000.0,4.61,3.06,945.48,1636.68,87.98,71.98,0.87
贵研铂业,sh600459,19.37,20.38,20.1,25534400.0,19.36,27400,19.37,900,-4.96,20.31,19.22,25534400,502220000.0,3.36,5.35,147.16,159.47,22.42,18.34,1.24
永冠新材,sh603681,20.68,21.07,20.91,11625700.0,20.68,23600,20.69,44000,-1.85,21.3,20.58,11625700,243290000.0,4.89,3.42,49.17,49.17,23.18,18.96,0.96
垒知集团,sz002398,4.79,4.87,4.87,13903600.0,4.79,77000,4.8,3700,-1.64,4.89,4.77,13903600,67080000.0,2.28,2.46,29.2,33.44,5.36,4.38,1.08
精智达,sh688627,353.44,348.3,345.03,702951900.0,353.44,2500,353.46,300,1.48,377.0,328.0,702951900,2485870000.0,9.72,14.07,255.72,332.28,417.96,278.64,1.3
合富中国,sh603122,14.47,14.92,14.78,17890900.0,14.47,48500,14.48,56100,-3.02,14.84,14.34,17890900,259590000.0,4.49,3.35,57.6,57.6,16.41,13.43,0.71
新亚制程,sz002388,5.34,5.36,5.38,16535300.0,5.33,31900,5.34,8000,-0.37,5.45,5.29,16535300,88820000.0,3.27,2.99,27.03,27.27,5.9,4.82,0.8
润阳科技,sz300920,46.79,47.11,47.0,2393600.0,46.78,1000,46.8,2100,-0.68,48.0,45.41,2393600,111460000.0,3.64,5.5,30.73,46.79,56.53,37.69,0.82
赢合科技,sz300457,27.83,27.7,27.66,15852700.0,27.83,17500,27.84,400,0.47,28.5,27.55,15852700,443330000.0,2.5,3.43,176.68,179.55,33.24,22.16,0.68
大东方,sh600327,3.79,3.85,3.83,11067500.0,3.79,258700,3.8,16000,-1.56,3.85,3.78,11067500,42210000.0,1.25,1.82,33.53,33.53,4.24,3.47,1.02
丰林集团,sh601996,3.05,2.77,2.8,86091700.0,3.05,12494500,0.0,0,10.11,3.05,2.71,86091700,249210000.0,7.68,12.27,34.19,34.19,3.05,2.49,0.9
广发证券,sz000776,19.94,20.35,20.4,42270800.0,19.93,2200,19.94,110100,-2.01,20.45,19.76,42270800,846780000.0,0.72,3.39,1177.27,1560.27,22.39,18.32,0.72
昭衍新药,sh603127,39.96,37.95,38.12,65054300.0,39.96,78600,39.97,65700,5.3,41.75,37.8,65054300,2648640000.0,10.32,10.41,251.89,299.44,41.75,34.16,1.94
美盈森,sz002303,3.54,3.57,3.58,20865700.0,3.53,14200,3.54,4700,-0.84,3.59,3.51,20865700,73860000.0,2.16,2.24,34.23,54.21,3.93,3.21,0.81
*ST东智,sz002175,2.97,2.83,2.81,99710500.0,2.97,1496700,0.0,0,4.95,2.97,2.8,99710500,293590000.0,7.81,6.01,37.92,37.92,2.97,2.69,1.09
金安国纪,sz002636,42.9,45.29,45.0,34161500.0,42.9,69000,42.91,18600,-5.28,45.68,42.01,34161500,1482600000.0,4.72,8.1,310.73,312.31,49.82,40.76,0.88
百隆东方,sh601339,8.47,8.55,8.5,14470300.0,8.47,8200,8.49,8500,-0.94,8.83,8.43,14470300,124490000.0,0.96,4.68,127.01,127.01,9.41,7.7,0.75
精研科技,sz300709,47.01,46.06,46.05,16632800.0,47.01,7300,47.02,100,2.06,49.75,45.2,16632800,795340000.0,11.14,9.88,70.18,87.47,55.27,36.85,1.8
金石资源,sh603505,20.37,18.52,20.29,47699700.0,20.37,3047500,0.0,0,9.99,20.37,20.04,47699700,970010000.0,5.67,1.78,171.45,171.45,20.37,16.67,2.61
联芸科技,sh688449,65.5,67.0,66.6,1688852100.0,65.49,10500,65.5,23700,-2.24,68.57,64.58,1688852100,1118290000.0,5.76,5.96,192.05,301.3,80.4,53.6,0.76
民德电子,sz300656,31.28,31.65,32.5,9439900.0,31.27,4000,31.28,25400,-1.17,34.0,31.13,9439900,306210000.0,7.1,9.07,41.57,53.53,37.98,25.32,1.29
飞科电器,sh603868,37.41,37.3,37.21,2817900.0,37.4,1000,37.45,15300,0.29,38.18,36.9,2817900,105470000.0,0.65,3.43,162.96,162.96,41.03,33.57,0.95
海翔药业,sz002099,5.67,5.73,5.71,20202200.0,5.67,73700,5.68,182500,-1.05,5.73,5.6,20202200,114660000.0,1.25,2.27,91.59,91.78,6.3,5.16,0.65
东威科技,sh688700,77.0,67.02,67.99,3430559500.0,77.0,25700,77.01,200,14.89,80.42,67.12,3430559500,2555380000.0,11.5,19.84,229.77,229.77,80.42,53.62,2.21
磁谷科技,sh688448,74.53,71.79,70.85,318366400.0,74.53,300,74.58,7800,3.82,75.57,69.07,318366400,229880000.0,4.4,9.05,53.87,53.87,86.15,57.43,1.44
五新隧装,bj920174,41.12,40.83,41.2,2041400.0,41.09,200,41.12,2500,0.71,41.81,40.26,2041400,83921800.0,3.69,3.8,22.73,89.19,53.07,28.59,0.85
上海谊众,sh688091,63.43,62.74,62.35,750423000.0,63.4,5000,63.43,24300,1.1,65.88,62.19,750423000,480270000.0,3.63,5.88,131.11,131.11,75.29,50.19,1.12
浙江东日,sh600113,42.88,43.99,43.99,3852600.0,42.88,16800,42.89,7200,-2.52,44.58,42.52,3852600,166960000.0,0.94,4.68,176.42,180.6,48.39,39.59,0.48
百达精工,sh603331,15.9,15.45,15.53,27013300.0,15.9,56100,15.91,9800,2.91,16.2,15.3,27013300,428990000.0,13.36,5.83,32.15,32.15,17.0,13.91,1.22
万辰集团,sz300972,227.75,232.89,230.99,1627900.0,227.6,200,227.75,200,-2.21,235.29,226.05,1627900,372310000.0,0.91,3.97,405.81,442.33,279.47,186.31,0.89
*ST汇科,sz300561,18.43,18.41,18.6,5948900.0,18.42,64000,18.43,1300,0.11,18.75,18.18,5948900,109910000.0,2.47,3.1,44.43,60.47,22.09,14.73,0.6
电广传媒,sz000917,8.25,8.39,8.4,33380800.0,8.25,111700,8.26,16600,-1.67,8.49,8.16,33380800,278350000.0,2.35,3.93,116.94,116.95,9.23,7.55,0.92
富创精密,sh688409,162.27,142.03,144.28,1257808500.0,162.25,6000,162.27,0,14.25,168.0,141.51,1257808500,1938730000.0,4.11,18.65,496.89,496.89,170.44,113.62,1.3
中信金属,sh601061,13.76,14.26,14.2,20656000.0,13.75,5200,13.76,500,-3.51,14.26,13.66,20656000,287490000.0,0.42,4.21,674.24,674.24,15.69,12.83,1.09
联泓新科,sz003022,25.13,27.49,26.64,59100400.0,25.13,5700,25.14,2100,-8.58,27.38,25.0,59100400,1530680000.0,4.43,8.66,335.34,335.63,30.24,24.74,1.47
鼎龙股份,sz300054,69.68,69.48,70.59,50698900.0,69.68,0,69.69,100,0.29,73.58,68.9,50698900,3593030000.0,6.87,6.74,514.34,660.62,83.38,55.58,1.04
电投能源,sz002128,30.31,32.06,31.63,26053600.0,30.3,2300,30.31,7200,-5.46,31.63,30.01,26053600,794460000.0,1.16,5.05,679.42,679.42,35.27,28.85,1.56
山科智能,sz300897,27.8,27.64,27.59,2771900.0,27.72,200,27.8,3800,0.58,28.2,27.09,2771900,76660000.0,3.16,4.02,24.37,38.98,33.17,22.11,1.09
力量钻石,sz301071,57.11,57.64,58.38,17675000.0,57.11,18000,57.15,2400,-0.92,60.98,56.63,17675000,1040060000.0,9.16,7.55,110.15,148.64,69.17,46.11,1.06
惠云钛业,sz300891,8.31,8.35,8.42,5744200.0,8.3,3200,8.31,3900,-0.48,8.5,8.26,5744200,48200000.0,1.72,2.87,27.71,33.24,10.02,6.68,0.83
华图山鼎,sz300492,47.86,49.04,49.1,2462600.0,47.86,200,47.87,5500,-2.41,49.32,47.68,2462600,119360000.0,1.25,3.34,94.13,94.13,58.85,39.23,0.79
蔚蓝锂芯,sz002245,25.91,26.68,27.06,149160100.0,25.91,18200,25.92,27100,-2.89,27.39,25.59,149160100,3923870000.0,13.74,6.75,281.26,298.95,29.35,24.01,1.54
宏盛股份,sh603090,65.51,62.1,62.0,9450400.0,65.51,100,65.52,1100,5.49,67.99,61.43,9450400,612710000.0,9.45,10.56,65.51,65.51,68.31,55.89,1.59
奔图科技,sz002180,17.59,18.05,18.09,14900500.0,17.58,46400,17.59,46200,-2.55,18.15,17.48,14900500,264270000.0,1.1,3.71,239.27,250.11,19.86,16.25,0.9
开能健康,sz300272,7.2,7.22,7.21,7320200.0,7.2,89400,7.21,6900,-0.28,7.29,7.18,7320200,52990000.0,1.58,1.52,33.44,44.03,8.66,5.78,0.64
方盛股份,bj920662,23.39,23.6,23.58,1165000.0,23.39,1500,23.55,100,-0.89,24.12,23.2,1165000,27600700.0,4.31,3.9,6.32,20.48,30.68,16.52,0.91
上海洗霸,sh603200,57.35,57.1,57.5,5469000.0,57.35,14000,57.36,300,0.44,59.0,56.43,5469000,314610000.0,3.12,4.5,100.64,100.64,62.81,51.39,1.05
中创智领,sh601717,18.34,18.79,18.79,21261900.0,18.34,5300,18.35,6000,-2.39,18.93,18.24,21261900,393960000.0,1.38,3.67,282.83,327.44,20.67,16.91,0.97
上海新阳,sz300236,98.31,95.7,95.82,19543300.0,98.3,700,98.32,6200,2.73,104.0,94.01,19543300,1931680000.0,7.02,10.44,273.84,308.09,114.84,76.56,1.23
海光信息,sh688041,303.01,325.2,320.0,5767228700.0,303.01,800,303.02,1100,-6.82,325.0,300.18,5767228700,17821470000.0,2.48,7.63,7042.98,7042.98,390.24,260.16,1.24
瑞丰新材,sz300910,45.99,47.01,46.01,4867400.0,45.98,2600,45.99,8900,-2.17,46.75,45.0,4867400,223510000.0,2.35,3.72,95.16,136.1,56.41,37.61,0.78
锐捷网络,sz301165,95.48,97.62,100.04,13807500.0,95.48,9000,95.49,100,-2.19,103.86,94.7,13807500,1367710000.0,1.74,9.38,759.5,759.5,117.14,78.1,1.08
东阳光,sh600673,36.51,38.03,37.64,80773800.0,36.51,106200,36.52,41000,-4.0,38.6,36.2,80773800,3014200000.0,2.69,6.31,1095.87,1098.79,41.83,34.23,0.54
天铁科技,sz300587,6.06,6.13,6.22,26424100.0,6.06,30500,6.07,72900,-1.14,6.23,6.03,26424100,161640000.0,2.51,3.26,63.79,78.68,7.36,4.9,0.92
联泰环保,sh603797,4.73,4.85,4.82,7137700.0,4.73,16000,4.74,199300,-2.47,4.83,4.71,7137700,34030000.0,1.24,2.47,27.27,27.27,5.34,4.37,1.19
四川黄金,sz001337,54.22,56.89,55.61,12578100.0,54.21,200,54.22,19300,-4.69,56.0,53.62,12578100,685040000.0,2.99,4.18,227.72,227.72,62.58,51.2,0.78
上海凤凰,sh600679,10.79,10.76,10.78,3156700.0,10.79,42000,10.8,32200,0.28,10.95,10.67,3156700,34090000.0,0.92,2.6,37.08,55.6,11.84,9.68,0.85
中金黄金,sh600489,24.36,26.02,25.44,97932300.0,24.36,15600,24.37,7200,-6.38,25.5,24.12,97932300,2413430000.0,2.02,5.3,1180.81,1180.81,28.62,23.42,1.48
永新股份,sz002014,11.41,11.49,11.49,2607900.0,11.41,2000,11.43,200,-0.7,11.5,11.34,2607900,29770000.0,0.43,1.39,68.77,69.89,12.64,10.34,0.79
新洋丰,sz000902,14.94,14.98,15.01,13372800.0,14.94,1000,14.95,24700,-0.27,15.34,14.74,13372800,200150000.0,1.17,4.01,170.73,187.46,16.48,13.48,0.88
家联科技,sz301193,24.0,24.43,24.31,7059800.0,23.99,1100,24.0,2300,-1.76,24.9,23.78,7059800,171320000.0,4.03,4.58,42.05,55.65,29.32,19.54,0.81
晨光新材,sh605399,15.39,15.22,15.3,25200100.0,15.39,36900,15.4,6200,1.12,15.9,15.0,25200100,387890000.0,8.09,5.91,47.94,48.05,16.74,13.7,5.6
上能电气,sz300827,38.78,37.97,38.14,42058300.0,38.78,15400,38.79,17900,2.13,39.87,36.5,42058300,1600780000.0,10.92,8.88,149.4,215.88,45.56,30.38,1.1
晨丰科技,sh603685,32.43,33.13,32.8,2555000.0,32.42,100,32.43,200,-2.11,33.63,32.29,2555000,83590000.0,1.27,4.04,65.34,81.38,36.44,29.82,0.63
ST合纵,sz300477,3.11,3.3,3.22,70886200.0,3.1,488800,3.11,101000,-5.76,3.33,3.09,70886200,226980000.0,7.15,7.27,30.82,33.34,3.96,2.64,0.85
兴发集团,sh600141,32.18,32.52,33.02,37385000.0,32.17,6300,32.18,110800,-1.05,33.44,31.73,37385000,1215350000.0,3.11,5.26,386.72,386.72,35.77,29.27,0.79
唯科科技,sz301196,154.98,164.71,164.22,7671000.0,154.98,900,155.0,35000,-5.91,166.41,153.5,7671000,1219740000.0,9.36,7.84,127.02,194.21,197.65,131.77,0.81
中兴商业,sz000715,5.54,5.72,5.65,16679900.0,5.54,21700,5.55,16600,-3.15,5.67,5.54,16679900,92910000.0,3.43,2.27,26.94,29.94,6.29,5.15,0.89
天岳先进,sh688234,158.8,169.0,170.0,3669885700.0,158.8,4800,158.88,4300,-6.04,170.13,153.18,3669885700,5830590000.0,8.54,10.03,682.38,769.57,202.8,135.2,1.67
中色股份,sz000758,7.07,7.4,7.38,57344800.0,7.06,47900,7.07,12300,-4.46,7.39,7.0,57344800,410490000.0,2.9,5.27,139.72,140.72,8.14,6.66,0.95
振德医疗,sh603301,91.95,89.99,91.0,6337500.0,91.92,200,91.95,24000,2.18,93.19,88.64,6337500,579380000.0,2.4,5.06,242.63,242.63,98.99,80.99,4.37
鼎阳科技,sh688112,67.84,62.3,62.69,764548800.0,67.8,500,67.84,2200,8.89,70.77,62.0,764548800,508060000.0,4.79,14.08,108.27,108.27,74.76,49.84,1.63
兆威机电,sz003021,105.99,99.52,99.6,14613300.0,105.98,2300,105.99,7300,6.5,109.47,98.82,14613300,1545410000.0,7.05,10.7,219.79,283.57,109.47,89.57,2.71
富瑞特装,sz300228,10.38,9.87,9.92,60547700.0,10.38,217100,10.39,262300,5.17,10.39,9.87,60547700,619160000.0,10.83,5.27,58.01,62.01,11.84,7.9,1.3
国投中鲁,sh600962,24.63,23.94,23.92,9990500.0,24.62,6000,24.63,4000,2.88,25.18,23.8,9990500,246110000.0,3.81,5.76,64.58,64.58,26.33,21.55,1.2
星云股份,sz300648,51.43,49.31,49.31,4597700.0,51.43,23900,51.44,1900,4.3,51.7,48.53,4597700,230830000.0,3.47,6.43,68.24,89.63,59.17,39.45,1.34
莱尔科技,sh688683,43.59,44.17,44.13,133441400.0,43.59,3300,43.6,8000,-1.31,44.85,43.07,133441400,58600000.0,0.86,4.03,67.64,70.22,53.0,35.34,0.75
ST朗进,sz300594,18.79,19.88,19.75,3048400.0,18.78,1600,18.79,500,-5.48,19.75,18.73,3048400,58370000.0,3.35,5.13,17.1,17.26,23.86,15.9,0.7
天山铝业,sz002532,15.33,16.36,16.13,80363000.0,15.32,40300,15.33,13400,-6.3,16.15,15.18,80363000,1248830000.0,1.96,5.93,629.58,709.59,18.0,14.72,1.35
张江高科,sh600895,34.82,35.58,35.58,58056900.0,34.81,17800,34.82,107200,-2.14,36.88,34.57,58056900,2064570000.0,3.75,6.49,539.25,539.25,39.14,32.02,1.74
凯美特气,sz002549,19.96,19.91,19.35,74713400.0,19.96,329000,19.97,78200,0.25,20.68,19.01,74713400,1482940000.0,10.79,8.39,138.19,138.79,21.9,17.92,1.57
利和兴,sz301013,28.51,27.71,27.56,22023400.0,28.5,21000,28.51,2700,2.89,29.36,27.38,22023400,626860000.0,11.64,7.15,53.95,66.64,33.25,22.17,1.14
弘元绿能,sh603185,21.66,22.77,22.3,46385600.0,21.65,54500,21.66,16400,-4.87,22.58,21.02,46385600,1005680000.0,6.83,6.85,147.08,147.95,25.05,20.49,1.54
江钨装备,sh600397,13.94,14.27,14.2,29109400.0,13.93,1500,13.94,64200,-2.31,14.26,13.8,29109400,406520000.0,2.94,3.22,138.0,138.0,15.7,12.84,0.69
精测电子,sz300567,175.0,159.0,159.76,15764700.0,174.99,5400,175.0,25700,10.06,175.6,152.0,15764700,2620200000.0,6.94,14.84,397.34,489.56,190.8,127.2,1.31
泰福泵业,sz300992,30.51,29.01,29.0,5278100.0,30.5,1000,30.51,8900,5.17,31.66,28.87,5278100,161540000.0,6.81,9.62,23.65,29.09,34.81,23.21,2.16
启明星辰,sz002439,15.97,16.13,16.19,47802200.0,15.96,33700,15.97,344300,-0.99,16.48,15.84,47802200,769700000.0,6.56,3.97,116.36,193.46,17.74,14.52,0.79
*ST中基,sz000972,3.84,3.81,3.8,6729000.0,3.83,42800,3.84,57000,0.79,3.86,3.77,6729000,25680000.0,0.87,2.36,29.62,29.62,4.0,3.62,0.85
晓程科技,sz300139,50.27,53.0,52.06,26162900.0,50.26,59100,50.27,8600,-5.15,52.3,49.9,26162900,1326010000.0,11.2,4.53,117.46,137.74,63.6,42.4,0.85
华金资本,sz000532,11.89,12.12,12.12,6497500.0,11.89,4300,11.9,16600,-1.9,12.14,11.8,6497500,77800000.0,1.89,2.81,40.85,40.99,13.33,10.91,0.92
德龙激光,sh688170,73.64,72.74,72.77,1424004000.0,73.64,14000,73.66,2000,1.24,77.08,71.5,1424004000,1060360000.0,13.78,7.67,76.11,76.11,87.29,58.19,1.65
龙佰集团,sz002601,17.55,17.8,17.8,25983200.0,17.55,128300,17.56,300,-1.4,17.98,17.4,25983200,457360000.0,1.31,3.26,348.82,418.44,19.58,16.02,0.7
*ST美谷,sz000615,3.55,3.45,3.47,23064200.0,3.54,312300,3.55,42300,2.9,3.62,3.45,23064200,82250000.0,2.49,4.93,32.85,63.46,3.62,3.28,1.72
德才股份,sh605287,48.16,48.25,48.79,9918700.0,48.16,3100,48.18,300,-0.19,49.63,46.5,9918700,475690000.0,7.08,6.49,67.42,67.42,53.08,43.43,0.89
亚太股份,sz002284,12.95,13.0,13.0,23076400.0,12.94,120500,12.95,33700,-0.38,13.34,12.75,23076400,300190000.0,3.15,4.54,94.82,95.71,14.3,11.7,0.86
硅宝科技,sz300019,17.9,18.16,18.06,6075000.0,17.89,11300,17.9,17200,-1.43,18.31,17.84,6075000,109400000.0,1.65,2.59,65.98,70.37,21.79,14.53,1.03
重药控股,sz000950,6.68,6.75,6.65,81273600.0,6.68,41900,6.69,139800,-1.04,6.89,6.61,81273600,548740000.0,4.7,4.15,115.44,115.44,7.43,6.08,0.91
信立泰,sz002294,35.25,36.27,36.24,33993800.0,35.25,26400,35.26,15100,-2.81,36.45,35.0,33993800,1210920000.0,3.05,4.0,392.88,392.97,39.9,32.64,0.87
华特气体,sh688268,191.19,179.02,169.0,1134963800.0,191.19,200,191.21,200,6.8,197.98,168.01,1134963800,2096440000.0,9.46,16.74,229.27,229.42,214.82,143.22,1.09
长阳科技,sh688299,19.64,19.57,19.57,1000084300.0,19.64,8500,19.65,3100,0.36,20.23,19.47,1000084300,198310000.0,3.48,3.88,56.44,56.44,23.48,15.66,0.92
立达信,sh605365,23.13,25.7,25.19,6818600.0,0.0,0,23.13,3515100,-10.0,25.48,23.13,6818600,163950000.0,1.36,9.14,116.12,116.12,28.27,23.13,0.63
新迅达,sz300518,28.72,29.75,29.75,12314000.0,28.72,3300,28.73,400,-3.46,30.5,28.3,12314000,356830000.0,6.18,7.39,57.26,57.27,35.7,23.8,0.51
东方锆业,sz002167,12.27,12.64,12.63,28658300.0,12.27,33100,12.28,46500,-2.93,12.67,12.2,28658300,354460000.0,3.78,3.72,93.09,95.05,13.9,11.38,0.87
江苏北人,sh688218,42.64,41.83,41.62,717622400.0,42.64,0,42.65,1000,1.94,43.58,41.02,717622400,306010000.0,6.16,6.12,49.67,49.67,50.2,33.46,1.06
众泰汽车,sz000980,2.67,2.73,2.72,186135300.0,2.67,1243800,2.68,684700,-2.2,2.77,2.66,186135300,503080000.0,3.69,4.03,134.63,134.64,3.0,2.46,0.67
寒锐钴业,sz300618,42.0,42.65,43.05,8769400.0,42.0,1400,42.01,10000,-1.52,43.15,41.85,8769400,371450000.0,3.22,3.05,114.45,130.07,51.18,34.12,0.6
南侨食品,sh605339,16.53,16.35,16.35,1790500.0,16.53,16100,16.55,2300,1.1,16.59,16.09,1790500,29280000.0,0.42,3.06,70.14,70.14,17.99,14.72,0.89
阳光诺和,sh688621,56.18,56.82,56.81,184034600.0,56.18,5100,56.26,8700,-1.13,57.49,55.8,184034600,103830000.0,1.64,2.97,62.92,62.92,68.18,45.46,0.79
仁东控股,sz002647,12.33,12.42,12.36,45919700.0,12.32,210400,12.33,62100,-0.72,12.55,11.7,45919700,561910000.0,4.52,6.84,125.19,139.36,13.66,11.18,0.73
思泰克,sz301568,58.68,59.25,59.51,3892700.0,58.67,1300,58.68,3900,-0.96,60.28,57.8,3892700,229720000.0,8.18,4.19,27.93,60.59,71.1,47.4,0.86
人民同泰,sh600829,9.29,9.47,9.45,5780400.0,9.28,8300,9.29,85900,-1.9,9.47,9.24,5780400,54100000.0,1.0,2.43,53.87,53.87,10.42,8.52,0.62
同星科技,sz301252,40.12,40.7,40.7,3940500.0,40.11,100,40.12,54300,-1.43,41.0,39.61,3940500,158600000.0,8.17,3.42,19.36,67.89,48.84,32.56,0.75
西藏矿业,sz000762,33.21,34.03,34.02,32083100.0,33.2,138500,33.21,9500,-2.41,34.34,32.91,32083100,1078390000.0,6.16,4.2,172.96,172.96,37.43,30.63,0.68
正和生态,sh605069,16.46,15.88,16.18,9046500.0,16.46,800,16.47,300,3.65,16.69,15.91,9046500,147860000.0,4.27,4.91,34.85,34.85,17.47,14.29,0.89
西藏珠峰,sh600338,21.23,21.76,21.6,76418200.0,21.23,90200,21.24,26300,-2.44,22.25,21.02,76418200,1653010000.0,8.36,5.65,194.09,194.09,23.94,19.58,0.86
高盟新材,sz300200,11.47,11.14,10.96,47384300.0,11.47,480800,11.48,186900,2.96,11.68,10.93,47384300,540290000.0,11.18,6.73,48.62,49.43,13.37,8.91,1.87
中原内配,sz002448,15.11,14.9,14.95,28079300.0,15.11,70000,15.12,112400,1.41,15.38,14.48,28079300,419440000.0,4.84,6.04,87.71,88.91,16.39,13.41,0.92
金太阳,sz300606,38.32,38.2,38.39,12770400.0,38.3,300,38.32,13800,0.31,40.14,37.66,12770400,494770000.0,10.85,6.49,45.09,53.01,45.84,30.56,1.26
沧州明珠,sz002108,5.68,5.99,5.83,146210600.0,5.68,269800,5.69,190800,-5.18,6.02,5.63,146210600,840640000.0,8.87,6.51,93.58,93.64,6.59,5.39,0.87
洛阳钼业,sh603993,18.88,20.05,19.82,355348400.0,18.87,104200,18.88,399500,-5.84,19.84,18.58,355348400,6771300000.0,2.04,6.28,3296.61,4039.25,22.06,18.05,1.2
泰嘉股份,sz002843,26.16,28.15,27.56,31515700.0,26.16,1600,26.17,3400,-7.07,28.3,25.8,31515700,847740000.0,12.6,8.88,65.45,65.85,30.97,25.34,1.11
合肥城建,sz002208,20.76,19.8,19.61,160512500.0,20.76,178600,20.77,49300,4.85,21.75,18.71,160512500,3244470000.0,19.99,15.35,166.72,166.76,21.78,17.82,2.05
海马汽车,sz000572,5.12,5.2,5.21,40000100.0,5.11,179000,5.12,85100,-1.54,5.25,5.1,40000100,206310000.0,2.44,2.88,84.08,84.21,5.72,4.68,0.76
长虹能源,bj920239,29.07,28.99,29.42,1990900.0,29.07,22700,29.09,700,0.28,30.0,28.63,1990900,58202800.0,1.11,4.73,52.29,52.93,37.68,20.3,0.97
华源控股,sz002787,26.78,26.71,27.25,23472600.0,26.78,8100,26.79,10600,0.26,27.77,26.1,23472600,633070000.0,9.36,6.25,67.18,89.76,29.38,24.04,0.79
华人健康,sz301408,18.49,19.65,19.52,24998800.0,18.49,21000,18.5,102300,-5.9,19.65,18.27,24998800,467860000.0,10.92,7.02,42.33,73.96,23.58,15.72,0.95
罗 牛 山,sz000735,6.24,6.38,6.38,19707300.0,6.23,128000,6.24,93400,-2.19,6.42,6.19,19707300,123470000.0,1.71,3.61,71.82,71.85,7.02,5.74,0.99
云图控股,sz002539,14.23,14.1,14.06,27628600.0,14.23,77400,14.24,2000,0.92,14.73,14.03,27628600,397540000.0,3.11,4.96,126.62,171.86,15.51,12.69,1.28
强达电路,sz301628,111.2,112.25,112.25,2558900.0,111.2,1700,111.22,200,-0.94,115.38,109.77,2558900,287470000.0,9.18,5.0,31.0,83.82,134.7,89.8,0.91
博杰股份,sz002975,114.99,114.5,116.22,20339600.0,114.04,200,114.99,4300,0.43,123.85,112.0,20339600,2397320000.0,14.81,10.35,157.94,239.33,125.95,103.05,1.43
日出东方,sh603366,8.46,8.53,8.52,9716500.0,8.46,119900,8.47,35100,-0.82,8.63,8.44,9716500,82740000.0,1.2,2.23,68.78,68.78,9.38,7.68,0.58
中铝国际,sh601068,5.63,5.84,5.8,19700300.0,5.62,53300,5.63,2000,-3.6,5.82,5.58,19700300,111620000.0,0.77,4.11,144.1,168.22,6.42,5.26,1.34
金凯生科,sz301509,33.29,33.27,33.5,1991200.0,33.28,200,33.29,15100,0.06,33.85,33.06,1991200,66730000.0,3.51,2.37,18.89,40.1,39.92,26.62,0.67
诚达药业,sz301201,38.97,40.23,40.0,5535900.0,38.97,62300,39.01,400,-3.13,40.54,38.5,5535900,217610000.0,5.1,5.07,42.3,60.29,48.28,32.18,0.84
中旗新材,sz001212,56.27,55.5,56.02,8172400.0,56.26,200,56.27,3200,1.39,57.13,54.84,8172400,458540000.0,4.7,4.13,97.82,113.08,61.05,49.95,0.87
万向钱潮,sz000559,17.5,16.54,17.22,178080200.0,17.5,183300,17.51,248400,5.8,17.99,17.1,178080200,3129690000.0,5.37,5.38,580.01,580.19,18.19,14.89,1.53
长华化学,sz301518,35.73,35.25,35.2,1938000.0,35.73,4500,35.75,12800,1.36,36.82,35.15,1938000,69800000.0,3.63,4.74,19.1,51.98,42.3,28.2,1.0
唯捷创芯,sh688153,33.15,33.84,33.76,761953400.0,33.14,1200,33.15,4400,-2.04,34.48,32.7,761953400,255310000.0,1.86,5.26,135.66,142.65,40.61,27.07,1.19
川恒股份,sz002895,34.18,34.21,34.6,7730200.0,34.17,200,34.18,10000,-0.09,35.3,33.88,7730200,267950000.0,1.3,4.15,203.36,207.1,37.63,30.79,0.8
长光华芯,sh688048,418.31,448.1,458.88,1180864700.0,418.3,2500,418.31,8600,-6.65,460.0,412.0,1180864700,5084280000.0,6.7,10.71,737.4,737.4,537.72,358.48,0.87
景津装备,sh603279,17.97,18.26,18.32,6195700.0,17.97,28000,17.98,1100,-1.59,18.48,17.87,6195700,112600000.0,1.07,3.34,103.57,103.57,20.09,16.43,0.81
山金国际,sz000975,25.09,27.0,26.5,69717000.0,25.09,14500,25.1,97200,-7.07,26.59,24.7,69717000,1768390000.0,2.76,7.0,634.13,696.68,29.7,24.3,1.69
史丹利,sz002588,10.0,10.12,10.11,18534000.0,9.99,40100,10.0,221900,-1.19,10.24,9.98,18534000,187300000.0,2.16,2.57,85.86,115.19,11.13,9.11,0.96
英联股份,sz002846,14.21,14.2,14.25,7087400.0,14.2,47200,14.21,14400,0.07,14.44,14.11,7087400,100890000.0,2.72,2.32,36.97,59.68,15.62,12.78,0.59
润禾材料,sz300727,35.35,35.05,35.2,6951100.0,35.35,36600,35.36,4700,0.86,35.75,34.65,6951100,244790000.0,4.29,3.14,57.31,63.68,42.06,28.04,1.43
金钼股份,sh601958,21.04,22.17,21.86,60966500.0,21.03,7500,21.04,4600,-5.1,22.12,20.8,60966500,1300280000.0,1.89,5.95,678.88,678.88,24.39,19.95,1.01
ST朗源,sz300175,6.72,6.61,6.64,10392600.0,6.71,127500,6.72,8300,1.66,6.82,6.61,10392600,69830000.0,2.21,3.18,31.64,31.64,7.93,5.29,1.17
长川科技,sz300604,209.5,208.87,213.04,43401200.0,209.49,800,209.5,26300,0.3,219.31,194.98,43401200,8974820000.0,8.87,11.65,1025.44,1329.11,250.64,167.1,1.21
运达科技,sz300440,18.22,17.84,18.06,12941600.0,18.21,14700,18.22,26800,2.13,18.25,17.58,12941600,232520000.0,2.96,3.76,79.77,80.08,21.41,14.27,0.73
仕佳光子,sh688313,175.6,182.53,187.78,3294313600.0,175.57,200,175.6,37600,-3.8,193.56,170.25,3294313600,5886270000.0,7.29,12.77,793.69,793.69,219.04,146.02,1.04
良信股份,sz002706,11.85,12.36,12.37,91228900.0,11.84,2200,11.85,101300,-4.13,12.67,11.67,91228900,1087220000.0,9.98,8.09,108.35,133.09,13.6,11.12,1.08
宁德时代,sz300750,423.6,427.0,428.08,29704900.0,423.58,100,423.6,1500,-0.8,431.5,421.0,29704900,12638150000.0,0.7,2.46,18032.2,19597.89,512.4,341.6,0.87
ST张家界,sz000430,8.26,8.26,0.0,0.0,0.0,0,0.0,0,0.0,0.0,0.0,0,0.0,0.0,0.0,30.61,66.88,8.67,7.85,0.0
晶晨股份,sh688099,109.06,111.83,112.9,1943960100.0,109.06,5800,109.08,2200,-2.48,114.37,108.02,1943960100,2157820000.0,4.62,5.68,459.32,459.32,134.2,89.46,0.99
湖南黄金,sz002155,26.32,27.75,27.2,64919200.0,26.32,41400,26.33,15400,-5.15,27.49,26.07,64919200,1724240000.0,4.15,5.12,411.25,411.29,30.53,24.98,1.19
卓然股份,sh688121,6.48,6.48,0.0,0.0,0.0,0,0.0,0,0.0,0.0,0.0,0,0.0,0.0,0.0,13.13,15.14,7.78,5.18,0.0
赣能股份,sz000899,12.92,13.3,13.3,30565500.0,12.92,11600,12.93,34900,-2.86,13.34,12.7,30565500,394910000.0,3.13,4.81,126.06,126.06,14.63,11.97,0.64
中船特气,sh688146,145.55,141.12,139.53,3249938400.0,145.5,500,145.55,500,3.14,151.0,136.9,3249938400,4704170000.0,22.42,9.99,211.01,770.56,169.34,112.9,1.27
利安隆,sz300596,46.25,45.57,45.55,9176000.0,46.25,100,46.26,500,1.49,47.07,45.2,9176000,424600000.0,4.0,4.1,106.2,106.2,54.68,36.46,1.36
新华保险,sh601336,61.22,62.38,62.4,17499200.0,61.21,4100,61.22,15500,-1.86,62.67,60.8,17499200,1080410000.0,0.84,3.0,1276.71,1909.79,68.62,56.14,0.76
汇隆新材,sz301057,30.31,31.1,31.45,1643500.0,30.3,900,30.31,5000,-2.54,31.45,29.95,1643500,50210000.0,2.03,4.82,24.56,35.45,37.32,24.88,0.62
科安达,sz002972,12.79,12.94,12.95,4541600.0,12.76,2100,12.79,400,-1.16,12.97,12.72,4541600,58330000.0,3.37,1.93,17.22,31.46,14.23,11.65,0.92
盟固利,sz301487,25.22,24.75,25.0,18631300.0,25.21,10300,25.22,8300,1.9,25.93,24.98,18631300,472470000.0,6.83,3.84,68.8,115.92,29.7,19.8,1.19
乐鑫科技,sh688018,178.43,175.01,175.01,756077700.0,178.43,400,178.44,100,1.95,185.58,172.5,756077700,1351340000.0,4.52,7.47,298.23,298.23,210.01,140.01,1.41
华通线缆,sh605196,41.55,41.35,41.23,15264300.0,41.55,19800,41.6,400,0.48,42.77,40.53,15264300,634910000.0,3.02,5.42,209.81,212.31,45.49,37.22,0.96
朗威股份,sz301202,43.03,43.08,43.41,2111000.0,43.01,3800,43.03,100,-0.12,43.85,42.52,2111000,91310000.0,5.68,3.09,15.98,58.69,51.7,34.46,0.81
翔丰华,sz300890,37.87,38.45,38.23,13758600.0,37.87,17600,37.88,500,-1.51,39.05,37.17,13758600,522710000.0,12.64,4.89,41.23,45.12,46.14,30.76,0.84
鹏欣资源,sh600490,8.1,8.65,8.58,69118600.0,8.1,38800,8.11,38900,-6.36,8.58,8.01,69118600,570110000.0,3.47,6.59,161.4,179.24,9.52,7.79,0.97
威星智能,sz002849,17.87,18.6,18.6,15956300.0,17.86,3500,17.87,3200,-3.92,19.06,17.69,15956300,289470000.0,7.29,7.37,39.11,39.43,20.46,16.74,1.31
ST美晨,sz300237,2.43,2.34,2.34,49328200.0,2.42,523900,2.43,33900,3.85,2.47,2.33,49328200,119400000.0,3.42,5.98,35.04,35.04,2.81,1.87,1.46
众生药业,sz002317,21.46,21.83,21.42,47748600.0,21.46,11100,21.47,18100,-1.69,21.97,21.27,47748600,1027410000.0,6.27,3.21,163.44,182.4,24.01,19.65,0.49
金瑞矿业,sh600714,25.2,25.19,25.19,19986900.0,25.19,15900,25.2,11400,0.04,25.77,24.89,19986900,506110000.0,6.94,3.49,72.62,72.62,27.71,22.67,0.72
华友钴业,sh603799,58.65,60.31,60.0,75236400.0,58.65,186300,58.66,16700,-2.75,60.53,58.1,75236400,4452660000.0,3.99,4.03,1107.08,1112.43,66.34,54.28,0.89
湖北宜化,sz000422,15.4,15.19,15.32,34970300.0,15.39,82300,15.4,33800,1.38,15.68,15.2,34970300,541630000.0,3.31,3.16,162.91,167.49,16.71,13.67,0.76
豫光金铅,sh600531,15.32,16.72,16.4,110636800.0,15.32,19700,15.33,299700,-8.37,16.42,15.15,110636800,1739760000.0,9.15,7.6,185.26,185.26,18.39,15.05,1.03
中仑新材,sz301565,22.05,22.19,22.18,2924500.0,22.05,3200,22.07,800,-0.63,22.5,21.87,2924500,64770000.0,2.28,2.84,28.23,88.2,26.63,17.75,0.92
华阳新材,sh600281,5.39,5.39,5.39,8171100.0,5.38,20600,5.39,42300,0.0,5.49,5.35,8171100,44220000.0,1.59,2.6,27.73,27.73,5.93,4.85,1.08
天汽模,sz002510,7.37,7.04,6.97,88785200.0,7.37,1247200,7.38,424200,4.69,7.37,6.93,88785200,642760000.0,8.84,6.25,74.06,74.82,7.74,6.34,2.75
中国铝业,sh601600,10.93,11.61,11.5,335798700.0,10.92,995100,10.93,609700,-5.86,11.52,10.84,335798700,3726560000.0,2.55,5.86,1439.85,1875.04,12.77,10.45,1.51
岳阳林纸,sh600963,4.37,4.41,4.43,26351700.0,4.36,68700,4.37,13300,-0.91,4.46,4.33,26351700,115770000.0,1.5,2.95,76.81,76.81,4.85,3.97,0.74
新益昌,sh688383,125.97,131.6,128.1,388905900.0,125.82,300,125.97,3100,-4.28,130.98,123.37,388905900,493470000.0,3.83,5.78,128.04,128.04,157.92,105.28,0.87
新凤鸣,sh603225,17.03,17.01,17.0,16861000.0,17.02,4700,17.03,2700,0.12,17.3,16.85,16861000,287670000.0,1.01,2.65,284.15,285.68,18.71,15.31,0.8
华宝新能,sz301327,61.14,62.2,61.98,3210600.0,61.12,500,61.14,100,-1.7,62.69,60.69,3210600,197360000.0,1.84,3.22,106.62,106.62,74.64,49.76,1.04
凌霄泵业,sz002884,18.54,18.4,18.43,7194200.0,18.54,68700,18.55,5600,0.76,18.88,18.43,7194200,134300000.0,2.63,2.45,50.63,66.31,20.24,16.56,1.77
欣龙控股,sz000955,4.72,4.8,4.8,14317300.0,4.72,26600,4.73,14600,-1.67,4.84,4.7,14317300,68000000.0,2.66,2.92,25.41,25.41,5.28,4.32,0.7
司太立,sh603520,13.56,12.33,12.34,51573300.0,13.56,2342300,0.0,0,9.98,13.56,12.21,51573300,678120000.0,11.76,10.95,59.45,59.45,13.56,11.1,1.46
恺英网络,sz002517,17.65,17.65,17.68,43760900.0,17.64,180400,17.65,56400,0.0,17.96,17.41,43760900,773320000.0,2.32,3.12,333.42,377.08,19.42,15.89,0.72
中国平安,sh601318,55.5,56.9,56.98,118190400.0,55.49,39700,55.5,9700,-2.46,57.14,55.29,118190400,6613210000.0,1.11,3.25,5916.34,10049.74,62.59,51.21,1.37
翔宇医疗,sh688626,61.06,61.32,61.2,224383300.0,61.06,6500,61.07,200,-0.42,62.92,60.28,224383300,137860000.0,1.4,4.31,97.7,97.7,73.58,49.06,0.82
保丽洁,bj920802,14.91,14.99,14.89,1122000.0,14.82,3000,14.91,70300,-0.53,15.09,14.45,1122000,16595000.0,3.1,4.27,5.4,12.23,19.48,10.5,0.72
晨化股份,sz300610,12.54,12.25,12.2,10211800.0,12.54,8200,12.55,1200,2.37,12.97,12.2,10211800,129720000.0,6.09,6.29,21.02,26.96,14.7,9.8,2.47
逸豪新材,sz301176,36.98,38.0,38.0,6599600.0,36.98,8900,36.99,100,-2.68,38.83,36.65,6599600,247130000.0,4.02,5.74,60.67,62.52,45.6,30.4,0.77
行云科技,sz300209,26.0,26.35,26.2,127488400.0,25.99,91300,26.0,65700,-1.33,27.75,25.08,127488400,3354120000.0,17.36,10.13,190.99,241.45,31.62,21.08,1.03
迪威尔,sh688377,43.15,42.28,42.56,317736600.0,43.15,3500,43.3,600,2.06,44.12,42.08,317736600,137240000.0,1.63,4.82,83.99,83.99,50.74,33.82,0.88
乐惠国际,sh603076,29.7,28.77,28.88,6045600.0,29.7,28600,29.73,100,3.23,30.39,28.6,6045600,179150000.0,5.01,6.22,35.85,35.85,31.65,25.89,1.08
骏鼎达,sz301538,117.0,102.62,104.48,7883400.0,116.99,500,117.0,1500,14.01,120.8,104.48,7883400,901590000.0,25.25,15.9,36.53,91.73,123.14,82.1,1.92
富临精工,sz300432,25.1,24.5,24.52,71937300.0,25.09,14800,25.1,146800,2.45,25.5,24.05,71937300,1786670000.0,4.25,5.92,424.37,429.15,29.4,19.6,0.98
闽发铝业,sz002578,3.89,4.03,4.03,24221000.0,3.88,488900,3.89,181600,-3.47,4.03,3.86,24221000,95350000.0,2.81,4.22,33.5,36.51,4.43,3.63,1.04
美能能源,sz001299,11.68,11.77,11.65,10729400.0,11.67,47700,11.68,7300,-0.76,11.97,11.51,10729400,125900000.0,3.79,3.91,33.04,36.7,12.95,10.59,0.92
越秀资本,sz000987,8.36,8.64,8.65,49999600.0,8.36,115800,8.37,57900,-3.24,8.67,8.31,49999600,422460000.0,1.0,4.17,419.12,419.43,9.5,7.78,0.98
华电国际,sh600027,5.34,5.27,5.24,183820200.0,5.34,138200,5.35,636300,1.33,5.38,5.18,183820200,971840000.0,1.99,3.8,492.12,620.07,5.8,4.74,0.98
达 意 隆,sz002209,13.95,13.6,13.66,7411600.0,13.95,24500,13.96,19400,2.57,14.16,13.61,7411600,102950000.0,4.74,4.04,21.81,27.76,14.96,12.24,0.69
雪迪龙,sz002658,10.06,9.7,9.61,52004500.0,10.06,200500,10.07,87800,3.71,10.2,9.2,52004500,503810000.0,14.5,10.31,36.07,63.96,10.67,8.73,1.85
洪田股份,sh603800,57.36,57.2,56.93,7328000.0,57.36,300,57.37,100,0.28,59.18,56.12,7328000,424650000.0,3.52,5.35,119.31,119.31,62.92,51.48,0.73
悦安新材,sh688786,33.93,33.77,34.22,418422400.0,33.84,500,33.93,500,0.47,34.6,33.12,418422400,141750000.0,2.91,4.38,48.79,48.79,40.52,27.02,1.09
振华新材,sh688707,16.19,16.19,16.1,1734673000.0,16.18,5200,16.19,48100,0.0,16.65,15.93,1734673000,282130000.0,3.41,4.45,82.37,82.37,19.43,12.95,0.65
索通发展,sh603612,23.15,24.02,24.02,20084700.0,23.13,1800,23.15,34600,-3.62,24.14,23.02,20084700,470680000.0,4.03,4.66,115.31,115.31,26.42,21.62,1.13
三维股份,sh603033,11.6,11.66,11.64,13331200.0,11.58,9600,11.6,6100,-0.51,11.8,11.36,13331200,154410000.0,1.32,3.77,117.45,119.61,12.83,10.49,0.8
恒星科技,sz002132,5.9,6.25,6.27,192142100.0,5.9,607500,5.91,142100,-5.6,6.34,5.84,192142100,1149550000.0,13.73,8.0,82.55,82.69,6.88,5.63,1.12
普路通,sz002769,8.99,9.07,9.14,6733400.0,8.99,2100,9.0,3800,-0.88,9.18,8.95,6733400,60940000.0,1.81,2.54,33.53,33.56,9.98,8.16,0.52
神州数码,sz000034,40.72,40.9,41.4,37614400.0,40.72,200,40.73,1100,-0.44,41.68,40.24,37614400,1539380000.0,6.2,3.52,246.98,295.73,44.99,36.81,0.79
鸿利智汇,sz300219,8.15,8.14,8.05,35371000.0,8.14,53000,8.15,47800,0.12,8.26,7.93,35371000,286280000.0,5.01,4.05,57.59,57.7,9.77,6.51,1.51
聚杰微纤,sz300819,81.8,86.07,85.88,11487900.0,81.8,2400,81.84,300,-4.96,88.98,81.1,11487900,969750000.0,8.52,9.16,110.24,122.05,103.28,68.86,0.75
新美星,sz300509,11.59,12.29,12.36,20030500.0,11.59,19700,11.61,30900,-5.7,12.4,11.51,20030500,237290000.0,8.11,7.24,28.64,34.35,14.75,9.83,1.88
大唐发电,sh601991,7.92,7.2,6.99,1525177000.0,7.92,16483300,0.0,0,10.0,7.92,6.73,1525177000,11149290000.0,12.3,16.53,981.77,1465.73,7.92,6.48,1.78
兴业股份,sh603928,16.92,16.52,16.52,9229500.0,16.91,400,16.92,33900,2.42,17.12,16.52,9229500,156190000.0,3.52,3.63,44.34,44.34,18.17,14.87,1.82
德明利,sz001309,712.06,721.65,722.01,21347500.0,712.05,500,712.07,500,-1.33,759.99,697.62,21347500,15439480000.0,13.23,8.64,1148.74,1615.28,793.82,649.49,1.27
海辰药业,sz300584,38.59,38.8,38.62,2542400.0,38.59,800,38.6,2000,-0.54,39.13,38.31,2542400,98470000.0,3.1,2.11,31.69,46.31,46.56,31.04,0.66
江苏国泰,sz002091,8.99,8.95,8.92,29713800.0,8.98,102400,8.99,729900,0.45,9.18,8.92,29713800,268310000.0,1.86,2.91,143.68,146.33,9.85,8.06,0.49
富吉瑞,sh688272,44.1,44.62,44.0,265564000.0,44.08,200,44.1,73900,-1.17,46.27,43.21,265564000,118240000.0,3.49,6.86,33.52,33.52,53.54,35.7,0.62
岱勒新材,sz300700,19.61,19.61,19.55,11587000.0,19.6,4500,19.61,24300,0.0,20.0,19.05,11587000,226480000.0,4.28,4.84,53.07,77.86,23.53,15.69,0.91
锦富技术,sz300128,7.53,7.24,7.28,117874900.0,7.53,350500,7.54,45200,4.01,7.93,7.28,117874900,901290000.0,9.09,8.98,97.7,97.82,8.69,5.79,1.79
川发龙蟒,sz002312,10.32,10.41,10.39,24856400.0,10.32,257200,10.33,100,-0.86,10.58,10.31,24856400,258990000.0,1.32,2.59,194.41,194.81,11.45,9.37,0.69
匠心家居,sz301061,65.82,63.44,63.55,1785400.0,65.81,500,65.82,8300,3.75,66.82,63.5,1785400,117340000.0,3.2,5.23,36.77,143.99,76.13,50.75,1.11
铂科新材,sz300811,100.58,101.16,103.02,8991800.0,100.36,100,100.58,800,-0.57,104.99,99.5,8991800,911780000.0,3.78,5.43,239.08,291.57,121.39,80.93,1.11
维科技术,sh600152,13.73,13.3,13.41,97643300.0,13.73,215800,13.74,89000,3.23,14.63,13.41,97643300,1381190000.0,18.46,9.17,72.64,72.64,14.63,11.97,0.93
苑东生物,sh688513,58.0,59.6,59.56,250715600.0,57.95,700,58.0,3300,-2.68,59.95,57.2,250715600,146640000.0,1.42,4.61,102.39,102.39,71.52,47.68,0.96
八亿时空,sh688181,40.35,37.86,38.3,1434131700.0,40.34,6800,40.35,1700,6.58,40.66,37.93,1434131700,565980000.0,10.66,7.21,54.26,54.26,45.43,30.29,2.13
众鑫股份,sh603091,83.99,85.68,85.0,506600.0,83.99,5600,84.12,300,-1.97,87.49,83.3,506600,43080000.0,1.61,4.89,26.41,85.87,94.25,77.11,0.73
中电电机,sh603988,24.84,24.45,24.45,7373100.0,24.84,27300,24.85,20800,1.6,25.57,24.0,7373100,183120000.0,3.13,6.42,58.42,58.42,26.9,22.01,1.06
立昂微,sh605358,51.61,51.55,52.66,55921200.0,51.6,32700,51.61,6200,0.12,54.48,50.0,55921200,2911420000.0,8.33,8.69,346.5,346.5,56.71,46.4,0.93
戈碧迦,bj920438,64.51,65.3,67.0,9724800.0,64.5,1800,64.51,6800,-1.21,68.76,62.56,9724800,636991700.0,6.98,9.49,89.92,93.85,84.89,45.71,0.64
宁水集团,sh603700,12.21,12.31,12.24,3459100.0,12.21,5200,12.22,13100,-0.81,12.42,12.09,3459100,42410000.0,1.73,2.68,24.42,24.42,13.54,11.08,0.88
*ST生物,sz000504,9.26,9.32,9.32,2521700.0,9.25,6100,9.26,110700,-0.64,9.35,9.21,2521700,23360000.0,0.77,1.5,30.48,30.56,9.79,8.85,0.42
凌云光,sh688400,63.18,64.81,64.81,2008115100.0,63.18,23500,63.19,38300,-2.52,66.3,62.26,2008115100,1283680000.0,4.36,6.23,291.25,302.78,77.77,51.85,0.85
微芯生物,sh688321,30.2,30.9,30.91,1443074800.0,30.2,5500,30.21,15200,-2.27,31.35,30.01,1443074800,441330000.0,3.54,4.34,123.16,133.77,37.08,24.72,0.94
依米康,sz300249,18.43,19.01,19.09,48641600.0,18.43,2500,18.44,13200,-3.05,19.22,18.22,48641600,910130000.0,13.0,5.26,68.95,81.18,22.81,15.21,0.88
孚能科技,sh688567,13.33,13.3,13.31,1717536400.0,13.33,23800,13.34,5400,0.23,13.76,13.05,1717536400,228800000.0,1.41,5.34,162.91,162.91,15.96,10.64,1.14
江瀚新材,sh603281,36.78,37.01,37.2,5176600.0,36.78,6100,36.79,3400,-0.62,38.86,36.28,5176600,193170000.0,1.39,6.97,137.31,137.31,40.71,33.31,0.88
海德股份,sz000567,6.4,6.43,6.41,25685200.0,6.39,9100,6.4,62500,-0.47,6.5,6.32,25685200,164320000.0,1.32,2.8,124.71,125.09,7.07,5.79,0.57
圣泉集团,sh605589,42.08,42.05,43.25,51114800.0,42.07,33300,42.08,20300,0.07,44.19,41.65,51114800,2174170000.0,6.06,6.04,354.99,356.16,46.26,37.85,1.03
华兰股份,sz301093,102.5,107.3,107.8,4896300.0,102.5,2300,102.51,100,-4.47,108.59,102.0,4896300,513140000.0,3.12,6.14,160.92,168.31,128.76,85.84,0.93
云铝股份,sz000807,29.75,31.58,31.28,81063400.0,29.74,67300,29.75,6000,-5.79,31.29,29.51,81063400,2443510000.0,2.34,5.64,1031.71,1031.72,34.74,28.42,1.25
锡装股份,sz001332,66.51,64.67,64.44,3316700.0,66.51,900,66.59,800,2.85,68.36,64.05,3316700,220450000.0,6.91,6.66,31.93,73.49,71.14,58.2,1.14
驰诚股份,bj920407,17.75,17.83,17.94,692000.0,17.69,5300,17.75,1100,-0.45,18.28,17.59,692000,12356400.000000002,1.99,3.87,6.17,15.16,23.17,12.49,0.94
川能动力,sz000155,15.83,15.75,15.75,42219500.0,15.83,16500,15.84,59100,0.51,15.99,15.61,42219500,667620000.0,2.29,2.41,292.25,292.25,17.33,14.18,0.63
屹唐股份,sh688729,26.05,25.31,25.21,2245370100.0,26.05,18000,26.06,67600,2.92,26.8,24.75,2245370100,583040000.0,10.44,8.1,56.01,769.92,30.37,20.25,1.65
卡莱特,sz301391,77.33,78.92,79.39,1775100.0,77.16,2800,77.33,2100,-2.01,79.92,76.4,1775100,138560000.0,1.91,4.46,71.79,73.47,94.7,63.14,0.74
海阳科技,sh603382,25.18,25.28,25.26,1046800.0,25.17,20800,25.18,2100,-0.4,25.62,25.0,1046800,26450000.0,2.89,2.45,9.13,45.64,27.81,22.75,1.06
弘宇股份,sz002890,17.32,17.5,17.52,2151800.0,17.28,100,17.32,19300,-1.03,17.61,17.13,2151800,37210000.0,1.33,2.74,27.97,29.42,19.25,15.75,0.76
恒邦股份,sz002237,15.23,16.12,15.98,36933300.0,15.23,13900,15.24,16700,-5.52,16.02,15.07,36933300,570150000.0,3.1,5.89,181.6,217.78,17.73,14.51,1.27
得利斯,sz002330,4.49,4.6,4.6,13083100.0,4.49,14300,4.5,42700,-2.39,4.64,4.47,13083100,59160000.0,2.06,3.7,28.52,28.53,5.06,4.14,1.11
白银有色,sh601212,6.97,7.49,7.35,193489000.0,6.96,290900,6.97,192600,-6.94,7.36,6.92,193489000,1367140000.0,2.61,5.87,516.11,516.11,8.24,6.74,1.06
德龙汇能,sz000593,23.54,23.4,23.59,28261700.0,23.53,400,23.54,1900,0.6,24.29,22.88,28261700,669130000.0,7.88,6.03,84.39,84.42,25.74,21.06,0.71
迈普医学,sz301033,55.54,57.41,57.36,1113600.0,55.53,100,55.55,500,-3.26,57.36,55.4,1113600,62660000.0,1.98,3.41,31.3,37.24,68.89,45.93,0.63
佳力图,sh603912,11.57,11.37,11.43,36658000.0,11.57,23000,11.58,36700,1.76,11.9,11.36,36658000,425810000.0,6.77,4.75,62.69,62.69,12.51,10.23,1.1
再升科技,sh603601,16.87,16.57,16.45,154168400.0,16.87,539000,16.88,173200,1.81,17.4,16.09,154168400,2590790000.0,13.5,7.91,192.71,192.71,18.23,14.91,0.68
楚江新材,sz002171,12.0,12.29,12.61,76651700.0,12.0,321500,12.01,94300,-2.36,12.7,11.96,76651700,940690000.0,4.75,6.02,193.65,194.75,13.52,11.06,1.49
三维化学,sz002469,6.97,6.92,6.92,11651300.0,6.97,3300,6.98,41300,0.72,7.03,6.88,11651300,81120000.0,1.85,2.17,43.8,45.23,7.61,6.23,1.06
*ST新潮,sh600777,5.96,5.97,5.97,17095500.0,5.95,76900,5.96,2700,-0.17,6.0,5.92,17095500,101970000.0,0.27,1.34,379.42,405.31,6.27,5.67,0.76
大富科技,sz300134,11.4,11.59,11.58,13845800.0,11.39,12200,11.4,700,-1.64,11.73,11.32,13845800,159310000.0,1.8,3.54,87.49,87.49,13.91,9.27,0.97
德艺文创,sz300640,7.72,7.81,7.88,10570200.0,7.72,3800,7.73,18700,-1.15,7.9,7.66,10570200,81890000.0,4.79,3.07,17.04,24.01,9.37,6.25,0.57
芯源微,sh688037,276.74,258.0,258.0,1435018400.0,276.74,400,277.0,9600,7.26,297.47,247.1,1435018400,3871420000.0,7.12,19.52,557.98,557.98,309.6,206.4,1.27
*ST威领,sz002667,22.56,23.75,22.56,23917500.0,0.0,0,22.56,11916400,-5.01,22.91,22.56,23917500,539640000.0,10.11,1.47,53.38,58.79,24.94,22.56,106.5
沧州大化,sh600230,17.36,17.59,17.49,14089800.0,17.36,24100,17.38,400,-1.31,18.01,17.28,14089800,248510000.0,3.4,4.15,71.86,71.86,19.35,15.83,0.81
嘉曼服饰,sz301276,26.57,26.34,26.68,2043700.0,26.5,2400,26.57,11200,0.87,27.14,26.3,2043700,54770000.0,2.83,3.19,19.2,34.43,31.61,21.07,0.59
旗滨集团,sh601636,6.38,6.7,6.69,93062900.0,6.38,179700,6.39,190000,-4.78,6.77,6.29,93062900,599610000.0,3.15,7.16,188.76,188.76,7.37,6.03,0.8
兴蓉环境,sz000598,6.58,6.67,6.66,39301000.0,6.58,108300,6.59,116400,-1.35,6.67,6.54,39301000,259080000.0,1.32,1.95,196.03,196.35,7.34,6.0,1.38
药易购,sz300937,25.95,26.4,26.47,1843900.0,25.95,300,25.96,200,-1.7,26.61,25.92,1843900,48400000.0,2.84,2.61,16.83,24.83,31.68,21.12,0.73
建霖家居,sh603408,11.4,11.51,11.53,2259700.0,11.4,5300,11.42,4900,-0.96,11.58,11.32,2259700,25910000.0,0.5,2.26,51.02,51.02,12.66,10.36,1.15
威唐工业,sz300707,14.97,14.9,14.97,4866600.0,14.95,1800,14.97,41600,0.47,15.29,14.92,4866600,73360000.0,3.34,2.48,21.83,26.43,17.88,11.92,0.89
ST联创,sz300343,7.29,7.1,7.19,32123100.0,7.29,174100,7.3,301300,2.68,7.38,7.14,32123100,233580000.0,3.01,3.38,77.73,77.88,8.52,5.68,1.28
清溢光电,sh688138,33.44,33.04,33.06,897618700.0,33.39,9500,33.44,29500,1.21,34.27,32.91,897618700,301970000.0,2.85,4.12,105.27,105.27,39.65,26.43,1.23
厦门空港,sh600897,15.31,15.47,15.49,2231900.0,15.31,1300,15.32,25700,-1.03,15.5,15.22,2231900,34240000.0,0.54,1.81,63.83,63.83,17.02,13.92,0.94
亚星化学,sh600319,8.16,8.23,8.24,4505500.0,8.16,1000,8.18,17700,-0.85,8.32,8.09,4505500,37060000.0,1.16,2.79,31.64,31.64,9.05,7.41,0.5
天瑞仪器,sz300165,7.32,7.28,7.33,36044400.0,7.32,111100,7.33,2700,0.55,7.56,7.23,36044400,266190000.0,8.57,4.53,30.78,36.27,8.74,5.82,0.6
固德威,sh688390,115.7,116.8,116.3,948184400.0,115.44,3400,115.7,1200,-0.94,119.76,111.11,948184400,1093290000.0,3.9,7.41,281.22,281.22,140.16,93.44,0.95
久日新材,sh688199,29.59,28.73,28.98,776543200.0,29.58,1600,29.59,10200,2.99,30.44,28.82,776543200,231880000.0,4.82,5.64,47.71,47.71,34.48,22.98,1.68
扬帆新材,sz300637,11.11,11.05,11.06,6752300.0,11.1,15900,11.11,16300,0.54,11.39,11.02,6752300,75660000.0,2.88,3.35,26.05,26.08,13.26,8.84,1.14
华泰证券,sh601688,18.52,19.1,19.1,133480300.0,18.51,88000,18.52,31900,-3.04,19.17,18.45,133480300,2497420000.0,1.83,3.77,1353.21,1671.78,21.01,17.19,0.9
华兴源创,sh688001,57.99,59.8,59.5,1432443900.0,57.99,500,58.0,7300,-3.03,59.9,56.8,1432443900,834080000.0,3.13,5.18,265.13,265.13,71.76,47.84,0.72
华能蒙电,sh600863,4.84,4.87,4.85,85940900.0,4.84,109100,4.85,329700,-0.62,4.91,4.73,85940900,412640000.0,1.32,3.7,315.9,379.22,5.36,4.38,0.75
海象新材,sz003011,23.27,23.26,23.26,2861600.0,23.15,2600,23.27,11300,0.04,23.45,22.75,2861600,66020000.0,3.72,3.01,17.88,23.89,25.59,20.93,1.05
高测股份,sh688556,14.75,15.13,15.55,8783018300.0,14.74,106800,14.75,16400,-2.51,15.7,14.15,8783018300,1299500000.0,10.57,10.24,122.54,122.54,18.16,12.1,1.52
瑞晟智能,sh688215,78.0,76.23,77.2,194343500.0,77.93,600,78.0,1100,2.32,80.5,76.67,194343500,152830000.0,3.11,5.02,48.69,48.69,91.48,60.98,2.09
乐通股份,sz002319,11.56,11.5,11.48,7243600.0,11.56,7900,11.58,9400,0.52,11.72,11.4,7243600,83820000.0,3.62,2.78,23.12,24.22,12.65,10.35,1.1
开勒股份,sz301070,96.6,104.0,102.98,8230200.0,96.6,2200,96.66,600,-7.12,104.33,95.0,8230200,807190000.0,13.87,8.97,57.32,87.16,124.8,83.2,1.37
回天新材,sz300041,12.4,12.19,12.2,30344900.0,12.39,85600,12.4,74600,1.72,12.55,12.18,30344900,375000000.0,5.58,3.04,67.47,69.37,14.63,9.75,1.5
银轮股份,sz002126,49.4,50.46,50.7,20782100.0,49.4,101800,49.41,9300,-2.1,51.27,48.77,20782100,1034150000.0,2.62,4.95,392.34,418.32,55.51,45.41,0.67
国投智能,sz300188,12.31,12.5,12.55,14081300.0,12.31,4300,12.32,5200,-1.52,12.82,12.22,14081300,175950000.0,1.65,4.8,105.31,105.8,15.0,10.0,1.05
光华科技,sz002741,22.79,22.78,22.78,28486100.0,22.78,13000,22.79,28400,0.04,23.8,22.57,28486100,659860000.0,6.68,5.4,97.17,105.98,25.06,20.5,0.91
中国海油,sh600938,36.51,36.06,36.09,43335000.0,36.51,30400,36.52,61600,1.25,36.67,35.65,43335000,1571830000.0,1.45,2.83,1091.65,17353.19,39.67,32.45,1.12
零点有数,sz301169,92.66,89.6,89.85,2727300.0,92.66,400,92.68,900,3.42,94.33,88.11,2727300,249060000.0,3.79,6.94,66.72,66.75,107.52,71.68,1.07
海南矿业,sh601969,11.21,11.09,11.1,44412800.0,11.21,69800,11.22,58200,1.08,11.82,10.99,44412800,502120000.0,2.25,7.48,221.11,223.3,12.2,9.98,1.28
保变电气,sh600550,15.07,15.7,15.6,75647500.0,15.07,75900,15.08,129300,-4.01,15.8,15.0,75647500,1149150000.0,4.11,5.1,277.52,277.52,17.27,14.13,0.71
*ST观典,sh688287,0.93,0.93,0.0,0.0,0.0,0,0.0,0,0.0,0.0,0.0,0,0.0,0.0,0.0,3.45,3.45,1.12,0.74,0.0
宝钢包装,sh601968,4.92,4.98,5.0,10221000.0,4.91,3300,4.92,66500,-1.2,5.0,4.88,10221000,50400000.0,0.8,2.41,62.77,62.77,5.48,4.48,0.8
德瑞锂电,bj920523,22.37,22.42,22.42,1398700.0,22.35,2600,22.37,600,-0.22,22.79,22.12,1398700,31308200.0,1.73,2.99,18.13,22.66,29.14,15.7,1.17
野马电池,sh605378,18.33,18.39,18.71,2855000.0,18.33,11700,18.34,2400,-0.33,18.72,18.21,2855000,52600000.0,1.09,2.77,47.9,47.9,20.23,16.55,0.76
华锐精密,sh688059,145.49,146.0,146.06,318928400.0,145.49,6900,145.5,700,-0.35,148.89,141.55,318928400,463720000.0,3.41,5.03,136.15,145.47,175.2,116.8,0.75
拓荆科技,sh688072,529.94,493.0,493.0,1057038600.0,529.02,600,529.94,100,7.49,565.0,472.06,1057038600,5519990000.0,3.74,18.85,1498.1,1498.1,591.6,394.4,1.75
神火股份,sz000933,30.07,32.0,31.36,70335700.0,30.06,1300,30.07,21900,-6.03,31.5,29.82,70335700,2136130000.0,3.13,5.25,675.8,676.28,35.2,28.8,1.46
三超新材,sz300554,26.9,27.26,27.12,5008400.0,26.87,200,26.9,1300,-1.32,27.37,26.57,5008400,135190000.0,6.33,2.93,21.28,30.72,32.71,21.81,0.84
ST萃华,sz002731,4.35,4.35,0.0,0.0,0.0,0,0.0,0,0.0,0.0,0.0,0,0.0,0.0,0.0,9.99,11.14,4.57,4.13,0.0
时空科技,sh605178,76.45,70.93,72.95,6772900.0,76.44,14100,76.45,41700,7.78,77.99,71.71,6772900,518240000.0,6.84,8.85,75.75,75.75,78.02,63.84,1.71
恒瑞医药,sh600276,53.99,54.32,54.08,76598900.0,53.99,3100,54.0,292200,-0.61,55.66,53.75,76598900,4173750000.0,1.2,3.52,3444.02,3583.42,59.75,48.89,0.59
万盛股份,sh603010,14.55,14.95,15.0,12482300.0,14.54,48200,14.55,17700,-2.68,15.18,14.39,12482300,183780000.0,2.19,5.28,83.05,85.12,16.45,13.46,0.48
新瀚新材,sz301076,43.18,41.16,43.71,12282100.0,43.17,20200,43.18,39600,4.91,45.03,42.69,12282100,535870000.0,10.52,5.69,50.4,75.51,49.39,32.93,2.12
麒盛科技,sh603610,19.3,18.84,18.41,32850900.0,19.29,4500,19.3,13700,2.44,19.68,18.41,32850900,630770000.0,9.31,6.74,68.13,68.13,20.72,16.96,2.71
百洋医药,sz301015,22.84,22.94,22.94,4952400.0,22.78,500,22.84,1100,-0.44,23.08,22.55,4952400,112960000.0,0.94,2.31,120.04,120.05,27.53,18.35,0.73
柘中股份,sz002346,20.12,20.4,20.36,9317400.0,20.11,13000,20.12,8000,-1.37,20.77,20.05,9317400,189640000.0,2.38,3.53,78.89,88.84,22.44,18.36,0.7
金晶科技,sh600586,5.55,5.8,5.8,64638900.0,5.55,110800,5.56,73600,-4.31,5.83,5.51,64638900,362290000.0,4.56,5.52,78.66,78.66,6.38,5.22,1.16
濮耐股份,sz002225,4.36,4.4,4.37,42948000.0,4.36,54300,4.37,127900,-0.91,4.48,4.29,42948000,187860000.0,4.53,4.32,41.36,50.54,4.84,3.96,0.77
中石科技,sz300684,60.03,61.55,61.9,13625600.0,60.02,200,60.03,400,-2.47,62.8,58.78,13625600,826630000.0,6.67,6.53,122.64,179.8,73.86,49.24,0.87
格林美,sz002340,8.46,8.63,8.61,162859900.0,8.46,238800,8.47,545500,-1.97,8.69,8.39,162859900,1390580000.0,3.21,3.48,429.43,431.66,9.49,7.77,0.8
合盛硅业,sh603260,42.49,43.86,43.86,10461900.0,42.48,1600,42.49,2600,-3.12,44.2,42.1,10461900,446060000.0,0.88,4.79,502.32,502.32,48.25,39.47,1.0
生益科技,sh600183,89.95,93.32,93.38,59825100.0,89.95,16400,89.96,9500,-3.61,93.84,87.65,59825100,5401570000.0,2.5,6.63,2153.85,2184.99,102.65,83.99,0.99
华能国际,sh600011,7.53,7.53,7.47,163085100.0,7.52,480700,7.53,275900,0.0,7.61,7.35,163085100,1217660000.0,1.48,3.45,828.13,1182.07,8.28,6.78,0.77
超颖电子,sh603175,93.33,99.9,100.99,5239200.0,93.33,5600,93.38,200,-6.58,100.99,92.3,5239200,498940000.0,11.52,8.7,42.44,407.88,109.89,89.91,1.02
新疆众和,sh600888,8.25,8.58,8.52,41303800.0,8.24,107300,8.25,33600,-3.85,8.55,8.2,41303800,344840000.0,2.66,4.08,128.13,128.13,9.44,7.72,1.2
锦浪科技,sz300763,96.6,97.84,97.7,21983900.0,96.59,200,96.6,1000,-1.27,101.61,92.6,21983900,2118620000.0,6.84,9.21,310.66,384.53,117.41,78.27,1.58
粤桂股份,sz000833,28.89,27.67,28.29,77319900.0,28.88,144200,28.89,57900,4.41,29.98,28.29,77319900,2255810000.0,17.04,6.11,131.07,231.72,30.44,24.9,1.34
炬光科技,sh688167,513.97,503.98,520.0,684303300.0,513.73,200,513.97,1100,1.98,530.0,478.37,684303300,3473620000.0,7.62,10.24,461.85,461.85,604.78,403.18,0.84
宏裕包材,bj920274,23.97,23.61,23.72,2644400.0,23.97,6400,23.98,3200,1.52,24.23,23.4,2644400,62944600.0,3.25,3.52,19.5,19.5,30.69,16.53,0.56
天元股份,sz003003,13.55,13.58,13.58,3803700.0,13.55,19800,13.58,700,-0.22,13.76,13.4,3803700,51650000.0,3.23,2.65,15.96,23.95,14.94,12.22,1.05
苏盐井神,sh603299,10.6,10.83,10.83,7366400.0,10.6,22900,10.61,1700,-2.12,10.89,10.55,7366400,78740000.0,0.94,3.14,82.73,101.24,11.91,9.75,0.88
中国太保,sh601601,34.54,35.18,35.27,38444000.0,34.54,15400,34.55,11000,-1.82,35.35,34.41,38444000,1340440000.0,0.56,2.67,2364.28,3322.87,38.7,31.66,0.61
斯菱智驱,sz301550,183.29,172.55,174.6,9831500.0,183.29,11900,183.3,1700,6.22,189.95,169.53,9831500,1780320000.0,6.97,11.83,258.58,423.9,207.06,138.04,1.46
绿盟科技,sz300369,7.21,7.32,7.37,23054100.0,7.2,72700,7.21,2100,-1.5,7.45,7.16,23054100,168400000.0,2.85,3.96,58.24,58.45,8.78,5.86,0.68
金春股份,sz300877,31.5,31.89,31.92,2450500.0,31.49,200,31.5,4100,-1.22,32.87,31.18,2450500,77650000.0,2.04,5.3,37.8,37.8,38.27,25.51,0.59
汇金通,sh603577,11.35,11.62,11.3,6688300.0,11.34,11000,11.35,5700,-2.32,11.6,11.21,6688300,76210000.0,1.97,3.36,38.49,38.49,12.78,10.46,0.71
宜安科技,sz300328,18.25,17.51,17.71,73846700.0,18.25,29400,18.26,80400,4.23,19.19,17.65,73846700,1362640000.0,10.75,8.79,125.39,126.0,21.01,14.01,2.09
新安股份,sh600596,11.92,12.18,12.18,27562700.0,11.91,23700,11.92,14900,-2.13,12.37,11.89,27562700,333140000.0,2.04,3.94,160.87,160.87,13.4,10.96,1.01
生益电子,sh688183,97.61,101.11,101.01,2317843900.0,97.61,3200,97.62,1200,-3.46,102.9,96.95,2317843900,2295020000.0,2.79,5.88,811.94,811.94,121.33,80.89,0.78
鲁银投资,sh600784,7.8,7.09,7.09,30613300.0,7.8,5796600,0.0,0,10.01,7.8,7.09,30613300,234510000.0,4.53,10.01,52.7,52.7,7.8,6.38,3.15
爱柯迪,sh600933,17.64,17.38,17.91,33759900.0,17.64,32500,17.65,54000,1.5,18.25,17.09,33759900,599440000.0,3.45,6.67,172.41,181.72,19.12,15.64,1.97
冰川网络,sz300533,26.69,26.33,26.52,5606700.0,26.69,13900,26.7,17100,1.37,26.8,26.26,5606700,148800000.0,3.4,2.05,44.03,62.58,31.6,21.06,0.64
广东宏大,sz002683,36.39,37.0,37.42,14773700.0,36.39,73100,36.4,5500,-1.65,37.49,35.9,14773700,539140000.0,2.22,4.3,242.56,276.52,40.7,33.3,0.76
南网储能,sh600995,14.67,14.79,14.72,28528400.0,14.67,42700,14.68,8900,-0.81,14.92,14.4,28528400,417460000.0,0.89,3.52,468.85,468.85,16.27,13.31,0.78
昊华科技,sh600378,36.93,36.66,37.49,36764300.0,36.92,5100,36.93,13500,0.74,38.43,36.68,36764300,1373940000.0,3.43,4.77,396.1,476.4,40.33,32.99,1.62
科大国创,sz300520,36.81,36.8,37.24,15701700.0,36.81,130800,36.82,100,0.03,38.0,36.4,15701700,585750000.0,5.56,4.35,103.88,107.5,44.16,29.44,0.79
蓝科高新,sh601798,8.83,8.91,8.95,6020000.0,8.83,10200,8.84,7100,-0.9,9.0,8.76,6020000,53360000.0,1.7,2.69,31.3,31.3,9.8,8.02,0.94
芭田股份,sz002170,12.71,12.57,12.68,21384400.0,12.71,52800,12.72,44200,1.11,12.93,12.6,21384400,272970000.0,2.72,2.63,100.04,123.33,13.83,11.31,1.0
力王股份,bj920627,19.8,19.8,19.98,1152900.0,19.8,100,19.81,2000,0.0,20.15,19.53,1152900,22897199.999999996,2.46,3.13,9.27,18.7,25.74,13.86,0.64
中国石油,sh601857,11.51,11.25,11.21,233642600.0,11.5,1181000,11.51,262900,2.31,11.6,11.19,233642600,2672860000.0,0.14,3.64,18637.23,21065.71,12.38,10.13,1.24
先惠技术,sh688155,99.0,100.55,100.5,347774400.0,99.0,3300,99.2,7000,-1.54,101.8,97.1,347774400,346440000.0,2.75,4.67,125.17,125.17,120.66,80.44,0.74
明泰铝业,sh601677,17.02,17.6,17.5,39945600.0,17.02,37700,17.03,20800,-3.3,17.63,16.9,39945600,685550000.0,3.28,4.15,207.3,211.65,19.36,15.84,1.1
海峡环保,sh603817,6.88,7.06,7.03,12922800.0,6.88,3900,6.89,7100,-2.55,7.09,6.83,12922800,89510000.0,2.27,3.68,39.22,39.22,7.77,6.35,1.03
英方软件,sh688435,41.2,41.25,41.41,275515600.0,41.19,200,41.2,800,-0.12,42.98,41.09,275515600,115380000.0,4.92,4.58,23.09,34.4,49.5,33.0,0.91
三生国健,sh688336,66.58,67.78,67.57,462053100.0,66.57,5400,66.58,2800,-1.77,68.47,66.1,462053100,309530000.0,0.75,3.5,410.66,411.52,81.34,54.22,0.6
科达制造,sh600499,17.37,17.73,17.75,24112000.0,17.37,43500,17.38,10200,-2.03,17.9,17.26,24112000,424690000.0,1.26,3.61,333.13,333.13,19.5,15.96,0.74
川润股份,sz002272,18.74,19.18,19.17,41953600.0,18.74,15000,18.75,22000,-2.29,19.56,18.58,41953600,795370000.0,10.28,5.11,76.48,90.87,21.1,17.26,0.8
中国人保,sh601319,6.96,7.2,7.19,97473400.0,6.96,159900,6.97,103400,-3.33,7.21,6.93,97473400,687320000.0,0.27,3.89,2470.64,3077.99,7.92,6.48,1.34
新开源,sz300109,19.23,19.53,19.68,11531000.0,19.23,800,19.24,3700,-1.54,19.93,19.15,11531000,225360000.0,2.58,3.99,86.01,92.95,23.44,15.62,0.86
邦基科技,sh603151,15.11,15.35,15.36,2290800.0,15.11,100,15.18,1000,-1.56,15.44,15.0,2290800,34720000.0,1.34,2.87,25.86,25.86,16.89,13.82,0.97
科达利,sz002850,194.52,191.7,191.5,7048300.0,194.51,800,194.59,200,1.47,203.78,189.6,7048300,1379770000.0,3.54,7.4,387.35,536.49,210.87,172.53,1.25
立中集团,sz300428,22.19,22.07,22.13,11459700.0,22.18,2100,22.19,7800,0.54,22.75,22.04,11459700,255830000.0,1.92,3.22,132.42,152.13,26.48,17.66,0.93
科恒股份,sz300340,10.86,10.9,10.9,5989100.0,10.86,8600,10.87,1500,-0.37,11.12,10.82,5989100,65700000.0,2.19,2.75,29.7,29.92,13.08,8.72,1.01
金禾实业,sz002597,24.55,24.2,24.06,12947100.0,24.55,187400,24.56,9400,1.45,24.7,24.06,12947100,316450000.0,2.28,2.64,139.26,139.52,26.62,21.78,1.07
建发合诚,sh603909,11.88,12.02,12.03,2959500.0,11.88,2100,11.9,8700,-1.16,12.09,11.7,2959500,35100000.0,1.14,3.24,30.97,30.97,13.22,10.82,0.85
ST中装,sz002822,3.03,3.02,3.05,11083100.0,3.03,50100,3.04,277500,0.33,3.06,2.99,11083100,33430000.0,1.04,2.32,32.39,59.09,3.17,2.87,0.84
汉邦高科,sz300449,10.13,11.05,10.7,77866700.0,10.13,13800,10.14,24900,-8.33,11.13,9.97,77866700,805920000.0,20.17,10.5,39.11,39.11,13.26,8.84,1.42
海油工程,sh600583,6.19,6.19,6.18,38981700.0,6.19,21400,6.2,80900,0.0,6.23,6.1,38981700,240610000.0,0.88,2.1,273.68,273.68,6.81,5.57,0.95
凯尔达,sh688255,32.61,31.16,31.54,507507300.0,32.58,800,32.61,3400,4.65,33.65,31.51,507507300,165670000.0,4.62,6.87,35.82,35.82,37.39,24.93,1.82
泛亚微透,sh688386,81.56,80.28,79.95,222781700.0,81.56,0,81.6,1700,1.59,83.97,78.06,222781700,181020000.0,2.45,7.36,74.22,81.24,96.34,64.22,1.09
凯莱英,sz002821,117.97,122.19,122.41,8560500.0,117.93,1900,117.97,600,-3.45,125.31,116.92,8560500,1031010000.0,2.7,6.87,373.96,425.72,134.41,109.97,1.08
高争民爆,sz002827,31.72,31.84,31.87,3163700.0,31.71,2100,31.72,400,-0.38,32.53,31.6,3163700,101560000.0,1.15,2.92,87.55,87.88,35.02,28.66,0.51
海顺新材,sz300501,14.61,14.73,14.68,6846300.0,14.61,8100,14.62,400,-0.81,14.99,14.42,6846300,100520000.0,4.8,3.87,20.84,40.64,17.68,11.78,0.57
中青宝,sz300052,14.68,14.44,14.74,36158800.0,14.68,67200,14.69,61100,1.66,15.8,14.55,36158800,542560000.0,13.81,8.66,38.44,38.44,17.33,11.55,0.69
皖通高速,sh600012,15.88,15.9,15.85,3869500.0,15.84,16900,15.88,16300,-0.13,16.01,15.65,3869500,61250000.0,0.33,2.26,185.1,271.32,17.49,14.31,1.07
力佳科技,bj920237,19.28,20.13,20.13,1747200.0,19.27,300,19.28,9300,-4.22,20.18,19.09,1747200,33941000.0,2.06,5.41,16.34,16.66,26.16,14.1,1.24
科华控股,sh603161,14.15,14.12,14.12,3118000.0,14.15,1000,14.19,1700,0.21,14.43,14.05,3118000,44360000.0,1.63,2.69,26.99,27.51,15.53,12.71,1.04
渝农商行,sh601077,6.9,6.95,6.95,34574700.0,6.89,44300,6.9,16200,-0.72,6.96,6.84,34574700,238290000.0,0.39,1.73,609.84,783.63,7.65,6.26,0.6
迈得医疗,sh688310,17.2,17.43,17.78,301100200.0,17.2,16100,17.21,5400,-1.32,17.78,17.07,301100200,52320000.0,1.83,4.07,28.26,28.26,20.92,13.94,0.62
颀中科技,sh688352,14.56,14.95,14.88,3448378700.0,14.56,1000,14.57,700,-2.61,15.27,14.41,3448378700,506610000.0,9.42,5.75,53.27,173.12,17.94,11.96,1.14
中岩大地,sz003001,19.69,19.31,19.44,9664500.0,19.69,42500,19.7,2500,1.97,20.39,19.2,9664500,191420000.0,8.46,6.16,22.5,34.35,21.24,17.38,1.08
冠石科技,sh605588,59.04,58.85,59.06,2563900.0,59.04,200,59.05,2800,0.32,60.21,57.7,2563900,151730000.0,3.51,4.27,43.16,43.26,64.74,52.97,1.29
宏昌电子,sh603002,15.14,16.35,17.5,114924600.0,15.13,46600,15.14,7900,-7.4,17.53,14.88,114924600,1800190000.0,10.13,16.21,171.7,171.7,17.99,14.72,1.43
聚辰股份,sh688123,163.0,171.7,178.0,2065355000.0,162.98,3600,163.0,100,-5.07,181.81,159.5,2065355000,3457170000.0,13.05,12.99,257.98,257.98,206.04,137.36,1.0
复洁科技,sh688335,28.57,29.1,29.23,262235700.0,28.56,400,28.57,25200,-1.82,29.23,28.28,262235700,75110000.0,1.77,3.26,42.29,42.29,34.92,23.28,0.89
尤安设计,sz300983,51.61,48.75,49.6,4751000.0,51.57,500,51.61,2700,5.87,52.66,48.64,4751000,242540000.0,3.11,8.25,78.87,89.18,58.5,39.0,0.94
金徽股份,sh603132,18.9,19.8,19.8,10360400.0,18.9,16800,18.91,3000,-4.55,19.81,18.63,10360400,197900000.0,1.06,5.96,184.84,184.84,21.78,17.82,1.29
杭叉集团,sh603298,28.13,28.15,28.15,6659000.0,28.13,3300,28.18,5800,-0.07,28.79,27.91,6659000,188410000.0,0.51,3.13,368.45,368.45,30.97,25.34,0.56
江特电机,sz002176,13.45,13.85,13.77,121987700.0,13.45,78000,13.46,75900,-2.89,13.95,13.27,121987700,1657260000.0,7.16,4.91,229.11,229.5,15.24,12.47,0.66
西部材料,sz002149,69.02,69.0,71.0,60811300.0,69.01,136100,69.02,45600,0.03,71.8,67.12,60811300,4209960000.0,12.46,6.78,336.91,336.97,75.9,62.1,0.73
永贵电器,sz300351,25.57,26.01,26.04,17048500.0,25.57,62200,25.58,200,-1.69,26.28,25.31,17048500,439250000.0,6.47,3.73,67.36,99.44,31.21,20.81,0.66
维峰电子,sz301328,80.72,83.12,84.0,3240100.0,80.53,200,80.73,1300,-2.89,84.99,79.0,3240100,262020000.0,2.95,7.21,88.71,88.71,99.74,66.5,0.7
*ST立航,sh603261,37.92,37.8,37.77,718500.0,37.86,33200,37.92,3400,0.32,38.0,36.4,718500,26630000.0,0.93,4.23,29.39,29.39,39.69,35.91,1.05
信宇人,sh688573,23.87,23.72,23.7,326655000.0,23.87,2900,23.96,200,0.63,24.5,23.5,326655000,78390000.0,6.14,4.22,12.7,23.33,28.46,18.98,0.87
东芯股份,sh688110,156.12,159.59,158.8,2012555300.0,156.1,200,156.12,900,-2.17,161.98,153.0,2012555300,3159910000.0,4.55,5.63,690.44,690.44,191.51,127.67,0.8
翔楼新材,sz301160,61.02,59.93,60.0,2666900.0,61.02,1200,61.05,900,1.82,62.7,59.83,2666900,163460000.0,3.52,4.79,46.29,69.29,71.92,47.94,1.07
远航精密,bj920914,24.2,24.23,24.25,1740400.0,24.18,2000,24.2,600,-0.12,24.82,23.94,1740400,42463300.0,1.75,3.63,24.1,24.12,31.49,16.97,0.79
埃科光电,sh688610,135.98,131.5,131.7,211873200.0,135.9,3900,135.98,3000,3.41,138.98,131.7,211873200,288400000.0,5.18,5.54,55.66,92.47,157.8,105.2,0.99
开山股份,sz300257,33.75,34.0,34.23,18111900.0,33.74,500,33.75,23200,-0.74,35.5,33.08,18111900,615930000.0,1.9,7.12,322.21,335.35,40.8,27.2,0.79
聚和材料,sh688503,111.45,114.02,114.03,1172829300.0,111.43,4400,111.45,1100,-2.25,116.46,107.01,1172829300,1308690000.0,5.84,8.29,223.93,269.75,136.82,91.22,1.0
阿莱德,sz301419,43.01,42.79,43.04,4191800.0,43.01,11500,43.04,100,0.51,44.26,42.52,4191800,181960000.0,5.28,4.07,34.12,51.61,51.35,34.23,0.81
欧普照明,sh603515,19.56,19.99,19.96,1422600.0,19.55,1100,19.56,1600,-2.15,19.98,19.44,1422600,27940000.0,0.19,2.7,144.03,145.37,21.99,17.99,0.57
康力电梯,sz002367,6.07,6.11,6.1,11345200.0,6.06,267200,6.07,12600,-0.65,6.13,6.02,11345200,68820000.0,1.43,1.8,48.23,48.42,6.72,5.5,0.94
甘肃能源,sz000791,9.29,9.61,9.6,98096300.0,9.29,271800,9.3,289300,-3.33,9.7,9.11,98096300,912860000.0,5.07,6.14,179.82,301.35,10.57,8.65,0.6
汉钟精机,sz002158,33.1,32.08,32.5,20673800.0,33.09,20700,33.1,16100,3.18,34.87,32.23,20673800,689290000.0,3.87,8.23,176.61,176.99,35.29,28.87,1.08
石英股份,sh603688,69.53,72.5,71.89,36506500.0,69.52,600,69.53,400,-4.1,73.0,67.78,36506500,2544520000.0,6.74,7.2,376.63,376.63,79.75,65.25,0.83
立讯精密,sz002475,74.0,75.4,76.47,198921200.0,73.99,7900,74.0,11900,-1.86,76.8,72.61,198921200,14751130000.0,2.74,5.56,5379.26,5391.63,82.94,67.86,0.88
龙洲股份,sz002682,5.91,5.95,5.95,14016600.0,5.91,161100,5.92,60000,-0.67,6.02,5.86,14016600,83060000.0,2.49,2.69,33.24,33.24,6.55,5.36,0.69
常铝股份,sz002160,4.61,4.75,4.74,23354900.0,4.61,168900,4.62,55300,-2.95,4.76,4.6,23354900,108710000.0,2.27,3.37,47.52,47.61,5.23,4.28,1.01
安宁股份,sz002978,29.77,30.78,30.76,5326300.0,29.77,6200,29.78,4200,-3.28,30.76,29.65,5326300,160300000.0,1.44,3.61,109.93,140.51,33.86,27.7,1.17
科捷智能,sh688455,20.7,20.8,20.92,370476000.0,20.68,2200,20.7,7000,-0.48,21.39,20.52,370476000,77390000.0,2.2,4.18,34.78,34.78,24.96,16.64,0.85
华塑科技,sz301157,82.1,88.46,86.2,5520200.0,82.1,100,82.11,400,-7.19,90.5,82.0,5520200,468340000.0,26.72,9.61,16.96,49.26,106.15,70.77,1.16
久吾高科,sz300631,29.11,29.56,29.56,3778100.0,29.11,22500,29.12,1700,-1.52,29.9,28.85,3778100,110420000.0,3.12,3.55,35.22,36.4,35.47,23.65,0.72
上海合晶,sh688584,25.75,26.26,26.3,1428722800.0,25.74,2000,25.75,13000,-1.94,26.93,25.4,1428722800,372950000.0,4.16,5.83,88.4,172.32,31.51,21.01,0.61
海安集团,sz001233,56.98,58.5,58.54,1886300.0,56.98,2100,57.0,100,-2.6,58.73,56.67,1886300,108540000.0,5.33,3.52,20.16,105.97,64.35,52.65,0.95
永达股份,sz001239,15.04,15.04,15.11,2211400.0,15.04,6600,15.05,2000,0.0,15.23,14.92,2211400,33370000.0,1.94,2.06,17.15,36.1,16.54,13.54,1.01
金洲管道,sz002443,12.33,12.24,12.24,40390600.0,12.31,100,12.33,410800,0.74,12.37,11.93,40390600,490270000.0,7.78,3.59,64.0,64.18,13.46,11.02,1.25
诺诚健华,sh688428,25.18,25.7,25.7,898620200.0,25.18,4200,25.19,1600,-2.02,25.88,25.01,898620200,227860000.0,3.35,3.39,67.57,444.34,30.84,20.56,0.78
开特股份,bj920978,26.1,25.76,25.61,5414500.0,26.1,6100,26.12,100,1.32,27.15,25.13,5414500,141192600.0,5.36,7.84,26.34,46.99,33.48,18.04,1.67
金宏气体,sh688106,31.59,31.17,30.32,5962862700.0,31.59,28400,31.6,67400,1.35,32.68,29.8,5962862700,1857770000.0,11.14,9.24,169.13,169.13,37.4,24.94,1.07
欣锐科技,sz300745,49.39,49.26,50.76,20965100.0,49.32,1100,49.39,1000,0.26,52.97,47.68,20965100,1056490000.0,14.73,10.74,70.29,83.26,59.11,39.41,1.81
百花医药,sh600721,8.09,8.1,8.12,6457900.0,8.08,112400,8.09,700,-0.12,8.18,8.07,6457900,52460000.0,1.68,1.36,31.11,31.11,8.91,7.29,0.63
江顺科技,sz001400,177.48,187.69,186.01,1864800.0,177.28,100,177.48,11300,-5.44,187.64,175.41,1864800,336180000.0,5.65,6.52,58.61,106.49,206.46,168.92,0.92
德力佳,sh603092,74.03,72.31,72.31,3333800.0,74.03,300,74.1,1000,2.38,75.8,70.2,3333800,243950000.0,9.64,7.74,25.59,296.12,79.54,65.08,1.32
三孚新科,sh688359,122.36,124.3,123.45,436696900.0,122.24,300,122.36,2000,-1.56,128.0,120.08,436696900,536490000.0,4.42,6.37,120.83,120.83,149.16,99.44,0.88
福建高速,sh600033,3.54,3.6,3.6,24604100.0,3.54,416400,3.55,56000,-1.67,3.61,3.53,24604100,87700000.0,0.9,2.22,97.15,97.15,3.96,3.24,1.05
斯迪克,sz300806,83.6,82.5,81.81,23205900.0,83.55,4000,83.6,400,1.33,84.6,79.5,23205900,1901520000.0,7.33,6.18,264.52,378.96,99.0,66.0,1.02
晶瑞电材,sz300655,16.27,15.92,16.43,84138600.0,16.27,32100,16.28,246200,2.2,16.87,16.08,84138600,1386580000.0,7.89,4.96,173.58,174.57,19.1,12.74,1.74
亚钾国际,sz000893,51.25,50.66,50.66,12093800.0,51.25,16800,51.26,2800,1.16,51.97,50.31,12093800,619090000.0,1.49,3.28,416.05,473.58,55.73,45.59,0.81
有研硅,sh688432,18.81,19.18,19.35,3353762200.0,18.8,4700,18.81,22700,-1.93,19.95,18.5,3353762200,641140000.0,2.68,7.56,235.18,235.18,23.02,15.34,1.01
苏博特,sh603916,15.01,15.23,15.5,24720000.0,15.0,74500,15.01,2700,-1.44,15.62,14.81,24720000,375110000.0,5.88,5.32,63.09,63.99,16.75,13.71,0.71
宝丽迪,sz300905,78.91,72.91,73.3,18099100.0,78.91,17200,78.92,12500,8.23,80.8,73.3,18099100,1419350000.0,12.96,10.29,110.19,141.26,87.49,58.33,0.88
西典新能,sh603312,38.47,38.28,38.13,1578400.0,38.44,500,38.47,600,0.5,39.38,37.53,1578400,60470000.0,3.1,4.83,19.59,61.55,42.11,34.45,0.94
尔康制药,sz300267,4.55,4.6,4.66,116098500.0,4.55,285200,4.56,82700,-1.09,4.8,4.5,116098500,538890000.0,8.16,6.52,64.72,93.85,5.52,3.68,0.89
中恒电气,sz002364,47.85,48.74,49.5,59131500.0,47.85,16100,47.86,8000,-1.83,49.8,46.95,59131500,2844780000.0,10.6,5.85,267.05,269.67,53.61,43.87,0.98
浩洋股份,sz300833,39.16,39.08,38.93,1487800.0,39.16,9000,39.19,3700,0.2,39.53,38.49,1487800,58000000.0,1.83,2.66,31.82,49.53,46.9,31.26,0.76
奇精机械,sh603677,17.04,15.49,15.49,4571700.0,17.04,2702700,0.0,0,10.01,17.04,15.49,4571700,75870000.0,2.37,10.01,32.82,32.82,17.04,13.94,2.55
多浦乐,sz301528,72.84,72.7,73.04,1028900.0,72.77,2800,72.84,100,0.19,74.83,71.6,1028900,75210000.0,3.23,4.44,23.24,45.09,87.24,58.16,1.13
东方电缆,sh603606,58.66,61.42,60.87,20989200.0,58.66,23100,58.67,23700,-4.49,61.25,58.16,20989200,1239090000.0,3.05,5.03,403.41,403.41,67.56,55.28,1.15
圣阳股份,sz002580,28.19,31.32,29.67,105688500.0,0.0,0,28.19,5568500,-9.99,30.29,28.19,105688500,3051620000.0,23.36,6.7,127.51,127.95,34.45,28.19,0.84
丰山集团,sh603810,15.18,15.21,15.21,2748500.0,15.18,4100,15.19,2800,-0.2,15.49,15.05,2748500,41880000.0,1.66,2.89,25.1,25.1,16.73,13.69,1.08
亚康股份,sz301085,76.14,77.0,77.27,3395600.0,76.14,13300,76.16,500,-1.12,80.44,75.54,3395600,263960000.0,5.76,6.36,44.86,66.07,92.4,61.6,0.78
德迈仕,sz301007,44.5,42.79,42.44,10024900.0,44.5,28800,44.51,400,4.0,45.99,41.67,10024900,445920000.0,6.62,10.1,67.34,68.24,51.35,34.23,1.34
方邦股份,sh688020,147.96,158.0,156.94,500399500.0,147.37,1000,147.96,9000,-6.35,161.0,144.99,500399500,750980000.0,6.07,10.13,121.9,121.9,189.6,126.4,0.94
科士达,sz002518,57.92,57.68,57.23,28672100.0,57.92,2400,57.95,2000,0.42,59.85,57.23,28672100,1679970000.0,5.07,4.54,327.33,337.22,63.45,51.91,1.24
永和股份,sh605020,31.6,31.75,32.95,62225900.0,31.6,11100,31.61,100,-0.47,33.61,31.44,62225900,2014240000.0,12.37,6.83,158.92,161.42,34.93,28.58,2.37
纵横股份,sh688070,44.53,44.72,44.73,152086100.0,44.53,4800,44.55,2000,-0.42,45.67,43.88,152086100,67890000.0,1.72,4.0,39.37,39.37,53.66,35.78,0.76
中国瑞林,sh603257,64.4,64.37,63.93,1546600.0,64.4,5900,64.42,300,0.05,65.45,63.71,1546600,99680000.0,6.21,2.7,16.04,77.28,70.81,57.93,0.49
美的集团,sz000333,82.57,81.81,81.45,42660900.0,82.57,14700,82.58,6800,0.93,83.3,80.75,42660900,3525960000.0,0.62,3.12,5662.32,6282.58,89.99,73.63,1.19
盛弘股份,sz300693,60.24,63.9,63.8,30035600.0,60.23,400,60.24,1000,-5.73,64.34,59.67,30035600,1831180000.0,11.17,7.31,161.96,188.43,76.68,51.12,0.97
新威凌,bj920634,19.8,20.08,20.01,935500.0,19.8,17100,19.84,400,-1.39,20.25,19.62,935500,18589800.0,2.31,3.14,8.02,12.65,26.1,14.06,0.92
英科再生,sh688087,42.19,42.91,42.91,280031100.0,42.16,1000,42.19,400,-1.68,43.8,41.42,280031100,118960000.0,1.5,5.55,78.58,81.87,51.49,34.33,0.68
沪农商行,sh601825,8.81,8.76,8.78,21554300.0,8.8,105300,8.81,14900,0.57,8.93,8.74,21554300,190390000.0,0.23,2.17,825.89,849.68,9.64,7.88,0.87
中巨芯-U,sh688549,16.79,13.99,16.32,7149437900.0,16.79,9853000,0.0,0,20.01,16.79,16.3,7149437900,1196280000.0,12.13,3.5,98.95,248.03,16.79,11.19,0.98
天准科技,sh688003,96.45,90.63,89.03,1227768700.0,96.45,1800,96.47,200,6.42,98.99,89.03,1227768700,1161030000.0,6.32,10.99,187.42,187.42,108.76,72.5,1.83
益丰药房,sh603939,23.03,23.64,23.65,10753500.0,23.03,19700,23.04,1200,-2.58,23.75,22.86,10753500,249630000.0,0.89,3.76,279.21,279.21,26.0,21.28,0.7
嘉必优,sh688089,14.83,15.08,15.1,335567100.0,14.83,33000,14.87,2400,-1.66,15.42,14.7,335567100,50270000.0,1.99,4.77,24.96,24.96,18.1,12.06,0.64
瑞丰银行,sh601528,4.85,4.95,4.93,19207900.0,4.85,130200,4.86,75200,-2.02,4.94,4.83,19207900,93840000.0,1.11,2.22,84.12,95.16,5.45,4.46,1.2
飞凯材料,sz300398,38.18,39.12,39.5,60702200.0,38.17,18200,38.18,15600,-2.4,40.21,37.7,60702200,2340030000.0,10.77,6.42,215.28,216.46,46.94,31.3,0.79
苏州银行,sz002966,8.42,8.53,8.54,33069000.0,8.41,2700,8.42,101500,-1.29,8.59,8.36,33069000,279580000.0,0.75,2.7,370.1,376.43,9.38,7.68,1.38
铜陵有色,sz000630,6.22,6.69,6.64,434634900.0,6.22,1605000,6.23,1754700,-7.03,6.64,6.2,434634900,2760060000.0,3.9,6.58,693.09,834.07,7.36,6.02,1.06
吉林敖东,sz000623,18.1,18.45,18.44,13774100.0,18.09,2000,18.1,40400,-1.9,18.52,17.98,13774100,251060000.0,1.16,2.93,215.56,216.46,20.3,16.61,1.04
中青旅,sh600138,8.53,8.71,8.69,12267100.0,8.53,89700,8.54,71800,-2.07,8.7,8.5,12267100,105140000.0,1.69,2.3,61.74,61.74,9.58,7.84,1.6
雅艺科技,sz301113,26.87,27.08,27.19,1201000.0,26.71,2000,26.87,12200,-0.78,27.34,26.65,1201000,32360000.0,2.18,2.55,14.8,24.45,32.5,21.66,1.01
中国西电,sh601179,17.14,17.61,17.55,238296900.0,17.14,441300,17.15,101700,-2.67,17.73,16.83,238296900,4100020000.0,4.65,5.11,878.58,878.58,19.37,15.85,0.66
ST景峰,sz000908,7.83,7.62,7.64,26671100.0,7.83,19500,7.84,23200,2.76,7.99,7.56,26671100,208170000.0,3.03,5.64,68.89,137.77,8.0,7.24,1.29
华北制药,sh600812,5.05,5.1,5.11,16048100.0,5.04,151500,5.05,9200,-0.98,5.11,5.01,16048100,81170000.0,0.94,1.96,86.64,86.64,5.61,4.59,1.06
康达新材,sz002669,14.08,14.0,14.56,35762000.0,14.08,109800,14.09,13800,0.57,15.4,13.98,35762000,518600000.0,11.81,10.14,42.62,42.72,15.4,12.6,2.18
穗恒运Ａ,sz000531,7.07,7.21,7.2,25630500.0,7.07,11500,7.08,64500,-1.94,7.23,6.96,25630500,181120000.0,2.82,3.74,64.32,73.63,7.93,6.49,0.82
福晶科技,sz002222,105.82,113.76,112.74,47766600.0,105.82,16600,105.83,500,-6.98,117.0,104.29,47766600,5197730000.0,10.2,11.17,495.4,497.62,125.14,102.38,0.83
绿联科技,sz301606,81.28,81.63,81.21,5179300.0,81.28,3900,81.3,2900,-0.43,83.49,78.4,5179300,417020000.0,3.14,6.24,134.11,337.24,97.96,65.3,0.74
建龙微纳,sh688357,34.09,34.3,34.48,138913600.0,34.09,200,34.1,1300,-0.61,35.2,33.8,138913600,47760000.0,1.39,4.08,34.11,34.11,41.16,27.44,0.93
奥来德,sh688378,48.68,48.78,48.39,947195700.0,48.6,200,48.68,5000,-0.21,49.5,47.1,947195700,459090000.0,3.93,4.92,117.3,127.26,58.54,39.02,1.21
联得装备,sz300545,34.77,34.34,34.34,11080500.0,34.77,2000,34.78,11000,1.25,35.79,34.05,11080500,387940000.0,9.27,5.07,41.57,64.48,41.21,27.47,1.37
厦门象屿,sh600057,6.66,6.75,6.78,19054400.0,6.66,175100,6.67,37200,-1.33,6.8,6.63,19054400,127460000.0,0.91,2.52,139.36,189.18,7.43,6.08,0.68
中国人寿,sh601628,35.36,35.99,35.98,30459100.0,35.35,79500,35.36,25400,-1.75,36.25,35.12,30459100,1085150000.0,0.15,3.14,7363.2,9994.4,39.59,32.39,0.65
中科环保,sz301175,6.03,6.18,6.16,31279200.0,6.03,49900,6.04,140800,-2.43,6.2,6.0,31279200,189880000.0,5.03,3.24,37.5,88.75,7.42,4.94,0.8
江化微,sh603078,30.25,27.5,28.0,49281100.0,30.25,1730300,0.0,0,10.0,30.25,28.0,49281100,1477700000.0,12.78,8.18,116.66,116.66,30.25,24.75,1.54
东华科技,sz002140,10.83,10.98,10.9,7920700.0,10.83,14000,10.84,1200,-1.37,10.98,10.76,7920700,85930000.0,1.12,2.0,76.57,76.68,12.08,9.88,0.44
富特科技,sz301607,51.07,52.6,52.61,7569500.0,51.07,500,51.08,200,-2.91,52.8,50.57,7569500,390710000.0,6.98,4.24,55.37,85.41,63.12,42.08,1.0
永信至诚,sh688244,19.28,19.13,19.38,263596400.0,19.22,2000,19.28,24800,0.78,19.6,18.96,263596400,50800000.0,1.75,3.35,29.11,29.11,22.96,15.3,1.31
海螺水泥,sh600585,20.48,21.0,20.93,46143900.0,20.47,41800,20.48,63900,-2.48,20.99,20.35,46143900,949190000.0,1.15,3.05,819.14,1085.3,23.1,18.9,1.12
建业股份,sh603948,27.87,28.82,28.83,4875000.0,27.86,13400,27.87,7200,-3.3,29.0,27.54,4875000,136700000.0,3.0,5.07,45.29,45.29,31.7,25.94,1.79
阳光电源,sz300274,152.95,135.03,136.0,173461500.0,152.94,31000,152.95,462300,13.27,155.99,131.02,173461500,25268870000.0,10.91,18.49,2431.93,3170.98,162.04,108.02,2.64
厦门银行,sh601187,7.33,7.52,7.51,17167000.0,7.32,25300,7.33,290900,-2.53,7.52,7.29,17167000,126740000.0,0.65,3.06,193.03,193.45,8.27,6.77,1.13
吉峰科技,sz300022,8.76,8.8,8.8,15151400.0,8.75,59900,8.76,15900,-0.45,8.93,8.7,15151400,133240000.0,3.07,2.61,43.29,43.3,10.56,7.04,0.84
红 宝 丽,sz002165,9.74,9.39,9.42,241457300.0,9.74,66500,9.75,219400,3.73,10.23,9.39,241457300,2369270000.0,33.19,8.95,70.87,71.62,10.33,8.45,3.66
浦发银行,sh600000,9.07,9.02,9.0,171982600.0,9.06,391600,9.07,1089900,0.55,9.22,8.93,171982600,1559280000.0,0.52,3.22,3020.84,3020.84,9.92,8.12,1.71
首钢股份,sz000959,4.09,4.14,4.14,37113200.0,4.08,304600,4.09,25300,-1.21,4.17,4.07,37113200,152590000.0,0.5,2.42,304.77,317.18,4.55,3.73,1.1
湘潭电化,sz002125,14.36,14.51,14.51,19198300.0,14.36,7100,14.37,12700,-1.03,14.79,14.24,19198300,278110000.0,3.05,3.79,90.4,90.4,15.96,13.06,0.79
百川股份,sz002455,10.0,10.12,10.07,54837400.0,10.0,51400,10.01,115000,-1.19,10.32,9.92,54837400,554870000.0,8.3,3.95,66.08,72.25,11.13,9.11,1.09
东方证券,sh600958,9.62,9.89,9.86,91083600.0,9.62,160000,9.63,121900,-2.73,9.94,9.6,91083600,886340000.0,1.22,3.44,718.56,817.38,10.88,8.9,0.53
四川路桥,sh600039,7.96,7.96,7.95,37666700.0,7.95,99800,7.96,59200,0.0,8.06,7.9,37666700,300720000.0,0.43,2.01,692.17,692.17,8.76,7.16,0.75
大族激光,sz002008,143.3,149.23,149.24,54570400.0,143.25,1300,143.3,151900,-3.97,151.1,138.71,54570400,7811750000.0,5.7,8.3,1370.99,1475.42,164.15,134.31,0.9
奥普科技,sh603551,11.45,11.49,11.5,2926400.0,11.45,4300,11.46,5700,-0.35,11.6,11.32,2926400,33480000.0,0.77,2.44,43.5,44.05,12.64,10.34,1.07
华丰股份,sh605100,50.77,51.21,51.45,3169400.0,50.66,100,50.77,200,-0.86,51.92,50.09,3169400,161770000.0,1.87,3.57,86.27,86.68,56.33,46.09,0.93
宁波韵升,sh600366,13.35,13.32,13.42,33814400.0,13.35,18200,13.36,530900,0.23,13.79,13.21,33814400,454690000.0,3.08,4.35,146.72,146.72,14.65,11.99,1.06
江丰电子,sz300666,189.86,180.0,181.67,20575700.0,189.86,26000,189.87,14900,5.48,197.99,181.11,20575700,3881660000.0,9.31,9.38,419.81,503.74,216.0,144.0,1.37
陕西能源,sz001286,11.49,11.66,11.61,27784100.0,11.48,3100,11.49,44500,-1.46,11.65,11.33,27784100,318590000.0,2.06,2.74,155.12,430.88,12.83,10.49,0.96
耐科装备,sh688419,45.44,44.55,44.54,475764100.0,45.4,200,45.44,9300,2.0,47.99,43.23,475764100,217450000.0,4.15,10.68,52.05,52.05,53.46,35.64,1.21
恒达新材,sz301469,36.96,36.37,36.34,2206900.0,36.95,1000,36.96,2300,1.62,37.62,36.02,2206900,81450000.0,4.79,4.4,17.02,33.07,43.64,29.1,1.28
华天科技,sz002185,14.3,14.26,14.28,254828500.0,14.29,148200,14.3,494200,0.28,14.77,13.89,254828500,3661680000.0,7.8,6.17,467.06,467.17,15.69,12.83,1.07
箭牌家居,sz001322,7.17,7.19,7.17,5423100.0,7.13,4000,7.17,88100,-0.28,7.26,7.0,5423100,38670000.0,0.69,3.62,56.33,69.35,7.91,6.47,1.2
豪鹏科技,sz001283,72.49,71.11,71.35,4184200.0,72.48,400,72.49,17700,1.94,72.76,70.51,4184200,300060000.0,5.25,3.16,57.8,72.45,78.22,64.0,0.83
中际联合,sh605305,43.63,44.57,44.57,5700000.0,43.63,9300,43.64,4000,-2.11,45.09,43.31,5700000,250030000.0,2.68,3.99,92.72,92.72,49.03,40.11,0.84
大元泵业,sh603757,61.8,58.01,58.49,17228100.0,61.79,2500,61.8,700,6.53,63.81,58.49,17228100,1066600000.0,9.24,9.17,115.29,115.29,63.81,52.21,1.12
六国化工,sh600470,6.32,6.3,6.3,35364900.0,6.31,148300,6.32,7400,0.32,6.7,6.3,35364900,228220000.0,6.78,6.35,32.97,32.97,6.93,5.67,1.36
中国宝安,sz000009,7.92,8.01,8.02,26004700.0,7.92,3800,7.93,172900,-1.12,8.05,7.87,26004700,206570000.0,1.01,2.25,204.02,204.27,8.81,7.21,0.81
云南铜业,sz000878,18.47,19.74,19.69,79150800.0,18.46,2900,18.47,3100,-6.43,19.7,18.31,79150800,1492810000.0,3.95,7.04,370.07,447.93,21.71,17.77,1.19
新化股份,sh603867,36.48,38.43,39.03,12358200.0,36.47,8100,36.48,73300,-5.07,39.2,36.4,12358200,460080000.0,5.73,7.29,78.68,79.34,42.27,34.59,1.43
前沿生物-U,sh688221,22.82,22.78,22.78,1839426400.0,22.82,12900,22.83,9100,0.18,23.56,22.56,1839426400,423560000.0,4.91,4.39,85.48,85.48,27.34,18.22,0.75
骆驼股份,sh601311,9.27,9.34,9.35,23056300.0,9.27,18800,9.28,34900,-0.75,9.43,9.21,23056300,214830000.0,1.97,2.36,108.75,108.75,10.27,8.41,0.67
时代电气,sh688187,55.6,57.14,57.11,2109932300.0,55.6,23900,55.63,2400,-2.7,58.7,54.88,2109932300,1189650000.0,2.43,6.69,483.11,749.32,68.57,45.71,1.11
先导基电,sh600641,28.88,30.63,30.88,88124900.0,28.87,1100,28.88,125600,-5.71,31.8,28.3,88124900,2621850000.0,9.47,11.43,268.77,273.45,33.69,27.57,1.34
奇安信-U,sh688561,29.3,29.81,30.04,737698100.0,29.29,2100,29.3,30300,-1.71,30.25,29.14,737698100,219320000.0,1.08,3.72,199.9,199.9,35.77,23.85,0.83
天润乳业,sh600419,9.2,9.3,9.3,4067700.0,9.2,5800,9.22,2700,-1.08,9.31,9.16,4067700,37560000.0,1.29,1.61,29.03,29.03,10.23,8.37,0.89
永福股份,sz300712,25.26,25.35,25.31,3158200.0,25.26,7500,25.27,4000,-0.36,25.5,24.84,3158200,79520000.0,1.69,2.6,47.17,47.37,30.42,20.28,1.0
福建金森,sz002679,10.58,10.71,10.7,3744600.0,10.55,100,10.58,6100,-1.21,10.75,10.45,3744600,39650000.0,1.59,2.8,24.94,24.94,11.78,9.64,1.37
恒光股份,sz301118,36.88,32.47,33.11,20183500.0,36.88,4600,36.89,2500,13.58,38.96,33.11,20183500,743290000.0,19.2,18.02,38.77,40.64,38.96,25.98,2.94
朗坤科技,sz301305,25.6,26.39,26.55,5172300.0,25.59,500,25.6,2600,-2.99,26.6,25.35,5172300,133370000.0,4.18,4.74,31.67,61.75,31.67,21.11,0.91
粤宏远Ａ,sz000573,4.49,4.38,4.39,30469800.0,4.48,11800,4.49,18300,2.51,4.65,4.34,30469800,137300000.0,4.81,7.08,28.42,28.66,4.82,3.94,1.08
珠海冠宇,sh688772,15.13,15.38,15.37,3353680500.0,15.13,6900,15.14,30700,-1.63,15.56,15.01,3353680500,510900000.0,2.96,3.58,171.3,171.3,18.46,12.3,0.9
七 匹 狼,sz002029,10.94,10.85,10.88,15763400.0,10.93,8000,10.94,17600,0.83,11.03,10.71,15763400,171400000.0,2.37,2.95,72.8,77.13,11.94,9.77,0.69
四川成渝,sh601107,6.35,6.41,6.42,11815000.0,6.34,35500,6.35,22800,-0.94,6.43,6.3,11815000,75090000.0,0.55,2.03,137.33,194.19,7.05,5.77,0.97
*ST星光,sz002076,2.41,2.38,2.39,34567800.0,2.4,105500,2.41,27400,1.26,2.46,2.36,34567800,83360000.0,3.32,4.2,25.12,26.73,2.5,2.26,0.82
江南新材,sh603124,119.55,125.08,126.33,3173500.0,119.53,200,119.55,13800,-4.42,127.6,118.2,3173500,385580000.0,4.09,7.52,92.78,174.24,137.59,112.57,1.03
曼恩斯特,sz301325,43.4,43.38,43.43,2276500.0,43.4,100,43.46,1500,0.05,44.53,42.83,2276500,99320000.0,1.58,3.92,62.45,62.45,52.06,34.7,1.03
超捷股份,sz301005,169.55,178.0,177.13,8937100.0,169.55,17800,169.6,1200,-4.75,178.88,166.2,8937100,1524710000.0,6.75,7.12,224.44,227.64,213.6,142.4,0.9
盛美上海,sh688082,175.2,175.1,175.8,1208047900.0,175.19,200,175.2,600,0.06,184.2,166.58,1208047900,2127980000.0,2.53,10.06,836.43,845.51,210.12,140.08,1.29
利扬芯片,sh688135,39.72,39.49,40.55,3341651500.0,39.72,1300,39.74,3200,0.58,42.35,38.44,3341651500,1343820000.0,14.34,9.9,92.59,92.59,47.39,31.59,1.57
荃银高科,sz300087,8.09,8.32,8.29,16063200.0,8.09,149300,8.1,17800,-2.76,8.31,8.01,16063200,130470000.0,1.78,3.61,73.0,76.64,9.98,6.66,1.14
德赛电池,sz000049,27.03,27.49,27.5,13025800.0,27.02,37400,27.03,41500,-1.67,27.84,26.9,13025800,354940000.0,3.39,3.42,103.94,103.97,30.24,24.74,1.0
科新发展,sh600234,26.55,28.0,28.0,9054000.0,26.55,3800,26.58,1000,-5.18,28.28,25.78,9054000,241030000.0,3.45,8.93,69.7,69.7,30.8,25.2,0.81
宝鼎科技,sz002552,32.13,33.85,33.68,39205400.0,32.13,23000,32.14,3500,-5.08,34.0,31.84,39205400,1276130000.0,10.64,6.38,118.4,124.66,37.24,30.47,0.96
中望软件,sh688083,57.03,56.34,56.56,356642200.0,57.02,2900,57.03,6000,1.22,58.48,55.31,356642200,202910000.0,2.1,5.63,96.75,96.75,67.61,45.07,1.05
华脉科技,sh603042,21.83,22.95,22.95,16815500.0,21.82,9700,21.83,25700,-4.88,23.19,21.59,16815500,370020000.0,10.47,6.97,35.06,35.06,25.25,20.66,0.8
津药药业,sh600488,7.01,7.79,7.19,40200000.0,0.0,0,7.01,44246400,-10.01,7.2,7.01,40200000,284360000.0,3.68,2.44,76.54,76.54,8.57,7.01,0.21
中信银行,sh601998,8.1,8.14,8.16,42649800.0,8.09,199200,8.1,104900,-0.49,8.2,8.08,42649800,346590000.0,0.1,1.47,3301.8,4507.26,8.95,7.33,0.86
德美化工,sz002054,8.58,8.59,8.6,12450100.0,8.58,27900,8.59,1000,-0.12,8.75,8.51,12450100,107490000.0,3.24,2.79,32.95,41.37,9.45,7.73,0.71
天奇股份,sz002009,28.2,27.56,27.29,86125100.0,28.2,71100,28.21,98000,2.32,29.96,26.98,86125100,2444050000.0,24.33,10.81,99.84,113.43,30.32,24.8,1.42
海立股份,sh600619,18.3,17.79,17.93,46538700.0,18.29,26800,18.3,140200,2.87,18.96,17.69,46538700,854800000.0,5.9,7.14,144.42,196.42,19.57,16.01,1.94
爱克股份,sz300889,22.0,22.66,22.89,4675900.0,22.0,22500,22.01,23600,-2.91,22.9,21.85,4675900,103870000.0,3.19,4.63,32.2,48.45,27.19,18.13,0.75
镇海股份,sh603637,17.28,17.71,17.89,9340000.0,17.28,5400,17.29,4700,-2.43,17.89,16.96,9340000,162160000.0,3.91,5.25,41.24,41.24,19.48,15.94,0.83
大叶股份,sz300879,22.73,22.48,22.5,4355100.0,22.73,1700,22.75,300,1.11,23.36,22.2,4355100,99370000.0,2.17,5.16,45.69,46.01,26.98,17.98,1.07
三和管桩,sz003037,6.77,6.85,6.83,3991600.0,6.77,58500,6.79,18300,-1.17,6.85,6.76,3991600,27150000.0,0.67,1.31,40.56,40.56,7.54,6.17,0.69
博力威,sh688345,54.1,57.22,57.7,466160600.0,54.04,400,54.1,6400,-5.45,58.27,53.2,466160600,258350000.0,4.66,8.86,54.1,54.72,68.66,45.78,1.44
滨化股份,sh601678,5.81,5.28,5.81,98497600.0,5.81,11258400,0.0,0,10.04,5.81,5.81,98497600,572270000.0,4.82,0.0,118.72,119.5,5.81,4.75,1.37
佳先股份,bj920489,16.03,15.4,15.4,5933000.0,15.95,1000,16.03,11400,4.09,16.85,15.37,5933000,95937500.0,6.83,9.61,13.92,21.87,20.02,10.78,1.82
*ST九鼎,sh600053,9.7,10.21,10.18,14345300.0,0.0,0,9.7,38600,-5.0,10.26,9.7,14345300,141720000.0,3.31,5.48,42.05,42.05,10.72,9.7,0.89
常山药业,sz300255,41.9,42.51,42.29,16533800.0,41.9,29200,41.91,3600,-1.43,42.86,40.96,16533800,691330000.0,1.8,4.47,384.48,385.09,51.01,34.01,0.79
奥福科技,sh688021,28.08,28.59,28.7,249456600.0,28.08,3500,28.1,500,-1.78,28.93,27.79,249456600,70820000.0,3.26,3.99,21.46,21.46,34.31,22.87,0.8
有方科技,sh688159,63.75,68.31,69.99,1834727800.0,63.7,4000,63.75,3900,-6.68,73.58,62.33,1834727800,1252180000.0,19.79,16.47,59.11,59.23,81.97,54.65,1.37
永安林业,sz000663,6.62,6.73,6.74,6050900.0,6.62,37300,6.63,600,-1.63,6.76,6.58,6050900,40350000.0,1.98,2.67,20.28,22.29,7.4,6.06,1.05
ST智知,sh603869,11.22,10.91,10.88,1577200.0,11.21,5200,11.22,8100,2.84,11.22,10.82,1577200,17390000.0,0.32,3.67,55.44,55.44,11.46,10.36,0.92
中邮科技,sh688648,49.9,49.74,49.74,232343000.0,49.89,2000,49.9,100,0.32,51.38,48.32,232343000,115750000.0,3.34,6.15,34.69,67.86,59.69,39.79,0.83
蓝晓科技,sz300487,60.48,61.67,62.24,4742500.0,60.48,1600,60.59,1500,-1.93,62.4,59.89,4742500,288220000.0,1.54,4.07,186.29,307.93,74.0,49.34,1.14
XD道通科,sh688208,38.4,38.0,38.09,2037286900.0,38.39,1800,38.4,22700,1.05,39.65,36.5,2037286900,778670000.0,3.04,8.29,257.35,257.35,45.6,30.4,0.84
上海银行,sh601229,9.49,9.52,9.52,49161500.0,9.48,600,9.49,48700,-0.32,9.62,9.46,49161500,467870000.0,0.35,1.68,1348.44,1348.44,10.47,8.57,0.84
招商蛇口,sz001979,9.07,9.25,9.25,53439600.0,9.07,397100,9.08,54900,-1.95,9.29,8.99,53439600,487550000.0,0.64,3.24,763.11,817.75,10.18,8.33,0.63
东田微,sz301183,261.94,266.14,269.0,9672800.0,261.94,400,261.95,400,-1.58,283.5,258.02,9672800,2600770000.0,16.48,9.57,153.76,209.75,319.37,212.91,0.77
浪潮信息,sz000977,70.21,71.6,71.6,78827800.0,70.21,384400,70.22,35400,-1.94,72.72,69.84,78827800,5615730000.0,5.37,4.02,1029.86,1031.02,78.76,64.44,0.73
美亚光电,sz002690,16.14,16.42,16.5,8924800.0,16.14,101700,16.15,6300,-1.71,16.57,16.05,8924800,144520000.0,2.06,3.17,70.01,142.39,18.06,14.78,0.88
富信科技,sh688662,87.36,77.37,79.79,1565054000.0,87.28,100,87.36,5000,12.91,92.84,79.79,1565054000,1385350000.0,17.74,16.87,77.09,77.09,92.84,61.9,2.13
福能股份,sh600483,10.6,10.49,10.47,39579000.0,10.6,50600,10.61,21400,1.05,10.69,10.27,39579000,415780000.0,1.42,4.0,294.69,294.69,11.54,9.44,1.09
和顺科技,sz301237,71.0,72.66,72.52,2099200.0,70.99,1000,71.04,6700,-2.28,73.34,69.77,2099200,149460000.0,3.6,4.91,41.36,56.8,87.19,58.13,0.79
通威股份,sh600438,16.25,16.94,16.83,86166500.0,16.24,108900,16.25,82200,-4.07,16.9,16.1,86166500,1404650000.0,1.91,4.72,731.57,731.57,18.63,15.25,1.27
东吴证券,sh601555,8.18,8.46,8.45,54141500.0,8.18,64800,8.19,137700,-3.31,8.52,8.12,54141500,449090000.0,1.09,4.73,406.44,406.44,9.31,7.61,0.82
时代新材,sh600458,12.3,12.52,12.5,12972700.0,12.3,121700,12.31,27700,-1.76,12.58,12.14,12972700,160630000.0,1.5,3.51,106.05,114.48,13.77,11.27,0.94
惠泰医疗,sh688617,234.21,229.27,233.6,156444400.0,234.21,500,234.31,1400,2.15,239.25,229.5,156444400,368330000.0,1.11,4.25,330.33,330.33,275.12,183.42,1.13
海锅股份,sz301063,23.02,23.06,23.09,2085700.0,23.01,3000,23.02,2100,-0.17,23.56,22.95,2085700,48630000.0,2.16,2.65,22.25,24.02,27.67,18.45,0.95
深科达,sh688328,65.5,66.1,66.35,943546800.0,65.47,300,65.5,6300,-0.91,67.5,63.12,943546800,617990000.0,9.99,6.63,61.87,61.87,79.32,52.88,0.82
华菱钢铁,sz000932,4.32,4.49,4.48,100287600.0,4.31,576600,4.32,584200,-3.79,4.48,4.3,100287600,438600000.0,1.46,4.01,296.03,296.03,4.94,4.04,1.53
*ST大晟,sh600892,4.03,3.97,4.0,7272200.0,4.02,9200,4.03,118800,1.51,4.14,3.98,7272200,29440000.0,1.3,4.03,22.54,22.55,4.17,3.77,0.68
国脉文化,sh600640,12.56,12.68,12.73,9214400.0,12.55,37600,12.56,36000,-0.95,13.05,12.47,9214400,117550000.0,1.16,4.57,99.94,99.94,13.95,11.41,0.94
浙江众成,sz002522,6.89,7.23,7.28,102894600.0,6.89,110300,6.9,197100,-4.7,7.31,6.82,102894600,718300000.0,11.37,6.78,62.36,62.41,7.95,6.51,0.82
星球石墨,sh688633,38.6,36.0,36.45,1202524100.0,38.59,200,38.6,3600,7.22,39.73,36.17,1202524100,462170000.0,8.36,9.89,55.5,55.5,43.2,28.8,1.48
古汉医药,sz000590,10.46,10.67,10.75,4467000.0,10.46,12200,10.49,600,-1.97,10.77,10.4,4467000,47400000.0,1.87,3.47,25.04,25.05,11.74,9.6,1.29
中金岭南,sz000060,7.4,7.9,7.86,303621300.0,7.39,456200,7.4,89400,-6.33,7.91,7.32,303621300,2298950000.0,6.84,7.47,328.64,328.65,8.69,7.11,0.64
大东南,sz002263,3.94,4.03,4.07,104478400.0,3.93,603600,3.94,499700,-2.23,4.09,3.9,104478400,413890000.0,5.56,4.71,74.01,74.01,4.43,3.63,0.76
道明光学,sz002632,11.07,11.22,11.24,13049200.0,11.07,6700,11.08,6200,-1.34,11.39,11.02,13049200,145740000.0,2.27,3.3,63.59,69.14,12.34,10.1,0.68
睿创微纳,sh688002,134.66,139.99,140.56,1117851200.0,134.64,300,134.66,500,-3.81,140.98,133.6,1117851200,1527780000.0,2.4,5.27,627.16,627.16,167.99,111.99,1.15
特锐德,sz300001,36.05,37.29,36.7,48247700.0,36.04,77900,36.05,1900,-3.33,37.75,35.83,48247700,1754880000.0,4.66,5.15,373.08,380.52,44.75,29.83,0.86
艾比森,sz300389,15.32,15.57,15.56,7716000.0,15.32,2800,15.33,17500,-1.61,15.63,15.23,7716000,118960000.0,3.52,2.57,33.62,56.55,18.68,12.46,0.78
TCL科技,sz000100,4.18,4.28,4.31,676399300.0,4.18,6107900,4.19,482500,-2.34,4.33,4.17,676399300,2863650000.0,3.54,3.74,799.72,869.48,4.71,3.85,1.09
盈建科,sz300935,32.78,33.74,33.74,2052800.0,32.6,1700,32.78,200,-2.85,33.97,32.61,2052800,68290000.0,3.41,4.03,19.75,26.04,40.49,26.99,1.14
通富微电,sz002156,57.02,57.4,58.0,158313100.0,57.02,466100,57.03,61000,-0.66,60.12,55.24,158313100,9163760000.0,10.43,8.5,865.25,865.33,63.14,51.66,1.01
南亚新材,sh688519,181.5,180.6,181.0,705424700.0,181.4,4600,181.5,4300,0.5,189.6,173.44,705424700,1275090000.0,3.0,8.95,426.11,426.11,216.72,144.48,1.05
领湃科技,sz300530,23.48,23.68,24.04,1954000.0,23.48,2400,23.49,3300,-0.84,24.3,23.36,1954000,46390000.0,1.14,3.97,40.37,40.37,28.42,18.94,0.94
洁美科技,sz002859,51.51,53.8,53.04,12231300.0,51.5,7600,51.54,300,-4.26,54.5,50.69,12231300,631550000.0,3.01,7.08,209.08,222.12,59.18,48.42,0.95
海大集团,sz002311,47.6,47.62,47.17,12603700.0,47.6,1900,47.62,800,-0.04,48.25,46.22,12603700,599980000.0,0.77,4.26,782.62,783.2,52.38,42.86,0.73
广日股份,sh600894,8.61,8.79,8.81,11557900.0,8.6,3600,8.61,900,-2.05,8.84,8.54,11557900,100250000.0,1.37,3.41,72.59,73.33,9.67,7.91,1.13
迪贝电气,sh603320,26.18,24.65,24.68,9004900.0,26.16,300,26.18,32100,6.21,26.74,24.61,9004900,232390000.0,6.04,8.64,39.05,39.05,27.12,22.19,1.42
品茗科技,sh688109,94.86,95.1,95.62,127598600.0,94.86,3200,94.92,200,-0.25,95.96,92.69,127598600,120280000.0,1.62,3.44,74.79,74.79,114.12,76.08,0.56
智云股份,sz300097,10.37,10.61,10.6,13224000.0,10.37,9500,10.38,34500,-2.26,10.65,10.25,13224000,137240000.0,4.9,3.77,28.0,29.92,12.73,8.49,0.64
宏桥控股,sz002379,21.13,22.33,22.17,37156100.0,21.12,37300,21.13,15500,-5.37,22.17,20.9,37156100,794690000.0,3.27,5.69,240.12,2753.48,24.56,20.1,1.28
源杰科技,sh688498,1559.0,1635.0,1583.05,486498400.0,1558.0,400,1559.0,0,-4.65,1649.88,1515.0,486498400,7598910000.0,5.73,8.25,1322.63,1339.93,1962.0,1308.0,1.41
申能股份,sh600642,9.5,9.5,9.51,43591900.0,9.49,3700,9.5,53500,0.0,9.6,9.4,43591900,413760000.0,0.89,2.11,464.91,464.94,10.45,8.55,1.13
合康新能,sz300048,6.17,6.19,6.19,19802900.0,6.16,6200,6.17,37800,-0.32,6.27,6.08,19802900,122270000.0,1.75,3.07,69.74,69.87,7.43,4.95,0.89
四川双马,sz000935,32.73,33.35,33.26,9075400.0,32.73,4700,32.74,10000,-1.86,33.55,32.11,9075400,297240000.0,1.19,4.32,249.87,249.87,36.69,30.02,0.64
燕东微,sh688172,51.4,53.82,55.0,3444088900.0,51.4,59000,51.41,500,-4.5,55.88,50.39,3444088900,1810880000.0,4.43,10.2,399.99,733.8,64.58,43.06,1.46
万得凯,sz301309,37.34,36.58,36.52,4314300.0,37.34,3600,37.35,200,2.08,37.8,36.07,4314300,159620000.0,7.12,4.73,22.62,37.54,43.9,29.26,1.74
耐普矿机,sz300818,34.68,33.7,33.54,5570300.0,34.68,10800,34.7,1100,2.91,36.35,32.51,5570300,191530000.0,5.09,11.39,37.92,58.53,40.44,26.96,1.07
三人行,sh605168,60.67,60.5,60.49,13002000.0,60.66,31500,60.67,9400,0.28,62.2,59.0,13002000,787580000.0,6.17,5.29,127.9,127.9,66.55,54.45,0.82
*ST和科,sz002816,25.81,25.18,25.52,3229400.0,25.81,9700,25.83,1400,2.5,25.94,25.29,3229400,82820000.0,3.23,2.58,25.81,25.81,26.44,23.92,0.84
远翔新材,sz301300,40.45,40.61,40.8,908000.0,40.37,2000,40.53,500,-0.39,41.38,40.16,908000,37060000.0,2.34,3.0,15.68,26.25,48.73,32.49,0.87
航民股份,sh600987,6.89,6.93,6.95,8233200.0,6.89,152500,6.9,8300,-0.58,7.0,6.88,8233200,57160000.0,0.81,1.73,70.33,70.33,7.62,6.24,0.79
康盛股份,sz002418,5.94,6.07,6.16,135845600.0,5.94,218100,5.95,257900,-2.14,6.56,5.89,135845600,829290000.0,11.95,11.04,67.5,67.5,6.68,5.46,0.87
吉宏股份,sz002803,22.52,22.77,22.77,14762800.0,22.52,2500,22.53,32600,-1.1,23.07,22.01,14762800,331780000.0,5.11,4.66,65.01,101.43,25.05,20.49,0.9
新宏泰,sh603016,51.9,56.25,55.0,7774700.0,51.9,1400,51.93,3500,-7.73,56.25,50.85,7774700,412050000.0,5.25,9.6,76.9,76.9,61.88,50.63,1.78
华升股份,sh600156,13.1,14.19,14.88,125213600.0,13.09,2400,13.1,128900,-7.68,15.61,12.77,125213600,1812310000.0,31.14,20.01,52.68,52.68,15.61,12.77,3.49
金银河,sz300619,45.28,45.87,45.98,7237700.0,45.28,14800,45.29,1900,-1.29,46.78,44.81,7237700,330710000.0,4.94,4.29,66.33,78.79,55.04,36.7,0.58
盘古智能,sz301456,31.18,30.88,30.72,1704800.0,31.18,2600,31.19,10100,0.97,31.48,30.39,1704800,52750000.0,2.88,3.53,18.46,46.91,37.06,24.7,1.02
无锡银行,sh600908,5.59,5.63,5.62,17966500.0,5.59,27400,5.6,23600,-0.71,5.65,5.57,17966500,100700000.0,0.9,1.42,111.76,122.68,6.19,5.07,1.49
绿田机械,sh605259,18.88,19.1,19.1,1697000.0,18.88,10000,18.92,3500,-1.15,19.15,18.72,1697000,32220000.0,0.98,2.25,32.56,32.56,21.01,17.19,1.02
福昕软件,sh688095,77.73,77.35,77.03,237673700.0,77.73,800,77.74,4600,0.49,79.29,77.01,237673700,185530000.0,2.6,2.95,71.01,71.01,92.82,61.88,0.73
华勤技术,sh603296,113.85,114.7,116.99,16590700.0,113.85,800,113.86,2100,-0.74,119.8,112.15,16590700,1912970000.0,2.91,6.67,649.5,1223.07,126.17,103.23,0.72
航材股份,sh688563,58.46,59.1,59.38,322572300.0,58.41,600,58.46,800,-1.08,59.8,57.91,322572300,189560000.0,2.76,3.2,68.39,263.07,70.92,47.28,0.77
南芯科技,sh688484,45.73,47.2,47.62,1410021600.0,45.73,24500,45.74,2000,-3.11,48.0,45.18,1410021600,656570000.0,3.3,5.97,195.57,195.57,56.64,37.76,0.84
南大光电,sz300346,56.54,55.5,55.95,77387600.0,56.54,121900,56.55,28800,1.87,58.48,55.37,77387600,4399770000.0,11.8,5.6,370.9,390.78,66.6,44.4,1.37
君实生物-U,sh688180,38.55,39.29,39.22,1304253600.0,38.55,65000,38.56,7500,-1.88,39.47,38.27,1304253600,506640000.0,1.7,3.05,295.44,395.79,47.15,31.43,0.7
圣诺生物,sh688117,35.78,35.97,35.99,185096200.0,35.77,2000,35.78,1700,-0.53,36.5,35.62,185096200,66760000.0,1.18,2.45,56.31,56.31,43.16,28.78,0.45
福达合金,sh603045,69.93,69.4,69.0,16175700.0,69.93,23200,69.95,1000,0.76,72.65,67.79,16175700,1142890000.0,11.94,7.0,94.72,94.72,76.34,62.46,0.96
扬子新材,sz002652,6.18,6.19,6.19,30364900.0,6.17,8900,6.18,57500,-0.16,6.32,6.11,30364900,188260000.0,5.93,3.39,31.65,31.65,6.81,5.57,0.67
天能股份,sh688819,26.57,26.46,26.43,448021000.0,26.55,45600,26.57,1900,0.42,26.95,26.43,448021000,119350000.0,0.46,1.97,258.29,258.29,31.75,21.17,0.6
力鼎光电,sh605118,45.05,47.39,47.46,5842400.0,45.05,18500,45.1,400,-4.94,47.5,44.11,5842400,264370000.0,1.43,7.15,184.2,185.27,52.13,42.65,1.05
宏柏新材,sh605366,11.8,12.21,12.58,73266300.0,11.8,12900,11.81,22300,-3.36,13.23,11.57,73266300,889730000.0,9.44,13.6,91.58,91.58,13.43,10.99,1.71
金冠电气,sh688517,23.33,23.6,23.66,445597800.0,23.33,11100,23.34,200,-1.14,24.17,23.03,445597800,104940000.0,3.26,4.83,31.87,31.87,28.32,18.88,0.87
密封科技,sz301020,23.68,23.63,23.48,2084200.0,23.68,900,23.73,300,0.21,24.05,23.3,2084200,49510000.0,1.42,3.17,34.67,34.67,28.36,18.9,0.93
海南橡胶,sh601118,7.2,7.42,7.35,71271900.0,7.19,29900,7.2,53600,-2.96,7.4,7.1,71271900,513550000.0,1.67,4.04,308.12,308.12,8.16,6.68,1.01
云天化,sh600096,32.35,32.34,32.23,41393800.0,32.35,52600,32.36,3200,0.03,33.14,32.19,41393800,1352040000.0,2.27,2.94,589.74,589.74,35.57,29.11,1.02
招商积余,sz001914,9.95,10.21,10.25,8265700.0,9.95,7800,9.97,3300,-2.55,10.25,9.9,8265700,83050000.0,0.78,3.43,104.84,104.85,11.23,9.19,1.07
宁波色母,sz301019,23.52,23.6,23.65,2613700.0,23.51,6900,23.52,8300,-0.34,24.15,23.4,2613700,62140000.0,2.5,3.18,24.6,38.8,28.32,18.88,1.14
海宁皮城,sz002344,4.28,4.34,4.35,8154900.0,4.27,118700,4.28,77800,-1.38,4.36,4.25,8154900,35000000.0,0.64,2.53,54.84,54.9,4.77,3.91,0.55
雄韬股份,sz002733,27.11,27.02,27.1,15860100.0,27.11,49300,27.12,8100,0.33,27.55,26.68,15860100,429330000.0,4.3,3.22,100.0,104.16,29.72,24.32,0.69
亨通光电,sh600487,69.8,74.0,73.98,158376900.0,69.79,1600,69.8,27000,-5.68,74.51,67.97,158376900,11115660000.0,6.48,8.84,1706.74,1721.54,81.4,66.6,0.91
潍柴重机,sz000880,32.48,32.43,32.34,44243300.0,32.48,7000,32.49,50000,0.15,32.95,31.25,44243300,1428090000.0,19.49,5.24,73.74,150.66,35.67,29.19,1.45
思瑞浦,sh688536,296.4,295.14,295.14,785469400.0,296.3,200,296.4,100,0.43,310.25,290.57,785469400,2355600000.0,5.79,6.67,402.06,409.26,354.17,236.11,0.98
元利科技,sh603217,32.47,30.49,30.34,10074800.0,32.47,5400,32.49,700,6.49,33.24,30.32,10074800,318760000.0,4.84,9.58,67.57,67.57,33.54,27.44,2.08
南钢股份,sh600282,5.04,5.11,5.09,31576700.0,5.04,242900,5.05,13400,-1.37,5.14,5.03,31576700,160220000.0,0.51,2.15,310.72,310.72,5.62,4.6,0.74
四方光电,sh688665,51.85,51.16,51.51,118644100.0,51.85,300,51.88,300,1.35,52.8,50.8,118644100,61530000.0,1.17,3.91,52.47,52.47,61.39,40.93,1.19
新疆交建,sz002941,13.24,13.29,13.27,8585000.0,13.24,14800,13.25,76600,-0.38,13.38,13.12,8585000,113900000.0,1.18,1.96,96.62,96.62,14.62,11.96,0.72
北玻股份,sz002613,3.99,4.09,4.1,48665300.0,3.98,60800,3.99,154500,-2.44,4.13,3.95,48665300,195370000.0,6.29,4.4,30.87,43.91,4.5,3.68,0.59
明月镜片,sz301101,37.74,37.25,37.84,6293100.0,37.74,700,37.75,7600,1.32,38.45,36.96,6293100,238340000.0,3.3,4.0,72.04,76.05,44.7,29.8,2.11
志晟信息,bj920171,21.41,21.52,21.53,3374100.0,21.41,5800,21.42,5900,-0.51,22.16,21.08,3374100,73010800.0,4.99,5.02,14.48,21.46,27.97,15.07,0.64
德创环保,sh603177,11.4,11.64,11.56,3363200.0,11.4,1300,11.41,2400,-2.06,11.75,11.35,3363200,38700000.0,1.65,3.44,23.28,23.28,12.8,10.48,0.83
比亚迪,sz002594,96.3,98.73,98.0,46621700.0,96.3,130100,96.31,15100,-2.46,98.03,96.26,46621700,4507890000.0,1.34,1.79,3357.61,8779.86,108.6,88.86,1.16
兆易创新,sh603986,375.34,356.19,353.0,62436800.0,375.33,300,375.34,26200,5.38,384.0,345.48,62436800,22792200000.0,9.35,10.81,2506.69,2631.52,391.81,320.57,1.35
优彩资源,sz002998,9.35,9.46,9.46,9270300.0,9.34,400,9.35,5800,-1.16,9.53,9.26,9270300,87330000.0,3.43,2.85,25.29,33.18,10.41,8.51,0.7
新锐股份,sh688257,80.3,82.87,83.2,1032707600.0,80.28,2500,80.3,2500,-3.1,84.17,78.5,1032707600,833150000.0,4.09,6.84,202.68,202.68,99.44,66.3,0.81
蓝英装备,sz300293,20.12,19.74,19.48,14703700.0,20.12,103300,20.13,35500,1.93,20.48,19.45,14703700,295740000.0,4.34,5.22,68.09,68.09,23.69,15.79,1.55
宝钛股份,sh600456,33.76,34.4,34.48,9173600.0,33.76,12400,33.77,600,-1.86,34.65,33.55,9173600,311550000.0,1.92,3.2,161.3,161.3,37.84,30.96,0.77
华茂股份,sz000850,4.31,4.39,4.41,13215000.0,4.3,3300,4.31,86900,-1.82,4.42,4.28,13215000,57160000.0,1.4,3.19,40.66,40.67,4.83,3.95,1.09
泰坦科技,sh688133,22.38,22.98,22.98,480972900.0,22.38,1300,22.41,200,-2.61,23.49,22.2,480972900,110050000.0,2.92,5.61,36.8,36.8,27.58,18.38,1.31
一拖股份,sh601038,13.45,13.43,13.49,5198000.0,13.45,10000,13.46,14200,0.15,13.65,13.31,5198000,70010000.0,0.71,2.53,98.41,151.13,14.77,12.09,0.84
百济神州,sh688235,252.02,249.7,249.71,365597700.0,252.0,1800,252.02,10600,0.93,254.63,247.41,365597700,916960000.0,3.18,2.89,289.96,3884.68,299.64,199.76,0.68
ST中珠,sh600568,2.46,2.34,2.32,16913700.0,2.46,4476900,0.0,0,5.13,2.46,2.29,16913700,40360000.0,1.01,7.26,41.06,49.02,2.46,2.22,0.83
先河环保,sz300137,19.04,18.85,18.88,25824700.0,19.03,31100,19.04,45200,1.01,19.5,18.52,25824700,490570000.0,4.87,5.2,100.92,102.17,22.62,15.08,0.51
厦门国贸,sh600755,6.14,6.27,6.29,18734100.0,6.14,337300,6.15,59100,-2.07,6.29,6.13,18734100,115900000.0,0.88,2.55,130.91,131.25,6.9,5.64,0.95
华安证券,sh600909,5.71,5.87,5.87,91964200.0,5.7,395500,5.71,7600,-2.73,5.89,5.66,91964200,529510000.0,1.83,3.92,286.88,286.88,6.46,5.28,1.07
东微半导,sh688261,83.26,88.99,87.94,1046774300.0,83.26,5100,83.43,300,-6.44,91.5,82.2,1046774300,907060000.0,8.57,10.45,101.66,102.06,106.79,71.19,1.26
ST司特,sz002538,6.64,6.65,6.64,9123200.0,6.64,143500,6.65,53300,-0.15,6.72,6.59,9123200,60680000.0,1.07,1.95,56.64,56.68,6.98,6.32,0.61
福光股份,sh688010,33.65,33.75,33.53,479753400.0,33.6,68900,33.65,3800,-0.3,34.36,32.83,479753400,161510000.0,2.99,4.53,54.03,54.03,40.5,27.0,0.99
中原传媒,sz000719,13.81,13.98,13.98,5870600.0,13.81,9600,13.84,900,-1.22,14.16,13.73,5870600,81710000.0,0.88,3.08,92.13,141.3,15.38,12.58,0.93
久量股份,sz300808,26.1,26.82,26.8,2249300.0,26.06,1800,26.11,2100,-2.68,26.93,25.84,2249300,59090000.0,1.89,4.06,31.03,41.76,32.18,21.46,0.7
坤彩科技,sh603826,34.73,35.93,35.22,11703900.0,34.73,20500,34.74,39000,-3.34,35.92,33.5,11703900,407890000.0,1.79,6.74,227.55,227.55,39.52,32.34,0.89
传艺科技,sz002866,22.87,23.18,23.18,16067600.0,22.86,26300,22.87,19400,-1.34,23.7,22.57,16067600,370710000.0,8.87,4.87,41.44,66.21,25.5,20.86,0.43
海融科技,sz300915,25.0,25.29,25.55,1577100.0,24.99,600,25.0,1500,-1.15,25.55,24.55,1577100,39430000.0,2.74,3.95,14.38,31.46,30.35,20.23,1.25
博众精工,sh688097,62.1,65.96,66.8,1430739100.0,62.1,6100,62.13,1300,-5.85,66.98,60.71,1430739100,898780000.0,3.22,9.51,276.35,277.37,79.15,52.77,1.2
彤程新材,sh603650,57.58,56.62,56.66,23621300.0,57.58,83700,57.59,2500,1.7,59.5,56.5,23621300,1369580000.0,3.84,5.3,353.81,354.74,62.28,50.96,1.32
东诚药业,sz002675,12.55,12.72,12.71,8597100.0,12.55,40900,12.56,700,-1.34,12.81,12.5,8597100,108780000.0,1.16,2.44,93.29,103.49,13.99,11.45,0.76
盛和资源,sh600392,25.14,25.2,25.22,71448500.0,25.14,8200,25.15,42600,-0.24,26.18,24.84,71448500,1814330000.0,4.08,5.32,440.66,440.66,27.72,22.68,0.88
正帆科技,sh688596,48.0,46.15,46.0,4838906300.0,48.0,21800,48.01,22400,4.01,49.78,45.3,4838906300,2311460000.0,16.45,9.71,141.18,141.18,55.38,36.92,2.25
水发燃气,sh603318,10.98,11.23,11.01,81497200.0,10.98,96800,10.99,168900,-2.23,11.57,10.6,81497200,908280000.0,17.75,8.64,50.41,60.9,12.35,10.11,0.86
震裕科技,sz300953,228.99,224.5,226.01,8309200.0,228.99,14700,229.0,39900,2.0,237.77,224.14,8309200,1923540000.0,6.67,6.07,285.23,397.25,269.4,179.6,1.37
华测检测,sz300012,15.33,15.52,15.43,24656600.0,15.33,4900,15.35,4400,-1.22,15.76,15.19,24656600,380320000.0,1.72,3.67,219.41,257.98,18.62,12.42,1.01
中国中铁,sh601390,5.0,5.04,5.05,161184600.0,4.99,1367100,5.0,1691000,-0.79,5.06,4.99,161184600,807110000.0,0.79,1.39,1023.94,1234.31,5.54,4.54,1.09
索菲亚,sz002572,12.1,12.15,12.18,11617600.0,12.1,33100,12.11,56000,-0.41,12.23,11.91,11617600,139950000.0,1.78,2.63,78.83,116.53,13.37,10.94,1.05
天龙集团,sz300063,12.06,11.8,11.91,86480500.0,12.05,292400,12.06,40300,2.2,12.7,11.91,86480500,1063850000.0,13.8,6.69,75.56,91.48,14.16,9.44,0.96
百川畅银,sz300614,13.26,13.42,13.65,3934600.0,13.26,1800,13.28,5000,-1.19,13.66,13.15,3934600,52470000.0,2.45,3.8,21.27,21.27,16.1,10.74,1.28
广合科技,sz001389,180.68,186.0,186.81,7434900.0,180.6,100,180.68,5200,-2.86,188.8,176.9,7434900,1349460000.0,4.89,6.4,274.61,853.7,204.6,167.4,0.78
绿通科技,sz301322,41.5,42.4,42.42,3831700.0,41.5,1800,41.52,100,-2.12,43.62,41.25,3831700,161900000.0,3.98,5.59,39.93,59.2,50.88,33.92,1.27
同洲电子,sz002052,11.55,11.62,11.65,18057600.0,11.55,24200,11.56,5100,-0.6,11.87,11.46,18057600,210080000.0,2.62,3.53,79.62,86.91,12.78,10.46,0.64
西部矿业,sh601168,30.48,31.92,31.58,73523700.0,30.47,59200,30.48,95600,-4.51,31.58,30.0,73523700,2265650000.0,3.09,4.95,726.34,726.34,35.11,28.73,0.99
中国中车,sh601766,5.97,6.02,6.01,231437100.0,5.96,1450000,5.97,3400,-0.83,6.04,5.96,231437100,1388300000.0,0.95,1.33,1452.37,1713.32,6.62,5.42,0.68
思进智能,sz003025,14.54,14.2,14.15,7985600.0,14.53,12600,14.54,23800,2.39,14.76,14.11,7985600,115780000.0,3.53,4.58,32.92,41.29,15.62,12.78,1.39
格尔软件,sh603232,19.02,19.08,18.92,6625500.0,19.02,1200,19.03,2000,-0.31,19.6,18.89,6625500,127490000.0,2.86,3.72,43.99,44.52,20.99,17.17,0.83
三峰环境,sh601827,8.0,8.06,8.1,7924100.0,7.99,12700,8.0,9500,-0.74,8.1,7.96,7924100,63570000.0,0.47,1.74,133.75,133.75,8.87,7.25,1.24
河钢资源,sz000923,16.57,17.45,17.42,19006700.0,16.56,2600,16.57,15700,-5.04,17.45,16.5,19006700,320620000.0,3.03,5.44,104.04,108.16,19.2,15.71,1.35
莱伯泰科,sh688056,35.09,35.6,35.49,81225700.0,35.09,200,35.1,4400,-1.43,35.94,34.71,81225700,28660000.0,1.2,3.46,23.67,23.67,42.72,28.48,0.78
广立微,sz301095,114.09,106.95,109.67,17127100.0,114.01,100,114.09,11300,6.68,117.88,105.0,17127100,1919260000.0,9.9,12.04,197.4,228.5,128.34,85.56,1.37
海晨股份,sz300873,20.36,20.23,20.44,2248500.0,20.34,500,20.36,2800,0.64,20.78,20.21,2248500,46020000.0,1.34,2.82,34.11,46.95,24.28,16.18,0.94
双良节能,sh600481,6.76,6.96,6.89,315389700.0,6.75,404800,6.76,40200,-2.87,7.0,6.47,315389700,2119710000.0,15.28,7.61,139.54,139.54,7.66,6.26,2.35
新联电子,sz002546,8.23,8.45,8.4,21783900.0,8.23,55700,8.24,116500,-2.6,8.49,8.2,21783900,180580000.0,2.72,3.43,65.94,68.64,9.3,7.61,0.79
云维股份,sh600725,4.08,4.2,4.18,32935900.0,4.07,51700,4.08,93700,-2.86,4.19,3.93,32935900,132820000.0,2.67,6.19,50.28,50.28,4.62,3.78,1.17
和胜股份,sz002824,25.81,26.47,26.35,9888400.0,25.81,14300,25.82,400,-2.49,26.6,25.64,9888400,257770000.0,4.37,3.63,58.38,80.32,29.12,23.82,0.45
*ST原尚,sh603813,38.7,38.66,39.05,1009800.0,38.7,200,38.71,1500,0.1,39.48,38.27,1009800,39200000.0,0.96,3.13,40.64,40.64,40.59,36.73,0.96
特一药业,sz002728,9.51,9.69,9.67,10726000.0,9.51,19600,9.52,17500,-1.86,9.67,9.44,10726000,102570000.0,3.23,2.37,31.57,48.82,10.66,8.72,0.69
优德精密,sz300549,18.38,18.1,18.27,3017100.0,18.38,3000,18.39,1200,1.55,18.77,18.16,3017100,55520000.0,2.99,3.37,18.57,24.51,21.72,14.48,1.25
中联重科,sz000157,7.53,7.6,7.6,78607700.0,7.52,961600,7.53,32000,-0.92,7.67,7.51,78607700,595320000.0,1.11,2.11,532.35,651.23,8.36,6.84,0.47
中润光学,sh688307,127.21,131.18,131.18,564361800.0,127.21,7200,127.22,1700,-3.03,134.92,123.0,564361800,721020000.0,6.36,9.09,112.93,112.93,157.42,104.94,0.78
立方制药,sz003020,21.74,22.08,22.15,2064100.0,21.72,2000,21.74,1000,-1.54,22.3,21.58,2064100,45270000.0,1.5,3.26,29.86,41.35,24.29,19.87,1.11
滨江集团,sz002244,10.75,10.83,10.85,34281700.0,10.73,6600,10.75,21900,-0.74,11.03,10.65,34281700,370700000.0,1.24,3.51,296.44,334.48,11.91,9.75,0.55
TCL中环,sz002129,9.83,10.09,10.04,255439600.0,9.83,121600,9.84,51200,-2.58,10.26,9.35,255439600,2488370000.0,6.32,9.02,397.11,397.44,11.1,9.08,1.04
佳隆股份,sz002495,2.6,2.63,2.63,23190500.0,2.59,6000,2.6,61100,-1.14,2.64,2.57,23190500,60480000.0,3.34,2.66,18.04,24.33,2.89,2.37,1.24
紫建电子,sz301121,40.01,39.13,38.99,3245700.0,40.0,3900,40.01,5500,2.25,40.9,38.99,3245700,129780000.0,6.42,4.88,20.24,39.54,46.96,31.3,2.19
佐力药业,sz300181,14.81,14.84,14.81,6873100.0,14.81,7800,14.82,12100,-0.2,14.99,14.72,6873100,102140000.0,1.14,1.82,89.29,103.88,17.81,11.87,0.71
力聚热能,sh603391,62.85,63.34,64.61,755900.0,62.85,4100,62.9,300,-0.77,65.0,62.44,755900,47720000.0,3.32,4.04,14.3,57.19,69.67,57.01,0.73
松原安全,sz300893,24.48,22.91,22.9,9916500.0,24.48,14800,24.49,2000,6.85,24.75,22.71,9916500,239930000.0,3.95,8.9,61.41,115.79,27.49,18.33,4.1
辽宁成大,sh600739,11.35,11.67,11.64,14081400.0,11.34,5400,11.35,7400,-2.74,11.71,11.28,14081400,161540000.0,0.92,3.68,173.62,173.62,12.84,10.5,1.25
万顺新材,sz300057,8.26,8.68,8.61,69791400.0,8.25,10000,8.26,5100,-4.84,8.72,8.16,69791400,586700000.0,8.63,6.45,66.81,81.06,10.42,6.94,0.86
世纪恒通,sz301428,35.0,34.91,35.22,3527400.0,35.0,2900,35.01,200,0.26,35.99,34.8,3527400,125130000.0,5.76,3.41,21.42,34.53,41.89,27.93,0.65
宝地矿业,sh601121,7.14,7.35,7.34,12609800.0,7.14,7200,7.15,37500,-2.86,7.35,7.1,12609800,91080000.0,1.58,3.4,57.12,70.27,8.09,6.62,0.94
驰宏锌锗,sh600497,9.95,10.88,10.88,316231200.0,9.95,196700,9.96,680100,-8.55,10.96,9.9,316231200,3254580000.0,6.27,9.74,501.52,501.52,11.97,9.79,1.18
桐昆股份,sh601233,20.44,21.07,21.3,42071200.0,20.43,12300,20.44,3900,-2.99,21.75,20.29,42071200,872820000.0,1.77,6.93,485.38,486.27,23.18,18.96,0.97
宝新能源,sz000690,5.48,5.56,5.56,142096200.0,5.48,146100,5.49,274000,-1.44,5.59,5.38,142096200,777060000.0,6.53,3.78,119.16,119.24,6.12,5.0,0.86
达刚控股,sz300103,9.21,8.89,8.89,18484400.0,9.2,64300,9.21,26200,3.6,9.75,8.89,18484400,171460000.0,5.82,9.67,29.23,29.25,10.67,7.11,1.52
博深股份,sz002282,6.7,6.72,6.7,5210900.0,6.7,1900,6.71,7200,-0.3,6.78,6.64,5210900,34930000.0,1.03,2.08,33.84,35.3,7.39,6.05,1.12
苏州高新,sh600736,8.39,8.6,8.67,118983000.0,8.39,20000,8.4,109900,-2.44,8.97,8.35,118983000,1022870000.0,10.33,7.21,96.59,96.59,9.46,7.74,0.64
中威电子,sz300270,14.16,14.41,14.41,15629900.0,14.16,10600,14.17,9100,-1.73,14.6,13.88,15629900,221380000.0,5.99,5.0,36.95,42.88,17.29,11.53,0.85
东方电子,sz000682,13.03,13.3,13.38,32997800.0,13.02,14000,13.03,197100,-2.03,13.48,12.97,32997800,432990000.0,2.46,3.83,174.68,174.7,14.63,11.97,0.95
中国神华,sh601088,45.7,45.17,45.16,40667300.0,45.69,700,45.7,52600,1.17,45.9,44.77,40667300,1852790000.0,0.25,2.5,7536.4,9912.07,49.69,40.65,1.43
华蓝集团,sz301027,23.7,24.93,24.88,7998400.0,23.68,18100,23.7,14400,-4.93,25.16,23.45,7998400,193090000.0,6.6,6.86,28.72,34.84,29.92,19.94,1.03
国电电力,sh600795,4.92,4.93,4.92,207343500.0,4.91,793900,4.92,42000,-0.2,4.97,4.83,207343500,1014840000.0,1.16,2.84,877.51,877.51,5.42,4.44,0.84
中自科技,sh688737,28.73,28.57,28.43,221482800.0,28.73,2700,28.74,400,0.56,29.48,28.4,221482800,64080000.0,1.85,3.78,34.35,34.35,34.28,22.86,0.84
金杨精密,sz301210,42.53,41.35,41.55,3952200.0,42.53,400,42.54,500,2.85,43.67,41.31,3952200,168200000.0,9.09,5.71,18.49,48.75,49.62,33.08,1.04
港迪技术,sz301633,60.72,60.8,60.64,455000.0,60.72,900,60.75,100,-0.13,61.96,60.41,455000,27730000.0,1.78,2.55,15.49,33.81,72.96,48.64,0.87
艾华集团,sh603989,20.0,20.5,20.48,8307100.0,19.99,800,20.0,17700,-2.44,20.78,19.85,8307100,167650000.0,2.08,4.54,79.76,79.76,22.55,18.45,0.82
山东路桥,sz000498,5.35,5.45,5.45,13762600.0,5.35,28600,5.36,36000,-1.83,5.47,5.3,13762600,74170000.0,0.95,3.12,77.54,83.06,6.0,4.91,1.25
国瓷材料,sz300285,39.3,41.12,41.13,69071700.0,39.29,9800,39.3,77400,-4.43,41.88,38.92,69071700,2745770000.0,8.09,7.2,335.49,391.84,49.34,32.9,1.04
黑猫股份,sz002068,9.94,9.58,9.62,39394000.0,9.94,145800,9.95,83700,3.76,10.15,9.53,39394000,390330000.0,5.36,6.47,73.06,73.09,10.54,8.62,1.56
德尔股份,sz300473,31.8,31.96,32.06,6704900.0,31.78,1900,31.8,3400,-0.5,33.23,30.88,6704900,213990000.0,4.45,7.35,47.86,54.91,38.35,25.57,1.57
南方泵业,sz300145,5.08,5.09,5.11,93018000.0,5.08,120800,5.09,121500,-0.2,5.28,4.96,93018000,475970000.0,4.87,6.29,97.07,97.55,6.11,4.07,1.19
大为股份,sz002213,40.64,41.48,41.27,20449700.0,40.64,8300,40.65,3200,-2.03,42.15,40.07,20449700,838860000.0,9.9,5.01,83.98,96.51,45.63,37.33,0.62
普洛药业,sz000739,16.6,17.31,17.15,20383500.0,16.6,9700,16.61,1100,-4.1,17.37,16.42,20383500,343370000.0,1.76,5.49,192.23,192.3,19.04,15.58,0.99
重百集团,sh600729,20.0,20.31,20.36,4285000.0,20.0,7100,20.01,9700,-1.53,20.36,19.8,4285000,85960000.0,2.23,2.76,38.5,88.09,22.34,18.28,1.27
迈威生物-U,sh688062,34.34,34.65,34.5,799390600.0,34.31,3000,34.34,1700,-0.89,35.82,33.99,799390600,277300000.0,3.92,5.28,70.11,153.41,41.58,27.72,0.8
齐心集团,sz002301,8.18,7.86,7.91,58174600.0,8.17,34100,8.18,66300,4.07,8.64,7.91,58174600,486450000.0,8.1,9.29,58.73,59.0,8.65,7.07,2.46
德马科技,sh688360,19.9,19.19,19.23,648253500.0,19.9,10000,19.91,2500,3.7,20.29,19.21,648253500,128690000.0,2.57,5.63,50.2,52.49,23.03,15.35,1.57
青岛银行,sz002948,5.68,5.91,5.86,59515100.0,5.67,407900,5.68,111600,-3.89,5.88,5.67,59515100,340490000.0,1.91,3.55,176.79,330.6,6.5,5.32,1.22
苏美达,sh600710,11.88,12.09,12.09,18083900.0,11.87,22800,11.88,56900,-1.74,12.17,11.72,18083900,215530000.0,1.38,3.72,155.24,155.24,13.3,10.88,0.76
百龙创园,sh605016,27.25,28.38,28.34,5499100.0,27.23,1900,27.25,2600,-3.98,28.34,26.98,5499100,150920000.0,1.31,4.79,114.45,114.45,31.22,25.54,0.98
亚邦股份,sh603188,5.15,5.09,5.08,16960100.0,5.14,23300,5.15,59300,1.18,5.25,5.08,16960100,87950000.0,2.97,3.34,29.36,29.36,5.6,4.58,0.93
德石股份,sz301158,26.81,27.2,27.07,6608600.0,26.81,17600,26.84,5500,-1.43,27.5,26.59,6608600,178710000.0,4.51,3.35,39.27,40.31,32.64,21.76,1.03
峰岹科技,sh688279,234.67,229.23,229.6,287523200.0,234.0,300,234.67,3900,2.37,248.0,229.6,287523200,684600000.0,3.07,8.03,219.55,270.14,275.08,183.38,1.18
海亮股份,sz002203,21.19,21.71,21.61,43507600.0,21.18,3400,21.2,9700,-2.4,22.0,20.85,43507600,925910000.0,1.97,5.3,468.75,485.62,23.88,19.54,0.7
建发股份,sh600153,10.13,10.18,10.17,20675400.0,10.12,1900,10.13,37000,-0.49,10.27,10.07,20675400,209860000.0,0.71,1.96,293.72,293.72,11.2,9.16,0.56
江苏国信,sz002608,8.12,8.21,8.18,42032500.0,8.11,27000,8.12,49900,-1.1,8.28,7.9,42032500,339240000.0,1.11,4.63,306.78,306.78,9.03,7.39,0.89
银龙股份,sh603969,10.02,10.0,10.0,27624700.0,10.02,33900,10.03,7400,0.2,10.2,9.76,27624700,275560000.0,3.25,4.4,85.13,87.33,11.0,9.0,1.08
芯朋微,sh688508,90.53,91.1,91.82,1063582200.0,90.52,7800,90.53,5700,-0.63,97.59,89.7,1063582200,1000220000.0,8.03,8.66,119.88,119.88,109.32,72.88,0.98
胜科纳米,sh688757,35.6,34.66,34.66,1185983400.0,35.57,11200,35.6,34600,2.71,36.13,34.13,1185983400,417840000.0,6.54,5.77,64.51,143.58,41.59,27.73,0.87
电气风电,sh688660,11.9,12.07,12.3,2156919200.0,11.9,36500,11.91,5100,-1.41,12.43,11.71,2156919200,258410000.0,1.62,5.97,158.67,158.67,14.48,9.66,0.96
远东股份,sh600869,21.63,21.63,21.63,134319200.0,21.62,94300,21.63,197700,0.0,22.96,20.7,134319200,2925820000.0,6.05,10.45,480.05,480.05,23.79,19.47,1.18
智立方,sz301312,118.0,121.23,120.55,5193000.0,118.0,3300,118.01,400,-2.66,125.8,115.74,5193000,620780000.0,8.58,8.3,71.45,142.99,145.48,96.98,0.67
盐湖股份,sz000792,33.89,34.83,34.75,108361600.0,33.88,142100,33.89,215800,-2.7,34.88,33.61,108361600,3698540000.0,2.05,3.65,1793.3,1793.31,38.31,31.35,0.87
新莱福,sz301323,74.17,76.16,75.68,1859900.0,74.17,100,74.29,500,-2.61,76.15,73.12,1859900,138490000.0,2.75,3.98,50.11,78.32,91.39,60.93,0.58
新劲刚,sz300629,25.26,25.72,25.73,9512600.0,25.25,500,25.26,13500,-1.79,26.14,25.06,9512600,242440000.0,4.39,4.2,54.76,63.51,30.86,20.58,0.77
新雷能,sz300593,28.85,29.39,29.51,31214200.0,28.84,3300,28.85,29600,-1.84,29.9,27.8,31214200,896250000.0,6.93,7.15,129.9,156.51,35.27,23.51,1.15
久立特材,sz002318,28.32,28.75,28.8,12232600.0,28.29,1000,28.32,1300,-1.5,29.32,27.9,12232600,348790000.0,1.28,4.94,270.37,276.73,31.63,25.88,0.92
奥翔药业,sh603229,10.04,9.84,9.8,12474000.0,10.04,25000,10.05,4000,2.03,10.14,9.78,12474000,124490000.0,1.5,3.66,83.36,83.36,10.82,8.86,1.15
香农芯创,sz300475,190.4,200.5,200.1,50457600.0,190.4,8900,190.41,800,-5.04,202.28,186.9,50457600,9739000000.0,11.33,7.67,848.0,885.14,240.6,160.4,0.93
通合科技,sz300491,28.25,28.57,28.42,7007100.0,28.24,2100,28.25,11100,-1.12,28.99,27.96,7007100,199060000.0,4.44,3.61,44.63,50.19,34.28,22.86,0.86
中盐化工,sh600328,8.04,8.0,8.22,62743400.0,8.04,148800,8.05,14600,0.5,8.37,8.01,62743400,512080000.0,4.28,4.5,117.89,117.89,8.8,7.2,1.58
光智科技,sz300489,120.34,123.88,122.1,11858900.0,120.32,200,120.34,400,-2.86,125.8,117.1,11858900,1437000000.0,8.55,7.02,166.85,167.46,148.66,99.1,0.9
晶澳科技,sz002459,10.37,10.94,10.91,102257100.0,10.37,28300,10.38,147700,-5.21,10.93,10.32,102257100,1071540000.0,3.09,5.58,342.81,343.22,12.03,9.85,1.36
江苏华辰,sh603097,27.61,27.91,28.0,2504100.0,27.6,2300,27.61,15300,-1.07,28.17,27.31,2504100,69410000.0,1.56,3.08,44.31,45.6,30.7,25.12,0.77
振华科技,sz000733,44.87,46.12,46.08,14726300.0,44.86,37700,44.87,36800,-2.71,46.86,44.62,14726300,667730000.0,2.66,4.86,248.62,248.66,50.73,41.51,0.9
六九一二,sz301592,130.48,130.0,128.97,1429500.0,130.48,100,130.49,100,0.37,132.99,127.12,1429500,186730000.0,6.12,4.52,30.48,91.34,156.0,104.0,0.79
科泰电源,sz300153,31.8,31.75,31.65,30440300.0,31.8,29500,31.81,5700,0.16,33.23,31.41,30440300,982400000.0,9.56,5.73,101.23,101.76,38.1,25.4,1.09
美迪西,sh688202,65.97,65.95,65.95,665877800.0,65.96,900,65.97,6000,0.03,69.4,65.0,665877800,447810000.0,4.96,6.67,88.63,88.63,79.14,52.76,1.27
紫金矿业,sh601899,31.84,33.52,32.99,448282200.0,31.84,231900,31.85,200700,-5.01,33.0,31.5,448282200,14440320000.0,2.18,4.47,6559.61,8466.48,36.87,30.17,1.38
中农立华,sh603970,12.54,12.61,12.7,1799000.0,12.54,1200,12.59,4600,-0.56,12.76,12.49,1799000,22740000.0,0.67,2.14,33.71,33.71,13.87,11.35,0.8
聚石化学,sh688669,35.63,35.29,35.29,537285900.0,35.63,2200,35.65,200,0.96,36.13,34.36,537285900,190190000.0,4.43,5.02,43.23,43.23,42.35,28.23,1.2
沃特股份,sz002886,27.35,25.19,25.34,33410600.0,27.35,151200,27.36,14400,8.57,27.71,25.34,33410600,909790000.0,15.98,9.41,57.18,71.99,27.71,22.67,3.54
国信证券,sz002736,10.35,10.61,10.6,39522300.0,10.35,9500,10.36,139300,-2.45,10.61,10.3,39522300,412120000.0,0.41,2.92,994.89,1060.02,11.67,9.55,1.08
皖天然气,sh603689,8.47,8.53,8.54,7892200.0,8.47,4200,8.48,10000,-0.7,8.55,8.37,7892200,66820000.0,1.51,2.11,44.34,44.54,9.38,7.68,1.89
博亚精工,sz300971,25.0,24.85,24.99,3228300.0,24.98,1200,25.0,23400,0.6,25.43,24.71,3228300,80850000.0,3.5,2.9,23.06,29.4,29.82,19.88,0.84
科隆股份,sz300405,7.19,7.3,7.28,10045300.0,7.19,3600,7.2,100,-1.51,7.37,7.13,10045300,72800000.0,4.59,3.29,15.73,20.45,8.76,5.84,0.91
红星发展,sh600367,24.95,24.14,24.5,40786500.0,24.95,75500,24.96,76800,3.36,25.98,24.38,40786500,1030960000.0,12.67,6.63,80.33,85.11,26.55,21.73,1.1
ST通葡,sh600365,3.03,3.08,3.09,9340300.0,3.03,2900,3.04,4700,-1.62,3.09,3.0,9340300,28420000.0,2.19,2.92,12.95,13.76,3.23,2.93,1.07
华融化学,sz301256,14.43,14.75,14.75,22376800.0,14.43,33100,14.44,3700,-2.17,15.11,14.33,22376800,329260000.0,4.66,5.29,69.26,69.26,17.7,11.8,2.28
安徽凤凰,bj920000,15.93,15.75,15.78,845000.0,15.93,5800,16.02,3300,1.14,16.29,15.64,845000,13525500.0,1.47,4.13,9.17,14.6,20.47,11.03,1.02
金龙羽,sz002882,25.94,25.9,25.9,3820900.0,25.94,30000,25.95,15400,0.15,26.14,25.5,3820900,98580000.0,1.55,2.47,64.02,112.29,28.49,23.31,0.87
双箭股份,sz002381,6.46,6.48,6.51,6801800.0,6.45,300,6.46,18900,-0.31,6.57,6.39,6801800,44140000.0,2.12,2.78,20.7,26.59,7.13,5.83,1.14
南京高科,sh600064,7.81,7.92,7.92,21490400.0,7.81,14600,7.82,30900,-1.39,7.96,7.78,21490400,169160000.0,1.24,2.27,135.14,135.14,8.71,7.13,1.18
太阳纸业,sz002078,13.69,13.96,13.95,24363800.0,13.69,17300,13.7,3600,-1.93,14.06,13.64,24363800,335150000.0,0.88,3.01,380.22,382.57,15.36,12.56,1.02
嘉化能源,sh600273,8.03,8.03,8.05,20677400.0,8.03,10600,8.04,14600,0.0,8.16,7.99,20677400,166590000.0,1.58,2.12,105.3,105.3,8.83,7.23,1.05
雅克科技,sz002409,107.46,106.9,108.97,38260500.0,107.45,1600,107.46,100300,0.52,114.8,106.14,38260500,4197940000.0,12.01,8.1,342.28,511.43,117.59,96.21,1.59
凯赛生物,sh688065,45.88,47.0,47.1,779460700.0,45.86,500,45.88,4700,-2.38,47.43,45.83,779460700,361770000.0,1.34,3.4,267.65,330.93,56.4,37.6,1.31
日科化学,sz300214,8.91,9.22,9.19,25347900.0,8.9,20400,8.91,75400,-3.36,9.3,8.73,25347900,227090000.0,5.45,6.18,41.42,41.42,11.06,7.38,0.73
三力制药,sh603439,12.17,11.99,12.0,11682300.0,12.16,5500,12.17,11800,1.5,12.75,11.98,11682300,144550000.0,2.89,6.42,49.15,49.77,13.19,10.79,0.88
指南针,sz300803,99.46,101.71,101.72,23021800.0,99.46,12300,99.47,9700,-2.21,103.94,98.78,23021800,2319560000.0,3.8,5.07,602.07,606.5,122.05,81.37,0.94
财通证券,sh601108,8.24,8.48,8.49,59655900.0,8.24,56000,8.25,229000,-2.83,8.54,8.19,59655900,497590000.0,1.28,4.13,382.65,382.65,9.33,7.63,0.75
天士力,sh600535,14.64,14.78,14.79,9561700.0,14.63,20100,14.64,17200,-0.95,14.83,14.63,9561700,140670000.0,0.64,1.35,218.71,218.71,16.26,13.3,1.02
容大感光,sz300576,42.55,41.31,40.9,39301900.0,42.55,22000,42.56,26600,3.0,43.99,40.8,39301900,1681220000.0,17.06,7.72,98.02,155.89,49.57,33.05,1.98
芯联集成-U,sh688469,7.82,8.08,8.11,34572450700.0,7.81,257400,7.82,261000,-3.22,8.3,7.74,34572450700,2748050000.0,5.89,6.93,459.02,655.53,9.7,6.46,1.29
壹石通,sh688733,36.6,36.6,36.61,1115041800.0,36.58,4200,36.6,27300,0.0,38.5,36.26,1115041800,415340000.0,5.58,6.12,73.12,73.12,43.92,29.28,1.09
汇创达,sz300909,49.5,47.97,47.83,6694800.0,49.49,8600,49.5,7300,3.19,51.25,47.82,6694800,331410000.0,5.18,7.15,63.92,85.62,57.56,38.38,1.56
极米科技,sh688696,92.3,92.84,92.91,81749500.0,92.3,5200,92.52,300,-0.58,94.86,91.37,81749500,75940000.0,1.17,3.76,64.63,64.63,111.41,74.27,0.67
浙能电力,sh600023,6.07,6.03,6.0,95363400.0,6.07,438200,6.08,87200,0.66,6.11,5.92,95363400,573650000.0,0.71,3.15,813.91,813.91,6.63,5.43,1.24
崇达技术,sz002815,15.63,16.13,16.25,43420400.0,15.62,4500,15.63,97400,-3.1,16.45,15.41,43420400,685260000.0,5.59,6.45,121.47,192.9,17.74,14.52,0.81
蕾奥规划,sz300989,15.3,15.5,15.45,3149100.0,15.3,34400,15.31,3000,-1.29,15.62,14.97,3149100,48110000.0,1.93,4.19,24.93,32.28,18.6,12.4,0.6
首创证券,sh601136,16.09,16.4,16.4,11897800.0,16.08,75500,16.09,43400,-1.89,16.48,16.06,11897800,192840000.0,0.44,2.56,439.79,439.79,18.04,14.76,0.99
吉贝尔,sh688566,26.84,27.2,27.2,185014700.0,26.78,7100,26.84,18000,-1.32,27.34,26.37,185014700,49570000.0,0.93,3.57,53.53,53.53,32.64,21.76,1.14
鲁西化工,sz000830,15.01,14.9,14.9,30870300.0,15.01,18300,15.02,46100,0.74,15.33,14.9,30870300,466190000.0,1.62,2.89,285.82,285.84,16.39,13.41,0.92
京沪高铁,sh601816,4.96,4.95,4.94,188901200.0,4.96,720600,4.97,481100,0.2,5.0,4.93,188901200,937570000.0,0.39,1.41,2426.71,2426.71,5.45,4.46,0.73
中国建筑,sh601668,4.93,4.94,4.95,210218000.0,4.93,666300,4.94,4183200,-0.2,4.97,4.92,210218000,1038730000.0,0.51,1.01,2037.1,2037.1,5.43,4.45,0.9
国联股份,sh603613,26.98,26.77,26.76,16226400.0,26.97,14900,26.98,200,0.78,28.23,26.76,16226400,444910000.0,2.25,5.49,194.4,194.4,29.45,24.09,0.97
路维光电,sh688401,70.0,69.65,71.0,1103751800.0,70.0,23600,70.01,1000,0.5,74.5,69.3,1103751800,793410000.0,5.71,7.47,135.34,135.34,83.58,55.72,1.33
中国国贸,sh600007,21.05,21.02,21.13,2451700.0,21.05,7400,21.06,2900,0.14,21.34,20.82,2451700,51490000.0,0.24,2.47,212.03,212.03,23.12,18.92,0.85
顺钠股份,sz000533,13.63,14.35,14.36,79492900.0,13.62,49700,13.63,127300,-5.02,14.49,13.5,79492900,1096180000.0,11.61,6.9,93.35,94.16,15.79,12.92,0.95
威迈斯,sh688612,31.49,31.18,31.12,718762100.0,31.49,21500,31.5,8000,0.99,32.06,30.36,718762100,224770000.0,2.85,5.45,79.53,132.0,37.42,24.94,1.1
国安达,sz300902,17.25,17.5,17.5,2984200.0,17.25,8500,17.26,6900,-1.43,17.69,17.18,2984200,51940000.0,2.39,2.91,21.53,31.36,21.0,14.0,1.01
亿田智能,sz300911,35.0,36.83,36.21,9902000.0,35.0,2200,35.01,5800,-4.97,36.68,34.64,9902000,349890000.0,5.78,5.54,59.97,64.17,44.2,29.46,0.62
仙鹤股份,sh603733,21.06,21.38,21.38,3269200.0,21.06,25800,21.11,15200,-1.5,21.5,20.66,3269200,68680000.0,0.46,3.93,149.05,149.05,23.52,19.24,1.08
*ST京化,sh600889,15.25,15.06,14.98,6370300.0,15.24,200,15.25,60100,1.26,15.63,14.73,6370300,96850000.0,1.74,5.98,55.87,85.1,15.81,14.31,1.36
好利科技,sz002729,20.91,19.01,19.01,22469500.0,20.91,3463900,0.0,0,9.99,20.91,19.01,22469500,461270000.0,12.81,9.99,36.69,38.26,20.91,17.11,1.67
世华科技,sh688093,32.92,33.68,33.63,385927400.0,32.92,3400,33.0,5500,-2.26,33.76,32.71,385927400,128160000.0,1.38,3.12,92.3,92.3,40.42,26.94,1.08
大博医疗,sz002901,40.44,40.53,40.54,1343500.0,40.4,16500,40.44,3100,-0.22,40.88,40.0,1343500,54440000.0,0.47,2.17,116.65,167.43,44.58,36.48,0.7
沪电股份,sz002463,102.99,107.02,106.9,62758400.0,102.98,5900,102.99,14900,-3.77,108.0,101.8,62758400,6536410000.0,3.26,5.79,1980.3,1981.9,117.72,96.32,0.94
招商轮船,sh601872,17.44,18.0,17.9,117786100.0,17.44,110900,17.45,111300,-3.11,17.98,17.26,117786100,2074590000.0,1.46,4.0,1408.2,1408.2,19.8,16.2,0.64
建发致新,sz301584,25.73,25.55,25.55,2238400.0,25.72,100,25.73,14400,0.7,26.25,25.3,2238400,57620000.0,4.17,3.72,13.82,108.4,30.66,20.44,0.79
联合化学,sz301209,89.28,91.66,91.5,1692900.0,89.1,200,89.29,100,-2.6,93.08,87.86,1692900,153190000.0,1.77,5.69,85.43,99.99,109.99,73.33,1.28
光力科技,sz300480,38.9,39.42,39.01,47835600.0,38.9,14400,38.91,88300,-1.32,41.2,37.51,47835600,1866040000.0,17.71,9.36,105.09,144.02,47.3,31.54,1.63
恒烁股份,sh688416,120.63,122.3,121.74,584545200.0,120.63,2100,120.67,200,-1.37,126.0,116.0,584545200,708930000.0,7.04,8.18,100.13,100.13,146.76,97.84,0.93
*ST美丽,sz000010,2.7,2.6,2.61,60419300.0,2.7,199800,2.71,90100,3.85,2.73,2.6,60419300,162560000.0,6.96,5.0,23.44,31.04,2.73,2.47,0.82
藏格矿业,sz000408,83.71,87.68,87.01,21036400.0,83.7,800,83.71,30800,-4.53,87.65,83.49,21036400,1788890000.0,1.34,4.74,1314.42,1314.44,96.45,78.91,1.22
西藏天路,sh600326,8.89,9.15,9.15,33146600.0,8.88,165500,8.89,104700,-2.84,9.18,8.85,33146600,298080000.0,2.43,3.61,121.12,121.12,10.07,8.24,1.23
恒勃股份,sz301225,121.53,116.05,116.95,4692100.0,121.53,7800,121.78,400,4.72,129.5,115.79,4692100,577320000.0,15.7,11.81,36.32,125.64,139.26,92.84,1.53
宏润建设,sz002062,9.75,9.66,9.65,34351200.0,9.74,8600,9.75,5700,0.93,10.02,9.4,34351200,335280000.0,3.05,6.42,109.66,120.63,10.63,8.69,0.8
鲁抗医药,sh600789,8.26,8.22,8.22,12321600.0,8.25,82100,8.26,169400,0.49,8.27,8.14,12321600,101230000.0,1.37,1.58,74.23,86.33,9.04,7.4,0.44
物产中大,sh600704,5.0,5.1,5.1,72169900.0,5.0,3719800,5.01,547600,-1.96,5.11,4.97,72169900,363210000.0,1.4,2.75,258.56,258.56,5.61,4.59,1.37
日月股份,sh603218,12.6,12.82,12.8,16318200.0,12.6,58400,12.61,81700,-1.72,12.85,12.4,16318200,205190000.0,1.59,3.51,129.53,129.82,14.1,11.54,0.88
豪江智能,sz301320,16.89,16.71,16.71,3378600.0,16.88,25000,16.89,1300,1.08,17.26,16.71,3378600,57140000.0,4.95,3.29,11.52,30.74,20.05,13.37,1.24
顺博合金,sz002996,7.09,7.25,7.25,12457100.0,7.09,75300,7.1,74600,-2.21,7.27,7.03,12457100,89020000.0,2.99,3.31,29.52,47.46,7.98,6.53,1.09
明星电力,sh600101,9.98,10.05,10.0,27174100.0,9.98,29200,9.99,71800,-0.7,10.14,9.87,27174100,271260000.0,4.96,2.69,54.68,54.68,11.06,9.05,0.78
交通银行,sh601328,6.72,6.73,6.73,159331300.0,6.72,381500,6.73,259100,-0.15,6.78,6.69,159331300,1072290000.0,0.61,1.34,1752.07,5938.05,7.4,6.06,1.06
青云科技-U,sh688316,73.5,74.87,74.03,391958900.0,73.5,100,73.51,2100,-1.83,77.19,72.2,391958900,291880000.0,8.18,6.66,35.21,35.21,89.84,59.9,0.89
世运电路,sh603920,63.92,63.3,63.35,56039900.0,63.92,40500,63.93,7400,0.98,66.68,60.32,56039900,3566680000.0,7.78,10.05,460.6,460.6,69.63,56.97,0.97
醋化股份,sh603968,11.75,11.9,11.85,3536800.0,11.75,25500,11.76,7700,-1.26,11.94,11.66,3536800,41830000.0,1.73,2.35,24.03,24.03,13.09,10.71,0.76
海泰新光,sh688677,123.1,142.0,132.0,623556800.0,123.1,2700,123.19,500,-13.31,139.84,121.0,623556800,807620000.0,5.2,13.27,147.57,147.57,170.4,113.6,1.3
国际实业,sz000159,6.9,6.89,6.79,85534100.0,6.9,711200,6.91,40600,0.15,7.19,6.65,85534100,594190000.0,17.79,7.84,33.17,33.17,7.58,6.2,3.27
海星股份,sh603115,75.7,70.45,70.41,10675300.0,75.7,5800,75.72,200,7.45,76.55,69.0,10675300,792760000.0,4.41,10.72,183.11,183.11,77.5,63.41,1.26
金岭矿业,sz000655,7.74,7.94,7.92,10414300.0,7.73,1500,7.74,33400,-2.52,7.96,7.68,10414300,81160000.0,1.75,3.53,46.08,46.08,8.73,7.15,1.24
欣贺股份,sz003016,8.14,8.14,8.2,3707600.0,8.14,3900,8.15,10000,0.0,8.28,8.08,3707600,30290000.0,0.9,2.46,33.45,34.23,8.95,7.33,0.91
燕麦科技,sh688312,86.0,88.68,89.1,995703700.0,85.85,500,86.0,1200,-3.02,93.11,84.39,995703700,882600000.0,6.79,9.83,126.17,126.17,106.42,70.94,1.23
南京银行,sh601009,11.22,11.26,11.25,40381900.0,11.21,200,11.22,93300,-0.36,11.33,11.15,40381900,452610000.0,0.33,1.6,1387.19,1387.19,12.39,10.13,0.92
金风科技,sz002202,25.09,26.03,25.9,173612800.0,25.09,283600,25.1,79800,-3.61,26.35,24.83,173612800,4393900000.0,5.16,5.84,843.9,1059.75,28.63,23.43,0.82
*ST天择,sh603721,24.82,24.43,24.53,2330700.0,24.81,1100,24.82,300,1.6,25.0,24.1,2330700,57310000.0,1.79,3.68,32.27,32.27,25.65,23.21,0.64
南京聚隆,sz300644,29.08,28.31,28.59,4470300.0,29.08,2000,29.09,5100,2.72,29.92,28.58,4470300,131130000.0,5.05,4.73,25.77,32.18,33.97,22.65,1.82
力生制药,sz002393,15.94,15.9,15.9,2477600.0,15.93,8700,15.94,3600,0.25,16.08,15.82,2477600,39560000.0,0.83,1.64,47.85,49.25,17.49,14.31,0.74
欧圣电气,sz301187,21.43,21.14,21.08,4771800.0,21.43,9800,21.44,2500,1.37,21.75,20.95,4771800,102270000.0,1.87,3.78,54.63,54.63,25.37,16.91,1.67
农业银行,sh601288,6.67,6.76,6.74,382852900.0,6.66,1365000,6.67,2999000,-1.33,6.78,6.65,382852900,2561710000.0,0.12,1.92,21293.59,23343.87,7.44,6.08,1.12
天安新材,sh603725,10.29,10.46,10.45,12484800.0,10.29,8900,10.3,6000,-1.63,10.66,10.15,12484800,129320000.0,4.36,4.88,29.5,31.37,11.51,9.41,1.63
第一医药,sh600833,11.57,11.78,11.78,2650400.0,11.57,3200,11.58,8700,-1.78,11.8,11.52,2650400,30870000.0,1.19,2.38,25.81,25.81,12.96,10.6,0.85
*ST宝实,sz000595,7.6,7.24,7.19,31774500.0,7.6,1921800,0.0,0,4.97,7.6,7.19,31774500,235770000.0,2.79,5.66,86.54,86.54,7.6,6.88,1.4
中信证券,sh600030,26.35,26.66,26.76,132231800.0,26.35,50300,26.36,356700,-1.16,26.8,26.18,132231800,3503090000.0,1.09,2.33,3208.52,3905.21,29.33,23.99,0.91
科华数据,sz002335,67.82,65.8,66.83,47435400.0,67.82,2200,67.83,1100,3.07,68.68,65.9,47435400,3202570000.0,10.43,4.22,308.36,349.55,72.38,59.22,0.97
三柏硕,sz001300,17.92,18.04,18.03,2676600.0,17.92,10100,17.93,700,-0.67,18.27,17.7,2676600,48070000.0,1.1,3.16,43.68,43.68,19.84,16.24,0.7
通宝能源,sh600780,7.04,7.27,7.16,48067700.0,7.04,3800,7.05,47100,-3.16,7.25,6.92,48067700,339010000.0,4.19,4.54,80.71,80.71,8.0,6.54,0.91
海油发展,sh600968,4.16,4.19,4.18,50328400.0,4.15,743900,4.16,104900,-0.72,4.2,4.13,50328400,209540000.0,0.5,1.67,422.87,422.87,4.61,3.77,1.0
*ST柳化,sh600423,2.92,2.88,2.91,11882100.0,2.91,161200,2.92,72300,1.39,2.97,2.88,11882100,34800000.0,1.49,3.13,23.32,23.32,3.02,2.74,0.76
中国化学,sh601117,8.1,8.24,8.24,107224300.0,8.09,1080600,8.1,16200,-1.7,8.27,8.08,107224300,872290000.0,1.77,2.31,491.64,494.64,9.06,7.42,0.97
升达林业,sz002259,5.38,5.64,5.63,31628100.0,5.38,82600,5.39,18300,-4.61,5.66,5.3,31628100,171210000.0,4.2,6.38,40.48,40.48,6.2,5.08,0.59
药石科技,sz300725,38.0,37.68,37.68,8828400.0,38.0,3300,38.01,1000,0.85,38.88,37.65,8828400,338050000.0,4.36,3.26,77.03,88.85,45.22,30.14,0.8
润泽科技,sz300442,102.46,99.67,102.07,125948000.0,102.46,97500,102.47,2000,2.8,110.98,100.62,125948000,13359590000.0,7.73,10.39,1669.92,1674.55,119.6,79.74,1.5
佰奥智能,sz300836,69.23,68.22,68.16,2208200.0,69.23,300,69.24,1000,1.48,71.36,66.45,2208200,151960000.0,3.48,7.2,43.93,64.17,81.86,54.58,0.66
伊之密,sz300415,26.81,26.23,26.21,10789300.0,26.8,1100,26.81,10200,2.21,27.49,26.21,10789300,290810000.0,2.38,4.88,121.47,125.62,31.48,20.98,0.81
同和药业,sz300636,7.37,7.49,7.48,5666100.0,7.37,2100,7.38,1100,-1.6,7.52,7.34,5666100,42030000.0,1.54,2.4,27.07,30.95,8.99,5.99,0.78
概伦电子,sh688206,36.2,36.05,35.72,943315000.0,36.07,1000,36.2,37500,0.42,36.82,34.77,943315000,337840000.0,2.17,5.69,157.53,157.53,43.26,28.84,1.09
海南华铁,sh603300,6.57,6.6,6.62,71182800.0,6.57,51800,6.58,361200,-0.45,6.76,6.54,71182800,473200000.0,3.57,3.33,131.04,131.04,7.26,5.94,0.96
三旺通信,sh688618,42.16,42.65,42.95,356108300.0,42.13,500,42.16,1800,-1.15,43.77,41.24,356108300,151220000.0,3.24,5.93,46.4,46.45,51.18,34.12,0.65
雷迪克,sz300652,46.98,44.9,44.69,6271100.0,46.98,500,46.99,4100,4.63,47.77,44.58,6271100,292400000.0,5.24,7.1,56.24,62.67,53.88,35.92,0.96
五洲特纸,sh605007,14.96,15.29,15.2,5725200.0,14.95,600,14.96,31000,-2.16,15.28,14.8,5725200,85640000.0,1.43,3.14,60.07,71.17,16.82,13.76,0.92
泰恩康,sz301263,26.9,27.01,27.01,3591600.0,26.9,3300,26.94,1200,-0.41,27.38,26.74,3591600,97250000.0,1.18,2.37,81.66,114.46,32.41,21.61,0.84
大西洋,sh600558,5.73,5.72,5.7,15889500.0,5.72,8200,5.73,19100,0.17,5.8,5.65,15889500,91000000.0,1.77,2.62,51.43,51.43,6.29,5.15,0.94
上海电力,sh600021,16.94,17.54,17.39,70934800.0,16.93,166500,16.94,61400,-3.42,17.39,16.78,70934800,1206170000.0,2.51,3.48,477.92,477.92,19.29,15.79,1.05
工商银行,sh601398,7.24,7.3,7.29,275804900.0,7.24,416200,7.25,2738800,-0.82,7.34,7.23,275804900,2004130000.0,0.1,1.51,19519.92,25803.81,8.03,6.57,0.9
ST金花,sh600080,5.93,5.8,5.84,9317500.0,5.92,26200,5.94,37700,2.24,6.01,5.81,9317500,55150000.0,2.5,3.45,22.13,22.13,6.09,5.51,0.55
满坤科技,sz301132,35.87,37.11,37.19,5016500.0,35.85,200,35.87,700,-3.34,37.56,35.2,5016500,182000000.0,5.3,6.36,33.98,53.12,44.53,29.69,1.22
海兴电力,sh603556,27.85,28.59,28.38,5769100.0,27.85,54800,27.86,1700,-2.59,28.58,27.77,5769100,161860000.0,1.19,2.83,135.42,135.42,31.45,25.73,0.8
北方稀土,sh600111,53.78,53.27,53.3,161201900.0,53.78,501400,53.79,60000,0.96,55.88,52.42,161201900,8712080000.0,4.46,6.5,1944.18,1944.18,58.6,47.94,0.87
中熔电气,sz301031,175.48,168.61,170.1,5451900.0,175.45,1100,175.48,1100,4.07,179.0,166.72,5451900,943710000.0,7.01,7.28,136.38,173.44,202.33,134.89,1.12
银星能源,sz000862,6.95,7.12,7.14,52647100.0,6.95,135900,6.96,66500,-2.39,7.17,6.87,52647100,366620000.0,8.38,4.21,43.64,63.8,7.83,6.41,0.73
华鲁恒升,sh600426,34.31,33.97,34.11,24418200.0,34.31,2900,34.32,7500,1.0,34.99,33.53,24418200,839070000.0,1.15,4.3,725.68,725.77,37.37,30.57,0.96
波导股份,sh600130,6.39,5.89,5.85,208278500.0,6.39,130900,6.4,79200,8.49,6.48,5.78,208278500,1327540000.0,27.77,11.88,47.92,47.92,6.48,5.3,1.24
新农股份,sz002942,18.88,19.27,19.21,1979700.0,18.85,200,18.88,3800,-2.02,19.44,18.72,1979700,37710000.0,1.43,3.74,26.2,29.43,21.2,17.34,1.25
天山电子,sz301379,29.23,29.92,29.94,10241400.0,29.23,2700,29.24,18700,-2.31,30.39,28.99,10241400,302600000.0,6.66,4.68,44.94,57.95,35.9,23.94,0.82
惠柏新材,sz301555,39.97,39.24,39.33,6471100.0,39.97,5900,39.98,3000,1.86,40.98,39.25,6471100,261200000.0,13.39,4.41,19.32,36.88,47.09,31.39,1.8
久盛电气,sz301082,11.93,12.27,12.2,8323500.0,11.91,2500,11.93,9500,-2.77,12.35,11.83,8323500,99960000.0,3.05,4.24,32.53,35.1,14.72,9.82,1.27
长城证券,sz002939,9.18,9.47,9.47,64810900.0,9.18,20100,9.19,62800,-3.06,9.55,9.12,64810900,602590000.0,1.8,4.54,330.72,370.36,10.42,8.52,0.81
佰仁医疗,sh688198,94.16,96.24,95.8,60262500.0,94.16,400,94.18,500,-2.16,96.79,93.88,60262500,57370000.0,0.44,3.02,129.7,129.7,115.49,76.99,0.73
锦盛新材,sz300849,24.9,25.2,25.29,3220600.0,24.9,200,24.91,200,-1.19,25.5,24.62,3220600,80540000.0,2.92,3.49,27.46,37.35,30.24,20.16,0.72
佛燃能源,sz002911,11.87,12.06,11.98,8953300.0,11.87,12100,11.88,2500,-1.58,12.05,11.8,8953300,106350000.0,0.71,2.07,150.4,154.09,13.27,10.85,1.06
三七互娱,sz002555,21.05,21.2,21.3,35361900.0,21.04,28100,21.05,47100,-0.71,21.49,20.92,35361900,749020000.0,2.23,2.69,334.14,465.68,23.32,19.08,0.8
莱特光电,sh688150,58.55,57.5,57.51,1281059100.0,58.51,500,58.55,30300,1.83,60.3,57.33,1281059100,753010000.0,3.18,5.17,235.63,235.63,69.0,46.0,0.75
特变电工,sh600089,26.92,27.76,27.7,200118300.0,26.92,325200,26.93,121700,-3.03,27.92,26.81,200118300,5421920000.0,3.96,4.0,1360.21,1360.21,30.54,24.98,0.72
荣昌生物,sh688331,114.66,115.8,115.63,673436600.0,114.65,2500,114.66,5800,-0.98,117.5,113.22,673436600,775340000.0,4.13,3.7,187.0,647.23,138.96,92.64,0.58
新兴铸管,sz000778,4.24,4.3,4.32,47915900.0,4.23,542500,4.24,206000,-1.4,4.33,4.21,47915900,203910000.0,1.23,2.79,165.09,168.04,4.73,3.87,0.87
德冠新材,sz001378,28.36,28.32,28.46,3401500.0,28.35,1300,28.36,600,0.14,29.13,28.2,3401500,97210000.0,5.24,3.28,18.4,37.81,31.15,25.49,1.11
梦天家居,sh603216,27.95,28.77,28.8,6091800.0,27.95,22000,27.98,200,-2.85,29.2,27.62,6091800,172350000.0,2.74,5.49,62.24,62.24,31.65,25.89,0.91
三达膜,sh688101,19.26,20.1,19.98,700425300.0,19.25,1900,19.26,6200,-4.18,20.11,19.11,700425300,136870000.0,2.11,4.98,63.95,63.95,24.12,16.08,0.83
隆华科技,sz300263,13.74,11.45,12.5,234568300.0,13.74,580100,0.0,0,20.0,13.74,12.4,234568300,3139880000.0,24.05,11.7,134.04,142.21,13.74,9.16,5.0
中国交建,sh601800,6.69,6.78,6.78,43737700.0,6.69,49200,6.7,559000,-1.33,6.78,6.66,43737700,293720000.0,0.37,1.77,788.33,1088.77,7.46,6.1,0.82
凯恩股份,sz002012,7.08,7.01,7.03,16544000.0,7.08,47800,7.09,4100,1.0,7.24,6.96,16544000,117680000.0,3.54,3.99,33.11,33.11,7.71,6.31,1.19
拓尔思,sz300229,18.69,18.57,18.6,29100700.0,18.68,173900,18.69,77700,0.65,19.32,18.57,29100700,551110000.0,3.33,4.04,163.17,163.28,22.28,14.86,0.98
宿迁联盛,sh603065,8.09,8.08,8.08,4212900.0,8.09,53000,8.1,74600,0.12,8.19,8.01,4212900,34120000.0,1.01,2.23,33.89,33.89,8.89,7.27,1.06
汇川技术,sz300124,77.32,74.42,74.49,71909600.0,77.32,18600,77.33,10600,3.9,79.88,74.49,71909600,5585110000.0,2.98,7.24,1863.53,2093.4,89.3,59.54,1.51
国元证券,sz000728,7.03,7.19,7.18,46366100.0,7.02,916800,7.03,203200,-2.23,7.2,6.99,46366100,328960000.0,1.06,2.92,306.77,306.77,7.91,6.47,1.32
奇德新材,sz300995,37.8,34.79,34.79,7511400.0,37.8,26400,37.81,200,8.65,40.1,34.58,7511400,285550000.0,12.51,15.87,22.7,31.81,41.75,27.83,3.7
衢州东峰,sh601515,4.66,4.78,4.84,43244600.0,4.66,239100,4.67,55900,-2.51,4.89,4.62,43244600,204470000.0,2.25,5.65,89.68,89.68,5.26,4.3,0.66
瑞华技术,bj920099,29.67,29.67,29.35,860700.0,29.57,1700,29.67,4500,0.0,30.54,29.32,860700,25719400.0,1.78,4.11,14.38,23.26,38.57,20.77,1.2
怡合达,sz301029,30.47,28.49,28.65,28670000.0,30.46,4600,30.47,23300,6.95,31.46,28.55,28670000,867660000.0,6.21,10.21,140.74,193.24,34.19,22.79,2.45
中船防务,sh600685,30.71,31.15,31.18,18894600.0,30.71,10500,30.72,18200,-1.41,31.84,30.41,18894600,588120000.0,2.3,4.59,252.26,434.09,34.27,28.04,0.87
三棵树,sh603737,41.16,43.1,43.1,8453200.0,41.16,4100,41.17,300,-4.5,43.6,40.79,8453200,352070000.0,1.15,6.52,303.69,303.69,47.41,38.79,1.83
福赛科技,sz301529,162.8,149.25,150.96,5927000.0,162.8,2400,162.98,300,9.08,169.0,147.68,5927000,944000000.0,13.1,14.28,73.65,138.11,179.1,119.4,1.6
新巨丰,sz301296,7.43,7.5,7.54,2998200.0,7.43,24500,7.46,49000,-0.93,7.55,7.38,2998200,22390000.0,0.7,2.27,31.73,31.74,9.0,6.0,1.01
诺力股份,sh603611,19.14,18.9,18.86,3353000.0,19.14,2200,19.15,3200,1.27,19.44,18.76,3353000,64160000.0,1.3,3.6,49.3,49.3,20.79,17.01,0.77
华大九天,sz301269,95.67,94.27,94.65,11145400.0,95.66,5600,95.67,1100,1.49,98.28,92.72,11145400,1064980000.0,2.04,5.9,521.82,521.82,113.12,75.42,1.07
中原高速,sh600020,3.92,3.91,3.91,14540300.0,3.92,78300,3.93,242800,0.26,3.95,3.86,14540300,56920000.0,0.65,2.3,88.1,88.1,4.3,3.52,1.09
创新新材,sh600361,4.25,4.38,4.36,62727100.0,4.24,162500,4.25,165500,-2.97,4.38,4.22,62727100,269320000.0,1.68,3.65,158.64,158.64,4.82,3.94,0.95
铁龙物流,sh600125,5.88,5.98,6.0,18775700.0,5.88,109700,5.89,61200,-1.67,6.01,5.85,18775700,111060000.0,1.44,2.68,76.76,76.76,6.58,5.38,1.34
中兵红箭,sz000519,17.58,17.91,17.95,28538100.0,17.57,10900,17.58,12100,-1.84,18.09,17.43,28538100,505710000.0,2.05,3.69,244.81,244.81,19.7,16.12,0.8
溢多利,sz300381,7.47,7.4,7.43,12887200.0,7.47,40700,7.48,33100,0.95,7.53,7.37,12887200,95920000.0,2.69,2.16,35.74,35.87,8.88,5.92,0.66
天宇股份,sz300702,19.56,19.67,19.65,2766800.0,19.56,2000,19.61,500,-0.56,19.89,19.46,2766800,54480000.0,1.31,2.19,41.16,68.06,23.6,15.74,0.82
宏发股份,sh600885,30.9,31.58,31.5,17075100.0,30.9,9300,30.91,2000,-2.15,31.95,30.65,17075100,532470000.0,1.1,4.12,478.21,478.21,34.74,28.42,0.96
上海电影,sh601595,22.43,22.52,22.4,5969500.0,22.43,5400,22.44,1800,-0.4,23.45,22.31,5969500,135910000.0,1.33,5.06,100.53,100.53,24.77,20.27,1.07
新亚强,sh603155,19.51,19.09,19.08,10117100.0,19.51,16700,19.52,8000,2.2,19.88,19.06,10117100,197610000.0,3.2,4.3,61.61,61.61,21.0,17.18,1.37
龙源电力,sz001289,17.27,17.71,17.47,10321200.0,17.26,600,17.27,7600,-2.48,17.59,17.06,10321200,177810000.0,0.2,2.99,870.74,1443.74,19.48,15.94,0.9
中科三环,sz000970,12.17,12.22,12.22,28209300.0,12.16,62400,12.17,32000,-0.41,12.55,12.09,28209300,345730000.0,2.32,3.76,147.95,147.95,13.44,11.0,0.98
天融信,sz002212,7.27,7.36,7.38,28173600.0,7.27,142800,7.28,16100,-1.22,7.42,7.23,28173600,206020000.0,2.41,2.58,84.83,85.75,8.1,6.62,0.92
三美股份,sh603379,62.49,61.02,63.2,23445200.0,62.48,2000,62.49,10800,2.41,65.75,62.04,23445200,1500650000.0,3.84,6.08,381.49,381.49,67.12,54.92,2.97
诺思兰德,bj920047,31.45,31.45,31.23,4152900.0,31.45,1400,31.46,2600,0.0,32.19,30.78,4152900,130967099.99999999,2.31,4.48,56.64,86.26,40.88,22.02,0.69
飞南资源,sz301500,29.04,30.02,29.77,19041300.0,29.02,500,29.04,1800,-3.26,29.9,28.69,19041300,555250000.0,13.22,4.03,41.83,163.19,36.02,24.02,0.89
科瑞思,sz301314,52.25,52.91,52.91,1218700.0,52.25,700,52.28,3600,-1.25,53.3,51.8,1218700,63860000.0,6.68,2.84,9.54,28.87,63.49,42.33,0.88
中钢国际,sz000928,6.51,6.55,6.53,21414300.0,6.51,27400,6.52,276200,-0.61,6.55,6.45,21414300,139000000.0,1.49,1.53,93.39,93.4,7.21,5.9,0.82
南极光,sz300940,19.78,20.62,20.49,8157500.0,19.77,11600,19.78,8900,-4.07,20.62,19.68,8157500,163790000.0,5.18,4.56,31.15,44.04,24.74,16.5,1.07
惠城环保,sz300779,67.95,69.94,69.51,5864400.0,67.94,1000,67.95,5300,-2.85,70.06,67.23,5864400,400010000.0,3.64,4.05,109.34,143.61,83.93,55.95,0.94
深圳能源,sz000027,7.26,7.33,7.32,60867000.0,7.25,220200,7.26,110400,-0.95,7.36,7.13,60867000,439870000.0,1.28,3.14,345.39,345.39,8.06,6.6,0.94
超频三,sz300647,6.92,6.99,6.97,12859500.0,6.92,21500,6.93,16000,-1.0,7.06,6.85,12859500,89480000.0,2.82,3.0,31.6,31.65,8.39,5.59,0.93
ST任子行,sz300311,5.49,5.45,5.49,11286900.0,5.48,88000,5.49,57700,0.73,5.56,5.45,11286900,62120000.0,2.1,2.02,29.5,36.98,6.54,4.36,0.98
常青科技,sh603125,25.53,24.8,25.1,9851200.0,25.53,12500,25.54,6600,2.94,25.98,25.01,9851200,251150000.0,2.43,3.91,103.35,103.35,27.28,22.32,1.32
宇信科技,sz300674,18.78,18.68,18.67,8350600.0,18.78,9100,18.79,7300,0.54,18.99,18.64,8350600,157320000.0,1.19,1.87,132.03,132.22,22.42,14.94,0.5
西南证券,sh600369,4.07,4.17,4.16,53598700.0,4.07,194700,4.08,281800,-2.4,4.18,4.05,53598700,220400000.0,0.81,3.12,270.46,270.46,4.59,3.75,1.26
森林包装,sh605500,9.42,9.29,9.32,5406800.0,9.42,57100,9.43,74700,1.4,9.44,9.22,5406800,50690000.0,1.3,2.37,39.04,39.04,10.22,8.36,1.41
中复神鹰,sh688295,54.89,54.34,54.15,1142406500.0,54.89,5100,54.9,3300,1.01,56.48,54.01,1142406500,628150000.0,1.27,4.55,494.01,494.01,65.21,43.47,0.58
太阳能,sz000591,6.01,5.83,5.93,249698300.0,6.01,374600,6.02,771800,3.09,6.1,5.81,249698300,1487430000.0,6.4,4.97,234.59,234.68,6.41,5.25,1.0
江西铜业,sh600362,46.37,48.4,48.03,58999900.0,46.37,4900,46.38,20300,-4.19,48.1,45.86,58999900,2748440000.0,2.84,4.63,962.29,1605.67,53.24,43.56,0.81
海康威视,sz002415,33.12,33.45,33.63,61854600.0,33.12,34000,33.13,26000,-0.99,34.08,33.02,61854600,2073600000.0,0.68,3.17,2996.17,3035.41,36.8,30.11,0.83
新 和 成,sz002001,32.92,32.95,33.21,26701200.0,32.91,10000,32.92,10300,-0.09,33.49,32.42,26701200,878250000.0,0.88,3.25,999.73,1011.77,36.25,29.66,0.77
易点天下,sz301171,43.7,39.94,40.51,115436900.0,43.69,2700,43.7,91700,9.41,46.0,40.0,115436900,5016640000.0,23.25,15.02,217.01,267.98,47.93,31.95,1.27
广州发展,sh600098,7.24,7.29,7.26,42170500.0,7.23,143300,7.24,87000,-0.69,7.33,7.1,42170500,303570000.0,1.2,3.16,253.82,253.82,8.02,6.56,0.85
亚太科技,sz002540,5.71,5.77,5.76,9654600.0,5.71,23400,5.72,88800,-1.04,5.8,5.67,9654600,55350000.0,1.12,2.25,49.0,71.44,6.35,5.19,0.62
理工导航,sh688282,90.0,94.0,93.28,296109200.0,89.68,200,90.0,3200,-4.26,95.81,88.0,296109200,270150000.0,3.36,8.31,79.2,79.2,112.8,75.2,0.76
柳药集团,sh603368,16.55,16.53,16.53,3645100.0,16.55,900,16.57,10200,0.12,16.75,16.5,3645100,60500000.0,0.92,1.51,65.74,65.74,18.18,14.88,1.02
和元生物,sh688238,6.32,6.39,6.36,872252700.0,6.32,24700,6.34,6900,-1.1,6.45,6.27,872252700,55450000.0,1.36,2.82,40.52,41.02,7.67,5.11,0.76
粤电力Ａ,sz000539,6.9,7.23,7.13,169669500.0,6.9,759600,6.91,293600,-4.56,7.2,6.7,169669500,1169210000.0,6.64,6.92,176.32,362.27,7.95,6.51,0.84
法拉电子,sh600563,133.97,130.87,130.9,9938200.0,133.96,1300,133.97,4400,2.37,138.67,127.25,9938200,1324650000.0,4.42,8.73,301.43,301.43,143.96,117.78,1.17
中工国际,sz002051,10.57,10.85,10.73,45374700.0,10.56,66600,10.57,49100,-2.58,10.99,10.44,45374700,483490000.0,3.7,5.07,129.63,129.64,11.94,9.77,0.59
建设银行,sh601939,9.82,9.74,9.76,108037300.0,9.81,47900,9.82,69200,0.82,9.88,9.61,108037300,1058030000.0,1.13,2.77,942.1,25689.16,10.71,8.77,1.4
呈和科技,sh688625,90.2,94.19,93.0,538561900.0,90.2,5500,90.21,900,-4.24,95.09,88.88,538561900,492620000.0,2.86,6.59,169.87,169.87,113.03,75.35,0.82
博迈科,sh603727,16.88,16.75,16.78,3605400.0,16.88,4300,16.9,600,0.78,17.22,16.73,3605400,61030000.0,1.28,2.93,47.55,47.55,18.43,15.08,1.05
和仁科技,sz300550,14.17,13.91,13.83,11051900.0,14.16,1100,14.17,17400,1.87,14.84,13.83,11051900,158330000.0,4.21,7.26,37.17,37.2,16.69,11.13,1.23
吉祥航空,sh603885,11.24,11.41,11.42,20068000.0,11.24,6900,11.25,1700,-1.49,11.48,11.18,20068000,226960000.0,0.92,2.63,245.48,245.48,12.55,10.27,0.89
双元科技,sh688623,96.6,93.39,93.53,119611200.0,96.53,800,96.6,5300,3.44,97.88,92.37,119611200,114330000.0,6.25,5.9,18.49,57.13,112.07,74.71,1.69
山东威达,sz002026,13.03,12.83,12.81,8214400.0,13.02,12100,13.03,17300,1.56,13.23,12.8,8214400,107150000.0,1.86,3.35,57.4,57.4,14.11,11.55,0.96
安徽建工,sh600502,5.22,5.34,5.35,28198400.0,5.22,19900,5.23,43800,-2.25,5.36,5.17,28198400,147220000.0,1.64,3.56,89.6,89.6,5.87,4.81,0.93
兴欣新材,sz001358,29.51,29.38,29.58,1877400.0,29.51,6500,29.53,400,0.44,30.47,29.36,1877400,56140000.0,3.78,3.78,14.67,36.36,32.32,26.44,0.81
江阴银行,sz002807,4.45,4.5,4.49,32731600.0,4.45,22500,4.46,276500,-1.11,4.5,4.42,32731600,146020000.0,1.33,1.78,109.36,109.53,4.95,4.05,1.36
艾为电子,sh688798,73.0,73.58,73.58,594300000.0,73.0,7200,73.01,37400,-0.79,75.6,72.27,594300000,438210000.0,4.38,4.53,99.09,170.18,88.3,58.86,1.37
山高环能,sz000803,8.49,8.45,8.45,15763500.0,8.49,31700,8.5,68700,0.47,8.65,8.19,15763500,132340000.0,3.43,5.44,39.04,39.59,9.3,7.61,1.03
苏州固锝,sz002079,12.7,12.8,12.78,56529800.0,12.7,85800,12.71,108400,-0.78,13.03,12.48,56529800,718260000.0,6.97,4.3,102.94,115.33,14.08,11.52,0.85
必易微,sh688045,69.49,70.5,70.88,437747300.0,69.38,1000,69.49,5600,-1.43,72.12,67.5,437747300,305850000.0,6.2,6.55,49.04,49.04,84.6,56.4,1.44
华致酒行,sz300755,14.51,15.17,15.01,9145400.0,14.51,4900,14.52,20500,-4.35,15.05,14.43,9145400,134450000.0,2.2,4.09,60.45,60.48,18.2,12.14,0.76
丽岛新材,sh603937,15.88,16.2,16.01,13319500.0,15.88,10900,15.89,9800,-1.98,16.37,15.72,13319500,212260000.0,6.38,4.01,33.17,33.17,17.82,14.58,0.49
渤海轮渡,sh603167,9.09,9.09,9.12,4872800.0,9.08,217700,9.09,94000,0.0,9.12,9.04,4872800,44200000.0,1.04,0.88,42.65,42.65,10.0,8.18,0.82
中国能建,sh601868,3.24,3.22,3.17,1037152900.0,3.24,5496700,3.25,4440100,0.62,3.33,3.16,1037152900,3367160000.0,3.2,5.28,1050.69,1433.38,3.54,2.9,0.56
新疆天业,sh600075,6.31,6.13,6.16,26722800.0,6.3,233000,6.31,176800,2.94,6.31,6.13,26722800,167050000.0,1.56,2.94,107.76,107.76,6.74,5.52,0.98
嘉亨家化,sz300955,42.65,40.26,40.22,5315600.0,42.6,2500,42.65,100,5.94,42.85,40.01,5315600,222700000.0,5.27,7.05,42.99,42.99,48.31,32.21,1.0
广联航空,sz300900,42.85,45.9,45.39,37660000.0,42.85,35600,42.86,5700,-6.64,45.98,42.36,37660000,1631760000.0,14.67,7.89,110.03,140.43,55.08,36.72,0.86
鲁  泰Ａ,sz000726,6.28,6.3,6.3,8499400.0,6.28,4800,6.29,87800,-0.32,6.37,6.26,8499400,53590000.0,1.44,1.75,37.01,51.34,6.93,5.67,1.03
三圣股份,sz002742,4.77,4.8,4.8,9886600.0,4.77,34300,4.78,1300,-0.63,4.83,4.72,9886600,47030000.0,1.89,2.29,24.99,32.63,5.28,4.32,0.49
亚太药业,sz002370,6.39,6.48,6.51,15968000.0,6.38,21300,6.39,60700,-1.39,6.51,6.35,15968000,102100000.0,2.14,2.47,47.65,47.65,7.13,5.83,0.59
圆通速递,sh600233,20.28,20.44,20.4,18546600.0,20.27,3000,20.28,4700,-0.78,20.48,19.99,18546600,374410000.0,0.54,2.4,694.13,694.13,22.48,18.4,0.93
罗莱生活,sz002293,11.59,11.36,11.29,12706100.0,11.59,41800,11.6,35100,2.02,11.66,11.11,12706100,145340000.0,1.54,4.84,95.8,96.64,12.5,10.22,0.99
浙矿股份,sz300837,32.48,33.15,33.22,1541700.0,32.47,400,32.48,30700,-2.02,33.38,32.16,1541700,50330000.0,2.04,3.68,24.55,32.48,39.78,26.52,0.85
亿联网络,sz300628,38.11,38.85,38.85,9499000.0,38.1,2000,38.11,9900,-1.9,39.04,37.8,9499000,364150000.0,1.31,3.19,276.59,482.77,46.62,31.08,0.83
北方铜业,sz000737,14.54,15.36,15.18,69599700.0,14.53,13200,14.54,39200,-5.34,15.2,14.44,69599700,1027120000.0,3.65,4.95,276.92,276.95,16.9,13.82,0.92
兴业证券,sh601377,5.89,6.02,6.02,99621600.0,5.89,637500,5.9,804600,-2.16,6.03,5.88,99621600,592610000.0,1.15,2.49,508.66,508.66,6.62,5.42,1.09
南模生物,sh688265,39.39,39.65,39.53,53942900.0,39.39,1100,39.43,700,-0.66,40.11,39.13,53942900,21360000.0,0.69,2.47,30.71,30.71,47.58,31.72,0.89
紫江企业,sh600210,6.75,6.81,6.83,20582800.0,6.74,73400,6.75,33000,-0.88,6.83,6.7,20582800,139320000.0,1.36,1.91,102.38,102.38,7.49,6.13,0.9
*ST利源,sz002501,1.46,1.54,1.54,106798500.0,0.0,0,1.46,7581600,-5.19,1.58,1.46,106798500,159360000.0,3.01,7.79,51.78,51.83,1.62,1.46,1.28
大洋生物,sz003017,33.45,32.43,32.84,8580900.0,33.45,14700,33.46,500,3.15,34.98,32.53,8580900,290280000.0,12.38,7.55,23.18,28.1,35.67,29.19,2.05
招商公路,sz001965,9.94,9.88,9.88,15484300.0,9.94,97400,9.95,5900,0.61,10.07,9.77,15484300,153640000.0,0.23,3.04,675.43,675.43,10.87,8.89,1.36
华谊集团,sh600623,9.6,9.7,9.68,37542500.0,9.6,11700,9.61,1600,-1.03,10.13,9.53,37542500,368460000.0,2.0,6.19,180.1,203.79,10.67,8.73,1.1
博拓生物,sh688767,41.58,42.49,42.0,220074400.0,41.56,1600,41.58,3400,-2.14,43.21,40.78,220074400,91750000.0,1.47,5.72,62.09,62.09,50.99,33.99,0.58
雅运股份,sh603790,29.03,28.13,28.58,6813100.0,29.02,500,29.03,26800,3.2,29.8,28.58,6813100,198100000.0,3.56,4.34,55.55,55.55,30.94,25.32,1.19
金海通,sh603061,309.79,306.0,310.0,3961800.0,309.79,900,309.8,3500,1.24,320.0,283.04,3961800,1206870000.0,4.55,12.08,269.52,269.52,336.6,275.4,1.02
航天信息,sh600271,8.1,8.26,8.29,21719100.0,8.1,170600,8.11,120500,-1.94,8.33,8.07,21719100,177510000.0,1.17,3.15,150.08,150.08,9.09,7.43,0.94
长江电力,sh600900,27.03,26.94,26.9,118755500.0,27.03,311400,27.04,111700,0.33,27.15,26.72,118755500,3202010000.0,0.49,1.6,6613.76,6613.76,29.63,24.25,1.11
晶升股份,sh688478,75.0,68.65,72.0,2230613200.0,75.0,177200,75.01,4000,9.25,79.9,67.45,2230613200,1617950000.0,16.12,18.14,103.77,103.77,82.38,54.92,2.23
中远海发,sh601866,2.62,2.72,2.71,152806200.0,2.62,353400,2.63,1060000,-3.68,2.72,2.61,152806200,404370000.0,1.57,4.04,255.5,345.78,2.99,2.45,1.5
凯因科技,sh688687,19.15,19.25,19.25,223984900.0,19.15,16400,19.16,200,-0.52,19.44,19.03,223984900,43010000.0,1.31,2.13,32.74,32.74,23.1,15.4,0.64
腾亚精工,sz301125,24.99,23.88,23.81,5423900.0,24.99,1500,25.0,6500,4.65,25.11,23.78,5423900,132710000.0,4.32,5.57,31.4,35.43,28.66,19.1,1.01
海泰新能,bj920985,6.41,6.67,6.61,4380800.0,6.41,117100,6.42,2000,-3.9,6.68,6.35,4380800,28459400.0,2.0,4.95,14.06,19.84,8.67,4.67,1.19
鑫铂股份,sz003038,13.89,13.97,14.41,11096400.0,13.89,17600,13.9,11700,-0.57,15.0,13.81,11096400,158860000.0,6.8,8.52,22.67,33.84,15.37,12.57,2.24
杭州银行,sh600926,16.51,16.63,16.63,25688000.0,16.5,1500,16.51,82200,-0.72,16.72,16.45,25688000,425110000.0,0.35,1.62,1196.81,1196.81,18.29,14.97,0.88
华亚智能,sz003043,59.79,58.48,60.01,5623000.0,59.77,100,59.79,9600,2.24,60.88,57.29,5623000,333970000.0,6.71,6.14,50.12,80.02,64.33,52.63,1.0
海天股份,sh603759,8.74,8.83,8.88,4635800.0,8.74,25300,8.75,23700,-1.02,8.92,8.71,4635800,40700000.0,1.0,2.38,40.36,40.36,9.71,7.95,1.02
金三江,sz301059,15.86,15.76,15.71,8472200.0,15.85,2000,15.86,76700,0.63,16.13,15.71,8472200,135090000.0,4.1,2.66,32.75,36.66,18.91,12.61,0.9
东方盛虹,sz000301,13.02,13.06,13.12,30997000.0,13.01,2200,13.02,65200,-0.31,13.28,12.96,30997000,406410000.0,0.47,2.45,860.38,860.78,14.37,11.75,1.24
白云山,sh600332,22.31,22.47,22.5,10389900.0,22.31,8800,22.32,700,-0.71,22.56,22.22,10389900,232550000.0,0.74,1.51,313.65,362.71,24.72,20.22,0.99
天津普林,sz002134,29.97,30.19,30.21,12924800.0,29.97,12800,29.98,3500,-0.73,30.69,29.15,12924800,386980000.0,5.24,5.1,73.87,73.92,33.21,27.17,0.76
中煤能源,sh601898,16.81,16.1,16.11,57804600.0,16.81,30400,16.82,41100,4.41,17.0,15.9,57804600,961770000.0,0.63,6.83,1538.45,2228.78,17.71,14.49,1.6
九洲药业,sh603456,12.99,13.14,13.14,14365700.0,12.99,18300,13.0,4500,-1.14,13.25,12.95,14365700,188070000.0,1.62,2.28,115.54,115.54,14.45,11.83,0.74
安克创新,sz300866,134.5,132.2,132.48,5154200.0,134.49,200,134.5,1900,1.74,135.89,130.03,5154200,686620000.0,1.68,4.43,413.62,721.13,158.64,105.76,0.67
中国海诚,sz002116,9.44,9.56,9.55,3677400.0,9.43,18100,9.44,42000,-1.26,9.56,9.4,3677400,34850000.0,0.8,1.67,43.42,43.97,10.52,8.6,1.0
奥士康,sz002913,51.89,54.1,54.12,7631100.0,51.84,300,51.89,400,-4.09,54.84,50.9,7631100,400100000.0,2.53,7.28,156.54,164.68,59.51,48.69,0.92
龙泉股份,sz002671,4.67,4.76,4.79,11382300.0,4.67,60100,4.7,66400,-1.89,4.79,4.65,11382300,53670000.0,2.07,2.94,25.73,26.3,5.24,4.28,0.89
彩蝶实业,sh603073,20.62,20.53,20.53,2894800.0,20.62,21200,20.63,2300,0.44,20.86,20.24,2894800,59600000.0,5.69,3.02,10.49,23.92,22.58,18.48,1.93
汇得科技,sh603192,22.54,22.59,22.59,1300200.0,22.53,500,22.54,5000,-0.22,22.99,22.42,1300200,29540000.0,0.93,2.52,31.42,37.72,24.85,20.33,0.93
中达安,sz300635,15.25,15.34,15.35,4675500.0,15.24,6200,15.25,100,-0.59,15.72,15.14,4675500,72090000.0,3.88,3.78,18.36,21.35,18.41,12.27,0.71
东北制药,sz000597,4.88,4.95,4.95,13119900.0,4.88,69500,4.89,3800,-1.41,4.97,4.86,13119900,64440000.0,0.93,2.22,68.77,69.64,5.45,4.46,0.84
肯特催化,sh603120,53.29,52.38,52.89,6545100.0,53.29,3600,53.45,300,1.74,55.0,51.98,6545100,348800000.0,17.27,5.77,20.2,48.17,57.62,47.14,1.31
山河药辅,sz300452,13.55,13.78,13.73,4875800.0,13.54,500,13.55,11700,-1.67,13.82,13.42,4875800,66370000.0,2.45,2.9,26.91,31.77,16.54,11.02,1.12
屹通新材,sz300930,32.61,33.07,33.05,1995800.0,32.58,500,32.61,700,-1.39,33.28,32.0,1995800,65250000.0,4.24,3.87,15.37,32.61,39.68,26.46,1.13
华策影视,sz300133,9.63,10.02,10.23,180932600.0,9.62,177700,9.63,113400,-3.89,10.38,9.53,180932600,1783180000.0,10.79,8.48,161.44,181.84,12.02,8.02,0.68
富煌钢构,sz002743,5.17,5.34,5.35,9196900.0,5.17,27100,5.18,5300,-3.18,5.38,5.14,9196900,48130000.0,2.12,4.49,22.47,22.5,5.87,4.81,0.91
天山股份,sz000877,4.49,4.61,4.61,18906700.0,4.49,123100,4.5,129100,-2.6,4.61,4.48,18906700,85580000.0,0.27,2.82,319.26,319.26,5.07,4.15,1.2
大华股份,sz002236,17.5,17.69,17.69,42314800.0,17.5,51200,17.51,59900,-1.07,18.06,17.44,42314800,747530000.0,1.77,3.5,418.45,572.12,19.46,15.92,0.88
兖矿能源,sh600188,21.15,20.32,20.31,66614800.0,21.14,300,21.15,17100,4.08,21.49,20.14,66614800,1397840000.0,1.12,6.64,1260.83,2122.79,22.35,18.29,1.34
农心科技,sz001231,25.07,24.81,24.81,2139000.0,25.07,300,25.09,1000,1.05,25.12,24.61,2139000,53350000.0,4.18,2.06,12.82,25.05,27.29,22.33,1.3
长江证券,sz000783,8.46,8.59,8.7,155099500.0,8.46,1135300,8.47,156100,-1.51,8.76,8.36,155099500,1325560000.0,2.8,4.66,467.84,467.84,9.45,7.73,0.58
众源新材,sh603527,12.92,13.34,12.98,15796200.0,12.91,12700,12.92,12500,-3.15,13.26,12.78,15796200,205700000.0,4.98,3.6,40.95,40.95,14.67,12.01,0.83
中国黄金,sh600916,8.37,8.7,8.65,42938900.0,8.37,568700,8.38,94500,-3.79,8.65,8.34,42938900,362170000.0,2.56,3.56,140.62,140.62,9.57,7.83,1.41
邮储银行,sh601658,4.97,5.03,5.02,163605000.0,4.97,139900,4.98,1844800,-1.19,5.03,4.95,163605000,815290000.0,0.23,1.59,3604.63,5968.72,5.53,4.53,1.55
中国通号,sh688009,4.95,5.05,5.05,5035915000.0,4.94,137600,4.95,421400,-1.98,5.07,4.93,5035915000,251450000.0,0.58,2.77,426.74,524.2,6.06,4.04,1.21
井松智能,sh688251,29.27,29.48,29.69,321804800.0,29.26,200,29.27,9700,-0.71,30.79,29.21,321804800,96090000.0,3.22,5.36,29.24,29.45,35.38,23.58,0.97
天原股份,sz002386,6.46,6.43,6.41,27504200.0,6.46,35100,6.47,141300,0.47,6.53,6.41,27504200,178020000.0,2.11,1.87,84.07,84.09,7.07,5.79,0.6
省广集团,sz002400,8.88,8.74,8.75,169350800.0,8.87,314800,8.88,200,1.6,9.4,8.75,169350800,1529350000.0,9.81,7.44,153.28,154.81,9.61,7.87,1.35
双象股份,sz002395,21.19,19.26,19.5,12040700.0,21.19,1961500,0.0,0,10.02,21.19,19.35,12040700,247510000.0,4.49,9.55,56.83,56.83,21.19,17.33,1.49
神力股份,sh603819,14.6,14.35,14.31,10825600.0,14.6,7300,14.63,1600,1.74,15.1,14.31,10825600,159500000.0,4.97,5.51,31.79,31.79,15.79,12.92,1.21
悦达投资,sh600805,5.01,5.12,5.11,13222100.0,5.0,220800,5.01,46200,-2.15,5.13,4.98,13222100,66840000.0,1.56,2.93,42.6,42.63,5.63,4.61,1.02
昊帆生物,sz301393,58.17,57.55,58.1,2932600.0,58.17,600,58.25,400,1.08,59.77,57.22,2932600,172350000.0,6.97,4.43,24.49,62.82,69.06,46.04,1.5
澜起科技,sh688008,247.98,265.08,265.0,11452867500.0,247.97,15500,247.98,1700,-6.45,272.0,242.63,11452867500,29165160000.0,9.99,11.08,2842.91,3030.81,318.1,212.06,1.24
正业科技,sz300410,10.13,10.48,10.39,27177600.0,10.12,5000,10.13,54500,-3.34,10.52,9.99,27177600,276710000.0,7.4,5.06,37.19,37.19,12.58,8.38,1.22
金力永磁,sz300748,35.43,34.62,35.15,60208900.0,35.43,19600,35.44,51100,2.34,36.88,34.6,60208900,2144740000.0,5.33,6.59,400.37,487.37,41.54,27.7,1.15
森源电气,sz002358,7.25,7.47,7.46,37792500.0,7.24,192500,7.25,118000,-2.95,7.5,7.21,37792500,275970000.0,4.06,3.88,67.41,67.41,8.22,6.72,0.76
力芯微,sh688601,68.5,63.16,64.98,1378819100.0,68.5,47700,68.52,200,8.45,69.32,63.5,1378819100,929370000.0,10.31,9.21,91.58,91.58,75.79,50.53,0.99
美诺华,sh603538,50.8,52.63,51.0,36628900.0,50.8,7700,50.81,21200,-3.48,53.01,49.52,36628900,1864270000.0,15.35,6.63,121.18,123.35,57.89,47.37,0.66
江南水务,sh601199,6.11,6.18,6.22,14392600.0,6.1,68200,6.11,9700,-1.13,6.26,6.07,14392600,88450000.0,1.54,3.07,57.14,57.14,6.8,5.56,0.46
华生科技,sh605180,15.38,15.49,15.44,1675900.0,15.37,55000,15.38,9100,-0.71,15.63,15.24,1675900,25900000.0,0.99,2.52,25.99,25.99,17.04,13.94,1.05
方大炭素,sh600516,5.42,5.57,5.58,62274600.0,5.41,221400,5.42,122200,-2.69,5.61,5.38,62274600,340910000.0,1.55,4.13,218.21,218.21,6.13,5.01,0.97
金山办公,sh688111,251.3,255.65,255.6,865928800.0,251.29,900,251.3,21900,-1.7,260.8,250.11,865928800,2213760000.0,1.87,4.18,1164.45,1164.45,306.78,204.52,0.82
康众医疗,sh688607,62.62,63.66,63.47,139665100.0,62.62,200,62.85,2900,-1.63,63.94,61.62,139665100,87760000.0,1.76,3.64,49.68,55.19,76.39,50.93,0.5
晋控电力,sz000767,4.9,4.7,4.7,485350000.0,4.9,2194500,4.91,385800,4.26,5.08,4.38,485350000,2284770000.0,16.67,14.89,142.7,150.77,5.17,4.23,1.56
迪森股份,sz300335,6.65,6.96,6.91,32648900.0,6.64,260800,6.65,175700,-4.45,6.93,6.62,32648900,219170000.0,8.5,4.45,25.55,31.72,8.35,5.57,0.87
海 利 得,sz002206,5.95,6.02,6.01,16825400.0,5.94,10900,5.95,103500,-1.16,6.06,5.9,16825400,100270000.0,1.59,2.66,62.88,69.15,6.62,5.42,1.01
平安银行,sz000001,10.99,11.05,11.05,97474200.0,10.99,69100,11.0,557900,-0.54,11.11,10.96,97474200,1074650000.0,0.5,1.36,2132.68,2132.71,12.16,9.95,1.07
新中港,sh605162,11.33,11.56,11.48,16644700.0,11.32,800,11.33,10800,-1.99,11.62,11.19,16644700,188640000.0,4.03,3.72,46.79,46.79,12.72,10.4,0.93
安路科技,sh688107,43.88,39.85,39.89,2230009100.0,43.83,800,43.88,37000,10.11,45.6,39.89,2230009100,956070000.0,5.56,14.33,175.89,175.89,47.82,31.88,1.61
金浦钛业,sz000545,2.92,2.93,2.94,37378200.0,2.91,392000,2.92,343700,-0.34,3.0,2.9,37378200,110250000.0,3.79,3.41,28.77,28.82,3.22,2.64,0.66
天和防务,sz300397,13.56,13.79,13.81,19839800.0,13.56,7700,13.57,39300,-1.67,13.94,13.41,19839800,270730000.0,4.86,3.84,55.35,70.19,16.55,11.03,0.66
广康生化,sz300804,50.28,51.53,51.3,3059800.0,50.28,15600,50.33,500,-2.43,53.26,49.76,3059800,156640000.0,11.13,6.79,13.83,37.21,61.84,41.22,0.88
新经典,sh603096,18.46,18.5,18.49,1434400.0,18.41,200,18.46,400,-0.22,18.65,18.26,1434400,26510000.0,0.93,2.11,28.47,28.47,20.35,16.65,0.8
翔腾新材,sz001373,38.52,39.46,38.86,1863600.0,38.5,3500,38.52,3800,-2.38,39.81,38.0,1863600,71840000.0,5.62,4.59,12.76,26.46,43.41,35.51,0.82
必贝特-U,sh688759,34.81,32.96,33.48,537229200.0,34.81,4000,34.82,700,5.61,35.8,32.26,537229200,181900000.0,10.07,10.74,18.58,156.66,39.55,26.37,1.51
智迪科技,sz301503,35.48,35.77,35.78,932300.0,35.48,6600,35.51,1000,-0.81,36.28,35.28,932300,33360000.0,2.87,2.8,11.52,28.38,42.92,28.62,0.93
顺丰控股,sz002352,35.85,36.23,36.18,21591200.0,35.85,80300,35.86,24700,-1.05,36.21,35.75,21591200,775450000.0,0.45,1.27,1710.05,1806.64,39.85,32.61,0.9
日上集团,sz002593,5.14,5.12,5.14,12170900.0,5.14,33900,5.15,38600,0.39,5.24,5.1,12170900,62860000.0,2.17,2.73,28.81,41.32,5.63,4.61,1.05
深高速,sh600548,8.96,9.05,9.01,2583300.0,8.96,69000,8.99,17300,-0.99,9.08,8.96,2583300,23260000.0,0.15,1.33,153.61,227.39,9.96,8.15,0.99
普莱得,sz301353,29.66,29.79,29.94,1305800.0,29.56,200,29.66,14400,-0.44,30.06,29.33,1305800,38750000.0,4.1,2.45,9.46,29.12,35.75,23.83,0.94
贵阳银行,sh601997,5.95,6.04,6.03,58327000.0,5.95,127700,5.96,181500,-1.49,6.04,5.94,58327000,348630000.0,1.6,1.66,217.54,217.54,6.64,5.44,1.42
三元生物,sz301206,26.95,27.25,27.4,1592600.0,26.95,100,27.02,2800,-1.1,27.41,26.9,1592600,43300000.0,1.22,1.87,35.11,54.53,32.7,21.8,1.11
昱能科技,sh688348,48.03,50.19,49.85,564672600.0,48.03,500,48.04,1000,-4.3,50.34,45.54,564672600,270740000.0,3.61,9.56,75.06,75.06,60.23,40.15,1.94
创业环保,sh600874,5.95,6.07,6.05,17952900.0,5.95,31900,5.96,134100,-1.98,6.06,5.91,17952900,107310000.0,1.46,2.47,73.21,93.44,6.68,5.46,1.44
中国中冶,sh601618,2.89,2.91,2.91,116345000.0,2.88,4877700,2.89,5063500,-0.69,2.92,2.88,116345000,336950000.0,0.65,1.37,515.94,598.91,3.2,2.62,1.01
台华新材,sh603055,8.76,8.79,8.79,5663000.0,8.76,11400,8.78,29200,-0.34,8.9,8.74,5663000,49920000.0,0.64,1.82,77.71,77.99,9.67,7.91,0.95
诺瓦星云,sz301589,175.23,176.53,176.6,775600.0,175.23,400,175.24,2100,-0.74,179.52,172.5,775600,135980000.0,2.25,3.98,60.39,162.0,211.84,141.22,1.03
塔牌集团,sz002233,8.52,8.75,8.79,10069000.0,8.52,19000,8.53,7000,-2.63,8.8,8.47,10069000,86540000.0,0.86,3.77,99.96,100.04,9.63,7.88,1.18
中荣股份,sz301223,18.84,19.08,19.13,1550400.0,18.84,3300,18.86,2000,-1.26,19.18,18.75,1550400,29320000.0,0.8,2.25,36.39,36.39,22.9,15.26,0.93
周大生,sz002867,12.63,12.79,12.76,9869900.0,12.63,27900,12.66,1200,-1.25,12.92,12.61,9869900,126080000.0,0.91,2.42,136.29,137.1,14.07,11.51,0.98
永艺股份,sh603600,12.08,12.14,11.98,7483900.0,12.08,15800,12.11,12300,-0.49,12.31,11.98,7483900,91150000.0,2.49,2.72,36.24,39.92,13.35,10.93,1.56
沃华医药,sz002107,7.13,7.35,7.42,22792500.0,7.13,24400,7.14,51800,-2.99,7.5,7.07,22792500,164800000.0,3.99,5.85,40.74,41.16,8.09,6.62,1.21
天禄科技,sz301045,53.7,54.83,54.71,4897600.0,53.68,4400,53.7,1200,-2.06,55.14,52.6,4897600,263770000.0,7.03,4.63,37.44,59.24,65.8,43.86,0.95
东方通信,sh600776,16.98,17.32,17.22,31370700.0,16.98,15300,16.99,22400,-1.96,17.6,16.94,31370700,538690000.0,3.28,3.81,162.33,213.27,19.05,15.59,0.53
索宝蛋白,sh603231,17.42,17.14,17.12,3259800.0,17.42,8900,17.43,100,1.63,17.55,17.08,3259800,56450000.0,3.07,2.74,18.51,33.35,18.85,15.43,0.82
绿茵生态,sz002887,14.35,14.26,14.33,7752100.0,14.35,2400,14.36,12500,0.63,14.8,14.16,7752100,112610000.0,3.57,4.49,31.17,43.91,15.69,12.83,0.97
中科磁业,sz301141,56.32,56.5,55.99,3961200.0,56.31,1900,56.32,1700,-0.32,58.2,55.61,3961200,225000000.0,8.9,4.58,25.07,69.86,67.8,45.2,0.99
海螺新材,sz000619,6.0,6.06,6.05,7750800.0,5.99,15300,6.0,5500,-0.99,6.1,5.94,7750800,46720000.0,2.15,2.64,21.6,26.47,6.67,5.45,1.1
巨化股份,sh600160,35.91,34.56,36.0,106915400.0,35.91,62200,35.92,9700,3.91,37.66,35.7,106915400,3925920000.0,3.96,5.67,969.48,969.48,38.02,31.1,3.08
山东高速,sh600350,10.97,11.0,11.01,6040300.0,10.97,2300,11.02,300,-0.27,11.13,10.83,6040300,66220000.0,0.12,2.73,530.35,530.35,12.1,9.9,0.97
森泰股份,sz301429,22.56,22.65,22.66,1650800.0,22.5,800,22.56,1800,-0.4,22.96,22.22,1650800,37210000.0,3.75,3.27,9.93,26.67,27.18,18.12,0.64
倍加洁,sh603059,30.45,31.08,31.07,1846800.0,30.45,100,30.48,400,-2.03,31.07,30.1,1846800,56560000.0,1.84,3.12,30.59,30.59,34.19,27.97,0.9
永吉股份,sh603058,11.24,11.42,11.38,7851100.0,11.24,78200,11.26,2500,-1.58,11.69,11.12,7851100,88780000.0,1.9,4.99,46.49,46.61,12.56,10.28,0.73
盾安环境,sz002011,12.87,12.46,12.54,35335600.0,12.86,29400,12.87,34500,3.29,13.23,12.5,35335600,459110000.0,3.33,5.86,136.37,138.31,13.71,11.21,1.73
英 力 特,sz000635,8.02,8.01,7.99,7788200.0,8.02,28100,8.03,15600,0.12,8.3,7.97,7788200,63270000.0,2.12,4.12,29.42,31.61,8.81,7.21,1.08
中信重工,sh601608,5.85,5.83,5.82,63179300.0,5.85,31300,5.86,115100,0.34,6.05,5.67,63179300,368890000.0,1.38,6.52,267.9,267.9,6.41,5.25,1.18
金辰股份,sh603396,36.59,37.69,37.46,6828100.0,36.58,1100,36.59,900,-2.92,37.46,35.78,6828100,249280000.0,4.93,4.46,50.69,50.69,41.46,33.92,1.29
妙可蓝多,sh600882,19.18,19.46,19.3,6700600.0,19.18,9500,19.19,3000,-1.44,19.3,18.93,6700600,127930000.0,1.31,1.9,97.83,97.83,21.41,17.51,0.73
北部湾港,sz000582,12.01,12.21,12.19,54150000.0,12.0,59500,12.01,4400,-1.64,12.28,11.96,54150000,654830000.0,2.51,2.62,259.04,302.3,13.43,10.99,0.58
洪城环境,sh600461,10.32,10.35,10.35,11955600.0,10.31,13300,10.32,100,-0.29,10.39,10.26,11955600,123340000.0,0.93,1.26,132.52,132.52,11.39,9.32,1.21
招商银行,sh600036,37.65,37.81,37.81,82173800.0,37.65,101500,37.66,13000,-0.42,37.97,37.61,82173800,3101360000.0,0.4,0.95,7766.8,9495.27,41.59,34.03,0.94
隧道股份,sh600820,5.75,5.86,5.87,21758600.0,5.75,190800,5.76,212300,-1.88,5.9,5.74,21758600,126580000.0,0.69,2.73,180.79,180.79,6.45,5.27,1.0
亿利达,sz002686,7.83,7.91,7.91,25641700.0,7.82,18500,7.83,19300,-1.01,8.04,7.72,25641700,201430000.0,4.91,4.05,40.93,44.34,8.7,7.12,0.86
凯龙高科,sz300912,34.86,32.99,32.2,19658600.0,34.86,26600,34.87,1100,5.67,37.82,31.95,19658600,697140000.0,22.87,17.79,29.97,39.7,39.59,26.39,1.48
鑫磊股份,sz301317,78.05,72.15,75.5,10201800.0,78.05,7600,78.06,3300,8.18,81.17,73.5,10201800,795120000.0,19.54,10.63,40.74,122.69,86.58,57.72,1.23
张小泉,sz301055,36.57,38.69,38.64,10080600.0,36.56,100,36.57,4000,-5.48,38.9,35.5,10080600,370800000.0,6.46,8.79,57.05,57.05,46.43,30.95,1.02
中来股份,sz300393,11.73,12.09,12.03,62275000.0,11.72,3700,11.73,59500,-2.98,12.2,11.31,62275000,725080000.0,6.51,7.36,112.13,127.81,14.51,9.67,0.86
浩欧博,sh688656,135.72,137.08,136.95,34577700.0,135.72,9700,135.73,400,-0.99,138.69,133.09,34577700,46770000.0,0.54,4.09,86.15,86.15,164.5,109.66,0.59
晶合集成,sh688249,39.22,39.1,39.7,7874653400.0,39.21,2000,39.22,1500,0.31,41.25,38.78,7874653400,3133820000.0,6.51,6.32,474.71,787.38,46.92,31.28,1.27
皖新传媒,sh601801,5.77,5.82,5.82,10269200.0,5.77,14400,5.78,157200,-0.86,5.85,5.71,10269200,59330000.0,0.52,2.41,112.97,112.97,6.4,5.24,0.96
春秋航空,sh601021,45.26,45.95,46.0,4673700.0,45.26,81900,45.28,100,-1.5,46.08,45.13,4673700,212110000.0,0.48,2.07,442.79,442.79,50.55,41.36,0.67
悦康药业,sh688658,19.87,20.24,20.01,838901500.0,19.86,3300,19.87,18100,-1.83,20.74,19.8,838901500,168700000.0,1.86,4.64,89.42,89.42,24.29,16.19,0.7
杰瑞股份,sz002353,137.86,138.67,141.16,16515400.0,137.86,600,137.88,1000,-0.58,144.76,136.8,16515400,2319520000.0,2.39,5.74,952.67,1411.49,152.54,124.8,0.89
昆仑万维,sz300418,49.21,49.03,49.11,64607200.0,49.21,88700,49.22,33900,0.37,51.15,48.9,64607200,3213840000.0,5.15,4.59,617.33,617.76,58.84,39.22,1.03
*ST集友,sh603429,9.65,9.82,9.82,3579600.0,9.64,14900,9.65,7500,-1.73,9.9,9.55,3579600,34450000.0,0.68,3.56,50.61,50.61,10.31,9.33,0.92
中油工程,sh600339,3.83,3.83,3.85,69362800.0,3.82,637100,3.83,462000,0.0,3.86,3.78,69362800,265330000.0,1.24,2.09,213.83,213.83,4.21,3.45,0.88
光迅科技,sz002281,196.49,203.8,200.0,90785900.0,196.49,50800,196.5,124400,-3.59,203.79,183.5,90785900,17523670000.0,11.65,9.96,1531.64,1585.04,224.18,183.42,1.12
恒锋工具,sz300488,38.86,36.71,36.41,18430900.0,38.86,19600,38.87,4000,5.86,39.55,36.41,18430900,707860000.0,11.36,8.55,63.05,74.31,44.05,29.37,1.08
双汇发展,sz000895,26.58,26.81,26.61,9267700.0,26.57,300,26.58,2300,-0.86,26.88,26.41,9267700,246510000.0,0.27,1.75,920.79,920.91,29.49,24.13,0.73
瑞德智能,sz301135,26.99,27.02,27.22,1650800.0,26.99,6900,27.0,2100,-0.11,27.49,26.85,1650800,44880000.0,2.11,2.37,21.13,27.11,32.42,21.62,0.91
宇邦新材,sz301266,38.04,38.91,38.89,3283000.0,38.04,11800,38.08,500,-2.24,38.96,37.65,3283000,125450000.0,3.15,3.37,39.69,41.84,46.69,31.13,0.85
汉森制药,sz002412,7.23,7.2,7.18,18390500.0,7.23,86600,7.24,67800,0.42,7.33,7.13,18390500,133240000.0,3.69,2.78,35.99,36.38,7.92,6.48,0.85
舜禹股份,sz301519,15.25,15.53,15.55,2958500.0,15.23,300,15.25,13900,-1.8,15.57,15.04,2958500,45140000.0,3.92,3.41,11.51,24.65,18.64,12.42,1.07
上大股份,sz301522,31.69,31.85,32.13,4724600.0,31.68,300,31.69,25700,-0.5,32.55,31.49,4724600,150700000.0,1.71,3.33,87.69,117.84,38.22,25.48,0.85
东鹏控股,sz003012,5.45,5.5,5.47,10835000.0,5.45,56700,5.46,15900,-0.91,5.5,5.4,10835000,59220000.0,0.96,1.82,61.83,63.06,6.05,4.95,0.72
盈峰环境,sz000967,13.23,14.25,14.25,215504300.0,13.22,817700,13.23,63300,-7.16,14.4,13.19,215504300,2934600000.0,6.58,8.49,433.31,433.51,15.68,12.83,0.65
康弘药业,sz002773,22.17,22.48,22.48,7508200.0,22.16,9800,22.17,29100,-1.38,22.74,22.1,7508200,168470000.0,1.09,2.85,152.26,204.26,24.73,20.23,0.72
城发环境,sz000885,13.78,14.01,14.01,8003900.0,13.75,3000,13.78,3600,-1.64,14.15,13.65,8003900,110910000.0,1.25,3.57,88.48,88.48,15.41,12.61,1.28
九号公司-WD,sh689009,41.58,41.01,41.46,1374678300.0,41.57,2600,41.58,4800,1.39,42.4,40.98,1374678300,574250000.0,2.47,3.46,231.04,300.48,49.21,32.81,1.08
国泰海通,sh601211,15.44,15.71,15.71,136139900.0,15.44,6700,15.45,225100,-1.72,15.76,15.39,136139900,2120810000.0,1.01,2.36,2083.92,2721.91,17.28,14.14,0.91
同济科技,sh600846,12.72,12.76,12.69,5703200.0,12.72,400,12.73,10200,-0.31,12.9,12.38,5703200,72300000.0,0.91,4.08,79.47,79.47,14.04,11.48,1.33
金博股份,sh688598,32.1,31.95,32.0,1965426400.0,32.09,11400,32.1,14100,0.47,33.25,31.9,1965426400,638350000.0,9.65,4.23,65.35,66.63,38.34,25.56,1.26
熙菱信息,sz300588,20.94,20.76,20.76,4830700.0,20.94,3600,20.97,2200,0.87,21.5,20.5,4830700,101090000.0,2.73,4.82,37.03,40.09,24.91,16.61,0.87
共创草坪,sh605099,53.56,48.69,48.51,6115300.0,53.56,1111500,0.0,0,10.0,53.56,48.0,6115300,316390000.0,1.52,11.42,215.02,215.6,53.56,43.82,1.11
无锡振华,sh605319,26.21,25.8,25.8,4721500.0,26.2,7200,26.21,8600,1.59,26.3,25.55,4721500,122860000.0,1.36,2.91,91.25,91.76,28.38,23.22,0.87
联科科技,sz001207,21.24,20.83,20.5,14114200.0,21.24,51100,21.25,16600,1.97,21.24,20.5,14114200,294510000.0,4.82,3.55,62.15,64.39,22.91,18.75,0.9
*ST国华,sz000004,2.76,2.76,0.0,0.0,0.0,0,0.0,0,0.0,0.0,0.0,0,0.0,0.0,0.0,3.49,3.65,2.9,2.62,0.0
海欣股份,sh600851,7.74,7.81,7.8,13738900.0,7.74,5800,7.75,36100,-0.9,8.05,7.63,13738900,107200000.0,1.86,5.38,57.14,93.43,8.59,7.03,0.85
*ST沪科,sh600608,2.07,2.07,0.0,0.0,0.0,0,0.0,0,0.0,0.0,0.0,0,0.0,0.0,0.0,6.59,6.81,2.17,1.97,0.0
嘉欣丝绸,sz002404,6.94,6.95,6.94,9168100.0,6.93,500,6.94,22200,-0.14,7.04,6.87,9168100,63790000.0,2.01,2.45,31.61,38.87,7.65,6.26,1.01
华海清科,sh688120,267.51,250.5,253.0,1589812800.0,267.19,200,267.51,600,6.79,288.68,248.69,1589812800,4242140000.0,4.5,15.96,946.05,946.05,300.6,200.4,1.45
常熟银行,sh601128,7.17,7.27,7.26,47946300.0,7.17,229200,7.18,115200,-1.38,7.27,7.13,47946300,345260000.0,1.45,1.93,237.79,237.79,8.0,6.54,1.14
陕建股份,sh600248,3.36,3.39,3.38,21415900.0,3.35,355100,3.36,12800,-0.88,3.4,3.33,21415900,72070000.0,0.58,2.06,124.51,125.66,3.73,3.05,0.87
淮河能源,sh600575,3.69,3.72,3.72,102056600.0,3.68,1070900,3.69,237400,-0.81,3.77,3.59,102056600,373340000.0,2.63,4.84,143.4,264.45,4.09,3.35,0.87
ST豆神,sz300010,2.69,2.94,2.92,116973100.0,2.68,1197100,2.69,297000,-8.5,2.94,2.68,116973100,325860000.0,7.03,8.84,44.74,55.59,3.53,2.35,1.07
永东股份,sz002753,6.94,6.99,6.98,6196800.0,6.93,4400,6.94,39500,-0.72,7.04,6.89,6196800,43180000.0,2.55,2.15,16.85,29.75,7.69,6.29,0.81
东莞控股,sz000828,10.28,10.3,10.3,4715200.0,10.27,1700,10.28,46100,-0.19,10.33,10.18,4715200,48430000.0,0.45,1.46,106.86,106.86,11.33,9.27,0.66
翰宇药业,sz300199,23.36,22.54,22.36,77834000.0,23.35,31800,23.36,700,3.64,23.9,22.35,77834000,1827530000.0,10.45,6.88,174.07,206.33,27.05,18.03,1.26
赛微微电,sh688325,112.35,112.97,113.99,211637900.0,112.35,27300,112.49,200,-0.55,117.0,110.05,211637900,239490000.0,2.54,6.15,93.46,96.78,135.56,90.38,0.94
山子高科,sz000981,4.41,4.35,4.35,931395200.0,4.41,5580900,4.42,2593500,1.38,4.58,4.33,931395200,4161000000.0,9.79,5.75,419.54,440.89,4.79,3.92,1.19
恒辉安防,sz300952,37.21,35.6,36.0,7941100.0,37.2,3100,37.21,13200,4.52,38.35,35.23,7941100,295430000.0,7.48,8.76,39.49,64.22,42.72,28.48,1.52
黔源电力,sz002039,20.25,20.94,20.85,15397300.0,20.25,7400,20.26,3800,-3.3,21.0,20.01,15397300,312170000.0,3.6,4.73,86.58,86.58,23.03,18.85,0.93
杭华股份,sh688571,9.32,9.3,9.24,1447247600.0,9.31,80000,9.32,14200,0.22,9.48,9.2,1447247600,135220000.0,3.41,3.01,39.53,39.53,11.16,7.44,1.26
格力电器,sz000651,40.28,40.22,40.09,48979600.0,40.27,20300,40.28,60500,0.15,40.68,39.92,48979600,1981440000.0,0.89,1.89,2224.27,2256.25,44.24,36.2,1.09
安乃达,sh603350,36.25,34.9,34.8,2382700.0,36.24,1700,36.25,22000,3.87,36.88,34.8,2382700,85940000.0,5.4,5.96,16.0,42.23,38.39,31.41,2.1
北元化工,sh601568,3.81,3.88,3.86,30365300.0,3.81,82900,3.82,196200,-1.8,3.92,3.8,30365300,117420000.0,0.76,3.09,151.34,151.34,4.27,3.49,1.32
ST东时,sh603377,3.58,3.63,3.65,10912300.0,3.58,50400,3.59,8000,-1.38,3.7,3.57,10912300,39600000.0,1.53,3.58,25.61,25.61,3.81,3.45,1.35
富淼科技,sh688350,34.5,35.24,35.51,466820800.0,34.49,200,34.5,7900,-2.1,36.2,34.0,466820800,162550000.0,3.26,6.24,49.42,49.42,42.29,28.19,0.41
淮北矿业,sh600985,13.42,13.2,13.24,21344300.0,13.42,11300,13.43,6100,1.67,13.6,13.12,21344300,285490000.0,0.79,3.64,361.44,361.44,14.52,11.88,1.12
ST华铭,sz300462,13.48,13.45,13.45,1795600.0,13.47,200,13.48,500,0.22,13.74,13.33,1795600,24340000.0,1.3,3.05,18.61,24.43,16.14,10.76,0.59
上海临港,sh600848,8.7,8.95,8.98,23758300.0,8.7,45200,8.71,8600,-2.79,9.06,8.66,23758300,209000000.0,0.99,4.47,208.27,219.46,9.85,8.06,1.5
万里股份,sh600847,15.36,15.29,14.69,8192700.0,15.36,2500,15.38,1000,0.46,15.55,14.65,8192700,124700000.0,5.34,5.89,23.54,23.54,16.82,13.76,2.14
迈克生物,sz300463,10.34,10.51,10.51,9467800.0,10.34,51400,10.35,9700,-1.62,10.58,10.25,9467800,98440000.0,1.93,3.14,50.82,62.52,12.61,8.41,0.8
正海磁材,sz300224,13.33,13.27,13.27,26702700.0,13.33,83900,13.34,10400,0.45,13.78,13.2,26702700,358800000.0,2.88,4.37,123.61,124.06,15.92,10.62,1.11
力合科技,sz300800,12.51,12.71,12.74,3986600.0,12.51,7800,12.53,1000,-1.57,12.76,12.38,3986600,50070000.0,1.7,2.99,29.31,29.62,15.25,10.17,1.09
中国广核,sz003816,4.78,4.76,4.75,147297000.0,4.77,223800,4.78,225500,0.42,4.82,4.68,147297000,699550000.0,0.37,2.94,1880.22,2413.84,5.24,4.28,0.98
东方财富,sz300059,19.73,20.18,20.17,369544500.0,19.73,30400,19.74,86000,-2.23,20.33,19.67,369544500,7371280000.0,2.77,3.27,2631.54,3118.14,24.22,16.14,0.93
天微电子,sh688511,22.16,22.72,22.7,267117100.0,22.15,2700,22.16,6000,-2.46,22.95,21.9,267117100,59480000.0,2.0,4.62,29.62,29.62,27.26,18.18,0.49
田中精机,sz300461,53.97,52.87,51.93,13497100.0,53.97,5700,53.98,7800,2.08,56.15,51.4,13497100,727150000.0,9.39,8.98,77.56,84.76,63.44,42.3,1.07
真爱美家,sz003041,62.24,63.11,62.61,3411000.0,62.24,1100,62.27,900,-1.38,64.54,61.82,3411000,214380000.0,2.49,4.31,85.16,89.63,69.42,56.8,0.54
中国铁建,sh601186,6.59,6.66,6.66,64862300.0,6.58,1042700,6.59,190400,-1.05,6.67,6.58,64862300,428890000.0,0.56,1.35,758.06,894.89,7.33,5.99,1.24
霍普股份,sz301024,51.51,48.24,48.22,2818700.0,51.51,2100,51.54,1000,6.78,52.23,47.56,2818700,144620000.0,4.58,9.68,31.71,32.75,57.89,38.59,1.34
鹏鼎控股,sz002938,85.91,84.17,85.76,38477700.0,85.91,0,85.93,700,2.07,88.5,82.5,38477700,3292970000.0,1.67,7.13,1984.03,1991.44,92.59,75.75,0.95
贝达药业,sz300558,50.55,50.1,50.09,10255500.0,50.55,7900,50.56,3600,0.9,51.28,49.2,10255500,516260000.0,2.45,4.15,212.0,212.68,60.12,40.08,0.78
纬达光电,bj920001,16.5,16.17,15.8,5565200.0,16.5,100,16.56,1500,2.04,17.25,15.8,5565200,92410700.0,6.27,8.97,14.63,25.35,21.02,11.32,1.97
弘亚数控,sz002833,21.61,22.31,22.19,8598400.0,21.61,3800,21.62,18800,-3.14,22.41,21.5,8598400,188380000.0,2.98,4.08,62.29,91.68,24.54,20.08,0.95
风华高科,sz000636,27.0,28.21,28.3,70801500.0,26.99,64100,27.0,90400,-4.29,28.7,26.7,70801500,1940000000.0,6.12,7.09,312.39,312.39,31.03,25.39,0.76
万东医疗,sh600055,13.31,13.11,13.13,9614500.0,13.3,32400,13.31,7600,1.53,13.86,13.06,9614500,128990000.0,1.37,6.1,93.58,93.58,14.42,11.8,1.52
旺能环境,sz002034,23.03,22.01,22.46,54820100.0,23.03,98300,23.04,300,4.63,23.8,21.89,54820100,1256490000.0,10.83,8.68,116.63,117.12,24.21,19.81,1.62
康拓医疗,sh688314,44.93,43.66,43.56,243150700.0,44.9,1000,44.93,3400,2.91,45.99,43.01,243150700,108930000.0,2.99,6.83,36.5,36.5,52.39,34.93,1.1
*ST海钦,sh600753,13.79,13.78,13.92,1685100.0,13.78,2400,13.79,9500,0.07,13.92,13.73,1685100,23240000.0,0.73,1.38,31.76,31.76,14.47,13.09,0.52
中铁工业,sh600528,7.63,7.77,7.77,18025300.0,7.63,35800,7.64,18300,-1.8,7.82,7.6,18025300,138720000.0,0.81,2.83,169.5,169.5,8.55,6.99,1.11
浙江交科,sz002061,3.77,3.81,3.82,17879200.0,3.77,124800,3.78,334100,-1.05,3.82,3.75,17879200,67640000.0,0.69,1.84,97.99,100.82,4.19,3.43,0.87
海创药业-U,sh688302,43.7,43.78,44.09,112013800.0,43.68,200,43.7,400,-0.18,44.09,43.1,112013800,48850000.0,1.13,2.26,43.27,43.27,52.54,35.02,0.63
京东方Ａ,sz000725,4.14,4.22,4.22,821594500.0,4.13,4129200,4.14,5356600,-1.9,4.24,4.12,821594500,3418420000.0,2.26,2.84,1504.54,1533.64,4.64,3.8,1.22
中金辐照,sz300962,14.07,14.3,14.29,3660800.0,14.06,1900,14.07,5800,-1.61,14.3,14.0,3660800,51830000.0,1.39,2.1,37.15,37.15,17.16,11.44,0.62
民爆光电,sz301362,181.8,183.22,184.0,2350000.0,181.8,200,181.93,6700,-0.78,191.99,177.0,2350000,429840000.0,7.92,8.18,53.94,190.29,219.86,146.58,0.81
恒兴新材,sh603276,17.91,17.99,17.96,2363700.0,17.89,1300,17.91,900,-0.44,18.18,17.74,2363700,42530000.0,3.12,2.45,13.55,37.19,19.79,16.19,0.72
奥赛康,sz002755,16.79,16.83,16.74,12614200.0,16.79,400,16.8,16600,-0.24,17.04,16.54,12614200,211680000.0,1.36,2.97,155.84,155.84,18.51,15.15,0.65
中原环保,sz000544,8.14,8.28,8.28,5699200.0,8.14,1200,8.15,1000,-1.69,8.29,8.1,5699200,46650000.0,0.58,2.29,79.34,79.34,9.11,7.45,0.96
迪阿股份,sz301177,31.17,31.09,31.0,3400000.0,31.17,8400,31.2,100,0.26,32.7,30.46,3400000,107290000.0,0.85,7.2,124.68,124.77,37.31,24.87,1.52
浙江华业,sz301616,44.37,43.8,44.2,1045100.0,44.36,1200,44.37,700,1.3,45.4,43.43,1045100,46480000.0,3.68,4.5,12.6,35.5,52.56,35.04,1.03
西点药业,sz301130,31.56,32.23,32.21,1630900.0,31.55,2600,31.56,14400,-2.08,32.26,31.23,1630900,51760000.0,2.76,3.2,18.63,24.14,38.68,25.78,0.92
炬芯科技,sh688049,49.85,50.35,51.09,811776200.0,49.85,2100,49.86,200,-0.99,51.34,49.13,811776200,407930000.0,4.63,4.39,87.32,87.32,60.42,40.28,0.95
闽东电力,sz000993,13.28,13.76,13.61,33838100.0,13.28,71000,13.29,16800,-3.49,13.65,13.09,33838100,450700000.0,7.69,4.07,58.4,60.82,15.14,12.38,0.92
宏达高科,sz002144,13.53,13.7,13.71,4406700.0,13.53,2100,13.56,3600,-1.24,13.85,13.39,4406700,59770000.0,3.2,3.36,18.62,23.92,15.07,12.33,0.92
富邦科技,sz300387,8.77,8.85,8.89,5881000.0,8.77,2400,8.78,1800,-0.9,8.97,8.72,5881000,52110000.0,2.04,2.82,25.34,25.35,10.62,7.08,0.86
青松建化,sh600425,3.93,4.0,4.01,21743800.0,3.92,181900,3.93,132400,-1.75,4.02,3.9,21743800,85990000.0,1.36,3.0,63.06,63.06,4.4,3.6,1.1
奥特维,sh688516,80.68,88.86,87.55,1999025500.0,80.67,900,80.68,3200,-9.21,87.55,77.88,1999025500,1619140000.0,6.35,10.88,253.95,254.41,106.63,71.09,1.36
维尔利,sz300190,4.62,4.49,4.49,73627100.0,4.62,274800,4.63,250100,2.9,4.76,4.36,73627100,339560000.0,7.8,8.91,43.62,43.8,5.39,3.59,1.44
长源电力,sz000966,4.87,4.87,4.89,119179000.0,4.87,432600,4.88,157000,0.0,4.93,4.72,119179000,574810000.0,3.65,4.31,158.84,169.53,5.36,4.38,0.87
爱迪特,sz301580,63.31,72.93,72.74,10701500.0,63.31,200,63.39,300,-13.19,73.14,62.1,10701500,700200000.0,14.86,15.14,45.59,67.47,87.52,58.34,2.49
德源药业,bj920735,26.52,27.34,27.34,2296400.0,26.52,3800,26.54,5000,-3.0,27.61,26.5,2296400,61517500.0,2.01,4.06,30.27,34.22,35.54,19.14,1.3
热威股份,sh603075,24.66,24.7,24.93,1351000.0,24.64,1900,24.66,12200,-0.16,24.93,24.48,1351000,33330000.0,3.28,1.82,10.17,99.25,27.17,22.23,0.68
高铁电气,sh688285,9.18,9.29,9.29,360009600.0,9.17,5100,9.18,75900,-1.18,9.45,9.1,360009600,33300000.0,0.96,3.77,34.54,34.54,11.15,7.43,0.99
*ST春天,sh600381,5.31,5.06,5.31,45434300.0,5.31,1402200,0.0,0,4.94,5.31,5.0,45434300,238160000.0,7.74,6.13,31.17,31.17,5.31,4.81,6.26
昌红科技,sz300151,19.53,19.84,19.83,23795700.0,19.52,28200,19.53,2300,-1.56,20.12,19.36,23795700,467190000.0,6.45,3.83,72.0,104.0,23.81,15.87,1.1
京基智农,sz000048,14.34,14.62,14.51,8781100.0,14.33,4100,14.34,2200,-1.92,14.56,14.26,8781100,126360000.0,1.66,2.05,75.97,76.04,16.08,13.16,0.76
明冠新材,sh688560,16.52,17.03,17.03,696388700.0,16.52,9800,16.53,1000,-2.99,17.15,16.28,696388700,115460000.0,3.46,5.11,33.26,33.26,20.44,13.62,1.07
盐 田 港,sz000088,4.51,4.63,4.62,37682100.0,4.51,708500,4.52,32600,-2.59,4.64,4.49,37682100,171420000.0,1.19,3.24,142.65,234.5,5.09,4.17,1.21
浙江自然,sh605080,26.98,26.51,26.58,2340200.0,26.98,6900,26.99,600,1.77,27.6,26.48,2340200,63470000.0,1.67,4.22,37.87,38.19,29.16,23.86,0.8
中海油服,sh601808,14.1,14.12,14.14,17662100.0,14.1,3500,14.11,83200,-0.14,14.25,14.07,17662100,249990000.0,0.6,1.27,417.43,672.79,15.53,12.71,1.0
宝丰能源,sh600989,28.48,28.32,28.34,101734800.0,28.48,198900,28.49,19400,0.56,29.16,27.81,101734800,2906640000.0,1.39,4.77,2088.54,2088.54,31.15,25.49,1.21
国泰环保,sz301203,49.17,50.45,50.5,1289500.0,49.09,300,49.18,300,-2.54,50.76,49.01,1289500,64170000.0,2.94,3.47,21.56,39.34,60.54,40.36,0.78
湖北能源,sz000883,4.8,4.85,4.86,63738800.0,4.8,97200,4.81,192100,-1.03,4.86,4.71,63738800,304460000.0,0.98,3.09,311.02,339.81,5.34,4.37,1.01
矩子科技,sz300802,22.14,21.85,21.82,7696500.0,22.14,7500,22.15,8300,1.33,22.52,21.49,7696500,169730000.0,3.95,4.71,43.11,62.89,26.22,17.48,1.06
东北证券,sz000686,8.22,8.45,8.44,38513100.0,8.21,93700,8.22,42700,-2.72,8.46,8.14,38513100,319100000.0,1.65,3.79,192.39,192.39,9.3,7.61,1.28
新 华 都,sz002264,7.63,8.2,8.12,40248800.0,7.63,5400,7.64,28100,-6.95,8.18,7.56,40248800,312200000.0,6.15,7.56,49.96,54.92,9.02,7.38,2.2
继峰股份,sh603997,13.62,13.22,13.3,24603700.0,13.61,5700,13.62,900,3.03,13.82,13.21,24603700,334350000.0,1.93,4.61,173.28,173.28,14.54,11.9,0.91
海希通讯,bj920405,16.6,16.5,17.05,1723400.0,16.6,5300,16.62,3300,0.61,17.05,16.3,1723400,28786300.0,1.57,4.55,18.27,23.28,21.45,11.55,0.91
赛托生物,sz300583,14.96,15.36,15.18,4359600.0,14.95,6900,14.96,9900,-2.6,15.51,14.83,4359600,65530000.0,2.34,4.43,27.85,28.38,18.43,12.29,1.1
乐歌股份,sz300729,12.68,12.7,12.7,5750200.0,12.68,11100,12.69,3200,-0.16,13.21,12.56,5750200,73620000.0,1.75,5.12,41.71,43.32,15.24,10.16,1.16
博腾股份,sz300363,15.55,16.46,15.66,44322000.0,15.55,288900,15.56,6400,-5.53,16.32,15.51,44322000,701840000.0,8.88,4.92,77.57,84.51,19.75,13.17,2.26
诚邦股份,sh603316,18.61,18.48,18.4,18218500.0,18.6,21000,18.61,2100,0.7,19.36,18.32,18218500,339700000.0,6.89,5.63,49.18,49.18,20.33,16.63,0.61
南网能源,sz003035,7.43,7.72,7.65,78260100.0,7.43,667400,7.44,150000,-3.76,7.73,7.37,78260100,585400000.0,2.07,4.66,281.44,281.44,8.49,6.95,0.69
怡 亚 通,sz002183,7.17,7.51,7.49,267312000.0,7.17,103000,7.18,541000,-4.53,7.66,7.11,267312000,1946230000.0,10.29,7.32,186.2,186.21,8.26,6.76,0.81
微光股份,sz002801,33.06,32.11,32.12,3695100.0,33.05,400,33.06,1100,2.96,33.89,32.04,3695100,122130000.0,3.19,5.76,38.28,75.92,35.32,28.9,1.54
永利股份,sz300230,5.05,5.03,5.03,13884300.0,5.05,34000,5.06,85100,0.4,5.13,5.01,13884300,70390000.0,2.2,2.39,31.81,41.07,6.04,4.02,1.1
顺网科技,sz300113,27.27,28.01,28.25,53522400.0,27.26,44000,27.27,83300,-2.64,28.8,26.97,53522400,1491140000.0,10.51,6.53,138.81,183.84,33.61,22.41,0.86
长沙银行,sh601577,9.45,9.56,9.55,22769600.0,9.44,12600,9.45,56300,-1.15,9.58,9.38,22769600,215520000.0,0.57,2.09,379.95,380.04,10.52,8.6,1.37
融捷健康,sz300247,4.99,4.47,4.46,86615000.0,4.98,158100,4.99,18700,11.63,5.15,4.42,86615000,423090000.0,10.79,16.33,40.07,40.12,5.36,3.58,2.18
齐翔腾达,sz002408,5.81,5.88,5.9,37996800.0,5.81,14100,5.82,111900,-1.19,5.98,5.77,37996800,221770000.0,1.38,3.57,159.84,165.17,6.47,5.29,1.0
银禧科技,sz300221,12.28,12.75,12.66,54788600.0,12.28,69600,12.29,42200,-3.69,12.85,12.2,54788600,681580000.0,11.98,5.1,56.14,58.18,15.3,10.2,1.62
桂林三金,sz002275,14.12,14.23,14.23,2059400.0,14.11,3500,14.12,22200,-0.77,14.28,14.03,2059400,29170000.0,0.37,1.76,78.66,82.96,15.65,12.81,0.89
至正股份,sh603991,125.64,125.08,123.92,2799200.0,125.64,400,125.66,100,0.45,128.7,123.0,2799200,352770000.0,3.76,4.56,93.65,191.86,137.59,112.57,1.11
朗姿股份,sz002612,16.39,16.11,16.1,7498500.0,16.38,85200,16.39,5200,1.74,16.43,16.06,7498500,122140000.0,2.95,2.3,41.71,72.52,17.72,14.5,1.18
钛能化学,sz002145,4.54,4.58,4.58,51944800.0,4.54,301700,4.55,63600,-0.87,4.67,4.53,51944800,238970000.0,1.36,3.06,172.81,172.82,5.04,4.12,0.95
铜冠矿建,bj920019,17.55,18.0,17.97,2438100.0,17.53,7300,17.55,400,-2.5,18.01,17.43,2438100,43233700.0,1.46,3.22,29.4,36.9,23.4,12.6,1.0
楚天科技,sz300358,9.37,9.45,9.49,16681400.0,9.35,6100,9.37,69000,-0.85,9.58,9.27,16681400,157320000.0,2.38,3.28,65.71,67.0,11.34,7.56,0.83
国药一致,sz000028,24.14,24.19,24.22,2156100.0,24.14,8500,24.15,1000,-0.21,24.31,24.07,2156100,52130000.0,0.45,0.99,115.4,134.35,26.61,21.77,0.6
协鑫能科,sz002015,21.71,23.5,23.11,250037100.0,21.7,191600,21.71,853900,-7.62,23.6,21.2,250037100,5548050000.0,15.4,10.21,352.42,352.42,25.85,21.15,1.22
万和电气,sz002543,8.03,8.05,8.08,3684300.0,8.03,5400,8.04,25500,-0.25,8.13,8.03,3684300,29740000.0,0.56,1.24,53.13,59.71,8.86,7.25,0.89
中建环能,sz300425,4.71,4.77,4.79,7562400.0,4.71,6200,4.72,22400,-1.26,4.8,4.68,7562400,35880000.0,1.11,2.52,32.06,32.13,5.72,3.82,0.77
网宿科技,sz300017,18.99,18.7,19.05,328248900.0,18.99,208200,19.0,250000,1.55,20.15,18.8,328248900,6383240000.0,14.02,7.22,444.64,473.93,22.44,14.96,1.23
同花顺,sz300033,231.45,237.0,238.0,16775500.0,231.45,300,231.48,600,-2.34,241.62,230.1,16775500,3935200000.0,3.83,4.86,1014.7,1741.99,284.4,189.6,0.9
永兴股份,sh601033,15.0,15.14,15.15,5701600.0,14.99,500,15.0,13300,-0.92,15.19,14.87,5701600,85450000.0,2.38,2.11,36.0,135.0,16.65,13.63,0.94
梅花生物,sh600873,9.07,9.15,9.15,27928500.0,9.06,204400,9.07,33500,-0.87,9.19,9.05,27928500,254420000.0,1.0,1.53,254.34,254.34,10.07,8.24,0.71
共同药业,sz300966,27.1,27.29,27.2,4007200.0,27.1,4400,27.13,300,-0.7,27.91,26.63,4007200,108530000.0,5.23,4.69,20.78,31.24,32.75,21.83,0.68
铁建重工,sh688425,4.61,4.64,4.64,1819140300.0,4.6,294900,4.61,198100,-0.65,4.67,4.58,1819140300,84210000.0,0.34,1.94,245.87,245.87,5.57,3.71,0.98
龙磁科技,sz300835,114.7,121.88,121.17,8013900.0,114.7,200,114.73,700,-5.89,122.99,113.0,8013900,936760000.0,9.64,8.2,95.37,136.78,146.26,97.5,1.61
有研新材,sh600206,30.58,32.29,31.98,105679700.0,30.57,105100,30.58,22400,-5.3,32.9,30.2,105679700,3294920000.0,12.48,8.36,258.88,258.88,35.52,29.06,0.95
恒申新材,sz000782,8.25,7.84,7.92,63540800.0,8.25,13300,8.26,119700,5.23,8.62,7.92,63540800,534410000.0,12.03,8.93,43.57,56.64,8.62,7.06,1.1
浦东金桥,sh600639,10.17,10.28,10.28,6745800.0,10.17,115100,10.18,16400,-1.07,10.28,10.16,6745800,68850000.0,0.79,1.17,86.47,114.15,11.31,9.25,0.75
中远海控,sh601919,14.17,14.3,14.35,100887300.0,14.16,192700,14.17,191300,-0.91,14.36,14.05,100887300,1428950000.0,0.8,2.17,1779.22,2169.81,15.73,12.87,1.02
九州通,sh600998,4.95,4.99,4.99,33179600.0,4.94,609800,4.95,213400,-0.8,5.0,4.91,33179600,164200000.0,0.66,1.8,249.6,249.6,5.49,4.49,1.01
皓元医药,sh688131,70.92,69.8,69.69,481725700.0,70.92,800,71.0,1200,1.6,72.21,69.66,481725700,341840000.0,2.27,3.65,150.42,150.42,83.76,55.84,0.8
中科曙光,sh603019,94.46,97.59,97.52,80334000.0,94.46,35900,94.47,51900,-3.21,99.36,94.0,80334000,7704250000.0,5.49,5.49,1381.67,1382.06,107.35,87.83,0.99
苏农银行,sh603323,4.79,4.84,4.84,25393300.0,4.79,290700,4.8,84000,-1.03,4.85,4.77,25393300,122130000.0,1.26,1.65,96.69,96.69,5.32,4.36,1.22
赣粤高速,sh600269,4.39,4.39,4.38,13062400.0,4.38,25600,4.39,207100,0.0,4.42,4.36,13062400,57260000.0,0.56,1.37,102.52,102.52,4.83,3.95,0.85
荣盛石化,sz002493,13.03,13.05,13.15,52537700.0,13.02,66300,13.03,9100,-0.15,13.37,12.89,52537700,688320000.0,0.56,3.68,1216.75,1301.62,14.36,11.75,0.96
中国电建,sh601669,5.76,5.83,5.82,285014800.0,5.75,1067500,5.76,582500,-1.2,5.86,5.73,285014800,1648250000.0,2.18,2.23,752.92,992.23,6.41,5.25,0.69
三六零,sh601360,10.98,11.07,11.08,98586100.0,10.97,434800,10.98,275300,-0.81,11.27,10.94,98586100,1095190000.0,1.41,2.98,768.55,768.55,12.18,9.96,0.84
蓝特光学,sh688127,95.5,97.1,96.6,1196672600.0,95.5,2200,95.51,1400,-1.65,99.87,93.05,1196672600,1152870000.0,2.95,7.02,387.63,387.63,116.52,77.68,1.0
本立科技,sz301065,23.58,23.9,23.85,1920500.0,23.58,10200,23.64,900,-1.34,24.04,23.41,1920500,45540000.0,2.23,2.64,20.35,25.0,28.68,19.12,0.89
中微半导,sh688380,51.41,50.5,50.4,1768377300.0,51.4,24000,51.41,15300,1.8,53.7,48.68,1768377300,906360000.0,4.42,9.94,205.83,205.83,60.6,40.4,1.18
龙净环保,sh600388,18.84,19.21,19.24,15891200.0,18.83,18000,18.84,5800,-1.93,19.35,18.6,15891200,301360000.0,1.25,3.9,239.28,239.28,21.13,17.29,1.0
冀中能源,sz000937,5.43,5.47,5.47,19847300.0,5.42,279400,5.43,434700,-0.73,5.48,5.41,19847300,107820000.0,0.58,1.28,186.43,191.87,6.02,4.92,0.5
三湘印象,sz000863,5.62,5.3,5.3,47789300.0,5.61,21800,5.62,15600,6.04,5.69,5.23,47789300,263500000.0,4.11,8.68,65.37,66.36,5.83,4.77,1.04
辉煌科技,sz002296,11.45,11.53,11.55,10231500.0,11.45,40000,11.46,18700,-0.69,11.75,11.35,10231500,118200000.0,2.95,3.47,39.77,44.61,12.68,10.38,0.65
*ST中地,sz000736,5.49,5.47,5.47,5793000.0,5.49,107200,5.5,52700,0.37,5.51,5.42,5793000,31700000.0,0.78,1.65,41.02,41.02,5.74,5.2,0.77
*ST中设,sz002883,9.92,9.71,9.7,5039800.0,9.91,600,9.92,14100,2.16,9.96,9.7,5039800,49660000.0,3.29,2.68,15.21,15.49,10.2,9.22,0.72
中粮科工,sz301058,9.75,9.86,9.93,5428900.0,9.74,3000,9.75,6300,-1.12,9.93,9.7,5428900,53230000.0,1.06,2.33,49.95,49.95,11.83,7.89,0.64
步长制药,sh603858,15.81,16.24,16.2,7143600.0,15.81,12200,15.82,43200,-2.65,16.28,15.71,7143600,114230000.0,0.68,3.51,166.73,166.73,17.86,14.62,0.91
重庆银行,sh601963,10.72,10.98,10.9,18435500.0,10.72,22900,10.73,8600,-2.37,10.91,10.45,18435500,196480000.0,0.91,4.19,218.05,388.68,12.08,9.88,1.46
天新药业,sh603235,25.6,25.6,25.6,424000.0,25.6,2300,25.62,1000,0.0,25.74,25.49,424000,10840000.0,0.1,0.98,112.07,112.07,28.16,23.04,0.8
成都银行,sh601838,18.72,18.75,18.8,16790800.0,18.7,1100,18.72,19700,-0.16,18.88,18.64,16790800,314400000.0,0.4,1.28,793.44,793.44,20.63,16.88,0.9
北京银行,sh601169,5.23,5.25,5.25,98150500.0,5.22,5859100,5.23,221600,-0.38,5.25,5.22,98150500,513840000.0,0.46,0.57,1105.78,1105.78,5.78,4.73,1.03
达梦数据,sh688692,263.57,264.69,266.07,161756500.0,263.57,1300,263.63,400,-0.42,269.98,260.02,161756500,427570000.0,2.21,3.76,192.77,298.47,317.63,211.75,0.59
重庆燃气,sh600917,5.49,5.33,5.33,28475900.0,5.49,74500,5.5,94800,3.0,5.65,5.26,28475900,156180000.0,1.82,7.32,85.7,85.7,5.86,4.8,3.85
圣达生物,sh603079,15.46,15.69,15.6,2262300.0,15.46,1600,15.47,3500,-1.47,15.68,15.34,2262300,35050000.0,1.2,2.17,29.22,29.22,17.26,14.12,0.67
维宏股份,sz300508,49.7,43.68,43.68,12883400.0,49.7,14600,49.72,100,13.78,51.54,43.62,12883400,619270000.0,15.71,18.13,40.75,54.1,52.42,34.94,2.41
招商证券,sh600999,15.79,16.01,15.99,39774300.0,15.78,6700,15.79,28400,-1.37,16.09,15.68,39774300,632050000.0,0.54,2.56,1171.93,1373.18,17.61,14.41,0.84
美信科技,sz301577,75.03,73.84,74.02,2245300.0,74.95,600,75.15,800,1.61,77.6,73.89,2245300,169690000.0,11.92,5.02,14.14,33.79,88.61,59.07,1.17
泽璟制药-U,sh688266,102.35,100.6,100.32,335323600.0,102.35,1500,102.36,600,1.74,103.59,100.01,335323600,341470000.0,1.27,3.56,270.93,270.93,120.72,80.48,0.63
明牌珠宝,sz002574,5.51,5.6,5.58,6905800.0,5.5,1800,5.51,39300,-1.61,5.61,5.46,6905800,38180000.0,1.31,2.68,29.09,29.09,6.16,5.04,0.84
中际旭创,sz300308,1049.87,1078.0,1068.99,27625300.0,1049.87,100,1049.88,500,-2.61,1099.87,1034.0,27625300,29275320000.0,2.49,6.11,11635.77,11691.36,1293.6,862.4,0.97
上峰水泥,sz000672,17.18,16.79,16.88,44199900.0,17.18,83900,17.19,5200,2.32,17.71,16.73,44199900,760190000.0,4.56,5.84,166.54,166.54,18.47,15.11,0.96
中粮糖业,sh600737,15.68,15.89,15.9,46505800.0,15.67,75400,15.68,34300,-1.32,16.5,15.56,46505800,744490000.0,2.17,5.92,335.37,335.37,17.48,14.3,0.97
金禄电子,sz301282,27.53,28.12,28.17,13987200.0,27.53,4000,27.56,1100,-2.1,28.99,27.3,13987200,393180000.0,7.92,6.01,48.61,58.07,33.74,22.5,1.0
昀冢科技,sh688260,48.95,50.76,51.27,981073100.0,48.93,700,48.95,4900,-3.57,51.57,48.0,981073100,483730000.0,8.18,7.03,58.74,58.74,60.91,40.61,0.75
东山精密,sz002384,203.35,214.89,212.86,101979100.0,203.34,900,203.35,5000,-5.37,215.63,196.12,101979100,20908500000.0,7.36,9.08,2819.09,3724.57,236.38,193.4,1.2
XD大豪科,sh603025,16.49,16.42,16.39,13601100.0,16.49,12200,16.5,51800,0.43,16.86,16.34,13601100,225300000.0,1.23,3.17,182.9,184.14,18.06,14.78,0.67
粤高速Ａ,sz000429,13.13,13.05,13.07,6682600.0,13.11,8000,13.13,21100,0.61,13.13,12.94,6682600,87130000.0,0.51,1.46,171.13,274.52,14.36,11.75,0.86
中国石化,sh600028,5.13,5.15,5.13,281343100.0,5.13,1246500,5.14,3589000,-0.39,5.17,5.09,281343100,1444230000.0,0.3,1.55,4860.8,6203.48,5.67,4.64,0.93
中旗股份,sz300575,6.98,6.83,6.82,25218500.0,6.98,25300,6.99,133700,2.2,7.0,6.68,25218500,173010000.0,7.36,4.69,23.92,33.29,8.2,5.46,1.81
中国电研,sh688128,27.01,26.97,27.01,349636900.0,27.0,1000,27.01,8500,0.15,27.58,26.79,349636900,94980000.0,0.86,2.93,109.26,109.26,32.36,21.58,1.12
长青股份,sz002391,6.21,6.27,6.29,6960200.0,6.2,61900,6.21,3500,-0.96,6.32,6.15,6960200,43460000.0,1.5,2.71,28.82,40.34,6.9,5.64,1.03
麦澜德,sh688273,44.55,45.14,45.48,131423800.0,44.4,2500,44.55,5900,-1.31,45.84,43.67,131423800,58630000.0,1.31,4.81,44.55,44.55,54.17,36.11,0.84
神马电力,sh603530,58.83,63.4,63.0,7351100.0,58.83,1400,58.85,5500,-7.21,63.0,58.76,7351100,443060000.0,1.72,6.69,251.48,253.96,69.74,57.06,0.87
辉隆股份,sz002556,5.61,5.69,5.71,16117000.0,5.61,41300,5.62,82900,-1.41,5.71,5.59,16117000,90720000.0,1.7,2.11,53.04,53.1,6.26,5.12,0.91
金河生物,sz002688,5.88,5.93,5.94,9485100.0,5.88,23000,5.89,97400,-0.84,5.95,5.83,9485100,55800000.0,1.27,2.02,43.95,45.25,6.52,5.34,1.07
山西证券,sz002500,5.36,5.51,5.51,44138500.0,5.35,101500,5.36,141700,-2.72,5.53,5.31,44138500,238760000.0,1.23,3.99,192.41,192.41,6.06,4.96,1.49
天鹅股份,sh603029,19.23,19.35,19.39,1871200.0,19.23,3700,19.29,6100,-0.62,19.56,19.0,1871200,36090000.0,1.54,2.89,23.33,23.33,21.29,17.42,0.97
共达电声,sz002655,37.41,36.94,36.52,48114400.0,37.4,62800,37.41,18400,1.27,38.51,36.2,48114400,1801650000.0,13.25,6.25,135.83,136.1,40.63,33.25,0.72
博汇纸业,sh600966,6.07,6.11,6.09,13064800.0,6.07,127800,6.09,43200,-0.65,6.23,6.05,13064800,80030000.0,0.98,2.95,81.15,81.15,6.72,5.5,0.68
上海凯宝,sz300039,5.62,5.62,5.65,6668500.0,5.61,142200,5.62,160500,0.0,5.66,5.59,6668500,37510000.0,0.73,1.25,51.53,58.79,6.74,4.5,0.66
万通发展,sh600246,13.31,12.52,12.77,216660500.0,13.31,89600,13.32,54700,6.31,13.77,12.68,216660500,2932950000.0,11.46,8.71,251.61,258.61,13.77,11.27,1.8
顾家家居,sh603816,31.79,32.96,32.64,6888700.0,31.79,2100,31.85,37100,-3.55,33.25,31.51,6888700,221780000.0,0.85,5.28,258.19,261.14,36.26,29.66,0.82
华帝股份,sz002035,5.55,5.73,5.73,21606700.0,5.54,85100,5.55,42100,-3.14,5.73,5.5,21606700,120960000.0,2.76,4.01,43.4,47.04,6.3,5.16,2.22
鸥玛软件,sz301185,17.51,17.81,17.81,2385100.0,17.51,3300,17.52,76200,-1.68,18.01,17.4,2385100,42280000.0,1.72,3.43,24.28,26.86,21.37,14.25,0.88
梦网科技,sz002123,9.19,9.28,9.27,15805100.0,9.19,103900,9.2,42400,-0.97,9.44,9.12,15805100,146520000.0,2.19,3.45,66.22,74.02,10.21,8.35,0.96
深南电路,sz002916,323.25,331.36,331.36,9824000.0,323.25,700,323.3,1400,-2.45,339.39,318.3,9824000,3205800000.0,1.48,6.36,2149.0,2201.87,364.5,298.22,0.94
阿拉丁,sh688179,21.88,22.37,22.43,1469846900.0,21.88,3600,21.93,300,-2.19,23.25,21.54,1469846900,326290000.0,4.06,7.64,79.21,79.21,26.84,17.9,0.94
三佳科技,sh600520,29.67,30.75,30.29,14143200.0,29.67,35000,29.68,6800,-3.51,30.86,29.55,14143200,424570000.0,8.93,4.26,47.01,47.01,33.83,27.68,1.29
杭州柯林,sh688611,73.07,72.24,73.32,192957500.0,73.07,2900,73.1,2500,1.15,75.8,71.0,192957500,141490000.0,1.26,6.64,112.08,112.08,86.69,57.79,0.63
圣湘生物,sh688289,17.45,17.69,17.7,439654000.0,17.44,3700,17.45,32300,-1.36,17.8,17.35,439654000,77360000.0,0.76,2.54,101.1,101.1,21.23,14.15,0.44
兄弟科技,sz002562,5.88,5.76,5.8,38253400.0,5.88,219900,5.89,58300,2.08,6.02,5.79,38253400,225520000.0,4.7,3.99,47.83,67.2,6.34,5.18,1.44
泰格医药,sz300347,46.76,47.96,47.95,17764800.0,46.76,16800,46.78,1900,-2.5,48.36,46.32,17764800,836750000.0,3.14,4.25,264.88,402.62,57.55,38.37,0.86
永茂泰,sh605208,15.54,15.48,15.33,17372200.0,15.53,25200,15.54,15600,0.39,15.89,15.29,17372200,271520000.0,5.27,3.88,51.27,51.27,17.03,13.93,0.99
大湖股份,sh600257,5.85,5.95,5.98,12575400.0,5.85,45900,5.86,26800,-1.68,5.99,5.8,12575400,73980000.0,2.61,3.19,28.15,28.15,6.55,5.36,0.75
怡达股份,sz300721,29.36,24.47,26.82,30144500.0,29.36,1823900,0.0,0,19.98,29.36,26.82,30144500,873800000.0,21.79,10.38,40.62,48.4,29.36,19.58,1.2
恒大高新,sz002591,8.95,9.07,9.04,20553600.0,8.95,71900,8.96,94100,-1.32,9.21,8.84,20553600,186110000.0,9.2,4.08,20.0,26.87,9.98,8.16,0.47
三峡水利,sh600116,6.7,6.76,6.74,32319800.0,6.69,268600,6.7,9000,-0.89,6.78,6.58,32319800,215450000.0,1.69,2.96,128.11,128.11,7.44,6.08,1.04
圣元环保,sz300867,22.17,22.75,22.81,8511700.0,22.17,6600,22.18,5400,-2.55,22.91,21.9,8511700,190030000.0,4.44,4.44,42.48,60.24,27.3,18.2,0.86
鹿山新材,sh603051,24.51,25.0,24.9,8045800.0,24.51,11600,24.52,9400,-1.96,24.99,24.35,8045800,198060000.0,4.98,2.56,39.62,39.62,27.5,22.5,1.1
国投电力,sh600886,13.36,13.38,13.35,54582400.0,13.36,13800,13.37,52100,-0.15,13.45,13.09,54582400,723360000.0,0.73,2.69,995.88,1069.4,14.72,12.04,1.04
龙利得,sz300883,7.28,7.56,7.54,37486500.0,7.28,40300,7.29,13500,-3.7,7.71,7.18,37486500,278280000.0,11.34,7.01,24.07,25.19,9.07,6.05,1.11
派斯林,sh600215,6.9,6.8,6.79,12669800.0,6.9,132200,6.91,31200,1.47,7.08,6.71,12669800,87630000.0,2.77,5.44,31.52,31.52,7.48,6.12,1.15
新集能源,sh601918,8.84,8.69,8.69,56038400.0,8.84,37900,8.85,27100,1.73,8.96,8.53,56038400,492230000.0,2.16,4.95,229.0,229.0,9.56,7.82,1.32
南方传媒,sh601900,12.37,12.42,12.4,6959600.0,12.37,19000,12.38,6600,-0.4,12.53,12.3,6959600,86410000.0,0.79,1.85,109.1,109.1,13.66,11.18,0.81
华夏银行,sh600015,6.6,6.58,6.58,67507200.0,6.59,488900,6.6,28800,0.3,6.64,6.55,67507200,445420000.0,0.44,1.37,1015.56,1050.39,7.24,5.92,0.85
出版传媒,sh601999,6.75,6.82,6.8,9119300.0,6.74,400,6.75,700,-1.03,6.85,6.67,9119300,61770000.0,1.66,2.64,37.19,37.19,7.5,6.14,1.06
清源股份,sh603628,12.11,12.3,12.32,9416000.0,12.1,7700,12.11,4200,-1.54,12.45,11.8,9416000,113410000.0,3.46,5.28,32.96,33.07,13.53,11.07,1.34
鲁北化工,sh600727,8.52,8.41,8.39,42572000.0,8.52,34200,8.53,64800,1.31,8.79,8.36,42572000,367330000.0,8.05,5.11,45.04,45.04,9.25,7.57,1.91
康尼机电,sh603111,6.68,6.71,6.69,10219800.0,6.67,4900,6.68,6600,-0.45,6.76,6.64,10219800,68300000.0,1.2,1.79,56.97,57.58,7.38,6.04,0.72
国光股份,sz002749,12.14,12.23,12.23,1569800.0,12.14,26500,12.15,97500,-0.74,12.31,12.13,1569800,19160000.0,0.35,1.47,55.07,56.62,13.45,11.01,0.94
兴业银行,sh601166,17.67,17.69,17.67,86475000.0,17.66,28400,17.67,768300,-0.11,17.81,17.6,86475000,1530400000.0,0.41,1.19,3739.48,3739.48,19.46,15.92,0.95
国光电器,sz002045,11.28,11.44,11.42,14344200.0,11.27,25300,11.29,36800,-1.4,11.58,11.2,14344200,163530000.0,2.55,3.32,63.36,63.45,12.58,10.3,1.08
郑中设计,sz002811,13.3,13.3,13.31,5738600.0,13.3,12900,13.31,5100,0.0,13.54,13.13,5738600,76550000.0,2.03,3.08,37.58,40.96,14.63,11.97,1.08
联盛化学,sz301212,35.03,34.8,34.8,3306000.0,35.02,6200,35.03,1600,0.66,35.66,33.85,3306000,114650000.0,3.53,5.2,32.84,37.83,41.76,27.84,0.78
则成电子,bj920821,23.41,23.5,23.58,1917300.0,23.41,900,23.49,1200,-0.38,24.34,23.1,1917300,45525500.0,2.63,5.28,17.05,32.39,30.55,16.45,0.53
*ST尔雅,sh600107,6.62,6.76,6.76,5222800.0,6.62,4900,6.64,6900,-2.07,6.78,6.57,5222800,34750000.0,1.45,3.11,23.83,23.83,7.1,6.42,0.43
智信精密,sz301512,53.79,54.1,54.64,1555700.0,53.76,1000,53.79,1300,-0.57,54.85,53.2,1555700,83840000.0,6.27,3.05,13.35,28.69,64.92,43.28,0.76
ST逸飞,sh688646,67.66,66.73,66.58,125994000.0,67.66,1300,67.68,2200,1.39,69.73,66.2,125994000,85660000.0,2.17,5.29,39.23,63.71,80.08,53.38,0.89
蒙泰高新,sz300876,30.8,29.85,30.0,4445800.0,30.7,500,30.8,3200,3.18,31.86,29.9,4445800,137830000.0,5.48,6.57,24.98,33.49,35.82,23.88,1.68
华宇软件,sz300271,6.25,6.34,6.34,10627700.0,6.25,68600,6.26,14200,-1.42,6.41,6.21,10627700,67030000.0,1.34,3.15,49.65,50.74,7.61,5.07,0.82
康平科技,sz300907,33.05,31.05,31.31,7001500.0,33.04,200,33.05,6400,6.44,33.73,31.25,7001500,230660000.0,7.29,7.99,31.73,31.73,37.26,24.84,2.54
龙源技术,sz300105,6.65,6.73,6.71,7586200.0,6.65,15100,6.66,3200,-1.19,6.77,6.61,7586200,50610000.0,1.47,2.38,34.28,34.3,8.08,5.38,0.89
华工科技,sz000988,133.98,137.4,138.1,88667200.0,133.98,63600,133.99,2000,-2.49,142.98,130.26,88667200,12078420000.0,8.82,9.26,1346.48,1347.17,151.14,123.66,0.89
斯达半导,sh603290,124.95,124.46,126.82,16796100.0,124.94,3200,124.95,9600,0.39,131.1,123.09,16796100,2121960000.0,7.01,6.44,299.22,299.22,136.91,112.01,1.11
江山欧派,sh603208,13.99,14.0,13.9,2060400.0,13.96,100,13.99,1200,-0.07,14.05,13.68,2060400,28650000.0,1.17,2.64,24.61,24.61,15.4,12.6,0.59
海森药业,sz001367,23.42,24.11,24.02,2213800.0,23.42,900,23.44,100,-2.86,24.11,23.23,2213800,52210000.0,1.82,3.65,28.49,35.68,26.52,21.7,0.73
中持股份,sh603903,13.81,13.65,13.66,34387700.0,13.81,8300,13.82,62300,1.17,14.2,13.17,34387700,473550000.0,13.47,7.55,35.26,35.26,15.02,12.29,2.35
中交设计,sh600720,6.43,6.55,6.57,9256700.0,6.42,35800,6.43,10400,-1.83,6.58,6.38,9256700,59990000.0,0.92,3.05,64.88,147.54,7.21,5.9,1.45
智动力,sz300686,16.81,17.4,17.49,10031200.0,16.81,11500,16.82,1500,-3.39,17.59,16.67,10031200,170620000.0,3.87,5.29,43.52,43.81,20.88,13.92,0.89
辰光医疗,bj920300,11.24,11.54,11.6,1570600.0,11.2,1000,11.24,1400,-2.6,11.64,11.1,1570600,17763500.0,2.36,4.68,7.48,9.65,15.0,8.08,1.14
陕天然气,sz002267,7.72,7.77,7.78,9200100.0,7.71,49000,7.72,8200,-0.64,7.78,7.66,9200100,70940000.0,0.83,1.54,85.85,85.85,8.55,6.99,1.2
汉朔科技,sz301275,44.22,44.73,44.7,6849700.0,44.21,6900,44.22,5800,-1.14,45.45,44.16,6849700,306350000.0,2.28,2.88,133.04,186.79,53.68,35.78,0.58
物产金轮,sz002722,15.31,15.29,15.29,3689900.0,15.31,18000,15.32,3100,0.13,15.55,15.23,3689900,56690000.0,1.66,2.09,34.04,34.05,16.82,13.76,0.97
深水规院,sz301038,20.4,20.45,20.38,3452300.0,20.4,53700,20.41,1800,-0.24,20.77,20.13,3452300,70540000.0,1.55,3.13,45.51,45.51,24.54,16.36,0.55
致远互联,sh688369,23.52,24.0,23.9,411770600.0,23.51,2100,23.52,1700,-2.0,24.42,23.42,411770600,98350000.0,3.57,4.17,27.1,27.1,28.8,19.2,0.99
财富趋势,sh688318,114.56,115.5,115.06,393671300.0,114.56,11800,114.59,1000,-0.81,119.23,113.0,393671300,454500000.0,1.54,5.39,293.41,293.41,138.6,92.4,0.91
华阳股份,sh600348,9.49,9.41,9.39,46477200.0,9.49,80700,9.5,169700,0.85,9.66,9.33,46477200,441120000.0,1.29,3.51,342.35,342.35,10.35,8.47,0.99
天益医疗,sz301097,58.61,58.79,59.09,525500.0,58.61,4200,58.76,400,-0.31,59.7,58.09,525500,30860000.0,1.82,2.74,16.96,34.55,70.55,47.03,0.86
东富龙,sz300171,12.68,12.77,12.75,6304800.0,12.68,17100,12.69,46600,-0.7,12.9,12.62,6304800,80430000.0,1.12,2.19,71.34,97.11,15.32,10.22,0.73
*ST未名,sz002581,5.44,5.18,5.28,14175800.0,5.44,84000,0.0,0,5.02,5.44,5.28,14175800,76910000.0,3.54,3.09,21.8,35.89,5.44,4.92,0.89
乐普医疗,sz300003,13.63,13.72,13.67,25675100.0,13.62,48200,13.63,29400,-0.66,13.85,13.53,25675100,351100000.0,1.63,2.33,215.21,251.26,16.46,10.98,0.82
中国银河,sh601881,12.42,12.69,12.68,41964800.0,12.41,66100,12.42,13700,-2.13,12.72,12.37,41964800,525470000.0,0.58,2.76,899.63,1358.05,13.96,11.42,0.88
凯中精密,sz002823,16.71,16.36,16.46,8819500.0,16.7,25500,16.71,4700,2.14,16.96,16.27,8819500,147180000.0,4.03,4.22,36.58,54.87,18.0,14.72,1.17
南京证券,sh601990,7.11,7.17,7.18,19618200.0,7.1,100600,7.11,14200,-0.84,7.21,7.06,19618200,140000000.0,0.53,2.09,262.1,312.81,7.89,6.45,0.96
西部证券,sz002673,6.96,7.11,7.1,44505600.0,6.95,224000,6.96,34300,-2.11,7.12,6.9,44505600,312200000.0,1.0,3.09,311.08,311.08,7.82,6.4,1.43
中兰环保,sz300854,35.26,35.11,35.11,4774500.0,35.26,4300,35.28,300,0.43,37.0,34.62,4774500,170620000.0,5.87,6.78,28.7,35.28,42.13,28.09,0.82
设计总院,sh603357,7.27,7.41,7.4,6498100.0,7.27,200,7.28,53200,-1.89,7.44,7.25,6498100,47580000.0,1.16,2.56,40.75,40.75,8.15,6.67,1.52
隆盛科技,sz300680,43.12,41.21,41.21,14587200.0,43.12,7000,43.13,7600,4.63,44.1,41.21,14587200,627970000.0,8.3,7.01,75.82,98.19,49.45,32.97,1.48
水晶光电,sz002273,38.0,38.81,39.47,80703400.0,38.0,108000,38.01,26200,-2.09,40.12,37.2,80703400,3109140000.0,5.93,7.52,517.59,528.44,42.69,34.93,0.89
软控股份,sz002073,6.21,6.3,6.3,24680300.0,6.21,53600,6.22,46100,-1.43,6.35,6.15,24680300,154480000.0,2.43,3.17,62.96,63.61,6.93,5.67,0.98
先达股份,sh603086,7.11,7.13,7.13,4091000.0,7.1,109800,7.11,15200,-0.28,7.16,7.08,4091000,29120000.0,0.94,1.12,30.92,30.92,7.84,6.42,0.63
禾盛新材,sz002290,93.25,103.61,104.0,22818100.0,0.0,0,93.25,14000,-10.0,104.0,93.25,22818100,2198500000.0,9.23,10.38,230.51,231.36,113.97,93.25,1.39
测绘股份,sz300826,16.73,16.72,16.7,3402200.0,16.69,8200,16.73,6300,0.06,16.79,16.34,3402200,56520000.0,2.01,2.69,28.37,29.5,20.06,13.38,1.04
鸿路钢构,sz002541,18.41,18.58,18.57,10287500.0,18.41,11200,18.43,5700,-0.91,18.61,18.03,10287500,188010000.0,2.07,3.12,91.35,127.03,20.44,16.72,0.71
敏芯股份,sh688286,71.4,72.78,72.05,223993100.0,71.4,10500,71.41,2000,-1.9,73.48,70.02,223993100,160810000.0,4.0,4.75,40.03,40.03,87.34,58.22,1.04
常宝股份,sz002478,8.16,8.38,8.4,24956200.0,8.15,77100,8.16,100,-2.63,8.51,8.09,24956200,205560000.0,3.45,5.01,58.97,73.51,9.22,7.54,0.78
天键股份,sz301383,31.8,31.86,31.66,5374700.0,31.79,700,31.8,5900,-0.19,32.5,31.07,5374700,170640000.0,7.61,4.49,22.46,51.95,38.23,25.49,1.82
罗平锌电,sz002114,9.11,9.62,9.58,23561400.0,9.11,61100,9.12,83700,-5.3,9.59,9.04,23561400,218150000.0,7.29,5.72,29.46,29.46,10.58,8.66,1.0
沪宁股份,sz300669,32.34,32.88,32.88,1235100.0,32.34,1200,32.42,500,-1.64,33.16,32.02,1235100,40150000.0,0.68,3.47,59.02,62.32,39.46,26.3,0.68
赛特新材,sh688398,31.77,31.96,31.74,249712700.0,31.77,4200,31.87,3400,-0.59,32.74,31.54,249712700,79940000.0,1.49,3.75,53.31,53.31,38.35,25.57,0.68
贝斯美,sz300796,8.45,8.61,8.64,5498700.0,8.45,13300,8.46,14000,-1.86,8.69,8.41,5498700,47010000.0,1.52,3.25,30.52,30.52,10.33,6.89,1.25
青岛港,sh601298,8.89,9.04,9.03,11147000.0,8.89,2100,8.9,33700,-1.66,9.08,8.84,11147000,99390000.0,0.21,2.65,479.36,577.06,9.94,8.14,1.27
黑牡丹,sh600510,10.02,9.11,9.05,23645400.0,10.02,7347900,0.0,0,9.99,10.02,9.05,23645400,230720000.0,2.29,10.65,103.41,103.41,10.02,8.2,0.77
康德莱,sh603987,7.92,8.06,8.07,5668600.0,7.92,47500,7.93,10800,-1.74,8.07,7.9,5668600,45280000.0,1.3,2.11,34.59,34.59,8.87,7.25,1.01
豪威集团,sh603501,101.39,100.5,100.55,41659800.0,101.39,21200,101.4,2800,0.89,104.7,97.8,41659800,4215480000.0,3.44,6.87,1227.28,1278.73,110.55,90.45,1.3
隆基绿能,sh601012,15.6,16.3,16.28,245767600.0,15.59,152100,15.6,41900,-4.29,16.28,15.55,245767600,3870130000.0,3.24,4.48,1182.18,1182.18,17.93,14.67,1.38
仙琚制药,sz002332,8.7,8.67,8.78,7739500.0,8.7,28000,8.71,37200,0.35,8.8,8.67,7739500,67580000.0,0.79,1.5,85.66,86.06,9.54,7.8,0.94
潜能恒信,sz300191,38.95,37.83,37.45,16582500.0,38.95,4800,38.96,12200,2.96,39.03,37.37,16582500,638180000.0,7.5,4.39,86.16,124.64,45.4,30.26,1.1
邦彦技术,sh688132,17.42,17.68,17.95,136643900.0,17.39,1800,17.42,1900,-1.47,17.95,17.22,136643900,24000000.0,0.9,4.13,26.52,26.52,21.22,14.14,0.9
华中数控,sz300161,41.26,36.81,37.66,19481100.0,41.25,24000,41.26,12500,12.09,42.5,37.66,19481100,785330000.0,9.99,13.15,80.45,81.98,44.17,29.45,1.56
威博液压,bj920245,25.0,25.83,25.9,523300.0,25.0,1400,25.05,1000,-3.21,25.9,24.9,523300,13210200.0,1.38,3.87,9.5,12.42,33.57,18.09,1.09
润欣科技,sz300493,16.38,16.55,16.72,15792700.0,16.38,8800,16.39,5700,-1.03,16.91,16.24,15792700,261830000.0,3.12,4.05,82.98,83.95,19.86,13.24,0.9
芯能科技,sh603105,9.98,10.14,10.06,18675700.0,9.98,16800,9.99,71300,-1.58,10.2,9.77,18675700,185850000.0,3.74,4.24,49.9,49.9,11.15,9.13,0.79
华信新材,sz300717,21.48,21.66,21.75,1587100.0,21.48,1500,21.5,2500,-0.83,21.96,21.26,1587100,34300000.0,1.56,3.23,21.88,22.08,25.99,17.33,0.82
宁波银行,sz002142,31.84,31.92,31.8,21029600.0,31.83,15900,31.84,6300,-0.25,31.9,31.5,21029600,667580000.0,0.32,1.25,2101.26,2102.58,35.11,28.73,0.91
海默科技,sz300084,12.86,13.23,13.08,26933400.0,12.84,63700,12.86,13500,-2.8,13.35,12.63,26933400,347370000.0,7.55,5.44,45.87,65.38,15.88,10.58,0.92
力合科创,sz002243,8.93,8.74,8.8,27651600.0,8.93,30800,8.94,52900,2.17,9.24,8.75,27651600,250000000.0,2.3,5.61,107.53,108.11,9.61,7.87,1.33
惠而浦,sh600983,8.92,9.16,9.16,4516600.0,8.91,29300,8.92,7700,-2.62,9.18,8.91,4516600,40720000.0,0.59,2.95,68.37,68.37,10.08,8.24,1.14
浙江恒威,sz301222,49.11,47.55,47.2,3631900.0,49.06,100,49.11,1100,3.28,50.62,47.2,3631900,178890000.0,4.55,7.19,39.2,49.23,57.06,38.04,0.97
广生堂,sz300436,122.4,123.81,122.64,10080500.0,122.39,100,122.41,100,-1.14,127.58,119.62,10080500,1237490000.0,7.37,6.43,167.35,194.94,148.57,99.05,1.02
兴齐眼药,sz300573,67.09,66.35,66.95,4923200.0,67.09,2600,67.1,1000,1.12,68.39,66.6,4923200,332000000.0,2.6,2.7,126.96,165.33,79.62,53.08,0.84
安科生物,sz300009,8.64,8.72,8.71,15596800.0,8.63,36000,8.64,24400,-0.92,8.73,8.6,15596800,135150000.0,1.27,1.49,106.29,144.35,10.46,6.98,0.71
中公高科,sh603860,31.6,31.99,31.99,1301400.0,31.51,2100,31.64,7500,-1.22,32.15,31.13,1301400,41260000.0,1.95,3.19,21.07,21.07,35.19,28.79,1.18
浙江正特,sz001238,45.27,45.28,45.39,363800.0,45.27,200,45.3,700,-0.02,45.64,44.4,363800,16440000.0,0.35,2.74,46.93,50.17,49.81,40.75,0.72
泓博医药,sz301230,39.22,40.49,40.39,6698400.0,39.22,35500,39.24,1100,-3.14,41.28,38.8,6698400,268490000.0,5.33,6.12,49.27,54.75,48.59,32.39,0.61
志特新材,sz300986,22.5,22.87,23.1,23472400.0,22.49,18300,22.5,118300,-1.62,23.48,22.29,23472400,534690000.0,5.7,5.2,92.62,92.69,27.44,18.3,0.83
中钢天源,sz002057,9.74,9.97,9.88,22167500.0,9.73,6900,9.74,25000,-2.31,10.01,9.65,22167500,216810000.0,2.94,3.61,73.37,73.43,10.97,8.97,1.09
华虹公司,sh688347,150.09,157.86,162.0,4314212000.0,150.09,3800,150.1,8900,-4.92,168.66,147.71,4314212000,6663020000.0,10.58,13.27,611.99,2608.01,189.43,126.29,1.73
震安科技,sz300767,22.61,23.02,23.21,10538000.0,22.61,1000,22.62,4400,-1.78,23.27,22.36,10538000,239820000.0,4.39,3.95,54.24,62.47,27.62,18.42,0.82
百合股份,sh603102,40.0,40.33,40.32,519600.0,40.0,3000,40.04,1900,-0.82,40.58,39.65,519600,20810000.0,0.81,2.31,25.6,25.6,44.36,36.3,0.7
铁科轨道,sh688569,20.35,20.57,20.57,87991400.0,20.35,3500,20.4,2100,-1.07,20.78,20.21,87991400,17980000.0,0.42,2.77,42.87,42.87,24.68,16.46,0.84
名臣健康,sz002919,26.83,26.39,26.21,10756200.0,26.82,1000,26.83,8900,1.67,27.37,25.93,10756200,285880000.0,4.07,5.46,70.99,71.51,29.03,23.75,1.26
仁信新材,sz301395,14.79,15.0,15.06,4258700.0,14.77,800,14.79,13300,-1.4,15.09,14.6,4258700,63170000.0,3.34,3.27,18.83,35.92,18.0,12.0,0.64
合合信息,sh688615,141.1,139.18,139.6,600276100.0,141.07,200,141.1,400,1.38,145.3,139.1,600276100,851490000.0,4.44,4.45,190.96,276.56,167.02,111.34,0.81
森萱医药,bj920946,10.23,10.1,10.15,2750600.0,10.22,9800,10.23,3400,1.29,10.36,10.1,2750600,28133400.0,0.64,2.57,43.66,43.67,13.13,7.07,0.7
万通液压,bj920839,32.28,31.74,31.72,1099300.0,32.16,2300,32.28,100,1.7,33.3,31.18,1099300,35580200.0,1.69,6.68,21.0,38.16,41.26,22.22,1.17
美好医疗,sz301363,32.15,33.3,33.48,18687700.0,32.13,1300,32.15,3800,-3.45,34.36,31.8,18687700,610290000.0,5.01,7.69,119.98,182.89,39.96,26.64,0.65
上海物贸,sh600822,9.6,9.7,9.7,3339000.0,9.59,13300,9.6,56800,-1.03,9.79,9.53,3339000,32320000.0,0.84,2.68,38.03,47.61,10.67,8.73,1.0
光华股份,sz001333,26.05,23.68,23.72,8814500.0,26.05,1143700,0.0,0,10.01,26.05,23.51,8814500,224260000.0,20.03,10.73,11.46,33.34,26.05,21.31,1.94
中国船舶,sh600150,40.55,40.22,40.8,100447800.0,40.55,20900,40.56,12600,0.82,41.66,40.1,100447800,4103390000.0,1.33,3.88,3051.64,3051.64,44.24,36.2,0.82
中南传媒,sh601098,11.4,11.43,11.5,7944600.0,11.4,14100,11.42,1000,-0.26,11.6,11.36,7944600,91030000.0,0.44,2.1,204.74,204.74,12.57,10.29,0.71
华特达因,sz000915,28.36,28.59,28.6,2375700.0,28.36,3600,28.37,1400,-0.8,28.66,28.34,2375700,67500000.0,1.01,1.12,66.41,66.46,31.45,25.73,0.7
鼎龙科技,sh603004,20.8,20.6,20.5,2036000.0,20.78,2600,20.8,8600,0.97,21.15,20.49,2036000,42410000.0,3.46,3.2,12.25,48.99,22.66,18.54,0.81
聚赛龙,sz301131,43.42,43.26,43.26,1842700.0,43.4,3700,43.42,3700,0.37,44.25,43.0,1842700,80430000.0,4.71,2.89,17.0,23.73,51.91,34.61,1.32
西安奕材-U,sh688783,33.97,34.1,34.08,3767107600.0,33.97,200,33.98,200,-0.38,35.45,32.49,3767107600,1282980000.0,20.34,8.68,62.9,1371.64,40.92,27.28,0.9
聚胶股份,sz301283,49.05,48.49,48.65,2022400.0,49.0,1400,49.05,900,1.15,49.58,48.5,2022400,99430000.0,3.2,2.23,31.04,39.44,58.19,38.79,1.44
全新好,sz000007,12.69,12.86,12.73,15845000.0,12.68,800,12.69,17000,-1.32,12.78,12.16,15845000,198570000.0,4.57,4.82,43.96,43.96,14.15,11.57,0.61
海普瑞,sz002399,10.34,10.37,10.36,5134700.0,10.33,4900,10.34,10400,-0.29,10.48,10.22,5134700,53200000.0,0.41,2.51,128.96,151.72,11.41,9.33,0.87
美思德,sh603041,14.36,13.91,13.82,5056200.0,14.35,10800,14.36,9500,3.24,14.47,13.8,5056200,72060000.0,2.76,4.82,26.3,26.3,15.3,12.52,1.61
威胜信息,sh688100,38.0,39.31,40.05,439056300.0,37.99,300,38.0,1100,-3.33,40.05,37.74,439056300,168850000.0,0.89,5.88,186.84,186.84,47.17,31.45,1.02
安德利,sh605198,58.0,59.0,59.28,5806800.0,58.0,41900,58.13,800,-1.69,60.82,58.0,5806800,343860000.0,2.15,4.78,156.91,193.83,64.9,53.1,1.01
深科技,sz000021,33.66,34.34,34.69,158559600.0,33.66,279000,33.67,32500,-1.98,35.19,32.88,158559600,5388090000.0,10.07,6.73,529.82,529.9,37.77,30.91,1.14
福元医药,sh601089,19.98,20.28,20.28,2428600.0,19.98,6500,19.99,300,-1.48,20.38,19.85,2428600,48750000.0,0.51,2.61,95.9,95.9,22.31,18.25,0.98
ST京机,sz000821,10.04,10.56,10.56,23767700.0,10.04,21500,10.05,120300,-4.92,10.59,10.03,23767700,241150000.0,3.93,5.3,60.71,62.54,11.09,10.03,1.59
四方科技,sh603339,13.59,13.57,13.57,3544600.0,13.58,10700,13.59,600,0.15,13.78,13.51,3544600,48320000.0,1.15,1.99,42.05,42.05,14.93,12.21,0.51
隆达股份,sh688231,43.4,41.85,41.51,473124100.0,43.32,200,43.4,9900,3.7,44.27,41.36,473124100,204000000.0,1.92,6.95,107.14,107.14,50.22,33.48,0.92
嘉益股份,sz301004,41.15,40.55,40.53,669700.0,41.1,100,41.15,26300,1.48,41.68,40.1,669700,27460000.0,0.49,3.9,56.01,60.0,48.66,32.44,1.1
慕思股份,sz001323,23.75,23.92,23.89,438000.0,23.75,200,23.76,2800,-0.71,23.89,23.61,438000,10400000.0,0.14,1.17,73.92,103.33,26.31,21.53,0.43
理邦仪器,sz300206,14.4,14.5,14.55,8127700.0,14.39,2800,14.4,3600,-0.69,14.6,14.27,8127700,117050000.0,2.4,2.28,48.73,83.47,17.4,11.6,0.8
宏德股份,sz301163,30.68,30.62,30.86,1874700.0,30.68,1300,30.7,200,0.2,31.23,30.47,1874700,57770000.0,3.43,2.48,16.79,25.03,36.74,24.5,0.59
洪通燃气,sh605169,13.42,13.34,13.28,6811600.0,13.42,7300,13.43,61900,0.6,13.5,13.09,6811600,90760000.0,2.41,3.07,37.96,37.96,14.67,12.01,0.71
亚通精工,sh603190,28.58,28.0,28.35,5146700.0,28.58,1700,28.59,1900,2.07,29.1,28.02,5146700,146970000.0,12.52,3.86,11.75,35.59,30.8,25.2,1.46
阳谷华泰,sz300121,13.21,13.51,13.4,28611900.0,13.21,6100,13.22,10100,-2.22,13.67,13.09,28611900,381690000.0,6.66,4.29,56.72,58.82,16.21,10.81,1.32
光格科技,sh688450,46.3,47.17,47.23,137896800.0,46.28,200,46.3,900,-1.84,47.57,45.68,137896800,64050000.0,2.82,4.01,22.65,30.56,56.6,37.74,0.54
云涌科技,sh688060,45.27,45.88,46.06,53078200.0,45.27,8200,45.32,100,-1.33,46.43,44.9,53078200,24270000.0,0.88,3.33,27.25,27.25,55.06,36.7,1.07
特宝生物,sh688278,57.8,59.25,58.5,338753900.0,57.8,1100,57.96,400,-2.45,59.63,57.7,338753900,197740000.0,0.83,3.26,235.93,235.93,71.1,47.4,0.84
地铁设计,sz003013,13.89,13.51,13.48,3763400.0,13.89,4900,13.9,29800,2.81,13.96,13.45,3763400,51650000.0,0.94,3.77,55.55,64.0,14.86,12.16,2.3
国药股份,sh600511,27.85,28.09,28.03,4294200.0,27.85,18600,27.88,5000,-0.85,28.17,27.75,4294200,120140000.0,0.78,1.5,154.11,210.13,30.9,25.28,0.93
八方股份,sh603489,39.35,38.26,38.23,5722900.0,39.35,13000,39.36,10400,2.85,39.95,37.92,5722900,223750000.0,2.44,5.31,92.32,92.32,42.09,34.43,0.87
美畅股份,sz300861,20.59,21.2,21.18,19365400.0,20.58,24900,20.59,5700,-2.88,21.28,20.44,19365400,401970000.0,4.59,3.96,86.86,138.33,25.44,16.96,0.88
华鑫股份,sh600621,14.0,14.38,14.37,17268100.0,14.0,388800,14.01,10500,-2.64,14.45,14.0,17268100,245190000.0,1.63,3.13,148.53,148.53,15.82,12.94,0.89
科新机电,sz300092,16.55,16.52,16.62,6037700.0,16.55,21100,16.56,3700,0.18,16.75,16.38,6037700,100080000.0,2.88,2.24,34.73,45.33,19.82,13.22,0.91
濮阳惠成,sz300481,14.95,14.96,14.98,10499000.0,14.95,11400,14.96,4900,-0.07,15.31,14.81,10499000,158450000.0,3.62,3.34,43.37,43.63,17.95,11.97,1.29
ST南都,sz300068,4.72,5.06,5.01,87624900.0,4.71,377200,4.72,384500,-6.72,5.02,4.71,87624900,423270000.0,10.26,6.13,40.29,42.4,6.07,4.05,0.84
菜百股份,sh605599,16.78,17.2,17.18,7024900.0,16.78,1700,16.79,6100,-2.44,17.18,16.66,7024900,118520000.0,0.9,3.02,130.51,130.51,18.92,15.48,0.8
跃岭股份,sz002725,16.75,17.11,17.11,8787500.0,16.75,9000,16.76,200,-2.1,17.24,16.62,8787500,148240000.0,4.1,3.62,35.91,42.88,18.82,15.4,0.78
银都股份,sh603277,13.01,12.9,13.17,1663600.0,13.0,1300,13.01,3200,0.85,13.17,12.84,1663600,21630000.0,0.27,2.56,79.33,79.84,14.19,11.61,0.64
华瓷股份,sz001216,17.24,17.24,17.26,3426600.0,17.24,11600,17.25,1000,0.0,17.66,17.14,3426600,59510000.0,1.4,3.02,42.33,50.33,18.96,15.52,0.86
以岭药业,sz002603,16.53,16.84,16.84,15447600.0,16.53,600,16.54,24100,-1.84,16.92,16.42,15447600,257440000.0,1.12,2.97,227.54,276.17,18.52,15.16,0.73
汇通控股,sh603409,43.09,42.99,43.49,1646500.0,43.09,1400,43.1,4300,0.23,43.69,42.8,1646500,71160000.0,4.55,2.07,15.58,54.31,47.29,38.69,0.74
协昌科技,sz301418,42.93,43.33,43.26,1151800.0,42.93,900,42.94,400,-0.92,43.77,42.55,1151800,49570000.0,3.91,2.82,12.64,31.48,52.0,34.66,0.82
双乐股份,sz301036,28.12,28.19,28.09,1576400.0,28.12,400,28.19,200,-0.25,28.78,27.9,1576400,44890000.0,2.24,3.12,19.81,28.12,33.83,22.55,1.65
运达股份,sz300772,16.0,16.46,16.4,23151500.0,15.99,66800,16.0,34900,-2.79,16.55,15.88,23151500,372310000.0,3.32,4.07,111.66,125.9,19.75,13.17,0.94
华润双鹤,sh600062,17.58,17.72,17.7,5715700.0,17.57,48000,17.58,15600,-0.79,17.76,17.51,5715700,100860000.0,0.55,1.41,182.52,182.58,19.49,15.95,0.89
富乐德,sz301297,54.18,49.09,49.35,43994600.0,54.17,52700,54.18,1000,10.37,57.54,49.3,43994600,2389430000.0,12.12,16.79,196.66,402.66,58.91,39.27,1.67
美邦股份,sh605033,23.11,23.06,23.08,3023100.0,23.11,3100,23.12,4400,0.22,23.63,22.91,3023100,70370000.0,2.24,3.12,31.24,31.24,25.37,20.75,0.7
易德龙,sh603380,37.1,36.96,36.83,2839400.0,37.09,700,37.12,2000,0.38,38.15,36.82,2839400,106520000.0,1.77,3.6,59.52,59.52,40.66,33.26,0.72
瑞普生物,sz300119,17.17,17.52,17.48,4485800.0,17.17,200,17.18,21000,-2.0,17.54,17.05,4485800,77400000.0,1.34,2.8,57.28,79.8,21.02,14.02,0.93
禾昌聚合,bj920089,16.69,16.9,17.13,1847500.0,16.68,2200,16.69,2500,-1.24,17.25,16.6,1847500,31381800.0,2.15,3.85,14.32,25.15,21.97,11.83,1.02
永臻股份,sh603381,23.78,24.32,24.12,10724600.0,23.78,2800,23.8,6800,-2.22,24.58,23.09,10724600,255030000.0,7.55,6.13,33.8,56.42,26.75,21.89,0.88
坤泰股份,sz001260,21.93,21.93,21.99,1289100.0,21.93,200,21.94,900,0.0,22.28,21.73,1289100,28350000.0,1.12,2.51,25.22,25.22,24.12,19.74,0.65
正海生物,sz300653,17.2,17.52,17.6,1925800.0,17.19,2300,17.2,2700,-1.83,17.6,17.15,1925800,33410000.0,1.07,2.57,30.96,30.96,21.02,14.02,0.9
中信博,sh688408,38.11,38.9,38.78,518758800.0,38.11,700,38.12,600,-2.03,38.96,37.2,518758800,197040000.0,2.37,4.52,83.49,83.49,46.68,31.12,1.07
天德钰,sh688252,23.75,23.7,23.82,1000913300.0,23.74,27200,23.75,6200,0.21,24.25,23.41,1000913300,238620000.0,2.45,3.54,97.14,97.14,28.44,18.96,1.16
中电港,sz001287,28.55,29.94,30.0,58786600.0,28.54,12400,28.55,33000,-4.64,30.26,28.15,58786600,1705500000.0,7.74,7.05,216.95,216.95,32.93,26.95,0.87
星辉环材,sz300834,47.72,46.9,46.87,5589600.0,47.72,800,47.74,600,1.75,48.51,46.82,5589600,266740000.0,2.9,3.6,91.83,92.44,56.28,37.52,0.73
交控科技,sh688015,21.0,21.0,21.0,245050700.0,21.0,7500,21.02,4600,0.0,21.29,20.65,245050700,51200000.0,1.3,3.05,39.62,39.62,25.2,16.8,1.34
上海亚虹,sh603159,25.7,25.75,25.81,1354000.0,25.7,400,25.73,2700,-0.19,26.09,25.56,1354000,34950000.0,0.97,2.06,35.98,35.98,28.33,23.18,0.67
信音电子,sz301329,26.1,26.55,26.47,3989700.0,26.07,1600,26.1,27800,-1.69,26.85,25.93,3989700,105030000.0,6.66,3.47,15.65,44.42,31.86,21.24,0.98
振江股份,sh603507,45.35,44.75,44.81,7480900.0,45.34,1100,45.35,9100,1.34,45.65,43.6,7480900,335220000.0,4.12,4.58,82.43,83.58,49.23,40.28,0.54
鸿泉技术,sh688288,23.8,24.34,24.34,263999400.0,23.78,2700,23.8,30800,-2.22,24.53,23.52,263999400,63010000.0,2.64,4.15,23.76,23.76,29.21,19.47,0.82
楚环科技,sz001336,30.27,29.79,29.94,2290600.0,30.21,100,30.27,3400,1.61,30.7,29.6,2290600,69080000.0,4.64,3.69,14.93,24.33,32.77,26.81,0.87
星网锐捷,sz002396,31.26,31.25,31.43,36232000.0,31.26,1000,31.27,1000,0.03,32.82,31.0,36232000,1157950000.0,6.21,5.82,182.33,183.09,34.38,28.13,0.69
蓝宇股份,sz301585,28.74,29.04,28.82,1103900.0,28.67,100,28.74,700,-1.03,29.37,28.58,1103900,31940000.0,1.62,2.72,19.57,29.89,34.85,23.23,0.62
科伦药业,sz002422,31.38,31.39,31.33,10097300.0,31.37,5700,31.38,15300,-0.03,31.88,31.03,10097300,317600000.0,0.78,2.71,407.5,499.19,34.53,28.25,0.68
灿瑞科技,sh688061,40.69,39.65,39.37,344656400.0,40.67,10700,40.69,6400,2.62,40.89,38.75,344656400,138610000.0,3.0,5.4,46.75,46.75,47.58,31.72,1.34
安旭生物,sh688075,36.46,37.48,37.43,63315900.0,36.46,500,36.47,10800,-2.72,37.51,36.2,63315900,23370000.0,0.5,3.5,46.33,46.33,44.98,29.98,1.03
卓创资讯,sz301299,58.62,58.42,58.41,1552100.0,58.62,2700,58.68,200,0.34,59.91,58.11,1552100,91530000.0,3.47,3.08,26.25,35.56,70.1,46.74,0.78
卓易信息,sh688258,134.02,132.0,131.5,596733300.0,134.01,600,134.02,7600,1.53,139.88,131.5,596733300,810590000.0,4.93,6.35,162.35,162.35,158.4,105.6,0.66
汇顶科技,sh603160,64.98,66.28,66.2,7893600.0,64.98,14800,64.99,5400,-1.96,67.2,64.59,7893600,518120000.0,1.69,3.94,302.73,302.73,72.91,59.65,1.19
山西汾酒,sh600809,131.41,134.05,132.93,7524500.0,131.4,1800,131.41,4000,-1.97,133.58,130.33,7524500,988430000.0,0.62,2.42,1603.15,1603.15,147.46,120.65,0.83
药明康德,sh603259,103.13,103.01,104.77,39448700.0,103.12,600,103.13,30400,0.12,105.85,102.62,39448700,4106630000.0,1.59,3.14,2550.69,3077.15,113.31,92.71,0.76
百利天恒,sh688506,257.01,258.75,258.52,139801200.0,256.58,200,257.01,100,-0.67,261.91,254.5,139801200,360170000.0,0.34,2.86,1061.13,1061.13,310.5,207.0,0.71
*ST康乐,bj920575,4.37,4.35,4.44,7239500.0,4.37,17500,4.38,39400,0.46,4.55,4.33,7239500,32108900.0,3.85,5.06,8.21,12.28,5.65,3.05,0.56
美邦科技,bj920471,15.6,14.68,14.48,9982300.0,15.58,5000,15.6,45900,6.27,16.6,14.3,9982300,157119000.0,18.82,15.67,8.27,12.98,19.08,10.28,2.38
生物谷,bj920266,7.87,8.05,8.05,1511400.0,7.87,22900,7.88,5300,-2.24,8.08,7.79,1511400,11962500.0,1.28,3.6,9.33,9.76,10.46,5.64,1.47
佰维存储,sh688525,306.3,323.35,323.2,4449670000.0,306.28,200,306.3,34900,-5.27,328.4,301.1,4449670000,13841310000.0,9.45,8.44,1442.17,1442.17,388.02,258.68,1.05
哈铁科技,sh688459,8.96,9.01,9.0,110276900.0,8.96,6300,8.99,600,-0.55,9.05,8.9,110276900,9910000.0,0.23,1.66,43.01,43.01,10.81,7.21,0.64
洁特生物,sh688026,15.61,15.98,16.06,189668800.0,15.61,900,15.67,5500,-2.32,16.13,15.53,189668800,30010000.0,1.35,3.75,21.9,21.91,19.18,12.78,0.92
中微公司,sh688012,432.9,387.17,393.36,3809809800.0,432.89,1800,432.9,19200,11.81,464.0,369.98,3809809800,16018520000.0,6.08,24.28,2713.93,2713.93,464.6,309.74,1.99
确成股份,sh605183,16.26,16.5,16.33,1856300.0,16.26,3100,16.29,600,-1.45,16.55,16.2,1856300,30410000.0,0.45,2.12,67.06,67.62,18.15,14.85,0.57
联德股份,sh605060,56.76,59.18,57.57,8419100.0,56.76,5600,56.77,10200,-4.09,58.79,56.05,8419100,481290000.0,3.52,4.63,135.62,136.56,65.1,53.26,0.79
威奥股份,sh605001,7.11,7.18,7.22,6364200.0,7.1,27100,7.11,4400,-0.97,7.25,7.06,6364200,45520000.0,1.62,2.65,27.93,27.93,7.9,6.46,1.25
卫信康,sh603676,10.06,10.15,10.15,1898500.0,10.06,2700,10.07,3200,-0.89,10.2,10.01,1898500,19160000.0,0.44,1.87,43.78,43.78,11.17,9.14,1.12
杭电股份,sh603618,36.4,37.8,37.8,50510500.0,36.39,3100,36.4,8800,-3.7,37.98,36.0,50510500,1854810000.0,7.31,5.24,251.66,251.66,41.58,34.02,0.5
天创时尚,sh603608,14.15,14.47,14.6,39527600.0,14.15,4400,14.16,800,-2.21,15.38,13.93,39527600,575150000.0,9.42,10.02,59.39,59.39,15.92,13.02,1.64
纵横通信,sh603602,13.73,13.67,13.66,5447700.0,13.72,15400,13.73,11900,0.44,14.08,13.62,5447700,75360000.0,2.36,3.37,31.72,31.72,15.04,12.3,0.81
广信股份,sh603599,12.18,12.25,12.3,16241900.0,12.18,9700,12.19,24900,-0.57,12.41,12.12,16241900,198910000.0,1.78,2.37,110.87,110.87,13.48,11.03,0.61
高能环境,sh603588,13.29,14.77,14.7,100114900.0,0.0,0,13.29,1123400,-10.02,14.7,13.29,100114900,1361850000.0,6.57,9.55,202.44,202.44,16.25,13.29,1.9
三星新材,sh603578,15.04,14.9,14.8,5617500.0,15.03,1300,15.04,3800,0.94,15.4,14.74,5617500,84920000.0,3.11,4.43,27.13,35.2,16.39,13.41,0.86
惠达卫浴,sh603385,6.42,6.52,6.52,3997500.0,6.41,14400,6.42,5100,-1.53,6.55,6.36,3997500,25800000.0,1.05,2.91,24.44,24.44,7.17,5.87,0.97
天洋新材,sh603330,6.96,7.08,7.05,8631800.0,6.94,6800,6.96,77700,-1.69,7.14,6.88,8631800,60290000.0,1.99,3.67,30.11,30.11,7.79,6.37,1.03
泰瑞机器,sh603289,11.08,11.46,11.4,12014200.0,11.08,18300,11.09,23500,-3.32,11.5,10.81,12014200,133540000.0,4.09,6.02,32.51,32.51,12.61,10.31,0.66
小方制药,sh603207,25.45,25.85,25.8,858200.0,25.45,6200,25.53,800,-1.55,25.85,25.45,858200,21990000.0,1.58,1.55,13.84,40.93,28.44,23.27,0.71
和邦生物,sh603077,2.7,2.73,2.75,178571800.0,2.7,3602500,2.71,185300,-1.1,2.77,2.69,178571800,488090000.0,2.02,2.93,238.46,238.46,3.0,2.46,0.88
科林电气,sh603050,22.64,24.9,24.95,13139400.0,22.64,5000,22.67,1200,-9.08,25.2,22.45,13139400,308320000.0,3.26,11.04,91.31,91.31,27.39,22.41,1.1
晶方科技,sh603005,32.94,32.76,33.0,70503900.0,32.93,104000,32.94,40800,0.55,34.28,32.5,70503900,2351410000.0,10.81,5.43,214.83,214.83,36.04,29.48,1.44
中国出版,sh601949,5.69,5.63,5.64,13567300.0,5.68,11200,5.69,16900,1.07,5.7,5.53,13567300,76410000.0,0.71,3.02,108.34,108.34,6.19,5.07,1.21
浙商银行,sh601916,2.99,2.99,2.99,98983800.0,2.99,359500,3.0,12381700,0.0,3.0,2.98,98983800,295970000.0,0.46,0.67,644.18,821.19,3.29,2.69,1.23
方正证券,sh601901,7.01,7.11,7.11,69751800.0,7.01,24300,7.02,160100,-1.41,7.13,6.97,69751800,491230000.0,0.85,2.25,577.07,577.07,7.82,6.4,1.24
紫金银行,sh601860,2.59,2.63,2.63,51783800.0,2.59,1175700,2.6,1794700,-1.52,2.64,2.58,51783800,135100000.0,1.46,2.28,91.99,94.82,2.89,2.37,1.77
光大银行,sh601818,3.11,3.14,3.14,188147800.0,3.11,19264500,3.12,4001100,-0.96,3.15,3.11,188147800,588210000.0,0.41,1.27,1443.25,1837.56,3.45,2.83,1.44
新华文轩,sh601811,13.33,13.35,13.41,2802000.0,13.33,10900,13.34,3800,-0.15,13.54,13.24,2802000,37530000.0,0.35,2.25,105.56,164.47,14.69,12.02,0.79
华峰铝业,sh601702,17.89,18.29,18.21,7259300.0,17.88,7900,17.89,8800,-2.19,18.31,17.77,7259300,130460000.0,0.73,2.95,178.64,178.64,20.12,16.46,0.92
平煤股份,sh601666,7.39,7.54,7.52,45708600.0,7.38,150900,7.39,200,-1.99,7.57,7.31,45708600,339640000.0,1.85,3.45,182.49,182.49,8.29,6.79,1.21
齐鲁银行,sh601665,6.28,6.33,6.33,49963300.0,6.27,19400,6.28,247800,-0.79,6.34,6.24,49963300,313990000.0,0.81,1.58,386.46,386.46,6.96,5.7,1.02
金田股份,sh601609,13.0,13.3,13.0,148597300.0,12.99,122200,13.0,25900,-2.26,13.6,12.9,148597300,1964540000.0,8.6,5.26,224.72,224.72,14.63,11.97,1.03
浙文影业,sh601599,3.49,3.5,3.5,15838600.0,3.49,156900,3.5,12500,-0.29,3.54,3.48,15838600,55570000.0,1.36,1.71,40.5,40.5,3.85,3.15,0.64
林洋能源,sh601222,6.12,6.25,6.25,34041100.0,6.12,82400,6.13,15000,-2.08,6.26,6.05,34041100,208780000.0,1.67,3.36,124.92,124.92,6.88,5.63,1.08
上海环境,sh601200,7.91,8.03,8.03,12822200.0,7.91,19800,7.92,16300,-1.49,8.05,7.86,12822200,102020000.0,0.95,2.37,106.49,106.49,8.83,7.23,1.1
三角轮胎,sh601163,14.6,14.76,14.74,4975900.0,14.6,25400,14.61,300,-1.08,14.84,14.53,4975900,73120000.0,0.62,2.1,116.8,116.8,16.24,13.28,1.08
深圳燃气,sh601139,6.53,6.61,6.62,43926700.0,6.52,36200,6.53,47500,-1.21,6.63,6.47,43926700,286120000.0,1.53,2.42,187.85,187.85,7.27,5.95,1.19
太平洋,sh601099,3.58,3.64,3.64,121344600.0,3.58,937400,3.59,1680600,-1.65,3.66,3.56,121344600,438270000.0,1.78,2.75,244.02,244.02,4.0,3.28,0.97
宏盛华源,sh601096,5.58,5.73,5.72,41231300.0,5.57,258900,5.58,94800,-2.62,5.8,5.55,41231300,231970000.0,2.51,4.36,91.68,149.27,6.3,5.16,0.8
江盐集团,sh601065,8.03,8.1,8.11,4174400.0,8.03,23900,8.04,22400,-0.86,8.14,8.02,4174400,33720000.0,0.65,1.48,51.61,51.61,8.91,7.29,0.99
宁波港,sh601018,3.66,3.73,3.73,85089800.0,3.66,229200,3.67,976600,-1.88,3.74,3.64,85089800,312510000.0,0.44,2.68,712.03,712.03,4.1,3.36,1.31
重庆钢铁,sh601005,1.37,1.38,1.38,84666500.0,1.36,15265700,1.37,1060900,-0.72,1.39,1.36,84666500,116340000.0,1.02,2.17,113.9,121.27,1.52,1.24,1.34
唐山港,sh601000,4.58,4.7,4.7,47219100.0,4.57,24100,4.58,122600,-2.55,4.7,4.52,47219100,216520000.0,0.8,3.83,271.41,271.41,5.17,4.23,1.07
苏豪汇鸿,sh600981,2.69,2.73,2.74,20830500.0,2.69,48700,2.7,91300,-1.47,2.75,2.67,20830500,56460000.0,0.93,2.93,60.32,60.32,3.0,2.46,0.96
维远股份,sh600955,18.45,18.55,18.59,7179800.0,18.45,12500,18.46,3200,-0.54,19.0,18.3,7179800,134070000.0,1.31,3.77,101.47,101.47,20.41,16.7,0.9
西安银行,sh600928,3.54,3.59,3.59,32266200.0,3.54,532700,3.55,169900,-1.39,3.6,3.53,32266200,115010000.0,0.73,1.95,156.59,157.33,3.95,3.23,1.39
苏能股份,sh600925,4.56,4.57,4.57,11109800.0,4.56,43200,4.57,67900,-0.22,4.6,4.54,11109800,50720000.0,0.69,1.31,73.24,314.13,5.03,4.11,0.93
杉杉股份,sh600884,15.29,15.4,15.5,99699700.0,15.28,243700,15.29,178200,-0.71,15.7,15.18,99699700,1534890000.0,5.43,3.38,280.59,343.94,16.94,13.86,0.72
星湖科技,sh600866,5.71,5.82,5.85,20772800.0,5.71,333700,5.72,20800,-1.89,5.89,5.69,20772800,120070000.0,1.65,3.44,71.7,94.87,6.4,5.24,0.52
金开新能,sh600821,8.49,8.96,8.78,243935100.0,8.49,762900,8.5,351100,-5.25,9.03,8.38,243935100,2095070000.0,12.4,7.25,167.03,167.03,9.86,8.06,0.89
轻纺城,sh600790,4.38,4.42,4.42,26839100.0,4.37,82400,4.38,221700,-0.9,4.47,4.34,26839100,118060000.0,1.83,2.94,64.2,64.2,4.86,3.98,0.5
新钢股份,sh600782,2.99,3.06,3.06,40887100.0,2.99,1454500,3.0,312100,-2.29,3.07,2.98,40887100,123300000.0,1.3,2.94,94.05,95.2,3.37,2.75,0.91
西藏城投,sh600773,21.01,21.88,21.88,33638800.0,21.01,10300,21.02,400,-3.98,22.2,20.72,33638800,717280000.0,3.54,6.76,199.93,199.93,24.07,19.69,0.7
广誉远,sh600771,16.05,16.22,16.38,6856400.0,16.05,500,16.06,24500,-1.05,16.43,15.94,6856400,110640000.0,1.4,3.02,78.56,78.56,17.84,14.6,1.06
长江传媒,sh600757,8.42,8.5,8.51,8727000.0,8.42,26900,8.44,1700,-0.94,8.54,8.38,8727000,73850000.0,0.72,1.88,102.18,102.19,9.35,7.65,1.05
华电能源,sh600726,7.62,8.0,7.58,386712900.0,7.62,930700,7.63,120200,-4.75,8.4,7.2,386712900,2954600000.0,5.17,15.0,569.62,602.54,8.8,7.2,0.88
南京医药,sh600713,5.23,5.27,5.24,13005500.0,5.22,213900,5.23,20700,-0.76,5.3,5.21,13005500,68270000.0,1.01,1.71,67.46,68.46,5.8,4.74,0.62
上海石化,sh600688,2.98,3.03,3.01,54981400.0,2.98,11600,2.99,509600,-1.65,3.03,2.95,54981400,164270000.0,0.75,2.64,218.4,314.17,3.33,2.73,0.77
光明乳业,sh600597,7.18,7.22,7.22,6850500.0,7.18,11900,7.19,4900,-0.55,7.26,7.16,6850500,49340000.0,0.5,1.39,98.97,98.97,7.94,6.5,0.95
士兰微,sh600460,30.95,31.38,31.45,85544700.0,30.95,37000,30.96,22000,-1.37,32.2,30.51,85544700,2670720000.0,5.14,5.39,515.03,515.03,34.52,28.24,1.11
冠豪高新,sh600433,4.6,4.4,4.45,120096400.0,4.59,146200,4.6,1092900,4.55,4.63,4.42,120096400,545010000.0,6.86,4.77,80.51,80.51,4.84,3.96,0.91
三友化工,sh600409,7.66,7.66,7.73,54007700.0,7.66,185000,7.67,3500,0.0,7.91,7.58,54007700,417300000.0,2.62,4.31,158.13,158.13,8.43,6.89,1.04
盘江股份,sh600395,5.23,5.32,5.3,29878200.0,5.23,7800,5.24,213900,-1.69,5.34,5.19,29878200,156750000.0,1.39,2.82,112.27,112.27,5.85,4.79,0.99
浙江龙盛,sh600352,11.96,12.2,12.3,39504800.0,11.96,11800,11.97,55000,-1.97,12.43,11.91,39504800,477710000.0,1.21,4.26,389.1,389.1,13.42,10.98,1.01
ST美克,sh600337,3.25,3.17,3.14,80613200.0,3.25,11600,3.26,188700,2.52,3.33,3.11,80613200,263180000.0,5.61,6.94,46.7,46.7,3.33,3.01,1.37
广西能源,sh600310,5.1,5.18,5.12,133592800.0,5.1,138700,5.11,217500,-1.54,5.23,4.96,133592800,679190000.0,9.11,5.21,74.75,74.75,5.7,4.66,0.85
华泰股份,sh600308,3.86,3.9,3.87,28576700.0,3.86,105200,3.87,42800,-1.03,3.98,3.86,28576700,111830000.0,1.88,3.08,58.55,58.55,4.29,3.51,1.43
酒钢宏兴,sh600307,1.67,1.7,1.7,69980800.0,1.67,4938600,1.68,770400,-1.76,1.71,1.67,69980800,117780000.0,1.12,2.35,104.6,104.6,1.87,1.53,0.83
维维股份,sh600300,3.46,3.52,3.51,31662900.0,3.46,153400,3.47,315800,-1.7,3.52,3.44,31662900,110120000.0,1.96,2.27,55.95,55.95,3.87,3.17,0.91
钱江水利,sh600283,8.92,8.99,8.98,3930000.0,8.92,7600,8.93,65400,-0.78,9.01,8.91,3930000,35160000.0,0.72,1.11,48.54,50.03,9.89,8.09,0.74
阳光照明,sh600261,3.41,3.5,3.5,30438900.0,3.4,354500,3.41,66100,-2.57,3.51,3.38,30438900,104650000.0,2.28,3.71,45.53,45.53,3.85,3.15,1.04
民丰特纸,sh600235,6.65,6.9,6.89,10575500.0,6.65,13000,6.66,3000,-3.62,6.91,6.58,10575500,70900000.0,3.01,4.78,23.36,23.36,7.59,6.21,1.31
浙江医药,sh600216,14.16,14.15,14.14,16589200.0,14.16,202400,14.18,28000,0.07,14.4,14.06,16589200,235350000.0,1.74,2.4,134.72,136.17,15.57,12.74,1.1
雅戈尔,sh600177,7.62,7.67,7.71,20771400.0,7.61,800,7.62,50700,-0.65,7.73,7.58,20771400,158690000.0,0.45,1.96,352.31,352.31,8.44,6.9,1.09
国投资本,sh600061,6.5,6.65,6.64,42507700.0,6.5,40500,6.51,180500,-2.26,6.66,6.48,42507700,278540000.0,0.66,2.71,415.61,415.61,7.32,5.99,1.01
楚天高速,sh600035,3.82,3.83,3.84,10792300.0,3.81,436400,3.82,700,-0.26,3.85,3.81,10792300,41320000.0,0.67,1.04,61.51,61.51,4.21,3.45,1.3
浙江新能,sh600032,10.19,10.71,10.61,65538500.0,10.19,107000,10.2,78100,-4.86,10.73,10.1,65538500,674820000.0,2.73,5.88,245.04,245.04,11.78,9.64,0.67
山东钢铁,sh600022,1.38,1.41,1.41,101095000.0,1.38,4266400,1.39,7222900,-2.13,1.42,1.37,101095000,140790000.0,0.94,3.55,147.64,147.64,1.55,1.27,1.27
上港集团,sh600018,5.1,5.11,5.12,63924900.0,5.1,29500,5.11,1172600,-0.2,5.13,5.07,63924900,326080000.0,0.27,1.17,1185.58,1187.28,5.62,4.6,1.22
首创环保,sh600008,3.08,3.11,3.11,92125100.0,3.08,2027900,3.09,1762600,-0.96,3.12,3.07,92125100,284360000.0,1.26,1.61,226.09,226.09,3.42,2.8,1.08
民生健康,sz301507,14.4,14.53,14.6,3062500.0,14.39,2100,14.4,500,-0.89,14.65,14.28,3062500,44310000.0,2.78,2.55,15.85,51.34,17.44,11.62,0.98
泓淋电力,sz301439,17.02,17.05,17.03,4600600.0,16.97,1000,17.02,7200,-0.18,17.29,16.9,4600600,78540000.0,2.51,2.29,31.19,66.23,20.46,13.64,0.78
荣旗科技,sz301360,90.01,91.29,91.82,1344200.0,90.01,700,90.02,3000,-1.4,92.34,89.18,1344200,121900000.0,5.2,3.46,23.28,48.01,109.55,73.03,0.73
明阳电气,sz301291,51.66,51.52,51.06,10076300.0,51.65,4800,51.66,1900,0.27,53.6,50.01,10076300,518100000.0,6.2,6.97,84.0,161.95,61.82,41.22,0.62
万凯新材,sz301216,28.83,28.25,28.5,11257200.0,28.83,5400,28.84,10000,2.05,29.32,28.0,11257200,322740000.0,2.05,4.67,158.08,167.27,33.9,22.6,0.69
观想科技,sz301213,71.48,72.87,73.0,1548100.0,71.48,100,71.5,200,-1.91,73.34,70.87,1548100,111310000.0,2.99,3.39,36.96,57.18,87.44,58.3,0.6
联检科技,sz301115,25.19,25.29,25.24,5304900.0,25.19,3700,25.21,2000,-0.4,25.81,24.88,5304900,133930000.0,3.43,3.68,38.99,46.23,30.35,20.23,0.71
华润材料,sz301090,8.83,8.78,8.78,15520200.0,8.83,36500,8.84,17800,0.57,9.09,8.75,15520200,138430000.0,1.06,3.87,129.88,130.02,10.54,7.02,1.17
上海艾录,sz301062,7.97,8.03,8.06,9086700.0,7.97,99300,7.98,31700,-0.75,8.12,7.8,9086700,72480000.0,2.9,3.99,24.97,34.53,9.64,6.42,0.82
兰卫医学,sz301060,10.64,10.73,10.8,7800200.0,10.64,28100,10.65,20300,-0.84,10.97,10.55,7800200,83750000.0,2.17,3.91,38.32,42.62,12.88,8.58,0.7
保立佳,sz301037,17.01,17.38,17.38,2586000.0,17.01,600,17.02,7500,-2.13,17.38,16.8,2586000,44170000.0,3.8,3.34,11.57,23.65,20.86,13.9,0.97
读客文化,sz301025,11.06,11.18,11.22,5726500.0,11.05,3900,11.06,11300,-1.07,11.41,11.0,5726500,64060000.0,2.07,3.67,30.65,44.27,13.42,8.94,0.79
利安科技,sz300784,52.89,53.86,53.8,1770400.0,52.89,4600,52.92,300,-1.8,55.37,52.48,1770400,95600000.0,10.53,5.37,8.89,29.74,64.63,43.09,1.87
华宝股份,sz300741,15.76,15.87,15.99,2351100.0,15.75,1800,15.76,23100,-0.69,16.0,15.62,2351100,37140000.0,0.38,2.39,97.06,97.06,19.04,12.7,0.87
新余国科,sz300722,27.1,27.36,27.3,3137500.0,27.1,3700,27.11,18900,-0.95,27.58,27.01,3137500,85300000.0,1.13,2.08,75.0,75.0,32.83,21.89,0.8
大烨智能,sz300670,7.12,7.31,7.28,8948100.0,7.12,5200,7.13,10600,-2.6,7.31,7.05,8948100,64130000.0,3.98,3.56,16.0,22.56,8.77,5.85,0.86
欧普康视,sz300595,13.29,13.51,13.51,9674900.0,13.28,111400,13.29,44400,-1.63,13.57,13.22,9674900,129660000.0,1.45,2.59,88.84,118.98,16.21,10.81,0.93
奥联电子,sz300585,22.27,22.18,22.47,8862200.0,22.27,900,22.28,19800,0.41,22.9,21.96,8862200,197880000.0,5.18,4.24,38.11,38.11,26.62,17.74,0.81
达威股份,sz300535,17.98,18.46,18.44,2924100.0,17.98,3200,17.99,1000,-2.6,18.6,17.8,2924100,53150000.0,3.6,4.33,14.59,19.24,22.15,14.77,1.12
东杰智能,sz300486,22.54,22.22,22.33,11017500.0,22.52,1800,22.54,700,1.44,22.99,22.16,11017500,249210000.0,2.31,3.74,107.52,107.55,26.66,17.78,0.81
东通退,sz300379,1.72,1.72,0.0,0.0,0.0,0,0.0,0,0.0,0.0,0.0,0,0.0,0.0,0.0,9.06,9.6,-1.0,-1.0,0.0
百纳千成,sz300291,6.21,6.14,6.17,26230100.0,6.21,25000,6.22,5000,1.14,6.4,6.13,26230100,164510000.0,2.82,4.4,57.74,58.49,7.37,4.91,1.11
新天科技,sz300259,5.28,5.03,5.14,104592500.0,5.27,75200,5.28,684800,4.97,5.36,4.8,104592500,537620000.0,8.94,11.13,61.75,61.77,6.04,4.02,2.85
东方电热,sz300217,5.54,5.46,5.48,58854700.0,5.53,481000,5.54,75600,1.47,5.57,5.37,58854700,323390000.0,4.74,3.66,68.77,81.88,6.55,4.37,1.18
长荣股份,sz300195,6.69,6.79,6.81,10010900.0,6.69,15300,6.7,4100,-1.47,6.86,6.66,10010900,67620000.0,3.19,2.95,21.0,28.35,8.15,5.43,1.02
通裕重工,sz300185,3.18,3.27,3.28,170972800.0,3.17,2298600,3.18,453500,-2.75,3.32,3.16,170972800,549680000.0,4.45,4.89,122.3,128.35,3.92,2.62,0.83
捷成股份,sz300182,5.76,5.8,5.81,117136500.0,5.76,305900,5.77,114000,-0.69,5.98,5.72,117136500,685470000.0,5.18,4.48,130.14,153.44,6.96,4.64,0.87
*ST新研,sz300159,4.33,4.11,4.11,67861600.0,4.33,393500,4.34,249800,5.35,4.36,4.11,67861600,288610000.0,3.68,6.08,79.77,142.48,4.93,3.29,1.03
银河磁体,sz300127,32.18,31.59,31.7,8545200.0,32.09,300,32.18,18300,1.87,32.93,31.6,8545200,274890000.0,3.7,4.21,74.28,103.99,37.91,25.27,1.12
易成新能,sz300080,4.77,5.01,4.95,78382100.0,4.77,27500,4.78,295500,-4.79,4.99,4.71,78382100,374730000.0,4.19,5.59,89.24,89.36,6.01,4.01,1.6
三川智慧,sz300066,6.47,6.29,6.39,65365400.0,6.46,262500,6.47,114000,2.86,6.7,6.39,65365400,427480000.0,6.55,4.93,64.58,67.29,7.55,5.03,2.4
ST华谊,sz300027,1.92,1.95,1.94,68267400.0,1.92,934800,1.93,887600,-1.54,1.96,1.91,68267400,131660000.0,2.66,2.56,49.27,53.27,2.34,1.56,0.61
北陆药业,sz300016,8.94,9.08,9.05,18124500.0,8.93,47400,8.94,14600,-1.54,9.14,8.87,18124500,163310000.0,3.22,2.97,50.26,52.0,10.9,7.26,0.96
日久光电,sz003015,14.55,14.58,14.59,8701000.0,14.55,225900,14.56,3800,-0.21,14.67,14.15,8701000,125220000.0,3.52,3.57,35.99,40.9,16.04,13.12,1.17
郑州银行,sz002936,1.79,1.81,1.81,100704800.0,1.79,2179000,1.8,6614900,-1.1,1.82,1.78,100704800,181000000.0,1.43,2.21,125.82,162.75,1.99,1.63,1.89
锋龙股份,sz002931,58.54,57.08,57.36,11667600.0,58.53,300,58.54,500,2.56,60.89,56.31,11667600,686880000.0,5.8,8.02,117.81,127.91,62.79,51.37,1.14
联诚精密,sz002921,31.01,30.91,30.94,8494400.0,30.98,8900,31.01,10600,0.32,32.52,30.32,8494400,267210000.0,6.61,7.12,39.83,46.2,34.0,27.82,0.87
同兴达,sz002845,14.59,14.76,14.79,8236100.0,14.58,400,14.59,1200,-1.15,14.98,14.4,8236100,120690000.0,3.29,3.93,36.51,47.79,16.24,13.28,1.02
张家港行,sz002839,4.36,4.45,4.45,30904700.0,4.36,1531900,4.37,41800,-2.02,4.45,4.35,30904700,135850000.0,1.27,2.25,106.47,106.57,4.9,4.01,1.4
第一创业,sz002797,7.46,7.67,7.67,146236800.0,7.45,380000,7.46,250800,-2.74,7.72,7.4,146236800,1102310000.0,3.48,4.17,313.5,313.5,8.44,6.9,0.86
新宝股份,sz002705,13.48,13.78,13.79,16082600.0,13.47,12100,13.48,96600,-2.18,13.85,13.4,16082600,219080000.0,1.99,3.27,108.93,109.44,15.16,12.4,0.78
*ST双成,sz002693,11.11,10.82,10.67,24791500.0,11.11,66200,11.12,65500,2.68,11.36,10.31,24791500,271600000.0,6.03,9.7,45.66,46.07,11.36,10.28,1.3
卫星化学,sz002648,28.08,27.08,27.12,74329700.0,28.07,31400,28.08,256200,3.69,28.85,27.01,74329700,2086300000.0,2.21,6.79,945.31,945.92,29.79,24.37,1.31
华宏科技,sz002645,27.95,28.46,28.86,31853900.0,27.94,1500,27.95,3400,-1.79,28.9,27.48,31853900,895240000.0,5.7,4.99,156.22,175.41,31.31,25.61,0.64
赞宇科技,sz002637,13.31,12.71,12.78,37824000.0,13.31,48900,13.32,12000,4.72,13.51,12.72,37824000,498310000.0,8.13,6.22,61.89,62.61,13.98,11.44,1.27
*ST瑞和,sz002620,10.35,10.89,10.35,13214700.0,0.0,0,10.35,18488100,-4.96,10.35,10.35,13214700,136770000.0,4.18,0.0,32.71,39.07,11.43,10.35,1.16
奥佳华,sz002614,5.51,5.52,5.52,10199800.0,5.5,73800,5.51,800,-0.18,5.62,5.47,10199800,56450000.0,2.31,2.72,24.31,34.37,6.07,4.97,0.97
ST章鼓,sz002598,8.12,8.21,8.22,6116300.0,8.12,22200,8.14,36800,-1.1,8.23,8.09,6116300,49860000.0,2.13,1.71,23.27,25.34,8.62,7.8,0.81
益盛药业,sz002566,7.96,8.1,8.09,6461400.0,7.95,11300,7.96,500,-1.73,8.14,7.94,6461400,51920000.0,2.79,2.47,18.45,26.34,8.91,7.29,1.09
千红制药,sz002550,6.92,6.97,6.97,11904900.0,6.92,41300,6.93,60900,-0.72,7.0,6.87,11904900,82600000.0,1.26,1.87,65.13,88.56,7.67,6.27,0.97
齐峰新材,sz002521,7.89,7.85,7.85,5484100.0,7.88,56900,7.89,800,0.51,7.92,7.79,5484100,43080000.0,1.31,1.66,33.07,44.19,8.64,7.07,0.88
华斯股份,sz002494,6.11,6.18,6.15,10098900.0,6.11,9500,6.12,6000,-1.13,6.21,6.0,10098900,61640000.0,3.52,3.4,17.52,23.05,6.8,5.56,0.91
富春环保,sz002479,5.53,5.63,5.63,25028500.0,5.52,45900,5.53,3000,-1.78,5.64,5.49,25028500,138810000.0,2.9,2.66,47.73,47.83,6.19,5.07,0.94
青龙管业,sz002457,12.11,11.87,11.81,32616100.0,12.11,100400,12.12,104600,2.02,12.24,11.72,32616100,392420000.0,9.79,4.38,40.36,40.39,13.06,10.68,1.32
长高电新,sz002452,10.8,11.0,10.93,28937600.0,10.79,12500,10.8,33900,-1.82,11.09,10.54,28937600,311380000.0,5.62,5.0,55.65,67.0,12.1,9.9,0.79
闰土股份,sz002440,9.96,10.17,10.17,33288000.0,9.96,10700,9.97,11900,-2.06,10.45,9.88,33288000,336060000.0,3.52,5.6,94.26,111.95,11.19,9.15,1.02
毅昌科技,sz002420,6.91,6.97,6.96,11554100.0,6.91,29300,6.92,5200,-0.86,7.03,6.86,11554100,80320000.0,2.89,2.44,27.61,28.42,7.67,6.27,0.91
西部建设,sz002302,5.48,5.54,5.53,7980300.0,5.47,167700,5.48,25200,-1.08,5.55,5.45,7980300,43790000.0,0.63,1.81,69.18,69.18,6.09,4.99,0.53
浙富控股,sz002266,5.3,5.49,5.52,148911100.0,5.29,133700,5.3,739000,-3.46,5.6,5.23,148911100,799570000.0,3.08,6.74,256.66,276.62,6.04,4.94,0.87
ST嘉应,sz002198,3.97,4.17,4.11,33747400.0,3.96,113000,3.97,75700,-4.8,4.15,3.96,33747400,135830000.0,6.65,4.56,20.15,20.15,4.38,3.96,1.17
证通电子,sz002197,7.88,8.08,8.12,23886900.0,7.87,215900,7.88,15900,-2.48,8.15,7.85,23886900,191440000.0,4.47,3.71,42.08,48.41,8.89,7.27,0.97
莱茵生物,sz002166,8.78,8.76,8.78,11145600.0,8.78,76000,8.79,11300,0.23,8.99,8.71,11145600,98450000.0,1.51,3.2,64.85,65.11,9.64,7.88,0.71
广电运通,sz002152,11.38,11.58,11.6,30027200.0,11.37,53600,11.38,40900,-1.73,11.73,11.28,30027200,344790000.0,1.21,3.89,282.47,282.61,12.74,10.42,1.11
ST汇洲,sz002122,2.87,2.86,2.86,16251900.0,2.87,245800,2.88,591800,0.35,2.89,2.85,16251900,46560000.0,0.82,1.4,57.05,57.44,3.0,2.72,0.91
三钢闽光,sz002110,3.19,3.3,3.3,31490400.0,3.18,373200,3.19,150600,-3.33,3.32,3.17,31490400,101780000.0,1.3,4.55,77.49,77.49,3.63,2.97,1.14
中泰化学,sz002092,5.7,5.68,5.68,61964200.0,5.69,106700,5.7,143800,0.35,5.82,5.65,61964200,355410000.0,2.41,2.99,146.81,147.63,6.25,5.11,0.7
横店东磁,sz002056,19.18,19.75,19.83,35674200.0,19.17,20500,19.18,42500,-2.89,19.95,19.0,35674200,689650000.0,2.2,4.81,311.68,312.0,21.73,17.78,1.2
兔 宝 宝,sz002043,15.24,15.3,15.18,6071100.0,15.24,10000,15.26,100,-0.39,15.33,14.97,6071100,92130000.0,0.75,2.35,123.07,126.45,16.83,13.77,0.52
联创电子,sz002036,8.38,8.62,8.62,35312000.0,8.38,12000,8.39,72400,-2.78,8.74,8.3,35312000,299870000.0,3.35,5.1,88.45,88.63,9.48,7.76,0.63
京新药业,sz002020,14.25,14.32,14.32,8208100.0,14.25,17500,14.26,7000,-0.49,14.44,14.15,8208100,117430000.0,1.13,2.03,103.17,122.7,15.75,12.89,0.65
立新能源,sz001258,9.34,9.51,9.5,31953100.0,9.33,88700,9.34,43700,-1.79,9.58,9.17,31953100,298070000.0,3.42,4.31,87.17,87.17,10.46,8.56,0.67
弘业期货,sz001236,9.45,9.77,9.75,16741500.0,9.45,124600,9.46,17100,-3.28,9.82,9.38,16741500,159890000.0,2.21,4.5,71.64,95.24,10.75,8.79,1.08
兰州银行,sz001227,2.16,2.2,2.19,62098100.0,2.16,3573200,2.17,1126200,-1.82,2.2,2.15,62098100,135070000.0,1.47,2.27,91.1,123.03,2.42,1.98,1.67
*ST数源,sz000909,4.63,4.77,4.79,8552200.0,4.63,12700,4.64,3000,-2.94,4.86,4.58,8552200,39870000.0,1.95,5.87,20.27,20.27,5.01,4.53,0.61
现代投资,sz000900,3.99,4.04,4.05,18849600.0,3.99,342300,4.0,50400,-1.24,4.06,3.98,18849600,75710000.0,1.24,1.98,60.56,60.56,4.44,3.64,1.51
电投绿能,sz000875,6.61,6.83,6.8,80421100.0,6.6,1367100,6.61,5000,-3.22,6.9,6.6,80421100,537410000.0,2.41,4.39,220.93,239.76,7.51,6.15,0.93
国安股份,sz000839,3.44,3.23,3.25,338972300.0,3.44,1307500,3.45,882300,6.5,3.55,3.24,338972300,1181230000.0,8.65,9.6,134.84,134.84,3.55,2.91,1.77
超声电子,sz000823,16.28,16.84,16.9,35363000.0,16.27,53000,16.28,16300,-3.33,17.1,16.1,35363000,581680000.0,6.59,5.94,87.42,87.42,18.52,15.16,0.72
冰轮环境,sz000811,33.12,33.66,33.55,55755100.0,33.11,5400,33.12,55700,-1.6,34.94,32.09,55755100,1860370000.0,5.7,8.47,324.04,328.71,37.03,30.29,1.02
中国武夷,sz000797,2.72,2.78,2.77,26757400.0,2.71,810500,2.72,8600,-2.16,2.78,2.7,26757400,73240000.0,1.7,2.88,42.72,42.72,3.06,2.5,1.0
英洛华,sz000795,9.34,9.28,9.26,20450900.0,9.34,1800,9.35,15600,0.65,9.62,9.22,20450900,192020000.0,1.8,4.31,105.89,105.89,10.21,8.35,1.04
国海证券,sz000750,3.79,3.87,3.86,56350600.0,3.79,758600,3.8,428500,-2.07,3.88,3.77,56350600,215800000.0,0.97,2.84,219.68,242.04,4.26,3.48,1.05
湖南发展,sz000722,14.35,14.79,14.79,28670800.0,14.34,9200,14.35,20300,-2.97,14.85,14.13,28670800,411790000.0,6.18,4.87,66.61,66.61,16.27,13.31,0.7
双环科技,sz000707,5.69,5.74,5.77,7876300.0,5.69,69700,5.7,13800,-0.87,5.77,5.68,7876300,45070000.0,1.43,1.57,31.34,33.27,6.31,5.17,0.75
ST沈化,sz000698,3.71,3.72,3.72,5776000.0,3.71,7400,3.72,36300,-0.27,3.75,3.69,5776000,21500000.0,0.74,1.61,29.15,30.4,3.91,3.53,0.71
*ST金科,sz000656,1.41,1.42,1.42,93716700.0,1.41,3877400,1.42,2150700,-0.7,1.43,1.39,93716700,132300000.0,1.23,2.82,107.42,149.94,1.49,1.35,1.11
顺发恒能,sz000631,3.28,3.3,3.3,43949500.0,3.28,30700,3.29,73600,-0.61,3.38,3.21,43949500,144440000.0,1.91,5.15,75.44,75.44,3.63,2.97,1.01
陕国投Ａ,sz000563,3.08,3.12,3.12,55177200.0,3.07,936100,3.08,1012100,-1.28,3.14,3.05,55177200,170890000.0,1.08,2.88,157.51,157.51,3.43,2.81,1.08
西部创业,sz000557,4.5,4.56,4.58,9549300.0,4.5,288600,4.51,3000,-1.32,4.58,4.49,9549300,43190000.0,0.65,1.97,65.61,65.63,5.02,4.1,1.24
新金路,sz000510,14.03,14.95,14.75,60852800.0,14.03,125000,14.04,72400,-6.15,14.9,13.85,60852800,870980000.0,10.03,7.02,85.11,90.99,16.45,13.46,1.13
申万宏源,sz000166,4.54,4.67,4.66,131127600.0,4.54,581300,4.55,914300,-2.78,4.67,4.52,131127600,602170000.0,0.58,3.21,1023.11,1136.81,5.14,4.2,1.41
中集集团,sz000039,12.13,12.6,12.55,45647700.0,12.12,64600,12.13,100900,-3.73,12.85,12.04,45647700,563900000.0,1.98,6.43,279.16,654.11,13.86,11.34,0.94
南  玻Ａ,sz000012,3.73,3.85,3.82,26646500.0,3.73,21500,3.74,125500,-3.12,3.84,3.71,26646500,100310000.0,1.36,3.38,73.08,113.48,4.24,3.47,0.9
深振业Ａ,sz000006,9.72,9.94,9.95,46801300.0,9.72,278400,9.73,31000,-2.21,10.25,9.62,46801300,462790000.0,3.47,6.34,131.22,131.22,10.93,8.95,0.71
思特威-W,sh688213,104.45,106.0,106.7,1772663600.0,104.42,300,104.45,700,-1.46,109.88,102.58,1772663600,1873830000.0,5.48,6.89,337.91,420.21,127.2,84.8,0.96
键凯科技,sh688356,90.02,91.0,90.22,77774800.0,90.02,200,90.1,3000,-1.08,91.59,89.66,77774800,70510000.0,1.28,2.12,54.6,54.6,109.2,72.8,0.55
贵州茅台,sh600519,1332.95,1342.17,1335.15,5818400.0,1332.88,300,1332.95,1100,-0.69,1339.28,1327.11,5818400,7749370000.0,0.46,0.91,16692.14,16692.14,1476.39,1207.95,1.15
润和软件,sz300339,44.98,44.4,44.73,34687800.0,44.97,11000,44.98,71200,1.31,46.37,44.5,34687800,1573100000.0,4.46,4.21,349.8,358.23,53.28,35.52,0.81
恒铭达,sz002947,82.08,82.41,83.29,9275100.0,82.07,15100,82.08,8500,-0.4,85.69,81.0,9275100,772390000.0,4.81,5.69,158.11,210.3,90.65,74.17,0.85
新强联,sz300850,38.05,38.69,38.9,15008300.0,38.05,1400,38.07,4200,-1.65,39.05,37.28,15008300,573770000.0,4.99,4.57,114.45,157.56,46.43,30.95,0.94
翱捷科技-U,sh688220,108.12,109.5,109.69,1292659900.0,108.12,4600,108.15,3400,-1.26,113.43,106.5,1292659900,1410050000.0,3.5,6.33,399.11,452.27,131.4,87.6,0.89
瑞松科技,sh688090,86.37,85.68,85.5,650925100.0,86.37,1600,86.47,200,0.81,88.0,83.5,650925100,559340000.0,5.33,5.25,105.45,105.69,102.82,68.54,1.15
科力装备,sz301552,30.66,30.46,30.46,1370400.0,30.66,4700,30.69,800,0.66,31.06,30.38,1370400,42040000.0,4.43,2.23,9.49,37.94,36.55,24.37,0.71
五 粮 液,sz000858,86.87,88.99,88.0,36117900.0,86.86,10700,86.87,79600,-2.38,88.08,86.62,36117900,3145650000.0,0.93,1.64,3371.87,3371.95,97.89,80.09,0.96
安图生物,sh603658,33.59,33.89,34.0,2377100.0,33.58,2200,33.59,200,-0.89,34.18,33.43,2377100,80210000.0,0.42,2.21,191.94,191.94,37.28,30.5,0.77
朗特智能,sz300916,37.5,36.98,37.3,3964200.0,37.48,3000,37.51,400,1.41,38.38,37.1,3964200,149390000.0,4.24,3.46,35.03,54.24,44.38,29.58,0.8
万里石,sz002785,55.3,54.35,54.22,9314100.0,55.3,5800,55.31,11800,1.75,56.6,54.0,9314100,514520000.0,4.81,4.78,107.0,125.32,59.79,48.92,0.9
钧崴电子,sz301458,42.52,43.01,43.46,6049000.0,42.52,100,42.55,200,-1.14,43.8,42.19,6049000,259580000.0,5.15,3.74,49.95,113.39,51.61,34.41,0.61
汇通能源,sh600605,33.05,33.97,34.0,5102900.0,33.04,800,33.05,800,-2.71,34.04,32.87,5102900,170050000.0,2.47,3.44,68.18,68.18,37.37,30.57,0.76
国芯科技,sh688262,39.2,40.48,40.67,1596158200.0,39.19,1100,39.2,16500,-3.16,41.25,38.78,1596158200,632610000.0,4.75,6.1,131.71,131.71,48.58,32.38,0.95
海尔智家,sh600690,21.4,21.28,21.38,79621600.0,21.4,80600,21.41,45300,0.56,21.81,21.12,79621600,1718090000.0,1.27,3.24,1338.15,2006.81,23.41,19.15,1.35
瑞达期货,sz002961,24.95,26.02,25.81,12540800.0,24.94,13200,24.95,19500,-4.11,26.03,24.52,12540800,314310000.0,2.63,5.8,118.99,118.99,28.62,23.42,1.14
有研粉材,sh688456,81.59,82.35,82.66,715561700.0,81.57,400,81.59,33000,-0.92,85.0,80.4,715561700,591510000.0,6.9,5.59,84.58,84.58,98.82,65.88,0.8
中国海防,sh600764,22.95,23.43,23.43,6131100.0,22.94,13500,22.95,32300,-2.05,23.63,22.9,6131100,142320000.0,0.86,3.12,163.09,163.09,25.77,21.09,0.87
伟明环保,sh603568,20.48,20.65,20.65,5177300.0,20.48,2900,20.49,800,-0.82,20.9,20.3,5177300,106180000.0,0.3,2.91,349.6,350.23,22.72,18.59,0.92
键邦股份,sh603285,50.0,49.8,49.89,5177100.0,49.96,100,50.0,11600,0.4,53.89,49.47,5177100,264290000.0,8.31,8.88,31.15,80.0,54.78,44.82,0.98
皖仪科技,sh688600,27.51,27.74,27.81,314025700.0,27.51,2100,27.53,1500,-0.83,28.05,27.19,314025700,86590000.0,2.33,3.1,37.06,37.06,33.29,22.19,0.85
福立旺,sh688678,25.3,24.8,25.0,2997880800.0,25.3,28200,25.31,1300,2.02,25.68,24.2,2997880800,750140000.0,7.44,5.97,101.99,101.99,29.76,19.84,0.97
新亚电子,sh605277,23.36,23.75,23.85,5859800.0,23.35,10900,23.36,600,-1.64,24.03,23.18,5859800,137790000.0,1.84,3.58,74.32,75.68,26.13,21.38,0.86
义翘神州,sz301047,69.07,69.0,69.01,907900.0,69.07,1500,69.1,700,0.1,70.35,68.68,907900,63110000.0,0.76,2.42,82.59,84.01,82.8,55.2,0.67
开普检测,sz003008,22.76,22.88,22.91,1574900.0,22.74,200,22.77,7100,-0.52,23.1,22.49,1574900,35890000.0,2.03,2.67,17.69,23.67,25.17,20.59,0.97
西藏药业,sh600211,42.24,42.22,42.22,3861700.0,42.24,5200,42.3,500,0.05,42.99,41.99,3861700,163820000.0,1.2,2.37,136.15,136.15,46.44,38.0,0.81
善水科技,sz301190,24.73,24.88,24.88,2464500.0,24.73,4200,24.74,7600,-0.6,25.43,24.52,2464500,61530000.0,1.72,3.66,35.39,53.08,29.86,19.9,0.65
宇环数控,sz002903,47.8,48.01,47.53,11437900.0,47.8,8800,47.81,200,-0.44,49.9,47.5,11437900,556570000.0,10.72,5.0,50.99,74.9,52.81,43.21,0.58
杰恩股份,sz300668,59.6,62.57,61.95,4405100.0,59.6,2500,59.65,500,-4.75,66.0,58.0,4405100,269050000.0,4.42,12.79,59.42,71.75,75.08,50.06,0.83
太辰光,sz300570,160.4,175.55,177.0,36982800.0,160.39,6300,160.4,50800,-8.63,177.88,160.25,36982800,6131680000.0,19.24,10.04,308.28,364.31,210.66,140.44,1.01
江龙船艇,sz300589,15.65,15.95,15.99,16481800.0,15.65,9300,15.66,3100,-1.88,16.3,15.59,16481800,262600000.0,7.03,4.45,36.69,59.11,19.14,12.76,0.7
伟创电气,sh688698,75.56,68.88,69.0,1495541300.0,75.56,20000,75.57,12100,9.7,78.9,68.52,1495541300,1117440000.0,6.99,15.07,161.72,161.72,82.66,55.1,2.46
美芯晟,sh688458,44.58,45.98,45.9,942693800.0,44.55,600,44.58,200,-3.04,46.89,43.9,942693800,427410000.0,11.08,6.5,37.92,49.72,55.18,36.78,2.13
人民网,sh603000,19.07,19.02,19.13,25238500.0,19.07,49200,19.08,18300,0.26,19.64,18.91,25238500,485870000.0,2.28,3.84,210.86,210.86,20.92,17.12,0.97
激智科技,sz300566,20.13,20.33,20.3,7064200.0,20.08,500,20.13,21800,-0.98,20.46,19.9,7064200,142140000.0,3.12,2.75,45.63,52.76,24.4,16.26,0.84
上海医药,sh601607,16.73,16.89,16.86,9127700.0,16.72,800,16.73,145500,-0.95,16.92,16.67,9127700,153150000.0,0.33,1.48,466.63,620.41,18.58,15.2,1.03
重庆啤酒,sh600132,52.44,52.94,52.92,3279200.0,52.44,13600,52.45,700,-0.94,53.04,52.31,3279200,172350000.0,0.68,1.38,253.79,253.79,58.23,47.65,0.74
宏力达,sh688330,39.93,40.36,40.08,179685400.0,39.93,23900,39.97,1800,-1.07,40.65,39.68,179685400,71930000.0,1.28,2.4,55.9,55.9,48.43,32.29,0.74
丽珠集团,sz000513,30.88,31.41,31.41,5961700.0,30.88,28300,30.89,14500,-1.69,31.56,30.77,5961700,185470000.0,1.05,2.52,175.44,274.19,34.55,28.27,0.86
华绿生物,sz300970,33.44,33.17,33.5,6677900.0,33.44,10700,33.46,100,0.81,34.17,33.18,6677900,224660000.0,7.05,2.98,31.69,41.0,39.8,26.54,0.95
明志科技,sh688355,23.77,23.11,23.01,208511600.0,23.75,600,23.77,400,2.86,24.27,23.01,208511600,49110000.0,1.68,5.45,29.46,29.46,27.73,18.49,0.87
嘉环科技,sh603206,17.38,17.49,17.49,5526400.0,17.38,3900,17.39,1900,-0.63,17.86,17.28,5526400,97150000.0,1.81,3.32,53.04,53.04,19.24,15.74,0.94
上海机场,sh600009,26.07,26.52,26.52,13437800.0,26.07,26100,26.08,30600,-1.7,26.65,26.06,13437800,352810000.0,0.66,2.22,533.47,648.7,29.17,23.87,1.24
康强电子,sz002119,23.24,22.7,22.95,49210000.0,23.24,88100,23.25,220500,2.38,23.9,22.55,49210000,1144910000.0,13.11,5.95,87.22,87.22,24.97,20.43,1.3
路桥信息,bj920748,33.53,34.88,34.7,949900.0,33.5,4500,33.53,0,-3.87,34.99,33.32,949900,32346800.0,2.66,4.79,11.96,25.73,45.34,24.42,0.83
西大门,sh605155,16.77,17.12,17.06,3098900.0,16.77,6600,16.78,6000,-2.04,17.19,16.6,3098900,52310000.0,1.66,3.45,31.33,32.08,18.83,15.41,0.57
中国稀土,sz000831,55.88,54.25,54.15,63453100.0,55.88,143100,55.89,5000,3.0,59.0,54.01,63453100,3574810000.0,5.98,9.2,593.01,593.01,59.68,48.83,1.49
长鸿高科,sh605008,12.24,12.25,12.11,2981400.0,12.24,300,12.25,5800,-0.08,12.55,12.11,2981400,36940000.0,0.46,3.59,79.07,79.07,13.48,11.03,1.03
瑞联新材,sh688550,47.19,46.76,46.76,769062000.0,47.19,4800,47.2,1500,0.92,48.43,45.7,769062000,362980000.0,4.42,5.84,82.04,82.04,56.11,37.41,1.27
ST瀚川,sh688022,9.96,9.89,9.96,394304500.0,9.94,300,9.96,4400,0.71,10.07,9.91,394304500,39330000.0,2.24,1.62,17.52,17.52,11.87,7.91,0.33
旭升集团,sh603305,16.56,16.07,16.13,53510500.0,16.55,64000,16.56,69800,3.05,17.0,16.08,53510500,888340000.0,4.63,5.72,191.39,191.39,17.68,14.46,1.35
皇马科技,sh603181,15.1,14.84,14.85,11278700.0,15.09,5500,15.1,33100,1.75,15.43,14.84,11278700,170520000.0,1.92,3.98,88.89,88.89,16.32,13.36,1.5
宁波中百,sh600857,13.97,15.52,15.55,26934000.0,0.0,0,13.97,631000,-9.99,15.55,13.97,26934000,384190000.0,12.01,10.18,31.34,31.34,17.07,13.97,2.67
川投能源,sh600674,14.99,15.04,15.0,32462800.0,14.98,2000,14.99,10000,-0.33,15.12,14.73,32462800,484740000.0,0.67,2.59,730.7,730.7,16.54,13.54,0.87
冠昊生物,sz300238,13.2,13.63,13.69,7145700.0,13.19,10100,13.2,3700,-3.15,13.73,13.07,7145700,95650000.0,2.7,4.84,35.0,35.0,16.36,10.9,1.16
北方长龙,sz301357,105.9,105.37,104.82,2408200.0,105.88,200,105.9,2100,0.5,108.92,103.9,2408200,255440000.0,2.53,4.76,100.82,100.82,126.44,84.3,0.68
中科蓝讯,sh688332,131.33,133.14,132.65,319104600.0,131.33,9300,131.34,1100,-1.36,133.88,128.51,319104600,418940000.0,2.65,4.03,158.38,158.38,159.77,106.51,0.81
维力医疗,sh603309,13.79,14.0,13.91,3912600.0,13.79,3000,13.8,200,-1.5,14.08,13.71,3912600,54430000.0,1.34,2.64,40.25,40.25,15.4,12.6,0.53
安井食品,sh603345,100.25,103.36,102.52,5521000.0,100.25,1900,100.26,300,-3.01,103.0,100.0,5521000,556500000.0,1.88,2.9,294.03,334.12,113.7,93.02,0.99
通力科技,sz301255,31.03,30.03,30.02,5641600.0,31.03,53500,31.04,6700,3.33,31.5,29.96,5641600,174440000.0,14.82,5.13,11.82,47.26,36.04,24.02,1.69
锡南科技,sz301170,29.41,29.58,29.64,1353100.0,29.4,2600,29.41,1100,-0.57,29.86,29.03,1353100,39880000.0,4.03,2.81,9.87,29.41,35.5,23.66,0.93
复星医药,sh600196,24.13,24.5,24.48,18918500.0,24.13,21600,24.14,73100,-1.51,24.62,24.03,18918500,460000000.0,0.89,2.41,511.19,644.37,26.95,22.05,0.72
金奥博,sz002917,13.47,13.52,13.53,5245800.0,13.46,41000,13.47,11000,-0.37,13.73,13.38,5245800,71100000.0,2.01,2.59,35.1,46.82,14.87,12.17,0.56
交大思诺,sz300851,32.4,32.4,0.0,0.0,0.0,0,0.0,0,0.0,0.0,0.0,0,0.0,0.0,0.0,15.99,28.17,38.88,25.92,0.0
沃尔核材,sz002130,22.49,22.84,22.8,43313500.0,22.49,89500,22.5,85100,-1.53,22.99,22.4,43313500,980690000.0,3.78,2.58,257.95,314.83,25.12,20.56,0.76
奥尼电子,sz301189,99.37,95.72,94.52,9538700.0,99.37,4500,99.39,100,3.81,106.91,93.75,9538700,965280000.0,8.49,13.75,111.65,115.66,114.86,76.58,0.9
三一重能,sh688349,22.19,22.73,22.76,908383900.0,22.19,300,22.2,7000,-2.38,22.8,22.02,908383900,203650000.0,0.76,3.43,263.95,272.14,27.28,18.18,0.93
万控智造,sh603070,16.55,16.62,16.1,19243200.0,16.55,4400,16.56,800,-0.42,17.29,16.1,19243200,318550000.0,4.8,7.16,66.37,66.37,18.28,14.96,1.9
通达创智,sz001368,28.76,28.58,29.33,1670500.0,28.74,100,28.76,1600,0.63,29.33,28.28,1670500,48110000.0,1.54,3.67,31.12,32.74,31.44,25.72,0.8
思林杰,sh688115,59.83,57.55,58.03,184446400.0,59.83,500,59.88,400,3.96,61.19,57.05,184446400,109390000.0,2.77,7.19,39.89,39.89,69.06,46.04,0.87
洪汇新材,sz002802,14.33,14.36,14.43,5938600.0,14.32,2000,14.33,16900,-0.21,14.59,14.2,5938600,85350000.0,3.97,2.72,21.45,25.97,15.8,12.92,0.61
康希通信,sh688653,15.93,16.09,16.3,1475223400.0,15.93,6100,15.94,10700,-0.99,16.59,15.74,1475223400,238060000.0,4.66,5.28,50.4,67.62,19.31,12.87,1.11
潞安环能,sh601699,15.15,14.81,14.93,45460400.0,15.15,11900,15.16,13500,2.3,15.65,14.7,45460400,691320000.0,1.52,6.41,453.2,453.2,16.29,13.33,1.57
争光股份,sz301092,41.01,40.57,40.1,4104000.0,41.0,14300,41.01,12800,1.08,41.96,40.1,4104000,169110000.0,6.73,4.58,25.01,55.17,48.68,32.46,0.99
集智股份,sz300553,63.62,64.78,65.65,5753300.0,63.62,1200,63.65,3200,-1.79,66.0,62.54,5753300,369880000.0,6.78,5.34,54.01,70.63,77.74,51.82,0.81
春立医疗,sh688236,17.14,17.24,16.98,149353900.0,17.14,400,17.15,500,-0.58,17.48,16.98,149353900,25730000.0,0.52,2.9,49.44,65.74,20.69,13.79,0.69
盛天网络,sz300494,10.64,10.76,10.78,9079000.0,10.63,20600,10.64,1300,-1.12,10.92,10.58,9079000,97530000.0,2.28,3.16,42.38,52.19,12.91,8.61,0.83
线上线下,sz300959,166.0,149.81,158.55,9159100.0,165.99,10000,166.0,5100,10.81,173.0,158.55,9159100,1513390000.0,17.5,9.65,86.86,133.41,179.77,119.85,1.27
北矿科技,sh600980,23.33,23.34,23.35,3819700.0,23.33,7300,23.35,1600,-0.04,24.01,23.1,3819700,89610000.0,2.02,3.9,44.16,44.16,25.67,21.01,1.16
云南白药,sz000538,50.9,51.5,51.4,7949200.0,50.9,17900,50.91,7300,-1.17,51.5,50.8,7949200,406400000.0,0.45,1.36,902.42,908.19,56.65,46.35,0.89
力合微,sh688589,24.12,24.29,24.23,464393800.0,24.1,1000,24.12,1100,-0.7,24.8,23.85,464393800,112820000.0,3.2,3.91,35.05,35.05,29.15,19.43,1.07
中捷精工,sz301072,25.13,25.42,25.16,1643800.0,25.13,100,25.18,6100,-1.14,25.75,24.96,1643800,41580000.0,2.45,3.11,16.87,26.4,30.5,20.34,0.99
凯盛科技,sh600552,17.44,18.3,18.2,108333800.0,17.43,8400,17.44,368600,-4.7,18.58,17.23,108333800,1924720000.0,11.47,7.38,164.74,164.74,20.13,16.47,1.22
奥海科技,sz002993,59.1,58.7,61.15,10090200.0,59.09,2300,59.1,7700,0.68,61.8,58.0,10090200,601060000.0,4.23,6.47,140.92,163.14,64.57,52.83,1.12
道道全,sz002852,8.63,8.7,8.7,5244400.0,8.63,21900,8.65,40200,-0.8,8.76,8.55,5244400,45260000.0,1.83,2.41,24.66,29.68,9.57,7.83,0.94
华骐环保,sz300929,13.87,14.21,14.21,4327600.0,13.86,2500,13.87,4900,-2.39,14.3,13.73,4327600,60490000.0,3.45,4.01,17.39,18.33,17.05,11.37,1.03
全柴动力,sh600218,9.42,9.31,9.42,6864700.0,9.42,36000,9.43,17100,1.18,9.6,9.28,6864700,64740000.0,1.58,3.44,41.03,41.03,10.24,8.38,0.96
兰生股份,sh600826,9.33,9.55,9.53,11962300.0,9.32,34300,9.33,27100,-2.3,9.59,9.3,11962300,112830000.0,1.63,3.04,68.63,68.63,10.51,8.6,0.75
中谷物流,sh603565,10.63,10.85,10.88,17006200.0,10.63,13900,10.65,6900,-2.03,10.92,10.56,17006200,181730000.0,0.81,3.32,223.24,223.24,11.94,9.77,1.23
张  裕Ａ,sz000869,19.1,19.01,19.47,1751400.0,19.1,0,19.11,4500,0.47,19.5,19.03,1751400,33640000.0,0.38,2.47,86.93,125.53,20.91,17.11,1.41
千金药业,sh600479,10.38,10.36,10.36,6221700.0,10.38,195100,10.39,15100,0.19,10.44,10.29,6221700,64390000.0,1.49,1.45,43.44,51.09,11.4,9.32,0.77
中材国际,sh600970,8.78,8.91,8.91,26383900.0,8.77,76800,8.78,52900,-1.46,8.94,8.75,26383900,233340000.0,1.01,2.13,230.2,230.2,9.8,8.02,0.78
中晶科技,sz003026,48.7,47.83,47.8,11123900.0,48.7,11600,48.71,4900,1.82,49.09,46.8,11123900,534870000.0,11.49,4.79,47.14,63.12,52.61,43.05,0.62
陕鼓动力,sh601369,9.18,9.18,9.19,8622800.0,9.18,105100,9.19,10700,0.0,9.29,9.13,8622800,79370000.0,0.51,1.74,156.63,158.21,10.1,8.26,0.85
凤凰传媒,sh601928,9.23,9.32,9.35,6782100.0,9.23,40800,9.25,3000,-0.97,9.4,9.21,6782100,63080000.0,0.27,2.04,234.89,234.89,10.25,8.39,0.75
摩恩电气,sz002451,9.69,9.76,9.75,13393700.0,9.69,152900,9.7,38600,-0.72,9.89,9.6,13393700,130130000.0,3.05,2.97,42.55,42.7,10.74,8.78,0.69
盛帮股份,sz301233,61.0,61.77,61.82,2396400.0,61.0,2200,61.05,200,-1.25,62.96,60.41,2396400,148000000.0,8.5,4.13,17.19,31.4,74.12,49.42,1.35
宣泰医药,sh688247,9.19,9.27,9.25,192951900.0,9.19,13100,9.2,20500,-0.86,9.34,9.15,192951900,17790000.0,0.43,2.05,41.66,41.66,11.12,7.42,0.89
中毅达,sh600610,10.23,9.85,9.86,59514700.0,10.22,93100,10.23,41100,3.86,10.7,9.86,59514700,614820000.0,8.4,8.53,72.5,109.59,10.84,8.87,0.85
亚光股份,sh603282,18.01,18.24,18.1,1894900.0,18.0,1000,18.01,100,-1.26,18.4,17.89,1894900,34350000.0,1.42,2.8,24.1,24.1,20.06,16.42,0.81
雷赛智能,sz002979,59.8,54.36,55.0,20736800.0,59.8,2655800,0.0,0,10.01,59.8,54.68,20736800,1189940000.0,9.39,9.42,132.13,188.44,59.8,48.92,0.68
正泰电源,sz002150,29.72,28.4,28.56,32667800.0,29.71,14600,29.72,5800,4.65,31.1,27.52,32667800,955560000.0,9.11,12.61,106.56,107.25,31.24,25.56,2.13
金道科技,sz301279,27.2,26.93,26.9,3605200.0,27.19,7500,27.2,4700,1.0,27.75,26.58,3605200,97550000.0,2.76,4.34,35.5,45.84,32.32,21.54,0.92
浙江震元,sz000705,7.64,7.72,7.72,5455300.0,7.64,26400,7.65,200,-1.04,7.76,7.59,5455300,41800000.0,1.93,2.2,21.54,25.53,8.49,6.95,0.8
华能水电,sh600025,9.51,9.57,9.52,56204500.0,9.5,112600,9.51,175100,-0.63,9.57,9.29,56204500,529000000.0,0.3,2.93,1771.82,1771.82,10.53,8.61,1.37
国金证券,sh600109,8.86,9.06,9.03,33207800.0,8.86,12800,8.87,13800,-2.21,9.1,8.8,33207800,296930000.0,0.9,3.31,328.3,328.3,9.97,8.15,0.85
中国移动,sh600941,97.97,98.53,98.47,15538700.0,97.97,8900,97.98,2800,-0.57,99.55,97.7,15538700,1534320000.0,1.72,1.88,884.44,21229.33,108.38,88.68,1.43
捷顺科技,sz002609,8.37,8.44,8.41,9334300.0,8.37,25700,8.38,19800,-0.83,8.51,8.3,9334300,78380000.0,2.03,2.49,38.41,53.86,9.28,7.6,0.86
大全能源,sh688303,21.19,22.36,22.3,2674069500.0,21.19,3600,21.2,3400,-5.23,22.5,20.79,2674069500,567900000.0,1.25,7.65,454.57,454.57,26.83,17.89,1.42
安迪苏,sh600299,12.2,12.59,12.63,15768100.0,12.18,9900,12.2,40900,-3.1,12.88,12.15,15768100,194940000.0,0.59,5.8,327.19,375.73,13.85,11.33,1.0
三鑫医疗,sz300453,9.97,10.17,10.17,13594700.0,9.96,72600,9.97,34500,-1.97,10.23,9.89,13594700,136820000.0,3.78,3.34,35.88,52.05,12.2,8.14,0.88
济川药业,sh600566,28.26,28.95,28.8,5969000.0,28.26,400,28.28,20300,-2.38,28.93,28.14,5969000,169470000.0,0.65,2.73,259.58,260.46,31.85,26.06,0.66
炼石航空,sz000697,12.95,12.35,12.09,37543200.0,12.94,22300,12.95,156700,4.86,12.98,12.09,37543200,477530000.0,5.75,7.21,84.58,180.79,13.59,11.12,1.12
大宏立,sz300865,31.02,31.22,31.1,2873200.0,31.01,600,31.02,3000,-0.64,31.8,30.73,2873200,89590000.0,5.0,3.43,17.83,29.68,37.46,24.98,0.68
皖通科技,sz002331,9.63,9.66,9.88,20879200.0,9.62,9300,9.63,22500,-0.31,9.88,9.47,20879200,201050000.0,5.27,4.24,38.12,41.26,10.63,8.69,0.54
英威腾,sz002334,9.04,8.84,8.94,57266800.0,9.03,19400,9.04,18300,2.26,9.16,8.64,57266800,512390000.0,7.79,5.88,66.45,74.38,9.72,7.96,0.65
华懋科技,sh603306,107.68,109.4,109.45,17758200.0,107.67,400,107.68,4000,-1.57,112.46,105.01,17758200,1918170000.0,5.39,6.81,354.8,354.8,120.34,98.46,0.95
深天马Ａ,sz000050,7.47,7.72,7.73,35937700.0,7.47,170200,7.48,161400,-3.24,7.77,7.38,35937700,270320000.0,1.46,5.05,183.59,183.59,8.49,6.95,1.4
光大证券,sh601788,14.95,15.23,15.21,33136500.0,14.94,38700,14.95,87100,-1.84,15.24,14.82,33136500,497250000.0,0.85,2.76,584.05,689.31,16.75,13.71,0.97
赛腾股份,sh603283,61.2,61.5,61.05,24637500.0,61.2,2800,61.21,2200,-0.49,63.31,59.29,24637500,1506320000.0,9.09,6.54,165.96,165.96,67.65,55.35,1.38
奥浦迈,sh688293,46.13,46.41,46.22,100207000.0,46.13,100,46.14,1000,-0.6,47.15,45.87,100207000,46610000.0,0.88,2.76,52.51,64.25,55.69,37.13,0.51
中国核电,sh601985,9.14,9.04,9.03,136136000.0,9.14,27200,9.15,778300,1.11,9.22,8.98,136136000,1240030000.0,0.72,2.65,1725.93,1879.92,9.94,8.14,0.98
世纪华通,sz002602,14.9,14.4,14.42,177247000.0,14.89,217200,14.9,884200,3.47,14.96,14.17,177247000,2598440000.0,2.61,5.49,1012.73,1098.23,15.84,12.96,0.97
博隆技术,sh603325,60.18,60.09,60.0,849400.0,60.16,100,60.18,500,0.15,60.47,58.98,849400,50650000.0,2.48,2.48,20.57,48.15,66.1,54.08,1.09
环球印务,sz002799,8.77,8.61,8.61,7239600.0,8.76,3800,8.77,47100,1.86,9.0,8.57,7239600,63410000.0,2.26,4.99,28.07,28.07,9.47,7.75,1.51
青达环保,sh688501,23.28,23.24,23.45,164822900.0,23.25,1800,23.28,1700,0.17,23.65,23.0,164822900,38340000.0,1.33,2.8,28.92,28.92,27.89,18.59,0.54
深南电A,sz000037,10.76,11.03,10.92,33281200.0,10.76,103200,10.77,25600,-2.45,11.03,10.51,33281200,356850000.0,9.82,4.71,36.47,64.86,12.13,9.93,0.73
浙江建投,sz002761,8.5,8.59,8.58,11953500.0,8.49,7800,8.5,48200,-1.05,8.64,8.42,11953500,101870000.0,1.1,2.56,91.95,112.61,9.45,7.73,0.88
开普云,sh688228,102.0,105.0,105.61,258172700.0,102.0,2000,102.26,200,-2.86,106.0,101.01,258172700,266580000.0,3.82,4.75,68.9,68.9,126.0,84.0,1.11
上海电气,sh601727,8.82,8.8,8.72,356888200.0,8.81,104400,8.82,165900,0.23,9.07,8.63,356888200,3151350000.0,2.83,5.0,1112.7,1370.64,9.68,7.92,0.71
时代万恒,sh600241,9.0,9.16,9.21,6519700.0,8.99,12000,9.0,19400,-1.75,9.29,8.91,6519700,59200000.0,2.22,4.15,26.49,26.49,10.08,8.24,0.8
通化东宝,sh600867,8.73,8.82,8.8,26841200.0,8.72,128800,8.73,31200,-1.02,8.85,8.67,26841200,235040000.0,1.37,2.04,170.98,170.98,9.7,7.94,0.78
新恒汇,sz301678,61.17,61.67,61.52,2913600.0,61.17,2600,61.2,500,-0.81,62.96,59.81,2913600,179620000.0,6.08,5.11,29.31,146.54,74.0,49.34,1.11
鼎捷数智,sz300378,39.5,39.01,39.11,13712400.0,39.49,4600,39.5,3100,1.26,40.8,39.03,13712400,545470000.0,5.09,4.54,106.46,107.26,46.81,31.21,0.86
豪迈科技,sz002595,58.97,59.01,59.0,5352400.0,58.97,1900,58.98,900,-0.07,59.98,58.41,5352400,315920000.0,0.46,2.66,679.32,684.05,64.91,53.11,0.83
北京科锐,sz002350,16.38,16.6,16.65,23416400.0,16.37,3800,16.38,162500,-1.33,16.74,16.1,23416400,383570000.0,4.41,3.86,86.9,88.83,18.26,14.94,0.55
天富龙,sh603406,33.67,34.07,33.92,1271300.0,33.67,3100,33.68,2000,-1.17,34.26,33.59,1271300,43010000.0,3.47,1.97,12.34,134.68,37.48,30.66,0.73
华立股份,sh603038,16.05,16.2,16.17,3700800.0,16.05,300,16.06,5100,-0.93,16.33,15.9,3700800,59580000.0,1.38,2.65,43.12,43.12,17.82,14.58,0.76
百合花,sh603823,20.52,20.94,20.74,18982900.0,20.52,2300,20.53,6800,-2.01,21.72,20.31,18982900,398350000.0,4.56,6.73,85.44,85.44,23.03,18.85,1.4
诚志股份,sz000990,11.2,11.21,11.22,36247700.0,11.19,186600,11.2,26600,-0.09,11.48,11.07,36247700,409550000.0,2.98,3.66,136.11,136.11,12.33,10.09,0.68
华西股份,sz000936,7.85,8.01,8.13,44732900.0,7.85,9600,7.86,129000,-2.0,8.21,7.78,44732900,356730000.0,5.05,5.37,69.54,69.55,8.81,7.21,0.98
陆家嘴,sh600663,7.96,8.28,8.3,15880900.0,7.96,2600,7.97,11700,-3.86,8.35,7.92,15880900,128340000.0,0.5,5.19,251.19,400.8,9.11,7.45,0.92
贝斯特,sz300580,27.9,27.19,27.38,14773700.0,27.89,11300,27.9,1400,2.61,28.82,27.12,14773700,412950000.0,3.13,6.25,131.85,140.15,32.63,21.75,1.33
广信材料,sz300537,26.14,25.92,25.88,10855600.0,26.13,27000,26.14,23800,0.85,26.7,25.68,10855600,285220000.0,7.15,3.94,39.67,54.32,31.1,20.74,0.71
黄山谷捷,sz301581,49.94,49.9,50.05,981300.0,49.85,100,49.94,16600,0.08,50.75,49.37,981300,49200000.0,2.32,2.77,21.12,39.95,59.88,39.92,1.13
福莱特,sh601865,12.7,13.4,13.35,38484200.0,12.69,34800,12.7,93700,-5.22,13.42,12.61,38484200,494450000.0,2.02,6.04,241.43,297.55,14.74,12.06,1.79
果麦文化,sz301052,30.94,31.11,31.04,4310000.0,30.94,700,30.95,2100,-0.55,31.98,30.68,4310000,135310000.0,5.37,4.18,24.81,30.62,37.33,24.89,1.1
*ST高斯,sz002848,16.82,17.39,17.3,9704600.0,16.82,43900,16.84,3300,-3.28,17.3,16.6,9704600,164300000.0,5.88,4.03,27.74,28.11,18.26,16.52,1.53
鲍斯股份,sz300441,6.86,6.75,6.7,6074800.0,6.85,21900,6.86,22100,1.63,6.92,6.7,6074800,41510000.0,0.97,3.26,42.94,44.21,8.1,5.4,0.9
真兰仪表,sz301303,14.3,14.45,14.45,3401900.0,14.3,3100,14.31,1600,-1.04,14.55,14.2,3401900,48800000.0,3.33,2.42,14.61,58.46,17.34,11.56,1.0
军信股份,sz301109,15.47,15.63,15.61,5402900.0,15.47,2800,15.49,6700,-1.02,15.77,15.35,5402900,84140000.0,2.35,2.69,35.63,122.07,18.76,12.5,0.88
和泰机电,sz001225,48.8,48.65,49.0,1015500.0,48.8,400,48.9,300,0.31,50.4,48.6,1015500,50100000.0,4.83,3.7,10.27,32.14,53.52,43.79,0.93
设研院,sz300732,7.69,7.64,7.65,7433800.0,7.69,36300,7.7,67500,0.65,7.81,7.64,7433800,57430000.0,2.01,2.23,28.46,28.5,9.17,6.11,0.7
宁波联合,sh600051,7.45,7.65,7.65,8230200.0,7.45,4500,7.46,3100,-2.61,7.68,7.37,8230200,61870000.0,2.65,4.05,23.16,23.16,8.42,6.89,0.99
大亚圣象,sz000910,6.57,6.31,6.35,35126200.0,6.57,13200,6.58,58900,4.12,6.94,6.35,35126200,238850000.0,6.42,9.35,35.95,35.96,6.94,5.68,7.71
优宁维,sz301166,31.01,31.41,31.75,1366000.0,31.0,100,31.01,3500,-1.27,31.78,30.72,1366000,42540000.0,2.4,3.37,17.65,26.88,37.69,25.13,0.94
亿嘉和,sh603666,30.6,30.28,30.28,8042900.0,30.6,27900,30.63,300,1.06,31.49,29.9,8042900,247920000.0,3.91,5.25,62.89,62.89,33.31,27.25,1.35
首药控股-U,sh688197,41.74,41.71,41.88,151040300.0,41.74,900,41.78,2000,0.07,42.66,41.52,151040300,63520000.0,2.36,2.73,26.72,62.08,50.05,33.37,0.86
长电科技,sh600584,58.05,54.31,55.17,251079800.0,58.04,18200,58.05,1905400,6.89,59.73,54.63,251079800,14351400000.0,14.03,9.39,1038.76,1038.76,59.74,48.88,1.32
中远海特,sh600428,8.0,8.33,8.34,51077600.0,8.0,133800,8.01,40000,-3.96,8.37,7.94,51077600,412280000.0,2.38,5.16,171.73,219.51,9.16,7.5,1.26
安孚科技,sh603031,49.9,51.5,51.92,20750500.0,49.9,800,49.92,600,-3.11,52.93,49.47,20750500,1055740000.0,6.6,6.72,156.88,186.55,56.65,46.35,0.71
歌华有线,sh600037,7.82,7.87,7.86,22582400.0,7.82,30900,7.83,70300,-0.64,8.08,7.77,22582400,178730000.0,1.62,3.94,108.84,108.84,8.66,7.08,1.02
影石创新,sh688775,215.2,212.8,208.88,191815400.0,215.2,8400,215.21,700,1.13,216.99,205.25,191815400,406880000.0,5.85,5.52,70.59,862.95,255.36,170.24,0.77
东兴证券,sh601198,12.72,12.98,12.98,23034900.0,12.72,47900,12.73,12000,-2.0,13.04,12.65,23034900,294600000.0,0.71,3.0,411.17,411.17,14.28,11.68,1.54
锡业股份,sz000960,36.52,38.92,38.39,80576800.0,36.52,31800,36.53,8000,-6.17,38.49,36.13,80576800,2986410000.0,4.9,6.06,600.91,600.91,42.81,35.03,1.03
津膜科技,sz300334,8.46,8.62,8.57,8311300.0,8.45,1200,8.46,500,-1.86,8.65,8.42,8311300,70930000.0,2.75,2.67,25.55,25.55,10.34,6.9,0.91
润邦股份,sz002483,6.19,6.27,6.27,9621800.0,6.19,7000,6.2,18200,-1.28,6.31,6.16,9621800,59920000.0,1.09,2.39,54.8,54.87,6.9,5.64,0.88
罗普特,sh688619,17.8,17.05,17.15,1050523200.0,17.8,1700,17.81,300,4.4,18.28,16.85,1050523200,185420000.0,5.67,8.39,33.01,33.01,20.46,13.64,2.14
青岛啤酒,sh600600,61.76,62.15,62.15,6242300.0,61.74,500,61.76,15700,-0.63,62.19,61.41,6242300,384920000.0,0.88,1.26,437.96,842.53,68.37,55.94,0.98
财达证券,sh600906,6.33,6.48,6.49,31019900.0,6.33,5900,6.34,55100,-2.31,6.52,6.28,31019900,197930000.0,1.46,3.7,134.46,205.41,7.13,5.83,0.76
博硕科技,sz300951,36.12,36.56,36.55,3086300.0,36.1,1400,36.15,800,-1.2,37.11,35.9,3086300,112200000.0,2.04,3.31,54.68,61.19,43.87,29.25,0.94
福斯达,sh603173,39.41,38.5,38.46,2355200.0,39.4,1800,39.41,3400,2.36,40.2,38.4,2355200,92990000.0,1.47,4.68,63.06,63.06,42.35,34.65,1.56
盛德鑫泰,sz300881,52.31,52.61,52.32,2452600.0,52.15,1000,52.31,2900,-0.57,53.0,51.1,2452600,127530000.0,4.27,3.61,30.03,57.54,63.13,42.09,0.91
哈投股份,sh600864,5.76,5.87,5.86,43443000.0,5.75,180300,5.76,147800,-1.87,5.91,5.7,43443000,252120000.0,2.09,3.58,119.84,119.84,6.46,5.28,0.96
国投丰乐,sz000713,6.19,6.27,6.27,8352500.0,6.18,21400,6.19,117400,-1.28,6.27,6.16,8352500,51770000.0,1.36,1.75,38.01,49.41,6.9,5.64,1.13
禾望电气,sh603063,58.76,61.55,61.98,47615800.0,58.76,12300,58.77,300,-4.53,62.44,56.8,47615800,2833600000.0,10.36,9.16,270.03,270.03,67.71,55.4,1.13
四方新材,sh605122,14.46,14.71,14.76,2699900.0,14.45,3700,14.46,3500,-1.7,14.79,14.45,2699900,39470000.0,1.57,2.31,24.92,24.92,16.18,13.24,0.74
湖南白银,sz002716,11.0,11.8,11.6,216556000.0,11.0,394200,11.01,37400,-6.78,11.66,10.91,216556000,2408100000.0,9.31,6.36,255.73,310.54,12.98,10.62,1.13
新朋股份,sz002328,10.14,10.32,10.32,50445200.0,10.14,103900,10.15,11800,-1.74,10.52,10.01,50445200,513760000.0,8.84,4.94,57.88,78.26,11.35,9.29,0.65
亚宝药业,sh600351,6.55,6.62,6.61,18958800.0,6.55,64100,6.56,66200,-1.06,6.66,6.52,18958800,125090000.0,2.74,2.11,45.33,45.33,7.28,5.96,0.83
远信工业,sz301053,54.52,53.8,53.23,6515100.0,54.51,2700,54.52,1800,1.34,55.86,53.02,6515100,353330000.0,7.45,5.28,47.69,51.36,64.56,43.04,0.9
东来技术,sh688129,30.86,28.96,29.28,275683500.0,30.86,16800,30.87,1100,6.56,31.0,28.89,275683500,83710000.0,2.29,7.29,37.18,37.18,34.75,23.17,2.3
物产环能,sh603071,13.74,14.12,14.12,4106600.0,13.73,27300,13.74,3500,-2.69,14.13,13.73,4106600,56980000.0,0.74,2.83,76.66,76.66,15.53,12.71,1.19
四川美丰,sz000731,6.54,6.59,6.61,9993400.0,6.54,7800,6.55,40800,-0.76,6.63,6.51,9993400,65640000.0,1.82,1.82,35.89,35.89,7.25,5.93,0.93
利尔化学,sz002258,12.34,12.21,12.38,17676900.0,12.34,19100,12.35,86300,1.06,12.6,12.27,17676900,219270000.0,2.21,2.7,98.61,98.77,13.43,10.99,1.11
东土科技,sz300353,19.12,18.7,18.7,22106600.0,19.11,8300,19.12,4900,2.25,19.94,18.7,22106600,426920000.0,4.09,6.63,103.26,117.57,22.44,14.96,1.3
山西焦煤,sz000983,6.65,6.64,6.64,65643000.0,6.65,252300,6.66,171700,0.15,6.77,6.56,65643000,436740000.0,1.16,3.16,377.52,377.53,7.3,5.98,1.14
晨光生物,sz300138,11.15,11.46,11.38,7563200.0,11.15,11900,11.16,5100,-2.71,11.4,11.11,7563200,84860000.0,1.9,2.53,44.41,53.87,13.75,9.17,0.95
佳电股份,sz000922,15.76,15.97,16.19,17326900.0,15.75,2700,15.76,9000,-1.31,16.41,15.59,17326900,274720000.0,2.95,5.13,92.58,109.53,17.57,14.37,0.6
XD有友食,sh603697,11.34,10.31,10.28,22515900.0,11.34,5908100,0.0,0,9.99,11.34,10.21,22515900,248150000.0,5.26,10.96,48.5,48.5,11.34,9.28,4.07
中航机载,sh600372,12.41,12.95,12.95,68524300.0,12.41,138000,12.42,70500,-4.17,13.02,12.36,68524300,867240000.0,1.42,5.1,600.51,600.51,14.25,11.66,1.18
赛科希德,sh688338,28.17,28.16,28.06,116425900.0,28.16,10000,28.17,800,0.04,28.36,27.9,116425900,32760000.0,1.1,1.63,29.9,29.9,33.79,22.53,0.68
ST金鸿顺,sh603922,16.22,16.81,16.61,5665700.0,16.22,3700,16.25,600,-3.51,17.2,15.98,5665700,93680000.0,3.16,7.26,29.07,29.07,17.65,15.97,0.65
森特股份,sh603098,13.05,13.3,13.29,6734300.0,13.04,700,13.05,11300,-1.88,13.35,12.94,6734300,87920000.0,1.25,3.08,70.31,70.43,14.63,11.97,0.97
海特高新,sz002023,13.6,13.85,13.7,59673200.0,13.6,7000,13.61,15500,-1.81,14.08,13.45,59673200,818740000.0,8.05,4.55,100.76,100.76,15.24,12.47,1.08
中创物流,sh603967,13.49,13.4,13.52,5709600.0,13.49,3100,13.51,500,0.67,13.59,13.26,5709600,76650000.0,1.65,2.46,46.77,46.77,14.74,12.06,1.01
新相微,sh688593,39.28,39.01,38.48,1716657100.0,39.27,900,39.28,9300,0.69,42.2,38.4,1716657100,682740000.0,5.32,9.74,126.75,180.5,46.81,31.21,1.22
华润江中,sh600750,23.0,23.43,23.4,5949400.0,23.0,19700,23.06,600,-1.84,23.53,22.95,5949400,137880000.0,0.95,2.48,144.6,146.19,25.77,21.09,1.14
华建集团,sh600629,20.1,19.81,19.83,29568000.0,20.1,14200,20.11,16100,1.46,20.77,19.68,29568000,595490000.0,3.09,5.5,192.59,195.04,21.79,17.83,1.2
友车科技,sh688479,40.71,41.23,41.38,182170300.0,40.71,1000,40.74,3500,-1.26,41.86,40.22,182170300,74620000.0,2.92,3.98,25.37,58.75,49.48,32.98,0.79
皖维高新,sh600063,6.51,6.53,6.55,35069700.0,6.51,81800,6.52,34100,-0.31,6.69,6.5,35069700,230420000.0,1.69,2.91,134.7,134.7,7.18,5.88,1.09
鸿远电子,sh603267,56.11,57.33,57.01,8824700.0,56.11,21200,56.12,2900,-2.13,57.78,55.54,8824700,499350000.0,3.82,3.91,129.66,129.66,63.06,51.6,0.75
国发股份,sh600538,6.83,6.9,6.91,17893800.0,6.83,47400,6.84,1300,-1.01,6.98,6.77,17893800,123200000.0,3.41,3.04,35.8,35.8,7.59,6.21,0.8
光弘科技,sz300735,20.53,20.87,20.8,13049200.0,20.52,9700,20.53,2000,-1.63,21.15,20.36,13049200,270710000.0,1.72,3.79,155.5,166.11,25.04,16.7,1.14
万丰股份,sh603172,22.95,22.18,22.18,5005800.0,22.95,8600,22.96,100,3.47,23.19,22.0,5005800,114410000.0,3.75,5.37,30.61,30.61,24.4,19.96,1.45
容知日新,sh688768,41.61,41.69,41.26,129689800.0,41.61,4900,41.79,200,-0.19,43.29,41.26,129689800,54700000.0,1.49,4.87,36.31,36.61,50.03,33.35,0.98
奥瑞金,sz002701,5.19,5.26,5.25,24220000.0,5.19,45300,5.2,405700,-1.33,5.26,5.15,24220000,125710000.0,0.95,2.09,132.73,132.85,5.79,4.73,1.1
青岛双星,sz000599,5.69,5.67,5.69,13302200.0,5.69,37600,5.7,110100,0.35,5.78,5.64,13302200,76030000.0,1.63,2.47,46.47,129.12,6.24,5.1,0.85
方正科技,sh600601,12.5,13.2,13.28,256931600.0,12.49,71400,12.5,510400,-5.3,13.55,12.33,256931600,3278540000.0,6.16,9.24,521.29,534.22,14.52,11.88,0.59
祥龙电业,sh600769,23.33,23.12,22.5,25888300.0,23.32,65000,23.33,134200,0.91,24.0,22.4,25888300,607560000.0,6.9,6.92,87.48,87.48,25.43,20.81,0.88
江山股份,sh600389,26.2,27.02,27.02,8297300.0,26.2,30200,26.21,2800,-3.03,27.25,26.03,8297300,219890000.0,1.93,4.52,112.83,112.83,29.72,24.32,0.96
佳发教育,sz300559,13.37,13.4,13.4,14594900.0,13.37,8200,13.38,3000,-0.22,13.8,13.29,14594900,197550000.0,4.69,3.81,41.6,53.42,16.08,10.72,0.71
深纺织Ａ,sz000045,12.05,12.24,12.25,7837600.0,12.05,10900,12.06,43500,-1.55,12.33,11.95,7837600,94960000.0,1.71,3.1,55.07,61.04,13.46,11.02,0.88
太极股份,sz002368,16.23,16.64,16.62,15703300.0,16.23,300,16.24,13000,-2.46,16.69,15.93,15703300,255100000.0,2.53,4.57,100.66,101.15,18.3,14.98,0.96
安道麦A,sz000553,6.89,6.91,6.91,15029300.0,6.89,71600,6.9,32000,-0.29,7.04,6.83,15029300,104320000.0,0.69,3.04,150.0,160.52,7.6,6.22,0.58
亚玛顿,sz002623,22.92,23.89,24.0,17490600.0,22.88,1300,22.92,300,-4.06,24.3,22.26,17490600,401850000.0,8.81,8.54,45.53,45.63,26.28,21.5,0.98
国网英大,sh600517,5.69,5.82,5.82,37562600.0,5.69,189600,5.7,11400,-2.23,5.86,5.67,37562600,215380000.0,0.66,3.26,325.38,325.38,6.4,5.24,0.98
传化智联,sz002010,5.4,5.46,5.46,23909700.0,5.4,70200,5.41,98800,-1.1,5.49,5.35,23909700,129700000.0,0.87,2.56,148.9,149.26,6.01,4.91,0.78
胜蓝股份,sz300843,94.99,97.0,96.99,7944900.0,94.99,1300,95.0,300,-2.07,99.58,93.0,7944900,763660000.0,4.95,6.78,152.46,155.5,116.4,77.6,0.91
麦捷科技,sz300319,13.13,13.25,13.37,40116400.0,13.13,48100,13.14,43400,-0.91,13.51,13.02,40116400,531770000.0,4.76,3.7,110.66,116.54,15.9,10.6,0.92
日丰股份,sz002953,11.47,11.45,11.43,6312500.0,11.47,25800,11.48,2300,0.17,11.66,11.34,6312500,72570000.0,2.33,2.79,31.12,56.38,12.6,10.31,0.86
开滦股份,sh600997,5.51,5.49,5.48,9648200.0,5.51,16100,5.52,11300,0.36,5.57,5.41,9648200,52940000.0,0.61,2.91,87.49,87.49,6.04,4.94,0.83
雪天盐业,sh600929,6.35,6.62,6.65,40859800.0,6.35,46700,6.36,9000,-4.08,6.7,6.22,40859800,263290000.0,2.49,7.25,104.15,104.15,7.28,5.96,1.0
今飞凯达,sz002863,5.48,5.5,5.52,12099300.0,5.47,38800,5.48,16400,-0.36,5.57,5.43,12099300,66470000.0,2.02,2.55,32.85,32.85,6.05,4.95,0.95
中新赛克,sz002912,23.44,23.74,23.75,2999800.0,23.43,5200,23.44,6100,-1.26,24.11,23.29,2999800,71080000.0,1.85,3.45,38.02,40.02,26.11,21.37,1.06
华昌化工,sz002274,6.29,6.24,6.28,23147400.0,6.28,284500,6.29,29700,0.8,6.39,6.22,23147400,146230000.0,2.47,2.72,58.99,59.9,6.86,5.62,1.2
天能重工,sz300569,6.0,6.11,6.1,33272600.0,6.0,118600,6.01,25300,-1.8,6.17,5.95,33272600,200950000.0,3.26,3.6,61.18,61.36,7.33,4.89,0.9
国恩股份,sz002768,62.32,61.23,61.35,9077800.0,62.31,100,62.32,28200,1.78,65.55,61.27,9077800,573680000.0,5.14,6.99,110.15,187.74,67.35,55.11,1.54
国电南瑞,sh600406,26.48,27.27,27.28,147833700.0,26.48,86000,26.49,67200,-2.9,27.55,26.34,147833700,3939980000.0,1.85,4.44,2120.57,2126.81,30.0,24.54,0.76
通化金马,sz000766,22.84,23.28,23.18,12930800.0,22.84,3000,22.85,38500,-1.89,23.32,22.5,12930800,296020000.0,1.34,3.52,220.64,220.75,25.61,20.95,0.54
柏楚电子,sh688188,164.82,160.0,161.4,445884600.0,164.82,4900,164.86,0,3.01,169.25,159.0,445884600,731740000.0,1.54,6.41,475.88,475.88,192.0,128.0,1.13
巨星农牧,sh603477,18.03,18.93,18.8,23243100.0,18.02,16800,18.03,61400,-4.75,18.84,17.96,23243100,425400000.0,4.56,4.65,91.97,94.29,20.82,17.04,1.09
康华生物,sz300841,54.82,55.71,55.71,2040300.0,54.82,900,54.84,300,-1.6,55.91,54.81,2040300,112840000.0,1.72,1.97,65.19,71.24,66.85,44.57,0.68
中国银行,sh601988,5.79,5.76,5.76,269942200.0,5.78,1874300,5.79,49600,0.52,5.81,5.69,269942200,1556880000.0,0.13,2.08,12203.32,18656.1,6.34,5.18,1.24
老凤祥,sh600612,37.39,37.99,37.95,1530000.0,37.39,2900,37.47,100,-1.58,38.08,37.14,1530000,57520000.0,0.48,2.47,118.57,195.59,41.79,34.19,1.28
晨光股份,sh603899,23.74,24.16,24.21,4660000.0,23.73,1000,23.74,100,-1.74,24.31,23.62,4660000,111360000.0,0.51,2.86,218.64,218.64,26.58,21.74,1.38
昂利康,sz002940,43.23,40.07,40.83,53324100.0,43.23,35700,43.24,6700,7.89,43.98,39.9,53324100,2241490000.0,28.78,10.18,80.09,87.21,44.08,36.06,2.27
中电环保,sz300172,5.23,5.29,5.29,17850400.0,5.21,73700,5.23,72100,-1.13,5.31,5.18,17850400,93890000.0,3.41,2.46,27.35,35.39,6.35,4.23,0.83
湘财股份,sh600095,8.78,9.13,9.07,50149200.0,8.78,206800,8.79,19800,-3.83,9.13,8.75,50149200,446590000.0,1.75,4.16,251.04,251.04,10.04,8.22,1.53
经纬股份,sz301390,37.37,37.69,37.6,938500.0,37.37,700,37.4,1900,-0.85,37.92,37.03,938500,35220000.0,1.91,2.36,18.33,22.42,45.23,30.15,0.72
依顿电子,sh603328,11.98,12.4,12.4,31538300.0,11.97,15500,11.98,26800,-3.39,12.64,11.82,31538300,383210000.0,3.16,6.61,119.61,119.61,13.64,11.16,0.87
圣农发展,sz002299,18.15,18.88,18.7,14392900.0,18.15,33600,18.16,2300,-3.87,18.78,18.07,14392900,263190000.0,1.18,3.76,221.24,225.62,20.77,16.99,1.0
朗迪集团,sh603726,27.41,26.71,26.8,7921200.0,27.4,4500,27.41,6700,2.62,27.86,26.6,7921200,216020000.0,4.29,4.72,50.63,50.89,29.38,24.04,1.02
扬杰科技,sz300373,82.89,84.0,84.32,31364100.0,82.88,5100,82.89,4100,-1.32,85.44,80.31,31364100,2605820000.0,5.79,6.11,449.38,450.38,100.8,67.2,1.14
海天瑞声,sh688787,143.78,139.31,139.54,362258500.0,143.73,300,143.78,100,3.21,148.97,139.54,362258500,524610000.0,6.01,6.77,86.74,86.74,167.17,111.45,1.2
贝肯能源,sz002828,11.16,11.22,11.22,10169400.0,11.16,26700,11.17,16700,-0.53,11.32,11.03,10169400,113390000.0,5.06,2.58,22.43,22.43,12.34,10.1,1.06
中鼎股份,sz000887,18.36,17.52,17.53,54239400.0,18.36,93300,18.37,106100,4.79,18.87,17.52,54239400,991560000.0,4.13,7.71,241.32,241.71,19.27,15.77,2.04
市北高新,sh600604,4.73,4.82,4.81,10258500.0,4.73,67300,4.74,21800,-1.87,4.82,4.71,10258500,48810000.0,0.73,2.28,66.57,88.61,5.3,4.34,0.75
科远智慧,sz002380,42.18,38.58,39.84,33733200.0,42.16,900,42.18,800,9.33,42.44,39.84,33733200,1408700000.0,23.72,6.74,59.98,101.23,42.44,34.72,2.62
精达股份,sh600577,14.07,13.62,13.66,116253500.0,14.07,425300,14.08,103300,3.3,14.49,13.3,116253500,1630500000.0,5.4,8.74,302.66,302.66,14.98,12.26,1.84
莱宝高科,sz002106,10.76,10.98,10.95,15651700.0,10.76,57800,10.77,55300,-2.0,11.1,10.66,15651700,169930000.0,2.22,4.01,75.85,75.95,12.08,9.88,1.15
海天味业,sh603288,36.81,37.35,37.2,15357100.0,36.81,3200,36.82,1400,-1.45,37.33,36.73,15357100,567700000.0,0.28,1.61,2046.86,2154.06,41.09,33.62,0.94
万年青,sz000789,4.77,4.84,4.85,4393000.0,4.77,37800,4.78,87200,-1.45,4.85,4.76,4393000,21030000.0,0.55,1.86,38.04,38.04,5.32,4.36,1.07
菲达环保,sh600526,5.13,5.17,5.18,9891300.0,5.13,132300,5.15,67400,-0.77,5.22,5.12,9891300,51090000.0,1.13,1.93,44.79,45.59,5.69,4.65,0.79
爱建集团,sh600643,4.72,4.81,4.81,20716200.0,4.71,38000,4.72,182000,-1.87,4.82,4.68,20716200,98270000.0,1.3,2.91,75.06,75.2,5.29,4.33,0.76
伟星新材,sz002372,10.08,10.16,10.16,8767200.0,10.08,15800,10.09,500,-0.79,10.21,10.03,8767200,88750000.0,0.6,1.77,148.26,160.48,11.18,9.14,0.72
嘉华股份,sh603182,14.69,14.79,14.79,2732400.0,14.69,1800,14.7,4400,-0.68,14.8,14.56,2732400,40050000.0,1.66,1.62,24.17,24.17,16.27,13.31,0.85
华利集团,sz300979,38.16,38.41,38.5,2042900.0,38.16,3600,38.18,700,-0.65,38.71,37.92,2042900,77980000.0,0.18,2.06,445.32,445.33,46.09,30.73,0.6
豫园股份,sh600655,4.69,4.77,4.77,14679600.0,4.69,105200,4.7,19100,-1.68,4.78,4.66,14679600,69250000.0,0.38,2.52,182.43,182.56,5.25,4.29,1.14
晶华微,sh688130,29.76,27.6,27.2,809695900.0,29.75,9000,29.76,700,7.83,31.13,27.2,809695900,239100000.0,13.43,14.24,17.94,35.98,33.12,22.08,2.58
聚光科技,sz300203,13.5,13.51,13.5,8875900.0,13.5,9700,13.51,9100,-0.07,13.75,13.31,8875900,120120000.0,1.98,3.26,60.53,60.58,16.21,10.81,0.69
三联虹普,sz300384,14.11,14.4,14.45,3614600.0,14.1,18700,14.11,300,-2.01,14.55,14.11,3614600,51740000.0,1.64,3.06,31.06,45.01,17.28,11.52,0.99
伟隆股份,sz002871,20.95,20.42,20.41,6804100.0,20.94,2800,20.95,8400,2.6,21.3,20.06,6804100,141560000.0,4.56,6.07,31.27,52.76,22.46,18.38,1.4
国电南自,sh600268,15.11,15.68,15.95,43166700.0,15.11,187700,15.12,162300,-3.64,16.1,15.0,43166700,659760000.0,4.27,7.02,152.74,153.5,17.25,14.11,1.02
亚香股份,sz301220,41.26,40.53,40.53,2003000.0,41.26,4400,41.27,200,1.8,41.61,40.31,2003000,81980000.0,2.58,3.21,32.09,46.53,48.64,32.42,0.59
久祺股份,sz300994,13.65,13.8,13.79,2478300.0,13.65,4100,13.66,900,-1.09,13.92,13.6,2478300,34100000.0,2.12,2.32,15.92,31.82,16.56,11.04,0.72
贵广网络,sh600996,8.27,8.37,8.39,24424300.0,8.27,42300,8.28,21900,-1.19,8.52,8.21,24424300,204190000.0,1.96,3.7,103.11,103.11,9.21,7.53,0.85
安联锐视,sz301042,100.99,98.58,99.93,1013300.0,100.02,500,100.99,2200,2.44,101.67,98.5,1013300,101780000.0,1.53,3.22,66.67,70.41,118.3,78.86,0.76
诺 普 信,sz002215,10.13,10.11,10.12,17510500.0,10.12,79000,10.13,30400,0.2,10.36,10.01,17510500,178290000.0,2.18,3.46,81.34,101.77,11.12,9.1,0.89
欧派家居,sh603833,45.49,48.31,47.86,6244400.0,45.49,2500,45.5,59300,-5.84,48.0,45.02,6244400,287350000.0,1.03,6.17,277.1,277.1,53.14,43.48,1.76
山西高速,sz000755,5.25,5.3,5.32,10945300.0,5.24,30300,5.25,160000,-0.94,5.35,5.16,10945300,57560000.0,0.75,3.58,77.03,77.03,5.83,4.77,0.99
江苏银行,sh600919,11.18,11.2,11.2,80654400.0,11.17,322000,11.18,388600,-0.18,11.31,11.1,80654400,903930000.0,0.44,1.88,2051.68,2051.68,12.32,10.08,1.08
东利机械,sz301298,16.1,16.3,16.36,2788900.0,16.1,12000,16.11,300,-1.23,16.5,16.03,2788900,45370000.0,2.58,2.88,17.42,23.63,19.56,13.04,1.31
武汉控股,sh600168,4.93,4.95,4.95,6465600.0,4.92,600,4.93,31800,-0.4,4.99,4.9,6465600,31930000.0,0.65,1.82,48.97,48.97,5.45,4.46,0.95
瑞丰高材,sz300243,18.34,19.2,19.04,25013300.0,18.34,29600,18.35,7800,-4.48,19.28,18.14,25013300,462780000.0,12.09,5.94,37.94,48.21,23.04,15.36,0.79
山煤国际,sh600546,13.66,13.33,13.45,28899500.0,13.65,800,13.66,23500,2.48,13.88,13.27,28899500,392930000.0,1.46,4.58,270.8,270.8,14.66,12.0,1.02
中国联通,sh600050,4.66,4.72,4.72,229518900.0,4.65,702600,4.66,657400,-1.27,4.77,4.63,229518900,1078250000.0,0.74,2.97,1444.15,1456.92,5.19,4.25,0.67
兰剑智能,sh688557,35.83,35.21,35.02,196815700.0,35.79,1000,35.83,1600,1.76,36.34,35.0,196815700,70390000.0,1.92,3.81,36.79,36.79,42.25,28.17,1.34
外服控股,sh600662,4.82,4.87,4.89,13599000.0,4.82,185000,4.83,9000,-1.03,4.91,4.81,13599000,66090000.0,0.6,2.05,109.73,110.06,5.36,4.38,0.91
甘化科工,sz000576,8.5,8.7,8.75,12700200.0,8.49,26400,8.5,40000,-2.3,8.78,8.41,12700200,109000000.0,2.93,4.25,36.87,37.1,9.57,7.83,1.04
中国动力,sh600482,37.05,39.04,38.85,48652000.0,37.05,20100,37.06,5000,-5.1,39.63,36.49,48652000,1813200000.0,2.14,8.04,840.39,840.39,42.94,35.14,1.12
纳微科技,sh688690,34.71,34.31,34.23,1119985200.0,34.7,3200,34.71,58900,1.17,35.35,34.23,1119985200,389280000.0,2.77,3.26,140.16,140.16,41.17,27.45,1.04
海正药业,sh600267,11.16,11.52,11.47,26792200.0,11.15,143200,11.16,12600,-3.13,11.57,11.11,26792200,302790000.0,2.23,3.99,133.78,133.78,12.67,10.37,1.02
祥明智能,sz301226,41.64,41.02,40.8,6251100.0,41.64,34900,41.65,4500,1.51,42.76,40.75,6251100,261540000.0,5.75,4.9,45.3,45.3,49.22,32.82,0.9
康泰生物,sz300601,14.25,14.52,14.51,17786400.0,14.25,36300,14.26,21000,-1.86,14.63,14.13,17786400,255820000.0,1.98,3.44,128.3,159.16,17.42,11.62,0.63
长芯博创,sz300548,251.4,266.99,267.34,18962000.0,251.4,1300,251.5,4300,-5.84,276.2,250.0,18962000,4928230000.0,7.04,9.81,676.97,733.02,320.39,213.59,1.25
永安药业,sz002365,13.06,13.35,13.32,8217500.0,13.05,9100,13.06,16800,-2.17,13.38,12.91,8217500,107910000.0,3.35,3.52,32.03,38.49,14.69,12.02,1.01
映翰通,sh688080,45.05,45.33,45.33,194413100.0,45.05,1200,45.06,300,-0.62,45.87,44.55,194413100,87850000.0,2.64,2.91,33.18,33.18,54.4,36.26,1.07
康隆达,sh603665,30.47,30.55,30.56,3823200.0,30.47,10300,30.52,600,-0.26,31.59,30.3,3823200,117970000.0,2.39,4.22,48.8,49.09,33.61,27.5,1.02
柳钢股份,sh601003,4.11,4.24,4.26,18047000.0,4.11,119400,4.12,114100,-3.07,4.27,4.09,18047000,75100000.0,0.7,4.25,105.33,108.27,4.66,3.82,0.38
比音勒芬,sz002832,21.14,20.96,20.86,16599500.0,21.14,4300,21.15,18600,0.86,22.1,20.86,16599500,356650000.0,4.26,5.92,82.32,120.65,23.06,18.86,1.17
海信家电,sz000921,24.46,23.56,23.7,14564300.0,24.46,33600,24.47,9000,3.82,24.64,23.59,14564300,355050000.0,1.59,4.46,224.58,338.74,25.92,21.2,1.38
中直股份,sh600038,30.2,30.55,30.56,6758500.0,30.19,12400,30.2,10900,-1.15,30.67,30.07,6758500,204630000.0,1.01,1.96,202.02,247.61,33.61,27.5,0.78
春兰股份,sh600854,5.68,5.84,5.8,36837400.0,5.68,122500,5.7,1700,-2.74,5.94,5.65,36837400,212170000.0,7.09,4.97,29.51,29.51,6.42,5.26,0.79
冀东装备,sz000856,9.84,10.02,10.03,5725200.0,9.84,14000,9.86,2700,-1.8,10.07,9.78,5725200,56780000.0,2.52,2.89,22.34,22.34,11.02,9.02,0.88
威海广泰,sz002111,11.39,11.38,11.42,9606000.0,11.38,21100,11.39,9300,0.09,11.51,11.29,9606000,109550000.0,1.97,1.93,55.67,60.6,12.52,10.24,0.69
浙农股份,sz002758,8.81,8.75,8.76,7283900.0,8.8,42800,8.81,33100,0.69,8.81,8.66,7283900,63640000.0,1.41,1.71,45.65,45.71,9.63,7.88,0.93
亚威股份,sz002559,11.34,11.5,11.56,53096800.0,11.33,46700,11.34,25600,-1.39,11.66,11.23,53096800,605630000.0,10.53,3.74,57.15,62.34,12.65,10.35,0.92
恒润股份,sh603985,27.05,26.5,26.0,42120400.0,27.04,900,27.05,19100,2.08,28.09,25.77,42120400,1135670000.0,9.55,8.75,119.25,119.25,29.15,23.85,1.05
通业科技,sz300960,21.08,21.31,21.3,1374700.0,21.08,10400,21.09,200,-1.08,21.56,21.04,1374700,29260000.0,1.05,2.44,27.59,30.45,25.57,17.05,0.92
新华医疗,sh600587,13.5,13.57,13.57,4711000.0,13.5,9300,13.51,2600,-0.52,13.66,13.42,4711000,63800000.0,0.78,1.77,81.9,81.9,14.93,12.21,0.82
苏文电能,sz300982,22.4,23.0,22.86,9076900.0,22.39,1000,22.4,12800,-2.61,23.12,22.05,9076900,203810000.0,4.68,4.65,43.43,46.36,27.6,18.4,0.74
东江环保,sz002672,4.07,4.16,4.15,10517700.0,4.07,25400,4.08,19800,-2.16,4.16,4.04,10517700,43120000.0,1.16,2.88,36.84,44.98,4.58,3.74,1.17
沪光股份,sh605333,23.74,23.1,23.12,4054900.0,23.73,500,23.74,600,2.77,24.47,22.94,4054900,96510000.0,0.87,6.62,110.16,110.16,25.41,20.79,1.55
老板电器,sz002508,17.92,18.24,18.24,7288900.0,17.92,14800,17.93,5900,-1.75,18.3,17.86,7288900,131390000.0,0.78,2.41,167.29,169.33,20.06,16.42,0.94
华邦健康,sz002004,4.77,4.8,4.8,26953300.0,4.77,32600,4.78,86900,-0.63,4.82,4.74,26953300,128910000.0,1.43,1.67,89.83,94.44,5.28,4.32,0.97
韶能股份,sz000601,7.88,8.23,8.17,273467500.0,7.87,60800,7.88,27800,-4.25,8.61,7.49,273467500,2172800000.0,26.05,13.61,82.71,83.87,9.05,7.41,1.89
伊利股份,sh600887,27.61,27.78,27.77,48337200.0,27.6,6800,27.61,27700,-0.61,27.99,27.49,48337200,1340540000.0,0.77,1.8,1737.75,1746.43,30.56,25.0,0.73
征和工业,sz003033,55.11,52.6,52.62,1935200.0,55.1,2500,55.11,100,4.77,55.87,52.38,1935200,105210000.0,2.4,6.63,44.5,45.05,57.86,47.34,1.31
君正集团,sh601216,5.58,5.56,5.55,101764800.0,5.58,366800,5.59,461500,0.36,5.71,5.53,101764800,571160000.0,1.21,3.24,470.84,470.84,6.12,5.0,1.24
华荣股份,sh603855,19.07,19.26,19.26,5170200.0,19.06,2000,19.07,700,-0.99,19.36,18.76,5170200,98660000.0,1.54,3.12,63.99,64.36,21.19,17.33,1.13
泰和新材,sz002254,14.18,14.89,15.0,128141600.0,14.18,15200,14.19,112600,-4.77,15.03,13.68,128141600,1823490000.0,15.06,9.07,120.62,121.53,16.38,13.4,2.27
亚辉龙,sh688575,12.25,12.48,12.46,707638200.0,12.25,8500,12.26,5600,-1.84,12.54,12.19,707638200,87540000.0,1.24,2.8,70.0,70.0,14.98,9.98,1.09
康缘药业,sh600557,13.14,13.06,13.05,7046000.0,13.13,9300,13.14,31500,0.61,13.15,13.0,7046000,92160000.0,1.24,1.15,74.39,74.39,14.37,11.75,1.0
晶赛科技,bj920981,42.8,38.75,40.9,8429300.0,42.8,12100,42.84,400,10.45,47.0,40.9,8429300,369735600.0,22.59,15.74,15.97,32.73,50.37,27.13,1.37
浙海德曼,sh688577,79.65,78.01,78.01,279924400.0,79.63,3400,79.7,200,2.1,82.51,77.02,279924400,223610000.0,2.52,7.04,88.63,88.63,93.61,62.41,0.91
西上海,sh605151,22.56,22.46,22.4,2227700.0,22.56,700,22.57,11100,0.45,22.89,22.39,2227700,50380000.0,1.66,2.23,30.36,30.36,24.71,20.21,0.74
隆平高科,sz000998,8.96,9.11,9.08,26544400.0,8.95,39800,8.96,61400,-1.65,9.1,8.88,26544400,236830000.0,2.02,2.41,117.77,131.66,10.02,8.2,1.67
世纪天鸿,sz300654,11.71,11.36,11.51,17490300.0,11.7,13600,11.71,19500,3.08,12.02,11.45,17490300,205540000.0,4.96,5.02,41.29,42.87,13.63,9.09,1.14
云天励飞-U,sh688343,80.8,82.9,83.4,1747658100.0,80.76,400,80.8,2600,-2.53,85.4,80.14,1747658100,1440260000.0,4.86,6.34,290.56,290.56,99.48,66.32,1.09
启迪设计,sz300500,12.05,12.26,12.26,4242500.0,12.05,15100,12.06,900,-1.71,12.32,11.94,4242500,51380000.0,2.53,3.1,20.2,20.96,14.71,9.81,0.76
健友股份,sh603707,8.7,8.83,8.85,10427500.0,8.7,94800,8.71,34300,-1.47,8.87,8.63,10427500,91420000.0,0.65,2.72,140.56,140.56,9.71,7.95,1.06
东南网架,sz002135,8.14,8.79,8.77,75497800.0,8.14,9500,8.15,28000,-7.39,8.77,8.06,75497800,629710000.0,7.23,8.08,84.97,90.8,9.67,7.91,1.7
亚华电子,sz301337,27.7,28.1,28.21,1748200.0,27.68,4600,27.7,9800,-1.42,28.28,27.53,1748200,48900000.0,3.95,2.67,12.27,28.86,33.72,22.48,0.99
新 希 望,sz000876,8.37,8.55,8.49,28283300.0,8.36,167300,8.37,280000,-2.11,8.5,8.35,28283300,237240000.0,0.63,1.75,376.65,376.88,9.41,7.7,0.96
丽臣实业,sz001218,27.52,27.85,27.73,2150400.0,27.51,1000,27.52,100,-1.18,28.24,27.34,2150400,59630000.0,1.82,3.23,32.49,35.83,30.64,25.07,0.54
辰安科技,sz300523,20.65,20.89,20.95,2850000.0,20.65,117300,20.66,5500,-1.15,21.13,20.5,2850000,59290000.0,1.23,3.02,48.04,48.04,25.07,16.71,1.02
东湖高新,sh600133,9.25,9.65,9.63,49408700.0,9.24,55600,9.25,110100,-4.15,9.74,9.18,49408700,464970000.0,4.63,5.8,98.63,98.63,10.62,8.69,1.07
天津港,sh600717,4.41,4.51,4.52,47002200.0,4.41,9000,4.42,66900,-2.22,4.53,4.38,47002200,208400000.0,1.62,3.33,127.63,127.63,4.96,4.06,1.88
民和股份,sz002234,8.39,8.6,8.51,13648500.0,8.36,600,8.4,26100,-2.44,8.58,8.23,13648500,114770000.0,4.53,4.07,25.29,29.28,9.46,7.74,1.57
金隅冀东,sz000401,4.11,4.17,4.19,12491000.0,4.11,718700,4.12,156700,-1.44,4.19,4.11,12491000,51740000.0,0.47,1.92,108.15,109.25,4.59,3.75,0.92
易普力,sz002096,10.76,10.94,10.98,6537100.0,10.76,63400,10.77,12500,-1.65,10.99,10.76,6537100,70920000.0,0.53,2.1,133.47,133.47,12.03,9.85,0.9
联环药业,sh600513,20.05,20.94,20.6,19741700.0,20.04,2600,20.05,51600,-4.25,20.77,19.92,19741700,398350000.0,6.92,4.06,57.23,57.23,23.03,18.85,0.8
迎驾贡酒,sh603198,35.28,36.06,35.81,6009900.0,35.28,1700,35.29,3200,-2.16,36.09,35.2,6009900,214030000.0,0.75,2.47,282.24,282.24,39.67,32.45,0.8
信达证券,sh601059,16.61,16.84,16.82,9482900.0,16.6,2800,16.61,2700,-1.37,16.89,16.47,9482900,157680000.0,0.29,2.49,538.66,538.66,18.52,15.16,1.01
重庆水务,sh601158,4.34,4.4,4.39,11007400.0,4.34,58500,4.35,33700,-1.36,4.4,4.34,11007400,48010000.0,0.23,1.36,208.32,208.32,4.84,3.96,1.0
迦南智能,sz300880,23.05,23.7,23.5,8569800.0,23.05,11200,23.06,1100,-2.74,24.1,22.73,8569800,199050000.0,4.39,5.78,44.98,44.98,28.44,18.96,0.55
豪森智能,sh688529,20.68,19.86,19.75,492509700.0,20.66,3200,20.68,4900,4.13,21.22,19.75,492509700,101540000.0,2.93,7.4,34.78,34.78,23.83,15.89,3.01
智洋创新,sh688191,51.3,52.26,52.8,638534500.0,51.29,5000,51.3,6400,-1.84,53.6,50.79,638534500,332860000.0,2.76,5.38,118.84,118.84,62.71,41.81,0.79
九强生物,sz300406,13.06,13.01,13.01,5074900.0,13.05,6100,13.06,4300,0.38,13.25,12.95,5074900,66280000.0,1.2,2.31,55.42,76.57,15.61,10.41,0.78
宁波能源,sh600982,6.29,6.61,6.39,111633200.0,6.28,86200,6.29,115800,-4.84,6.58,6.1,111633200,705460000.0,9.99,7.26,70.3,70.3,7.27,5.95,1.0
潍柴动力,sz000338,34.77,34.2,34.23,108748800.0,34.76,4100,34.77,18500,1.67,35.64,33.8,108748800,3793080000.0,2.17,5.38,1739.71,3029.3,37.62,30.78,0.87
涪陵榨菜,sz002507,11.99,12.08,12.12,9921700.0,11.99,32300,12.01,2900,-0.75,12.12,11.97,9921700,119400000.0,0.86,1.24,137.98,138.35,13.29,10.87,0.81
时创能源,sh688429,14.24,14.8,14.8,485606900.0,14.23,800,14.24,6500,-3.78,14.91,13.96,485606900,69410000.0,4.05,6.42,17.06,56.96,17.76,11.84,1.49
万兴科技,sz300624,65.82,65.0,65.5,12049900.0,65.82,29000,65.83,1000,1.26,68.27,65.0,12049900,806420000.0,7.04,5.03,112.71,127.25,78.0,52.0,1.2
松芝股份,sz002454,9.93,9.94,10.04,22069700.0,9.92,25200,9.93,12600,-0.1,10.11,9.79,22069700,219060000.0,3.52,3.22,62.3,62.42,10.93,8.95,1.0
中原证券,sh601375,3.94,4.02,4.02,45888000.0,3.94,113800,3.95,474700,-1.99,4.04,3.91,45888000,182260000.0,1.33,3.23,135.83,182.93,4.42,3.62,1.27
养元饮品,sh603156,46.78,47.33,47.65,17903400.0,46.77,1400,46.78,5700,-1.16,48.36,45.5,17903400,832510000.0,1.42,6.04,589.56,589.56,52.06,42.6,1.07
华翔股份,sh603112,22.24,22.29,22.29,13027000.0,22.24,120600,22.25,800,-0.22,22.97,22.02,13027000,292130000.0,2.44,4.26,118.9,120.09,24.52,20.06,1.19
精工钢构,sh600496,4.1,4.17,4.19,37054800.0,4.1,839700,4.11,556900,-1.68,4.19,4.08,37054800,152890000.0,1.86,2.64,81.6,81.6,4.59,3.75,0.79
奥比中光-W,sh688322,89.0,84.91,84.6,1828537500.0,88.99,500,89.0,32700,4.82,92.0,83.8,1828537500,1619540000.0,5.74,9.66,283.62,357.02,101.89,67.93,1.75
天味食品,sh603317,15.98,16.13,16.0,11878300.0,15.96,400,15.98,0,-0.93,16.18,15.72,11878300,190060000.0,1.12,2.85,170.14,170.14,17.74,14.52,0.59
维信诺,sz002387,7.99,8.28,8.18,28124300.0,7.99,102500,8.0,52600,-3.5,8.35,7.94,28124300,227520000.0,2.02,4.95,111.46,111.6,9.11,7.45,1.24
华胜天成,sh600410,22.94,23.02,22.85,94551200.0,22.94,659900,22.95,90100,-0.35,23.5,22.8,94551200,2185910000.0,8.62,3.04,251.54,251.54,25.32,20.72,0.7
上海建科,sh603153,15.33,15.48,15.44,2044300.0,15.33,5900,15.34,4300,-0.97,15.53,15.31,2044300,31490000.0,0.51,1.42,61.9,62.83,17.03,13.93,0.52
海利尔,sh603639,11.62,11.81,11.81,3159300.0,11.62,45800,11.63,16800,-1.61,11.82,11.53,3159300,36980000.0,0.93,2.46,39.49,40.63,12.99,10.63,0.94
北化股份,sz002246,22.37,22.25,22.27,13177100.0,22.37,10000,22.38,14100,0.54,22.82,21.92,13177100,293890000.0,2.4,4.04,122.82,122.82,24.48,20.03,0.63
龙建股份,sh600853,4.13,4.05,4.08,34222000.0,4.12,145500,4.13,103700,1.98,4.22,4.03,34222000,141270000.0,3.38,4.69,41.87,41.87,4.46,3.65,1.94
纽威股份,sh603699,65.2,62.0,62.32,10016800.0,65.19,400,65.2,1900,5.16,65.99,62.06,10016800,648290000.0,1.32,6.34,494.31,505.48,68.2,55.8,1.41
泸天化,sz000912,4.34,4.33,4.32,31947700.0,4.33,103000,4.34,172500,0.23,4.4,4.26,31947700,138700000.0,2.04,3.23,68.05,68.05,4.76,3.9,0.9
雪峰科技,sh603227,8.84,8.57,8.57,39667100.0,8.83,30600,8.84,55900,3.15,8.98,8.57,39667100,350810000.0,3.7,4.78,94.74,94.74,9.43,7.71,2.98
红塔证券,sh601236,7.21,7.34,7.34,14137500.0,7.2,202400,7.21,33200,-1.77,7.36,7.18,14137500,102640000.0,0.3,2.45,340.08,340.08,8.07,6.61,0.85
金牌家居,sh603180,18.55,18.51,18.4,887300.0,18.55,5400,18.64,1000,0.22,18.69,18.32,887300,16400000.0,0.58,2.0,28.61,28.61,20.36,16.66,0.72
基蛋生物,sh603387,9.5,9.66,9.59,11904200.0,9.5,34100,9.51,27600,-1.66,9.66,9.41,11904200,113370000.0,2.35,2.59,48.18,48.18,10.63,8.69,0.63
川网传媒,sz300987,16.47,16.53,16.52,4955700.0,16.47,200,16.48,1600,-0.36,16.91,16.4,4955700,82660000.0,2.86,3.09,28.55,28.55,19.84,13.22,1.05
苏州龙杰,sh603332,14.52,14.64,14.7,9068200.0,14.51,8500,14.52,2100,-0.82,14.84,14.38,9068200,132780000.0,4.19,3.14,31.41,31.41,16.1,13.18,1.23
三态股份,sz301558,8.06,8.19,8.23,11236100.0,8.05,6200,8.06,6400,-1.59,8.28,7.99,11236100,91240000.0,5.12,3.54,17.69,63.58,9.83,6.55,1.04
成都路桥,sz002628,5.81,6.06,6.02,53683900.0,5.8,112600,5.81,7700,-4.13,6.12,5.74,53683900,317430000.0,7.12,6.27,43.79,43.99,6.67,5.45,1.02
三峡能源,sh600905,4.11,4.16,4.15,187080200.0,4.11,2851500,4.12,1060400,-1.2,4.16,4.11,187080200,772000000.0,0.65,1.2,1174.95,1174.95,4.58,3.74,0.79
先锋新材,sz300163,4.52,4.61,4.64,18961100.0,4.52,39800,4.53,6100,-1.95,4.69,4.49,18961100,87000000.0,4.15,4.34,20.64,21.42,5.53,3.69,0.8
中铁特货,sz001213,3.94,3.97,3.96,11821500.0,3.94,58000,3.95,313200,-0.76,3.97,3.93,11821500,46630000.0,0.27,1.01,175.11,175.11,4.37,3.57,0.93
锌业股份,sz000751,5.82,6.15,6.09,89847000.0,5.82,136400,5.83,75600,-5.37,6.1,5.77,89847000,530920000.0,6.37,5.37,82.05,94.03,6.77,5.54,0.82
西力科技,sh688616,13.96,14.16,14.2,230587300.0,13.93,600,13.96,12500,-1.41,14.23,13.8,230587300,32400000.0,1.29,3.04,25.04,25.04,16.99,11.33,0.78
博闻科技,sh600883,9.12,9.24,9.19,4498000.0,9.12,7200,9.13,4500,-1.3,9.33,9.0,4498000,41180000.0,1.91,3.57,21.53,21.53,10.16,8.32,0.93
老白干酒,sh600559,13.36,13.65,13.51,13455700.0,13.35,131300,13.36,34700,-2.12,13.53,13.32,13455700,179920000.0,1.48,1.54,121.51,122.21,15.02,12.29,1.11
格力博,sz301260,17.24,16.93,16.9,4752600.0,17.23,100,17.24,7300,1.83,17.47,16.89,4752600,81870000.0,2.31,3.43,35.4,83.33,20.32,13.54,0.73
中集环科,sz301559,16.09,16.3,16.46,2837300.0,16.08,600,16.09,900,-1.29,16.46,16.0,2837300,45860000.0,3.15,2.82,14.48,96.54,19.56,13.04,1.07
大北农,sz002385,3.73,3.79,3.79,65442900.0,3.72,990900,3.73,648300,-1.58,3.79,3.71,65442900,244450000.0,1.89,2.11,129.19,160.39,4.17,3.41,1.12
恒力石化,sh600346,21.09,22.13,22.28,40958400.0,21.07,7400,21.09,11300,-4.7,22.28,21.02,40958400,878630000.0,0.58,5.69,1484.55,1484.55,24.34,19.92,0.97
天通股份,sh600330,29.52,32.8,32.6,201609100.0,0.0,0,29.52,5038000,-10.0,33.38,29.52,201609100,6143740000.0,16.35,11.77,364.11,364.11,36.08,29.52,1.02
爱施德,sz002416,12.49,12.84,12.75,31277200.0,12.49,46400,12.5,13700,-2.73,12.87,12.39,31277200,394010000.0,2.56,3.74,152.87,154.79,14.12,11.56,1.1
新炬网络,sh605398,26.66,26.81,27.0,1703300.0,26.66,5700,26.67,4100,-0.56,27.26,26.53,1703300,45700000.0,1.05,2.72,43.38,43.38,29.49,24.13,0.79
中辰股份,sz300933,8.58,8.66,8.67,16765200.0,8.58,24200,8.59,12100,-0.92,8.75,8.52,16765200,144640000.0,3.06,2.66,46.94,46.94,10.39,6.93,0.87
浙版传媒,sh601921,7.44,7.48,7.5,8356300.0,7.43,111700,7.44,32700,-0.53,7.54,7.43,8356300,62560000.0,0.38,1.47,165.33,165.33,8.23,6.73,0.99
*ST冀凯,sz002691,5.59,5.88,5.83,16331500.0,0.0,0,5.59,32700,-4.93,5.95,5.59,16331500,92370000.0,4.86,6.12,18.78,19.01,6.17,5.59,1.13
泽宇智能,sz301179,25.23,25.6,25.6,10966900.0,25.22,4800,25.23,10800,-1.45,26.03,25.0,10966900,279080000.0,4.62,4.02,59.91,102.03,30.72,20.48,0.64
瑞纳智能,sz301129,27.98,29.34,29.19,6965300.0,27.98,3100,27.99,2500,-4.64,29.43,27.8,6965300,197520000.0,10.51,5.56,18.55,38.02,35.21,23.47,1.96
健帆生物,sz300529,19.23,19.45,19.48,6255400.0,19.22,5500,19.23,3200,-1.13,19.58,19.09,6255400,120950000.0,1.22,2.52,98.55,153.57,23.34,15.56,0.81
会通股份,sh688219,11.97,11.71,11.71,1402367000.0,11.97,22900,11.98,94300,2.22,12.19,11.7,1402367000,167830000.0,2.55,4.18,65.79,65.79,14.05,9.37,1.89
远大控股,sz000626,8.57,8.56,8.56,13718400.0,8.56,1100,8.57,80000,0.12,8.67,8.38,13718400,117010000.0,2.72,3.39,43.17,43.42,9.42,7.7,0.66
未来电器,sz301386,25.56,25.58,25.69,1569000.0,25.55,1500,25.56,7400,-0.08,25.9,25.29,1569000,40140000.0,3.49,2.38,11.5,35.78,30.7,20.46,0.89
中孚信息,sz300659,12.63,12.85,12.85,5314600.0,12.63,15800,12.65,1000,-1.71,13.03,12.56,5314600,67900000.0,2.81,3.66,23.9,32.89,15.42,10.28,0.84
今天国际,sz300532,7.88,7.81,7.8,9260100.0,7.87,65200,7.88,19800,0.9,7.95,7.71,9260100,72780000.0,1.53,3.07,47.65,50.09,9.37,6.25,0.66
科前生物,sh688526,14.72,14.55,14.61,175583400.0,14.7,1900,14.72,1700,1.17,14.82,14.45,175583400,25740000.0,0.38,2.54,68.61,68.61,17.46,11.64,1.2
东方环宇,sh603706,23.4,23.01,22.99,2727100.0,23.39,3400,23.4,6000,1.69,23.58,22.71,2727100,63210000.0,1.44,3.78,44.32,44.32,25.31,20.71,1.59
安博通,sh688168,86.26,82.04,82.86,304257000.0,86.2,600,86.26,12600,5.14,89.0,82.48,304257000,262440000.0,3.94,7.95,66.58,66.58,98.45,65.63,1.26
中化国际,sh600500,5.66,5.88,5.86,161157500.0,5.66,105100,5.67,55300,-3.74,6.1,5.66,161157500,946990000.0,4.49,7.48,203.1,203.1,6.47,5.29,1.26
宏景科技,sz301396,318.37,330.28,329.69,7720200.0,318.3,700,318.37,13000,-3.61,340.69,316.69,7720200,2508040000.0,7.64,7.27,321.8,488.75,396.34,264.22,0.62
当虹科技,sh688039,43.43,42.94,42.8,271517900.0,43.43,4000,43.45,200,1.14,44.68,42.52,271517900,119100000.0,2.45,5.03,48.03,48.03,51.53,34.35,1.18
中粮资本,sz002423,9.59,9.82,9.81,20007100.0,9.58,150600,9.59,71000,-2.34,9.85,9.56,20007100,193280000.0,0.87,2.95,220.96,220.96,10.8,8.84,1.18
联测科技,sh688113,45.29,44.11,43.91,188529300.0,45.28,2500,45.29,100,2.68,46.5,43.76,188529300,85380000.0,2.93,6.21,29.17,29.17,52.93,35.29,1.45
大地熊,sh688077,31.06,31.05,31.05,333436400.0,31.05,2600,31.06,10200,0.03,31.98,30.73,333436400,104240000.0,2.91,4.03,35.56,35.56,37.26,24.84,0.98
锦江航运,sh601083,11.9,12.35,12.33,11627100.0,11.9,19800,11.92,2700,-3.64,12.33,11.86,11627100,139570000.0,5.99,3.81,23.1,154.0,13.59,11.12,1.25
山西焦化,sh600740,3.85,3.86,3.86,40163000.0,3.85,125900,3.86,103700,-0.26,3.91,3.81,40163000,154940000.0,1.57,2.59,98.64,98.64,4.25,3.47,0.93
上海机电,sh600835,23.78,22.91,22.93,17328200.0,23.78,12400,23.79,16500,3.8,24.58,22.9,17328200,412120000.0,2.15,7.33,191.79,243.21,25.2,20.62,1.74
牧原股份,sz002714,42.5,42.63,42.67,45138800.0,42.49,15300,42.5,9300,-0.3,43.13,41.7,45138800,1918880000.0,1.19,3.35,1615.08,2453.52,46.89,38.37,0.91
永泰运,sz001228,30.53,30.08,30.08,1700400.0,30.53,13600,30.54,3900,1.5,31.26,29.91,1700400,51770000.0,2.13,4.49,24.38,31.71,33.09,27.07,1.03
凤竹纺织,sh600493,7.24,7.3,7.3,6607700.0,7.23,25500,7.24,4800,-0.82,7.37,7.15,6607700,47870000.0,2.43,3.01,19.69,19.69,8.03,6.57,1.18
青木科技,sz301110,72.35,70.53,71.25,5607000.0,72.35,30100,72.36,300,2.58,74.47,70.9,5607000,409620000.0,8.58,5.06,47.29,66.95,84.64,56.42,1.28
山水比德,sz300844,31.7,32.72,32.57,1218800.0,31.7,600,31.8,3700,-3.12,33.1,31.7,1218800,39320000.0,1.36,4.28,28.48,29.55,39.26,26.18,1.07
中科软,sh603927,16.27,16.44,16.43,8889400.0,16.26,3600,16.27,11100,-1.03,16.63,16.21,8889400,146070000.0,1.07,2.55,135.21,135.21,18.08,14.8,0.8
可孚医疗,sz301087,50.46,50.45,50.45,1479600.0,50.45,1000,50.46,500,0.02,50.97,49.45,1479600,74480000.0,0.76,3.01,97.89,119.03,60.54,40.36,0.58
四会富仕,sz300852,51.7,52.97,52.89,14404000.0,51.7,8700,51.77,1000,-2.4,54.65,51.01,14404000,762210000.0,9.3,6.87,80.11,82.99,63.56,42.38,0.78
睿昂基因,sh688217,28.17,28.46,28.46,102978500.0,28.17,6500,28.2,200,-1.02,28.9,27.87,102978500,29290000.0,1.84,3.62,15.73,15.73,34.15,22.77,1.26
*ST帅电,sh605336,18.45,17.67,17.64,5407800.0,18.45,96300,18.46,2800,4.41,18.47,16.88,5407800,95900000.0,2.95,9.0,33.84,33.84,18.55,16.79,1.29
益方生物-U,sh688382,21.53,22.06,21.89,1269166200.0,21.53,4600,21.54,900,-2.4,22.35,21.31,1269166200,275930000.0,2.19,4.71,124.52,124.52,26.47,17.65,0.73
蓝海华腾,sz300484,17.8,17.42,17.15,13377200.0,17.79,103700,17.8,28800,2.18,17.82,17.03,13377200,234280000.0,8.04,4.54,29.61,36.88,20.9,13.94,2.1
威高血净,sh603014,34.89,35.21,35.52,960300.0,34.87,500,34.89,3900,-0.91,35.53,34.66,960300,33690000.0,2.44,2.47,13.74,145.75,38.73,31.69,1.07
长华集团,sh605018,13.3,13.01,13.03,7905700.0,13.3,24000,13.31,5400,2.23,13.55,13.03,7905700,105370000.0,1.68,4.0,62.52,62.52,14.31,11.71,1.2
华康股份,sh605077,18.1,18.73,18.82,22755700.0,18.09,13000,18.1,2800,-3.36,18.86,17.77,22755700,417540000.0,7.6,5.82,54.2,54.85,20.6,16.86,0.99
沃森生物,sz300142,14.31,14.67,14.69,105411100.0,14.31,141300,14.32,103000,-2.45,14.87,14.19,105411100,1524120000.0,6.68,4.64,225.66,228.87,17.6,11.74,0.61
新天绿能,sh600956,8.68,8.8,8.8,24224600.0,8.67,11900,8.68,38200,-1.36,8.81,8.49,24224600,208980000.0,1.03,3.64,203.81,391.7,9.68,7.92,0.77
大港股份,sz002077,17.24,17.29,17.35,25904500.0,17.23,16100,17.24,111900,-0.29,17.63,17.0,25904500,448560000.0,4.46,3.64,100.05,100.05,19.02,15.56,0.88
华东医药,sz000963,31.3,32.8,32.65,20663900.0,31.3,58200,31.31,1600,-4.57,32.78,31.06,20663900,658110000.0,1.18,5.24,548.69,548.92,36.08,29.52,1.52
洋河股份,sz002304,45.95,47.15,46.68,6765000.0,45.94,2600,45.95,19000,-2.55,46.72,45.91,6765000,312770000.0,0.45,1.72,692.2,692.21,51.87,42.44,0.94
广东建工,sz002060,3.66,3.74,3.75,47835700.0,3.66,101300,3.67,151900,-2.14,3.76,3.63,47835700,176040000.0,3.06,3.48,57.2,137.41,4.11,3.37,1.21
可立克,sz002782,25.43,26.56,26.41,41578500.0,25.42,8500,25.43,6500,-4.25,26.95,24.88,41578500,1063760000.0,8.55,7.79,123.72,126.12,29.22,23.9,1.51
华夏航空,sz002928,7.74,7.99,7.95,29050100.0,7.74,13900,7.75,106300,-3.13,7.98,7.67,29050100,226000000.0,2.27,3.88,98.94,98.94,8.79,7.19,0.87
中泰股份,sz300435,22.08,22.57,22.45,14172300.0,22.07,18900,22.08,5300,-2.17,22.75,21.81,14172300,313530000.0,3.84,4.16,81.45,85.17,27.08,18.06,0.84
爱博医疗,sh688050,49.0,49.46,49.48,175852500.0,49.0,10600,49.01,1300,-0.93,50.09,48.9,175852500,87010000.0,0.91,2.41,94.77,94.77,59.35,39.57,0.82
康龙化成,sz300759,26.59,26.6,26.55,24847500.0,26.59,4800,26.6,38500,-0.04,27.15,26.33,24847500,663970000.0,1.75,3.08,377.59,488.53,31.92,21.28,0.73
龙腾光电,sh688055,4.53,4.66,4.72,2576307000.0,4.53,18000,4.54,78000,-2.79,4.74,4.45,2576307000,116920000.0,0.77,6.22,151.0,151.0,5.59,3.73,0.72
宝钢股份,sh600019,6.22,6.35,6.36,120053900.0,6.22,1720800,6.23,18900,-2.05,6.36,6.22,120053900,754430000.0,0.55,2.2,1354.85,1354.85,6.99,5.72,1.16
宇新股份,sz002986,13.56,13.81,13.82,6779000.0,13.56,13700,13.59,8200,-1.81,13.92,13.46,6779000,92630000.0,2.25,3.33,40.93,51.54,15.19,12.43,0.85
石化机械,sz000852,7.01,7.18,7.18,15265500.0,7.01,79200,7.02,51500,-2.37,7.23,6.96,15265500,107750000.0,1.61,3.76,66.31,67.01,7.9,6.46,0.96
赛诺医疗,sh688108,20.65,19.5,19.8,2933857500.0,20.65,6500,20.69,3000,5.9,21.75,19.51,2933857500,604140000.0,7.02,11.49,86.31,86.31,23.4,15.6,1.47
强力新材,sz300429,15.3,14.47,14.44,50385100.0,15.29,85000,15.3,114300,5.74,15.55,14.44,50385100,764250000.0,12.55,7.67,61.43,82.49,17.36,11.58,1.9
红日药业,sz300026,3.32,3.35,3.34,25843800.0,3.32,439900,3.33,37300,-0.9,3.37,3.31,25843800,86340000.0,0.86,1.79,99.64,99.74,4.02,2.68,0.83
法兰泰克,sh603966,13.35,13.7,13.74,11205500.0,13.34,18700,13.35,3000,-2.55,13.84,13.28,11205500,151090000.0,2.81,4.09,53.32,53.44,15.07,12.33,1.06
永鼎股份,sh600105,51.5,53.99,53.99,158305000.0,51.49,15600,51.5,37200,-4.61,55.51,49.7,158305000,8240930000.0,10.83,10.76,752.93,752.93,59.39,48.59,0.87
正邦科技,sz002157,3.38,3.46,3.47,307617800.0,3.38,89000,3.39,344400,-2.31,3.48,3.32,307617800,1040780000.0,3.95,4.62,263.22,312.66,3.81,3.11,0.99
新点软件,sh688232,22.11,22.26,22.17,238335700.0,22.11,8200,22.15,11300,-0.67,22.64,21.97,238335700,53150000.0,0.74,3.01,71.19,71.19,26.71,17.81,0.89
泰禾股份,sz301665,26.1,26.0,26.11,2580900.0,26.1,6300,26.13,1400,0.38,26.42,25.94,2580900,67430000.0,2.48,1.85,27.19,117.45,31.2,20.8,0.71
秦港股份,sh601326,3.39,3.44,3.44,21770700.0,3.39,130600,3.4,273600,-1.45,3.44,3.38,21770700,74030000.0,0.46,1.74,161.28,189.41,3.78,3.1,0.95
康力源,sz301287,44.17,43.9,43.8,736600.0,44.17,300,44.19,2500,0.62,44.79,43.6,736600,32590000.0,4.32,2.71,7.52,29.45,52.68,35.12,1.01
锦鸡股份,sz300798,10.03,10.39,10.42,32503700.0,10.03,76400,10.04,2900,-3.46,10.85,9.93,32503700,335980000.0,8.04,8.85,40.54,49.31,12.47,8.31,0.86
华润三九,sz000999,24.93,25.31,25.26,10336000.0,24.93,114500,24.94,20000,-1.5,25.31,24.9,10336000,258890000.0,0.62,1.62,414.51,414.89,27.84,22.78,1.04
深圳机场,sz000089,6.76,6.86,6.86,13146100.0,6.76,201000,6.77,8500,-1.46,6.87,6.75,13146100,89410000.0,0.64,1.75,138.63,138.63,7.55,6.17,1.39
向日葵,sz300111,4.0,3.98,3.99,28910000.0,3.99,143300,4.0,25300,0.5,4.04,3.94,28910000,115660000.0,2.25,2.51,51.49,51.49,4.78,3.18,0.97
博迅生物,bj920504,21.17,21.33,21.37,184800.0,21.02,600,21.27,500,-0.75,21.68,21.02,184800,3928900.0,1.08,3.09,3.62,9.17,27.72,14.94,0.79
TCL智家,sz002668,9.75,9.67,9.68,14987200.0,9.75,8200,9.76,93500,0.83,9.93,9.63,14987200,147100000.0,1.38,3.1,105.7,105.7,10.64,8.7,0.98
龙江交通,sh601188,3.38,3.37,3.38,22195200.0,3.38,165500,3.39,218700,0.3,3.46,3.34,22195200,75440000.0,1.7,3.56,44.12,44.12,3.71,3.03,1.33
隆华新材,sz301149,14.47,14.26,14.26,22685200.0,14.47,23600,14.48,6000,1.47,14.76,14.12,22685200,328410000.0,8.69,4.49,37.79,62.22,17.11,11.41,1.53
长联科技,sz301618,52.25,52.38,52.46,944700.0,52.25,4400,52.3,700,-0.25,52.69,51.86,944700,49360000.0,2.85,1.58,17.32,47.14,62.86,41.9,0.67
ST八菱,sz002592,7.58,7.65,7.65,3553200.0,7.57,32600,7.58,63500,-0.92,7.74,7.53,3553200,27130000.0,1.35,2.75,19.91,21.48,8.03,7.27,0.81
国盛智科,sh688558,43.73,40.71,40.65,738280400.0,43.73,600,43.75,700,7.42,46.01,40.42,738280400,320370000.0,5.59,13.73,57.72,57.72,48.85,32.57,1.8
海看股份,sz301262,23.16,23.08,23.5,4217400.0,23.16,2600,23.18,2000,0.35,23.65,23.06,4217400,98560000.0,3.45,2.56,28.27,96.58,27.7,18.46,0.99
和晶科技,sz300279,7.67,7.82,7.78,19852100.0,7.67,156100,7.68,2100,-1.92,7.85,7.6,19852100,152800000.0,4.08,3.2,37.35,37.51,9.38,6.26,0.7
安洁科技,sz002635,16.76,16.89,16.93,25251900.0,16.75,3900,16.76,7600,-0.77,17.17,16.53,25251900,424990000.0,6.38,3.79,66.29,110.56,18.58,15.2,1.12
新铝时代,sz301613,45.8,46.2,45.96,1535900.0,45.8,700,45.83,1100,-0.87,46.9,45.75,1535900,71010000.0,1.83,2.49,38.43,65.88,55.44,36.96,0.5
瑞芯微,sh603893,172.96,175.0,175.67,9411200.0,172.95,800,172.96,800,-1.17,179.2,170.5,9411200,1640280000.0,2.24,4.97,727.95,728.15,192.5,157.5,0.93
成都先导,sh688222,29.9,28.46,28.4,2685626100.0,29.89,11100,29.9,27700,5.06,30.5,28.33,2685626100,799460000.0,6.7,7.62,119.8,119.8,34.15,22.77,0.98
长虹华意,sz000404,8.52,8.41,8.37,29267600.0,8.52,21200,8.53,29800,1.31,8.64,8.31,29267600,249610000.0,4.22,3.92,59.02,59.3,9.25,7.57,1.38
江苏索普,sh600746,7.55,7.62,7.63,14423600.0,7.55,15200,7.56,17800,-0.92,7.68,7.48,14423600,109270000.0,1.24,2.62,88.17,88.17,8.38,6.86,0.82
苏州规划,sz301505,21.96,22.52,22.54,2739600.0,21.96,4400,21.97,1000,-2.49,22.6,21.85,2739600,60730000.0,3.5,3.33,17.17,25.12,27.02,18.02,0.78
德新科技,sh603032,22.66,22.58,22.51,14484300.0,22.65,7100,22.66,34900,0.35,23.47,22.48,14484300,332260000.0,6.25,4.38,52.49,52.85,24.84,20.32,0.74
江苏有线,sh600959,3.82,3.84,3.85,60066500.0,3.81,382700,3.82,24500,-0.52,3.92,3.79,60066500,231550000.0,1.2,3.39,191.03,191.03,4.22,3.46,0.94
安恒信息,sh688023,44.07,44.82,44.51,272240000.0,44.06,3400,44.07,1800,-1.67,45.37,43.8,272240000,121090000.0,2.67,3.5,44.86,44.86,53.78,35.86,0.77
江天化学,sz300927,29.12,27.98,27.97,14187800.0,29.11,19500,29.12,7800,4.07,30.99,27.75,14187800,419900000.0,10.07,11.58,41.02,42.04,33.58,22.38,2.09
宏微科技,sh688711,32.42,34.44,34.0,2034370600.0,32.42,300,32.45,6200,-5.87,34.63,32.07,2034370600,675290000.0,9.55,7.43,69.08,69.08,41.33,27.55,1.26
东方雨虹,sz002271,14.97,14.63,14.8,63523200.0,14.97,27100,14.98,51800,2.32,15.14,14.54,63523200,946790000.0,3.32,4.1,286.6,357.59,16.09,13.17,0.83
龙迅股份,sh688486,86.89,83.7,84.06,498424600.0,86.89,2600,86.9,400,3.81,89.84,83.95,498424600,432620000.0,3.73,7.04,116.19,116.2,100.44,66.96,1.54
仟源医药,sz300254,14.44,14.4,14.28,11146700.0,14.43,127400,14.44,2200,0.28,14.5,14.04,11146700,158940000.0,4.93,3.19,32.62,36.97,17.28,11.52,0.71
联域股份,sz001326,58.2,56.98,57.11,1351400.0,58.15,1100,58.21,500,2.14,58.76,56.04,1351400,77530000.0,5.61,4.77,14.03,42.6,62.68,51.28,1.14
杭州热电,sh605011,22.35,22.25,22.2,9149000.0,22.34,23200,22.35,1400,0.45,22.8,22.1,9149000,204700000.0,2.29,3.15,89.42,89.42,24.48,20.03,0.71
华域汽车,sh600741,17.68,17.86,17.9,22464200.0,17.68,177100,17.69,3500,-1.01,17.98,17.59,22464200,399190000.0,0.71,2.18,557.4,557.4,19.65,16.07,0.88
中诚咨询,bj920003,31.39,31.09,31.45,378700.0,31.39,1000,31.4,2000,0.96,31.64,30.96,378700,11861099.999999998,2.84,2.19,4.18,20.31,40.41,21.77,0.49
贵州燃气,sh600903,8.01,7.67,7.8,146961100.0,8.0,73500,8.01,551300,4.43,8.3,7.35,146961100,1149820000.0,12.78,12.39,92.12,92.12,8.44,6.9,4.01
宁新新材,bj920719,11.45,12.02,11.82,4646900.0,11.44,800,11.45,4700,-4.74,12.02,11.23,4646900,53554700.0,6.35,6.57,8.38,10.66,15.62,8.42,1.08
*ST节能,sz000820,3.75,3.8,3.8,8060700.0,3.75,281400,3.76,119400,-1.32,3.84,3.74,8060700,30460000.0,2.71,2.63,11.14,24.25,3.99,3.61,0.66
盛景微,sh603375,47.94,48.88,48.4,4654300.0,47.94,4500,47.95,11900,-1.92,49.33,47.1,4654300,223460000.0,7.3,4.56,30.58,48.26,53.77,43.99,0.76
新光光电,sh688011,64.6,66.79,67.29,178681800.0,64.6,3200,64.74,200,-3.28,68.36,64.5,178681800,117760000.0,1.79,5.78,64.38,64.6,80.15,53.43,0.91
福斯特,sh603806,17.06,18.81,18.85,105718000.0,17.06,15100,17.07,14200,-9.3,18.88,16.94,105718000,1842990000.0,4.05,10.31,445.05,445.05,20.69,16.93,1.87
中泰证券,sh600918,5.84,5.92,5.9,24769600.0,5.83,41700,5.84,257000,-1.35,5.92,5.81,24769600,145240000.0,0.63,1.86,229.27,462.43,6.51,5.33,0.9
蓝焰控股,sz000968,8.24,8.2,8.17,29065900.0,8.23,71400,8.24,43400,0.49,8.28,8.06,29065900,238050000.0,3.0,2.68,79.72,79.72,9.02,7.38,0.88
中国电信,sh601728,6.33,6.26,6.26,257555600.0,6.32,495800,6.33,3100,1.12,6.42,6.25,257555600,1637370000.0,0.33,2.72,4913.96,5792.4,6.89,5.63,1.62
电工合金,sz300697,16.58,16.84,16.78,7802300.0,16.57,12100,16.58,1700,-1.54,16.95,16.5,7802300,130410000.0,2.36,2.67,54.92,71.73,20.21,13.47,0.79
维科精密,sz301499,37.97,37.7,37.9,3594300.0,37.97,4300,37.98,800,0.72,38.79,36.87,3594300,136140000.0,10.4,5.09,13.12,52.5,45.24,30.16,0.71
地素时尚,sh603587,13.13,12.95,12.95,2883100.0,13.11,2600,13.13,4300,1.39,13.21,12.89,2883100,37770000.0,0.61,2.47,62.25,62.25,14.25,11.66,1.34
天合光能,sh688599,17.27,17.97,17.8,7028540800.0,17.26,27700,17.27,1000,-3.9,17.9,16.9,7028540800,1213350000.0,3.0,5.56,404.56,404.56,21.56,14.38,1.37
电投产融,sz000958,5.98,6.11,6.11,44847500.0,5.98,403400,5.99,16400,-2.13,6.12,5.95,44847500,269200000.0,0.83,2.78,321.93,1038.91,6.72,5.5,1.0
福日电子,sh600203,12.59,12.73,12.7,22328700.0,12.59,18300,12.6,35400,-1.1,12.88,12.48,22328700,282840000.0,3.77,3.14,74.66,74.66,14.0,11.46,0.85
锦和商管,sh603682,9.03,9.06,8.96,19213900.0,9.02,8700,9.03,3500,-0.33,9.23,8.82,19213900,172810000.0,4.07,4.53,42.67,42.67,9.97,8.15,0.74
迈拓股份,sz301006,17.22,17.5,17.53,2387100.0,17.22,2800,17.24,700,-1.6,17.64,17.07,2387100,41480000.0,2.85,3.26,14.43,23.98,21.0,14.0,0.94
大庆华科,sz000985,18.81,19.08,19.15,1787500.0,18.81,2300,18.82,800,-1.42,19.18,18.64,1787500,33860000.0,1.38,2.83,24.39,24.39,20.99,17.17,1.16
安科瑞,sz300286,24.91,25.56,25.6,5666400.0,24.91,9200,24.92,6200,-2.54,25.7,24.69,5666400,142350000.0,2.73,3.95,51.76,62.47,30.67,20.45,0.94
甬矽电子,sh688362,50.3,51.11,53.26,3479563500.0,50.3,100,50.31,14200,-1.58,55.6,49.6,3479563500,1804580000.0,8.48,11.74,206.48,206.48,61.33,40.89,1.38
南微医学,sh688029,82.28,82.66,82.34,150360900.0,82.28,200,82.58,600,-0.46,84.4,81.88,150360900,125010000.0,0.8,3.05,154.56,154.56,99.19,66.13,0.88
恒通股份,sh603223,9.16,9.1,9.1,6657200.0,9.15,34300,9.16,61900,0.66,9.18,8.94,6657200,60340000.0,0.94,2.64,64.65,64.65,10.01,8.19,0.62
利民股份,sz002734,17.04,17.3,17.35,13783000.0,17.04,53200,17.05,4800,-1.5,17.44,17.0,13783000,236670000.0,3.17,2.54,74.01,81.08,19.03,15.57,0.74
友发集团,sh601686,5.34,5.41,5.41,4710600.0,5.34,53300,5.35,32900,-1.29,5.42,5.33,4710600,25310000.0,0.32,1.66,78.58,78.58,5.95,4.87,0.73
菲沃泰,sh688371,37.07,38.0,38.22,1586380500.0,37.04,8400,37.07,87800,-2.45,39.4,36.19,1586380500,594500000.0,4.73,8.45,124.36,124.36,45.6,30.4,1.0
立昂技术,sz300603,10.04,10.29,10.4,24427800.0,10.04,317100,10.05,17800,-2.43,10.53,9.98,24427800,250040000.0,6.53,5.34,37.54,46.67,12.35,8.23,1.01
华明装备,sz002270,24.08,24.9,24.76,24960400.0,24.08,19900,24.09,8500,-3.29,25.1,23.93,24960400,606200000.0,2.79,4.7,215.81,215.81,27.39,22.41,0.77
朗科科技,sz300042,64.95,66.97,66.85,29008300.0,64.95,2100,64.96,11000,-3.02,68.68,64.0,29008300,1906710000.0,14.48,6.99,130.15,130.16,80.36,53.58,0.66
协和电子,sh605258,36.1,37.2,37.26,3179200.0,36.1,3400,36.12,500,-2.96,37.66,35.68,3179200,115540000.0,3.61,5.32,31.77,31.77,40.92,33.48,0.7
易瑞生物,sz300942,7.45,7.54,7.53,4745100.0,7.45,4500,7.46,1000,-1.19,7.6,7.41,4745100,35590000.0,1.17,2.52,30.18,30.18,9.05,6.03,0.75
全志科技,sz300458,36.15,36.39,36.54,40983800.0,36.15,37600,36.16,9300,-0.66,37.45,35.79,40983800,1496100000.0,5.18,4.56,286.27,358.07,43.67,29.11,0.97
华电新能,sh600930,6.26,6.44,6.39,226425800.0,6.26,1126800,6.27,1277800,-2.8,6.41,6.23,226425800,1423200000.0,7.01,2.8,202.19,2611.31,7.08,5.8,0.8
智光电气,sz002169,14.11,14.31,14.35,33722000.0,14.1,62400,14.11,31700,-1.4,14.43,13.92,33722000,476160000.0,4.44,3.56,107.05,110.44,15.74,12.88,1.02
博济医药,sz300404,10.66,10.65,10.6,8410600.0,10.65,26700,10.66,10500,0.09,10.82,10.55,8410600,89960000.0,2.95,2.54,30.43,41.13,12.78,8.52,0.62
百通能源,sz001376,13.84,14.72,14.59,19805100.0,13.83,2500,13.85,2600,-5.98,14.73,13.75,19805100,277210000.0,9.27,6.66,29.58,63.79,16.19,13.25,1.41
常友科技,sz301557,112.83,112.87,112.02,843400.0,112.83,1200,112.88,1000,-0.04,115.94,110.0,843400,95370000.0,4.75,5.26,20.04,49.99,135.44,90.3,0.84
华研精机,sz301138,32.82,32.4,32.43,1216700.0,32.82,300,32.86,2000,1.3,33.32,32.18,1216700,39930000.0,1.77,3.52,22.5,39.38,38.88,25.92,0.86
中农联合,sz003042,16.65,16.77,16.7,2859900.0,16.65,2300,16.66,100,-0.72,16.94,16.46,2859900,47860000.0,2.32,2.86,20.53,23.72,18.45,15.09,0.87
青农商行,sz002958,2.94,2.97,2.96,53808600.0,2.93,1466200,2.94,121300,-1.01,2.97,2.92,53808600,158530000.0,0.99,1.68,159.92,163.34,3.27,2.67,1.22
恒源煤电,sh600971,7.73,7.6,7.64,15314000.0,7.73,7600,7.74,89100,1.71,7.83,7.6,15314000,117970000.0,1.28,3.03,92.76,92.76,8.36,6.84,0.94
劲旅环境,sz001230,26.02,25.92,26.32,5396600.0,26.02,6900,26.04,1200,0.39,27.88,25.92,5396600,143940000.0,6.87,7.56,20.44,34.9,28.51,23.33,1.15
华西证券,sz002926,8.35,8.58,8.58,21370700.0,8.34,30200,8.35,68100,-2.68,8.6,8.3,21370700,180290000.0,0.81,3.5,219.19,219.19,9.44,7.72,1.09
博瑞医药,sh688166,62.37,63.05,62.89,1235292200.0,62.37,3200,62.38,700,-1.08,64.45,60.41,1235292200,770360000.0,2.88,6.41,267.95,267.95,75.66,50.44,0.93
海特生物,sz300683,35.06,37.51,37.41,11143400.0,35.05,6400,35.06,1100,-6.53,38.16,34.66,11143400,398730000.0,9.13,9.33,42.8,45.89,45.01,30.01,1.15
上汽集团,sh600104,12.94,13.07,13.08,41253100.0,12.94,73500,12.95,237200,-0.99,13.13,12.92,41253100,536620000.0,0.36,1.61,1487.49,1487.49,14.38,11.76,1.0
北新建材,sz000786,25.33,25.6,25.56,10892300.0,25.32,5000,25.33,14300,-1.05,25.65,25.04,10892300,275930000.0,0.64,2.38,427.95,431.18,28.16,23.04,0.74
华民股份,sz300345,6.98,7.12,7.09,26850900.0,6.98,10800,6.99,44600,-1.97,7.21,6.88,26850900,187920000.0,5.6,4.63,33.48,40.52,8.54,5.7,0.71
中兴通讯,sz000063,36.71,37.56,37.64,146967400.0,36.7,462500,36.71,143400,-2.26,38.29,36.58,146967400,5466590000.0,3.65,4.55,1478.54,1756.04,41.32,33.8,1.03
视觉中国,sz000681,21.92,21.48,21.49,42819300.0,21.92,28700,21.93,58400,2.05,22.68,21.49,42819300,949460000.0,6.33,5.54,148.21,153.57,23.63,19.33,1.1
驱动力,bj920275,7.0,7.18,7.11,1208600.0,7.0,1600,7.05,4800,-2.51,7.17,6.98,1208600,8511200.0,0.92,2.65,9.23,11.16,9.33,5.03,1.14
新华传媒,sh600825,5.66,5.67,5.64,8226900.0,5.65,24400,5.66,26300,-0.18,5.77,5.63,8226900,46860000.0,0.79,2.47,59.14,59.14,6.24,5.1,0.67
迪普科技,sz300768,17.24,17.4,17.4,5664900.0,17.24,5100,17.25,300,-0.92,17.65,17.1,5664900,98350000.0,1.35,3.16,72.52,111.0,20.88,13.92,0.92
同力天启,sh605286,42.76,43.19,43.61,3207600.0,42.76,900,42.78,100,-1.0,43.77,42.11,3207600,137460000.0,1.91,3.84,71.84,71.84,47.51,38.87,0.9
仙坛股份,sz002746,6.28,6.39,6.35,16575300.0,6.28,36400,6.29,11400,-1.72,6.39,6.21,16575300,104370000.0,2.34,2.82,44.57,54.04,7.03,5.75,1.14
三峡新材,sh600293,3.11,3.21,3.2,27883600.0,3.11,240500,3.12,36600,-3.12,3.22,3.1,27883600,87710000.0,2.4,3.74,36.08,36.08,3.53,2.89,0.88
钒钛股份,sz000629,3.58,3.7,3.7,153497500.0,3.57,944300,3.58,814700,-3.24,3.72,3.55,153497500,555970000.0,1.65,4.59,332.6,332.62,4.07,3.33,0.9
光云科技,sh688365,21.25,20.84,21.19,2277461200.0,21.25,8200,21.26,16800,1.97,21.98,20.93,2277461200,489480000.0,5.35,5.04,90.49,90.49,25.01,16.67,0.88
大唐药业,bj920433,5.29,5.61,5.49,5700600.0,5.29,9600,5.3,3100,-5.7,5.54,5.24,5700600,30471200.0,3.37,5.35,8.96,13.54,7.29,3.93,0.99
金迪克,sh688670,19.52,19.57,19.57,312827800.0,19.52,4300,19.54,1000,-0.26,20.25,19.27,312827800,61880000.0,2.54,5.01,24.05,24.05,23.48,15.66,0.83
志邦家居,sh603801,8.51,8.61,8.63,3235500.0,8.51,6700,8.52,21500,-1.16,8.63,8.49,3235500,27690000.0,0.74,1.63,36.96,36.96,9.47,7.75,0.58
思维列控,sh603508,26.88,26.78,26.9,9041100.0,26.87,5600,26.88,10800,0.37,27.29,26.71,9041100,244390000.0,2.37,2.17,102.49,102.49,29.46,24.1,1.55
广深铁路,sh601333,3.06,3.11,3.12,64500700.0,3.06,1212800,3.07,440000,-1.61,3.13,3.05,64500700,198850000.0,1.14,2.57,172.96,216.76,3.42,2.8,0.9
普源精电,sh688337,62.19,62.0,62.0,874647800.0,62.19,200,62.25,2200,0.31,65.18,60.75,874647800,546950000.0,4.7,7.15,115.62,120.57,74.4,49.6,1.22
招商南油,sh601975,4.95,5.35,5.3,620218000.0,4.95,341300,4.96,367500,-7.48,5.38,4.82,620218000,3099990000.0,13.25,10.47,231.68,231.68,5.89,4.82,1.53
万邦医药,sz301520,41.2,41.58,41.59,548500.0,41.2,1600,41.33,7600,-0.91,41.95,41.04,548500,22790000.0,2.34,2.19,9.67,27.47,49.9,33.26,0.66
瑜欣电子,sz301107,27.81,27.42,27.45,2444200.0,27.81,800,27.83,200,1.42,28.65,27.36,2444200,68320000.0,4.16,4.7,16.33,28.24,32.9,21.94,1.6
国检集团,sh603060,6.48,6.65,6.7,14309900.0,6.48,59200,6.49,6300,-2.56,6.77,6.45,14309900,93940000.0,1.78,4.81,52.1,52.1,7.32,5.99,0.85
汉邦科技,sh688755,39.28,39.04,39.1,55073200.0,39.28,2100,39.32,1100,0.61,39.59,38.97,55073200,21570000.0,3.13,1.59,6.91,34.57,46.85,31.23,0.55
建科智能,sz300823,19.15,19.2,19.22,4231100.0,19.11,900,19.15,500,-0.26,19.5,18.91,4231100,80890000.0,4.99,3.07,16.24,25.08,23.04,15.36,0.74
浙江东方,sh600120,5.14,5.27,5.26,63867300.0,5.14,203900,5.15,535000,-2.47,5.27,5.07,63867300,329750000.0,1.87,3.8,175.55,175.55,5.8,4.74,0.97
金一文化,sz002721,2.91,2.89,2.88,42775700.0,2.9,324500,2.91,49000,0.69,2.94,2.84,42775700,123580000.0,1.61,3.46,77.39,77.39,3.18,2.6,1.03
佛山照明,sz000541,5.37,5.48,5.47,11228500.0,5.36,199100,5.37,12000,-2.01,5.5,5.35,11228500,60750000.0,0.91,2.74,66.08,82.47,6.03,4.93,1.23
瑞可达,sh688800,131.73,134.53,134.53,737966200.0,131.72,1600,131.73,5900,-2.08,138.0,129.8,737966200,984890000.0,3.59,6.1,270.93,270.93,161.44,107.62,0.55
恒拓开源,bj920415,12.26,12.25,12.27,1761200.0,12.2,41000,12.26,55100,0.08,12.56,12.1,1761200,21628200.0,1.63,3.76,13.27,17.23,15.92,8.58,0.84
伯特利,sh603596,31.85,31.63,31.65,22334000.0,31.85,114900,31.86,2200,0.7,32.73,31.38,22334000,714190000.0,2.49,4.27,285.9,285.9,34.79,28.47,1.35
彩讯股份,sz300634,23.58,23.32,23.38,13695000.0,23.57,4800,23.58,5000,1.11,24.39,23.38,13695000,325430000.0,3.15,4.33,102.4,106.4,27.98,18.66,1.01
日照港,sh600017,2.85,2.9,2.89,40396200.0,2.84,804900,2.85,733100,-1.72,2.9,2.82,40396200,115270000.0,1.31,2.76,87.66,87.66,3.19,2.61,1.14
上海能源,sh600508,13.54,13.66,13.63,9419400.0,13.54,4300,13.55,26600,-0.88,13.75,13.28,9419400,127030000.0,1.3,3.44,97.86,97.86,15.03,12.29,1.25
纽威数控,sh688697,24.18,20.15,20.14,3331830500.0,24.18,471200,0.0,0,20.0,24.18,20.14,3331830500,763250000.0,7.29,20.05,110.58,110.58,24.18,16.12,2.25
华银电力,sh600744,8.21,8.73,8.47,206897700.0,8.21,497900,8.22,427000,-5.96,8.48,8.0,206897700,1694080000.0,10.19,5.5,166.76,166.76,9.6,7.86,0.81
立霸股份,sh603519,13.36,13.57,13.58,6576200.0,13.36,2400,13.39,1000,-1.55,13.7,13.25,6576200,88310000.0,2.47,3.32,35.58,35.58,14.93,12.21,1.17
节能风电,sh601016,5.03,5.1,4.9,687674200.0,5.02,1497700,5.03,1188000,-1.37,5.25,4.74,687674200,3420660000.0,11.39,10.0,303.72,329.18,5.61,4.59,0.83
新天然气,sh603393,30.58,30.27,30.09,9715500.0,30.57,1000,30.58,1100,1.02,31.19,29.77,9715500,296860000.0,2.3,4.69,129.42,129.64,33.3,27.24,1.04
冠农股份,sh600251,11.52,11.88,11.84,13090300.0,11.51,18300,11.52,6100,-3.03,11.96,11.4,13090300,152040000.0,1.68,4.71,89.51,89.51,13.07,10.69,0.86
隆利科技,sz300752,19.6,20.0,20.35,5313600.0,19.58,16100,19.6,13700,-2.0,20.35,19.31,5313600,104540000.0,3.38,5.2,30.83,44.79,24.0,16.0,1.04
江苏新能,sh603693,14.94,15.53,15.38,18443900.0,14.94,74200,14.95,14900,-3.8,15.55,14.87,18443900,277850000.0,2.07,4.38,133.19,133.19,17.08,13.98,0.61
兰花科创,sh600123,6.66,6.55,6.58,44412600.0,6.66,18700,6.67,21100,1.68,6.92,6.44,44412600,297180000.0,3.01,7.33,98.12,98.12,7.21,5.9,1.67
大连电瓷,sz002606,15.94,16.35,16.33,44095100.0,15.93,3300,15.94,7700,-2.51,16.65,15.8,44095100,707990000.0,10.47,5.2,67.13,69.99,17.99,14.72,0.73
怡球资源,sh601388,3.65,3.76,3.74,61665700.0,3.65,59400,3.66,221500,-2.93,3.74,3.62,61665700,226060000.0,2.8,3.19,80.34,80.34,4.14,3.38,0.79
哈空调,sh600202,6.33,6.43,6.45,12048600.0,6.33,3500,6.34,87100,-1.56,6.45,6.26,12048600,76670000.0,3.14,2.95,24.27,24.27,7.07,5.79,1.22
牧高笛,sh603908,23.22,23.48,23.51,990000.0,23.21,1200,23.22,1200,-1.11,23.67,23.1,990000,23170000.0,1.06,2.43,21.62,21.62,25.83,21.13,0.71
炜冈科技,sz001256,25.9,25.15,25.13,4441300.0,25.9,9400,25.91,5000,2.98,26.25,25.05,4441300,114020000.0,4.15,4.77,27.69,36.94,27.67,22.64,1.29
天智航-U,sh688277,19.14,18.48,18.22,1108545400.0,19.1,200,19.14,37500,3.57,19.44,18.19,1108545400,209530000.0,2.43,6.76,87.28,87.28,22.18,14.78,1.16
诺邦股份,sh603238,15.51,15.88,15.95,9444500.0,15.51,73800,15.58,500,-2.33,16.85,15.4,9444500,152790000.0,5.32,9.13,27.53,27.53,17.47,14.29,3.56
达仁堂,sh600329,42.72,43.59,43.76,5181500.0,42.71,1400,42.72,300,-2.0,43.8,42.45,5181500,223350000.0,0.91,3.1,242.26,328.98,47.95,39.23,1.15
福田汽车,sh600166,3.41,3.59,3.58,230737200.0,3.4,739900,3.41,1020300,-5.01,3.59,3.38,230737200,795780000.0,2.91,5.85,269.98,269.98,3.95,3.23,1.25
美农生物,sz301156,20.5,20.82,21.02,2681700.0,20.46,5400,20.5,6300,-1.54,21.02,20.3,2681700,55160000.0,3.01,3.46,18.29,28.86,24.98,16.66,1.08
美瑞新材,sz300848,16.88,16.34,16.5,11846900.0,16.88,5500,16.89,5400,3.3,17.3,16.46,11846900,200970000.0,4.68,5.14,42.73,72.23,19.61,13.07,1.47
太湖远大,bj920118,22.18,21.38,21.78,1081000.0,22.18,24000,22.19,6700,3.74,22.36,21.58,1081000,23918500.0,3.45,3.65,6.95,11.47,27.79,14.97,0.82
康希诺,sh688185,59.98,61.01,61.02,269880200.0,59.95,8400,59.98,3000,-1.69,61.34,59.21,269880200,162350000.0,2.36,3.49,68.6,148.18,73.21,48.81,0.89
ST华扬,sh603825,8.71,8.65,8.66,1762900.0,8.7,23000,8.71,3700,0.69,8.87,8.66,1762900,15470000.0,0.7,2.43,22.07,22.07,9.08,8.22,0.78
我武生物,sz300357,24.12,24.03,24.0,6445200.0,24.12,700,24.13,100,0.37,24.55,23.96,6445200,156430000.0,1.33,2.46,116.72,126.29,28.84,19.22,0.6
中粮科技,sz000930,5.54,5.64,5.65,19417300.0,5.54,13300,5.55,318900,-1.77,5.66,5.48,19417300,108010000.0,1.05,3.19,102.84,102.85,6.2,5.08,1.06
仁和药业,sz000650,5.57,5.61,5.6,12944000.0,5.56,94500,5.57,38800,-0.71,5.63,5.54,12944000,72210000.0,0.97,1.6,74.16,77.98,6.17,5.05,0.91
锐科激光,sz300747,37.27,37.7,37.75,26858700.0,37.27,8900,37.28,100,-1.14,38.38,36.58,26858700,1003380000.0,5.15,4.77,194.54,209.31,45.24,30.16,0.81
新易盛,sz300502,610.05,617.9,617.0,35606200.0,610.04,2800,610.05,15900,-1.27,629.68,586.28,35606200,21683300000.0,4.02,7.02,5401.33,6063.95,741.48,494.32,0.81
云路股份,sh688190,89.68,92.15,92.21,210308300.0,89.68,4900,89.69,500,-2.68,93.59,88.48,210308300,190310000.0,1.75,5.55,107.62,107.62,110.58,73.72,0.86
方大特钢,sh600507,5.02,5.32,5.33,56147800.0,5.02,206000,5.03,68100,-5.64,5.34,5.0,56147800,287190000.0,2.43,6.39,116.12,116.12,5.85,4.79,1.62
*ST英飞,sz002528,5.25,5.19,5.11,27442500.0,5.24,77200,5.25,51000,1.16,5.42,4.96,27442500,142150000.0,2.61,8.86,55.14,62.93,5.45,4.93,1.37
天地科技,sh600582,5.51,5.51,5.52,23366800.0,5.5,1414000,5.51,54500,0.0,5.55,5.5,23366800,129030000.0,0.56,0.91,228.04,228.04,6.06,4.96,0.88
北鼎股份,sz300824,9.5,9.5,9.55,4032700.0,9.48,3100,9.5,200,0.0,9.65,9.41,4032700,38490000.0,1.27,2.53,30.07,31.0,11.4,7.6,1.04
吉林高速,sh601518,2.85,2.88,2.88,14032100.0,2.85,450000,2.86,196300,-1.04,2.89,2.84,14032100,40170000.0,0.74,1.74,53.88,53.88,3.17,2.59,1.11
福耀玻璃,sh600660,56.0,56.71,57.41,15741600.0,56.0,5500,56.01,500,-1.25,57.45,55.91,15741600,887340000.0,0.79,2.72,1121.67,1461.46,62.38,51.04,1.06
富森美,sz002818,11.44,11.37,11.38,5383600.0,11.43,1000,11.44,5300,0.62,11.6,11.3,5383600,61600000.0,1.8,2.64,34.13,85.62,12.51,10.23,0.89
威力传动,sz300904,60.8,59.88,59.91,995900.0,60.5,100,60.8,24300,1.54,62.18,58.82,995900,60310000.0,4.53,5.61,13.37,44.01,71.86,47.9,0.95
凯大催化,bj920974,7.66,7.69,7.69,2223700.0,7.65,10100,7.66,20600,-0.39,7.78,7.6,2223700,17095800.0,1.73,2.34,9.84,12.55,9.99,5.39,0.85
金丹科技,sz300829,18.83,18.82,18.81,7456500.0,18.83,15300,18.84,600,0.05,19.27,18.57,7456500,140990000.0,4.76,3.72,29.51,42.8,22.58,15.06,0.66
苏常柴Ａ,sz000570,6.47,6.5,6.51,16235400.0,6.46,57900,6.47,13100,-0.46,6.58,6.41,16235400,105190000.0,2.92,2.62,35.95,45.66,7.15,5.85,0.72
上海贝岭,sh600171,29.28,29.48,29.48,21728700.0,29.27,4700,29.28,122700,-0.68,30.17,28.98,21728700,642340000.0,3.07,4.04,207.57,207.57,32.43,26.53,1.13
儒意电影,sz002739,9.08,9.08,9.1,28509800.0,9.08,126500,9.09,79300,0.0,9.19,9.02,28509800,260070000.0,1.36,1.87,190.67,191.75,9.99,8.17,0.82
威高骨科,sh688161,27.1,27.63,27.7,180065400.0,27.09,200,27.1,31500,-1.92,27.89,27.1,180065400,49480000.0,0.45,2.86,108.4,108.4,33.16,22.1,0.99
安徽合力,sh600761,19.76,19.88,19.89,17388800.0,19.74,1300,19.76,15100,-0.6,20.27,19.65,17388800,346030000.0,1.95,3.12,176.0,176.0,21.87,17.89,0.51
金房能源,sz001210,30.21,29.4,28.0,23411200.0,30.2,9900,30.21,9700,2.76,30.7,27.38,23411200,688160000.0,24.57,11.29,28.79,47.37,32.34,26.46,3.09
春雪食品,sh605567,10.76,10.93,10.9,4038100.0,10.75,5800,10.76,7900,-1.56,10.99,10.68,4038100,43770000.0,2.02,2.84,21.52,21.52,12.02,9.84,0.99
星源卓镁,sz301398,45.81,44.85,44.87,1783500.0,45.8,500,45.81,10000,2.14,46.74,44.47,1783500,81500000.0,4.79,5.06,17.05,51.31,53.82,35.88,0.82
金雷股份,sz300443,27.64,28.39,28.15,13113100.0,27.63,83000,27.64,7900,-2.64,28.59,27.3,13113100,363720000.0,5.4,4.54,67.1,88.49,34.07,22.71,0.91
中芯国际,sh688981,119.02,117.9,121.0,13281005400.0,119.02,149600,119.03,2600,0.95,125.0,118.48,13281005400,16152500000.0,6.64,5.53,2379.88,9537.27,141.48,94.32,1.62
*ST威尔,sz002058,27.18,26.06,26.06,3037100.0,27.18,10500,27.19,8300,4.3,27.3,25.81,3037100,81180000.0,2.12,5.72,38.9,38.99,27.36,24.76,1.38
甘咨询,sz000779,8.29,8.44,8.45,6086900.0,8.28,14200,8.29,90500,-1.78,8.5,8.25,6086900,50880000.0,1.31,2.96,38.53,38.53,9.28,7.6,1.05
*ST摩登,sz002656,3.44,3.38,3.44,15288900.0,3.43,78600,3.44,76000,1.78,3.49,3.4,15288900,52690000.0,2.26,2.66,23.27,24.51,3.55,3.21,1.0
中科微至,sh688211,37.68,37.62,37.57,189290100.0,37.68,300,37.7,9100,0.16,38.59,36.88,189290100,71450000.0,1.44,4.55,49.4,49.4,45.14,30.1,0.87
五矿资本,sh600390,5.06,5.15,5.15,41774100.0,5.05,364600,5.06,65000,-1.75,5.19,5.02,41774100,212650000.0,0.93,3.3,227.6,227.6,5.67,4.64,1.33
凯普生物,sz300639,6.31,6.5,6.47,29586300.0,6.31,14100,6.32,137300,-2.92,6.53,6.25,29586300,188280000.0,4.66,4.31,40.08,40.79,7.8,5.2,0.53
金科环境,sh688466,18.22,18.48,18.12,124057700.0,18.22,2900,18.24,600,-1.41,18.68,18.05,124057700,22770000.0,1.02,3.41,22.26,22.26,22.18,14.78,0.65
中华企业,sh600675,2.53,2.56,2.55,25368100.0,2.53,51000,2.54,456000,-1.17,2.56,2.51,25368100,64360000.0,0.42,1.95,152.97,152.97,2.82,2.3,0.84
热景生物,sh688068,95.38,98.88,98.8,260784400.0,95.37,300,95.38,4300,-3.54,99.49,94.3,260784400,250790000.0,2.81,5.25,88.42,88.42,118.66,79.1,0.89
长青集团,sz002616,5.7,5.88,5.85,20036200.0,5.7,94900,5.71,3500,-3.06,5.86,5.68,20036200,114730000.0,3.41,3.06,33.49,48.98,6.47,5.29,0.98
四方股份,sh601126,76.51,74.08,73.4,36070600.0,76.51,1000,76.52,22600,3.28,79.55,73.1,36070600,2736200000.0,4.37,8.71,631.27,637.41,81.49,66.67,1.0
运机集团,sz001288,28.6,28.85,28.79,5006100.0,28.6,8600,28.61,5000,-0.87,29.15,27.81,5006100,142810000.0,3.3,4.64,43.45,67.18,31.74,25.97,0.87
小熊电器,sz002959,39.09,39.84,39.69,1314400.0,39.08,2900,39.09,1200,-1.88,39.84,39.09,1314400,51680000.0,0.87,1.88,58.84,60.92,43.82,35.86,1.1
中研股份,sh688716,38.36,36.56,37.79,707445900.0,38.36,61500,38.37,10900,4.92,39.92,37.5,707445900,272800000.0,10.12,6.62,26.82,46.68,43.87,29.25,2.48
浙商证券,sh601878,9.56,9.74,9.74,32915400.0,9.56,45900,9.57,56300,-1.85,9.77,9.53,32915400,317070000.0,0.72,2.46,437.25,437.25,10.71,8.77,0.91
通策医疗,sh600763,39.79,39.65,39.68,6880500.0,39.79,25600,39.8,4600,0.35,40.11,39.25,6880500,273310000.0,1.54,2.17,177.98,177.98,43.62,35.69,0.73
振华股份,sh603067,39.46,39.12,39.77,37754100.0,39.46,60300,39.48,19200,0.87,41.77,38.85,37754100,1519930000.0,5.0,7.46,298.13,298.13,43.03,35.21,1.18
新华网,sh603888,19.91,19.9,19.9,12321400.0,19.91,5200,19.92,10200,0.05,20.4,19.77,12321400,247630000.0,1.83,3.17,134.34,134.34,21.89,17.91,1.09
泰禾智能,sh603656,19.15,19.24,19.23,2485400.0,19.15,2100,19.17,2600,-0.47,19.56,19.05,2485400,47830000.0,1.36,2.65,35.03,35.03,21.16,17.32,0.85
海信视像,sh600060,25.47,25.07,25.28,16023000.0,25.46,14300,25.47,95900,1.6,26.14,25.24,16023000,410730000.0,1.23,3.59,331.15,332.38,27.58,22.56,1.66
诺禾致源,sh688315,15.05,15.01,15.11,395166300.0,15.05,31300,15.06,2500,0.27,15.34,14.78,395166300,59450000.0,0.95,3.73,62.64,62.64,18.01,12.01,0.59
红四方,sh603395,26.98,26.86,26.94,2029300.0,26.98,8100,26.99,8700,0.45,27.38,26.85,2029300,55030000.0,3.12,1.97,17.54,70.15,29.55,24.17,0.92
城地香江,sh603887,14.67,14.83,15.0,22964000.0,14.67,300,14.68,20900,-1.08,15.24,14.48,22964000,341590000.0,3.81,5.12,88.32,88.32,16.31,13.35,0.71
宝通科技,sz300031,23.62,22.9,22.99,20209300.0,23.62,160800,23.63,6400,3.14,24.41,22.85,20209300,479540000.0,5.74,6.81,83.12,98.91,27.48,18.32,1.31
*ST星农,sh603789,5.99,6.12,6.1,3795400.0,5.99,14900,6.0,2000,-2.12,6.17,5.98,3795400,23000000.0,1.46,3.1,15.57,15.89,6.43,5.81,0.8
景旺电子,sh603228,71.43,74.0,74.01,31182100.0,71.42,700,71.43,2400,-3.47,75.35,70.85,31182100,2254200000.0,3.2,6.08,697.01,703.48,81.4,66.6,0.69
音飞储存,sh603066,11.73,11.65,11.62,6187200.0,11.72,17500,11.73,300,0.69,11.92,11.62,6187200,72750000.0,2.1,2.58,34.51,34.51,12.82,10.49,0.62
冠龙节能,sz301151,17.27,17.43,17.43,1699900.0,17.27,600,17.28,5600,-0.92,17.56,17.15,1699900,29520000.0,1.01,2.35,29.16,29.19,20.92,13.94,0.88
神州信息,sz000555,13.77,13.94,13.94,22474100.0,13.77,24900,13.78,65700,-1.22,14.09,13.69,22474100,311670000.0,2.31,2.87,134.21,134.36,15.33,12.55,0.78
科兴制药,sh688136,24.72,25.5,25.3,313300500.0,24.72,4100,24.78,100,-3.06,25.45,24.52,313300500,78210000.0,1.56,3.65,49.75,49.75,30.6,20.4,0.6
联动科技,sz301369,242.55,244.2,239.0,2484300.0,242.55,2600,242.8,100,-0.68,250.2,233.33,2484300,602250000.0,6.57,6.91,91.74,171.18,293.04,195.36,0.82
浩云科技,sz300448,7.84,7.88,7.91,18741400.0,7.84,142200,7.85,4000,-0.51,8.02,7.8,18741400,148240000.0,2.92,2.79,50.38,53.04,9.46,6.3,0.82
唐源电气,sz300789,23.43,23.55,23.68,2355700.0,23.42,300,23.43,2700,-0.51,23.85,23.05,2355700,55370000.0,1.69,3.4,32.7,33.7,28.26,18.84,0.96
迦南科技,sz300412,5.06,5.11,5.11,10112100.0,5.06,72600,5.07,800,-0.98,5.17,5.03,10112100,51580000.0,2.16,2.74,23.67,25.19,6.13,4.09,0.86
恒生电子,sh600570,26.11,26.75,26.73,33454300.0,26.11,75600,26.12,15900,-2.39,26.92,26.05,33454300,884660000.0,1.77,3.25,494.43,494.43,29.43,24.08,0.96
ST应急,sz300527,7.88,7.9,7.92,5736800.0,7.87,49800,7.88,112800,-0.25,7.95,7.86,5736800,45310000.0,0.56,1.14,80.12,80.12,9.48,6.32,0.75
山东海化,sz000822,5.45,5.48,5.52,22586200.0,5.45,106600,5.46,40700,-0.55,5.6,5.43,22586200,124800000.0,2.52,3.1,48.78,48.78,6.03,4.93,1.01
宁波富邦,sh600768,18.17,18.57,18.67,4984400.0,18.16,2800,18.17,700,-2.15,18.7,18.06,4984400,91180000.0,3.73,3.45,24.3,24.3,20.43,16.71,0.81
天亿马,sz301178,57.62,59.68,59.68,2333100.0,57.62,1600,57.63,1100,-3.45,60.34,56.97,2333100,135550000.0,4.72,5.65,28.51,38.52,71.62,47.74,0.93
万祥科技,sz301180,17.82,18.38,18.42,4295900.0,17.8,300,17.82,1300,-3.05,18.53,17.63,4295900,77410000.0,2.62,4.9,29.25,71.28,22.06,14.7,1.0
杭钢股份,sh600126,8.9,9.06,9.07,132180400.0,8.9,223700,8.91,421000,-1.77,9.3,8.82,132180400,1192550000.0,3.91,5.3,300.57,300.57,9.97,8.15,0.94
友讯达,sz300514,12.18,12.43,12.46,3771100.0,12.18,28600,12.24,38500,-2.01,12.53,12.11,3771100,46430000.0,2.35,3.38,19.52,24.36,14.92,9.94,1.19
许继电气,sz000400,26.36,26.53,26.6,27838800.0,26.36,18100,26.37,1400,-0.64,26.96,26.01,27838800,734110000.0,2.75,3.58,266.68,268.51,29.18,23.88,0.72
爱旭股份,sh600732,13.37,14.1,14.1,82086500.0,13.37,398200,13.38,30900,-5.18,14.12,13.22,82086500,1109370000.0,3.91,6.38,280.7,283.08,15.51,12.69,1.85
华润微,sh688396,61.67,63.08,63.38,3830885400.0,61.66,3200,61.67,800,-2.24,64.49,60.69,3830885400,2388350000.0,2.88,6.02,819.11,819.11,75.7,50.46,1.06
新华制药,sz000756,14.29,14.46,14.4,6378000.0,14.29,112000,14.3,800,-1.18,14.55,14.26,6378000,91860000.0,1.28,2.01,71.29,99.56,15.91,13.01,0.54
锐新科技,sz300828,26.19,26.4,26.54,10729500.0,26.19,25000,26.2,2900,-0.8,26.98,25.87,10729500,282850000.0,12.72,4.2,22.1,43.59,31.68,21.12,0.73
品高股份,sh688227,100.64,108.91,106.87,1036387200.0,100.63,200,100.64,1900,-7.59,108.17,98.49,1036387200,1055920000.0,9.17,8.89,113.78,113.78,130.69,87.13,0.95
瀛通通讯,sz002861,17.97,18.3,18.38,5008800.0,17.97,8800,17.98,39800,-1.8,18.5,17.82,5008800,90970000.0,3.34,3.72,26.99,33.48,20.13,16.47,0.53
伟时电子,sh605218,17.59,18.01,18.0,2785900.0,17.59,2400,17.61,2600,-2.33,18.08,17.41,2785900,49370000.0,1.31,3.72,37.44,42.71,19.81,16.21,0.51
中科美菱,bj920992,14.64,15.0,15.06,884200.0,14.64,100,14.66,1000,-2.4,15.18,14.64,884200,13181000.0,1.8,3.6,7.18,14.16,19.5,10.5,0.53
栖霞建设,sh600533,2.42,2.49,2.49,18930300.0,2.41,67200,2.42,119600,-2.81,2.5,2.4,18930300,46170000.0,1.8,4.02,25.41,25.41,2.74,2.24,0.94
协鑫集成,sz002506,4.67,4.9,4.9,1167033500.0,4.67,1683100,4.68,1456300,-4.69,4.9,4.53,1167033500,5447920000.0,19.97,7.55,272.94,273.21,5.39,4.41,2.31
辰奕智能,sz301578,35.49,35.35,35.49,1007100.0,35.45,1400,35.49,400,0.4,35.98,35.18,1007100,35830000.0,4.35,2.26,8.22,28.92,42.42,28.28,1.06
国联民生,sh601456,9.33,9.48,9.49,26601600.0,9.32,39500,9.33,4500,-1.58,9.54,9.28,26601600,249790000.0,0.61,2.74,408.37,530.0,10.43,8.53,1.13
云汉芯城,sz301563,169.1,167.6,168.11,2424200.0,169.09,100,169.1,800,0.89,177.01,162.28,2424200,412720000.0,16.47,8.79,24.89,110.11,201.12,134.08,1.03
艾罗能源,sh688717,116.99,119.02,118.41,573221600.0,116.95,200,116.99,4800,-1.71,122.9,114.51,573221600,673420000.0,5.79,7.05,115.88,187.18,142.82,95.22,1.08
莎普爱思,sh603168,6.4,6.48,6.46,5873500.0,6.4,2400,6.41,1500,-1.23,6.51,6.34,5873500,37700000.0,1.58,2.62,23.84,23.94,7.13,5.83,1.05
吉华集团,sh603980,6.25,6.21,6.24,17625600.0,6.25,21300,6.26,10400,0.64,6.38,6.22,17625600,111070000.0,2.6,2.58,42.3,42.3,6.83,5.59,1.26
宏华数科,sh688789,57.93,58.9,58.88,225360600.0,57.93,8400,58.0,100,-1.65,59.31,57.66,225360600,131500000.0,1.25,2.8,104.42,104.42,70.68,47.12,0.87
建科院,sz300675,16.19,16.29,16.23,2794400.0,16.19,2700,16.2,27900,-0.61,16.45,16.04,2794400,45400000.0,1.91,2.52,23.75,23.75,19.55,13.03,0.87
聚合顺,sh605166,11.6,11.37,11.31,7284700.0,11.6,5000,11.61,10100,2.02,11.74,11.31,7284700,84070000.0,2.31,3.78,36.51,36.51,12.51,10.23,1.05
国药现代,sh600420,9.26,9.4,9.39,8381200.0,9.26,58900,9.27,4600,-1.49,9.4,9.26,8381200,78140000.0,0.62,1.49,124.19,124.19,10.34,8.46,0.92
焦点科技,sz002315,30.86,30.54,30.65,7966200.0,30.86,4500,30.87,12900,1.05,31.55,30.58,7966200,247390000.0,3.03,3.18,81.14,127.27,33.59,27.49,0.77
龙版传媒,sh605577,11.32,11.34,11.32,3270600.0,11.31,700,11.32,100,-0.18,11.51,11.23,3270600,37190000.0,0.74,2.47,50.31,50.31,12.47,10.21,0.82
盈康生命,sz300143,11.59,11.52,11.47,18439800.0,11.58,95300,11.59,122700,0.61,11.88,11.42,18439800,216020000.0,2.88,3.99,74.32,86.86,13.82,9.22,1.38
威孚高科,sz000581,20.04,19.88,19.88,15615200.0,20.04,54600,20.05,31600,0.8,20.42,19.84,15615200,313880000.0,1.97,2.92,159.1,193.74,21.87,17.89,1.14
综艺股份,sh600770,7.17,7.62,7.51,111556000.0,7.17,199200,7.18,93400,-5.91,7.61,7.07,111556000,811440000.0,8.58,7.09,93.21,93.21,8.38,6.86,0.64
智微智能,sz001339,101.84,103.7,103.7,12576900.0,101.82,400,101.84,600,-1.79,107.5,100.29,12576900,1297410000.0,10.1,6.95,126.82,256.93,114.07,93.33,1.14
航发控制,sz000738,21.47,21.9,21.97,29565600.0,21.46,6000,21.47,13800,-1.96,22.45,21.23,29565600,643330000.0,2.25,5.57,282.37,282.37,24.09,19.71,0.73
鞍钢股份,sz000898,2.14,2.2,2.2,51789400.0,2.14,605400,2.15,1143000,-2.73,2.2,2.13,51789400,112020000.0,0.65,3.18,170.29,200.5,2.42,1.98,1.06
平高电气,sh600312,21.59,22.23,22.42,35041900.0,21.58,12700,21.59,3300,-2.88,22.52,21.28,35041900,759570000.0,2.58,5.58,292.96,292.96,24.45,20.01,0.93
宸展光电,sz003019,36.55,33.74,34.15,14742700.0,36.54,600,36.55,122100,8.33,36.6,33.51,14742700,523340000.0,8.62,9.16,62.48,64.64,37.11,30.37,2.7
望变电气,sh603191,20.16,20.69,20.59,13486900.0,20.16,5900,20.17,3000,-2.56,20.94,19.92,13486900,272190000.0,4.09,4.93,66.52,66.52,22.76,18.62,0.79
海达尔,bj920699,67.53,61.9,62.5,2268100.0,67.52,800,67.53,300,9.1,74.05,62.19,2268100,154881100.0,10.86,19.16,14.1,30.81,80.47,43.33,0.95
科力尔,sz002892,11.34,10.31,10.32,26725700.0,11.34,4982300,0.0,0,9.99,11.34,10.31,26725700,296720000.0,5.33,9.99,56.82,84.43,11.34,9.28,2.66
*ST纳川,sz300198,2.49,2.44,2.44,14277100.0,2.48,255000,2.49,604300,2.05,2.5,2.42,14277100,35090000.0,1.39,3.28,25.55,25.69,2.93,1.95,0.7
北京利尔,sz002392,10.55,10.96,10.97,50228400.0,10.55,30300,10.56,36100,-3.74,11.07,10.42,50228400,538350000.0,4.34,5.93,122.12,125.6,12.06,9.86,1.04
吉鑫科技,sh601218,6.07,6.35,6.29,65083700.0,6.06,293500,6.07,121200,-4.41,6.33,6.01,65083700,398090000.0,6.72,5.04,58.82,58.82,6.99,5.72,0.98
新北洋,sz002376,7.05,7.15,7.18,11578100.0,7.05,169300,7.06,52000,-1.4,7.19,7.01,11578100,82210000.0,1.47,2.52,55.49,57.14,7.87,6.44,0.99
宁夏建材,sh600449,14.82,15.39,15.28,30277000.0,14.82,11100,14.85,300,-3.7,15.38,14.68,30277000,454150000.0,6.33,4.55,70.87,70.87,16.93,13.85,2.44
*ST闻泰,sh600745,18.66,19.64,18.66,6178900.0,0.0,0,18.66,95096000,-4.99,18.66,18.66,6178900,115300000.0,0.5,0.0,232.26,232.26,20.62,18.66,2.04
嘉戎技术,sz301148,72.4,71.3,71.92,2316900.0,72.38,1000,72.4,1300,1.54,73.97,70.43,2316900,167340000.0,3.94,4.96,42.62,84.34,85.56,57.04,0.88
美康生物,sz300439,10.01,10.05,10.14,3542900.0,10.0,9600,10.01,43100,-0.4,10.2,9.96,3542900,35660000.0,1.21,2.39,29.26,38.47,12.06,8.04,0.73
北方股份,sh600262,24.88,24.87,24.74,6154100.0,24.88,400,24.89,2600,0.04,25.5,24.61,6154100,153390000.0,3.62,3.58,42.3,42.3,27.36,22.38,0.84
昆药集团,sh600422,8.86,8.93,8.98,12291400.0,8.86,30500,8.87,12900,-0.78,9.06,8.73,12291400,109290000.0,1.62,3.7,67.07,67.07,9.82,8.04,1.11
科美诊断,sh688468,7.22,7.3,7.33,294287200.0,7.21,600,7.22,8300,-1.1,7.34,7.14,294287200,21340000.0,0.73,2.74,28.96,28.96,8.76,5.84,0.85
华灿光电,sz300323,17.63,16.4,16.29,232311500.0,17.63,177900,17.64,63600,7.5,17.88,15.3,232311500,3847220000.0,19.56,15.73,209.39,286.13,19.68,13.12,1.69
华数传媒,sz000156,7.26,7.32,7.32,11399800.0,7.25,26800,7.26,84000,-0.82,7.42,7.17,11399800,83270000.0,0.67,3.42,123.41,134.52,8.05,6.59,0.99
东宏股份,sh603856,12.01,12.33,12.34,5463300.0,12.01,6700,12.02,5000,-2.6,12.36,11.94,5463300,66360000.0,1.94,3.41,33.87,33.87,13.56,11.1,1.07
鑫宏业,sz301310,43.94,42.8,43.26,7956900.0,43.94,4200,43.95,5200,2.66,44.48,42.85,7956900,346220000.0,18.2,3.81,19.21,60.0,51.36,34.24,0.83
永清环保,sz300187,5.93,5.91,5.89,20727600.0,5.92,47300,5.93,125300,0.34,6.02,5.83,20727600,122340000.0,3.23,3.21,38.06,38.29,7.09,4.73,0.69
汉嘉数智,sz300746,13.39,13.32,13.25,7020400.0,13.38,18500,13.39,2100,0.53,13.8,13.25,7020400,94750000.0,3.14,4.13,29.93,30.23,15.98,10.66,0.65
机科股份,bj920579,19.69,19.96,20.88,4380400.0,19.68,400,19.69,200,-1.35,20.88,19.18,4380400,86901600.0,9.83,8.52,8.78,25.49,25.94,13.98,2.22
紫光股份,sz000938,31.91,32.14,32.3,273908200.0,31.91,21900,31.92,30500,-0.72,33.96,31.66,273908200,8967380000.0,9.58,7.16,912.65,912.65,35.35,28.93,1.16
弘讯科技,sh603015,12.68,12.28,12.31,12878300.0,12.67,33100,12.68,52200,3.26,12.79,12.21,12878300,162050000.0,3.19,4.72,51.25,51.25,13.51,11.05,1.41
万德斯,sh688178,36.03,36.85,36.4,187275000.0,36.02,4500,36.03,41000,-2.23,37.24,35.8,187275000,68200000.0,2.2,3.91,30.62,30.62,44.22,29.48,0.69
阿科力,sh603722,41.31,39.4,39.52,3009800.0,41.31,5300,41.32,200,4.85,42.19,39.31,3009800,123340000.0,3.15,7.31,39.53,40.37,43.34,35.46,2.31
宝明科技,sz002992,48.07,48.62,48.63,1958700.0,48.06,14200,48.07,26400,-1.13,48.93,47.76,1958700,94440000.0,1.25,2.41,75.1,86.94,53.48,43.76,0.67
福瑞达,sh600223,6.41,6.5,6.5,7016600.0,6.4,2800,6.41,115400,-1.38,6.52,6.38,7016600,45160000.0,0.69,2.15,65.16,65.16,7.15,5.85,0.7
科沃斯,sh603486,65.15,61.9,61.89,13943300.0,65.15,41300,65.16,4100,5.25,66.58,61.58,13943300,899930000.0,2.43,8.08,373.54,377.17,68.09,55.71,1.53
南大环境,sz300864,24.1,23.56,23.88,5225100.0,24.1,10900,24.11,2000,2.29,24.8,23.51,5225100,127210000.0,3.31,5.48,38.06,38.06,28.27,18.85,1.06
数据港,sh603881,40.51,41.18,41.51,74714200.0,40.5,242600,40.51,46400,-1.63,43.07,40.03,74714200,3108500000.0,10.4,7.38,291.01,291.01,45.3,37.06,0.76
正元地信,sh688509,4.86,4.85,4.81,1358265900.0,4.86,55700,4.87,21100,0.21,4.95,4.81,1358265900,66250000.0,3.53,2.89,18.7,37.42,5.82,3.88,0.7
成都燃气,sh603053,9.87,9.82,9.78,5286500.0,9.87,2400,9.88,100,0.51,9.95,9.6,5286500,51840000.0,0.59,3.56,87.73,87.73,10.8,8.84,1.71
龙旗科技,sh603341,39.29,39.48,39.49,11187200.0,39.28,14500,39.29,12200,-0.48,40.6,38.95,11187200,445100000.0,4.2,4.18,104.6,205.33,43.43,35.53,0.82
ST天圣,sz002872,5.39,5.52,5.54,3884400.0,5.38,17800,5.39,58200,-2.36,5.54,5.33,3884400,21060000.0,1.81,3.8,11.58,17.14,5.8,5.24,0.95
瑞鹄模具,sz002997,35.05,34.8,34.95,10541200.0,35.05,5400,35.06,400,0.72,35.55,34.11,10541200,368760000.0,5.04,4.14,73.37,73.37,38.28,31.32,0.95
英飞特,sz300582,17.08,16.44,16.12,27970800.0,17.08,24900,17.09,108400,3.89,17.08,15.82,27970800,463080000.0,12.62,7.66,37.84,50.99,19.73,13.15,1.31
昊华能源,sh601101,10.65,10.2,10.25,41943800.0,10.64,20100,10.65,1300,4.41,11.06,10.22,41943800,446160000.0,2.91,8.24,153.36,153.36,11.22,9.18,1.1
汉得信息,sz300170,21.86,21.85,22.01,72593600.0,21.85,198600,21.86,54600,0.05,22.86,21.66,72593600,1614330000.0,7.43,5.49,213.54,223.73,26.22,17.48,0.82
汤臣倍健,sz300146,10.17,10.31,10.3,14301100.0,10.17,165900,10.18,70500,-1.36,10.35,10.17,14301100,146450000.0,1.28,1.75,113.97,172.04,12.37,8.25,0.83
浪莎股份,sh600137,23.05,23.49,23.49,2877800.0,23.03,600,23.05,3100,-1.87,23.77,22.7,2877800,66660000.0,2.96,4.56,22.41,22.41,25.84,21.14,0.77
新洁能,sh605111,47.99,49.7,50.0,39883700.0,47.98,3700,47.99,6900,-3.44,51.4,47.11,39883700,1937760000.0,9.6,8.63,199.32,199.32,54.67,44.73,1.0
思看科技,sh688583,119.11,118.5,118.47,168154800.0,119.1,1800,119.11,1200,0.51,121.65,115.9,168154800,200420000.0,5.46,4.85,36.69,105.29,142.2,94.8,1.12
康普化学,bj920033,17.38,17.32,17.33,1023600.0,17.38,4500,17.39,7500,0.35,17.75,17.24,1023600,17816500.0,1.24,2.94,14.38,20.71,22.51,12.13,0.77
天正电气,sh605066,7.55,7.61,7.61,9241200.0,7.55,210600,7.56,13300,-0.79,7.67,7.51,9241200,70000000.0,1.84,2.1,37.93,38.11,8.37,6.85,0.82
九安医疗,sz002432,74.38,78.82,78.84,26748700.0,74.38,600,74.39,2800,-5.63,78.84,74.2,26748700,2035140000.0,5.76,5.89,345.49,345.95,86.7,70.94,0.78
广东明珠,sh600382,9.06,8.79,8.71,42001300.0,9.05,171100,9.06,55700,3.07,9.15,8.58,42001300,375320000.0,6.05,6.48,62.91,62.91,9.67,7.91,1.79
中船汉光,sz300847,15.93,15.88,15.9,2828100.0,15.92,4300,15.93,6000,0.31,16.2,15.87,2828100,45280000.0,0.96,2.08,47.15,47.15,19.06,12.7,0.77
汇洁股份,sz002763,8.22,9.07,8.7,21118400.0,8.21,300,8.22,73100,-9.37,8.73,8.16,21118400,175260000.0,6.96,6.28,24.96,33.7,9.98,8.16,0.97
宁沪高速,sh600377,12.26,12.37,12.42,7672900.0,12.26,24400,12.27,11500,-0.89,12.43,12.19,7672900,94180000.0,0.2,1.94,466.15,617.63,13.61,11.13,0.89
优利德,sh688628,85.69,84.61,84.21,684334800.0,85.69,3400,85.7,200,1.28,88.1,81.23,684334800,579890000.0,6.12,8.12,95.77,95.77,101.53,67.69,1.49
包钢股份,sh600010,2.65,2.68,2.69,856247000.0,2.65,989200,2.66,4124200,-1.12,2.75,2.65,856247000,2296100000.0,2.73,3.73,831.59,1200.15,2.95,2.41,0.9
视源股份,sz002841,38.99,38.85,39.0,6256900.0,38.99,8800,39.01,1300,0.36,39.63,38.56,6256900,244520000.0,1.2,2.75,202.51,271.38,42.74,34.97,1.02
越剑智能,sh603095,24.08,24.59,24.28,12180800.0,24.08,11400,24.09,5000,-2.07,25.17,23.86,12180800,296600000.0,4.72,5.33,62.19,62.19,27.05,22.13,0.6
汉商集团,sh600774,8.27,8.39,8.39,3804700.0,8.25,2000,8.27,36400,-1.43,8.43,8.18,3804700,31580000.0,1.29,2.98,24.39,24.4,9.23,7.55,0.78
君禾股份,sh603617,7.88,7.95,7.93,10055800.0,7.87,19100,7.88,5400,-0.88,8.04,7.81,10055800,79690000.0,2.6,2.89,30.47,30.72,8.75,7.16,0.75
博俊科技,sz300926,22.52,22.39,22.39,5195800.0,22.52,7600,22.54,1800,0.58,23.03,22.16,5195800,117170000.0,1.74,3.89,67.11,97.81,26.87,17.91,1.09
新媒股份,sz300770,38.29,37.99,38.2,2374700.0,38.26,37800,38.29,2900,0.79,38.84,37.99,2374700,91220000.0,1.04,2.24,87.24,87.24,45.59,30.39,0.92
博汇股份,sz300839,19.15,18.97,18.83,14587600.0,19.15,22600,19.16,15900,0.95,19.66,18.62,14587600,277720000.0,5.04,5.48,55.48,56.49,22.76,15.18,0.68
华林证券,sz002945,15.04,15.48,15.44,12662300.0,15.03,11900,15.04,19700,-2.84,15.59,15.0,12662300,192630000.0,0.47,3.81,406.08,406.08,17.03,13.93,0.91
南方路机,sh603280,32.9,32.75,32.51,1378300.0,32.85,1100,32.9,700,0.46,33.24,32.39,1378300,45270000.0,1.27,2.6,35.67,35.67,36.03,29.48,0.84
中远海能,sh600026,21.87,22.81,22.6,61732500.0,21.86,7600,21.87,71300,-4.12,23.0,21.62,61732500,1367620000.0,1.62,6.05,835.87,1195.24,25.09,20.53,0.81
西陇科学,sz002584,8.2,8.04,8.04,27657100.0,8.19,130500,8.2,151400,1.99,8.3,8.02,27657100,226750000.0,5.9,3.48,38.41,47.99,8.84,7.24,1.49
亿帆医药,sz002019,10.89,10.8,10.8,10278200.0,10.89,145400,10.9,47400,0.83,10.97,10.68,10278200,111290000.0,1.22,2.69,91.67,132.46,11.88,9.72,0.81
禾丰股份,sh603609,6.64,6.83,6.71,5423300.0,6.64,29600,6.65,16800,-2.78,6.76,6.56,5423300,36050000.0,0.6,2.93,60.31,60.31,7.51,6.15,1.45
侨源股份,sz301286,63.62,66.38,65.7,5238100.0,63.62,200,63.7,300,-4.16,67.66,63.02,5238100,340610000.0,3.25,6.99,102.61,254.54,79.66,53.1,0.96
金天钛业,sh688750,18.32,18.75,18.8,438743900.0,18.32,7300,18.33,4200,-2.29,18.92,18.24,438743900,81300000.0,1.88,3.63,42.67,84.73,22.5,15.0,0.98
三雄极光,sz300625,11.77,12.22,12.21,4053200.0,11.77,27400,11.78,21900,-3.68,12.24,11.52,4053200,48270000.0,2.5,5.89,19.06,32.88,14.66,9.78,1.57
欧晶科技,sz001269,22.5,23.05,23.05,3348500.0,22.49,1300,22.5,300,-2.39,23.1,22.03,3348500,75270000.0,1.74,4.64,43.29,43.29,25.36,20.75,1.12
成大生物,sh688739,23.11,23.33,23.3,244731400.0,23.11,1700,23.12,3000,-0.94,23.42,22.99,244731400,56750000.0,0.59,1.84,96.24,96.24,28.0,18.66,0.67
涪陵电力,sh600452,12.68,13.3,13.05,99324000.0,12.68,327900,12.69,23000,-4.66,13.4,12.5,99324000,1271080000.0,6.46,6.77,194.83,194.83,14.63,11.97,1.28
甘肃能化,sz000552,2.77,2.74,2.73,87409200.0,2.77,225300,2.78,433000,1.09,2.8,2.7,87409200,241660000.0,2.35,3.65,103.2,148.25,3.01,2.47,1.04
圣邦股份,sz300661,107.9,105.74,106.04,34360800.0,107.87,100,107.9,1000,2.04,113.9,105.61,34360800,3772940000.0,5.74,7.84,646.35,669.71,126.89,84.59,0.88
伊力特,sh600197,12.19,12.16,12.1,5652900.0,12.18,27900,12.19,61900,0.25,12.25,11.95,5652900,68310000.0,1.19,2.47,57.68,57.68,13.38,10.94,1.33
恒玄科技,sh688608,186.1,187.58,188.0,787965200.0,186.1,16700,186.11,900,-0.79,193.75,183.88,787965200,1482300000.0,4.67,5.26,313.94,313.94,225.1,150.06,1.13
劲仔食品,sz003000,10.94,10.95,10.88,4564400.0,10.94,14400,10.96,1000,-0.09,11.09,10.75,4564400,49860000.0,1.48,3.11,33.7,49.33,12.05,9.86,1.15
海达股份,sz300320,9.5,9.47,9.5,7387500.0,9.5,4700,9.51,1100,0.32,9.66,9.41,7387500,70470000.0,1.52,2.64,46.11,57.12,11.36,7.58,0.72
开发科技,bj920029,65.5,66.67,67.29,887000.0,65.5,7000,65.55,600,-1.75,67.29,65.22,887000,58607100.0,0.66,3.1,88.52,90.97,86.67,46.67,1.04
东阿阿胶,sz000423,52.26,53.2,53.05,5549400.0,52.26,37100,52.27,700,-1.77,53.39,52.04,5549400,292300000.0,0.86,2.54,335.95,336.54,58.52,47.88,0.88
芯原股份,sh688521,252.6,265.91,263.0,2755136900.0,252.55,200,252.6,5300,-5.01,272.0,249.0,2755136900,7133730000.0,5.24,8.65,1328.46,1328.46,319.09,212.73,0.91
钢研纳克,sz300797,15.49,15.41,15.55,4041500.0,15.47,3900,15.49,23700,0.52,15.81,15.33,4041500,62750000.0,1.07,3.11,58.63,59.28,18.49,12.33,1.2
宗申动力,sz001696,16.82,16.63,16.64,20136300.0,16.82,17700,16.83,66000,1.14,16.94,16.63,20136300,337710000.0,2.26,1.86,149.93,192.59,18.29,14.97,0.75
深水海纳,sz300961,14.61,14.26,14.23,10747800.0,14.61,1900,14.62,14600,2.45,15.0,14.16,10747800,157210000.0,7.07,5.89,22.2,25.9,17.11,11.41,1.19
拓维信息,sz002261,33.33,33.67,33.54,69366100.0,33.33,181000,33.34,700,-1.01,34.11,33.22,69366100,2333870000.0,6.05,2.64,382.0,419.95,37.04,30.3,0.61
姚记科技,sz002605,20.01,19.97,19.98,5653600.0,20.0,17000,20.01,1300,0.2,20.4,19.86,5653600,113740000.0,1.67,2.7,67.55,83.57,21.97,17.97,0.89
祥和实业,sh603500,10.17,10.01,10.02,5277800.0,10.16,1000,10.17,4000,1.6,10.3,10.02,5277800,53590000.0,1.59,2.8,33.83,33.84,11.01,9.01,0.95
欧莱新材,sh688530,54.61,54.32,53.31,1106518400.0,54.61,6700,54.62,1000,0.53,56.68,51.81,1106518400,601840000.0,15.86,8.97,38.11,87.4,65.18,43.46,0.77
洲明科技,sz300232,6.19,6.36,6.36,39774200.0,6.18,78100,6.19,54100,-2.67,6.42,6.15,39774200,248120000.0,4.49,4.25,54.82,67.31,7.63,5.09,1.28
一心堂,sz002727,12.93,13.04,12.95,9802100.0,12.92,17600,12.93,19700,-0.84,13.09,12.83,9802100,127160000.0,2.49,1.99,50.8,75.72,14.34,11.74,1.28
博敏电子,sh603936,21.11,21.37,21.48,67917700.0,21.1,121600,21.11,1100,-1.22,22.12,20.64,67917700,1432550000.0,10.77,6.93,133.08,133.08,23.51,19.23,0.75
中晟高科,sz002778,19.59,19.77,20.11,2345300.0,19.58,13800,19.59,17400,-0.91,20.11,19.35,2345300,46110000.0,1.9,3.84,24.18,24.44,21.75,17.79,0.77
中油资本,sz000617,8.82,8.93,8.89,109796100.0,8.81,266300,8.82,60800,-1.23,8.93,8.76,109796100,969740000.0,0.87,1.9,1115.03,1115.03,9.82,8.04,1.03
中科创达,sz300496,64.9,65.28,65.34,18737800.0,64.89,23200,64.9,41000,-0.58,66.98,63.99,18737800,1226540000.0,5.08,4.58,239.24,299.04,78.34,52.22,1.15
芯海科技,sh688595,36.88,37.53,37.16,513972300.0,36.88,3300,36.89,13300,-1.73,38.2,36.25,513972300,191300000.0,3.57,5.2,53.14,53.14,45.04,30.02,0.85
福安药业,sz300194,3.97,3.99,3.99,7697700.0,3.97,27200,3.98,285500,-0.5,4.03,3.95,7697700,30750000.0,0.79,2.01,38.44,47.23,4.79,3.19,0.63
*ST天宜,sh688033,8.58,8.78,8.68,1915533700.0,8.57,36000,8.58,86100,-2.28,9.0,8.25,1915533700,165220000.0,3.41,8.54,48.24,48.24,10.54,7.02,0.84
莱绅通灵,sh603900,7.4,7.56,7.6,6128200.0,7.39,22400,7.4,12800,-2.12,7.6,7.36,6128200,45740000.0,1.79,3.17,25.36,25.38,8.32,6.8,0.77
泸州老窖,sz000568,91.0,94.35,92.8,13697800.0,90.99,1400,91.0,8600,-3.55,93.2,90.75,13697800,1252910000.0,0.93,2.6,1338.84,1339.47,103.79,84.92,1.19
万憬能源,sz002700,7.06,7.08,7.09,5096000.0,7.06,5000,7.11,20500,-0.28,7.15,6.98,5096000,36000000.0,2.37,2.4,15.16,29.2,7.79,6.37,0.93
盘龙药业,sz002864,30.75,30.98,30.96,1736500.0,30.75,12600,30.76,3800,-0.74,31.1,30.42,1736500,53380000.0,2.36,2.19,22.66,32.68,34.08,27.88,0.51
鄂尔多斯,sh600295,14.62,14.91,14.99,8378100.0,14.62,19200,14.63,1900,-1.95,14.99,14.49,8378100,123240000.0,0.42,3.35,288.83,409.18,16.4,13.42,0.85
恒而达,sz300946,53.7,51.2,51.11,3822000.0,53.7,17700,53.71,2200,4.88,55.46,51.11,3822000,204840000.0,5.04,8.5,40.71,83.78,61.44,40.96,1.12
拱东医疗,sh605369,21.1,21.06,21.15,2847800.0,21.1,6500,21.12,5200,0.19,21.58,20.9,2847800,60480000.0,1.29,3.23,46.52,46.52,23.17,18.95,0.47
众业达,sz002441,10.2,10.08,10.01,8326700.0,10.2,21200,10.21,39600,1.19,10.29,10.01,8326700,84690000.0,2.09,2.78,40.65,55.54,11.09,9.07,1.07
鸿博股份,sz002229,18.1,18.02,18.57,82656400.0,18.1,59300,18.11,54100,0.44,19.16,17.87,82656400,1525520000.0,16.76,7.16,89.26,89.81,19.82,16.22,1.2
英集芯,sh688209,26.21,26.42,26.6,1654929400.0,26.21,1300,26.22,4400,-0.79,27.73,25.96,1654929400,441260000.0,3.82,6.7,113.69,113.69,31.7,21.14,0.83
太极集团,sh600129,14.93,15.18,15.18,6384200.0,14.93,12300,14.94,32700,-1.65,15.26,14.85,6384200,96180000.0,1.16,2.7,82.33,82.33,16.7,13.66,0.95
科德数控,sh688305,68.79,64.5,64.34,916555500.0,68.77,300,68.79,12400,6.65,70.7,64.34,916555500,624670000.0,6.93,9.86,90.95,91.43,77.4,51.6,2.56
中材节能,sh603126,8.5,8.92,8.94,47511600.0,8.49,105900,8.5,52500,-4.71,9.03,8.35,47511600,409010000.0,7.78,7.62,51.89,51.89,9.81,8.03,1.48
星徽股份,sz300464,8.24,8.38,8.52,20595200.0,8.23,6900,8.24,33300,-1.67,8.68,8.11,20595200,171820000.0,5.8,6.8,29.28,37.72,10.06,6.7,1.17
富安娜,sz002327,7.55,7.38,7.38,8944200.0,7.55,2700,7.56,186400,2.3,7.58,7.34,8944200,67000000.0,1.82,3.25,37.07,63.29,8.12,6.64,0.78
汤姆猫,sz300459,4.1,4.11,4.12,90056900.0,4.1,1328100,4.11,498800,-0.24,4.2,4.08,90056900,372740000.0,2.74,2.92,134.77,144.15,4.93,3.29,0.72
广安爱众,sh600979,4.94,5.15,5.07,98740500.0,4.94,158500,4.95,280200,-4.08,5.18,4.92,98740500,494590000.0,7.95,5.05,61.34,62.33,5.67,4.64,0.93
日辰股份,sh603755,27.65,27.87,28.68,1920800.0,27.64,3000,27.65,2300,-0.79,28.68,27.4,1920800,53180000.0,1.95,4.59,27.27,27.27,30.66,25.08,1.47
上海雅仕,sh603329,11.52,11.6,11.6,3446500.0,11.51,1300,11.52,15800,-0.69,11.7,11.38,3446500,39790000.0,1.67,2.76,23.78,28.81,12.76,10.44,0.92
三 力 士,sz002224,4.08,4.08,4.09,11112400.0,4.07,137400,4.08,22900,0.0,4.13,4.05,11112400,45480000.0,1.38,1.96,32.9,36.81,4.49,3.67,0.78
特  力Ａ,sz000025,15.41,15.56,15.55,3958800.0,15.41,9300,15.42,900,-0.96,15.65,15.33,3958800,61400000.0,1.01,2.06,60.53,66.43,17.12,14.0,0.82
南网科技,sh688248,58.18,60.39,60.39,869153500.0,58.18,5100,58.31,900,-3.66,60.39,55.88,869153500,502030000.0,1.54,7.47,328.54,328.54,72.47,48.31,1.13
S佳通,sh600182,13.98,14.11,14.07,2525700.0,13.98,15700,14.0,2600,-0.92,14.25,13.91,2525700,35550000.0,1.49,2.41,23.77,47.53,14.82,13.4,0.72
格林达,sh603931,46.29,44.01,44.27,9815700.0,46.29,13400,46.3,18500,5.18,47.37,44.15,9815700,453780000.0,4.92,7.32,92.38,92.38,48.41,39.61,0.98
华东数控,sz002248,13.39,13.2,13.13,17946700.0,13.39,34800,13.4,50100,1.44,13.7,13.11,17946700,241410000.0,5.84,4.47,41.17,41.17,14.52,11.88,1.05
奥康国际,sh603001,8.9,9.03,9.03,10416800.0,8.89,2400,8.9,92500,-1.44,9.1,8.81,10416800,92880000.0,2.6,3.21,35.69,35.69,9.93,8.13,0.8
北特科技,sh603009,51.85,49.75,49.75,10699000.0,51.85,2200,51.86,15500,4.22,53.19,49.45,10699000,552490000.0,3.16,7.52,175.47,179.6,54.73,44.78,1.05
大金重工,sz002487,77.4,80.76,80.12,22644400.0,77.4,2800,77.43,1300,-4.16,80.5,76.63,22644400,1760270000.0,3.59,4.79,488.33,493.62,88.84,72.68,1.47
建研院,sh603183,4.73,4.76,4.79,12948700.0,4.71,22000,4.73,9100,-0.63,4.82,4.67,12948700,61420000.0,2.6,3.15,23.52,23.52,5.24,4.28,0.95
京泉华,sz002885,43.23,44.76,45.64,32578300.0,43.21,400,43.23,13100,-3.42,46.6,42.0,32578300,1418380000.0,13.73,10.28,102.57,117.12,49.24,40.28,0.9
长虹美菱,sz000521,5.6,5.61,5.61,6358400.0,5.6,36000,5.61,55600,-0.18,5.65,5.58,6358400,35690000.0,0.73,1.25,49.01,57.68,6.17,5.05,0.75
中控技术,sh688777,79.06,75.43,75.92,3075800400.0,79.06,4900,79.07,1300,4.81,82.13,74.6,3075800400,2425830000.0,3.91,9.98,622.36,625.51,90.52,60.34,1.33
三德科技,sz300515,16.76,16.98,16.83,3531400.0,16.75,3000,16.76,16500,-1.3,17.06,16.52,3531400,59250000.0,1.75,3.18,33.81,34.48,20.38,13.58,0.77
城投控股,sh600649,4.11,4.21,4.21,28782300.0,4.1,40500,4.11,273800,-2.38,4.22,4.08,28782300,119210000.0,1.15,3.33,102.93,102.93,4.63,3.79,0.85
公元股份,sz002641,4.21,4.23,4.26,9550900.0,4.21,56900,4.22,103400,-0.47,4.26,4.19,9550900,40280000.0,0.84,1.65,47.74,51.74,4.65,3.81,0.96
天舟文化,sz300148,4.04,4.07,4.07,25227300.0,4.03,528600,4.04,75600,-0.74,4.12,4.01,25227300,102760000.0,3.1,2.7,32.89,34.06,4.88,3.26,0.73
迈赫股份,sz301199,23.46,22.74,22.74,5243900.0,23.46,200,23.47,10800,3.17,23.96,22.66,5243900,123080000.0,7.31,5.72,16.82,43.79,27.29,18.19,1.37
派瑞股份,sz300831,23.78,21.98,21.77,42802700.0,23.78,95200,23.79,18100,8.19,23.99,21.15,42802700,971810000.0,23.2,12.92,43.87,76.1,26.38,17.58,1.87
广汇物流,sh600603,5.61,5.62,5.65,12268800.0,5.61,54300,5.62,27800,-0.18,5.81,5.58,12268800,69430000.0,1.04,4.09,65.97,65.97,6.18,5.06,0.76
泰山石油,sz000554,7.55,7.67,7.67,16109400.0,7.55,34200,7.56,46500,-1.56,7.69,7.5,16109400,122120000.0,4.44,2.48,27.38,36.3,8.44,6.9,0.82
文灿股份,sh603348,18.5,18.47,18.47,1950700.0,18.5,2200,18.51,4300,0.16,18.75,18.41,1950700,36230000.0,0.62,1.84,58.18,58.18,20.32,16.62,0.89
筑博设计,sz300564,17.53,18.5,18.31,7254600.0,17.53,3100,17.55,9000,-5.24,18.31,17.33,7254600,128410000.0,6.41,5.3,19.84,28.28,22.2,14.8,1.37
ST晨鸣,sz000488,2.35,2.37,2.38,13345400.0,2.35,329400,2.36,375000,-0.84,2.39,2.34,13345400,31470000.0,0.79,2.11,39.81,69.12,2.49,2.25,0.74
雷神科技,bj920190,23.78,23.66,24.19,1867700.0,23.78,6500,23.81,2000,0.51,24.46,23.55,1867700,44766600.0,1.88,3.85,23.65,23.78,30.75,16.57,0.84
青矩技术,bj920208,22.74,22.85,22.85,834600.0,22.65,7100,22.74,700,-0.48,23.12,22.44,834600,19023400.0,0.82,2.98,23.17,30.43,29.7,16.0,0.87
致欧科技,sz301376,18.48,17.74,18.04,6059100.0,18.45,3000,18.48,6500,4.17,18.74,18.0,6059100,111450000.0,3.13,4.17,35.79,74.38,21.29,14.19,1.2
海天精工,sh601882,24.34,23.15,23.08,16233400.0,24.33,5600,24.34,8600,5.14,25.2,23.02,16233400,393310000.0,3.11,9.42,127.05,127.05,25.47,20.84,1.57
蜀道装备,sz300540,30.51,30.45,30.09,20010500.0,30.5,75300,30.51,7900,0.2,30.93,29.28,20010500,601320000.0,9.68,5.42,63.07,70.04,36.54,24.36,0.86
红墙股份,sz002809,11.4,11.46,11.36,54444700.0,11.39,17200,11.4,11700,-0.52,11.99,11.1,54444700,633020000.0,32.03,7.77,19.38,27.39,12.61,10.31,5.05
安杰思,sh688581,62.62,64.36,63.74,180149900.0,62.56,300,62.62,100,-2.7,64.37,62.03,180149900,113950000.0,4.33,3.64,26.02,50.8,77.23,51.49,0.66
禾迈股份,sh688032,110.3,110.3,110.32,247676100.0,110.3,700,110.47,700,0.0,114.2,106.63,247676100,272040000.0,2.0,6.86,136.85,136.85,132.36,88.24,1.11
益佰制药,sh600594,3.92,3.98,3.97,33620800.0,3.91,11000,3.92,191900,-1.51,3.99,3.87,33620800,131860000.0,4.25,3.02,31.04,31.04,4.38,3.58,0.82
冠盛股份,sh605088,36.72,36.0,36.77,5443500.0,36.71,3600,36.72,3000,2.0,37.9,36.06,5443500,201240000.0,2.73,5.11,73.34,74.44,39.6,32.4,0.94
超达装备,sz301186,77.05,75.2,75.93,2731400.0,77.05,1100,77.06,400,2.46,77.8,74.11,2731400,207600000.0,3.55,4.91,59.28,63.05,90.24,60.16,1.22
麦克奥迪,sz300341,15.59,15.78,15.72,6046300.0,15.59,18100,15.6,50600,-1.2,15.97,15.43,6046300,94730000.0,1.17,3.42,80.35,80.66,18.94,12.62,0.8
伟星股份,sz002003,9.78,9.65,9.65,7821100.0,9.76,1300,9.78,23300,1.35,9.84,9.61,7821100,76440000.0,0.77,2.38,99.96,116.27,10.62,8.69,0.65
神奇制药,sh600613,5.54,5.6,5.6,8740400.0,5.53,10800,5.54,10400,-1.07,5.6,5.5,8740400,48480000.0,1.82,1.79,26.55,29.59,6.16,5.04,0.89
天风证券,sh601162,3.6,3.68,3.68,145426400.0,3.6,2839400,3.61,506900,-2.17,3.7,3.59,145426400,528770000.0,1.69,2.99,309.53,362.66,4.05,3.31,0.96
九阳股份,sz002242,10.66,10.63,10.59,16963500.0,10.66,27900,10.67,2300,0.28,10.93,10.5,16963500,181820000.0,2.23,4.05,81.2,81.34,11.69,9.57,0.69
遥望科技,sz002291,6.8,6.52,6.51,84882900.0,6.79,224300,6.8,206900,4.29,7.05,6.51,84882900,579300000.0,9.77,8.28,59.1,63.59,7.17,5.87,2.52
天富能源,sh600509,10.03,10.33,10.78,286954900.0,10.02,303500,10.03,327200,-2.9,11.36,10.02,286954900,3059210000.0,20.88,12.97,137.85,137.85,11.36,9.3,3.86
迈瑞医疗,sz300760,160.37,161.24,161.11,7013700.0,160.36,3600,160.37,500,-0.54,163.1,160.07,7013700,1132550000.0,0.58,1.88,1942.72,1944.39,193.49,128.99,0.81
三利谱,sz002876,29.69,30.36,30.17,5197400.0,29.69,22800,29.7,3300,-2.21,30.45,29.46,5197400,155350000.0,3.49,3.26,44.22,51.63,33.4,27.32,0.78
梦洁股份,sz002397,5.25,5.41,5.41,37189700.0,5.24,24700,5.25,107600,-2.96,5.45,5.15,37189700,195710000.0,5.74,5.55,34.01,39.26,5.95,4.87,0.81
健民集团,sh600976,30.74,31.51,31.35,1776800.0,30.74,16600,30.75,1000,-2.44,31.58,30.63,1776800,55200000.0,1.16,3.01,47.12,47.15,34.66,28.36,1.07
国星光电,sz002449,8.11,8.35,8.32,24008100.0,8.11,23300,8.12,16800,-2.87,8.44,8.02,24008100,195850000.0,3.88,5.03,50.16,50.16,9.19,7.52,1.47
拓日新能,sz002218,5.61,5.95,5.85,126115600.0,5.6,252200,5.61,133800,-5.71,5.9,5.47,126115600,708480000.0,9.09,7.23,77.85,79.01,6.55,5.36,0.99
金诚信,sh603979,62.95,66.5,65.6,11658900.0,62.95,1700,62.96,6600,-5.34,66.44,62.18,11658900,742870000.0,1.87,6.41,392.68,392.68,73.15,59.85,0.93
*ST亿通,sz300211,9.27,9.1,9.1,3411400.0,9.24,41000,9.27,32500,1.87,9.35,9.08,3411400,31380000.0,1.14,2.97,27.67,28.17,10.92,7.28,0.83
中国外运,sh601598,6.07,6.15,6.17,19300600.0,6.07,52600,6.08,20600,-1.3,6.19,6.02,19300600,117720000.0,0.37,2.76,313.06,435.45,6.77,5.54,1.16
国货航,sz001391,5.4,5.5,5.47,37012900.0,5.39,161500,5.4,245200,-1.82,5.47,5.37,37012900,200180000.0,2.44,1.82,82.05,659.28,6.05,4.95,1.0
英诺特,sh688253,60.04,59.99,60.98,310515400.0,60.04,3200,60.13,8300,0.08,61.99,59.71,310515400,188570000.0,2.27,3.8,82.25,82.25,71.99,47.99,1.0
华纳药厂,sh688799,57.44,58.5,58.6,244336800.0,57.44,2400,57.48,200,-1.81,59.35,57.06,244336800,141620000.0,1.86,3.91,75.43,75.43,70.2,46.8,0.49
汇中股份,sz300371,13.23,13.32,13.32,2809200.0,13.23,900,13.29,1700,-0.68,13.42,13.06,2809200,37220000.0,2.01,2.7,18.52,26.62,15.98,10.66,1.13
金逸影视,sz002905,8.81,8.88,8.93,5698600.0,8.81,25600,8.82,1100,-0.79,8.95,8.73,5698600,50320000.0,1.63,2.48,30.79,33.15,9.77,7.99,1.05
延江股份,sz300658,18.97,19.85,19.85,18442900.0,18.97,35200,18.98,1800,-4.43,19.85,18.73,18442900,352470000.0,8.35,5.64,41.89,63.13,23.82,15.88,0.9
百奥赛图,sh688796,96.2,96.33,95.55,146483100.0,96.2,0,96.22,1000,-0.13,98.0,94.72,146483100,141080000.0,4.08,3.4,34.52,429.92,115.6,77.06,0.69
林海股份,sh600099,10.96,11.12,11.1,6169000.0,10.95,3500,10.96,200,-1.44,11.17,10.84,6169000,67910000.0,2.82,2.97,24.02,24.02,12.23,10.01,1.15
海澜之家,sh600398,6.0,6.0,6.01,25734900.0,5.99,18600,6.0,120300,0.0,6.04,5.96,25734900,154340000.0,0.54,1.33,288.17,288.17,6.6,5.4,0.68
摩尔线程-U,sh688795,664.36,682.01,681.0,342409700.0,664.29,200,664.36,2200,-2.59,694.78,650.0,342409700,2282130000.0,11.65,6.57,195.2,3122.68,818.41,545.61,0.92
申通快递,sz002468,15.53,15.62,15.56,22470800.0,15.52,28900,15.53,24600,-0.58,15.71,15.3,22470800,347920000.0,1.53,2.62,227.38,237.73,17.18,14.06,1.08
新柴股份,sz301032,13.06,13.08,13.09,4590000.0,13.06,7200,13.07,2000,-0.15,13.36,13.0,4590000,60390000.0,2.87,2.75,20.88,31.49,15.7,10.46,0.82
星星科技,sz300256,3.29,3.34,3.35,24287400.0,3.29,622500,3.3,149300,-1.5,3.37,3.28,24287400,80560000.0,1.08,2.69,73.81,74.63,4.01,2.67,0.84
天润工业,sz002283,12.36,12.64,12.5,53061500.0,12.35,19700,12.36,30600,-2.22,12.82,12.11,53061500,656700000.0,5.29,5.62,123.95,140.84,13.9,11.38,0.78
诚迈科技,sz300598,38.35,38.75,38.88,6978500.0,38.35,18900,38.36,1100,-1.03,39.48,38.1,6978500,270550000.0,3.22,3.56,83.19,83.21,46.5,31.0,0.73
漫步者,sz002351,11.42,11.33,11.34,15294500.0,11.41,59600,11.42,26200,0.79,11.57,11.29,15294500,175100000.0,2.94,2.47,59.5,101.54,12.46,10.2,1.33
九洲集团,sz300040,7.39,7.48,7.46,58161600.0,7.39,111600,7.4,61900,-1.2,7.59,7.24,58161600,429320000.0,11.24,4.68,38.23,47.55,8.98,5.98,0.77
汇宇制药-W,sh688553,20.08,20.68,20.66,774316200.0,20.08,49400,20.1,0,-2.9,20.86,19.83,774316200,156670000.0,2.25,4.98,68.98,85.06,24.82,16.54,0.97
美新科技,sz301588,35.53,35.31,35.04,6232800.0,35.53,17500,35.56,600,0.62,36.2,33.93,6232800,219140000.0,8.5,6.43,26.06,42.23,42.37,28.25,0.68
宝莱特,sz300246,19.05,19.58,19.97,10132800.0,19.04,11000,19.05,4000,-2.71,19.97,18.7,10132800,194870000.0,4.79,6.49,40.26,50.41,23.5,15.66,0.71
千味央厨,sz001215,40.8,39.95,38.58,11079700.0,40.76,100,40.8,2100,2.13,41.55,37.07,11079700,433350000.0,11.43,11.21,39.54,39.64,43.95,35.96,1.53
英力股份,sz300956,15.48,15.63,15.66,3426800.0,15.45,12000,15.48,1200,-0.96,15.82,15.28,3426800,53170000.0,1.63,3.45,32.58,33.35,18.76,12.5,0.75
恒顺醋业,sh600305,7.29,7.35,7.35,6730100.0,7.28,29900,7.29,28000,-0.82,7.36,7.26,6730100,49200000.0,0.61,1.36,80.41,80.66,8.09,6.62,1.07
洽洽食品,sz002557,21.3,21.77,21.76,11684100.0,21.3,6400,21.32,34400,-2.16,21.88,21.08,11684100,250800000.0,2.31,3.67,107.52,107.75,23.95,19.59,1.33
德展健康,sz000813,3.96,3.93,3.93,62863100.0,3.95,72900,3.96,147600,0.76,4.06,3.89,62863100,249870000.0,3.0,4.33,83.03,83.05,4.32,3.54,0.97
ST龙韵,sh603729,13.78,14.08,14.18,4157200.0,13.77,4800,13.78,8600,-2.13,14.25,13.61,4157200,57660000.0,4.51,4.55,12.7,12.7,14.78,13.38,0.37
拓山重工,sz001226,52.88,52.11,52.11,1660100.0,52.86,4500,52.88,800,1.48,53.65,51.06,1660100,87560000.0,4.89,4.97,17.94,39.48,57.32,46.9,1.0
外高桥,sh600648,9.98,10.05,10.03,2306000.0,9.97,16700,9.98,45400,-0.7,10.12,9.92,2306000,23050000.0,0.2,1.99,113.55,135.72,11.06,9.05,0.99
招商港口,sz001872,22.83,23.55,23.49,4052900.0,22.83,1300,22.84,3900,-3.06,23.62,22.56,4052900,92690000.0,0.18,4.5,525.55,566.62,25.91,21.2,1.18
国科微,sz300672,235.63,245.0,246.39,12868400.0,235.61,400,235.63,6600,-3.82,250.99,232.9,12868400,3087610000.0,6.12,7.38,495.62,511.56,294.0,196.0,0.86
公牛集团,sh603195,42.79,42.82,42.75,3848400.0,42.78,29000,42.79,18400,-0.07,43.2,42.6,3848400,165270000.0,0.21,1.4,770.5,773.6,47.1,38.54,0.73
欣灵电气,sz301388,32.7,33.12,33.12,1809800.0,32.68,100,32.7,13600,-1.27,33.39,32.55,1809800,59680000.0,2.49,2.54,23.77,33.5,39.74,26.5,0.67
五洋自控,sz300420,4.47,4.61,4.61,75361600.0,4.46,131200,4.47,223000,-3.04,4.78,4.44,75361600,340770000.0,6.75,7.38,49.9,49.9,5.53,3.69,0.75
爱科科技,sh688092,28.97,29.51,29.51,145512000.0,28.97,1100,29.06,600,-1.83,29.75,28.91,145512000,42620000.0,1.76,2.85,23.95,23.95,35.41,23.61,0.86
埃夫特-U,sh688165,20.43,19.35,19.3,2645455700.0,20.43,40600,20.44,15300,5.58,20.93,19.3,2645455700,535690000.0,5.07,8.42,106.6,106.6,23.22,15.48,1.95
乐山电力,sh600644,11.41,11.85,11.71,33725700.0,11.4,549500,11.41,10700,-3.71,11.86,11.3,33725700,386590000.0,6.26,4.73,61.43,65.99,13.04,10.67,0.72
青山纸业,sh600103,4.62,4.78,4.81,169253600.0,4.62,6300,4.63,631600,-3.35,4.84,4.56,169253600,789500000.0,7.65,5.86,102.21,103.53,5.26,4.3,0.75
英华特,sz301272,46.16,46.55,46.46,1010500.0,46.16,1900,46.2,200,-0.84,47.31,45.9,1010500,47080000.0,3.23,3.03,14.46,27.0,55.86,37.24,0.75
亚星锚链,sh601890,10.13,10.23,10.29,32427700.0,10.13,309500,10.14,7200,-0.98,10.47,10.08,32427700,332290000.0,3.38,3.81,97.19,97.19,11.25,9.21,0.75
华钰矿业,sh601020,27.36,27.97,27.65,29532400.0,27.36,10700,27.37,1100,-2.18,28.21,27.1,29532400,813290000.0,3.6,3.97,224.34,224.34,30.77,25.17,0.89
新黄浦,sh600638,6.04,6.21,6.17,14690500.0,6.03,30400,6.04,24300,-2.74,6.2,6.0,14690500,89350000.0,2.18,3.22,40.67,40.67,6.83,5.59,0.77
宁波华翔,sz002048,29.21,28.61,28.75,33449700.0,29.2,52800,29.21,45400,2.1,30.55,28.29,33449700,986050000.0,4.71,7.9,207.33,237.72,31.47,25.75,1.38
晋控煤业,sh601001,17.72,17.0,17.0,26594400.0,17.71,4000,17.72,93800,4.24,17.98,16.87,26594400,469110000.0,1.59,6.53,296.58,296.58,18.7,15.3,1.46
北自科技,sh603082,42.3,38.45,39.01,12828900.0,42.3,1689700,0.0,0,10.01,42.3,39.0,12828900,527490000.0,31.63,8.58,17.16,68.62,42.3,34.61,6.17
梓橦宫,bj920566,10.7,10.65,10.7,1096100.0,10.7,2800,10.72,300,0.47,10.85,10.64,1096100,11769200.0,0.98,1.97,12.02,15.56,13.84,7.46,0.67
蠡湖股份,sz300694,12.28,12.28,12.27,5232800.0,12.27,9500,12.28,3500,0.0,12.54,12.17,5232800,64520000.0,2.41,3.01,26.62,26.66,14.74,9.82,0.79
泰凌微,sh688591,36.25,36.22,36.15,729868200.0,36.25,23800,36.26,2400,0.08,37.29,35.66,729868200,265940000.0,4.33,4.5,61.06,87.27,43.46,28.98,1.31
毕得医药,sh688073,55.25,55.8,55.5,122475600.0,55.02,200,55.25,2800,-0.99,56.66,54.58,122475600,68080000.0,1.35,3.73,50.21,50.21,66.96,44.64,0.81
碧水源,sz300070,3.75,3.8,3.79,31102000.0,3.75,671900,3.76,481500,-1.32,3.81,3.74,31102000,117510000.0,0.91,1.84,128.8,135.91,4.56,3.04,0.89
中信特钢,sz000708,14.71,15.11,15.05,16889300.0,14.71,6000,14.75,20000,-2.65,15.09,14.65,16889300,249860000.0,0.33,2.91,742.43,742.44,16.62,13.6,0.98
珍宝岛,sh603567,7.28,7.26,7.24,14900100.0,7.28,5700,7.29,27700,0.28,7.38,7.19,14900100,108390000.0,1.59,2.62,68.39,68.49,7.99,6.53,0.8
衢州发展,sh600208,4.89,5.25,5.25,370410100.0,4.89,1400900,4.9,755600,-6.86,5.33,4.88,370410100,1860510000.0,4.35,8.57,416.04,416.09,5.78,4.73,1.03
科威尔,sh688551,68.69,69.23,69.45,882008400.0,68.69,2200,68.87,29600,-0.78,74.77,68.5,882008400,625170000.0,10.49,9.06,57.75,57.75,83.08,55.38,1.11
哈尔斯,sz002615,8.79,8.91,8.94,12343100.0,8.79,600,8.8,52400,-1.35,8.98,8.71,12343100,108780000.0,4.09,3.03,26.56,49.21,9.8,8.02,0.75
ST雪发,sz002485,4.74,4.81,4.83,4085800.0,4.73,107900,4.74,11800,-1.46,4.91,4.72,4085800,19650000.0,0.75,3.95,25.79,25.79,5.05,4.57,0.79
农 产 品,sz000061,6.9,7.09,7.09,22279700.0,6.89,844500,6.9,211600,-2.68,7.09,6.82,22279700,154640000.0,1.24,3.81,123.81,136.96,7.8,6.38,1.14
瀚蓝环境,sh600323,30.46,31.15,31.01,7184400.0,30.46,600,30.47,1100,-2.22,31.12,30.24,7184400,219100000.0,0.88,2.83,248.35,248.35,34.27,28.04,0.92
安利股份,sz300218,14.61,14.71,14.71,3165100.0,14.61,1600,14.63,500,-0.68,14.89,14.55,3165100,46580000.0,1.46,2.31,31.6,31.7,17.65,11.77,0.75
平治信息,sz300571,61.43,66.48,64.0,28464700.0,61.43,16800,61.44,200,-7.6,66.75,60.71,28464700,1797840000.0,24.62,9.09,71.04,85.71,79.78,53.18,0.96
中设咨询,bj920873,9.04,9.2,9.1,4231500.0,9.03,5900,9.04,28200,-1.74,9.3,8.97,4231500,38530900.0,3.53,3.59,10.83,13.87,11.96,6.44,0.4
康美药业,sh600518,1.62,1.65,1.65,197202700.0,1.61,9680400,1.62,635600,-1.82,1.66,1.61,197202700,321110000.0,1.43,3.03,223.92,224.03,1.82,1.49,1.27
宝利国际,sz300135,3.88,3.93,3.94,19737600.0,3.87,43200,3.88,350400,-1.27,3.94,3.83,19737600,76680000.0,2.14,2.8,35.76,35.76,4.72,3.14,0.87
上声电子,sh688533,27.51,27.13,27.08,216968600.0,27.51,1100,27.52,13000,1.4,28.17,27.01,216968600,60000000.0,1.32,4.28,45.39,45.39,32.56,21.7,1.26
展鹏科技,sh603488,11.76,11.58,11.66,15553200.0,11.75,9500,11.76,22200,1.55,12.1,11.56,15553200,183730000.0,5.33,4.66,34.34,34.34,12.74,10.42,0.58
天下秀,sh600556,5.93,5.91,5.9,61289300.0,5.93,175500,5.94,12900,0.34,6.09,5.88,61289300,366630000.0,3.39,3.55,107.2,107.2,6.5,5.32,0.99
每日互动,sz300766,29.35,29.69,29.95,21490200.0,29.34,5900,29.35,10500,-1.15,30.58,29.04,21490200,639570000.0,6.0,5.19,105.05,115.86,35.63,23.75,0.82
珠江啤酒,sz002461,9.62,9.81,9.75,12209800.0,9.61,67600,9.62,14800,-1.94,9.81,9.54,12209800,118050000.0,0.55,2.75,212.92,212.92,10.79,8.83,0.91
浪潮软件,sh600756,16.33,16.31,16.25,8316100.0,16.33,15200,16.34,24200,0.12,16.59,16.23,8316100,136540000.0,2.57,2.21,52.93,57.09,17.94,14.68,0.54
华光环能,sh600475,18.97,19.88,19.3,30597400.0,18.97,19000,18.98,12100,-4.58,19.77,18.88,30597400,588570000.0,3.25,4.48,178.87,181.35,21.87,17.89,1.19
新光药业,sz300519,15.8,16.0,16.0,2663600.0,15.79,3900,15.8,2600,-1.25,16.06,15.66,2663600,42270000.0,2.33,2.5,18.03,25.28,19.2,12.8,0.91
华东重机,sz002685,8.72,8.71,8.74,49984800.0,8.71,65600,8.72,133400,0.11,9.0,8.6,49984800,439520000.0,4.96,4.59,87.86,87.87,9.58,7.84,0.53
幸福蓝海,sz300528,15.19,15.13,15.2,7722800.0,15.18,14700,15.19,15900,0.4,15.5,15.05,7722800,118170000.0,2.07,2.97,56.6,56.6,18.16,12.1,0.65
中船科技,sh600072,13.1,13.53,13.53,30076600.0,13.1,6400,13.11,4600,-3.18,13.75,13.0,30076600,399200000.0,2.78,5.54,141.92,196.59,14.88,12.18,0.92
东方中科,sz002819,28.22,28.3,28.3,4791700.0,28.22,1700,28.23,100,-0.28,28.56,27.6,4791700,134880000.0,2.03,3.39,66.77,84.55,31.13,25.47,0.98
羚锐制药,sh600285,22.06,21.98,21.88,10082200.0,22.05,1600,22.06,2100,0.36,22.31,21.71,10082200,222490000.0,1.78,2.73,124.83,125.11,24.18,19.78,1.36
创力集团,sh603012,9.16,9.47,9.68,24799300.0,9.16,28800,9.17,6600,-3.27,9.69,9.03,24799300,228950000.0,3.84,6.97,59.22,59.22,10.42,8.52,0.57
稳健医疗,sz300888,30.87,31.3,31.29,3652900.0,30.86,13500,30.87,5500,-1.37,31.49,30.71,3652900,113550000.0,0.63,2.49,178.96,179.77,37.56,25.04,1.03
三变科技,sz002112,20.64,21.42,21.43,26108200.0,20.63,125200,20.64,59300,-3.64,21.64,20.47,26108200,543250000.0,9.96,5.46,54.09,60.71,23.56,19.28,0.68
汉缆股份,sz002498,9.57,10.15,10.36,302607600.0,9.56,166500,9.57,38200,-5.71,10.45,9.38,302607600,2936300000.0,9.1,10.54,318.37,318.37,11.17,9.14,1.12
巴兰仕,bj920112,31.84,31.87,31.8,272100.0,31.84,0,31.97,1000,-0.09,32.37,31.8,272100,8707400.0,1.17,1.79,7.38,27.02,41.43,22.31,0.75
罗普斯金,sz002333,5.26,5.3,5.31,7723800.0,5.26,176600,5.27,14700,-0.75,5.35,5.24,7723800,40770000.0,1.16,2.08,35.06,35.5,5.83,4.77,0.76
爱乐达,sz300696,39.07,41.98,41.66,12165000.0,39.07,4200,39.1,1000,-6.93,42.18,38.63,12165000,486280000.0,4.57,8.46,103.93,114.53,50.38,33.58,1.15
金鹰重工,sz301048,10.86,10.92,10.93,4291000.0,10.85,2600,10.86,49200,-0.55,11.02,10.77,4291000,46750000.0,0.8,2.29,57.92,57.92,13.1,8.74,0.72
宏昌科技,sz301008,31.83,30.47,30.47,7573700.0,31.82,2200,31.83,800,4.46,32.18,30.32,7573700,238910000.0,6.55,6.1,36.81,41.69,36.56,24.38,1.26
亚厦股份,sz002375,4.52,4.67,4.61,52291300.0,4.51,192600,4.52,6100,-3.21,4.66,4.48,52291300,237650000.0,3.93,3.85,60.16,60.57,5.14,4.2,1.0
安凯微,sh688620,13.66,13.61,13.67,1121899100.0,13.66,21700,13.67,1500,0.37,13.94,13.41,1121899100,153450000.0,4.83,3.89,31.73,53.55,16.33,10.89,1.08
祥生医疗,sh688358,33.23,33.33,33.73,136521700.0,33.16,1500,33.23,16500,-0.3,33.87,32.84,136521700,45500000.0,1.22,3.09,37.21,37.26,40.0,26.66,0.52
太平鸟,sh603877,13.9,13.71,13.72,2297400.0,13.89,1000,13.9,9300,1.39,13.98,13.66,2297400,31840000.0,0.49,2.33,65.24,65.48,15.08,12.34,1.43
中储股份,sh600787,4.96,5.07,5.07,31466400.0,4.96,510100,4.97,157100,-2.17,5.09,4.93,31466400,157210000.0,1.45,3.16,107.64,107.64,5.58,4.56,1.6
凤凰股份,sh600716,4.01,4.11,4.12,9013500.0,4.0,26100,4.01,37000,-2.43,4.13,3.98,9013500,36560000.0,0.96,3.65,37.54,37.54,4.52,3.7,0.67
弘景光电,sz301479,118.99,122.0,121.8,3295900.0,118.95,900,118.99,2600,-2.47,122.88,117.5,3295900,395400000.0,6.47,4.41,60.6,105.86,146.4,97.6,0.73
中天火箭,sz003009,60.97,62.39,61.97,4156400.0,60.97,600,60.98,100,-2.28,62.87,60.36,4156400,254910000.0,2.52,4.02,100.41,100.43,68.63,56.15,0.54
奥美医疗,sz002950,11.67,11.6,11.63,9349800.0,11.67,3500,11.68,41200,0.6,11.75,11.48,9349800,108710000.0,2.18,2.33,50.14,73.9,12.76,10.44,0.43
乔锋智能,sz301603,137.18,136.66,136.38,4332600.0,137.18,6300,137.19,100,0.38,143.52,135.12,4332600,604170000.0,11.48,6.15,51.76,165.66,163.99,109.33,0.82
瑞凌股份,sz300154,11.99,11.4,11.61,24570900.0,11.99,10400,12.0,34600,5.18,12.28,11.4,24570900,294920000.0,7.8,7.72,37.79,53.9,13.68,9.12,1.18
上海汽配,sh603107,14.49,14.32,14.35,3122400.0,14.49,13500,14.5,18200,1.19,14.63,14.24,3122400,45150000.0,1.43,2.72,31.61,48.88,15.75,12.89,1.37
红太阳,sz000525,5.13,5.25,5.24,24981400.0,5.13,148900,5.14,383600,-2.29,5.27,5.12,24981400,128960000.0,2.25,2.86,57.03,66.85,5.78,4.73,0.97
林州重机,sz002535,3.31,3.33,3.34,15163800.0,3.31,49700,3.32,238000,-0.6,3.37,3.28,15163800,50430000.0,2.03,2.7,24.7,26.54,3.66,3.0,0.73
鼎际得,sh603255,32.58,32.26,32.26,1710600.0,32.53,1000,32.58,14100,0.99,32.9,32.07,1710600,55500000.0,2.82,2.57,19.77,43.85,35.49,29.03,0.84
亿华通-U,sh688339,26.6,27.47,27.47,695984800.0,26.6,2500,26.61,2500,-3.17,27.57,26.33,695984800,186360000.0,3.55,4.51,52.08,63.98,32.96,21.98,1.0
神州泰岳,sz300002,9.47,9.53,9.52,37546000.0,9.47,105000,9.48,63700,-0.63,9.74,9.4,37546000,358800000.0,2.03,3.57,174.89,186.29,11.44,7.62,0.88
*ST声迅,sz003004,39.08,40.1,39.98,1714300.0,39.08,11500,39.2,5900,-2.54,40.67,38.7,1714300,67480000.0,2.49,4.91,26.86,31.99,42.11,38.1,0.88
利通电子,sh603629,170.0,170.4,169.86,38847200.0,169.99,40000,170.0,32600,-0.23,181.5,166.49,38847200,6750620000.0,15.06,8.81,438.65,445.94,187.44,153.36,1.01
湖南投资,sz000548,5.04,5.13,5.14,10466900.0,5.04,5500,5.06,1700,-1.75,5.15,5.02,10466900,53170000.0,2.1,2.53,25.16,25.16,5.64,4.62,1.36
艾德生物,sz300685,20.08,19.9,19.91,6373800.0,20.07,11300,20.08,36700,0.9,20.22,19.91,6373800,127900000.0,1.64,1.56,78.23,78.33,23.88,15.92,0.76
祥源新材,sz300980,33.0,33.8,33.47,5781600.0,33.0,7800,33.01,600,-2.37,34.8,32.76,5781600,195250000.0,5.88,6.04,32.45,45.56,40.56,27.04,1.16
精华制药,sz002349,7.19,7.26,7.25,12752100.0,7.19,24700,7.2,33700,-0.96,7.27,7.16,12752100,92050000.0,1.57,1.52,58.54,59.76,7.99,6.53,0.78
道恩股份,sz002838,36.62,37.2,37.44,9906700.0,36.62,1600,36.64,5400,-1.56,38.0,36.28,9906700,368080000.0,2.36,4.62,154.04,175.19,40.92,33.48,0.86
正裕工业,sh603089,11.33,11.37,11.38,2792200.0,11.32,100,11.33,3200,-0.35,11.55,11.22,2792200,31830000.0,1.16,2.9,27.2,31.24,12.51,10.23,0.94
古越龙山,sh600059,8.5,8.81,8.76,15663700.0,8.5,28700,8.51,14300,-3.52,8.78,8.46,15663700,134330000.0,1.72,3.63,77.48,77.48,9.69,7.93,1.42
国机通用,sh600444,16.58,16.79,16.81,2753800.0,16.58,4600,16.6,500,-1.25,16.94,16.5,2753800,46030000.0,1.88,2.62,24.28,24.28,18.47,15.11,0.95
三博脑科,sz301293,67.22,67.93,67.88,6609500.0,67.22,1200,67.25,400,-1.05,69.27,66.8,6609500,448570000.0,3.21,3.64,138.46,138.46,81.52,54.34,0.79
西昌电力,sh600505,13.34,13.45,13.37,11735400.0,13.33,1900,13.34,33500,-0.82,13.52,13.09,11735400,156070000.0,3.22,3.2,48.63,48.63,14.8,12.11,0.8
明微电子,sh688699,63.02,63.45,62.8,691340500.0,63.02,21200,63.03,1500,-0.68,64.85,61.03,691340500,434400000.0,6.28,6.02,69.36,69.36,76.14,50.76,0.83
金帝股份,sh603270,29.14,28.33,28.22,6624700.0,29.13,1000,29.14,19700,2.86,29.55,28.01,6624700,191800000.0,9.37,5.44,20.61,63.85,31.16,25.5,1.78
贵绳股份,sh600992,11.82,12.07,12.15,7515800.0,11.82,20200,11.83,11300,-2.07,12.18,11.72,7515800,89630000.0,3.07,3.81,28.97,28.97,13.28,10.86,0.59
赛伦生物,sh688163,39.0,39.37,40.16,239636800.0,39.0,19100,39.04,1300,-0.94,40.61,38.35,239636800,93390000.0,2.21,5.74,42.21,42.21,47.24,31.5,0.62
中密控股,sz300470,33.27,33.11,33.06,2192000.0,33.26,2400,33.27,700,0.48,33.47,33.0,2192000,72770000.0,1.11,1.42,65.59,69.19,39.73,26.49,0.75
捷昌驱动,sh603583,28.54,27.57,27.5,9858600.0,28.53,6400,28.54,7300,3.52,29.17,27.4,9858600,280400000.0,2.58,6.42,109.09,110.1,30.33,24.81,1.49
神州细胞,sh688520,42.1,42.01,41.83,241985300.0,42.09,10300,42.1,23000,0.21,43.12,41.7,241985300,102400000.0,0.54,3.38,187.49,198.01,50.41,33.61,0.66
海尔生物,sh688139,33.96,33.4,33.29,619123200.0,33.94,200,33.96,2300,1.68,34.53,33.1,619123200,209620000.0,1.96,4.28,107.48,107.48,40.08,26.72,1.55
ST嘉澳,sh603822,70.86,72.01,71.97,874700.0,70.86,5900,70.87,2300,-1.6,71.97,70.0,874700,61990000.0,1.14,2.74,54.44,54.44,75.61,68.41,0.81
普莱柯,sh603566,11.34,11.39,11.39,2862200.0,11.34,7300,11.35,6700,-0.44,11.48,11.3,2862200,32590000.0,0.83,1.58,39.24,39.24,12.53,10.25,0.81
蓝箭电子,sz301348,27.17,27.2,27.41,16382000.0,27.17,15800,27.18,15900,-0.11,27.96,26.7,16382000,448310000.0,10.56,4.63,42.15,65.21,32.64,21.76,0.7
意华股份,sz002897,68.1,70.01,71.28,13939200.0,68.09,11200,68.1,30000,-2.73,71.89,67.35,13939200,963930000.0,7.64,6.48,124.23,132.03,77.01,63.01,0.64
致尚科技,sz301486,257.51,237.3,247.0,13904200.0,257.51,2000,257.54,200,8.52,272.78,247.0,13904200,3607130000.0,19.19,10.86,186.58,331.37,284.76,189.84,1.35
秀强股份,sz300160,5.09,5.11,5.12,6913000.0,5.09,6400,5.1,106200,-0.39,5.15,5.05,6913000,35240000.0,0.91,1.96,38.79,39.34,6.13,4.09,0.89
中英科技,sz300936,87.5,87.55,85.97,3702200.0,87.5,1000,87.53,100,-0.06,90.2,85.97,3702200,327690000.0,7.81,4.83,41.49,65.8,105.06,70.04,1.03
首航新能,sz301658,41.0,39.9,40.2,15471200.0,41.0,3600,41.01,800,2.76,43.51,38.33,15471200,634810000.0,15.88,12.98,39.94,169.07,47.88,31.92,1.62
芒果超媒,sz300413,19.33,19.4,19.41,14556200.0,19.32,11500,19.33,2200,-0.36,19.68,19.19,14556200,282700000.0,1.42,2.53,197.49,361.61,23.28,15.52,0.92
湖北广电,sz000665,4.71,4.77,4.76,19149200.0,4.7,253600,4.71,38400,-1.26,4.86,4.68,19149200,91420000.0,1.68,3.77,53.56,53.56,5.25,4.29,0.9
昆工科技,bj920152,18.17,18.01,17.97,2286800.0,18.15,5200,18.17,4300,0.89,18.54,17.88,2286800,41592200.0,2.79,3.66,14.92,20.23,23.41,12.61,0.34
国科天成,sz301571,63.87,64.24,63.99,3462500.0,63.87,1300,63.99,0,-0.58,65.87,63.0,3462500,222560000.0,2.91,4.47,76.11,114.6,77.09,51.39,0.91
中机认检,sz301508,28.85,29.0,29.0,1327800.0,28.85,200,28.87,600,-0.52,29.23,28.75,1327800,38440000.0,2.26,1.66,16.97,65.23,34.8,23.2,0.87
奥飞数据,sz300738,27.36,26.97,27.85,134152500.0,27.36,27800,27.37,5300,1.45,29.49,27.04,134152500,3778400000.0,13.62,9.08,269.46,269.55,32.36,21.58,1.53
仁智股份,sz002629,7.66,7.66,0.0,0.0,0.0,0,0.0,0,0.0,0.0,0.0,0,0.0,0.0,0.0,27.75,32.64,8.43,6.89,0.0
恩华药业,sz002262,21.1,21.31,21.33,10388000.0,21.1,9600,21.11,2100,-0.99,21.4,20.96,10388000,219720000.0,1.18,2.06,186.51,214.33,23.44,19.18,0.84
华阳智能,sz301502,76.0,70.25,71.51,3466900.0,75.8,600,76.0,4300,8.19,77.0,69.46,3466900,253430000.0,14.7,10.73,17.93,43.38,84.3,56.2,1.04
苏豪弘业,sh600128,9.92,10.05,10.08,4234100.0,9.92,3300,9.93,1300,-1.29,10.08,9.88,4234100,42320000.0,1.72,1.99,24.48,24.97,11.06,9.05,0.81
海能达,sz002583,9.57,9.75,9.77,27867100.0,9.56,144800,9.57,57700,-1.85,9.81,9.54,27867100,268110000.0,2.17,2.77,122.76,174.04,10.73,8.78,0.84
分众传媒,sz002027,5.92,5.92,5.93,103380100.0,5.91,981800,5.92,443400,0.0,5.98,5.89,103380100,612710000.0,0.72,1.52,854.98,854.98,6.51,5.33,0.6
赛分科技,sh688758,19.66,19.9,19.88,454363600.0,19.65,19700,19.66,400,-1.21,20.63,19.48,454363600,91080000.0,1.52,5.78,58.62,81.88,23.88,15.92,0.92
用友网络,sh600588,11.51,11.83,11.8,67196200.0,11.51,420300,11.52,34000,-2.7,11.94,11.5,67196200,785950000.0,1.97,3.72,393.3,393.3,13.01,10.65,0.91
儒竞科技,sz301525,76.03,74.8,74.75,1535000.0,76.01,100,76.03,400,1.64,77.7,73.8,1535000,116590000.0,3.11,5.21,37.56,71.71,89.76,59.84,0.73
诺唯赞,sh688105,19.48,19.71,19.68,219418700.0,19.48,1000,19.49,400,-1.17,19.99,19.31,219418700,43060000.0,0.55,3.45,77.48,77.48,23.65,15.77,0.78
万孚生物,sz300482,18.58,18.75,18.83,6475700.0,18.58,16600,18.59,2400,-0.91,18.89,18.31,6475700,120470000.0,1.51,3.09,79.91,86.97,22.5,15.0,0.63
成飞集成,sz002190,31.76,32.01,32.3,15221800.0,31.76,2700,31.79,1200,-0.78,33.39,31.4,15221800,491310000.0,4.24,6.22,113.93,113.93,35.21,28.81,0.97
世茂能源,sh605028,25.52,26.17,26.17,2418800.0,25.52,1900,25.53,500,-2.48,26.31,25.19,2418800,61850000.0,1.51,4.28,40.83,40.83,28.79,23.55,1.14
蔚蓝生物,sh603739,15.55,14.51,14.43,11097400.0,15.54,500,15.55,4500,7.17,15.64,14.4,11097400,168590000.0,4.39,8.55,39.35,39.35,15.96,13.06,2.93
昊海生科,sh688366,36.82,37.22,37.36,70091400.0,36.82,200,36.95,800,-1.07,37.67,36.56,70091400,25990000.0,0.36,2.98,71.45,84.68,44.66,29.78,1.0
汉桑科技,sz301491,51.04,51.5,51.45,981900.0,51.03,3000,51.05,400,-0.89,51.92,50.73,981900,50290000.0,3.44,2.31,14.59,65.84,61.8,41.2,0.98
苏 泊 尔,sz002032,48.4,48.1,48.15,2284600.0,48.4,1900,48.45,400,0.62,49.13,47.96,2284600,111240000.0,0.29,2.43,386.95,387.13,52.91,43.29,1.17
京仪装备,sh688652,158.94,149.8,149.71,1090276400.0,158.94,1200,158.98,500,6.1,170.0,148.05,1090276400,1724990000.0,9.03,14.65,191.92,267.02,179.76,119.84,1.32
天壕能源,sz300332,5.41,5.44,5.43,29153700.0,5.4,55100,5.41,6700,-0.55,5.47,5.3,29153700,156890000.0,3.51,3.12,44.91,46.81,6.53,4.35,0.96
巨力索具,sz002342,19.43,19.91,19.35,149683400.0,19.43,200500,19.44,58900,-2.41,20.35,18.89,149683400,2928020000.0,15.68,7.33,185.5,186.53,21.9,17.92,0.61
华强科技,sh688151,19.98,20.08,20.06,181858100.0,19.98,29200,19.99,3700,-0.5,20.33,19.84,181858100,36560000.0,0.53,2.44,68.83,68.83,24.1,16.06,0.8
哈药股份,sh600664,3.64,3.68,3.68,83319400.0,3.64,304700,3.65,1052000,-1.09,3.71,3.61,83319400,304660000.0,3.31,2.72,91.67,91.67,4.05,3.31,0.5
杭州园林,sz300649,22.7,22.05,22.05,5805100.0,22.69,6100,22.7,26400,2.95,22.76,21.9,5805100,130120000.0,5.47,3.9,24.09,30.06,26.46,17.64,0.81
新城控股,sh601155,14.85,15.32,15.32,14056800.0,14.85,29300,14.86,17800,-3.07,15.4,14.72,14056800,211290000.0,0.62,4.44,334.96,334.96,16.85,13.79,0.65
国网信通,sh600131,17.47,17.91,17.9,15542800.0,17.47,9800,17.5,200,-2.46,18.04,17.35,15542800,273610000.0,1.3,3.85,208.92,209.35,19.7,16.12,1.05
天有为,sh603202,71.04,72.8,72.83,1947000.0,71.04,7200,71.05,12200,-2.42,73.1,70.5,1947000,139270000.0,3.88,3.57,35.67,113.66,80.08,65.52,1.28
正丹股份,sz300641,16.67,16.52,16.52,8619000.0,16.66,3900,16.67,200,0.91,16.97,16.51,8619000,144160000.0,1.64,2.78,87.61,87.61,19.82,13.22,0.84
富春股份,sz300299,6.1,6.09,6.09,12884000.0,6.1,13000,6.11,19200,0.16,6.22,6.06,12884000,78980000.0,1.87,2.63,42.04,42.11,7.31,4.87,0.77
创耀科技,sh688259,39.44,39.45,39.4,344260500.0,39.41,500,39.44,6400,-0.03,40.24,39.0,344260500,136410000.0,3.08,3.14,44.05,44.05,47.34,31.56,1.19
佳士科技,sz300193,8.84,8.79,8.77,9454900.0,8.83,33900,8.84,49500,0.57,8.91,8.72,9454900,83520000.0,2.25,2.16,37.07,42.1,10.55,7.03,1.22
开立医疗,sz300633,23.04,23.39,23.32,3860100.0,23.04,1100,23.05,800,-1.5,23.55,23.01,3860100,89750000.0,1.44,2.31,61.75,99.7,28.07,18.71,0.75
泰鸿万立,sh603210,16.0,15.84,15.84,3552700.0,16.0,7800,16.02,1700,1.01,16.28,15.81,3552700,57210000.0,1.53,2.97,37.23,54.46,17.42,14.26,1.03
神农集团,sh605296,30.02,31.57,31.03,7505000.0,30.01,3800,30.02,16700,-4.91,31.19,30.02,7505000,229280000.0,1.45,3.71,155.5,157.53,34.73,28.41,1.64
杰克科技,sh603337,41.62,39.59,39.91,7939500.0,41.62,4800,41.63,2600,5.13,43.18,39.7,7939500,330280000.0,1.68,8.79,197.16,198.28,43.55,35.63,1.87
长城科技,sh603897,56.6,52.55,51.77,16167200.0,56.6,5400,56.61,100,7.71,57.81,51.77,16167200,901290000.0,7.83,11.49,116.84,116.84,57.81,47.3,1.2
南极电商,sz002127,3.22,3.23,3.21,66143300.0,3.22,881400,3.23,102000,-0.31,3.27,3.17,66143300,213100000.0,3.32,3.1,64.23,79.05,3.55,2.91,0.72
中铁装配,sz300374,13.42,13.6,13.64,3679900.0,13.42,17400,13.43,7600,-1.32,13.83,13.31,3679900,49640000.0,1.5,3.82,33.0,33.0,16.32,10.88,1.31
大有能源,sh600403,5.42,5.46,5.43,16856600.0,5.42,31700,5.43,52100,-0.73,5.52,5.34,16856600,91340000.0,0.71,3.3,129.58,129.58,6.01,4.91,0.92
中国医药,sh600056,10.07,10.14,10.1,23690500.0,10.06,74300,10.07,52900,-0.69,10.17,9.98,23690500,238600000.0,1.58,1.87,150.58,150.64,11.15,9.13,0.9
世纪瑞尔,sz300150,4.88,4.94,4.94,11191600.0,4.88,25200,4.89,1100,-1.21,5.01,4.84,11191600,55280000.0,2.41,3.44,22.63,28.55,5.93,3.95,1.06
聚灿光电,sz300708,9.48,9.65,9.57,49276900.0,9.48,118000,9.49,178000,-1.76,9.76,9.31,49276900,469050000.0,6.94,4.66,67.31,89.01,11.58,7.72,1.23
承德露露,sz000848,8.93,8.96,8.95,13481900.0,8.92,700,8.93,83000,-0.33,9.0,8.85,13481900,120450000.0,1.33,1.67,90.3,91.09,9.86,8.06,0.94
紫光国微,sz002049,77.27,78.8,79.01,38241900.0,77.26,16700,77.27,1300,-1.94,80.48,76.68,38241900,2992490000.0,4.5,4.82,656.42,656.51,86.68,70.92,0.92
铜牛信息,sz300895,76.74,75.59,75.6,14157200.0,76.74,19100,76.75,3000,1.52,79.5,75.03,14157200,1089550000.0,10.25,5.91,106.03,108.05,90.71,60.47,0.92
畅联股份,sh603648,10.06,10.08,10.07,3988900.0,10.06,5000,10.08,20900,-0.2,10.24,10.0,3988900,40370000.0,1.1,2.38,36.46,36.46,11.09,9.07,1.17
湖南海利,sh600731,6.27,6.34,6.33,7355200.0,6.27,28500,6.28,38600,-1.1,6.36,6.23,7355200,46360000.0,1.36,2.05,33.96,35.03,6.97,5.71,0.82
安靠智电,sz300617,64.75,64.49,65.5,12714100.0,64.75,32600,64.77,1800,0.4,66.44,61.55,12714100,813300000.0,9.15,7.58,89.95,107.3,77.39,51.59,0.91
长源东谷,sh603950,69.85,72.88,72.42,9802700.0,69.72,100,69.85,11100,-4.16,73.92,68.0,9802700,696400000.0,3.03,8.12,226.04,226.41,80.17,65.59,0.68
瑞迈特,sz301367,65.42,65.99,66.38,839000.0,65.4,200,65.42,3100,-0.86,66.8,65.07,839000,55280000.0,1.2,2.62,45.76,58.62,79.19,52.79,0.89
洪都航空,sh600316,32.67,33.61,33.61,11623600.0,32.66,2300,32.67,500,-2.8,33.71,32.36,11623600,382370000.0,1.62,4.02,234.28,234.28,36.97,30.25,0.61
英派斯,sz002899,32.35,32.6,32.01,3466100.0,32.33,100,32.35,5500,-0.77,32.77,31.92,3466100,112090000.0,2.35,2.61,47.81,47.81,35.86,29.34,0.65
顶点软件,sh603383,32.5,32.7,32.64,6320500.0,32.49,100,32.5,3500,-0.61,33.4,32.35,6320500,208120000.0,3.08,3.21,66.75,66.75,35.97,29.43,1.0
山东出版,sh601019,7.3,7.38,7.38,9608900.0,7.29,134600,7.3,19300,-1.08,7.42,7.27,9608900,70650000.0,0.46,2.03,152.34,152.34,8.12,6.64,0.99
中集车辆,sz301039,8.34,8.43,8.45,10875800.0,8.34,34900,8.36,3900,-1.07,8.56,8.34,10875800,91800000.0,0.75,2.61,121.13,156.3,10.12,6.74,0.98
金龙机电,sz300032,5.01,5.06,5.08,26323800.0,5.01,60600,5.02,194300,-0.99,5.13,4.96,26323800,132190000.0,3.28,3.36,40.24,40.24,6.07,4.05,0.89
一汽解放,sz000800,6.28,6.4,6.4,20620400.0,6.28,108700,6.29,18700,-1.88,6.41,6.26,20620400,130220000.0,0.42,2.34,309.03,309.06,7.04,5.76,1.35
理工能科,sz002322,11.77,11.79,11.78,4193800.0,11.77,10300,11.78,26300,-0.17,11.92,11.67,4193800,49420000.0,1.19,2.12,41.36,43.02,12.97,10.61,0.7
金埔园林,sz301098,10.49,10.9,11.1,15862300.0,10.47,500,10.49,800,-3.76,11.18,10.37,15862300,170230000.0,10.6,7.43,15.7,19.29,13.08,8.72,1.15
透景生命,sz300642,15.66,15.84,15.84,2825600.0,15.66,3700,15.68,6200,-1.14,15.99,15.55,2825600,44660000.0,2.05,2.78,21.56,25.45,19.01,12.67,0.7
华纬科技,sz001380,19.51,18.38,18.46,5487600.0,19.51,10400,19.52,13300,6.15,19.98,18.45,5487600,105910000.0,6.24,8.32,17.17,52.84,20.22,16.54,2.68
新乳业,sz002946,17.87,18.1,18.05,4132100.0,17.87,28600,17.88,1800,-1.27,18.13,17.8,4132100,74190000.0,0.49,1.82,152.02,153.8,19.91,16.29,0.74
三未信安,sh688489,41.77,42.08,42.26,71001400.0,41.55,2400,41.77,900,-0.74,42.55,41.0,71001400,29680000.0,0.62,3.68,47.76,48.12,50.5,33.66,0.71
老百姓,sh603883,13.2,13.39,13.41,8000200.0,13.2,5400,13.21,20900,-1.42,13.46,13.11,8000200,106090000.0,1.05,2.61,100.17,100.17,14.73,12.05,1.05
绿色动力,sh601330,9.35,9.13,9.08,62505300.0,9.35,168600,9.36,127900,2.41,9.52,8.68,62505300,564640000.0,6.32,9.2,92.48,133.76,10.04,8.22,1.43
天禾股份,sz002999,6.89,6.95,6.97,10771500.0,6.89,26000,6.9,22900,-0.86,7.02,6.81,10771500,74670000.0,3.14,3.02,23.67,23.95,7.65,6.26,0.73
ST易购,sz002024,1.25,1.28,1.28,38340000.0,1.25,488100,1.26,3200600,-2.34,1.28,1.25,38340000,48260000.0,0.41,2.34,115.67,115.81,1.34,1.22,1.5
铭科精技,sz001319,24.27,23.77,23.77,3398500.0,24.27,100,24.28,700,2.1,24.76,23.71,3398500,82490000.0,4.14,4.42,19.9,34.32,26.15,21.39,1.33
新天地,sz301277,10.77,10.8,10.8,2133900.0,10.77,30800,10.79,33000,-0.28,10.91,10.73,2133900,23090000.0,0.54,1.67,42.23,42.23,12.96,8.64,0.69
廊坊发展,sh600149,6.32,6.58,6.5,30660700.0,6.31,22900,6.32,40700,-3.95,6.51,6.24,30660700,193760000.0,8.07,4.1,24.03,24.03,7.24,5.92,1.19
华立科技,sz301011,19.29,19.67,19.79,2111100.0,19.29,400,19.31,1600,-1.93,19.85,19.21,2111100,41260000.0,1.44,3.25,28.27,29.77,23.6,15.74,1.13
锦龙股份,sz000712,10.98,10.99,10.99,45303700.0,10.98,49700,10.99,327500,-0.09,11.33,10.89,45303700,501890000.0,5.06,4.0,98.35,98.38,12.09,9.89,0.82
上海三毛,sh600689,12.75,12.92,12.93,2960300.0,12.75,10900,12.76,9800,-1.32,12.98,12.62,2960300,37860000.0,1.94,2.79,19.41,25.63,14.21,11.63,0.89
开尔新材,sz300234,7.65,7.84,7.96,19958400.0,7.64,1000,7.65,41900,-2.42,7.96,7.57,19958400,153170000.0,5.8,4.97,26.32,38.49,9.41,6.27,0.56
华海诚科,sh688535,133.77,115.83,122.34,1934223000.0,133.77,700,133.8,300,15.49,139.0,117.5,1934223000,2453050000.0,16.21,18.56,159.58,189.91,139.0,92.66,1.82
标榜股份,sz301181,46.94,48.59,48.83,2767000.0,46.94,14400,46.96,100,-3.4,48.83,46.49,2767000,131070000.0,3.07,4.82,42.33,54.23,58.31,38.87,0.8
建新股份,sz300107,7.66,7.16,7.18,44383500.0,7.66,101600,7.67,101400,6.98,7.83,7.16,44383500,339040000.0,12.78,9.36,26.61,43.11,8.59,5.73,3.84
江铃汽车,sz000550,18.44,18.73,18.73,4273500.0,18.44,3100,18.46,800,-1.55,18.8,18.3,4273500,79370000.0,0.82,2.67,95.6,159.18,20.6,16.86,0.8
绿发电力,sz000537,10.55,10.91,10.91,67615600.0,10.55,193100,10.56,46300,-3.3,10.96,10.45,67615600,716590000.0,3.29,4.67,216.88,216.88,12.0,9.82,0.77
长飞光纤,sh601869,374.45,404.7,400.01,15527600.0,374.45,16700,374.46,5200,-7.47,404.7,366.66,15527600,5918610000.0,3.82,9.4,1521.53,3100.09,445.17,364.23,0.92
贵州轮胎,sz000589,4.78,4.86,4.84,37084900.0,4.78,37900,4.79,197400,-1.65,4.87,4.73,37084900,177690000.0,2.4,2.88,73.84,74.31,5.35,4.37,1.38
超研股份,sz301602,17.98,18.25,18.25,1860100.0,17.98,10600,17.99,1700,-1.48,18.37,17.85,1860100,33710000.0,0.89,2.85,37.49,77.01,21.9,14.6,0.83
富维股份,sh600742,8.9,8.88,8.91,5780100.0,8.9,37300,8.91,26400,0.23,9.02,8.81,5780100,51500000.0,0.78,2.36,66.13,66.13,9.77,7.99,0.48
新天药业,sz002873,9.71,9.79,9.83,6347700.0,9.71,57600,9.72,1500,-0.82,9.85,9.66,6347700,62000000.0,2.65,1.94,23.27,23.7,10.77,8.81,0.8
雅本化学,sz300261,5.56,5.62,5.6,11782700.0,5.56,74300,5.57,18400,-1.07,5.66,5.54,11782700,65950000.0,1.25,2.14,52.42,53.56,6.74,4.5,0.81
恒誉环保,sh688309,77.96,78.5,78.0,175748400.0,77.96,200,77.99,100,-0.69,79.57,75.0,175748400,136350000.0,2.21,5.82,61.9,61.9,94.2,62.8,0.56
利欧股份,sz002131,6.58,6.51,6.51,366098500.0,6.57,665800,6.58,1064500,1.08,6.73,6.51,366098500,2422060000.0,6.25,3.38,385.25,445.58,7.16,5.86,0.95
卧龙电驱,sh600580,40.48,38.95,38.9,88034800.0,40.47,433600,40.48,107400,3.93,41.49,38.8,88034800,3568000000.0,5.65,6.91,630.53,632.35,42.85,35.06,1.47
联合动力,sz301656,19.54,19.01,19.05,13681200.0,19.54,52600,19.55,16200,2.79,20.12,18.9,13681200,268150000.0,6.72,6.42,39.79,469.9,22.81,15.21,1.87
拓邦股份,sz002139,11.02,10.83,10.84,29325000.0,11.02,572700,11.03,27200,1.75,11.22,10.76,29325000,322430000.0,2.74,4.25,118.03,137.4,11.91,9.75,1.42
华森制药,sz002907,13.03,13.14,13.07,2340500.0,13.03,3300,13.05,1600,-0.84,13.14,12.97,2340500,30550000.0,0.7,1.29,43.76,54.41,14.45,11.83,0.74
安泰科技,sz000969,21.57,21.95,21.91,28670600.0,21.56,30300,21.57,83400,-1.73,22.28,21.43,28670600,623990000.0,2.75,3.87,224.62,226.6,24.15,19.76,0.87
富春染织,sh605189,18.82,18.4,18.73,22258900.0,18.82,20700,18.83,8700,2.28,19.33,18.38,22258900,419950000.0,11.47,5.16,36.53,36.53,20.24,16.56,1.04
千禾味业,sh603027,8.38,8.44,8.42,13989500.0,8.37,93000,8.38,32300,-0.71,8.52,8.32,13989500,117460000.0,1.12,2.37,104.72,111.72,9.28,7.6,0.83
秋乐种业,bj920087,13.0,13.74,13.62,6706500.0,12.99,13900,13.0,3100,-5.39,13.68,12.88,6706500,88067600.0,4.09,5.82,21.33,21.48,17.86,9.62,1.26
申通地铁,sh600834,7.89,7.99,8.0,2429100.0,7.89,129700,7.9,21100,-1.25,8.0,7.83,2429100,19210000.0,0.51,2.13,37.67,37.67,8.79,7.19,1.0
达瑞电子,sz300976,76.08,75.01,74.2,4737500.0,76.08,900,76.09,3800,1.43,77.02,73.83,4737500,358040000.0,5.48,4.25,65.74,102.03,90.01,60.01,1.21
广汇能源,sh600256,6.4,6.17,6.16,241797300.0,6.4,103800,6.41,640600,3.73,6.54,6.13,241797300,1539940000.0,3.78,6.65,409.09,409.09,6.79,5.55,1.62
*ST元道,sz301139,7.56,9.45,7.56,404600.0,0.0,0,7.56,20116300,-20.0,7.56,7.56,404600,3060000.0,0.53,0.0,5.76,9.19,11.34,7.56,0.21
碧兴物联,sh688671,26.08,26.08,26.73,179010100.0,26.08,500,26.09,1600,0.0,26.74,25.6,179010100,46810000.0,3.82,4.37,12.22,20.48,31.3,20.86,0.95
电科院,sz300215,8.76,9.0,8.95,34131500.0,8.76,90500,8.77,37000,-2.67,9.02,8.63,34131500,299350000.0,4.56,4.33,65.62,65.62,10.8,7.2,0.69
益客食品,sz301116,10.57,10.7,10.65,3112600.0,10.57,300,10.6,200,-1.21,10.84,10.51,3112600,33080000.0,0.69,3.08,47.46,47.46,12.84,8.56,1.0
鸿特科技,sz300176,6.62,6.65,6.67,10052400.0,6.62,2400,6.64,19600,-0.45,6.75,6.58,10052400,66960000.0,2.6,2.56,25.64,25.64,7.98,5.32,0.81
国盛证券,sz002670,12.4,12.53,12.51,14547100.0,12.39,14500,12.4,7200,-1.04,12.62,12.32,14547100,181270000.0,0.9,2.39,201.3,239.95,13.78,11.28,0.93
时代出版,sh600551,8.28,8.36,8.31,7167800.0,8.28,37400,8.29,7000,-0.96,8.44,8.25,7167800,59650000.0,1.06,2.27,56.14,56.14,9.2,7.52,0.8
宝光股份,sh600379,18.66,18.94,18.8,81669800.0,18.66,282200,18.67,800,-1.48,19.29,17.54,81669800,1483430000.0,24.73,9.24,61.62,61.62,20.83,17.05,0.98
智翔金泰-U,sh688443,30.05,30.08,30.11,320200600.0,30.05,2200,30.06,400,-0.1,30.6,29.82,320200600,96750000.0,2.74,2.59,35.06,110.19,36.1,24.06,0.72
空港股份,sh600463,10.88,10.96,10.95,2995800.0,10.88,2200,10.89,4300,-0.73,11.05,10.8,2995800,32720000.0,1.0,2.28,32.64,32.64,12.06,9.86,0.61
真视通,sz002771,14.45,14.57,14.57,8446400.0,14.45,17400,14.46,18400,-0.82,14.83,14.32,8446400,123000000.0,4.84,3.5,25.22,30.31,16.03,13.11,0.87
常青股份,sh603768,11.87,11.88,11.78,3104600.0,11.87,15900,11.9,11300,-0.08,12.02,11.61,3104600,36930000.0,1.3,3.45,28.25,28.25,13.07,10.69,1.1
众辰科技,sh603275,52.92,51.72,51.6,4955900.0,52.91,100,52.92,4700,2.32,54.37,50.55,4955900,261390000.0,11.93,7.39,21.98,78.73,56.89,46.55,0.8
*ST仕净,sz301030,11.62,11.08,11.08,12364400.0,11.6,81300,11.62,1200,4.87,11.84,11.08,12364400,142210000.0,6.12,6.86,23.48,23.52,13.3,8.86,0.71
普门科技,sh688389,12.47,12.59,12.55,259038200.0,12.47,15400,12.48,6000,-0.95,12.67,12.4,259038200,32470000.0,0.6,2.14,53.43,53.43,15.11,10.07,0.96
帝奥微,sh688381,34.69,37.12,37.42,3230430600.0,34.68,900,34.69,7800,-6.55,40.79,34.34,3230430600,1215540000.0,13.05,17.38,85.86,85.86,44.54,29.7,1.58
澳华内镜,sh688212,35.78,35.97,35.95,397506300.0,35.76,2300,35.78,6100,-0.53,37.48,35.3,397506300,145790000.0,2.95,6.06,48.18,48.18,43.16,28.78,1.45
软通动力,sz301236,39.58,39.5,39.61,21180700.0,39.58,7900,39.59,7100,0.2,40.3,39.19,21180700,839890000.0,2.7,2.81,310.98,409.73,47.4,31.6,0.93
博雅生物,sz300294,16.45,16.72,16.71,5621400.0,16.45,18900,16.46,1300,-1.61,16.84,16.35,5621400,93290000.0,1.11,2.93,82.95,82.95,20.06,13.38,0.86
绿城水务,sh601368,4.9,4.94,4.94,7151900.0,4.89,27600,4.9,118100,-0.81,4.97,4.88,7151900,35180000.0,0.81,1.82,43.27,43.27,5.43,4.45,1.13
正川股份,sh603976,21.47,21.55,21.55,1994500.0,21.47,7000,21.49,9000,-0.37,21.78,21.38,1994500,43020000.0,1.32,1.86,32.46,32.46,23.71,19.4,0.83
广州港,sh601228,3.15,3.19,3.2,35009900.0,3.15,183600,3.16,730100,-1.25,3.2,3.12,35009900,110530000.0,0.46,2.51,237.65,237.65,3.51,2.87,1.16
泰林生物,sz300813,24.59,24.7,24.71,2287600.0,24.59,600,24.6,700,-0.45,25.06,24.45,2287600,56590000.0,3.01,2.47,18.7,29.8,29.64,19.76,0.88
引力传媒,sh603598,25.33,23.03,22.95,33360400.0,25.33,1545000,0.0,0,9.99,25.33,22.95,33360400,830810000.0,12.38,10.33,68.23,68.31,25.33,20.73,0.78
ST东尼,sh603595,21.75,20.99,22.04,14239400.0,21.75,7500,21.76,99300,3.62,22.04,21.28,14239400,312250000.0,6.13,3.62,50.56,50.56,22.04,19.94,3.98
中坚科技,sz002779,74.91,74.28,74.14,2909800.0,74.91,2900,74.92,900,0.85,76.99,73.79,2909800,218770000.0,1.75,4.31,124.21,138.43,81.71,66.85,0.58
金固股份,sz002488,12.16,12.12,12.11,20414100.0,12.15,5300,12.16,18100,0.33,12.41,11.91,20414100,248070000.0,2.22,4.13,111.88,121.05,13.33,10.91,0.81
春光科技,sh603657,29.94,29.84,29.97,3407500.0,29.92,300,29.94,2300,0.34,30.66,29.53,3407500,102190000.0,2.52,3.79,40.48,40.48,32.82,26.86,0.52
国邦医药,sh605507,23.3,23.54,23.52,3368100.0,23.3,5400,23.32,2400,-1.02,23.78,23.23,3368100,79060000.0,0.6,2.34,130.21,130.21,25.89,21.19,0.98
睿智医药,sz300149,9.44,9.53,9.5,11665000.0,9.43,21900,9.44,3000,-0.94,9.74,9.36,11665000,111440000.0,2.46,3.99,44.8,47.01,11.44,7.62,0.8
方盛制药,sh603998,10.7,10.7,10.74,5729900.0,10.69,71300,10.7,1400,0.0,10.83,10.61,5729900,61440000.0,1.3,2.06,46.98,46.98,11.77,9.63,0.71
东睦股份,sh600114,33.37,33.41,33.5,24813100.0,33.36,800,33.37,17000,-0.12,34.52,32.6,24813100,832580000.0,4.03,5.75,205.69,210.69,36.75,30.07,1.22
凯盛新能,sh600876,9.19,9.78,9.62,13516600.0,9.18,33500,9.19,1300,-6.03,9.7,9.1,13516600,125330000.0,3.42,6.13,36.36,59.34,10.76,8.8,1.84
兴福电子,sh688545,92.67,89.04,90.73,2627182400.0,92.67,23600,92.68,2200,4.08,97.0,85.5,2627182400,2389020000.0,14.42,12.92,168.89,333.61,106.85,71.23,0.92
丰茂股份,sz301459,38.28,37.53,37.63,1488900.0,38.21,500,38.28,6600,2.0,38.88,37.35,1488900,57010000.0,5.7,4.08,9.99,39.86,45.04,30.02,1.08
中山公用,sz000685,11.07,11.32,11.32,22248800.0,11.07,25000,11.08,23600,-2.21,11.34,10.97,22248800,247240000.0,1.77,3.27,138.81,163.29,12.45,10.19,1.14
ST宏达,sz002211,3.9,4.01,4.01,13217500.0,3.9,8200,3.92,27300,-2.74,4.06,3.82,13217500,51880000.0,3.06,5.99,16.87,16.87,4.21,3.81,1.0
骏成科技,sz301106,36.46,36.12,35.97,3370500.0,36.39,300,36.46,2500,0.94,36.87,35.2,3370500,121030000.0,3.3,4.62,37.23,37.23,43.34,28.9,1.09
海能实业,sz300787,10.75,10.91,10.98,4756300.0,10.74,1300,10.75,2300,-1.47,11.01,10.69,4756300,51490000.0,2.42,2.93,21.13,33.69,13.09,8.73,1.11
奥泰生物,sh688606,54.01,54.84,54.51,32430200.0,54.01,4000,54.17,500,-1.51,55.08,54.01,32430200,17640000.0,0.41,1.95,42.82,42.82,65.81,43.87,0.42
中策橡胶,sh603049,47.59,47.4,47.4,1856400.0,47.52,1800,47.59,400,0.4,47.85,47.12,1856400,88030000.0,2.12,1.54,41.62,416.17,52.14,42.66,0.77
安培龙,sz301413,130.85,118.3,118.61,10643600.0,130.85,900,130.88,2500,10.61,135.07,115.5,10643600,1351970000.0,18.12,16.54,76.87,128.76,141.96,94.64,1.9
ST远智,sz002689,3.39,3.36,3.36,7438800.0,3.39,27500,3.4,147300,0.89,3.44,3.35,7438800,25300000.0,0.71,2.68,35.35,35.37,3.53,3.19,0.77
丰倍生物,sh603334,47.72,48.76,48.95,1662600.0,47.72,2200,47.85,600,-2.13,49.09,47.2,1662600,79540000.0,5.23,3.88,15.18,68.48,53.64,43.88,0.81
丰原药业,sz000153,6.2,6.28,6.28,5690500.0,6.2,30400,6.21,63300,-1.27,6.3,6.18,5690500,35530000.0,1.24,1.91,28.45,28.81,6.91,5.65,0.64
深圳华强,sz000062,32.11,33.66,33.42,66328800.0,32.1,103100,32.11,47700,-4.6,34.5,31.71,66328800,2172900000.0,6.35,8.29,335.52,335.84,37.03,30.29,0.74
永新光学,sh603297,140.45,141.48,143.48,2548000.0,140.35,100,140.45,5800,-0.73,147.8,138.6,2548000,362960000.0,2.3,6.5,155.52,155.81,155.63,127.33,0.78
弘信电子,sz300657,36.17,37.76,37.45,47742000.0,36.16,8800,36.17,32400,-4.21,38.15,35.86,47742000,1760150000.0,10.19,6.06,169.46,174.38,45.31,30.21,0.93
维海德,sz301318,24.97,25.11,25.22,1268700.0,24.97,900,24.98,800,-0.56,25.55,24.79,1268700,31950000.0,1.43,3.03,22.17,33.78,30.13,20.09,0.96
三花智控,sz002050,52.06,49.43,49.28,288605400.0,52.06,1122900,52.07,26100,5.32,53.77,49.25,288605400,14956470000.0,7.83,9.14,1917.99,2190.69,54.37,44.49,1.63
佳沃食品,sz300268,14.14,14.58,14.78,5069300.0,14.14,2200,14.15,7000,-3.02,14.89,13.92,5069300,72480000.0,3.79,6.65,18.91,24.63,17.5,11.66,1.17
德固特,sz300950,21.83,21.92,21.93,2229100.0,21.81,900,21.83,3300,-0.41,22.23,21.67,2229100,48890000.0,2.27,2.55,21.4,33.54,26.3,17.54,0.65
国新能源,sh600617,3.68,3.7,3.65,86971800.0,3.68,349000,3.69,362700,-0.54,3.8,3.48,86971800,317340000.0,4.9,8.65,65.34,70.99,4.07,3.33,1.6
蓝盾光电,sz300862,26.25,26.15,26.15,9181000.0,26.24,1800,26.25,800,0.38,27.32,25.71,9181000,243640000.0,6.06,6.16,39.76,48.46,31.38,20.92,0.65
梦百合,sh603313,5.9,6.0,5.96,11221300.0,5.9,20500,5.91,28200,-1.67,5.99,5.86,11221300,66370000.0,1.97,2.17,33.66,33.66,6.6,5.4,0.78
城市传媒,sh600229,6.02,6.03,6.0,3835300.0,6.01,700,6.02,9700,-0.17,6.12,5.98,3835300,23220000.0,0.58,2.32,39.77,39.77,6.63,5.43,0.84
富满微,sz300671,50.66,53.14,52.9,17603900.0,50.66,7100,50.67,10000,-4.67,52.91,49.94,17603900,905900000.0,7.97,5.59,111.83,112.15,63.77,42.51,0.76
掌趣科技,sz300315,4.9,4.89,4.89,57069400.0,4.9,121900,4.91,75000,0.2,5.01,4.87,57069400,281900000.0,2.25,2.86,124.53,132.67,5.87,3.91,0.76
浙江力诺,sz300838,20.13,19.1,19.12,11088400.0,20.06,1000,20.13,36600,5.39,20.72,18.37,11088400,219010000.0,10.9,12.3,20.48,27.77,22.92,15.28,1.57
中视传媒,sh600088,18.65,16.95,17.24,34840000.0,18.65,3073400,0.0,0,10.03,18.65,17.1,34840000,630950000.0,8.76,9.14,74.17,74.17,18.65,15.26,2.03
回盛生物,sz300871,24.09,24.61,24.79,6371900.0,24.09,59100,24.1,18000,-2.11,24.79,23.91,6371900,154440000.0,3.16,3.58,48.61,48.61,29.53,19.69,0.95
中国科传,sh601858,28.21,29.16,29.0,27947000.0,28.2,28600,28.21,33800,-3.26,31.3,27.81,27947000,819900000.0,3.54,11.97,223.0,223.0,32.08,26.24,1.43
洪兴股份,sz001209,22.15,21.95,22.0,4513800.0,22.15,1000,22.16,5700,0.91,22.87,21.85,4513800,100540000.0,4.7,4.65,21.28,29.13,24.15,19.76,0.85
海兰信,sz300065,23.98,23.33,24.72,72646800.0,23.97,64600,23.98,84000,2.79,25.5,23.87,72646800,1788320000.0,11.06,6.99,157.47,173.03,28.0,18.66,0.93
西高院,sh688334,20.52,20.76,20.76,310358000.0,20.52,5800,20.53,1600,-1.16,21.01,20.42,310358000,63960000.0,1.98,2.84,32.2,64.96,24.91,16.61,0.75
万马股份,sz002276,13.39,13.26,13.27,21800400.0,13.39,153600,13.4,25600,0.98,13.69,13.23,21800400,293040000.0,2.16,3.47,134.85,135.38,14.59,11.93,0.96
开开实业,sh600272,12.28,12.44,12.38,2529900.0,12.27,6100,12.28,5200,-1.29,12.49,12.23,2529900,31320000.0,1.58,2.09,19.65,32.25,13.68,11.2,0.92
王力安防,sh605268,11.74,11.66,11.6,4844900.0,11.73,5600,11.74,7000,0.69,11.79,11.59,4844900,56640000.0,1.1,1.72,51.72,52.4,12.83,10.49,0.46
尖峰集团,sh600668,8.76,8.86,8.99,6787600.0,8.75,66500,8.76,57900,-1.13,8.99,8.74,6787600,59770000.0,1.64,2.82,36.17,36.17,9.75,7.97,0.49
光线传媒,sz300251,13.76,14.0,14.02,50830500.0,13.75,2200,13.76,174300,-1.71,14.11,13.67,50830500,706590000.0,1.83,3.14,381.89,403.66,16.8,11.2,0.92
亚虹医药-U,sh688176,12.51,12.53,12.58,812770500.0,12.51,2800,12.52,2500,-0.16,12.78,12.39,812770500,101960000.0,1.87,3.11,54.5,71.45,15.04,10.02,0.75
壹连科技,sz301631,137.24,136.62,139.08,2670200.0,137.24,200,137.25,1000,0.45,142.47,134.44,2670200,367840000.0,8.58,5.88,42.74,125.46,163.94,109.3,0.71
*ST华微,sh600360,11.42,11.69,11.4,26803000.0,11.42,106500,11.43,62000,-2.31,11.7,11.27,26803000,306810000.0,2.79,3.68,109.67,109.67,12.27,11.11,1.04
珠城科技,sz301280,48.76,47.57,47.57,3166000.0,48.75,10600,48.76,800,2.5,49.98,46.78,3166000,153450000.0,5.64,6.73,27.39,93.37,57.08,38.06,1.36
XD明阳科,bj920663,16.6,16.4,16.5,1482900.0,16.6,3700,16.63,3400,1.22,16.87,16.15,1482900,24516500.0,2.31,4.39,10.64,22.17,21.32,11.48,0.75
爱玛科技,sh603529,22.0,22.24,22.26,7565200.0,22.0,32500,22.01,1100,-1.08,22.35,21.94,7565200,167350000.0,0.89,1.84,186.46,190.94,24.46,20.02,0.84
新华百货,sh600785,17.32,18.18,18.12,8009500.0,17.32,12700,17.33,20800,-4.73,18.2,17.22,8009500,140990000.0,3.55,5.39,39.08,39.08,20.0,16.36,1.02
金百泽,sz301041,32.97,34.2,34.45,9102600.0,32.97,1700,33.0,2500,-3.6,34.79,32.71,9102600,305790000.0,11.53,6.08,26.04,35.17,41.04,27.36,0.99
登海种业,sz002041,9.67,9.94,9.9,13168500.0,9.67,51000,9.68,25700,-2.72,9.9,9.59,13168500,128030000.0,1.5,3.12,85.1,85.1,10.93,8.95,1.02
京华激光,sh603607,22.82,23.0,23.17,3279600.0,22.82,6400,22.87,1700,-0.78,23.28,22.67,3279600,75300000.0,1.84,2.65,40.74,40.74,25.3,20.7,0.95
东南电子,sz301359,23.75,24.08,24.06,3188200.0,23.7,500,23.76,100,-1.37,24.38,23.11,3188200,75160000.0,4.48,5.27,16.9,28.54,28.9,19.26,1.39
锦波生物,bj920982,163.46,166.5,166.0,650000.0,163.46,500,163.47,100,-1.83,169.09,163.06,650000,107292000.0,1.18,3.62,89.75,188.09,216.45,116.55,0.82
誉衡药业,sz002437,3.15,3.21,3.2,63008600.0,3.14,698800,3.15,48500,-1.87,3.22,3.13,63008600,200370000.0,3.0,2.8,66.15,70.24,3.53,2.89,0.81
春秋电子,sh603890,20.06,20.7,20.75,39634400.0,20.06,47100,20.07,24900,-3.09,20.81,19.9,39634400,804470000.0,8.87,4.4,89.63,89.63,22.77,18.63,0.86
康冠科技,sz001308,20.6,20.75,20.73,2258500.0,20.59,900,20.6,3700,-0.72,20.9,20.43,2258500,46710000.0,0.46,2.27,100.37,145.04,22.83,18.68,0.96
国能日新,sz301162,66.8,68.05,67.92,2610400.0,66.8,4500,66.82,500,-1.84,68.32,65.14,2610400,173140000.0,3.04,4.67,57.29,88.57,81.66,54.44,0.81
保利发展,sh600048,6.21,6.32,6.32,98413700.0,6.21,28500,6.22,411800,-1.74,6.34,6.16,98413700,614860000.0,0.82,2.85,743.36,743.36,6.95,5.69,0.5
南兴股份,sz002757,31.95,32.1,31.8,19012500.0,31.94,32600,31.95,121500,-0.47,32.78,31.52,19012500,611390000.0,6.74,3.93,90.12,94.4,35.31,28.89,0.44
德尔玛,sz301332,9.25,9.32,9.26,3176500.0,9.24,9600,9.25,83700,-0.75,9.43,9.22,3176500,29590000.0,1.2,2.25,24.5,42.69,11.18,7.46,0.56
盛通股份,sz002599,6.91,6.84,6.81,11770600.0,6.9,61500,6.91,90200,1.02,6.98,6.78,11770600,81020000.0,2.96,2.92,27.5,36.81,7.52,6.16,0.45
赛意信息,sz300687,27.38,31.85,31.0,49862900.0,27.37,71500,27.38,46000,-14.03,31.0,27.0,49862900,1405500000.0,15.25,12.56,89.51,111.82,38.22,25.48,1.36
ST雪浪,sz300385,15.48,15.41,15.54,10851300.0,15.48,48000,15.5,2200,0.45,15.76,15.14,10851300,167770000.0,3.73,4.02,44.99,51.57,18.49,12.33,0.77
能之光,bj920056,22.94,22.62,22.6,1231000.0,22.94,2600,22.95,100,1.41,23.38,22.5,1231000,28244300.0,3.99,3.89,7.08,18.74,29.4,15.84,1.08
浙数文化,sh600633,13.02,13.37,13.31,55237000.0,13.02,124400,13.03,154000,-2.62,13.74,13.0,55237000,735310000.0,4.36,5.53,165.1,165.1,14.71,12.03,1.06
英可瑞,sz300713,18.21,18.5,18.5,3452400.0,18.21,1100,18.24,200,-1.57,18.64,18.06,3452400,63240000.0,4.0,3.14,15.73,28.9,22.2,14.8,0.82
帝尔激光,sz300776,147.06,142.9,142.9,23161100.0,147.03,400,147.06,1500,2.91,157.0,131.5,23161100,3311440000.0,13.78,17.84,247.19,402.95,171.48,114.32,1.49
天孚通信,sz300394,399.99,392.0,401.0,67609600.0,399.98,100,399.99,3000,2.04,414.08,381.91,67609600,26926520000.0,8.69,8.21,3110.31,3116.57,470.4,313.6,1.24
荣晟环保,sh603165,18.28,18.62,18.65,10903800.0,18.28,26100,18.29,5600,-1.83,19.2,18.02,10903800,201250000.0,3.4,6.34,58.58,58.58,20.48,16.76,0.68
中金公司,sh601995,33.64,34.29,34.29,17956700.0,33.64,700,33.65,10500,-1.9,34.37,33.4,17956700,607240000.0,0.61,2.83,983.48,1623.89,37.72,30.86,1.03
科陆电子,sz002121,6.84,6.74,6.74,47792800.0,6.83,32100,6.84,23100,1.48,6.95,6.51,47792800,321690000.0,3.4,6.53,96.08,113.93,7.41,6.07,1.48
盈趣科技,sz002925,20.69,20.8,20.91,11712700.0,20.68,2500,20.69,1300,-0.53,21.08,20.46,11712700,243700000.0,1.6,2.98,151.25,159.66,22.88,18.72,0.98
湘佳股份,sz002982,14.1,14.48,14.39,6627800.0,14.1,3500,14.11,1700,-2.62,14.4,13.81,6627800,93190000.0,5.09,4.07,18.34,28.65,15.93,13.03,1.31
美锦能源,sz000723,4.03,4.03,4.03,54549800.0,4.03,6500,4.04,919400,0.0,4.09,4.01,54549800,220430000.0,1.24,1.99,177.12,177.46,4.43,3.63,0.79
三友联众,sz300932,10.25,10.25,10.3,13414100.0,10.23,13700,10.25,13600,0.0,10.4,10.06,13414100,137270000.0,4.2,3.32,32.72,45.93,12.3,8.2,0.55
XD奥普特,sh688686,122.34,116.75,117.28,271633300.0,122.34,300,122.36,300,4.79,126.49,117.28,271633300,332540000.0,2.22,7.89,149.54,149.54,140.1,93.4,1.12
深深房Ａ,sz000029,28.91,28.01,28.29,14670100.0,28.91,1700,28.97,100,3.21,29.96,28.15,14670100,427560000.0,1.65,6.46,257.78,292.47,30.81,25.21,0.81
山大电力,sz301609,49.78,49.3,49.73,3647300.0,49.78,1500,49.79,7100,0.97,50.35,48.42,3647300,180660000.0,9.95,3.91,18.24,81.08,59.16,39.44,0.77
天海防务,sz300008,7.46,7.55,7.59,50903700.0,7.46,89500,7.47,177600,-1.19,7.68,7.42,50903700,384200000.0,3.09,3.44,122.89,128.91,9.06,6.04,0.64
星昊医药,bj920017,17.58,17.69,17.83,1149700.0,17.58,500,17.65,48300,-0.62,17.83,17.47,1149700,20291200.0,0.93,2.04,21.71,21.95,22.99,12.39,0.66
三星电气,sh601567,18.1,18.74,18.71,39346300.0,18.09,8600,18.1,11800,-3.42,18.9,17.8,39346300,713440000.0,2.8,5.87,254.34,254.34,20.61,16.87,1.42
九典制药,sz300705,12.31,12.44,12.44,4482300.0,12.31,12200,12.32,9300,-1.05,12.52,12.27,4482300,55620000.0,1.22,2.01,45.41,61.59,14.93,9.95,0.78
九菱科技,bj920505,40.2,39.82,40.01,1271300.0,40.2,3300,40.21,500,0.95,42.38,39.96,1271300,51944000.0,3.53,6.08,14.48,26.04,51.76,27.88,0.76
润都股份,sz002923,12.37,12.5,12.49,6331900.0,12.37,2900,12.38,14000,-1.04,12.67,12.29,6331900,78760000.0,2.45,3.04,31.93,41.43,13.75,11.25,0.67
江苏神通,sz002438,16.84,16.87,17.05,8091700.0,16.84,900,16.85,9000,-0.18,17.18,16.64,8091700,136870000.0,1.73,3.2,78.96,85.47,18.56,15.18,0.93
埃斯顿,sz002747,25.43,23.74,23.67,88146800.0,25.42,31100,25.43,232200,7.12,26.11,23.67,88146800,2236410000.0,11.27,10.28,198.97,246.11,26.11,21.37,2.45
天娱数科,sz002354,6.44,6.32,6.3,102386700.0,6.43,71500,6.44,209400,1.9,6.66,6.29,102386700,662690000.0,6.3,5.85,104.69,106.56,6.95,5.69,0.73
捷强装备,sz300875,38.6,38.11,38.02,3376900.0,38.58,400,38.6,16000,1.29,39.2,37.8,3376900,129890000.0,3.85,3.67,33.89,38.54,45.73,30.49,0.66
赛升药业,sz300485,10.16,10.34,10.34,5023700.0,10.16,4900,10.17,21800,-1.74,10.4,10.1,5023700,51380000.0,1.83,2.9,27.82,48.94,12.41,8.27,0.8
兴森科技,sz002436,31.49,32.71,33.01,137044000.0,31.49,159000,31.5,119700,-3.73,33.87,31.14,137044000,4410500000.0,9.03,8.35,478.0,535.23,35.98,29.44,0.95
*ST宝馨,sz002514,3.73,3.55,3.73,2721600.0,3.73,24104200,0.0,0,5.07,3.73,3.73,2721600,10150000.0,0.49,0.0,20.67,26.86,3.73,3.37,0.09
广弘控股,sz000529,5.37,5.47,5.49,6050600.0,5.37,1500,5.38,24100,-1.83,5.49,5.35,6050600,32650000.0,1.06,2.56,30.6,31.35,6.02,4.92,1.29
振邦智能,sz003028,28.88,28.02,28.0,3162700.0,28.87,5800,28.88,6100,3.07,29.43,27.82,3162700,91330000.0,4.48,5.75,20.37,41.79,30.82,25.22,2.37
华兰生物,sz002007,14.19,14.3,14.28,10816000.0,14.19,17800,14.2,46400,-0.77,14.37,14.14,10816000,154110000.0,0.69,1.61,223.24,259.32,15.73,12.87,0.64
常润股份,sh603201,15.9,15.94,15.9,2917800.0,15.9,175600,15.95,600,-0.25,16.05,15.75,2917800,46470000.0,1.55,1.88,29.95,30.21,17.53,14.35,1.17
广东鸿图,sz002101,9.72,9.66,9.64,6880400.0,9.71,100,9.72,19100,0.62,9.81,9.63,6880400,66830000.0,1.04,1.86,64.37,64.43,10.63,8.69,0.93
江苏金租,sh600901,6.64,6.74,6.75,34442200.0,6.64,31200,6.65,353000,-1.48,6.82,6.62,34442200,231130000.0,0.59,2.97,384.49,384.58,7.41,6.07,0.75
东方生物,sh688298,22.89,23.14,23.07,239431200.0,22.88,60400,22.89,1900,-1.08,23.23,22.69,239431200,54940000.0,1.19,2.33,46.15,46.15,27.77,18.51,0.33
*ST特迅,sz002227,8.95,9.14,9.1,4835600.0,8.95,200,8.96,8700,-2.08,9.14,8.76,4835600,43450000.0,1.97,4.16,22.01,22.18,9.6,8.68,0.71
大千生态,sh603955,24.92,24.92,25.0,1648800.0,24.92,14000,24.93,100,0.0,25.64,24.71,1648800,41460000.0,1.21,3.73,33.82,33.82,27.41,22.43,0.75
慧博云通,sz301316,58.66,58.01,59.22,27088700.0,58.65,1100,58.66,15200,1.12,61.47,57.33,27088700,1591340000.0,6.92,7.14,229.51,236.99,69.61,46.41,1.18
通达动力,sz002576,18.95,18.49,18.54,8118300.0,18.94,24500,18.95,13500,2.49,19.28,18.43,8118300,153510000.0,5.01,4.6,30.7,31.29,20.34,16.64,1.16
渝三峡Ａ,sz000565,8.25,8.33,8.31,16219400.0,8.24,15700,8.25,59800,-0.96,8.45,8.18,16219400,134490000.0,3.74,3.24,35.77,35.77,9.16,7.5,0.7
远光软件,sz002063,6.36,6.46,6.48,50872400.0,6.35,148200,6.36,229200,-1.55,6.54,6.32,50872400,326760000.0,2.88,3.41,112.49,121.8,7.11,5.81,0.95
凯伦股份,sz300715,17.0,18.24,18.11,40056600.0,17.0,87500,17.01,1900,-6.8,18.54,16.88,40056600,708500000.0,12.8,9.1,53.2,64.27,21.89,14.59,2.32
密尔克卫,sh603713,54.56,55.02,55.2,1861700.0,54.56,5100,54.57,700,-0.84,55.66,54.06,1861700,102200000.0,1.18,2.91,86.27,86.27,60.52,49.52,1.22
ST三木,sz000632,4.19,4.41,4.41,42144700.0,0.0,0,4.19,298800,-4.99,4.44,4.19,42144700,179040000.0,9.05,5.67,19.5,19.51,4.63,4.19,1.44
寿仙谷,sh603896,16.38,16.58,16.49,1779900.0,16.37,1400,16.38,5100,-1.21,16.61,16.32,1779900,29250000.0,0.9,1.75,32.47,32.47,18.24,14.92,0.85
阳普医疗,sz300030,8.15,8.26,8.22,8757200.0,8.14,800,8.15,24800,-1.33,8.32,8.04,8757200,71440000.0,3.22,3.39,22.19,25.2,9.91,6.61,0.86
舒华体育,sh605299,25.24,23.6,23.2,44039800.0,25.23,437000,25.24,29000,6.95,25.72,23.03,44039800,1081770000.0,10.76,11.4,103.29,103.29,25.96,21.24,1.12
酒鬼酒,sz000799,41.63,43.54,43.0,11788600.0,41.62,18800,41.63,0,-4.39,43.37,41.59,11788600,497600000.0,3.63,4.09,135.26,135.27,47.89,39.19,1.3
并行科技,bj920493,153.37,155.88,157.35,2111700.0,153.37,2600,153.38,100,-1.61,159.54,151.44,2111700,327456600.0,4.82,5.2,67.17,91.58,202.64,109.12,0.94
康惠股份,sh603139,38.49,39.85,40.0,5000000.0,38.49,14500,38.5,3500,-3.41,40.1,37.62,5000000,193800000.0,5.01,6.22,38.44,38.44,43.84,35.87,1.01
亚通股份,sh600692,7.8,7.89,7.95,7829800.0,7.79,33800,7.8,1200,-1.14,7.96,7.74,7829800,61520000.0,3.07,2.79,19.89,27.44,8.68,7.1,0.57
*ST明德,sz002932,16.56,16.81,16.89,3338700.0,16.56,4800,16.57,1000,-1.49,16.89,16.54,3338700,55740000.0,2.14,2.08,25.85,38.51,17.65,15.97,1.01
国旅联合,sh600358,6.82,6.72,6.82,16450600.0,6.81,55700,6.82,5500,1.49,6.91,6.74,16450600,112350000.0,3.26,2.53,34.44,34.44,7.39,6.05,0.63
誉辰智能,sh688638,42.62,43.2,42.98,104599300.0,42.62,200,42.99,900,-1.34,43.59,42.43,104599300,44950000.0,3.95,2.69,11.28,23.87,51.84,34.56,0.94
长信科技,sz300088,7.1,7.27,7.29,125206800.0,7.1,185400,7.11,169500,-2.34,7.35,7.02,125206800,895210000.0,5.04,4.54,176.47,177.34,8.72,5.82,0.88
研奥股份,sz300923,27.65,28.02,28.13,1841800.0,27.64,200,27.65,10900,-1.32,28.22,27.39,1841800,51070000.0,2.41,2.96,21.1,21.73,33.62,22.42,0.89
华阳变速,bj920146,6.77,6.8,6.79,1345500.0,6.77,16100,6.78,12100,-0.44,7.0,6.76,1345500,9234200.0,1.26,3.53,7.25,9.14,8.84,4.76,0.82
ST人福,sh600079,18.2,18.21,18.27,10619900.0,18.2,21900,18.21,10700,-0.05,18.34,18.18,10619900,193580000.0,0.69,0.88,280.86,297.07,19.12,17.3,0.77
金牛化工,sh600722,12.65,12.53,12.2,75499100.0,12.65,381500,12.66,84700,0.96,12.99,12.11,75499100,951950000.0,11.1,7.02,86.06,86.06,13.78,11.28,0.93
裕兴股份,sz300305,6.69,6.76,6.78,8859700.0,6.69,17300,6.7,5700,-1.04,6.82,6.59,8859700,59370000.0,2.76,3.4,21.51,25.11,8.11,5.41,1.32
二六三,sz002467,6.74,6.69,6.66,49182600.0,6.74,165700,6.75,113600,0.75,6.79,6.64,49182600,330400000.0,3.6,2.24,92.12,92.7,7.36,6.02,0.59
江南化工,sz002226,5.69,5.66,5.63,41373400.0,5.68,144400,5.69,14400,0.53,5.82,5.54,41373400,234490000.0,1.56,4.95,150.72,150.72,6.23,5.09,1.41
因赛集团,sz300781,35.23,34.7,34.87,6493300.0,35.23,900,35.25,25200,1.53,36.72,34.7,6493300,232800000.0,5.36,5.82,42.68,57.84,41.64,27.76,1.1
金明精机,sz300281,7.57,7.52,7.48,8536500.0,7.56,15000,7.57,3800,0.66,7.7,7.48,8536500,64840000.0,2.15,2.93,30.08,31.71,9.02,6.02,1.23
华电辽能,sh600396,17.43,16.64,15.8,343900400.0,17.43,1631700,17.44,117100,4.75,18.0,14.99,343900400,5749420000.0,23.35,18.09,256.69,256.69,18.3,14.98,1.19
海伦哲,sz300201,14.85,14.24,14.29,70065300.0,14.85,59900,14.86,101600,4.28,15.18,13.97,70065300,1025670000.0,6.98,8.5,149.04,149.84,17.09,11.39,1.5
星辉娱乐,sz300043,5.44,5.44,5.45,28664200.0,5.43,156500,5.44,69800,0.0,5.54,5.4,28664200,156620000.0,2.31,2.57,67.65,67.68,6.53,4.35,0.64
恩威医药,sz301331,26.45,26.63,26.65,803800.0,26.45,900,26.47,33500,-0.68,26.88,26.2,803800,21330000.0,0.78,2.55,27.15,27.21,31.96,21.3,0.79
雷特科技,bj920110,31.63,31.54,31.58,110200.0,31.63,400,31.9,100,0.29,32.3,31.45,110200,3502900.0,0.68,2.69,5.14,12.34,41.0,22.08,0.69
三全食品,sz002216,13.81,14.12,14.05,7496200.0,13.8,1600,13.81,20000,-2.2,14.07,13.71,7496200,103990000.0,1.19,2.55,87.07,121.42,15.53,12.71,1.01
夏厦精密,sz001306,71.81,69.05,69.16,1602800.0,71.81,3600,71.82,1000,4.0,73.18,68.7,1602800,114760000.0,10.34,6.49,11.13,45.13,75.96,62.15,1.76
宁波精达,sh603088,11.88,11.83,11.89,18360300.0,11.87,8000,11.88,33200,0.42,12.18,11.61,18360300,218780000.0,4.19,4.82,52.02,59.68,13.01,10.65,0.98
中国国航,sh601111,6.74,7.02,6.98,150091200.0,6.74,418400,6.75,114300,-3.99,6.98,6.71,150091200,1019300000.0,1.29,3.85,784.41,1176.02,7.72,6.32,1.38
江苏博云,sz301003,54.82,53.6,53.93,3839000.0,54.8,3100,54.82,5300,2.28,56.0,53.0,3839000,210930000.0,5.11,5.6,41.19,53.25,64.32,42.88,0.69
气派科技,sh688216,35.86,35.4,35.35,525442000.0,35.85,500,35.86,4700,1.3,37.78,34.88,525442000,188960000.0,4.94,8.19,38.17,41.16,42.48,28.32,0.98
云赛智联,sh600602,22.3,22.67,22.66,50416600.0,22.3,162600,22.31,9500,-1.63,23.3,22.06,50416600,1143860000.0,4.69,5.47,239.57,304.99,24.94,20.4,0.78
茂化实华,sz000637,4.68,4.78,4.77,11413900.0,4.68,15900,4.69,41300,-2.09,4.8,4.62,11413900,53510000.0,3.13,3.77,17.06,24.33,5.26,4.3,1.34
游族网络,sz002174,11.96,11.31,11.29,75209100.0,11.95,15000,11.96,255500,5.75,12.05,11.22,75209100,884400000.0,7.68,7.34,117.12,117.19,12.44,10.18,1.56
英思特,sz301622,58.13,58.1,57.9,1783600.0,58.11,5200,58.13,4100,0.05,59.69,57.53,1783600,104540000.0,2.76,3.72,37.59,67.39,69.72,46.48,0.83
唐人神,sz002567,4.12,4.17,4.16,20613000.0,4.11,194300,4.12,60000,-1.2,4.16,4.06,20613000,84710000.0,1.44,2.4,58.98,59.04,4.59,3.75,0.75
我爱我家,sz000560,3.04,3.11,3.13,90569700.0,3.03,1368700,3.04,462100,-2.25,3.13,3.01,90569700,277240000.0,3.87,3.86,71.09,71.61,3.42,2.8,0.6
冠中生态,sz300948,22.03,21.95,21.77,3847200.0,22.0,2500,22.03,14000,0.36,22.77,21.77,3847200,85180000.0,2.54,4.56,33.39,35.42,26.34,17.56,0.61
开润股份,sz300577,20.19,20.0,20.0,2252700.0,20.18,100,20.19,6400,0.95,20.59,19.81,2252700,45420000.0,1.58,3.9,28.7,48.42,24.0,16.0,0.65
神开股份,sz002278,10.36,10.29,10.27,6837400.0,10.35,93400,10.36,37400,0.68,10.46,10.27,6837400,70830000.0,2.05,1.85,34.47,40.26,11.32,9.26,0.45
北巴传媒,sh600386,4.36,3.96,3.96,51335100.0,4.36,571600,0.0,0,10.1,4.36,3.96,51335100,218390000.0,6.37,10.1,35.16,35.16,4.36,3.56,5.25
曼卡龙,sz300945,14.26,14.65,14.58,8891600.0,14.26,3000,14.27,46200,-2.66,14.76,14.13,8891600,127610000.0,3.73,4.3,34.0,37.37,17.58,11.72,0.8
ST洲际,sh600759,3.11,3.27,3.11,4895400.0,0.0,0,3.11,420612100,-4.89,3.11,3.11,4895400,15220000.0,0.12,0.0,128.87,129.03,3.43,3.11,0.79
恒锋信息,sz300605,12.23,12.53,12.53,8155100.0,12.23,6300,12.27,200,-2.39,12.83,12.06,8155100,100710000.0,6.45,6.15,15.46,20.2,15.04,10.02,1.76
润丰股份,sz301035,74.24,75.31,75.31,1525800.0,74.24,1600,74.25,200,-1.42,76.0,73.1,1525800,113940000.0,0.54,3.85,208.12,208.44,90.37,60.25,0.9
国创高新,sz002377,3.35,3.42,3.43,29566700.0,3.35,476700,3.36,145400,-2.05,3.45,3.32,29566700,99800000.0,3.39,3.8,29.23,30.7,3.76,3.08,0.8
南山智尚,sz300918,15.08,14.69,14.75,13904000.0,15.07,23300,15.08,12700,2.65,15.56,14.7,13904000,210990000.0,2.75,5.85,76.33,76.33,17.63,11.75,1.24
扬州金泉,sh603307,43.95,44.4,44.06,657800.0,43.94,100,43.95,2500,-1.01,44.7,43.63,657800,29060000.0,0.98,2.41,29.45,29.92,48.84,39.96,0.68
华发股份,sh600325,3.31,3.4,3.41,66544400.0,3.31,187600,3.32,123200,-2.65,3.42,3.28,66544400,222610000.0,2.42,4.12,91.1,91.1,3.74,3.06,0.92
达嘉维康,sz301126,11.71,11.81,11.86,3254400.0,11.71,9200,11.77,300,-0.85,11.94,11.7,3254400,38430000.0,2.36,2.03,16.14,24.05,14.17,9.45,1.1
双枪科技,sz001211,57.77,56.37,56.39,8370000.0,57.75,100,57.77,200,2.48,59.44,56.39,8370000,484950000.0,12.49,5.41,38.7,41.59,62.01,50.73,1.01
东风股份,sh600006,6.86,6.65,6.67,37989800.0,6.85,331300,6.86,59900,3.16,7.04,6.58,37989800,260420000.0,1.9,6.92,137.2,137.2,7.32,5.99,2.16
镇洋发展,sh603213,13.6,13.6,13.69,2606100.0,13.6,20500,13.61,500,0.0,13.73,13.56,2606100,35590000.0,0.59,1.25,60.11,60.11,14.96,12.24,1.32
大连热电,sh600719,9.19,9.75,9.15,83335000.0,9.19,39200,9.2,47700,-5.74,9.6,8.8,83335000,759350000.0,20.6,8.21,37.18,37.18,10.73,8.78,0.76
光大嘉宝,sh600622,2.55,2.58,2.57,18885900.0,2.55,39400,2.56,183900,-1.16,2.58,2.53,18885900,48190000.0,1.26,1.94,38.24,38.24,2.84,2.32,0.74
三元股份,sh600429,5.24,5.34,5.34,14084900.0,5.24,58800,5.25,5800,-1.87,5.36,5.19,14084900,74030000.0,0.94,3.18,78.47,78.71,5.87,4.81,0.63
科翔股份,sz300903,75.05,79.24,80.0,41651000.0,75.05,400,75.06,2600,-5.29,81.0,73.87,41651000,3159200000.0,12.68,9.0,246.46,326.76,95.09,63.39,0.9
科汇股份,sh688681,19.95,20.32,20.3,245287100.0,19.95,3300,19.99,11100,-1.82,20.51,19.71,245287100,49440000.0,2.34,3.94,20.88,20.88,24.38,16.26,0.9
南山控股,sz002314,2.34,2.36,2.37,18965600.0,2.34,607900,2.35,257500,-0.85,2.38,2.33,18965600,44590000.0,1.42,2.12,31.32,63.36,2.6,2.12,0.61
东港股份,sz002117,10.29,10.22,10.22,12466300.0,10.29,3700,10.3,1200,0.68,10.44,10.16,12466300,128220000.0,2.38,2.74,53.87,53.89,11.24,9.2,0.99
中航西飞,sz000768,23.67,24.23,24.15,41579500.0,23.67,121700,23.68,11600,-2.31,24.2,23.6,41579500,989550000.0,1.5,2.48,657.18,658.17,26.65,21.81,0.57
中国软件,sh600536,40.1,39.95,39.95,17972700.0,40.1,11300,40.11,9500,0.38,40.8,39.8,17972700,722220000.0,2.13,2.5,338.31,374.45,43.95,35.96,0.53
山东药玻,sh600529,17.68,18.04,17.93,9448400.0,17.68,6100,17.69,15300,-2.0,18.04,17.62,9448400,168590000.0,1.42,2.33,117.33,117.33,19.84,16.24,1.4
川宁生物,sz301301,9.75,9.94,9.92,11818100.0,9.74,36600,9.75,5100,-1.91,9.97,9.68,11818100,116000000.0,1.91,2.92,60.23,217.43,11.93,7.95,1.19
清研环境,sz301288,20.24,19.65,19.46,5509700.0,20.24,5400,20.3,200,3.0,21.0,19.11,5509700,110940000.0,7.05,9.62,15.81,21.86,23.58,15.72,1.65
昊创瑞通,sz301668,43.36,43.8,44.32,1200800.0,43.35,1600,43.43,200,-1.0,44.4,42.92,1200800,52250000.0,4.94,3.38,10.55,47.7,52.56,35.04,0.62
长龄液压,sh605389,123.0,121.2,120.07,3902900.0,123.0,7400,123.03,300,1.49,126.82,117.89,3902900,480090000.0,2.86,7.37,167.61,177.23,133.32,109.08,0.81
中新集团,sh601512,9.03,9.21,9.2,10929200.0,9.03,50600,9.05,17000,-1.95,9.25,8.95,10929200,99310000.0,0.73,3.26,135.35,135.35,10.13,8.29,0.4
新农开发,sh600359,7.22,7.43,7.4,9176900.0,7.21,17600,7.22,12600,-2.83,7.43,7.13,9176900,66590000.0,2.41,4.04,27.55,27.55,8.17,6.69,1.06
郑州煤电,sh600121,4.13,4.18,4.18,41700500.0,4.12,583500,4.13,16400,-1.2,4.2,4.06,41700500,171820000.0,3.42,3.35,50.32,50.32,4.6,3.76,0.88
南都物业,sh603506,13.06,13.11,13.09,2225800.0,13.05,11100,13.06,800,-0.38,13.31,12.98,2225800,29260000.0,1.19,2.52,24.52,24.52,14.42,11.8,0.92
建元信托,sh600816,3.18,3.21,3.21,113944900.0,3.17,840200,3.18,91700,-0.93,3.26,3.16,113944900,364730000.0,2.08,3.12,173.92,313.05,3.53,2.89,0.81
杭氧股份,sz002430,29.97,30.26,30.26,22429700.0,29.96,1600,29.97,32400,-0.96,30.75,29.46,22429700,669920000.0,2.29,4.26,293.09,293.21,33.29,27.23,0.76
卧龙新能,sh600173,6.98,7.22,7.22,15429000.0,6.97,30300,6.98,11700,-3.32,7.25,6.9,15429000,108440000.0,2.2,4.85,48.89,48.9,7.94,6.5,1.2
丝路视觉,sz300556,20.23,20.18,20.18,4466300.0,20.22,8200,20.23,5700,0.25,20.57,20.07,4466300,90940000.0,4.12,2.48,21.95,24.59,24.22,16.14,0.91
普元信息,sh688118,26.52,26.81,26.91,270277100.0,26.5,1300,26.52,22200,-1.08,27.44,26.41,270277100,72930000.0,2.9,3.84,24.75,24.75,32.17,21.45,0.69
朝阳科技,sz002981,25.15,25.37,25.46,2073100.0,25.15,1500,25.16,100,-0.87,25.7,24.96,2073100,52530000.0,1.74,2.92,30.03,34.58,27.91,22.83,0.48
巍华新材,sh603310,17.66,16.05,16.27,20553700.0,17.66,838500,0.0,0,10.03,17.66,16.27,20553700,358450000.0,10.59,8.66,34.26,60.99,17.66,14.45,10.45
蒙娜丽莎,sz002918,18.63,16.94,18.63,47673000.0,18.63,3380100,0.0,0,9.98,18.63,17.6,47673000,883740000.0,22.26,6.08,39.9,76.16,18.63,15.25,2.26
欧康医药,bj920230,11.97,11.89,11.89,1620600.0,11.96,2000,11.97,3000,0.67,12.15,11.81,1620600,19333700.0,3.43,2.86,5.66,12.06,15.45,8.33,0.42
*ST国化,sh600636,4.51,4.51,0.0,0.0,0.0,0,0.0,0,0.0,0.0,0.0,0,0.0,0.0,0.0,19.78,19.78,4.74,4.28,0.0
心脉医疗,sh688016,103.67,103.99,104.05,276622700.0,103.6,200,103.67,2500,-0.31,106.94,103.26,276622700,290320000.0,2.24,3.54,127.79,127.79,124.79,83.19,1.21
肯特股份,sz301591,47.04,45.15,45.8,5253700.0,47.04,1400,47.08,5400,4.19,48.8,45.2,5253700,247730000.0,15.48,7.97,15.96,39.57,54.18,36.12,1.79
恒实科技,sz300513,9.09,9.21,9.24,6529700.0,9.09,5900,9.11,2600,-1.3,9.36,9.02,6529700,59790000.0,2.27,3.69,26.1,28.51,11.05,7.37,0.96
炬申股份,sz001202,16.8,16.86,16.85,2143200.0,16.78,500,16.8,700,-0.36,17.06,16.74,2143200,36220000.0,1.83,1.9,19.63,28.0,18.55,15.17,1.21
沙钢股份,sz002075,4.34,4.4,4.41,27054400.0,4.33,361600,4.34,9800,-1.36,4.43,4.33,27054400,118420000.0,1.23,2.27,95.21,95.21,4.84,3.96,0.6
悍高集团,sz001221,58.68,60.0,60.34,1673600.0,58.68,0,58.7,2400,-2.2,60.55,57.9,1673600,98980000.0,4.65,4.42,21.13,234.73,66.0,54.0,0.57
富瀚微,sz300613,63.12,62.01,61.81,20644400.0,63.12,500,63.13,900,1.79,64.27,60.88,20644400,1293630000.0,9.4,5.47,138.61,146.95,74.41,49.61,0.96
ST凯利,sz300326,6.95,6.96,6.96,5745800.0,6.95,119600,6.96,37500,-0.14,7.02,6.92,5745800,40080000.0,0.8,1.44,49.81,49.83,8.35,5.57,0.5
健之佳,sh605266,19.71,19.71,19.66,1803500.0,19.71,3900,19.75,300,0.0,19.98,19.6,1803500,35670000.0,1.17,1.93,30.46,30.46,21.68,17.74,0.98
尤洛卡,sz300099,8.72,8.84,8.98,25329700.0,8.72,6300,8.73,115700,-1.36,9.02,8.64,25329700,222810000.0,4.36,4.3,50.69,64.29,10.61,7.07,0.93
德必集团,sz300947,17.93,18.1,18.1,3725500.0,17.92,21200,17.93,3500,-0.94,18.29,17.8,3725500,67120000.0,2.47,2.71,27.09,27.1,21.72,14.48,0.53
*ST景谷,sh600265,21.8,21.58,21.69,524500.0,21.76,2300,21.8,4000,1.02,21.8,21.18,524500,11350000.0,0.4,2.87,28.3,28.3,22.66,20.5,0.37
同有科技,sz300302,44.56,43.34,44.65,83709900.0,44.56,3100,44.57,900,2.81,47.71,43.98,83709900,3796800000.0,22.7,8.61,164.34,213.56,52.01,34.67,0.93
利德曼,sz300289,6.37,6.47,6.48,6655400.0,6.37,65800,6.38,300,-1.55,6.51,6.35,6655400,42780000.0,1.23,2.47,34.6,34.65,7.76,5.18,0.68
武汉蓝电,bj920779,31.93,31.5,32.0,812300.0,31.89,2000,31.93,6100,1.37,32.43,31.26,812300,25893900.0,4.05,3.71,6.4,25.57,40.95,22.05,0.85
德邦股份,sh603056,18.85,18.85,0.0,0.0,0.0,0,0.0,0,0.0,0.0,0.0,0,0.0,0.0,0.0,190.68,190.68,-1.0,-1.0,0.0
通达海,sz301378,35.27,34.88,34.96,4012500.0,35.25,1100,35.27,22000,1.12,36.09,34.6,4012500,141880000.0,8.74,4.27,16.19,34.07,41.86,27.9,1.02
东贝集团,sh601956,5.78,5.72,5.71,7547400.0,5.78,8100,5.79,10400,1.05,5.83,5.67,7547400,43400000.0,1.21,2.8,35.93,35.93,6.29,5.15,0.97
值得买,sz300785,52.87,51.09,51.06,13894200.0,52.86,13300,52.87,9800,3.48,55.2,51.06,13894200,742520000.0,11.36,8.1,64.68,105.13,61.31,40.87,0.87
志高机械,bj920101,34.23,34.01,34.24,512300.0,34.23,1200,34.3,600,0.65,35.0,33.81,512300,17610500.0,1.84,3.5,9.52,30.52,44.21,23.81,0.96
美迪凯,sh688079,17.53,18.87,18.45,2206575100.0,17.52,600,17.53,12100,-7.1,19.16,17.33,2206575100,393810000.0,5.46,9.7,70.89,72.14,22.64,15.1,1.31
东亚药业,sh605177,22.83,22.4,22.41,5239700.0,22.82,4800,22.83,3000,1.92,22.95,22.04,5239700,118250000.0,4.61,4.06,25.95,26.19,24.64,20.16,1.5
深中华A,sz000017,5.91,5.97,5.93,6813700.0,5.91,23400,5.92,3000,-1.01,6.0,5.88,6813700,40470000.0,1.55,2.01,26.05,40.73,6.57,5.37,0.87
泽润新能,sz301636,61.5,62.21,61.97,2114100.0,61.5,2900,61.54,500,-1.14,62.78,59.32,2114100,128550000.0,13.25,5.56,9.81,39.28,74.65,49.77,0.98
中核科技,sz000777,19.62,19.73,19.83,8067100.0,19.62,24100,19.63,1000,-0.56,20.06,19.53,8067100,159210000.0,2.1,2.69,75.23,75.23,21.7,17.76,0.94
开创电气,sz301448,37.55,37.69,38.38,965200.0,37.55,300,37.59,100,-0.37,38.59,37.25,965200,36470000.0,2.0,3.56,18.13,39.28,45.23,30.15,1.17
华厦眼科,sz301267,17.34,17.59,17.57,4036100.0,17.33,9200,17.34,8500,-1.42,17.89,17.26,4036100,70640000.0,0.62,3.58,112.44,145.66,21.11,14.07,1.04
振华风光,sh688439,50.91,51.2,51.21,337241000.0,50.91,2200,50.94,300,-0.57,52.2,50.3,337241000,172570000.0,1.69,3.71,101.82,101.82,61.44,40.96,1.11
仙乐健康,sz300791,17.58,17.9,18.0,1722800.0,17.57,500,17.58,1100,-1.79,18.0,17.47,1722800,30470000.0,0.67,2.96,45.26,54.27,21.48,14.32,0.9
双环传动,sz002472,42.5,40.73,40.98,47723100.0,42.49,33500,42.5,146300,4.35,43.62,40.9,47723100,2022280000.0,6.38,6.68,318.13,361.22,44.8,36.66,1.58
基康技术,bj920879,18.1,18.47,18.55,2099400.0,18.1,1900,18.11,5400,-2.0,18.69,18.0,2099400,38300600.0,1.4,3.74,27.21,36.36,24.01,12.93,0.79
冠城新材,sh600067,3.29,3.37,3.37,30320100.0,3.29,128200,3.3,234200,-2.37,3.4,3.27,30320100,100560000.0,2.18,3.86,45.79,45.79,3.71,3.03,0.77
经纬辉开,sz300120,7.23,7.41,7.39,15200000.0,7.23,12700,7.24,42300,-2.43,7.45,7.16,15200000,110750000.0,2.88,3.91,38.13,41.53,8.89,5.93,1.17
古麒绒材,sz001390,19.94,20.21,20.19,1337500.0,19.94,7800,19.95,1600,-1.34,20.49,19.88,1337500,26880000.0,2.67,3.02,9.97,39.88,22.23,18.19,0.95
天玛智控,sh688570,16.97,17.05,17.12,78235900.0,16.96,500,16.97,4300,-0.47,17.25,16.9,78235900,13330000.0,0.42,2.05,31.94,73.48,20.46,13.64,0.8
浙江仙通,sh603239,23.65,22.93,22.86,7730600.0,23.63,3500,23.65,13100,3.14,24.23,22.51,7730600,181810000.0,2.86,7.5,64.03,64.03,25.22,20.64,0.96
瑞晨环保,sz301273,43.44,43.4,43.0,1800300.0,43.44,200,43.49,2000,0.09,43.98,42.71,1800300,77910000.0,3.27,2.93,23.89,31.12,52.08,34.72,0.94
山推股份,sz000680,11.85,11.79,11.8,19852900.0,11.84,36900,11.85,36300,0.51,12.06,11.74,19852900,235950000.0,1.51,2.71,155.79,177.77,12.97,10.61,0.78
金 融 街,sz000402,3.01,3.04,3.05,94846900.0,3.01,1019200,3.02,218800,-0.99,3.1,2.98,94846900,287510000.0,3.17,3.95,89.96,89.97,3.34,2.74,0.72
建工修复,sz300958,14.0,14.33,14.32,3919300.0,14.0,8900,14.02,4600,-2.3,14.39,13.9,3919300,55440000.0,4.3,3.42,12.75,21.94,17.2,11.46,1.29
华孚时尚,sz002042,4.8,4.96,4.98,63775100.0,4.8,58000,4.81,161300,-3.23,5.07,4.76,63775100,311020000.0,3.75,6.25,81.63,81.63,5.46,4.46,0.73
信质集团,sz002664,23.26,22.49,22.46,21494000.0,23.25,11100,23.26,28000,3.42,24.28,22.14,21494000,498220000.0,5.34,9.52,93.64,94.95,24.74,20.24,1.13
韵达股份,sz002120,7.5,7.57,7.57,37690300.0,7.5,280500,7.51,143500,-0.92,7.63,7.43,37690300,283450000.0,1.34,2.64,211.13,217.44,8.33,6.81,0.97
泛微网络,sh603039,46.9,45.72,45.8,12173200.0,46.9,16200,46.91,3800,2.58,49.0,45.8,12173200,579900000.0,4.75,7.0,120.24,120.24,50.29,41.15,1.19
创世纪,sz300083,11.93,10.53,10.37,331550400.0,11.93,761600,11.94,367900,13.3,12.47,10.3,331550400,3815560000.0,22.22,20.61,178.01,198.62,12.64,8.42,1.91
华大基因,sz300676,40.75,40.85,40.85,7893100.0,40.74,1200,40.75,1200,-0.24,41.49,40.38,7893100,323260000.0,1.9,2.72,169.54,170.46,49.02,32.68,0.61
润达医疗,sh603108,13.23,12.8,12.8,21432800.0,13.23,7500,13.24,40500,3.36,13.73,12.77,21432800,285330000.0,3.55,7.5,79.87,79.87,14.08,11.52,1.22
百川能源,sh600681,3.95,3.98,3.99,22995200.0,3.95,539200,3.96,91900,-0.75,4.01,3.9,22995200,90860000.0,1.72,2.76,52.92,52.96,4.38,3.58,0.85
华新精科,sh603370,47.27,42.97,42.98,2510500.0,47.27,1455800,0.0,0,10.01,47.27,42.7,2510500,115910000.0,7.17,10.64,16.54,82.7,47.27,38.67,3.12
陕西煤业,sh601225,23.86,23.34,23.42,48034500.0,23.85,11500,23.86,46300,2.23,24.08,23.14,48034500,1141840000.0,0.5,4.03,2313.23,2313.23,25.67,21.01,1.07
鼎佳精密,bj920005,35.15,34.69,34.71,334200.0,35.0,2300,35.15,1100,1.33,35.52,34.59,334200,11716600.0,1.55,2.68,7.56,29.17,45.09,24.29,0.85
柳    工,sz000528,9.51,9.46,9.47,38303500.0,9.51,107400,9.52,46700,0.53,9.66,9.41,38303500,364650000.0,1.88,2.64,193.43,193.7,10.41,8.51,0.49
北大荒,sh600598,15.89,16.54,16.55,32746400.0,15.88,100000,15.89,7600,-3.93,16.55,15.79,32746400,525450000.0,1.84,4.59,282.47,282.47,18.19,14.89,1.56
甘李药业,sh603087,56.54,56.7,57.0,5501000.0,56.54,11300,56.55,2400,-0.28,57.71,56.15,5501000,313260000.0,0.99,2.75,315.41,337.72,62.37,51.03,0.86
晶科能源,sh688223,6.83,7.37,7.38,33176081000.0,6.83,101300,6.84,914500,-7.33,7.38,6.62,33176081000,2279820000.0,3.23,10.31,701.4,701.4,8.84,5.9,1.27
蒙草生态,sz300355,3.55,3.58,3.58,18207000.0,3.55,39300,3.56,516400,-0.84,3.6,3.54,18207000,64880000.0,1.33,1.68,48.5,56.95,4.3,2.86,0.83
克明食品,sz002661,8.49,8.52,8.47,4143500.0,8.49,1000,8.51,100,-0.35,8.59,8.4,4143500,35210000.0,1.3,2.23,26.97,28.28,9.37,7.67,0.8
澳洋健康,sz002172,3.65,3.67,3.68,12258200.0,3.65,301100,3.66,3800,-0.54,3.71,3.65,12258200,45060000.0,1.6,1.63,27.93,27.95,4.04,3.3,0.8
福莱蒽特,sh605566,35.71,35.21,35.3,4806600.0,35.71,9600,35.74,200,1.42,36.58,35.22,4806600,172320000.0,3.6,3.86,47.62,47.62,38.73,31.69,0.67
吉林化纤,sz000420,5.09,5.14,5.16,101260600.0,5.09,220600,5.1,252800,-0.97,5.23,5.03,101260600,518770000.0,4.12,3.89,125.11,125.16,5.65,4.63,0.86
诚意药业,sh603811,11.47,11.58,11.55,5613400.0,11.47,64400,11.48,3000,-0.95,11.6,11.4,5613400,64410000.0,1.72,1.73,37.54,37.54,12.74,10.42,0.57
博思软件,sz300525,9.71,9.81,9.79,13491000.0,9.71,42800,9.72,129700,-1.02,9.9,9.68,13491000,132110000.0,2.16,2.24,60.53,73.65,11.77,7.85,0.79
好当家,sh600467,2.35,2.38,2.38,25007100.0,2.34,1463400,2.35,135000,-1.26,2.38,2.34,25007100,58890000.0,1.71,1.68,34.33,34.33,2.62,2.14,0.8
宁波高发,sh603788,17.8,17.93,17.8,6027300.0,17.78,2800,17.8,27000,-0.73,18.1,17.43,6027300,107160000.0,2.7,3.74,39.71,39.71,19.72,16.14,0.95
诺思格,sz301333,57.52,58.7,58.6,1589100.0,57.51,7400,57.55,3300,-2.01,59.3,57.03,1589100,91920000.0,1.65,3.87,55.47,55.55,70.44,46.96,1.2
唯赛勃,sh688718,18.57,18.41,18.41,308489300.0,18.56,8400,18.57,24000,0.87,18.99,18.3,308489300,57360000.0,1.78,3.75,32.27,32.27,22.09,14.73,0.55
南凌科技,sz300921,28.28,27.83,28.08,10424700.0,28.28,25900,28.29,3000,1.62,28.97,27.96,10424700,297220000.0,9.09,3.63,32.44,51.98,33.4,22.26,0.93
德宏股份,sh603701,24.99,25.2,25.3,3921800.0,24.95,1300,24.99,5900,-0.83,25.3,24.72,3921800,97920000.0,1.5,2.3,65.31,65.31,27.72,22.68,0.76
岱美股份,sh603730,11.26,11.18,11.2,25536500.0,11.25,27100,11.26,17800,0.72,11.54,11.03,25536500,288390000.0,1.19,4.56,241.93,241.93,12.3,10.06,0.88
玲珑轮胎,sh601966,12.73,12.92,12.92,9712100.0,12.73,20100,12.74,21000,-1.47,12.96,12.67,9712100,124410000.0,0.66,2.24,186.3,186.3,14.21,11.63,0.86
金达威,sz002626,16.51,17.02,16.8,8504200.0,16.51,12500,16.52,6000,-3.0,16.95,16.41,8504200,141850000.0,1.39,3.17,100.69,100.7,18.72,15.32,0.92
ST云动,sz000903,1.95,2.03,2.03,47196900.0,1.95,622300,1.96,102500,-3.94,2.05,1.94,47196900,93200000.0,2.46,5.42,37.45,37.73,2.13,1.93,0.86
西部超导,sh688122,63.41,64.86,64.86,1502047700.0,63.4,9700,63.41,1500,-2.24,65.34,63.0,1502047700,959650000.0,2.31,3.61,411.95,411.95,77.83,51.89,1.02
农发种业,sh600313,6.74,6.97,6.9,53462600.0,6.73,221400,6.74,188900,-3.3,6.9,6.65,53462600,360780000.0,4.94,3.59,72.94,78.28,7.67,6.27,0.94
燕京啤酒,sz000729,12.27,12.47,12.47,29669300.0,12.26,6800,12.27,35600,-1.6,12.54,12.17,29669300,365470000.0,1.18,2.97,307.93,345.83,13.72,11.22,0.87
信通电子,sz001388,38.25,38.48,38.42,944500.0,38.25,400,38.26,1300,-0.6,38.85,38.07,944500,36310000.0,3.03,2.03,11.93,59.67,42.33,34.63,0.6
奇正藏药,sz002287,22.33,22.3,22.32,1629200.0,22.33,3300,22.34,2000,0.13,22.48,22.2,1629200,36410000.0,0.29,1.26,127.49,127.75,24.53,20.07,0.86
天宸股份,sh600620,5.28,5.33,5.35,7681800.0,5.27,24100,5.28,9900,-0.94,5.38,5.26,7681800,40840000.0,1.12,2.25,36.26,36.26,5.86,4.8,0.84
复旦微电,sh688385,69.1,71.66,72.4,2520180100.0,69.1,1500,69.11,2000,-3.57,73.09,68.05,2520180100,1766070000.0,4.67,7.03,372.72,569.19,85.99,57.33,1.16
大秦铁路,sh601006,5.42,5.35,5.36,133537900.0,5.41,451100,5.42,1412000,1.31,5.43,5.33,133537900,720570000.0,0.66,1.87,1091.98,1091.98,5.89,4.82,0.96
重庆港,sh600279,4.92,4.96,4.95,7707100.0,4.92,17700,4.93,42600,-0.81,4.97,4.9,7707100,37980000.0,0.65,1.41,58.39,58.39,5.46,4.46,0.51
天铭科技,bj920270,17.96,17.6,17.56,4616600.0,17.96,30100,17.97,3600,2.05,18.68,17.3,4616600,83430800.0,5.69,7.84,14.57,18.79,22.88,12.32,0.7
天顺风能,sz002531,12.44,11.67,11.87,135906800.0,12.44,76600,12.45,10600,6.6,12.84,11.81,135906800,1694970000.0,7.61,8.83,222.28,223.53,12.84,10.5,2.56
华智数媒,sz300426,7.46,7.4,7.48,14537900.0,7.46,900,7.47,9900,0.81,7.85,7.42,14537900,110310000.0,3.63,5.81,29.84,33.6,8.88,5.92,1.18
中炬高新,sh600872,20.43,20.7,20.61,15549800.0,20.42,3200,20.44,8800,-1.3,20.67,20.22,15549800,317370000.0,2.02,2.17,157.51,159.05,22.77,18.63,0.81
海格通信,sz002465,14.98,15.51,15.55,99583500.0,14.98,38100,14.99,103300,-3.42,15.88,14.87,99583500,1507220000.0,4.02,6.51,371.19,371.78,17.06,13.96,1.03
和辉光电-U,sh688538,2.27,2.31,2.31,9359692300.0,2.26,884800,2.27,316500,-1.73,2.32,2.25,9359692300,214090000.0,1.63,3.03,130.58,313.47,2.77,1.85,1.12
杭萧钢构,sh600477,2.93,2.92,2.93,54540600.0,2.93,258700,2.94,471100,0.34,3.04,2.91,54540600,161300000.0,2.31,4.45,69.12,69.12,3.21,2.63,1.23
金龙鱼,sz300999,27.58,27.93,27.87,9748600.0,27.57,34900,27.58,20400,-1.25,27.95,27.52,9748600,270080000.0,1.8,1.54,149.66,1495.27,33.52,22.34,0.99
力盛体育,sz002858,16.6,16.41,16.37,5880600.0,16.58,8500,16.6,52000,1.16,16.88,16.36,5880600,97830000.0,3.99,3.17,24.47,27.21,18.05,14.77,0.77
龙芯中科,sh688047,159.98,165.02,165.02,1233067200.0,159.98,700,159.99,2400,-3.05,167.5,158.1,1233067200,1999860000.0,3.07,5.7,641.52,641.52,198.02,132.02,0.8
赛福天,sh603028,9.49,9.3,9.29,10430000.0,9.49,19100,9.5,102000,2.04,9.71,9.2,10430000,98930000.0,3.67,5.48,26.97,27.24,10.23,8.37,0.57
浙江永强,sz002489,4.01,3.78,3.76,151865800.0,4.01,33600,4.02,710500,6.08,4.12,3.72,151865800,601510000.0,7.94,10.58,76.71,86.98,4.16,3.4,1.46
报 喜 鸟,sz002154,4.55,4.51,4.55,44554100.0,4.54,101900,4.55,310400,0.89,4.64,4.48,44554100,204160000.0,3.78,3.55,53.68,66.4,4.96,4.06,0.79
聚星科技,bj920111,33.42,33.0,32.9,6069200.0,33.42,600,33.45,100,1.27,33.97,32.65,6069200,202096800.0,8.06,4.0,25.16,51.85,42.9,23.1,0.56
科大讯飞,sz002230,47.14,47.68,47.68,52807900.0,47.13,145700,47.14,900,-1.13,48.54,47.04,52807900,2514350000.0,2.41,3.15,1032.03,1132.34,52.45,42.91,0.91
中元股份,sz300018,14.39,15.0,15.07,27399700.0,14.38,47000,14.39,42100,-4.07,15.2,14.23,27399700,399130000.0,7.6,6.47,51.9,69.84,18.0,12.0,0.89
五洲交通,sh600368,3.87,3.91,3.91,18178400.0,3.87,81500,3.88,17900,-1.02,3.92,3.86,18178400,70730000.0,1.13,1.53,62.29,62.29,4.3,3.52,0.6
博科测试,sz301598,68.24,65.6,66.3,1237700.0,68.24,500,68.26,800,4.02,69.31,66.0,1237700,83980000.0,7.05,5.05,11.97,40.19,78.72,52.48,1.63
火炬电子,sh603678,32.13,32.79,33.16,9776300.0,32.13,8400,32.16,1000,-2.01,33.46,32.0,9776300,317950000.0,2.06,4.45,152.8,152.8,36.07,29.51,0.81
凌云股份,sh600480,12.05,11.88,11.88,66345200.0,12.04,257300,12.05,106300,1.43,12.39,11.73,66345200,799050000.0,5.47,5.56,146.15,147.28,13.07,10.69,0.98
ST万邦,sz002082,18.91,19.9,18.91,12425100.0,0.0,0,18.91,21705500,-4.97,18.91,18.91,12425100,234960000.0,2.25,0.0,104.62,115.67,20.9,18.91,29.96
中富通,sz300560,17.13,16.45,16.46,15537000.0,17.13,4100,17.14,18600,4.13,17.41,16.46,15537000,264130000.0,8.31,5.78,32.03,39.36,19.74,13.16,1.07
科大智能,sz300222,12.88,12.53,12.62,44123000.0,12.88,11100,12.89,63800,2.79,13.15,12.4,44123000,567100000.0,6.96,5.99,81.63,100.24,15.04,10.02,1.06
中国铁物,sz000927,2.73,2.74,2.73,63001200.0,2.73,171800,2.74,863800,-0.36,2.77,2.71,63001200,172520000.0,1.04,2.19,165.17,165.17,3.01,2.47,0.89
通行宝,sz301339,12.65,12.7,12.71,4346600.0,12.64,20700,12.65,11800,-0.39,12.87,12.58,4346600,55200000.0,0.76,2.28,72.08,73.41,15.24,10.16,1.02
佳驰科技,sh688708,54.24,53.74,53.69,296808400.0,54.24,13300,54.25,200,0.93,55.29,53.15,296808400,161910000.0,2.09,3.98,77.17,216.97,64.49,42.99,1.41
兆龙互连,sz300913,55.31,57.0,57.41,8313300.0,55.31,300,55.32,1000,-2.96,58.18,54.56,8313300,466220000.0,3.25,6.35,141.47,189.59,68.4,45.6,0.89
健尔康,sh603205,25.48,25.64,25.68,727100.0,25.48,1900,25.51,100,-0.62,25.71,25.4,727100,18560000.0,1.76,1.21,10.53,39.75,28.2,23.08,0.77
凡拓数创,sz301313,38.35,37.56,37.6,3779400.0,38.35,9300,38.38,700,2.1,39.76,37.33,3779400,145830000.0,4.81,6.47,30.13,39.67,45.07,30.05,0.91
康辰药业,sh603590,35.09,35.65,35.64,2254300.0,35.08,800,35.09,400,-1.57,35.89,34.86,2254300,79580000.0,1.42,2.89,55.52,55.8,39.22,32.09,0.65
黄山胶囊,sz002817,7.89,7.9,7.94,5562400.0,7.88,7300,7.89,2700,-0.13,8.05,7.81,5562400,44120000.0,1.92,3.04,22.88,23.6,8.69,7.11,0.91
华密新材,bj920247,20.78,20.35,20.56,5472700.0,20.77,200,20.78,6400,2.11,21.5,20.52,5472700,115101100.0,3.99,4.82,28.5,39.29,26.45,14.25,1.1
温氏股份,sz300498,15.08,15.08,15.08,51582400.0,15.07,26300,15.08,45100,0.0,15.27,14.76,51582400,775540000.0,0.87,3.38,897.15,1003.41,18.1,12.06,0.82
正弦电气,sh688395,31.85,32.0,32.01,246304500.0,31.75,500,31.85,6000,-0.47,32.27,31.44,246304500,78300000.0,2.84,2.59,27.58,27.58,38.4,25.6,0.81
万华化学,sh600309,81.81,81.99,82.4,28304800.0,81.8,3300,81.81,2900,-0.22,83.85,81.43,28304800,2333930000.0,0.9,2.95,2561.04,2561.04,90.19,73.79,0.92
腾龙股份,sh603158,14.6,14.71,14.81,35300900.0,14.59,16200,14.6,35800,-0.75,15.0,14.45,35300900,519100000.0,7.19,3.74,71.65,71.65,16.18,13.24,0.73
爱普股份,sh603020,10.88,10.8,10.8,8730400.0,10.87,11700,10.88,40200,0.74,11.14,10.69,8730400,95260000.0,2.32,4.17,40.87,40.87,11.88,9.72,0.58
岳阳兴长,sz000819,16.16,17.08,17.24,12548700.0,16.16,25700,16.17,2200,-5.39,17.24,16.09,12548700,207610000.0,3.43,6.73,59.07,59.71,18.79,15.37,1.13
景嘉微,sz300474,64.64,65.59,65.45,13245500.0,64.64,30700,64.65,1100,-1.45,66.99,64.2,13245500,868300000.0,3.26,4.25,262.74,337.82,78.71,52.47,0.85
华大智造,sh688114,52.42,50.58,50.5,696790400.0,52.4,0,52.42,8100,3.64,53.88,50.38,696790400,365840000.0,1.68,6.92,217.88,218.34,60.7,40.46,1.41
国机汽车,sh600335,6.01,5.87,5.89,19980300.0,6.0,84900,6.01,92400,2.39,6.11,5.82,19980300,119830000.0,1.34,4.94,89.9,89.9,6.46,5.28,1.96
冠捷科技,sz000727,2.73,2.8,2.79,136665000.0,2.72,970400,2.73,435100,-2.5,2.83,2.7,136665000,374220000.0,3.02,4.64,123.66,123.66,3.08,2.52,0.84
深物业A,sz000011,7.6,7.73,7.73,5775400.0,7.59,4000,7.6,3200,-1.68,7.79,7.54,5775400,44250000.0,1.1,3.23,40.01,45.29,8.5,6.96,0.6
山东墨龙,sz002490,9.09,9.16,9.15,42713500.0,9.09,167400,9.1,69600,-0.76,9.33,8.99,42713500,390400000.0,7.88,3.71,49.24,72.52,10.08,8.24,0.67
民生银行,sh600016,3.61,3.64,3.64,184342300.0,3.61,4326800,3.62,9177000,-0.82,3.65,3.61,184342300,668420000.0,0.52,1.1,1280.18,1580.55,4.0,3.28,1.14
中通客车,sz000957,11.65,11.77,11.8,17073600.0,11.64,9700,11.65,3400,-1.02,11.89,11.54,17073600,199400000.0,2.88,2.97,69.07,69.07,12.95,10.59,0.92
远程股份,sz002692,5.51,5.47,5.46,23391400.0,5.5,83500,5.51,6200,0.73,5.59,5.3,23391400,126970000.0,3.26,5.3,39.55,39.57,6.02,4.92,0.92
铭利达,sz301268,22.8,22.93,22.93,4485000.0,22.77,1000,22.8,4800,-0.57,23.29,22.4,4485000,102290000.0,1.3,3.88,78.59,91.29,27.52,18.34,0.84
祥鑫科技,sz002965,35.82,34.69,34.69,16446300.0,35.82,200,35.83,3100,3.26,36.5,34.69,16446300,590250000.0,8.64,5.22,68.21,95.06,38.16,31.22,1.12
辰欣药业,sh603367,14.82,15.15,15.1,9253900.0,14.82,52800,14.83,25400,-2.18,15.19,14.78,9253900,138510000.0,2.04,2.71,67.1,67.1,16.67,13.64,1.42
信隆健康,sz002105,6.61,6.61,6.61,7273800.0,6.61,20600,6.62,25800,0.0,6.73,6.57,7273800,48330000.0,2.0,2.42,24.09,24.21,7.27,5.95,1.23
海力风电,sz301155,67.2,66.97,67.0,7641300.0,67.19,3500,67.2,3100,0.34,69.63,66.12,7641300,517100000.0,6.2,5.24,82.83,146.09,80.36,53.58,1.04
雪祺电气,sz001387,14.28,14.39,14.39,4126000.0,14.27,6500,14.28,2200,-0.76,14.55,14.11,4126000,59180000.0,3.62,3.06,16.27,26.14,15.83,12.95,1.03
蓝天燃气,sh605368,7.56,7.6,7.59,4815800.0,7.56,205600,7.57,90100,-0.53,7.61,7.44,4815800,36200000.0,0.67,2.24,54.03,54.03,8.36,6.84,1.35
友升股份,sh603418,55.98,55.39,55.3,1628300.0,55.98,1700,56.0,7100,1.07,57.07,55.21,1628300,91450000.0,3.94,3.36,23.16,108.08,60.93,49.85,0.37
科德教育,sz300192,19.17,19.02,19.04,8479300.0,19.17,12100,19.18,8500,0.79,19.58,18.99,8479300,163420000.0,2.61,3.1,62.23,63.1,22.82,15.22,0.72
英搏尔,sz300681,34.38,33.66,33.58,15559600.0,34.36,1200,34.38,600,2.14,35.48,33.58,15559600,536300000.0,6.74,5.64,79.35,105.22,40.39,26.93,1.14
天佑德酒,sz002646,7.8,8.03,7.94,7339200.0,7.8,13100,7.81,17600,-2.86,7.96,7.77,7339200,57570000.0,1.54,2.37,37.12,37.37,8.83,7.23,1.27
生 意 宝,sz002095,15.92,15.81,15.89,3642400.0,15.9,23400,15.92,10000,0.7,16.26,15.8,3642400,58420000.0,1.45,2.91,40.07,40.23,17.39,14.23,1.05
古井贡酒,sz000596,97.62,101.04,100.3,3327100.0,97.61,1000,97.62,6000,-3.38,101.0,97.18,3327100,327430000.0,0.81,3.78,398.88,516.02,111.14,90.94,0.94
上海莱士,sz002252,5.44,5.51,5.51,31406000.0,5.44,120300,5.45,551300,-1.27,5.53,5.42,31406000,171810000.0,0.47,2.0,360.88,361.11,6.06,4.96,0.83
华维设计,bj920427,12.45,12.52,12.52,1597300.0,12.45,1000,12.47,2200,-0.56,12.87,12.34,1597300,20155600.0,3.14,4.23,6.34,12.84,16.27,8.77,0.63
药康生物,sh688046,21.51,20.76,20.76,687665300.0,21.51,200,21.53,200,3.61,21.99,20.72,687665300,148200000.0,1.68,6.12,88.19,88.19,24.91,16.61,1.14
*ST创兴,sh600193,2.17,2.17,0.0,0.0,0.0,0,0.0,0,0.0,0.0,0.0,0,0.0,0.0,0.0,9.23,9.23,2.28,2.06,0.0
元祖股份,sh603886,11.88,12.02,12.06,3413900.0,11.88,2400,11.89,600,-1.16,12.06,11.79,3413900,40700000.0,1.42,2.25,28.51,28.51,13.22,10.82,0.84
中国长城,sz000066,20.5,22.67,21.51,526387200.0,20.5,374500,20.51,107700,-9.57,21.93,20.4,526387200,11035470000.0,16.32,6.75,661.24,661.29,24.94,20.4,0.89
ST迪威迅,sz300167,6.03,6.08,6.09,10345000.0,6.03,120700,6.06,200,-0.82,6.19,5.94,10345000,62840000.0,2.92,4.11,21.35,23.48,7.3,4.86,1.03
涛涛车业,sz301345,239.79,247.56,246.88,1089700.0,239.78,100,240.27,200,-3.14,249.59,238.4,1089700,264730000.0,3.11,4.52,84.0,261.49,297.07,198.05,0.97
云从科技-UW,sh688327,13.67,13.71,13.74,2848482400.0,13.67,27600,13.68,8300,-0.29,14.07,13.53,2848482400,393710000.0,3.42,3.94,113.93,141.97,16.45,10.97,0.89
海昇药业,bj920656,15.62,15.93,15.9,543600.0,15.62,2000,15.63,0,-1.95,15.97,15.56,543600,8553600.0,1.68,2.57,5.06,15.62,20.7,11.16,0.71
*ST海利,sh603718,3.88,3.83,3.8,14851500.0,3.87,100600,3.88,258200,1.31,3.98,3.77,14851500,57930000.0,2.29,5.48,25.18,25.29,4.02,3.64,0.7
ST诺泰,sh688076,31.29,31.45,31.3,194040200.0,31.29,1100,31.3,10200,-0.51,31.95,31.13,194040200,61150000.0,0.61,2.61,98.89,98.89,37.74,25.16,0.49
伟测科技,sh688372,159.8,162.72,162.98,1114323500.0,159.79,700,159.8,12800,-1.79,168.52,152.6,1114323500,1785320000.0,6.64,9.78,268.09,268.09,195.26,130.18,1.01
威派格,sh603956,5.8,5.77,5.76,9729000.0,5.79,16800,5.8,46500,0.52,5.92,5.75,9729000,56590000.0,1.71,2.95,33.05,33.05,6.35,5.19,1.33
奥飞娱乐,sz002292,7.85,7.78,7.82,32076000.0,7.84,64800,7.85,102500,0.9,7.99,7.78,32076000,253310000.0,3.15,2.7,79.9,116.08,8.56,7.0,0.93
狮头股份,sh600539,16.44,16.43,15.76,27310900.0,16.43,1400,16.44,60700,0.06,17.28,15.7,27310900,446510000.0,11.87,9.62,37.81,37.81,18.07,14.79,0.73
千方科技,sz002373,8.57,8.61,8.65,25013600.0,8.56,69800,8.57,38900,-0.46,8.75,8.53,25013600,215810000.0,1.82,2.56,118.06,135.42,9.47,7.75,0.95
光威复材,sz300699,34.12,34.7,34.98,23513000.0,34.12,5800,34.13,43900,-1.67,35.44,33.87,23513000,811240000.0,2.86,4.52,280.27,283.66,41.64,27.76,0.79
清新环境,sz002573,3.48,3.54,3.53,10518800.0,3.48,63900,3.49,51900,-1.69,3.54,3.46,10518800,36790000.0,0.74,2.26,49.17,49.25,3.89,3.19,0.84
一诺威,bj920261,14.98,15.39,15.35,2808200.0,14.98,5900,14.99,2100,-2.66,15.66,14.83,2808200,42509000.0,1.64,5.39,25.65,43.61,20.0,10.78,1.54
上海钢联,sz300226,24.64,25.0,24.91,8729300.0,24.64,5300,24.66,7700,-1.44,25.36,24.48,8729300,217340000.0,2.85,3.52,75.51,78.53,30.0,20.0,0.9
沃顿科技,sz000920,11.23,11.46,11.52,6313900.0,11.23,22300,11.24,10600,-2.01,11.55,11.15,6313900,71470000.0,1.34,3.49,53.07,53.08,12.61,10.31,1.02
山石网科,sh688030,16.52,16.51,16.4,230397000.0,16.5,500,16.52,1800,0.06,16.87,16.4,230397000,38390000.0,1.28,2.85,29.77,29.77,19.81,13.21,0.75
鸣志电器,sh603728,64.99,61.74,61.74,17400500.0,64.98,3400,64.99,25300,5.26,66.58,61.74,17400500,1127320000.0,4.15,7.84,272.23,272.23,67.91,55.57,1.87
常山北明,sz000158,16.89,17.07,17.07,23752800.0,16.89,226600,16.9,50800,-1.05,17.27,16.86,23752800,404760000.0,1.5,2.4,268.2,270.01,18.78,15.36,0.78
光启技术,sz002625,40.31,40.7,41.12,28435700.0,40.3,36600,40.31,7900,-0.96,41.6,39.86,28435700,1156590000.0,1.32,4.28,868.51,868.51,44.77,36.63,0.81
华锦股份,sz000059,5.0,5.08,5.09,25958200.0,5.0,658400,5.01,70000,-1.57,5.11,4.99,25958200,130530000.0,1.62,2.36,79.97,79.97,5.59,4.57,0.89
彩虹股份,sh600707,10.69,10.77,10.69,255017400.0,10.68,86100,10.69,184500,-0.74,11.72,10.64,255017400,2832330000.0,7.11,10.03,383.52,383.6,11.85,9.69,1.22
水星家纺,sh603365,20.6,20.3,20.28,3821600.0,20.59,400,20.6,9300,1.48,21.07,20.25,3821600,79310000.0,1.47,4.04,53.52,54.07,22.33,18.27,0.97
万胜智能,sz300882,18.37,18.55,18.55,4037700.0,18.37,7800,18.38,500,-0.97,18.75,18.16,4037700,74250000.0,1.52,3.18,48.92,52.58,22.26,14.84,0.76
益生股份,sz002458,9.16,9.06,9.06,31073300.0,9.15,34900,9.16,379600,1.1,9.26,8.86,31073300,283830000.0,3.22,4.42,88.52,131.1,9.97,8.15,1.74
赢时胜,sz300377,16.72,17.02,17.2,21993600.0,16.71,8800,16.72,1100,-1.76,17.39,16.61,21993600,372250000.0,3.18,4.58,115.52,125.57,20.42,13.62,0.83
重庆路桥,sh600106,5.91,5.96,5.98,31609100.0,5.9,81900,5.91,77800,-0.84,6.09,5.75,31609100,186870000.0,2.38,5.7,78.55,78.55,6.56,5.36,1.38
万邦达,sz300055,10.18,10.94,11.0,54556800.0,10.18,26300,10.19,4700,-6.95,11.16,9.87,54556800,560520000.0,8.62,11.79,64.42,85.18,13.13,8.75,2.32
天健集团,sz000090,3.42,3.46,3.46,17818800.0,3.42,1300,3.43,202900,-1.16,3.49,3.41,17818800,61290000.0,0.95,2.31,63.9,63.9,3.81,3.11,0.85
鸿合科技,sz002955,24.44,24.63,24.63,2327100.0,24.44,6000,24.46,2500,-0.77,25.15,24.28,2327100,57270000.0,1.19,3.53,47.82,57.83,27.09,22.17,0.71
艾能聚,bj920770,14.75,15.43,15.23,5015100.0,14.75,35500,14.76,6600,-4.41,15.4,14.72,5015100,75009800.0,6.12,4.41,12.08,19.19,20.05,10.81,1.33
连城数控,bj920368,45.24,44.98,43.5,19459900.0,45.24,50800,45.25,32300,0.58,47.58,41.51,19459900,858130800.0,8.71,13.49,101.05,106.21,58.47,31.49,1.16
中 关 村,sz000931,4.49,4.52,4.54,9337100.0,4.48,12600,4.49,22600,-0.66,4.55,4.43,9337100,41910000.0,1.24,2.65,33.72,33.82,4.97,4.07,1.01
凯撒文化,sz002425,3.44,3.45,3.45,16866900.0,3.43,89000,3.44,6500,-0.29,3.51,3.41,16866900,58380000.0,1.83,2.9,31.65,32.91,3.8,3.11,0.7
天利科技,sz300399,22.35,22.47,22.47,4031600.0,22.33,500,22.35,8600,-0.53,22.9,22.17,4031600,90660000.0,2.04,3.25,44.16,44.16,26.96,17.98,0.79
亚世光电,sz002952,29.89,28.54,28.43,16952600.0,29.89,17700,29.9,73200,4.73,29.98,27.5,16952600,496590000.0,12.88,8.69,39.35,49.12,31.39,25.69,1.75
双一科技,sz300690,28.56,28.12,28.42,5957900.0,28.55,10600,28.56,8000,1.56,29.06,27.9,5957900,169650000.0,5.37,4.13,31.66,47.22,33.74,22.5,0.95
同为股份,sz002835,14.95,15.09,15.08,2702600.0,14.93,3000,14.95,1000,-0.93,15.17,14.81,2702600,40570000.0,2.12,2.39,19.03,32.81,16.6,13.58,1.18
恒丰纸业,sh600356,9.58,9.68,9.65,5426300.0,9.57,9400,9.58,7800,-1.03,9.83,9.52,5426300,52480000.0,1.82,3.2,28.62,31.57,10.65,8.71,0.83
尚荣医疗,sz002551,3.43,3.5,3.5,11846100.0,3.43,33000,3.44,64000,-2.0,3.51,3.41,11846100,40960000.0,1.94,2.86,20.96,29.0,3.85,3.15,0.87
青岛食品,sz001219,14.5,14.51,14.56,4347100.0,14.49,2000,14.5,20100,-0.07,14.62,14.34,4347100,62890000.0,2.29,1.93,27.57,28.27,15.96,13.06,0.7
微电生理,sh688351,26.35,26.36,26.2,812226000.0,26.35,7200,26.36,4000,-0.04,27.17,26.1,812226000,216890000.0,1.73,4.06,124.0,124.0,31.63,21.09,0.8
中胤时尚,sz300901,19.1,19.36,19.37,6766300.0,19.09,24000,19.1,31900,-1.34,19.59,18.0,6766300,129180000.0,2.82,8.21,45.84,45.84,23.23,15.49,0.91
德赛西威,sz002920,105.0,103.31,103.48,12386900.0,104.99,58800,105.0,5100,1.64,107.2,102.56,12386900,1302580000.0,2.08,4.49,626.45,626.65,113.64,92.98,1.24
天邑股份,sz300504,18.89,19.25,19.19,11758800.0,18.89,6800,18.9,30600,-1.87,19.45,18.71,11758800,223810000.0,5.39,3.84,41.23,51.2,23.1,15.4,0.9
华恒生物,sh688639,27.11,26.1,26.08,765826800.0,27.11,12600,27.12,2000,3.87,27.45,25.92,765826800,205440000.0,3.06,5.86,67.81,67.81,31.32,20.88,1.38
依依股份,sz001206,18.31,18.55,18.55,2386700.0,18.31,4300,18.34,6200,-1.29,18.66,18.09,2386700,43810000.0,2.23,3.07,19.57,33.85,20.41,16.7,0.96
特发服务,sz300917,33.53,33.96,34.01,4129300.0,33.53,1300,33.55,2300,-1.27,34.54,33.29,4129300,139420000.0,2.44,3.68,56.67,56.67,40.75,27.17,0.6
芯导科技,sh688230,73.48,72.7,72.65,208164400.0,73.45,7900,73.48,100,1.07,75.9,71.79,208164400,153520000.0,1.77,5.65,86.41,86.41,87.24,58.16,1.12
宝立食品,sh603170,12.69,12.77,12.77,2277700.0,12.69,3200,12.7,3000,-0.63,12.82,12.59,2277700,28900000.0,0.57,1.8,50.76,50.76,14.05,11.49,0.59
航天南湖,sh688552,37.15,37.65,37.51,397340600.0,37.15,1000,37.2,5000,-1.33,38.14,36.88,397340600,149130000.0,4.58,3.35,32.26,125.29,45.18,30.12,0.55
惠通科技,sz301601,21.29,21.7,21.68,1997800.0,21.29,2200,21.3,7700,-1.89,22.2,21.2,1997800,43220000.0,2.36,4.61,17.99,29.91,26.04,17.36,1.33
美利云,sz000815,21.04,21.34,21.36,97735600.0,21.04,493300,21.05,31800,-1.41,22.44,20.8,97735600,2095860000.0,14.06,7.69,146.28,146.28,23.47,19.21,0.77
荣泰健康,sh603579,22.33,21.66,21.44,7269600.0,22.31,3000,22.33,7900,3.09,22.74,21.44,7269600,162490000.0,3.62,6.0,44.89,44.89,23.83,19.49,1.36
乐心医疗,sz300562,13.79,13.81,13.81,5903000.0,13.78,6400,13.79,500,-0.14,14.13,13.7,5903000,82350000.0,3.62,3.11,22.47,30.15,16.57,11.05,0.99
中航高科,sh600862,20.03,20.38,20.3,17711300.0,20.03,75400,20.04,2900,-1.72,20.55,19.97,17711300,357710000.0,1.27,2.85,279.03,279.03,22.42,18.34,0.71
亿道信息,sz001314,54.83,55.22,55.14,3969000.0,54.83,100,54.92,100,-0.71,56.0,54.31,3969000,219180000.0,3.19,3.06,68.2,78.21,60.74,49.7,0.66
钜泉科技,sh688391,32.87,33.3,33.2,215305100.0,32.87,2500,32.88,7700,-1.29,33.74,32.52,215305100,71210000.0,1.87,3.66,37.86,37.86,39.96,26.64,1.01
中安科,sh600654,3.88,3.91,3.95,96632400.0,3.88,47900,3.89,730000,-0.77,4.02,3.84,96632400,378400000.0,4.17,4.6,89.92,111.65,4.3,3.52,0.6
三一重工,sh600031,20.46,20.61,20.6,86100100.0,20.45,13000,20.46,83700,-0.73,20.98,20.35,86100100,1772230000.0,1.02,3.06,1733.86,1881.3,22.67,18.55,0.69
中信建投,sh601066,22.17,22.48,22.48,11927700.0,22.16,100,22.17,13300,-1.38,22.56,22.01,11927700,265360000.0,0.18,2.45,1440.09,1719.66,24.73,20.23,0.8
浙文互联,sh600986,10.51,10.46,10.55,180547300.0,10.51,736100,10.52,67100,0.48,11.48,10.44,180547300,1958990000.0,12.14,9.94,156.32,156.32,11.51,9.41,1.35
蓝色光标,sz300058,17.66,17.35,17.5,415880500.0,17.65,383300,17.66,240300,1.79,18.49,17.5,415880500,7466090000.0,11.96,5.71,614.2,634.03,20.82,13.88,0.78
腾达建设,sh600512,2.28,2.32,2.32,30345700.0,2.28,347700,2.29,865700,-1.72,2.32,2.27,30345700,69470000.0,1.91,2.16,36.19,36.34,2.55,2.09,0.96
福蓉科技,sh603327,10.61,10.64,10.63,25767600.0,10.6,86300,10.61,11500,-0.28,10.85,10.5,25767600,274760000.0,2.46,3.29,110.92,110.92,11.7,9.58,0.8
达安基因,sz002030,6.04,6.33,6.33,95613400.0,6.04,151400,6.05,134900,-4.58,6.35,6.01,95613400,587650000.0,6.81,5.37,84.77,84.77,6.96,5.7,0.6
广信科技,bj920037,53.78,55.09,55.19,1728900.0,53.78,200,53.87,4500,-2.38,55.68,53.43,1728900,94149400.0,4.18,4.08,22.26,68.86,71.61,38.57,0.73
肇民科技,sz301000,38.82,36.07,35.19,23984600.0,38.81,13900,38.82,5000,7.62,40.28,35.1,23984600,918970000.0,10.46,14.36,89.0,94.28,43.28,28.86,1.15
三元基因,bj920344,21.16,21.28,21.19,858400.0,21.11,3000,21.16,2300,-0.56,21.39,20.75,858400,17992900.0,0.75,3.01,24.06,25.77,27.66,14.9,0.41
*ST清越,sh688496,1.78,2.22,1.78,2932098100.0,0.0,0,1.78,6444800,-19.82,1.84,1.78,2932098100,52210000.0,12.32,2.7,4.24,8.01,2.66,1.78,7.2
睿能科技,sh603933,26.78,25.79,25.81,17936900.0,26.77,111300,26.78,107200,3.84,27.29,25.39,17936900,477250000.0,8.64,7.37,55.58,55.58,28.37,23.21,1.35
顺控发展,sz003039,13.93,14.19,14.2,4681100.0,13.93,34600,13.94,7200,-1.83,14.25,13.84,4681100,65620000.0,0.76,2.89,86.02,86.02,15.61,12.77,1.01
广济药业,sz000952,7.36,7.45,7.4,7649000.0,7.36,6400,7.39,14800,-1.21,7.45,7.29,7649000,56440000.0,2.22,2.15,25.32,25.52,8.2,6.71,0.85
广大特材,sh688186,19.91,20.05,20.0,519287200.0,19.91,3600,19.92,3700,-0.7,20.26,19.7,519287200,103510000.0,1.85,2.79,55.85,55.85,24.06,16.04,0.73
播恩集团,sz001366,15.56,15.91,15.68,6501700.0,15.55,100,15.56,19600,-2.2,15.9,15.22,6501700,100530000.0,4.05,4.27,25.0,25.0,17.5,14.32,1.22
三晖电气,sz002857,21.98,22.18,22.16,2603600.0,21.98,1200,22.0,3100,-0.9,22.25,21.6,2603600,57070000.0,2.02,2.93,28.26,28.71,24.4,19.96,0.71
ST长方,sz300301,3.56,3.55,3.57,8929700.0,3.55,329000,3.56,144500,0.28,3.59,3.52,8929700,31680000.0,1.13,1.97,28.12,29.54,4.26,2.84,0.59
美格智能,sz002881,40.58,40.57,40.83,5123000.0,40.57,3100,40.58,20300,0.02,41.55,40.31,5123000,209260000.0,2.82,3.06,73.83,122.55,44.63,36.51,1.01
万讯自控,sz300112,8.43,8.35,8.39,7307200.0,8.43,1600,8.44,700,0.96,8.57,8.36,7307200,61850000.0,3.08,2.51,20.03,24.47,10.02,6.68,1.33
山河智能,sz002097,9.7,9.77,9.78,19226700.0,9.69,61900,9.7,10400,-0.72,9.88,9.65,19226700,187300000.0,1.79,2.35,104.05,104.24,10.75,8.79,0.79
友好集团,sh600778,6.77,6.8,6.77,5895000.0,6.77,4400,6.78,19800,-0.44,6.88,6.68,5895000,40040000.0,1.89,2.94,21.07,21.09,7.48,6.12,0.85
振东制药,sz300158,5.7,5.75,5.73,8202400.0,5.7,278500,5.71,48200,-0.87,5.77,5.68,8202400,46820000.0,0.83,1.57,56.52,56.56,6.9,4.6,0.64
隆鑫通用,sh603766,14.49,14.83,14.85,18996200.0,14.48,3200,14.49,300,-2.29,14.96,14.34,18996200,276910000.0,0.93,4.18,297.56,297.56,16.31,13.35,1.08
力源科技,sh688565,12.35,12.69,12.67,487562100.0,12.35,7300,12.45,1100,-2.68,12.95,12.3,487562100,61710000.0,3.26,5.12,18.49,18.49,15.23,10.15,1.28
*ST四环,sz000518,3.23,3.08,3.11,38365700.0,3.23,444800,0.0,0,4.87,3.23,3.11,38365700,122650000.0,3.73,3.9,33.25,33.25,3.23,2.93,2.4
兴业银锡,sz000426,44.14,48.17,45.7,118855200.0,44.13,2700,44.14,3700,-8.37,45.7,43.41,118855200,5293600000.0,6.7,4.75,783.58,783.77,52.99,43.35,1.19
掌阅科技,sh603533,24.86,24.55,24.63,22561600.0,24.86,36500,24.87,20800,1.26,25.55,24.63,22561600,566970000.0,5.14,3.75,109.11,109.11,27.01,22.1,0.86
博睿数据,sh688229,92.22,90.5,90.26,331781400.0,92.18,2200,92.22,400,1.9,94.04,88.26,331781400,302130000.0,7.47,6.39,40.95,40.95,108.6,72.4,0.69
ST信源,sz300352,3.25,3.49,3.47,66907500.0,3.25,390500,3.26,646600,-6.88,3.52,3.22,66907500,223350000.0,5.24,8.6,41.47,47.12,4.19,2.79,0.63
科拓生物,sz300858,17.66,17.91,18.05,10848900.0,17.66,8400,17.68,1000,-1.4,18.3,17.58,10848900,193360000.0,5.54,4.02,34.57,46.53,21.49,14.33,0.64
万润科技,sz002654,16.57,16.56,16.72,103557800.0,16.56,247800,16.57,11300,0.06,17.2,16.3,103557800,1732190000.0,12.25,5.43,140.06,140.07,18.22,14.9,1.2
煜邦电力,sh688597,8.68,8.85,8.9,718431200.0,8.68,22300,8.69,800,-1.92,8.94,8.51,718431200,62410000.0,2.14,4.86,29.17,29.17,10.62,7.08,0.77
百克生物,sh688276,17.49,17.8,17.8,223549500.0,17.49,7300,17.55,4900,-1.74,17.9,17.39,223549500,39370000.0,0.54,2.87,72.35,72.35,21.36,14.24,0.75
锐奇股份,sz300126,7.94,8.0,8.02,7703400.0,7.94,6800,7.99,7700,-0.75,8.14,7.88,7703400,61580000.0,3.66,3.25,16.73,24.13,9.6,6.4,1.45
复旦张江,sh688505,7.8,7.84,7.85,351558800.0,7.8,7700,7.81,13200,-0.51,7.93,7.75,351558800,27550000.0,0.49,2.3,55.42,80.85,9.41,6.27,0.7
鲁阳节能,sz002088,9.45,9.64,9.63,3122300.0,9.45,4500,9.46,27800,-1.97,9.65,9.4,3122300,29700000.0,0.62,2.59,47.79,48.49,10.6,8.68,0.89
舒泰神,sz300204,27.13,27.65,27.44,19287300.0,27.12,7000,27.13,200,-1.88,27.93,26.51,19287300,522980000.0,4.25,5.14,123.05,129.62,33.18,22.12,0.73
汇源通信,sz000586,18.17,18.97,18.87,17787700.0,18.17,34600,18.18,36500,-4.22,19.18,18.01,17787700,326100000.0,9.3,6.17,34.74,35.15,20.87,17.07,0.68
国科恒泰,sz301370,10.05,10.16,10.16,3454800.0,10.04,2800,10.05,12700,-1.08,10.22,9.98,3454800,34870000.0,1.07,2.36,32.54,47.3,12.19,8.13,1.13
中赋科技,sz300692,8.47,8.35,8.37,14208800.0,8.47,212500,8.48,8800,1.44,8.6,8.26,14208800,119850000.0,2.77,4.07,43.46,47.62,10.02,6.68,0.91
美力科技,sz300611,25.64,25.08,24.99,6690400.0,25.62,1000,25.64,1300,2.23,26.05,24.92,6690400,171210000.0,4.51,4.51,38.02,54.12,30.1,20.06,1.3
双林股份,sz300100,33.15,29.83,29.83,37735700.0,33.14,154500,33.15,37100,11.13,34.29,29.82,37735700,1230160000.0,6.85,14.98,182.71,189.61,35.8,23.86,2.89
振华重工,sh600320,5.09,5.12,5.12,60518700.0,5.09,110100,5.1,122900,-0.59,5.19,5.04,60518700,308820000.0,1.82,2.93,169.09,268.16,5.63,4.61,1.01
节能国祯,sz300388,8.34,8.44,8.44,6929300.0,8.34,900,8.35,5900,-1.18,8.49,8.26,6929300,58050000.0,1.02,2.73,56.8,56.8,10.13,6.75,0.89
西菱动力,sz300733,20.42,19.62,19.51,16035000.0,20.41,4200,20.42,200,4.08,20.91,19.51,16035000,328300000.0,7.11,7.14,46.05,62.42,23.54,15.7,1.55
中红医疗,sz300981,15.39,14.63,14.6,14701000.0,15.38,22500,15.39,3200,5.19,15.64,14.6,14701000,222410000.0,3.74,7.11,60.48,66.0,17.56,11.7,1.34
凯迪股份,sh605288,81.11,78.95,78.5,1559500.0,81.11,1400,81.12,3200,2.74,84.0,78.04,1559500,126660000.0,2.22,7.55,56.94,57.32,86.85,71.06,1.21
强邦新材,sz001279,33.37,32.63,32.7,2545100.0,33.37,5800,33.41,200,2.27,34.34,32.3,2545100,85210000.0,6.36,6.25,13.35,53.39,35.89,29.37,0.8
信达地产,sh600657,2.87,2.98,2.98,36214000.0,2.86,336900,2.87,45700,-3.69,2.99,2.85,36214000,105130000.0,1.27,4.7,81.85,81.85,3.28,2.68,1.26
惠天热电,sz000692,5.11,5.29,5.25,20942800.0,5.11,19000,5.12,31700,-3.4,5.26,5.06,20942800,107460000.0,3.93,3.78,27.23,27.23,5.82,4.76,0.82
创益通,sz300991,44.42,44.95,45.05,3483200.0,44.38,500,44.42,3200,-1.18,45.22,43.33,3483200,154590000.0,3.31,4.2,46.69,63.96,53.94,35.96,0.75
威尔药业,sh603351,27.53,28.38,28.39,1284900.0,27.53,4500,27.55,500,-3.0,28.47,27.37,1284900,35780000.0,0.95,3.88,37.29,37.29,31.22,25.54,0.97
东方新能,sz002310,3.07,3.21,3.21,374536300.0,3.06,4366000,3.07,374100,-4.36,3.24,3.02,374536300,1158750000.0,8.51,6.85,135.05,184.18,3.53,2.89,1.04
凯添燃气,bj920010,13.16,13.45,13.47,9297600.0,13.16,78600,13.17,1200,-2.16,13.9,13.05,9297600,124656900.0,5.36,6.32,22.83,30.86,17.48,9.42,0.59
盛泰集团,sh605138,7.91,8.04,7.95,6653500.0,7.91,65600,7.92,25000,-1.62,8.06,7.84,6653500,52880000.0,1.2,2.74,43.95,43.95,8.84,7.24,0.65
会畅科技,sz300578,20.87,20.56,20.48,10264600.0,20.86,500,20.87,11800,1.51,21.88,20.48,10264600,218180000.0,5.18,6.81,41.37,41.38,24.67,16.45,0.95
拓斯达,sz300607,33.08,31.36,31.23,50535000.0,33.08,29000,33.09,7500,5.48,34.3,31.18,50535000,1668610000.0,14.97,9.95,111.64,157.78,37.63,25.09,1.31
新五丰,sh600975,5.54,5.64,5.59,19330900.0,5.54,54500,5.55,10400,-1.77,5.63,5.48,19330900,107440000.0,1.55,2.66,69.23,69.23,6.2,5.08,1.02
奔朗新材,bj920807,11.65,11.66,11.66,2973400.0,11.64,15900,11.65,0,-0.09,12.15,11.45,2973400,35001400.0,2.41,6.0,14.39,21.19,15.15,8.17,0.82
嘉友国际,sh603871,12.11,12.29,12.29,11823400.0,12.11,500,12.13,3100,-1.46,12.33,12.0,11823400,144030000.0,0.86,2.69,165.67,165.67,13.52,11.06,0.91
*ST海源,sz002529,8.86,8.7,8.64,7003700.0,8.85,10400,8.86,11400,1.84,8.93,8.63,7003700,61310000.0,2.69,3.45,23.04,23.04,9.14,8.27,0.86
戴维医疗,sz300314,11.08,11.2,11.2,3088900.0,11.08,4200,11.09,800,-1.07,11.32,11.01,3088900,34430000.0,2.15,2.77,15.93,31.91,13.44,8.96,0.93
钱江摩托,sz000913,12.85,12.61,12.65,5463800.0,12.85,13100,12.86,26400,1.9,12.86,12.58,5463800,69520000.0,1.05,2.22,66.83,67.64,13.87,11.35,1.02
歌尔股份,sz002241,25.33,25.33,25.46,131131800.0,25.33,288100,25.34,207700,0.0,25.95,25.15,131131800,3352750000.0,4.17,3.16,796.02,899.16,27.86,22.8,1.1
河钢股份,sz000709,2.25,2.3,2.29,135012900.0,2.24,5304500,2.25,734100,-2.17,2.3,2.24,135012900,306370000.0,1.31,2.61,232.55,232.59,2.53,2.07,1.27
晟楠科技,bj920006,19.94,20.07,20.22,676000.0,19.94,8200,19.95,500,-0.65,20.28,19.8,676000,13535600.0,1.41,2.39,9.53,18.0,26.09,14.05,0.41
红蜻蜓,sh603116,7.96,7.75,7.75,39805200.0,7.95,56300,7.96,83600,2.71,8.52,7.62,39805200,325260000.0,6.91,11.61,45.87,45.87,8.53,6.98,1.27
ST迪瑞,sz300396,7.92,8.32,8.28,10761900.0,7.92,2800,7.93,5500,-4.81,8.35,7.8,10761900,86580000.0,3.95,6.61,21.56,21.6,9.98,6.66,1.22
力诺药包,sz301188,35.49,36.85,36.81,28277800.0,35.49,11000,35.5,2100,-3.69,37.31,34.75,28277800,1010650000.0,10.57,6.95,94.95,94.95,44.22,29.48,0.89
亿能电力,bj920046,30.38,31.5,30.5,9845000.0,30.35,2200,30.38,900,-3.56,31.68,29.17,9845000,297034300.0,17.6,7.97,16.99,30.73,40.95,22.05,0.7
读者传媒,sh603999,6.55,6.49,6.48,8110300.0,6.53,3200,6.55,38000,0.92,6.62,6.45,8110300,53130000.0,1.41,2.62,37.73,37.73,7.14,5.84,1.06
信雅达,sh600571,12.87,12.9,12.91,7182700.0,12.86,28500,12.87,60200,-0.23,13.1,12.81,7182700,92950000.0,1.57,2.25,58.91,60.02,14.19,11.61,0.69
无线传媒,sz301551,27.47,27.07,27.1,4962000.0,27.47,700,27.5,7300,1.48,28.1,27.07,4962000,136920000.0,3.21,3.8,42.46,109.88,32.48,21.66,1.03
中国核建,sh601611,12.99,13.23,13.21,41775800.0,12.98,65100,12.99,27700,-1.81,13.37,12.91,41775800,545640000.0,1.39,3.48,391.5,391.5,14.55,11.91,0.93
朗博科技,sh603655,40.89,42.4,42.73,2769100.0,40.89,800,40.9,1300,-3.56,42.74,40.56,2769100,114520000.0,2.61,5.14,43.34,43.34,46.64,38.16,0.55
华盛昌,sz002980,96.27,94.67,96.0,21757900.0,96.27,3300,96.3,8100,1.69,104.0,92.77,21757900,2153730000.0,21.48,11.86,97.51,182.34,104.14,85.2,1.43
华昌达,sz300278,5.15,4.84,4.84,65726000.0,5.14,223400,5.15,163600,6.4,5.23,4.82,65726000,333460000.0,4.66,8.47,72.59,72.82,5.81,3.87,2.41
聚飞光电,sz300303,10.6,10.88,10.96,152746100.0,10.6,209000,10.61,111000,-2.57,11.22,10.36,152746100,1624470000.0,11.5,7.9,140.84,150.18,13.06,8.7,0.9
格科微,sh688728,14.55,14.5,14.51,3847972600.0,14.55,44800,14.56,1100,0.34,15.0,14.23,3847972600,563420000.0,1.54,5.31,363.59,378.39,17.4,11.6,1.35
江波龙,sz301308,590.52,599.0,596.98,23580200.0,590.51,30100,590.52,2800,-1.42,608.0,565.0,23580200,13800410000.0,8.48,7.18,1641.63,2475.14,718.8,479.2,0.99
茂硕电源,sz002660,8.84,8.89,8.89,5254800.0,8.84,4800,8.85,300,-0.56,8.99,8.78,5254800,46670000.0,1.53,2.36,30.32,31.53,9.78,8.0,1.19
钢研高纳,sz300034,19.92,20.2,20.33,17513900.0,19.92,36900,19.93,200,-1.39,20.56,19.77,17513900,352800000.0,2.28,3.91,152.8,158.75,24.24,16.16,0.76
东和新材,bj920792,11.3,11.35,11.43,932000.0,11.28,9000,11.3,4900,-0.44,11.43,11.12,932000,10468500.0,0.92,2.73,11.48,18.71,14.75,7.95,0.85
蜂助手,sz301382,49.03,48.78,49.46,14313500.0,49.03,5800,49.04,1000,0.51,50.65,48.41,14313500,708760000.0,8.11,4.59,86.57,140.03,58.54,39.02,0.8
ST太重,sh600169,2.34,2.34,2.35,10498800.0,2.33,507400,2.34,498800,0.0,2.35,2.33,10498800,24550000.0,0.31,0.85,78.0,78.32,2.46,2.22,0.86
永创智能,sh603901,13.02,12.7,12.67,16059200.0,13.01,500,13.02,26300,2.52,13.28,12.67,16059200,209080000.0,2.97,4.8,70.35,75.09,13.97,11.43,1.15
今世缘,sh603369,27.75,28.7,28.5,12747600.0,27.75,3000,27.76,21600,-3.31,28.59,27.6,12747600,357410000.0,1.02,3.45,345.99,345.99,31.57,25.83,0.79
宏鑫科技,sz301539,17.85,18.26,18.37,2380400.0,17.85,23600,17.87,500,-2.25,18.44,17.7,2380400,43030000.0,3.17,4.05,13.4,26.42,21.91,14.61,1.34
智能自控,sz002877,9.09,9.03,9.03,8593900.0,9.09,6500,9.1,36700,0.66,9.27,9.0,8593900,78330000.0,3.57,2.99,21.86,32.35,9.93,8.13,1.27
香山股份,sz002870,41.42,42.38,42.4,5675800.0,41.4,2700,41.43,4300,-2.27,42.5,40.88,5675800,235870000.0,4.37,3.82,53.74,54.71,46.62,38.14,0.68
润建股份,sz002929,92.99,86.9,88.14,57542800.0,92.99,41800,93.0,29100,7.01,95.59,87.0,57542800,5307350000.0,26.84,9.88,199.36,264.17,95.59,78.21,1.48
*ST华鹏,sh603021,7.02,7.37,7.25,10084800.0,7.01,23200,7.02,8400,-4.75,7.35,7.0,10084800,71680000.0,3.15,4.75,22.46,22.46,7.74,7.0,1.07
苏垦农发,sh601952,9.12,9.24,9.21,15056800.0,9.11,19300,9.12,5100,-1.3,9.22,9.05,15056800,137450000.0,1.09,1.84,125.67,125.67,10.16,8.32,0.93
宝泰隆,sh601011,2.92,2.91,2.91,29120300.0,2.91,346000,2.92,10400,0.34,2.97,2.87,29120300,84880000.0,1.52,3.44,55.94,55.94,3.2,2.62,0.96
安阳钢铁,sh600569,1.94,2.0,2.01,27129300.0,1.94,45800,1.95,534000,-3.0,2.01,1.93,27129300,53180000.0,0.94,4.0,55.72,55.72,2.2,1.8,1.17
保龄宝,sz002286,9.72,9.92,9.89,9224400.0,9.71,7800,9.72,30100,-2.02,9.96,9.66,9224400,90230000.0,2.5,3.02,35.93,36.99,10.91,8.93,0.85
华控赛格,sz000068,3.3,3.35,3.35,20904600.0,3.3,218000,3.31,1011700,-1.49,3.37,3.26,20904600,69210000.0,2.08,3.28,33.22,33.22,3.69,3.02,0.77
仲景食品,sz300908,26.96,27.27,27.27,1606700.0,26.95,900,26.96,1900,-1.14,27.49,26.78,1606700,43590000.0,1.3,2.6,33.27,39.36,32.72,21.82,1.12
视声智能,bj920976,29.75,29.62,29.65,715300.0,29.69,1000,29.75,37500,0.44,30.65,28.9,715300,20970800.0,1.62,5.91,13.13,21.11,38.5,20.74,0.74
康恩贝,sh600572,4.31,4.33,4.31,34464200.0,4.31,35100,4.32,865600,-0.46,4.33,4.29,34464200,148590000.0,1.36,0.92,109.05,109.34,4.76,3.9,0.64
中简科技,sz300777,38.31,39.21,39.62,17041500.0,38.3,28600,38.31,7800,-2.3,40.29,37.89,17041500,663740000.0,4.03,6.12,161.82,168.45,47.05,31.37,0.86
顺鑫农业,sz000860,12.04,12.46,12.36,9483000.0,12.03,30200,12.04,13800,-3.37,12.36,12.02,9483000,115020000.0,1.28,2.73,89.31,89.31,13.71,11.21,1.06
华电科工,sh601226,8.63,8.86,8.87,23483400.0,8.63,35600,8.64,17200,-2.6,8.94,8.56,23483400,204590000.0,2.02,4.29,100.3,100.3,9.75,7.97,0.98
广聚能源,sz000096,9.03,9.07,9.07,6497000.0,9.02,13800,9.03,10700,-0.44,9.17,8.97,6497000,58830000.0,1.27,2.21,46.13,47.68,9.98,8.16,1.06
长春燃气,sh600333,5.91,5.87,5.87,22020200.0,5.9,372100,5.91,200600,0.68,5.97,5.7,22020200,129090000.0,3.62,4.6,35.99,35.99,6.46,5.28,1.69
富佳股份,sh603219,18.35,17.94,17.92,12476600.0,18.35,28900,18.36,6100,2.29,18.45,17.71,12476600,226420000.0,2.22,4.12,103.02,103.02,19.73,16.15,1.14
中颖电子,sz300327,27.7,28.1,28.35,12295600.0,27.7,9100,27.71,3200,-1.42,28.55,27.51,12295600,343750000.0,3.63,3.7,93.86,94.56,33.72,22.48,0.91
南方精工,sz002553,21.82,21.5,21.25,11680300.0,21.81,39600,21.82,1300,1.49,22.2,21.09,11680300,254410000.0,4.66,5.16,54.72,77.11,23.65,19.35,1.23
*ST南置,sz002305,2.38,2.39,2.39,30372800.0,2.37,326700,2.38,356600,-0.42,2.4,2.33,30372800,71950000.0,1.75,2.93,41.27,41.27,2.51,2.27,0.88
渤海股份,sz000605,6.92,7.09,7.1,6692000.0,6.92,19700,6.95,23700,-2.4,7.16,6.87,6692000,46610000.0,1.9,4.09,24.4,24.4,7.8,6.38,1.38
迈为股份,sz300751,260.14,272.91,265.2,14013300.0,260.14,17700,260.15,6200,-4.68,267.9,248.16,14013300,3606480000.0,7.27,7.23,501.68,725.54,327.49,218.33,1.01
亚信安全,sh688225,15.88,16.02,16.1,388739000.0,15.88,100,15.89,4400,-0.87,16.32,15.73,388739000,62280000.0,0.97,3.68,63.52,63.52,19.22,12.82,0.78
统一股份,sh600506,17.85,18.13,18.08,8042900.0,17.85,31900,17.86,5800,-1.54,18.21,17.74,8042900,144210000.0,3.22,2.59,44.56,44.56,19.94,16.32,0.9
恒林股份,sh603661,27.53,27.89,27.81,1364100.0,27.53,1400,27.55,400,-1.29,27.89,27.41,1364100,37710000.0,0.98,1.72,38.29,38.29,30.68,25.1,0.89
中文在线,sz300364,27.9,27.83,28.36,56752900.0,27.9,77700,27.91,37500,0.25,29.05,27.82,56752900,1611710000.0,8.59,4.42,184.26,203.25,33.4,22.26,0.84
九华旅游,sh603199,35.85,35.37,35.37,2313900.0,35.83,4800,35.85,500,1.36,35.85,35.12,2313900,82140000.0,2.09,2.06,39.68,39.68,38.91,31.83,1.04
立华股份,sz300761,22.14,22.97,22.51,16040500.0,22.14,247600,22.15,6100,-3.61,22.8,21.65,16040500,356460000.0,2.55,5.01,139.04,185.37,27.56,18.38,1.45
东瑞股份,sz001201,12.93,13.08,13.29,5800800.0,12.93,1100,12.95,23100,-1.15,13.31,12.85,5800800,75280000.0,2.88,3.52,26.05,33.33,14.39,11.77,1.13
金达莱,sh688057,12.74,12.63,12.6,507105700.0,12.74,4800,12.78,1500,0.87,13.22,12.53,507105700,65400000.0,1.84,5.46,35.16,35.16,15.16,10.1,1.63
三联锻造,sz001282,21.25,20.83,20.76,4432900.0,21.24,3200,21.25,4300,2.02,21.65,20.76,4432900,94390000.0,5.67,4.27,16.61,47.21,22.91,18.75,0.94
致远新能,sz300985,23.94,24.04,24.41,4499100.0,23.93,1900,23.94,18900,-0.42,24.88,23.7,4499100,108980000.0,2.41,4.91,44.65,44.65,28.85,19.23,1.2
城建发展,sh600266,4.99,5.1,5.1,34214900.0,4.98,88400,4.99,194400,-2.16,5.13,4.95,34214900,172030000.0,1.65,3.53,103.58,103.58,5.61,4.59,0.75
片仔癀,sh600436,135.31,138.01,137.4,2835500.0,135.31,3000,135.32,2600,-1.96,137.4,135.1,2835500,385630000.0,0.47,1.67,816.35,816.35,151.81,124.21,0.92
杭州高新,sz300478,40.28,41.25,41.52,9345600.0,40.28,1800,40.3,20900,-2.35,42.0,39.18,9345600,380500000.0,7.38,6.84,51.02,51.02,49.5,33.0,1.07
ST际华,sh601718,2.26,2.25,2.27,41581100.0,2.25,633100,2.26,158100,0.44,2.29,2.23,41581100,93910000.0,0.95,2.67,98.56,98.56,2.36,2.14,0.53
鑫源智造,sh600615,11.12,11.35,11.4,3430700.0,11.12,6300,11.17,400,-2.03,11.42,11.12,3430700,38620000.0,1.52,2.64,25.05,25.09,12.49,10.22,1.05
欧克科技,sz001223,69.8,70.77,70.45,5310700.0,69.75,600,69.8,1100,-1.37,73.49,68.21,5310700,377210000.0,10.65,7.46,34.82,65.16,77.85,63.69,2.15
露笑科技,sz002617,9.36,9.7,10.18,500351200.0,9.35,679300,9.36,148000,-3.51,10.24,9.26,500351200,4842600000.0,26.65,10.1,175.75,178.7,10.67,8.73,3.09
中洲控股,sz000042,10.11,10.09,10.06,6552100.0,10.1,52600,10.11,24300,0.2,10.13,9.97,6552100,65810000.0,0.99,1.59,67.14,67.21,11.1,9.08,0.62
同力股份,bj920599,18.5,18.51,18.53,3769300.0,18.5,33500,18.51,500,-0.05,18.8,18.24,3769300,69730500.0,1.08,3.03,64.86,85.57,24.06,12.96,0.97
美利信,sz301307,58.99,59.6,59.01,12363500.0,58.99,1600,59.0,6000,-1.02,61.99,56.5,12363500,726020000.0,11.37,9.21,64.17,124.23,71.52,47.68,1.0
*ST兰黄,sz000929,11.38,11.55,11.49,2765600.0,11.38,5200,11.4,3100,-1.47,11.69,11.21,2765600,31580000.0,1.49,4.16,21.14,21.14,12.13,10.97,0.56
兆丰股份,sz300695,72.15,70.79,70.79,2459800.0,72.12,200,72.15,100,1.92,75.66,69.62,2459800,179560000.0,2.41,8.53,73.78,73.78,84.95,56.63,1.29
广联达,sz002410,10.26,10.63,10.63,51144400.0,10.25,350300,10.26,48000,-3.48,10.68,10.22,51144400,531840000.0,3.26,4.33,161.09,169.49,11.69,9.57,1.26
欣天科技,sz300615,14.4,14.54,14.63,8239300.0,14.4,19500,14.42,8300,-0.96,14.93,14.08,8239300,119480000.0,5.45,5.85,21.78,27.83,17.45,11.63,1.42
星宇股份,sh601799,136.01,129.06,129.52,8254600.0,136.01,1200,136.03,400,5.39,141.97,127.5,8254600,1132090000.0,2.89,11.21,388.55,388.55,141.97,116.15,1.56
苏交科,sz300284,6.6,6.62,6.6,9703900.0,6.6,216500,6.61,121300,-0.3,6.71,6.56,9703900,64380000.0,0.82,2.27,77.73,83.35,7.94,5.3,0.99
国民技术,sz300077,24.9,25.25,25.34,60339600.0,24.9,26600,24.91,13300,-1.39,25.91,24.67,60339600,1521740000.0,10.65,4.91,141.02,168.85,30.3,20.2,0.82
航锦科技,sz000818,16.75,17.55,17.77,54028000.0,16.75,167700,16.76,44000,-4.56,18.05,16.6,54028000,923100000.0,8.21,8.26,110.25,110.55,19.31,15.8,0.78
长城汽车,sh601633,19.09,19.15,19.2,13493300.0,19.09,67300,19.1,18400,-0.31,19.32,19.0,13493300,258370000.0,0.22,1.67,1185.34,1633.7,21.07,17.24,0.93
中国天楹,sz000035,6.19,6.43,6.39,53132800.0,6.19,336400,6.2,33300,-3.73,6.43,6.13,53132800,331260000.0,2.3,4.67,143.18,147.82,7.07,5.79,0.88
税友股份,sh603171,57.46,57.33,57.33,5147700.0,57.46,900,57.48,5600,0.23,58.57,56.68,5147700,296420000.0,1.27,3.3,233.22,233.49,63.06,51.6,0.6
博通集成,sh603068,37.46,37.12,37.32,6497300.0,37.45,11900,37.46,3000,0.92,38.4,36.91,6497300,245000000.0,4.28,4.01,56.86,56.86,40.83,33.41,1.52
口子窖,sh603589,22.2,23.15,22.76,7828800.0,22.2,74000,22.21,69200,-4.1,22.88,22.17,7828800,175640000.0,1.31,3.07,132.78,132.78,25.47,20.84,1.09
太阳电缆,sz002300,10.13,10.5,10.68,65698000.0,10.12,107300,10.13,65000,-3.52,10.75,10.02,65698000,669570000.0,9.1,6.95,73.17,73.17,11.55,9.45,0.78
新里程,sz002219,2.27,2.28,2.28,62282300.0,2.27,1561600,2.28,1987600,-0.44,2.3,2.26,62282300,142060000.0,1.9,1.75,74.27,78.36,2.51,2.05,0.69
金 螳 螂,sz002081,7.85,7.93,7.69,545854900.0,7.84,118300,7.85,900300,-1.01,8.6,7.41,545854900,4414210000.0,20.64,15.01,207.57,208.44,8.72,7.14,0.95
东软集团,sh600718,8.72,8.82,8.83,15708300.0,8.71,24100,8.72,34100,-1.13,8.9,8.66,15708300,138010000.0,1.31,2.72,104.33,104.33,9.7,7.94,1.08
奥瑞德,sh600666,5.76,5.83,5.78,305518900.0,5.76,61300,5.77,128000,-1.2,6.09,5.68,305518900,1787300000.0,12.21,7.03,144.13,158.48,6.41,5.25,1.08
移远通信,sh603236,73.09,73.5,73.61,6224300.0,73.09,10000,73.1,300,-0.56,74.99,72.6,6224300,457380000.0,2.38,3.25,191.25,210.37,80.85,66.15,0.95
金徽酒,sh603919,18.77,19.25,18.98,8825100.0,18.76,13200,18.77,3700,-2.49,19.39,18.64,8825100,167260000.0,1.74,3.9,95.21,95.21,21.18,17.33,0.9
天和磁材,sh603072,38.33,38.18,38.18,3714100.0,38.28,1000,38.34,14100,0.39,39.18,37.91,3714100,142830000.0,2.94,3.33,48.38,101.3,42.0,34.36,1.0
小商品城,sh600415,13.75,13.53,13.31,196493800.0,13.74,623000,13.75,1019500,1.63,13.98,13.15,196493800,2692700000.0,3.58,6.13,753.99,753.99,14.88,12.18,1.72
*ST三房,sh600370,1.69,1.78,1.69,2310600.0,0.0,0,1.69,103396300,-5.06,1.69,1.69,2310600,3900000.0,0.06,0.0,67.91,67.91,1.87,1.69,0.61
奋达科技,sz002681,5.5,5.54,5.53,53357500.0,5.5,7500,5.51,64500,-0.72,5.63,5.45,53357500,295420000.0,3.4,3.25,86.31,98.71,6.09,4.99,1.21
拓新药业,sz301089,26.92,27.19,26.95,3174300.0,26.9,4000,26.92,3000,-0.99,27.51,26.66,3174300,85970000.0,3.51,3.13,24.35,34.07,32.63,21.75,0.4
金财互联,sz002530,8.78,8.79,8.81,18446000.0,8.78,49000,8.79,76600,-0.11,9.04,8.74,18446000,163590000.0,2.65,3.41,61.03,68.41,9.67,7.91,0.95
胜利精密,sz002426,3.8,3.67,3.64,281009100.0,3.8,1227800,3.81,698400,3.54,3.9,3.52,281009100,1046870000.0,8.26,10.35,129.3,129.3,4.04,3.3,1.58
中成股份,sz000151,11.78,12.0,12.06,9721900.0,11.78,8200,11.79,14500,-1.83,12.19,11.68,9721900,115580000.0,3.16,4.25,36.27,41.34,13.2,10.8,1.13
舍得酒业,sh600702,42.08,43.74,43.31,6771800.0,42.08,100,42.09,15300,-3.8,43.36,42.08,6771800,288080000.0,2.04,2.93,139.97,140.02,48.11,39.37,1.1
东方创业,sh600278,7.05,7.18,7.19,8746300.0,7.04,21800,7.05,1400,-1.81,7.24,7.01,8746300,62250000.0,1.02,3.2,60.67,60.67,7.9,6.46,0.57
金种子酒,sh600199,7.98,8.23,8.12,19702200.0,7.98,24700,7.99,38700,-3.04,8.15,7.92,19702200,158160000.0,3.0,2.79,52.49,52.49,9.05,7.41,1.47
五矿发展,sh600058,10.81,11.24,11.23,15903800.0,10.81,14700,10.83,13600,-3.83,11.29,10.74,15903800,174170000.0,1.48,4.89,115.87,115.87,12.36,10.12,0.95
力源信息,sz300184,14.16,14.56,14.57,93302800.0,14.15,79500,14.16,58700,-2.75,14.92,13.98,93302800,1338610000.0,8.85,6.46,149.25,162.99,17.47,11.65,0.87
盛科通信-U,sh688702,285.0,291.99,291.8,754795800.0,284.99,3000,285.0,1800,-2.39,294.0,278.51,754795800,2158840000.0,3.72,5.3,578.53,1168.5,350.39,233.59,0.71
捷捷微电,sz300623,30.97,31.51,31.88,39433500.0,30.97,69300,30.98,41000,-1.71,32.41,30.72,39433500,1249840000.0,5.14,5.36,237.65,257.7,37.81,25.21,1.07
北投科技,sh600936,5.47,5.36,5.31,124622300.0,5.47,394300,5.48,250200,2.05,5.55,5.22,124622300,673640000.0,7.46,6.16,91.41,91.41,5.9,4.82,0.76
江西长运,sh600561,6.85,7.0,6.99,6163900.0,6.85,14300,6.88,2300,-2.14,7.01,6.77,6163900,42480000.0,2.17,3.43,19.49,19.49,7.7,6.3,1.13
五方光电,sz002962,18.25,19.27,19.08,30369900.0,18.25,4400,18.26,40200,-5.29,19.16,18.07,30369900,562350000.0,14.52,5.66,38.18,53.23,21.2,17.34,1.12
保利联合,sz002037,8.2,8.31,8.35,8988800.0,8.2,12800,8.21,400,-1.32,8.64,8.15,8988800,75180000.0,1.86,5.9,39.68,39.68,9.14,7.48,1.02
拓普集团,sh601689,69.93,65.08,65.08,94520400.0,69.93,350900,69.94,27900,7.45,71.59,64.7,94520400,6547780000.0,5.44,10.59,1215.27,1215.27,71.59,58.57,2.03
金卡智能,sz300349,14.37,14.54,14.49,11384800.0,14.37,8000,14.38,52400,-1.17,14.7,14.22,11384800,164520000.0,3.08,3.3,53.13,59.95,17.45,11.63,0.6
恒基达鑫,sz002492,7.72,7.72,7.75,6987100.0,7.7,33700,7.72,38600,0.0,7.84,7.65,6987100,53960000.0,1.76,2.46,30.71,31.27,8.49,6.95,0.6
春风动力,sh603129,262.49,256.55,256.6,1275500.0,262.49,500,262.5,800,2.32,266.2,255.5,1275500,334440000.0,0.83,4.17,402.88,402.88,282.21,230.9,0.99
众捷汽车,sz301560,47.09,47.3,46.78,4859000.0,47.08,400,47.09,3200,-0.44,48.0,45.2,4859000,227520000.0,7.96,5.92,28.75,57.26,56.76,37.84,0.9
凯淳股份,sz301001,30.24,30.34,30.34,1415700.0,30.24,1400,30.26,100,-0.33,30.88,30.14,1415700,43210000.0,2.81,2.44,15.21,24.19,36.41,24.27,0.97
宏海科技,bj920108,11.81,11.56,11.53,1795200.0,11.8,1000,11.81,8200,2.16,11.98,11.35,1795200,21052000.0,2.46,5.45,8.62,20.34,15.02,8.1,1.49
安邦护卫,sh603373,46.68,45.46,45.38,3520200.0,46.68,25700,46.69,3000,2.68,47.68,45.13,3520200,163740000.0,7.75,5.61,21.21,50.19,50.01,40.91,0.86
速达股份,sz001277,36.88,37.04,37.15,973000.0,36.87,1900,36.88,10400,-0.43,37.49,36.41,973000,36130000.0,2.14,2.92,16.8,28.03,40.74,33.34,1.12
新日股份,sh603787,11.54,11.62,11.6,3987400.0,11.53,3700,11.54,7100,-0.69,11.62,11.42,3987400,46000000.0,1.73,1.72,26.56,26.56,12.78,10.46,0.83
济民健康,sh603222,9.99,10.25,10.22,17850000.0,9.98,43000,9.99,82200,-2.54,10.32,9.94,17850000,180210000.0,3.4,3.71,52.46,52.46,11.28,9.23,0.8
鹏鹞环保,sz300664,5.46,5.65,5.65,20010200.0,5.46,132100,5.47,109500,-3.36,5.66,5.43,20010200,110130000.0,2.66,4.07,41.09,41.29,6.78,4.52,1.1
郴电国际,sh600969,10.42,10.64,10.53,11487600.0,10.42,244100,10.43,5600,-2.07,10.7,10.21,11487600,119680000.0,3.1,4.61,38.56,38.56,11.7,9.58,0.56
天桥起重,sz002523,3.75,3.76,3.78,15596800.0,3.75,158100,3.76,186000,-0.27,3.82,3.72,15596800,58750000.0,1.1,2.66,52.93,53.12,4.14,3.38,0.83
机器人,sz300024,16.09,14.94,14.92,113365400.0,16.08,165700,16.09,158000,7.7,16.64,14.91,113365400,1821230000.0,7.24,11.58,251.84,251.91,17.93,11.95,3.44
奕帆传动,sz301023,44.5,42.76,42.68,3770600.0,44.49,4100,44.5,32500,4.07,45.69,42.68,3770600,167240000.0,8.66,7.04,19.37,34.78,51.31,34.21,1.59
必得科技,sh605298,61.8,59.2,58.52,4035800.0,61.8,56600,61.81,1400,4.39,61.83,57.83,4035800,242900000.0,2.17,6.76,115.1,116.09,65.12,53.28,1.67
川仪股份,sh603100,20.04,19.91,19.95,5833700.0,20.04,6800,20.05,7100,0.65,20.26,19.86,5833700,117020000.0,1.14,2.01,102.51,102.84,21.9,17.92,1.03
石化油服,sh600871,2.54,2.53,2.54,128765200.0,2.54,17700,2.55,1789000,0.4,2.56,2.5,128765200,325570000.0,0.95,2.37,344.09,481.51,2.78,2.28,0.91
江南高纤,sh600527,2.89,2.91,2.95,122720600.0,2.88,129900,2.89,91600,-0.69,3.01,2.85,122720600,358210000.0,7.09,5.5,50.05,50.05,3.2,2.62,0.69
必创科技,sz300667,20.09,20.7,20.21,18944400.0,20.09,18200,20.1,33600,-2.95,21.08,19.86,18944400,384600000.0,10.97,5.89,34.68,41.11,24.84,16.56,0.78
慧智微-U,sh688512,15.46,15.18,14.86,5364432400.0,15.45,63600,15.46,3100,1.84,16.68,14.83,5364432400,842580000.0,16.53,12.19,50.18,72.17,18.22,12.14,2.57
直真科技,sz003007,51.45,51.55,51.56,6779100.0,51.44,17200,51.45,6600,-0.19,52.94,50.51,6779100,350360000.0,9.34,4.71,37.35,61.52,56.71,46.4,0.82
广州酒家,sh603043,14.53,14.63,14.68,2785800.0,14.52,9400,14.53,15600,-0.68,14.68,14.45,2785800,40480000.0,0.49,1.57,81.94,82.64,16.09,13.17,0.66
可靠股份,sz301009,10.53,10.77,10.84,3194400.0,10.53,13700,10.54,1600,-2.23,10.84,10.43,3194400,33890000.0,2.12,3.81,15.9,28.63,12.92,8.62,0.8
泰胜风能,sz300129,11.47,11.72,11.68,28769300.0,11.46,73500,11.47,4400,-2.13,11.88,11.3,28769300,331270000.0,4.0,4.95,82.44,127.19,14.06,9.38,0.49
惠泉啤酒,sh600573,13.7,13.68,13.77,14795500.0,13.7,1400,13.71,33400,0.15,13.99,13.49,14795500,202900000.0,5.92,3.65,34.25,34.25,15.05,12.31,1.08
上实发展,sh600748,5.17,5.61,5.53,51235000.0,5.16,30700,5.17,257400,-7.84,5.64,5.1,51235000,269260000.0,2.78,9.63,95.36,95.36,6.17,5.05,0.93
中创股份,sh688695,24.6,25.07,25.33,108662500.0,24.6,6700,24.61,300,-1.87,25.33,24.28,108662500,27010000.0,2.04,4.19,13.14,20.92,30.08,20.06,1.02
应流股份,sh603308,73.74,74.4,75.48,17764400.0,73.73,500,73.74,7800,-0.89,76.37,72.67,17764400,1311930000.0,2.62,4.97,500.73,500.73,81.84,66.96,0.74
雅创电子,sz301099,62.23,63.5,63.74,6535000.0,62.23,2400,62.3,100,-2.0,64.58,61.37,6535000,409130000.0,7.28,5.06,55.87,91.27,76.2,50.8,0.79
白云机场,sh600004,8.33,8.43,8.44,10207200.0,8.33,164400,8.34,23000,-1.19,8.46,8.33,10207200,85520000.0,0.43,1.54,197.15,214.68,9.27,7.59,0.92
光明地产,sh600708,3.7,3.76,3.77,28363000.0,3.69,72200,3.7,204500,-1.6,3.78,3.66,28363000,105550000.0,1.27,3.19,82.34,82.46,4.14,3.38,0.67
富恒新材,bj920469,8.68,9.19,8.5,15035900.0,8.68,58700,8.69,8200,-5.55,9.13,8.25,15035900,129557700.0,14.53,9.58,8.98,12.23,11.94,6.44,1.29
显盈科技,sz301067,30.29,30.99,31.0,2135400.0,30.24,2200,30.29,5600,-2.26,31.5,30.02,2135400,65190000.0,3.35,4.78,19.33,29.45,37.19,24.79,0.83
西山科技,sh688576,75.65,75.42,74.01,45611300.0,75.65,500,75.66,800,0.3,77.26,74.01,45611300,34530000.0,2.09,4.31,16.49,34.42,90.5,60.34,0.73
爱慕股份,sh603511,14.45,14.17,14.23,3786000.0,14.45,5300,14.46,9400,1.98,14.71,14.0,3786000,54720000.0,0.94,5.01,58.07,58.39,15.59,12.75,2.29
赛摩智能,sz300466,9.34,9.12,9.13,13575700.0,9.33,22800,9.34,17000,2.41,9.49,9.06,13575700,126680000.0,3.02,4.71,41.92,50.02,10.94,7.3,1.19
大智慧,sh601519,10.6,10.88,10.9,34588500.0,10.6,35500,10.61,102600,-2.57,10.94,10.47,34588500,369860000.0,1.74,4.32,210.85,210.85,11.97,9.79,0.93
中源协和,sh600645,22.69,23.44,23.44,14364900.0,22.68,7600,22.69,23300,-3.2,23.44,22.5,14364900,328340000.0,3.07,4.01,106.14,106.18,25.78,21.1,1.28
航发动力,sh600893,47.12,48.56,48.32,36076800.0,47.12,124400,47.13,7700,-2.97,49.09,46.62,36076800,1721320000.0,1.35,5.09,1255.81,1256.03,53.42,43.7,0.65
中瓷电子,sz003031,160.6,166.09,165.0,19014900.0,160.58,200,160.6,500,-3.31,169.0,153.8,19014900,3043830000.0,5.59,9.15,546.29,724.39,182.7,149.48,1.21
迈信林,sh688685,55.0,55.5,55.8,631723500.0,54.98,600,55.0,3400,-0.9,56.05,53.36,631723500,345790000.0,4.3,4.85,80.77,80.77,66.6,44.4,0.98
凌钢股份,sh600231,2.07,2.08,2.08,12153100.0,2.07,21800,2.08,377000,-0.48,2.1,2.06,12153100,25220000.0,0.43,1.92,58.71,59.45,2.29,1.87,0.7
中国重汽,sz000951,22.24,22.58,22.67,10780200.0,22.24,3100,22.25,2000,-1.51,22.8,22.06,10780200,240940000.0,0.92,3.28,259.98,259.98,24.84,20.32,0.69
朗科智能,sz300543,9.55,9.52,9.58,6747900.0,9.55,8100,9.56,3000,0.32,9.66,9.4,6747900,64460000.0,2.7,2.73,23.89,29.26,11.42,7.62,1.38
凯德石英,bj920179,53.81,55.5,55.88,5329700.0,53.77,200,53.81,9600,-3.05,57.88,53.07,5329700,294336700.0,8.92,8.67,32.13,40.34,72.15,38.85,0.79
广咨国际,bj920892,13.92,14.16,14.02,968700.0,13.92,6200,14.0,2300,-1.69,14.28,13.9,968700,13605400.0,0.64,2.68,21.0,23.71,18.4,9.92,0.73
海得控制,sz002184,12.22,11.99,12.05,8545400.0,12.21,1300,12.22,3200,1.92,12.38,12.02,8545400,104410000.0,3.56,3.0,29.37,43.0,13.19,10.79,1.37
珠海港,sz000507,5.19,5.25,5.25,13562200.0,5.18,106500,5.19,62200,-1.14,5.26,5.14,13562200,70310000.0,1.5,2.29,46.83,47.73,5.78,4.73,0.92
大参林,sh603233,18.81,18.77,18.78,4642200.0,18.81,3500,18.82,64900,0.21,18.88,18.65,4642200,87040000.0,0.41,1.23,214.22,214.22,20.65,16.89,0.91
光正眼科,sz002524,4.22,4.32,4.32,14788500.0,4.22,35500,4.23,47500,-2.31,4.35,4.16,14788500,62720000.0,2.9,4.4,21.55,21.75,4.75,3.89,1.33
长青科技,sz001324,20.84,21.26,21.16,3913400.0,20.83,2900,20.84,2000,-1.98,21.42,20.7,3913400,82190000.0,4.79,3.39,17.02,28.76,23.39,19.13,0.88
起帆电缆,sh605222,37.94,39.7,39.58,15874400.0,37.94,11600,37.95,34400,-4.43,40.5,37.34,15874400,610100000.0,3.84,7.96,156.66,156.66,43.67,35.73,0.7
喜悦智行,sz301198,17.96,17.73,18.53,4452900.0,17.95,100,17.96,6700,1.3,18.53,17.45,4452900,79500000.0,2.74,6.09,29.14,30.35,21.28,14.18,0.65
*ST四通,sh603838,10.26,10.18,10.18,1658300.0,10.26,2800,10.29,2000,0.79,10.36,10.11,1658300,16980000.0,0.52,2.46,32.83,32.83,10.69,9.67,0.6
超图软件,sz300036,14.44,14.88,14.91,17709900.0,14.43,55200,14.44,39900,-2.96,14.98,14.32,17709900,259050000.0,4.04,4.44,63.32,71.16,17.86,11.9,1.59
香溢融通,sh600830,10.0,10.03,10.04,9705100.0,9.99,7200,10.0,58300,-0.3,10.2,9.9,9705100,97500000.0,2.14,2.99,45.43,45.43,11.03,9.03,0.67
地纬智能,sh688579,9.76,9.95,9.94,492351800.0,9.76,4800,9.77,700,-1.91,10.05,9.66,492351800,48610000.0,1.23,3.92,39.04,39.04,11.94,7.96,1.03
数码视讯,sz300079,5.75,5.75,5.76,38856200.0,5.74,31800,5.75,78500,0.0,5.84,5.66,38856200,223930000.0,3.03,3.13,73.69,82.0,6.9,4.6,0.84
超卓航科,sh688237,51.5,52.72,52.2,148369500.0,51.5,5200,51.72,4300,-2.31,54.1,51.5,148369500,78330000.0,1.65,4.93,46.19,46.19,63.26,42.18,0.91
ST帕瓦,sh688184,13.61,13.99,13.9,268440300.0,13.6,13000,13.61,7700,-2.72,14.34,13.61,268440300,37390000.0,2.67,5.22,13.68,21.65,16.79,11.19,0.7
*ST传智,sz003032,7.13,7.0,6.99,5943600.0,7.12,94500,7.13,5900,1.86,7.16,6.97,5943600,42070000.0,2.09,2.71,20.28,28.69,7.35,6.65,0.88
泉峰汽车,sh603982,7.65,7.48,7.48,10347400.0,7.65,1900,7.66,4300,2.27,7.8,7.45,10347400,79090000.0,3.05,4.68,25.98,27.93,8.23,6.73,1.04
高新发展,sz000628,63.48,61.78,61.78,22906200.0,63.47,2200,63.48,2700,2.75,66.07,61.68,22906200,1475700000.0,11.92,7.11,122.03,223.63,67.96,55.6,1.38
金冠股份,sz300510,4.13,4.19,4.18,24020200.0,4.13,27500,4.14,64400,-1.43,4.24,4.09,24020200,99430000.0,2.91,3.58,34.06,34.06,5.03,3.35,0.89
铁流股份,sh603926,25.3,24.52,24.61,16844000.0,25.3,19800,25.31,1700,3.18,26.18,23.3,16844000,418640000.0,7.3,11.75,58.4,59.38,26.97,22.07,1.42
佳禾智能,sz300793,14.52,14.81,14.86,8228700.0,14.52,6400,14.53,1900,-1.96,14.87,14.4,8228700,120470000.0,2.21,3.17,54.03,55.26,17.77,11.85,1.07
雪榕生物,sz300511,6.87,6.98,6.98,23645400.0,6.86,3100,6.87,4500,-1.58,7.02,6.8,23645400,163120000.0,4.33,3.15,37.51,44.03,8.38,5.58,0.72
敷尔佳,sz301371,31.96,33.05,32.84,4581200.0,31.94,1600,31.96,12500,-3.3,33.2,31.84,4581200,148150000.0,5.89,4.11,24.86,166.23,39.66,26.44,0.74
新城市,sz300778,14.3,13.59,13.72,10932000.0,14.29,500,14.3,7000,5.22,14.59,13.53,10932000,155800000.0,5.37,7.8,29.12,29.12,16.31,10.87,1.61
*ST天山,sz300313,9.31,9.25,9.31,3622600.0,9.31,15900,9.32,1100,0.65,9.36,9.1,3622600,33420000.0,1.84,2.81,18.37,22.32,11.1,7.4,0.85
通达股份,sz002560,10.45,11.61,11.08,163839100.0,0.0,0,10.45,227300,-9.99,11.25,10.45,163839100,1745390000.0,25.87,6.89,66.18,76.84,12.77,10.45,1.24
华软科技,sz002453,6.21,6.38,6.37,36400600.0,6.2,59600,6.21,45300,-2.66,6.51,6.16,36400600,228570000.0,6.04,5.49,37.42,50.45,7.02,5.74,0.74
凯发电气,sz300407,13.25,13.43,13.49,5967900.0,13.24,1000,13.25,8000,-1.34,13.55,13.13,5967900,79450000.0,2.3,3.13,34.31,45.88,16.12,10.74,0.72
博源化工,sz000683,8.22,8.37,8.37,46661600.0,8.22,58200,8.23,40000,-1.79,8.58,8.21,46661600,390820000.0,1.4,4.42,274.72,305.52,9.21,7.53,1.12
苏轴股份,bj920418,26.15,25.08,24.93,5054000.0,26.14,4300,26.15,22700,4.27,26.6,24.83,5054000,130487600.0,3.22,7.06,41.03,42.49,32.6,17.56,1.33
天康生物,sz002100,7.36,7.63,7.54,27488500.0,7.36,270200,7.37,45100,-3.54,7.57,7.32,27488500,204110000.0,2.01,3.28,100.48,100.48,8.39,6.87,0.54
精进电动-W,sh688280,6.5,6.48,6.47,1531573200.0,6.49,44900,6.5,46000,0.31,6.63,6.43,1531573200,100120000.0,2.94,3.09,33.84,38.36,7.78,5.18,0.6
电投水电,sh600292,14.98,15.34,15.29,18237400.0,14.97,40500,14.98,2300,-2.35,15.43,14.96,18237400,275790000.0,4.15,3.06,65.8,656.15,16.87,13.81,0.89
金麒麟,sh603586,17.07,16.77,16.61,3004400.0,17.06,15300,17.07,2800,1.79,17.2,16.57,3004400,50910000.0,1.53,3.76,33.47,33.47,18.45,15.09,0.72
东鹏饮料,sh605499,186.09,193.5,192.6,6530700.0,186.08,400,186.09,2400,-3.83,192.6,185.0,6530700,1223440000.0,1.26,3.93,967.69,1050.98,212.85,174.15,1.57
北路智控,sz301195,31.34,31.35,31.35,1083600.0,31.3,200,31.34,200,-0.03,31.9,31.12,1083600,34140000.0,1.24,2.49,27.48,41.39,37.62,25.08,1.09
海正生材,sh688203,14.21,14.39,14.52,346999000.0,14.2,10600,14.21,1400,-1.25,14.52,14.06,346999000,49460000.0,1.71,3.2,28.8,28.8,17.27,11.51,0.63
合力泰,sz002217,3.09,3.36,3.32,1045889100.0,3.09,3019800,3.1,6872200,-8.04,3.44,3.02,1045889100,3263170000.0,14.37,12.5,224.93,231.11,3.7,3.02,0.97
国瑞科技,sz300600,12.37,12.36,12.34,4626600.0,12.36,28800,12.37,48000,0.08,12.58,12.31,4626600,57600000.0,1.57,2.18,36.4,36.4,14.83,9.89,0.66
立方控股,bj920130,18.96,19.1,19.1,859300.0,18.96,4300,18.99,500,-0.73,19.56,18.9,859300,16475400.0,1.52,3.46,10.73,17.49,24.83,13.37,0.66
灿能电力,bj920299,23.74,24.15,23.84,3517800.0,23.74,3900,23.82,400,-1.7,24.64,23.62,3517800,84412200.0,7.75,4.22,10.78,21.39,31.39,16.91,0.61
丰光精密,bj920510,17.86,16.41,16.41,7685100.0,17.86,19700,17.87,1900,8.84,18.19,16.37,7685100,134588200.0,8.18,11.09,16.77,32.9,21.33,11.49,1.75
如通股份,sh603036,16.45,16.5,16.52,4837700.0,16.45,5100,16.46,9000,-0.3,16.76,16.39,4837700,80080000.0,2.35,2.24,33.89,33.89,18.15,14.85,0.92
百诚医药,sz301096,63.68,63.81,64.56,3416600.0,63.66,300,63.68,1800,-0.2,65.6,62.24,3416600,217340000.0,4.11,5.27,52.91,69.56,76.57,51.05,0.94
博云新材,sz002297,25.85,24.91,25.91,137797000.0,25.84,60600,25.85,571600,3.77,27.24,25.48,137797000,3598460000.0,24.04,7.07,148.15,148.15,27.4,22.42,0.86
顺景科技,sh603007,8.37,9.26,9.1,259190700.0,8.36,20600,8.37,295400,-9.61,9.1,8.33,259190700,2192150000.0,37.29,8.32,58.18,74.04,10.19,8.33,3.54
金城医药,sz300233,15.9,15.4,15.46,11374000.0,15.89,26800,15.9,39500,3.25,16.19,15.45,11374000,180930000.0,3.08,4.81,58.8,61.04,18.48,12.32,1.26
彩虹集团,sz003023,30.47,30.9,30.81,4077500.0,30.43,200,30.47,100,-1.39,30.9,29.83,4077500,123500000.0,3.88,3.46,32.03,32.1,33.99,27.81,0.78
新通联,sh603022,11.36,11.44,11.44,4723600.0,11.36,8900,11.37,300,-0.7,11.54,11.26,4723600,53900000.0,2.36,2.45,22.72,22.72,12.58,10.3,1.03
金桥信息,sh603918,13.15,13.1,13.13,7642200.0,13.14,5300,13.15,36500,0.38,13.34,13.05,7642200,100730000.0,2.09,2.21,48.01,48.01,14.41,11.79,0.77
南新制药,sh688189,10.09,10.35,10.57,3523716100.0,10.09,53500,10.1,9000,-2.51,11.3,10.02,3523716100,374360000.0,12.84,12.37,27.69,27.69,12.42,8.28,1.16
中再资环,sh600217,3.55,3.6,3.59,14998400.0,3.55,874100,3.57,64300,-1.39,3.6,3.55,14998400,53550000.0,0.9,1.39,58.85,58.85,3.96,3.24,1.17
安诺其,sz300067,6.92,7.0,7.06,87647100.0,6.91,115600,6.92,35700,-1.14,7.22,6.85,87647100,615210000.0,9.35,5.29,64.86,79.88,8.4,5.6,0.65
ST惠伦,sz300460,10.6,10.4,10.54,11525000.0,10.59,33700,10.6,54700,1.92,11.15,10.5,11525000,124310000.0,4.1,6.25,29.77,29.77,12.48,8.32,0.95
富岭股份,sz001356,11.99,11.88,11.79,9099300.0,11.99,7900,12.0,64600,0.93,12.05,11.68,9099300,108240000.0,4.53,3.11,24.06,70.66,13.07,10.69,1.61
利亚德,sz300296,6.58,6.67,6.66,110760500.0,6.57,146800,6.58,553000,-1.35,6.72,6.48,110760500,731560000.0,4.87,3.6,149.66,178.45,8.0,5.34,1.03
华信永道,bj920592,31.74,32.52,32.46,1397800.0,31.7,100,31.74,0,-2.4,33.36,31.66,1397800,45160100.0,2.78,5.23,15.96,25.64,42.27,22.77,0.57
赛力斯,sh601127,83.26,85.05,85.06,21774600.0,83.25,32000,83.26,48000,-2.1,85.3,82.88,21774600,1823630000.0,1.4,2.85,1296.53,1450.38,93.56,76.55,0.83
华远控股,sh600743,2.69,2.61,2.59,129174200.0,2.69,318800,2.7,440600,3.07,2.85,2.58,129174200,349850000.0,5.51,10.34,63.11,63.11,2.87,2.35,1.04
ST金鸿,sz000669,4.41,4.2,4.41,12188400.0,4.41,3643300,0.0,0,5.0,4.41,4.32,12188400,53490000.0,1.79,2.14,30.01,30.01,4.41,3.99,0.96
云煤能源,sh600792,4.07,4.08,4.08,18053900.0,4.07,64300,4.08,9600,-0.25,4.14,4.03,18053900,73710000.0,1.63,2.7,45.17,45.17,4.49,3.67,0.79
渤海租赁,sz000415,4.33,4.43,4.42,77826400.0,4.32,420000,4.33,224700,-2.26,4.47,4.3,77826400,340530000.0,1.44,3.84,233.51,267.79,4.87,3.99,0.97
福达股份,sh603166,14.77,14.17,14.2,20096100.0,14.77,12800,14.78,29400,4.23,15.32,14.12,20096100,298670000.0,3.14,8.47,94.63,95.36,15.59,12.75,2.21
深圳瑞捷,sz300977,21.98,21.93,22.4,1762800.0,21.96,1100,21.98,32400,0.23,22.4,21.78,1762800,38660000.0,1.86,2.83,20.84,33.46,26.32,17.54,0.7
格林精密,sz300968,12.62,12.73,12.78,7881500.0,12.62,8100,12.64,13000,-0.86,13.01,12.54,7881500,100350000.0,1.91,3.69,52.17,52.17,15.28,10.18,0.76
协创数据,sz300857,274.01,288.03,286.0,26936300.0,274.0,17800,274.01,2500,-4.87,293.0,270.4,26936300,7559350000.0,5.59,7.85,1320.91,1327.77,345.64,230.42,0.92
思源电气,sz002028,190.0,202.8,202.74,17826000.0,190.0,20800,190.04,300,-6.31,202.8,188.0,17826000,3421930000.0,2.92,7.3,1160.3,1486.66,223.08,182.52,1.47
颖泰生物,bj920819,3.31,3.38,3.38,8308200.0,3.31,1500,3.32,14500,-2.07,3.39,3.29,8308200,27635000.0,0.69,2.96,40.1,40.57,4.39,2.37,1.65
北京人力,sh600861,15.24,15.51,15.5,3619600.0,15.23,32000,15.24,4200,-1.74,15.5,15.16,3619600,55380000.0,0.99,2.19,55.87,86.28,17.06,13.96,1.28
荣联科技,sz002642,8.63,8.68,8.7,28588300.0,8.63,49600,8.64,55200,-0.58,8.78,8.57,28588300,247980000.0,4.32,2.42,57.09,57.09,9.55,7.81,0.45
华新科技,sz301265,26.0,26.35,26.23,7441500.0,25.99,400,26.0,12700,-1.33,27.5,25.82,7441500,197820000.0,4.38,6.38,44.15,78.77,31.62,21.08,0.81
ST海泰,sh600082,3.85,4.05,4.1,29734800.0,0.0,0,3.85,701800,-4.94,4.16,3.85,29734800,116510000.0,4.69,7.65,24.42,24.88,4.25,3.85,1.19
风语筑,sh603466,9.99,9.85,9.85,26418300.0,9.98,97100,9.99,60400,1.42,10.35,9.82,26418300,265240000.0,4.44,5.38,59.42,59.42,10.84,8.87,0.7
宁波建工,sh601789,6.05,6.13,6.17,76195500.0,6.05,635500,6.06,464400,-1.31,6.27,6.01,76195500,468190000.0,7.01,4.24,65.75,92.23,6.74,5.52,0.73
易事特,sz300376,5.94,5.86,5.87,36637500.0,5.94,7500,5.95,74100,1.37,6.1,5.73,36637500,216370000.0,1.57,6.31,138.25,138.3,7.03,4.69,1.33
永安期货,sh600927,14.72,15.62,15.5,20789800.0,14.72,26800,14.73,7900,-5.76,15.6,14.68,20789800,312520000.0,1.43,5.89,214.26,214.26,17.18,14.06,1.48
贝泰妮,sz300957,39.85,39.85,39.72,6176000.0,39.85,2500,39.86,1100,0.0,40.75,39.52,6176000,247740000.0,1.46,3.09,168.8,168.8,47.82,31.88,0.9
恒进感应,bj920870,15.3,15.03,15.03,1487800.0,15.3,500,15.32,800,1.8,15.61,15.01,1487800,22782900.0,2.25,3.99,10.1,20.5,19.53,10.53,0.72
云鼎科技,sz000409,9.82,9.89,9.89,7137000.0,9.81,29400,9.82,16300,-0.71,9.99,9.8,7137000,70390000.0,1.21,1.92,57.99,66.56,10.88,8.9,0.89
狄耐克,sz300884,12.74,12.96,12.95,4828500.0,12.72,17100,12.74,5600,-1.7,13.07,12.61,4828500,61860000.0,2.52,3.55,24.39,32.34,15.55,10.37,0.94
和而泰,sz002402,31.35,31.86,31.9,43269700.0,31.35,5200,31.36,4600,-1.6,32.66,31.08,43269700,1374740000.0,5.29,4.96,256.62,289.87,35.05,28.67,1.03
我乐家居,sh603326,8.19,8.27,8.27,4215900.0,8.19,14600,8.21,4600,-0.97,8.3,8.13,4215900,34620000.0,1.32,2.06,26.14,26.14,9.1,7.44,0.91
罗欣药业,sz002793,5.13,5.22,5.22,25077500.0,5.13,140800,5.14,107400,-1.72,5.27,5.08,25077500,129520000.0,2.31,3.64,55.71,55.79,5.74,4.7,0.71
*ST网达,sh603189,13.62,13.52,13.66,6743200.0,13.6,12000,13.62,2100,0.74,13.92,13.31,6743200,91470000.0,2.5,4.51,36.71,36.71,14.2,12.84,0.78
XD宇通客,sh600066,32.79,33.0,33.05,14951500.0,32.77,700,32.79,2400,-0.64,33.28,32.45,14951500,490420000.0,0.68,2.52,725.95,725.95,36.3,29.7,0.87
光莆股份,sz300632,35.26,31.85,34.36,70052100.0,35.25,300,35.26,556000,10.71,36.68,33.53,70052100,2427460000.0,31.67,9.89,77.99,107.61,38.22,25.48,0.97
葵花药业,sz002737,13.49,13.51,13.51,3779000.0,13.49,12800,13.51,4200,-0.15,13.59,13.4,3779000,51040000.0,0.65,1.41,78.78,78.78,14.86,12.16,0.5
九芝堂,sz000989,8.79,8.88,8.87,9585100.0,8.79,27200,8.8,120400,-1.01,8.94,8.72,9585100,84680000.0,1.38,2.48,61.02,75.24,9.77,7.99,0.57
得邦照明,sh603303,19.9,20.19,20.59,7038900.0,19.9,8000,19.92,2500,-1.44,21.85,19.58,7038900,143930000.0,1.48,11.24,94.91,94.91,22.21,18.17,1.09
东安动力,sh600178,10.33,10.22,10.28,3889500.0,10.33,1500,10.34,39900,1.08,10.43,10.2,3889500,40140000.0,0.83,2.25,48.19,48.19,11.24,9.2,0.62
ST信安,sh688201,8.73,8.9,8.93,639063900.0,8.72,9700,8.73,1300,-1.91,8.93,8.66,639063900,56060000.0,2.11,3.03,26.41,27.69,10.68,7.12,0.76
申科股份,sz002633,19.96,19.97,20.11,3453200.0,19.95,300,19.96,6400,-0.05,20.39,19.82,3453200,69140000.0,2.31,2.85,29.82,29.94,21.97,17.97,1.0
吉比特,sh603444,383.26,381.67,381.66,1204700.0,383.26,4700,383.28,400,0.42,384.51,378.8,1204700,459940000.0,1.67,1.5,276.1,276.1,419.84,343.5,0.66
山外山,sh688410,16.47,16.64,16.76,471416900.0,16.47,1500,16.48,1100,-1.02,16.89,16.28,471416900,78290000.0,1.48,3.67,52.64,52.64,19.97,13.31,0.58
卓兆点胶,bj920026,34.4,34.1,34.17,1476800.0,34.39,1900,34.4,100,0.88,35.55,33.28,1476800,50854900.0,2.39,6.66,21.28,28.23,44.33,23.87,1.67
恒尚节能,sh603137,13.85,13.85,13.72,2649800.0,13.83,3700,13.85,500,0.0,13.92,13.7,2649800,36600000.0,1.45,1.59,25.34,25.34,15.24,12.47,1.28
华凯易佰,sz300592,14.39,14.62,14.66,10771100.0,14.39,15800,14.4,6200,-1.57,14.75,14.28,10771100,156460000.0,3.09,3.21,50.2,58.19,17.54,11.7,0.81
华达新材,sh605158,8.23,8.42,8.44,15091000.0,8.23,22900,8.24,300,-2.26,8.57,8.16,15091000,126020000.0,2.95,4.87,42.09,42.09,9.26,7.58,0.5
峰璟股份,sz002662,3.67,3.68,3.7,19977800.0,3.66,431000,3.67,15200,-0.27,3.75,3.65,19977800,73890000.0,1.33,2.72,55.05,55.05,4.05,3.31,0.71
和顺石油,sh603353,45.61,48.92,48.91,8024100.0,45.61,20000,45.65,200,-6.77,50.0,44.81,8024100,374130000.0,4.71,10.61,77.73,78.41,53.81,44.03,0.8
健麾信息,sh605186,25.63,25.25,25.3,11181200.0,25.63,14700,25.64,2600,1.5,26.37,25.11,11181200,289770000.0,8.22,4.99,34.86,34.86,27.78,22.73,0.91
明新旭腾,sh605068,27.41,28.18,27.71,4648400.0,27.41,1600,27.43,100,-2.73,28.33,27.1,4648400,128400000.0,2.87,4.36,44.46,44.46,31.0,25.36,0.81
欢瑞世纪,sz000892,4.37,4.4,4.42,26384300.0,4.36,91800,4.37,1700,-0.68,4.48,4.34,26384300,116170000.0,3.71,3.18,31.06,42.87,4.84,3.96,0.65
国茂股份,sh603915,19.16,18.48,18.5,27247700.0,19.16,2100,19.17,37000,3.68,19.96,18.5,27247700,530450000.0,4.15,7.9,125.81,125.81,20.33,16.63,1.5
元隆雅图,sz002878,19.86,19.12,19.21,24048000.0,19.85,8000,19.86,3200,3.87,19.98,19.21,24048000,472860000.0,10.19,4.03,46.85,52.03,21.03,17.21,1.43
朗鸿科技,bj920395,9.79,9.85,9.9,513600.0,9.72,3000,9.79,500,-0.61,9.99,9.7,513600,5034500.0,0.49,2.94,10.25,14.94,12.8,6.9,0.69
柯力传感,sh603662,64.02,60.39,60.12,13113900.0,64.02,32600,64.03,6000,6.01,64.66,60.1,13113900,826360000.0,4.67,7.55,179.79,179.79,66.43,54.35,1.94
合力科技,sh603917,12.3,12.24,12.28,4456500.0,12.3,8000,12.32,4100,0.49,12.51,12.2,4456500,55030000.0,2.19,2.53,25.07,25.07,13.46,11.02,0.93
探路者,sz300005,16.19,16.53,16.44,34880200.0,16.19,2500,16.2,15900,-2.06,16.77,15.96,34880200,566950000.0,3.98,4.9,141.92,143.07,19.84,13.22,0.7
宝兰德,sh688058,28.92,29.26,29.07,99602000.0,28.81,1000,28.92,10000,-1.16,29.64,28.69,99602000,29100000.0,1.31,3.25,21.93,21.93,35.11,23.41,0.77
纬德信息,sh688171,57.31,57.7,56.83,201913100.0,57.31,400,57.51,15500,-0.68,59.22,56.3,201913100,116880000.0,2.41,5.06,48.01,48.01,69.24,46.16,0.72
博彦科技,sz002649,10.35,10.46,10.45,10086500.0,10.34,12800,10.35,64800,-1.05,10.55,10.25,10086500,105090000.0,1.88,2.87,55.51,60.58,11.51,9.41,0.87
萤石网络,sh688475,30.49,30.51,30.5,628653200.0,30.49,2700,30.5,2500,-0.07,31.36,30.17,628653200,193010000.0,0.8,3.9,240.11,240.11,36.61,24.41,0.95
华设集团,sh603018,7.6,7.45,7.45,11187300.0,7.59,65800,7.6,222400,2.01,7.77,7.42,11187300,85060000.0,1.64,4.7,51.97,51.97,8.2,6.71,1.73
兆驰股份,sz002429,12.65,13.52,13.49,209184400.0,12.64,149500,12.65,543900,-6.43,13.68,12.49,209184400,2699280000.0,4.62,8.8,572.33,572.66,14.87,12.17,1.1
莲花控股,sh600186,10.34,10.54,10.33,213946500.0,10.34,541200,10.35,393300,-1.9,10.84,10.28,213946500,2249240000.0,12.02,5.31,184.08,185.37,11.59,9.49,0.72
云南能投,sz002053,12.16,12.32,12.27,13122400.0,12.16,10600,12.17,17600,-1.3,12.39,12.07,13122400,160260000.0,1.43,2.6,111.96,111.96,13.55,11.09,0.7
天保基建,sz000965,3.54,3.58,3.58,16802500.0,3.54,332100,3.55,38200,-1.12,3.59,3.53,16802500,59750000.0,1.51,1.68,39.29,39.29,3.94,3.22,0.8
恒为科技,sh603496,30.21,31.0,31.0,19227300.0,30.2,9800,30.21,27000,-2.55,31.4,29.87,19227300,587350000.0,6.0,4.94,96.74,96.74,34.1,27.9,0.88
国统股份,sz002205,14.12,14.05,14.08,3377700.0,14.12,1600,14.17,1100,0.5,14.24,13.78,3377700,47390000.0,1.82,3.27,26.24,26.24,15.46,12.65,0.86
之江生物,sh688317,19.12,19.6,19.68,237885300.0,19.12,0,19.15,1000,-2.45,19.68,19.09,237885300,45900000.0,1.24,3.01,36.74,36.74,23.52,15.68,0.54
浙江华远,sz301535,18.7,18.71,18.71,2677800.0,18.7,17800,18.75,1300,-0.05,19.11,18.55,2677800,50380000.0,1.58,2.99,31.75,79.53,22.45,14.97,0.91
东软载波,sz300183,13.29,13.52,13.52,7387300.0,13.29,33900,13.3,7200,-1.7,13.64,13.11,7387300,98720000.0,1.99,3.92,49.31,61.48,16.22,10.82,0.86
新亚电缆,sz001382,21.66,21.99,22.0,6695800.0,21.66,14100,21.67,900,-1.5,22.2,21.58,6695800,146180000.0,10.63,2.82,13.65,89.24,24.19,19.79,0.67
开创国际,sh600097,9.94,10.08,10.07,3664900.0,9.94,40100,9.95,2400,-1.39,10.11,9.89,3664900,36670000.0,1.52,2.18,23.95,23.95,11.09,9.07,1.09
同享科技,bj920167,19.85,19.72,19.8,2761900.0,19.85,8800,19.88,1700,0.66,20.1,19.26,2761900,54433900.0,4.23,4.26,12.97,21.84,25.63,13.81,0.63
万德股份,bj920519,12.07,12.26,12.2,734800.0,12.07,800,12.08,900,-1.55,12.34,12.01,734800,8935100.0,1.28,2.69,6.94,10.77,15.93,8.59,0.87
佳力奇,sz301586,43.5,44.16,44.0,953500.0,43.5,6300,43.65,1400,-1.49,44.6,43.4,953500,41910000.0,1.8,2.72,23.02,36.09,52.99,35.33,0.63
均普智能,sh688306,10.43,9.9,9.92,3997953100.0,10.43,7700,10.44,16200,5.35,10.87,9.81,3997953100,416030000.0,3.25,10.71,128.11,128.11,11.88,7.92,2.33
克来机电,sh603960,23.2,23.05,22.95,10459400.0,23.2,5300,23.21,10000,0.65,23.94,22.95,10459400,244670000.0,3.99,4.3,60.83,60.83,25.36,20.75,0.73
斯莱克,sz300382,15.49,15.75,15.65,29556400.0,15.49,7600,15.5,1200,-1.65,15.97,15.21,29556400,457800000.0,4.56,4.83,100.43,100.44,18.9,12.6,0.98
华辰装备,sz300809,38.78,35.07,35.0,22601800.0,38.77,14200,38.78,800,10.58,39.96,34.97,22601800,871030000.0,15.01,14.23,58.39,98.32,42.08,28.06,2.48
浙大网新,sh600797,8.99,8.97,8.97,23865300.0,8.99,262400,9.0,90200,0.22,9.16,8.91,23865300,215410000.0,2.32,2.79,92.37,92.37,9.87,8.07,0.65
XD麦加芯,sh603062,53.85,52.93,53.07,1551900.0,53.85,400,53.9,3000,1.74,54.97,53.07,1551900,83870000.0,4.19,3.59,19.96,58.16,58.22,47.64,0.87
昆船智能,sz301311,16.66,16.42,16.42,2821900.0,16.61,1600,16.66,500,1.46,16.91,16.42,2821900,47130000.0,1.18,2.98,39.98,39.98,19.7,13.14,1.04
晋西车轴,sh600495,4.13,4.18,4.18,10477800.0,4.13,233200,4.14,72100,-1.2,4.19,4.12,10477800,43500000.0,0.87,1.67,49.9,49.9,4.6,3.76,0.76
聚力文化,sz002247,2.81,2.87,2.88,20355200.0,2.8,134000,2.81,38200,-2.09,2.88,2.79,20355200,57740000.0,3.16,3.14,18.08,23.91,3.16,2.58,0.95
岩山科技,sz002195,8.69,8.57,8.59,185395600.0,8.68,862500,8.69,441200,1.4,8.85,8.56,185395600,1615480000.0,3.3,3.38,488.36,492.77,9.43,7.71,0.87
神州高铁,sz000008,2.69,2.74,2.73,52010100.0,2.69,367200,2.7,547700,-1.82,2.74,2.68,52010100,140870000.0,1.91,2.19,73.07,73.07,3.01,2.47,0.72
新泉股份,sh603179,74.31,70.8,70.81,39215600.0,74.3,70800,74.31,8500,4.96,76.98,69.98,39215600,2884550000.0,7.69,9.89,379.09,379.09,77.88,63.72,1.17
敦煌种业,sh600354,5.88,6.07,6.04,24359300.0,5.87,215500,5.88,17600,-3.13,6.06,5.82,24359300,144270000.0,4.62,3.95,31.03,31.03,6.68,5.46,1.34
华创云信,sh600155,6.05,6.25,6.24,30502300.0,6.04,155600,6.05,34900,-3.2,6.27,6.02,30502300,186790000.0,1.38,4.0,133.92,133.92,6.88,5.63,1.09
帝欧水华,sz002798,8.28,8.26,8.26,15563000.0,8.27,23800,8.28,9000,0.24,8.35,8.06,15563000,127890000.0,3.21,3.51,40.11,45.96,9.09,7.43,0.63
一博科技,sz301366,40.6,40.61,40.64,3480400.0,40.59,500,40.6,100,-0.02,41.42,40.08,3480400,141930000.0,2.97,3.3,47.5,85.07,48.73,32.49,0.81
魅视科技,sz001229,35.86,36.42,36.45,1412200.0,35.86,5200,35.87,1100,-1.54,36.63,35.66,1412200,51010000.0,2.68,2.66,18.89,36.74,40.06,32.78,0.75
潞化科技,sh600691,2.98,2.97,2.97,50136600.0,2.98,204800,2.99,292900,0.34,3.05,2.96,50136600,150490000.0,2.11,3.03,70.79,70.8,3.27,2.67,1.07
辽宁能源,sh600758,4.27,4.65,4.41,149097300.0,4.27,347000,4.28,173500,-8.17,4.55,4.2,149097300,649230000.0,11.29,7.53,56.4,56.45,5.12,4.19,1.22
好莱客,sh603898,12.69,12.57,12.42,2488200.0,12.68,21400,12.69,55100,0.95,12.7,12.3,2488200,30930000.0,0.8,3.18,39.51,39.51,13.83,11.31,0.7
海洋王,sz002724,5.77,5.81,5.8,7883900.0,5.77,11100,5.78,52700,-0.69,5.85,5.74,7883900,45660000.0,1.39,1.89,32.76,44.52,6.39,5.23,0.72
先进数通,sz300541,12.73,12.76,12.88,12930500.0,12.72,84400,12.73,22200,-0.24,13.07,12.61,12930500,166290000.0,3.35,3.61,49.2,54.74,15.31,10.21,1.0
能辉科技,sz301046,28.65,27.95,28.03,6464300.0,28.65,900,28.66,15000,2.5,29.46,27.71,6464300,185040000.0,4.97,6.26,37.23,48.31,33.54,22.36,0.76
华海药业,sh600521,16.52,16.57,16.52,23088100.0,16.52,44700,16.53,25300,-0.3,16.87,16.37,23088100,382870000.0,1.54,3.02,247.35,247.35,18.23,14.91,0.63
河化股份,sz000953,7.1,6.96,6.96,9212500.0,7.1,26500,7.11,18700,2.01,7.15,6.96,9212500,65140000.0,2.52,2.73,25.99,25.99,7.66,6.26,1.3
特瑞斯,bj920014,11.86,11.8,11.82,1426200.0,11.85,1000,11.86,10500,0.51,12.08,11.71,1426200,16924300.0,2.13,3.14,7.95,14.45,15.34,8.26,0.67
康普顿,sh603798,19.0,18.66,18.71,9936700.0,19.0,4800,19.01,3400,1.82,20.4,18.71,9936700,191140000.0,3.87,9.06,48.73,48.73,20.53,16.79,0.71
商络电子,sz300975,22.2,22.84,23.03,43729400.0,22.2,53900,22.21,29400,-2.8,23.51,21.92,43729400,993390000.0,8.89,6.96,109.24,152.52,27.41,18.27,0.82
宁波富达,sh600724,8.28,8.22,8.18,12855200.0,8.28,8800,8.29,53600,0.73,8.32,8.08,12855200,105350000.0,0.89,2.92,119.64,119.67,9.04,7.4,0.58
中信出版,sz300788,31.0,31.28,31.01,6414500.0,30.99,1000,31.0,9400,-0.9,32.29,30.81,6414500,201980000.0,3.37,4.73,58.95,58.95,37.54,25.02,0.65
派特尔,bj920871,13.55,13.58,13.62,1673900.0,13.55,22900,13.56,1500,-0.22,13.79,13.25,1673900,22699000.0,3.56,3.98,6.37,11.52,17.65,9.51,1.91
比依股份,sh603215,17.86,18.33,18.32,3889700.0,17.86,30700,17.87,35500,-2.56,18.46,17.84,3889700,70500000.0,2.08,3.38,33.44,38.45,20.16,16.5,1.01
中环海陆,sz301040,32.6,32.72,32.74,3811300.0,32.56,1000,32.6,13200,-0.37,33.49,31.88,3811300,124260000.0,4.04,4.92,30.76,32.6,39.26,26.18,0.69
南方航空,sh600029,5.37,5.49,5.48,143037900.0,5.36,193900,5.37,518700,-2.19,5.49,5.35,143037900,770920000.0,1.06,2.55,723.71,973.1,6.04,4.94,1.09
台基股份,sz300046,34.8,34.47,34.4,17522300.0,34.79,1700,34.8,14900,0.96,35.68,34.26,17522300,612060000.0,7.41,4.12,82.31,82.31,41.36,27.58,1.63
悦心健康,sz002162,4.21,4.27,4.27,13161300.0,4.21,34600,4.22,16000,-1.41,4.3,4.19,13161300,55920000.0,1.43,2.58,38.67,38.72,4.7,3.84,0.89
杰普特,sh688025,394.8,374.0,386.0,579162000.0,394.72,600,394.8,100,5.56,422.88,385.55,579162000,2323290000.0,6.09,9.98,375.26,375.26,448.8,299.2,1.43
宜宾纸业,sh600793,16.0,15.91,15.85,3664000.0,16.0,3200,16.02,2800,0.57,16.45,15.85,3664000,59170000.0,2.07,3.77,28.3,28.3,17.5,14.32,1.15
艾融软件,bj920799,34.73,34.97,35.0,2205400.0,34.71,13800,34.73,1500,-0.69,35.71,34.44,2205400,77352500.0,1.84,3.63,41.7,72.64,45.46,24.48,0.68
国力电子,sh688103,64.66,64.03,64.04,229129600.0,64.64,1000,64.66,900,0.98,65.54,63.22,229129600,147690000.0,2.4,3.62,61.63,61.63,76.84,51.22,0.83
法狮龙,sh605318,89.0,89.79,89.76,1778000.0,89.0,2200,89.01,200,-0.88,91.8,88.21,1778000,159520000.0,1.41,4.0,111.9,111.9,98.77,80.81,0.81
珈伟新能,sz300317,5.49,5.58,5.58,99804700.0,5.49,124700,5.5,123900,-1.61,5.63,5.36,99804700,546780000.0,12.04,4.84,45.51,45.58,6.7,4.46,0.67
大恒科技,sh600288,14.6,15.01,15.01,14573400.0,14.59,1200,14.6,10300,-2.73,15.08,14.46,14573400,214920000.0,3.34,4.13,63.77,63.77,16.51,13.51,0.88
瑞丰光电,sz300241,6.97,7.16,7.1,46998500.0,6.96,82200,6.97,41400,-2.65,7.22,6.87,46998500,329360000.0,7.99,4.89,40.98,48.92,8.59,5.73,0.99
燕塘乳业,sz002732,15.58,15.8,15.8,1738700.0,15.57,400,15.58,2500,-1.39,15.82,15.48,1738700,27190000.0,1.11,2.15,24.39,24.52,17.38,14.22,1.11
鑫汇科,bj920267,18.41,18.48,18.51,322800.0,18.32,300,18.41,1300,-0.38,18.87,18.21,322800,5988099.999999999,1.09,3.57,5.46,9.2,24.02,12.94,0.7
美登科技,bj920227,64.35,62.42,61.67,834500.0,64.33,300,64.35,1600,3.09,65.28,61.67,834500,53330200.00000001,4.71,5.78,11.4,25.06,81.14,43.7,0.96
雄塑科技,sz300599,12.15,12.01,12.03,14040200.0,12.14,8600,12.15,15500,1.17,12.73,11.91,14040200,171700000.0,4.43,6.83,38.48,43.51,14.41,9.61,0.58
远东传动,sz002406,8.43,8.08,8.03,73715700.0,8.42,288600,8.43,222200,4.33,8.48,7.96,73715700,607460000.0,12.24,6.44,50.77,61.56,8.89,7.27,1.75
安奈儿,sz002875,23.89,24.87,24.87,8235400.0,23.89,300,23.9,2600,-3.94,25.04,23.76,8235400,199980000.0,4.51,5.15,43.58,50.89,27.36,22.38,1.0
迪生力,sh603335,7.33,7.35,7.35,13298000.0,7.33,47500,7.34,46000,-0.27,7.42,7.26,13298000,97560000.0,3.11,2.18,31.38,31.38,8.09,6.62,0.68
卫光生物,sz002880,25.76,25.61,25.58,1024700.0,25.76,12200,25.77,2500,0.59,25.88,25.48,1024700,26280000.0,0.45,1.56,58.42,58.42,28.17,23.05,0.49
宁波远洋,sh601022,8.59,8.83,8.83,11227800.0,8.59,31900,8.6,25900,-2.72,8.88,8.55,11227800,97130000.0,0.86,3.74,112.41,112.41,9.71,7.95,1.21
奥拓电子,sz002587,7.07,7.14,7.14,17932800.0,7.07,94900,7.08,64400,-0.98,7.2,7.01,17932800,127630000.0,3.37,2.66,37.66,46.27,7.85,6.43,0.91
迅安科技,bj920950,15.98,15.93,15.85,257000.0,15.85,900,15.98,47600,0.31,16.16,15.8,257000,4100299.9999999995,0.72,2.26,5.71,11.72,20.7,11.16,0.67
博世科,sz300422,5.87,5.82,5.79,22216800.0,5.86,56100,5.87,18900,0.86,5.94,5.73,22216800,129800000.0,4.3,3.61,30.33,31.34,6.98,4.66,0.78
秦川机床,sz000837,12.35,11.87,11.77,50909800.0,12.34,58400,12.35,2000,4.04,12.64,11.76,50909800,626880000.0,5.05,7.41,124.41,126.36,13.06,10.68,1.42
宇通重工,sh600817,10.84,10.95,11.0,3887900.0,10.83,15000,10.84,19100,-1.0,11.0,10.75,3887900,42240000.0,0.73,2.28,57.37,57.81,12.05,9.86,0.67
中文传媒,sh600373,8.23,8.22,8.21,6838900.0,8.22,22400,8.23,7800,0.12,8.29,8.19,6838900,56320000.0,0.51,1.22,110.89,110.89,9.04,7.4,0.59
旭光电子,sh600353,21.09,21.1,21.52,87581800.0,21.08,19300,21.09,8800,-0.05,21.98,20.83,87581800,1875430000.0,10.57,5.45,174.8,174.8,23.21,18.99,1.23
中航泰达,bj920263,10.08,9.68,9.6,3449300.0,10.04,500,10.08,0,4.13,10.32,9.57,3449300,34414500.0,3.36,7.75,10.34,14.24,12.58,6.78,2.44
英杰电气,sz300820,63.85,58.7,58.0,23072200.0,63.82,100,63.85,4100,8.77,67.0,54.88,23072200,1409350000.0,20.64,20.65,71.37,141.91,70.44,46.96,2.06
紫燕食品,sh603057,28.07,28.21,27.92,3229900.0,28.07,7900,28.08,18600,-0.5,28.82,27.71,3229900,91290000.0,0.78,3.93,115.65,115.65,31.03,25.39,0.81
江航装备,sh688586,13.86,14.19,14.4,883006300.0,13.86,1300,13.87,400,-2.33,14.48,13.75,883006300,124130000.0,1.12,5.14,109.68,109.68,17.03,11.35,0.98
水井坊,sh600779,31.62,32.58,32.5,3532500.0,31.62,1400,31.63,1500,-2.95,32.5,31.47,3532500,112420000.0,0.72,3.16,154.15,154.15,35.84,29.32,1.06
微创光电,bj920198,8.67,8.72,8.73,1873200.0,8.66,16600,8.67,400,-0.57,8.88,8.62,1873200,16365600.0,2.66,2.98,6.11,13.99,11.33,6.11,1.04
内蒙新华,sh603230,10.43,10.5,10.5,1766300.0,10.42,17200,10.43,2900,-0.67,10.61,10.39,1766300,18550000.0,0.5,2.1,36.87,36.87,11.55,9.45,0.92
东方明珠,sh600637,9.64,9.72,9.74,56595600.0,9.64,171500,9.65,35900,-0.82,9.94,9.56,56595600,551350000.0,1.68,3.91,324.09,324.09,10.69,8.75,0.8
光明肉业,sh600073,5.6,5.68,5.67,7737600.0,5.6,64600,5.61,300,-1.41,5.68,5.59,7737600,43530000.0,0.83,1.58,52.51,52.51,6.25,5.11,0.86
深城交,sz301091,22.12,22.27,22.38,8626600.0,22.12,5600,22.13,2400,-0.67,22.79,22.01,8626600,193440000.0,1.64,3.5,116.63,116.63,26.72,17.82,1.1
宏远股份,bj920018,28.32,29.02,28.99,2174000.0,28.31,1000,28.32,15500,-2.41,29.11,28.2,2174000,62189600.0,4.92,3.14,12.52,36.06,37.72,20.32,0.86
海量数据,sh603138,18.55,18.7,18.71,10196500.0,18.54,1000,18.55,11600,-0.8,19.36,18.28,10196500,191450000.0,3.54,5.78,53.49,54.51,20.57,16.83,0.55
博实股份,sz002698,14.7,14.12,14.05,27857800.0,14.7,72400,14.71,24100,4.11,15.15,14.05,27857800,409510000.0,3.32,7.79,123.52,150.32,15.53,12.71,1.32
顺络电子,sz002138,35.63,36.77,36.84,29311500.0,35.62,6600,35.63,16300,-3.1,37.44,35.02,29311500,1053060000.0,3.87,6.58,269.54,287.29,40.45,33.09,0.87
酉立智能,bj920007,53.13,54.72,54.73,436100.0,53.13,300,53.2,100,-2.91,55.49,52.59,436100,23310400.0,4.1,5.3,5.65,23.61,71.13,38.31,0.89
东方日升,sz300118,18.61,18.95,18.68,80432600.0,18.61,56600,18.62,107100,-1.79,19.14,18.1,80432600,1494160000.0,8.68,5.49,172.48,212.16,22.74,15.16,0.84
*ST春兴,sz002547,3.43,3.29,3.33,77995700.0,3.42,449900,3.43,79000,4.26,3.45,3.2,77995700,258440000.0,7.06,7.6,37.89,38.69,3.45,3.13,0.99
东华软件,sz002065,8.28,8.39,8.37,40571300.0,8.28,9800,8.29,48000,-1.31,8.49,8.23,40571300,339110000.0,1.4,3.1,240.78,265.41,9.23,7.55,0.69
托普云农,sz301556,83.04,85.15,84.95,1890100.0,83.04,200,83.07,600,-2.48,86.27,82.82,1890100,159610000.0,6.41,4.05,24.48,70.82,102.18,68.12,1.11
合金投资,sz000633,6.31,6.38,6.35,10766500.0,6.31,7600,6.32,1000,-1.1,6.49,6.28,10766500,68650000.0,2.8,3.29,24.3,24.3,7.02,5.74,1.06
利君股份,sz002651,9.26,9.3,9.22,8074100.0,9.26,18400,9.27,12300,-0.43,9.38,9.2,8074100,74960000.0,1.43,1.94,52.36,95.7,10.23,8.37,0.42
盈方微,sz000670,8.2,8.27,8.17,56072300.0,8.2,228100,8.21,6800,-0.85,8.4,8.11,56072300,461730000.0,6.82,3.51,67.39,69.27,9.1,7.44,0.96
福然德,sh605050,12.16,12.3,12.25,7316100.0,12.16,11600,12.17,7500,-1.14,12.47,11.92,7316100,88770000.0,1.48,4.47,59.93,59.93,13.53,11.07,1.25
君亭酒店,sz301073,23.68,24.07,24.09,3786600.0,23.68,7800,23.69,4000,-1.62,24.3,23.56,3786600,90350000.0,2.13,3.07,42.1,46.05,28.88,19.26,1.0
好上好,sz001298,23.52,23.32,23.2,18774800.0,23.52,37400,23.53,10100,0.86,23.8,23.16,18774800,441780000.0,4.61,2.74,95.83,101.73,25.65,20.99,0.63
大禹节水,sz300021,4.34,4.4,4.4,12199800.0,4.34,23600,4.35,217600,-1.36,4.41,4.32,12199800,53290000.0,1.4,2.05,37.91,44.37,5.28,3.52,0.89
交大铁发,bj920027,18.19,18.14,18.0,1100600.0,18.18,33100,18.19,2200,0.28,18.49,18.0,1100600,20038300.0,2.61,2.7,7.68,14.41,23.58,12.7,0.7
金利华电,sz300069,30.6,30.6,0.0,0.0,0.0,0,0.0,0,0.0,0.0,0.0,0,0.0,0.0,0.0,35.8,35.8,36.72,24.48,0.0
天沃科技,sz002564,5.86,6.0,6.0,19460600.0,5.86,98600,5.87,24300,-2.33,6.02,5.82,19460600,114710000.0,2.27,3.33,50.33,50.33,6.6,5.4,0.99
智飞生物,sz300122,15.04,15.09,15.09,18540600.0,15.04,54400,15.05,20100,-0.33,15.21,14.95,18540600,279330000.0,1.31,1.72,212.71,360.03,18.11,12.07,0.53
先锋电子,sz002767,19.91,20.05,20.05,1937200.0,19.91,500,19.92,3500,-0.7,20.24,19.78,1937200,38700000.0,1.49,2.29,25.93,29.86,22.06,18.05,0.76
杭齿前进,sh601177,16.97,16.08,15.98,24185000.0,16.97,90200,16.98,20400,5.53,17.17,15.97,24185000,406370000.0,6.05,7.46,67.89,69.19,17.69,14.47,1.39
吴通控股,sz300292,6.55,6.83,6.85,227859100.0,6.55,78000,6.56,133900,-4.1,6.97,6.48,227859100,1515900000.0,20.42,7.17,73.09,87.89,8.2,5.46,0.8
建研设计,sz301167,17.27,17.55,17.55,2623200.0,17.27,800,17.32,6000,-1.6,17.81,17.1,2623200,45790000.0,3.7,4.05,12.26,19.34,21.06,14.04,1.0
中公教育,sz002607,2.57,2.58,2.57,124786400.0,2.56,1991700,2.57,963300,-0.39,2.61,2.55,124786400,322160000.0,2.25,2.33,142.47,158.5,2.84,2.32,0.79
丰立智能,sz301368,54.55,51.75,52.2,6221600.0,54.55,10700,54.56,500,5.41,56.4,52.0,6221600,340990000.0,9.7,8.5,34.98,65.51,62.1,41.4,1.92
中科信息,sz300678,28.56,28.57,28.53,5649000.0,28.56,8100,28.58,2500,-0.04,29.05,28.27,5649000,162050000.0,1.94,2.73,83.17,84.65,34.28,22.86,0.69
万丰奥威,sz002085,13.66,13.58,13.58,33411400.0,13.66,59000,13.67,29300,0.59,13.93,13.51,33411400,457720000.0,1.57,3.09,290.04,290.04,14.94,12.22,1.01
长春高新,sz000661,84.15,85.29,85.03,4927800.0,84.15,19800,84.16,700,-1.34,85.8,84.0,4927800,417950000.0,1.23,2.11,336.28,343.28,93.82,76.76,0.67
嘉事堂,sz002462,13.5,13.86,13.8,6155700.0,13.49,17400,13.5,9200,-2.6,13.9,13.39,6155700,83810000.0,2.11,3.68,39.35,39.38,15.25,12.47,0.98
中航沈飞,sh600760,47.29,47.9,47.78,16193300.0,47.28,40400,47.29,46900,-1.27,47.89,47.13,16193300,768460000.0,0.57,1.59,1338.1,1340.72,52.69,43.11,0.51
万向德农,sh600371,8.29,8.33,8.37,5026600.0,8.28,5800,8.29,13900,-0.48,8.44,8.21,5026600,41770000.0,1.72,2.76,24.25,24.25,9.16,7.5,0.99
健康元,sh600380,10.49,10.67,10.66,17296400.0,10.48,2400,10.49,5300,-1.69,10.72,10.44,17296400,182900000.0,0.95,2.62,191.91,191.91,11.74,9.6,1.0
首华燃气,sz300483,20.7,20.52,20.25,19717900.0,20.69,72900,20.7,56500,0.88,20.86,20.12,19717900,404650000.0,5.17,3.61,79.01,79.03,24.62,16.42,0.66
君逸数码,sz301172,35.2,35.83,35.83,6050200.0,35.18,400,35.2,200,-1.76,36.8,34.81,6050200,214680000.0,6.13,5.55,34.77,60.71,43.0,28.66,0.58
东航物流,sh601156,15.52,15.95,16.0,17299100.0,15.52,8300,15.54,5400,-2.7,16.04,15.43,17299100,270220000.0,1.83,3.82,146.6,246.39,17.55,14.36,1.76
中科海讯,sz300810,32.13,32.1,32.11,2129100.0,32.12,4100,32.13,2700,0.09,32.69,31.9,2129100,68570000.0,1.87,2.46,36.63,37.93,38.52,25.68,0.78
泰晶科技,sh603738,55.58,52.98,53.53,72287600.0,55.57,18800,55.58,79400,4.91,58.28,53.53,72287600,4097970000.0,18.73,8.97,214.48,214.48,58.28,47.68,1.5
科顺股份,sz300737,7.76,7.89,7.86,30213100.0,7.76,85200,7.77,104900,-1.65,7.97,7.6,30213100,235940000.0,3.41,4.69,68.82,86.13,9.47,6.31,0.95
浩辰软件,sh688657,35.59,36.3,36.11,170331700.0,35.59,200,35.64,200,-1.96,36.58,35.31,170331700,60680000.0,2.85,3.5,21.25,33.96,43.56,29.04,1.26
精工科技,sz002006,18.61,18.22,18.21,19115700.0,18.61,2400,18.62,22700,2.14,18.88,18.08,19115700,354420000.0,3.68,4.39,96.73,96.73,20.04,16.4,1.42
李子园,sh605337,10.32,10.49,10.5,3508800.0,10.31,5700,10.32,4800,-1.62,10.5,10.26,3508800,36250000.0,0.9,2.29,40.26,40.26,11.54,9.44,1.06
南华仪器,sz300417,14.91,15.14,15.14,4543000.0,14.91,4200,14.92,500,-1.52,15.3,14.75,4543000,68250000.0,5.43,3.63,12.46,20.06,18.17,12.11,0.85
丰安股份,bj920608,16.42,16.53,16.7,240500.0,16.42,4600,16.58,1300,-0.67,16.83,16.3,240500,3964800.0,0.5,3.21,7.92,10.22,21.48,11.58,0.56
英特集团,sz000411,11.79,11.78,11.72,9743400.0,11.78,65200,11.79,12700,0.08,11.86,11.61,9743400,114500000.0,1.73,2.12,66.46,66.6,12.96,10.6,0.93
拉普拉斯,sh688726,69.52,72.6,71.97,2561844300.0,69.51,3500,69.52,0,-4.24,71.97,67.18,2561844300,1771520000.0,11.65,6.6,152.89,281.78,87.12,58.08,1.02
虹软科技,sh688088,42.77,42.31,42.4,823001200.0,42.76,7700,42.77,11700,1.09,44.08,42.36,823001200,354850000.0,2.05,4.07,171.58,171.58,50.77,33.85,0.95
常熟汽饰,sh603035,13.15,12.9,12.9,6154300.0,13.15,8300,13.16,12500,1.94,13.42,12.88,6154300,81030000.0,1.68,4.19,48.17,48.17,14.19,11.61,1.28
侨银股份,sz002973,13.92,13.97,14.14,13078500.0,13.91,5000,13.92,1600,-0.36,14.16,13.58,13078500,181560000.0,4.12,4.15,44.22,56.89,15.37,12.57,1.91
华鼎股份,sh601113,4.4,4.43,4.41,13623700.0,4.39,155700,4.4,36800,-0.68,4.46,4.37,13623700,60060000.0,1.23,2.03,48.58,48.58,4.87,3.99,0.77
内蒙一机,sh600967,14.04,14.0,14.02,18101300.0,14.03,25300,14.04,109800,0.29,14.16,13.93,18101300,254190000.0,1.06,1.64,238.93,238.93,15.4,12.6,0.56
沈阳机床,sz000410,6.05,5.93,5.93,37849900.0,6.04,99000,6.05,109900,2.02,6.17,5.85,37849900,228910000.0,1.92,5.4,119.25,160.27,6.52,5.34,1.06
ST通脉,sh603559,10.07,9.59,10.0,6795700.0,10.07,485400,0.0,0,5.01,10.07,10.0,6795700,68400000.0,1.69,0.73,40.41,40.41,10.07,9.11,0.73
飞亚达,sz000026,20.22,20.28,20.29,22496800.0,20.2,3100,20.22,9400,-0.3,21.0,19.67,22496800,460800000.0,6.17,6.56,73.71,82.05,22.31,18.25,0.95
上海建工,sh600170,2.65,2.63,2.64,122669100.0,2.64,4176600,2.65,3153800,0.76,2.65,2.62,122669100,323150000.0,1.38,1.14,235.48,235.48,2.89,2.37,0.79
节能铁汉,sz300197,1.6,1.64,1.63,46036900.0,1.6,25400,1.61,770300,-2.44,1.65,1.58,46036900,74200000.0,1.55,4.27,47.44,47.44,1.97,1.31,0.7
华熙生物,sh688363,39.94,40.5,40.46,333337000.0,39.94,9000,39.95,400,-1.38,40.58,39.93,333337000,133990000.0,0.69,1.6,192.38,192.38,48.6,32.4,0.93
汉宇集团,sz300403,12.08,11.32,11.32,35606300.0,12.08,205900,12.09,65600,6.71,12.4,11.32,35606300,430020000.0,8.34,9.54,51.59,72.84,13.58,9.06,2.63
信邦智能,sz301112,37.64,36.55,36.54,2823100.0,37.63,3300,37.64,1100,2.98,38.5,36.4,2823100,106220000.0,2.56,5.75,41.5,41.5,43.86,29.24,1.8
雷柏科技,sz002577,18.9,18.75,18.58,7265900.0,18.88,3400,18.9,8200,0.8,19.33,18.58,7265900,138460000.0,2.59,4.0,53.05,53.05,20.63,16.88,1.44
百普赛斯,sz301080,44.9,44.67,44.6,4755000.0,44.82,200,44.9,900,0.51,46.1,43.78,4755000,213700000.0,3.77,5.19,56.57,75.06,53.6,35.74,1.01
格灵深瞳,sh688207,16.99,17.18,17.25,583998900.0,16.97,8000,16.99,14900,-1.11,17.48,16.85,583998900,100280000.0,2.26,3.67,44.0,44.0,20.62,13.74,0.66
艾迪精密,sh603638,26.13,24.82,24.92,16165000.0,26.13,13400,26.14,3400,5.28,26.86,24.49,16165000,420710000.0,1.95,9.55,217.16,217.16,27.3,22.34,1.69
联美控股,sh600167,6.66,6.78,6.77,13687400.0,6.66,10700,6.67,5800,-1.77,6.8,6.61,13687400,91290000.0,0.6,2.8,150.71,150.71,7.46,6.1,0.95
三安光电,sh600703,16.16,17.45,17.69,465903300.0,16.15,176800,16.16,93000,-7.39,17.88,15.9,465903300,7725010000.0,9.34,11.35,806.23,806.23,19.2,15.71,1.31
和顺电气,sz300141,12.58,12.87,12.81,6169500.0,12.57,5500,12.58,24900,-2.25,13.0,12.5,6169500,78200000.0,2.42,3.89,32.03,32.44,15.44,10.3,0.84
ST长园,sh600525,5.36,5.32,5.35,12479600.0,5.36,50000,5.37,11400,0.75,5.42,5.25,12479600,66730000.0,0.95,3.2,70.69,70.69,5.59,5.05,0.55
爱朋医疗,sz300753,27.5,27.71,27.62,3151500.0,27.5,4900,27.53,200,-0.76,28.18,27.23,3151500,87360000.0,3.59,3.43,24.17,34.66,33.25,22.17,0.8
移为通信,sz300590,14.92,15.03,15.0,20693300.0,14.92,27100,14.93,8800,-0.73,15.3,14.8,20693300,311680000.0,5.78,3.33,53.39,68.97,18.04,12.02,0.72
尚品宅配,sz300616,15.37,15.36,15.38,12251500.0,15.37,6200,15.38,2200,0.07,15.97,14.94,12251500,187610000.0,7.89,6.71,23.86,34.51,18.43,12.29,0.75
陇神戎发,sz300534,8.81,8.96,8.99,5179100.0,8.81,8100,8.82,3000,-1.67,9.0,8.74,5179100,45870000.0,1.71,2.9,26.61,26.72,10.75,7.17,0.77
山东矿机,sz002526,3.25,3.23,3.24,29446700.0,3.25,193500,3.26,211200,0.62,3.32,3.22,29446700,96130000.0,1.66,3.1,57.56,57.94,3.55,2.91,0.94
江河集团,sh601886,9.29,9.33,9.35,5556900.0,9.28,900,9.29,33100,-0.43,9.44,9.21,5556900,51800000.0,0.49,2.47,105.26,105.26,10.26,8.4,0.92
中贝通信,sh603220,31.15,30.5,30.48,66928600.0,31.15,105400,31.16,19600,2.13,32.5,30.4,66928600,2104540000.0,15.41,6.89,135.27,167.07,33.55,27.45,1.29
ST绝味,sh603517,12.34,11.87,11.86,15023900.0,12.33,9100,12.34,12300,3.96,12.46,11.72,15023900,184020000.0,2.48,6.23,74.78,74.78,12.46,11.28,2.78
联合水务,sh603291,12.33,12.71,12.7,4744800.0,12.32,1900,12.33,34900,-2.99,12.7,12.22,4744800,58750000.0,1.12,3.78,52.18,52.18,13.98,11.44,0.61
神宇股份,sz300563,31.62,32.23,32.35,4428800.0,31.62,2300,31.63,1200,-1.89,32.79,31.36,4428800,141510000.0,3.46,4.44,40.52,57.59,38.68,25.78,1.03
松炀资源,sh603863,18.45,18.87,19.06,5889700.0,18.45,7200,18.46,200,-2.23,19.3,18.37,5889700,110450000.0,2.88,4.93,37.76,37.76,20.76,16.98,0.75
国脉科技,sz002093,8.08,8.15,8.15,14772700.0,8.07,36300,8.08,15300,-0.86,8.26,8.02,14772700,120110000.0,1.47,2.94,81.41,81.41,8.97,7.34,0.9
豪美新材,sz002988,31.32,31.63,31.63,3125000.0,31.32,2500,31.33,200,-0.98,32.4,31.16,3125000,98730000.0,1.25,3.92,78.23,78.23,34.79,28.47,0.56
春光智能,bj920810,11.4,11.1,11.22,1130400.0,11.35,1000,11.4,2000,2.7,11.63,11.06,1130400,12863500.0,1.81,5.14,7.11,10.93,14.43,7.77,1.55
科森科技,sh603626,25.55,25.45,25.5,44848800.0,25.55,166800,25.56,3500,0.39,26.5,24.62,44848800,1146970000.0,8.08,7.39,141.77,141.77,28.0,22.91,1.08
丸美生物,sh603983,24.83,25.29,25.29,1902100.0,24.82,800,24.83,24800,-1.82,25.29,24.68,1902100,47540000.0,0.47,2.41,99.57,99.57,27.82,22.76,0.76
*ST华西,sz002630,2.02,1.97,1.95,35773700.0,2.01,639500,2.02,146100,2.54,2.05,1.93,35773700,71810000.0,3.32,6.09,21.75,23.85,2.07,1.87,1.23
中南股份,sz000717,2.33,2.4,2.41,25677700.0,2.33,275600,2.34,108200,-2.92,2.41,2.32,25677700,60750000.0,1.06,3.75,56.47,56.48,2.64,2.16,1.28
爱威科技,sh688067,27.62,28.25,28.21,114561300.0,27.62,800,27.73,600,-2.23,28.21,27.12,114561300,31890000.0,1.68,3.86,18.78,18.78,33.9,22.6,0.94
坚朗五金,sz002791,17.69,18.33,18.37,6243500.0,17.68,74400,17.69,13300,-3.49,18.39,17.61,6243500,112060000.0,2.87,4.26,38.51,62.6,20.16,16.5,0.95
万泰生物,sh603392,39.56,40.03,40.0,5333500.0,39.55,2500,39.56,18300,-1.17,40.35,39.39,5333500,212530000.0,0.42,2.4,500.19,500.19,44.03,36.03,0.4
中无人机,sh688297,44.91,44.86,44.78,683355600.0,44.91,9300,44.92,31200,0.11,45.4,44.49,683355600,307250000.0,1.01,2.03,303.14,303.14,53.83,35.89,0.65
ST德豪,sz002005,2.91,2.88,2.88,10026900.0,2.9,35200,2.91,773300,1.04,2.92,2.86,10026900,29020000.0,0.57,2.08,50.98,51.0,3.02,2.74,0.69
海波重科,sz300517,11.67,11.77,11.78,5738900.0,11.67,8500,11.69,9500,-0.85,12.05,11.57,5738900,67860000.0,4.55,4.08,14.73,23.39,14.12,9.42,0.91
金域医学,sh603882,26.0,26.26,26.35,4962900.0,26.0,8800,26.01,300,-0.99,26.56,25.83,4962900,130090000.0,1.08,2.78,119.63,120.45,28.89,23.63,0.65
共进股份,sh603118,15.93,17.7,16.88,138760400.0,0.0,0,15.93,1839700,-10.0,16.88,15.93,138760400,2256750000.0,17.63,5.37,125.41,125.41,19.47,15.93,1.46
两面针,sh600249,5.73,5.75,5.68,12588800.0,5.73,28900,5.74,9800,-0.35,5.83,5.68,12588800,72510000.0,2.29,2.61,31.52,31.52,6.33,5.18,0.41
东星医疗,sz301290,33.22,33.82,33.88,4383600.0,33.2,100,33.22,400,-1.77,34.24,32.7,4383600,145060000.0,6.43,4.55,22.64,33.28,40.58,27.06,0.61
盟科药业-U,sh688373,5.44,5.52,5.52,1050053900.0,5.44,18600,5.45,36600,-1.45,5.56,5.39,1050053900,57540000.0,1.73,3.08,32.95,35.7,6.62,4.42,0.84
安控科技,sz300370,2.55,2.54,2.55,25152700.0,2.54,92700,2.55,25900,0.39,2.59,2.5,25152700,63990000.0,1.61,3.54,39.82,39.92,3.05,2.03,0.74
海能技术,bj920476,18.07,18.9,18.76,2580600.0,18.07,3200,18.08,3600,-4.39,18.95,18.01,2580600,47197100.0,3.2,4.97,14.57,15.39,24.57,13.23,2.11
芯瑞达,sz002983,24.97,24.87,24.73,7869800.0,24.96,27500,24.97,7500,0.4,25.11,24.15,7869800,194640000.0,6.14,3.86,32.0,55.85,27.36,22.38,1.86
银之杰,sz300085,39.37,41.8,41.62,48501200.0,39.36,1100,39.37,8100,-5.81,42.0,39.01,48501200,1945860000.0,7.44,7.15,256.7,278.2,50.16,33.44,1.06
华阳集团,sz002906,31.6,30.71,30.68,11239300.0,31.6,5600,31.61,10400,2.9,32.24,30.6,11239300,354820000.0,2.14,5.34,165.78,165.87,33.78,27.64,1.5
一彬科技,sz001278,22.62,22.92,22.81,3250600.0,22.62,2200,22.66,2000,-1.31,23.4,22.45,3250600,74570000.0,3.81,4.14,19.3,27.99,25.21,20.63,0.76
广电网络,sh600831,3.76,3.79,3.8,8447800.0,3.75,31400,3.76,8300,-0.79,3.85,3.74,8447800,31970000.0,1.19,2.9,26.73,26.73,4.17,3.41,0.78
科华生物,sz002022,5.75,5.86,5.9,8727100.0,5.74,9400,5.75,41200,-1.88,5.9,5.7,8727100,50300000.0,1.7,3.41,29.57,29.58,6.45,5.27,0.94
蓝思科技,sz300433,34.21,32.31,34.0,262600400.0,34.21,152200,34.22,87000,5.88,35.0,33.16,262600400,8942870000.0,5.28,5.69,1700.13,1805.86,38.77,25.85,1.65
电科网安,sz002268,15.04,15.39,15.39,12644600.0,15.04,12200,15.06,5900,-2.27,15.53,14.98,12644600,192210000.0,1.5,3.57,127.13,127.18,16.93,13.85,1.13
实朴检测,sz301228,61.49,60.99,60.38,2682700.0,61.49,800,61.64,1400,0.82,62.3,59.7,2682700,163900000.0,2.25,4.26,73.44,73.79,73.19,48.79,0.58
汉马科技,sh600375,4.93,4.98,4.97,20950100.0,4.93,25000,4.94,134000,-1.0,5.02,4.89,20950100,103600000.0,1.43,2.61,72.11,79.03,5.48,4.48,0.92
卓翼科技,sz002369,7.21,7.35,7.35,14519100.0,7.21,3500,7.22,23500,-1.9,7.42,7.11,14519100,105440000.0,2.56,4.22,40.82,40.88,8.09,6.62,1.04
麦格米特,sz002851,128.13,133.15,134.88,24871600.0,128.12,5200,128.13,10200,-3.77,134.96,126.49,24871600,3223610000.0,5.43,6.36,586.95,745.24,146.47,119.84,1.01
电光科技,sz002730,32.36,33.01,32.68,20162200.0,32.35,20800,32.36,20300,-1.97,34.12,31.84,20162200,663000000.0,5.83,6.91,111.98,117.17,36.31,29.71,0.66
伟思医疗,sh688580,62.18,61.87,63.0,186065700.0,62.16,1100,62.18,6900,0.5,63.27,61.42,186065700,116100000.0,1.94,2.99,59.55,59.55,74.24,49.5,0.72
广田集团,sz002482,1.65,1.62,1.62,78443200.0,1.64,1844100,1.65,2359100,1.85,1.65,1.6,78443200,126900000.0,2.1,3.09,61.77,61.89,1.78,1.46,1.36
ST京蓝,sz000711,5.92,6.23,5.92,16388000.0,0.0,0,5.92,79880400,-4.98,5.92,5.92,16388000,97020000.0,0.69,0.0,140.97,174.81,6.54,5.92,0.14
同仁堂,sh600085,27.3,27.56,27.51,5186400.0,27.29,3400,27.3,13000,-0.94,27.59,27.27,5186400,142190000.0,0.38,1.16,374.41,374.41,30.32,24.8,0.65
横店影视,sh603103,20.18,20.08,20.09,4434200.0,20.17,18600,20.18,8100,0.5,20.49,20.06,4434200,89900000.0,0.7,2.14,127.98,127.98,22.09,18.07,0.79
国航远洋,bj920571,11.34,12.03,11.83,24637300.0,11.34,50300,11.35,14100,-5.74,11.98,11.21,24637300,282946800.0,8.71,6.4,32.06,62.98,15.63,8.43,0.78
晋亿实业,sh601002,5.5,5.62,5.59,24890300.0,5.5,76500,5.51,62400,-2.14,5.66,5.47,24890300,137640000.0,2.61,3.38,52.49,52.49,6.18,5.06,0.8
汉王科技,sz002362,18.3,18.41,18.4,4087200.0,18.28,9300,18.3,4700,-0.6,18.72,18.2,4087200,75420000.0,1.97,2.82,37.99,44.74,20.25,16.57,0.95
东华测试,sz300354,38.74,36.66,37.06,5759600.0,38.74,6500,38.75,7900,5.67,39.58,36.95,5759600,221880000.0,7.08,7.17,31.5,53.59,43.99,29.33,1.8
百胜智能,sz301083,17.26,17.19,17.5,2817100.0,17.26,4300,17.29,3000,0.41,17.72,17.09,2817100,49140000.0,3.29,3.66,14.78,30.7,20.63,13.75,1.33
徐家汇,sz002561,7.65,7.74,7.75,4727800.0,7.65,65900,7.66,13200,-1.16,7.76,7.61,4727800,36270000.0,1.14,1.94,31.7,31.81,8.51,6.97,0.9
金证股份,sh600446,12.84,13.2,13.21,21944100.0,12.83,91900,12.84,9900,-2.73,13.29,12.74,21944100,285110000.0,2.33,4.17,120.86,120.86,14.52,11.88,0.84
安彩高科,sh600207,6.72,6.82,6.62,62348300.0,6.72,87400,6.73,31700,-1.47,6.9,6.33,62348300,415030000.0,5.72,8.36,73.2,73.2,7.5,6.14,0.92
*ST辉丰,sz002496,2.41,2.37,2.37,23276300.0,2.4,219300,2.41,284800,1.69,2.44,2.35,23276300,55870000.0,1.97,3.8,28.47,36.33,2.49,2.25,0.6
固高科技,sz301510,40.91,39.7,39.64,18899500.0,40.91,114700,40.93,3000,3.05,42.15,39.64,18899500,779780000.0,6.77,6.32,114.2,163.64,47.64,31.76,1.36
中京电子,sz002579,13.06,13.33,13.41,43924900.0,13.05,26400,13.06,76700,-2.03,13.67,12.9,43924900,579340000.0,7.53,5.78,76.19,80.01,14.66,12.0,0.77
丹娜生物,bj920009,45.87,45.61,45.95,337400.0,45.87,2800,45.88,1000,0.57,46.42,44.8,337400,15367800.0,3.35,3.55,4.62,35.57,59.29,31.93,0.62
英科医疗,sz300677,50.36,50.2,50.21,11072100.0,50.36,300,50.39,100,0.32,51.16,49.67,11072100,559790000.0,2.38,2.97,234.48,329.73,60.24,40.16,0.6
实丰文化,sz002862,18.56,18.57,18.66,3458100.0,18.56,1400,18.57,1900,-0.05,19.05,18.42,3458100,64590000.0,2.74,3.39,23.43,31.18,20.43,16.71,0.96
中科通达,sh688038,20.37,20.6,20.71,230085600.0,20.37,1000,20.38,18900,-1.12,20.9,20.2,230085600,47060000.0,1.98,3.4,23.71,23.71,24.72,16.48,0.75
亚普股份,sh603013,21.57,21.07,21.07,5352200.0,21.56,1200,21.57,900,2.37,21.97,21.07,5352200,115570000.0,1.05,4.27,109.62,109.62,23.18,18.96,1.09
维业股份,sz300621,8.75,8.92,8.92,4733600.0,8.74,14600,8.75,2300,-1.91,8.94,8.64,4733600,41710000.0,2.34,3.36,17.72,18.2,10.7,7.14,1.02
文科股份,sz002775,3.93,3.9,3.9,16010100.0,3.93,1400,3.94,98200,0.77,3.96,3.88,16010100,62620000.0,2.8,2.05,22.47,25.01,4.29,3.51,1.41
普瑞眼科,sz301239,43.8,43.6,43.49,2950500.0,43.79,3700,43.8,11000,0.46,44.35,42.33,2950500,128410000.0,2.08,4.63,62.22,65.53,52.32,34.88,0.83
海陆重工,sz002255,10.9,11.06,11.02,21148600.0,10.9,21400,10.91,8700,-1.45,11.15,10.81,21148600,231550000.0,3.31,3.07,69.54,90.57,12.17,9.95,0.9
润本股份,sh603193,24.12,24.03,24.05,3376700.0,24.11,6900,24.12,4500,0.37,24.4,23.8,3376700,81380000.0,3.27,2.5,24.92,97.59,26.43,21.63,0.71
宏英智能,sz001266,48.91,46.37,45.99,7676100.0,48.9,2000,48.91,500,5.48,49.99,45.99,7676100,372060000.0,13.2,8.63,28.44,50.69,51.01,41.73,1.21
奕瑞科技,sh688301,141.3,132.5,133.0,1268109000.0,141.24,200,141.3,1500,6.64,144.89,129.9,1268109000,1739870000.0,6.0,11.31,298.78,298.78,159.0,106.0,2.72
方大集团,sz000055,3.6,3.62,3.63,11457700.0,3.6,97600,3.61,500,-0.55,3.65,3.56,11457700,41400000.0,1.7,2.49,24.33,38.66,3.98,3.26,1.16
新坐标,sh603040,82.9,75.36,75.36,3800700.0,82.9,916600,0.0,0,10.01,82.9,74.0,3800700,304390000.0,2.8,11.81,112.53,113.12,82.9,67.82,1.56
*ST中岩,sz002542,1.74,1.75,1.75,29597900.0,1.74,997300,1.75,121900,-0.57,1.77,1.72,29597900,51610000.0,1.68,2.86,30.6,31.43,1.84,1.66,0.43
凯华材料,bj920526,25.24,23.81,24.8,5741900.0,25.24,9000,25.25,7500,6.01,26.68,24.54,5741900,146673400.0,10.96,8.99,13.22,20.87,30.95,16.67,1.29
津荣天宇,sz300988,30.3,29.89,29.89,6105800.0,30.3,1200,30.31,7700,1.37,30.99,29.63,6105800,184560000.0,5.64,4.55,32.8,42.51,35.87,23.91,0.97
国科军工,sh688543,59.67,60.36,60.01,411456300.0,59.67,4100,59.68,1600,-1.14,60.9,59.28,411456300,246670000.0,3.55,2.68,69.19,124.62,72.43,48.29,0.69
雪龙集团,sh603949,18.14,17.65,17.6,5928600.0,18.13,5800,18.14,2400,2.78,18.42,17.57,5928600,107360000.0,2.82,4.82,38.13,38.23,19.42,15.89,1.47
同心传动,bj920454,14.72,14.6,14.59,985400.0,14.69,15900,14.72,10200,0.82,14.94,14.46,985400,14494600.0,2.0,3.29,7.25,15.47,18.98,10.22,0.77
珀莱雅,sh603605,56.12,56.45,56.32,3326200.0,56.12,2000,56.13,4600,-0.58,56.83,55.77,3326200,187030000.0,0.84,1.88,222.22,222.22,62.1,50.81,0.6
龙头股份,sh600630,8.02,8.04,8.03,5080600.0,8.02,51900,8.03,4300,-0.25,8.11,7.97,5080600,40930000.0,1.2,1.74,34.07,34.07,8.84,7.24,0.82
甬金股份,sh603995,19.45,19.53,19.58,4598600.0,19.44,2700,19.45,27300,-0.41,19.7,19.39,4598600,89780000.0,1.26,1.59,71.11,71.11,21.48,17.58,0.92
华媒控股,sz000607,4.0,3.95,3.95,14451600.0,3.99,38500,4.0,43000,1.27,4.07,3.9,14451600,57870000.0,1.63,4.3,35.4,40.71,4.35,3.56,1.27
金隅集团,sh601992,1.6,1.64,1.63,79524700.0,1.59,3519100,1.6,1458100,-2.44,1.64,1.58,79524700,127380000.0,0.95,3.66,133.35,170.84,1.8,1.48,0.94
渝 开 发,sz000514,4.79,4.89,4.88,10169500.0,4.78,100200,4.79,38900,-2.04,4.89,4.75,10169500,48900000.0,1.21,2.86,40.42,40.42,5.38,4.4,0.89
徐工机械,sz000425,10.21,10.25,10.25,89729600.0,10.2,79800,10.21,16700,-0.39,10.45,10.13,89729600,924500000.0,1.0,3.12,916.02,1195.71,11.28,9.23,0.53
中力股份,sh603194,36.48,36.2,36.38,1808200.0,36.46,1400,36.48,12500,0.77,37.26,36.2,1808200,66350000.0,1.14,2.93,57.65,146.28,39.82,32.58,0.76
金自天正,sh600560,14.54,14.08,14.13,6279300.0,14.54,2300,14.55,30600,3.27,14.9,14.06,6279300,91280000.0,2.81,5.97,32.52,32.52,15.49,12.67,2.12
赛维时代,sz301381,21.68,22.4,22.32,8624000.0,21.65,4300,21.68,12300,-3.21,22.38,21.39,8624000,188350000.0,4.41,4.42,42.38,87.47,26.88,17.92,0.89
同方股份,sh600100,8.47,8.75,8.78,63854500.0,8.47,160500,8.48,82300,-3.2,8.88,8.4,63854500,550380000.0,1.91,5.49,283.77,283.77,9.63,7.88,0.79
锴威特,sh688693,136.04,140.0,135.91,835705300.0,136.04,1300,136.5,1200,-2.83,141.13,128.5,835705300,1124660000.0,21.48,9.02,52.93,100.24,168.0,112.0,0.99
信邦制药,sz002390,3.15,3.19,3.19,31123300.0,3.15,126900,3.16,262900,-1.25,3.21,3.13,31123300,98700000.0,1.61,2.51,60.73,61.23,3.51,2.87,1.25
胜业电气,bj920128,24.0,24.43,24.43,439000.0,24.0,6000,24.46,500,-1.76,25.15,24.0,439000,10846900.0,1.81,4.71,5.83,19.49,31.75,17.11,0.74
华塑股份,sh600935,2.7,2.61,2.62,69923800.0,2.69,532200,2.7,209900,3.45,2.82,2.62,69923800,189570000.0,1.99,7.66,94.7,97.06,2.87,2.35,2.43
蓝黛科技,sz002765,9.74,9.5,9.5,17466700.0,9.74,22800,9.75,22500,2.53,9.92,9.38,17466700,170040000.0,2.93,5.68,58.04,63.52,10.45,8.55,1.29
绿地控股,sh600606,1.5,1.54,1.53,133352600.0,1.49,646500,1.5,1891700,-2.6,1.54,1.48,133352600,201020000.0,0.95,3.9,210.81,210.81,1.69,1.39,0.7
富士莱,sz301258,30.53,30.29,30.31,1123200.0,30.48,1100,30.6,1000,0.79,30.97,30.05,1123200,34300000.0,1.26,3.04,27.19,27.99,36.35,24.23,1.02
顺威股份,sz002676,6.27,6.32,6.25,29640700.0,6.27,156100,6.28,48500,-0.79,6.42,6.22,29640700,187690000.0,4.12,3.16,45.14,45.14,6.95,5.69,0.52
雅葆轩,bj920357,25.56,26.16,26.3,1500300.0,25.52,500,25.56,200,-2.29,26.51,25.21,1500300,38862100.0,3.37,4.97,11.38,20.47,34.0,18.32,0.73
派克新材,sh605123,110.23,112.52,113.29,4261900.0,110.19,100,110.23,8400,-2.04,114.44,108.88,4261900,470840000.0,3.52,4.94,133.57,133.57,123.77,101.27,0.82
ST中路,sh600818,5.83,6.0,6.3,39877400.0,5.83,130300,5.84,20900,-2.83,6.3,5.7,39877400,235290000.0,16.76,10.0,13.87,18.74,6.3,5.7,7.01
倍轻松,sh688793,24.92,24.23,24.23,283901300.0,24.9,200,24.92,2100,2.85,25.73,24.23,283901300,71390000.0,3.3,6.19,21.42,21.42,29.08,19.38,0.81
威龙股份,sh603779,9.92,9.02,9.92,5292900.0,9.92,37093800,0.0,0,9.98,9.92,9.92,5292900,52510000.0,1.59,0.0,32.94,32.94,9.92,8.12,0.23
博瑞传播,sh600880,5.0,4.97,4.97,23024300.0,5.0,19900,5.01,96100,0.6,5.1,4.95,23024300,115740000.0,2.11,3.02,54.65,54.67,5.47,4.47,0.76
华星创业,sz300025,5.74,5.75,5.76,13855400.0,5.72,6300,5.74,1300,-0.17,5.83,5.67,13855400,79780000.0,2.73,2.78,29.08,29.2,6.9,4.6,1.01
中捷资源,sz002021,3.12,3.12,3.13,40702500.0,3.11,96500,3.12,214400,0.0,3.2,3.07,40702500,127320000.0,3.4,4.17,37.3,37.3,3.43,2.81,0.97
建设工业,sz002265,23.11,23.01,23.01,12439200.0,23.11,36800,23.12,29600,0.43,23.63,22.83,12439200,289350000.0,1.2,3.48,238.74,238.74,25.31,20.71,0.6
无锡晶海,bj920547,21.88,22.4,22.51,592800.0,21.88,200,22.0,7000,-2.32,22.61,21.83,592800,13113200.0,1.57,3.48,8.25,17.0,29.12,15.68,1.05
北摩高科,sz002985,33.49,33.91,33.91,5127800.0,33.48,3400,33.49,100,-1.24,34.1,33.31,5127800,172100000.0,1.55,2.33,110.83,111.14,37.3,30.52,0.55
甘源食品,sz002991,47.75,48.9,48.88,1067900.0,47.73,500,47.75,1100,-2.35,48.95,47.6,1067900,51510000.0,2.14,2.76,23.84,44.51,53.79,44.01,1.16
中曼石油,sh603619,28.95,28.78,28.62,16341600.0,28.95,11600,28.96,52100,0.59,29.23,28.42,16341600,471060000.0,3.53,2.81,133.85,133.85,31.66,25.9,1.11
京能热力,sz002893,10.98,11.04,11.05,13913600.0,10.98,54100,10.99,21900,-0.54,11.25,10.83,13913600,153140000.0,6.86,3.8,22.27,28.95,12.14,9.94,0.97
万安科技,sz002590,12.58,12.43,12.43,10278200.0,12.58,46900,12.59,10800,1.21,12.81,12.37,10278200,129570000.0,2.08,3.54,62.27,65.3,13.67,11.19,0.99
嵘泰股份,sh605133,39.49,39.5,39.35,18455200.0,39.48,15400,39.49,100,-0.03,40.98,39.0,18455200,738000000.0,6.54,5.01,111.41,111.67,43.45,35.55,1.3
莱斯信息,sh688631,56.32,56.32,56.16,238889100.0,56.32,1500,56.35,200,0.0,57.66,55.71,238889100,135390000.0,3.68,3.46,36.53,92.07,67.58,45.06,0.93
海鸥股份,sh603269,21.68,21.09,21.4,38543300.0,21.67,2100,21.68,159000,2.8,22.0,20.73,38543300,829300000.0,12.48,6.02,66.94,66.94,23.2,18.98,1.11
*ST湘邮,sh600476,12.06,12.28,12.12,3197100.0,12.06,12700,12.07,3000,-1.79,12.37,11.88,3197100,38600000.0,1.98,3.99,19.43,19.43,12.89,11.67,0.45
星网宇达,sz002829,21.8,22.33,22.31,5751800.0,21.8,7600,21.83,300,-2.37,22.55,21.66,5751800,126750000.0,3.94,3.99,31.84,45.3,24.56,20.1,0.82
吉大通信,sz300597,9.75,9.93,9.99,6677200.0,9.74,600,9.75,17200,-1.81,10.03,9.62,6677200,65600000.0,2.46,4.13,26.46,26.58,11.92,7.94,1.17
ST路通,sz300555,14.1,14.22,14.23,1712800.0,14.1,5400,14.19,8300,-0.84,14.43,14.01,1712800,24310000.0,0.87,2.95,27.92,28.2,17.06,11.38,0.56
爱仕达,sz002403,11.68,11.19,11.11,10144500.0,11.67,32800,11.68,21200,4.38,11.77,11.11,10144500,117200000.0,3.41,5.9,34.71,39.79,12.31,10.07,1.89
何氏眼科,sz301103,18.72,19.02,19.03,2218000.0,18.72,800,18.76,900,-1.58,19.14,18.62,2218000,41840000.0,1.82,2.73,22.77,29.58,22.82,15.22,1.06
大丰实业,sh603081,12.89,12.21,12.17,22592600.0,12.89,20300,12.9,70700,5.57,13.33,12.17,22592600,290780000.0,5.35,9.5,54.46,54.46,13.43,10.99,3.73
康泰医学,sz300869,12.34,12.64,12.73,3908300.0,12.34,26900,12.35,10300,-2.37,12.73,12.3,3908300,48750000.0,1.48,3.4,32.59,49.58,15.17,10.11,0.72
易天股份,sz300812,42.19,41.2,40.2,16111500.0,42.19,34200,42.2,33900,2.4,42.3,39.4,16111500,661790000.0,18.24,7.04,37.27,59.1,49.44,32.96,1.2
联合光电,sz300691,18.15,17.26,17.2,14018000.0,18.14,21400,18.15,34900,5.16,18.4,16.94,14018000,250430000.0,6.35,8.46,40.06,48.83,20.71,13.81,2.49
苏豪时尚,sh600287,5.57,5.66,5.67,6441700.0,5.57,28000,5.58,1200,-1.59,5.72,5.5,6441700,36100000.0,1.47,3.89,24.33,24.33,6.23,5.09,1.16
派诺科技,bj920375,13.89,14.5,14.13,6378100.0,13.89,4200,13.92,14600,-4.21,14.47,13.87,6378100,90122500.0,9.83,4.14,9.02,15.09,18.85,10.15,1.0
九联科技,sh688609,11.47,11.16,11.15,3629306600.0,11.47,3800,11.48,26600,2.78,11.58,10.89,3629306600,409170000.0,7.26,6.18,57.35,59.87,13.39,8.93,1.24
辽港股份,sh601880,1.61,1.64,1.63,158777400.0,1.61,4983800,1.62,7486400,-1.83,1.64,1.6,158777400,256780000.0,0.86,2.44,296.45,379.51,1.8,1.48,1.27
奥普光电,sz002338,63.63,63.01,62.96,8061300.0,63.62,3300,63.63,1800,0.98,65.5,62.32,8061300,515410000.0,3.36,5.05,152.71,152.71,69.31,56.71,1.12
卓锦股份,sh688701,10.59,10.81,10.86,223786200.0,10.59,16400,10.63,16600,-2.04,10.91,10.35,223786200,23960000.0,1.67,5.18,14.22,14.22,12.97,8.65,0.84
港通医疗,sz301515,23.66,23.96,24.07,1362000.0,23.66,17800,23.84,500,-1.25,24.1,23.5,1362000,32370000.0,2.08,2.5,15.51,23.66,28.75,19.17,0.94
禾川科技,sh688320,42.0,37.41,37.2,1537181300.0,42.0,24600,42.02,2100,12.27,43.7,37.2,1537181300,632640000.0,10.18,17.38,63.43,63.43,44.89,29.93,2.26
京能置业,sh600791,16.05,15.74,15.5,26847700.0,16.05,11500,16.06,1700,1.97,16.66,15.47,26847700,433020000.0,5.94,7.56,72.6,72.69,17.31,14.17,1.14
金运激光,sz300220,14.29,14.6,14.61,3341800.0,14.29,5400,14.3,600,-2.12,14.73,14.19,3341800,48340000.0,2.21,3.7,21.58,21.61,17.52,11.68,1.21
源飞宠物,sz001222,17.83,17.92,17.92,1226800.0,17.82,2700,17.83,700,-0.5,18.13,17.71,1226800,21940000.0,1.09,2.34,20.15,34.04,19.71,16.13,0.69
华之杰,sh603400,87.12,83.04,84.7,3132000.0,87.12,600,87.2,500,4.91,88.2,83.37,3132000,269780000.0,15.66,5.82,17.42,87.12,91.34,74.74,0.99
乔治白,sz002687,4.79,4.78,4.79,11083900.0,4.78,5200,4.79,13900,0.21,4.86,4.74,11083900,53180000.0,2.68,2.51,19.8,24.18,5.26,4.3,0.84
水羊股份,sz300740,25.85,26.17,26.17,13280800.0,25.85,21000,25.86,9300,-1.22,26.45,25.64,13280800,346140000.0,3.68,3.1,93.4,101.39,31.4,20.94,0.87
永泰能源,sh600157,1.75,1.78,1.77,794272700.0,1.74,23625600,1.75,11330800,-1.69,1.78,1.74,794272700,1393110000.0,3.64,2.25,381.81,381.81,1.96,1.6,0.77
爱尔眼科,sz300015,10.58,10.78,10.74,80795900.0,10.58,5000,10.59,335800,-1.86,10.8,10.49,80795900,858640000.0,1.02,2.88,841.68,986.63,12.94,8.62,0.88
XD秉扬科,bj920675,9.25,9.38,9.42,1406200.0,9.25,20800,9.29,9100,-1.39,9.49,9.13,1406200,13109000.0,1.78,3.84,7.31,15.93,12.19,6.57,0.8
挖金客,sz301380,35.24,35.19,35.35,1854900.0,35.24,5300,35.25,2700,0.14,36.28,35.14,1854900,66100000.0,2.3,3.24,28.45,35.73,42.23,28.15,0.82
青松股份,sz300132,8.1,8.15,8.14,16574600.0,8.1,173600,8.11,42900,-0.61,8.26,7.96,16574600,134210000.0,3.26,3.68,41.15,41.84,9.78,6.52,0.89
海泰科,sz301022,31.23,29.43,29.27,5711000.0,31.21,2000,31.23,5000,6.12,32.47,29.25,5711000,178350000.0,8.53,10.94,20.92,31.07,35.32,23.54,2.09
本川智能,sz300964,81.98,84.7,86.94,6195200.0,81.97,2000,81.99,800,-3.21,86.94,79.77,6195200,508910000.0,11.06,8.47,45.92,62.57,101.64,67.76,0.82
圣龙股份,sh603178,22.23,20.8,20.37,36457900.0,22.22,197000,22.23,6700,6.88,22.76,20.37,36457900,798310000.0,15.42,11.49,52.55,52.55,22.88,18.72,1.38
华岭股份,bj920139,18.91,19.1,19.19,5538400.0,18.91,10800,18.92,1500,-0.99,19.71,18.76,5538400,106348400.0,2.13,4.97,49.15,50.96,24.83,13.37,0.71
国子软件,bj920953,29.68,30.0,30.28,1116400.0,29.66,300,29.68,10000,-1.07,30.62,29.39,1116400,33478300.0,1.86,4.1,17.77,38.02,39.0,21.0,0.47
峆一药业,bj920478,15.49,15.6,15.6,812600.0,15.46,1500,15.49,1700,-0.71,15.76,15.34,812600,12598599.999999998,1.72,2.69,7.32,12.19,20.28,10.92,1.02
光韵达,sz300227,11.33,11.6,11.6,18646400.0,11.33,43500,11.34,8000,-2.33,11.76,11.21,18646400,213720000.0,4.31,4.74,49.07,67.52,13.92,9.28,0.81
长安汽车,sz000625,8.87,8.9,8.87,101658200.0,8.87,347700,8.88,359200,-0.34,9.01,8.76,101658200,901590000.0,1.23,2.81,733.29,879.28,9.79,8.01,1.15
恒合股份,bj920145,13.47,13.97,14.08,1504200.0,13.38,100,13.47,1500,-3.58,14.08,13.33,1504200,20382100.0,3.1,5.37,6.55,9.5,18.16,9.78,1.51
电声股份,sz300805,10.02,10.05,10.13,8796900.0,10.02,2000,10.03,22800,-0.3,10.39,9.95,8796900,89260000.0,3.05,4.38,28.89,42.53,12.06,8.04,1.12
翰博高新,sz301321,29.41,29.43,29.4,7732300.0,29.41,7600,29.42,1300,-0.07,30.88,28.37,7732300,227600000.0,5.24,8.53,43.42,54.83,35.32,23.54,1.07
江淮汽车,sh600418,45.87,47.5,47.5,49924300.0,45.87,27800,45.88,24500,-3.43,47.95,45.6,49924300,2316900000.0,2.29,4.95,1001.81,1033.99,52.25,42.75,0.95
*ST香雪,sz300147,10.66,10.86,10.78,10400500.0,10.66,141400,10.67,33000,-1.84,10.93,10.57,10400500,111170000.0,1.58,3.31,70.08,70.49,13.03,8.69,0.79
凯腾精工,bj920553,8.71,8.73,8.79,706700.0,8.7,17600,8.71,900,-0.23,8.89,8.7,706700,6195100.0,0.78,2.18,7.93,12.52,11.34,6.12,0.7
智明达,sh688636,41.09,42.61,42.47,487192900.0,41.09,2600,41.1,600,-3.57,42.88,40.85,487192900,202620000.0,2.91,4.76,68.88,71.46,51.13,34.09,0.89
通用股份,sh601500,4.51,4.54,4.54,21825300.0,4.51,11000,4.52,115100,-0.66,4.58,4.47,21825300,98850000.0,1.38,2.42,71.39,71.68,4.99,4.09,1.15
博晖创新,sz300318,5.33,5.37,5.4,6782500.0,5.33,138400,5.34,2000,-0.74,5.42,5.32,6782500,36300000.0,0.86,1.86,42.24,43.54,6.44,4.3,0.5
东方海洋,sz002086,1.88,1.89,1.89,33217400.0,1.88,902500,1.89,608400,-0.53,1.91,1.87,33217400,62860000.0,2.1,2.12,29.73,36.83,2.08,1.7,0.61
锦好医疗,bj920925,14.86,14.89,14.93,1162000.0,14.84,2200,14.86,400,-0.2,15.12,14.74,1162000,17314900.0,2.1,2.55,8.22,14.66,19.35,10.43,0.91
创新医疗,sz002173,23.33,23.54,23.56,19424000.0,23.33,16900,23.34,40100,-0.89,23.99,23.16,19424000,457450000.0,4.62,3.53,98.19,102.95,25.89,21.19,0.78
延华智能,sz002178,5.44,5.56,5.51,14291200.0,5.44,311000,5.45,238300,-2.16,5.53,5.37,14291200,77850000.0,2.01,2.88,38.72,38.74,6.12,5.0,1.07
百联股份,sh600827,8.36,8.65,8.58,28164100.0,8.36,31800,8.37,37600,-3.35,8.6,8.28,28164100,236700000.0,1.76,3.7,134.13,149.16,9.52,7.79,1.72
石头科技,sh688169,122.12,116.41,116.79,1406986900.0,122.12,5600,122.13,700,4.91,124.98,115.4,1406986900,1710150000.0,5.43,8.23,316.42,316.42,139.69,93.13,1.7
*ST艾艾,sh603580,25.75,25.57,25.49,2210300.0,25.75,2300,25.77,500,0.7,25.9,24.76,2210300,56350000.0,1.69,4.46,33.65,33.65,26.85,24.29,1.03
奥雅股份,sz300949,40.6,40.54,40.41,1004500.0,40.6,107100,40.66,500,0.15,41.11,40.0,1004500,40830000.0,2.93,2.74,13.93,24.36,48.65,32.43,1.23
贝仕达克,sz300822,15.14,14.95,15.0,3290400.0,15.13,2300,15.14,10300,1.27,15.36,14.97,3290400,49880000.0,1.14,2.61,43.75,47.17,17.94,11.96,0.87
星帅尔,sz002860,14.05,14.03,14.09,14472600.0,14.04,6200,14.05,94900,0.14,14.29,13.91,14472600,203710000.0,4.12,2.71,49.39,50.54,15.43,12.63,0.86
金杯汽车,sh600609,4.01,4.03,4.03,14395600.0,4.0,454700,4.01,356400,-0.5,4.09,4.0,14395600,58100000.0,1.1,2.23,52.31,52.31,4.43,3.63,0.89
花园生物,sz300401,13.43,13.62,13.63,11491000.0,13.43,8500,13.44,23700,-1.4,13.82,13.36,11491000,155990000.0,2.15,3.38,71.84,73.02,16.34,10.9,0.47
宇瞳光学,sz300790,33.95,34.78,35.68,32566900.0,33.94,500,33.95,14500,-2.39,36.68,33.32,32566900,1127150000.0,10.03,9.66,110.21,127.01,41.74,27.82,0.72
科锐国际,sz300662,24.83,24.68,24.87,4400200.0,24.82,100,24.83,14200,0.61,25.35,24.56,4400200,109440000.0,2.24,3.2,48.73,48.87,29.62,19.74,0.99
裕同科技,sz002831,41.47,41.8,41.55,8272500.0,41.47,6000,41.48,48100,-0.79,42.19,40.76,8272500,342450000.0,1.62,3.42,211.91,381.74,45.98,37.62,0.54
蓝帆医疗,sz002382,6.77,6.78,6.79,17688800.0,6.76,2600,6.77,77300,-0.15,6.84,6.68,17688800,119090000.0,1.77,2.36,67.52,68.19,7.46,6.1,0.69
海鸥住工,sz002084,3.7,3.72,3.72,14032000.0,3.7,20400,3.71,155400,-0.54,3.76,3.67,14032000,52110000.0,2.18,2.42,23.85,23.9,4.09,3.35,0.97
深粮控股,sz000019,7.05,7.16,7.15,14298200.0,7.04,187100,7.05,102200,-1.54,7.16,6.98,14298200,100830000.0,3.44,2.51,29.34,81.25,7.88,6.44,0.78
恒华科技,sz300365,5.97,6.03,6.03,21023100.0,5.97,19300,5.98,50400,-1.0,6.09,5.88,21023100,125540000.0,4.11,3.48,30.55,35.81,7.24,4.82,1.19
朗玛信息,sz300288,11.6,11.84,11.84,5437300.0,11.6,17000,11.62,400,-2.03,11.93,11.51,5437300,63800000.0,2.12,3.55,29.76,39.2,14.21,9.47,1.03
永顺泰,sz001338,12.36,12.47,12.47,8086800.0,12.35,1500,12.36,12000,-0.88,12.48,12.18,8086800,99760000.0,1.61,2.41,62.01,62.01,13.72,11.22,0.99
佩蒂股份,sz300673,15.7,15.77,15.86,3560800.0,15.64,400,15.7,2900,-0.44,16.25,15.55,3560800,56330000.0,2.22,4.44,25.19,38.83,18.92,12.62,0.79
银信科技,sz300231,10.85,10.97,10.98,14758200.0,10.85,49100,10.86,6600,-1.09,11.15,10.78,14758200,162110000.0,3.32,3.37,48.2,48.21,13.16,8.78,0.87
金智科技,sz002090,11.2,11.29,11.26,9662100.0,11.2,28300,11.21,36100,-0.8,11.4,11.13,9662100,108780000.0,2.45,2.39,44.24,44.86,12.42,10.16,0.87
金地集团,sh600383,2.87,2.93,2.92,68217200.0,2.86,74200,2.87,381400,-2.05,2.94,2.84,68217200,197290000.0,1.51,3.41,129.57,129.57,3.22,2.64,0.57
光洋股份,sz002708,15.53,15.41,15.25,33769600.0,15.52,9800,15.53,133100,0.78,15.98,14.92,33769600,523120000.0,6.54,6.88,80.24,87.29,16.95,13.87,0.92
迪安诊断,sz300244,18.73,18.83,18.89,35402300.0,18.73,7800,18.74,6800,-0.53,19.33,18.54,35402300,668690000.0,7.06,4.2,93.92,117.06,22.6,15.06,0.69
恒立钻具,bj920942,24.86,24.86,24.99,976800.0,24.85,100,24.86,200,0.0,25.59,24.7,976800,24485500.0,2.36,3.58,10.3,15.25,32.31,17.41,0.84
尤夫股份,sz002427,5.46,5.51,5.46,14354100.0,5.46,146400,5.47,27300,-0.91,5.6,5.42,14354100,79020000.0,1.46,3.27,53.75,53.8,6.06,4.96,0.77
杭州解百,sh600814,7.33,7.45,7.47,7308700.0,7.32,41300,7.33,24200,-1.61,7.48,7.3,7308700,53830000.0,0.99,2.42,53.88,53.88,8.2,6.71,1.04
海新能科,sz300072,4.36,4.36,4.33,37844000.0,4.36,65700,4.37,60600,0.0,4.46,4.32,37844000,166110000.0,1.62,3.21,101.65,102.45,5.23,3.49,0.85
福星股份,sz000926,2.0,2.05,2.05,32120300.0,1.99,206900,2.0,97400,-2.44,2.06,1.98,32120300,64520000.0,2.04,3.9,31.46,31.86,2.26,1.85,0.98
实益达,sz002137,8.6,8.57,8.56,17686300.0,8.6,126800,8.61,15600,0.35,8.79,8.54,17686300,153260000.0,4.46,2.92,34.1,49.67,9.43,7.71,1.1
艾布鲁,sz301259,42.43,43.95,43.54,5810400.0,42.43,1500,42.44,2900,-3.46,44.31,41.88,5810400,249480000.0,6.32,5.53,38.98,66.19,52.74,35.16,1.15
荣盛发展,sz002146,1.28,1.29,1.29,72738900.0,1.28,3110700,1.29,3762700,-0.78,1.31,1.28,72738900,93960000.0,1.86,2.33,50.07,55.66,1.42,1.16,0.7
德生科技,sz002908,8.12,8.28,8.28,7648900.0,8.12,24800,8.13,8600,-1.93,8.35,8.08,7648900,62680000.0,2.38,3.26,26.13,35.03,9.11,7.45,1.33
XD宝信软,sh600845,23.14,23.49,23.7,26362700.0,23.13,3700,23.14,6200,-1.49,23.93,23.0,26362700,617080000.0,1.24,3.96,493.82,664.3,25.84,21.14,0.89
*ST联翔,sh603272,32.74,31.73,31.43,10667700.0,32.74,1900,32.75,15400,3.18,32.9,30.14,10667700,330080000.0,10.29,8.7,33.93,33.93,33.32,30.14,2.14
数字政通,sz300075,13.71,13.63,13.65,11362900.0,13.7,60700,13.71,40500,0.59,13.94,13.48,11362900,156280000.0,2.2,3.37,70.67,85.16,16.36,10.9,0.56
威马农机,sz301533,31.62,31.89,31.89,1231700.0,31.62,600,31.67,400,-0.85,32.3,31.44,1231700,39200000.0,4.33,2.7,8.99,31.08,38.27,25.51,1.28
凯文教育,sz002659,5.02,5.03,5.03,13965700.0,5.02,7500,5.03,124100,-0.2,5.1,4.98,13965700,70400000.0,2.33,2.39,30.03,30.03,5.53,4.53,1.06
拾比佰,bj920768,12.37,12.34,12.39,1285000.0,12.36,2600,12.37,1600,0.24,12.6,12.21,1285000,15932700.0,1.68,3.16,9.46,13.73,16.04,8.64,0.83
骑士乳业,bj920786,7.87,8.07,8.02,5397000.0,7.86,11100,7.87,191800,-2.48,8.06,7.84,5397000,42789900.0,3.82,2.73,11.13,16.45,10.49,5.65,1.05
北方国际,sz000065,12.56,12.83,12.77,20315700.0,12.55,77600,12.56,16100,-2.1,12.95,12.45,20315700,257800000.0,2.08,3.9,122.46,145.88,14.11,11.55,0.76
汇纳科技,sz300609,40.57,41.0,41.17,4044800.0,40.55,2000,40.57,1200,-1.05,41.61,40.2,4044800,164690000.0,3.37,3.44,48.66,48.73,49.2,32.8,0.82
瑞泰科技,sz002066,26.06,23.69,24.39,25561600.0,26.06,2320300,0.0,0,10.0,26.06,24.39,25561600,655550000.0,11.07,7.05,60.2,61.22,26.06,21.32,1.58
星宸科技,sz301536,89.49,90.49,91.5,8662000.0,89.49,300,89.5,12600,-1.11,92.69,88.68,8662000,782460000.0,4.63,4.43,167.52,377.39,108.59,72.39,1.04
金能科技,sh603113,5.38,5.41,5.41,11555300.0,5.38,13800,5.39,6000,-0.55,5.46,5.34,11555300,62270000.0,1.36,2.22,45.65,45.65,5.95,4.87,0.63
德恩精工,sz300780,33.29,33.45,33.95,12770200.0,33.29,13800,33.3,1600,-0.48,34.97,32.75,12770200,429100000.0,11.88,6.64,35.8,48.83,40.14,26.76,0.7
酷特智能,sz300840,25.48,25.33,25.1,20583600.0,25.48,19000,25.49,27600,0.59,26.35,24.81,20583600,524920000.0,11.62,6.08,45.12,61.15,30.4,20.26,0.71
金现代,sz300830,10.85,10.8,10.81,15212100.0,10.85,90000,10.86,34600,0.46,11.17,10.76,15212100,166290000.0,4.51,3.8,36.57,49.0,12.96,8.64,1.01
北纬科技,sz002148,7.7,7.79,7.8,12073500.0,7.7,6200,7.71,61800,-1.16,7.86,7.62,12073500,93200000.0,2.69,3.08,34.6,43.04,8.57,7.01,0.88
硅烷科技,bj920402,10.18,9.9,9.9,10751300.0,10.17,7500,10.18,20400,2.83,10.4,9.73,10751300,108707600.0,3.94,6.77,27.78,42.97,12.87,6.93,1.34
居然智家,sz000785,2.43,2.47,2.47,44316100.0,2.43,512400,2.44,1162500,-1.62,2.48,2.4,44316100,108130000.0,0.76,3.24,141.05,151.32,2.72,2.22,0.92
津滨发展,sz000897,2.06,2.08,2.09,24033200.0,2.05,703300,2.06,53600,-0.96,2.09,2.04,24033200,49550000.0,1.49,2.4,33.32,33.32,2.29,1.87,0.72
绿岛风,sz301043,52.93,53.46,53.65,1061500.0,52.92,100,52.93,15300,-0.99,54.14,52.4,1061500,56540000.0,1.87,3.25,30.04,35.99,64.15,42.77,0.64
獐子岛,sz002069,3.66,3.74,3.72,13058300.0,3.66,242600,3.67,3700,-2.14,3.73,3.64,13058300,48130000.0,1.84,2.41,25.99,26.03,4.11,3.37,1.13
新锦动力,sz300157,5.37,5.4,5.4,28946900.0,5.37,218900,5.38,39400,-0.56,5.45,5.28,28946900,154800000.0,4.09,3.15,38.01,40.49,6.48,4.32,0.64
五芳斋,sh603237,15.87,16.0,16.02,1633300.0,15.87,10600,15.89,2100,-0.81,16.1,15.8,1633300,26020000.0,0.86,1.88,30.12,31.28,17.6,14.4,0.79
绿的谐波,sh688017,305.5,265.0,265.5,2012442500.0,305.5,2500,305.51,500,15.28,315.0,262.0,2012442500,5845810000.0,10.98,20.0,560.07,560.07,318.0,212.0,1.54
哈三联,sz002900,11.38,11.37,11.38,3316900.0,11.37,6600,11.38,3700,0.09,11.45,11.25,3316900,37650000.0,2.06,1.76,18.34,36.0,12.51,10.23,0.85
合肥高科,bj920718,12.55,12.4,12.6,510000.0,12.55,500,12.61,1200,1.21,12.81,12.47,510000,6441400.0,1.18,2.74,5.41,11.38,16.12,8.68,0.81
鼎智科技,bj920593,31.49,28.77,28.95,10076400.0,31.47,100,31.49,27200,9.45,32.19,28.71,10076400,311061600.0,6.24,12.1,50.89,59.93,37.4,20.14,2.28
璞源材料,sh603196,28.69,28.64,28.56,3795900.0,28.56,3400,28.69,15600,0.17,29.06,28.02,3795900,108040000.0,1.6,3.63,67.99,120.12,31.5,25.78,0.83
光峰科技,sh688007,14.87,15.13,15.2,742475500.0,14.87,700,14.88,2500,-1.72,15.45,14.74,742475500,112020000.0,1.62,4.69,68.34,68.34,18.16,12.1,0.95
沙河股份,sz000014,12.11,12.3,12.35,6396500.0,12.1,25200,12.11,10200,-1.54,12.48,12.0,6396500,78190000.0,2.64,3.9,29.31,29.31,13.53,11.07,0.72
宣亚国际,sz300612,14.9,14.8,14.8,6742800.0,14.89,2000,14.9,100,0.68,15.36,14.8,6742800,101850000.0,3.75,3.78,26.8,26.89,17.76,11.84,1.02
兆讯传媒,sz301102,10.89,10.88,10.9,2612300.0,10.89,21100,10.9,9700,0.09,11.13,10.8,2612300,28640000.0,0.64,3.03,44.21,44.21,13.06,8.7,0.73
金盾股份,sz300411,10.02,10.13,10.11,5414200.0,10.02,18300,10.03,600,-1.09,10.2,9.96,5414200,54500000.0,1.75,2.37,30.97,40.73,12.16,8.1,0.95
智度股份,sz000676,7.13,7.1,7.11,20556700.0,7.13,48500,7.14,110900,0.42,7.28,7.07,20556700,147640000.0,1.63,2.96,89.77,89.82,7.81,6.39,0.93
上海家化,sh600315,19.06,19.17,19.12,4354700.0,19.05,29500,19.06,5300,-0.57,19.25,18.9,4354700,82910000.0,0.65,1.83,128.13,128.13,21.09,17.25,0.68
文投控股,sh600715,2.0,2.0,1.99,27726000.0,1.99,1147900,2.0,2294300,0.0,2.01,1.98,27726000,55310000.0,0.97,1.5,57.25,81.2,2.2,1.8,0.6
国芳集团,sh601086,8.56,9.0,9.06,20052400.0,8.56,48500,8.57,8500,-4.89,9.08,8.5,20052400,173760000.0,3.01,6.44,57.01,57.01,9.9,8.1,0.85
宝莫股份,sz002476,5.69,5.76,5.81,10207800.0,5.69,1300,5.7,92700,-1.22,5.82,5.67,10207800,58430000.0,1.67,2.6,34.82,34.82,6.34,5.18,0.73
新兴装备,sz002933,30.33,30.09,30.09,1911600.0,30.33,8600,30.34,1000,0.8,30.8,29.85,1911600,57820000.0,1.64,3.16,35.41,35.59,33.1,27.08,0.86
中汽股份,sz301215,6.24,6.24,6.23,10643400.0,6.24,67100,6.25,36900,0.0,6.37,6.21,10643400,66840000.0,0.8,2.56,82.52,82.61,7.49,4.99,0.9
*ST广糖,sz000911,5.94,6.04,6.0,7067000.0,5.94,29300,5.95,22900,-1.66,6.09,5.91,7067000,42200000.0,1.77,2.98,23.78,23.78,6.34,5.74,0.58
华阳国际,sz002949,14.2,14.29,14.5,2820700.0,14.2,9800,14.22,10000,-0.63,14.51,14.12,2820700,40340000.0,1.86,2.73,21.57,27.84,15.72,12.86,0.69
武进不锈,sh603878,7.78,7.9,7.9,18535500.0,7.78,50100,7.79,21700,-1.52,7.92,7.69,18535500,144200000.0,3.3,2.91,43.66,43.66,8.69,7.11,0.67
煌上煌,sz002695,12.66,12.86,12.88,7843300.0,12.65,500,12.66,18300,-1.56,12.94,12.44,7843300,99290000.0,1.53,3.89,64.75,70.84,14.15,11.57,1.02
思美传媒,sz002712,5.6,5.5,5.53,17526800.0,5.6,84200,5.61,1100,1.82,5.71,5.49,17526800,98400000.0,3.24,4.0,30.29,30.48,6.05,4.95,1.23
欧菲光,sz002456,8.75,8.88,8.91,69316400.0,8.74,166000,8.75,38100,-1.46,9.05,8.68,69316400,613330000.0,2.09,4.17,290.27,293.83,9.77,7.99,1.03
鼎汉技术,sz300011,7.0,6.96,6.98,6992900.0,7.0,125500,7.01,9700,0.57,7.11,6.92,6992900,49010000.0,1.38,2.73,35.51,42.39,8.35,5.57,0.81
火星人,sz300894,10.25,10.19,10.36,3839500.0,10.23,1000,10.25,11300,0.59,10.42,10.15,3839500,39430000.0,1.31,2.65,30.14,41.64,12.23,8.15,0.98
申联生物,sh688098,8.49,8.59,8.7,229509400.0,8.49,600,8.5,89300,-1.16,8.7,8.47,229509400,19670000.0,0.56,2.68,34.86,34.86,10.31,6.87,0.72
东方材料,sh603110,24.37,25.1,24.05,14654100.0,24.37,3300,24.38,100,-2.91,25.15,24.05,14654100,361260000.0,7.28,4.38,49.04,49.04,27.61,22.59,0.9
竞业达,sz003005,17.55,18.06,17.74,4030500.0,17.55,8900,17.56,17900,-2.82,17.85,17.47,4030500,71160000.0,3.17,2.1,22.28,40.61,19.87,16.25,1.25
正虹科技,sz000702,6.87,7.01,6.97,12981500.0,6.87,29800,6.88,5800,-2.0,7.03,6.77,12981500,89540000.0,4.87,3.71,18.32,23.81,7.71,6.31,1.49
广汽集团,sh601238,6.6,6.67,6.66,20816200.0,6.59,266200,6.6,6300,-1.05,6.68,6.58,20816200,137880000.0,0.28,1.5,487.32,673.01,7.34,6.0,0.83
飞沃科技,sz301232,216.96,223.1,223.0,4330700.0,216.96,2400,216.97,300,-2.75,227.46,213.0,4330700,943030000.0,9.7,6.48,96.91,163.07,267.72,178.48,0.57
锦江酒店,sh600754,22.5,22.64,22.53,12753200.0,22.49,59500,22.5,7900,-0.62,22.83,22.26,12753200,287780000.0,1.41,2.52,203.86,239.92,24.9,20.38,0.85
威士顿,sz301315,50.8,50.79,50.84,2001800.0,50.79,6300,50.8,222100,0.02,52.88,50.75,2001800,103350000.0,5.41,4.19,18.8,44.7,60.95,40.63,1.26
永顺生物,bj920729,7.75,7.81,7.82,786900.0,7.75,2300,7.76,2300,-0.77,7.88,7.7,786900,6109400.000000001,1.02,2.3,5.95,21.18,10.15,5.47,0.78
国际医学,sz000516,4.49,4.47,4.47,25672300.0,4.48,483800,4.49,52200,0.45,4.53,4.41,25672300,114660000.0,1.17,2.68,98.52,100.53,4.92,4.02,0.92
正元智慧,sz300645,15.57,15.9,15.9,4389900.0,15.57,100,15.58,1900,-2.08,16.06,15.48,4389900,69100000.0,3.15,3.65,21.69,22.13,19.08,12.72,1.03
名雕股份,sz002830,23.17,23.11,23.11,3146900.0,23.15,500,23.17,29700,0.26,23.55,22.81,3146900,72850000.0,4.71,3.2,15.49,30.89,25.42,20.8,0.8
科净源,sz301372,37.86,38.98,38.83,2567700.0,37.82,1400,37.9,200,-2.87,39.55,37.4,2567700,98270000.0,6.24,5.52,15.59,25.96,46.78,31.18,1.03
奥特佳,sz002239,2.82,2.84,2.84,66941500.0,2.82,282400,2.83,610300,-0.7,2.86,2.81,66941500,189270000.0,2.5,1.76,75.64,99.12,3.12,2.56,0.94
*ST交投,sz002200,7.81,7.84,7.84,1493500.0,7.81,6500,7.82,10000,-0.38,7.86,7.76,1493500,11650000.0,0.76,1.28,15.29,35.23,8.23,7.45,0.54
贤丰控股,sz002141,3.56,3.6,3.6,17651900.0,3.56,203400,3.57,72000,-1.11,3.63,3.55,17651900,63110000.0,1.71,2.22,36.77,36.77,3.96,3.24,0.63
*ST美芝,sz002856,17.98,17.12,17.25,20351200.0,17.98,307700,0.0,0,5.02,17.98,16.26,20351200,347580000.0,16.42,10.05,22.28,24.33,17.98,16.26,2.69
三江购物,sh601116,12.97,13.48,13.41,17296200.0,12.96,28100,12.97,11100,-3.78,13.45,12.91,17296200,227450000.0,3.16,4.01,71.03,71.03,14.83,12.13,0.9
中远通,sz301516,21.92,21.32,21.19,12617400.0,21.92,9500,21.96,2000,2.81,22.32,21.09,12617400,277190000.0,17.98,5.77,15.38,61.53,25.58,17.06,1.49
天坛生物,sh600161,13.78,14.06,14.06,11408800.0,13.78,139300,13.79,19500,-1.99,14.13,13.78,11408800,158680000.0,0.58,2.49,272.48,272.48,15.47,12.65,1.04
长城军工,sh601606,38.14,38.0,37.8,14149800.0,38.13,8300,38.14,20500,0.37,38.95,37.78,14149800,541330000.0,1.95,3.08,276.22,276.22,41.8,34.2,0.6
中信海直,sz000099,16.97,17.08,17.09,9568700.0,16.96,23900,16.97,9000,-0.64,17.26,16.85,9568700,163170000.0,1.23,2.4,131.65,131.65,18.79,15.37,0.85
ST创意,sz300366,5.78,5.74,5.74,8066900.0,5.77,30000,5.78,21400,0.7,5.93,5.73,8066900,46890000.0,1.52,3.48,30.66,35.12,6.89,4.59,1.01
博通股份,sh600455,29.36,29.05,29.05,2062900.0,29.36,4400,29.37,200,1.07,30.15,28.9,2062900,60910000.0,3.3,4.3,18.34,18.34,31.96,26.15,1.01
普联软件,sz300996,12.35,12.39,12.41,8602900.0,12.34,900,12.35,2800,-0.32,12.69,12.27,8602900,107300000.0,2.58,3.39,41.14,48.88,14.87,9.91,0.85
华统股份,sz002840,10.75,11.18,11.2,41599900.0,10.75,58900,10.76,7200,-3.85,11.2,10.71,41599900,452890000.0,5.22,4.38,85.64,86.23,12.3,10.06,0.94
浙江黎明,sh603048,23.31,23.3,23.3,1847900.0,23.31,100,23.35,1900,0.04,23.69,23.09,1847900,43210000.0,1.26,2.58,34.24,34.24,25.63,20.97,0.92
国缆检测,sz301289,55.8,56.0,56.24,571600.0,55.75,700,55.8,200,-0.36,56.65,55.3,571600,31990000.0,0.74,2.41,43.25,43.52,67.2,44.8,0.72
久远银海,sz002777,16.57,16.72,16.7,16243000.0,16.57,35000,16.58,26400,-0.9,17.05,16.41,16243000,272100000.0,4.02,3.83,67.03,67.64,18.39,15.05,1.03
陕西黑猫,sh601015,3.75,3.76,3.77,40824700.0,3.75,175700,3.76,95700,-0.27,3.82,3.7,40824700,153260000.0,2.0,3.19,76.59,76.59,4.14,3.38,0.89
捷安高科,sz300845,15.32,15.39,15.37,11213900.0,15.32,1400,15.33,1400,-0.45,15.73,14.88,11213900,171950000.0,7.8,5.52,22.03,31.5,18.47,12.31,0.61
瑞玛精密,sz002976,34.5,36.37,37.07,10901400.0,34.47,700,34.5,29300,-5.14,37.45,34.1,10901400,383140000.0,16.35,9.21,23.0,51.65,40.01,32.73,2.26
华兰疫苗,sz301207,19.87,20.24,20.19,10903100.0,19.86,30000,19.87,1100,-1.83,20.47,19.75,10903100,219350000.0,1.82,3.56,119.35,119.42,24.29,16.19,0.48
欧林生物,sh688319,39.23,38.64,38.53,1391349300.0,39.23,7100,39.25,2600,1.53,39.41,37.2,1391349300,532400000.0,3.43,5.72,159.04,159.16,46.37,30.91,1.06
南京熊猫,sh600775,12.69,12.93,12.92,19538200.0,12.69,51600,12.7,119000,-1.86,13.02,12.61,19538200,249710000.0,2.91,3.17,85.26,115.97,14.22,11.64,0.81
鱼跃医疗,sz002223,29.08,29.0,29.08,8081500.0,29.08,12200,29.09,1100,0.28,29.39,28.91,8081500,235570000.0,0.86,1.66,274.02,291.52,31.9,26.1,0.74
动力源,sh600405,4.88,5.07,5.12,22728600.0,4.88,37700,4.89,131700,-3.75,5.13,4.83,22728600,112580000.0,3.71,5.92,29.91,29.91,5.58,4.56,1.6
玉禾田,sz300815,21.67,21.43,21.37,6121900.0,21.66,10000,21.67,6900,1.12,22.06,21.37,6121900,133280000.0,1.57,3.22,84.6,86.37,25.72,17.14,1.02
中寰股份,bj920260,9.45,9.59,9.64,966600.0,9.45,2800,9.46,3000,-1.46,9.69,9.34,966600,9169700.0,0.98,3.65,9.34,9.79,12.46,6.72,0.9
大悦城,sz000031,2.86,2.89,2.89,30504800.0,2.85,790000,2.86,101700,-1.04,2.91,2.83,30504800,87180000.0,0.71,2.77,122.59,122.59,3.18,2.6,1.02
上纬新材,sh688585,137.4,131.17,133.3,819522700.0,137.4,600,137.45,2200,4.75,143.8,131.31,819522700,1130930000.0,2.03,9.52,554.22,554.22,157.4,104.94,1.37
琏升科技,sz300051,14.63,15.24,15.19,21632800.0,14.63,18100,14.65,5000,-4.0,15.37,14.16,21632800,315940000.0,5.89,7.94,53.75,54.43,18.29,12.19,0.92
农尚环境,sz300536,13.42,13.16,13.05,24587500.0,13.41,109900,13.42,135300,1.98,13.55,12.96,24587500,326790000.0,8.38,4.48,39.36,39.36,15.79,10.53,0.72
严牌股份,sz301081,20.3,16.92,17.54,18631200.0,20.3,3305400,0.0,0,19.98,20.3,17.17,18631200,350450000.0,8.53,18.5,44.36,46.23,20.3,13.54,2.37
思特奇,sz300608,14.5,15.26,15.22,46389000.0,14.5,21000,14.51,6000,-4.98,15.55,14.34,46389000,691210000.0,16.13,7.93,41.7,48.03,18.31,12.21,1.51
中亦科技,sz301208,33.26,33.52,33.68,1279600.0,33.26,800,33.29,1000,-0.78,34.04,33.05,1279600,42940000.0,1.94,2.95,21.98,39.91,40.22,26.82,0.87
泰鹏智能,bj920132,13.78,14.38,14.36,891600.0,13.78,5000,13.85,2500,-4.17,14.36,13.66,891600,12500700.0,3.17,4.87,3.88,11.41,18.69,10.07,1.15
星华新材,sz301077,30.36,30.07,30.01,3623300.0,30.36,3300,30.37,10100,0.96,30.78,29.84,3623300,109920000.0,3.8,3.13,28.96,51.64,36.08,24.06,0.58
元琛科技,sh688659,11.87,11.96,11.91,401415500.0,11.87,4100,11.89,700,-0.75,12.1,11.75,401415500,47880000.0,2.51,2.93,18.99,18.99,14.35,9.57,0.95
学大教育,sz000526,34.09,34.38,34.41,1627000.0,34.09,3000,34.11,500,-0.84,34.54,33.88,1627000,55650000.0,1.36,1.92,40.72,41.54,37.82,30.94,0.62
众智科技,sz301361,40.15,39.13,38.91,5335700.0,40.14,300,40.15,8000,2.61,41.78,38.91,5335700,214490000.0,17.53,7.33,12.22,46.71,46.96,31.3,0.89
鸿智科技,bj920926,14.2,14.05,14.1,546300.0,14.2,21500,14.23,400,1.07,14.6,14.1,546300,7814500.0,0.68,3.56,11.39,12.55,18.26,9.84,1.12
正泰电器,sh601877,32.18,33.57,33.47,56352500.0,32.17,11300,32.18,20200,-4.14,33.77,31.73,56352500,1822950000.0,2.62,6.08,691.54,691.54,36.93,30.21,1.31
阳光乳业,sz001318,12.85,13.0,13.0,3338800.0,12.84,4400,12.85,3300,-1.15,13.03,12.79,3338800,42990000.0,1.18,1.85,36.32,36.32,14.3,11.7,1.4
榕基软件,sz002474,8.23,7.84,7.82,73008300.0,8.23,351900,8.24,577500,4.97,8.47,7.81,73008300,597220000.0,13.81,8.42,43.52,51.21,8.62,7.06,1.23
超越科技,sz301049,25.15,25.46,25.56,1700100.0,25.12,1000,25.15,400,-1.22,25.6,24.79,1700100,42900000.0,3.97,3.18,10.77,23.7,30.55,20.37,0.7
信濠光电,sz301051,24.94,25.79,25.58,4209500.0,24.94,500,24.96,4000,-3.3,25.85,24.82,4209500,106220000.0,2.62,3.99,40.13,50.64,30.95,20.63,0.69
明阳电路,sz300739,28.25,29.31,29.32,19203200.0,28.25,31100,28.26,9800,-3.62,29.96,27.9,19203200,551550000.0,5.6,7.03,96.94,105.5,35.17,23.45,0.72
大位科技,sh600589,12.85,13.18,13.03,241797800.0,12.85,79900,12.86,384500,-2.5,13.88,12.77,241797800,3198440000.0,16.35,8.42,189.98,190.78,14.5,11.86,0.74
浩物股份,sz000757,4.67,4.74,4.74,11482900.0,4.66,7200,4.67,53500,-1.48,4.79,4.62,11482900,54190000.0,2.16,3.59,24.88,24.88,5.21,4.27,0.88
华锋股份,sz002806,14.67,15.15,15.15,9173300.0,14.67,4500,14.68,4000,-3.17,15.2,14.59,9173300,135940000.0,5.27,4.03,25.54,31.17,16.67,13.64,1.07
捷荣技术,sz002855,12.35,12.36,12.44,3496800.0,12.34,3600,12.35,3400,-0.08,12.6,12.23,3496800,43440000.0,1.42,2.99,30.41,30.43,13.6,11.12,0.97
慧辰股份,sh688500,58.82,55.26,55.29,826349200.0,58.8,2100,58.82,5400,6.44,60.57,54.19,826349200,479330000.0,11.27,11.55,43.12,44.29,66.31,44.21,2.27
泰达股份,sz000652,4.16,4.29,4.34,30677200.0,4.16,17800,4.17,99500,-3.03,4.34,4.14,30677200,128780000.0,2.08,4.66,61.34,61.38,4.72,3.86,1.03
天源迪科,sz300047,12.32,12.28,12.28,15594300.0,12.32,14500,12.33,36300,0.33,12.53,12.2,15594300,192950000.0,2.72,2.69,70.71,78.57,14.74,9.82,0.64
众信旅游,sz002707,5.84,5.97,5.97,22279000.0,5.83,439200,5.84,9100,-2.18,5.98,5.78,22279000,130990000.0,2.58,3.35,50.52,57.39,6.57,5.37,1.23
众合科技,sz000925,9.59,10.66,9.7,128471600.0,0.0,0,9.59,11067000,-10.04,10.01,9.59,128471600,1241860000.0,19.08,3.94,64.56,64.86,11.73,9.59,0.88
天永智能,sh603895,39.62,38.56,38.89,5429600.0,39.61,3900,39.62,13700,2.75,40.36,38.05,5429600,214330000.0,5.02,5.99,42.82,42.82,42.42,34.7,0.93
*ST太和,sh605081,5.03,5.03,0.0,0.0,0.0,0,0.0,0,0.0,0.0,0.0,0,0.0,0.0,0.0,5.7,5.7,5.28,4.78,0.0
中恒集团,sh600252,2.26,2.31,2.31,50582200.0,2.26,725100,2.27,1400000,-2.16,2.32,2.25,50582200,115390000.0,1.59,3.03,71.96,71.96,2.54,2.08,1.23
神思电子,sz300479,16.47,16.22,16.25,7358100.0,16.47,7600,16.48,1000,1.54,16.98,16.25,7358100,122510000.0,3.74,4.5,32.43,32.45,19.46,12.98,1.04
电魂网络,sh603258,16.03,16.03,16.13,2519100.0,16.02,100,16.03,3000,0.0,16.17,15.9,2519100,40340000.0,1.04,1.68,38.69,39.1,17.63,14.43,0.81
航新科技,sz300424,19.25,19.73,19.63,13268100.0,19.25,6900,19.26,12900,-2.43,19.78,19.09,13268100,256110000.0,5.41,3.5,47.22,47.25,23.68,15.78,0.74
正强股份,sz301119,43.06,42.44,42.48,1692500.0,43.04,100,43.06,6800,1.46,44.1,42.3,1692500,73360000.0,2.01,4.24,36.22,44.78,50.93,33.95,1.02
龙星科技,sz002442,6.1,6.02,6.05,16216400.0,6.09,30600,6.1,106900,1.33,6.27,6.02,16216400,99150000.0,3.29,4.15,30.05,30.7,6.62,5.42,1.18
大龙地产,sh600159,3.22,3.31,3.31,20031100.0,3.22,4900,3.23,117600,-2.72,3.33,3.19,20031100,64990000.0,2.41,4.23,26.73,26.73,3.64,2.98,0.79
易实精密,bj920221,15.39,15.24,15.2,890300.0,15.35,1000,15.39,2300,0.98,15.84,15.12,890300,13770400.0,1.44,4.72,9.51,17.86,19.81,10.67,1.02
安硕信息,sz300380,36.19,37.01,36.9,3715100.0,36.19,1200,36.2,2400,-2.22,37.3,36.04,3715100,135770000.0,2.92,3.4,46.09,50.1,44.41,29.61,0.9
中重科技,sh603135,12.51,12.61,12.56,6497300.0,12.5,10000,12.51,600,-0.79,12.82,12.42,6497300,81920000.0,1.03,3.17,78.76,79.35,13.87,11.35,0.93
天邦食品,sz002124,2.97,3.07,3.07,309545700.0,2.97,2831700,2.98,1110300,-3.26,3.07,2.95,309545700,926900000.0,15.7,3.91,58.57,65.99,3.38,2.76,1.47
成电光信,bj920008,25.49,25.37,25.6,912800.0,25.49,500,25.52,2100,0.47,26.01,25.3,912800,23411200.0,2.68,2.8,8.67,16.25,32.98,17.76,0.7
华业香料,sz300886,29.2,29.42,29.51,1772000.0,29.2,9700,29.23,200,-0.75,30.02,28.92,1772000,52270000.0,4.06,3.74,12.74,21.84,35.3,23.54,1.19
远 望 谷,sz002161,6.63,6.8,6.81,20012400.0,6.62,137300,6.63,23000,-2.5,6.83,6.57,20012400,133640000.0,2.71,3.82,49.04,49.05,7.48,6.12,0.86
广电计量,sz002967,21.87,22.35,22.49,14570200.0,21.87,30800,21.88,14200,-2.15,22.65,21.62,14570200,320490000.0,2.66,4.61,119.68,139.37,24.59,20.12,0.82
福莱新材,sh605488,35.02,34.13,34.2,12092600.0,35.02,600,35.03,400,2.61,36.36,34.04,12092600,427180000.0,4.38,6.8,96.73,105.72,37.54,30.72,1.35
和达科技,sh688296,16.0,16.1,15.88,198875600.0,16.0,8500,16.09,200,-0.62,16.5,15.88,198875600,31990000.0,1.85,3.85,17.18,17.26,19.32,12.88,0.86
贝因美,sz002570,5.06,5.11,5.11,22712500.0,5.06,3700,5.07,97200,-0.98,5.13,5.01,22712500,114630000.0,2.1,2.35,54.65,54.65,5.62,4.6,0.68
东方碳素,bj920175,10.02,10.51,10.49,2070400.0,10.02,300,10.1,5000,-4.66,10.51,10.02,2070400,21205400.0,2.61,4.66,7.94,11.92,13.66,7.36,1.14
西宁特钢,sh600117,2.43,2.46,2.46,16367200.0,2.43,156800,2.44,339000,-1.22,2.47,2.41,16367200,39960000.0,0.5,2.44,79.1,79.1,2.71,2.21,0.8
裕太微-U,sh688515,206.5,210.1,216.04,639947400.0,206.5,400,206.58,600,-1.71,223.0,202.0,639947400,1353150000.0,12.85,10.0,102.88,165.2,252.12,168.08,0.88
*ST海华,sh600243,4.46,4.34,4.36,10758400.0,4.45,42800,4.46,71800,2.76,4.53,4.34,10758400,47810000.0,2.45,4.38,19.57,19.57,4.56,4.12,0.74
贝隆精密,sz301567,45.8,45.61,45.66,1263400.0,45.77,1200,45.8,3300,0.42,46.68,45.2,1263400,58140000.0,5.95,3.24,9.73,32.98,54.73,36.49,1.01
晶品特装,sh688084,64.25,64.63,64.5,169327600.0,64.25,5400,64.28,200,-0.59,66.5,63.02,169327600,109470000.0,2.24,5.38,48.61,48.61,77.56,51.7,0.83
亚联机械,sz001395,38.66,38.31,38.18,716800.0,38.63,700,38.67,600,0.91,39.18,38.18,716800,27790000.0,1.53,2.61,18.13,33.73,42.14,34.48,0.83
欧普泰,bj920414,11.8,12.27,12.07,5574600.0,11.78,5700,11.8,1400,-3.83,12.3,11.46,5574600,66073400.0,9.94,6.85,6.62,9.41,15.95,8.59,1.64
大业股份,sh603278,16.96,15.42,14.8,76353900.0,16.96,4941400,0.0,0,9.99,16.96,14.8,76353900,1242020000.0,22.34,14.01,57.96,57.96,16.96,13.88,0.87
澳弘电子,sh605058,37.48,38.34,38.49,3321800.0,37.48,500,37.49,2700,-2.24,38.8,36.97,3321800,125000000.0,2.32,4.77,53.57,53.57,42.17,34.51,0.78
歌力思,sh603808,9.75,9.88,9.98,5917800.0,9.75,11900,9.76,4900,-1.32,10.0,9.67,5917800,57890000.0,1.63,3.34,35.46,35.46,10.87,8.89,0.71
五洲新春,sh603667,84.43,76.95,77.03,80131200.0,84.42,2800,84.43,66200,9.72,84.65,75.9,80131200,6573530000.0,21.88,11.37,309.18,323.5,84.65,69.26,1.7
太龙药业,sh600222,7.76,7.78,7.75,29632400.0,7.75,72000,7.76,149200,-0.26,7.9,7.62,29632400,228610000.0,5.16,3.6,44.53,44.53,8.56,7.0,0.62
数字认证,sz300579,25.66,26.08,26.08,3707000.0,25.65,600,25.66,2300,-1.61,26.35,25.46,3707000,95960000.0,1.42,3.41,66.84,69.28,31.3,20.86,1.04
经纬恒润-W,sh688326,91.36,90.62,90.31,272383600.0,91.36,5800,91.39,400,0.82,94.31,89.36,272383600,250060000.0,2.44,5.46,101.98,109.58,108.74,72.5,1.11
三角防务,sz300775,29.66,30.2,30.32,17889700.0,29.66,4300,29.67,300,-1.79,30.56,29.33,17889700,535290000.0,3.36,4.07,157.68,162.4,36.24,24.16,0.79
宏川智慧,sz002930,15.15,15.8,15.76,20303000.0,15.14,7900,15.15,12300,-4.11,15.8,14.94,20303000,309850000.0,4.69,5.44,65.65,69.31,17.38,14.22,0.59
会稽山,sh601579,17.87,18.83,18.69,10980700.0,17.87,5200,17.88,5600,-5.1,18.7,17.82,10980700,198510000.0,2.29,4.67,85.68,85.68,20.71,16.95,1.02
广宇集团,sz002133,3.1,3.13,3.14,23462700.0,3.1,52300,3.11,102900,-0.96,3.17,3.09,23462700,73350000.0,3.05,2.56,23.87,24.0,3.44,2.82,1.15
中航成飞,sz302132,68.2,69.62,69.24,8130700.0,68.2,37900,68.21,11800,-2.04,69.99,68.18,8130700,560320000.0,1.39,2.6,399.7,1822.37,83.54,55.7,0.55
大商股份,sh600694,17.97,17.85,17.81,5761200.0,17.95,2200,17.97,30700,0.67,18.1,17.73,5761200,103350000.0,1.67,2.07,61.88,61.88,19.64,16.07,1.01
广哈通信,sz300711,20.51,20.9,20.9,5072100.0,20.5,6300,20.51,26000,-1.87,21.09,20.28,5072100,104480000.0,2.04,3.88,50.95,57.52,25.08,16.72,0.94
光环新网,sz300383,16.71,17.04,17.32,183078300.0,16.71,62900,16.72,102000,-1.94,17.9,16.5,183078300,3150170000.0,10.2,8.22,299.83,300.38,20.45,13.63,1.28
美腾科技,sh688420,27.28,27.42,27.41,133232800.0,27.25,200,27.28,2200,-0.51,27.65,26.95,133232800,36460000.0,3.19,2.55,11.39,24.12,32.9,21.94,0.85
保隆科技,sh603197,35.26,34.06,34.05,5122800.0,35.26,32000,35.27,4000,3.52,35.55,34.05,5122800,178810000.0,2.43,4.4,74.45,75.42,37.47,30.65,2.48
宋城演艺,sz300144,7.13,7.2,7.2,25464600.0,7.13,68300,7.14,113900,-0.97,7.25,7.06,25464600,182300000.0,0.98,2.64,185.19,187.14,8.64,5.76,1.0
南京公用,sz000421,6.2,6.24,6.24,8735600.0,6.19,6000,6.2,11500,-0.64,6.28,6.13,8735600,54150000.0,1.52,2.4,35.61,35.61,6.86,5.62,1.13
赛象科技,sz002337,5.96,5.98,5.97,10618400.0,5.95,32900,5.96,19700,-0.33,6.07,5.9,10618400,63470000.0,1.81,2.84,35.04,35.08,6.58,5.38,1.28
北汽蓝谷,sh600733,6.94,6.81,6.81,78355800.0,6.93,111500,6.94,555600,1.91,6.94,6.7,78355800,533990000.0,1.6,3.52,339.48,441.88,7.49,6.13,0.99
信捷电气,sh603416,64.11,58.98,58.98,10463900.0,64.1,6800,64.11,28100,8.7,64.88,58.98,10463900,666000000.0,7.51,10.0,89.27,100.74,64.88,53.08,2.07
国睿科技,sh600562,25.65,25.81,25.88,10263700.0,25.65,20800,25.66,11500,-0.62,26.21,25.35,10263700,264910000.0,0.83,3.33,318.54,318.54,28.39,23.23,0.66
凤凰光学,sh600071,19.06,19.48,19.42,4315100.0,19.05,2000,19.06,7400,-2.16,19.58,18.86,4315100,82620000.0,1.53,3.7,53.67,53.67,21.43,17.53,1.08
中电鑫龙,sz002298,11.34,11.13,11.22,69033900.0,11.34,179700,11.35,120700,1.89,11.54,11.01,69033900,779500000.0,10.45,4.76,74.93,83.93,12.24,10.02,0.71
大胜达,sh603687,15.55,15.95,15.93,27677900.0,15.55,26500,15.56,91900,-2.51,16.08,15.36,27677900,432060000.0,5.03,4.51,85.53,85.53,17.55,14.36,0.73
豫能控股,sz001896,15.19,16.82,16.01,185289400.0,15.19,113000,15.2,232300,-9.69,16.3,15.14,185289400,2858480000.0,12.14,6.9,231.77,231.77,18.5,15.14,0.95
佳禾食品,sh605300,10.55,10.75,10.79,2263500.0,10.55,24500,10.57,200,-1.86,10.79,10.52,2263500,24080000.0,0.5,2.51,47.94,47.94,11.83,9.68,0.78
万达轴承,bj920002,98.83,91.65,90.96,2822100.0,98.82,7000,98.83,0,7.83,101.49,90.96,2822100,274820200.0,8.86,11.49,31.48,44.97,119.14,64.16,1.31
凯龙股份,sz002783,8.65,8.64,8.66,10286500.0,8.64,103300,8.65,18500,0.12,8.83,8.6,10286500,89480000.0,2.23,2.66,39.89,43.19,9.5,7.78,0.82
中远海科,sz002401,14.69,14.68,14.65,4666100.0,14.69,1900,14.7,4100,0.07,15.0,14.5,4666100,68570000.0,1.26,3.41,54.55,54.6,16.15,13.21,0.65
华丽家族,sh600503,2.47,2.52,2.51,31152700.0,2.46,138900,2.47,421500,-1.98,2.53,2.44,31152700,77480000.0,1.94,3.57,39.58,39.58,2.77,2.27,0.96
达实智能,sz002421,3.21,2.92,2.94,229432300.0,3.21,18682400,0.0,0,9.93,3.21,2.9,229432300,717540000.0,11.45,10.62,64.31,68.07,3.21,2.63,3.42
浙江鼎力,sh603338,56.99,55.0,56.4,9006600.0,56.99,8900,57.0,11700,3.62,58.88,56.15,9006600,519030000.0,1.78,4.96,288.57,288.57,60.5,49.5,1.34
京运通,sh601908,4.26,4.54,4.35,251803300.0,4.26,36100,4.27,354200,-6.17,4.39,4.21,251803300,1078830000.0,10.43,3.96,102.86,102.86,4.99,4.09,1.85
灿芯股份,sh688691,112.31,116.47,116.4,960384500.0,112.31,13400,112.53,200,-3.57,120.26,110.01,960384500,1099630000.0,13.16,8.8,81.95,134.77,139.76,93.18,0.94
云意电气,sz300304,12.6,12.8,12.79,19995100.0,12.6,35500,12.61,137200,-1.56,12.99,12.5,19995100,254070000.0,2.34,3.83,107.67,110.65,15.36,10.24,1.19
旭杰科技,bj920149,9.95,10.01,10.01,737400.0,9.95,8100,9.96,100,-0.6,10.16,9.86,737400,7376600.0,1.17,3.0,6.3,7.61,13.01,7.01,0.79
恒立液压,sh601100,116.02,109.06,110.0,18461400.0,116.01,4200,116.02,700,6.38,118.74,109.18,18461400,2119260000.0,1.38,8.77,1555.62,1555.62,119.97,98.15,1.82
世纪鼎利,sz300050,7.69,7.94,7.82,43434100.0,7.68,11100,7.69,3700,-3.15,8.04,7.62,43434100,337210000.0,7.98,5.29,41.87,41.9,9.53,6.35,0.92
长江材料,sz001296,21.8,21.9,22.01,1968900.0,21.79,800,21.8,2000,-0.46,22.05,21.55,1968900,42870000.0,2.55,2.28,16.81,32.61,24.09,19.71,0.71
南天信息,sz000948,14.73,14.74,14.71,4750700.0,14.73,4800,14.75,700,-0.07,14.98,14.66,4750700,70300000.0,1.22,2.17,57.32,57.43,16.21,13.27,0.64
湘电股份,sh600416,12.28,12.41,12.41,28625000.0,12.28,207500,12.29,43800,-1.05,12.66,12.22,28625000,354250000.0,1.94,3.55,181.23,181.23,13.65,11.17,1.11
中牧股份,sh600195,7.2,7.2,7.2,7972600.0,7.19,17700,7.2,61100,0.0,7.26,7.12,7972600,57300000.0,0.78,1.94,73.52,73.52,7.92,6.48,0.86
咸亨国际,sh605056,24.06,23.88,24.15,6543500.0,24.05,5400,24.06,2800,0.75,24.5,23.55,6543500,157150000.0,1.62,3.98,97.06,98.5,26.27,21.49,0.65
新芝生物,bj920685,12.81,12.75,12.75,674000.0,12.81,6800,12.84,600,0.47,12.98,12.6,674000,8617300.0,1.23,2.98,7.03,11.72,16.57,8.93,1.22
灵康药业,sh603669,4.37,4.43,4.41,8921000.0,4.36,43300,4.37,4200,-1.35,4.46,4.35,8921000,39190000.0,1.25,2.48,31.13,31.13,4.87,3.99,0.67
黄山旅游,sh600054,11.36,11.33,11.32,6396100.0,11.35,31900,11.36,6100,0.26,11.42,11.25,6396100,72440000.0,1.25,1.5,58.31,82.86,12.46,10.2,0.89
*ST易录,sz300212,6.02,6.17,6.15,21547300.0,6.02,266400,6.03,48300,-2.43,6.15,5.99,21547300,130360000.0,3.08,2.59,42.05,43.34,7.4,4.94,0.6
润贝航科,sz001316,59.03,59.62,59.62,3584100.0,59.02,500,59.03,1200,-0.99,59.7,57.28,3584100,208920000.0,3.34,4.06,63.33,67.95,65.58,53.66,0.62
桃李面包,sh603866,4.84,4.92,4.92,13169900.0,4.84,7300,4.85,59000,-1.63,4.93,4.83,13169900,64050000.0,0.82,2.03,77.43,77.43,5.41,4.43,1.47
*ST八钢,sh600581,2.62,2.66,2.65,24043500.0,2.61,106000,2.62,127300,-1.5,2.66,2.6,24043500,63250000.0,1.57,2.26,40.16,40.16,2.79,2.53,1.22
中光学,sz002189,22.88,22.9,22.92,4052300.0,22.88,500,22.89,2600,-0.09,23.42,22.71,4052300,93260000.0,1.55,3.1,59.75,59.76,25.19,20.61,0.45
三维天地,sz301159,39.85,39.7,39.74,2341000.0,39.83,1200,39.85,200,0.38,41.0,39.5,2341000,94380000.0,4.42,3.78,21.13,30.82,47.64,31.76,1.03
豪尔赛,sz002963,19.42,19.17,18.98,6059800.0,19.42,400,19.43,10400,1.3,19.77,18.45,6059800,115610000.0,4.93,6.89,23.89,29.2,21.09,17.25,1.32
天音控股,sz000829,10.4,10.61,10.55,27006600.0,10.4,10400,10.41,5500,-1.98,10.71,10.23,27006600,282600000.0,2.64,4.52,106.51,106.61,11.67,9.55,0.8
双塔食品,sz002481,4.33,4.36,4.35,6625800.0,4.32,71400,4.33,100,-0.69,4.37,4.3,6625800,28690000.0,0.59,1.61,48.42,53.42,4.8,3.92,0.64
龙软科技,sh688078,26.05,26.53,26.53,65222000.0,26.05,3400,26.22,1900,-1.81,26.73,25.85,65222000,17160000.0,0.89,3.32,18.99,18.99,31.84,21.22,0.57
爱美客,sz300896,113.56,116.74,116.03,3393800.0,113.55,14100,113.56,600,-2.72,116.74,113.35,3393800,388230000.0,1.66,2.9,232.17,343.62,140.09,93.39,0.87
迅捷兴,sh688655,65.21,64.87,63.0,1221074500.0,65.2,19300,65.21,3200,0.52,70.2,62.8,1221074500,804280000.0,9.15,11.41,86.98,86.98,77.84,51.9,0.59
纳睿雷达,sh688522,33.31,33.42,33.33,342845700.0,33.31,4700,33.34,200,-0.33,34.16,33.11,342845700,115190000.0,2.79,3.14,41.0,100.93,40.1,26.74,0.79
武汉凡谷,sz002194,12.68,12.7,12.65,34862400.0,12.67,40900,12.68,10700,-0.16,12.85,12.49,34862400,441730000.0,6.82,2.83,64.78,86.64,13.97,11.43,0.6
中触媒,sh688267,33.6,34.18,34.48,409282100.0,33.57,3300,33.6,8500,-1.7,34.55,33.35,409282100,138380000.0,2.32,3.51,59.2,59.2,41.02,27.34,0.88
兴业科技,sz002674,13.72,13.82,13.78,4605100.0,13.71,8500,13.72,800,-0.72,14.05,13.6,4605100,63560000.0,1.57,3.26,40.14,40.55,15.2,12.44,1.08
鹏翎股份,sz300375,4.96,4.86,4.89,29013200.0,4.96,119100,4.97,81400,2.06,5.1,4.86,29013200,144270000.0,5.49,4.94,26.2,37.68,5.83,3.89,1.75
熵基科技,sz301330,29.82,29.8,29.7,2934000.0,29.82,2200,29.83,100,0.07,30.32,29.7,2934000,87950000.0,1.51,2.08,57.95,70.18,35.76,23.84,0.73
ST浩丰,sz300419,7.13,7.23,7.23,10314400.0,7.13,4800,7.14,9200,-1.38,7.37,7.1,10314400,74440000.0,2.8,3.73,26.22,26.22,8.68,5.78,0.78
吉视传媒,sh601929,2.91,2.88,2.88,110436600.0,2.91,1322400,2.92,1119200,1.04,2.96,2.88,110436600,322030000.0,3.2,2.78,100.31,101.55,3.17,2.59,1.12
交大昂立,sh600530,7.46,7.9,7.59,52031000.0,7.46,10300,7.47,88400,-5.57,8.26,7.27,52031000,395060000.0,6.71,12.53,57.81,57.81,8.69,7.11,1.26
本钢板材,sz000761,2.66,2.73,2.74,14701200.0,2.66,464800,2.67,32100,-2.56,2.74,2.65,14701200,39550000.0,0.4,3.3,98.64,109.28,3.0,2.46,1.04
希荻微,sh688173,18.25,18.34,18.4,1372824300.0,18.25,21100,18.26,500,-0.49,18.84,18.0,1372824300,253310000.0,3.35,4.58,74.87,75.38,22.01,14.67,0.89
京北方,sz002987,15.17,15.12,15.12,8579300.0,15.16,58900,15.17,20000,0.33,15.48,15.07,8579300,130650000.0,1.02,2.71,127.96,131.59,16.63,13.61,0.88
新赛股份,sh600540,5.5,5.73,5.7,43088200.0,5.49,1200,5.5,192100,-4.01,5.7,5.43,43088200,238510000.0,7.41,4.71,31.98,31.98,6.3,5.16,1.05
*ST泉为,sz300716,16.36,16.35,16.32,3122100.0,16.33,2100,16.36,19300,0.06,16.82,15.88,3122100,50930000.0,1.95,5.75,26.18,26.18,19.62,13.08,0.38
新时达,sz002527,13.73,13.11,13.1,27545800.0,13.72,5500,13.73,16900,4.73,14.38,13.07,27545800,378970000.0,5.21,9.99,72.62,91.04,14.42,11.8,2.18
北新路桥,sz002307,4.13,4.21,4.18,15775700.0,4.13,43700,4.14,27900,-1.9,4.22,4.11,15775700,65580000.0,1.24,2.61,52.38,68.09,4.63,3.79,0.79
三只松鼠,sz300783,19.65,19.42,19.23,12101800.0,19.65,15500,19.66,13600,1.18,19.89,19.05,12101800,236820000.0,4.32,4.33,55.08,78.93,23.3,15.54,1.83
汇通集团,sh603176,5.58,5.58,5.58,5295800.0,5.58,2000,5.59,10100,0.0,5.66,5.51,5295800,29550000.0,1.15,2.69,25.77,26.52,6.14,5.02,1.08
银宝山新,sz002786,8.41,7.91,8.08,36306800.0,8.4,82900,8.41,296200,6.32,8.44,7.96,36306800,300030000.0,7.35,6.07,41.55,41.68,8.7,7.12,2.7
泉阳泉,sh600189,8.71,8.84,8.76,14101600.0,8.71,22100,8.72,700,-1.47,8.89,8.67,14101600,123790000.0,1.97,2.49,62.29,62.29,9.72,7.96,0.96
新致软件,sh688590,16.18,16.06,16.06,1290451000.0,16.18,4900,16.19,2400,0.75,16.75,16.0,1290451000,211600000.0,4.58,4.67,45.55,45.55,19.27,12.85,0.97
秋田微,sz300939,47.0,46.9,47.3,6439100.0,46.99,3000,47.0,30600,0.21,48.28,46.21,6439100,304370000.0,5.37,4.41,56.4,56.4,56.28,37.52,0.74
贵航股份,sh600523,13.39,13.39,13.42,3382000.0,13.39,14700,13.4,14900,0.0,13.61,13.3,3382000,45470000.0,0.84,2.32,54.1,54.14,14.73,12.05,0.57
小崧股份,sz002723,9.23,9.94,9.81,36244900.0,9.23,402100,9.25,10800,-7.14,10.24,9.17,36244900,346310000.0,11.43,10.76,29.26,30.68,10.93,8.95,1.37
拉芳家化,sh603630,15.46,15.67,15.66,2592500.0,15.45,1400,15.46,11400,-1.34,15.82,15.34,2592500,40340000.0,1.15,3.06,34.82,34.82,17.24,14.1,0.67
工大科雅,sz301197,38.12,40.28,38.96,10885500.0,38.12,8200,38.13,1000,-5.36,40.48,37.51,10885500,421470000.0,10.01,7.37,41.46,45.95,48.34,32.22,0.95
康为世纪,sh688426,20.5,21.02,20.94,141902900.0,20.43,1900,20.5,2700,-2.47,21.15,20.43,141902900,29460000.0,1.26,3.43,23.01,23.06,25.22,16.82,0.99
天马科技,sh603668,12.85,12.76,12.73,5852400.0,12.85,20700,12.86,8800,0.71,12.94,12.56,5852400,74620000.0,1.16,2.98,64.99,64.99,14.04,11.48,0.68
华仁药业,sz300110,2.99,2.99,3.0,15533600.0,2.98,97400,2.99,17300,0.0,3.02,2.97,15533600,46440000.0,1.32,1.67,35.32,35.35,3.59,2.39,0.67
豪声电子,bj920701,15.18,15.54,15.29,1106900.0,15.18,3300,15.2,1300,-2.32,15.57,15.0,1106900,16828800.0,1.1,3.67,15.21,20.83,20.2,10.88,1.08
*ST国中,sh600187,1.43,1.48,1.49,50823900.0,1.43,1191800,1.44,377500,-3.38,1.5,1.42,50823900,74250000.0,3.15,5.41,23.08,23.08,1.55,1.41,0.59
安达维尔,sz300719,14.82,15.0,15.05,4443700.0,14.81,1600,14.83,6300,-1.2,15.09,14.76,4443700,66290000.0,2.47,2.2,26.62,37.68,18.0,12.0,0.69
东方国信,sz300166,18.87,19.0,19.43,146795200.0,18.86,53300,18.87,108200,-0.68,19.99,18.52,146795200,2829510000.0,16.21,7.74,170.92,214.88,22.8,15.2,0.86
嘉泽新能,sh601619,5.81,5.79,5.74,77817700.0,5.81,10400,5.82,153600,0.35,5.94,5.64,77817700,450210000.0,3.2,5.18,141.46,169.23,6.37,5.21,1.0
神马股份,sh600810,7.12,7.27,7.36,22895300.0,7.12,33400,7.13,31000,-2.06,7.59,7.09,22895300,166560000.0,2.12,6.88,76.95,77.65,8.0,6.54,1.32
新 大 陆,sz000997,22.45,22.35,22.37,34542200.0,22.45,4400,22.46,18400,0.45,22.65,21.91,34542200,770410000.0,3.43,3.31,226.17,227.44,24.59,20.12,0.85
广电电气,sh601616,4.48,4.61,4.58,32674000.0,4.48,39600,4.49,198300,-2.82,4.68,4.45,32674000,147730000.0,3.83,4.99,38.24,38.24,5.07,4.15,0.82
石基信息,sz002153,9.4,9.62,9.64,39632400.0,9.39,53900,9.4,7000,-2.29,9.82,9.32,39632400,378380000.0,2.48,5.2,150.38,256.54,10.58,8.66,0.84
武商集团,sz000501,7.81,7.99,7.99,9368000.0,7.81,39300,7.82,8900,-2.25,8.0,7.78,9368000,73530000.0,1.22,2.75,60.0,60.06,8.79,7.19,1.17
*ST亿晶,sh600537,3.32,3.48,3.44,51213500.0,3.32,355800,3.33,237100,-4.6,3.46,3.32,51213500,173390000.0,4.33,4.02,39.3,39.3,3.65,3.31,0.62
*ST开元,sz300338,3.53,3.57,3.6,5689300.0,3.53,95100,3.54,12700,-1.12,3.61,3.52,5689300,20310000.0,1.63,2.52,12.35,14.21,4.28,2.86,0.72
华达科技,sh603358,34.4,35.45,35.4,8697600.0,34.4,2600,34.41,2800,-2.96,35.57,34.3,8697600,303740000.0,1.91,3.58,156.58,161.59,39.0,31.91,0.61
慈星股份,sz300307,7.19,7.14,7.12,11867100.0,7.19,31200,7.2,700,0.7,7.32,7.12,11867100,85660000.0,1.51,2.8,56.58,57.56,8.57,5.71,1.0
天秦装备,sz300922,18.3,18.96,18.91,5346200.0,18.29,600,18.3,47400,-3.48,19.05,18.25,5346200,99400000.0,4.24,4.22,23.1,29.44,22.75,15.17,1.08
深 赛 格,sz000058,7.93,8.11,8.08,9553800.0,7.93,69100,7.94,2400,-2.22,8.14,7.89,9553800,76380000.0,0.97,3.08,78.09,97.63,8.92,7.3,0.76
中裕科技,bj920694,17.53,17.86,18.27,710600.0,17.53,11800,17.55,1100,-1.85,18.28,17.5,710600,12599000.0,1.14,4.37,10.95,23.16,23.21,12.51,0.89
三环集团,sz300408,85.7,88.39,88.51,33337500.0,85.69,1400,85.7,800,-3.04,90.28,84.85,33337500,2886410000.0,1.78,6.14,1602.42,1642.44,106.07,70.71,1.11
绿能慧充,sh600212,7.08,7.19,7.15,18289900.0,7.08,44800,7.09,18000,-1.53,7.24,7.05,18289900,130220000.0,3.44,2.64,37.61,49.85,7.91,6.47,0.89
大洋电机,sz002249,9.91,9.44,9.46,115405600.0,9.91,72700,9.92,477600,4.98,9.99,9.39,115405600,1132420000.0,6.2,6.36,184.52,244.36,10.38,8.5,2.04
优博讯,sz300531,20.26,20.45,20.4,14838700.0,20.25,24800,20.26,7000,-0.93,20.98,20.06,14838700,304460000.0,4.76,4.5,63.13,65.05,24.54,16.36,0.86
华侨城Ａ,sz000069,2.1,2.14,2.14,48894100.0,2.1,224300,2.11,683200,-1.87,2.14,2.08,48894100,103040000.0,0.71,2.8,144.87,168.79,2.35,1.93,0.76
三诺生物,sz300298,16.83,16.84,16.81,5916900.0,16.82,13000,16.83,3500,-0.06,17.2,16.74,5916900,100570000.0,1.31,2.73,75.89,94.29,20.21,13.47,0.98
*ST益通,sz300430,5.73,6.26,6.2,33721200.0,5.73,117200,5.74,55700,-8.47,6.24,5.71,33721200,199860000.0,12.98,8.47,14.89,15.65,7.51,5.01,0.82
华伍股份,sz300095,10.93,10.82,10.83,19033600.0,10.93,16900,10.94,19500,1.02,11.08,10.8,19033600,208460000.0,5.99,2.59,34.72,43.11,12.98,8.66,0.52
德业股份,sh605117,150.33,151.18,150.6,14897100.0,150.33,3800,150.34,300,-0.56,153.62,147.43,14897100,2229500000.0,1.64,4.09,1367.0,1367.0,166.3,136.06,1.2
亚泰集团,sh600881,1.53,1.54,1.55,29827800.0,1.53,359700,1.54,2377200,-0.65,1.55,1.52,29827800,45710000.0,0.92,1.95,49.45,49.45,1.69,1.39,0.59
国联水产,sz300094,3.08,3.08,3.09,26633500.0,3.07,210900,3.08,199400,0.0,3.11,3.04,26633500,81890000.0,2.41,2.27,34.05,34.75,3.7,2.46,0.92
中衡设计,sh603017,14.76,15.09,15.09,13426300.0,14.76,2100,14.77,2900,-2.19,15.34,14.66,13426300,199330000.0,4.86,4.51,40.77,40.77,16.6,13.58,0.46
湖南天雁,sh600698,7.88,7.6,7.58,37230100.0,7.88,261200,7.89,199600,3.68,8.1,7.5,37230100,290600000.0,4.48,7.89,65.44,84.21,8.36,6.84,1.1
航天智造,sz300446,18.61,18.67,18.59,10392000.0,18.61,10000,18.62,5400,-0.32,19.05,18.5,10392000,194640000.0,2.78,2.95,69.52,157.33,22.4,14.94,0.86
齐鲁华信,bj920832,6.47,6.6,6.64,1103300.0,6.45,6100,6.47,41100,-1.97,6.65,6.42,1103300,7194800.0,0.89,3.48,7.98,8.98,8.58,4.62,0.87
保税科技,sh600794,3.5,3.51,3.52,8573500.0,3.5,185700,3.51,19600,-0.28,3.53,3.49,8573500,30060000.0,0.71,1.14,42.01,42.01,3.86,3.16,0.65
中国中免,sh601888,59.0,60.8,60.66,41537100.0,58.99,138200,59.0,57000,-2.96,60.7,58.92,41537100,2472710000.0,2.13,2.93,1151.96,1225.9,66.88,54.72,1.23
久其软件,sz002279,7.6,7.56,7.57,23763200.0,7.6,5600,7.61,40200,0.53,7.77,7.56,23763200,181840000.0,2.99,2.78,60.46,65.53,8.32,6.8,0.65
神驰机电,sh603109,22.17,21.79,21.79,3341500.0,22.17,3900,22.18,4300,1.74,22.52,21.65,3341500,74060000.0,1.6,3.99,46.3,46.3,23.97,19.61,1.09
中国电影,sh600977,14.44,14.28,14.38,38739500.0,14.43,36400,14.44,156700,1.12,14.85,14.31,38739500,563470000.0,2.07,3.78,269.59,269.59,15.71,12.85,0.98
天臣医疗,sh688013,32.13,32.95,32.95,151093800.0,32.13,2400,32.2,300,-2.49,33.39,31.66,151093800,48980000.0,1.86,5.25,26.08,26.08,39.54,26.36,0.87
峨眉山Ａ,sz000888,10.94,11.05,11.05,6526000.0,10.94,200,10.95,12700,-1.0,11.05,10.93,6526000,71640000.0,1.24,1.09,57.64,57.64,12.16,9.95,0.84
南卫股份,sh603880,8.58,8.56,8.51,14828100.0,8.58,47500,8.59,100,0.23,8.88,8.41,14828100,128280000.0,5.13,5.49,24.8,24.8,9.42,7.7,1.16
行动教育,sh605098,60.3,61.41,61.3,2175500.0,60.3,2900,60.51,100,-1.81,61.77,59.3,2175500,131090000.0,1.82,4.02,71.91,71.91,67.55,55.27,1.0
扬电科技,sz301012,36.08,36.62,36.63,14561200.0,36.07,19100,36.08,500,-1.47,37.35,35.6,14561200,530920000.0,7.39,4.78,71.06,71.06,43.94,29.3,0.77
博实结,sz301608,99.5,101.0,100.14,1533100.0,99.5,4000,99.56,200,-1.49,102.36,98.6,1533100,153610000.0,3.84,3.72,39.74,88.55,121.2,80.8,0.93
格利尔,bj920641,17.75,18.26,18.03,2435900.0,17.64,800,17.75,13200,-2.79,18.37,17.58,2435900,43591500.0,5.36,4.33,8.06,13.33,23.73,12.79,1.09
民士达,bj920394,49.2,51.82,51.5,2821700.0,49.03,800,49.2,1900,-5.06,52.32,48.48,2821700,140831100.0,1.94,7.41,71.43,71.95,67.36,36.28,1.43
广东建科,sz301632,20.23,20.4,20.4,2024300.0,20.23,6400,20.24,1500,-0.83,20.68,20.15,2024300,41250000.0,2.76,2.6,14.82,84.67,24.48,16.32,0.99
西麦食品,sz002956,30.38,30.79,30.72,3010600.0,30.38,1500,30.39,9400,-1.33,30.8,30.23,3010600,91570000.0,1.35,1.85,67.81,67.82,33.87,27.71,0.74
新大正,sz002968,11.17,11.41,11.42,5491900.0,11.16,2700,11.17,7700,-2.1,11.55,11.02,5491900,61880000.0,2.58,4.65,23.79,25.28,12.55,10.27,1.59
来伊份,sh603777,19.85,21.05,20.91,22066300.0,19.83,100,19.85,13500,-5.7,21.5,19.73,22066300,450380000.0,6.6,8.41,66.38,66.38,23.16,18.95,1.02
塞力医疗,sh603716,20.86,21.23,21.03,10185500.0,20.86,8500,20.87,24900,-1.74,21.23,20.5,10185500,212510000.0,4.51,3.44,47.1,47.1,23.35,19.11,0.93
朗新科技,sz300682,14.51,14.83,14.85,21696600.0,14.51,3100,14.52,9500,-2.16,14.93,14.41,21696600,317520000.0,2.1,3.51,149.65,156.45,17.8,11.86,0.97
秦安股份,sh603758,13.25,12.78,12.79,10595400.0,13.25,101200,13.26,9900,3.68,13.58,12.75,10595400,140220000.0,2.41,6.49,58.14,58.14,14.06,11.5,1.08
中航重机,sh600765,15.62,15.91,15.89,23524700.0,15.62,76700,15.63,43900,-1.82,16.02,15.5,23524700,370210000.0,1.52,3.27,242.5,242.5,17.5,14.32,0.86
宝色股份,sz300402,18.54,18.76,18.68,3429400.0,18.53,6900,18.54,45100,-1.17,18.9,18.47,3429400,64020000.0,1.41,2.29,45.17,45.75,22.51,15.01,0.84
深信服,sz300454,120.02,121.49,121.88,12166300.0,120.02,100,120.05,4600,-1.21,124.68,118.5,12166300,1480660000.0,4.22,5.09,345.66,517.96,145.79,97.19,0.64
南威软件,sh603636,11.1,10.79,10.54,49080100.0,11.1,46800,11.11,110200,2.87,11.79,10.54,49080100,551180000.0,8.46,11.58,64.42,64.42,11.87,9.71,0.87
浙江大农,bj920855,15.3,15.31,15.48,292800.0,15.22,100,15.3,800,-0.07,15.49,15.0,292800,4453300.0,0.44,3.2,10.26,11.43,19.9,10.72,0.93
皓宸医疗,sz002622,2.73,2.74,2.76,17483000.0,2.72,13700,2.73,15400,-0.36,2.78,2.71,17483000,48020000.0,2.08,2.55,22.93,22.93,3.01,2.47,0.93
壶化股份,sz003002,26.38,26.28,26.1,2820000.0,26.38,26300,26.39,200,0.38,27.2,25.92,2820000,74840000.0,1.54,4.87,48.24,52.76,28.91,23.65,0.96
泰德股份,bj920378,9.15,8.67,8.76,4416400.0,9.15,18000,9.16,27400,5.54,9.31,8.46,4416400,40058700.0,3.97,9.8,10.19,14.23,11.27,6.07,5.29
米奥会展,sz300795,10.41,10.5,10.6,4213800.0,10.41,3700,10.44,21500,-0.86,10.65,10.31,4213800,44070000.0,2.42,3.24,18.11,31.11,12.6,8.4,1.35
新安洁,bj920370,3.41,3.44,3.48,1859100.0,3.39,118500,3.41,56200,-0.87,3.48,3.37,1859100,6342600.0,0.71,3.2,8.95,10.24,4.47,2.41,0.66
通程控股,sz000419,5.5,5.59,5.6,9072700.0,5.5,22300,5.51,61700,-1.61,5.63,5.46,9072700,50110000.0,1.67,3.04,29.9,29.9,6.15,5.03,1.34
*ST阳光,sz000608,4.17,3.97,3.95,31389100.0,4.17,324400,0.0,0,5.04,4.17,3.95,31389100,129460000.0,4.21,5.54,31.08,31.27,4.17,3.77,2.31
万事利,sz301066,16.51,16.5,16.46,10097200.0,16.51,4200,16.52,8700,0.06,17.25,16.46,10097200,170260000.0,4.33,4.79,38.49,38.79,19.8,13.2,0.88
美湖股份,sh603319,32.49,31.5,31.01,26174300.0,32.48,16000,32.49,26400,3.14,33.85,31.0,26174300,852430000.0,7.72,9.05,110.19,110.19,34.65,28.35,0.75
万马科技,sz300698,37.72,37.4,37.65,3728800.0,37.72,8300,37.73,4100,0.86,38.48,37.4,3728800,141580000.0,3.15,2.89,44.72,50.54,44.88,29.92,0.73
东方嘉盛,sz002889,13.62,12.96,13.3,10840600.0,13.62,36000,13.63,50100,5.09,14.14,13.13,10840600,148360000.0,4.31,7.79,34.22,51.44,14.26,11.66,4.58
良品铺子,sh603719,10.73,10.78,10.76,4440300.0,10.73,1300,10.75,1000,-0.46,10.88,10.67,4440300,47760000.0,1.11,1.95,43.03,43.03,11.86,9.7,1.14
新产业,sz300832,51.15,48.43,48.09,10448700.0,51.15,154600,51.16,9300,5.62,51.44,48.09,10448700,523300000.0,1.53,6.92,349.42,401.9,58.12,38.74,1.43
天晟新材,sz300169,6.28,6.37,6.36,8089300.0,6.27,19600,6.28,18900,-1.41,6.4,6.24,8089300,51230000.0,2.68,2.51,18.95,21.32,7.64,5.1,0.99
荣安地产,sz000517,1.98,2.01,2.01,17576800.0,1.98,63200,1.99,418100,-1.49,2.02,1.97,17576800,35090000.0,0.71,2.49,49.34,63.04,2.21,1.81,0.64
三夫户外,sz002780,16.3,16.57,16.57,5456000.0,16.3,1800,16.32,1200,-1.63,16.64,16.16,5456000,89530000.0,4.18,2.9,21.3,26.95,18.23,14.91,0.66
汉威科技,sz300007,47.05,44.18,44.21,28923100.0,47.04,24400,47.05,61800,6.5,47.99,44.2,28923100,1348880000.0,10.22,8.58,133.13,154.06,53.02,35.34,1.79
林泰新材,bj920106,55.91,57.0,59.0,948300.0,55.91,7300,56.11,1600,-1.91,59.0,55.66,948300,53743700.0,2.17,5.86,24.41,31.64,74.1,39.9,0.99
ST云城,sh600239,1.55,1.62,1.61,28855600.0,1.55,403600,1.56,1163400,-4.32,1.62,1.54,28855600,45510000.0,1.8,4.94,24.89,24.89,1.7,1.54,0.46
三祥新材,sh603663,42.89,41.81,41.96,13433700.0,42.89,5600,42.9,2300,2.58,44.35,41.2,13433700,576240000.0,3.18,7.53,181.35,181.55,45.99,37.63,1.41
前进科技,bj920679,18.25,18.14,18.15,316200.0,18.25,3600,18.26,200,0.61,18.6,17.97,316200,5785599.999999999,0.85,3.47,6.78,10.19,23.58,12.7,1.09
佳讯飞鸿,sz300213,8.45,8.4,8.44,17498900.0,8.45,8000,8.46,3500,0.6,8.75,8.4,17498900,150360000.0,3.17,4.17,46.66,50.22,10.08,6.72,1.47
隆基机械,sz002363,8.24,8.25,8.3,7065200.0,8.24,8800,8.25,29000,-0.12,8.44,8.19,7065200,58620000.0,1.7,3.03,34.26,34.35,9.08,7.43,0.77
毓恬冠佳,sz301173,41.39,41.15,41.07,735600.0,41.39,100,41.41,1300,0.58,41.97,41.0,735600,30390000.0,2.39,2.36,12.76,36.35,49.38,32.92,0.93
万通智控,sz300643,18.96,18.6,18.7,7083100.0,18.95,10800,18.96,11900,1.94,19.25,18.62,7083100,134580000.0,3.07,3.39,43.75,43.85,22.32,14.88,1.17
*ST同辉,bj920090,5.11,5.08,5.04,3434600.0,5.11,26600,5.12,44600,0.59,5.28,5.04,3434600,17584600.0,2.31,4.72,7.61,10.19,6.6,3.56,0.56
南京新百,sh600682,6.17,6.31,6.3,15605000.0,6.17,60900,6.18,28000,-2.22,6.3,6.14,15605000,97090000.0,1.34,2.54,71.82,82.99,6.94,5.68,1.14
*ST亚士,sh603378,5.37,5.11,5.37,49505000.0,5.37,13800,0.0,0,5.09,5.37,4.85,49505000,251190000.0,11.55,10.18,23.02,23.02,5.37,4.85,1.68
晋拓股份,sh603211,30.47,30.61,30.5,18272900.0,30.47,16200,30.48,1900,-0.46,31.46,29.8,18272900,561140000.0,6.72,5.42,82.82,82.82,33.67,27.55,1.44
科力股份,bj920088,42.75,41.64,41.41,3496500.0,42.73,33700,42.75,12000,2.67,43.16,41.3,3496500,147925100.0,10.74,4.47,13.92,37.65,54.13,29.15,0.82
粤万年青,sz301111,23.89,24.15,24.12,6554600.0,23.89,15200,23.9,6400,-1.08,24.58,23.35,6554600,156810000.0,4.1,5.09,38.22,38.22,28.98,19.32,0.57
*ST莫高,sh600543,4.91,4.95,4.93,4774200.0,4.91,48700,4.92,700,-0.81,4.97,4.84,4774200,23410000.0,1.49,2.63,15.77,15.77,5.2,4.7,0.95
派林生物,sz000403,11.2,11.35,11.33,7662200.0,11.19,17900,11.2,10800,-1.32,11.37,11.13,7662200,86180000.0,0.81,2.11,105.36,106.44,12.49,10.22,0.89
邦德股份,bj920271,12.31,12.34,12.35,532900.0,12.31,36400,12.35,1200,-0.24,12.58,12.24,532900,6588400.0,0.92,2.76,7.13,16.1,16.04,8.64,0.79
众兴菌业,sz002772,15.63,15.66,15.65,6226700.0,15.63,5700,15.64,7200,-0.19,15.82,15.46,6226700,97220000.0,1.68,2.3,58.09,58.57,17.23,14.09,0.6
盛达资源,sz000603,35.02,37.43,36.76,27436800.0,35.01,16600,35.02,47500,-6.44,36.88,34.58,27436800,973080000.0,4.12,6.14,233.48,241.63,41.17,33.69,1.02
益民集团,sh600824,3.93,4.0,4.01,11727900.0,3.93,51600,3.94,52100,-1.75,4.02,3.91,11727900,46400000.0,1.11,2.75,41.42,41.42,4.4,3.6,1.17
通源石油,sz300164,12.33,12.25,12.2,52553200.0,12.32,92300,12.33,69300,0.65,12.48,11.97,52553200,641960000.0,9.01,4.16,71.91,72.56,14.7,9.8,0.83
天纺标,bj920753,18.35,18.52,18.51,448700.0,18.33,100,18.35,2000,-0.92,18.94,18.22,448700,8300100.0,1.39,3.89,5.94,14.94,24.07,12.97,0.92
金枫酒业,sh600616,4.71,4.82,4.84,9220900.0,4.71,85100,4.72,40100,-2.28,4.84,4.68,9220900,43730000.0,1.38,3.32,31.51,31.51,5.3,4.34,1.06
三友医疗,sh688085,18.07,18.3,18.21,372146600.0,18.07,13900,18.08,3000,-1.26,18.51,17.87,372146600,67650000.0,1.17,3.5,57.6,60.26,21.96,14.64,0.58
华洋赛车,bj920058,28.03,28.03,0.0,0.0,0.0,0,0.0,0,0.0,0.0,0.0,0,0.0,0.0,0.0,7.73,15.71,36.43,19.63,0.0
康斯特,sz300445,23.95,23.42,23.41,4491500.0,23.95,7700,23.96,1400,2.26,24.28,23.41,4491500,107180000.0,3.2,3.71,33.66,50.88,28.1,18.74,0.77
广厦环能,bj920703,11.49,11.7,11.73,1264800.0,11.49,3700,11.5,3500,-1.79,11.81,11.46,1264800,14676600.0,1.66,2.99,8.76,17.32,15.21,8.19,1.18
晨曦航空,sz300581,12.51,12.69,12.71,8966800.0,12.51,57900,12.53,2900,-1.42,12.85,12.44,8966800,113090000.0,1.63,3.23,68.82,68.82,15.23,10.15,0.48
*ST尼雅,sh600084,4.66,4.88,4.78,9597200.0,4.65,125000,4.66,4500,-4.51,4.8,4.64,9597200,45010000.0,0.85,3.28,52.37,52.37,5.12,4.64,0.73
倍杰特,sz300774,14.78,16.48,16.45,22895200.0,14.77,1100,14.78,45500,-10.32,16.5,14.41,22895200,347610000.0,11.75,12.68,28.8,60.42,19.78,13.18,2.47
广和通,sz300638,24.29,24.07,24.15,26369200.0,24.28,16800,24.29,53500,0.91,25.06,24.09,26369200,645360000.0,4.97,4.03,128.85,218.43,28.88,19.26,1.19
宝胜股份,sh600973,7.39,7.62,7.62,45320700.0,7.38,42900,7.39,16500,-3.02,7.66,7.29,45320700,336630000.0,3.3,4.86,101.34,101.34,8.38,6.86,0.75
伊戈尔,sz002922,42.31,44.24,44.03,28164400.0,42.3,5400,42.31,1600,-4.36,44.11,41.68,28164400,1200070000.0,7.52,5.49,158.53,179.28,48.66,39.82,1.02
新力金融,sh600318,7.42,7.59,7.59,11910600.0,7.42,67600,7.43,5400,-2.24,7.64,7.37,11910600,89060000.0,2.32,3.56,38.04,38.04,8.35,6.83,0.89
日发精机,sz002520,6.93,6.73,6.71,100079800.0,6.93,400200,6.94,562600,2.97,7.12,6.68,100079800,692170000.0,13.95,6.54,49.72,51.99,7.4,6.06,1.28
泰豪科技,sh600590,14.66,15.2,15.21,42003600.0,14.65,20700,14.66,40400,-3.55,15.32,14.5,42003600,623770000.0,4.98,5.39,123.67,125.03,16.72,13.68,0.88
金正大,sz002470,2.82,2.77,2.8,160144500.0,2.81,2680700,2.82,3154500,1.81,2.85,2.76,160144500,448480000.0,4.87,3.25,92.66,92.67,3.05,2.49,0.54
铁大科技,bj920541,12.59,12.98,13.0,2240200.0,12.58,20200,12.59,9000,-3.0,13.0,12.35,2240200,28343900.0,2.49,5.01,11.34,17.21,16.87,9.09,1.15
瑞迪智驱,sz301596,81.5,72.82,72.87,4763300.0,81.49,10400,81.5,11000,11.92,82.97,72.55,4763300,375540000.0,15.21,14.31,25.52,62.89,87.38,58.26,3.6
吉林碳谷,bj920077,17.6,17.82,17.99,8800700.0,17.59,3600,17.6,500,-1.23,18.15,17.51,8800700,156307100.0,2.9,3.59,53.39,103.43,23.16,12.48,0.73
艾隆科技,sh688329,25.0,25.58,25.45,216407300.0,25.0,900,25.01,300,-2.27,25.67,24.78,216407300,54460000.0,2.8,3.48,19.3,19.3,30.7,20.46,1.05
海优新材,sh688680,47.73,50.25,49.88,439703000.0,47.73,1300,47.79,5600,-5.01,50.06,47.06,439703000,211500000.0,4.51,5.97,46.57,46.57,60.3,40.2,1.13
金煤科技,sh600844,3.5,3.42,3.42,41447200.0,3.49,43800,3.5,636000,2.34,3.53,3.41,41447200,144090000.0,5.04,3.51,28.8,35.58,3.76,3.08,1.07
法本信息,sz300925,18.14,18.18,18.18,9302400.0,18.14,13200,18.15,3200,-0.22,18.53,17.95,9302400,169880000.0,2.66,3.19,63.4,77.77,21.82,14.54,0.77
北方导航,sh600435,13.67,14.15,14.15,39114700.0,13.66,134400,13.67,30100,-3.39,14.29,13.6,39114700,541120000.0,2.59,4.88,206.74,206.74,15.57,12.74,1.44
春晖智控,sz300943,38.82,38.4,38.85,15582300.0,38.81,4300,38.82,2600,1.09,39.75,38.01,15582300,606330000.0,11.68,4.53,51.8,79.12,46.08,30.72,0.72
若羽臣,sz003010,28.76,28.91,28.92,5652800.0,28.75,12400,28.76,21000,-0.52,29.41,28.66,5652800,163780000.0,2.5,2.59,65.04,89.46,31.8,26.02,0.74
南矿集团,sz001360,20.41,21.15,21.17,2934600.0,20.41,100,20.42,3300,-3.5,21.23,20.32,2934600,60770000.0,2.34,4.3,25.61,41.64,23.27,19.04,0.71
华菱精工,sh603356,19.91,19.9,19.87,4129500.0,19.91,9200,20.02,2400,0.05,20.15,19.61,4129500,82060000.0,3.1,2.71,26.55,26.55,21.89,17.91,0.64
津投城开,sh600322,2.64,2.68,2.67,27363700.0,2.63,219800,2.64,87100,-1.49,2.7,2.63,27363700,72840000.0,2.47,2.61,29.19,29.19,2.95,2.41,0.71
海程邦达,sh603836,14.01,14.06,14.07,2452600.0,14.01,800,14.02,3700,-0.36,14.27,13.9,2452600,34500000.0,1.2,2.63,28.75,28.75,15.47,12.65,0.94
天成自控,sh603085,14.03,14.31,14.31,13086300.0,14.02,29200,14.03,8100,-1.96,14.37,13.92,13086300,185250000.0,3.3,3.14,55.71,55.71,15.74,12.88,0.74
苏试试验,sz300416,16.5,16.5,16.53,14971800.0,16.5,51600,16.51,1400,0.0,16.95,16.41,14971800,249590000.0,2.96,3.27,83.32,83.91,19.8,13.2,0.89
卡倍亿,sz300863,68.6,72.55,72.02,12231100.0,68.6,39500,68.61,2100,-5.44,72.98,67.65,12231100,860020000.0,6.76,7.35,124.08,129.09,87.06,58.04,0.97
西磁科技,bj920061,27.08,26.67,26.55,2307300.0,27.08,4500,27.09,3500,1.54,28.56,26.23,2307300,62663700.0,5.86,8.74,10.66,19.17,34.67,18.67,0.85
万泽股份,sz000534,36.88,38.66,39.0,20265200.0,36.88,4400,36.89,2300,-4.6,39.32,36.51,20265200,757000000.0,4.05,7.27,184.74,187.92,42.53,34.79,0.62
泰凯英,bj920020,15.73,15.65,15.67,966800.0,15.73,300,15.87,2000,0.51,16.17,15.55,966800,15341500.0,1.74,3.96,8.75,35.38,20.34,10.96,0.93
联明股份,sh603006,14.06,13.74,13.72,4147900.0,14.06,6000,14.07,62200,2.33,14.25,13.6,4147900,58150000.0,1.63,4.73,35.75,35.75,15.11,12.37,1.29
横河精密,sz300539,32.8,31.98,32.0,14543700.0,32.8,2400,32.81,4000,2.56,33.85,31.82,14543700,477190000.0,6.67,6.35,71.47,87.94,38.38,25.58,0.71
多利科技,sz001311,28.54,28.8,28.83,3966800.0,28.54,8200,28.61,1000,-0.9,29.63,28.35,3966800,114530000.0,2.91,4.44,38.89,88.62,31.68,25.92,0.9
天虹股份,sz002419,5.16,5.24,5.23,16979000.0,5.16,236800,5.17,174800,-1.53,5.25,5.14,16979000,88040000.0,1.45,2.1,60.3,60.31,5.76,4.72,1.09
道生天合,sh601026,18.28,18.25,18.3,7277200.0,18.28,36100,18.29,12700,0.16,19.01,17.78,7277200,133250000.0,6.55,6.74,20.31,120.54,20.08,16.43,1.11
苏宁环球,sz000718,2.01,2.06,2.06,43560400.0,2.01,81400,2.02,680200,-2.43,2.07,2.0,43560400,88540000.0,1.91,3.4,45.86,61.0,2.27,1.85,1.18
鹿得医疗,bj920278,7.79,7.89,7.89,1067500.0,7.77,100,7.79,3000,-1.27,7.94,7.74,1067500,8352600.0,1.44,2.53,5.77,13.59,10.25,5.53,0.84
永和智控,sz002795,9.96,9.67,9.67,39018800.0,9.96,116100,9.97,26200,3.0,10.23,9.65,39018800,390890000.0,8.98,6.0,43.27,43.99,10.64,8.7,1.13
北大医药,sz000788,5.67,5.81,5.77,24027700.0,5.67,19000,5.68,157500,-2.41,5.78,5.63,24027700,137020000.0,4.03,2.58,33.79,33.79,6.39,5.23,0.65
丛麟科技,sh688370,24.37,24.88,24.78,98881700.0,24.37,19300,24.38,200,-2.05,24.85,24.18,98881700,24150000.0,0.72,2.69,33.41,33.41,29.86,19.9,0.94
百润股份,sz002568,17.7,18.21,18.21,12554300.0,17.69,8600,17.7,88900,-2.8,18.36,17.58,12554300,225030000.0,1.65,4.28,135.07,184.37,20.03,16.39,1.0
奥迪威,bj920491,25.0,24.56,24.75,3475400.0,25.0,1400,25.01,2300,1.79,25.68,24.26,3475400,86942700.0,3.01,5.78,28.89,35.29,31.92,17.2,1.31
荣信文化,sz301231,30.1,30.34,30.32,4115300.0,30.1,7700,30.11,500,-0.79,31.5,29.91,4115300,126030000.0,6.29,5.24,19.69,25.4,36.41,24.27,0.73
恒鑫生活,sz301501,31.84,31.9,31.88,1062300.0,31.84,800,31.88,3500,-0.19,32.22,31.61,1062300,33900000.0,2.44,1.91,13.85,47.09,38.28,25.52,0.94
徕木股份,sh603633,8.09,8.15,8.16,9838600.0,8.09,3400,8.1,82700,-0.74,8.27,8.01,9838600,80320000.0,2.31,3.19,34.53,34.53,8.97,7.34,0.73
交运股份,sh600676,7.35,7.26,7.26,14974100.0,7.35,1200,7.36,36300,1.24,7.46,7.16,14974100,109390000.0,1.46,4.13,75.59,75.59,7.99,6.53,0.56
国光连锁,sh605188,15.0,15.4,15.21,6143900.0,14.99,20900,15.0,11600,-2.6,15.55,14.59,6143900,92070000.0,1.22,6.23,75.35,75.35,16.94,13.86,1.18
熊猫乳品,sz300898,23.55,24.13,23.96,3956000.0,23.55,300,23.56,100,-2.4,24.0,23.4,3956000,93650000.0,3.45,2.49,27.02,29.2,28.96,19.3,1.04
航亚科技,sh688510,33.6,34.4,34.5,570915200.0,33.6,3100,33.69,5400,-2.33,35.68,33.26,570915200,195210000.0,2.2,7.03,87.2,87.2,41.28,27.52,0.6
洁雅股份,sz301108,25.28,25.7,25.62,1719200.0,25.28,1500,25.34,100,-1.63,25.85,25.17,1719200,43930000.0,2.65,2.65,16.39,28.45,30.84,20.56,0.99
银邦股份,sz300337,13.55,13.92,13.94,26906500.0,13.54,900,13.55,38500,-2.66,14.02,13.39,26906500,368330000.0,3.78,4.53,96.4,111.37,16.7,11.14,0.57
太力科技,sz301595,46.23,47.38,47.24,2323600.0,46.16,200,46.23,900,-2.43,48.13,45.58,2323600,108290000.0,10.06,5.38,10.68,50.06,56.86,37.9,0.72
惠发食品,sh603536,10.09,10.24,10.2,3566600.0,10.09,1700,10.13,2900,-1.46,10.28,10.05,3566600,36180000.0,1.48,2.25,24.27,24.46,11.26,9.22,1.04
连云港,sh601008,4.73,4.86,4.86,14382100.0,4.73,92300,4.74,36000,-2.67,4.87,4.7,14382100,68390000.0,1.16,3.5,58.68,58.68,5.35,4.37,1.25
芯动联科,sh688582,53.84,54.8,54.91,677190300.0,53.82,200,53.84,3100,-1.75,55.76,53.55,677190300,369340000.0,2.71,4.03,134.72,216.3,65.76,43.84,1.15
华旺科技,sh605377,9.99,9.98,10.06,7567900.0,9.99,26900,10.01,44200,0.1,10.41,9.94,7567900,76780000.0,1.36,4.71,55.61,55.61,10.98,8.98,0.69
德林海,sh688069,57.24,57.62,57.27,844810400.0,57.2,5200,57.24,13900,-0.66,57.5,53.5,844810400,468580000.0,7.48,6.94,64.68,64.68,69.14,46.1,0.97
快可电子,sz301278,39.93,40.67,40.69,3028100.0,39.92,1000,39.93,3700,-1.82,41.12,39.25,3028100,121150000.0,5.89,4.6,20.52,35.82,48.8,32.54,0.9
巴比食品,sh605338,23.17,23.15,23.15,2072400.0,23.17,3000,23.18,4500,0.09,23.29,22.85,2072400,47910000.0,0.87,1.9,55.51,55.51,25.47,20.84,0.75
趣睡科技,sz301336,56.69,54.54,54.55,1355900.0,56.65,2300,56.69,200,3.94,56.76,54.43,1355900,75430000.0,4.46,4.27,17.25,22.68,65.45,43.63,1.64
富奥股份,sz000030,4.81,4.84,4.85,18198200.0,4.8,273200,4.81,23200,-0.62,4.88,4.79,18198200,87770000.0,1.09,1.86,80.37,82.72,5.32,4.36,1.06
南特科技,bj920124,16.84,15.86,15.95,6181000.0,16.84,18400,16.85,9100,6.18,17.27,15.78,6181000,102945800.0,8.08,9.39,12.89,25.05,20.61,11.11,1.8
威腾电气,sh688226,61.6,60.54,61.88,1227417700.0,61.55,17100,61.6,5900,1.75,63.43,59.51,1227417700,752670000.0,6.5,6.48,116.29,116.29,72.65,48.43,1.04
联影医疗,sh688271,111.95,111.97,112.11,667298800.0,111.95,200,111.96,200,-0.02,114.45,111.36,667298800,752490000.0,0.81,2.76,922.64,922.64,134.36,89.58,0.8
中纺标,bj920122,25.48,25.82,26.05,825000.0,25.44,500,25.48,8800,-1.32,26.59,25.33,825000,21346400.0,2.21,4.88,9.52,23.5,33.56,18.08,1.65
四川长虹,sh600839,8.59,8.66,8.62,62052100.0,8.58,236500,8.59,6700,-0.81,8.7,8.56,62052100,535130000.0,1.34,1.62,396.42,396.54,9.53,7.79,0.63
唯特偶,sz301319,107.29,100.85,102.87,12488500.0,107.29,3100,107.3,2300,6.39,115.5,102.87,12488500,1374580000.0,13.35,12.52,100.35,133.6,121.02,80.68,1.18
中草香料,bj920016,16.37,16.46,16.43,600500.0,16.37,3200,16.44,6000,-0.55,16.72,16.19,600500,9876400.0,1.75,3.22,5.6,12.6,21.39,11.53,1.0
*ST岭南,sz002717,1.24,1.31,1.3,73075500.0,0.0,0,1.24,3871100,-5.34,1.3,1.24,73075500,91550000.0,4.25,4.58,21.31,22.57,1.38,1.24,1.45
中国东航,sh600115,4.13,4.34,4.33,310159900.0,4.13,494800,4.14,927500,-4.84,4.34,4.1,310159900,1292560000.0,1.82,5.53,703.13,912.22,4.77,3.91,1.44
华塑控股,sz000509,3.81,3.8,3.81,30393500.0,3.8,146500,3.81,361600,0.26,3.87,3.75,30393500,115510000.0,2.83,3.16,40.89,40.89,4.18,3.42,0.49
*ST准油,sz002207,10.15,9.67,10.15,23236300.0,10.15,2951000,0.0,0,4.96,10.15,9.83,23236300,235120000.0,8.91,3.31,26.47,26.6,10.15,9.19,4.67
山鹰国际,sh600567,1.4,1.4,1.41,77983400.0,1.39,6280300,1.4,2343400,0.0,1.42,1.39,77983400,109680000.0,1.24,2.14,88.3,88.3,1.54,1.26,1.11
信维通信,sz300136,99.61,102.51,103.8,112799400.0,99.61,19300,99.62,1200,-2.83,104.77,97.32,112799400,11335830000.0,13.67,7.27,821.98,963.8,123.01,82.01,1.06
索辰科技,sh688507,107.52,92.93,92.71,1010020300.0,107.51,4800,107.52,4500,15.7,111.52,92.71,1010020300,1063020000.0,20.51,20.24,52.94,95.81,111.52,74.34,5.43
众诚科技,bj920207,28.2,28.0,28.2,2575200.0,28.2,22400,28.21,700,0.71,28.88,27.82,2575200,73068300.0,4.57,3.79,15.88,26.0,36.4,19.6,0.68
无锡鼎邦,bj920931,11.77,11.77,11.89,427900.0,11.77,23100,11.83,800,0.0,12.05,11.67,427900,5059700.0,1.49,3.23,3.39,11.06,15.3,8.24,0.96
三特索道,sz002159,15.97,15.3,15.32,8372900.0,15.95,100,15.97,25600,4.38,16.21,15.23,8372900,131840000.0,6.05,6.41,22.11,28.32,16.83,13.77,1.69
重庆建工,sh600939,2.93,2.97,2.97,10673900.0,2.93,7400,2.94,131700,-1.35,2.98,2.91,10673900,31400000.0,0.56,2.36,55.74,55.74,3.27,2.67,0.83
金新农,sz002548,4.76,4.85,4.81,30279200.0,4.75,328100,4.76,27300,-1.86,4.85,4.69,30279200,144800000.0,3.76,3.3,38.29,39.42,5.34,4.37,0.85
中航光电,sz002179,39.46,40.38,40.37,48066100.0,39.46,28400,39.47,5100,-2.28,41.2,39.1,48066100,1920300000.0,2.29,5.2,827.28,835.54,44.42,36.34,0.55
钱江生化,sh600796,5.86,5.94,5.89,8194400.0,5.86,17200,5.87,82100,-1.35,5.98,5.81,8194400,48120000.0,2.63,2.86,18.25,50.78,6.53,5.35,1.0
天地数码,sz300743,19.25,19.46,19.47,2331700.0,19.25,1700,19.31,4700,-1.08,19.59,19.12,2331700,45210000.0,1.83,2.42,24.53,29.11,23.35,15.57,0.81
华映科技,sz000536,3.91,4.0,3.97,44992700.0,3.9,2316400,3.91,155500,-2.25,3.98,3.9,44992700,176950000.0,1.63,2.0,108.04,108.15,4.4,3.6,1.06
东华能源,sz002221,8.02,8.0,8.08,30666000.0,8.02,48800,8.03,82000,0.25,8.24,7.9,30666000,248070000.0,2.1,4.25,117.16,126.41,8.8,7.2,1.6
融发核电,sz002366,7.6,7.62,7.59,54656300.0,7.59,77800,7.6,56500,-0.26,7.71,7.51,54656300,415170000.0,2.95,2.62,140.63,158.15,8.38,6.86,0.8
佳云科技,sz300242,4.9,4.93,4.96,18290300.0,4.89,7000,4.9,21700,-0.61,5.04,4.86,18290300,90490000.0,2.88,3.65,31.09,31.09,5.92,3.94,0.96
东风科技,sh600081,12.94,11.76,11.73,14402400.0,12.94,6450400,0.0,0,10.03,12.94,11.73,14402400,181840000.0,2.6,10.29,71.56,71.56,12.94,10.58,1.41
普天科技,sz002544,25.45,26.08,26.26,13433300.0,25.45,29200,25.46,2100,-2.42,26.49,25.27,13433300,346760000.0,1.97,4.68,173.18,173.2,28.69,23.47,0.81
天元宠物,sz301335,23.85,24.03,24.03,1567200.0,23.84,100,23.85,4000,-0.75,24.15,23.54,1567200,37310000.0,3.1,2.54,12.07,30.27,28.84,19.22,0.95
普冉股份,sh688766,404.5,421.77,421.77,919029700.0,404.5,22100,404.54,1300,-4.09,423.88,393.12,919029700,3720190000.0,6.21,7.29,598.86,598.86,506.12,337.42,0.93
富士达,bj920640,35.05,35.59,35.35,4906100.0,35.05,7500,35.06,3100,-1.52,36.38,34.68,4906100,174785900.0,2.72,4.78,63.31,65.8,46.26,24.92,0.77
吉冈精密,bj920720,12.36,12.32,12.27,2446700.0,12.36,4800,12.37,1500,0.32,12.64,12.04,2446700,30182199.999999996,3.31,4.87,9.15,32.74,16.01,8.63,1.2
昊志机电,sz300503,71.14,68.4,68.0,32379500.0,71.14,9100,71.15,35200,4.01,74.6,65.01,32379500,2260000000.0,13.44,14.02,171.43,219.27,82.08,54.72,1.3
美年健康,sz002044,6.23,6.13,6.09,296985200.0,6.23,1075900,6.24,380400,1.63,6.39,6.08,296985200,1850690000.0,7.67,5.06,241.36,243.86,6.74,5.52,0.97
大众交通,sh600611,4.44,4.51,4.51,17499100.0,4.44,443700,4.45,65300,-1.55,4.56,4.44,17499100,78370000.0,1.12,2.66,69.41,104.97,4.96,4.06,0.89
中水渔业,sz000798,9.08,9.25,9.25,7201300.0,9.08,19400,9.1,44500,-1.84,9.26,9.05,7201300,65680000.0,1.97,2.27,33.22,33.22,10.18,8.33,0.94
航天彩虹,sz002389,21.28,21.54,21.55,21276500.0,21.28,42000,21.29,17400,-1.21,21.66,21.12,21276500,454480000.0,2.16,2.51,209.56,209.59,23.69,19.39,0.69
雅达股份,bj920556,9.14,9.44,9.36,4049200.0,9.14,23200,9.15,1000,-3.18,9.45,9.13,4049200,37582500.0,3.45,3.39,10.74,14.74,12.27,6.61,1.07
博迁新材,sh605376,123.0,121.25,121.49,9358700.0,123.0,7100,123.05,800,1.44,126.0,119.98,9358700,1153830000.0,3.58,4.96,321.77,321.77,133.38,109.13,0.81
长久物流,sh603569,6.39,6.46,6.49,4170000.0,6.39,10900,6.4,4500,-1.08,6.5,6.36,4170000,26780000.0,0.69,2.17,38.56,38.56,7.11,5.81,0.99
欧亚集团,sh600697,12.23,12.47,12.47,3024500.0,12.23,5600,12.26,700,-1.92,12.47,12.18,3024500,37250000.0,1.95,2.33,19.0,19.46,13.72,11.22,1.06
森马服饰,sz002563,5.83,5.83,5.85,16478500.0,5.83,27000,5.84,151700,0.0,5.92,5.8,16478500,96640000.0,0.75,2.06,128.67,157.07,6.41,5.25,0.75
ST能特,sz002102,2.53,2.56,2.58,23108600.0,2.53,185900,2.54,493700,-1.17,2.59,2.53,23108600,59210000.0,1.06,2.34,54.97,62.63,2.69,2.43,0.35
*ST三六五,sz300295,12.5,12.93,12.98,6703600.0,12.49,200,12.5,200,-3.33,13.1,12.29,6703600,84860000.0,4.0,6.26,20.94,23.7,15.52,10.34,0.79
ST明诚,sh600136,1.69,1.69,1.68,14907000.0,1.68,1027500,1.69,403200,0.0,1.71,1.67,14907000,25150000.0,0.77,2.37,32.84,34.49,1.77,1.61,0.89
青岛金王,sz002094,5.77,5.85,5.83,16252600.0,5.76,210900,5.77,21700,-1.37,5.85,5.74,16252600,94060000.0,2.35,1.88,39.84,39.86,6.44,5.27,0.71
安凯客车,sz000868,4.33,4.33,4.34,10396200.0,4.33,547300,4.34,298000,0.0,4.41,4.31,10396200,45250000.0,1.42,2.31,31.75,40.68,4.76,3.9,0.96
天域生物,sh603717,7.6,8.23,8.01,41942500.0,7.6,77500,7.62,35600,-7.65,8.01,7.58,41942500,324170000.0,14.46,5.22,22.05,22.05,9.05,7.41,2.5
*ST宝鹰,sz002047,5.58,5.65,5.61,17302500.0,5.57,198700,5.58,23200,-1.24,5.67,5.53,17302500,96630000.0,1.14,2.48,84.6,84.61,5.93,5.37,0.78
易明医药,sz002826,18.4,18.56,18.57,3341300.0,18.39,1500,18.4,4000,-0.86,18.67,18.21,3341300,61650000.0,1.83,2.48,33.67,35.08,20.42,16.7,0.62
武汉天源,sz301127,13.45,13.38,13.46,9644800.0,13.45,500,13.46,6800,0.52,13.78,13.35,9644800,130040000.0,1.47,3.21,88.0,90.66,16.06,10.7,0.63
*ST华嵘,sh600421,4.08,4.08,0.0,0.0,0.0,0,0.0,0,0.0,0.0,0.0,0,0.0,0.0,0.0,7.98,7.98,4.28,3.88,0.0
卫宁健康,sz300253,8.89,8.85,8.81,76197400.0,8.89,39900,8.9,185700,0.45,9.11,8.8,76197400,681560000.0,4.21,3.5,160.95,195.69,10.62,7.08,0.63
丽尚国潮,sh600738,4.51,4.59,4.63,10427800.0,4.51,26200,4.52,57500,-1.74,4.63,4.49,10427800,47360000.0,1.37,3.05,34.31,34.34,5.05,4.13,1.01
和展能源,sz000809,3.82,3.89,3.88,20934400.0,3.81,600,3.82,85500,-1.8,3.9,3.79,20934400,79970000.0,2.54,2.83,31.51,31.51,4.28,3.5,0.96
浙商中拓,sz000906,6.63,6.65,6.66,15162900.0,6.62,15900,6.63,14600,-0.3,6.73,6.59,15162900,101050000.0,2.16,2.11,46.49,47.05,7.32,5.99,0.69
中国汽研,sh601965,17.21,17.94,17.83,17796100.0,17.21,33200,17.22,11800,-4.07,17.92,17.14,17796100,311300000.0,1.78,4.35,171.83,172.63,19.73,16.15,0.91
创业慧康,sz300451,4.25,4.25,4.25,28842800.0,4.25,110700,4.26,233100,0.0,4.35,4.22,28842800,123200000.0,1.89,3.06,64.88,65.84,5.1,3.4,0.78
飞利信,sz300287,4.58,4.62,4.58,47647000.0,4.57,220400,4.58,33300,-0.87,4.74,4.5,47647000,219850000.0,3.61,5.19,60.38,65.74,5.54,3.7,0.6
亨迪药业,sz301211,11.11,11.16,11.16,3344100.0,11.1,68100,11.11,20000,-0.45,11.24,11.04,3344100,37270000.0,0.8,1.79,46.39,46.4,13.39,8.93,0.61
电科数字,sh600850,18.6,19.15,19.16,14804000.0,18.6,500,18.64,100,-2.87,19.53,18.53,14804000,279790000.0,2.18,5.22,126.52,126.52,21.07,17.24,1.1
天马新材,bj920971,30.08,32.7,33.27,7045900.0,30.08,35100,30.12,16300,-8.01,33.69,30.08,7045900,220389700.0,8.22,11.04,25.78,31.61,42.51,22.89,1.19
华联股份,sz000882,1.53,1.56,1.56,46532000.0,1.52,4257400,1.53,1357200,-1.92,1.56,1.52,46532000,71530000.0,1.7,2.56,41.85,41.88,1.72,1.4,0.78
利尔达,bj920249,10.45,10.41,10.51,8816100.0,10.44,67700,10.45,27600,0.38,10.71,10.3,8816100,92883100.0,7.07,3.94,13.03,44.06,13.53,7.29,0.6
西藏旅游,sh600749,16.05,15.79,15.68,9797300.0,16.05,22600,16.06,25300,1.65,16.23,15.67,9797300,157140000.0,4.32,3.55,36.43,36.43,17.37,14.21,0.94
贝瑞基因,sz000710,10.41,10.3,10.39,11840600.0,10.4,55100,10.41,26200,1.07,10.6,10.28,11840600,123920000.0,3.59,3.11,34.3,36.8,11.33,9.27,0.5
惠同新材,bj920751,24.42,24.65,24.8,724900.0,24.29,400,24.42,400,-0.93,25.21,24.2,724900,17964400.0,0.87,4.1,20.28,21.19,32.04,17.26,0.59
国源科技,bj920184,15.1,15.25,15.25,1398300.0,15.1,8000,15.15,1900,-0.98,15.58,15.03,1398300,21356200.0,1.56,3.61,13.49,20.02,19.82,10.68,0.63
晶科科技,sh601778,6.96,7.52,7.38,724121000.0,6.95,2076500,6.96,155700,-7.45,7.38,6.85,724121000,5128400000.0,19.42,7.05,259.5,259.5,8.27,6.77,1.15
新世界,sh600628,6.68,6.83,6.84,12131700.0,6.68,19700,6.69,35900,-2.2,6.86,6.65,12131700,81630000.0,1.88,3.07,43.21,43.21,7.51,6.15,1.19
慈文传媒,sz002343,5.92,5.9,5.88,10447700.0,5.92,10800,5.93,41400,0.34,6.02,5.85,10447700,62240000.0,2.21,2.88,28.04,28.04,6.49,5.31,0.85
金马游乐,sz300756,50.31,49.95,49.95,3171600.0,50.31,400,50.38,100,0.72,51.45,48.98,3171600,159280000.0,2.42,4.94,66.02,79.29,59.94,39.96,0.8
烽火电子,sz000561,9.26,9.4,9.5,10479600.0,9.25,55600,9.26,12800,-1.49,9.55,9.21,10479600,97790000.0,1.35,3.62,71.88,80.01,10.34,8.46,0.74
信凯科技,sz001335,47.75,47.54,47.77,1545500.0,47.74,6000,47.75,9500,0.44,48.18,46.8,1545500,73510000.0,6.05,2.9,12.2,44.76,52.29,42.79,1.18
*ST实达,sh600734,2.27,2.29,2.28,93124900.0,2.27,606400,2.28,1000400,-0.87,2.32,2.22,93124900,211240000.0,4.28,4.37,49.44,49.45,2.4,2.18,0.72
京投发展,sh600683,16.82,17.7,17.73,41081500.0,16.81,1300,16.82,12200,-4.97,17.8,16.52,41081500,700670000.0,5.55,7.23,124.6,124.6,19.47,15.93,0.67
京城股份,sh600860,10.83,10.75,10.8,10497300.0,10.83,1600,10.84,8000,0.74,11.05,10.61,10497300,113650000.0,2.36,4.09,48.09,59.29,11.83,9.68,1.08
京源环保,sh688096,11.97,12.12,12.23,1972116000.0,11.97,38100,11.98,600,-1.24,12.78,11.78,1972116000,238860000.0,8.35,8.25,28.25,28.25,14.54,9.7,0.53
西子洁能,sz002534,17.1,17.41,17.48,10196300.0,17.09,1100,17.1,26600,-1.78,17.58,16.92,10196300,175050000.0,1.24,3.79,141.14,142.94,19.15,15.67,0.84
天元智能,sh603273,17.56,17.49,17.27,2106100.0,17.55,2100,17.56,8000,0.4,17.88,17.27,2106100,37100000.0,3.76,3.49,9.84,37.63,19.24,15.74,1.2
瑞华泰,sh688323,31.99,34.6,34.0,2114077000.0,31.98,63400,31.99,2200,-7.54,34.29,31.35,2114077000,688010000.0,11.74,8.5,57.58,57.58,41.52,27.68,1.01
乐创技术,bj920425,26.78,26.51,26.15,3560400.0,26.66,1000,26.78,15000,1.02,27.68,26.14,3560400,95808700.00000001,6.01,5.81,15.86,19.0,34.46,18.56,0.78
华原股份,bj920837,12.95,12.98,13.09,601900.0,12.95,36300,12.97,2800,-0.23,13.28,12.86,601900,7832200.0,0.44,3.24,17.71,19.65,16.87,9.09,0.47
全通教育,sz300359,4.59,4.68,4.71,11180800.0,4.59,45800,4.6,23200,-1.92,4.72,4.55,11180800,51900000.0,1.77,3.63,29.07,29.07,5.62,3.74,1.09
ST龙大,sz002726,1.92,2.02,1.95,35185900.0,0.0,0,1.92,17853800,-4.95,1.95,1.92,35185900,67810000.0,3.26,1.49,20.7,20.72,2.12,1.92,0.81
苏奥传感,sz300507,9.34,9.26,9.26,33045100.0,9.34,18900,9.35,153100,0.86,9.53,9.18,33045100,310020000.0,4.26,3.78,72.38,74.78,11.11,7.41,0.8
*ST长投,sh600119,6.09,6.26,6.23,5169100.0,6.09,28400,6.1,8600,-2.72,6.33,6.06,5169100,31850000.0,1.42,4.31,22.24,22.24,6.57,5.95,0.75
盛航股份,sz001205,14.8,15.13,15.12,3452700.0,14.79,10900,14.8,1700,-2.18,15.13,14.72,3452700,51430000.0,2.07,2.71,24.64,27.82,16.64,13.62,1.07
同庆楼,sh605108,14.41,14.74,14.73,3629300.0,14.4,18000,14.41,7600,-2.24,14.73,14.3,3629300,52570000.0,1.4,2.92,37.47,37.47,16.21,13.27,1.34
中顺洁柔,sz002511,7.9,8.02,7.99,20672900.0,7.9,116800,7.91,42200,-1.5,8.05,7.85,20672900,164270000.0,1.63,2.49,99.94,101.62,8.82,7.22,1.12
联合精密,sz001268,43.36,42.57,42.3,3068800.0,43.35,600,43.36,6400,1.86,43.5,41.71,3068800,131930000.0,4.55,4.2,29.24,46.8,46.83,38.31,0.81
神通科技,sh605228,14.61,14.46,14.45,8174200.0,14.6,26400,14.61,61200,1.04,14.79,14.3,8174200,119080000.0,1.71,3.39,69.71,70.0,15.91,13.01,0.95
威贸电子,bj920346,20.3,20.31,20.43,609200.0,20.29,0,20.3,9700,-0.05,20.9,20.1,609200,12477900.0,1.37,3.94,9.05,16.37,26.4,14.22,0.79
东方精工,sz002611,18.39,17.91,17.96,55348900.0,18.38,16500,18.39,128100,2.68,19.0,17.7,55348900,1015360000.0,5.52,7.26,184.25,223.86,19.7,16.12,0.95
阿尔特,sz300825,11.32,10.85,10.92,32468600.0,11.32,12100,11.33,131500,4.33,11.57,10.92,32468600,368520000.0,6.7,5.99,54.84,56.02,13.02,8.68,2.03
佳合科技,bj920392,19.47,19.54,19.75,386500.0,19.44,300,19.47,800,-0.36,19.93,19.38,386500,7558300.0,1.07,2.81,7.02,14.93,25.4,13.68,0.71
宁波方正,sz300998,28.67,28.8,28.97,2755200.0,28.67,1300,28.69,100,-0.45,28.97,28.2,2755200,78510000.0,2.56,2.67,30.87,39.33,34.56,23.04,0.79
科创信息,sz300730,14.25,16.43,16.04,40861300.0,14.25,65700,14.26,5000,-13.27,16.14,14.1,40861300,592640000.0,19.76,12.42,29.46,34.36,19.72,13.14,1.7
光庭信息,sz301221,51.55,51.7,51.7,2360700.0,51.55,200,51.59,700,-0.29,52.5,51.1,2360700,122610000.0,3.76,2.71,32.33,47.75,62.04,41.36,0.81
中南文化,sz002445,4.25,3.88,3.89,413898800.0,4.24,146600,4.25,871800,9.54,4.27,3.89,413898800,1748570000.0,17.49,9.79,100.57,101.01,4.27,3.49,2.25
智慧农业,sz000816,2.87,2.95,2.94,36868500.0,2.86,414400,2.87,258400,-2.71,2.94,2.85,36868500,106440000.0,2.56,3.05,41.31,41.53,3.25,2.66,1.13
新特电气,sz301120,20.4,20.78,20.99,11694700.0,20.4,48200,20.41,2600,-1.83,21.2,20.01,11694700,239930000.0,5.35,5.73,44.58,75.77,24.94,16.62,0.71
德众汽车,bj920030,5.61,5.59,5.6,1309800.0,5.61,19800,5.63,1800,0.36,5.75,5.55,1309800,7360800.0,1.16,3.58,6.31,10.03,7.26,3.92,0.88
新赣江,bj920367,18.29,18.53,18.77,917700.0,18.28,100,18.29,5700,-1.3,18.77,18.05,917700,16830900.0,2.19,3.89,7.68,12.96,24.08,12.98,0.59
曲美家居,sh603818,3.78,3.78,3.77,17148900.0,3.78,1600,3.79,243800,0.0,3.81,3.73,17148900,64670000.0,2.5,2.12,25.95,25.95,4.16,3.4,1.09
嘉麟杰,sz002486,2.73,2.8,2.79,29444100.0,2.72,68500,2.73,108700,-2.5,2.81,2.69,29444100,80780000.0,3.59,4.29,22.4,22.5,3.08,2.52,1.09
步步高,sz002251,3.8,3.92,3.89,70764900.0,3.8,183600,3.81,694400,-3.06,3.91,3.78,70764900,270620000.0,3.29,3.32,81.79,102.17,4.31,3.53,1.08
利仁科技,sz001259,60.5,55.0,60.5,568300.0,60.5,4647500,0.0,0,10.0,60.5,60.5,568300,34380000.0,1.2,0.0,28.76,44.52,60.5,49.5,0.49
*ST宁视,sz300076,4.98,4.86,4.87,9946500.0,4.96,4900,4.98,7700,2.47,5.05,4.82,9946500,49270000.0,2.35,4.73,21.12,21.12,5.83,3.89,0.62
ST兴化,sz002109,3.01,2.95,2.97,30468200.0,3.0,136400,3.01,217900,2.03,3.05,2.91,30468200,90910000.0,2.39,4.75,38.42,38.42,3.1,2.8,0.81
*ST皇庭,sz000056,1.51,1.59,1.51,57743200.0,0.0,0,1.51,5645000,-5.03,1.54,1.51,57743200,87570000.0,6.39,1.89,13.65,17.86,1.67,1.51,0.96
浩淼科技,bj920856,11.95,11.99,12.08,769500.0,11.95,17200,11.96,300,-0.33,12.34,11.9,769500,9284200.0,1.45,3.67,6.34,11.37,15.58,8.4,0.76
壹网壹创,sz300792,35.28,35.11,35.19,8295000.0,35.28,30900,35.29,18800,0.48,36.79,35.0,8295000,298850000.0,3.9,5.1,74.98,83.59,42.13,28.09,0.98
沪江材料,bj920204,16.0,16.23,16.3,914600.0,15.96,500,16.0,1600,-1.42,16.49,15.91,914600,14762200.0,1.83,3.57,8.0,15.09,21.09,11.37,0.48
长亮科技,sz300348,11.58,11.55,11.56,14610100.0,11.58,247800,11.59,15300,0.26,11.77,11.41,14610100,169400000.0,2.05,3.12,82.56,94.24,13.86,9.24,0.92
飞天诚信,sz300386,12.15,12.41,12.41,6916100.0,12.14,1700,12.15,14800,-2.1,12.53,12.04,6916100,84750000.0,2.76,3.95,30.47,50.79,14.89,9.93,1.15
ST得润,sz002055,5.81,5.86,5.87,17601300.0,5.81,47600,5.82,64300,-0.85,5.93,5.75,17601300,102750000.0,2.96,3.07,34.51,35.12,6.15,5.57,0.8
厚普股份,sz300471,11.76,11.74,11.87,9012200.0,11.76,30300,11.79,100,0.17,12.03,11.65,9012200,106980000.0,2.46,3.24,43.11,55.29,14.09,9.39,0.88
华测导航,sz300627,30.89,31.86,31.85,17456800.0,30.89,5700,30.9,4600,-3.04,32.16,30.67,17456800,544670000.0,2.69,4.68,200.2,243.07,38.23,25.49,1.35
*ST福成,sh600965,3.03,3.06,2.96,21703600.0,3.03,198500,3.04,86500,-0.98,3.15,2.96,21703600,66400000.0,2.65,6.21,24.81,24.81,3.21,2.91,0.54
ST喜临门,sh603008,8.14,7.75,7.65,29517400.0,8.14,2551200,0.0,0,5.03,8.14,7.62,29517400,236130000.0,8.01,6.71,29.98,29.98,8.14,7.36,0.86
万里扬,sz002434,7.8,7.63,7.61,30839000.0,7.79,92400,7.8,23600,2.23,7.96,7.6,30839000,240720000.0,2.35,4.72,102.28,102.38,8.39,6.87,1.15
英唐智控,sz300131,21.53,21.25,21.5,170576300.0,21.52,14600,21.53,46100,1.32,22.2,20.67,170576300,3643490000.0,16.37,7.2,224.4,244.37,25.5,17.0,0.97
ST宁科,sh600165,2.96,3.04,3.02,10231300.0,2.96,9100,2.97,123400,-2.63,3.02,2.94,10231300,30360000.0,1.4,2.63,21.69,47.83,3.19,2.89,0.82
工大高科,sh688367,39.0,38.53,38.7,398818900.0,38.88,5400,39.0,300,1.22,39.65,37.0,398818900,153190000.0,4.55,6.88,34.17,34.17,46.24,30.82,1.05
天目湖,sh603136,10.18,10.23,10.27,2725500.0,10.18,8300,10.19,56900,-0.49,10.34,10.15,2725500,27890000.0,1.01,1.86,27.5,27.5,11.25,9.21,0.76
卓郎智能,sh600545,6.32,6.61,6.61,216106200.0,6.31,53700,6.32,172300,-4.39,6.9,6.22,216106200,1407870000.0,12.09,10.29,113.0,113.0,7.27,5.95,1.07
金盘科技,sh688676,92.57,96.2,97.0,1799493800.0,92.56,400,92.57,1300,-3.77,97.49,90.96,1799493800,1678470000.0,3.91,6.79,425.62,425.62,115.44,76.96,0.8
玉马科技,sz300993,12.39,12.2,12.29,4353300.0,12.39,8900,12.4,200,1.56,12.53,12.16,4353300,53900000.0,1.8,3.03,29.97,38.18,14.64,9.76,1.34
新宏泽,sz002836,12.67,12.56,12.65,3156800.0,12.66,700,12.67,55200,0.88,12.88,12.56,3156800,40100000.0,1.37,2.55,29.19,29.19,13.82,11.3,0.98
均胜电子,sh600699,30.37,29.18,29.31,107211800.0,30.37,282700,30.38,201400,4.08,30.53,28.72,107211800,3209960000.0,7.91,6.2,411.53,470.97,32.1,26.26,1.71
中大力德,sz002896,80.6,77.56,77.48,18172300.0,80.59,700,80.6,4300,3.92,82.6,76.2,18172300,1451450000.0,9.25,8.25,158.4,158.4,85.32,69.8,1.19
美心翼申,bj920833,15.2,15.38,15.34,722900.0,15.16,1000,15.2,1300,-1.17,15.6,15.0,722900,11039100.0,1.16,3.9,9.49,12.52,19.99,10.77,0.56
科拜尔,bj920066,22.73,21.59,21.8,1689700.0,22.73,2600,22.77,1300,5.28,23.78,21.8,1689700,38510500.0,8.5,9.17,4.52,14.29,28.06,15.12,4.38
韩建河山,sh603616,6.5,6.61,6.5,36006500.0,6.5,48800,6.51,2500,-1.66,6.7,6.24,36006500,232920000.0,9.37,6.96,24.98,25.44,7.27,5.95,1.25
红相股份,sz300427,10.57,11.06,10.97,29514500.0,10.57,32300,10.58,17600,-4.43,11.05,10.51,29514500,315030000.0,5.87,4.88,53.17,53.75,13.27,8.85,0.7
三祥科技,bj920195,15.68,15.89,16.2,783700.0,15.66,3500,15.68,2200,-1.32,16.2,15.6,783700,12429700.0,1.11,3.78,11.1,15.37,20.65,11.13,0.67
西域旅游,sz300859,28.63,28.87,28.95,2261300.0,28.63,50300,28.66,400,-0.83,29.08,28.6,2261300,65230000.0,1.46,1.66,44.38,44.38,34.64,23.1,0.65
*ST东晶,sz002199,13.88,14.61,15.19,11661900.0,0.0,0,13.88,4157300,-5.0,15.34,13.88,11661900,170050000.0,5.05,9.99,32.05,33.79,15.34,13.88,2.08
安居宝,sz300155,5.15,5.19,5.19,10457100.0,5.14,16500,5.15,65700,-0.77,5.24,5.11,10457100,54160000.0,3.17,2.5,16.97,28.9,6.23,4.15,0.85
广脉科技,bj920924,19.59,19.87,19.88,1575400.0,19.59,37800,19.6,1000,-1.41,20.16,19.45,1575400,31185700.0,2.41,3.57,12.81,21.02,25.83,13.91,0.74
维康药业,sz300878,36.2,30.17,29.54,12336900.0,36.2,133600,0.0,0,19.99,36.2,29.54,12336900,421560000.0,8.56,22.07,52.17,52.41,36.2,24.14,3.31
五洲医疗,sz301234,39.82,40.42,40.62,1241500.0,39.73,1700,39.82,3800,-1.48,41.15,39.51,1241500,49860000.0,3.09,4.06,16.0,27.08,48.5,32.34,0.7
赤天化,sh600227,3.66,3.62,3.52,148711000.0,3.66,798800,3.67,678900,1.1,3.81,3.5,148711000,548370000.0,11.64,8.56,46.76,61.81,3.98,3.26,0.94
方直科技,sz300235,13.97,14.07,14.15,5946900.0,13.97,5600,13.99,1500,-0.71,14.24,13.9,5946900,83720000.0,2.93,2.42,28.38,35.17,16.88,11.26,0.46
哈森股份,sh603958,24.67,24.42,24.57,11279000.0,24.66,12300,24.67,25700,1.02,25.21,23.83,11279000,275770000.0,5.14,5.65,54.12,54.12,26.86,21.98,1.1
赛伍技术,sh603212,15.13,14.98,14.98,28386800.0,15.12,134200,15.13,101600,1.0,15.2,14.48,28386800,421340000.0,6.49,4.81,66.19,66.19,16.48,13.48,1.24
汽轮科技,sz300277,16.9,17.19,17.28,21378300.0,16.9,16300,16.91,700,-1.69,17.45,16.74,21378300,364920000.0,2.78,4.13,129.74,256.31,20.63,13.75,0.63
建邦科技,bj920242,25.24,25.25,25.18,443000.0,25.24,3100,25.33,600,-0.04,25.9,25.02,443000,11289600.0,1.18,3.49,9.51,16.83,32.82,17.68,0.78
*ST赛为,sz300044,6.83,6.97,6.87,22211300.0,6.83,16800,6.84,101100,-2.01,7.04,6.81,22211300,153240000.0,3.1,3.3,48.86,52.17,8.36,5.58,0.69
普邦股份,sz002663,2.26,2.29,2.3,47382100.0,2.26,54300,2.27,302800,-1.31,2.3,2.22,47382100,107130000.0,2.78,3.49,38.58,38.95,2.52,2.06,0.81
盐津铺子,sz002847,56.0,55.99,55.59,2827800.0,55.98,200,56.0,20600,0.02,56.47,55.02,2827800,158470000.0,1.16,2.59,136.55,152.72,61.59,50.39,0.82
上海凯鑫,sz300899,37.59,38.8,37.98,2579600.0,37.55,4000,37.59,4600,-3.12,38.3,36.33,2579600,96030000.0,6.3,5.08,15.39,23.98,46.56,31.04,1.53
纽泰格,sz301229,17.25,17.1,17.11,2865900.0,17.24,2200,17.25,7200,0.88,17.63,17.04,2865900,49670000.0,2.22,3.45,22.3,31.36,20.52,13.68,1.05
日海智能,sz002313,9.95,10.14,10.08,15962500.0,9.95,11700,9.96,22100,-1.87,10.2,9.86,15962500,159940000.0,4.26,3.35,37.25,37.25,11.15,9.13,0.79
*ST恒久,sz002808,2.83,2.83,0.0,0.0,0.0,0,0.0,0,0.0,0.0,0.0,0,0.0,0.0,0.0,5.29,7.61,2.97,2.69,0.0
华鹏飞,sz300350,5.22,5.26,5.27,14259700.0,5.22,60500,5.23,61400,-0.76,5.35,5.2,14259700,75360000.0,3.02,2.85,24.62,29.34,6.31,4.21,0.91
旷达科技,sz002516,6.2,6.17,6.17,16389500.0,6.19,42500,6.2,38000,0.49,6.28,6.16,16389500,101840000.0,1.12,1.94,90.36,91.19,6.79,5.55,1.0
风光股份,sz301100,18.31,18.13,18.13,3012600.0,18.31,6300,18.35,300,0.99,19.1,18.13,3012600,55910000.0,3.44,5.35,16.02,36.62,21.76,14.5,1.94
宏辉果蔬,sh603336,12.19,12.39,12.39,13987300.0,12.18,39300,12.19,40100,-1.61,12.45,11.98,13987300,169700000.0,2.3,3.79,74.2,74.2,13.63,11.15,0.77
通灵股份,sz301168,43.68,43.7,43.72,2206600.0,43.68,400,43.69,3900,-0.05,44.57,42.94,2206600,95980000.0,2.32,3.73,41.63,52.42,52.44,34.96,0.8
长春一东,sh600148,19.01,19.13,19.0,1741300.0,19.0,600,19.01,3100,-0.63,19.27,18.89,1741300,33290000.0,1.23,1.99,26.9,26.9,21.04,17.22,0.84
园林股份,sh605303,25.95,25.46,25.38,6593400.0,25.94,800,25.95,1500,1.92,26.83,25.27,6593400,172160000.0,4.09,6.13,41.84,41.84,28.01,22.91,0.97
瑞康医药,sz002589,3.03,3.05,3.05,26127900.0,3.03,224500,3.04,207400,-0.66,3.07,3.02,26127900,79500000.0,1.91,1.64,41.38,45.59,3.36,2.75,0.62
中瑞股份,sz301587,28.57,26.74,26.8,9392000.0,28.56,3600,28.57,1300,6.84,29.27,26.8,9392000,264250000.0,12.79,9.24,20.99,42.09,32.09,21.39,1.37
节能环境,sz300140,6.62,6.77,6.82,30188400.0,6.61,97400,6.62,3900,-2.22,6.88,6.59,30188400,203670000.0,2.96,4.28,67.53,205.16,8.12,5.42,1.11
天工股份,bj920068,19.05,19.37,19.16,1685000.0,19.05,15700,19.07,7700,-1.65,19.46,19.01,1685000,32304699.999999996,0.97,2.32,33.09,124.89,25.18,13.56,0.72
凌志软件,sh688588,12.03,12.15,12.18,380063400.0,12.03,19200,12.05,500,-0.99,12.36,11.98,380063400,46160000.0,0.95,3.13,48.12,48.12,14.58,9.72,0.83
兴通股份,sh603209,14.29,14.57,14.49,5748800.0,14.28,3600,14.29,800,-1.92,14.49,14.17,5748800,82030000.0,1.79,2.2,45.94,46.44,16.03,13.11,1.0
旋极信息,sz300324,4.91,4.99,5.02,45935100.0,4.91,190500,4.92,317700,-1.6,5.11,4.86,45935100,228950000.0,2.69,5.01,83.96,84.82,5.99,3.99,0.87
ST银江,sz300020,3.49,3.52,3.52,14668300.0,3.49,11900,3.5,76600,-0.85,3.6,3.47,14668300,51630000.0,1.91,3.69,26.75,27.73,4.22,2.82,0.66
ST信通,sh600289,6.45,6.14,6.45,1866300.0,6.45,2294200,0.0,0,5.05,6.45,6.45,1866300,12040000.0,0.33,0.0,36.5,40.7,6.45,5.83,0.31
粤 传 媒,sz002181,19.69,17.9,17.7,100911700.0,19.69,3919200,0.0,0,10.0,19.69,17.48,100911700,1945480000.0,8.89,12.35,223.39,228.61,19.69,16.11,0.95
世昌股份,bj920022,26.82,26.46,26.62,432000.0,26.8,1000,26.82,1300,1.36,27.19,26.23,432000,11527700.0,2.6,3.63,4.46,16.18,34.39,18.53,0.6
万达信息,sz300168,5.67,5.82,5.81,24264500.0,5.66,167600,5.67,109500,-2.58,5.84,5.6,24264500,138910000.0,1.69,4.12,81.6,81.68,6.98,4.66,1.0
恒宇信通,sz300965,78.01,93.88,85.99,7895400.0,78.0,12600,78.01,12600,-16.9,87.9,78.0,7895400,642770000.0,14.6,10.55,42.2,46.81,112.66,75.1,2.17
四维图新,sz002405,8.93,9.29,9.29,80447800.0,8.93,180600,8.94,36200,-3.88,9.4,8.91,80447800,731160000.0,3.42,5.27,210.35,211.7,10.22,8.36,1.24
华菱线缆,sz001208,19.24,19.3,19.5,19016200.0,19.23,23800,19.24,66900,-0.31,19.7,19.03,19016200,367940000.0,5.97,3.47,61.32,122.82,21.23,17.37,0.66
木林森,sz002745,9.68,10.06,10.05,54358400.0,9.68,15100,9.69,25400,-3.78,10.17,9.58,54358400,533810000.0,5.11,5.86,103.0,143.67,11.07,9.05,0.84
丽江股份,sz002033,9.01,9.06,9.11,18962800.0,9.01,51800,9.02,25900,-0.55,9.13,8.95,18962800,171630000.0,3.45,1.99,49.51,49.51,9.97,8.15,0.85
克莱特,bj920689,28.7,29.03,29.3,1431700.0,28.7,8200,28.74,800,-1.14,30.19,28.43,1431700,41786000.0,3.77,6.06,10.89,21.07,37.73,20.33,1.11
高凌信息,sh688175,33.74,34.05,34.22,192520200.0,33.68,200,33.74,13900,-0.91,34.59,33.14,192520200,65410000.0,1.49,4.26,43.63,43.63,40.86,27.24,1.11
登康口腔,sz001328,30.81,31.04,31.2,1059900.0,30.8,21500,30.81,2800,-0.74,31.45,30.6,1059900,32780000.0,0.66,2.74,49.82,53.05,34.14,27.94,0.86
航天发展,sz000547,25.3,26.03,25.94,117979500.0,25.3,13600,25.31,79300,-2.8,26.35,25.17,117979500,3013440000.0,7.42,4.53,402.05,404.41,28.63,23.43,0.49
永安行,sh603776,21.75,22.69,22.7,6119200.0,21.73,16100,21.75,23700,-4.14,22.8,21.6,6119200,134770000.0,2.18,5.29,61.07,61.07,24.96,20.42,0.76
华英农业,sz002321,2.03,2.09,2.09,31223900.0,2.03,1926000,2.04,220600,-2.87,2.1,2.03,31223900,63930000.0,1.47,3.35,43.11,43.3,2.3,1.88,1.09
广百股份,sz002187,5.77,5.94,5.95,14111200.0,5.77,82800,5.78,81200,-2.86,5.95,5.75,14111200,82410000.0,2.01,3.37,40.44,40.44,6.53,5.35,1.41
纳尔股份,sz002825,10.78,10.53,10.77,11161800.0,10.77,48100,10.78,42400,2.37,10.84,10.55,11161800,119380000.0,4.35,2.75,27.66,36.82,11.58,9.48,1.2
太龙股份,sz300650,16.33,16.61,16.65,8165100.0,16.33,11300,16.35,10100,-1.69,16.99,16.19,8165100,135280000.0,4.79,4.82,27.82,39.42,19.93,13.29,0.97
申华控股,sh600653,1.74,1.75,1.75,16274000.0,1.73,1430000,1.74,19000,-0.57,1.77,1.73,16274000,28400000.0,0.84,2.29,33.87,33.87,1.93,1.58,0.73
国义招标,bj920039,9.32,9.36,9.36,850600.0,9.3,500,9.32,10200,-0.43,9.53,9.21,850600,7955400.0,0.55,3.42,14.34,14.34,12.16,6.56,0.96
红豆股份,sh600400,3.01,2.87,2.88,213807400.0,3.0,701000,3.01,894600,4.88,3.16,2.87,213807400,648980000.0,9.33,10.1,68.97,68.97,3.16,2.58,2.36
全筑股份,sh603030,2.92,2.9,2.9,39453400.0,2.91,184500,2.92,67800,0.69,2.97,2.88,39453400,115330000.0,3.0,3.1,38.45,38.45,3.19,2.61,0.52
锐明技术,sz002970,73.52,75.12,75.14,6279200.0,73.52,800,73.53,300,-2.13,76.2,72.62,6279200,466850000.0,5.02,4.77,92.03,134.33,82.63,67.61,0.78
日盈电子,sh603286,68.72,68.52,68.5,7176900.0,68.72,1300,68.75,3100,0.29,71.6,65.81,7176900,496120000.0,6.21,8.45,79.46,80.82,75.37,61.67,1.48
球冠电缆,bj920682,8.76,8.83,8.9,4521900.0,8.76,21000,8.77,10900,-0.79,8.96,8.69,4521900,39821000.0,2.4,3.06,16.48,28.42,11.47,6.19,0.54
金字火腿,sz002515,6.8,7.1,7.14,78727000.0,6.8,26600,6.81,59700,-4.23,7.2,6.72,78727000,542810000.0,7.14,6.76,74.93,82.32,7.81,6.39,0.95
天地在线,sz002995,22.42,22.06,22.06,13734300.0,22.41,2500,22.42,1500,1.63,24.04,22.03,13734300,313900000.0,12.22,9.11,25.2,39.79,24.27,19.85,1.87
华秦科技,sh688281,91.0,94.9,95.0,1270425700.0,91.0,36700,91.01,300,-4.11,97.0,87.09,1270425700,1141390000.0,4.66,10.44,248.04,248.04,113.88,75.92,3.91
*ST金灵,sz300091,3.0,3.02,3.02,14109300.0,2.99,1042600,3.0,442900,-0.66,3.05,2.99,14109300,42570000.0,0.86,1.99,49.06,85.26,3.62,2.42,0.77
同益中,sh688722,18.83,18.21,18.53,688285000.0,18.83,1800,18.84,5700,3.4,19.25,18.42,688285000,129990000.0,3.07,4.56,42.2,42.3,21.85,14.57,1.59
大明电子,sh603376,30.63,30.41,30.38,1180200.0,30.62,400,30.63,12400,0.72,31.04,30.13,1180200,36150000.0,3.69,2.99,9.8,122.52,33.45,27.37,0.71
天阳科技,sz300872,19.93,20.07,19.95,20959500.0,19.93,20500,19.94,4200,-0.7,20.69,19.83,20959500,423760000.0,4.97,4.29,84.11,97.28,24.08,16.06,0.45
汉维科技,bj920957,11.6,11.52,11.7,515000.0,11.57,2000,11.6,2000,0.69,11.82,11.52,515000,5994600.0,1.21,2.6,4.95,12.45,14.97,8.07,0.55
盛路通信,sz002446,10.36,10.62,10.69,46063100.0,10.36,425800,10.37,16600,-2.45,10.75,10.23,46063100,478920000.0,5.43,4.9,87.83,94.84,11.68,9.56,0.8
千里科技,sh601777,12.01,12.54,12.48,94204300.0,12.01,57000,12.02,138500,-4.23,12.6,11.84,94204300,1143240000.0,2.08,6.06,542.98,542.98,13.79,11.29,1.28
豪能股份,sh603809,11.48,11.11,11.12,24895200.0,11.47,36100,11.48,85700,3.33,11.68,11.07,24895200,285080000.0,2.71,5.49,105.65,105.65,12.22,10.0,1.67
健盛集团,sh603558,13.36,13.71,13.75,5771400.0,13.36,1100,13.37,3200,-2.55,13.88,13.23,5771400,77640000.0,1.68,4.74,45.78,45.78,15.08,12.34,0.86
恒工精密,sz301261,98.52,91.21,91.0,8456600.0,98.52,7200,98.54,2000,8.01,103.56,90.0,8456600,822460000.0,22.56,14.87,36.93,86.59,109.45,72.97,1.47
联迪信息,bj920790,23.85,23.9,23.9,729900.0,23.84,41700,23.85,700,-0.21,24.51,23.7,729900,17549500.0,1.34,3.39,12.96,18.83,31.07,16.73,0.61
金橙子,sh688291,50.38,47.81,49.5,656135800.0,50.37,1800,50.38,51700,5.38,53.56,49.0,656135800,336460000.0,6.39,9.54,51.72,51.72,57.37,38.25,2.74
中广核技,sz000881,7.86,7.97,7.97,13349900.0,7.86,20100,7.87,34300,-1.38,8.02,7.8,13349900,105620000.0,1.48,2.76,71.03,74.31,8.77,7.17,0.89
兰石重装,sh603169,8.83,8.91,8.92,17953200.0,8.83,97300,8.84,14200,-0.9,9.03,8.7,17953200,158130000.0,1.37,3.7,115.35,115.35,9.8,8.02,0.67
天府文旅,sz000558,3.9,3.9,3.9,24357400.0,3.9,198700,3.91,86900,0.0,3.97,3.89,24357400,95580000.0,1.89,2.05,50.26,50.28,4.29,3.51,0.8
创业黑马,sz300688,26.35,26.54,26.8,4750000.0,26.35,1600,26.36,3200,-0.72,27.27,26.13,4750000,126520000.0,3.2,4.3,39.1,44.1,31.85,21.23,0.71
中科江南,sz301153,20.44,20.45,20.4,4296500.0,20.44,13700,20.45,2600,-0.05,20.86,20.25,4296500,88370000.0,1.3,2.98,67.81,72.7,24.54,16.36,0.74
乖宝宠物,sz301498,47.07,48.2,47.99,5373200.0,47.06,45900,47.07,3000,-2.34,48.24,47.01,5373200,255680000.0,3.0,2.55,84.42,188.5,57.84,38.56,0.75
皇台酒业,sz000995,14.54,14.81,14.65,38758600.0,14.53,38500,14.54,6200,-1.82,15.5,14.4,38758600,575220000.0,21.85,7.43,25.8,25.8,16.29,13.33,2.75
天地源,sh600665,3.27,3.35,3.37,13134700.0,3.27,14000,3.28,22800,-2.39,3.37,3.23,13134700,43200000.0,1.52,4.18,28.26,28.26,3.69,3.02,1.09
好想你,sz002582,12.13,12.25,12.24,18240400.0,12.13,21700,12.14,28600,-0.98,12.35,12.03,18240400,222160000.0,5.3,2.61,41.76,54.31,13.48,11.03,0.64
ST百利,sh603959,4.67,4.89,4.82,30187000.0,4.66,101300,4.67,2200,-4.5,5.02,4.65,30187000,144300000.0,6.16,7.57,22.9,22.9,5.13,4.65,1.02
高伟达,sz300465,14.69,14.58,14.54,12609500.0,14.69,32500,14.7,47200,0.75,15.06,14.5,12609500,186260000.0,2.84,3.84,65.19,65.19,17.5,11.66,0.61
大地电气,bj920436,14.54,14.71,14.66,594100.0,14.54,900,14.65,3400,-1.16,15.15,14.5,594100,8771400.0,0.67,4.42,12.92,13.74,19.12,10.3,0.58
厦门信达,sz000701,5.91,6.05,6.04,14965900.0,5.91,14200,5.92,75300,-2.31,6.09,5.88,14965900,89290000.0,2.24,3.47,39.46,39.5,6.66,5.45,0.96
金发科技,sh600143,17.51,17.13,17.13,89513500.0,17.51,77500,17.52,34000,2.22,18.0,17.06,89513500,1576790000.0,3.4,5.49,461.36,461.36,18.84,15.42,1.32
绿亨科技,bj920866,7.52,7.51,7.52,1153100.0,7.51,6000,7.52,1000,0.13,7.65,7.46,1153100,8733900.0,1.01,2.53,8.58,13.55,9.76,5.26,0.93
卓越新能,sh688196,46.72,46.9,46.91,193277400.0,46.7,2700,46.72,4000,-0.38,47.98,45.3,193277400,90030000.0,1.52,5.71,59.42,59.42,56.28,37.52,1.05
沃格光电,sh603773,74.99,83.32,74.99,2373600.0,0.0,0,74.99,22169500,-10.0,74.99,74.99,2373600,178000000.0,1.06,0.0,168.47,168.53,91.65,74.99,0.07
通易航天,bj920642,12.58,12.65,12.73,1865600.0,12.58,10400,12.6,62600,-0.55,12.93,12.52,1865600,23646500.0,1.87,3.24,12.57,13.04,16.44,8.86,0.5
大连重工,sz002204,6.31,6.37,6.37,24208000.0,6.31,154700,6.32,16900,-0.94,6.43,6.29,24208000,153830000.0,1.25,2.2,121.87,121.87,7.01,5.73,0.79
亚盛集团,sh600108,3.96,4.11,4.08,72222600.0,3.96,14900,3.97,316900,-3.65,4.1,3.92,72222600,288780000.0,3.71,4.38,77.1,77.1,4.52,3.7,1.04
*ST东易,sz002713,13.66,13.57,13.79,29764300.0,13.66,14000,13.67,15300,0.66,14.24,13.39,29764300,411180000.0,5.65,6.26,71.92,129.96,14.25,12.89,1.64
中创环保,sz300056,11.52,11.55,11.52,17279200.0,11.52,4700,11.53,35200,-0.26,11.88,11.41,17279200,200810000.0,4.49,4.07,44.37,44.41,13.86,9.24,0.6
艾芬达,sz301575,48.51,47.66,47.66,876600.0,48.5,5000,48.51,5500,1.78,48.75,47.12,876600,42230000.0,5.04,3.42,8.44,42.04,57.19,38.13,1.29
华培动力,sh603121,20.72,20.72,20.73,9727800.0,20.7,36100,20.72,11100,0.0,21.15,20.16,9727800,202420000.0,2.87,4.78,70.14,70.14,22.79,18.65,1.34
爱婴室,sh603214,16.3,16.35,16.43,2879500.0,16.3,8900,16.32,500,-0.31,16.72,16.15,2879500,47370000.0,2.08,3.49,22.58,22.58,17.99,14.72,1.2
奥美森,bj920080,25.04,24.82,24.92,663600.0,25.0,500,25.04,8800,0.89,25.66,24.42,663600,16707500.0,2.89,5.0,5.75,20.78,32.26,17.38,0.72
润农节水,bj920964,5.74,5.86,5.84,2267700.0,5.74,33600,5.75,100,-2.05,5.92,5.71,2267700,13185900.0,1.54,3.58,8.48,14.99,7.61,4.11,1.31
万源通,bj920060,32.0,32.4,32.49,3714100.0,32.0,1600,32.03,4000,-1.23,32.97,31.82,3714100,120116700.0,3.92,3.55,30.34,48.65,42.12,22.68,0.72
华平股份,sz300074,4.47,4.47,4.52,20080000.0,4.47,16900,4.48,10500,0.0,4.54,4.44,20080000,90000000.0,3.65,2.24,24.58,24.6,5.36,3.58,1.2
通达电气,sh603390,14.8,13.45,13.6,24893400.0,14.8,6822700,0.0,0,10.04,14.8,13.53,24893400,358810000.0,7.1,9.44,51.88,52.04,14.8,12.11,1.46
巨能股份,bj920578,20.32,19.12,18.92,2917200.0,20.3,8900,20.32,25300,6.28,20.6,18.91,2917200,58548200.0,12.68,8.84,4.67,15.54,24.85,13.39,1.66
新风光,sh688663,82.7,87.72,86.66,795988800.0,82.69,1600,82.7,19400,-5.72,87.2,82.3,795988800,670860000.0,5.63,5.59,117.0,117.0,105.26,70.18,0.94
飞马国际,sz002210,3.05,3.07,3.05,112786800.0,3.04,450600,3.05,3030800,-0.65,3.13,3.01,112786800,343860000.0,4.25,3.91,80.99,81.17,3.38,2.76,0.55
晶华新材,sh603683,28.28,27.98,27.8,10080500.0,28.21,1600,28.28,24200,1.07,28.73,27.71,10080500,285010000.0,3.5,3.65,81.49,82.34,30.78,25.18,0.75
能科科技,sh603859,41.2,39.78,39.98,11336700.0,41.2,4300,41.21,5000,3.57,43.1,39.56,11336700,471950000.0,4.63,8.9,100.82,100.82,43.76,35.8,1.77
天威视讯,sz002238,7.25,7.25,7.25,6442200.0,7.25,6700,7.26,31100,0.0,7.44,7.21,6442200,47210000.0,0.8,3.17,58.19,58.19,7.98,6.53,0.94
坤博精工,bj920570,31.03,32.88,32.88,2031600.0,31.0,500,31.03,500,-5.63,33.2,30.58,2031600,64207500.0,8.34,7.97,7.56,15.57,42.74,23.02,1.67
金健米业,sh600127,6.48,6.59,6.58,18420800.0,6.48,208200,6.49,114000,-1.67,6.59,6.46,18420800,119910000.0,2.87,1.97,41.59,41.59,7.25,5.93,1.0
禾元生物-U,sh688765,57.28,58.2,58.1,189501500.0,57.28,1000,57.3,27800,-1.58,58.76,56.58,189501500,108440000.0,4.09,3.75,26.51,204.78,69.84,46.56,0.71
招标股份,sz301136,15.44,15.57,15.59,4377800.0,15.44,3200,15.45,2800,-0.83,15.82,15.35,4377800,68020000.0,1.59,3.02,42.44,42.49,18.68,12.46,0.73
宜通世纪,sz300310,5.89,6.08,6.1,48262000.0,5.89,185000,5.9,310500,-3.13,6.16,5.85,48262000,289300000.0,6.98,5.1,40.72,51.93,7.3,4.86,0.73
*ST动力,sz300152,1.58,1.56,1.61,42649500.0,1.58,511800,1.59,124300,1.28,1.69,1.58,42649500,69270000.0,5.98,7.05,11.26,11.26,1.87,1.25,1.22
华峰超纤,sz300180,5.16,5.16,5.18,22097100.0,5.16,198100,5.17,197100,0.0,5.24,5.12,22097100,114350000.0,1.29,2.33,88.37,90.87,6.19,4.13,0.88
盛视科技,sz002990,69.49,69.41,69.88,21154300.0,69.49,63200,69.5,16300,0.12,70.8,65.06,21154300,1459190000.0,15.33,8.27,95.91,181.96,76.35,62.47,1.04
风神股份,sh600469,6.47,6.49,6.6,10741500.0,6.46,26900,6.47,9300,-0.31,6.71,6.41,10741500,70110000.0,1.47,4.62,47.2,57.59,7.14,5.84,0.83
锋尚文化,sz300860,26.23,25.86,26.0,5995400.0,26.23,1000,26.24,2100,1.43,27.38,25.87,5995400,159280000.0,5.48,5.84,28.7,49.43,31.03,20.69,2.55
方正阀门,bj920082,14.8,14.98,15.01,832500.0,14.8,1000,14.82,2200,-1.2,15.1,14.7,832500,12382200.0,2.1,2.67,5.86,21.51,19.47,10.49,0.96
中科金财,sz002657,20.43,20.57,20.63,7592800.0,20.42,4100,20.43,21900,-0.68,20.94,20.3,7592800,156440000.0,2.26,3.11,68.67,69.47,22.63,18.51,0.85
华纺股份,sh600448,3.47,3.54,3.54,21123100.0,3.46,6200,3.47,20800,-1.98,3.55,3.44,21123100,73780000.0,3.35,3.11,21.85,21.85,3.89,3.19,0.88
旺成科技,bj920896,17.37,17.04,17.01,1052000.0,17.37,5300,17.39,1000,1.94,17.82,17.01,1052000,18414000.0,2.37,4.75,7.7,17.58,22.15,11.93,1.0
汇隆活塞,bj920455,7.82,7.83,7.8,675600.0,7.8,900,7.82,4700,-0.13,7.95,7.78,675600,5300599.999999999,0.72,2.17,7.33,13.88,10.17,5.49,0.8
鸿日达,sz301285,120.46,123.41,123.67,6378900.0,120.41,700,120.46,800,-2.39,123.67,103.99,6378900,766760000.0,3.09,15.95,248.95,248.95,148.09,98.73,1.13
兆新股份,sz002256,4.85,4.85,4.82,164134300.0,4.84,395600,4.85,626100,0.0,4.88,4.67,164134300,784820000.0,8.15,4.33,97.7,98.98,5.34,4.37,0.53
长江能科,bj920158,17.35,16.88,17.01,3308700.0,17.35,12300,17.36,2600,2.78,17.69,16.88,3308700,57251899.99999999,8.68,4.8,6.62,24.74,21.94,11.82,1.02
中化装备,sh600579,7.37,7.42,7.42,4818700.0,7.36,34900,7.37,14400,-0.67,7.52,7.35,4818700,35820000.0,0.98,2.29,36.38,36.38,8.16,6.68,0.78
*ST椰岛,sh600238,5.16,5.32,5.46,12585600.0,5.16,102900,5.17,1900,-3.01,5.59,5.1,12585600,67160000.0,2.83,9.21,22.98,23.13,5.59,5.05,1.56
ST西王,sz000639,1.56,1.64,1.6,67643900.0,0.0,0,1.56,1392700,-4.88,1.63,1.56,67643900,106930000.0,6.27,4.27,16.84,16.84,1.72,1.56,0.57
马应龙,sh600993,25.52,25.64,25.66,4378700.0,25.51,1100,25.52,19900,-0.47,25.9,25.4,4378700,112280000.0,1.02,1.95,109.81,110.0,28.2,23.08,0.77
ST加加,sz002650,8.17,8.4,8.4,14195700.0,8.16,79800,8.17,114100,-2.74,8.49,8.09,14195700,117770000.0,1.28,4.76,90.45,90.45,8.82,7.98,1.16
佳都科技,sh600728,5.36,5.41,5.42,31994300.0,5.36,389900,5.37,116600,-0.92,5.48,5.34,31994300,172940000.0,1.5,2.59,114.31,114.31,5.95,4.87,0.76
动力新科,sh600841,8.13,8.43,8.4,23853500.0,8.13,57700,8.14,45100,-3.56,8.48,8.07,23853500,195980000.0,2.29,4.86,84.8,112.83,9.27,7.59,0.85
群兴玩具,sz002575,7.37,7.51,7.21,107409400.0,7.37,71500,7.38,22900,-1.86,7.8,7.21,107409400,804770000.0,18.38,7.86,43.06,45.44,8.26,6.76,1.25
梅雁吉祥,sh600868,3.49,3.56,3.51,84573900.0,3.48,364000,3.49,435900,-1.97,3.55,3.45,84573900,295630000.0,4.46,2.81,66.25,66.25,3.92,3.2,0.83
江苏雷利,sz300660,46.27,43.71,43.71,20459000.0,46.26,47600,46.27,6500,5.86,47.22,43.66,20459000,936950000.0,4.58,8.14,206.72,206.89,52.45,34.97,2.12
味知香,sh605089,23.54,24.1,24.0,1219500.0,23.54,3300,23.61,10600,-2.32,24.35,23.45,1219500,28960000.0,0.88,3.73,32.49,32.49,26.51,21.69,0.72
富临运业,sz002357,12.04,11.85,11.84,10171400.0,12.04,13100,12.05,4500,1.6,12.21,11.76,10171400,121650000.0,3.24,3.8,37.74,37.74,13.04,10.67,0.72
华神科技,sz000790,4.25,4.38,4.41,26376400.0,4.24,28500,4.25,5000,-2.97,4.41,4.19,26376400,112740000.0,4.24,5.02,26.46,26.51,4.82,3.94,0.86
一鸣食品,sh605179,16.02,16.32,16.43,3152900.0,16.01,1900,16.02,62100,-1.84,16.43,15.9,3152900,50710000.0,0.79,3.25,64.24,64.24,17.95,14.69,0.96
金陵药业,sz000919,6.8,6.87,6.87,17923500.0,6.8,65900,6.81,32900,-1.02,6.9,6.75,17923500,122090000.0,2.88,2.18,42.28,42.29,7.56,6.18,0.68
泰慕士,sz001234,27.63,27.55,27.56,4166000.0,27.63,2100,27.65,1900,0.29,28.22,27.52,4166000,115990000.0,4.55,2.54,25.28,30.23,30.31,24.8,0.41
精锻科技,sz300258,13.65,12.95,13.0,48141600.0,13.64,190900,13.65,113400,5.41,13.91,12.94,48141600,650910000.0,8.45,7.49,77.79,79.86,15.54,10.36,1.0
旗天科技,sz300061,10.54,10.27,10.19,50949800.0,10.54,104600,10.55,144500,2.63,10.8,10.17,50949800,535840000.0,8.19,6.13,65.58,69.46,12.32,8.22,1.69
桂发祥,sz002820,11.23,11.43,11.39,5128400.0,11.21,7700,11.23,4500,-1.75,11.43,11.09,5128400,57770000.0,2.55,2.97,22.56,22.56,12.57,10.29,1.02
*ST起步,sh603557,4.97,5.0,4.96,10963600.0,4.97,48400,4.98,10500,-0.6,5.04,4.89,10963600,54400000.0,1.76,3.0,30.98,30.98,5.25,4.75,0.68
华曙高科,sh688433,97.5,97.82,97.81,652654300.0,97.31,200,97.5,5800,-0.33,99.0,93.52,652654300,626690000.0,1.57,5.6,405.19,405.19,117.38,78.26,0.89
采纳股份,sz301122,31.12,33.83,33.46,4816700.0,31.12,4400,31.16,18000,-8.01,33.52,30.83,4816700,154370000.0,6.37,7.95,23.54,38.04,40.6,27.06,2.2
新宁物流,sz300013,4.58,4.61,4.6,23763200.0,4.56,9800,4.58,48900,-0.65,4.72,4.55,23763200,109910000.0,5.33,3.69,20.43,25.57,5.53,3.69,0.61
珠免集团,sh600185,5.73,5.83,5.81,24296200.0,5.72,134900,5.73,42200,-1.72,5.82,5.7,24296200,139600000.0,1.29,2.06,108.01,108.01,6.41,5.25,0.94
苏州科达,sh603660,13.14,13.67,13.65,43848900.0,13.13,27700,13.14,50300,-3.88,13.89,12.95,43848900,587130000.0,7.67,6.88,75.09,75.66,15.04,12.3,0.97
昂立教育,sh600661,9.56,9.6,9.6,5202300.0,9.55,9400,9.56,2600,-0.42,9.71,9.46,5202300,49890000.0,1.82,2.6,27.39,27.39,10.56,8.64,0.97
瑞立科密,sz001285,52.01,51.53,51.43,1841700.0,52.01,4500,52.02,15600,0.93,52.93,51.43,1841700,96210000.0,4.44,2.91,21.58,93.71,56.68,46.38,0.95
华锡有色,sh600301,56.0,59.01,58.51,13900500.0,55.99,400,56.0,9900,-5.1,58.89,55.05,13900500,785740000.0,5.05,6.51,154.19,354.24,64.91,53.11,0.86
中宠股份,sz002891,31.03,31.25,31.22,6462000.0,31.03,21700,31.04,1600,-0.7,31.59,30.81,6462000,201570000.0,2.01,2.5,99.88,99.88,34.38,28.13,0.78
万  科Ａ,sz000002,3.78,3.87,3.87,120434300.0,3.78,914000,3.79,826000,-2.33,3.88,3.76,120434300,459770000.0,1.24,3.1,367.3,450.98,4.26,3.48,0.82
鑫科材料,sh600255,3.49,3.58,3.58,48196700.0,3.49,16100,3.5,343200,-2.51,3.6,3.47,48196700,170310000.0,2.67,3.63,63.03,63.03,3.94,3.22,0.95
赫美集团,sz002356,3.1,3.2,3.24,31709200.0,3.1,298600,3.11,369100,-3.13,3.24,3.1,31709200,100160000.0,2.42,4.38,40.65,40.65,3.52,2.88,0.76
秦川物联,sh688528,12.5,12.66,12.56,191617600.0,12.5,10900,12.51,1200,-1.26,12.76,12.37,191617600,24090000.0,1.14,3.08,21.0,21.0,15.19,10.13,0.81
金富科技,sz003018,59.14,53.76,59.14,8277700.0,59.13,1400,59.14,89700,10.01,59.14,58.58,8277700,489530000.0,3.49,1.04,140.39,153.76,59.14,48.38,0.65
凯众股份,sh603037,15.34,14.58,14.68,25830500.0,15.34,9800,15.35,34700,5.21,15.44,14.41,25830500,389450000.0,9.71,7.06,40.83,40.95,16.04,13.12,1.62
黑芝麻,sz000716,5.21,5.52,5.4,37584200.0,5.21,260700,5.22,100800,-5.62,5.43,5.17,37584200,197350000.0,5.09,4.71,38.49,39.23,6.07,4.97,1.28
兆日科技,sz300333,10.9,11.26,11.31,23799600.0,10.89,31300,10.9,2000,-3.2,11.45,10.8,23799600,263170000.0,7.11,5.77,36.49,36.62,13.51,9.01,0.78
方大新材,bj920163,12.3,12.3,12.45,658000.0,12.3,85500,12.39,3500,0.0,12.6,12.24,658000,8136700.0,1.09,2.93,7.39,15.83,15.99,8.61,0.92
扬农化工,sh600486,64.81,64.89,64.91,6652900.0,64.81,1600,64.82,1200,-0.12,65.83,64.08,6652900,431480000.0,1.65,2.7,261.83,262.69,71.38,58.4,0.97
联创光电,sh600363,41.75,44.26,44.0,23120200.0,41.75,64700,41.76,22000,-5.67,44.5,41.23,23120200,979290000.0,5.13,7.39,188.25,188.25,48.69,39.83,1.42
祖名股份,sz003030,25.3,24.52,24.53,3703600.0,25.3,600,25.31,4100,3.18,25.4,24.32,3703600,92340000.0,4.57,4.4,20.48,31.57,26.97,22.07,0.72
通光线缆,sz300265,23.4,24.14,23.82,59793700.0,23.39,106700,23.4,89100,-3.07,24.26,23.17,59793700,1403200000.0,12.8,4.52,109.35,109.42,28.97,19.31,0.64
深华发Ａ,sz000020,13.58,13.96,13.92,7156900.0,13.58,12700,13.59,3600,-2.72,14.03,13.53,7156900,98320000.0,3.95,3.58,24.6,38.45,15.36,12.56,0.65
恒银科技,sh603106,8.69,8.83,8.88,6006800.0,8.69,39700,8.7,15800,-1.59,8.9,8.65,6006800,52630000.0,1.15,2.83,45.23,45.23,9.71,7.95,1.02
中稀有色,sh600259,97.12,100.86,100.29,22620400.0,97.12,22500,97.13,7100,-3.71,103.83,96.39,22620400,2244730000.0,6.72,7.38,326.75,326.75,110.95,90.77,1.06
傲农生物,sh603363,3.5,3.18,3.2,116845500.0,3.5,20513000,0.0,0,10.06,3.5,3.14,116845500,392250000.0,5.45,11.32,75.01,91.1,3.5,2.86,2.68
ST文峰,sh601010,1.83,1.81,1.9,121880000.0,1.83,564600,1.84,727200,1.1,1.9,1.79,121880000,226690000.0,6.6,6.08,33.82,33.82,1.9,1.72,3.07
*ST瑞茂,sh600180,1.93,2.03,1.93,226500.0,0.0,0,1.93,54365600,-4.93,1.93,1.93,226500,440000.0,0.02,0.0,20.97,20.97,2.13,1.93,0.48
世荣兆业,sz002016,5.07,5.06,5.05,11814300.0,5.05,9900,5.07,19300,0.2,5.09,4.95,11814300,59580000.0,1.46,2.77,41.02,41.02,5.57,4.55,0.92
*ST康佳A,sz000016,3.19,3.24,3.22,31592100.0,3.18,293600,3.19,54900,-1.54,3.25,3.15,31592100,101240000.0,1.98,3.09,50.93,76.81,3.4,3.08,0.52
万里马,sz300591,8.33,8.2,8.18,19757500.0,8.33,92800,8.34,66000,1.59,8.39,8.11,19757500,163230000.0,5.64,3.41,29.19,33.79,9.84,6.56,0.84
电连技术,sz300679,54.67,53.75,54.0,28211700.0,54.67,4800,54.68,3300,1.71,55.87,52.52,28211700,1534590000.0,7.85,6.23,196.51,232.25,64.5,43.0,0.96
飞乐音响,sh600651,7.13,7.24,7.21,21458700.0,7.12,25500,7.13,13900,-1.52,7.3,7.08,21458700,154270000.0,0.86,3.04,178.75,178.75,7.96,6.52,0.81
宇晶股份,sz002943,78.75,86.5,86.2,15829800.0,78.74,1500,78.75,300,-8.96,86.51,77.9,15829800,1267500000.0,10.86,9.95,114.75,161.93,95.15,77.85,1.21
ST麦趣,sz002719,8.21,8.09,8.08,13548600.0,8.21,10100,8.22,46500,1.48,8.35,8.06,13548600,110660000.0,8.37,3.58,13.29,14.3,8.49,7.69,0.73
雷曼光电,sz300162,9.59,9.62,9.5,46014500.0,9.58,51800,9.59,122400,-0.31,9.75,9.16,46014500,436670000.0,13.45,6.13,32.81,40.23,11.54,7.7,1.2
天目药业,sh600671,18.87,19.11,19.11,1707900.0,18.87,2400,18.91,14700,-1.26,19.25,18.7,1707900,32430000.0,1.4,2.88,22.97,22.98,21.02,17.2,0.87
澳柯玛,sh600336,8.07,7.99,7.98,13392700.0,8.06,61200,8.07,85900,1.0,8.25,7.95,13392700,108850000.0,1.68,3.75,64.4,64.4,8.79,7.19,0.84
赛轮轮胎,sh601058,12.83,12.93,12.89,43409200.0,12.82,72100,12.83,109600,-0.77,13.13,12.76,43409200,561200000.0,1.32,2.86,421.86,421.86,14.22,11.64,0.94
上海沿浦,sh605128,34.87,32.51,32.5,8953200.0,34.86,1500,34.87,2000,7.26,35.16,32.12,8953200,305830000.0,4.24,9.35,73.62,73.62,35.76,29.26,2.25
晶丰明源,sh688368,184.0,187.9,188.98,505993800.0,184.0,2800,184.06,200,-2.08,197.28,180.0,505993800,952270000.0,5.72,9.2,162.84,268.12,225.48,150.32,1.28
DR浙江荣,sh603119,72.76,69.05,69.46,31693300.0,72.76,8900,72.77,2900,5.37,74.45,68.25,31693300,2277430000.0,11.96,8.98,192.84,344.05,75.96,62.15,1.36
安正时尚,sh603839,8.07,8.08,8.0,4846800.0,8.06,900,8.07,25300,-0.12,8.16,7.95,4846800,39040000.0,1.25,2.6,31.23,31.23,8.89,7.27,1.05
安琪酵母,sh600298,36.25,36.7,36.68,8349800.0,36.25,18900,36.26,500,-1.23,36.73,36.06,8349800,303470000.0,0.97,1.83,310.72,314.62,40.37,33.03,0.75
*ST金比,sz002762,8.95,9.12,9.1,3904100.0,8.94,7700,8.95,45500,-1.86,9.25,8.78,3904100,34820000.0,1.85,5.15,18.92,31.69,9.58,8.66,1.13
华如科技,sz301302,25.6,25.61,25.6,5030500.0,25.6,4600,25.61,4800,-0.04,25.98,25.4,5030500,129240000.0,3.62,2.26,35.58,39.9,30.73,20.49,0.71
抚顺特钢,sh600399,5.2,5.28,5.28,40211400.0,5.2,290000,5.21,83200,-1.52,5.35,5.17,40211400,210450000.0,2.04,3.41,102.55,102.55,5.81,4.75,0.82
茶花股份,sh603615,22.58,23.14,23.14,5300300.0,22.57,4900,22.58,1800,-2.42,23.38,22.53,5300300,121350000.0,2.19,3.67,54.6,54.6,25.45,20.83,0.82
大连圣亚,sh600593,35.66,35.57,35.92,3512100.0,35.65,2500,35.66,13000,0.25,36.5,35.35,3512100,125950000.0,2.73,3.23,45.93,46.52,39.13,32.01,0.78
超讯通信,sh603322,35.75,35.87,35.86,7081600.0,35.74,2100,35.75,2600,-0.33,36.7,35.33,7081600,254260000.0,4.49,3.82,56.34,56.34,39.46,32.28,0.78
登云股份,sz002715,17.4,17.25,17.25,4451200.0,17.39,600,17.4,800,0.87,17.65,17.05,4451200,77330000.0,3.23,3.48,24.01,24.01,18.98,15.53,0.56
合锻智能,sh603011,21.06,21.36,21.45,17349900.0,21.05,13100,21.06,9500,-1.4,21.8,20.85,17349900,368450000.0,3.51,4.45,104.12,104.12,23.5,19.22,0.76
锦江在线,sh600650,12.32,12.35,12.3,4524400.0,12.32,7400,12.33,300,-0.24,12.57,12.25,4524400,55970000.0,1.16,2.59,48.12,67.96,13.59,11.12,0.92
模塑科技,sz000700,13.83,13.05,13.2,113023400.0,13.82,47400,13.83,8500,5.98,14.36,12.98,113023400,1569520000.0,12.31,10.57,126.96,126.96,14.36,11.75,1.42
思创智联,sz300078,3.78,3.81,3.86,25484800.0,3.78,362600,3.79,41800,-0.79,3.91,3.76,25484800,97770000.0,2.29,3.94,42.09,42.26,4.57,3.05,0.83
光电股份,sh600184,28.1,29.3,29.68,59278300.0,28.09,5000,28.1,17600,-4.1,30.89,27.71,59278300,1712990000.0,10.17,10.85,163.75,163.75,32.23,26.37,1.03
*ST雅博,sz002323,1.22,1.28,1.24,209719000.0,1.22,2367200,1.23,2514400,-4.69,1.26,1.22,209719000,257290000.0,9.89,3.13,25.87,25.87,1.34,1.22,1.28
陕西金叶,sz000812,3.88,3.9,3.92,11485400.0,3.87,100600,3.88,22800,-0.51,3.94,3.86,11485400,44720000.0,1.52,2.05,29.34,29.35,4.29,3.51,0.84
曙光股份,sh600303,3.2,3.22,3.22,21803900.0,3.2,106100,3.21,85500,-0.62,3.26,3.18,21803900,70000000.0,3.23,2.48,21.62,21.88,3.54,2.9,1.15
中国一重,sh601106,4.28,4.37,4.36,85972900.0,4.27,294700,4.28,30500,-2.06,4.41,4.2,85972900,369250000.0,1.25,4.81,293.51,293.51,4.81,3.93,0.71
巨星科技,sz002444,34.7,34.7,34.7,11728300.0,34.7,13600,34.71,100,0.0,35.29,34.32,11728300,408910000.0,1.02,2.8,397.91,414.48,38.17,31.23,0.72
新开普,sz300248,9.62,9.68,9.69,8233000.0,9.61,12700,9.62,35700,-0.62,9.9,9.56,8233000,80120000.0,2.01,3.51,39.35,45.82,11.62,7.74,0.94
北矿检测,bj920160,23.77,23.72,23.72,875700.0,23.77,700,23.87,900,0.21,24.36,23.57,875700,20969699.999999996,3.44,3.33,6.06,26.93,30.83,16.61,0.74
流金科技,bj920021,10.42,10.05,10.05,21075700.0,10.41,11100,10.42,19500,3.68,10.63,10.05,21075700,219132900.0,8.51,5.77,25.8,32.2,13.06,7.04,0.93
七一二,sh603712,15.01,15.59,15.59,16790200.0,15.01,124700,15.02,20000,-3.72,15.68,14.9,16790200,255010000.0,2.17,5.0,115.88,115.88,17.15,14.03,1.22
麒麟信安,sh688152,37.95,38.99,38.74,267636300.0,37.92,2100,37.95,1000,-2.67,39.29,37.66,267636300,102490000.0,2.63,4.18,38.67,38.67,46.79,31.19,0.73
传音控股,sh688036,60.7,59.52,59.5,2359520700.0,60.68,200,60.7,98300,1.98,62.0,58.25,2359520700,1426880000.0,2.05,6.3,698.77,698.77,71.42,47.62,1.79
合百集团,sz000417,7.15,7.46,7.4,47015400.0,7.14,14100,7.15,25600,-4.16,7.45,7.09,47015400,339790000.0,6.04,4.83,55.7,55.76,8.21,6.71,1.23
大唐电信,sh600198,9.31,9.5,9.37,77126300.0,9.3,216500,9.31,74100,-2.0,9.92,9.21,77126300,731170000.0,5.92,7.47,121.21,121.37,10.45,8.55,0.69
精创电气,bj920035,30.95,30.42,30.66,776500.0,30.95,4300,30.96,0,1.74,31.54,30.26,776500,24051100.0,4.97,4.21,4.83,21.49,39.54,21.3,0.55
中钢洛耐,sh688119,5.0,5.12,5.13,1546721100.0,5.0,140300,5.02,55000,-2.34,5.16,5.0,1546721100,78510000.0,1.37,3.13,56.25,56.25,6.14,4.1,0.92
四川九洲,sz000801,13.53,13.81,13.81,18840300.0,13.53,27400,13.54,6900,-2.03,14.19,13.46,18840300,258040000.0,1.85,5.29,137.46,137.51,15.19,12.43,0.82
厦工股份,sh600815,4.3,4.35,4.36,76692400.0,4.3,134300,4.31,180100,-1.15,4.38,4.17,76692400,328590000.0,4.32,4.83,76.29,76.29,4.79,3.92,0.68
南网数字,sz301638,29.04,29.6,29.54,29181100.0,29.04,23700,29.05,50500,-1.89,30.08,28.8,29181100,854360000.0,12.42,4.32,68.24,923.37,35.52,23.68,0.64
中源家居,sh603709,18.92,19.18,19.32,3036100.0,18.92,3000,18.98,7100,-1.36,19.36,18.75,3036100,57730000.0,2.43,3.18,23.67,23.85,21.1,17.26,0.69
申昊科技,sz300853,32.76,34.05,34.06,8968700.0,32.76,7600,32.77,500,-3.79,34.07,32.52,8968700,297770000.0,9.12,4.55,32.21,48.14,40.86,27.24,1.37
崇德科技,sz301548,89.92,89.79,90.0,2742600.0,89.92,2200,89.95,700,0.14,93.28,89.06,2742600,250600000.0,10.45,4.7,23.59,78.23,107.75,71.83,1.2
卓胜微,sz300782,133.63,140.88,140.76,49285400.0,133.63,39300,133.64,1400,-5.15,143.95,132.05,49285400,6710080000.0,11.0,8.45,598.99,768.36,169.06,112.7,1.23
东望时代,sh600052,4.37,4.46,4.46,25486500.0,4.37,4600,4.38,128200,-2.02,4.51,4.33,25486500,112360000.0,3.02,4.04,36.89,36.89,4.91,4.01,0.64
中锐股份,sz002374,3.55,3.23,3.31,44794100.0,3.55,20866900,0.0,0,9.91,3.55,3.29,44794100,156870000.0,4.13,8.05,38.52,38.52,3.55,2.91,1.53
罗曼股份,sh605289,154.21,156.0,153.08,3589600.0,154.2,26300,154.21,4700,-1.15,158.0,149.13,3589600,550580000.0,3.31,5.69,167.07,168.1,171.6,140.4,0.73
雷尔伟,sz301016,17.97,17.87,17.74,3019900.0,17.96,8400,17.97,3100,0.56,18.42,17.63,3019900,54430000.0,1.03,4.42,52.68,54.95,21.44,14.3,0.61
万朗磁塑,sh603150,71.7,72.7,71.61,2315400.0,71.69,100,71.7,19700,-1.38,74.0,70.27,2315400,167170000.0,2.71,5.13,61.29,61.29,79.97,65.43,0.81
华安鑫创,sz300928,35.84,36.1,36.09,2100000.0,35.82,100,35.84,2600,-0.72,36.66,35.62,2100000,75950000.0,3.92,2.88,19.21,28.67,43.32,28.88,0.47
一致魔芋,bj920273,20.61,21.91,21.4,2210700.0,20.6,8100,20.61,1300,-5.93,21.54,20.61,2210700,46411500.0,3.22,4.24,14.15,21.26,28.48,15.34,1.69
海昌新材,sz300885,31.3,29.78,29.25,29411700.0,31.29,28700,31.3,34200,5.1,32.0,28.6,29411700,902650000.0,17.61,11.42,52.28,77.67,35.74,23.82,1.3
雪人集团,sz002639,17.16,18.22,17.82,70606600.0,17.16,325800,17.17,40300,-5.82,17.94,17.01,70606600,1226640000.0,10.81,5.1,112.1,132.58,20.04,16.4,1.22
联建光电,sz300269,5.89,6.0,6.0,24500000.0,5.88,56600,5.89,4900,-1.83,6.04,5.82,24500000,145100000.0,4.66,3.67,30.96,32.34,7.2,4.8,1.04
花溪科技,bj920895,15.9,16.11,16.2,448500.0,15.9,8300,16.0,2800,-1.3,16.45,15.86,448500,7223800.0,1.56,3.66,4.57,8.99,20.94,11.28,1.04
香飘飘,sh603711,15.01,14.91,14.81,7453400.0,15.01,11000,15.02,1300,0.67,15.34,14.81,7453400,112320000.0,1.81,3.55,61.97,61.97,16.4,13.42,0.91
凤形股份,sz002760,23.86,24.71,24.79,13002600.0,23.85,3300,23.88,500,-3.44,25.3,23.66,13002600,316640000.0,12.04,6.64,25.77,25.77,27.18,22.24,1.18
安车检测,sz300572,33.66,35.07,35.15,10421900.0,33.66,1700,33.67,4900,-4.02,35.79,33.5,10421900,358640000.0,5.75,6.53,61.02,77.08,42.08,28.06,0.83
泰永长征,sz002927,19.6,19.21,19.24,10104600.0,19.59,11400,19.6,23800,2.03,20.16,19.24,10104600,198910000.0,4.58,4.79,43.26,43.75,21.13,17.29,1.08
谱尼测试,sz300887,9.52,9.62,9.6,7799800.0,9.52,30900,9.53,2000,-1.04,9.76,9.47,7799800,74930000.0,2.15,3.01,34.48,51.95,11.54,7.7,0.65
汇绿生态,sz001267,62.75,69.72,69.0,65333000.0,0.0,0,62.75,229100,-10.0,69.0,62.75,65333000,4216740000.0,10.77,8.96,380.67,492.69,76.69,62.75,1.18
四方精创,sz300468,27.64,27.76,27.92,18528000.0,27.64,125100,27.65,9400,-0.43,28.41,27.5,18528000,517140000.0,3.5,3.28,146.43,146.67,33.31,22.21,0.98
梅安森,sz300275,10.71,10.69,10.72,6900200.0,10.71,3800,10.72,300,0.19,10.92,10.54,6900200,74040000.0,2.54,3.55,29.07,32.99,12.83,8.55,0.92
锦泓集团,sh603518,9.64,9.49,9.45,7495900.0,9.64,9700,9.65,4200,1.58,9.77,9.45,7495900,72390000.0,2.18,3.37,33.17,33.29,10.44,8.54,1.46
智新电子,bj920212,12.03,12.2,12.19,777200.0,12.03,3300,12.08,50600,-1.39,12.43,11.94,777200,9449300.0,1.51,4.02,6.21,12.76,15.86,8.54,0.76
铭普光磁,sz002902,39.6,39.12,38.66,55407300.0,39.6,18800,39.61,200,1.23,43.03,38.66,55407300,2285890000.0,31.19,11.17,70.34,93.06,43.03,35.21,1.06
ST龙元,sh600491,1.39,1.46,1.42,64751100.0,0.0,0,1.39,8694100,-4.79,1.42,1.39,64751100,90420000.0,4.23,2.05,21.26,21.26,1.53,1.39,0.8
ST如意,sz002193,5.2,5.39,5.4,17283500.0,5.2,18700,5.21,21900,-3.53,5.52,5.17,17283500,92230000.0,6.6,6.49,13.61,13.61,5.66,5.12,0.79
芭薇股份,bj920123,12.59,12.84,12.82,1275600.0,12.58,900,12.59,32800,-1.95,12.97,12.54,1275600,16292400.0,2.0,3.35,8.01,14.04,16.69,8.99,1.14
夜光明,bj920527,17.05,17.66,17.15,1092500.0,17.05,3500,17.18,2500,-3.45,17.98,17.0,1092500,19037500.0,2.35,5.55,7.94,10.24,22.95,12.37,1.09
豪悦护理,sh605009,27.57,27.48,27.47,1077400.0,27.57,100,27.58,1400,0.33,27.73,27.27,1077400,29620000.0,0.5,1.67,59.29,59.29,30.23,24.73,0.75
中海达,sz300177,8.72,8.81,8.82,16307900.0,8.71,9500,8.72,119600,-1.02,9.01,8.62,16307900,143630000.0,2.69,4.43,52.87,64.89,10.57,7.05,0.74
美邦服饰,sz002269,1.6,1.6,1.61,52682700.0,1.6,1212600,1.61,1354300,0.0,1.64,1.59,52682700,84880000.0,2.25,3.12,37.5,40.2,1.76,1.44,1.03
日月明,sz300906,34.3,34.77,34.76,1848800.0,34.3,2800,34.35,1200,-1.35,35.24,34.0,1848800,64010000.0,2.56,3.57,24.76,27.44,41.72,27.82,1.0
兴民智通,sz002355,6.61,6.53,6.59,31719700.0,6.6,57900,6.61,87500,1.23,6.77,6.51,31719700,210640000.0,5.13,3.98,40.86,44.19,7.18,5.88,1.07
均瑶健康,sh605388,6.88,6.98,6.92,9658500.0,6.88,6300,6.89,39700,-1.43,6.99,6.82,9658500,66670000.0,1.61,2.44,41.31,41.31,7.68,6.28,0.82
中天服务,sz002188,6.81,6.95,6.95,8456400.0,6.8,20600,6.81,46000,-2.01,6.99,6.75,8456400,58010000.0,3.29,3.45,17.53,22.28,7.65,6.26,0.85
福龙马,sh603686,18.57,18.47,18.4,20862900.0,18.57,1600,18.58,47400,0.54,18.94,18.2,20862900,387480000.0,5.02,4.01,77.15,77.15,20.32,16.62,0.87
XD步科股,sh688160,128.0,117.77,118.24,598656800.0,127.98,200,128.0,800,8.69,133.66,117.2,598656800,752370000.0,6.59,13.98,116.27,116.27,141.32,94.22,1.5
桂林旅游,sz000978,6.3,6.36,6.39,16992000.0,6.29,43500,6.3,26400,-0.94,6.39,6.22,16992000,107040000.0,3.63,2.67,29.49,29.49,7.0,5.72,0.87
桂冠电力,sh600236,10.66,11.13,10.7,43343200.0,10.66,144300,10.67,56400,-4.22,10.88,10.38,43343200,458890000.0,0.55,4.49,840.26,840.26,12.24,10.02,0.72
家家悦,sh603708,10.06,10.15,10.15,5166900.0,10.06,111400,10.07,12800,-0.89,10.18,10.0,5166900,52100000.0,0.81,1.77,64.22,64.22,11.17,9.14,1.09
首旅酒店,sh600258,13.91,14.06,14.08,13842800.0,13.91,34700,13.92,4000,-1.07,14.14,13.86,13842800,193530000.0,1.24,1.99,155.32,155.32,15.47,12.65,0.8
*ST金泰,sz300225,7.51,7.28,7.2,24450000.0,7.5,198700,7.51,47100,3.16,7.58,7.2,24450000,180820000.0,5.18,5.22,35.45,35.7,8.74,5.82,1.14
科博达,sh603786,55.88,54.48,54.63,4412400.0,55.88,300,55.89,1800,2.57,57.55,54.12,4412400,247370000.0,1.09,6.3,225.68,225.68,59.93,49.03,1.48
晓鸣股份,sz300967,17.13,17.36,17.33,5444900.0,17.13,3200,17.17,4300,-1.32,17.55,16.96,5444900,93660000.0,4.36,3.4,21.38,32.13,20.83,13.89,0.81
启明信息,sz002232,17.53,17.62,17.51,5012100.0,17.53,900,17.54,6700,-0.51,17.85,17.39,5012100,88300000.0,1.23,2.61,71.62,71.62,19.38,15.86,0.9
邵阳液压,sz301079,44.31,43.95,44.01,7424600.0,44.3,2300,44.31,3400,0.82,45.46,43.0,7424600,330010000.0,9.65,5.6,34.09,48.27,52.74,35.16,0.61
大众公用,sh600635,5.2,5.21,5.21,47247800.0,5.19,361000,5.2,275000,-0.19,5.27,5.13,47247800,244840000.0,1.95,2.69,125.78,153.53,5.73,4.69,1.0
*ST华幸,sh600340,1.09,1.1,1.09,100341900.0,1.08,3248300,1.09,1561200,-0.91,1.11,1.06,100341900,108300000.0,2.58,4.55,42.44,42.44,1.16,1.05,0.63
*ST顾地,sz002694,2.59,2.68,2.68,9482600.0,2.59,23600,2.6,41400,-3.36,2.71,2.56,9482600,24810000.0,1.32,5.6,18.62,19.76,2.81,2.55,0.68
长盈精密,sz300115,38.1,36.57,36.61,130311200.0,38.1,160200,38.11,23800,4.18,39.5,35.9,130311200,4931450000.0,9.6,9.84,517.14,518.67,43.88,29.26,1.7
优刻得-W,sh688158,46.6,47.8,47.5,4560747000.0,46.6,101400,46.61,43300,-2.51,49.48,45.8,4560747000,2166930000.0,11.25,7.7,188.95,212.64,57.36,38.24,0.99
尚纬股份,sh603333,9.65,8.77,9.07,45790800.0,9.65,2839400,0.0,0,10.03,9.65,8.8,45790800,426190000.0,7.37,9.69,59.98,59.98,9.65,7.89,2.49
*ST启环,sz000826,2.42,2.3,2.28,83215900.0,2.42,1338200,0.0,0,5.22,2.42,2.28,83215900,199130000.0,5.84,6.09,34.49,34.49,2.42,2.19,1.21
振芯科技,sz300101,20.3,20.07,20.29,19108500.0,20.3,7100,20.31,10000,1.15,20.78,19.72,19108500,386630000.0,3.38,5.28,114.89,115.28,24.08,16.06,1.15
高新兴,sz300098,5.9,5.88,5.88,67371700.0,5.89,503800,5.9,356400,0.34,6.03,5.84,67371700,399690000.0,4.37,3.23,90.96,102.53,7.06,4.7,0.71
腾达科技,sz001379,21.48,21.76,21.78,1678000.0,21.47,3200,21.48,2100,-1.29,21.95,21.38,1678000,36350000.0,2.49,2.62,14.46,42.96,23.94,19.58,0.76
慧为智能,bj920876,21.96,22.2,22.21,893600.0,21.96,2100,21.98,400,-1.08,22.88,21.69,893600,19909400.0,2.28,5.36,8.62,14.09,28.86,15.54,0.94
大名城,sh600094,4.61,4.58,4.59,24240800.0,4.61,50000,4.62,78400,0.66,4.75,4.58,24240800,112810000.0,1.14,3.71,98.02,107.18,5.04,4.12,0.9
金溢科技,sz002869,19.48,19.83,19.83,3244400.0,19.47,1700,19.48,4000,-1.77,20.05,19.45,3244400,63780000.0,2.06,3.03,30.68,34.46,21.81,17.85,0.88
恒太照明,bj920339,8.44,8.45,8.37,704000.0,8.44,17800,8.45,36700,-0.12,8.47,8.34,704000,5922400.0,0.47,1.54,12.76,18.59,10.98,5.92,0.47
科隆新材,bj920098,24.76,24.76,24.75,875800.0,24.56,13000,24.76,6200,0.0,25.11,24.38,875800,21650000.0,1.58,2.95,13.71,20.13,32.18,17.34,1.18
永辉超市,sh601933,3.66,3.75,3.71,104862400.0,3.66,946900,3.67,1541700,-2.4,3.72,3.65,104862400,385200000.0,1.16,1.87,332.15,332.15,4.13,3.38,1.01
航发科技,sh600391,41.66,41.89,41.95,15885100.0,41.66,6600,41.67,500,-0.55,44.46,41.32,15885100,679340000.0,4.81,7.5,137.53,137.53,46.08,37.7,0.61
方正电机,sz002196,15.36,13.96,13.96,106424500.0,15.36,8812400,0.0,0,10.03,15.36,13.93,106424500,1600250000.0,21.79,10.24,75.02,76.17,15.36,12.56,2.72
金沃股份,sz300984,70.01,67.91,68.5,3834200.0,70.0,200,70.01,100,3.09,71.71,67.67,3834200,268050000.0,4.33,5.95,62.02,86.45,81.49,54.33,0.97
佳华科技,sh688051,46.07,46.68,46.2,148887500.0,46.07,2600,46.23,38300,-1.31,48.47,45.5,148887500,69610000.0,1.93,6.36,35.63,35.63,56.02,37.34,0.59
百利电气,sh600468,7.45,7.6,7.59,33416200.0,7.45,282900,7.46,77100,-1.97,7.64,7.4,33416200,249790000.0,3.07,3.16,81.04,81.04,8.36,6.84,0.81
香江控股,sh600162,1.83,1.84,1.84,34400900.0,1.82,334200,1.83,326000,-0.54,1.86,1.8,34400900,62870000.0,1.05,3.26,59.81,59.81,2.02,1.66,0.86
骏创科技,bj920533,26.61,25.43,25.61,6108000.0,26.6,11200,26.61,200,4.64,27.38,25.36,6108000,162021000.0,8.35,7.94,19.46,34.79,33.05,17.81,1.06
海联金汇,sz002537,7.18,7.18,7.19,25550800.0,7.18,98900,7.19,118300,0.0,7.37,7.13,25550800,184030000.0,2.19,3.34,83.95,84.29,7.9,6.46,0.96
兴源环境,sz300266,2.09,2.1,2.1,21500600.0,2.09,900,2.1,911600,-0.48,2.13,2.06,21500600,45100000.0,1.38,3.33,32.46,32.47,2.52,1.68,0.64
精艺股份,sz002295,11.39,11.7,11.74,4758400.0,11.39,9000,11.4,17500,-2.65,11.75,11.28,4758400,54630000.0,1.9,4.02,28.52,28.55,12.87,10.53,0.59
众望布艺,sh605003,27.9,28.13,27.94,1088400.0,27.83,1200,27.9,300,-0.82,28.36,27.7,1088400,30450000.0,0.99,2.35,30.69,30.69,30.94,25.32,0.64
国新健康,sz000503,7.7,7.78,7.68,15343000.0,7.7,17600,7.71,4300,-1.03,7.97,7.67,15343000,119170000.0,1.57,3.86,75.4,75.4,8.56,7.0,0.92
全 聚 德,sz002186,10.26,10.44,10.55,5393100.0,10.25,11100,10.26,16200,-1.72,10.56,10.2,5393100,55660000.0,1.76,3.45,31.48,31.49,11.48,9.4,0.9
麦迪科技,sh603990,16.56,16.21,16.22,21320800.0,16.55,62500,16.56,215100,2.16,16.75,16.08,21320800,350450000.0,6.96,4.13,50.72,50.72,17.83,14.59,1.32
天顺股份,sz002800,17.45,17.51,17.7,6929800.0,17.44,1600,17.45,1900,-0.34,18.72,17.37,6929800,125140000.0,4.69,7.71,25.8,26.57,19.26,15.76,1.11
华峰化学,sz002064,11.48,11.34,11.5,63094300.0,11.47,19900,11.48,13800,1.23,11.85,11.23,63094300,727350000.0,1.27,5.47,568.49,569.7,12.47,10.21,1.38
万隆光电,sz300710,34.08,34.4,34.6,5878400.0,34.08,200,34.09,1000,-0.93,35.88,33.76,5878400,202510000.0,7.88,6.16,25.42,33.91,41.28,27.52,1.13
*ST亚太,sz000691,8.74,8.48,8.48,9568500.0,8.72,33300,8.74,15100,3.07,8.85,8.41,9568500,83350000.0,2.96,5.19,28.25,42.38,8.9,8.06,1.28
首都在线,sz300846,31.37,31.97,32.1,43895500.0,31.36,5700,31.37,1100,-1.88,32.88,30.9,43895500,1388580000.0,11.2,6.19,122.97,157.76,38.36,25.58,0.88
大禹生物,bj920970,6.81,7.07,7.03,3105300.0,6.81,7900,6.82,13500,-3.68,7.04,6.7,3105300,21323900.0,4.43,4.81,4.77,7.55,9.19,4.95,1.17
澄天伟业,sz300689,59.25,56.56,56.6,4768000.0,59.25,7600,59.26,3400,4.76,61.87,56.6,4768000,284130000.0,4.71,9.32,59.95,68.49,67.87,45.25,1.59
北辰实业,sh601588,1.96,1.98,1.98,64621700.0,1.96,26600,1.97,454200,-1.01,1.99,1.92,64621700,126360000.0,2.43,3.54,52.14,65.99,2.18,1.78,0.92
天龙股份,sh603266,20.58,20.11,20.12,4836800.0,20.58,900,20.6,4800,2.34,20.94,20.05,4836800,99810000.0,2.43,4.43,40.93,40.93,22.12,18.1,1.38
金陵饭店,sh601007,7.28,7.35,7.35,5895100.0,7.28,22100,7.29,3900,-0.95,7.38,7.25,5895100,43100000.0,1.51,1.77,28.39,28.39,8.09,6.62,0.63
金石亚药,sz300434,11.5,11.33,11.33,14543200.0,11.5,5900,11.51,5400,1.5,11.66,11.28,14543200,167240000.0,4.25,3.35,39.34,46.2,13.6,9.06,0.78
跨境通,sz002640,4.32,4.51,4.38,225659000.0,4.32,629600,4.33,519800,-4.21,4.54,4.29,225659000,987060000.0,14.57,5.54,66.88,67.31,4.96,4.06,0.74
瑞奇智造,bj920781,7.25,7.25,7.23,1430000.0,7.23,5000,7.25,7100,0.0,7.38,7.17,1430000,10379000.0,1.4,2.9,7.4,11.21,9.42,5.08,0.79
东信和平,sz002017,18.63,19.16,19.19,13100300.0,18.62,19100,18.63,7400,-2.77,19.28,18.48,13100300,246710000.0,2.26,4.18,108.07,108.13,21.08,17.24,1.08
科润智控,bj920062,10.61,10.81,10.76,4723700.0,10.6,9700,10.61,2000,-1.85,10.93,10.52,4723700,50496000.0,3.56,3.79,14.1,20.02,14.05,7.57,0.77
瑞贝卡,sh600439,2.58,2.6,2.6,15829500.0,2.57,26900,2.58,276200,-0.77,2.62,2.56,15829500,41020000.0,1.4,2.31,29.21,29.21,2.86,2.34,0.69
*ST天箭,sz002977,29.97,30.49,30.1,2608100.0,29.93,400,29.97,13600,-1.71,30.48,29.3,2608100,77850000.0,3.91,3.87,19.97,36.0,32.01,28.97,0.96
金陵体育,sz300651,34.29,31.36,32.0,28431600.0,34.29,95100,34.3,25900,9.34,35.7,31.69,28431600,951500000.0,27.5,12.79,35.45,48.42,37.63,25.09,1.76
森鹰窗业,sz301227,33.76,36.15,35.9,2927700.0,33.74,400,33.76,800,-6.61,35.9,33.22,2927700,99260000.0,5.41,7.41,18.27,32.15,43.38,28.92,1.08
*ST赛隆,sz002898,8.3,8.3,0.0,0.0,0.0,0,0.0,0,0.0,0.0,0.0,0,0.0,0.0,0.0,8.4,14.61,8.72,7.89,0.0
中天科技,sh600522,40.99,44.1,44.38,365149200.0,40.98,538800,40.99,5200,-7.05,44.9,40.11,365149200,15238470000.0,10.7,10.86,1398.97,1398.97,48.51,39.69,1.01
迅游科技,sz300467,39.19,38.98,39.0,7512900.0,39.19,7700,39.2,500,0.54,40.5,38.6,7512900,297030000.0,4.41,4.87,66.71,79.64,46.78,31.18,0.94
建设机械,sh600984,5.03,4.89,4.9,141089000.0,5.02,290800,5.03,127900,2.86,5.38,4.76,141089000,722820000.0,11.22,12.68,63.23,63.23,5.38,4.4,2.26
许昌智能,bj920496,8.71,8.85,8.85,2505400.0,8.7,5000,8.71,1900,-1.58,8.94,8.62,2505400,21929600.0,1.73,3.62,12.63,14.42,11.5,6.2,0.74
嘉诚国际,sh603535,8.37,8.72,8.64,13201800.0,8.37,41600,8.38,6100,-4.01,8.64,8.31,13201800,111730000.0,2.58,3.78,42.76,42.76,9.59,7.85,1.07
汇成股份,sh688403,19.31,19.18,19.5,6985438100.0,19.3,230100,19.31,148500,0.68,19.85,18.57,6985438100,1344500000.0,7.05,6.67,191.35,191.35,23.02,15.34,0.96
金信诺,sz300252,16.18,16.55,16.7,55743800.0,16.18,117700,16.19,25400,-2.24,17.05,16.03,55743800,914040000.0,9.98,6.16,90.41,107.14,19.86,13.24,0.88
新国都,sz300130,21.9,22.27,22.4,8415700.0,21.89,3200,21.9,600,-1.66,22.62,21.8,8415700,186420000.0,1.94,3.68,95.08,124.24,26.72,17.82,1.01
科信技术,sz300565,15.6,15.15,15.77,61148900.0,15.6,132400,15.61,3900,2.97,16.15,15.2,61148900,954120000.0,26.8,6.27,35.6,38.95,18.18,12.12,2.06
云中马,sh603130,47.67,48.19,48.33,2110800.0,47.63,600,47.67,300,-1.08,49.37,47.2,2110800,101700000.0,1.53,4.5,65.55,65.55,53.01,43.37,0.85
晨光电缆,bj920639,7.92,8.15,8.01,5160600.0,7.92,13800,7.93,2000,-2.82,8.18,7.9,5160600,41410700.0,4.35,3.44,9.41,15.97,10.59,5.71,0.8
上工申贝,sh600843,8.71,8.73,8.73,7345800.0,8.7,19500,8.71,3600,-0.23,8.86,8.64,7345800,64280000.0,1.57,2.52,40.87,62.12,9.6,7.86,0.69
济高发展,sh600807,2.97,3.01,3.01,22768300.0,2.97,180100,2.98,32300,-1.33,3.04,2.94,22768300,68200000.0,2.89,3.32,23.37,26.27,3.31,2.71,1.19
康比特,bj920429,12.68,13.55,13.13,4591700.0,12.68,6600,12.7,4500,-6.42,13.35,12.62,4591700,59639200.0,4.05,5.39,14.39,15.78,17.61,9.49,2.05
西部牧业,sz300106,13.66,13.57,13.64,12574900.0,13.65,8100,13.66,1000,0.66,13.99,13.39,12574900,171950000.0,5.95,4.42,28.87,28.87,16.28,10.86,0.6
友阿股份,sz002277,6.54,6.74,6.61,78850600.0,6.54,11700,6.55,110000,-2.97,6.7,6.43,78850600,516910000.0,5.66,4.01,91.18,91.18,7.41,6.07,2.5
中国铀业,sz001280,78.37,80.85,80.1,11832900.0,78.37,4900,78.38,31700,-3.07,80.37,77.89,11832900,931700000.0,7.49,3.07,123.89,1620.83,88.94,72.77,0.89
祥源文旅,sh600576,5.77,5.68,5.68,10524300.0,5.77,34900,5.78,94700,1.58,5.8,5.65,10524300,60360000.0,1.59,2.64,38.1,60.85,6.25,5.11,0.67
常辅股份,bj920396,28.78,29.38,29.0,1750600.0,28.78,4400,28.85,2100,-2.04,29.67,28.69,1750600,50975100.0,3.41,3.34,14.77,20.79,38.19,20.57,0.92
技源集团,sh603262,26.16,25.89,25.89,1133100.0,26.16,1700,26.17,500,1.04,26.37,25.8,1133100,29520000.0,2.83,2.2,10.47,104.64,28.48,23.3,1.06
长白山,sh603099,37.66,37.5,37.5,5901800.0,37.65,17800,37.66,1500,0.43,38.35,37.29,5901800,223730000.0,2.17,2.83,102.57,102.57,41.25,33.75,0.82
优机股份,bj920943,17.17,17.1,17.3,751500.0,17.17,100,17.2,900,0.41,17.6,16.99,751500,12922200.0,1.45,3.57,8.9,17.43,22.23,11.97,0.69
全信股份,sz300447,19.03,19.49,19.49,8421300.0,19.03,17000,19.04,8100,-2.36,19.64,18.9,8421300,161990000.0,4.18,3.8,38.34,59.43,23.39,15.59,0.68
大地海洋,sz301068,33.58,34.3,34.31,903700.0,33.58,800,33.59,300,-2.1,34.78,33.33,903700,30620000.0,0.9,4.23,33.69,47.45,41.16,27.44,0.62
恒逸石化,sz000703,14.84,14.84,14.88,38216100.0,14.84,13800,14.85,19400,0.0,15.24,14.65,38216100,569950000.0,1.01,3.98,564.2,567.05,16.32,13.36,0.57
华是科技,sz301218,33.88,32.9,32.76,4697800.0,33.88,3600,33.89,3200,2.98,34.58,32.07,4697800,156120000.0,6.7,7.63,23.74,38.64,39.48,26.32,1.15
美硕科技,sz301295,50.62,49.7,49.62,2803200.0,50.61,300,50.62,6600,1.85,55.88,48.04,2803200,141030000.0,9.53,15.77,14.88,51.02,59.64,39.76,1.19
拉卡拉,sz300773,26.6,27.28,27.67,42234200.0,26.59,11800,26.6,82700,-2.49,27.8,26.36,42234200,1140750000.0,5.75,5.28,195.39,206.59,32.74,21.82,0.9
*ST云创,bj920305,3.57,3.57,0.0,0.0,0.0,0,0.0,0,0.0,0.0,0.0,0,0.0,0.0,0.0,2.9,4.73,4.64,2.5,0.0
新晨科技,sz300542,15.82,15.79,15.81,3624100.0,15.81,29700,15.82,15100,0.19,16.15,15.69,3624100,57620000.0,1.46,2.91,39.17,47.23,18.95,12.63,0.6
云南旅游,sz002059,4.58,4.63,4.62,8773300.0,4.57,58400,4.58,218600,-1.08,4.63,4.55,8773300,40230000.0,0.89,1.73,45.02,46.37,5.09,4.17,1.09
南 京 港,sz002040,10.4,10.73,10.68,19744600.0,10.4,3100,10.41,34600,-3.08,10.85,10.31,19744600,207110000.0,4.06,5.03,50.55,50.75,11.8,9.66,0.83
科蓝软件,sz300663,9.0,8.88,8.99,35496700.0,9.0,325500,9.01,4500,1.35,9.46,8.98,35496700,325850000.0,7.72,5.41,41.37,43.06,10.66,7.1,0.89
ST葫芦娃,sh605199,6.38,6.46,6.42,1643900.0,6.38,11100,6.39,33000,-1.24,6.42,6.3,1643900,10450000.0,0.41,1.86,25.53,25.53,6.78,6.14,0.76
迪尔化工,bj920304,11.27,11.4,11.42,1162900.0,11.27,4200,11.28,9600,-1.14,11.49,11.22,1162900,13171099.999999998,0.85,2.37,15.38,19.11,14.82,7.98,0.79
德昌股份,sh605555,16.35,15.58,15.63,15916000.0,16.35,400,16.36,9500,4.94,16.98,15.55,15916000,261150000.0,3.29,9.18,79.15,79.15,17.14,14.02,1.69
海川智能,sz300720,68.72,67.9,68.95,16273300.0,68.65,100,68.72,500,1.21,73.0,67.31,16273300,1143780000.0,8.84,8.38,126.54,133.92,81.48,54.32,0.78
数字人,bj920670,15.52,15.94,15.92,3179500.0,15.5,5000,15.52,3600,-2.63,16.0,15.46,3179500,49866000.0,4.77,3.39,10.34,16.48,20.72,11.16,0.71
绿康生化,sz002868,36.34,38.6,38.29,3808900.0,36.34,1300,36.35,400,-5.85,38.29,35.02,3808900,140630000.0,3.56,8.47,38.88,56.48,42.46,34.74,1.31
森远股份,sz300210,11.25,12.02,11.9,54331800.0,11.24,9700,11.25,154500,-6.41,12.12,11.12,54331800,624130000.0,11.22,8.32,54.47,54.47,14.42,9.62,1.1
殷图网联,bj920508,18.94,19.2,19.29,518300.0,18.91,3300,18.94,0,-1.35,19.59,18.9,518300,9945800.0,1.62,3.59,6.04,11.36,24.96,13.44,0.76
新奥股份,sh600803,20.87,21.08,21.0,7348400.0,20.87,1000,20.89,11800,-1.0,21.19,20.78,7348400,153920000.0,0.24,1.94,641.07,646.09,23.19,18.97,0.82
云里物里,bj920374,19.7,19.63,19.76,772200.0,19.69,1800,19.7,300,0.36,20.17,19.4,772200,15289700.0,2.26,3.92,6.72,16.06,25.51,13.75,1.05
创源股份,sz300703,18.05,17.8,17.9,5544100.0,18.05,173000,18.06,7300,1.4,18.18,17.69,5544100,99430000.0,3.33,2.75,30.01,32.56,21.36,14.24,0.7
景兴纸业,sz002067,4.85,4.75,4.75,44061600.0,4.84,307900,4.85,538100,2.11,4.95,4.75,44061600,213890000.0,3.29,4.21,64.87,71.53,5.23,4.28,1.27
泰尔股份,sz002347,8.44,8.2,8.17,26173000.0,8.43,34600,8.44,58500,2.93,8.6,8.14,26173000,220470000.0,5.3,5.61,41.64,42.6,9.02,7.38,1.39
百大集团,sh600865,10.99,11.25,11.2,8223500.0,10.98,2400,10.99,2400,-2.31,11.24,10.93,8223500,90960000.0,2.19,2.76,41.35,41.35,12.38,10.13,1.11
马可波罗,sz001386,18.6,18.72,18.82,5834200.0,18.6,17500,18.61,100,-0.64,19.12,18.42,5834200,108890000.0,5.42,3.74,20.0,222.26,20.59,16.85,0.77
雷科防务,sz002413,12.65,12.73,12.68,61344000.0,12.65,392100,12.66,128300,-0.63,12.84,12.48,61344000,774620000.0,4.74,2.83,163.87,166.9,14.0,11.46,0.52
路德科技,sh688156,26.21,26.94,26.75,377280800.0,26.2,3300,26.21,6500,-2.71,27.5,26.0,377280800,100240000.0,3.75,5.57,26.4,26.4,32.33,21.55,1.07
路畅科技,sz002813,24.98,25.11,25.08,3896200.0,24.98,57800,24.99,200,-0.52,25.48,24.22,3896200,96680000.0,3.25,5.02,29.94,29.98,27.62,22.6,1.12
ST同德,sz002360,6.04,6.09,6.1,10823100.0,6.03,72300,6.04,37500,-0.82,6.14,6.0,10823100,65630000.0,3.32,2.3,19.66,24.27,6.39,5.79,0.6
华尔泰,sz001217,11.65,11.56,11.65,6761700.0,11.65,5400,11.66,3800,0.78,11.91,11.6,6761700,79570000.0,2.06,2.68,38.23,38.66,12.72,10.4,1.56
路斯股份,bj920419,12.7,12.8,12.8,863600.0,12.7,100,12.71,3900,-0.78,12.94,12.5,863600,10933699.999999998,0.89,3.44,12.28,13.12,16.64,8.96,1.24
晶雪节能,sz301010,22.58,22.88,22.82,2764300.0,22.58,2200,22.6,800,-1.31,23.06,22.33,2764300,62660000.0,2.56,3.19,24.39,24.39,27.46,18.3,1.04
海航科技,sh600751,3.63,3.76,3.76,68795900.0,3.62,604200,3.63,81700,-3.46,3.78,3.59,68795900,251150000.0,2.67,5.05,93.41,105.25,4.14,3.38,1.06
申达股份,sh600626,3.99,3.78,3.8,36139800.0,3.99,1500,4.0,170700,5.56,4.09,3.74,36139800,143260000.0,3.26,9.26,44.21,52.7,4.16,3.4,1.97
三丰智能,sz300276,8.42,7.02,7.05,117697500.0,8.42,12455800,0.0,0,19.94,8.42,7.04,117697500,944110000.0,11.13,19.66,89.01,117.97,8.42,5.62,3.61
中天精装,sz002989,32.43,32.32,32.31,9843400.0,32.42,500,32.43,11500,0.34,33.73,31.96,9843400,322570000.0,5.37,5.48,59.46,65.38,35.55,29.09,0.72
御银股份,sz002177,7.95,7.96,7.85,71490500.0,7.95,165100,7.96,239700,-0.13,8.14,7.75,71490500,570800000.0,10.59,4.9,53.66,60.51,8.76,7.16,1.21
铂力特,sh688333,88.68,92.5,92.92,1348178000.0,88.66,200,88.68,400,-4.13,93.85,87.3,1348178000,1207290000.0,4.91,7.08,243.27,243.27,111.0,74.0,0.99
ST新华锦,sh600735,6.65,6.7,6.61,13926200.0,6.65,53800,6.66,49800,-0.75,6.87,6.57,13926200,93250000.0,3.27,4.48,28.29,28.51,7.04,6.37,0.64
长城电工,sh600192,8.82,9.19,9.07,17846400.0,8.82,23900,8.83,8000,-4.03,9.19,8.77,17846400,159580000.0,4.04,4.57,38.96,38.96,10.11,8.27,0.91
*ST天龙,sz300029,2.77,2.77,0.0,0.0,0.0,0,0.0,0,0.0,0.0,0.0,0,0.0,0.0,0.0,5.55,5.55,3.32,2.22,0.0
巨轮智能,sz002031,8.4,7.64,7.33,484188500.0,8.4,32132600,0.0,0,9.95,8.4,7.25,484188500,3874960000.0,25.3,15.05,160.74,184.75,8.4,6.88,1.57
仁度生物,sh688193,55.01,58.16,60.0,271261000.0,55.01,300,55.2,500,-5.42,60.0,54.13,271261000,154230000.0,6.77,10.09,22.04,22.04,69.79,46.53,1.96
帝科股份,sz300842,91.43,93.35,93.35,9884200.0,91.42,400,91.43,100,-2.06,94.3,89.0,9884200,898430000.0,7.65,5.68,118.06,132.83,112.02,74.68,1.1
骏亚科技,sh603386,16.92,15.38,15.38,22247400.0,16.92,7084200,0.0,0,10.01,16.92,15.34,22247400,368900000.0,6.82,10.27,55.21,55.21,16.92,13.84,1.05
百洋股份,sz002696,6.54,6.52,6.55,7369600.0,6.53,41600,6.54,9500,0.31,6.6,6.45,7369600,48110000.0,2.2,2.3,21.86,22.61,7.17,5.87,0.89
凤凰航运,sz000520,3.99,4.02,4.02,16744400.0,3.98,3400,3.99,80300,-0.75,4.06,3.94,16744400,66750000.0,1.65,2.99,40.38,40.38,4.42,3.62,0.82
太湖雪,bj920262,16.38,16.61,16.75,734100.0,16.38,7600,16.4,3800,-1.38,16.75,16.16,734100,12025800.0,1.96,3.55,6.13,13.59,21.59,11.63,1.08
七丰精工,bj920169,27.53,28.33,28.56,1476200.0,27.53,2600,27.55,3800,-2.82,28.58,27.51,1476200,41309300.0,2.91,3.78,13.99,22.24,36.82,19.84,0.51
中科星图,sh688568,56.2,58.27,58.29,1997733400.0,56.2,27100,56.22,1000,-3.55,58.4,55.62,1997733400,1130970000.0,2.47,4.77,454.14,454.14,69.92,46.62,0.81
一品红,sz300723,40.09,40.08,40.0,11727800.0,40.09,4400,40.1,63200,0.02,41.24,39.64,11727800,472690000.0,2.8,3.99,168.05,181.08,48.1,32.06,0.6
盖世食品,bj920826,9.91,10.24,10.24,2588700.0,9.91,17800,9.93,4200,-3.22,10.24,9.86,2588700,25887000.0,4.14,3.71,6.19,13.93,13.31,7.17,1.4
坤恒顺维,sh688283,46.73,45.34,45.38,262447200.0,46.7,900,46.73,9300,3.07,48.0,44.24,262447200,121450000.0,2.15,8.29,56.92,56.92,54.41,36.27,0.83
美之高,bj920765,16.2,16.76,16.7,3604600.0,16.16,3400,16.2,16900,-3.34,16.75,16.09,3604600,59012100.0,6.83,3.94,8.55,14.08,21.78,11.74,1.14
天奥电子,sz002935,20.68,20.6,20.71,8419000.0,20.67,6600,20.68,6700,0.39,21.13,20.54,8419000,175100000.0,2.03,2.86,85.84,87.7,22.66,18.54,0.57
美凯龙,sh601828,2.66,2.7,2.68,48245900.0,2.65,139000,2.66,234200,-1.48,2.71,2.64,48245900,129280000.0,1.34,2.59,96.09,115.81,2.97,2.43,0.95
龙溪股份,sh600592,19.94,19.0,18.99,21080700.0,19.94,41600,19.95,8100,4.95,20.58,18.98,21080700,421920000.0,5.28,8.42,79.67,79.67,20.9,17.1,1.81
风范股份,sh601700,5.56,5.6,5.58,19337900.0,5.56,21700,5.57,78600,-0.71,5.65,5.5,19337900,107600000.0,1.7,2.68,63.31,63.31,6.16,5.04,0.73
百亚股份,sz003006,16.33,17.15,17.12,9978300.0,16.33,27200,16.34,2500,-4.78,17.2,16.12,9978300,165010000.0,2.33,6.3,69.99,70.16,18.87,15.44,1.6
积成电子,sz002339,9.67,9.94,9.96,23842200.0,9.67,29800,9.68,8300,-2.72,10.05,9.58,23842200,231880000.0,4.98,4.73,46.29,48.75,10.93,8.95,0.92
松井股份,sh688157,34.15,34.16,34.25,174132600.0,34.15,2800,34.21,2300,-0.03,34.52,33.41,174132600,59210000.0,1.11,3.25,53.42,53.42,40.99,27.33,0.78
烽火通信,sh600498,54.29,59.17,59.16,133725800.0,54.29,451100,54.3,558800,-8.25,59.88,53.59,133725800,7428380000.0,10.52,10.63,690.36,737.35,65.09,53.25,0.95
天罡股份,bj920651,26.1,26.2,26.2,600400.0,26.07,1100,26.1,100,-0.38,26.64,25.95,600400,15778400.0,1.45,2.63,10.82,15.92,34.06,18.34,0.66
ST易联众,sz300096,9.24,9.29,9.29,4642700.0,9.24,62400,9.25,32600,-0.54,9.43,9.12,4642700,43100000.0,1.08,3.34,39.73,39.73,11.15,7.43,0.64
电科芯片,sh600877,16.24,16.62,16.62,26843700.0,16.24,199000,16.25,35900,-2.29,17.05,16.12,26843700,442950000.0,2.27,5.6,192.29,192.29,18.28,14.96,0.96
达利凯普,sz301566,26.61,27.14,27.35,17985900.0,26.61,14300,26.62,68200,-1.95,27.86,26.36,17985900,483780000.0,8.52,5.53,56.17,106.44,32.57,21.71,0.86
中马传动,sh603767,21.64,19.67,19.51,14615800.0,21.64,3342100,0.0,0,10.02,21.64,19.5,14615800,308450000.0,4.74,10.88,66.79,66.79,21.64,17.7,1.54
华依科技,sh688071,38.32,36.69,36.77,639393500.0,38.23,300,38.32,500,4.44,39.6,36.5,639393500,245330000.0,7.54,8.45,32.49,32.49,44.03,29.35,2.43
好太太,sh603848,16.28,16.17,16.25,3262500.0,16.28,7600,16.29,700,0.68,16.53,16.08,3262500,53100000.0,0.81,2.78,65.51,65.51,17.79,14.55,0.51
金龙汽车,sh600686,14.58,14.58,14.58,15636900.0,14.58,267800,14.59,16800,0.0,14.69,14.35,15636900,226930000.0,2.18,2.33,104.55,104.55,16.04,13.12,0.65
ST棕榈,sz002431,1.61,1.69,1.65,51032900.0,0.0,0,1.61,1107200,-4.73,1.67,1.61,51032900,82720000.0,2.83,3.55,29.02,29.02,1.77,1.61,0.96
泰祥股份,sz301192,27.21,26.75,26.76,2497600.0,27.21,300,27.22,16600,1.72,27.65,26.63,2497600,67750000.0,5.22,3.81,13.03,27.18,32.1,21.4,1.57
嘉和美康,sh688246,23.87,23.6,23.75,517430300.0,23.86,1200,23.87,1800,1.14,24.82,23.44,517430300,125200000.0,3.76,5.85,32.84,32.84,28.32,18.88,1.06
瑞斯康达,sh603803,16.31,16.76,16.7,43603000.0,16.31,29000,16.32,4400,-2.68,17.44,16.16,43603000,721130000.0,10.26,7.64,69.3,69.3,18.44,15.08,0.68
勘设股份,sh603458,13.36,13.4,13.4,19676500.0,13.36,2600,13.37,38700,-0.3,13.65,13.12,19676500,262520000.0,6.43,3.96,40.9,40.9,14.74,12.06,1.1
汇金股份,sz300368,11.68,11.84,11.92,24619400.0,11.67,6400,11.68,26600,-1.35,11.99,11.52,24619400,288240000.0,4.65,3.97,61.78,61.78,14.21,9.47,0.5
司南导航,sh688592,45.0,45.09,45.0,146660200.0,44.8,100,45.0,4100,-0.2,45.49,44.01,146660200,65780000.0,3.81,3.28,17.33,36.21,54.11,36.07,0.95
中嘉博创,sz000889,5.15,5.32,5.25,138206000.0,5.14,356900,5.15,789500,-3.2,5.39,5.03,138206000,714660000.0,15.89,6.77,44.8,48.22,5.85,4.79,0.72
初灵信息,sz300250,19.37,19.66,19.67,5875500.0,19.37,5100,19.38,5500,-1.48,20.06,19.32,5875500,115470000.0,3.73,3.76,30.49,41.4,23.59,15.73,0.64
中体产业,sh600158,14.58,13.92,13.88,146214800.0,14.58,234900,14.59,1053300,4.74,14.89,13.81,146214800,2123850000.0,15.24,7.76,139.9,139.9,15.31,12.53,1.35
汇嘉时代,sh603101,8.18,8.18,8.18,13558000.0,8.17,153400,8.18,4700,0.0,8.29,8.12,13558000,111120000.0,2.88,2.08,38.48,38.48,9.0,7.36,0.59
森麒麟,sz002984,15.65,15.96,15.95,17917900.0,15.64,24400,15.65,15200,-1.94,16.06,15.61,17917900,282830000.0,2.51,2.82,111.73,162.18,17.56,14.36,1.11
楚天龙,sz003040,14.43,14.5,14.56,6976100.0,14.42,13000,14.43,21100,-0.48,14.76,14.27,6976100,100830000.0,1.53,3.38,65.92,66.54,15.95,13.05,1.17
华贸物流,sh603128,5.6,5.69,5.72,14015900.0,5.59,25200,5.6,4500,-1.58,5.74,5.57,14015900,79200000.0,1.07,2.99,73.31,73.31,6.26,5.12,1.25
丽人丽妆,sh605136,10.61,10.58,10.65,9215600.0,10.61,1600,10.62,30400,0.28,10.98,10.5,9215600,98910000.0,2.3,4.54,42.49,42.49,11.64,9.52,1.25
*ST华闻,sz000793,2.78,2.77,2.72,39113200.0,2.77,72000,2.78,222700,0.36,2.83,2.69,39113200,107350000.0,1.99,5.05,54.52,55.52,2.91,2.63,1.2
供销大集,sz000564,1.65,1.69,1.7,213538800.0,1.65,8709100,1.66,9464100,-2.37,1.7,1.64,213538800,355400000.0,1.41,3.55,249.07,297.96,1.86,1.52,0.89
云星宇,bj920806,11.49,11.65,11.7,1845900.0,11.49,8800,11.53,3600,-1.37,11.82,11.48,1845900,21438900.0,0.61,2.92,34.55,34.55,15.14,8.16,0.77
ST达华,sz002512,4.82,5.07,4.98,63881200.0,0.0,0,4.82,1252700,-4.93,5.1,4.82,63881200,315440000.0,5.84,5.52,52.75,53.14,5.32,4.82,0.85
荣科科技,sz300290,15.56,15.32,15.33,22242300.0,15.56,36200,15.57,10600,1.57,15.97,15.33,22242300,348840000.0,3.48,4.18,99.51,99.54,18.38,12.26,0.81
电子城,sh600658,5.31,5.38,5.43,28903400.0,5.3,161300,5.31,28200,-1.3,5.49,5.29,28903400,155230000.0,2.58,3.72,59.4,59.4,5.92,4.84,0.74
安泰集团,sh600408,3.15,3.19,3.19,28295400.0,3.15,531600,3.16,44300,-1.25,3.21,3.14,28295400,89570000.0,2.81,2.19,31.71,31.71,3.51,2.87,0.84
中亚股份,sz300512,9.16,9.2,9.26,3895400.0,9.16,2100,9.17,500,-0.43,9.33,9.12,3895400,35830000.0,1.2,2.28,29.67,37.49,11.04,7.36,1.11
中洲特材,sz300963,17.43,17.69,17.48,18410600.0,17.43,82800,17.44,16900,-1.47,17.94,17.3,18410600,324480000.0,5.41,3.62,59.37,79.94,21.23,14.15,1.36
珠海中富,sz000659,4.16,4.1,4.12,33482500.0,4.16,263800,4.17,116800,1.46,4.26,4.07,33482500,139110000.0,2.6,4.63,53.49,53.49,4.51,3.69,0.54
智莱科技,sz300771,13.85,13.88,13.93,5709900.0,13.85,14300,13.86,4500,-0.22,14.0,13.72,5709900,79120000.0,3.2,2.02,24.73,33.24,16.66,11.1,0.7
安必平,sh688393,24.4,24.38,24.22,177153100.0,24.37,3200,24.4,23900,0.08,25.36,24.2,177153100,43950000.0,1.89,4.76,22.83,22.83,29.26,19.5,1.31
乾照光电,sz300102,28.39,30.27,30.03,61312400.0,28.39,51300,28.4,71000,-6.21,30.4,28.28,61312400,1766540000.0,6.69,7.0,260.03,261.28,36.32,24.22,0.94
科强股份,bj920665,12.06,11.13,11.91,10022200.0,12.05,15400,12.06,27200,8.36,13.33,11.87,10022200,126259000.0,15.64,13.12,7.73,15.68,14.46,7.8,5.2
长盈通,sh688143,108.2,91.6,94.0,3196565100.0,108.2,62500,108.25,2700,18.12,109.92,94.0,3196565100,3405590000.0,26.12,17.38,132.41,139.34,109.92,73.28,2.06
ST海龙,sz000677,2.54,2.67,2.54,6908600.0,0.0,0,2.54,51107300,-4.87,2.54,2.54,6908600,17550000.0,0.8,0.0,21.95,21.95,2.8,2.54,7.42
ST复华,sh600624,4.67,4.69,4.67,5437800.0,4.67,52000,4.68,73900,-0.43,4.76,4.64,5437800,25490000.0,0.8,2.56,31.73,31.73,4.92,4.46,0.53
百甲科技,bj920057,6.05,6.07,6.05,852700.0,6.03,1400,6.05,1800,-0.33,6.15,5.99,852700,5165100.0,0.74,2.64,6.96,10.97,7.89,4.25,0.66
*ST西旅,sz000610,7.69,7.71,7.65,5054200.0,7.68,4200,7.69,158200,-0.26,7.75,7.62,5054200,38820000.0,2.15,1.69,18.11,18.21,8.1,7.32,0.54
创维数字,sz000810,12.3,12.4,12.42,12856000.0,12.29,84400,12.3,11400,-0.81,12.57,12.21,12856000,159360000.0,1.16,2.9,136.6,141.47,13.64,11.16,0.91
雄帝科技,sz300546,21.15,21.26,21.26,5763500.0,21.15,66800,21.16,1600,-0.52,21.89,20.95,5763500,122790000.0,4.3,4.42,28.32,39.47,25.51,17.01,0.57
天力复合,bj920576,70.55,71.67,72.0,1745600.0,70.55,8200,70.58,200,-1.56,73.31,70.24,1745600,124725800.0,1.63,4.28,75.4,76.86,93.17,50.17,0.44
南华期货,sh603093,23.3,25.89,25.15,24067300.0,0.0,0,23.3,2487400,-10.0,25.98,23.3,24067300,581060000.0,3.95,10.35,142.15,167.23,28.48,23.3,1.18
迎丰股份,sh605055,12.87,12.53,12.21,16513900.0,12.86,18200,12.87,13200,2.71,12.98,12.2,16513900,209050000.0,3.75,6.23,56.63,56.63,13.78,11.28,0.66
万林物流,sh603117,4.94,4.91,4.9,14616200.0,4.93,77500,4.94,13500,0.61,5.08,4.84,14616200,72160000.0,2.44,4.89,29.6,29.6,5.4,4.42,0.78
福石控股,sz300071,4.74,4.73,4.73,49613800.0,4.74,141400,4.75,42900,0.21,4.92,4.7,49613800,238400000.0,5.25,4.65,44.81,45.69,5.68,3.78,1.17
胜利股份,sz000407,4.48,4.45,4.47,15900600.0,4.48,140800,4.49,164800,0.67,4.54,4.4,15900600,71110000.0,1.82,3.15,39.23,39.43,4.9,4.01,0.88
多伦科技,sh603528,7.9,7.94,7.93,10078100.0,7.9,1400,7.91,24600,-0.5,8.09,7.82,10078100,80040000.0,1.43,3.4,55.77,55.77,8.73,7.15,0.96
康农种业,bj920403,22.1,22.82,22.6,1905600.0,22.1,30500,22.15,900,-3.16,22.66,22.04,1905600,42383600.0,3.22,2.72,13.06,21.96,29.66,15.98,0.88
三协电机,bj920100,66.91,57.18,56.7,8019500.0,66.91,500,66.97,4100,17.02,73.5,55.88,8019500,522200500.0,40.98,30.81,13.09,49.39,74.33,40.03,3.41
环旭电子,sh601231,39.67,42.13,42.13,50524200.0,39.66,8200,39.67,54900,-5.84,42.36,39.01,50524200,2042270000.0,2.11,7.95,947.76,947.76,46.34,37.92,0.94
高华科技,sh688539,38.26,38.87,38.87,424656500.0,38.26,6300,38.27,700,-1.57,39.7,37.72,424656500,163540000.0,2.28,5.09,71.13,71.13,46.64,31.1,0.8
长盛轴承,sz300718,79.35,76.87,76.5,15398000.0,79.34,3800,79.35,6600,3.23,81.88,76.27,15398000,1228270000.0,7.83,7.3,156.05,237.08,92.24,61.5,1.31
合兴股份,sh605005,19.04,18.82,18.82,1981900.0,19.04,3000,19.05,8900,1.17,19.17,18.82,1981900,37680000.0,0.49,1.86,76.35,76.35,20.7,16.94,0.6
铁拓机械,bj920706,22.36,22.27,22.49,1426700.0,22.35,6500,22.36,10300,0.4,22.77,22.03,1426700,31955400.0,2.99,3.32,10.66,20.66,28.95,15.59,0.69
*ST航图,sh688066,13.23,13.83,13.85,819081300.0,13.23,31200,13.24,1000,-4.34,13.96,13.03,819081300,110260000.0,3.13,6.72,34.57,34.57,16.6,11.06,0.51
索菱股份,sz002766,4.77,4.72,4.72,18386500.0,4.77,39400,4.78,70400,1.06,4.92,4.71,18386500,88280000.0,2.15,4.45,40.87,41.21,5.19,4.25,0.9
三峡旅游,sz002627,6.8,6.94,6.98,10292800.0,6.8,27100,6.81,64900,-2.02,6.98,6.76,10292800,70330000.0,1.44,3.17,48.76,49.27,7.63,6.25,0.64
新能泰山,sz000720,5.51,5.83,5.75,162116200.0,5.51,112400,5.52,295700,-5.49,5.81,5.44,162116200,902200000.0,12.9,6.35,69.23,69.23,6.41,5.25,0.65
博菲电气,sz001255,34.74,35.23,35.3,1244200.0,34.72,1300,34.74,400,-1.39,35.57,34.7,1244200,43630000.0,1.75,2.47,24.68,30.23,38.75,31.71,0.86
森霸传感,sz300701,12.25,12.18,12.18,6975300.0,12.25,6800,12.26,3000,0.57,12.44,12.08,6975300,85660000.0,2.8,2.96,30.52,34.64,14.62,9.74,1.47
勤上股份,sz002638,4.43,4.55,4.55,54092500.0,4.42,24100,4.43,689500,-2.64,4.66,4.39,54092500,244670000.0,4.0,5.93,59.92,63.64,5.01,4.1,0.79
航天环宇,sh688523,73.72,77.4,78.0,887769300.0,73.72,2200,73.74,200,-4.75,79.2,72.7,887769300,661750000.0,9.2,8.4,71.15,299.95,92.88,61.92,0.7
飞力达,sz300240,6.59,6.66,6.65,6544800.0,6.59,62100,6.6,3600,-1.05,6.71,6.56,6544800,43450000.0,1.8,2.25,23.94,24.49,7.99,5.33,1.09
三维装备,bj920834,12.44,12.4,12.59,3043500.0,12.44,4500,12.45,49500,0.32,12.6,11.82,3043500,37434000.0,4.85,6.29,7.81,14.93,16.12,8.68,2.12
中国卫星,sh600118,95.82,100.8,99.0,71641200.0,95.82,11900,95.83,900,-4.94,100.7,95.25,71641200,6944690000.0,6.06,5.41,1133.06,1133.06,110.88,90.72,1.0
创远信科,bj920961,19.85,19.57,19.68,1845800.0,19.85,8000,19.88,1700,1.43,20.09,19.53,1845800,36496600.0,1.78,2.86,20.63,28.35,25.44,13.7,0.65
佛慈制药,sz002644,7.85,7.9,7.9,4361300.0,7.85,26500,7.86,39800,-0.63,7.95,7.79,4361300,34340000.0,0.85,2.03,40.09,40.09,8.69,7.11,0.83
朱老六,bj920726,17.3,18.38,18.18,3528600.0,17.28,4000,17.3,600,-5.88,18.37,17.2,3528600,61721899.99999999,6.31,6.37,9.67,17.59,23.89,12.87,1.58
品渥食品,sz300892,26.24,26.66,26.66,1646200.0,26.24,2200,26.3,1400,-1.58,26.85,26.13,1646200,43620000.0,2.55,2.7,16.94,26.24,31.99,21.33,0.88
乐凯胶片,sh600135,11.44,11.56,11.59,22234100.0,11.43,43000,11.44,45800,-1.04,11.65,11.12,22234100,251900000.0,4.02,4.58,63.3,63.3,12.72,10.4,0.81
九丰能源,sh605090,43.71,44.91,44.55,24437800.0,43.71,100,43.72,1500,-2.67,44.87,42.9,24437800,1067590000.0,3.47,4.39,307.95,308.56,49.4,40.42,0.71
襄阳轴承,sz000678,13.45,13.18,12.92,49759900.0,13.45,224800,13.46,40400,2.05,13.8,12.72,49759900,666580000.0,10.83,8.19,61.82,61.82,14.5,11.86,1.11
ST恒信,sz300081,4.24,4.07,4.05,21985800.0,4.23,76500,4.24,89600,4.18,4.32,4.05,21985800,92750000.0,3.64,6.63,25.64,25.64,4.88,3.26,1.53
岭南控股,sz000524,9.45,9.59,9.59,7601300.0,9.45,25300,9.46,17400,-1.46,9.61,9.39,7601300,72140000.0,1.13,2.29,63.31,63.33,10.55,8.63,0.84
柏星龙,bj920075,20.92,21.0,21.09,582100.0,20.92,4100,20.98,1000,-0.38,21.48,20.85,582100,12318500.0,1.67,3.0,7.3,13.56,27.3,14.7,0.63
浩瀚深度,sh688292,23.18,23.3,23.3,264955200.0,23.17,1500,23.18,23200,-0.52,23.85,22.95,264955200,62040000.0,1.67,3.86,36.71,36.71,27.96,18.64,0.71
盛邦安全,sh688651,41.64,42.13,42.13,172085600.0,41.63,1300,41.64,100,-1.16,42.48,41.42,172085600,71980000.0,5.3,2.52,13.51,31.4,50.56,33.7,0.92
雷电微力,sz301050,40.0,40.53,40.55,5237400.0,40.0,22900,40.03,100,-1.31,41.0,39.93,5237400,211570000.0,2.49,2.64,84.2,98.88,48.64,32.42,0.87
航天电器,sz002025,69.41,70.26,69.9,20734900.0,69.41,100,69.42,900,-1.21,71.23,67.6,20734900,1433780000.0,4.57,5.17,315.03,316.07,77.29,63.23,0.83
四创电子,sh600990,21.22,21.84,21.84,5248500.0,21.22,18400,21.24,15800,-2.84,22.06,21.07,5248500,112510000.0,1.95,4.53,57.08,57.52,24.02,19.66,1.07
盈新发展,sz000620,3.26,3.09,3.07,443923800.0,3.26,1650700,3.27,1282700,5.5,3.34,3.06,443923800,1422820000.0,9.5,9.06,152.3,191.42,3.4,2.78,1.53
*ST正平,sh603843,9.1,9.09,8.99,18862800.0,9.09,8000,9.1,15600,0.11,9.26,8.87,18862800,170760000.0,2.7,4.29,63.67,63.67,9.54,8.64,0.6
倍益康,bj920199,32.66,32.36,32.36,824700.0,32.66,100,32.69,5700,0.93,33.28,32.23,824700,27051300.0,2.17,3.24,12.39,22.24,42.06,22.66,0.73
孩子王,sz301078,8.51,8.45,8.44,28601800.0,8.5,148500,8.51,1100,0.71,8.78,8.41,28601800,246750000.0,2.26,4.38,107.51,107.62,10.14,6.76,1.28
太钢不锈,sz000825,4.09,4.17,4.15,47761200.0,4.09,143000,4.1,244600,-1.92,4.19,4.08,47761200,196830000.0,0.84,2.64,232.98,232.98,4.59,3.75,1.02
优迅股份,sh688807,382.04,405.3,404.0,180905600.0,382.04,4000,382.2,200,-5.74,414.0,371.79,180905600,697950000.0,12.03,10.41,57.44,305.63,486.36,324.24,0.87
中利集团,sz002309,4.65,5.17,5.34,708797900.0,0.0,0,4.65,747300,-10.06,5.34,4.65,708797900,3424360000.0,29.46,13.35,111.89,139.86,5.69,4.65,2.21
爱丽家居,sh603221,12.17,12.06,12.11,3316500.0,12.17,12600,12.18,42900,0.91,12.35,11.97,3316500,40210000.0,1.37,3.15,29.48,29.76,13.27,10.85,0.97
信科移动-U,sh688387,19.81,20.6,20.75,9916303700.0,19.8,26500,19.81,6000,-3.83,20.75,19.52,9916303700,1974810000.0,4.92,5.97,399.52,677.25,24.72,16.48,0.91
航宇微,sz300053,19.01,19.52,19.72,36286100.0,19.0,69700,19.01,91100,-2.61,19.97,18.8,36286100,697610000.0,5.58,5.99,123.72,132.48,23.42,15.62,0.67
*ST发展,sz000838,1.97,2.06,2.04,67438200.0,1.96,580700,1.97,196000,-4.37,2.15,1.96,67438200,137030000.0,6.4,9.22,20.76,21.68,2.16,1.96,1.22
航宇科技,sh688239,71.51,72.87,73.0,610316000.0,71.51,42000,71.67,600,-1.87,74.23,71.01,610316000,441960000.0,3.2,4.42,136.32,136.32,87.44,58.3,0.69
英利汽车,sh601279,3.81,3.79,3.79,15766000.0,3.8,135500,3.81,2400,0.53,3.87,3.73,15766000,59980000.0,0.99,3.69,60.42,60.42,4.17,3.41,1.2
宁波海运,sh600798,3.7,3.85,3.85,41709700.0,3.7,18800,3.71,166300,-3.9,3.85,3.67,41709700,155340000.0,3.46,4.68,44.64,44.64,4.24,3.47,1.31
华光源海,bj920351,16.33,17.32,17.5,2617900.0,16.33,3100,16.35,3400,-5.72,17.5,16.16,2617900,43560900.0,6.57,7.74,6.51,14.38,22.51,12.13,0.93
霍莱沃,sh688682,44.9,46.49,46.86,200425000.0,44.85,2600,44.9,400,-3.42,47.12,44.31,200425000,90550000.0,1.97,6.04,45.73,45.73,55.79,37.19,0.97
信息发展,sz300469,60.4,60.32,60.6,9460600.0,60.4,4600,60.43,2600,0.13,62.1,58.01,9460600,570060000.0,3.81,6.78,149.86,149.94,72.38,48.26,0.94
亨通股份,sh600226,5.64,5.67,5.71,124650600.0,5.64,523100,5.65,174500,-0.53,5.82,5.61,124650600,715590000.0,4.19,3.7,167.76,167.76,6.24,5.1,1.21
*ST新元,sz300472,9.43,9.23,9.23,11545000.0,9.42,3800,9.43,70500,2.17,9.79,9.2,11545000,109750000.0,4.69,6.39,23.19,25.96,11.08,7.38,1.2
*ST天喻,sz300205,5.69,5.71,5.76,3825000.0,5.69,28900,5.71,600,-0.35,5.85,5.65,3825000,21940000.0,0.89,3.5,24.47,24.47,6.85,4.57,0.78
珠江钢琴,sz002678,5.99,6.04,6.05,9257600.0,5.98,35300,5.99,31500,-0.83,6.11,5.93,9257600,55600000.0,0.68,2.98,81.32,81.36,6.64,5.44,0.8
亚联发展,sz002316,5.44,5.56,5.57,16119300.0,5.44,18400,5.45,1000,-2.16,5.61,5.35,16119300,88260000.0,4.73,4.68,18.54,21.39,6.12,5.0,1.24
*ST中迪,sz000609,14.35,15.1,15.37,28952400.0,0.0,0,14.35,162800,-4.97,15.86,14.35,28952400,438020000.0,9.95,10.0,41.77,42.94,15.86,14.35,1.18
理工光科,sz300557,37.28,37.95,37.94,3715100.0,37.28,3100,37.29,200,-1.77,38.6,36.78,3715100,139620000.0,3.11,4.8,44.51,45.06,45.54,30.36,0.59
ST亚光,sz300123,5.09,4.97,5.06,52626100.0,5.08,475600,5.09,293600,2.41,5.24,5.03,52626100,270180000.0,5.29,4.23,50.6,52.01,5.96,3.98,0.74
王府井,sh600859,11.62,11.83,11.8,13813800.0,11.62,47600,11.63,33900,-1.78,11.81,11.58,13813800,161350000.0,1.23,1.94,130.59,130.6,13.01,10.65,0.93
哈焊华通,sz301137,49.8,47.88,46.3,15339300.0,49.79,162800,49.8,20200,4.01,49.8,46.3,15339300,747880000.0,8.44,7.31,90.54,90.54,57.46,38.3,1.51
首开股份,sh600376,4.58,4.46,4.46,84190100.0,4.58,180500,4.59,77300,2.69,4.72,4.43,84190100,386620000.0,3.26,6.5,118.14,118.14,4.91,4.01,1.1
永悦科技,sh603879,5.78,5.84,5.84,9029200.0,5.77,17000,5.78,1800,-1.03,5.88,5.72,9029200,52490000.0,2.51,2.74,20.77,20.77,6.42,5.26,1.2
昂瑞微-UW,sh688790,157.08,162.62,160.0,175920600.0,157.06,200,157.08,400,-3.41,165.0,154.1,175920600,282290000.0,14.59,6.7,18.94,156.34,195.14,130.1,0.97
天润科技,bj920564,24.32,24.25,24.25,935100.0,24.32,2600,24.43,2000,0.29,24.83,24.05,935100,22828900.0,2.28,3.22,9.97,21.67,31.52,16.98,0.58
华天酒店,sz000428,3.7,3.77,3.79,17038400.0,3.69,137800,3.7,8100,-1.86,3.79,3.68,17038400,63440000.0,1.67,2.92,37.7,37.7,4.15,3.39,1.13
双飞集团,sz300817,20.88,20.34,20.36,4796700.0,20.87,2400,20.88,400,2.65,21.26,20.36,4796700,100380000.0,3.83,4.42,26.15,45.58,24.41,16.27,1.44
新乡化纤,sz000949,8.28,8.28,8.27,70763500.0,8.27,58900,8.28,52100,0.0,8.4,8.0,70763500,580590000.0,4.27,4.83,137.15,137.19,9.11,7.45,0.98
宁波东力,sz002164,14.29,13.02,13.02,65081900.0,14.29,4600,14.3,337700,9.75,14.32,13.0,65081900,913920000.0,13.57,10.14,68.56,76.05,14.32,11.72,3.27
博盈特焊,sz301468,58.36,58.8,58.91,5898800.0,58.33,1000,58.36,100,-0.75,61.45,57.86,5898800,351940000.0,7.86,6.11,43.77,75.93,70.56,47.04,0.82
航天长峰,sh600855,19.71,19.51,19.51,22270500.0,19.71,36500,19.72,13100,1.03,20.18,19.32,22270500,439620000.0,4.76,4.41,92.17,92.35,21.46,17.56,0.61
星图测控,bj920116,100.23,100.92,101.56,2283300.0,100.23,2900,100.26,100,-0.68,103.36,99.08,2283300,230563600.0,1.49,4.24,153.83,160.14,131.19,70.65,0.53
ST金顶,sh600678,6.9,7.26,6.9,5684800.0,0.0,0,6.9,34653800,-4.96,6.9,6.9,5684800,39230000.0,1.63,0.0,24.08,24.08,7.62,6.9,3.54
金时科技,sz002951,16.71,16.87,16.75,8748100.0,16.71,11400,16.72,8700,-0.95,17.13,16.53,8748100,146670000.0,2.18,3.56,67.03,67.68,18.56,15.18,0.64
佳创视讯,sz300264,9.9,9.61,9.66,27643600.0,9.89,79900,9.9,85800,3.02,10.21,9.61,27643600,274400000.0,7.46,6.24,36.67,42.65,11.53,7.69,0.88
信测标准,sz300938,60.55,59.21,59.16,16187100.0,60.52,200,60.55,3600,2.26,61.5,57.5,16187100,960770000.0,7.66,6.76,127.97,147.44,71.05,47.37,0.75
奥精医疗,sh688613,19.67,19.95,20.0,215904800.0,19.66,900,19.67,1900,-1.4,20.1,19.45,215904800,42770000.0,1.58,3.26,26.95,26.95,23.94,15.96,0.9
爱科赛博,sh688719,72.98,76.6,77.74,662539900.0,72.95,800,72.98,200,-4.73,77.74,71.92,662539900,487570000.0,7.38,7.6,65.48,84.21,91.92,61.28,1.61
北斗星通,sz002151,40.18,41.14,41.14,21804200.0,40.18,30900,40.19,1500,-2.33,41.85,39.85,21804200,881480000.0,4.92,4.86,177.92,218.14,45.25,37.03,0.79
*ST东珠,sh603359,3.2,3.37,3.31,24175000.0,0.0,0,3.2,896900,-5.04,3.33,3.2,24175000,78090000.0,5.42,3.86,14.28,14.28,3.54,3.2,0.69
通鼎互联,sz002491,22.59,24.65,24.07,197609500.0,22.59,16500,22.6,90500,-8.36,24.43,22.26,197609500,4542500000.0,16.8,8.8,265.76,277.86,27.12,22.19,1.17
元创股份,sz001325,48.68,49.4,49.31,2006400.0,48.68,10100,48.69,1000,-1.46,49.6,47.83,2006400,97690000.0,10.24,3.58,9.54,38.17,54.34,44.46,0.83
豪恩汽电,sz301488,146.14,135.5,136.21,4564000.0,146.12,100,146.14,0,7.85,154.2,136.21,4564000,665300000.0,19.49,13.28,34.21,134.45,162.6,108.4,2.84
沐曦股份-U,sh688802,715.35,740.88,730.1,239911300.0,715.35,4800,715.36,200,-3.45,745.0,701.0,239911300,1722920000.0,13.23,5.94,129.76,2862.12,889.06,592.7,0.85
长江通信,sh600345,55.09,59.0,58.51,21445100.0,55.08,6600,55.09,45700,-6.63,61.38,54.0,21445100,1224890000.0,10.14,12.51,116.55,181.58,64.9,53.1,0.94
恒宝股份,sz002104,13.59,13.88,13.88,22538600.0,13.58,75700,13.59,39600,-2.09,13.94,13.54,22538600,308540000.0,3.76,2.88,81.5,96.26,15.27,12.49,1.06
国光电气,sh688776,78.49,80.05,79.99,211762400.0,78.49,400,78.5,2100,-1.95,80.79,77.1,211762400,166530000.0,1.95,4.61,85.07,85.07,96.06,64.04,0.9
翠微股份,sh603123,11.24,11.5,11.5,17473400.0,11.24,3100,11.25,62100,-2.26,11.6,11.19,17473400,198280000.0,2.68,3.57,73.32,89.78,12.65,10.35,0.92
恒帅股份,sz300969,150.0,142.55,142.5,4061200.0,150.0,1400,150.02,300,5.23,154.99,141.34,4061200,605930000.0,7.27,9.58,83.79,175.77,171.06,114.04,1.08
金圆股份,sz000546,6.83,7.05,6.95,64222300.0,6.83,165200,6.84,159100,-3.12,7.16,6.75,64222300,445120000.0,9.22,5.82,47.58,53.11,7.76,6.35,0.56
特发信息,sz000070,19.06,20.45,20.04,105815300.0,19.06,178600,19.07,87600,-6.8,20.95,18.87,105815300,2051830000.0,12.35,10.17,163.29,165.52,22.5,18.41,0.73
领益智造,sz002600,16.94,16.4,16.4,585417900.0,16.93,1902100,16.94,329200,3.29,17.88,16.33,585417900,10006630000.0,8.13,9.45,1219.63,1238.01,18.04,14.76,2.16
广博股份,sz002103,7.82,7.85,7.85,5586000.0,7.82,7500,7.83,15700,-0.38,7.94,7.77,5586000,43860000.0,1.44,2.17,30.35,41.78,8.64,7.07,0.83
交建股份,sh603815,7.04,7.02,6.99,15809000.0,7.04,86800,7.05,218300,0.28,7.05,6.86,15809000,110240000.0,2.55,2.71,43.57,43.57,7.72,6.32,0.62
百邦科技,sz300736,37.41,41.8,42.0,22085700.0,37.41,1000,37.43,100,-10.5,42.95,37.12,22085700,852330000.0,17.71,13.95,46.65,47.86,50.16,33.44,0.78
国泰集团,sh603977,14.35,14.35,14.33,20959600.0,14.35,71000,14.36,28900,0.0,14.84,14.18,20959600,302900000.0,3.37,4.6,89.15,89.15,15.79,12.92,0.89
华力创通,sz300045,24.24,24.4,24.67,47112200.0,24.23,10500,24.24,40500,-0.66,25.36,24.07,47112200,1163290000.0,9.12,5.29,125.15,160.63,29.28,19.52,1.19
*ST棒杰,sz002634,4.9,5.01,5.0,10362600.0,4.89,39500,4.9,371700,-2.2,5.05,4.89,10362600,51610000.0,2.34,3.19,21.67,22.51,5.26,4.76,0.52
万集科技,sz300552,28.92,29.31,29.26,6896100.0,28.92,3300,28.93,800,-1.33,29.7,28.73,6896100,200770000.0,5.1,3.31,39.07,61.64,35.17,23.45,0.89
欧福蛋业,bj920371,8.8,8.94,8.99,1699700.0,8.8,3600,8.81,1700,-1.57,8.99,8.73,1699700,15004400.0,0.87,2.91,17.14,18.08,11.62,6.26,1.09
海航控股,sh600221,1.51,1.53,1.53,359189600.0,1.5,30484500,1.51,12665500,-1.31,1.53,1.5,359189600,542920000.0,0.84,1.96,646.97,652.56,1.68,1.38,0.53
*ST利达,sh603828,5.85,5.88,6.1,9964900.0,5.85,23400,5.86,14900,-0.51,6.15,5.8,9964900,59870000.0,1.67,5.95,34.86,34.86,6.17,5.59,1.1
法尔胜,sz000890,12.14,12.91,12.6,51467900.0,12.14,312200,12.15,9600,-5.96,12.62,11.89,51467900,626500000.0,12.27,5.65,50.93,50.93,14.2,11.62,0.67
合众思壮,sz002383,8.88,9.16,9.16,16933600.0,8.87,60100,8.88,5400,-3.06,9.27,8.82,16933600,152340000.0,2.29,4.91,65.74,65.74,10.08,8.24,0.99
盛洋科技,sh603703,13.77,14.14,14.1,11892200.0,13.77,8500,13.78,1400,-2.62,14.31,13.61,11892200,165500000.0,2.87,4.95,57.14,57.14,15.55,12.73,0.93
红棉股份,sz000523,3.45,3.39,3.37,43976900.0,3.44,342500,3.45,518400,1.77,3.49,3.35,43976900,151110000.0,3.32,4.13,45.72,63.32,3.73,3.05,1.78
舜宇精工,bj920906,23.78,23.15,23.15,1233900.0,23.75,1500,23.78,5900,2.72,24.31,23.05,1233900,29399300.0,3.7,5.44,7.93,15.45,30.09,16.21,1.32
苏利股份,sh603585,18.18,18.37,18.37,3815700.0,18.16,500,18.18,4900,-1.03,18.47,18.04,3815700,69720000.0,1.99,2.34,34.81,35.57,20.21,16.53,0.7
北京文化,sz000802,5.16,5.02,5.0,40441400.0,5.16,231700,5.17,57600,2.79,5.23,5.0,40441400,208030000.0,5.65,4.58,36.92,36.94,5.52,4.52,0.65
通源环境,sh688679,65.35,64.34,64.42,611637800.0,65.33,200,65.35,7900,1.57,68.0,63.01,611637800,400840000.0,4.64,7.76,86.06,86.06,77.21,51.47,1.46
ST臻镭,sh688270,143.25,142.2,142.0,924120300.0,143.25,600,143.29,200,0.74,146.64,139.39,924120300,1320510000.0,4.32,5.1,306.63,306.63,170.64,113.76,0.63
ST百灵,sz002424,4.88,4.77,4.76,13262800.0,4.87,120100,4.88,4200,2.31,5.0,4.71,13262800,64670000.0,1.09,6.08,59.2,68.2,5.01,4.53,1.23
远方信息,sz300306,12.56,12.66,12.71,2638200.0,12.55,500,12.56,2000,-0.79,12.77,12.47,2638200,33290000.0,1.67,2.37,19.79,33.78,15.19,10.13,0.96
昇辉科技,sz300423,7.62,7.73,7.73,10942800.0,7.62,22200,7.63,1000,-1.42,7.82,7.6,10942800,83970000.0,3.28,2.85,25.39,37.91,9.28,6.18,0.81
百傲化学,sh603360,20.5,21.95,21.74,21302400.0,20.5,11700,20.51,45500,-6.61,21.95,20.31,21302400,447490000.0,3.02,7.47,144.78,144.78,24.15,19.76,0.91
*ST铖昌,sz001270,145.0,147.82,148.61,7063800.0,145.0,2500,145.08,100,-1.91,150.49,141.0,7063800,1018040000.0,3.47,6.42,295.07,298.87,155.21,140.43,0.9
顶固集创,sz300749,24.08,24.01,24.0,7390800.0,24.08,79700,24.09,200,0.29,24.47,23.52,7390800,176840000.0,4.7,3.96,37.9,49.4,28.81,19.21,0.59
科思股份,sz300856,14.28,14.63,14.55,8987400.0,14.28,3400,14.29,45800,-2.39,14.73,14.17,8987400,129550000.0,1.95,3.83,65.65,67.93,17.56,11.7,1.12
三羊马,sz001317,58.22,58.34,58.52,4115900.0,58.22,400,58.23,900,-0.21,59.98,58.0,4115900,242540000.0,4.81,3.39,49.77,49.82,64.17,52.51,0.66
新大洲A,sz000571,5.31,5.6,5.6,31352700.0,5.31,65100,5.32,15000,-5.18,5.6,5.26,31352700,168810000.0,3.85,6.07,43.22,44.56,6.16,5.04,0.75
高乐股份,sz002348,13.72,12.47,12.47,30467400.0,13.72,5445000,0.0,0,10.02,13.72,12.33,30467400,399430000.0,3.37,11.15,123.96,129.96,13.72,11.22,0.89
三维通信,sz002115,14.21,14.31,14.54,72674200.0,14.21,166200,14.22,240600,-0.7,14.79,14.1,72674200,1048780000.0,9.66,4.82,106.89,115.24,15.74,12.88,0.54
汉仪股份,sz301270,32.1,31.89,31.89,2454900.0,32.1,700,32.13,5700,0.66,32.77,31.7,2454900,79190000.0,2.6,3.36,30.33,32.1,38.27,25.51,0.88
西安饮食,sz000721,6.9,7.0,7.02,7713400.0,6.89,53800,6.9,21900,-1.43,7.04,6.85,7713400,53470000.0,1.51,2.71,35.35,39.6,7.7,6.3,0.91
盟升电子,sh688311,31.9,33.34,33.55,863178700.0,31.88,3800,31.9,12200,-4.32,33.55,31.4,863178700,277770000.0,4.97,6.45,55.44,55.44,40.01,26.67,1.31
国机精工,sz002046,54.36,57.18,57.19,19614900.0,54.36,1700,54.4,1800,-4.93,57.49,54.03,19614900,1082060000.0,3.71,6.05,287.46,291.47,62.9,51.46,0.94
航天软件,sh688562,18.3,18.52,18.5,467571100.0,18.3,1700,18.32,12700,-1.19,18.78,18.18,467571100,86300000.0,2.7,3.24,31.66,73.2,22.22,14.82,0.68
*ST田野,bj920023,2.44,2.61,2.65,14050400.0,2.43,131000,2.44,209500,-6.51,2.65,2.44,14050400,35632900.0,5.23,8.05,6.56,7.99,3.39,1.83,0.68
海伦钢琴,sz300329,13.49,13.65,13.66,3531200.0,13.49,6900,13.5,41500,-1.17,13.8,13.39,3531200,48080000.0,1.4,3.0,34.01,34.11,16.38,10.92,0.73
中央商场,sh600280,2.99,3.05,3.05,14974200.0,2.98,246400,2.99,28900,-1.97,3.05,2.97,14974200,44910000.0,1.33,2.62,33.74,33.74,3.36,2.75,0.86
航天科技,sz000901,22.05,22.31,22.33,24805900.0,22.05,68000,22.06,1100,-1.17,22.77,21.91,24805900,552450000.0,3.11,3.85,176.0,176.0,24.54,20.08,0.56
欢乐家,sz300997,18.71,19.41,19.23,8611500.0,18.71,29900,18.73,46500,-3.61,19.3,18.44,8611500,161670000.0,2.17,4.43,74.3,81.85,23.29,15.53,1.08
渤海汽车,sh600960,4.83,4.77,4.76,15206900.0,4.82,2000,4.83,124100,1.26,4.89,4.73,15206900,73160000.0,1.6,3.35,45.91,45.91,5.25,4.29,0.78
三友科技,bj920475,14.86,14.7,14.9,1400600.0,14.8,100,14.86,4700,1.09,15.25,14.7,1400600,21010700.0,2.49,3.74,8.35,15.02,19.11,10.29,0.84
古鳌科技,sz300551,14.67,15.05,15.0,8514500.0,14.67,5200,14.68,8000,-2.52,15.07,14.55,8514500,125910000.0,2.51,3.46,49.74,49.89,18.06,12.04,0.63
庄园牧场,sz002910,10.97,11.23,11.29,5661600.0,10.97,2600,10.99,4100,-2.32,11.3,10.77,5661600,62740000.0,3.31,4.72,18.77,21.45,12.35,10.11,1.29
世联行,sz002285,3.11,3.2,3.2,44745700.0,3.1,126100,3.11,54100,-2.81,3.21,3.08,44745700,139770000.0,2.27,4.06,61.43,61.98,3.52,2.88,0.64
斯瑞新材,sh688102,41.77,42.7,42.31,2448083900.0,41.74,5900,41.77,24700,-2.18,43.22,41.0,2448083900,1024350000.0,3.15,5.2,324.8,324.8,51.24,34.16,0.77
国博电子,sh688375,110.01,116.83,116.25,872447600.0,110.0,21100,110.01,9200,-5.84,117.48,108.39,872447600,974790000.0,1.46,7.78,655.68,655.68,140.2,93.46,1.13
茂业商业,sh600828,4.65,4.76,4.7,18047400.0,4.65,217500,4.66,64900,-2.31,4.75,4.64,18047400,84480000.0,1.04,2.31,80.51,80.54,5.24,4.28,0.66
王子新材,sz002735,14.39,14.62,14.57,12920600.0,14.38,3400,14.39,37000,-1.57,14.8,14.13,12920600,186620000.0,4.53,4.58,41.02,54.0,16.08,13.16,1.01
大连友谊,sz000679,6.92,7.01,6.98,7149300.0,6.92,6200,6.93,7200,-1.28,7.03,6.87,7149300,49610000.0,2.01,2.28,24.66,24.66,7.71,6.31,1.03
福事特,sz301446,43.06,43.66,43.75,1191700.0,43.06,900,43.07,200,-1.37,44.11,42.35,1191700,51250000.0,3.84,4.03,13.38,44.78,52.39,34.93,0.77
利群股份,sh601366,3.85,3.91,3.89,9398200.0,3.84,50600,3.85,38000,-1.53,3.91,3.82,9398200,36330000.0,0.98,2.3,36.95,36.95,4.3,3.52,1.02
崧盛股份,sz301002,57.71,62.47,61.72,12465300.0,57.71,7200,57.76,300,-7.62,62.01,56.89,12465300,730870000.0,14.67,8.2,49.04,77.87,74.96,49.98,1.04
润普食品,bj920422,10.98,11.24,11.28,1553200.0,10.98,9000,11.0,500,-2.31,11.28,10.84,1553200,17118900.0,2.35,3.91,7.27,9.72,14.61,7.87,1.4
科创新材,bj920580,16.6,18.83,17.77,20433800.0,16.6,54600,16.63,500,-11.84,18.3,16.47,20433800,351572000.0,37.31,9.72,9.09,14.28,24.47,13.19,3.18
航天智装,sz300455,25.97,26.5,26.66,13538900.0,25.97,12200,25.98,4400,-2.0,26.83,25.74,13538900,353780000.0,1.91,4.11,184.03,186.4,31.8,21.2,0.77
西测测试,sz301306,155.79,153.14,153.31,3963400.0,155.78,900,155.79,400,1.73,158.2,151.13,3963400,615180000.0,6.8,4.62,90.77,131.49,183.77,122.51,0.72
凯瑞德,sz002072,7.34,7.14,7.08,10453100.0,7.34,55800,7.35,20000,2.8,7.51,7.07,10453100,76030000.0,2.84,6.16,26.98,26.99,7.85,6.43,1.2
莱克电气,sh603355,32.46,32.47,32.28,2618000.0,32.46,500,32.5,2200,-0.03,33.17,31.91,2618000,85230000.0,0.46,3.88,186.12,186.12,35.72,29.22,0.66
九牧王,sh601566,11.4,11.02,10.97,26820200.0,11.39,80100,11.4,96300,3.45,11.62,10.8,26820200,304110000.0,4.67,7.44,65.51,65.51,12.12,9.92,2.23
金钟股份,sz301133,47.15,47.34,47.35,2512100.0,47.15,1200,47.31,600,-0.4,48.57,46.58,2512100,119170000.0,2.26,4.2,52.4,57.27,56.81,37.87,0.9
粤海饲料,sz001313,9.07,9.21,9.22,22009100.0,9.06,34400,9.07,24700,-1.52,9.38,8.96,22009100,200720000.0,3.15,4.56,63.41,63.49,10.13,8.29,0.5
震有科技,sh688418,50.13,52.57,52.58,887894800.0,50.11,200,50.13,100,-4.64,53.0,49.33,887894800,452700000.0,4.61,6.98,96.53,96.53,63.08,42.06,0.95
通宇通讯,sz002792,48.37,49.08,49.9,41348700.0,48.36,116800,48.37,2100,-1.45,50.1,47.69,41348700,2010010000.0,12.24,4.91,163.41,253.38,53.99,44.17,0.68
ST思科瑞,sh688053,39.68,40.43,40.43,125760000.0,39.68,600,39.69,500,-1.86,40.8,39.5,125760000,50400000.0,1.26,3.22,39.68,39.68,48.52,32.34,0.92
银河电子,sz002519,7.95,8.0,7.99,50881900.0,7.95,397600,7.96,233800,-0.63,8.1,7.85,50881900,406220000.0,4.55,3.13,88.85,89.55,8.8,7.2,0.47
景业智能,sh688290,70.29,68.01,67.9,254981700.0,70.29,1600,70.32,0,3.35,71.49,67.11,254981700,178220000.0,2.5,6.44,71.83,71.83,81.61,54.41,1.11
上海沪工,sh603131,23.03,22.98,23.0,12866600.0,23.03,27000,23.04,21900,0.22,23.68,22.79,12866600,297890000.0,3.82,3.87,77.59,77.59,25.28,20.68,0.52
皮阿诺,sz002853,26.64,27.69,27.75,3085800.0,26.64,60400,26.65,3200,-3.79,28.33,26.3,3085800,82980000.0,2.4,7.33,34.29,48.73,30.46,24.92,0.77
国机重装,sh601399,4.09,4.12,4.13,105090200.0,4.08,824900,4.09,66200,-0.73,4.19,4.05,105090200,431450000.0,1.46,3.4,295.03,295.03,4.53,3.71,1.0
莱赛激光,bj920363,17.13,17.06,17.0,1740700.0,17.07,200,17.13,800,0.41,17.47,16.93,1740700,29950100.000000004,3.41,3.17,8.75,16.35,22.17,11.95,1.14
威帝股份,sh603023,5.06,5.0,5.07,30879800.0,5.05,142500,5.06,76500,1.2,5.25,5.0,30879800,157080000.0,5.53,5.0,28.24,28.24,5.5,4.5,1.23
冰山冷热,sz000530,5.99,6.01,6.02,22823700.0,5.98,59000,5.99,35200,-0.33,6.1,5.94,22823700,137250000.0,3.8,2.66,35.95,50.51,6.61,5.41,1.17
科达自控,bj920932,14.93,14.75,14.76,1830200.0,14.91,2300,14.93,3100,1.22,15.27,14.57,1830200,27328500.0,2.11,4.75,12.96,15.73,19.17,10.33,0.9
南京商旅,sh600250,9.94,10.04,10.05,9620200.0,9.93,70100,9.94,51100,-1.0,10.09,9.9,9620200,96130000.0,3.08,1.89,31.09,31.09,11.04,9.04,0.9
航天晨光,sh600501,22.89,23.04,23.0,7456500.0,22.89,5900,22.9,48300,-0.65,23.28,22.7,7456500,170950000.0,1.74,2.52,97.93,97.93,25.34,20.74,0.63
德联集团,sz002666,5.01,5.03,5.06,10949400.0,5.0,2000,5.01,36900,-0.4,5.09,4.96,10949400,55070000.0,2.19,2.58,25.08,39.48,5.53,4.53,1.12
航天电子,sh600879,23.13,24.1,24.02,163199800.0,23.13,219100,23.14,51600,-4.02,24.43,23.04,163199800,3820990000.0,4.95,5.77,763.13,763.13,26.51,21.69,0.75
东箭科技,sz300978,11.43,11.1,11.1,13358100.0,11.42,28400,11.43,4200,2.97,11.73,11.1,13358100,153390000.0,4.65,5.68,32.81,48.31,13.32,8.88,2.69
瑞星股份,bj920717,9.04,9.14,9.11,1012000.0,9.0,1300,9.04,2000,-1.09,9.2,8.92,1012000,9195300.0,2.29,3.06,4.0,10.37,11.88,6.4,0.89
中国卫通,sh601698,35.09,35.7,35.68,64603400.0,35.09,169900,35.1,45300,-1.71,36.06,34.51,64603400,2276280000.0,1.53,4.34,1482.34,1482.34,39.27,32.13,0.68
红旗连锁,sz002697,4.9,4.98,4.96,18492500.0,4.9,1057800,4.91,95900,-1.61,4.97,4.88,18492500,90860000.0,1.61,1.81,56.12,66.64,5.48,4.48,0.88
立方退,sz300344,0.25,0.25,0.0,0.0,0.0,0,0.0,0,0.0,0.0,0.0,0,0.0,0.0,0.0,1.6,1.6,-1.0,-1.0,0.0
上海瀚讯,sz300762,42.63,43.63,43.76,32941200.0,42.63,24200,42.64,1000,-2.29,44.0,42.09,32941200,1409520000.0,5.25,4.38,267.7,267.7,52.36,34.9,0.61
中超控股,sz002471,8.01,8.25,8.2,80968700.0,8.0,1325900,8.01,142600,-2.91,8.3,7.95,80968700,652030000.0,6.03,4.24,107.53,109.64,9.08,7.43,0.63
大鹏工业,bj920091,51.73,51.16,51.38,813700.0,51.73,900,51.74,1000,1.11,52.79,50.6,813700,42019900.0,5.61,4.28,7.5,31.8,66.5,35.82,0.56
佳缘科技,sz301117,42.4,43.23,43.49,3741500.0,42.4,2100,42.44,800,-1.92,43.98,42.16,3741500,160990000.0,4.71,4.21,33.69,54.77,51.88,34.58,0.72
ST海王,sz000078,2.11,2.22,2.11,2190900.0,0.0,0,2.11,168776500,-4.95,2.11,2.11,2190900,4620000.0,0.08,0.0,55.39,55.52,2.33,2.11,0.87
华体科技,sh603679,17.86,17.95,18.04,14238100.0,17.85,7000,17.86,10300,-0.5,18.37,17.67,14238100,256080000.0,8.01,3.9,31.73,31.73,19.75,16.16,1.08
天银机电,sz300342,58.12,58.91,58.98,31148200.0,58.11,600,58.12,14200,-1.34,59.49,57.35,31148200,1811090000.0,7.44,3.63,243.41,247.03,70.69,47.13,0.51
陕西华达,sz301517,67.47,67.68,67.66,4811900.0,67.47,7400,67.48,3400,-0.31,69.5,66.5,4811900,325600000.0,4.93,4.43,65.83,102.04,81.22,54.14,0.58
曲江文旅,sh600706,9.07,9.13,9.18,3965300.0,9.06,25100,9.07,100,-0.66,9.19,9.03,3965300,36120000.0,1.56,1.75,23.04,23.13,10.04,8.22,0.82
渤海化学,sh600800,4.63,4.6,4.63,47706500.0,4.62,110400,4.63,12900,0.65,4.72,4.56,47706500,221700000.0,4.3,3.48,51.38,51.4,5.06,4.14,0.93
珠江股份,sh600684,4.13,4.15,4.15,16021500.0,4.13,3900,4.14,198400,-0.48,4.21,4.09,16021500,66360000.0,1.88,2.89,35.25,45.68,4.57,3.74,1.07
航天机电,sh600151,14.08,14.5,14.51,49283300.0,14.07,77700,14.08,11800,-2.9,14.65,13.94,49283300,696130000.0,3.44,4.9,201.94,201.94,15.95,13.05,0.68
恒盛能源,sh605580,21.57,22.4,22.37,5450500.0,21.56,2500,21.57,2900,-3.71,22.5,21.46,5450500,118820000.0,1.95,4.64,60.4,60.4,24.64,20.16,0.78
*ST高科,sh600730,12.45,12.08,12.68,61445900.0,12.45,30100,12.46,19700,3.06,12.68,11.5,61445900,749750000.0,10.47,9.77,73.04,73.04,12.68,11.48,2.1
钧达股份,sz002865,97.21,100.28,100.1,29203800.0,97.21,3100,97.22,1400,-3.06,100.88,91.05,29203800,2779710000.0,13.06,9.8,217.29,302.58,110.31,90.25,0.96
顺灏股份,sz002565,18.8,18.36,18.16,134869300.0,18.79,22500,18.8,154500,2.4,19.38,17.5,134869300,2475570000.0,12.72,10.24,199.27,199.28,20.2,16.52,0.71
星辰科技,bj920885,17.95,18.1,18.28,2243800.0,17.93,200,17.95,18200,-0.83,18.57,17.9,2243800,40668300.0,2.54,3.7,15.89,30.66,23.53,12.67,0.77
博纳影业,sz001330,9.15,9.1,9.16,91850400.0,9.15,172100,9.16,295400,0.55,9.25,8.95,91850400,837430000.0,7.9,3.3,106.4,125.77,10.01,8.19,0.96
久之洋,sz300516,38.69,39.0,39.1,5203400.0,38.68,600,38.69,3300,-0.79,40.66,38.48,5203400,203780000.0,2.06,5.59,97.5,97.5,46.8,31.2,0.97
*ST禾信,sh688622,82.44,82.0,81.32,79105100.0,82.44,300,82.45,300,0.54,84.22,81.32,79105100,65570000.0,1.12,3.54,58.09,58.09,98.4,65.6,0.56
长药退,sz300391,0.19,0.19,0.0,0.0,0.0,0,0.0,0,0.0,0.0,0.0,0,0.0,0.0,0.0,0.67,0.67,-1.0,-1.0,0.0
ST天玑,sz300245,7.08,7.55,7.5,18873000.0,7.08,10800,7.09,71400,-6.23,7.53,7.04,18873000,137240000.0,6.2,6.49,21.55,21.6,9.06,6.04,0.93
汉鑫科技,bj920092,29.05,29.74,30.0,977800.0,29.05,6200,29.24,100,-2.32,30.22,28.88,977800,28858000.0,2.97,4.51,9.57,18.03,38.66,20.82,0.68
同大股份,sz300321,41.88,42.27,42.43,2442600.0,41.87,200,41.88,7600,-0.92,43.3,41.58,2442600,103250000.0,2.75,4.07,37.15,37.19,50.72,33.82,0.51
ST福能,sz300173,3.99,3.98,3.98,10099400.0,3.99,99000,4.0,55100,0.25,4.05,3.97,10099400,40540000.0,1.37,2.01,29.32,29.32,4.78,3.18,0.72
创识科技,sz300941,17.1,17.21,17.35,3346300.0,17.1,3300,17.11,900,-0.64,17.56,17.05,3346300,57900000.0,2.7,2.96,21.17,35.01,20.65,13.77,0.95
誉帆科技,sz001396,51.1,51.5,52.15,1886600.0,51.07,4400,51.1,1800,-0.78,52.2,50.53,1886600,96750000.0,8.5,3.24,11.35,54.63,56.65,46.35,0.63
双欣材料,sz001369,15.63,15.55,15.55,13926200.0,15.63,12300,15.64,6100,0.51,15.9,15.3,13926200,217220000.0,6.93,3.86,31.42,179.28,17.11,14.0,0.73
江天科技,bj920121,37.83,37.42,37.44,347700.0,37.83,5300,37.9,100,1.1,38.28,37.03,347700,13128500.0,2.92,3.34,4.5,24.99,48.64,26.2,0.62
蘅东光,bj920045,540.0,581.0,579.0,1443600.0,540.0,1700,540.04,100,-7.06,595.05,532.21,1443600,805319800.0,7.17,10.82,108.69,367.59,755.3,406.7,1.16
强一股份,sh688809,452.01,424.45,425.0,454060200.0,452.01,600,452.05,200,6.49,469.0,404.0,454060200,1990280000.0,18.64,15.31,110.08,585.62,509.34,339.56,1.85
健信超导,sh688805,51.8,51.27,51.25,218709700.0,51.78,1400,51.8,26700,1.03,52.66,50.45,218709700,113040000.0,6.94,4.31,16.33,86.86,61.52,41.02,0.54
陕西旅游,sh603402,99.6,102.22,102.25,1355800.0,99.6,300,99.69,700,-2.56,102.59,98.9,1355800,136070000.0,7.01,3.61,19.26,77.02,112.44,92.0,1.08
新广益,sz301687,61.63,61.87,61.9,3310900.0,61.63,1600,61.64,300,-0.39,62.62,59.7,3310900,202990000.0,11.21,4.72,18.2,90.51,74.24,49.5,0.48
至信股份,sh603352,35.65,35.28,35.45,1316500.0,35.64,1000,35.65,9500,1.05,35.8,35.25,1316500,46800000.0,2.96,1.56,15.84,80.81,38.81,31.75,0.66
科马材料,bj920086,31.94,31.78,31.9,1917600.0,31.94,5100,31.98,200,0.5,32.97,31.52,1917600,61626300.0,7.17,4.56,8.54,26.73,41.31,22.25,0.57
国亮新材,bj920076,22.66,22.3,22.18,1910100.0,22.66,4900,22.69,1000,1.61,22.8,21.61,1910100,42558100.00000001,7.26,5.34,5.96,18.95,28.99,15.61,1.12
爱舍伦,bj920050,33.58,33.02,33.02,520400.0,33.58,1900,33.59,100,1.7,33.9,32.74,520400,17354400.0,2.87,3.51,6.08,22.73,42.92,23.12,0.68
农大科技,bj920159,39.89,39.75,39.74,1272800.0,39.89,200,39.94,10600,0.35,41.42,39.7,1272800,51322800.0,8.84,4.33,5.74,30.32,51.67,27.83,0.71
恒运昌,sh688785,446.05,424.86,421.01,156433400.0,446.05,1100,446.2,200,4.99,467.29,417.69,156433400,699410000.0,12.29,11.67,56.77,301.98,509.83,339.89,1.01
美德乐,bj920119,95.09,94.75,94.58,791600.0,95.09,1000,95.11,200,0.36,96.5,93.5,791600,74997300.0,4.17,3.17,18.05,68.58,123.17,66.33,0.77
振石股份,sh601112,19.55,19.88,19.92,12083500.0,19.55,38100,19.56,10200,-1.66,19.94,19.3,12083500,236760000.0,6.82,3.22,34.65,340.24,21.87,17.89,0.77
世盟股份,sz001220,37.14,38.07,38.08,1771900.0,37.13,600,37.14,1900,-2.44,38.1,36.96,1771900,66120000.0,7.84,2.99,8.4,34.28,41.88,34.26,1.17
北芯生命,sh688712,43.35,42.79,42.53,430774200.0,43.33,2200,43.35,19900,1.31,43.82,41.97,430774200,185170000.0,11.61,4.32,16.09,180.77,51.35,34.23,0.75
爱得科技,bj920180,15.69,15.38,15.5,1506000.0,15.69,4700,15.7,2900,2.02,15.81,15.29,1506000,23469400.0,4.22,3.38,5.6,18.53,19.99,10.77,0.5
林平发展,sh603284,46.16,46.04,46.07,1272600.0,46.13,2900,46.16,6500,0.26,46.78,45.88,1272600,58810000.0,6.89,1.95,8.53,34.81,50.64,41.44,0.6
电科蓝天,sh688818,78.54,80.35,80.78,2152885900.0,78.53,10400,78.54,6000,-2.25,81.5,77.45,2152885900,1699060000.0,16.31,5.04,103.69,1364.18,96.42,64.28,0.62
易思维,sh688816,71.53,68.89,68.99,263541300.0,71.51,300,71.53,0,3.83,72.4,67.68,263541300,185460000.0,13.67,6.85,13.79,71.53,82.67,55.11,1.06
海圣医疗,bj920166,27.12,27.13,27.1,723000.0,27.12,5900,27.14,4000,-0.04,27.86,26.77,723000,19680300.0,3.04,4.02,6.44,20.42,35.26,19.0,0.37
通宝光电,bj920168,21.75,21.09,21.13,2079600.0,21.73,200,21.75,1200,3.13,22.05,21.0,2079600,45084799.99999999,7.38,4.98,6.13,16.35,27.41,14.77,1.27
海菲曼,bj920183,44.37,42.0,42.4,1490600.0,44.36,1000,44.37,7400,5.64,45.43,42.4,1490600,65793400.0,13.25,7.21,4.99,21.72,54.6,29.4,0.67
通领科技,bj920187,36.02,35.61,36.0,702300.0,35.96,1200,36.02,2000,1.15,36.6,35.41,702300,25311700.0,3.07,3.34,8.25,22.48,46.29,24.93,0.66
固德电材,sz301680,115.38,115.0,115.8,2257000.0,115.38,600,115.39,800,0.33,117.68,112.02,2257000,258990000.0,13.43,4.92,19.39,95.53,138.0,92.0,0.63
觅睿科技,bj920036,48.45,47.0,47.39,1978300.0,48.44,200,48.45,47100,3.09,49.5,47.11,1978300,96077400.0,15.15,5.09,6.33,26.37,61.1,32.9,0.48
族兴新材,bj920078,31.96,31.34,32.38,4184800.0,31.96,54400,32.02,300,1.98,33.3,31.36,4184800,134795000.0,20.22,6.19,6.62,38.35,40.74,21.94,0.52
新恒泰,bj920028,21.54,22.33,22.86,10114300.0,21.53,1000,21.54,36100,-3.54,23.68,21.03,10114300,225490600.0,15.57,11.87,13.99,35.4,29.02,15.64,0.61
宏明电子,sz301682,139.2,141.01,141.11,3932800.0,139.18,100,139.2,2300,-1.28,142.51,134.84,3932800,543210000.0,15.31,5.44,35.76,169.2,169.21,112.81,0.88
视涯科技-UW,sh688781,46.31,46.5,46.3,524487200.0,46.31,100,46.32,5500,-0.41,47.41,44.83,524487200,240800000.0,12.84,5.55,18.91,463.1,55.8,37.2,0.8
普昂医疗,bj920069,41.48,41.15,41.19,1302600.0,41.47,4300,41.48,1200,0.8,42.99,40.4,1302600,54070200.00000001,8.81,6.29,6.13,21.95,53.49,28.81,0.66
悦龙科技,bj920188,30.01,29.41,29.31,3046200.0,30.01,10600,30.03,5600,2.04,30.84,28.31,3046200,89609900.0,15.39,8.6,5.94,24.91,38.23,20.59,0.97
隆源股份,bj920055,38.53,36.58,37.09,2585500.0,38.53,1000,38.55,100,5.33,39.1,36.36,2585500,98073799.99999999,16.9,7.49,5.9,26.2,47.55,25.61,0.96
盛龙股份,sz001257,24.21,25.0,25.2,21860100.0,24.21,7300,24.22,17200,-3.16,25.3,23.88,21860100,532700000.0,15.96,5.68,33.16,444.48,27.5,22.5,0.64
泰金新能,sh688813,128.48,133.0,131.67,596249800.0,128.41,4600,128.48,100,-3.4,136.0,117.8,596249800,759190000.0,19.82,13.68,38.64,205.57,159.6,106.4,0.86
慧谷新材,sz301683,135.8,131.04,131.55,2534000.0,135.76,2100,135.8,15400,3.63,136.9,130.86,2534000,339630000.0,17.76,4.61,19.37,85.71,157.25,104.83,0.82
晨光电机,bj920011,29.36,26.2,26.21,8251100.0,29.36,12700,29.37,22300,12.06,30.87,25.91,8251100,235248300.00000003,44.36,18.93,5.46,24.27,34.06,18.34,1.68
红板科技,sh603459,83.8,85.56,83.51,21219500.0,83.79,24700,83.8,1000,-2.06,87.33,81.6,21219500,1784750000.0,26.84,6.7,66.25,631.65,94.12,77.0,0.76
有研复材,sh688811,27.38,26.91,27.18,1558180800.0,27.37,10900,27.38,32800,1.75,27.89,26.69,1558180800,424750000.0,16.91,4.46,25.22,137.36,32.29,21.53,0.63
赛英电子,bj920181,128.0,127.09,127.0,3046700.0,127.99,3000,128.0,2200,0.72,135.0,120.01,3046700,391574300.0,30.41,11.79,12.83,55.3,165.21,88.97,0.99
三瑞智能,sz301696,139.48,116.23,116.35,11283500.0,139.48,513700,0.0,0,20.0,139.48,114.4,11283500,1448390000.0,37.51,21.58,41.96,557.93,139.48,92.98,0.97
创达新材,bj920012,75.66,75.8,78.58,4685400.0,75.66,900,75.67,2500,-0.18,79.98,73.42,4685400,358658500.0,35.31,8.65,10.04,37.31,98.54,53.06,0.87
埃泰克,sh603293,51.51,50.82,50.5,4026700.0,51.51,3200,51.52,1800,1.36,52.31,50.13,4026700,206890000.0,11.47,4.29,18.08,92.25,55.9,45.74,0.68
恒道科技,bj920177,38.35,34.27,34.27,4439400.0,38.35,10900,38.36,100,11.91,42.3,34.11,4439400,167657300.0,37.71,23.9,4.51,20.06,44.55,23.99,1.39
大普微-UW,sz301666,680.0,631.0,628.0,6536800.0,679.99,2400,680.0,26700,7.77,680.0,606.02,6536800,4276570000.0,24.65,11.72,180.31,2966.27,757.2,504.8,0.82
尚水智能,sz301513,81.95,80.29,81.01,4629800.0,81.95,1300,81.97,100,2.07,87.5,80.69,4629800,389560000.0,22.98,8.48,16.51,81.95,96.35,64.23,1.19
瑞尔竞达,bj920191,13.04,12.71,12.81,6041600.0,13.04,8000,13.05,500,2.6,13.41,12.55,6041600,78577500.0,15.14,6.77,5.2,23.13,16.52,8.9,0.69
福恩股份,sz001312,23.77,23.73,23.79,5146300.0,23.77,3000,23.78,6700,0.17,24.04,23.45,5146300,122070000.0,9.0,2.49,13.59,55.46,26.1,21.36,0.51
盛合晶微,sh688820,183.84,154.8,158.04,5652133900.0,183.81,200,183.84,300,18.76,185.0,150.0,5652133900,9497920000.0,32.69,22.61,317.86,3424.52,185.76,123.84,1.17
联讯仪器,sh688808,1170.0,1095.07,1125.0,388160000.0,1170.0,2200,1172.0,400,6.84,1244.0,1050.11,388160000,4438520000.0,20.12,17.71,225.76,1201.2,1314.08,876.06,1.19
鸿仕达,bj920125,145.49,148.5,142.88,3818300.0,145.4,4800,145.49,100,-2.03,156.11,130.0,3818300,550704200.0,23.17,17.58,23.98,81.71,193.05,103.95,0.79
海昌智能,bj920156,75.89,67.0,69.0,7386600.0,75.88,5300,75.89,25000,13.27,81.0,68.11,7386600,546318200.0,34.03,19.24,16.47,79.02,87.1,46.9,1.23
中科仪,bj920186,110.53,113.01,113.21,19420700.0,110.53,3800,110.6,3200,-2.19,118.6,106.0,19420700,2191468900.0,20.33,11.15,105.59,247.41,146.91,79.11,0.89
理奇智能,sz301599,58.8,56.89,57.08,15059900.0,58.8,16800,58.83,1300,3.36,60.87,56.06,15059900,883150000.0,27.53,8.45,32.16,253.78,68.27,45.51,0.63
振宏股份,bj920200,68.0,65.8,67.0,6590900.0,67.99,1200,68.0,6200,3.34,69.68,64.5,6590900,443445700.0,27.21,7.87,16.47,69.06,85.54,46.06,0.53
C长裕,sh603407,76.8,72.94,68.8,18739600.0,76.8,6200,76.81,1000,5.29,78.0,64.6,18739600,1319680000.0,52.18,18.37,27.58,313.25,-1.0,-1.0,0.0
C春光集团,sz301531,92.5,106.9,99.86,22326000.0,92.5,36300,92.51,100,-13.47,99.86,88.91,22326000,2109120000.0,47.62,10.24,43.37,203.25,-1.0,-1.0,0.0
N维通利,sz001393,120.67,30.38,120.0,36246300.0,120.66,12700,120.67,36400,297.2,150.0,120.0,36246300,4712710000.0,75.45,98.75,57.97,300.87,-1.0,-1.0,0.0
N锐翔,bj920178,173.99,29.47,165.0,11607200.0,173.9,300,173.99,2600,490.4,197.0,165.0,11607200,2048457600.0,79.45,108.59,25.42,114.73,-1.0,-1.0,0.0
天海电子,sz001365,27.19,27.19,0.0,0.0,0.0,0,0.0,0,0.0,0.0,0.0,0,0.0,,0.0,,142.75,-1.0,-1.0,0.0
嘉晨智能,bj920096,0.0,0.0,0.0,0.0,0.0,0,0.0,0,0.0,0.0,0.0,0,0.0,,0.0,,,-1.0,-1.0,0.0
