name,code,now,close,open,volume,bid1,bid1_volume,ask1,ask1_volume,涨跌(%),high,low,成交量(手),成交额(万),turnover,振幅,流通市值,总市值,涨停价,跌停价,量比
纳百川,sz301667,63.0,63.91,63.0,12600.0,63.0,400,63.1,1800,-1.42,63.0,63.0,12600,790000.0,0.06,0.0,14.17,70.35,76.69,51.13,0.0
锡华科技,sh603248,23.01,23.29,23.01,23300.0,23.01,4000,23.15,900,-1.2,23.01,23.01,23300,540000.0,0.03,0.0,15.95,105.85,25.62,20.96,0.0
天溯计量,sz301449,73.49,74.66,73.49,11400.0,73.48,3000,73.49,100,-1.57,73.49,73.49,11400,840000.0,0.08,0.0,10.22,47.93,89.59,59.73,0.0
美埃科技,sh688376,57.28,59.0,57.28,2268500.0,57.28,700,58.0,8200,-2.92,57.28,57.28,2268500,1300000.0,0.02,0.0,77.47,77.47,70.8,47.2,0.0
同飞股份,sz300990,89.51,91.0,89.51,53300.0,89.51,1000,89.79,500,-1.64,89.51,89.51,53300,4780000.0,0.07,0.0,69.03,152.69,109.2,72.8,0.0
中光防雷,sz300414,15.76,16.12,15.76,78600.0,15.76,4600,15.77,9000,-2.23,15.76,15.76,78600,1240000.0,0.03,0.0,49.41,51.38,19.34,12.9,0.0
苏州天脉,sz301626,256.91,264.88,256.91,62200.0,255.33,100,256.91,500,-3.01,256.91,256.91,62200,15980000.0,0.12,0.0,135.18,297.19,317.86,211.9,0.0
ST名家汇,sz300506,5.3,5.34,5.3,89700.0,5.27,9000,5.3,81200,-0.75,5.3,5.3,89700,480000.0,0.01,0.0,38.94,75.56,6.41,4.27,0.0
森赫股份,sz301056,15.7,15.8,15.7,5700.0,15.58,1400,15.7,2200,-0.63,15.7,15.7,5700,90000.0,0.0,0.0,27.63,41.89,18.96,12.64,0.0
宏达电子,sz300726,48.96,50.16,48.96,96800.0,48.96,4900,49.0,400,-2.39,48.96,48.96,96800,4740000.0,0.05,0.0,104.99,201.64,60.19,40.13,0.0
宏源药业,sz301246,19.8,20.16,19.8,39000.0,19.8,1700,19.99,500,-1.79,19.8,19.8,39000,770000.0,0.02,0.0,31.69,79.2,24.19,16.13,0.0
华盛锂电,sh688353,102.0,104.48,102.0,5591500.0,102.0,1000,102.12,4300,-2.37,102.0,102.0,5591500,5700000.0,0.04,0.0,162.69,162.69,125.38,83.58,0.0
鼎泰高科,sz301377,186.0,191.7,186.0,28000.0,186.0,600,186.8,100,-2.97,186.0,186.0,28000,5210000.0,0.04,0.0,132.1,762.6,230.04,153.36,0.0
腾景科技,sh688195,199.99,219.67,199.99,20572700.0,199.8,500,199.99,200,-8.96,199.99,199.99,20572700,41140000.0,0.16,0.0,258.69,258.69,263.6,175.74,0.0
珂玛科技,sz301611,113.09,116.99,113.09,95500.0,113.09,100,113.9,1500,-3.33,113.09,113.09,95500,10800000.0,0.07,0.0,165.77,493.07,140.39,93.59,0.0
新诺威,sz300765,31.42,31.44,31.42,62400.0,31.4,100,31.42,6900,-0.06,31.42,31.42,62400,1960000.0,0.0,0.0,441.32,441.32,37.73,25.15,0.0
安达智能,sh688125,249.46,251.97,249.46,621900.0,240.0,200,249.46,700,-1.0,249.46,249.46,621900,1550000.0,0.01,0.0,203.78,204.87,302.36,201.58,0.0
杰华特,sh688141,50.51,53.89,50.51,32356700.0,50.51,6000,51.0,12000,-6.27,50.51,50.51,32356700,16340000.0,0.07,0.0,227.46,227.46,64.67,43.11,0.0
铜冠铜箔,sz301217,42.1,42.85,42.1,222900.0,42.1,2600,42.24,800,-1.75,42.1,42.1,222900,9380000.0,0.03,0.0,349.02,349.02,51.42,34.28,0.0
海科新源,sz301292,52.31,53.68,52.31,60800.0,52.31,1800,52.49,700,-2.55,52.31,52.31,60800,3180000.0,0.07,0.0,44.5,116.54,64.42,42.94,0.0
奕东电子,sz301123,55.6,57.26,55.6,83300.0,55.6,100,55.62,7600,-2.9,55.6,55.6,83300,4630000.0,0.04,0.0,129.88,130.46,68.71,45.81,0.0
安通控股,sh600179,4.7,4.7,4.7,469600.0,4.69,34500,4.7,18300,0.0,4.7,4.7,469600,2210000.0,0.01,0.0,181.53,198.88,5.17,4.23,0.0
华联控股,sz000036,5.13,5.22,5.13,184800.0,5.13,12300,5.14,22000,-1.72,5.13,5.13,184800,950000.0,0.01,0.0,71.88,72.02,5.74,4.7,0.0
滨海能源,sz000695,13.35,13.3,13.35,163000.0,13.35,400,13.38,18000,0.38,13.35,13.35,163000,2180000.0,0.07,0.0,29.61,30.94,14.63,11.97,0.0
嘉美包装,sz002969,23.98,24.9,23.98,1497100.0,23.97,300,23.98,35300,-3.69,23.98,23.98,1497100,35900000.0,0.14,0.0,261.93,263.42,27.39,22.41,0.0
联发股份,sz002394,15.28,15.71,15.28,99600.0,15.28,6200,15.31,1700,-2.74,15.28,15.28,99600,1520000.0,0.03,0.0,49.4,49.46,17.28,14.14,0.0
海汽集团,sh603069,19.98,20.18,19.98,22100.0,19.98,200,20.1,7500,-0.99,19.98,19.98,22100,440000.0,0.01,0.0,63.14,63.14,22.2,18.16,0.0
胜通能源,sz001331,58.61,57.68,58.61,67900.0,58.61,7500,58.74,500,1.61,58.61,58.61,67900,3980000.0,0.04,0.0,98.39,165.42,63.45,51.91,0.0
海南瑞泽,sz002596,4.12,4.17,4.12,72500.0,4.12,31000,4.14,3000,-1.2,4.12,4.12,72500,300000.0,0.01,0.0,47.24,47.28,4.59,3.75,0.0
多氟多,sz002407,28.02,28.61,28.02,246200.0,28.02,29200,28.04,6500,-2.06,28.02,28.02,246200,6900000.0,0.02,0.0,302.77,333.56,31.47,25.75,0.0
章源钨业,sz002378,44.48,44.7,44.48,1899800.0,44.48,57100,44.5,8300,-0.49,44.48,44.48,1899800,84500000.0,0.16,0.0,531.59,534.39,49.17,40.23,0.0
神剑股份,sz002361,12.37,12.73,12.37,837300.0,12.37,59200,12.38,700,-2.83,12.37,12.37,837300,10360000.0,0.1,0.0,100.09,117.64,14.0,11.46,0.0
圣晖集成,sh603163,106.6,108.52,106.6,58500.0,106.6,200,106.66,200,-1.77,106.6,106.6,58500,6240000.0,0.06,0.0,106.6,106.6,119.37,97.67,0.0
万润股份,sz002643,16.52,16.79,16.52,220400.0,16.52,13400,16.54,1000,-1.61,16.52,16.52,220400,3640000.0,0.02,0.0,150.22,152.47,18.47,15.11,0.0
快克智能,sh603203,39.36,40.55,39.36,28000.0,39.35,300,39.36,1400,-2.93,39.36,39.36,28000,1100000.0,0.01,0.0,98.07,99.84,44.61,36.5,0.0
海南发展,sz002163,14.05,14.3,14.05,278200.0,14.05,30500,14.06,5500,-1.75,14.05,14.05,278200,3910000.0,0.03,0.0,112.9,118.72,15.73,12.87,0.0
宏和科技,sh603256,67.99,69.22,67.99,317400.0,67.99,75800,68.0,48900,-1.78,67.99,67.99,317400,21580000.0,0.04,0.0,598.13,598.13,76.14,62.3,0.0
亚翔集成,sh603929,130.01,135.25,130.01,47700.0,130.01,800,130.98,2900,-3.87,130.01,130.01,47700,6200000.0,0.02,0.0,277.39,277.39,148.78,121.73,0.0
世嘉科技,sz002796,55.97,59.8,55.97,754100.0,55.97,22600,56.0,7400,-6.4,55.97,55.97,754100,42210000.0,0.33,0.0,127.45,141.25,65.78,53.82,0.0
深圳新星,sh603978,23.88,24.16,23.88,14400.0,23.87,200,23.88,900,-1.16,23.88,23.88,14400,340000.0,0.01,0.0,50.41,50.41,26.58,21.74,0.0
友邦吊顶,sz002718,63.95,63.65,63.95,7400.0,63.95,3600,63.99,100,0.47,63.95,63.95,7400,470000.0,0.01,0.0,60.1,82.78,70.02,57.29,0.0
九鼎新材,sz002201,12.14,12.37,12.14,399100.0,12.14,8200,12.2,3000,-1.86,12.14,12.14,399100,4850000.0,0.07,0.0,73.09,79.11,13.61,11.13,0.0
国风新材,sz000859,10.4,10.64,10.4,532200.0,10.4,1200,10.41,3300,-2.26,10.4,10.4,532200,5530000.0,0.06,0.0,93.18,93.18,11.7,9.58,0.0
天际股份,sz002759,33.04,33.87,33.04,198000.0,33.03,1300,33.04,200,-2.45,33.04,33.04,198000,6540000.0,0.04,0.0,165.51,165.66,37.26,30.48,0.0
东材科技,sh601208,29.77,30.67,29.77,617900.0,29.77,22100,29.85,500,-2.93,29.77,29.77,617900,18390000.0,0.06,0.0,300.73,300.73,33.74,27.6,0.0
三孚股份,sh603938,27.25,28.28,27.25,157200.0,27.25,14200,27.27,3500,-3.64,27.25,27.25,157200,4280000.0,0.04,0.0,104.27,104.27,31.11,25.45,0.0
航天工程,sh603698,34.78,35.36,34.78,119800.0,34.77,600,34.78,400,-1.64,34.78,34.78,119800,4170000.0,0.02,0.0,186.42,186.42,38.9,31.82,0.0
翔鹭钨业,sz002842,42.56,43.01,42.56,1244300.0,42.56,2600,42.58,200,-1.05,42.56,42.56,1244300,52960000.0,0.46,0.0,114.26,139.24,47.31,38.71,0.0
天赐材料,sz002709,40.64,41.9,40.64,762300.0,40.64,112100,40.65,200,-3.01,40.64,40.64,762300,30980000.0,0.05,0.0,611.41,826.57,46.09,37.71,0.0
安记食品,sh603696,17.49,17.75,17.49,38300.0,17.49,700,17.73,1000,-1.46,17.49,17.49,38300,670000.0,0.02,0.0,41.14,41.14,19.53,15.98,0.0
柏诚股份,sh601133,15.5,15.98,15.5,124100.0,15.5,9200,15.51,3300,-3.0,15.5,15.5,124100,1920000.0,0.08,0.0,23.15,81.84,17.58,14.38,0.0
德尔未来,sz002631,6.35,6.41,6.35,220200.0,6.35,33000,6.36,300,-0.94,6.35,6.35,220200,1400000.0,0.03,0.0,50.39,50.63,7.05,5.77,0.0
创元科技,sz000551,14.3,14.57,14.3,81500.0,14.29,200,14.3,13100,-1.85,14.3,14.3,81500,1170000.0,0.02,0.0,69.07,69.32,16.03,13.11,0.0
浔兴股份,sz002098,9.53,9.61,9.53,20700.0,9.53,7800,9.55,39100,-0.83,9.53,9.53,20700,200000.0,0.01,0.0,34.12,34.12,10.57,8.65,0.0
合兴包装,sz002228,4.26,4.29,4.26,126600.0,4.25,147400,4.26,9700,-0.7,4.26,4.26,126600,540000.0,0.01,0.0,51.52,51.69,4.72,3.86,0.0
神农种业,sz300189,8.88,8.66,8.88,4445400.0,8.88,196100,8.89,175700,2.54,8.88,8.88,4445400,39480000.0,0.5,0.0,78.7,90.93,10.39,6.93,0.0
南宁百货,sh600712,6.1,6.2,6.1,40900.0,6.09,3000,6.1,10700,-1.61,6.1,6.1,40900,250000.0,0.01,0.0,32.86,33.22,6.82,5.58,0.0
集泰股份,sz002909,7.44,7.46,7.44,31400.0,7.44,5300,7.45,400,-0.27,7.44,7.44,31400,230000.0,0.01,0.0,28.3,29.02,8.21,6.71,0.0
鹏辉能源,sz300438,46.5,47.34,46.5,135400.0,46.46,200,46.5,27200,-1.77,46.5,46.5,135400,6300000.0,0.03,0.0,187.94,234.05,56.81,37.87,0.0
大中矿业,sz001203,35.31,35.81,35.31,190400.0,35.31,4600,35.35,100,-1.4,35.31,35.31,190400,6720000.0,0.01,0.0,464.44,541.33,39.39,32.23,0.0
菱电电控,sh688667,92.87,96.45,92.87,977900.0,92.87,1700,93.0,600,-3.71,92.87,92.87,977900,910000.0,0.02,0.0,48.94,48.94,115.74,77.16,0.0
海南海药,sz000566,5.69,5.77,5.69,205400.0,5.69,19900,5.7,18000,-1.39,5.69,5.69,205400,1170000.0,0.02,0.0,73.78,73.82,6.35,5.19,0.0
鲁信创投,sh600783,21.89,22.33,21.89,230200.0,21.89,9100,21.9,12800,-1.97,21.89,21.89,230200,5040000.0,0.03,0.0,162.94,162.94,24.56,20.1,0.0
鸿富瀚,sz301086,122.3,122.48,122.3,2600.0,122.22,100,122.3,100,-0.15,122.3,122.3,2600,320000.0,0.01,0.0,57.89,110.07,146.98,97.98,0.0
鹭燕医药,sz002788,14.68,15.04,14.68,274500.0,14.68,14100,14.69,5400,-2.39,14.68,14.68,274500,4030000.0,0.07,0.0,56.05,57.03,16.54,13.54,0.0
青鸟消防,sz002960,10.89,11.0,10.89,89800.0,10.88,3700,10.89,21000,-1.0,10.89,10.89,89800,980000.0,0.01,0.0,81.43,95.32,12.1,9.9,0.0
和林微纳,sh688661,86.66,94.5,86.66,9954600.0,86.66,5800,88.0,400,-8.3,86.66,86.66,9954600,8630000.0,0.07,0.0,131.63,131.63,113.4,75.6,0.0
联特科技,sz301205,227.33,237.72,227.33,321200.0,227.33,1800,227.7,700,-4.37,227.33,227.33,321200,73020000.0,0.47,0.0,154.49,294.95,285.26,190.18,0.0
天华新能,sz300390,43.5,45.3,43.5,324400.0,43.5,29200,43.55,200,-3.97,43.5,43.5,324400,14110000.0,0.05,0.0,292.55,361.38,54.36,36.24,0.0
可川科技,sh603052,56.6,58.7,56.6,66200.0,56.6,17200,56.62,9000,-3.58,56.6,56.6,66200,3750000.0,0.04,0.0,106.35,106.35,64.57,52.83,0.0
华康洁净,sz301235,53.4,54.88,53.4,129100.0,53.27,700,53.4,19800,-2.7,53.4,53.4,129100,6890000.0,0.18,0.0,38.85,57.55,65.86,43.9,0.0
石大胜华,sh603026,62.0,62.8,62.0,30600.0,62.0,1800,62.1,400,-1.27,62.0,62.0,30600,1900000.0,0.01,0.0,144.27,144.27,69.08,56.52,0.0
天宏锂电,bj920252,28.52,28.89,28.52,10300.0,28.5,300,28.52,700,-1.28,28.52,28.52,10300,294600.0,0.02,0.0,19.46,29.28,37.55,20.23,0.0
华瑞股份,sz300626,19.41,19.65,19.41,31000.0,19.41,1000,19.64,100,-1.22,19.41,19.41,31000,600000.0,0.02,0.0,34.92,34.94,23.58,15.72,0.0
京能电力,sh600578,5.58,5.56,5.58,577400.0,5.58,62900,5.59,62500,0.36,5.58,5.58,577400,3220000.0,0.01,0.0,373.56,373.56,6.12,5.0,0.0
山东黄金,sh600547,45.0,46.02,45.0,641100.0,44.99,400,45.0,376100,-2.22,45.0,45.0,641100,28850000.0,0.02,0.0,1626.5,2074.47,50.62,41.42,0.0
同惠电子,bj920509,33.0,33.72,33.0,18400.0,32.9,1000,33.0,22500,-2.14,33.0,33.0,18400,607200.0,0.02,0.0,27.61,52.9,43.83,23.61,0.0
博威合金,sh601137,20.01,20.75,20.01,541300.0,20.01,123600,20.02,6400,-3.57,20.01,20.01,541300,10830000.0,0.06,0.0,183.61,183.74,22.83,18.68,0.0
四方达,sz300179,25.02,26.0,25.02,423900.0,25.02,21600,25.15,1100,-3.77,25.02,25.02,423900,10610000.0,0.11,0.0,93.57,121.53,31.2,20.8,0.0
海博思创,sh688411,223.5,229.4,223.5,4148500.0,223.5,6900,224.0,600,-2.57,223.5,223.5,4148500,9270000.0,0.03,0.0,296.3,402.51,275.28,183.52,0.0
天振股份,sz301356,23.68,23.8,23.68,4900.0,23.63,100,23.68,1100,-0.5,23.68,23.68,4900,120000.0,0.01,0.0,12.98,51.15,28.56,19.04,0.0
艾可蓝,sz300816,65.7,69.12,65.7,46300.0,65.55,200,65.7,1500,-4.95,65.7,65.7,46300,3040000.0,0.08,0.0,37.23,52.56,82.94,55.3,0.0
富祥药业,sz300497,15.09,15.31,15.09,52900.0,15.08,1000,15.09,63200,-1.44,15.09,15.09,52900,800000.0,0.01,0.0,66.52,81.28,18.37,12.25,0.0
云南锗业,sz002428,41.46,43.19,41.46,938600.0,41.46,52000,41.48,800,-4.01,41.46,41.46,938600,38910000.0,0.14,0.0,270.75,270.78,47.51,38.87,0.0
中钨高新,sz000657,64.6,65.66,64.6,1018600.0,64.58,200,64.6,100,-1.61,64.6,64.6,1018600,65800000.0,0.07,0.0,938.59,1471.98,72.23,59.09,0.0
泓禧科技,bj920857,27.08,27.42,27.08,3300.0,27.08,500,27.39,2400,-1.24,27.08,27.08,3300,90300.0,0.0,0.0,20.04,20.04,35.64,19.2,0.0
盛剑科技,sh603324,24.68,25.12,24.68,16600.0,24.68,17500,25.12,300,-1.75,24.68,24.68,16600,410000.0,0.01,0.0,36.45,36.45,27.63,22.61,0.0
厦钨新能,sh688778,73.28,75.55,73.28,5202500.0,73.2,400,73.28,13300,-3.0,73.28,73.28,5202500,3810000.0,0.01,0.0,369.84,369.84,90.66,60.44,0.0
湖南裕能,sz301358,63.62,64.77,63.62,239400.0,63.61,12000,63.62,200,-1.78,63.62,63.62,239400,15230000.0,0.03,0.0,483.47,484.02,77.72,51.82,0.0
万润新能,sh688275,93.93,95.5,93.93,8711100.0,93.93,1300,94.0,300,-1.64,93.93,93.93,8711100,8180000.0,0.1,0.0,79.46,118.46,114.6,76.4,0.0
菲菱科思,sz301191,108.08,111.7,108.08,10100.0,108.08,900,108.35,800,-3.24,108.08,108.08,10100,1090000.0,0.02,0.0,56.42,74.94,134.04,89.36,0.0
英诺激光,sz301021,58.0,60.45,58.0,135100.0,57.95,300,58.0,35500,-4.05,58.0,58.0,135100,7840000.0,0.09,0.0,88.59,88.65,72.54,48.36,0.0
中材科技,sz002080,43.33,44.99,43.33,767400.0,43.32,1000,43.33,53300,-3.69,43.33,43.33,767400,33250000.0,0.05,0.0,727.13,727.13,49.49,40.49,0.0
茂莱光学,sh688502,328.0,337.78,328.0,1048100.0,328.0,1400,330.0,300,-2.9,328.0,328.0,1048100,3440000.0,0.02,0.0,173.18,173.18,405.34,270.22,0.0
阿特斯,sh688472,13.83,14.04,13.83,28219300.0,13.83,38200,13.84,79800,-1.5,13.83,13.83,28219300,3900000.0,0.02,0.0,186.38,503.85,16.85,11.23,0.0
恩捷股份,sz002812,60.0,61.25,60.0,272400.0,60.0,18300,60.02,5600,-2.04,60.0,60.0,272400,16340000.0,0.03,0.0,493.58,589.33,67.38,55.13,0.0
荣亿精密,bj920223,18.09,18.36,18.09,9400.0,18.08,5500,18.09,3700,-1.47,18.09,18.09,9400,170300.0,0.01,0.0,14.76,28.45,23.86,12.86,0.0
海峡股份,sz002320,9.91,10.01,9.91,80100.0,9.9,20300,9.91,6500,-1.0,9.91,9.91,80100,790000.0,0.0,0.0,221.46,221.46,11.01,9.01,0.0
山东赫达,sz002810,18.82,19.03,18.82,152800.0,18.82,1900,19.0,10700,-1.1,18.82,18.82,152800,2880000.0,0.05,0.0,60.8,65.66,20.93,17.13,0.0
东百集团,sh600693,12.69,12.95,12.69,162900.0,12.69,2300,12.7,40400,-2.01,12.69,12.69,162900,2070000.0,0.02,0.0,110.27,110.38,14.25,11.66,0.0
海峡创新,sz300300,14.26,14.19,14.26,886700.0,14.25,15700,14.26,5300,0.49,14.26,14.26,886700,12640000.0,0.13,0.0,95.09,95.09,17.03,11.35,0.0
锦华新材,bj920015,45.84,46.51,45.84,18000.0,45.82,400,45.84,0,-1.44,45.84,45.84,18000,823000.0,0.05,0.0,17.3,62.14,60.46,32.56,0.0
同宇新材,sz301630,193.01,196.75,193.01,19500.0,193.0,800,193.01,400,-1.9,193.01,193.01,19500,3760000.0,0.2,0.0,19.3,77.2,236.1,157.4,0.0
广钢气体,sh688548,26.9,25.8,26.9,39112100.0,26.79,1000,26.9,5300,4.26,26.9,26.9,39112100,10520000.0,0.06,0.0,185.94,354.92,30.96,20.64,0.0
马钢股份,sh600808,4.16,4.17,4.16,343600.0,4.16,41800,4.17,45900,-0.24,4.16,4.16,343600,1430000.0,0.01,0.0,248.26,320.35,4.59,3.75,0.0
捷邦科技,sz301326,146.68,154.0,146.68,19000.0,146.68,800,148.0,3400,-4.75,146.68,146.68,19000,2780000.0,0.07,0.0,40.05,106.65,184.8,123.2,0.0
华资实业,sh600191,13.35,13.36,13.35,121300.0,13.31,800,13.35,30700,-0.07,13.35,13.35,121300,1620000.0,0.03,0.0,64.74,64.74,14.7,12.02,0.0
永太科技,sz002326,22.3,22.79,22.3,531100.0,22.3,151500,22.4,300,-2.15,22.3,22.3,531100,11840000.0,0.07,0.0,180.22,206.3,25.07,20.51,0.0
浩通科技,sz301026,31.81,32.78,31.81,93400.0,31.8,1600,31.81,9400,-2.96,31.81,31.81,93400,2970000.0,0.08,0.0,36.36,50.35,39.34,26.22,0.0
申菱环境,sz301018,97.14,106.66,97.14,195800.0,97.14,4900,98.0,100,-8.93,97.14,97.14,195800,19020000.0,0.1,0.0,193.31,258.44,127.99,85.33,0.0
鼎胜新材,sh603876,18.45,18.84,18.45,230300.0,18.44,600,18.45,105400,-2.07,18.45,18.45,230300,4250000.0,0.02,0.0,171.45,171.45,20.72,16.96,0.0
英维克,sz002837,98.5,101.3,98.5,472600.0,98.5,3600,98.63,300,-2.76,98.5,98.5,472600,46550000.0,0.06,0.0,837.44,961.91,111.43,91.17,0.0
赛恩斯,sh688480,124.97,131.31,124.97,4910800.0,124.88,800,124.97,900,-4.83,124.97,124.97,4910800,6140000.0,0.05,0.0,119.13,119.13,157.57,105.05,0.0
华光新材,sh688379,53.32,54.78,53.32,1861600.0,53.3,1300,53.32,2000,-2.67,53.32,53.32,1861600,990000.0,0.02,0.0,48.03,48.03,65.74,43.82,0.0
英特科技,sz301399,20.32,20.53,20.32,5900.0,20.26,1000,20.32,1400,-1.02,20.32,20.32,5900,120000.0,0.01,0.0,11.11,37.6,24.64,16.42,0.0
德力股份,sz002571,12.78,12.94,12.78,80100.0,12.78,13400,12.8,600,-1.24,12.78,12.78,80100,1020000.0,0.03,0.0,38.12,50.09,14.23,11.65,0.0
新疆火炬,sh603080,25.34,24.41,25.34,144100.0,25.34,10100,25.36,1000,3.81,25.34,25.34,144100,3650000.0,0.1,0.0,35.86,35.86,26.85,21.97,0.0
漱玉平民,sz301017,14.88,15.07,14.88,11500.0,14.88,800,14.89,1000,-1.26,14.88,14.88,11500,170000.0,0.0,0.0,36.25,60.35,18.08,12.06,0.0
菲利华,sz300395,106.63,110.29,106.63,591100.0,106.63,2200,106.86,800,-3.32,106.63,106.63,591100,63030000.0,0.12,0.0,545.55,556.89,132.35,88.23,0.0
新宙邦,sz300037,54.39,54.69,54.39,64000.0,54.36,200,54.39,3300,-0.55,54.39,54.39,64000,3480000.0,0.01,0.0,292.85,408.9,65.63,43.75,0.0
恒坤新材,sh688727,49.81,51.24,49.81,3410200.0,49.73,300,49.81,1300,-2.79,49.81,49.81,3410200,1700000.0,0.07,0.0,25.03,223.81,61.49,40.99,0.0
国城矿业,sz000688,33.47,34.57,33.47,176000.0,33.46,100,33.47,1300,-3.18,33.47,33.47,176000,5890000.0,0.01,0.0,396.64,396.64,38.03,31.11,0.0
沃尔德,sh688028,108.0,114.0,108.0,16733700.0,108.0,6300,108.44,200,-5.26,108.0,108.0,16733700,18070000.0,0.11,0.0,163.02,163.02,136.8,91.2,0.0
德福科技,sz301511,34.89,35.48,34.89,349700.0,34.89,37500,34.97,1000,-1.66,34.89,34.89,349700,12200000.0,0.09,0.0,130.71,219.92,42.58,28.38,0.0
艾森股份,sh688720,67.54,69.55,67.54,1690800.0,67.54,4500,67.69,200,-2.89,67.54,67.54,1690800,1140000.0,0.03,0.0,38.08,59.53,83.46,55.64,0.0
康芝药业,sz300086,8.98,9.1,8.98,54400.0,8.98,1700,8.99,14200,-1.32,8.98,8.98,54400,490000.0,0.01,0.0,39.57,40.87,10.92,7.28,0.0
盛屯矿业,sh600711,14.35,14.82,14.35,1281400.0,14.34,1200,14.35,833400,-3.17,14.35,14.35,1281400,18390000.0,0.04,0.0,443.5,443.5,16.3,13.34,0.0
新莱应材,sz300260,52.0,53.31,52.0,170200.0,52.0,9000,52.78,1500,-2.46,52.0,52.0,170200,8850000.0,0.06,0.0,149.57,212.06,63.97,42.65,0.0
奥克股份,sz300082,10.0,10.08,10.0,59100.0,10.0,29600,10.06,5100,-0.79,10.0,10.0,59100,590000.0,0.01,0.0,67.82,68.01,12.1,8.06,0.0
波长光电,sz301421,90.0,92.52,90.0,38100.0,89.94,100,90.0,23100,-2.72,90.0,90.0,38100,3430000.0,0.08,0.0,41.68,104.15,111.02,74.02,0.0
佛塑科技,sz000973,13.08,13.18,13.08,361400.0,13.08,16500,13.1,1900,-0.76,13.08,13.08,361400,4730000.0,0.04,0.0,126.54,321.54,14.5,11.86,0.0
厦门钨业,sh600549,72.0,74.0,72.0,1644000.0,71.99,2700,72.0,41300,-2.7,72.0,72.0,1644000,118370000.0,0.11,0.0,1118.83,1143.06,81.4,66.6,0.0
博苑股份,sz301617,63.58,64.61,63.58,8900.0,63.58,1800,64.0,12500,-1.59,63.58,63.58,8900,570000.0,0.02,0.0,33.72,84.97,77.53,51.69,0.0
威尔高,sz301251,63.01,65.36,63.01,74000.0,63.01,47100,63.25,1000,-3.6,63.01,63.01,74000,4660000.0,0.14,0.0,34.02,84.87,78.43,52.29,0.0
捷众科技,bj920690,29.56,29.88,29.56,5300.0,29.56,900,29.6,600,-1.07,29.56,29.56,5300,156300.0,0.01,0.0,12.74,19.6,38.84,20.92,0.0
矩阵股份,sz301365,25.03,25.35,25.03,13400.0,25.01,400,25.3,2400,-1.26,25.03,25.03,13400,340000.0,0.01,0.0,25.38,45.05,30.42,20.28,0.0
长缆科技,sz002879,22.86,23.27,22.86,58400.0,22.86,2100,22.89,500,-1.76,22.86,22.86,58400,1340000.0,0.04,0.0,31.52,44.14,25.6,20.94,0.0
华自科技,sz300490,18.91,19.24,18.91,702500.0,18.91,31900,18.92,3700,-1.72,18.91,18.91,702500,13280000.0,0.18,0.0,74.36,75.39,23.09,15.39,0.0
国林科技,sz300786,15.82,16.06,15.82,22300.0,15.82,5400,15.84,4000,-1.49,15.82,15.82,22300,350000.0,0.02,0.0,23.15,29.11,19.27,12.85,0.0
浦东建设,sh600284,7.6,7.69,7.6,73600.0,7.6,23600,7.62,10000,-1.17,7.6,7.6,73600,560000.0,0.01,0.0,73.74,73.74,8.46,6.92,0.0
戎美股份,sz301088,15.32,15.51,15.32,15100.0,15.32,2600,15.48,500,-1.23,15.32,15.32,15100,230000.0,0.01,0.0,28.78,34.91,18.61,12.41,0.0
美联新材,sz300586,9.88,9.99,9.88,57100.0,9.86,14200,9.88,800,-1.1,9.88,9.88,57100,560000.0,0.01,0.0,52.82,70.27,11.99,7.99,0.0
芳源股份,sh688148,8.18,8.29,8.18,7242600.0,8.18,12600,8.28,4100,-1.33,8.18,8.18,7242600,590000.0,0.01,0.0,41.73,41.73,9.95,6.63,0.0
科创新源,sz300731,69.0,71.6,69.0,167600.0,68.9,12500,69.0,21600,-3.63,69.0,69.0,167600,11560000.0,0.14,0.0,82.92,87.24,85.92,57.28,0.0
鼎信通讯,sh603421,8.29,8.41,8.29,164900.0,8.28,32600,8.29,19400,-1.43,8.29,8.29,164900,1370000.0,0.03,0.0,54.07,54.07,9.25,7.57,0.0
ST围海,sz002586,4.91,4.87,4.91,82800.0,4.88,10000,4.91,94100,0.82,4.91,4.91,82800,410000.0,0.01,0.0,53.4,56.18,5.11,4.63,0.0
劲拓股份,sz300400,21.49,21.89,21.49,55300.0,21.49,8300,21.58,1000,-1.83,21.49,21.49,55300,1190000.0,0.02,0.0,51.56,52.14,26.27,17.51,0.0
杰美特,sz300868,38.97,40.0,38.97,42700.0,38.58,100,38.97,9700,-2.58,38.97,38.97,42700,1660000.0,0.05,0.0,31.47,49.86,48.0,32.0,0.0
嘉元科技,sh688388,44.2,46.1,44.2,27895900.0,44.17,1500,44.2,60400,-4.12,44.2,44.2,27895900,12330000.0,0.06,0.0,191.26,191.26,55.32,36.88,0.0
康欣新材,sh600076,3.62,3.7,3.62,205200.0,3.62,38900,3.68,15600,-2.16,3.62,3.62,205200,740000.0,0.02,0.0,48.67,48.67,4.07,3.33,0.0
龙图光罩,sh688721,43.0,43.96,43.0,2500900.0,43.0,700,43.18,400,-2.18,43.0,43.0,2500900,1080000.0,0.05,0.0,23.0,57.41,52.75,35.17,0.0
*ST熊猫,sh600599,4.19,4.41,4.19,97200.0,0.0,0,4.19,2257800,-4.99,4.19,4.19,97200,410000.0,0.06,0.0,6.96,6.96,4.63,4.19,0.0
*ST返利,sh600228,5.49,5.52,5.49,38800.0,5.48,16000,5.49,24900,-0.54,5.49,5.49,38800,210000.0,0.01,0.0,22.84,22.88,5.8,5.24,0.0
统联精密,sh688210,49.1,49.73,49.1,500000.0,49.0,1100,49.1,1600,-1.27,49.1,49.1,500000,250000.0,0.0,0.0,79.47,79.47,59.68,39.78,0.0
*ST宇顺,sz002289,27.51,28.13,27.51,14700.0,27.51,800,27.79,900,-2.2,27.51,27.51,14700,400000.0,0.01,0.0,77.02,77.1,29.54,26.72,0.0
*ST松发,sh603268,126.8,125.7,126.8,134400.0,126.0,300,126.8,2700,0.88,126.8,126.8,134400,17040000.0,0.06,0.0,295.76,1230.95,131.99,119.42,0.0
*ST荣控,sz000668,14.7,14.66,14.7,26000.0,14.7,20300,14.72,300,0.27,14.7,14.7,26000,380000.0,0.02,0.0,21.59,21.59,15.39,13.93,0.0
中国巨石,sh600176,25.13,26.35,25.13,1514200.0,25.13,200,25.14,1200,-4.63,25.13,25.13,1514200,38050000.0,0.04,0.0,1005.99,1005.99,28.99,23.72,0.0
*ST万方,sz000638,1.98,2.08,1.98,3415600.0,0.0,0,1.98,13422600,-4.81,1.98,1.98,3415600,6760000.0,1.1,0.0,6.14,6.17,2.18,1.98,0.0
南山铝业,sh600219,7.61,7.44,7.61,3995000.0,7.61,779300,7.62,74700,2.28,7.61,7.61,3995000,30400000.0,0.03,0.0,873.91,873.91,8.18,6.7,0.0
*ST建艺,sz002789,9.9,9.92,9.9,13400.0,9.85,3300,9.9,8700,-0.2,9.9,9.9,13400,130000.0,0.01,0.0,15.49,15.8,10.42,9.42,0.0
中矿资源,sz002738,76.5,79.07,76.5,440600.0,76.5,42100,76.98,200,-3.25,76.5,76.5,440600,33710000.0,0.06,0.0,543.95,551.94,86.98,71.16,0.0
天普股份,sh605255,110.56,116.16,110.56,44900.0,110.56,100,111.0,100,-4.82,110.56,110.56,44900,4960000.0,0.03,0.0,148.24,148.24,127.78,104.54,0.0
孚日股份,sz002083,10.96,11.24,10.96,571200.0,10.96,900,10.99,1000,-2.49,10.96,10.96,571200,6260000.0,0.06,0.0,103.72,103.75,12.36,10.12,0.0
*ST步森,sz002569,14.14,14.37,14.14,115400.0,14.14,6200,14.2,2000,-1.6,14.14,14.14,115400,1630000.0,0.08,0.0,19.79,20.36,15.09,13.65,0.0
川环科技,sz300547,34.5,35.25,34.5,78000.0,34.5,2500,34.51,100,-2.13,34.5,34.5,78000,2690000.0,0.04,0.0,61.49,74.83,42.3,28.2,0.0
*ST岩石,sh600696,1.85,1.87,1.85,56000.0,1.85,4900,1.86,71900,-1.07,1.85,1.85,56000,100000.0,0.02,0.0,6.19,6.19,1.96,1.78,0.0
ST西发,sz000752,10.47,10.47,10.47,147700.0,10.47,12300,10.48,1200,0.0,10.47,10.47,147700,1550000.0,0.06,0.0,27.62,27.62,10.99,9.95,0.0
尚太科技,sz001301,75.1,75.85,75.1,8800.0,75.05,100,75.1,800,-0.99,75.1,75.1,8800,660000.0,0.0,0.0,139.73,195.86,83.44,68.27,0.0
星环科技-U,sh688031,245.0,253.0,245.0,16014100.0,244.8,200,245.0,18500,-3.16,245.0,245.0,16014100,39230000.0,0.13,0.0,296.78,296.78,303.6,202.4,0.0
*ST云网,sz002306,2.22,2.34,2.22,4819600.0,0.0,0,2.22,4547000,-5.13,2.22,2.22,4819600,10700000.0,0.59,0.0,18.07,19.31,2.46,2.22,0.0
太极实业,sh600667,9.78,10.18,9.78,1619500.0,9.78,20600,9.79,65700,-3.93,9.78,9.78,1619500,15840000.0,0.08,0.0,204.55,204.55,11.2,9.16,0.0
世名科技,sz300522,11.9,12.11,11.9,28900.0,11.9,26200,11.99,100,-1.73,11.9,11.9,28900,340000.0,0.01,0.0,31.31,38.37,14.53,9.69,0.0
*ST精伦,sh600355,1.01,1.06,1.01,1782700.0,1.01,4941400,1.02,141100,-4.72,1.01,1.01,1782700,1800000.0,0.36,0.0,4.97,4.97,1.11,1.01,0.0
*ST惠程,sz002168,4.02,4.07,4.02,61900.0,4.01,13800,4.02,222000,-1.23,4.02,4.02,61900,250000.0,0.01,0.0,31.52,31.52,4.27,3.87,0.0
中一科技,sz301150,47.9,49.63,47.9,165600.0,47.9,1900,47.98,1500,-3.49,47.9,47.9,165600,7930000.0,0.07,0.0,106.62,111.72,59.56,39.7,0.0
银座股份,sh600858,6.08,6.13,6.08,112200.0,6.07,10000,6.08,7500,-0.82,6.08,6.08,112200,680000.0,0.02,0.0,31.47,31.62,6.74,5.52,0.0
*ST奥维,sz002231,0.6,0.6,0.0,0.0,0.0,0,0.0,0,0.0,0.0,0.0,0,0.0,0.0,0.0,1.85,2.08,0.63,0.57,0.0
盛新锂能,sz002240,37.77,39.22,37.77,543600.0,37.77,52300,38.0,14900,-3.7,37.77,37.77,543600,20530000.0,0.06,0.0,344.81,345.71,43.14,35.3,0.0
耀皮玻璃,sh600819,8.22,8.2,8.22,71000.0,8.21,5000,8.22,400,0.24,8.22,8.22,71000,580000.0,0.01,0.0,61.44,80.29,9.02,7.38,0.0
梅轮电梯,sh603321,7.86,7.86,7.86,44100.0,7.85,500,7.86,600,0.0,7.86,7.86,44100,350000.0,0.01,0.0,27.08,27.42,8.65,7.07,0.0
平安电工,sz001359,76.0,77.99,76.0,17400.0,75.55,100,76.0,7500,-2.55,76.0,76.0,17400,1320000.0,0.04,0.0,35.25,140.98,85.79,70.19,0.0
先导智能,sz300450,49.0,50.14,49.0,437500.0,48.99,100,49.0,67400,-2.27,49.0,49.0,437500,21440000.0,0.03,0.0,764.11,820.17,60.17,40.11,0.0
世龙实业,sz002748,13.42,13.39,13.42,51300.0,13.42,7400,13.45,1700,0.22,13.42,13.42,51300,690000.0,0.02,0.0,32.21,32.21,14.73,12.05,0.0
东方铁塔,sz002545,29.2,28.97,29.2,447600.0,29.18,1400,29.2,9200,0.79,29.2,29.2,447600,13070000.0,0.04,0.0,330.01,363.27,31.87,26.07,0.0
银河微电,sh688689,33.7,33.99,33.7,2947700.0,33.53,300,33.7,5700,-0.85,33.7,33.7,2947700,990000.0,0.02,0.0,43.44,43.44,40.79,27.19,0.0
北方华创,sz002371,448.0,465.38,448.0,133800.0,447.9,500,448.0,2300,-3.73,448.0,448.0,133800,59940000.0,0.02,0.0,3244.65,3247.25,511.92,418.84,0.0
隆扬电子,sz301389,49.39,50.6,49.39,38300.0,49.39,1900,49.5,19000,-2.39,49.39,49.39,38300,1890000.0,0.05,0.0,41.77,140.02,60.72,40.48,0.0
成都华微,sh688709,45.8,46.49,45.8,5164000.0,45.78,200,45.8,700,-1.48,45.8,45.8,5164000,2370000.0,0.02,0.0,101.56,291.68,55.79,37.19,0.0
科瑞技术,sz002957,27.3,28.4,27.3,518500.0,27.3,13100,27.32,1700,-3.87,27.3,27.3,518500,14160000.0,0.12,0.0,114.3,114.66,31.24,25.56,0.0
星德胜,sh603344,29.23,29.56,29.23,1300.0,29.22,1500,29.56,4400,-1.12,29.23,29.23,1300,40000.0,0.0,0.0,15.79,56.86,32.52,26.6,0.0
中科飞测,sh688361,164.9,170.0,164.9,4226000.0,164.88,800,164.9,4500,-3.0,164.9,164.9,4226000,6970000.0,0.02,0.0,409.43,577.42,204.0,136.0,0.0
上海港湾,sh605598,50.0,50.89,50.0,16300.0,49.95,100,50.0,2700,-1.75,50.0,50.0,16300,820000.0,0.01,0.0,121.51,122.29,55.98,45.8,0.0
兴瑞科技,sz002937,28.0,28.55,28.0,70700.0,27.99,1500,28.0,8800,-1.93,28.0,28.0,70700,1980000.0,0.02,0.0,83.15,83.38,31.41,25.7,0.0
德科立,sh688205,158.03,169.0,158.03,21384400.0,158.03,7100,158.7,6400,-6.49,158.03,158.03,21384400,33790000.0,0.14,0.0,250.14,250.14,202.8,135.2,0.0
华丰科技,sh688629,110.0,117.36,110.0,27311700.0,109.85,500,110.0,28500,-6.27,110.0,110.0,27311700,30040000.0,0.15,0.0,199.96,507.09,140.83,93.89,0.0
海通发展,sh603162,14.14,14.7,14.14,264400.0,14.14,11200,14.57,300,-3.81,14.14,14.14,264400,3740000.0,0.09,0.0,39.49,131.21,16.17,13.23,0.0
高德红外,sz002414,14.45,14.62,14.45,425900.0,14.45,11600,14.47,23400,-1.16,14.45,14.45,425900,6150000.0,0.01,0.0,491.1,617.12,16.08,13.16,0.0
贝特瑞,bj920185,27.5,28.19,27.5,104600.0,27.48,200,27.5,6800,-2.45,27.5,27.5,104600,2876100.0,0.01,0.0,307.35,313.0,36.64,19.74,0.0
凯格精机,sz301338,179.18,193.0,179.18,90700.0,179.18,16300,179.9,1100,-7.16,179.18,179.18,90700,16250000.0,0.15,0.0,105.98,190.65,231.6,154.4,0.0
和远气体,sz002971,32.8,33.17,32.8,12600.0,32.8,900,32.87,1000,-1.12,32.8,32.8,12600,410000.0,0.01,0.0,52.81,69.46,36.49,29.85,0.0
大族数控,sz301200,143.01,147.3,143.01,47700.0,143.01,800,143.5,300,-2.91,143.01,143.01,47700,6820000.0,0.01,0.0,602.62,680.67,176.76,117.84,0.0
九州一轨,sh688485,25.18,25.16,25.18,2384800.0,25.15,102400,25.18,900,0.08,25.18,25.18,2384800,600000.0,0.03,0.0,22.35,37.84,30.19,20.13,0.0
宝武镁业,sz002182,19.78,20.06,19.78,618100.0,19.78,800,19.8,8000,-1.4,19.78,19.78,618100,12230000.0,0.07,0.0,171.2,196.18,22.07,18.05,0.0
立高食品,sz300973,38.74,39.16,38.74,16500.0,38.7,600,38.75,400,-1.07,38.74,38.74,16500,640000.0,0.01,0.0,45.14,65.6,46.99,31.33,0.0
淳中科技,sh603516,148.0,154.0,148.0,65700.0,147.72,500,148.0,3600,-3.9,148.0,148.0,65700,9720000.0,0.03,0.0,300.84,300.84,169.4,138.6,0.0
生物股份,sh600201,14.79,14.95,14.79,216100.0,14.79,8300,14.8,31700,-1.07,14.79,14.79,216100,3200000.0,0.02,0.0,164.43,164.43,16.45,13.46,0.0
苏大维格,sz300331,43.62,45.9,43.62,111500.0,43.62,800,43.98,1900,-4.97,43.62,43.62,111500,4860000.0,0.05,0.0,91.7,113.26,55.08,36.72,0.0
中百集团,sz000759,6.35,6.44,6.35,137500.0,6.35,125100,6.37,14500,-1.4,6.35,6.35,137500,870000.0,0.02,0.0,41.64,42.07,7.08,5.8,0.0
国盾量子,sh688027,678.0,699.88,678.0,6614500.0,677.88,200,678.0,400,-3.13,678.0,678.0,6614500,44850000.0,0.08,0.0,544.94,697.4,839.86,559.9,0.0
龙蟠科技,sh603906,17.19,17.46,17.19,65300.0,17.18,7300,17.19,2800,-1.55,17.19,17.19,65300,1120000.0,0.01,0.0,97.14,117.77,19.21,15.71,0.0
利元亨,sh688499,52.7,53.77,52.7,5851100.0,52.6,200,52.7,3500,-1.99,52.7,52.7,5851100,3080000.0,0.03,0.0,88.92,88.92,64.52,43.02,0.0
华正新材,sh603186,67.0,70.37,67.0,134400.0,66.98,4200,67.0,9500,-4.79,67.0,67.0,134400,9000000.0,0.09,0.0,105.05,105.05,77.41,63.33,0.0
白云电器,sh603861,20.09,20.5,20.09,543900.0,20.09,85700,20.1,100,-2.0,20.09,20.09,543900,10930000.0,0.1,0.0,106.19,108.59,22.55,18.45,0.0
皖能电力,sz000543,8.69,8.75,8.69,485700.0,8.68,102700,8.69,215600,-0.69,8.69,8.69,485700,4220000.0,0.02,0.0,196.99,196.99,9.63,7.88,0.0
龙高股份,sh605086,38.01,38.01,38.01,4800.0,38.0,4300,38.01,5200,0.0,38.01,38.01,4800,180000.0,0.0,0.0,68.11,68.11,41.81,34.21,0.0
普蕊斯,sz301257,62.03,64.02,62.03,16900.0,62.03,100,63.8,800,-3.11,62.03,62.03,16900,1050000.0,0.02,0.0,46.72,49.01,76.82,51.22,0.0
安达科技,bj920809,7.01,7.15,7.01,255900.0,7.0,64700,7.01,4700,-1.96,7.01,7.01,255900,1793600.0000000002,0.06,0.0,32.18,41.99,9.29,5.01,0.0
艾迪药业,sh688488,16.68,16.94,16.68,3480800.0,16.67,200,16.68,43200,-1.53,16.68,16.68,3480800,580000.0,0.01,0.0,70.19,70.19,20.33,13.55,0.0
松霖科技,sh603992,30.0,30.49,30.0,44000.0,30.0,4100,30.11,800,-1.61,30.0,30.0,44000,1320000.0,0.01,0.0,128.33,128.33,33.54,27.44,0.0
欧科亿,sh688308,76.81,76.8,76.81,5869900.0,76.81,39600,76.93,2600,0.01,76.81,76.81,5869900,4510000.0,0.04,0.0,121.96,121.96,92.16,61.44,0.0
信德新材,sz301349,47.4,48.25,47.4,50000.0,47.35,1000,47.4,12300,-1.76,47.4,47.4,50000,2370000.0,0.1,0.0,23.18,48.35,57.9,38.6,0.0
*ST聆达,sz300125,8.77,8.92,8.77,219800.0,8.77,14300,8.86,7700,-1.68,8.77,8.77,219800,1930000.0,0.06,0.0,31.64,58.4,10.7,7.14,0.0
百奥泰,sh688177,22.44,22.62,22.44,922900.0,22.44,1600,22.62,2300,-0.8,22.44,22.44,922900,210000.0,0.0,0.0,92.92,92.92,27.14,18.1,0.0
菲林格尔,sh603226,32.79,32.78,32.79,35800.0,32.79,12100,32.88,200,0.03,32.79,32.79,35800,1170000.0,0.01,0.0,116.57,116.57,36.06,29.5,0.0
*ST智胜,sz002253,10.44,10.65,10.44,42000.0,10.44,1600,10.48,300,-1.97,10.44,10.44,42000,440000.0,0.02,0.0,21.75,23.56,11.18,10.12,0.0
中富电路,sz300814,102.0,108.21,102.0,189400.0,102.0,600,102.2,200,-5.74,102.0,102.0,189400,19320000.0,0.1,0.0,195.26,195.26,129.85,86.57,0.0
炬华科技,sz300360,18.24,18.61,18.24,256100.0,18.23,2000,18.24,21000,-1.99,18.24,18.24,256100,4670000.0,0.05,0.0,91.25,93.79,22.33,14.89,0.0
中能电气,sz300062,9.16,9.37,9.16,798700.0,9.15,46400,9.16,1900,-2.24,9.16,9.16,798700,7320000.0,0.17,0.0,41.99,57.7,11.24,7.5,0.0
益诺思,sh688710,52.71,52.71,52.71,135600.0,52.45,18500,52.71,5100,0.0,52.71,52.71,135600,70000.0,0.0,0.0,47.8,74.31,63.25,42.17,0.0
海目星,sh688559,54.8,56.66,54.8,18471800.0,54.8,62600,56.0,2000,-3.28,54.8,54.8,18471800,10120000.0,0.07,0.0,135.77,135.77,67.99,45.33,0.0
工业富联,sh601138,52.76,54.33,52.76,1888200.0,52.75,2300,52.76,411100,-2.89,52.76,52.76,1888200,99620000.0,0.01,0.0,10477.18,10477.18,59.76,48.9,0.0
赛微电子,sz300456,48.5,49.82,48.5,356600.0,48.5,13800,48.51,10400,-2.65,48.5,48.5,356600,17300000.0,0.06,0.0,289.76,355.12,59.78,39.86,0.0
唯万密封,sz301161,34.07,34.3,34.07,7000.0,34.0,500,34.07,7700,-0.67,34.07,34.07,7000,240000.0,0.01,0.0,40.88,40.88,41.16,27.44,0.0
雅化集团,sz002497,23.23,23.88,23.23,501100.0,23.23,3200,23.24,7900,-2.72,23.23,23.23,501100,11640000.0,0.05,0.0,245.9,267.74,26.27,21.49,0.0
丰元股份,sz002805,17.13,17.82,17.13,2360600.0,17.13,181800,17.15,2300,-3.87,17.13,17.13,2360600,40440000.0,0.85,0.0,47.71,47.97,19.6,16.04,0.0
天力锂能,sz301152,28.09,28.64,28.09,25300.0,28.09,200,28.3,2700,-1.92,28.09,28.09,25300,710000.0,0.04,0.0,19.94,33.35,34.37,22.91,0.0
完美世界,sz002624,19.74,20.2,19.74,668100.0,19.74,24100,19.75,1700,-2.28,19.74,19.74,668100,13190000.0,0.04,0.0,360.79,382.95,22.22,18.18,0.0
黄河旋风,sh600172,9.16,9.56,9.16,2331200.0,9.16,1600,9.17,56600,-4.18,9.16,9.16,2331200,21350000.0,0.18,0.0,116.91,132.1,10.52,8.6,0.0
道氏技术,sz300409,27.53,28.38,27.53,313600.0,27.52,600,27.53,10900,-3.0,27.53,27.53,313600,8630000.0,0.05,0.0,189.27,215.35,34.06,22.7,0.0
潮宏基,sz002345,10.78,10.88,10.78,104200.0,10.77,9700,10.78,31500,-0.92,10.78,10.78,104200,1120000.0,0.01,0.0,93.49,95.78,11.97,9.79,0.0
阿石创,sz300706,38.0,39.3,38.0,89600.0,37.99,200,38.0,1300,-3.31,38.0,38.0,89600,3400000.0,0.08,0.0,43.19,58.25,47.16,31.44,0.0
芯碁微装,sh688630,178.0,188.48,178.0,7952600.0,177.16,300,178.0,8200,-5.56,178.0,178.0,7952600,14160000.0,0.06,0.0,234.5,234.5,226.18,150.78,0.0
阿为特,bj920693,32.92,33.55,32.92,3900.0,32.9,1200,32.92,12000,-1.88,32.92,32.92,3900,126700.0,0.01,0.0,12.05,23.93,43.61,23.49,0.0
思泉新材,sz301489,187.0,194.95,187.0,33700.0,187.0,400,187.7,200,-4.08,187.0,187.0,33700,6300000.0,0.07,0.0,89.01,151.01,233.94,155.96,0.0
多瑞医药,sz301075,82.88,83.85,82.88,17700.0,82.13,2600,82.88,200,-1.16,82.88,82.88,17700,1470000.0,0.02,0.0,66.3,66.3,100.62,67.08,0.0
*ST大立,sz002214,18.3,18.3,18.3,8700.0,18.21,1100,18.3,2600,0.0,18.3,18.3,8700,160000.0,0.0,0.0,87.55,109.56,19.22,17.39,0.0
矽电股份,sz301629,271.0,282.55,271.0,12300.0,270.5,100,271.0,2500,-4.09,271.0,271.0,12300,3330000.0,0.12,0.0,28.27,113.08,339.06,226.04,0.0
博汇科技,sh688004,22.42,22.74,22.42,802600.0,22.42,1700,22.63,3200,-1.41,22.42,22.42,802600,180000.0,0.01,0.0,17.96,17.96,27.29,18.19,0.0
七彩化学,sz300758,15.37,15.74,15.37,143000.0,15.37,2500,15.46,1800,-2.35,15.37,15.37,143000,2200000.0,0.04,0.0,56.3,62.41,18.89,12.59,0.0
联化科技,sz002250,16.95,17.39,16.95,117900.0,16.93,5500,16.95,69400,-2.53,16.95,16.95,117900,2000000.0,0.01,0.0,151.7,152.53,19.13,15.65,0.0
南风股份,sz300004,14.0,14.48,14.0,261900.0,13.99,1200,14.0,95000,-3.31,14.0,14.0,261900,3670000.0,0.05,0.0,67.2,67.2,17.38,11.58,0.0
科源制药,sz301281,43.0,43.78,43.0,24600.0,43.0,2900,43.78,400,-1.78,43.0,43.0,24600,1060000.0,0.04,0.0,29.61,46.56,52.54,35.02,0.0
平潭发展,sz000592,12.23,12.04,12.23,2068700.0,12.23,6900,12.24,8300,1.58,12.23,12.23,2068700,25300000.0,0.11,0.0,234.22,236.26,13.24,10.84,0.0
凯立新材,sh688269,45.81,46.05,45.81,690000.0,45.81,600,45.96,500,-0.52,45.81,45.81,690000,320000.0,0.01,0.0,59.88,59.88,55.26,36.84,0.0
亿纬锂能,sz300014,59.7,60.3,59.7,332500.0,59.69,1300,59.7,110100,-1.0,59.7,59.7,332500,19850000.0,0.02,0.0,1193.89,1238.25,72.36,48.24,0.0
莱美药业,sz300006,5.12,5.25,5.12,683400.0,5.12,47300,5.13,72800,-2.48,5.12,5.12,683400,3500000.0,0.06,0.0,54.06,54.06,6.3,4.2,0.0
江海股份,sz002484,31.0,31.9,31.0,433300.0,30.99,1500,31.0,37000,-2.82,31.0,31.0,433300,13430000.0,0.05,0.0,254.35,263.66,35.09,28.71,0.0
明阳智能,sh601615,19.8,20.23,19.8,517000.0,19.8,5100,19.83,11600,-2.13,19.8,19.8,517000,10240000.0,0.02,0.0,447.78,447.78,22.25,18.21,0.0
*ST沐邦,sh603398,9.42,9.57,9.42,102100.0,9.41,4200,9.42,6400,-1.57,9.42,9.42,102100,960000.0,0.02,0.0,40.85,40.85,10.05,9.09,0.0
昇兴股份,sz002752,6.34,6.39,6.34,25400.0,6.34,5800,6.35,4000,-0.78,6.34,6.34,25400,160000.0,0.0,0.0,61.93,61.94,7.03,5.75,0.0
微导纳米,sh688147,74.5,77.37,74.5,8658600.0,74.4,2400,74.5,26800,-3.71,74.5,74.5,8658600,6450000.0,0.02,0.0,343.56,343.56,92.84,61.9,0.0
德方纳米,sz300769,39.62,42.31,39.62,428400.0,39.62,3400,39.77,1600,-6.36,39.62,39.62,428400,16970000.0,0.17,0.0,99.75,111.01,50.77,33.85,0.0
北京君正,sz300223,117.41,124.53,117.41,296800.0,117.41,4700,117.5,200,-5.72,117.41,117.41,296800,34850000.0,0.07,0.0,493.79,566.55,149.44,99.62,0.0
天齐锂业,sz002466,50.74,51.99,50.74,464000.0,50.73,5500,50.74,700,-2.4,50.74,50.74,464000,23540000.0,0.03,0.0,748.83,865.75,57.19,46.79,0.0
腾远钴业,sz301219,67.58,69.21,67.58,90900.0,67.58,300,67.63,300,-2.36,67.58,67.58,90900,6140000.0,0.03,0.0,195.28,199.17,83.05,55.37,0.0
罗博特科,sz300757,360.0,391.9,360.0,392200.0,359.99,100,360.0,38600,-8.14,360.0,360.0,392200,141190000.0,0.26,0.0,542.35,603.39,470.28,313.52,0.0
兴图新科,sh688081,39.82,40.03,39.82,1301500.0,39.82,3600,40.0,3500,-0.52,39.82,39.82,1301500,520000.0,0.01,0.0,41.03,41.03,48.04,32.02,0.0
国际复材,sz301526,12.23,12.54,12.23,1895600.0,12.23,172200,12.34,17500,-2.47,12.23,12.23,1895600,23180000.0,0.13,0.0,171.76,461.18,15.05,10.03,0.0
剑桥科技,sh603083,110.08,114.78,110.08,380500.0,110.08,85600,110.19,700,-4.09,110.08,110.08,380500,41880000.0,0.14,0.0,303.37,388.2,126.26,103.3,0.0
凌玮科技,sz301373,65.77,66.6,65.77,386100.0,65.77,23200,65.85,100,-1.25,65.77,65.77,386100,25390000.0,1.0,0.0,25.3,71.34,79.92,53.28,0.0
建投能源,sz000600,9.59,9.58,9.59,478100.0,9.58,43600,9.59,4400,0.1,9.59,9.59,478100,4580000.0,0.04,0.0,104.54,172.93,10.54,8.62,0.0
璞泰来,sh603659,26.34,26.61,26.34,594900.0,26.33,200,26.34,21700,-1.01,26.34,26.34,594900,15670000.0,0.03,0.0,562.73,562.73,29.27,23.95,0.0
安集科技,sh688019,242.01,247.3,242.01,2024100.0,242.01,400,242.39,300,-2.14,242.01,242.01,2024100,4900000.0,0.01,0.0,407.94,407.94,296.76,197.84,0.0
浙江美大,sz002677,8.76,8.84,8.76,21500.0,8.75,2900,8.76,700,-0.9,8.76,8.76,21500,190000.0,0.0,0.0,46.85,56.59,9.72,7.96,0.0
*ST金刚,sz300093,17.0,17.16,17.0,21000.0,16.85,900,17.0,100,-0.93,17.0,17.0,21000,360000.0,0.01,0.0,47.43,91.8,20.59,13.73,0.0
蓝丰生化,sz002513,7.44,7.43,7.44,867400.0,7.44,24800,7.45,6300,0.13,7.44,7.44,867400,6450000.0,0.3,0.0,21.5,27.94,8.17,6.69,0.0
宏达股份,sh600331,18.65,19.25,18.65,521200.0,18.62,8000,18.65,276500,-3.12,18.65,18.65,521200,9720000.0,0.03,0.0,378.97,492.66,21.18,17.33,0.0
浙江世宝,sz002703,22.7,23.73,22.7,601500.0,22.69,1000,22.7,9300,-4.34,22.7,22.7,601500,13650000.0,0.1,0.0,133.03,186.74,26.1,21.36,0.0
中孚实业,sh600595,8.9,8.69,8.9,917000.0,8.9,71300,8.91,7700,2.42,8.9,8.9,917000,8160000.0,0.02,0.0,356.7,356.7,9.56,7.82,0.0
惠威科技,sz002888,20.39,20.73,20.39,10700.0,20.39,100,20.5,1000,-1.64,20.39,20.39,10700,220000.0,0.01,0.0,15.28,30.1,22.8,18.66,0.0
惠丰钻石,bj920725,35.58,36.59,35.58,37700.0,35.56,500,35.58,6000,-2.76,35.58,35.58,37700,1343000.0,0.09,0.0,14.97,32.48,47.56,25.62,0.0
曙光数创,bj920808,78.0,80.18,78.0,33600.0,78.0,6400,78.15,1000,-2.72,78.0,78.0,33600,2619200.0,0.02,0.0,151.77,156.0,104.23,56.13,0.0
胜宏科技,sz300476,270.0,278.39,270.0,874600.0,269.99,100,270.0,91400,-3.01,270.0,270.0,874600,236140000.0,0.1,0.0,2313.84,2355.9,334.07,222.71,0.0
新筑股份,sz002480,6.51,6.51,6.51,783300.0,6.51,124400,6.52,200,0.0,6.51,6.51,783300,5100000.0,0.1,0.0,49.98,50.07,7.16,5.86,0.0
海南机场,sh600515,4.02,4.06,4.02,1054400.0,4.01,612500,4.02,400100,-0.99,4.02,4.02,1054400,4240000.0,0.01,0.0,368.88,459.3,4.47,3.65,0.0
龙竹科技,bj920445,11.3,11.44,11.3,126200.0,11.3,19500,11.32,3500,-1.22,11.3,11.3,126200,1426200.0,0.12,0.0,11.83,16.72,14.87,8.01,0.0
今创集团,sh603680,15.45,15.53,15.45,66000.0,15.4,10000,15.45,5700,-0.52,15.45,15.45,66000,1020000.0,0.01,0.0,121.08,121.08,17.08,13.98,0.0
永杰新材,sh603271,45.0,45.82,45.0,25000.0,45.0,200,45.38,1000,-1.79,45.0,45.0,25000,1130000.0,0.06,0.0,17.71,88.52,50.4,41.24,0.0
澄星股份,sh600078,13.16,13.11,13.16,1064500.0,13.16,57200,13.19,100,0.38,13.16,13.16,1064500,14010000.0,0.16,0.0,87.19,89.07,14.42,11.8,0.0
吉大正元,sz003029,23.95,24.19,23.95,27500.0,23.94,300,23.95,4900,-0.99,23.95,23.95,27500,660000.0,0.02,0.0,41.49,46.37,26.61,21.77,0.0
铜峰电子,sh600237,10.06,10.31,10.06,463600.0,10.05,12400,10.06,109800,-2.42,10.06,10.06,463600,4660000.0,0.07,0.0,62.84,63.45,11.34,9.28,0.0
快意电梯,sz002774,11.07,11.22,11.07,32600.0,11.03,1100,11.07,200,-1.34,11.07,11.07,32600,360000.0,0.01,0.0,31.19,37.27,12.34,10.1,0.0
鼎熔岩,sz301028,14.67,14.93,14.67,29800.0,14.67,200,14.75,17400,-1.74,14.67,14.67,29800,440000.0,0.01,0.0,36.45,56.34,17.92,11.94,0.0
捷佳伟创,sz300724,111.8,113.92,111.8,123700.0,111.78,100,111.8,100,-1.86,111.8,111.8,123700,13830000.0,0.04,0.0,321.66,389.39,136.7,91.14,0.0
凯撒旅业,sz000796,5.36,5.48,5.36,685100.0,5.35,209000,5.36,28700,-2.19,5.36,5.36,685100,3670000.0,0.05,0.0,71.33,85.96,6.03,4.93,0.0
中欣氟材,sz002915,21.81,22.01,21.81,36100.0,21.8,1700,21.81,200,-0.91,21.81,21.81,36100,790000.0,0.01,0.0,62.83,73.12,24.21,19.81,0.0
灵鸽科技,bj920284,35.0,35.4,35.0,5900.0,34.9,1500,35.0,9100,-1.13,35.0,35.0,5900,206900.0,0.01,0.0,23.72,36.67,46.02,24.78,0.0
南王科技,sz301355,12.65,12.87,12.65,36200.0,12.64,100,12.65,5200,-1.71,12.65,12.65,36200,460000.0,0.04,0.0,12.68,24.68,15.44,10.3,0.0
当升科技,sz300073,50.98,52.52,50.98,126400.0,50.95,100,50.98,212200,-2.93,50.98,50.98,126400,6440000.0,0.02,0.0,257.94,277.48,63.02,42.02,0.0
博士眼镜,sz300622,29.2,30.05,29.2,97700.0,29.2,18200,29.51,1100,-2.83,29.2,29.2,97700,2850000.0,0.06,0.0,45.49,66.53,36.06,24.04,0.0
汇成真空,sz301392,115.11,115.55,115.11,36100.0,115.08,300,115.11,1900,-0.38,115.11,115.11,36100,4160000.0,0.09,0.0,46.96,115.11,138.66,92.44,0.0
优优绿能,sz301590,192.93,196.68,192.93,25600.0,192.93,4300,193.0,2700,-1.91,192.93,192.93,25600,4940000.0,0.3,0.0,16.6,81.13,236.02,157.34,0.0
迪哲医药-U,sh688192,50.01,50.75,50.01,2082900.0,50.01,2000,50.75,3300,-1.46,50.01,50.01,2082900,1040000.0,0.0,0.0,230.39,232.36,60.9,40.6,0.0
东岳硅材,sz300821,13.44,13.82,13.44,383600.0,13.43,17100,13.44,3600,-2.75,13.44,13.44,383600,5160000.0,0.03,0.0,161.25,161.28,16.58,11.06,0.0
杰创智能,sz301248,49.96,51.4,49.96,70700.0,49.91,500,49.96,75100,-2.8,49.96,49.96,70700,3530000.0,0.06,0.0,56.12,76.79,61.68,41.12,0.0
科思科技,sh688788,60.62,62.36,60.62,2017200.0,60.62,2800,62.0,200,-2.79,60.62,60.62,2017200,1220000.0,0.01,0.0,95.1,95.1,74.83,49.89,0.0
溯联股份,sz301397,30.22,30.68,30.22,7600.0,30.22,300,30.45,1200,-1.5,30.22,30.22,7600,230000.0,0.01,0.0,21.38,47.04,36.82,24.54,0.0
五矿新能,sh688779,11.03,11.3,11.03,60319000.0,11.03,300,11.06,600,-2.39,11.03,11.03,60319000,6650000.0,0.03,0.0,212.79,212.79,13.56,9.04,0.0
利通科技,bj920225,26.3,26.11,26.3,52000.0,26.29,2800,26.3,1000,0.73,26.3,26.3,52000,1368500.0,0.06,0.0,21.77,33.38,33.94,18.28,0.0
鸿铭股份,sz301105,54.18,55.22,54.18,3300.0,53.98,800,54.19,100,-1.88,54.18,54.18,3300,180000.0,0.02,0.0,8.91,27.09,66.26,44.18,0.0
*ST亚振,sh603389,41.79,43.11,41.79,21400.0,41.79,200,41.95,200,-3.06,41.79,41.79,21400,890000.0,0.01,0.0,109.8,109.8,45.27,40.95,0.0
高澜股份,sz300499,36.76,37.8,36.76,712000.0,36.76,200,36.77,800,-2.75,36.76,36.76,712000,26170000.0,0.26,0.0,99.77,112.21,45.36,30.24,0.0
川金诺,sz300505,36.96,36.12,36.96,1020600.0,36.9,700,36.96,700,2.33,36.96,36.96,1020600,37720000.0,0.47,0.0,80.34,101.59,43.34,28.9,0.0
容百科技,sh688005,28.51,29.28,28.51,20438100.0,28.5,31400,28.51,33500,-2.63,28.51,28.51,20438100,5830000.0,0.03,0.0,203.74,203.77,35.14,23.42,0.0
元力股份,sz300174,16.7,16.94,16.7,87500.0,16.7,6700,16.81,200,-1.42,16.7,16.7,87500,1460000.0,0.02,0.0,60.61,60.82,20.33,13.55,0.0
天迈科技,sz300807,51.48,52.56,51.48,13700.0,51.48,300,52.36,500,-2.05,51.48,51.48,13700,710000.0,0.03,0.0,26.74,35.03,63.07,42.05,0.0
厦门港务,sz000905,12.66,12.72,12.66,168600.0,12.66,600,12.69,2500,-0.47,12.66,12.66,168600,2130000.0,0.02,0.0,93.91,93.91,13.99,11.45,0.0
鼎通科技,sh688668,137.94,146.0,137.94,7998600.0,137.94,3700,138.6,1700,-5.52,137.94,137.94,7998600,11030000.0,0.06,0.0,192.11,192.11,175.2,116.8,0.0
清水源,sz300437,19.5,20.08,19.5,493300.0,19.48,100,19.5,15300,-2.89,19.5,19.5,493300,9620000.0,0.28,0.0,34.28,49.22,24.1,16.06,0.0
标准股份,sh600302,11.78,12.03,11.78,47500.0,11.77,5000,11.78,72300,-2.08,11.78,11.78,47500,560000.0,0.01,0.0,40.76,40.76,13.23,10.83,0.0
福鞍股份,sh603315,16.09,16.48,16.09,143000.0,16.08,8200,16.09,15800,-2.37,16.09,16.09,143000,2300000.0,0.04,0.0,51.55,51.55,18.13,14.83,0.0
海容冷链,sh603187,16.9,17.17,16.9,141300.0,16.89,500,16.9,3700,-1.57,16.9,16.9,141300,2390000.0,0.04,0.0,64.62,65.3,18.89,15.45,0.0
普利特,sz002324,16.82,17.06,16.82,220800.0,16.81,14800,16.82,14900,-1.41,16.82,16.82,220800,3710000.0,0.03,0.0,130.57,187.09,18.77,15.35,0.0
慧翰股份,sz301600,120.6,122.73,120.6,11100.0,120.6,2100,121.0,1000,-1.74,120.6,120.6,11100,1340000.0,0.03,0.0,38.9,126.06,147.28,98.18,0.0
长海股份,sz300196,18.42,19.06,18.42,343100.0,18.42,6800,18.43,10800,-3.36,18.42,18.42,343100,6320000.0,0.14,0.0,45.48,75.29,22.87,15.25,0.0
凯旺科技,sz301182,48.5,50.51,48.5,52900.0,48.28,700,48.5,10800,-3.98,48.5,48.5,52900,2570000.0,0.06,0.0,46.47,46.47,60.61,40.41,0.0
骄成超声,sh688392,113.4,121.99,113.4,3313200.0,113.4,5400,114.67,500,-7.04,113.4,113.4,3313200,3760000.0,0.03,0.0,131.24,131.24,146.39,97.59,0.0
飞鹿股份,sz300665,8.1,8.19,8.1,122300.0,8.1,34400,8.12,50000,-1.1,8.1,8.1,122300,990000.0,0.06,0.0,17.66,17.73,9.83,6.55,0.0
氯碱化工,sh600618,16.35,15.93,16.35,781000.0,16.35,72300,16.36,19900,2.64,16.35,16.35,781000,12770000.0,0.1,0.0,122.6,189.07,17.52,14.34,0.0
神工股份,sh688233,77.0,82.5,77.0,5106100.0,76.89,500,77.0,1000,-6.67,77.0,77.0,5106100,3930000.0,0.03,0.0,131.14,131.14,99.0,66.0,0.0
强瑞技术,sz301128,100.23,102.6,100.23,43400.0,100.23,3600,100.26,300,-2.31,100.23,100.23,43400,4350000.0,0.05,0.0,88.43,103.68,123.12,82.08,0.0
巨一科技,sh688162,32.69,32.83,32.69,538600.0,32.4,10000,32.69,1500,-0.43,32.69,32.69,538600,180000.0,0.0,0.0,44.82,44.82,39.4,26.26,0.0
联赢激光,sh688518,25.96,26.92,25.96,9062400.0,25.96,12800,25.98,11400,-3.57,25.96,25.96,9062400,2350000.0,0.03,0.0,88.61,88.61,32.3,21.54,0.0
金海高科,sh603311,16.0,16.16,16.0,15200.0,16.0,2100,16.15,8300,-0.99,16.0,16.0,15200,240000.0,0.01,0.0,37.74,37.74,17.78,14.54,0.0
惠博普,sz002554,4.83,4.5,4.83,2967000.0,4.82,86200,4.83,157700,7.33,4.83,4.83,2967000,14330000.0,0.22,0.0,64.41,64.42,4.95,4.05,0.0
航天动力,sh600343,34.09,35.15,34.09,583600.0,34.09,42800,34.1,600,-3.02,34.09,34.09,583600,19890000.0,0.09,0.0,217.56,217.56,38.67,31.64,0.0
国晟科技,sh603778,17.11,17.11,17.11,2478500.0,17.1,27300,17.11,309500,0.0,17.11,17.11,2478500,42410000.0,0.39,0.0,109.99,112.35,18.82,15.4,0.0
安 纳 达,sz002136,14.61,14.38,14.61,173600.0,14.61,59400,14.62,300,1.6,14.61,14.61,173600,2540000.0,0.08,0.0,31.33,31.41,15.82,12.94,0.0
康鹏科技,sh688602,8.25,8.3,8.25,4985400.0,8.24,14300,8.25,23200,-0.6,8.25,8.25,4985400,410000.0,0.02,0.0,21.42,42.85,9.96,6.64,0.0
派能科技,sh688063,68.6,67.36,68.6,12387000.0,68.6,1800,68.62,200,1.84,68.6,68.6,12387000,8500000.0,0.05,0.0,168.32,168.32,80.83,53.89,0.0
福瑞医科,sz300049,55.65,56.99,55.65,36500.0,55.65,1300,55.67,1400,-2.35,55.65,55.65,36500,2030000.0,0.02,0.0,129.94,147.46,68.39,45.59,0.0
欧陆通,sz300870,285.27,301.0,285.27,81500.0,285.27,100,285.99,100,-5.23,285.27,285.27,81500,23250000.0,0.07,0.0,311.0,311.03,361.2,240.8,0.0
硕贝德,sz300322,27.7,28.28,27.7,205600.0,27.7,18700,27.71,1000,-2.05,27.7,27.7,205600,5700000.0,0.05,0.0,122.0,127.43,33.94,22.62,0.0
纳科诺尔,bj920522,64.01,66.22,64.01,35300.0,64.01,200,64.06,12500,-3.34,64.01,64.01,35300,2256600.0,0.03,0.0,83.24,100.34,86.08,46.36,0.0
星源材质,sz300568,13.43,13.78,13.43,648500.0,13.43,26200,13.48,500,-2.54,13.43,13.43,648500,8710000.0,0.05,0.0,163.46,180.73,16.54,11.02,0.0
飞荣达,sz300602,35.12,36.64,35.12,623400.0,35.12,17600,35.14,30800,-4.15,35.12,35.12,623400,21890000.0,0.16,0.0,138.87,204.35,43.97,29.31,0.0
瑞尔特,sz002790,8.1,8.15,8.1,35700.0,8.09,2000,8.1,7800,-0.61,8.1,8.1,35700,290000.0,0.01,0.0,21.12,33.85,8.97,7.34,0.0
招金黄金,sz000506,19.63,19.99,19.63,367800.0,19.63,8100,19.64,27000,-1.8,19.63,19.63,367800,7220000.0,0.04,0.0,182.31,182.37,21.99,17.99,0.0
德邦科技,sh688035,64.8,68.54,64.8,18950800.0,64.68,600,64.8,28800,-5.46,64.8,64.8,18950800,12280000.0,0.13,0.0,92.17,92.17,82.25,54.83,0.0
融捷股份,sz002192,53.13,54.84,53.13,112800.0,53.1,300,53.13,10300,-3.12,53.13,53.13,112800,5990000.0,0.04,0.0,137.67,137.95,60.32,49.36,0.0
永杉锂业,sh603399,10.79,11.06,10.79,182700.0,10.78,6300,10.79,66900,-2.44,10.79,10.79,182700,1970000.0,0.04,0.0,55.28,55.28,12.17,9.95,0.0
安妮股份,sz002235,10.61,10.67,10.61,706700.0,10.6,10700,10.61,32900,-0.56,10.61,10.61,706700,7500000.0,0.13,0.0,58.73,61.49,11.74,9.6,0.0
海欣食品,sz002702,6.17,6.22,6.17,92100.0,6.16,1500,6.17,5300,-0.8,6.17,6.17,92100,570000.0,0.02,0.0,28.3,34.29,6.84,5.6,0.0
深桑达Ａ,sz000032,18.71,18.96,18.71,152400.0,18.7,49600,18.71,14000,-1.32,18.71,18.71,152400,2850000.0,0.01,0.0,203.82,227.36,20.86,17.06,0.0
近岸蛋白,sh688137,41.15,42.19,41.15,1257100.0,41.15,2700,42.0,1000,-2.47,41.15,41.15,1257100,520000.0,0.04,0.0,13.45,28.88,50.63,33.75,0.0
日联科技,sh688531,73.8,75.74,73.8,7297300.0,73.8,4600,75.0,200,-2.56,73.8,73.8,7297300,5390000.0,0.07,0.0,78.94,122.21,90.89,60.59,0.0
京粮控股,sz000505,7.31,7.26,7.31,401500.0,7.31,1700,7.32,22400,0.69,7.31,7.31,401500,2940000.0,0.06,0.0,46.23,53.14,7.99,6.53,0.0
双星新材,sz002585,7.38,7.41,7.38,255100.0,7.37,15300,7.38,1900,-0.4,7.38,7.38,255100,1880000.0,0.03,0.0,65.44,84.23,8.15,6.67,0.0
上海九百,sh600838,10.69,10.86,10.69,109400.0,10.68,3300,10.69,8000,-1.57,10.69,10.69,109400,1170000.0,0.03,0.0,42.85,42.85,11.95,9.77,0.0
中银证券,sh601696,13.5,13.75,13.5,826900.0,13.49,8600,13.5,114200,-1.82,13.5,13.5,826900,11160000.0,0.03,0.0,375.03,375.03,15.13,12.38,0.0
双杰电气,sz300444,17.68,17.65,17.68,2043300.0,17.67,1000,17.68,0,0.17,17.68,17.68,2043300,36130000.0,0.33,0.0,109.87,141.2,21.18,14.12,0.0
光大同创,sz301387,57.92,59.37,57.92,9800.0,57.92,3000,58.29,4000,-2.44,57.92,57.92,9800,570000.0,0.02,0.0,24.72,61.83,71.24,47.5,0.0
国轩高科,sz002074,35.82,36.3,35.82,363900.0,35.82,1300,35.83,23500,-1.32,35.82,35.82,363900,13030000.0,0.02,0.0,621.9,649.82,39.93,32.67,0.0
东方电气,sh600875,42.11,44.22,42.11,4296300.0,42.11,29100,42.12,100,-4.77,42.11,42.11,4296300,180920000.0,0.19,0.0,953.1,1456.32,48.64,39.8,0.0
灿勤科技,sh688182,29.47,29.9,29.47,4262100.0,29.47,300,29.89,300,-1.44,29.47,29.47,4262100,1260000.0,0.01,0.0,117.88,117.88,35.88,23.92,0.0
海思科,sz002653,47.16,47.07,47.16,15500.0,47.16,8700,47.17,200,0.19,47.16,47.16,15500,730000.0,0.0,0.0,227.9,528.15,51.78,42.36,0.0
诺德股份,sh600110,7.53,7.73,7.53,347100.0,7.53,41400,7.54,60000,-2.59,7.53,7.53,347100,2610000.0,0.02,0.0,130.66,130.66,8.5,6.96,0.0
中伟新材,sz300919,50.11,51.53,50.11,167200.0,50.11,74200,50.18,600,-2.76,50.11,50.11,167200,8380000.0,0.02,0.0,457.25,522.27,61.84,41.22,0.0
东方钽业,sz000962,52.82,53.78,52.82,349200.0,52.82,37400,52.98,400,-1.79,52.82,52.82,349200,18440000.0,0.07,0.0,264.98,266.67,59.16,48.4,0.0
株冶集团,sh600961,21.5,22.23,21.5,358400.0,21.5,17200,21.55,100,-3.28,21.5,21.5,358400,7710000.0,0.05,0.0,161.64,230.67,24.45,20.01,0.0
泰和科技,sz300801,28.05,28.61,28.05,47200.0,28.05,100,28.08,1100,-1.96,28.05,28.05,47200,1320000.0,0.03,0.0,38.29,61.27,34.33,22.89,0.0
联瑞新材,sh688300,71.19,75.0,71.19,12509300.0,71.19,2400,71.25,300,-5.08,71.19,71.19,12509300,8910000.0,0.05,0.0,171.9,171.9,90.0,60.0,0.0
先锋精科,sh688605,60.92,63.2,60.92,4327300.0,60.88,1000,60.92,10900,-3.61,60.92,60.92,4327300,2640000.0,0.04,0.0,66.01,123.29,75.84,50.56,0.0
漳州发展,sz000753,7.25,7.33,7.25,120400.0,7.25,8100,7.28,10000,-1.09,7.25,7.25,120400,870000.0,0.01,0.0,71.88,71.88,8.06,6.6,0.0
宏工科技,sz301662,175.78,181.58,175.78,6000.0,175.58,100,175.78,8900,-3.19,175.78,175.78,6000,1050000.0,0.04,0.0,29.23,140.62,217.9,145.26,0.0
华峰测控,sh688200,256.0,265.71,256.0,1783700.0,256.0,700,256.5,1000,-3.65,256.0,256.0,1783700,4570000.0,0.01,0.0,346.97,346.97,318.85,212.57,0.0
金鹰股份,sh600232,8.13,8.2,8.13,27900.0,8.13,600,8.17,1200,-0.85,8.13,8.13,27900,230000.0,0.01,0.0,29.65,29.65,9.02,7.38,0.0
凯盛新材,sz301069,23.09,23.05,23.09,122500.0,23.06,100,23.09,5000,0.17,23.09,23.09,122500,2830000.0,0.03,0.0,98.54,104.64,27.66,18.44,0.0
飞龙股份,sz002536,33.99,36.47,33.99,569300.0,33.99,23400,34.0,1100,-6.8,33.99,33.99,569300,19350000.0,0.1,0.0,185.05,195.37,40.12,32.82,0.0
华新建材,sh600801,23.0,23.36,23.0,70500.0,23.0,2900,23.18,100,-1.54,23.0,23.0,70500,1620000.0,0.01,0.0,308.59,478.17,25.7,21.02,0.0
双鹭药业,sz002038,6.17,6.26,6.17,369000.0,6.16,17500,6.17,121100,-1.44,6.17,6.17,369000,2280000.0,0.04,0.0,52.56,63.39,6.89,5.63,0.0
奥锐特,sh605116,25.28,25.52,25.28,11300.0,25.24,100,25.28,2600,-0.94,25.28,25.28,11300,290000.0,0.0,0.0,102.68,102.68,28.07,22.97,0.0
劲嘉股份,sz002191,3.87,3.91,3.87,175000.0,3.87,161900,3.88,114300,-1.02,3.87,3.87,175000,680000.0,0.01,0.0,55.75,56.18,4.3,3.52,0.0
至纯科技,sh603690,26.65,27.02,26.65,138100.0,26.63,4000,26.65,5900,-1.37,26.65,26.65,138100,3680000.0,0.04,0.0,102.06,102.06,29.72,24.32,0.0
晶盛机电,sz300316,46.68,47.4,46.68,471500.0,46.68,15900,46.8,9700,-1.52,46.68,46.68,471500,22010000.0,0.04,0.0,574.89,611.29,56.88,37.92,0.0
欣旺达,sz300207,24.6,25.0,24.6,544000.0,24.6,63500,24.61,900,-1.6,24.6,24.6,544000,13380000.0,0.03,0.0,421.6,454.48,30.0,20.0,0.0
泰坦股份,sz003036,18.0,18.03,18.0,84800.0,17.94,2400,18.0,11900,-0.17,18.0,18.0,84800,1530000.0,0.04,0.0,38.93,38.93,19.83,16.23,0.0
图南股份,sz300855,43.73,44.96,43.73,103500.0,43.73,900,43.96,900,-2.74,43.73,43.73,103500,4530000.0,0.04,0.0,128.11,172.97,53.95,35.97,0.0
硕世生物,sh688399,59.39,59.72,59.39,388500.0,59.01,500,59.39,9400,-0.55,59.39,59.39,388500,230000.0,0.0,0.0,49.81,49.81,71.66,47.78,0.0
永兴材料,sz002756,67.3,68.88,67.3,220100.0,67.21,200,67.3,1200,-2.29,67.3,67.3,220100,14810000.0,0.06,0.0,261.62,362.82,75.77,61.99,0.0
纳芯微,sh688052,160.18,164.33,160.18,1723800.0,160.18,100,161.13,1300,-2.53,160.18,160.18,1723800,2760000.0,0.01,0.0,228.3,260.49,197.2,131.46,0.0
翔港科技,sh603499,22.96,23.17,22.96,23000.0,22.94,300,22.96,400,-0.91,22.96,22.96,23000,530000.0,0.01,0.0,69.48,69.48,25.49,20.85,0.0
中闽能源,sh600163,6.58,6.56,6.58,571600.0,6.57,3700,6.58,42400,0.3,6.58,6.58,571600,3760000.0,0.03,0.0,125.22,125.22,7.22,5.9,0.0
焦作万方,sz000612,14.96,14.56,14.96,567500.0,14.96,16100,14.97,20500,2.75,14.96,14.96,567500,8490000.0,0.05,0.0,178.24,178.35,16.02,13.1,0.0
中科电气,sz300035,19.56,19.96,19.56,166000.0,19.55,2300,19.56,1200,-2.0,19.56,19.56,166000,3250000.0,0.03,0.0,114.1,134.07,23.95,15.97,0.0
温州宏丰,sz300283,8.18,8.33,8.18,166400.0,8.18,1100,8.19,60600,-1.8,8.18,8.18,166400,1360000.0,0.05,0.0,30.04,40.65,10.0,6.66,0.0
东宝生物,sz300239,5.85,5.91,5.85,33200.0,5.85,16000,5.86,16600,-1.02,5.85,5.85,33200,190000.0,0.01,0.0,34.5,34.73,7.09,4.73,0.0
天承科技,sh688603,84.0,86.85,84.0,5609600.0,84.0,3000,86.82,400,-3.28,84.0,84.0,5609600,4710000.0,0.12,0.0,39.83,104.77,104.22,69.48,0.0
金杯电工,sz002533,16.04,16.35,16.04,483800.0,16.03,8700,16.04,1800,-1.9,16.04,16.04,483800,7760000.0,0.08,0.0,102.28,117.72,17.99,14.72,0.0
力星股份,sz300421,25.18,26.0,25.18,85600.0,25.18,21600,25.4,3500,-3.15,25.18,25.18,85600,2160000.0,0.04,0.0,58.0,74.04,31.2,20.8,0.0
海南高速,sz000886,6.25,6.32,6.25,212800.0,6.24,13800,6.25,16100,-1.11,6.25,6.25,212800,1330000.0,0.02,0.0,61.11,61.8,6.95,5.69,0.0
沪硅产业,sh688126,19.25,19.57,19.25,24783700.0,19.23,200,19.25,24500,-1.64,19.25,19.25,24783700,4770000.0,0.01,0.0,525.84,636.22,23.48,15.66,0.0
科力远,sh600478,7.61,7.73,7.61,461500.0,7.61,46500,7.62,32200,-1.55,7.61,7.61,461500,3510000.0,0.03,0.0,126.75,126.75,8.5,6.96,0.0
同兴科技,sz003027,22.69,22.88,22.69,16700.0,22.41,2200,22.7,100,-0.83,22.69,22.69,16700,380000.0,0.02,0.0,23.79,29.66,25.17,20.59,0.0
天奈科技,sh688116,41.3,42.0,41.3,5913300.0,41.28,2800,41.3,900,-1.67,41.3,41.3,5913300,2440000.0,0.02,0.0,151.38,151.38,50.4,33.6,0.0
皇氏集团,sz002329,3.85,3.89,3.85,173500.0,3.84,33600,3.85,21500,-1.03,3.85,3.85,173500,670000.0,0.03,0.0,25.04,32.05,4.28,3.5,0.0
赤峰黄金,sh600988,38.99,39.94,38.99,780800.0,38.98,1300,38.99,7400,-2.38,38.99,38.99,780800,30440000.0,0.05,0.0,648.76,740.97,43.93,35.95,0.0
利柏特,sh605167,18.42,18.64,18.42,36200.0,18.34,100,18.42,7000,-1.18,18.42,18.42,36200,670000.0,0.01,0.0,82.72,82.72,20.5,16.78,0.0
同益股份,sz300538,15.8,16.03,15.8,22100.0,15.8,11000,15.87,200,-1.43,15.8,15.8,22100,350000.0,0.02,0.0,19.12,28.74,19.24,12.82,0.0
新澳股份,sh603889,8.79,8.87,8.79,19500.0,8.77,3300,8.79,32000,-0.9,8.79,8.79,19500,170000.0,0.0,0.0,63.7,64.19,9.76,7.98,0.0
通用电梯,sz300931,13.01,13.1,13.01,51600.0,13.01,22300,13.1,500,-0.69,13.01,13.01,51600,670000.0,0.03,0.0,24.07,31.24,15.72,10.48,0.0
艾力斯,sh688578,95.8,97.33,95.8,8506800.0,95.8,18200,95.98,9200,-1.57,95.8,95.8,8506800,8150000.0,0.02,0.0,431.1,431.1,116.8,77.86,0.0
寒武纪-U,sh688256,1120.0,1154.88,1120.0,9685500.0,1120.0,7200,1121.54,200,-3.02,1120.0,1120.0,9685500,108480000.0,0.02,0.0,4685.52,4722.87,1385.86,923.9,0.0
山东玻纤,sh605006,9.1,9.33,9.1,168700.0,9.09,500,9.1,92600,-2.47,9.1,9.1,168700,1540000.0,0.03,0.0,54.6,54.6,10.26,8.4,0.0
瑞泰新材,sz301238,19.48,19.75,19.48,26300.0,19.47,2500,19.48,17100,-1.37,19.48,19.48,26300,510000.0,0.0,0.0,142.85,142.85,23.7,15.8,0.0
光库科技,sz300620,155.0,162.16,155.0,182600.0,155.0,15100,155.01,100,-4.42,155.0,155.0,182600,28300000.0,0.07,0.0,383.02,386.23,194.59,129.73,0.0
巨人网络,sz002558,35.03,35.6,35.03,109100.0,35.03,14700,35.07,100,-1.6,35.03,35.03,109100,3820000.0,0.01,0.0,677.74,677.74,39.16,32.04,0.0
洛凯股份,sh603829,24.98,25.28,24.98,64900.0,24.98,2900,25.0,11700,-1.19,24.98,24.98,64900,1620000.0,0.03,0.0,46.53,46.53,27.81,22.75,0.0
杭可科技,sh688006,26.6,26.89,26.6,9752300.0,26.59,500,26.6,38500,-1.08,26.6,26.6,9752300,2590000.0,0.02,0.0,160.58,160.58,32.27,21.51,0.0
福建水泥,sh600802,6.31,6.37,6.31,44500.0,6.31,3300,6.35,400,-0.94,6.31,6.31,44500,280000.0,0.01,0.0,28.92,28.92,7.01,5.73,0.0
西部黄金,sh601069,36.0,37.01,36.0,358300.0,35.98,900,36.0,399600,-2.73,36.0,36.0,358300,12900000.0,0.04,0.0,319.39,327.96,40.71,33.31,0.0
爱司凯,sz300521,30.35,30.86,30.35,30500.0,30.35,2600,30.4,600,-1.65,30.35,30.35,30500,930000.0,0.02,0.0,45.44,45.44,37.03,24.69,0.0
赣锋锂业,sz002460,64.0,65.89,64.0,355600.0,64.0,32400,64.03,7200,-2.87,64.0,64.0,355600,22760000.0,0.03,0.0,773.01,1341.88,72.48,59.3,0.0
贵研铂业,sh600459,22.25,23.14,22.25,476800.0,22.25,13600,22.26,3500,-3.85,22.25,22.25,476800,10610000.0,0.06,0.0,169.03,169.06,25.45,20.83,0.0
永冠新材,sh603681,22.28,22.15,22.28,114800.0,22.25,100,22.28,1300,0.59,22.28,22.28,114800,2560000.0,0.06,0.0,42.58,42.58,24.37,19.94,0.0
垒知集团,sz002398,5.58,5.64,5.58,96500.0,5.57,2200,5.58,2500,-1.06,5.58,5.58,96500,540000.0,0.02,0.0,31.77,38.95,6.2,5.08,0.0
精智达,sh688627,244.93,257.82,244.93,5018700.0,244.74,300,244.93,0,-5.0,244.93,244.93,5018700,12290000.0,0.07,0.0,177.21,230.26,309.38,206.26,0.0
合富中国,sh603122,16.9,17.08,16.9,116800.0,16.88,1100,16.9,69400,-1.05,16.9,16.9,116800,1970000.0,0.03,0.0,67.27,67.27,18.79,15.37,0.0
新亚制程,sz002388,5.17,5.25,5.17,153100.0,5.16,60200,5.17,22000,-1.52,5.17,5.17,153100,790000.0,0.03,0.0,26.17,26.4,5.78,4.73,0.0
润阳科技,sz300920,41.72,41.88,41.72,3500.0,41.58,100,41.73,1000,-0.38,41.72,41.72,3500,150000.0,0.01,0.0,23.11,41.72,50.26,33.5,0.0
赢合科技,sz300457,24.42,24.86,24.42,81400.0,24.4,4800,24.42,5400,-1.77,24.42,24.42,81400,1990000.0,0.01,0.0,154.75,157.55,29.83,19.89,0.0
大东方,sh600327,4.13,4.15,4.13,88200.0,4.12,11900,4.13,38100,-0.48,4.13,4.13,88200,360000.0,0.01,0.0,36.54,36.54,4.57,3.74,0.0
丰林集团,sh601996,2.51,2.53,2.51,278400.0,2.51,26500,2.52,94300,-0.79,2.51,2.51,278400,700000.0,0.02,0.0,28.13,28.13,2.78,2.28,0.0
广发证券,sz000776,19.8,20.07,19.8,494300.0,19.79,6100,19.8,54000,-1.35,19.8,19.8,494300,9790000.0,0.01,0.0,1169.0,1549.32,22.08,18.06,0.0
昭衍新药,sh603127,32.55,33.36,32.55,119100.0,32.52,700,32.55,28400,-2.43,32.55,32.55,119100,3880000.0,0.02,0.0,205.18,243.91,36.7,30.02,0.0
美盈森,sz002303,3.85,3.87,3.85,233500.0,3.85,15500,3.86,74700,-0.52,3.85,3.85,233500,900000.0,0.02,0.0,37.23,58.96,4.26,3.48,0.0
东方智造,sz002175,3.17,3.21,3.17,348600.0,3.17,29000,3.18,260000,-1.25,3.17,3.17,348600,1110000.0,0.03,0.0,40.47,40.47,3.53,2.89,0.0
金安国纪,sz002636,25.27,26.0,25.27,419600.0,25.26,400,25.27,800,-2.81,25.27,25.27,419600,10600000.0,0.06,0.0,183.03,183.97,28.6,23.4,0.0
百隆东方,sh601339,6.99,7.02,6.99,15200.0,6.99,1100,7.0,2900,-0.43,6.99,6.99,15200,110000.0,0.0,0.0,104.82,104.82,7.72,6.32,0.0
精研科技,sz300709,41.6,42.6,41.6,74400.0,41.6,600,41.61,200,-2.35,41.6,41.6,74400,3100000.0,0.05,0.0,62.1,77.41,51.12,34.08,0.0
金石资源,sh603505,20.71,21.0,20.71,124600.0,20.71,4100,20.73,300,-1.38,20.71,20.71,124600,2580000.0,0.01,0.0,174.31,174.31,23.1,18.9,0.0
联芸科技,sh688449,45.25,46.35,45.25,9931400.0,45.22,4700,45.25,500,-2.37,45.25,45.25,9931400,4490000.0,0.03,0.0,132.67,208.15,55.62,37.08,0.0
民德电子,sz300656,23.01,23.46,23.01,31100.0,23.0,2400,23.01,9800,-1.92,23.01,23.01,31100,720000.0,0.02,0.0,30.58,39.38,28.15,18.77,0.0
飞科电器,sh603868,35.75,36.16,35.75,5800.0,35.75,100,35.8,500,-1.13,35.75,35.75,5800,210000.0,0.0,0.0,155.73,155.73,39.78,32.54,0.0
海翔药业,sz002099,7.3,7.5,7.3,225700.0,7.28,9200,7.3,29600,-2.67,7.3,7.3,225700,1650000.0,0.01,0.0,117.95,118.17,8.25,6.75,0.0
东威科技,sh688700,38.9,40.12,38.9,7764700.0,38.9,2000,38.91,600,-3.04,38.9,38.9,7764700,3020000.0,0.03,0.0,116.08,116.08,48.14,32.1,0.0
磁谷科技,sh688448,62.31,63.25,62.31,20000.0,62.0,200,63.6,1500,-1.49,62.31,62.31,20000,10000.0,0.0,0.0,29.89,44.65,75.9,50.6,0.0
五新隧装,bj920174,43.7,44.08,43.7,4700.0,43.6,1700,43.7,2600,-0.86,43.7,43.7,4700,205700.0,0.01,0.0,38.02,94.79,57.3,30.86,0.0
上海谊众,sh688091,52.25,52.47,52.25,1041800.0,51.88,500,52.25,900,-0.42,52.25,52.25,1041800,540000.0,0.01,0.0,108.0,108.0,62.96,41.98,0.0
浙江东日,sh600113,57.1,57.1,57.1,20000.0,57.05,300,57.1,15900,0.0,57.1,57.1,20000,1140000.0,0.0,0.0,234.93,240.49,62.81,51.39,0.0
百达精工,sh603331,16.18,16.67,16.18,211500.0,16.18,10500,16.24,1200,-2.94,16.18,16.18,211500,3420000.0,0.1,0.0,32.71,32.71,18.34,15.0,0.0
万辰集团,sz300972,202.22,201.81,202.22,9500.0,201.81,200,202.82,1400,0.2,202.22,202.22,9500,1920000.0,0.01,0.0,354.53,386.83,242.17,161.45,0.0
*ST汇科,sz300561,11.2,11.42,11.2,89400.0,11.18,400,11.2,31900,-1.93,11.2,11.2,89400,1000000.0,0.04,0.0,27.0,36.75,13.7,9.14,0.0
电广传媒,sz000917,10.1,10.28,10.1,741700.0,10.09,8600,10.1,233600,-1.75,10.1,10.1,741700,7490000.0,0.05,0.0,143.16,143.17,11.31,9.25,0.0
富创精密,sh688409,94.34,97.81,94.34,3028800.0,94.34,200,95.0,300,-3.55,94.34,94.34,3028800,2860000.0,0.01,0.0,288.88,288.88,117.37,78.25,0.0
中信金属,sh601061,14.06,14.46,14.06,220500.0,14.06,17100,14.1,100,-2.77,14.06,14.06,220500,3100000.0,0.04,0.0,70.46,688.94,15.91,13.01,0.0
联泓新科,sz003022,20.46,20.39,20.46,105400.0,20.45,900,20.46,32400,0.34,20.46,20.46,105400,2160000.0,0.01,0.0,273.02,273.26,22.43,18.35,0.0
鼎龙股份,sz300054,41.6,42.71,41.6,317200.0,41.58,1000,41.6,40700,-2.6,41.6,41.6,317200,13200000.0,0.04,0.0,306.63,394.1,51.25,34.17,0.0
电投能源,sz002128,34.3,33.27,34.3,284300.0,34.3,32400,34.33,100,3.1,34.3,34.3,284300,9750000.0,0.01,0.0,768.86,768.86,36.6,29.94,0.0
山科智能,sz300897,26.81,27.15,26.81,3400.0,26.81,100,26.92,500,-1.25,26.81,26.81,3400,90000.0,0.0,0.0,23.44,37.59,32.58,21.72,0.0
力量钻石,sz301071,45.74,47.09,45.74,243000.0,45.74,5100,45.8,300,-2.87,45.74,45.74,243000,11110000.0,0.12,0.0,89.01,119.05,56.51,37.67,0.0
惠云钛业,sz300891,10.53,10.62,10.53,211000.0,10.53,18400,10.59,6000,-0.85,10.53,10.53,211000,2220000.0,0.06,0.0,35.0,42.12,12.74,8.5,0.0
华图山鼎,sz300492,68.99,69.56,68.99,2600.0,68.51,100,68.99,100,-0.82,68.99,68.99,2600,180000.0,0.0,0.0,135.69,135.69,83.47,55.65,0.0
蔚蓝锂芯,sz002245,17.41,17.74,17.41,567900.0,17.4,54800,17.41,8800,-1.86,17.41,17.41,567900,9890000.0,0.05,0.0,188.93,200.88,19.51,15.97,0.0
宏盛股份,sh603090,69.16,71.33,69.16,16700.0,69.12,100,69.16,200,-3.04,69.16,69.16,16700,1150000.0,0.02,0.0,69.16,69.16,78.46,64.2,0.0
纳思达,sz002180,19.0,19.35,19.0,88800.0,18.97,2100,19.0,1400,-1.81,19.0,19.0,88800,1690000.0,0.01,0.0,258.36,270.16,21.29,17.42,0.0
开能健康,sz300272,7.53,7.75,7.53,424100.0,7.53,49800,7.54,6700,-2.84,7.53,7.53,424100,3190000.0,0.09,0.0,34.97,46.04,9.3,6.2,0.0
方盛股份,bj920662,27.59,28.21,27.59,13300.0,27.53,7300,27.59,17100,-2.2,27.59,27.59,13300,367900.0,0.05,0.0,7.45,24.16,36.67,19.75,0.0
上海洗霸,sh603200,70.0,72.5,70.0,46400.0,69.92,100,70.0,70300,-3.45,70.0,70.0,46400,3250000.0,0.03,0.0,122.84,122.84,79.75,65.25,0.0
中创智领,sh601717,22.76,23.1,22.76,166400.0,22.75,500,22.76,10700,-1.47,22.76,22.76,166400,3790000.0,0.01,0.0,351.0,406.36,25.41,20.79,0.0
上海新阳,sz300236,73.0,74.82,73.0,55400.0,72.99,1000,73.0,14900,-2.43,73.0,73.0,55400,4040000.0,0.02,0.0,203.47,228.77,89.78,59.86,0.0
海光信息,sh688041,232.73,241.9,232.73,28129900.0,232.7,200,232.73,62200,-3.79,232.73,232.73,28129900,65470000.0,0.01,0.0,5409.43,5409.43,290.28,193.52,0.0
瑞丰新材,sz300910,53.82,55.12,53.82,42600.0,53.82,1200,54.65,500,-2.36,53.82,53.82,42600,2290000.0,0.02,0.0,111.67,159.27,66.14,44.1,0.0
锐捷网络,sz301165,83.5,85.0,83.5,40700.0,83.49,100,83.5,800,-1.76,83.5,83.5,40700,3400000.0,0.01,0.0,664.2,664.2,102.0,68.0,0.0
东阳光,sh600673,35.0,37.8,35.0,11869200.0,35.0,3131500,35.05,300,-7.41,35.0,35.0,11869200,415420000.0,0.4,0.0,1050.55,1053.34,41.58,34.02,0.0
天铁科技,sz300587,6.3,6.47,6.3,446800.0,6.3,47400,6.34,75000,-2.63,6.3,6.3,446800,2810000.0,0.04,0.0,66.27,81.79,7.76,5.18,0.0
联泰环保,sh603797,5.18,5.17,5.18,77000.0,5.16,800,5.18,51900,0.19,5.18,5.18,77000,400000.0,0.01,0.0,29.87,29.87,5.69,4.65,0.0
四川黄金,sz001337,56.6,57.47,56.6,487900.0,56.56,1500,56.6,21600,-1.51,56.6,56.6,487900,27620000.0,0.12,0.0,237.72,237.72,63.22,51.72,0.0
上海凤凰,sh600679,12.3,12.31,12.3,69000.0,12.28,800,12.3,18400,-0.08,12.3,12.3,69000,850000.0,0.02,0.0,42.27,63.38,13.54,11.08,0.0
中金黄金,sh600489,30.51,31.52,30.51,1435000.0,30.51,6800,30.52,800,-3.2,30.51,30.51,1435000,43780000.0,0.03,0.0,1478.92,1478.92,34.67,28.37,0.0
永新股份,sz002014,11.79,11.92,11.79,54400.0,11.78,500,11.79,7000,-1.09,11.79,11.79,54400,640000.0,0.01,0.0,71.27,72.21,13.11,10.73,0.0
新洋丰,sz000902,19.08,19.27,19.08,507200.0,19.06,1000,19.08,33500,-0.99,19.08,19.08,507200,9680000.0,0.04,0.0,218.04,239.4,21.2,17.34,0.0
家联科技,sz301193,28.33,28.87,28.33,95600.0,28.33,8900,28.48,600,-1.87,28.33,28.33,95600,2710000.0,0.07,0.0,39.23,55.29,34.64,23.1,0.0
晨光新材,sh605399,16.5,16.64,16.5,176400.0,16.45,1000,16.5,1400,-0.84,16.5,16.5,176400,2910000.0,0.06,0.0,51.4,51.51,18.3,14.98,0.0
上能电气,sz300827,38.29,38.83,38.29,227400.0,38.27,600,38.29,3100,-1.39,38.29,38.29,227400,8710000.0,0.06,0.0,147.51,213.16,46.6,31.06,0.0
晨丰科技,sh603685,28.9,29.13,28.9,6600.0,28.88,300,28.9,300,-0.79,28.9,28.9,6600,190000.0,0.0,0.0,58.22,72.52,32.04,26.22,0.0
ST合纵,sz300477,2.79,2.84,2.79,733000.0,2.79,118500,2.8,66700,-1.76,2.79,2.79,733000,2050000.0,0.07,0.0,27.64,29.91,3.41,2.27,0.0
兴发集团,sh600141,40.93,40.06,40.93,328500.0,40.92,1000,40.93,11900,2.17,40.93,40.93,328500,13450000.0,0.03,0.0,491.87,491.87,44.07,36.05,0.0
唯科科技,sz301196,84.01,86.53,84.01,16900.0,84.01,500,84.28,5400,-2.91,84.01,84.01,16900,1420000.0,0.02,0.0,68.86,105.28,103.84,69.22,0.0
中兴商业,sz000715,6.21,6.25,6.21,100400.0,6.21,8500,6.23,15100,-0.64,6.21,6.21,100400,620000.0,0.02,0.0,33.47,33.56,6.88,5.63,0.0
天岳先进,sh688234,78.5,81.17,78.5,6649000.0,78.38,300,78.5,200,-3.29,78.5,78.5,6649000,5220000.0,0.02,0.0,337.32,380.43,97.4,64.94,0.0
中色股份,sz000758,7.83,7.96,7.83,796200.0,7.83,188000,7.84,31200,-1.63,7.83,7.83,796200,6230000.0,0.04,0.0,154.73,155.85,8.76,7.16,0.0
振德医疗,sh603301,90.49,91.09,90.49,26600.0,90.49,2100,90.89,200,-0.66,90.49,90.49,26600,2410000.0,0.01,0.0,240.55,240.55,100.2,81.98,0.0
鼎阳科技,sh688112,44.0,44.88,44.0,1471700.0,43.86,5000,44.0,10600,-1.96,44.0,44.0,1471700,650000.0,0.01,0.0,70.22,70.22,53.86,35.9,0.0
兆威机电,sz003021,115.0,117.72,115.0,37700.0,115.0,900,115.14,200,-2.31,115.0,115.0,37700,4340000.0,0.02,0.0,238.4,276.84,129.49,105.95,0.0
富瑞特装,sz300228,11.71,11.21,11.71,1304000.0,11.71,42800,11.72,5600,4.46,11.71,11.71,1304000,15270000.0,0.23,0.0,65.76,69.96,13.45,8.97,0.0
国投中鲁,sh600962,20.41,20.79,20.41,39500.0,20.41,1600,20.56,7800,-1.83,20.41,20.41,39500,810000.0,0.02,0.0,53.52,53.52,22.87,18.71,0.0
星云股份,sz300648,62.6,63.52,62.6,17900.0,62.55,300,62.6,300,-1.45,62.6,62.6,17900,1120000.0,0.01,0.0,83.06,109.1,76.22,50.82,0.0
莱尔科技,sh688683,36.63,37.37,36.63,324300.0,36.61,1000,36.63,100,-1.98,36.63,36.63,324300,120000.0,0.0,0.0,56.84,59.01,44.84,29.9,0.0
朗进科技,sz300594,29.01,31.28,29.01,240300.0,29.01,64600,29.49,200,-7.26,29.01,29.01,240300,6970000.0,0.26,0.0,26.4,26.65,37.54,25.02,0.0
天山铝业,sz002532,18.69,18.29,18.69,656500.0,18.69,4100,18.7,6600,2.19,18.69,18.69,656500,12270000.0,0.02,0.0,767.57,865.11,20.12,16.46,0.0
张江高科,sh600895,37.8,38.56,37.8,326500.0,37.8,7200,37.81,2700,-1.97,37.8,37.8,326500,12340000.0,0.02,0.0,585.4,585.4,42.42,34.7,0.0
凯美特气,sz002549,20.4,20.62,20.4,132500.0,20.39,3700,20.4,2000,-1.07,20.4,20.4,132500,2700000.0,0.02,0.0,141.24,141.85,22.68,18.56,0.0
利和兴,sz301013,24.5,25.22,24.5,125300.0,24.48,800,24.5,8400,-2.85,24.5,24.5,125300,3070000.0,0.07,0.0,46.36,57.27,30.26,20.18,0.0
弘元绿能,sh603185,23.21,23.8,23.21,94600.0,23.21,2600,23.33,14500,-2.48,23.21,23.21,94600,2200000.0,0.01,0.0,157.6,158.54,26.18,21.42,0.0
江钨装备,sh600397,20.36,19.99,20.36,1824400.0,20.36,35400,20.38,2500,1.85,20.36,20.36,1824400,37140000.0,0.18,0.0,201.56,201.56,21.99,17.99,0.0
精测电子,sz300567,136.99,143.81,136.99,142100.0,136.98,700,136.99,28100,-4.74,136.99,136.99,142100,19470000.0,0.06,0.0,311.03,383.22,172.57,115.05,0.0
泰福泵业,sz300992,30.28,30.43,30.28,4600.0,30.0,500,30.28,500,-0.49,30.28,30.28,4600,140000.0,0.01,0.0,23.47,28.87,36.52,24.34,0.0
启明星辰,sz002439,14.0,14.01,14.0,167200.0,13.99,600,14.0,17300,-0.07,14.0,14.0,167200,2340000.0,0.02,0.0,101.55,169.6,15.41,12.61,0.0
*ST中基,sz000972,3.79,3.8,3.79,569300.0,3.78,30600,3.79,196400,-0.26,3.79,3.79,569300,2160000.0,0.07,0.0,29.23,29.23,3.99,3.61,0.0
晓程科技,sz300139,71.0,72.11,71.0,475800.0,70.99,100,71.0,6900,-1.54,71.0,71.0,475800,33780000.0,0.2,0.0,165.9,194.54,86.53,57.69,0.0
华金资本,sz000532,14.56,14.83,14.56,56500.0,14.56,17700,14.58,700,-1.82,14.56,14.56,56500,820000.0,0.02,0.0,50.02,50.19,16.31,13.35,0.0
德龙激光,sh688170,52.0,54.17,52.0,9284900.0,51.92,300,52.0,25300,-4.01,52.0,52.0,9284900,4830000.0,0.09,0.0,53.75,53.75,65.0,43.34,0.0
龙佰集团,sz002601,21.24,21.46,21.24,307600.0,21.21,3700,21.24,71600,-1.03,21.24,21.24,307600,6530000.0,0.02,0.0,422.17,506.41,23.61,19.31,0.0
*ST美谷,sz000615,3.21,3.25,3.21,48300.0,3.21,29900,3.22,46200,-1.23,3.21,3.21,48300,160000.0,0.01,0.0,29.7,57.38,3.41,3.09,0.0
德才股份,sh605287,43.33,44.2,43.33,75100.0,43.33,600,43.71,100,-1.97,43.33,43.33,75100,3250000.0,0.05,0.0,60.66,60.66,48.62,39.78,0.0
亚太股份,sz002284,15.71,15.84,15.71,168800.0,15.7,2400,15.71,8500,-0.82,15.71,15.71,168800,2650000.0,0.02,0.0,114.87,116.11,17.42,14.26,0.0
硅宝科技,sz300019,21.47,21.84,21.47,41400.0,21.45,1000,21.47,25300,-1.69,21.47,21.47,41400,890000.0,0.01,0.0,72.47,84.4,26.21,17.47,0.0
重药控股,sz000950,5.73,5.79,5.73,390500.0,5.73,34000,5.74,59400,-1.04,5.73,5.73,390500,2240000.0,0.02,0.0,99.02,99.02,6.37,5.21,0.0
信立泰,sz002294,50.34,50.81,50.34,57800.0,50.3,1700,50.35,100,-0.93,50.34,50.34,57800,2910000.0,0.01,0.0,561.07,561.2,55.89,45.73,0.0
华特气体,sh688268,68.0,68.23,68.0,3953300.0,68.0,9300,68.18,2500,-0.34,68.0,68.0,3953300,2690000.0,0.03,0.0,81.54,81.6,81.88,54.58,0.0
长阳科技,sh688299,18.88,19.02,18.88,955000.0,18.88,700,18.89,15600,-0.74,18.88,18.88,955000,180000.0,0.0,0.0,54.26,54.26,22.82,15.22,0.0
立达信,sh605365,20.95,21.2,20.95,53600.0,20.95,6700,20.96,1200,-1.18,20.95,20.95,53600,1120000.0,0.01,0.0,105.17,105.17,23.32,19.08,0.0
新迅达,sz300518,19.15,19.4,19.15,8100.0,19.05,1000,19.15,1500,-1.29,19.15,19.15,8100,160000.0,0.0,0.0,38.18,38.19,23.28,15.52,0.0
东方锆业,sz002167,14.97,15.14,14.97,822700.0,14.96,2100,14.97,12000,-1.12,14.97,14.97,822700,12320000.0,0.11,0.0,113.38,115.97,16.65,13.63,0.0
江苏北人,sh688218,20.62,20.95,20.62,1919200.0,20.6,200,20.62,900,-1.58,20.62,20.62,1919200,400000.0,0.02,0.0,24.46,24.46,25.14,16.76,0.0
众泰汽车,sz000980,2.88,2.84,2.88,1386500.0,2.86,14000,2.88,26700,1.41,2.88,2.88,1386500,3990000.0,0.03,0.0,144.9,145.23,3.12,2.56,0.0
寒锐钴业,sz300618,47.78,48.23,47.78,132300.0,47.78,2300,47.85,200,-0.93,47.78,47.78,132300,6320000.0,0.05,0.0,130.2,147.97,57.88,38.58,0.0
南侨食品,sh605339,17.88,17.88,17.88,9400.0,17.75,500,17.88,800,0.0,17.88,17.88,9400,170000.0,0.0,0.0,75.86,75.86,19.67,16.09,0.0
阳光诺和,sh688621,61.55,62.98,61.55,619600.0,61.55,200,61.6,200,-2.27,61.55,61.55,619600,380000.0,0.01,0.0,68.94,68.94,75.58,50.38,0.0
*ST仁东,sz002647,9.55,9.67,9.55,83900.0,9.53,100,9.55,17100,-1.24,9.55,9.55,83900,800000.0,0.01,0.0,64.72,107.94,10.15,9.19,0.0
思泰克,sz301568,54.5,56.65,54.5,44800.0,54.5,3400,54.6,100,-3.8,54.5,54.5,44800,2440000.0,0.09,0.0,25.94,56.28,67.98,45.32,0.0
人民同泰,sh600829,10.45,10.57,10.45,33700.0,10.45,27600,10.51,1000,-1.14,10.45,10.45,33700,350000.0,0.01,0.0,60.6,60.6,11.63,9.51,0.0
同星科技,sz301252,37.08,37.28,37.08,4200.0,37.02,1000,37.2,300,-0.54,37.08,37.08,4200,160000.0,0.01,0.0,17.53,62.75,44.74,29.82,0.0
西藏矿业,sz000762,28.5,28.85,28.5,432600.0,28.5,14500,28.67,2000,-1.21,28.5,28.5,432600,12330000.0,0.08,0.0,148.43,148.43,31.74,25.97,0.0
正和生态,sh605069,13.88,14.15,13.88,75400.0,13.88,11500,14.0,18700,-1.91,13.88,13.88,75400,1050000.0,0.04,0.0,29.38,29.38,15.57,12.74,0.0
西藏珠峰,sh600338,17.36,17.77,17.36,595800.0,17.36,16700,17.38,100,-2.31,17.36,17.36,595800,10340000.0,0.07,0.0,158.71,158.71,19.55,15.99,0.0
高盟新材,sz300200,11.55,11.74,11.55,67500.0,11.55,1900,11.57,1000,-1.62,11.55,11.55,67500,780000.0,0.02,0.0,48.96,49.78,14.09,9.39,0.0
中原内配,sz002448,17.1,17.91,17.1,798500.0,17.1,4200,17.18,500,-4.52,17.1,17.1,798500,13650000.0,0.18,0.0,77.9,100.62,19.7,16.12,0.0
金太阳,sz300606,36.6,35.82,36.6,136000.0,36.54,16000,36.6,2300,2.18,36.6,36.6,136000,4980000.0,0.12,0.0,43.07,50.64,42.98,28.66,0.0
沧州明珠,sz002108,4.98,5.03,4.98,274300.0,4.98,63500,4.99,12400,-0.99,4.98,4.98,274300,1370000.0,0.02,0.0,82.05,82.1,5.53,4.53,0.0
洛阳钼业,sh603993,21.1,22.02,21.1,4722800.0,21.09,23700,21.1,13100,-4.18,21.1,21.1,4722800,99650000.0,0.03,0.0,3684.24,4514.2,24.22,19.82,0.0
泰嘉股份,sz002843,26.0,27.93,26.0,1057200.0,26.0,48300,26.3,600,-6.91,26.0,26.0,1057200,27490000.0,0.42,0.0,65.21,65.45,30.72,25.14,0.0
合肥城建,sz002208,15.1,15.82,15.1,870400.0,15.1,45300,15.11,500,-4.55,15.1,15.1,870400,13140000.0,0.11,0.0,121.27,121.3,17.4,14.24,0.0
海马汽车,sz000572,6.45,6.54,6.45,165200.0,6.45,107100,6.46,10900,-1.38,6.45,6.45,165200,1070000.0,0.01,0.0,105.93,106.08,7.19,5.89,0.0
长虹能源,bj920239,31.5,31.78,31.5,6500.0,31.46,1200,31.5,700,-0.88,31.5,31.5,6500,206000.0,0.0,0.0,56.52,57.35,41.31,22.25,0.0
华源控股,sz002787,12.99,13.25,12.99,160200.0,12.96,400,12.99,25600,-1.96,12.99,12.99,160200,2080000.0,0.06,0.0,32.59,43.54,14.58,11.93,0.0
华人健康,sz301408,18.71,19.24,18.71,104900.0,18.7,7500,18.71,1900,-2.75,18.71,18.71,104900,1960000.0,0.05,0.0,42.84,74.84,23.09,15.39,0.0
罗 牛 山,sz000735,7.71,7.76,7.71,445800.0,7.71,13100,7.72,25500,-0.64,7.71,7.71,445800,3440000.0,0.04,0.0,88.73,88.78,8.54,6.98,0.0
云图控股,sz002539,15.75,15.5,15.75,305600.0,15.75,124300,15.76,5400,1.61,15.75,15.75,305600,4810000.0,0.03,0.0,138.79,190.22,17.05,13.95,0.0
强达电路,sz301628,108.5,111.91,108.5,36200.0,108.49,100,108.5,6800,-3.05,108.5,108.5,36200,3930000.0,0.11,0.0,35.4,81.78,134.29,89.53,0.0
博杰股份,sz002975,75.35,77.49,75.35,53400.0,75.35,20400,75.42,200,-2.76,75.35,75.35,53400,4020000.0,0.05,0.0,79.76,120.79,85.24,69.74,0.0
日出东方,sh603366,9.26,9.32,9.26,120300.0,9.26,4200,9.27,6100,-0.64,9.26,9.26,120300,1110000.0,0.01,0.0,75.29,75.29,10.25,8.39,0.0
中铝国际,sh601068,6.37,6.35,6.37,216600.0,6.36,18000,6.37,13200,0.31,6.37,6.37,216600,1380000.0,0.01,0.0,163.05,190.33,6.99,5.72,0.0
金凯生科,sz301509,36.31,36.9,36.31,45700.0,36.31,300,36.33,2800,-1.6,36.31,36.31,45700,1660000.0,0.08,0.0,20.6,43.73,44.28,29.52,0.0
诚达药业,sz301201,42.01,42.75,42.01,16800.0,42.01,300,42.59,200,-1.73,42.01,42.01,16800,710000.0,0.02,0.0,45.6,65.0,51.3,34.2,0.0
中旗新材,sz001212,54.5,55.86,54.5,169300.0,54.5,28800,54.55,600,-2.43,54.5,54.5,169300,9230000.0,0.1,0.0,94.75,109.52,61.45,50.27,0.0
万向钱潮,sz000559,17.47,17.89,17.47,1059700.0,17.46,3500,17.47,23900,-2.35,17.47,17.47,1059700,18510000.0,0.03,0.0,579.05,579.19,19.68,16.1,0.0
长华化学,sz301518,46.2,46.92,46.2,45000.0,46.2,1500,46.94,1200,-1.53,46.2,46.2,45000,2080000.0,0.08,0.0,24.7,67.21,56.3,37.54,0.0
唯捷创芯,sh688153,34.95,35.57,34.95,3547100.0,34.88,1200,34.95,10000,-1.74,34.95,34.95,3547100,1240000.0,0.01,0.0,142.81,150.39,42.68,28.46,0.0
川恒股份,sz002895,42.53,41.96,42.53,134000.0,42.5,22600,42.58,2500,1.36,42.53,42.53,134000,5700000.0,0.02,0.0,253.75,258.44,46.16,37.76,0.0
长光华芯,sh688048,146.21,157.5,146.21,27712200.0,146.21,1900,146.99,600,-7.17,146.21,146.21,27712200,40520000.0,0.16,0.0,257.74,257.74,189.0,126.0,0.0
景津装备,sh603279,19.0,19.36,19.0,93900.0,19.0,14400,19.01,500,-1.86,19.0,19.0,93900,1780000.0,0.02,0.0,109.51,109.51,21.3,17.42,0.0
山金国际,sz000975,30.01,30.49,30.01,502700.0,30.01,21000,30.02,4800,-1.57,30.01,30.01,502700,15090000.0,0.02,0.0,758.48,833.29,33.54,27.44,0.0
史丹利,sz002588,11.41,11.21,11.41,387100.0,11.41,100,11.42,1200,1.78,11.41,11.41,387100,4420000.0,0.05,0.0,97.97,131.43,12.33,10.09,0.0
英联股份,sz002846,14.8,14.99,14.8,28000.0,14.8,100,14.83,4900,-1.27,14.8,14.8,28000,410000.0,0.01,0.0,38.04,62.16,16.49,13.49,0.0
润禾材料,sz300727,34.3,34.86,34.3,18700.0,34.3,300,34.5,5700,-1.61,34.3,34.3,18700,640000.0,0.01,0.0,55.52,61.79,41.83,27.89,0.0
金钼股份,sh601958,24.2,24.58,24.2,1612000.0,24.2,60200,24.23,600,-1.55,24.2,24.2,1612000,39010000.0,0.05,0.0,780.84,780.84,27.04,22.12,0.0
ST朗源,sz300175,6.56,6.62,6.56,48800.0,6.56,1300,6.57,7000,-0.91,6.56,6.56,48800,320000.0,0.01,0.0,30.88,30.88,7.94,5.3,0.0
长川科技,sz300604,122.52,128.95,122.52,536700.0,122.51,1200,122.52,25500,-4.99,122.52,122.52,536700,65760000.0,0.11,0.0,599.68,777.27,154.74,103.16,0.0
运达科技,sz300440,16.41,16.63,16.41,28000.0,16.41,100,16.46,700,-1.32,16.41,16.41,28000,460000.0,0.01,0.0,71.85,72.12,19.96,13.3,0.0
仕佳光子,sh688313,80.45,82.59,80.45,31996800.0,80.44,500,80.45,11600,-2.59,80.45,80.45,31996800,25740000.0,0.07,0.0,363.62,363.62,99.11,66.07,0.0
良信股份,sz002706,11.59,11.76,11.59,240700.0,11.58,200,11.59,14400,-1.45,11.59,11.59,240700,2790000.0,0.03,0.0,106.05,130.17,12.94,10.58,0.0
宁德时代,sz300750,348.84,354.77,348.84,482000.0,348.83,1000,348.84,8300,-1.67,348.84,348.84,482000,168140000.0,0.01,0.0,14848.87,15920.6,425.72,283.82,0.0
ST张家界,sz000430,7.25,7.32,7.25,103400.0,7.25,800,7.26,13000,-0.96,7.25,7.25,103400,750000.0,0.03,0.0,26.87,58.7,7.69,6.95,0.0
晶晨股份,sh688099,88.77,91.02,88.77,13414200.0,88.76,200,88.77,4900,-2.47,88.77,88.77,13414200,11910000.0,0.03,0.0,373.87,373.87,109.22,72.82,0.0
湖南黄金,sz002155,36.02,37.0,36.02,2413800.0,36.01,94900,36.02,300,-2.65,36.02,36.02,2413800,86950000.0,0.15,0.0,562.82,562.87,40.7,33.3,0.0
卓然股份,sh688121,12.07,12.01,12.07,2666300.0,12.04,13000,12.07,3100,0.5,12.07,12.07,2666300,320000.0,0.01,0.0,24.46,28.2,14.41,9.61,0.0
赣能股份,sz000899,14.27,14.53,14.27,1698600.0,14.27,136000,14.29,6600,-1.79,14.27,14.27,1698600,24240000.0,0.17,0.0,139.23,139.23,15.98,13.08,0.0
中船特气,sh688146,45.08,45.53,45.08,5037900.0,45.07,500,45.08,1300,-0.99,45.08,45.08,5037900,2270000.0,0.03,0.0,65.35,238.66,54.64,36.42,0.0
利安隆,sz300596,53.65,54.19,53.65,232600.0,53.62,200,53.65,12300,-1.0,53.65,53.65,232600,12480000.0,0.1,0.0,119.66,123.19,65.03,43.35,0.0
新华保险,sh601336,71.6,73.4,71.6,213400.0,71.6,1100,71.88,300,-2.45,71.6,71.6,213400,15280000.0,0.01,0.0,1493.17,2233.6,80.74,66.06,0.0
汇隆新材,sz301057,36.36,36.0,36.36,62800.0,36.36,2200,36.37,100,1.0,36.36,36.36,62800,2280000.0,0.08,0.0,30.03,42.53,43.2,28.8,0.0
科安达,sz002972,12.3,12.59,12.3,54500.0,12.3,8000,12.32,200,-2.3,12.3,12.3,54500,670000.0,0.04,0.0,16.56,30.26,13.85,11.33,0.0
盟固利,sz301487,22.9,23.3,22.9,100800.0,22.9,10000,22.91,2300,-1.72,22.9,22.9,100800,2310000.0,0.04,0.0,62.47,105.25,27.96,18.64,0.0
乐鑫科技,sh688018,152.06,154.73,152.06,1997600.0,152.06,200,152.4,1100,-1.73,152.06,152.06,1997600,3040000.0,0.01,0.0,238.28,254.16,185.68,123.78,0.0
华通线缆,sh605196,51.3,51.33,51.3,146400.0,51.2,100,51.3,23200,-0.06,51.3,51.3,146400,7510000.0,0.03,0.0,259.05,262.14,56.46,46.2,0.0
朗威股份,sz301202,41.77,42.19,41.77,9000.0,41.77,700,41.8,100,-1.0,41.77,41.77,9000,380000.0,0.02,0.0,15.53,56.97,50.63,33.75,0.0
翔丰华,sz300890,30.0,30.75,30.0,293300.0,30.0,9700,30.09,600,-2.44,30.0,30.0,293300,8800000.0,0.27,0.0,32.65,35.74,36.9,24.6,0.0
鹏欣资源,sh600490,8.98,9.25,8.98,993600.0,8.97,16200,8.98,249300,-2.92,8.98,8.98,993600,8920000.0,0.05,0.0,178.94,198.72,10.18,8.33,0.0
威星智能,sz002849,19.2,19.59,19.2,133400.0,19.2,9000,19.39,11100,-1.99,19.2,19.2,133400,2560000.0,0.07,0.0,37.16,42.36,21.55,17.63,0.0
ST美晨,sz300237,2.45,2.49,2.45,864100.0,2.45,74200,2.46,263400,-1.61,2.45,2.45,864100,2120000.0,0.06,0.0,35.33,35.33,2.99,1.99,0.0
众生药业,sz002317,17.78,18.01,17.78,163500.0,17.78,5400,17.79,5000,-1.28,17.78,17.78,163500,2910000.0,0.02,0.0,135.42,151.12,19.81,16.21,0.0
金瑞矿业,sh600714,24.9,24.47,24.9,813300.0,24.87,1700,24.9,8400,1.76,24.9,24.9,813300,20250000.0,0.28,0.0,71.76,71.76,26.92,22.02,0.0
华友钴业,sh603799,66.77,69.07,66.77,796300.0,66.77,800,66.79,2300,-3.33,66.77,66.77,796300,53170000.0,0.04,0.0,1258.0,1266.44,75.98,62.16,0.0
湖北宜化,sz000422,19.15,18.22,19.15,2534800.0,19.14,150300,19.15,50000,5.1,19.15,19.15,2534800,48540000.0,0.24,0.0,202.57,208.4,20.04,16.4,0.0
豫光金铅,sh600531,15.9,16.5,15.9,1340600.0,15.89,1100,15.9,348500,-3.64,15.9,15.9,1340600,21320000.0,0.11,0.0,192.27,192.27,18.15,14.85,0.0
中仑新材,sz301565,23.71,23.72,23.71,109800.0,23.71,1900,23.73,100,-0.04,23.71,23.71,109800,2600000.0,0.09,0.0,30.35,94.84,28.46,18.98,0.0
华阳新材,sh600281,6.3,6.27,6.3,135300.0,6.29,358600,6.3,2600,0.48,6.3,6.3,135300,850000.0,0.03,0.0,32.41,32.41,6.9,5.64,0.0
天汽模,sz002510,7.85,7.96,7.85,358700.0,7.85,128100,7.86,29800,-1.38,7.85,7.85,358700,2820000.0,0.04,0.0,78.88,79.69,8.76,7.16,0.0
中国铝业,sh601600,14.3,13.97,14.3,7236400.0,14.3,962700,14.31,40900,2.36,14.3,14.3,7236400,103480000.0,0.05,0.0,1883.79,2453.16,15.37,12.57,0.0
岳阳林纸,sh600963,6.05,6.13,6.05,180900.0,6.05,37000,6.07,18800,-1.31,6.05,6.05,180900,1090000.0,0.01,0.0,106.33,106.33,6.74,5.52,0.0
新益昌,sh688383,72.9,74.7,72.9,2354400.0,72.87,700,72.9,300,-2.41,72.9,72.9,2354400,1720000.0,0.02,0.0,74.1,74.1,89.64,59.76,0.0
新凤鸣,sh603225,19.0,19.26,19.0,153100.0,18.99,5000,19.0,2400,-1.35,19.0,19.0,153100,2910000.0,0.01,0.0,314.78,316.48,21.19,17.33,0.0
华宝新能,sz301327,58.74,59.1,58.74,15000.0,58.69,100,58.74,300,-0.61,58.74,58.74,15000,880000.0,0.02,0.0,44.81,102.43,70.92,47.28,0.0
凌霄泵业,sz002884,17.88,18.05,17.88,24000.0,17.88,400,17.89,6500,-0.94,17.88,17.88,24000,430000.0,0.01,0.0,48.83,63.95,19.86,16.25,0.0
欣龙控股,sz000955,5.49,5.52,5.49,200500.0,5.48,1000,5.49,13100,-0.54,5.49,5.49,200500,1100000.0,0.04,0.0,29.54,29.56,6.07,4.97,0.0
司太立,sh603520,9.77,9.86,9.77,37400.0,9.76,3100,9.77,19400,-0.91,9.77,9.77,37400,370000.0,0.01,0.0,42.83,42.83,10.85,8.87,0.0
恺英网络,sz002517,21.3,21.76,21.3,262800.0,21.29,1900,21.3,326200,-2.11,21.3,21.3,262800,5600000.0,0.01,0.0,402.38,455.06,23.94,19.58,0.0
中国平安,sh601318,61.44,62.67,61.44,1525400.0,61.44,2800,61.45,48700,-1.96,61.44,61.44,1525400,93720000.0,0.01,0.0,6549.54,11125.34,68.94,56.4,0.0
翔宇医疗,sh688626,62.0,63.98,62.0,2639000.0,61.89,700,62.0,3600,-3.09,62.0,62.0,2639000,1640000.0,0.02,0.0,99.2,99.2,76.78,51.18,0.0
保丽洁,bj920802,15.81,15.81,15.81,9100.0,15.81,900,15.96,2000,0.0,15.81,15.81,9100,144500.0,0.04,0.0,3.49,12.97,20.55,11.07,0.0
晨化股份,sz300610,12.67,12.7,12.67,23200.0,12.66,1500,12.67,2400,-0.24,12.67,12.67,23200,290000.0,0.01,0.0,20.43,27.24,15.24,10.16,0.0
逸豪新材,sz301176,25.0,26.5,25.0,71300.0,25.0,800,25.18,500,-5.66,25.0,25.0,71300,1780000.0,0.13,0.0,14.09,42.27,31.8,21.2,0.0
行云科技,sz300209,8.91,8.71,8.91,1086300.0,8.91,40600,8.92,200,2.3,8.91,8.91,1086300,9680000.0,0.15,0.0,63.43,82.74,10.45,6.97,0.0
迪威尔,sh688377,48.6,49.0,48.6,4863800.0,48.6,11300,49.0,1300,-0.82,48.6,48.6,4863800,2360000.0,0.02,0.0,94.61,94.61,58.8,39.2,0.0
乐惠国际,sh603076,26.1,26.34,26.1,12500.0,26.1,6400,26.4,8000,-0.91,26.1,26.1,12500,330000.0,0.01,0.0,31.5,31.5,28.97,23.71,0.0
骏鼎达,sz301538,78.87,80.0,78.87,6100.0,78.51,1000,78.87,400,-1.41,78.87,78.87,6100,480000.0,0.02,0.0,24.62,61.83,96.0,64.0,0.0
富临精工,sz300432,16.4,16.59,16.4,166000.0,16.4,15500,16.41,700,-1.15,16.4,16.4,166000,2720000.0,0.01,0.0,277.25,280.4,19.91,13.27,0.0
闽发铝业,sz002578,4.44,4.45,4.44,195600.0,4.42,19000,4.44,61300,-0.22,4.44,4.44,195600,870000.0,0.02,0.0,38.24,41.68,4.9,4.01,0.0
美能能源,sz001299,14.45,13.74,14.45,307700.0,14.45,15100,14.46,7500,5.17,14.45,14.45,307700,4450000.0,0.14,0.0,31.56,35.06,15.11,12.37,0.0
越秀资本,sz000987,9.01,9.24,9.01,787700.0,9.01,102700,9.02,80600,-2.49,9.01,9.01,787700,7100000.0,0.02,0.0,451.8,452.04,10.16,8.32,0.0
华电国际,sh600027,5.2,5.23,5.2,2484400.0,5.19,1173800,5.2,590700,-0.57,5.2,5.2,2484400,12920000.0,0.03,0.0,479.22,603.81,5.75,4.71,0.0
达 意 隆,sz002209,15.56,15.55,15.56,31600.0,15.56,1800,15.61,1000,0.06,15.56,15.56,31600,490000.0,0.02,0.0,24.32,30.97,17.11,14.0,0.0
雪迪龙,sz002658,10.83,11.0,10.83,292400.0,10.83,9900,10.88,1600,-1.55,10.83,10.83,292400,3170000.0,0.08,0.0,38.83,68.85,12.1,9.9,0.0
洪田股份,sh603800,39.22,39.22,39.22,67600.0,39.19,100,39.22,11600,0.0,39.22,39.22,67600,2650000.0,0.03,0.0,81.58,81.58,43.14,35.3,0.0
悦安新材,sh688786,33.32,34.2,33.32,5017400.0,33.32,0,33.34,700,-2.57,33.32,33.32,5017400,1670000.0,0.03,0.0,47.91,47.91,41.04,27.36,0.0
振华新材,sh688707,13.86,14.09,13.86,2630000.0,13.86,7600,13.88,1500,-1.63,13.86,13.86,2630000,360000.0,0.01,0.0,70.51,70.51,16.91,11.27,0.0
索通发展,sh603612,31.8,32.18,31.8,86500.0,31.8,7400,31.84,900,-1.18,31.8,31.8,86500,2750000.0,0.02,0.0,158.4,158.4,35.4,28.96,0.0
三维股份,sh603033,10.79,10.85,10.79,68000.0,10.76,1000,10.79,200,-0.55,10.79,10.79,68000,730000.0,0.01,0.0,109.25,111.26,11.94,9.77,0.0
恒星科技,sz002132,3.85,3.89,3.85,115700.0,3.85,49300,3.86,1100,-1.03,3.85,3.85,115700,450000.0,0.01,0.0,53.88,53.96,4.28,3.5,0.0
普路通,sz002769,11.01,11.2,11.01,49500.0,11.01,700,11.03,500,-1.7,11.01,11.01,49500,540000.0,0.01,0.0,41.07,41.1,12.32,10.08,0.0
神州数码,sz000034,38.0,38.65,38.0,404400.0,37.98,1000,38.0,75000,-1.68,38.0,38.0,404400,15370000.0,0.07,0.0,229.81,274.91,42.52,34.79,0.0
鸿利智汇,sz300219,8.06,8.27,8.06,1190600.0,8.06,146700,8.08,3100,-2.54,8.06,8.06,1190600,9600000.0,0.17,0.0,56.96,57.06,9.92,6.62,0.0
聚杰微纤,sz300819,53.96,55.5,53.96,24100.0,53.5,400,53.96,2200,-2.77,53.96,53.96,24100,1300000.0,0.02,0.0,72.72,80.51,66.6,44.4,0.0
新美星,sz300509,13.46,13.6,13.46,30700.0,13.32,600,13.46,3700,-1.03,13.46,13.46,30700,410000.0,0.01,0.0,33.26,39.9,16.32,10.88,0.0
大唐发电,sh601991,4.07,4.11,4.07,2079600.0,4.06,394700,4.07,500,-0.97,4.07,4.07,2079600,8460000.0,0.02,0.0,504.52,753.22,4.52,3.7,0.0
兴业股份,sh603928,15.71,15.71,15.71,49200.0,15.71,6300,15.72,1200,0.0,15.71,15.71,49200,770000.0,0.02,0.0,41.17,41.17,17.28,14.14,0.0
德明利,sz001309,267.82,271.12,267.82,168600.0,267.82,15000,267.9,100,-1.22,267.82,267.82,168600,45150000.0,0.1,0.0,430.86,607.54,298.23,244.01,0.0
海辰药业,sz300584,42.26,42.68,42.26,13600.0,42.2,100,42.26,3700,-0.98,42.26,42.26,13600,570000.0,0.02,0.0,34.7,50.71,51.22,34.14,0.0
江苏国泰,sz002091,9.05,9.12,9.05,207000.0,9.04,18500,9.05,16700,-0.77,9.05,9.05,207000,1870000.0,0.01,0.0,144.51,147.31,10.03,8.21,0.0
富吉瑞,sh688272,35.84,35.88,35.84,3366000.0,35.84,5000,35.87,300,-0.11,35.84,35.84,3366000,1210000.0,0.04,0.0,27.24,27.24,43.06,28.7,0.0
岱勒新材,sz300700,14.1,14.29,14.1,5300.0,14.1,400,14.15,100,-1.33,14.1,14.1,5300,70000.0,0.0,0.0,38.16,55.98,17.15,11.43,0.0
锦富技术,sz300128,6.88,6.93,6.88,189000.0,6.88,22400,6.89,135000,-0.72,6.88,6.88,189000,1300000.0,0.01,0.0,89.28,89.38,8.32,5.54,0.0
川发龙蟒,sz002312,13.54,13.26,13.54,2200100.0,13.53,72700,13.54,60900,2.11,13.54,13.54,2200100,29790000.0,0.12,0.0,255.07,255.6,14.59,11.93,0.0
匠心家居,sz301061,83.79,84.46,83.79,2200.0,83.21,200,83.8,400,-0.79,83.79,83.79,2200,180000.0,0.0,0.0,121.78,183.31,101.35,67.57,0.0
铂科新材,sz300811,79.46,83.64,79.46,143700.0,79.33,700,79.46,3600,-5.0,79.46,79.46,143700,11420000.0,0.06,0.0,188.82,230.28,100.37,66.91,0.0
维科技术,sh600152,9.13,9.39,9.13,345800.0,9.13,47100,9.19,3600,-2.77,9.13,9.13,345800,3160000.0,0.07,0.0,48.3,48.3,10.33,8.45,0.0
苑东生物,sh688513,56.52,57.95,56.52,393000.0,56.3,500,56.52,800,-2.47,56.52,56.52,393000,220000.0,0.0,0.0,99.78,99.78,69.54,46.36,0.0
八亿时空,sh688181,34.13,34.65,34.13,3281600.0,34.06,200,34.13,10000,-1.5,34.13,34.13,3281600,1120000.0,0.02,0.0,45.9,45.9,41.58,27.72,0.0
众鑫股份,sh603091,81.8,81.58,81.8,6200.0,81.8,400,81.98,400,0.27,81.8,81.8,6200,510000.0,0.02,0.0,25.21,83.63,89.74,73.42,0.0
中电电机,sh603988,26.51,27.14,26.51,47800.0,26.51,7800,26.54,500,-2.32,26.51,26.51,47800,1270000.0,0.02,0.0,62.35,62.35,29.85,24.43,0.0
立昂微,sh605358,36.43,37.5,36.43,151900.0,36.42,500,36.43,26500,-2.85,36.43,36.43,151900,5530000.0,0.02,0.0,244.58,244.58,41.25,33.75,0.0
戈碧迦,bj920438,41.2,42.8,41.2,52100.0,41.15,1100,41.2,500,-3.74,41.2,41.2,52100,2147200.0,0.04,0.0,57.43,59.94,55.64,29.96,0.0
宁水集团,sh603700,14.0,14.16,14.0,17600.0,13.99,5000,14.0,4600,-1.13,14.0,14.0,17600,250000.0,0.01,0.0,27.99,27.99,15.58,12.74,0.0
*ST生物,sz000504,8.96,9.04,8.96,11500.0,8.95,5000,8.96,17700,-0.88,8.96,8.96,11500,100000.0,0.0,0.0,29.49,29.57,9.49,8.59,0.0
凌云光,sh688400,42.51,43.51,42.51,10526100.0,42.51,200,42.58,3600,-2.3,42.51,42.51,10526100,4470000.0,0.02,0.0,195.96,195.96,52.21,34.81,0.0
微芯生物,sh688321,30.0,30.45,30.0,4293700.0,30.0,8800,30.06,200,-1.48,30.0,30.0,4293700,1290000.0,0.01,0.0,122.34,132.88,36.54,24.36,0.0
依米康,sz300249,17.21,17.88,17.21,433700.0,17.21,11600,17.22,2500,-3.75,17.21,17.21,433700,7460000.0,0.12,0.0,64.27,75.81,21.46,14.3,0.0
孚能科技,sh688567,13.48,13.63,13.48,9482000.0,13.46,700,13.48,18700,-1.1,13.48,13.48,9482000,1280000.0,0.01,0.0,164.74,164.74,16.36,10.9,0.0
江瀚新材,sh603281,31.0,31.58,31.0,17100.0,31.0,3500,31.19,1000,-1.84,31.0,31.0,17100,530000.0,0.0,0.0,115.73,115.73,34.74,28.42,0.0
海德股份,sz000567,5.54,5.6,5.54,77700.0,5.54,21600,5.55,12400,-1.07,5.54,5.54,77700,430000.0,0.0,0.0,108.02,108.28,6.16,5.04,0.0
圣泉集团,sh605589,33.02,33.9,33.02,283200.0,33.01,16800,33.02,34000,-2.6,33.02,33.02,283200,9350000.0,0.03,0.0,278.56,279.48,37.29,30.51,0.0
华兰股份,sz301093,84.0,86.98,84.0,22300.0,84.0,300,84.23,100,-3.43,84.0,84.0,22300,1870000.0,0.01,0.0,131.82,137.93,104.38,69.58,0.0
云铝股份,sz000807,34.78,33.58,34.78,1440400.0,34.78,150500,34.79,13900,3.57,34.78,34.78,1440400,50100000.0,0.04,0.0,1206.14,1206.16,36.94,30.22,0.0
锡装股份,sz001332,59.39,60.7,59.39,31200.0,59.39,1200,59.75,300,-2.16,59.39,59.39,31200,1850000.0,0.06,0.0,28.51,65.62,66.77,54.63,0.0
驰诚股份,bj920407,21.38,21.38,21.38,2800.0,21.38,0,21.5,1500,0.0,21.38,21.38,2800,59600.0,0.01,0.0,7.43,18.26,27.79,14.97,0.0
川能动力,sz000155,14.01,14.2,14.01,346000.0,14.01,19200,14.04,400,-1.34,14.01,14.01,346000,4850000.0,0.02,0.0,258.65,258.65,15.62,12.78,0.0
屹唐股份,sh688729,23.91,24.27,23.91,7350700.0,23.9,800,23.91,13900,-1.48,23.91,23.91,7350700,1760000.0,0.03,0.0,51.41,706.67,29.12,19.42,0.0
卡莱特,sz301391,80.53,81.21,80.53,19700.0,80.53,500,81.0,100,-0.84,80.53,80.53,19700,1590000.0,0.02,0.0,74.76,76.52,97.45,64.97,0.0
海阳科技,sh603382,29.57,29.57,29.57,11200.0,29.57,600,29.65,100,0.0,29.57,29.57,11200,330000.0,0.03,0.0,10.72,53.6,32.53,26.61,0.0
弘宇股份,sz002890,15.98,16.09,15.98,11600.0,15.98,300,16.0,9700,-0.68,15.98,15.98,11600,190000.0,0.01,0.0,25.81,27.15,17.7,14.48,0.0
恒邦股份,sz002237,17.3,17.67,17.3,898200.0,17.3,6500,17.31,5700,-2.09,17.3,17.3,898200,15540000.0,0.08,0.0,206.28,247.38,19.44,15.9,0.0
得利斯,sz002330,5.15,5.19,5.15,105200.0,5.13,400,5.15,46500,-0.77,5.15,5.15,105200,540000.0,0.02,0.0,32.71,32.72,5.71,4.67,0.0
白银有色,sh601212,9.8,10.05,9.8,3099900.0,9.79,107200,9.8,859400,-2.49,9.8,9.8,3099900,30380000.0,0.04,0.0,725.67,725.67,11.06,9.05,0.0
德龙汇能,sz000593,15.2,14.95,15.2,273800.0,15.2,63600,15.21,3600,1.67,15.2,15.2,273800,4160000.0,0.08,0.0,54.49,54.51,16.45,13.46,0.0
迈普医学,sz301033,67.62,68.94,67.62,4200.0,67.56,200,67.62,6900,-1.91,67.62,67.62,4200,280000.0,0.01,0.0,38.18,45.34,82.73,55.15,0.0
佳力图,sh603912,9.2,9.58,9.2,351100.0,9.2,54200,9.22,5700,-3.97,9.2,9.2,351100,3230000.0,0.06,0.0,49.85,49.85,10.54,8.62,0.0
再升科技,sh603601,11.3,11.76,11.3,1087700.0,11.3,288400,11.31,23000,-3.91,11.3,11.3,1087700,12290000.0,0.1,0.0,129.08,129.08,12.94,10.58,0.0
楚江新材,sz002171,12.69,12.81,12.69,309500.0,12.68,18000,12.69,3500,-0.94,12.69,12.69,309500,3930000.0,0.02,0.0,204.78,205.95,14.09,11.53,0.0
三维化学,sz002469,9.75,9.48,9.75,997300.0,9.74,62500,9.75,2700,2.85,9.75,9.75,997300,9720000.0,0.16,0.0,61.32,63.26,10.43,8.53,0.0
*ST新潮,sh600777,5.07,4.83,5.07,10386400.0,5.07,12960500,0.0,0,4.97,5.07,5.07,10386400,52660000.0,0.16,0.0,322.76,344.79,5.07,4.59,0.0
大富科技,sz300134,10.99,11.16,10.99,109400.0,10.99,900,11.0,700,-1.52,10.99,10.99,109400,1200000.0,0.02,0.0,78.29,84.35,13.39,8.93,0.0
德艺文创,sz300640,7.4,7.47,7.4,98500.0,7.4,6600,7.43,10400,-0.94,7.4,7.4,98500,730000.0,0.04,0.0,16.34,23.01,8.96,5.98,0.0
芯源微,sh688037,182.01,189.79,182.01,2944900.0,182.01,100,182.51,500,-4.1,182.01,182.01,2944900,5360000.0,0.01,0.0,366.98,366.98,227.75,151.83,0.0
威领股份,sz002667,27.6,26.69,27.6,619400.0,27.6,9400,27.7,1900,3.41,27.6,27.6,619400,17100000.0,0.26,0.0,65.3,71.92,29.36,24.02,0.0
沧州大化,sh600230,25.6,25.21,25.6,560500.0,25.59,400,25.6,68300,1.55,25.6,25.6,560500,14350000.0,0.14,0.0,105.97,105.97,27.73,22.69,0.0
嘉曼服饰,sz301276,25.7,25.75,25.7,7200.0,25.61,300,25.7,1000,-0.19,25.7,25.7,7200,190000.0,0.01,0.0,18.57,33.31,30.9,20.6,0.0
旗滨集团,sh601636,6.88,6.93,6.88,599600.0,6.88,14100,6.89,30200,-0.72,6.88,6.88,599600,4130000.0,0.02,0.0,203.56,203.56,7.62,6.24,0.0
兴蓉环境,sz000598,7.04,7.07,7.04,279400.0,7.04,60800,7.05,43500,-0.42,7.04,7.04,279400,1970000.0,0.01,0.0,209.74,210.07,7.78,6.36,0.0
药易购,sz300937,31.59,31.94,31.59,9900.0,31.59,500,31.86,200,-1.1,31.59,31.59,9900,310000.0,0.02,0.0,20.49,30.22,38.33,25.55,0.0
建霖家居,sh603408,12.31,12.43,12.31,56200.0,12.26,4000,12.31,3500,-0.97,12.31,12.31,56200,690000.0,0.01,0.0,55.1,55.1,13.67,11.19,0.0
威唐工业,sz300707,17.0,17.25,17.0,38700.0,17.0,3000,17.01,800,-1.45,17.0,17.0,38700,660000.0,0.03,0.0,24.36,30.01,20.7,13.8,0.0
ST联创,sz300343,6.5,6.6,6.5,278600.0,6.5,104900,6.51,228400,-1.52,6.5,6.5,278600,1810000.0,0.03,0.0,69.3,69.48,7.92,5.28,0.0
清溢光电,sh688138,28.02,28.89,28.02,4586700.0,28.01,2300,28.02,1100,-3.01,28.02,28.02,4586700,1290000.0,0.01,0.0,88.21,88.21,34.67,23.11,0.0
厦门空港,sh600897,16.54,16.67,16.54,66500.0,16.54,2400,16.59,6300,-0.78,16.54,16.54,66500,1100000.0,0.02,0.0,68.96,68.96,18.34,15.0,0.0
亚星化学,sh600319,9.26,8.86,9.26,692100.0,9.25,100,9.26,104100,4.51,9.26,9.26,692100,6410000.0,0.18,0.0,35.9,35.9,9.75,7.97,0.0
ST天瑞,sz300165,5.38,5.51,5.38,621200.0,5.37,5000,5.38,90000,-2.36,5.38,5.38,621200,3340000.0,0.15,0.0,22.62,26.66,6.61,4.41,0.0
固德威,sh688390,94.0,93.8,94.0,6011600.0,94.0,300,94.01,500,0.21,94.0,94.0,6011600,5650000.0,0.02,0.0,228.42,228.42,112.56,75.04,0.0
久日新材,sh688199,27.0,27.41,27.0,2566000.0,27.0,5000,27.05,15000,-1.5,27.0,27.0,2566000,690000.0,0.02,0.0,43.53,43.53,32.89,21.93,0.0
扬帆新材,sz300637,12.15,12.33,12.15,33500.0,12.13,8000,12.15,1200,-1.46,12.15,12.15,33500,410000.0,0.01,0.0,28.49,28.52,14.8,9.86,0.0
华泰证券,sh601688,20.03,20.37,20.03,582300.0,20.03,82100,20.04,34500,-1.67,20.03,20.03,582300,11660000.0,0.01,0.0,1463.54,1808.08,22.41,18.33,0.0
华兴源创,sh688001,26.3,32.86,26.3,5285200.0,26.29,200,26.3,4700,-19.96,26.3,26.3,5285200,1390000.0,0.01,0.0,116.9,116.9,39.43,26.29,0.0
华能蒙电,sh600863,5.39,5.35,5.39,906800.0,5.38,224900,5.39,64000,0.75,5.39,5.39,906800,4890000.0,0.01,0.0,351.8,422.32,5.89,4.82,0.0
海象新材,sz003011,27.11,27.38,27.11,33500.0,27.0,1100,27.11,200,-0.99,27.11,27.11,33500,910000.0,0.04,0.0,21.17,27.84,30.12,24.64,0.0
高测股份,sh688556,15.0,15.77,15.0,74011000.0,15.0,34800,15.01,5000,-4.88,15.0,15.0,74011000,11100000.0,0.09,0.0,124.62,124.62,18.92,12.62,0.0
瑞晟智能,sh688215,68.65,69.13,68.65,100200.0,68.65,300,69.5,3000,-0.69,68.65,68.65,100200,70000.0,0.0,0.0,42.85,42.85,82.96,55.3,0.0
乐通股份,sz002319,13.9,14.21,13.9,133600.0,13.85,1900,13.9,22700,-2.18,13.9,13.9,133600,1860000.0,0.07,0.0,27.8,29.12,15.63,12.79,0.0
开勒股份,sz301070,60.77,61.66,60.77,7300.0,60.42,100,60.78,100,-1.44,60.77,60.77,7300,440000.0,0.01,0.0,36.07,54.83,73.99,49.33,0.0
回天新材,sz300041,12.0,12.29,12.0,224700.0,12.0,1800,12.01,5200,-2.36,12.0,12.0,224700,2700000.0,0.04,0.0,65.29,67.13,14.75,9.83,0.0
银轮股份,sz002126,52.01,54.31,52.01,567200.0,52.01,23800,52.1,800,-4.23,52.01,52.01,567200,29500000.0,0.07,0.0,412.48,439.85,59.74,48.88,0.0
国投智能,sz300188,13.5,13.66,13.5,168500.0,13.5,1400,13.53,30100,-1.17,13.5,13.5,168500,2270000.0,0.02,0.0,115.49,116.03,16.39,10.93,0.0
光华科技,sz002741,20.51,20.93,20.51,94900.0,20.51,2100,20.56,16400,-2.01,20.51,20.51,94900,1950000.0,0.02,0.0,87.45,95.38,23.02,18.84,0.0
中国海油,sh600938,44.54,40.49,44.54,8234900.0,44.54,1735400,0.0,0,10.0,44.54,44.54,8234900,366780000.0,0.28,0.0,1331.75,21169.84,44.54,36.44,0.0
零点有数,sz301169,57.38,57.91,57.38,8100.0,57.38,400,57.66,100,-0.92,57.38,57.38,8100,460000.0,0.01,0.0,41.32,41.34,69.49,46.33,0.0
海南矿业,sh601969,13.0,12.29,13.0,1951100.0,12.98,4000,13.0,279500,5.78,13.0,13.0,1951100,25360000.0,0.1,0.0,257.24,259.77,13.52,11.06,0.0
保变电气,sh600550,18.46,18.71,18.46,1929800.0,18.46,567600,18.47,1000,-1.34,18.46,18.46,1929800,35620000.0,0.1,0.0,339.95,339.95,20.58,16.84,0.0
*ST观典,sh688287,3.65,3.91,3.65,63115100.0,3.65,87700,3.75,5600,-6.65,3.65,3.65,63115100,2300000.0,0.17,0.0,13.52,13.52,4.69,3.13,0.0
宝钢包装,sh601968,5.81,5.89,5.81,135900.0,5.81,19900,5.82,62800,-1.36,5.81,5.81,135900,790000.0,0.01,0.0,74.12,74.12,6.48,5.3,0.0
德瑞锂电,bj920523,25.28,25.34,25.28,29800.0,25.28,1800,25.34,10000,-0.24,25.28,25.28,29800,754300.0000000001,0.04,0.0,20.33,25.61,32.94,17.74,0.0
野马电池,sh605378,20.6,20.64,20.6,15000.0,20.5,800,20.6,2000,-0.19,20.6,20.6,15000,310000.0,0.01,0.0,53.84,53.84,22.7,18.58,0.0
华锐精密,sh688059,124.2,129.33,124.2,1728700.0,124.2,400,124.34,1000,-3.97,124.2,124.2,1728700,2150000.0,0.02,0.0,116.22,124.18,155.2,103.46,0.0
拓荆科技,sh688072,348.4,377.2,348.4,4873000.0,348.4,8600,350.0,700,-7.64,348.4,348.4,4873000,16980000.0,0.02,0.0,983.69,983.69,452.64,301.76,0.0
神火股份,sz000933,36.45,35.12,36.45,768800.0,36.44,2200,36.45,70100,3.79,36.45,36.45,768800,28020000.0,0.03,0.0,819.22,819.76,38.63,31.61,0.0
三超新材,sz300554,26.22,26.35,26.22,65300.0,26.22,1600,26.3,500,-0.49,26.22,26.22,65300,1710000.0,0.08,0.0,20.75,29.95,31.62,21.08,0.0
ST萃华,sz002731,8.05,8.11,8.05,1483100.0,8.03,100,8.05,121900,-0.74,8.05,8.05,1483100,11940000.0,0.65,0.0,18.49,20.62,8.52,7.7,0.0
时空科技,sh605178,67.1,68.86,67.1,27100.0,67.05,1000,67.1,600,-2.56,67.1,67.1,27100,1820000.0,0.03,0.0,66.48,66.48,75.75,61.97,0.0
恒瑞医药,sh600276,54.78,55.56,54.78,500600.0,54.77,2000,54.78,3900,-1.4,54.78,54.78,500600,27420000.0,0.01,0.0,3494.42,3635.86,61.12,50.0,0.0
万盛股份,sh603010,11.7,11.93,11.7,70500.0,11.7,23000,11.81,39000,-1.93,11.7,11.7,70500,820000.0,0.01,0.0,68.98,68.98,13.12,10.74,0.0
新瀚新材,sz301076,40.2,40.83,40.2,27800.0,40.16,1200,40.2,3600,-1.54,40.2,40.2,27800,1120000.0,0.03,0.0,44.14,70.3,49.0,32.66,0.0
麒盛科技,sh603610,18.7,18.97,18.7,58000.0,18.7,2000,18.73,4900,-1.42,18.7,18.7,58000,1080000.0,0.02,0.0,66.01,66.01,20.87,17.07,0.0
百洋医药,sz301015,21.95,22.15,21.95,42600.0,21.95,700,22.01,1000,-0.9,21.95,21.95,42600,940000.0,0.01,0.0,115.36,115.37,26.58,17.72,0.0
柘中股份,sz002346,20.88,21.31,20.88,42900.0,20.88,2300,21.0,6600,-2.02,20.88,20.88,42900,900000.0,0.01,0.0,82.13,92.2,23.44,19.18,0.0
金晶科技,sh600586,6.28,6.36,6.28,668700.0,6.27,15600,6.28,73500,-1.26,6.28,6.28,668700,4200000.0,0.05,0.0,89.01,89.01,7.0,5.72,0.0
濮耐股份,sz002225,6.41,6.54,6.41,813900.0,6.4,58800,6.41,113200,-1.99,6.41,6.41,813900,5220000.0,0.08,0.0,62.44,74.31,7.19,5.89,0.0
中石科技,sz300684,51.45,53.07,51.45,189200.0,51.44,5800,51.45,10000,-3.05,51.45,51.45,189200,9730000.0,0.09,0.0,105.11,154.1,63.68,42.46,0.0
格林美,sz002340,8.97,9.06,8.97,2775500.0,8.96,86600,8.97,1210900,-0.99,8.97,8.97,2775500,24900000.0,0.05,0.0,455.29,457.77,9.97,8.15,0.0
合盛硅业,sh603260,48.1,48.76,48.1,90400.0,48.1,3400,48.13,700,-1.35,48.1,48.1,90400,4350000.0,0.01,0.0,568.64,568.64,53.64,43.88,0.0
生益科技,sh600183,61.38,64.0,61.38,905300.0,61.38,40800,61.4,1500,-4.09,61.38,61.38,905300,55570000.0,0.04,0.0,1469.75,1490.99,70.4,57.6,0.0
华能国际,sh600011,7.54,7.61,7.54,1484900.0,7.54,95500,7.55,63000,-0.92,7.54,7.54,1484900,11200000.0,0.01,0.0,829.23,1183.64,8.37,6.85,0.0
超颖电子,sh603175,76.73,80.27,76.73,86100.0,76.73,800,76.9,900,-4.41,76.73,76.73,86100,6610000.0,0.2,0.0,33.76,335.33,88.3,72.24,0.0
新疆众和,sh600888,9.16,9.06,9.16,548000.0,9.16,20000,9.17,5600,1.1,9.16,9.16,548000,5020000.0,0.04,0.0,136.5,136.5,9.97,8.15,0.0
锦浪科技,sz300763,88.53,88.91,88.53,64100.0,88.53,1000,88.6,3200,-0.43,88.53,88.53,64100,5670000.0,0.02,0.0,284.7,352.4,106.69,71.13,0.0
粤桂股份,sz000833,28.0,26.32,28.0,2063100.0,28.0,3200,28.01,15100,6.38,28.0,28.0,2063100,57770000.0,0.45,0.0,127.04,224.58,28.95,23.69,0.0
炬光科技,sh688167,290.0,306.2,290.0,7345200.0,290.0,100,290.33,1000,-5.29,290.0,290.0,7345200,21300000.0,0.08,0.0,260.59,260.59,367.44,244.96,0.0
宏裕包材,bj920274,24.81,25.16,24.81,3800.0,24.81,400,24.85,1000,-1.39,24.81,24.81,3800,94700.0,0.0,0.0,20.18,20.18,32.7,17.62,0.0
天元股份,sz003003,13.85,13.99,13.85,66000.0,13.75,3000,13.85,20900,-1.0,13.85,13.85,66000,910000.0,0.06,0.0,16.31,24.48,15.39,12.59,0.0
苏盐井神,sh603299,12.38,12.29,12.38,456600.0,12.3,4100,12.38,12900,0.73,12.38,12.38,456600,5650000.0,0.06,0.0,96.3,118.24,13.52,11.06,0.0
中国太保,sh601601,38.34,39.24,38.34,333900.0,38.33,11400,38.34,13600,-2.29,38.34,38.34,333900,12800000.0,0.0,0.0,2624.39,3688.44,43.16,35.32,0.0
斯菱智驱,sz301550,143.14,149.16,143.14,134800.0,143.14,1000,145.0,500,-4.04,143.14,143.14,134800,19300000.0,0.1,0.0,201.94,331.05,178.99,119.33,0.0
绿盟科技,sz300369,8.85,8.85,8.85,1142100.0,8.85,1800,8.86,300,0.0,8.85,8.85,1142100,10110000.0,0.14,0.0,71.51,71.74,10.62,7.08,0.0
金春股份,sz300877,31.83,32.28,31.83,62400.0,31.83,5700,31.99,1000,-1.39,31.83,31.83,62400,1990000.0,0.05,0.0,38.2,38.2,38.74,25.82,0.0
汇金通,sh603577,11.7,11.95,11.7,82100.0,11.7,7600,11.72,5600,-2.09,11.7,11.7,82100,960000.0,0.02,0.0,39.68,39.68,13.15,10.76,0.0
宜安科技,sz300328,17.57,18.0,17.57,297600.0,17.57,2300,17.64,100,-2.39,17.57,17.57,297600,5230000.0,0.04,0.0,120.59,121.31,21.6,14.4,0.0
新安股份,sh600596,13.05,13.16,13.05,193700.0,13.05,27000,13.07,62400,-0.84,13.05,13.05,193700,2530000.0,0.01,0.0,176.12,176.12,14.48,11.84,0.0
生益电子,sh688183,77.27,79.62,77.27,10204300.0,77.23,1200,77.27,3200,-2.95,77.27,77.27,10204300,7880000.0,0.01,0.0,642.75,642.75,95.54,63.7,0.0
鲁银投资,sh600784,7.3,7.4,7.3,73000.0,7.3,17300,7.32,8400,-1.35,7.3,7.3,73000,530000.0,0.01,0.0,49.32,49.32,8.14,6.66,0.0
爱柯迪,sh600933,17.29,17.44,17.29,87600.0,17.29,1700,17.3,76400,-0.86,17.29,17.29,87600,1510000.0,0.01,0.0,168.99,178.11,19.18,15.7,0.0
冰川网络,sz300533,30.38,31.1,30.38,46500.0,30.37,500,30.38,19400,-2.32,30.38,30.38,46500,1410000.0,0.03,0.0,50.12,71.23,37.32,24.88,0.0
广东宏大,sz002683,49.5,49.02,49.5,124700.0,49.02,3900,49.5,9900,0.98,49.5,49.5,124700,6170000.0,0.02,0.0,328.99,376.2,53.92,44.12,0.0
南网储能,sh600995,15.75,15.6,15.75,611100.0,15.73,2900,15.75,81300,0.96,15.75,15.75,611100,9620000.0,0.02,0.0,503.37,503.37,17.16,14.04,0.0
昊华科技,sh600378,37.08,37.5,37.08,21300.0,37.06,300,37.08,300,-1.12,37.08,37.08,21300,790000.0,0.0,0.0,397.71,478.33,41.25,33.75,0.0
科大国创,sz300520,41.9,43.23,41.9,336500.0,41.88,4400,41.9,18100,-3.08,41.9,41.9,336500,14100000.0,0.12,0.0,116.49,122.36,51.88,34.58,0.0
蓝科高新,sh601798,10.13,10.03,10.13,169300.0,10.13,1400,10.14,3300,1.0,10.13,10.13,169300,1720000.0,0.05,0.0,35.91,35.91,11.03,9.03,0.0
芭田股份,sz002170,14.82,14.51,14.82,1380300.0,14.81,23000,14.82,58000,2.14,14.82,14.82,1380300,20460000.0,0.18,0.0,116.28,143.41,15.96,13.06,0.0
力王股份,bj920627,21.67,22.0,21.67,4200.0,21.67,400,21.87,1200,-1.5,21.67,21.67,4200,91000.0,0.01,0.0,10.14,20.47,28.6,15.4,0.0
中国石油,sh601857,13.48,12.3,13.48,24272700.0,13.47,14900,13.48,1420600,9.59,13.48,13.48,24272700,327200000.0,0.01,0.0,21827.1,24671.23,13.53,11.07,0.0
先惠技术,sh688155,82.36,86.07,82.36,2056700.0,82.36,200,82.57,2300,-4.31,82.36,82.36,2056700,1690000.0,0.02,0.0,104.13,104.13,103.28,68.86,0.0
明泰铝业,sh601677,16.88,16.79,16.88,553800.0,16.88,5100,16.89,5000,0.54,16.88,16.88,553800,9350000.0,0.05,0.0,205.6,209.91,18.47,15.11,0.0
海峡环保,sh603817,7.13,7.16,7.13,109900.0,7.13,19200,7.14,14100,-0.42,7.13,7.13,109900,780000.0,0.02,0.0,40.65,40.65,7.88,6.44,0.0
英方软件,sh688435,50.49,51.25,50.49,2011200.0,50.02,2900,50.49,2600,-1.48,50.49,50.49,2011200,1020000.0,0.04,0.0,28.3,42.16,61.5,41.0,0.0
三生国健,sh688336,57.0,58.2,57.0,6113500.0,56.98,300,57.0,1700,-2.06,57.0,57.0,6113500,3480000.0,0.01,0.0,351.57,352.31,69.84,46.56,0.0
科达制造,sh600499,16.78,17.13,16.78,152900.0,16.78,1800,16.8,48600,-2.04,16.78,16.78,152900,2570000.0,0.01,0.0,321.82,321.82,18.84,15.42,0.0
川润股份,sz002272,19.82,20.77,19.82,1594500.0,19.82,17200,19.84,100,-4.57,19.82,19.82,1594500,31600000.0,0.41,0.0,76.6,96.1,22.85,18.69,0.0
中国人保,sh601319,8.5,8.59,8.5,491300.0,8.49,53300,8.5,184600,-1.05,8.5,8.5,491300,4180000.0,0.0,0.0,3017.31,3759.04,9.45,7.73,0.0
新开源,sz300109,19.13,19.1,19.13,134600.0,19.13,21900,19.17,4000,0.16,19.13,19.13,134600,2570000.0,0.03,0.0,86.09,92.98,22.92,15.28,0.0
邦基科技,sh603151,18.99,18.99,18.99,13400.0,18.98,600,18.99,2100,0.0,18.99,18.99,13400,250000.0,0.01,0.0,32.47,32.47,20.89,17.09,0.0
科达利,sz002850,152.1,156.9,152.1,38800.0,152.03,100,152.1,8900,-3.06,152.1,152.1,38800,5900000.0,0.02,0.0,301.57,418.19,172.59,141.21,0.0
立中集团,sz300428,24.1,24.55,24.1,154700.0,24.09,200,24.1,13300,-1.83,24.1,24.1,154700,3730000.0,0.03,0.0,143.82,165.23,29.46,19.64,0.0
科恒股份,sz300340,11.74,11.89,11.74,27400.0,11.72,700,11.74,12300,-1.26,11.74,11.74,27400,320000.0,0.01,0.0,32.1,32.35,14.27,9.51,0.0
金禾实业,sz002597,26.67,26.7,26.67,107600.0,26.66,500,26.67,3200,-0.11,26.67,26.67,107600,2870000.0,0.02,0.0,151.17,151.57,29.37,24.03,0.0
建发合诚,sh603909,11.55,11.76,11.55,56400.0,11.55,23300,11.63,2300,-1.79,11.55,11.55,56400,650000.0,0.02,0.0,30.11,30.11,12.94,10.58,0.0
ST中装,sz002822,3.38,3.39,3.38,36200.0,3.37,42600,3.38,43100,-0.29,3.38,3.38,36200,120000.0,0.0,0.0,36.19,65.94,3.56,3.22,0.0
汉邦高科,sz300449,8.4,8.53,8.4,91700.0,8.39,1800,8.4,10100,-1.52,8.4,8.4,91700,770000.0,0.02,0.0,32.43,32.43,10.24,6.82,0.0
海油工程,sh600583,8.11,7.55,8.11,5507300.0,8.1,14400,8.11,329000,7.42,8.11,8.11,5507300,44660000.0,0.12,0.0,358.57,358.57,8.31,6.8,0.0
凯尔达,sh688255,30.66,30.82,30.66,638900.0,30.51,200,30.66,200,-0.52,30.66,30.66,638900,200000.0,0.01,0.0,33.68,33.68,36.98,24.66,0.0
泛亚微透,sh688386,87.92,89.05,87.92,435000.0,87.51,500,87.92,1500,-1.27,87.92,87.92,435000,380000.0,0.0,0.0,80.01,87.58,106.86,71.24,0.0
凯莱英,sz002821,98.88,99.31,98.88,20600.0,98.8,300,98.88,7400,-0.43,98.88,98.88,20600,2040000.0,0.01,0.0,313.45,356.83,109.24,89.38,0.0
高争民爆,sz002827,36.39,36.46,36.39,59000.0,36.29,100,36.39,1500,-0.19,36.39,36.39,59000,2150000.0,0.02,0.0,100.44,100.82,40.11,32.81,0.0
海顺新材,sz300501,15.21,15.48,15.21,26400.0,15.2,3500,15.29,13200,-1.74,15.21,15.21,26400,400000.0,0.03,0.0,15.32,29.44,18.58,12.38,0.0
ST中青宝,sz300052,13.57,13.85,13.57,203700.0,13.56,4700,13.57,66400,-2.02,13.57,13.57,203700,2760000.0,0.08,0.0,35.53,35.53,16.62,11.08,0.0
皖通高速,sh600012,14.62,14.61,14.62,41700.0,14.62,6500,14.63,600,0.07,14.62,14.62,41700,610000.0,0.0,0.0,170.41,249.8,16.07,13.15,0.0
力佳科技,bj920237,21.64,21.86,21.64,3300.0,21.64,2400,21.76,3400,-1.01,21.64,21.64,3300,72400.0,0.0,0.0,18.34,18.7,28.41,15.31,0.0
科华控股,sh603161,15.67,15.89,15.67,15000.0,15.67,1000,15.7,1000,-1.38,15.67,15.67,15000,240000.0,0.01,0.0,29.89,30.46,17.48,14.3,0.0
渝农商行,sh601077,6.66,6.66,6.66,309900.0,6.65,140000,6.66,27200,0.0,6.66,6.66,309900,2060000.0,0.0,0.0,588.63,756.38,7.33,5.99,0.0
迈得医疗,sh688310,16.91,17.08,16.91,1400500.0,16.87,200,16.91,1200,-1.0,16.91,16.91,1400500,240000.0,0.01,0.0,28.11,28.11,20.5,13.66,0.0
颀中科技,sh688352,13.62,13.9,13.62,13616700.0,13.61,5200,13.62,15100,-2.01,13.62,13.62,13616700,1850000.0,0.04,0.0,49.83,161.95,16.68,11.12,0.0
中岩大地,sz003001,18.89,19.05,18.89,11300.0,18.88,1100,18.9,10200,-0.84,18.89,18.89,11300,210000.0,0.01,0.0,19.96,32.93,20.96,17.15,0.0
冠石科技,sh605588,53.35,54.89,53.35,22800.0,53.35,1700,54.8,7000,-2.81,53.35,53.35,22800,1220000.0,0.03,0.0,39.0,39.09,60.38,49.4,0.0
宏昌电子,sh603002,10.3,10.51,10.3,456300.0,10.29,1600,10.3,136300,-2.0,10.3,10.3,456300,4700000.0,0.04,0.0,116.81,116.81,11.56,9.46,0.0
聚辰股份,sh688123,127.0,131.7,127.0,9528600.0,126.89,200,127.0,11400,-3.57,127.0,127.0,9528600,12100000.0,0.06,0.0,201.0,201.0,158.04,105.36,0.0
复洁科技,sh688335,37.2,37.55,37.2,1237200.0,37.2,600,37.3,2200,-0.93,37.2,37.2,1237200,460000.0,0.01,0.0,55.07,55.07,45.06,30.04,0.0
尤安设计,sz300983,28.7,28.71,28.7,1400.0,28.48,100,28.71,5200,-0.03,28.7,28.7,1400,40000.0,0.0,0.0,33.95,49.59,34.45,22.97,0.0
金徽股份,sh603132,18.0,18.23,18.0,41000.0,18.0,1400,18.04,10000,-1.26,18.0,18.0,41000,740000.0,0.0,0.0,176.04,176.04,20.05,16.41,0.0
杭叉集团,sh603298,27.21,27.75,27.21,71000.0,27.21,600,27.22,1000,-1.95,27.21,27.21,71000,1930000.0,0.01,0.0,356.4,356.4,30.53,24.98,0.0
江特电机,sz002176,9.8,9.98,9.8,752600.0,9.79,10500,9.8,147000,-1.8,9.8,9.8,752600,7380000.0,0.04,0.0,167.19,167.22,10.98,8.98,0.0
西部材料,sz002149,47.6,49.49,47.6,628000.0,47.6,29100,47.61,100,-3.82,47.6,47.6,628000,29890000.0,0.13,0.0,232.35,232.39,54.44,44.54,0.0
永贵电器,sz300351,18.42,19.06,18.42,847200.0,18.42,16300,18.45,1300,-3.36,18.42,18.42,847200,15610000.0,0.32,0.0,48.52,71.64,22.87,15.25,0.0
维峰电子,sz301328,51.64,52.64,51.64,4000.0,51.5,500,51.64,500,-1.9,51.64,51.64,4000,210000.0,0.0,0.0,56.75,56.75,63.17,42.11,0.0
*ST立航,sh603261,28.8,29.0,28.8,3100.0,28.8,3000,28.99,200,-0.69,28.8,28.8,3100,90000.0,0.0,0.0,22.32,22.32,30.45,27.55,0.0
信宇人,sh688573,21.33,21.72,21.33,1664500.0,21.33,9500,21.84,300,-1.8,21.33,21.33,1664500,360000.0,0.03,0.0,11.35,20.85,26.06,17.38,0.0
东芯股份,sh688110,140.67,144.33,140.67,46682400.0,140.67,500,140.87,200,-2.54,140.67,140.67,46682400,65670000.0,0.11,0.0,622.11,622.11,173.2,115.46,0.0
翔楼新材,sz301160,62.82,64.21,62.82,14600.0,62.82,2500,62.99,1000,-2.16,62.82,62.82,14600,920000.0,0.02,0.0,46.44,71.34,77.05,51.37,0.0
远航精密,bj920914,26.0,26.29,26.0,13000.0,25.95,1000,26.0,2300,-1.1,26.0,26.0,13000,337200.0,0.01,0.0,25.88,25.9,34.17,18.41,0.0
埃科光电,sh688610,75.71,77.29,75.71,593100.0,75.71,0,76.0,2800,-2.04,75.71,75.71,593100,450000.0,0.01,0.0,30.99,51.48,92.75,61.83,0.0
开山股份,sz300257,24.92,25.3,24.92,196000.0,24.9,14200,24.92,1400,-1.5,24.92,24.92,196000,4880000.0,0.02,0.0,237.91,247.61,30.36,20.24,0.0
聚和材料,sh688503,85.16,89.41,85.16,13249500.0,85.16,1300,86.0,2800,-4.75,85.16,85.16,13249500,11280000.0,0.07,0.0,171.1,206.12,107.29,71.53,0.0
阿莱德,sz301419,36.35,37.06,36.35,80700.0,36.3,900,36.35,26200,-1.92,36.35,36.35,80700,2930000.0,0.1,0.0,28.84,43.62,44.47,29.65,0.0
欧普照明,sh603515,18.42,18.63,18.42,8900.0,18.42,1100,18.49,2000,-1.13,18.42,18.42,8900,160000.0,0.0,0.0,135.63,136.9,20.49,16.77,0.0
康力电梯,sz002367,8.24,8.25,8.24,115700.0,8.22,2400,8.24,23200,-0.12,8.24,8.24,115700,950000.0,0.01,0.0,65.47,65.73,9.08,7.43,0.0
甘肃能源,sz000791,8.62,8.5,8.62,1085400.0,8.62,90600,8.65,2000,1.41,8.62,8.62,1085400,9360000.0,0.06,0.0,166.85,279.62,9.35,7.65,0.0
汉钟精机,sz002158,24.5,24.58,24.5,44000.0,24.5,1100,24.52,4500,-0.33,24.5,24.5,44000,1080000.0,0.01,0.0,130.73,131.01,27.04,22.12,0.0
石英股份,sh603688,51.19,53.59,51.19,649300.0,51.19,1400,51.41,100,-4.48,51.19,51.19,649300,33240000.0,0.12,0.0,277.29,277.29,58.95,48.23,0.0
立讯精密,sz002475,46.27,47.3,46.27,1157000.0,46.27,4500,46.28,17900,-2.18,46.27,46.27,1157000,53540000.0,0.02,0.0,3363.49,3371.23,52.03,42.57,0.0
龙洲股份,sz002682,6.73,6.61,6.73,480100.0,6.73,87000,6.74,7500,1.82,6.73,6.73,480100,3230000.0,0.09,0.0,37.85,37.85,7.27,5.95,0.0
常铝股份,sz002160,5.81,5.78,5.81,346400.0,5.81,24500,5.82,200,0.52,5.81,5.81,346400,2010000.0,0.03,0.0,59.89,60.0,6.36,5.2,0.0
安宁股份,sz002978,38.66,39.3,38.66,36300.0,38.65,1300,38.66,1700,-1.63,38.66,38.66,36300,1400000.0,0.01,0.0,143.04,182.47,43.23,35.37,0.0
科捷智能,sh688455,24.36,24.88,24.36,4966900.0,24.32,3900,24.36,7900,-2.09,24.36,24.36,4966900,1210000.0,0.04,0.0,28.51,40.93,29.86,19.9,0.0
华塑科技,sz301157,57.65,58.26,57.65,5300.0,57.0,500,57.65,2600,-1.05,57.65,57.65,5300,310000.0,0.03,0.0,11.91,34.59,69.91,46.61,0.0
久吾高科,sz300631,28.55,28.94,28.55,45500.0,28.55,16500,28.94,100,-1.35,28.55,28.55,45500,1300000.0,0.04,0.0,34.4,35.7,34.73,23.15,0.0
上海合晶,sh688584,21.52,21.74,21.52,2092200.0,21.51,1400,21.52,12800,-1.01,21.52,21.52,2092200,450000.0,0.01,0.0,73.69,143.21,26.09,17.39,0.0
海安集团,sz001233,69.65,70.33,69.65,4300.0,69.62,400,69.65,100,-0.97,69.65,69.65,4300,300000.0,0.01,0.0,24.65,129.53,77.36,63.3,0.0
永达股份,sz001239,16.03,16.01,16.03,29500.0,16.01,300,16.04,1100,0.12,16.03,16.03,29500,470000.0,0.03,0.0,18.27,38.47,17.61,14.41,0.0
金洲管道,sz002443,9.72,9.84,9.72,47400.0,9.72,13100,9.75,1000,-1.22,9.72,9.72,47400,460000.0,0.01,0.0,50.49,50.6,10.82,8.86,0.0
诺诚健华-U,sh688428,22.23,22.68,22.23,6969500.0,22.23,6600,22.36,4900,-1.98,22.23,22.23,6969500,1550000.0,0.03,0.0,59.66,392.28,27.22,18.14,0.0
开特股份,bj920978,28.0,28.28,28.0,7900.0,27.92,1000,28.0,5600,-0.99,28.0,28.0,7900,220900.0,0.01,0.0,28.26,50.41,36.76,19.8,0.0
金宏气体,sh688106,25.7,24.93,25.7,47257000.0,25.43,1300,25.7,4200,3.09,25.7,25.7,47257000,12150000.0,0.1,0.0,123.87,123.87,29.92,19.94,0.0
欣锐科技,sz300745,25.41,25.99,25.41,152000.0,25.41,4400,25.48,1700,-2.23,25.41,25.41,152000,3860000.0,0.11,0.0,35.92,42.59,31.19,20.79,0.0
百花医药,sh600721,8.93,8.99,8.93,48000.0,8.93,1100,8.94,10000,-0.67,8.93,8.93,48000,430000.0,0.01,0.0,34.34,34.34,9.89,8.09,0.0
江顺科技,sz001400,119.51,125.9,119.51,39700.0,119.48,300,119.51,200,-5.08,119.51,119.51,39700,4740000.0,0.26,0.0,17.93,71.71,138.49,113.31,0.0
德力佳,sh603092,66.66,67.1,66.66,4900.0,66.61,100,66.66,800,-0.66,66.66,66.66,4900,330000.0,0.01,0.0,22.3,266.64,73.81,60.39,0.0
三孚新科,sh688359,86.85,88.54,86.85,1586700.0,86.54,200,86.85,3000,-1.91,86.85,86.85,1586700,1380000.0,0.02,0.0,85.4,85.4,106.25,70.83,0.0
福建高速,sh600033,3.77,3.81,3.77,789000.0,3.76,148100,3.77,38800,-1.05,3.77,3.77,789000,2970000.0,0.03,0.0,103.46,103.46,4.19,3.43,0.0
斯迪克,sz300806,49.0,50.75,49.0,223200.0,49.0,600,49.03,400,-3.45,49.0,49.0,223200,10940000.0,0.07,0.0,154.94,222.12,60.9,40.6,0.0
晶瑞电材,sz300655,15.89,16.18,15.89,284200.0,15.88,38800,15.89,20900,-1.79,15.89,15.89,284200,4520000.0,0.03,0.0,169.46,170.5,19.42,12.94,0.0
亚钾国际,sz000893,65.7,64.01,65.7,409000.0,65.7,34300,65.73,300,2.64,65.7,65.7,409000,26870000.0,0.05,0.0,533.36,607.1,70.41,57.61,0.0
有研硅,sh688432,15.48,15.89,15.48,18978100.0,15.48,27600,15.62,4100,-2.58,15.48,15.48,18978100,2940000.0,0.02,0.0,193.55,193.55,19.07,12.71,0.0
苏博特,sh603916,11.38,11.62,11.38,71200.0,11.37,200,11.38,2400,-2.07,11.38,11.38,71200,810000.0,0.02,0.0,47.83,48.51,12.78,10.46,0.0
宝丽迪,sz300905,33.7,34.0,33.7,24800.0,33.68,4500,33.99,2100,-0.88,33.7,33.7,24800,840000.0,0.02,0.0,46.86,60.25,40.8,27.2,0.0
西典新能,sh603312,46.7,47.28,46.7,18600.0,46.66,200,46.7,1400,-1.23,46.7,46.7,18600,870000.0,0.04,0.0,23.78,74.72,52.01,42.55,0.0
尔康制药,sz300267,4.01,4.07,4.01,750300.0,4.01,26900,4.02,17000,-1.47,4.01,4.01,750300,3010000.0,0.05,0.0,57.04,82.71,4.88,3.26,0.0
中恒电气,sz002364,34.1,35.66,34.1,1897400.0,34.1,30900,34.2,2500,-4.37,34.1,34.1,1897400,64700000.0,0.34,0.0,190.31,192.18,39.23,32.09,0.0
浩洋股份,sz300833,35.81,36.54,35.81,48700.0,35.81,3000,35.86,300,-2.0,35.81,35.81,48700,1740000.0,0.06,0.0,29.1,45.3,43.85,29.23,0.0
奇精机械,sh603677,17.18,17.21,17.18,7300.0,17.03,300,17.18,2000,-0.17,17.18,17.18,7300,130000.0,0.0,0.0,33.09,33.09,18.93,15.49,0.0
多浦乐,sz301528,63.6,64.06,63.6,15900.0,63.5,900,63.63,600,-0.72,63.6,63.6,15900,1010000.0,0.05,0.0,20.26,39.37,76.87,51.25,0.0
东方电缆,sh603606,60.0,60.75,60.0,79000.0,59.97,200,60.0,2400,-1.23,60.0,60.0,79000,4740000.0,0.01,0.0,412.63,412.63,66.83,54.68,0.0
圣阳股份,sz002580,13.19,13.32,13.19,72400.0,13.18,2100,13.19,18800,-0.98,13.19,13.19,72400,950000.0,0.02,0.0,59.66,59.87,14.65,11.99,0.0
丰山集团,sh603810,17.7,17.75,17.7,22400.0,17.65,100,17.7,2400,-0.28,17.7,17.7,22400,400000.0,0.01,0.0,29.26,29.26,19.53,15.98,0.0
亚康股份,sz301085,63.02,65.49,63.02,267100.0,63.02,9500,63.59,300,-3.77,63.02,63.02,267100,16830000.0,0.45,0.0,37.13,54.69,78.59,52.39,0.0
德迈仕,sz301007,35.5,36.15,35.5,26300.0,35.35,100,35.5,30500,-1.8,35.5,35.5,26300,930000.0,0.02,0.0,54.31,54.44,43.38,28.92,0.0
方邦股份,sh688020,88.78,89.75,88.78,419200.0,88.78,200,90.3,500,-1.08,88.78,88.78,419200,370000.0,0.01,0.0,73.13,73.13,107.7,71.8,0.0
科士达,sz002518,55.63,56.98,55.63,87400.0,55.63,1000,55.66,1600,-2.37,55.63,55.63,87400,4860000.0,0.02,0.0,314.39,323.89,62.68,51.28,0.0
永和股份,sh605020,29.49,29.98,29.49,127600.0,29.48,800,29.49,11000,-1.63,29.49,29.49,127600,3760000.0,0.03,0.0,148.31,150.64,32.98,26.98,0.0
纵横股份,sh688070,62.26,61.8,62.26,1412900.0,62.16,200,62.26,400,0.74,62.26,62.26,1412900,880000.0,0.02,0.0,54.53,54.53,74.16,49.44,0.0
中国瑞林,sh603257,69.25,69.86,69.25,20800.0,69.25,600,69.3,800,-0.87,69.25,69.25,20800,1440000.0,0.08,0.0,17.24,83.1,76.85,62.87,0.0
美的集团,sz000333,75.73,76.52,75.73,381500.0,75.73,22200,75.75,30600,-1.03,75.73,75.73,381500,28890000.0,0.01,0.0,5188.65,5757.55,84.17,68.87,0.0
盛弘股份,sz300693,44.77,46.21,44.77,363500.0,44.77,28100,44.78,100,-3.12,44.77,44.77,363500,16270000.0,0.14,0.0,120.37,140.04,55.45,36.97,0.0
新威凌,bj920634,25.03,25.24,25.03,16400.0,25.03,800,25.29,16000,-0.83,25.03,25.03,16400,410500.0,0.04,0.0,10.13,16.0,32.81,17.67,0.0
英科再生,sh688087,44.0,43.65,44.0,13770400.0,44.0,200,44.06,200,0.8,44.0,44.0,13770400,6060000.0,0.07,0.0,81.95,85.38,52.38,34.92,0.0
沪农商行,sh601825,8.53,8.57,8.53,61100.0,8.53,2300,8.56,1200,-0.47,8.53,8.53,61100,520000.0,0.0,0.0,799.64,822.67,9.43,7.71,0.0
中巨芯-U,sh688549,9.78,9.98,9.78,20549800.0,9.78,2100,9.79,118100,-2.0,9.78,9.78,20549800,2010000.0,0.03,0.0,57.64,144.48,11.98,7.98,0.0
天准科技,sh688003,61.0,62.01,61.0,1820200.0,60.85,2000,61.0,5100,-1.63,61.0,61.0,1820200,1110000.0,0.01,0.0,118.54,118.54,74.41,49.61,0.0
益丰药房,sh603939,23.69,23.77,23.69,5900.0,23.61,100,23.7,1500,-0.34,23.69,23.69,5900,140000.0,0.0,0.0,287.22,287.22,26.15,21.39,0.0
嘉必优,sh688089,19.36,19.46,19.36,4322000.0,19.31,10000,19.36,900,-0.51,19.36,19.36,4322000,840000.0,0.03,0.0,32.58,32.58,23.35,15.57,0.0
瑞丰银行,sh601528,5.35,5.35,5.35,115600.0,5.34,63000,5.35,46700,0.0,5.35,5.35,115600,620000.0,0.01,0.0,92.79,104.98,5.89,4.82,0.0
飞凯材料,sz300398,27.22,28.41,27.22,499400.0,27.22,2500,27.23,2300,-4.19,27.22,27.22,499400,13590000.0,0.09,0.0,153.48,154.32,34.09,22.73,0.0
苏州银行,sz002966,8.19,8.2,8.19,329200.0,8.19,15700,8.2,34100,-0.12,8.19,8.19,329200,2700000.0,0.01,0.0,360.05,366.15,9.02,7.38,0.0
铜陵有色,sz000630,7.25,7.47,7.25,6080200.0,7.24,25800,7.25,159600,-2.95,7.25,7.25,6080200,44080000.0,0.05,0.0,807.87,972.19,8.22,6.72,0.0
吉林敖东,sz000623,18.53,18.71,18.53,89200.0,18.52,1000,18.53,26500,-0.96,18.53,18.53,89200,1650000.0,0.01,0.0,220.7,221.6,20.58,16.84,0.0
中青旅,sh600138,9.42,9.5,9.42,198600.0,9.42,6900,9.43,70800,-0.84,9.42,9.42,198600,1870000.0,0.03,0.0,68.19,68.19,10.45,8.55,0.0
雅艺科技,sz301113,27.56,27.79,27.56,23000.0,27.56,1500,27.79,500,-0.83,27.56,27.56,23000,630000.0,0.04,0.0,15.19,25.08,33.35,22.23,0.0
中国西电,sh601179,18.9,19.3,18.9,6408700.0,18.89,10700,18.9,73500,-2.07,18.9,18.9,6408700,121120000.0,0.13,0.0,968.79,968.79,21.23,17.37,0.0
*ST景峰,sz000908,6.34,6.38,6.34,3245000.0,6.33,5000,6.34,24300,-0.63,6.34,6.34,3245000,20570000.0,0.37,0.0,55.78,55.78,6.7,6.06,0.0
华北制药,sh600812,5.61,5.52,5.61,949900.0,5.61,54500,5.62,105100,1.63,5.61,5.61,949900,5330000.0,0.06,0.0,96.25,96.25,6.07,4.97,0.0
康达新材,sz002669,13.8,14.0,13.8,42100.0,13.8,3300,13.83,9500,-1.43,13.8,13.8,42100,580000.0,0.01,0.0,41.78,41.87,15.4,12.6,0.0
穗恒运Ａ,sz000531,7.07,7.07,7.07,294200.0,7.07,6700,7.08,84700,0.0,7.07,7.07,294200,2080000.0,0.03,0.0,64.32,73.63,7.78,6.36,0.0
福晶科技,sz002222,62.0,63.52,62.0,262600.0,61.99,100,62.0,42600,-2.39,62.0,62.0,262600,16280000.0,0.06,0.0,290.25,291.56,69.87,57.17,0.0
绿联科技,sz301606,67.84,67.4,67.84,121600.0,67.71,100,67.84,18600,0.65,67.84,67.84,121600,8250000.0,0.06,0.0,148.58,281.47,80.88,53.92,0.0
建龙微纳,sh688357,35.8,36.19,35.8,1235000.0,35.47,600,35.8,26500,-1.08,35.8,35.8,1235000,440000.0,0.01,0.0,35.82,35.82,43.43,28.95,0.0
奥来德,sh688378,37.02,38.0,37.02,10413800.0,37.01,200,37.02,100,-2.58,37.02,37.02,10413800,3860000.0,0.04,0.0,89.2,92.28,45.6,30.4,0.0
联得装备,sz300545,32.9,33.96,32.9,116000.0,32.88,1500,32.9,26300,-3.12,32.9,32.9,116000,3820000.0,0.1,0.0,39.33,61.02,40.75,27.17,0.0
厦门象屿,sh600057,8.32,8.35,8.32,112700.0,8.32,26500,8.34,300,-0.36,8.32,8.32,112700,940000.0,0.01,0.0,174.1,236.34,9.19,7.52,0.0
中国人寿,sh601628,41.97,42.69,41.97,224200.0,41.94,500,41.97,78100,-1.69,41.97,41.97,224200,9410000.0,0.0,0.0,8739.64,11862.7,46.96,38.42,0.0
中科环保,sz301175,7.24,7.38,7.24,1170600.0,7.24,17700,7.25,42800,-1.9,7.24,7.24,1170600,8480000.0,0.19,0.0,45.02,106.56,8.86,5.9,0.0
江化微,sh603078,23.39,23.77,23.39,88800.0,23.38,1500,23.39,15700,-1.6,23.39,23.39,88800,2080000.0,0.02,0.0,90.2,90.2,26.15,21.39,0.0
东华科技,sz002140,13.98,13.27,13.98,1141000.0,13.97,1000,13.98,8700,5.35,13.98,13.98,1141000,15950000.0,0.16,0.0,98.83,98.98,14.6,11.94,0.0
富特科技,sz301607,45.17,45.85,45.17,60500.0,45.17,200,45.3,100,-1.48,45.17,45.17,60500,2730000.0,0.06,0.0,48.92,70.2,55.02,36.68,0.0
永信至诚,sh688244,21.55,22.07,21.55,5318600.0,21.55,5100,21.99,200,-2.36,21.55,21.55,5318600,1150000.0,0.04,0.0,32.53,32.53,26.48,17.66,0.0
海螺水泥,sh600585,24.96,25.34,24.96,193400.0,24.95,27000,24.96,1100,-1.5,24.96,24.96,193400,4830000.0,0.0,0.0,998.33,1322.71,27.87,22.81,0.0
建业股份,sh603948,28.96,29.17,28.96,5000.0,28.9,400,28.96,1300,-0.72,28.96,28.96,5000,140000.0,0.0,0.0,47.06,47.06,32.09,26.25,0.0
阳光电源,sz300274,148.49,149.8,148.49,467000.0,148.49,4800,148.5,1100,-0.87,148.49,148.49,467000,69350000.0,0.03,0.0,2360.56,3078.51,179.76,119.84,0.0
厦门银行,sh601187,7.48,7.47,7.48,252000.0,7.47,95600,7.48,16700,0.13,7.48,7.48,252000,1880000.0,0.01,0.0,196.98,197.41,8.22,6.72,0.0
吉峰科技,sz300022,8.15,8.21,8.15,139500.0,8.15,43500,8.16,2000,-0.73,8.15,8.15,139500,1140000.0,0.03,0.0,40.28,40.28,9.85,6.57,0.0
红 宝 丽,sz002165,12.29,12.21,12.29,2390900.0,12.28,6600,12.29,5200,0.66,12.29,12.29,2390900,29380000.0,0.33,0.0,89.43,90.36,13.43,10.99,0.0
浦发银行,sh600000,9.83,9.89,9.83,891400.0,9.83,93800,9.84,37600,-0.61,9.83,9.83,891400,8760000.0,0.0,0.0,3273.96,3273.96,10.88,8.9,0.0
首钢股份,sz000959,5.43,5.43,5.43,162200.0,5.42,600,5.43,49700,0.0,5.43,5.43,162200,880000.0,0.0,0.0,408.48,421.09,5.97,4.89,0.0
湘潭电化,sz002125,14.42,14.84,14.42,701200.0,14.42,48600,14.46,300,-2.83,14.42,14.42,701200,10110000.0,0.11,0.0,90.77,90.77,16.32,13.36,0.0
百川股份,sz002455,13.37,12.96,13.37,1153300.0,13.37,17900,13.38,5300,3.16,13.37,13.37,1153300,15420000.0,0.22,0.0,69.42,79.45,14.26,11.66,0.0
东方证券,sh600958,9.72,9.87,9.72,703600.0,9.71,100700,9.72,181900,-1.52,9.72,9.72,703600,6840000.0,0.01,0.0,726.03,825.87,10.86,8.88,0.0
四川路桥,sh600039,10.55,10.58,10.55,83900.0,10.5,12200,10.55,200,-0.28,10.55,10.55,83900,890000.0,0.0,0.0,917.38,917.38,11.64,9.52,0.0
大族激光,sz002008,66.6,69.54,66.6,445500.0,66.55,500,66.6,12000,-4.23,66.6,66.6,445500,29670000.0,0.05,0.0,637.18,685.72,76.49,62.59,0.0
奥普科技,sh603551,12.6,12.73,12.6,21500.0,12.6,200,12.64,1000,-1.02,12.6,12.6,21500,270000.0,0.01,0.0,47.85,48.48,14.0,11.46,0.0
华丰股份,sh605100,42.03,42.55,42.03,25000.0,42.03,18800,42.55,6700,-1.22,42.03,42.03,25000,1050000.0,0.01,0.0,71.42,71.76,46.81,38.3,0.0
宁波韵升,sh600366,13.3,13.52,13.3,310100.0,13.29,2800,13.3,157100,-1.63,13.3,13.3,310100,4120000.0,0.03,0.0,146.17,146.17,14.87,12.17,0.0
江丰电子,sz300666,144.89,148.37,144.89,149100.0,144.89,1000,144.97,100,-2.35,144.89,144.89,149100,21600000.0,0.07,0.0,320.43,384.42,178.04,118.7,0.0
陕西能源,sz001286,11.27,10.91,11.27,471300.0,11.27,400,11.28,17100,3.3,11.27,11.27,471300,5310000.0,0.04,0.0,118.33,422.62,12.0,9.82,0.0
耐科装备,sh688419,45.82,47.65,45.82,2738300.0,45.77,200,45.82,2900,-3.84,45.82,45.82,2738300,1250000.0,0.05,0.0,27.27,52.49,57.18,38.12,0.0
恒达新材,sz301469,34.47,35.19,34.47,33000.0,34.47,1600,34.49,3300,-2.05,34.47,34.47,33000,1140000.0,0.07,0.0,15.88,30.84,42.23,28.15,0.0
华天科技,sz002185,13.63,14.01,13.63,1232800.0,13.63,2200,13.64,31100,-2.71,13.63,13.63,1232800,16800000.0,0.04,0.0,445.1,445.2,15.41,12.61,0.0
箭牌家居,sz001322,8.88,8.94,8.88,24900.0,8.86,400,8.88,5400,-0.67,8.88,8.88,24900,220000.0,0.0,0.0,69.76,85.88,9.83,8.05,0.0
豪鹏科技,sz001283,61.22,62.46,61.22,15400.0,61.22,400,61.34,3600,-1.99,61.22,61.22,15400,940000.0,0.02,0.0,46.6,61.19,68.71,56.21,0.0
中际联合,sh605305,37.48,38.05,37.48,42400.0,37.46,300,37.48,12000,-1.5,37.48,37.48,42400,1590000.0,0.02,0.0,79.65,79.65,41.86,34.25,0.0
大元泵业,sh603757,41.85,43.08,41.85,58400.0,41.83,2000,41.85,13900,-2.86,41.85,41.85,58400,2440000.0,0.03,0.0,78.07,78.07,47.39,38.77,0.0
六国化工,sh600470,8.75,8.37,8.75,3642000.0,8.72,21100,8.75,319100,4.54,8.75,8.75,3642000,31870000.0,0.7,0.0,45.64,45.64,9.21,7.53,0.0
中国宝安,sz000009,9.04,9.13,9.04,140500.0,9.03,3600,9.04,29700,-0.99,9.04,9.04,140500,1270000.0,0.01,0.0,232.87,233.16,10.04,8.22,0.0
云南铜业,sz000878,22.76,23.4,22.76,1886400.0,22.76,41700,22.8,1500,-2.74,22.76,22.76,1886400,42930000.0,0.09,0.0,456.02,514.33,25.74,21.06,0.0
新化股份,sh603867,35.65,35.67,35.65,71200.0,35.65,100,35.67,3200,-0.06,35.65,35.65,71200,2540000.0,0.03,0.0,76.89,77.53,39.24,32.1,0.0
前沿生物-U,sh688221,19.22,20.02,19.22,24610700.0,19.22,9500,19.23,1900,-4.0,19.22,19.22,24610700,4730000.0,0.07,0.0,71.99,71.99,24.02,16.02,0.0
骆驼股份,sh601311,9.43,9.49,9.43,178900.0,9.42,3600,9.43,25600,-0.63,9.43,9.43,178900,1690000.0,0.02,0.0,110.63,110.63,10.44,8.54,0.0
时代电气,sh688187,56.76,57.65,56.76,6151600.0,56.7,800,56.76,7100,-1.54,56.76,56.76,6151600,3490000.0,0.01,0.0,493.19,770.77,69.18,46.12,0.0
先导基电,sh600641,17.3,17.96,17.3,361100.0,17.28,4000,17.3,21500,-3.67,17.3,17.3,361100,6250000.0,0.04,0.0,161.0,161.0,19.76,16.16,0.0
奇安信-U,sh688561,33.85,33.18,33.85,16931500.0,33.84,700,33.85,6400,2.02,33.85,33.85,16931500,5730000.0,0.02,0.0,230.94,230.94,39.82,26.54,0.0
天润乳业,sh600419,9.66,9.69,9.66,30700.0,9.65,1000,9.66,6600,-0.31,9.66,9.66,30700,300000.0,0.01,0.0,30.48,30.48,10.66,8.72,0.0
永福股份,sz300712,30.99,30.88,30.99,82100.0,30.92,100,30.99,12400,0.36,30.99,30.99,82100,2540000.0,0.04,0.0,57.87,58.12,37.06,24.7,0.0
福建金森,sz002679,12.0,12.08,12.0,31200.0,11.89,300,12.0,100,-0.66,12.0,12.0,31200,370000.0,0.01,0.0,28.29,28.29,13.29,10.87,0.0
恒光股份,sz301118,28.9,28.49,28.9,65300.0,28.9,600,28.92,200,1.44,28.9,28.9,65300,1890000.0,0.06,0.0,30.36,31.85,34.19,22.79,0.0
朗坤科技,sz301305,29.3,27.93,29.3,179400.0,29.3,5900,29.36,200,4.91,29.3,29.3,179400,5260000.0,0.15,0.0,36.25,70.68,33.52,22.34,0.0
粤宏远Ａ,sz000573,4.35,4.41,4.35,143300.0,4.34,44700,4.35,8800,-1.36,4.35,4.35,143300,620000.0,0.02,0.0,27.53,27.77,4.85,3.97,0.0
珠海冠宇,sh688772,16.24,16.62,16.24,26926300.0,16.23,7300,16.24,28400,-2.29,16.24,16.24,26926300,4370000.0,0.02,0.0,183.87,183.87,19.94,13.3,0.0
七 匹 狼,sz002029,10.48,10.67,10.48,129700.0,10.48,15200,10.5,24500,-1.78,10.48,10.48,129700,1360000.0,0.02,0.0,69.73,73.89,11.74,9.6,0.0
四川成渝,sh601107,6.4,6.36,6.4,124300.0,6.38,2200,6.4,600,0.63,6.4,6.4,124300,800000.0,0.01,0.0,138.42,195.72,7.0,5.72,0.0
*ST星光,sz002076,2.11,2.14,2.11,453000.0,2.11,393300,2.12,242100,-1.4,2.11,2.11,453000,960000.0,0.04,0.0,21.99,23.4,2.25,2.03,0.0
江南新材,sh603124,100.0,104.21,100.0,53400.0,100.0,600,100.9,600,-4.04,100.0,100.0,53400,5340000.0,0.18,0.0,29.23,145.75,114.63,93.79,0.0
曼恩斯特,sz301325,51.23,52.05,51.23,10800.0,51.13,600,51.23,600,-1.58,51.23,51.23,10800,550000.0,0.02,0.0,29.66,73.72,62.46,41.64,0.0
超捷股份,sz301005,158.31,167.23,158.31,130700.0,158.31,9700,159.66,200,-5.33,158.31,158.31,130700,20690000.0,0.1,0.0,209.56,212.55,200.68,133.78,0.0
盛美上海,sh688082,156.9,160.8,156.9,3180000.0,156.88,200,156.9,9700,-2.43,156.9,156.9,3180000,4990000.0,0.01,0.0,684.68,753.38,192.96,128.64,0.0
利扬芯片,sh688135,30.0,31.19,30.0,8277500.0,29.99,500,30.0,1300,-3.82,30.0,30.0,8277500,2480000.0,0.04,0.0,61.04,61.04,37.43,24.95,0.0
荃银高科,sz300087,9.46,9.16,9.46,407200.0,9.46,3000,9.47,2500,3.28,9.46,9.46,407200,3850000.0,0.05,0.0,85.36,89.62,10.99,7.33,0.0
德赛电池,sz000049,25.05,25.4,25.05,30900.0,25.05,2000,25.06,5600,-1.38,25.05,25.05,30900,770000.0,0.01,0.0,96.33,96.35,27.94,22.86,0.0
科新发展,sh600234,13.82,13.91,13.82,12400.0,13.78,1400,13.82,800,-0.65,13.82,13.82,12400,170000.0,0.0,0.0,36.28,36.28,15.3,12.52,0.0
宝鼎科技,sz002552,19.38,19.62,19.38,14400.0,19.38,800,19.42,400,-1.22,19.38,19.38,14400,280000.0,0.0,0.0,71.42,75.19,21.58,17.66,0.0
中望软件,sh688083,59.16,59.76,59.16,1085100.0,59.12,600,59.16,4800,-1.0,59.16,59.16,1085100,640000.0,0.01,0.0,100.36,100.36,71.71,47.81,0.0
华脉科技,sh603042,19.26,19.66,19.26,112000.0,19.26,300,19.27,1000,-2.03,19.26,19.26,112000,2160000.0,0.07,0.0,30.93,30.93,21.63,17.69,0.0
津药药业,sh600488,4.19,4.18,4.19,100200.0,4.18,19200,4.19,16100,0.24,4.19,4.19,100200,420000.0,0.01,0.0,45.75,45.75,4.6,3.76,0.0
中信银行,sh601998,7.23,7.27,7.23,209800.0,7.22,89900,7.23,300,-0.55,7.23,7.23,209800,1520000.0,0.0,0.0,2947.16,4023.15,8.0,6.54,0.0
德美化工,sz002054,9.67,9.93,9.67,741400.0,9.66,2500,9.67,2800,-2.62,9.67,9.67,741400,7170000.0,0.19,0.0,37.17,46.62,10.92,8.94,0.0
天奇股份,sz002009,26.6,27.53,26.6,635300.0,26.58,2900,26.6,1000,-3.38,26.6,26.6,635300,16900000.0,0.18,0.0,94.2,106.99,30.28,24.78,0.0
海立股份,sh600619,18.03,18.32,18.03,182300.0,18.02,1100,18.03,16900,-1.58,18.03,18.03,182300,3290000.0,0.02,0.0,142.29,193.52,20.15,16.49,0.0
爱克股份,sz300889,26.9,27.32,26.9,29600.0,26.86,5000,26.9,1000,-1.54,26.9,26.9,29600,800000.0,0.02,0.0,39.37,59.24,32.78,21.86,0.0
镇海股份,sh603637,12.89,12.89,12.89,24600.0,12.86,14900,12.89,200,0.0,12.89,12.89,24600,320000.0,0.01,0.0,30.77,30.77,14.18,11.6,0.0
大叶股份,sz300879,23.18,23.6,23.18,26100.0,23.15,900,23.18,7400,-1.78,23.18,23.18,26100,600000.0,0.01,0.0,46.6,46.92,28.32,18.88,0.0
三和管桩,sz003037,7.68,7.72,7.68,47700.0,7.67,13000,7.69,3700,-0.52,7.68,7.68,47700,370000.0,0.01,0.0,46.01,46.01,8.49,6.95,0.0
博力威,sh688345,35.8,36.53,35.8,578300.0,35.8,200,36.69,500,-2.0,35.8,35.8,578300,210000.0,0.01,0.0,35.8,36.21,43.84,29.22,0.0
滨化股份,sh601678,5.91,5.85,5.91,3284500.0,5.9,38200,5.91,447100,1.03,5.91,5.91,3284500,19410000.0,0.16,0.0,120.76,121.56,6.44,5.27,0.0
佳先股份,bj920489,16.67,16.77,16.67,33400.0,16.55,2400,16.67,11400,-0.6,16.67,16.67,33400,556000.0,0.04,0.0,14.47,22.75,21.8,11.74,0.0
九鼎投资,sh600053,17.47,17.61,17.47,34100.0,17.47,1500,17.48,4900,-0.8,17.47,17.47,34100,600000.0,0.01,0.0,75.74,75.74,19.37,15.85,0.0
常山药业,sz300255,42.0,42.9,42.0,349800.0,42.0,135200,42.05,1800,-2.1,42.0,42.0,349800,14690000.0,0.04,0.0,385.43,386.01,51.48,34.32,0.0
奥福科技,sh688021,23.96,24.3,23.96,1155400.0,23.96,2300,24.42,1400,-1.4,23.96,23.96,1155400,280000.0,0.02,0.0,18.31,18.31,29.16,19.44,0.0
有方科技,sh688159,43.48,44.49,43.48,1793500.0,43.47,1100,43.48,400,-2.27,43.48,43.48,1793500,780000.0,0.02,0.0,40.32,40.4,53.39,35.59,0.0
永安林业,sz000663,7.63,7.95,7.63,433500.0,7.63,25000,7.7,5000,-4.03,7.63,7.63,433500,3310000.0,0.14,0.0,23.37,25.69,8.75,7.16,0.0
ST智知,sh603869,9.56,9.77,9.56,31700.0,9.56,8700,9.65,300,-2.15,9.56,9.56,31700,300000.0,0.01,0.0,47.24,47.24,10.26,9.28,0.0
中邮科技,sh688648,61.4,62.01,61.4,1859900.0,61.36,3100,61.4,6100,-0.98,61.4,61.4,1859900,1140000.0,0.03,0.0,42.69,83.5,74.41,49.61,0.0
蓝晓科技,sz300487,72.81,73.5,72.81,32400.0,72.81,13200,73.0,200,-0.94,72.81,72.81,32400,2360000.0,0.01,0.0,224.27,370.7,88.2,58.8,0.0
道通科技,sh688208,33.5,34.35,33.5,19720600.0,33.5,5300,33.6,14100,-2.47,33.5,33.5,19720600,6610000.0,0.03,0.0,224.51,224.51,41.22,27.48,0.0
上海银行,sh601229,9.7,9.73,9.7,99300.0,9.69,27400,9.7,17100,-0.31,9.7,9.7,99300,960000.0,0.0,0.0,1378.27,1378.27,10.7,8.76,0.0
招商蛇口,sz001979,9.55,9.7,9.55,352100.0,9.55,9200,9.56,10100,-1.55,9.55,9.55,352100,3360000.0,0.0,0.0,803.54,861.03,10.67,8.73,0.0
东田微,sz301183,150.0,156.99,150.0,61900.0,149.9,100,150.0,16000,-4.45,150.0,150.0,61900,9290000.0,0.11,0.0,88.05,120.11,188.39,125.59,0.0
浪潮信息,sz000977,59.79,59.43,59.79,882600.0,59.78,3700,59.79,67100,0.61,59.79,59.79,882600,52770000.0,0.06,0.0,877.02,878.0,65.37,53.49,0.0
美亚光电,sz002690,18.76,18.93,18.76,24900.0,18.76,300,18.77,1900,-0.9,18.76,18.76,24900,470000.0,0.01,0.0,81.37,165.51,20.82,17.04,0.0
富信科技,sh688662,61.56,65.75,61.56,26267200.0,61.56,200,61.86,400,-6.37,61.56,61.56,26267200,16170000.0,0.3,0.0,54.32,54.32,78.9,52.6,0.0
福能股份,sh600483,10.53,10.44,10.53,365700.0,10.52,1000,10.53,4800,0.86,10.53,10.53,365700,3850000.0,0.01,0.0,292.75,292.75,11.48,9.4,0.0
和顺科技,sz301237,63.0,62.99,0.0,0.0,63.0,1100,63.89,100,0.02,0.0,0.0,0,0.0,0.0,0.0,41.49,50.4,75.59,50.39,0.0
通威股份,sh600438,18.16,18.16,0.0,0.0,0.0,0,0.0,0,0.0,0.0,0.0,0,0.0,0.0,0.0,817.56,817.56,19.98,16.34,0.0
东吴证券,sh601555,9.29,9.29,0.0,0.0,0.0,0,0.0,0,0.0,0.0,0.0,0,0.0,0.0,0.0,461.59,461.59,10.22,8.36,0.0
时代新材,sh600458,14.0,14.13,14.0,182400.0,13.99,5900,14.0,28400,-0.92,14.0,14.0,182400,2550000.0,0.02,0.0,120.71,130.31,15.54,12.72,0.0
惠泰医疗,sh688617,229.8,230.91,229.8,518000.0,229.28,800,229.8,400,-0.48,229.8,229.8,518000,1190000.0,0.0,0.0,324.09,324.09,277.09,184.73,0.0
海锅股份,sz301063,28.68,27.85,28.68,89600.0,28.68,9500,28.7,6100,2.98,28.68,28.68,89600,2570000.0,0.09,0.0,27.72,29.93,33.42,22.28,0.0
深科达,sh688328,38.5,39.75,38.5,8947200.0,38.5,1600,38.6,400,-3.14,38.5,38.5,8947200,3440000.0,0.09,0.0,36.37,36.37,47.7,31.8,0.0
华菱钢铁,sz000932,6.36,6.4,6.36,221400.0,6.36,3500,6.37,100300,-0.63,6.36,6.36,221400,1410000.0,0.0,0.0,435.83,435.83,7.04,5.76,0.0
*ST大晟,sh600892,3.62,3.67,3.62,143100.0,3.62,8200,3.63,2000,-1.36,3.62,3.62,143100,520000.0,0.03,0.0,20.25,20.25,3.85,3.49,0.0
国脉文化,sh600640,12.65,12.72,12.65,103300.0,12.61,2000,12.65,44000,-0.55,12.65,12.65,103300,1310000.0,0.01,0.0,100.66,100.66,13.99,11.45,0.0
浙江众成,sz002522,5.96,6.0,5.96,192900.0,5.96,6600,5.97,24600,-0.67,5.96,5.96,192900,1150000.0,0.02,0.0,53.94,53.98,6.6,5.4,0.0
星球石墨,sh688633,27.2,27.49,27.2,2403000.0,27.2,200,27.45,1600,-1.05,27.2,27.2,2403000,650000.0,0.02,0.0,39.11,39.11,32.99,21.99,0.0
古汉医药,sz000590,12.28,12.34,12.28,76600.0,12.22,100,12.28,800,-0.49,12.28,12.28,76600,940000.0,0.03,0.0,29.39,29.41,13.57,11.11,0.0
中金岭南,sz000060,7.34,7.55,7.34,3830300.0,7.34,27000,7.35,30600,-2.78,7.34,7.34,3830300,28110000.0,0.09,0.0,325.98,325.98,8.31,6.8,0.0
大东南,sz002263,3.56,3.61,3.56,366000.0,3.56,128100,3.57,13200,-1.39,3.56,3.56,366000,1300000.0,0.02,0.0,66.87,66.87,3.97,3.25,0.0
道明光学,sz002632,12.66,12.93,12.66,198300.0,12.65,4300,12.66,93300,-2.09,12.66,12.66,198300,2510000.0,0.03,0.0,73.67,79.07,14.22,11.64,0.0
睿创微纳,sh688002,104.83,107.23,104.83,4990900.0,104.83,2500,104.89,600,-2.24,104.83,104.83,4990900,5230000.0,0.01,0.0,482.68,482.68,128.68,85.78,0.0
特锐德,sz300001,32.45,33.13,32.45,887900.0,32.45,36100,32.46,1900,-2.05,32.45,32.45,887900,28810000.0,0.09,0.0,334.74,342.52,39.76,26.5,0.0
艾比森,sz300389,18.6,19.2,18.6,545800.0,18.59,1100,18.6,34100,-3.13,18.6,18.6,545800,10150000.0,0.23,0.0,43.37,68.65,23.04,15.36,0.0
TCL科技,sz000100,4.73,4.84,4.73,8922400.0,4.73,517900,4.74,1128400,-2.27,4.73,4.73,8922400,42200000.0,0.05,0.0,904.94,983.88,5.32,4.36,0.0
盈建科,sz300935,34.78,35.12,34.78,9300.0,34.78,200,35.22,100,-0.97,34.78,34.78,9300,320000.0,0.02,0.0,20.96,27.63,42.14,28.1,0.0
通富微电,sz002156,46.0,47.93,46.0,1224200.0,46.0,105000,46.02,3400,-4.03,46.0,46.0,1224200,56310000.0,0.08,0.0,698.03,698.09,52.72,43.14,0.0
南亚新材,sh688519,105.3,109.95,105.3,3377600.0,105.3,2000,107.76,200,-4.23,105.3,105.3,3377600,3560000.0,0.01,0.0,247.21,247.21,131.94,87.96,0.0
领湃科技,sz300530,26.8,27.18,26.8,5200.0,26.78,3800,26.8,2500,-1.4,26.8,26.8,5200,140000.0,0.0,0.0,42.41,46.08,32.62,21.74,0.0
洁美科技,sz002859,42.62,42.62,0.0,0.0,0.0,0,0.0,0,0.0,0.0,0.0,0,0.0,0.0,0.0,172.87,183.67,46.88,38.36,0.0
海大集团,sz002311,55.7,55.5,55.7,67400.0,55.69,300,55.7,38500,0.36,55.7,55.7,67400,3750000.0,0.0,0.0,926.02,926.71,61.05,49.95,0.0
广日股份,sh600894,9.3,9.34,9.3,51500.0,9.29,1300,9.3,17800,-0.43,9.3,9.3,51500,480000.0,0.01,0.0,78.41,79.21,10.27,8.41,0.0
迪贝电气,sh603320,24.71,25.13,24.71,38000.0,24.71,12600,24.73,1300,-1.67,24.71,24.71,38000,940000.0,0.03,0.0,36.85,36.85,27.64,22.62,0.0
品茗科技,sh688109,124.61,124.61,124.61,260900.0,124.61,300,126.42,200,0.0,124.61,124.61,260900,330000.0,0.0,0.0,98.25,98.25,149.53,99.69,0.0
ST智云,sz300097,8.03,8.17,8.03,120800.0,8.02,36000,8.03,45100,-1.71,8.03,8.03,120800,970000.0,0.04,0.0,21.68,23.17,9.8,6.54,0.0
宏桥控股,sz002379,31.1,30.51,31.1,193000.0,31.1,6900,31.16,300,1.93,31.1,31.1,193000,6000000.0,0.02,0.0,353.41,4052.68,33.56,27.46,0.0
源杰科技,sh688498,806.93,850.9,806.93,4186800.0,806.93,400,807.7,500,-5.17,806.93,806.93,4186800,33780000.0,0.05,0.0,677.82,693.54,1021.08,680.72,0.0
申能股份,sh600642,9.18,9.04,9.18,815700.0,9.18,169500,9.19,58100,1.55,9.18,9.18,815700,7490000.0,0.02,0.0,449.25,449.28,9.94,8.14,0.0
合康新能,sz300048,7.81,7.87,7.81,454200.0,7.81,76800,7.82,4100,-0.76,7.81,7.81,454200,3550000.0,0.04,0.0,87.94,88.12,9.44,6.3,0.0
四川双马,sz000935,28.28,28.4,28.28,24500.0,28.28,9000,28.3,3600,-0.42,28.28,28.28,24500,690000.0,0.0,0.0,215.9,215.9,31.24,25.56,0.0
燕东微,sh688172,37.75,39.8,37.75,42301900.0,37.75,1300,37.79,11100,-5.15,37.75,37.75,42301900,15970000.0,0.05,0.0,293.9,538.93,47.76,31.84,0.0
万得凯,sz301309,30.28,30.39,30.28,13600.0,30.13,700,30.28,9100,-0.36,30.28,30.28,13600,410000.0,0.05,0.0,7.73,30.44,36.47,24.31,0.0
耐普矿机,sz300818,42.97,43.55,42.97,9800.0,42.97,2400,43.61,100,-1.33,42.97,42.97,9800,420000.0,0.01,0.0,47.04,72.52,52.26,34.84,0.0
三人行,sh605168,35.35,35.35,35.35,48300.0,35.35,1100,35.36,100,0.0,35.35,35.35,48300,1710000.0,0.02,0.0,74.52,74.52,38.89,31.82,0.0
*ST和科,sz002816,23.88,24.5,23.88,223500.0,23.86,2500,23.88,30200,-2.53,23.88,23.88,223500,5340000.0,0.22,0.0,23.88,23.88,25.73,23.28,0.0
远翔新材,sz301300,47.03,47.43,47.03,15400.0,47.03,500,47.28,5000,-0.84,47.03,47.03,15400,720000.0,0.04,0.0,18.23,30.52,56.92,37.94,0.0
航民股份,sh600987,7.8,8.01,7.8,543200.0,7.79,1000,7.8,19800,-2.62,7.8,7.8,543200,4240000.0,0.05,0.0,79.62,79.62,8.81,7.21,0.0
康盛股份,sz002418,4.91,4.97,4.91,374300.0,4.9,114300,4.91,42500,-1.21,4.91,4.91,374300,1840000.0,0.03,0.0,55.8,55.8,5.47,4.47,0.0
吉宏股份,sz002803,17.75,17.75,17.75,86900.0,17.75,3000,17.76,16400,0.0,17.75,17.75,86900,1540000.0,0.03,0.0,51.26,79.95,19.53,15.98,0.0
新宏泰,sh603016,32.5,33.16,32.5,22100.0,32.5,5100,32.88,1200,-1.99,32.5,32.5,22100,720000.0,0.01,0.0,48.15,48.15,36.48,29.84,0.0
华升股份,sh600156,8.01,8.12,8.01,90400.0,8.01,10000,8.05,600,-1.35,8.01,8.01,90400,720000.0,0.02,0.0,32.21,32.21,8.93,7.31,0.0
金银河,sz300619,42.04,42.92,42.04,37400.0,42.02,12500,42.04,7100,-2.05,42.04,42.04,37400,1570000.0,0.03,0.0,61.15,73.15,51.5,34.34,0.0
盘古智能,sz301456,30.07,30.37,30.07,4200.0,30.0,1900,30.1,2400,-0.99,30.07,30.07,4200,130000.0,0.01,0.0,18.19,45.24,36.44,24.3,0.0
无锡银行,sh600908,5.75,5.77,5.75,218500.0,5.75,78300,5.76,87800,-0.35,5.75,5.75,218500,1260000.0,0.01,0.0,114.96,126.19,6.35,5.19,0.0
绿田机械,sh605259,21.3,21.49,21.3,44100.0,21.28,1000,21.3,1200,-0.88,21.3,21.3,44100,940000.0,0.03,0.0,36.74,36.74,23.64,19.34,0.0
福昕软件,sh688095,78.03,79.6,78.03,2203600.0,78.0,200,78.03,1800,-1.97,78.03,78.03,2203600,1720000.0,0.02,0.0,71.29,71.29,95.52,63.68,0.0
华勤技术,sh603296,84.3,86.19,84.3,88200.0,84.25,600,84.3,2000,-2.19,84.3,84.3,88200,7440000.0,0.02,0.0,481.5,856.26,94.81,77.57,0.0
航材股份,sh688563,68.1,69.48,68.1,3650000.0,68.1,18800,68.78,3000,-1.99,68.1,68.1,3650000,2490000.0,0.03,0.0,79.67,306.45,83.38,55.58,0.0
南芯科技,sh688484,39.16,39.6,39.16,3190700.0,39.14,200,39.16,600,-1.11,39.16,39.16,3190700,1250000.0,0.01,0.0,115.59,167.47,47.52,31.68,0.0
南大光电,sz300346,50.0,51.56,50.0,427900.0,49.99,100,50.0,111100,-3.03,50.0,50.0,427900,21400000.0,0.07,0.0,328.28,345.58,61.87,41.25,0.0
君实生物-U,sh688180,30.54,31.21,30.54,12100900.0,30.52,3900,30.54,500,-2.15,30.54,30.54,12100900,3700000.0,0.02,0.0,234.06,313.55,37.45,24.97,0.0
圣诺生物,sh688117,38.0,38.0,38.0,6308300.0,37.92,10000,38.0,7600,0.0,38.0,38.0,6308300,2400000.0,0.04,0.0,59.81,59.81,45.6,30.4,0.0
福达合金,sh603045,33.3,33.84,33.3,54200.0,33.24,1200,33.3,300,-1.6,33.3,33.3,54200,1800000.0,0.04,0.0,45.1,45.1,37.22,30.46,0.0
扬子新材,sz002652,4.83,4.91,4.83,653100.0,4.83,17200,4.87,22500,-1.63,4.83,4.83,653100,3150000.0,0.13,0.0,24.73,24.73,5.4,4.42,0.0
天能股份,sh688819,30.8,31.14,30.8,2398000.0,30.8,4700,30.82,600,-1.09,30.8,30.8,2398000,740000.0,0.0,0.0,299.41,299.41,37.37,24.91,0.0
力鼎光电,sh605118,44.5,44.25,44.5,23800.0,44.5,500,44.59,1200,0.56,44.5,44.5,23800,1060000.0,0.01,0.0,181.17,183.04,48.68,39.83,0.0
宏柏新材,sh605366,10.57,10.92,10.57,418400.0,10.56,3100,10.57,43000,-3.21,10.57,10.57,418400,4420000.0,0.06,0.0,76.59,76.59,12.01,9.83,0.0
金冠电气,sh688517,19.0,19.36,19.0,8541300.0,19.0,11800,19.16,8100,-1.86,19.0,19.0,8541300,1620000.0,0.06,0.0,25.96,25.96,23.23,15.49,0.0
密封科技,sz301020,22.43,22.66,22.43,8800.0,22.43,1800,22.46,800,-1.02,22.43,22.43,8800,200000.0,0.01,0.0,32.84,32.84,27.19,18.13,0.0
海南橡胶,sh601118,7.65,7.43,7.65,1151000.0,7.64,4000,7.65,193800,2.96,7.65,7.65,1151000,8810000.0,0.03,0.0,327.38,327.38,8.17,6.69,0.0
云天化,sh600096,43.47,42.67,43.47,3951000.0,43.45,600,43.47,466800,1.87,43.47,43.47,3951000,171750000.0,0.22,0.0,792.45,792.45,46.94,38.4,0.0
招商积余,sz001914,10.58,10.69,10.58,170400.0,10.58,6700,10.59,30200,-1.03,10.58,10.58,170400,1800000.0,0.02,0.0,111.48,111.48,11.76,9.62,0.0
宁波色母,sz301019,22.24,22.47,22.24,6500.0,22.23,1000,22.24,700,-1.02,22.24,22.24,6500,140000.0,0.01,0.0,23.27,36.69,26.96,17.98,0.0
海宁皮城,sz002344,4.75,4.79,4.75,66200.0,4.74,45200,4.75,24600,-0.84,4.75,4.75,66200,310000.0,0.01,0.0,60.87,60.92,5.27,4.31,0.0
雄韬股份,sz002733,23.38,24.07,23.38,964200.0,23.37,600,23.38,53200,-2.87,23.38,23.38,964200,22540000.0,0.26,0.0,86.24,89.83,26.48,21.66,0.0
亨通光电,sh600487,45.81,48.43,45.81,2291300.0,45.81,2300,45.85,1500,-5.41,45.81,45.81,2291300,104960000.0,0.09,0.0,1120.14,1130.01,53.27,43.59,0.0
潍柴重机,sz000880,31.31,32.83,31.31,420500.0,31.3,5100,31.31,600,-4.63,31.31,31.31,420500,13170000.0,0.19,0.0,71.08,145.23,36.11,29.55,0.0
思瑞浦,sh688536,163.22,171.01,163.22,5716900.0,163.22,100,164.0,6300,-4.56,163.22,163.22,5716900,9330000.0,0.04,0.0,221.41,225.08,205.21,136.81,0.0
元利科技,sh603217,24.9,24.88,24.9,13400.0,24.88,900,24.9,3700,0.08,24.9,24.9,13400,330000.0,0.01,0.0,51.81,51.81,27.37,22.39,0.0
南钢股份,sh600282,5.76,5.8,5.76,185900.0,5.76,10900,5.77,135500,-0.69,5.76,5.76,185900,1070000.0,0.0,0.0,355.11,355.11,6.38,5.22,0.0
四方光电,sh688665,49.01,49.72,49.01,352000.0,49.0,400,49.01,6800,-1.43,49.01,49.01,352000,170000.0,0.0,0.0,49.28,49.28,59.66,39.78,0.0
新疆交建,sz002941,16.4,16.55,16.4,199300.0,16.39,1200,16.4,5900,-0.91,16.4,16.4,199300,3270000.0,0.03,0.0,119.68,119.68,18.21,14.9,0.0
北玻股份,sz002613,4.1,4.13,4.1,117600.0,4.1,56000,4.12,3200,-0.73,4.1,4.1,117600,480000.0,0.02,0.0,31.66,45.12,4.54,3.72,0.0
明月镜片,sz301101,38.3,38.83,38.3,21400.0,38.21,2500,38.3,600,-1.36,38.3,38.3,21400,820000.0,0.01,0.0,73.12,77.18,46.6,31.06,0.0
志晟信息,bj920171,21.0,21.46,21.0,58600.0,21.0,2100,21.2,1200,-2.14,21.0,21.0,58600,1229700.0,0.09,0.0,14.17,21.05,27.89,15.03,0.0
德创环保,sh603177,12.73,12.89,12.73,62500.0,12.73,4500,12.76,1000,-1.24,12.73,12.73,62500,800000.0,0.03,0.0,25.99,25.99,14.18,11.6,0.0
比亚迪,sz002594,93.62,93.62,93.62,1428000.0,93.62,65300,93.63,91200,0.0,93.62,93.62,1428000,133690000.0,0.04,0.0,3264.76,8535.52,102.98,84.26,0.0
兆易创新,sh603986,273.0,284.99,273.0,473900.0,272.99,300,273.0,45500,-4.21,273.0,273.0,473900,129370000.0,0.07,0.0,1823.22,1914.01,313.49,256.49,0.0
优彩资源,sz002998,8.7,8.7,8.7,35700.0,8.66,700,8.7,3800,0.0,8.7,8.7,35700,310000.0,0.01,0.0,23.3,30.63,9.57,7.83,0.0
新锐股份,sh688257,74.67,76.67,74.67,11793500.0,74.5,300,74.67,73800,-2.61,74.67,74.67,11793500,8810000.0,0.05,0.0,188.47,188.47,92.0,61.34,0.0
蓝英装备,sz300293,18.98,19.24,18.98,17800.0,18.95,8500,18.98,900,-1.35,18.98,18.98,17800,340000.0,0.01,0.0,53.21,64.24,23.09,15.39,0.0
宝钛股份,sh600456,39.49,40.33,39.49,255900.0,39.47,3000,39.49,8900,-2.08,39.49,39.49,255900,10110000.0,0.05,0.0,188.67,188.67,44.36,36.3,0.0
华茂股份,sz000850,5.45,5.49,5.45,38700.0,5.44,14200,5.45,12500,-0.73,5.45,5.45,38700,210000.0,0.0,0.0,51.42,51.43,6.04,4.94,0.0
泰坦科技,sh688133,22.52,22.83,22.52,2095000.0,22.52,300,22.59,5000,-1.36,22.52,22.52,2095000,470000.0,0.01,0.0,37.03,37.03,27.4,18.26,0.0
一拖股份,sh601038,14.66,14.7,14.66,66600.0,14.65,900,14.66,8800,-0.27,14.66,14.66,66600,980000.0,0.01,0.0,107.27,164.73,16.17,13.23,0.0
百济神州-U,sh688235,233.5,238.49,233.5,3571500.0,233.43,200,233.5,11100,-2.09,233.5,233.5,3571500,8340000.0,0.03,0.0,268.65,3597.48,286.19,190.79,0.0
ST中珠,sh600568,2.9,2.88,2.9,669100.0,2.89,118200,2.9,10000,0.69,2.9,2.9,669100,1940000.0,0.04,0.0,48.4,57.79,3.02,2.74,0.0
先河环保,sz300137,12.08,12.18,12.08,269600.0,12.06,2100,12.08,34200,-0.82,12.08,12.08,269600,3260000.0,0.05,0.0,64.03,64.82,14.62,9.74,0.0
厦门国贸,sh600755,6.64,6.66,6.64,209100.0,6.63,83200,6.64,55900,-0.3,6.64,6.64,209100,1390000.0,0.01,0.0,141.58,141.94,7.33,5.99,0.0
华安证券,sh600909,6.11,6.18,6.11,1307400.0,6.1,403000,6.11,119900,-1.13,6.11,6.11,1307400,7990000.0,0.03,0.0,290.72,290.72,6.8,5.56,0.0
东微半导,sh688261,89.22,91.92,89.22,4113400.0,89.22,10900,90.09,200,-2.94,89.22,89.22,4113400,3670000.0,0.03,0.0,108.93,109.36,110.3,73.54,0.0
司尔特,sz002538,8.3,8.18,8.3,1010900.0,8.28,2200,8.3,89800,1.47,8.3,8.3,1010900,8390000.0,0.12,0.0,70.84,70.85,9.0,7.36,0.0
福光股份,sh688010,30.73,31.49,30.73,2157500.0,30.71,500,30.73,800,-2.41,30.73,30.73,2157500,660000.0,0.01,0.0,49.34,49.34,37.79,25.19,0.0
中原传媒,sz000719,12.82,12.95,12.82,110100.0,12.82,3500,12.83,1000,-1.0,12.82,12.82,110100,1410000.0,0.02,0.0,85.53,131.17,14.25,11.66,0.0
久量股份,sz300808,30.43,31.14,30.43,22300.0,30.43,600,30.6,3500,-2.28,30.43,30.43,22300,680000.0,0.02,0.0,36.18,48.69,37.37,24.91,0.0
坤彩科技,sh603826,23.89,23.9,23.89,296700.0,23.89,23700,23.94,800,-0.04,23.89,23.89,296700,7090000.0,0.05,0.0,156.53,156.53,26.29,21.51,0.0
传艺科技,sz002866,18.8,19.09,18.8,47300.0,18.8,5800,18.86,600,-1.52,18.8,18.8,47300,890000.0,0.03,0.0,34.08,54.43,21.0,17.18,0.0
海融科技,sz300915,26.2,26.5,26.2,14900.0,26.2,300,26.46,2000,-1.13,26.2,26.2,14900,390000.0,0.03,0.0,15.09,32.97,31.8,21.2,0.0
博众精工,sh688097,46.0,47.73,46.0,11486000.0,45.9,200,46.0,1600,-3.62,46.0,46.0,11486000,5280000.0,0.03,0.0,204.7,205.46,57.28,38.18,0.0
彤程新材,sh603650,55.01,56.22,55.01,101700.0,55.01,16900,55.06,5800,-2.15,55.01,55.01,101700,5590000.0,0.02,0.0,338.02,338.92,61.84,50.6,0.0
东诚药业,sz002675,12.69,12.69,12.69,42900.0,12.67,700,12.69,18000,0.0,12.69,12.69,42900,540000.0,0.01,0.0,94.34,104.64,13.96,11.42,0.0
盛和资源,sh600392,27.04,27.85,27.04,722000.0,27.04,222100,27.05,400,-2.91,27.04,27.04,722000,19520000.0,0.04,0.0,473.96,473.96,30.64,25.07,0.0
正帆科技,sh688596,31.12,31.88,31.12,4750900.0,31.12,5400,31.16,2100,-2.38,31.12,31.12,4750900,1480000.0,0.02,0.0,91.53,91.53,38.26,25.5,0.0
水发燃气,sh603318,10.69,10.13,10.69,5298000.0,10.69,10700,10.7,12500,5.53,10.69,10.69,5298000,56640000.0,1.15,0.0,49.07,59.29,11.14,9.12,0.0
震裕科技,sz300953,145.6,148.74,145.6,28000.0,145.55,100,145.6,800,-2.11,145.6,145.6,28000,4080000.0,0.02,0.0,181.36,252.58,178.49,118.99,0.0
华测检测,sz300012,15.52,15.67,15.52,204600.0,15.51,18200,15.52,33700,-0.96,15.52,15.52,204600,3180000.0,0.01,0.0,222.21,261.17,18.8,12.54,0.0
中国中铁,sh601390,5.82,5.93,5.82,6730800.0,5.81,1008600,5.82,844800,-1.85,5.82,5.82,6730800,39170000.0,0.03,0.0,1191.87,1436.74,6.52,5.34,0.0
索菲亚,sz002572,12.86,12.97,12.86,83900.0,12.86,15500,12.87,27300,-0.85,12.86,12.86,83900,1080000.0,0.01,0.0,83.78,123.85,14.27,11.67,0.0
天龙集团,sz300063,12.35,12.63,12.35,228500.0,12.35,19200,12.36,300,-2.22,12.35,12.35,228500,2820000.0,0.04,0.0,77.38,93.68,15.16,10.1,0.0
百川畅银,sz300614,16.28,16.38,16.28,60300.0,16.08,1000,16.3,23400,-0.61,16.28,16.28,60300,980000.0,0.04,0.0,26.12,26.12,19.66,13.1,0.0
广合科技,sz001389,107.0,110.53,107.0,83600.0,106.68,200,107.0,13000,-3.19,107.0,107.0,83600,8950000.0,0.06,0.0,161.74,455.49,121.58,99.48,0.0
绿通科技,sz301322,33.66,34.56,33.66,24100.0,33.66,700,33.75,700,-2.6,33.66,33.66,24100,810000.0,0.03,0.0,31.99,47.56,41.47,27.65,0.0
同洲电子,sz002052,11.61,11.81,11.61,55200.0,11.61,3200,11.66,4800,-1.69,11.61,11.61,55200,640000.0,0.01,0.0,80.04,87.36,12.99,10.63,0.0
西部矿业,sh601168,30.31,31.59,30.31,971600.0,30.31,17700,30.36,100,-4.05,30.31,30.31,971600,29450000.0,0.04,0.0,722.29,722.29,34.75,28.43,0.0
中国中车,sh601766,6.26,6.31,6.26,1644300.0,6.26,305700,6.27,380500,-0.79,6.26,6.26,1644300,10290000.0,0.01,0.0,1522.92,1796.55,6.94,5.68,0.0
思进智能,sz003025,15.0,15.03,15.0,90200.0,14.96,1000,15.0,33900,-0.2,15.0,15.0,90200,1350000.0,0.04,0.0,33.96,42.59,16.53,13.53,0.0
格尔软件,sh603232,25.06,25.82,25.06,355600.0,25.05,9700,25.06,45000,-2.94,25.06,25.06,355600,8910000.0,0.15,0.0,57.96,58.66,28.4,23.24,0.0
三峰环境,sh601827,8.89,8.95,8.89,67000.0,8.89,15700,8.9,60500,-0.67,8.89,8.89,67000,600000.0,0.0,0.0,148.63,148.63,9.85,8.06,0.0
河钢资源,sz000923,20.83,21.59,20.83,343600.0,20.82,10500,20.83,2800,-3.52,20.83,20.83,343600,7160000.0,0.05,0.0,130.79,135.96,23.75,19.43,0.0
莱伯泰科,sh688056,37.9,38.74,37.9,337700.0,37.9,200,38.86,200,-2.17,37.9,37.9,337700,130000.0,0.01,0.0,25.56,25.56,46.49,30.99,0.0
广立微,sz301095,76.01,80.0,76.01,73800.0,76.0,24300,76.01,700,-4.99,76.01,76.01,73800,5610000.0,0.04,0.0,132.64,152.23,96.0,64.0,0.0
海晨股份,sz300873,25.69,26.09,25.69,12100.0,25.69,8300,25.88,1200,-1.53,25.69,25.69,12100,310000.0,0.01,0.0,42.86,59.24,31.31,20.87,0.0
双良节能,sh600481,7.5,7.66,7.5,1364000.0,7.49,25600,7.5,84100,-2.09,7.5,7.5,1364000,10230000.0,0.07,0.0,154.81,154.81,8.43,6.89,0.0
新联电子,sz002546,11.12,11.39,11.12,1096300.0,11.12,4300,11.13,5200,-2.37,11.12,11.12,1096300,12190000.0,0.14,0.0,89.1,92.75,12.53,10.25,0.0
云维股份,sh600725,5.3,5.3,5.3,426200.0,5.29,17800,5.3,76100,0.0,5.3,5.3,426200,2260000.0,0.03,0.0,65.32,65.32,5.83,4.77,0.0
和胜股份,sz002824,20.23,20.43,20.23,23400.0,20.2,4500,20.23,600,-0.98,20.23,20.23,23400,470000.0,0.01,0.0,38.27,62.95,22.47,18.39,0.0
*ST原尚,sh603813,37.62,37.99,37.62,15700.0,37.5,2900,37.62,300,-0.97,37.62,37.62,15700,590000.0,0.01,0.0,39.51,39.51,39.89,36.09,0.0
特一药业,sz002728,11.21,11.39,11.21,126400.0,11.21,10800,11.22,18900,-1.58,11.21,11.21,126400,1420000.0,0.03,0.0,42.24,57.51,12.53,10.25,0.0
优德精密,sz300549,18.54,18.59,18.54,18700.0,18.51,200,18.54,1500,-0.27,18.54,18.54,18700,350000.0,0.02,0.0,18.74,24.72,22.31,14.87,0.0
中联重科,sz000157,9.7,9.85,9.7,477800.0,9.7,68300,9.71,28600,-1.52,9.7,9.7,477800,4630000.0,0.01,0.0,685.83,838.91,10.84,8.87,0.0
中润光学,sh688307,54.6,56.3,54.6,5429500.0,54.6,29100,54.99,200,-3.02,54.6,54.6,5429500,2960000.0,0.06,0.0,48.47,48.47,67.56,45.04,0.0
立方制药,sz003020,24.4,24.68,24.4,4800.0,24.4,1400,24.41,3200,-1.13,24.4,24.4,4800,120000.0,0.0,0.0,33.6,46.4,27.15,22.21,0.0
滨江集团,sz002244,10.44,10.63,10.44,192600.0,10.44,1500,10.45,174300,-1.79,10.44,10.44,192600,2010000.0,0.01,0.0,280.41,324.83,11.69,9.57,0.0
TCL中环,sz002129,9.66,9.81,9.66,1039200.0,9.66,53500,9.67,197000,-1.53,9.66,9.66,1039200,10040000.0,0.03,0.0,390.27,390.56,10.79,8.83,0.0
佳隆股份,sz002495,2.77,2.79,2.77,368600.0,2.77,58400,2.78,41100,-0.72,2.77,2.77,368600,1020000.0,0.05,0.0,19.41,25.92,3.07,2.51,0.0
紫建电子,sz301121,40.98,41.08,40.98,9800.0,40.8,600,40.98,100,-0.24,40.98,40.98,9800,400000.0,0.02,0.0,20.73,40.5,49.3,32.86,0.0
佐力药业,sz300181,16.1,16.24,16.1,82600.0,16.09,2000,16.1,9300,-0.86,16.1,16.1,82600,1330000.0,0.01,0.0,97.07,112.92,19.49,12.99,0.0
力聚热能,sh603391,72.17,72.84,72.17,3700.0,72.17,3900,72.24,200,-0.92,72.17,72.17,3700,270000.0,0.02,0.0,16.42,65.67,80.12,65.56,0.0
松原安全,sz300893,23.19,23.74,23.19,15000.0,23.16,200,23.19,400,-2.32,23.19,23.19,15000,350000.0,0.01,0.0,58.18,109.69,28.49,18.99,0.0
辽宁成大,sh600739,12.17,12.12,12.17,249600.0,12.17,174300,12.18,17200,0.41,12.17,12.17,249600,3040000.0,0.02,0.0,186.17,186.17,13.33,10.91,0.0
万顺新材,sz300057,6.05,6.27,6.05,1434100.0,6.05,123300,6.06,13600,-3.51,6.05,6.05,1434100,8680000.0,0.2,0.0,43.87,54.31,7.52,5.02,0.0
世纪恒通,sz301428,33.81,32.85,33.81,149900.0,33.81,4800,33.85,2700,2.92,33.81,33.81,149900,5070000.0,0.24,0.0,20.69,33.36,39.42,26.28,0.0
宝地矿业,sh601121,8.21,8.29,8.21,122600.0,8.2,10700,8.21,22700,-0.97,8.21,8.21,122600,1010000.0,0.03,0.0,31.2,75.25,9.12,7.46,0.0
驰宏锌锗,sh600497,9.63,9.83,9.63,1224200.0,9.63,18900,9.64,24700,-2.03,9.63,9.63,1224200,11790000.0,0.02,0.0,485.39,485.39,10.81,8.85,0.0
桐昆股份,sh601233,22.54,22.73,22.54,486700.0,22.54,13800,22.55,6300,-0.84,22.54,22.54,486700,10970000.0,0.02,0.0,535.25,536.23,25.0,20.46,0.0
宝新能源,sz000690,4.8,4.79,4.8,1253400.0,4.8,282500,4.81,119500,0.21,4.8,4.8,1253400,6020000.0,0.06,0.0,104.37,104.44,5.27,4.31,0.0
达刚控股,sz300103,7.79,7.91,7.79,37500.0,7.75,11600,7.79,5200,-1.52,7.79,7.79,37500,290000.0,0.01,0.0,24.72,24.74,9.49,6.33,0.0
博深股份,sz002282,7.83,7.94,7.83,257300.0,7.83,3500,7.85,3000,-1.39,7.83,7.83,257300,2010000.0,0.05,0.0,39.54,41.25,8.73,7.15,0.0
苏州高新,sh600736,6.53,6.56,6.53,169500.0,6.52,11700,6.53,1300,-0.46,6.53,6.53,169500,1110000.0,0.01,0.0,75.18,75.18,7.22,5.9,0.0
中威电子,sz300270,11.22,11.1,11.22,65100.0,11.2,800,11.22,2400,1.08,11.22,11.22,65100,730000.0,0.02,0.0,29.28,33.97,13.32,8.88,0.0
东方电子,sz000682,14.58,14.69,14.58,500400.0,14.57,500,14.58,5000,-0.75,14.58,14.58,500400,7300000.0,0.04,0.0,195.45,195.48,16.16,13.22,0.0
中国神华,sh601088,47.5,45.83,47.5,1150400.0,47.5,36700,47.53,5500,3.64,47.5,47.5,1150400,54640000.0,0.01,0.0,7833.24,9437.55,50.41,41.25,0.0
华蓝集团,sz301027,21.09,21.3,21.09,62400.0,21.07,900,21.09,9000,-0.99,21.09,21.09,62400,1320000.0,0.05,0.0,24.94,31.0,25.56,17.04,0.0
国电电力,sh600795,5.04,5.08,5.04,3175100.0,5.04,384700,5.05,84200,-0.79,5.04,5.04,3175100,16000000.0,0.02,0.0,898.92,898.92,5.59,4.57,0.0
中自科技,sh688737,27.3,27.68,27.3,925800.0,27.22,3000,27.3,29500,-1.37,27.3,27.3,925800,250000.0,0.01,0.0,32.64,32.64,33.22,22.14,0.0
金杨精密,sz301210,39.9,40.55,39.9,20700.0,39.9,2200,40.0,1200,-1.6,39.9,39.9,20700,830000.0,0.05,0.0,17.34,45.73,48.66,32.44,0.0
港迪技术,sz301633,65.7,66.22,65.7,1300.0,65.64,100,65.8,1100,-0.79,65.7,65.7,1300,90000.0,0.01,0.0,16.76,36.58,79.46,52.98,0.0
艾华集团,sh603989,18.51,18.84,18.51,43700.0,18.51,9300,18.56,42000,-1.75,18.51,18.51,43700,810000.0,0.01,0.0,73.81,73.81,20.72,16.96,0.0
山东路桥,sz000498,6.07,6.12,6.07,284600.0,6.06,66700,6.07,13400,-0.82,6.07,6.07,284600,1730000.0,0.02,0.0,87.98,94.23,6.73,5.51,0.0
国瓷材料,sz300285,34.45,35.51,34.45,430200.0,34.44,1400,34.45,24200,-2.99,34.45,34.45,430200,14820000.0,0.05,0.0,289.84,343.48,42.61,28.41,0.0
黑猫股份,sz002068,8.8,8.65,8.8,212800.0,8.79,23600,8.8,7300,1.73,8.8,8.8,212800,1870000.0,0.03,0.0,64.68,64.71,9.52,7.79,0.0
德尔股份,sz300473,34.53,35.46,34.53,140700.0,34.53,1800,34.66,5000,-2.62,34.53,34.53,140700,4860000.0,0.09,0.0,51.98,59.62,42.55,28.37,0.0
南方泵业,sz300145,5.15,5.18,5.15,2400600.0,5.15,286600,5.16,6100,-0.58,5.15,5.15,2400600,12360000.0,0.13,0.0,98.41,98.89,6.22,4.14,0.0
大为股份,sz002213,27.48,27.99,27.48,105300.0,27.45,1000,27.48,25000,-1.82,27.48,27.48,105300,2890000.0,0.05,0.0,56.76,65.26,30.79,25.19,0.0
普洛药业,sz000739,17.53,17.69,17.53,82200.0,17.53,32900,17.55,21000,-0.9,17.53,17.53,82200,1440000.0,0.01,0.0,203.0,203.08,19.46,15.92,0.0
重庆百货,sh600729,23.05,23.2,23.05,70400.0,23.05,23800,23.06,4900,-0.65,23.05,23.05,70400,1620000.0,0.04,0.0,44.37,101.52,25.52,20.88,0.0
迈威生物-U,sh688062,33.6,34.19,33.6,5287800.0,33.5,2100,33.6,100,-1.73,33.6,33.6,5287800,1780000.0,0.03,0.0,68.6,134.27,41.03,27.35,0.0
齐心集团,sz002301,7.18,7.31,7.18,58200.0,7.18,13600,7.22,500,-1.78,7.18,7.18,58200,420000.0,0.01,0.0,51.55,51.79,8.04,6.58,0.0
德马科技,sh688360,18.21,18.42,18.21,200000.0,18.2,1600,18.21,0,-1.14,18.21,18.21,200000,40000.0,0.0,0.0,45.94,48.03,22.1,14.74,0.0
青岛银行,sz002948,5.4,5.4,5.4,502500.0,5.39,113900,5.4,53500,0.0,5.4,5.4,502500,2710000.0,0.02,0.0,168.08,314.3,5.94,4.86,0.0
苏美达,sh600710,14.58,15.0,14.58,903700.0,14.58,4500,14.6,2000,-2.8,14.58,14.58,903700,13180000.0,0.07,0.0,190.52,190.52,16.5,13.5,0.0
百龙创园,sh605016,24.68,24.87,24.68,13000.0,24.66,200,24.82,100,-0.76,24.68,24.68,13000,320000.0,0.0,0.0,103.66,103.66,27.36,22.38,0.0
亚邦股份,sh603188,5.4,5.51,5.4,293600.0,5.4,7200,5.41,11800,-2.0,5.4,5.4,293600,1590000.0,0.05,0.0,30.79,30.79,6.06,4.96,0.0
德石股份,sz301158,33.98,29.71,33.98,997500.0,33.95,100,33.98,30800,14.37,33.98,33.98,997500,33900000.0,0.68,0.0,49.79,51.1,35.65,23.77,0.0
峰岹科技,sh688279,166.66,170.66,166.66,543600.0,166.66,200,166.7,200,-2.34,166.66,166.66,543600,910000.0,0.01,0.0,155.92,191.85,204.79,136.53,0.0
海亮股份,sz002203,13.89,14.07,13.89,95800.0,13.89,27100,13.9,100,-1.28,13.89,13.89,95800,1330000.0,0.0,0.0,307.27,318.32,15.48,12.66,0.0
建发股份,sh600153,9.35,9.37,9.35,22900.0,9.34,1300,9.35,9500,-0.21,9.35,9.35,22900,210000.0,0.0,0.0,271.11,271.11,10.31,8.43,0.0
江苏国信,sz002608,8.32,8.28,8.32,169400.0,8.32,18600,8.33,15600,0.48,8.32,8.32,169400,1410000.0,0.0,0.0,314.34,314.34,9.11,7.45,0.0
银龙股份,sh603969,10.1,10.3,10.1,99700.0,10.1,5800,10.13,500,-1.94,10.1,10.1,99700,1010000.0,0.01,0.0,85.22,86.59,11.33,9.27,0.0
芯朋微,sh688508,61.54,62.98,61.54,4860400.0,61.54,30300,62.06,5500,-2.29,61.54,61.54,4860400,2990000.0,0.04,0.0,80.81,80.81,75.58,50.38,0.0
胜科纳米,sh688757,27.63,27.91,27.63,839500.0,27.63,3600,27.79,600,-1.0,27.63,27.63,839500,230000.0,0.02,0.0,9.68,111.43,33.49,22.33,0.0
电气风电,sh688660,13.97,14.32,13.97,18646500.0,13.96,4500,13.97,53100,-2.44,13.97,13.97,18646500,2600000.0,0.01,0.0,186.27,186.27,17.18,11.46,0.0
远东股份,sh600869,13.2,13.39,13.2,1273800.0,13.2,185300,13.21,103000,-1.42,13.2,13.2,1273800,16810000.0,0.06,0.0,292.95,292.95,14.73,12.05,0.0
智立方,sz301312,85.01,90.5,85.01,91100.0,85.01,4000,85.6,300,-6.07,85.01,85.01,91100,7740000.0,0.15,0.0,51.48,103.02,108.6,72.4,0.0
盐湖股份,sz000792,36.11,36.79,36.11,1047500.0,36.11,4100,36.15,10000,-1.85,36.11,36.11,1047500,37830000.0,0.02,0.0,1910.78,1910.79,40.47,33.11,0.0
新莱福,sz301323,57.66,58.43,57.66,5200.0,57.66,1200,57.71,500,-1.32,57.66,57.66,5200,300000.0,0.01,0.0,39.02,60.88,70.12,46.74,0.0
新劲刚,sz300629,24.3,24.71,24.3,84200.0,24.27,300,24.3,22900,-1.66,24.3,24.3,84200,2050000.0,0.04,0.0,52.69,61.1,29.65,19.77,0.0
新雷能,sz300593,29.62,30.8,29.62,239700.0,29.6,9300,29.62,2400,-3.83,29.62,29.62,239700,7100000.0,0.05,0.0,133.37,160.69,36.96,24.64,0.0
久立特材,sz002318,35.69,35.48,35.69,50900.0,35.69,7000,35.75,900,0.59,35.69,35.69,50900,1820000.0,0.01,0.0,340.82,348.75,39.03,31.93,0.0
奥翔药业,sh603229,9.4,9.45,9.4,45300.0,9.38,22000,9.4,30000,-0.53,9.4,9.4,45300,430000.0,0.01,0.0,78.05,78.05,10.4,8.51,0.0
香农芯创,sz300475,149.01,155.04,149.01,440000.0,149.01,12100,149.04,100,-3.89,149.01,149.01,440000,65560000.0,0.1,0.0,663.66,692.73,186.05,124.03,0.0
通合科技,sz300491,28.57,29.34,28.57,175700.0,28.57,1200,28.6,200,-2.62,28.57,28.57,175700,5020000.0,0.11,0.0,44.57,50.19,35.21,23.47,0.0
中盐化工,sh600328,9.75,9.62,9.75,444200.0,9.75,60800,9.76,6400,1.35,9.75,9.75,444200,4330000.0,0.03,0.0,142.97,142.97,10.58,8.66,0.0
光智科技,sz300489,43.65,44.35,43.65,17600.0,43.6,600,43.65,6600,-1.58,43.65,43.65,17600,770000.0,0.01,0.0,59.87,60.09,53.22,35.48,0.0
晶澳科技,sz002459,12.09,12.21,12.09,387300.0,12.08,19600,12.09,21400,-0.98,12.09,12.09,387300,4680000.0,0.01,0.0,399.67,400.14,13.43,10.99,0.0
江苏华辰,sh603097,40.0,41.05,40.0,95800.0,39.94,600,40.0,28000,-2.56,40.0,40.0,95800,3830000.0,0.06,0.0,64.0,66.06,45.16,36.95,0.0
振华科技,sz000733,52.52,53.49,52.52,157800.0,52.51,2300,52.53,27200,-1.81,52.52,52.52,157800,8290000.0,0.03,0.0,291.01,291.05,58.84,48.14,0.0
六九一二,sz301592,125.2,124.49,125.2,17600.0,125.0,100,125.2,6900,0.57,125.2,125.2,17600,2200000.0,0.08,0.0,29.24,87.64,149.39,99.59,0.0
科泰电源,sz300153,37.52,39.44,37.52,602800.0,37.52,53300,37.55,600,-4.87,37.52,37.52,602800,22620000.0,0.19,0.0,119.44,120.06,47.33,31.55,0.0
美迪西,sh688202,65.94,67.72,65.94,3642500.0,65.9,5000,65.94,200,-2.63,65.94,65.94,3642500,2400000.0,0.03,0.0,88.59,88.59,81.26,54.18,0.0
紫金矿业,sh601899,35.93,37.1,35.93,7110300.0,35.92,34100,35.93,244600,-3.15,35.93,35.93,7110300,255470000.0,0.03,0.0,7401.9,9553.69,40.81,33.39,0.0
中农立华,sh603970,13.88,13.97,13.88,58300.0,13.87,500,13.88,20800,-0.64,13.88,13.88,58300,810000.0,0.02,0.0,37.31,37.31,15.37,12.57,0.0
聚石化学,sh688669,28.83,29.07,28.83,1092100.0,28.7,4500,28.83,1900,-0.83,28.83,28.83,1092100,310000.0,0.01,0.0,34.98,34.98,34.88,23.26,0.0
沃特股份,sz002886,22.94,23.33,22.94,94900.0,22.94,900,22.95,6000,-1.67,22.94,22.94,94900,2180000.0,0.05,0.0,47.96,60.38,25.66,21.0,0.0
国信证券,sz002736,12.05,12.24,12.05,558400.0,12.04,10800,12.05,57900,-1.55,12.05,12.05,558400,6730000.0,0.01,0.0,1158.3,1234.13,13.46,11.02,0.0
皖天然气,sh603689,8.99,8.65,8.99,912700.0,8.99,30800,9.0,117000,3.93,8.99,8.99,912700,8210000.0,0.18,0.0,46.85,47.29,9.52,7.79,0.0
博亚精工,sz300971,24.63,25.0,24.63,38300.0,24.63,4900,24.89,8700,-1.48,24.63,24.63,38300,940000.0,0.04,0.0,22.67,28.96,30.0,20.0,0.0
科隆股份,sz300405,7.25,7.27,7.25,49100.0,7.24,13000,7.25,24300,-0.28,7.25,7.25,49100,360000.0,0.02,0.0,15.86,20.62,8.72,5.82,0.0
红星发展,sh600367,24.6,23.82,24.6,1264600.0,24.55,4000,24.6,21900,3.27,24.6,24.6,1264600,31110000.0,0.39,0.0,79.21,83.92,26.2,21.44,0.0
ST通葡,sh600365,3.17,3.21,3.17,93700.0,3.17,21000,3.18,200,-1.25,3.17,3.17,93700,300000.0,0.02,0.0,13.54,14.39,3.37,3.05,0.0
华融化学,sz301256,15.01,15.1,15.01,82200.0,15.01,16500,15.02,5000,-0.6,15.01,15.01,82200,1230000.0,0.02,0.0,72.05,72.05,18.12,12.08,0.0
安徽凤凰,bj920000,17.87,18.08,17.87,3200.0,17.87,0,17.98,2100,-1.16,17.87,17.87,3200,56400.0,0.01,0.0,10.29,16.38,23.5,12.66,0.0
金龙羽,sz002882,30.28,30.78,30.28,38000.0,30.26,100,30.28,4000,-1.62,30.28,30.28,38000,1150000.0,0.02,0.0,74.71,131.08,33.86,27.7,0.0
双箭股份,sz002381,7.06,7.16,7.06,79400.0,7.06,21700,7.07,12000,-1.4,7.06,7.06,79400,560000.0,0.02,0.0,22.62,29.06,7.88,6.44,0.0
南京高科,sh600064,8.63,8.71,8.63,292800.0,8.63,18700,8.64,55700,-0.92,8.63,8.63,292800,2530000.0,0.02,0.0,149.33,149.33,9.58,7.84,0.0
太阳纸业,sz002078,16.62,16.85,16.62,223500.0,16.62,4100,16.63,200,-1.36,16.62,16.62,223500,3710000.0,0.01,0.0,461.6,464.45,18.54,15.17,0.0
嘉化能源,sh600273,11.32,11.2,11.32,242900.0,11.25,2200,11.32,77000,1.07,11.32,11.32,242900,2750000.0,0.02,0.0,153.6,153.6,12.32,10.08,0.0
雅克科技,sz002409,90.2,92.16,90.2,155000.0,90.2,500,90.59,500,-2.13,90.2,90.2,155000,13980000.0,0.05,0.0,287.31,429.29,101.38,82.94,0.0
凯赛生物,sh688065,54.38,52.91,54.38,14455400.0,54.32,12200,54.38,0,2.78,54.38,54.38,14455400,7860000.0,0.02,0.0,317.24,392.24,63.49,42.33,0.0
日科化学,sz300214,7.6,7.59,7.6,65900.0,7.6,11500,7.61,9200,0.13,7.6,7.6,65900,500000.0,0.01,0.0,35.33,35.33,9.11,6.07,0.0
三力制药,sh603439,11.63,11.78,11.63,49200.0,11.63,5300,11.7,2000,-1.27,11.63,11.63,49200,570000.0,0.01,0.0,46.97,47.56,12.96,10.6,0.0
指南针,sz300803,109.01,112.38,109.01,301300.0,109.01,6400,109.04,1600,-3.0,109.01,109.01,301300,32850000.0,0.05,0.0,659.88,664.73,134.86,89.9,0.0
财通证券,sh601108,8.28,8.38,8.28,455800.0,8.28,95600,8.29,104900,-1.19,8.28,8.28,455800,3770000.0,0.01,0.0,384.5,384.5,9.22,7.54,0.0
天士力,sh600535,14.19,14.22,14.19,79400.0,14.18,4100,14.19,59100,-0.21,14.19,14.19,79400,1130000.0,0.01,0.0,211.99,211.99,15.64,12.8,0.0
容大感光,sz300576,37.1,37.81,37.1,44200.0,37.08,100,37.1,2200,-1.88,37.1,37.1,44200,1640000.0,0.02,0.0,86.31,135.92,45.37,30.25,0.0
芯联集成-U,sh688469,7.04,7.18,7.04,167838100.0,7.03,89200,7.04,341200,-1.95,7.04,7.04,167838100,11820000.0,0.04,0.0,311.86,590.14,8.62,5.74,0.0
壹石通,sh688733,28.7,29.78,28.7,9145200.0,28.7,2300,28.71,400,-3.63,28.7,28.7,9145200,2620000.0,0.05,0.0,57.34,57.34,35.74,23.82,0.0
汇创达,sz300909,44.6,45.98,44.6,23000.0,44.56,200,44.6,600,-3.0,44.6,44.6,23000,1030000.0,0.02,0.0,54.51,77.15,55.18,36.78,0.0
极米科技,sh688696,93.38,94.9,93.38,534200.0,93.38,0,94.67,200,-1.6,93.38,93.38,534200,500000.0,0.01,0.0,65.38,65.38,113.88,75.92,0.0
浙能电力,sh600023,5.47,5.48,5.47,858700.0,5.46,79500,5.47,9400,-0.18,5.47,5.47,858700,4700000.0,0.01,0.0,733.46,733.46,6.03,4.93,0.0
崇达技术,sz002815,14.75,15.1,14.75,279700.0,14.73,2700,14.75,12600,-2.32,14.75,14.75,279700,4130000.0,0.04,0.0,114.63,182.04,16.61,13.59,0.0
蕾奥规划,sz300989,15.52,15.67,15.52,13100.0,15.52,2500,15.65,1800,-0.96,15.52,15.52,13100,200000.0,0.01,0.0,23.38,32.74,18.8,12.54,0.0
首创证券,sh601136,17.3,17.45,17.3,102500.0,17.3,267600,17.33,8100,-0.86,17.3,17.3,102500,1770000.0,0.0,0.0,472.87,472.87,19.2,15.71,0.0
吉贝尔,sh688566,29.02,29.28,29.02,1145800.0,29.02,3300,29.05,2300,-0.89,29.02,29.02,1145800,330000.0,0.01,0.0,57.87,57.87,35.14,23.42,0.0
鲁西化工,sz000830,21.62,20.21,21.62,1637400.0,21.6,1000,21.62,3100,6.98,21.62,21.62,1637400,35400000.0,0.09,0.0,411.68,411.71,22.23,18.19,0.0
京沪高铁,sh601816,5.05,5.05,5.05,1216100.0,5.04,448500,5.05,410100,0.0,5.05,5.05,1216100,6140000.0,0.0,0.0,2470.75,2470.75,5.56,4.55,0.0
中国建筑,sh601668,5.02,5.05,5.02,3986900.0,5.02,2815500,5.03,2292900,-0.59,5.02,5.02,3986900,20010000.0,0.01,0.0,2074.28,2074.28,5.56,4.55,0.0
国联股份,sh603613,25.7,26.18,25.7,121200.0,25.68,1200,25.7,400,-1.83,25.7,25.7,121200,3110000.0,0.02,0.0,185.18,185.18,28.8,23.56,0.0
路维光电,sh688401,52.0,53.65,52.0,3195900.0,51.75,300,52.0,4300,-3.08,52.0,52.0,3195900,1660000.0,0.02,0.0,100.54,100.54,64.38,42.92,0.0
中国国贸,sh600007,19.89,19.89,19.89,16600.0,19.87,600,19.89,5800,0.0,19.89,19.89,16600,330000.0,0.0,0.0,200.35,200.35,21.88,17.9,0.0
顺钠股份,sz000533,15.76,14.88,15.76,17249100.0,15.75,200,15.76,465500,5.91,15.76,15.76,17249100,271850000.0,2.52,0.0,107.94,108.87,16.37,13.39,0.0
威迈斯,sh688612,28.3,28.58,28.3,2117500.0,28.22,600,28.3,2000,-0.98,28.3,28.3,2117500,600000.0,0.01,0.0,71.47,118.63,34.3,22.86,0.0
国安达,sz300902,19.64,19.82,19.64,34500.0,19.64,2300,19.7,1600,-0.91,19.64,19.64,34500,680000.0,0.03,0.0,23.81,35.71,23.78,15.86,0.0
亿田智能,sz300911,41.0,43.12,41.0,72800.0,40.94,100,41.0,18400,-4.92,41.0,41.0,72800,2980000.0,0.04,0.0,70.25,75.17,51.74,34.5,0.0
仙鹤股份,sh603733,24.46,24.56,24.46,13200.0,24.46,500,24.48,200,-0.41,24.46,24.46,13200,320000.0,0.0,0.0,173.11,173.11,27.02,22.1,0.0
南京化纤,sh600889,16.22,16.5,16.22,48300.0,16.2,8100,16.22,8100,-1.7,16.22,16.22,48300,780000.0,0.01,0.0,59.42,59.42,18.15,14.85,0.0
好利科技,sz002729,18.1,18.17,18.1,36600.0,18.07,1000,18.1,3400,-0.39,18.1,18.1,36600,660000.0,0.02,0.0,31.76,33.12,19.99,16.35,0.0
世华科技,sh688093,34.4,34.95,34.4,1568400.0,34.31,400,34.4,1800,-1.57,34.4,34.4,1568400,540000.0,0.01,0.0,90.35,96.45,41.94,27.96,0.0
大博医疗,sz002901,44.95,45.4,44.95,28800.0,44.91,300,44.95,4100,-0.99,44.95,44.95,28800,1290000.0,0.01,0.0,129.67,186.1,49.94,40.86,0.0
沪电股份,sz002463,73.0,75.41,73.0,1730400.0,72.99,100,73.0,85400,-3.2,73.0,73.0,1730400,126320000.0,0.09,0.0,1403.65,1404.79,82.95,67.87,0.0
招商轮船,sh601872,17.64,17.12,17.64,6877200.0,17.63,11100,17.64,303300,3.04,17.64,17.64,6877200,121310000.0,0.09,0.0,1424.35,1424.35,18.83,15.41,0.0
建发致新,sz301584,27.65,27.94,27.65,5000.0,27.65,600,27.77,600,-1.04,27.65,27.65,5000,140000.0,0.01,0.0,13.94,116.49,33.53,22.35,0.0
联合化学,sz301209,94.41,94.4,94.41,4600.0,94.05,10200,94.41,1600,0.01,94.41,94.41,4600,430000.0,0.01,0.0,51.36,105.74,113.28,75.52,0.0
光力科技,sz300480,32.81,32.71,32.81,635600.0,32.81,102900,32.84,300,0.31,32.81,32.81,635600,20850000.0,0.26,0.0,81.21,115.76,39.25,26.17,0.0
恒烁股份,sh688416,86.0,90.25,86.0,4148700.0,86.0,400,86.01,500,-4.71,86.0,86.0,4148700,3570000.0,0.05,0.0,71.38,71.38,108.3,72.2,0.0
美丽生态,sz000010,4.33,4.41,4.33,822300.0,4.33,75000,4.36,10900,-1.81,4.33,4.33,822300,3560000.0,0.1,0.0,36.72,49.78,4.85,3.97,0.0
藏格矿业,sz000408,78.7,80.4,78.7,248100.0,78.68,500,78.7,10000,-2.11,78.7,78.7,248100,19530000.0,0.02,0.0,1235.75,1235.77,88.44,72.36,0.0
西藏天路,sh600326,10.73,10.89,10.73,256800.0,10.73,2600,10.74,41800,-1.47,10.73,10.73,256800,2760000.0,0.02,0.0,146.19,146.19,11.98,9.8,0.0
恒勃股份,sz301225,119.32,121.49,119.32,7600.0,119.32,100,120.99,1700,-1.79,119.32,119.32,7600,910000.0,0.03,0.0,35.66,123.35,145.79,97.19,0.0
宏润建设,sz002062,8.88,9.04,8.88,122700.0,8.87,1700,8.88,288600,-1.77,8.88,8.88,122700,1090000.0,0.01,0.0,99.87,109.87,9.94,8.14,0.0
鲁抗医药,sh600789,8.79,8.87,8.79,292500.0,8.79,33100,8.8,45400,-0.9,8.79,8.79,292500,2570000.0,0.03,0.0,78.99,91.87,9.76,7.98,0.0
物产中大,sh600704,5.56,5.63,5.56,1230600.0,5.56,5900,5.57,203100,-1.24,5.56,5.56,1230600,6840000.0,0.02,0.0,287.52,287.52,6.19,5.07,0.0
日月股份,sh603218,14.38,14.44,14.38,76000.0,14.38,1500,14.39,4800,-0.42,14.38,14.38,76000,1090000.0,0.01,0.0,147.83,148.16,15.88,13.0,0.0
豪江智能,sz301320,18.15,18.22,18.15,25000.0,18.11,500,18.15,1300,-0.38,18.15,18.15,25000,450000.0,0.04,0.0,12.38,33.03,21.86,14.58,0.0
顺博合金,sz002996,8.07,8.16,8.07,65300.0,8.06,12600,8.1,19300,-1.1,8.07,8.07,65300,530000.0,0.02,0.0,32.75,54.02,8.98,7.34,0.0
明星电力,sh600101,11.2,11.26,11.2,421100.0,11.2,59400,11.24,1500,-0.53,11.2,11.2,421100,4720000.0,0.08,0.0,61.36,61.36,12.39,10.13,0.0
交通银行,sh601328,6.73,6.77,6.73,1240900.0,6.73,447400,6.74,153000,-0.59,6.73,6.73,1240900,8350000.0,0.0,0.0,1754.68,5946.88,7.45,6.09,0.0
青云科技-U,sh688316,77.09,74.6,77.09,18749300.0,77.09,100,77.18,500,3.34,77.09,77.09,18749300,14450000.0,0.39,0.0,36.92,36.92,89.52,59.68,0.0
世运电路,sh603920,55.0,57.49,55.0,480500.0,55.0,38000,55.1,100,-4.33,55.0,55.0,480500,26430000.0,0.07,0.0,396.33,396.33,63.24,51.74,0.0
醋化股份,sh603968,14.58,14.75,14.58,113000.0,14.57,2000,14.58,12100,-1.15,14.58,14.58,113000,1650000.0,0.06,0.0,29.81,29.81,16.23,13.28,0.0
海泰新光,sh688677,40.55,40.89,40.55,1458800.0,40.53,200,40.55,400,-0.83,40.55,40.55,1458800,590000.0,0.01,0.0,48.61,48.61,49.07,32.71,0.0
国际实业,sz000159,7.47,7.2,7.47,947100.0,7.46,2300,7.47,47700,3.75,7.47,7.47,947100,7070000.0,0.2,0.0,35.91,35.91,7.92,6.48,0.0
海星股份,sh603115,28.01,28.95,28.01,160700.0,28.01,2700,28.05,200,-3.25,28.01,28.01,160700,4500000.0,0.07,0.0,67.75,67.75,31.85,26.06,0.0
金岭矿业,sz000655,10.61,10.63,10.61,53200.0,10.6,1600,10.61,54900,-0.19,10.61,10.61,53200,560000.0,0.01,0.0,63.17,63.17,11.69,9.57,0.0
欣贺股份,sz003016,8.4,8.52,8.4,32100.0,8.4,5300,8.43,100,-1.41,8.4,8.4,32100,270000.0,0.01,0.0,34.51,35.32,9.37,7.67,0.0
燕麦科技,sh688312,50.42,53.24,50.42,26654100.0,50.42,6500,50.47,200,-5.3,50.42,50.42,26654100,13440000.0,0.18,0.0,73.5,73.5,63.89,42.59,0.0
南京银行,sh601009,11.2,11.22,11.2,160600.0,11.2,18400,11.21,10000,-0.18,11.2,11.2,160600,1800000.0,0.0,0.0,1384.72,1384.72,12.34,10.1,0.0
金风科技,sz002202,27.7,28.47,27.7,2451100.0,27.7,82400,27.71,3500,-2.7,27.7,27.7,2451100,67900000.0,0.07,0.0,931.69,1169.99,31.32,25.62,0.0
*ST天择,sh603721,20.47,20.77,20.47,21400.0,20.4,5000,20.47,5400,-1.44,20.47,20.47,21400,440000.0,0.02,0.0,26.61,26.61,21.81,19.73,0.0
南京聚隆,sz300644,31.67,31.95,31.67,16800.0,31.67,800,31.7,2200,-0.88,31.67,31.67,16800,530000.0,0.02,0.0,27.61,35.04,38.34,25.56,0.0
力生制药,sz002393,22.01,22.2,22.01,37700.0,22.01,1200,22.09,1000,-0.86,22.01,22.01,37700,830000.0,0.02,0.0,55.09,56.69,24.42,19.98,0.0
欧圣电气,sz301187,22.49,22.7,22.49,9600.0,22.49,900,22.5,8400,-0.93,22.49,22.49,9600,220000.0,0.0,0.0,57.33,57.33,27.24,18.16,0.0
农业银行,sh601288,6.68,6.7,6.68,4202600.0,6.67,779400,6.68,677100,-0.3,6.68,6.68,4202600,28070000.0,0.0,0.0,21325.51,23378.87,7.37,6.03,0.0
天安新材,sh603725,10.23,10.21,10.23,65800.0,10.21,2800,10.23,24000,0.2,10.23,10.23,65800,670000.0,0.02,0.0,29.33,31.19,11.23,9.19,0.0
第一医药,sh600833,12.67,12.77,12.67,15400.0,12.62,400,12.67,11700,-0.78,12.67,12.67,15400,200000.0,0.01,0.0,28.27,28.27,14.05,11.49,0.0
*ST宝实,sz000595,6.16,6.2,6.16,368700.0,6.16,8700,6.17,2000,-0.65,6.16,6.16,368700,2270000.0,0.03,0.0,70.14,70.14,6.51,5.89,0.0
中信证券,sh600030,26.01,26.43,26.01,1814500.0,26.0,278300,26.01,427000,-1.59,26.01,26.01,1814500,47200000.0,0.01,0.0,3167.12,3854.82,29.07,23.79,0.0
科华数据,sz002335,60.8,60.7,60.8,590800.0,60.77,300,60.8,71800,0.16,60.8,60.8,590800,35920000.0,0.13,0.0,276.44,313.37,66.77,54.63,0.0
三柏硕,sz001300,16.13,16.19,16.13,9400.0,16.13,3600,16.19,600,-0.37,16.13,16.13,9400,150000.0,0.0,0.0,39.32,39.32,17.81,14.57,0.0
通宝能源,sh600780,6.71,6.75,6.71,247400.0,6.71,134900,6.72,5800,-0.59,6.71,6.71,247400,1660000.0,0.02,0.0,76.93,76.93,7.43,6.08,0.0
海油发展,sh600968,5.49,5.04,5.49,6491100.0,5.48,900,5.49,81500,8.93,5.49,5.49,6491100,35640000.0,0.06,0.0,558.06,558.06,5.54,4.54,0.0
柳化股份,sh600423,4.06,4.04,4.06,93800.0,4.05,13000,4.06,9700,0.5,4.06,4.06,93800,380000.0,0.01,0.0,32.43,32.43,4.44,3.64,0.0
中国化学,sh601117,9.52,9.33,9.52,4292100.0,9.52,232500,9.53,52100,2.04,9.52,9.52,4292100,40860000.0,0.07,0.0,577.82,581.35,10.26,8.4,0.0
升达林业,sz002259,6.0,5.93,6.0,275000.0,5.98,500,6.0,13200,1.18,6.0,6.0,275000,1650000.0,0.04,0.0,45.14,45.14,6.52,5.34,0.0
药石科技,sz300725,36.8,37.46,36.8,99000.0,36.8,7900,36.86,1200,-1.76,36.8,36.8,99000,3640000.0,0.05,0.0,74.6,86.04,44.95,29.97,0.0
润泽科技,sz300442,91.0,93.16,91.0,1096600.0,90.99,500,91.0,50500,-2.32,91.0,91.0,1096600,99790000.0,0.07,0.0,1481.82,1487.25,111.79,74.53,0.0
佰奥智能,sz300836,59.8,59.8,59.8,11400.0,59.8,22600,59.98,100,0.0,59.8,59.8,11400,680000.0,0.02,0.0,37.8,55.43,71.76,47.84,0.0
伊之密,sz300415,26.77,27.21,26.77,52800.0,26.76,300,26.78,18000,-1.62,26.77,26.77,52800,1410000.0,0.01,0.0,121.29,125.43,32.65,21.77,0.0
同和药业,sz300636,8.12,8.19,8.12,53700.0,8.1,51700,8.12,600,-0.85,8.12,8.12,53700,440000.0,0.01,0.0,29.83,34.1,9.83,6.55,0.0
概伦电子,sh688206,33.89,34.36,33.89,1988600.0,33.81,200,33.89,2800,-1.37,33.89,33.89,1988600,670000.0,0.0,0.0,147.48,147.48,41.23,27.49,0.0
海南华铁,sh603300,7.2,7.28,7.2,694000.0,7.19,10600,7.2,75600,-1.1,7.2,7.2,694000,5000000.0,0.03,0.0,143.6,143.6,8.01,6.55,0.0
三旺通信,sh688618,31.91,32.49,31.91,465700.0,31.91,1700,32.22,300,-1.79,31.91,31.91,465700,150000.0,0.0,0.0,35.12,35.16,38.99,25.99,0.0
雷迪克,sz300652,46.03,47.02,46.03,13500.0,46.03,300,46.08,100,-2.11,46.03,46.03,13500,620000.0,0.01,0.0,55.11,61.4,56.42,37.62,0.0
五洲特纸,sh605007,16.3,16.79,16.3,116100.0,16.3,2800,16.31,2300,-2.92,16.3,16.3,116100,1890000.0,0.03,0.0,65.45,77.54,18.47,15.11,0.0
泰恩康,sz301263,29.28,29.52,29.28,11700.0,29.28,1100,29.51,5700,-0.81,29.28,29.28,11700,340000.0,0.0,0.0,88.89,124.59,35.42,23.62,0.0
大西洋,sh600558,6.25,6.35,6.25,219800.0,6.25,19800,6.28,21100,-1.57,6.25,6.25,219800,1370000.0,0.02,0.0,56.1,56.1,6.99,5.72,0.0
上海电力,sh600021,21.5,21.75,21.5,543800.0,21.5,57100,21.52,13700,-1.15,21.5,21.5,543800,11690000.0,0.02,0.0,606.57,606.57,23.93,19.58,0.0
工商银行,sh601398,7.08,7.11,7.08,1564100.0,7.08,332400,7.09,721400,-0.42,7.08,7.08,1564100,11070000.0,0.0,0.0,19088.54,25233.56,7.82,6.4,0.0
金花股份,sh600080,8.5,8.6,8.5,130200.0,8.49,16600,8.5,400,-1.16,8.5,8.5,130200,1110000.0,0.03,0.0,31.73,31.73,9.46,7.74,0.0
满坤科技,sz301132,39.14,40.21,39.14,162800.0,39.14,1300,39.27,600,-2.66,39.14,39.14,162800,6370000.0,0.17,0.0,37.08,57.96,48.25,32.17,0.0
海兴电力,sh603556,40.44,41.46,40.44,104100.0,40.4,4000,40.44,400,-2.46,40.44,40.44,104100,4210000.0,0.02,0.0,196.65,196.65,45.61,37.31,0.0
北方稀土,sh600111,53.1,54.3,53.1,1384800.0,53.09,3100,53.1,210600,-2.21,53.1,53.1,1384800,73530000.0,0.04,0.0,1919.6,1919.6,59.73,48.87,0.0
中熔电气,sz301031,142.33,145.01,142.33,17300.0,142.33,500,142.36,900,-1.85,142.33,142.33,17300,2460000.0,0.03,0.0,97.95,139.94,174.01,116.01,0.0
银星能源,sz000862,7.51,7.6,7.51,2177700.0,7.51,79500,7.52,15800,-1.18,7.51,7.51,2177700,16350000.0,0.35,0.0,47.16,68.94,8.36,6.84,0.0
华鲁恒升,sh600426,44.0,40.9,44.0,1645100.0,43.91,300,44.0,80400,7.58,44.0,44.0,1645100,72380000.0,0.08,0.0,932.56,934.2,44.99,36.81,0.0
*ST波导,sh600130,4.65,4.7,4.65,303200.0,4.64,44600,4.65,81000,-1.06,4.65,4.65,303200,1410000.0,0.04,0.0,34.88,34.88,4.94,4.47,0.0
新农股份,sz002942,21.76,21.76,21.76,14200.0,21.76,1400,21.97,2400,0.0,21.76,21.76,14200,310000.0,0.01,0.0,29.86,33.91,23.94,19.58,0.0
天山电子,sz301379,26.48,27.06,26.48,35400.0,26.47,1000,26.48,300,-2.14,26.48,26.48,35400,940000.0,0.03,0.0,33.72,52.49,32.47,21.65,0.0
惠柏新材,sz301555,38.12,38.49,38.12,50800.0,38.12,2500,38.17,1600,-0.96,38.12,38.12,50800,1940000.0,0.11,0.0,18.43,35.17,46.19,30.79,0.0
久盛电气,sz301082,19.77,20.09,19.77,130400.0,19.77,700,19.8,19400,-1.59,19.77,19.77,130400,2580000.0,0.06,0.0,41.37,44.74,24.11,16.07,0.0
长城证券,sz002939,9.35,9.47,9.35,455800.0,9.34,24500,9.35,58200,-1.27,9.35,9.35,455800,4260000.0,0.01,0.0,336.85,377.22,10.42,8.52,0.0
佰仁医疗,sh688198,101.5,102.59,101.5,260000.0,101.5,400,103.1,300,-1.06,101.5,101.5,260000,260000.0,0.0,0.0,139.81,139.81,123.11,82.07,0.0
锦盛新材,sz300849,20.17,20.26,20.17,29500.0,20.05,2200,20.17,2100,-0.44,20.17,20.17,29500,600000.0,0.02,0.0,24.5,30.25,24.31,16.21,0.0
佛燃能源,sz002911,15.6,15.15,15.6,431400.0,15.6,91400,15.61,1300,2.97,15.6,15.6,431400,6730000.0,0.03,0.0,198.03,202.55,16.67,13.64,0.0
三七互娱,sz002555,22.38,23.07,22.38,702400.0,22.38,43200,22.4,18200,-2.99,22.38,22.38,702400,15720000.0,0.04,0.0,357.85,495.1,25.38,20.76,0.0
莱特光电,sh688150,33.05,35.01,33.05,21413700.0,33.05,400,33.18,500,-5.6,33.05,33.05,21413700,7080000.0,0.05,0.0,133.01,133.01,42.01,28.01,0.0
特变电工,sh600089,31.81,32.23,31.81,4251200.0,31.8,279300,31.81,11600,-1.3,31.81,31.81,4251200,135230000.0,0.08,0.0,1607.29,1607.29,35.45,29.01,0.0
荣昌生物,sh688331,102.8,105.9,102.8,7157000.0,102.77,9900,102.8,300,-2.93,102.8,102.8,7157000,7360000.0,0.04,0.0,167.66,580.28,127.08,84.72,0.0
新兴铸管,sz000778,5.06,5.07,5.06,477100.0,5.05,12200,5.06,107700,-0.2,5.06,5.06,477100,2410000.0,0.01,0.0,197.02,200.54,5.58,4.56,0.0
德冠新材,sz001378,25.85,25.92,25.85,21600.0,25.81,500,25.85,1500,-0.27,25.85,25.85,21600,560000.0,0.03,0.0,16.67,34.47,28.51,23.33,0.0
梦天家居,sh603216,37.92,38.1,37.92,164500.0,37.92,200,37.93,100,-0.47,37.92,37.92,164500,6240000.0,0.07,0.0,84.44,84.44,41.91,34.29,0.0
三达膜,sh688101,17.2,17.33,17.2,1737300.0,17.19,500,17.2,3100,-0.75,17.2,17.2,1737300,300000.0,0.01,0.0,57.11,57.11,20.8,13.86,0.0
隆华科技,sz300263,11.04,11.3,11.04,611100.0,11.04,86600,11.05,2000,-2.3,11.04,11.04,611100,6750000.0,0.06,0.0,107.7,114.26,13.56,9.04,0.0
中国交建,sh601800,8.08,8.11,8.08,427400.0,8.08,181800,8.09,4600,-0.37,8.08,8.08,427400,3450000.0,0.0,0.0,951.7,1314.99,8.92,7.3,0.0
凯恩股份,sz002012,7.02,7.19,7.02,331400.0,7.02,23400,7.12,200,-2.36,7.02,7.02,331400,2330000.0,0.07,0.0,32.77,32.83,7.91,6.47,0.0
拓尔思,sz300229,20.3,20.75,20.3,320000.0,20.3,600,20.32,2400,-2.17,20.3,20.3,320000,6500000.0,0.04,0.0,177.23,177.35,24.9,16.6,0.0
宿迁联盛,sh603065,9.22,9.3,9.22,116900.0,9.2,16300,9.22,13400,-0.86,9.22,9.22,116900,1080000.0,0.06,0.0,18.13,38.63,10.23,8.37,0.0
汇川技术,sz300124,70.89,71.47,70.89,479500.0,70.89,26000,70.9,41000,-0.81,70.89,70.89,479500,33990000.0,0.02,0.0,1700.34,1919.15,85.76,57.18,0.0
国元证券,sz000728,7.9,7.97,7.9,491800.0,7.89,11500,7.9,133900,-0.88,7.9,7.9,491800,3890000.0,0.01,0.0,344.74,344.74,8.77,7.17,0.0
奇德新材,sz300995,38.12,38.6,38.12,9900.0,38.12,1500,38.47,200,-1.24,38.12,38.12,9900,380000.0,0.02,0.0,22.89,32.08,46.32,30.88,0.0
衢州东峰,sh601515,4.53,4.56,4.53,131900.0,4.52,11000,4.53,29600,-0.66,4.53,4.53,131900,600000.0,0.01,0.0,87.18,87.18,5.02,4.1,0.0
瑞华技术,bj920099,38.39,35.66,38.39,72400.0,38.11,8100,38.39,1100,7.66,38.39,38.39,72400,2777900.0,0.15,0.0,18.75,30.1,46.35,24.97,0.0
怡合达,sz301029,27.61,28.18,27.61,64600.0,27.61,600,27.68,200,-2.02,27.61,27.61,64600,1780000.0,0.01,0.0,127.53,175.1,33.82,22.54,0.0
中船防务,sh600685,35.86,36.35,35.86,106800.0,35.86,2100,35.88,100,-1.35,35.86,35.86,106800,3830000.0,0.01,0.0,294.57,506.88,39.99,32.72,0.0
三棵树,sh603737,50.0,49.3,50.0,16400.0,49.3,600,50.0,600,1.42,50.0,50.0,16400,820000.0,0.0,0.0,368.91,368.91,54.23,44.37,0.0
福赛科技,sz301529,115.33,117.2,115.33,17100.0,115.33,800,116.0,100,-1.6,115.33,115.33,17100,1970000.0,0.04,0.0,52.17,97.84,140.64,93.76,0.0
新巨丰,sz301296,8.29,8.37,8.29,94600.0,8.28,100,8.29,7500,-0.96,8.29,8.29,94600,780000.0,0.02,0.0,35.21,35.21,10.04,6.7,0.0
诺力股份,sh603611,23.79,23.92,23.79,28300.0,23.79,500,23.8,2800,-0.54,23.79,23.79,28300,670000.0,0.01,0.0,61.28,61.28,26.31,21.53,0.0
华大九天,sz301269,94.0,95.57,94.0,31200.0,93.91,200,94.0,300,-1.64,94.0,94.0,31200,2930000.0,0.01,0.0,512.71,512.71,114.68,76.46,0.0
中原高速,sh600020,4.07,4.08,4.07,119200.0,4.07,30200,4.08,17700,-0.25,4.07,4.07,119200,490000.0,0.01,0.0,91.47,91.47,4.49,3.67,0.0
创新新材,sh600361,4.72,4.73,4.72,360800.0,4.71,36900,4.72,29800,-0.21,4.72,4.72,360800,1700000.0,0.01,0.0,177.29,177.29,5.2,4.26,0.0
铁龙物流,sh600125,6.67,6.63,6.67,259400.0,6.65,100,6.67,65600,0.6,6.67,6.67,259400,1730000.0,0.02,0.0,87.08,87.08,7.29,5.97,0.0
中兵红箭,sz000519,19.81,19.99,19.81,566700.0,19.81,15700,19.84,200,-0.9,19.81,19.81,566700,11230000.0,0.04,0.0,275.87,275.87,21.99,17.99,0.0
溢多利,sz300381,6.84,6.9,6.84,40900.0,6.83,1000,6.84,88400,-0.87,6.84,6.84,40900,280000.0,0.01,0.0,33.47,33.59,8.28,5.52,0.0
天宇股份,sz300702,23.12,23.29,23.12,15700.0,23.03,900,23.13,3300,-0.73,23.12,23.12,15700,360000.0,0.01,0.0,48.82,80.45,27.95,18.63,0.0
宏发股份,sh600885,32.08,33.03,32.08,624000.0,32.07,800,32.08,2500,-2.88,32.08,32.08,624000,20020000.0,0.04,0.0,496.47,496.47,36.33,29.73,0.0
上海电影,sh601595,26.02,26.54,26.02,60900.0,26.02,2000,26.08,2100,-1.96,26.02,26.02,60900,1580000.0,0.01,0.0,116.62,116.62,29.19,23.89,0.0
新亚强,sh603155,19.3,19.19,19.3,276700.0,19.19,1700,19.3,27800,0.57,19.3,19.3,276700,5340000.0,0.09,0.0,60.95,60.95,21.11,17.27,0.0
龙源电力,sz001289,17.76,17.7,17.76,106500.0,17.75,1200,17.76,2000,0.34,17.76,17.76,106500,1890000.0,0.0,0.0,895.45,1484.7,19.47,15.93,0.0
中科三环,sz000970,13.66,13.84,13.66,249500.0,13.65,16200,13.66,12300,-1.3,13.66,13.66,249500,3410000.0,0.02,0.0,166.07,166.07,15.22,12.46,0.0
天融信,sz002212,8.14,8.22,8.14,172100.0,8.13,8200,8.14,3800,-0.97,8.14,8.14,172100,1400000.0,0.01,0.0,94.98,96.01,9.04,7.4,0.0
三美股份,sh603379,75.77,76.68,75.77,52800.0,75.77,3300,75.88,1000,-1.19,75.77,75.77,52800,4000000.0,0.01,0.0,462.56,462.56,84.35,69.01,0.0
诺思兰德,bj920047,23.33,23.33,23.33,40000.0,23.33,75800,23.4,9000,0.0,23.33,23.33,40000,932400.0,0.02,0.0,42.02,63.99,30.32,16.34,0.0
飞南资源,sz301500,24.36,24.69,24.36,170900.0,24.36,4600,24.44,400,-1.34,24.36,24.36,170900,4160000.0,0.12,0.0,35.09,136.89,29.63,19.75,0.0
科瑞思,sz301314,47.79,48.6,47.79,7300.0,47.79,1600,47.89,300,-1.67,47.79,47.79,7300,350000.0,0.04,0.0,7.77,26.4,58.32,38.88,0.0
中钢国际,sz000928,7.08,7.17,7.08,189000.0,7.07,1000,7.08,31200,-1.26,7.08,7.08,189000,1340000.0,0.01,0.0,101.57,101.57,7.89,6.45,0.0
南极光,sz300940,24.6,25.0,24.6,51500.0,24.56,100,24.6,17900,-1.6,24.6,24.6,51500,1270000.0,0.03,0.0,38.74,54.77,30.0,20.0,0.0
惠城环保,sz300779,98.0,96.1,98.0,37000.0,98.0,200,98.1,2300,1.98,98.0,98.0,37000,3630000.0,0.02,0.0,157.82,196.91,115.32,76.88,0.0
深圳能源,sz000027,7.1,7.07,7.1,174500.0,7.09,46600,7.1,47200,0.42,7.1,7.1,174500,1240000.0,0.0,0.0,337.77,337.77,7.78,6.36,0.0
超频三,sz300647,6.58,6.75,6.58,145700.0,6.58,8700,6.59,600,-2.52,6.58,6.58,145700,960000.0,0.03,0.0,30.05,30.09,8.1,5.4,0.0
ST任子行,sz300311,5.41,5.48,5.41,259000.0,5.41,116100,5.42,17500,-1.28,5.41,5.41,259000,1400000.0,0.05,0.0,29.07,36.44,6.58,4.38,0.0
常青科技,sh603125,18.75,18.75,18.75,24900.0,18.62,1100,18.75,6100,0.0,18.75,18.75,24900,470000.0,0.02,0.0,18.98,75.91,20.63,16.88,0.0
宇信科技,sz300674,21.85,22.35,21.85,199900.0,21.84,1700,21.85,60300,-2.24,21.85,21.85,199900,4370000.0,0.03,0.0,153.61,153.84,26.82,17.88,0.0
西南证券,sh600369,4.34,4.37,4.34,397500.0,4.33,208600,4.34,61900,-0.69,4.34,4.34,397500,1730000.0,0.01,0.0,288.4,288.4,4.81,3.93,0.0
森林包装,sh605500,9.03,9.04,9.03,11000.0,9.0,100,9.03,15400,-0.11,9.03,9.03,11000,100000.0,0.0,0.0,37.42,37.42,9.94,8.14,0.0
中复神鹰,sh688295,30.0,30.34,30.0,4450700.0,29.99,500,30.0,2500,-1.12,30.0,30.0,4450700,1340000.0,0.0,0.0,270.0,270.0,36.41,24.27,0.0
太阳能,sz000591,6.2,6.25,6.2,2503100.0,6.19,46600,6.2,267000,-0.8,6.2,6.2,2503100,15520000.0,0.06,0.0,243.26,243.32,6.88,5.63,0.0
江西铜业,sh600362,51.51,53.59,51.51,840700.0,51.51,2500,51.52,6600,-3.88,51.51,51.51,840700,43300000.0,0.04,0.0,1068.96,1783.65,58.95,48.23,0.0
海康威视,sz002415,30.61,31.07,30.61,409400.0,30.61,72400,30.63,800,-1.48,30.61,30.61,409400,12530000.0,0.0,0.0,2769.11,2805.37,34.18,27.96,0.0
新 和 成,sz002001,36.68,36.3,36.68,947300.0,36.68,3000,36.69,100,1.05,36.68,36.68,947300,34750000.0,0.03,0.0,1113.92,1127.33,39.93,32.67,0.0
易点天下,sz301171,50.5,51.42,50.5,131300.0,50.38,200,50.5,23800,-1.79,50.5,50.5,131300,6630000.0,0.03,0.0,192.99,238.3,61.7,41.14,0.0
广州发展,sh600098,7.63,7.65,7.63,293100.0,7.62,29000,7.63,31300,-0.26,7.63,7.63,293100,2240000.0,0.01,0.0,267.5,267.5,8.42,6.89,0.0
亚太科技,sz002540,7.35,7.43,7.35,96500.0,7.35,18400,7.36,15600,-1.08,7.35,7.35,96500,710000.0,0.01,0.0,64.08,91.96,8.17,6.69,0.0
理工导航,sh688282,81.18,82.88,81.18,1005300.0,81.18,400,81.31,800,-2.05,81.18,81.18,1005300,820000.0,0.01,0.0,71.44,71.44,99.46,66.3,0.0
柳药集团,sh603368,17.37,17.52,17.37,55000.0,17.36,400,17.37,14900,-0.86,17.37,17.37,55000,960000.0,0.01,0.0,69.0,69.0,19.27,15.77,0.0
和元生物,sh688238,7.5,7.71,7.5,20788200.0,7.48,800,7.5,11800,-2.72,7.5,7.5,20788200,1560000.0,0.03,0.0,48.09,48.68,9.25,6.17,0.0
粤电力Ａ,sz000539,5.1,5.16,5.1,321500.0,5.1,27600,5.11,38900,-1.16,5.1,5.1,321500,1640000.0,0.01,0.0,130.32,267.76,5.68,4.64,0.0
法拉电子,sh600563,116.88,117.85,116.88,51600.0,116.81,100,116.88,6300,-0.82,116.88,116.88,51600,6030000.0,0.02,0.0,262.98,262.98,129.64,106.07,0.0
中工国际,sz002051,9.07,9.09,9.07,151100.0,9.06,6600,9.07,12300,-0.22,9.07,9.07,151100,1370000.0,0.01,0.0,112.23,112.23,10.0,8.18,0.0
建设银行,sh601939,8.96,8.97,8.96,569000.0,8.96,16500,8.97,582500,-0.11,8.96,8.96,569000,5100000.0,0.01,0.0,859.59,23439.39,9.87,8.07,0.0
呈和科技,sh688625,65.58,65.85,65.58,60000.0,65.57,1000,65.58,100,-0.41,65.58,65.58,60000,40000.0,0.0,0.0,123.5,123.5,79.02,52.68,0.0
博迈科,sh603727,21.23,20.09,21.23,594700.0,21.22,100,21.23,22300,5.67,21.23,21.23,594700,12630000.0,0.21,0.0,59.81,59.81,22.1,18.08,0.0
和仁科技,sz300550,13.08,13.14,13.08,21900.0,13.05,1000,13.08,1400,-0.46,13.08,13.08,21900,290000.0,0.01,0.0,34.31,34.34,15.77,10.51,0.0
吉祥航空,sh603885,12.36,12.88,12.36,375800.0,12.36,4000,12.37,100,-4.04,12.36,12.36,375800,4640000.0,0.02,0.0,269.94,269.94,14.17,11.59,0.0
双元科技,sh688623,102.8,103.7,102.8,147300.0,102.8,2700,103.0,200,-0.87,102.8,102.8,147300,150000.0,0.01,0.0,19.68,60.8,124.44,82.96,0.0
山东威达,sz002026,14.01,14.19,14.01,35900.0,14.01,40700,14.02,1000,-1.27,14.01,14.01,35900,500000.0,0.01,0.0,61.71,61.72,15.61,12.77,0.0
安徽建工,sh600502,4.83,4.81,4.83,544000.0,4.82,1600,4.83,91700,0.42,4.83,4.83,544000,2630000.0,0.03,0.0,82.91,82.91,5.29,4.33,0.0
兴欣新材,sz001358,29.96,30.12,29.96,1100.0,29.77,300,29.96,700,-0.53,29.96,29.96,1100,30000.0,0.0,0.0,15.27,36.91,33.13,27.11,0.0
江阴银行,sz002807,4.53,4.55,4.53,746600.0,4.53,378800,4.54,253000,-0.44,4.53,4.53,746600,3380000.0,0.03,0.0,111.35,111.5,5.01,4.1,0.0
艾为电子,sh688798,71.0,72.42,71.0,1914500.0,70.93,200,71.0,300,-1.96,71.0,71.0,1914500,1360000.0,0.01,0.0,96.38,165.52,86.9,57.94,0.0
山高环能,sz000803,10.76,10.4,10.76,372000.0,10.75,500,10.76,7500,3.46,10.76,10.76,372000,4000000.0,0.08,0.0,49.47,50.17,11.44,9.36,0.0
苏州固锝,sz002079,10.39,10.55,10.39,264800.0,10.38,5900,10.39,1100,-1.52,10.39,10.39,264800,2750000.0,0.03,0.0,84.14,84.22,11.61,9.5,0.0
必易微,sh688045,45.16,46.09,45.16,742000.0,45.16,600,45.41,3600,-2.02,45.16,45.16,742000,340000.0,0.01,0.0,31.54,31.54,55.31,36.87,0.0
华致酒行,sz300755,14.04,14.18,14.04,73400.0,14.04,8000,14.1,3700,-0.99,14.04,14.04,73400,1030000.0,0.02,0.0,58.47,58.52,17.02,11.34,0.0
丽岛新材,sh603937,12.98,12.98,12.98,24700.0,12.98,900,13.08,39900,0.0,12.98,12.98,24700,320000.0,0.01,0.0,27.11,27.11,14.28,11.68,0.0
渤海轮渡,sh603167,9.59,9.75,9.59,258800.0,9.58,79000,9.59,16000,-1.64,9.59,9.59,258800,2480000.0,0.06,0.0,44.99,44.99,10.73,8.78,0.0
中国能建,sh601868,2.95,2.89,2.95,120267000.0,2.94,1161100,2.95,4138000,2.08,2.95,2.95,120267000,354790000.0,0.37,0.0,956.65,1229.89,3.18,2.6,0.0
新疆天业,sh600075,7.3,7.19,7.3,2540700.0,7.28,15600,7.3,17400,1.53,7.3,7.3,2540700,18550000.0,0.15,0.0,124.64,124.64,7.91,6.47,0.0
嘉亨家化,sz300955,33.93,34.1,33.93,18400.0,33.93,700,34.1,2100,-0.5,33.93,33.93,18400,620000.0,0.02,0.0,34.2,34.2,40.92,27.28,0.0
广联航空,sz300900,38.03,39.0,38.03,425500.0,38.03,17000,38.06,1500,-2.49,38.03,38.03,425500,16180000.0,0.17,0.0,97.26,124.26,46.8,31.2,0.0
鲁  泰Ａ,sz000726,7.53,7.57,7.53,131100.0,7.53,7700,7.54,37600,-0.53,7.53,7.53,131100,990000.0,0.02,0.0,44.36,61.54,8.33,6.81,0.0
*ST三圣,sz002742,4.42,4.47,4.42,237700.0,4.41,10000,4.42,80300,-1.12,4.42,4.42,237700,1050000.0,0.05,0.0,23.16,30.24,4.69,4.25,0.0
亚太药业,sz002370,6.7,6.75,6.7,108300.0,6.7,20200,6.71,60300,-0.74,6.7,6.7,108300,730000.0,0.01,0.0,49.96,49.96,7.43,6.08,0.0
圆通速递,sh600233,19.1,19.39,19.1,97900.0,19.08,2000,19.1,592800,-1.5,19.1,19.1,97900,1870000.0,0.0,0.0,653.71,653.71,21.33,17.45,0.0
罗莱生活,sz002293,10.21,10.41,10.21,122300.0,10.21,7100,10.24,1000,-1.92,10.21,10.21,122300,1250000.0,0.01,0.0,84.39,85.14,11.45,9.37,0.0
浙矿股份,sz300837,41.1,41.7,41.1,15200.0,41.08,200,41.1,200,-1.44,41.1,41.1,15200,620000.0,0.02,0.0,31.07,41.1,50.04,33.36,0.0
亿联网络,sz300628,35.0,35.38,35.0,59600.0,34.98,100,35.0,5000,-1.07,35.0,35.0,59600,2090000.0,0.01,0.0,253.99,443.36,42.46,28.3,0.0
北方铜业,sz000737,16.1,16.57,16.1,1280400.0,16.09,9200,16.1,982000,-2.84,16.1,16.1,1280400,20610000.0,0.07,0.0,306.63,306.66,18.23,14.91,0.0
兴业证券,sh601377,6.5,6.6,6.5,1027600.0,6.5,217000,6.51,27800,-1.52,6.5,6.5,1027600,6680000.0,0.01,0.0,561.34,561.34,7.26,5.94,0.0
南模生物,sh688265,45.27,45.21,45.27,50000.0,45.18,1000,45.49,200,0.13,45.27,45.27,50000,20000.0,0.0,0.0,35.29,35.29,54.25,36.17,0.0
紫江企业,sh600210,7.35,7.39,7.35,329300.0,7.34,18900,7.35,44500,-0.54,7.35,7.35,329300,2420000.0,0.02,0.0,111.48,111.48,8.13,6.65,0.0
利源股份,sz002501,1.98,1.99,1.98,421600.0,1.97,107900,1.98,255800,-0.5,1.98,1.98,421600,830000.0,0.01,0.0,70.22,70.29,2.19,1.79,0.0
大洋生物,sz003017,34.49,34.39,34.49,23600.0,34.4,500,34.49,900,0.29,34.49,34.49,23600,810000.0,0.03,0.0,23.9,28.97,37.83,30.95,0.0
招商公路,sz001965,9.85,9.85,9.85,248600.0,9.84,1500,9.85,15000,0.0,9.85,9.85,248600,2450000.0,0.0,0.0,669.32,669.32,10.84,8.87,0.0
华谊集团,sh600623,11.36,10.76,11.36,2048300.0,11.3,26000,11.36,317400,5.58,11.36,11.36,2048300,23270000.0,0.11,0.0,212.64,241.15,11.84,9.68,0.0
博拓生物,sh688767,36.33,36.95,36.33,1443500.0,36.33,1500,36.39,2000,-1.68,36.33,36.33,1443500,520000.0,0.01,0.0,54.25,54.25,44.34,29.56,0.0
雅运股份,sh603790,26.0,26.18,26.0,26400.0,25.7,100,26.0,900,-0.69,26.0,26.0,26400,690000.0,0.01,0.0,49.75,49.75,28.8,23.56,0.0
金海通,sh603061,263.5,268.55,263.5,8600.0,263.0,400,263.5,100,-1.88,263.5,263.5,8600,2270000.0,0.01,0.0,158.1,158.1,295.41,241.7,0.0
航天信息,sh600271,9.64,9.71,9.64,117400.0,9.63,300,9.64,56000,-0.72,9.64,9.64,117400,1130000.0,0.01,0.0,178.62,178.62,10.68,8.74,0.0
长江电力,sh600900,27.16,27.14,27.16,1324000.0,27.15,979700,27.16,138600,0.07,27.16,27.16,1324000,35960000.0,0.01,0.0,6645.57,6645.57,29.85,24.43,0.0
晶升股份,sh688478,35.17,35.65,35.17,893500.0,35.15,300,35.17,200,-1.35,35.17,35.17,893500,310000.0,0.01,0.0,36.37,48.66,42.78,28.52,0.0
中远海发,sh601866,2.97,2.9,2.97,4380600.0,2.96,1444000,2.97,38500,2.41,2.97,2.97,4380600,13010000.0,0.04,0.0,289.63,391.97,3.19,2.61,0.0
凯因科技,sh688687,20.9,21.15,20.9,5119900.0,20.88,23700,20.9,40700,-1.18,20.9,20.9,5119900,1070000.0,0.03,0.0,35.73,35.73,25.38,16.92,0.0
腾亚精工,sz301125,23.54,23.38,23.54,73300.0,23.4,2500,23.54,18000,0.68,23.54,23.54,73300,1730000.0,0.06,0.0,29.58,33.37,28.06,18.7,0.0
海泰新能,bj920985,7.8,7.88,7.8,65900.0,7.8,7600,7.93,6300,-1.02,7.8,7.8,65900,514000.0,0.03,0.0,17.11,24.14,10.24,5.52,0.0
鑫铂股份,sz003038,16.67,16.87,16.67,17500.0,16.65,100,16.67,1200,-1.19,16.67,16.67,17500,290000.0,0.01,0.0,27.21,40.62,18.56,15.18,0.0
杭州银行,sh600926,16.42,16.55,16.42,320200.0,16.42,50200,16.45,1500,-0.79,16.42,16.42,320200,5260000.0,0.0,0.0,1190.29,1190.29,18.21,14.9,0.0
华亚智能,sz003043,52.98,53.99,52.98,11900.0,52.95,200,52.98,4300,-1.87,52.98,52.98,11900,630000.0,0.01,0.0,44.41,70.9,59.39,48.59,0.0
海天股份,sh603759,10.47,10.57,10.47,32100.0,10.46,6400,10.47,200,-0.95,10.47,10.47,32100,340000.0,0.01,0.0,48.35,48.35,11.63,9.51,0.0
金三江,sz301059,15.2,15.3,15.2,103600.0,15.19,28600,15.2,27100,-0.65,15.2,15.2,103600,1570000.0,0.05,0.0,31.42,35.14,18.36,12.24,0.0
东方盛虹,sz000301,13.43,12.93,13.43,907200.0,13.42,1200,13.43,9100,3.87,13.43,13.43,907200,12180000.0,0.01,0.0,887.53,887.89,14.22,11.64,0.0
白云山,sh600332,25.0,25.16,25.0,162700.0,25.0,115800,25.01,6000,-0.64,25.0,25.0,162700,4070000.0,0.01,0.0,351.47,406.45,27.68,22.64,0.0
天津普林,sz002134,22.12,22.54,22.12,16200.0,22.1,1000,22.12,300,-1.86,22.12,22.12,16200,360000.0,0.01,0.0,54.5,54.53,24.79,20.29,0.0
中煤能源,sh601898,18.41,17.33,18.41,1833300.0,18.4,600,18.41,2100,6.23,18.41,18.41,1833300,33750000.0,0.02,0.0,1684.88,2440.92,19.06,15.6,0.0
九洲药业,sh603456,16.65,16.82,16.65,93200.0,16.65,5000,16.66,3400,-1.01,16.65,16.65,93200,1550000.0,0.01,0.0,148.09,148.09,18.5,15.14,0.0
安克创新,sz300866,94.78,96.51,94.78,33300.0,94.7,500,94.78,400,-1.79,94.78,94.78,33300,3160000.0,0.01,0.0,291.38,508.17,115.81,77.21,0.0
中国海诚,sz002116,11.14,11.16,11.14,78200.0,11.14,10800,11.15,35600,-0.18,11.14,11.14,78200,870000.0,0.02,0.0,51.32,51.89,12.28,10.04,0.0
奥士康,sz002913,51.83,53.12,51.83,292500.0,51.83,4000,52.0,100,-2.43,51.83,51.83,292500,15160000.0,0.1,0.0,156.36,164.49,58.43,47.81,0.0
龙泉股份,sz002671,5.85,5.94,5.85,234100.0,5.85,2100,5.86,2700,-1.52,5.85,5.85,234100,1370000.0,0.04,0.0,32.23,32.95,6.53,5.35,0.0
彩蝶实业,sh603073,20.79,21.05,20.79,29400.0,20.79,1600,20.8,2100,-1.24,20.79,20.79,29400,610000.0,0.06,0.0,10.58,24.12,23.16,18.95,0.0
汇得科技,sh603192,26.11,26.47,26.11,9200.0,26.1,200,26.11,100,-1.36,26.11,26.11,9200,240000.0,0.01,0.0,36.4,43.7,29.12,23.82,0.0
中达安,sz300635,13.83,14.05,13.83,37700.0,13.83,10000,13.85,1000,-1.57,13.83,13.83,37700,520000.0,0.03,0.0,16.65,19.36,16.86,11.24,0.0
东北制药,sz000597,5.17,5.2,5.17,61700.0,5.16,47500,5.17,74200,-0.58,5.17,5.17,61700,320000.0,0.0,0.0,72.86,73.78,5.72,4.68,0.0
肯特催化,sh603120,44.0,44.2,44.0,14300.0,43.98,200,44.0,400,-0.45,44.0,44.0,14300,630000.0,0.06,0.0,9.94,39.78,48.62,39.78,0.0
山河药辅,sz300452,15.15,15.4,15.15,27400.0,15.14,900,15.15,52800,-1.62,15.15,15.15,27400,420000.0,0.01,0.0,30.09,35.52,18.48,12.32,0.0
屹通新材,sz300930,33.27,33.13,33.27,3400.0,33.27,4000,33.33,1300,0.42,33.27,33.27,3400,110000.0,0.01,0.0,15.68,33.27,39.76,26.5,0.0
华策影视,sz300133,7.9,8.05,7.9,953900.0,7.9,51400,7.91,454400,-1.86,7.9,7.9,953900,7540000.0,0.06,0.0,127.37,149.17,9.66,6.44,0.0
富煌钢构,sz002743,5.75,5.76,5.75,64900.0,5.74,400,5.75,600,-0.17,5.75,5.75,64900,370000.0,0.01,0.0,24.99,25.03,6.34,5.18,0.0
天山股份,sz000877,5.29,5.34,5.29,120000.0,5.28,26300,5.29,800,-0.94,5.29,5.29,120000,630000.0,0.0,0.0,376.14,376.15,5.87,4.81,0.0
大华股份,sz002236,17.9,18.17,17.9,304200.0,17.89,2500,17.9,96800,-1.49,17.9,17.9,304200,5450000.0,0.01,0.0,378.76,588.33,19.99,16.35,0.0
兖矿能源,sh600188,20.79,19.28,20.79,2234300.0,20.78,1400,20.79,40300,7.83,20.79,20.79,2234300,46450000.0,0.04,0.0,1231.58,2086.79,21.21,17.35,0.0
农心科技,sz001231,25.55,25.56,25.55,31500.0,25.55,14400,25.56,4300,-0.04,25.55,25.55,31500,800000.0,0.06,0.0,12.75,25.53,28.12,23.0,0.0
长江证券,sz000783,7.55,7.66,7.55,829200.0,7.54,26100,7.55,3100,-1.44,7.55,7.55,829200,6260000.0,0.01,0.0,417.52,417.52,8.43,6.89,0.0
众源新材,sh603527,10.9,10.93,10.9,17200.0,10.9,10800,10.92,800,-0.27,10.9,10.9,17200,190000.0,0.01,0.0,34.55,34.55,12.02,9.84,0.0
中国黄金,sh600916,10.5,10.7,10.5,688600.0,10.49,17700,10.5,132200,-1.87,10.5,10.5,688600,7230000.0,0.04,0.0,176.4,176.4,11.77,9.63,0.0
邮储银行,sh601658,4.98,5.0,4.98,1345800.0,4.98,50200,4.99,956600,-0.4,4.98,4.98,1345800,6700000.0,0.0,0.0,3342.7,5980.73,5.5,4.5,0.0
中国通号,sh688009,5.85,5.89,5.85,27501900.0,5.85,11300,5.86,2000,-0.68,5.85,5.85,27501900,1610000.0,0.0,0.0,504.33,619.5,7.07,4.71,0.0
井松智能,sh688251,31.49,32.09,31.49,2640600.0,31.49,1800,31.75,4200,-1.87,31.49,31.49,2640600,830000.0,0.04,0.0,18.88,31.68,38.51,25.67,0.0
天原股份,sz002386,6.5,6.37,6.5,736800.0,6.5,69900,6.51,3200,2.04,6.5,6.5,736800,4790000.0,0.06,0.0,84.59,84.61,7.01,5.73,0.0
省广集团,sz002400,9.4,9.59,9.4,562800.0,9.39,8800,9.4,6700,-1.98,9.4,9.4,562800,5290000.0,0.03,0.0,162.26,163.87,10.55,8.63,0.0
双象股份,sz002395,19.29,19.28,19.29,23400.0,19.29,1400,19.3,1100,0.05,19.29,19.29,23400,450000.0,0.01,0.0,51.73,51.74,21.21,17.35,0.0
神力股份,sh603819,12.51,12.69,12.51,40100.0,12.51,16100,12.68,10700,-1.42,12.51,12.51,40100,500000.0,0.02,0.0,27.24,27.24,13.96,11.42,0.0
悦达投资,sh600805,5.49,5.56,5.49,138900.0,5.49,29500,5.5,1000,-1.26,5.49,5.49,138900,760000.0,0.02,0.0,46.68,46.71,6.12,5.0,0.0
昊帆生物,sz301393,47.9,48.45,47.9,6500.0,47.9,2800,48.45,100,-1.14,47.9,47.9,6500,310000.0,0.02,0.0,20.17,51.73,58.14,38.76,0.0
澜起科技,sh688008,145.0,151.61,145.0,39098500.0,145.0,32400,145.01,200,-4.36,145.0,145.0,39098500,56690000.0,0.03,0.0,1662.32,1772.19,181.93,121.29,0.0
正业科技,sz300410,8.9,9.07,8.9,82300.0,8.89,500,8.9,2400,-1.87,8.9,8.9,82300,730000.0,0.02,0.0,32.67,32.67,10.88,7.26,0.0
金力永磁,sz300748,35.06,35.97,35.06,244200.0,35.06,7600,35.07,100,-2.53,35.06,35.06,244200,8560000.0,0.02,0.0,396.41,482.28,43.16,28.78,0.0
森源电气,sz002358,9.03,9.18,9.03,2362600.0,9.03,133100,9.04,2600,-1.63,9.03,9.03,2362600,21330000.0,0.25,0.0,83.96,83.96,10.1,8.26,0.0
力芯微,sh688601,52.73,53.8,52.73,12617000.0,52.73,5400,53.0,3000,-1.99,52.73,52.73,12617000,6650000.0,0.09,0.0,70.5,70.5,64.56,43.04,0.0
美诺华,sh603538,22.1,22.31,22.1,224300.0,22.1,28000,22.2,2500,-0.94,22.1,22.1,224300,4960000.0,0.1,0.0,47.78,48.72,24.54,20.08,0.0
江南水务,sh601199,6.2,6.19,6.2,141600.0,6.19,1200,6.2,12500,0.16,6.2,6.2,141600,880000.0,0.02,0.0,57.98,57.98,6.81,5.57,0.0
华生科技,sh605180,15.52,15.59,15.52,21100.0,15.4,2000,15.52,4700,-0.45,15.52,15.52,21100,330000.0,0.01,0.0,26.23,26.23,17.15,14.03,0.0
方大炭素,sh600516,6.66,6.73,6.66,1142300.0,6.65,367400,6.66,144700,-1.04,6.66,6.66,1142300,7610000.0,0.03,0.0,268.13,268.13,7.4,6.06,0.0
金山办公,sh688111,281.81,285.96,281.81,3496500.0,281.7,1000,281.81,400,-1.45,281.81,281.81,3496500,9850000.0,0.01,0.0,1305.83,1305.83,343.15,228.77,0.0
康众医疗,sh688607,55.55,56.49,55.55,984200.0,55.55,2000,56.0,1900,-1.66,55.55,55.55,984200,550000.0,0.01,0.0,48.96,48.96,67.79,45.19,0.0
晋控电力,sz000767,3.86,3.87,3.86,3127600.0,3.85,46300,3.86,244800,-0.26,3.86,3.86,3127600,12070000.0,0.11,0.0,112.41,118.77,4.26,3.48,0.0
迪森股份,sz300335,7.19,7.19,7.19,1230600.0,7.19,9600,7.2,9600,0.0,7.19,7.19,1230600,8850000.0,0.32,0.0,27.62,34.3,8.63,5.75,0.0
海 利 得,sz002206,7.11,7.24,7.11,186100.0,7.11,18600,7.19,8500,-1.8,7.11,7.11,186100,1320000.0,0.02,0.0,60.65,82.63,7.96,6.52,0.0
平安银行,sz000001,10.79,10.82,10.79,1360600.0,10.78,477900,10.79,371700,-0.28,10.79,10.79,1360600,14680000.0,0.01,0.0,2093.86,2093.9,11.9,9.74,0.0
新中港,sh605162,9.95,10.02,9.95,48200.0,9.95,2300,9.98,600,-0.7,9.95,9.95,48200,480000.0,0.01,0.0,39.86,39.86,11.02,9.02,0.0
安路科技,sh688107,30.15,30.69,30.15,4019500.0,30.15,500,30.48,1000,-1.76,30.15,30.15,4019500,1210000.0,0.01,0.0,120.86,120.86,36.83,24.55,0.0
金浦钛业,sz000545,3.76,3.75,3.76,5778100.0,3.75,411900,3.76,36000,0.27,3.76,3.76,5778100,21730000.0,0.59,0.0,37.05,37.1,4.13,3.38,0.0
天和防务,sz300397,14.61,14.83,14.61,266600.0,14.61,2800,14.62,1500,-1.48,14.61,14.61,266600,3900000.0,0.07,0.0,59.24,75.63,17.8,11.86,0.0
广康生化,sz300804,44.96,45.71,44.96,28400.0,44.96,5400,45.5,200,-1.64,44.96,44.96,28400,1280000.0,0.1,0.0,12.36,33.27,54.85,36.57,0.0
新经典,sh603096,18.5,18.57,18.5,17000.0,18.42,1000,18.5,14800,-0.38,18.5,18.5,17000,310000.0,0.01,0.0,28.53,28.53,20.43,16.71,0.0
翔腾新材,sz001373,41.66,42.05,41.66,4600.0,41.5,300,41.67,1000,-0.93,41.66,41.66,4600,190000.0,0.01,0.0,13.8,28.61,46.26,37.85,0.0
必贝特-U,sh688759,40.0,40.71,40.0,3661600.0,39.78,400,40.0,5200,-1.74,40.0,40.0,3661600,1460000.0,0.08,0.0,18.58,180.01,48.85,32.57,0.0
智迪科技,sz301503,37.8,38.14,37.8,5400.0,37.72,500,37.8,700,-0.89,37.8,37.8,5400,200000.0,0.02,0.0,12.28,30.24,45.77,30.51,0.0
顺丰控股,sz002352,36.58,37.25,36.58,397200.0,36.57,1900,36.58,400,-1.8,36.58,36.58,397200,14530000.0,0.01,0.0,1745.6,1843.42,40.98,33.53,0.0
日上集团,sz002593,5.75,5.83,5.75,115100.0,5.74,12400,5.75,17700,-1.37,5.75,5.75,115100,660000.0,0.02,0.0,32.13,46.22,6.41,5.25,0.0
深高速,sh600548,8.97,8.98,8.97,23100.0,8.96,2400,8.97,39800,-0.11,8.97,8.97,23100,210000.0,0.0,0.0,153.78,227.65,9.88,8.08,0.0
普莱得,sz301353,29.29,29.65,29.29,7000.0,29.22,1200,29.29,400,-1.21,29.29,29.29,7000,210000.0,0.02,0.0,9.34,28.76,35.58,23.72,0.0
贵阳银行,sh601997,5.73,5.75,5.73,637200.0,5.72,279800,5.73,248600,-0.35,5.73,5.73,637200,3650000.0,0.02,0.0,209.5,209.5,6.33,5.18,0.0
三元生物,sz301206,27.12,27.37,27.12,8800.0,27.12,9000,27.3,300,-0.91,27.12,27.12,8800,240000.0,0.01,0.0,35.33,54.87,32.84,21.9,0.0
昱能科技,sh688348,51.08,50.9,51.08,1725300.0,50.9,1100,51.08,4000,0.35,51.08,51.08,1725300,880000.0,0.01,0.0,79.83,79.83,61.08,40.72,0.0
创业环保,sh600874,6.5,6.54,6.5,127900.0,6.5,43300,6.51,37200,-0.61,6.5,6.5,127900,830000.0,0.01,0.0,79.98,102.08,7.19,5.89,0.0
中国中冶,sh601618,3.13,3.16,3.13,3019500.0,3.13,553800,3.14,597200,-0.95,3.13,3.13,3019500,9450000.0,0.02,0.0,558.79,648.65,3.48,2.84,0.0
台华新材,sh603055,9.68,9.73,9.68,56800.0,9.67,3400,9.68,9300,-0.51,9.68,9.68,56800,550000.0,0.01,0.0,85.87,86.18,10.7,8.76,0.0
诺瓦星云,sz301589,173.11,176.26,173.11,5200.0,173.11,200,174.0,100,-1.79,173.11,173.11,5200,900000.0,0.02,0.0,59.66,160.04,211.51,141.01,0.0
塔牌集团,sz002233,9.54,9.6,9.54,65300.0,9.54,3100,9.58,17000,-0.63,9.54,9.54,65300,620000.0,0.01,0.0,111.93,112.01,10.56,8.64,0.0
中荣股份,sz301223,19.9,19.92,19.9,3700.0,19.88,400,19.9,4400,-0.1,19.9,19.9,3700,70000.0,0.0,0.0,22.29,38.43,23.9,15.94,0.0
周大生,sz002867,11.94,11.96,11.94,117400.0,11.93,13500,11.94,900,-0.17,11.94,11.94,117400,1400000.0,0.01,0.0,128.84,129.61,13.16,10.76,0.0
永艺股份,sh603600,10.96,11.06,10.96,36300.0,10.96,5100,10.97,700,-0.9,10.96,10.96,36300,400000.0,0.01,0.0,32.88,36.22,12.17,9.95,0.0
沃华医药,sz002107,6.95,6.93,6.95,41200.0,6.94,500,6.95,1700,0.29,6.95,6.95,41200,290000.0,0.01,0.0,39.71,40.12,7.62,6.24,0.0
天禄科技,sz301045,47.94,49.16,47.94,82200.0,47.94,8600,48.0,1300,-2.48,47.94,47.94,82200,3940000.0,0.13,0.0,30.66,52.89,58.99,39.33,0.0
东方通信,sh600776,16.31,16.68,16.31,246100.0,16.3,18300,16.31,24400,-2.22,16.31,16.31,246100,4010000.0,0.03,0.0,155.92,204.85,18.35,15.01,0.0
索宝蛋白,sh603231,18.37,18.51,18.37,11700.0,18.37,800,18.51,2600,-0.76,18.37,18.37,11700,210000.0,0.01,0.0,19.52,35.17,20.36,16.66,0.0
绿茵生态,sz002887,11.42,11.53,11.42,14900.0,11.4,500,11.42,400,-0.95,11.42,11.42,14900,170000.0,0.01,0.0,22.22,34.94,12.68,10.38,0.0
中科磁业,sz301141,58.0,58.89,58.0,24200.0,57.99,100,58.0,6200,-1.51,58.0,58.0,24200,1400000.0,0.05,0.0,25.82,71.94,70.67,47.11,0.0
海螺新材,sz000619,6.48,6.48,6.48,64300.0,6.45,100,6.48,66900,0.0,6.48,6.48,64300,420000.0,0.02,0.0,23.33,28.59,7.13,5.83,0.0
巨化股份,sh600160,41.82,42.77,41.82,447900.0,41.81,9600,41.82,2100,-2.22,41.82,41.82,447900,18730000.0,0.02,0.0,1129.03,1129.03,47.05,38.49,0.0
山东高速,sh600350,9.57,9.61,9.57,38600.0,9.57,7500,9.58,19200,-0.42,9.57,9.57,38600,370000.0,0.0,0.0,462.67,462.67,10.57,8.65,0.0
森泰股份,sz301429,21.14,21.4,21.14,13600.0,21.13,4800,21.14,900,-1.21,21.14,21.14,13600,290000.0,0.03,0.0,9.31,24.99,25.68,17.12,0.0
倍加洁,sh603059,33.11,33.03,33.11,7600.0,33.11,5700,33.12,1900,0.24,33.11,33.11,7600,250000.0,0.01,0.0,33.26,33.26,36.33,29.73,0.0
永吉股份,sh603058,13.3,13.47,13.3,230100.0,13.28,4200,13.3,138000,-1.26,13.3,13.3,230100,3060000.0,0.06,0.0,55.01,55.15,14.82,12.12,0.0
盾安环境,sz002011,13.17,13.3,13.17,116800.0,13.15,9200,13.17,9300,-0.98,13.17,13.17,116800,1540000.0,0.01,0.0,139.54,141.53,14.63,11.97,0.0
英 力 特,sz000635,9.7,9.51,9.7,246500.0,9.65,135800,9.7,93400,2.0,9.7,9.7,246500,2390000.0,0.07,0.0,35.58,38.23,10.46,8.56,0.0
中信重工,sh601608,7.22,7.3,7.22,218200.0,7.22,10900,7.23,101800,-1.1,7.22,7.22,218200,1580000.0,0.0,0.0,330.64,330.64,8.03,6.57,0.0
金辰股份,sh603396,39.06,39.74,39.06,27400.0,39.06,2700,39.17,200,-1.71,39.06,39.06,27400,1070000.0,0.02,0.0,54.11,54.11,43.71,35.77,0.0
妙可蓝多,sh600882,21.4,21.24,21.4,63900.0,21.37,500,21.4,71100,0.75,21.4,21.4,63900,1370000.0,0.01,0.0,109.15,109.15,23.36,19.12,0.0
北部湾港,sz000582,11.2,11.35,11.2,687900.0,11.19,800,11.2,183500,-1.32,11.2,11.2,687900,7700000.0,0.03,0.0,241.57,281.91,12.49,10.22,0.0
洪城环境,sh600461,9.98,9.94,9.98,44100.0,9.98,5600,9.99,36500,0.4,9.98,9.98,44100,440000.0,0.0,0.0,128.16,128.16,10.93,8.95,0.0
招商银行,sh600036,38.9,39.2,38.9,770600.0,38.89,22000,38.9,22300,-0.77,38.9,38.9,770600,29980000.0,0.0,0.0,8024.66,9810.52,43.12,35.28,0.0
隧道股份,sh600820,6.45,6.48,6.45,201500.0,6.45,44500,6.46,1700,-0.46,6.45,6.45,201500,1300000.0,0.01,0.0,202.79,202.79,7.13,5.83,0.0
亿利达,sz002686,6.98,7.02,6.98,54400.0,6.97,500,6.98,8600,-0.57,6.98,6.98,54400,380000.0,0.01,0.0,36.49,39.52,7.72,6.32,0.0
凯龙高科,sz300912,27.57,28.88,27.57,218400.0,27.57,15100,27.7,500,-4.54,27.57,27.57,218400,6020000.0,0.25,0.0,23.69,31.67,34.66,23.1,0.0
鑫磊股份,sz301317,54.0,55.92,54.0,87100.0,53.99,400,54.0,100,-3.43,54.0,54.0,87100,4700000.0,0.17,0.0,28.19,84.88,67.1,44.74,0.0
张小泉,sz301055,20.8,21.01,20.8,14700.0,20.71,100,20.8,100,-1.0,20.8,20.8,14700,310000.0,0.01,0.0,32.45,32.45,25.21,16.81,0.0
中来股份,sz300393,11.84,12.11,11.84,1006700.0,11.84,13200,11.85,29400,-2.23,11.84,11.84,1006700,11920000.0,0.11,0.0,113.18,129.01,14.53,9.69,0.0
浩欧博,sh688656,138.58,139.1,138.58,262800.0,138.3,800,138.58,400,-0.37,138.58,138.58,262800,360000.0,0.0,0.0,87.97,87.97,166.92,111.28,0.0
晶合集成,sh688249,31.5,32.69,31.5,33206900.0,31.49,3000,31.5,16100,-3.64,31.5,31.5,33206900,10460000.0,0.03,0.0,374.29,632.39,39.23,26.15,0.0
皖新传媒,sh601801,6.62,6.67,6.62,81800.0,6.61,16000,6.62,26300,-0.75,6.62,6.62,81800,540000.0,0.0,0.0,129.62,129.62,7.34,6.0,0.0
春秋航空,sh601021,48.63,50.36,48.63,213000.0,48.61,200,48.63,9800,-3.44,48.63,48.63,213000,10360000.0,0.02,0.0,475.76,475.76,55.4,45.32,0.0
悦康药业,sh688658,18.3,18.96,18.3,8668600.0,18.3,2900,18.44,1100,-3.48,18.3,18.3,8668600,1590000.0,0.02,0.0,82.35,82.35,22.75,15.17,0.0
杰瑞股份,sz002353,119.83,122.5,119.83,259000.0,119.83,700,120.0,4600,-2.18,119.83,119.83,259000,31040000.0,0.04,0.0,830.71,1226.89,134.75,110.25,0.0
昆仑万维,sz300418,52.39,53.21,52.39,668900.0,52.38,2000,52.39,57700,-1.54,52.39,52.39,668900,35040000.0,0.05,0.0,657.23,657.68,63.85,42.57,0.0
集友股份,sh603429,8.98,8.99,8.98,71200.0,8.9,500,8.98,4700,-0.11,8.98,8.98,71200,640000.0,0.01,0.0,47.1,47.1,9.89,8.09,0.0
中油工程,sh600339,5.0,4.65,5.0,6103100.0,4.99,20100,5.0,928800,7.53,5.0,5.0,6103100,30520000.0,0.11,0.0,279.16,279.16,5.12,4.19,0.0
光迅科技,sz002281,77.95,80.11,77.95,652000.0,77.92,200,77.95,5600,-2.7,77.95,77.95,652000,50820000.0,0.08,0.0,607.6,628.8,88.12,72.1,0.0
恒锋工具,sz300488,36.03,37.05,36.03,33400.0,36.03,200,36.07,1200,-2.75,36.03,36.03,33400,1200000.0,0.02,0.0,51.95,62.39,44.46,29.64,0.0
双汇发展,sz000895,27.18,27.23,27.18,65200.0,27.13,1200,27.18,10300,-0.18,27.18,27.18,65200,1770000.0,0.0,0.0,941.57,941.69,29.95,24.51,0.0
瑞德智能,sz301135,29.75,30.3,29.75,54900.0,29.75,12600,29.8,300,-1.82,29.75,29.75,54900,1630000.0,0.07,0.0,22.75,30.33,36.36,24.24,0.0
宇邦新材,sz301266,47.92,48.92,47.92,9200.0,47.84,5500,47.92,100,-2.04,47.92,47.92,9200,440000.0,0.01,0.0,50.0,52.7,58.7,39.14,0.0
汉森制药,sz002412,6.88,6.99,6.88,144400.0,6.86,18500,6.88,11700,-1.57,6.88,6.88,144400,990000.0,0.03,0.0,34.25,34.62,7.69,6.29,0.0
舜禹股份,sz301519,15.31,15.31,15.31,16400.0,15.31,3600,15.32,13400,0.0,15.31,15.31,16400,250000.0,0.02,0.0,11.56,24.75,18.37,12.25,0.0
上大股份,sz301522,38.53,39.43,38.53,155900.0,38.53,4800,38.55,3400,-2.28,38.53,38.53,155900,6010000.0,0.06,0.0,108.43,143.28,47.32,31.54,0.0
东鹏控股,sz003012,6.92,6.98,6.92,107200.0,6.92,1300,6.94,200,-0.86,6.92,6.92,107200,740000.0,0.01,0.0,79.2,80.06,7.68,6.28,0.0
盈峰环境,sz000967,8.2,8.24,8.2,143900.0,8.19,4000,8.2,21900,-0.49,8.2,8.2,143900,1180000.0,0.0,0.0,259.57,259.69,9.06,7.42,0.0
康弘药业,sz002773,27.76,27.94,27.76,46200.0,27.76,2900,27.79,1200,-0.64,27.76,27.76,46200,1280000.0,0.01,0.0,190.67,255.76,30.73,25.15,0.0
城发环境,sz000885,14.09,14.11,14.09,63900.0,14.01,5600,14.09,10300,-0.14,14.09,14.09,63900,900000.0,0.01,0.0,90.47,90.47,15.52,12.7,0.0
九号公司-WD,sh689009,47.6,48.2,47.6,6280000.0,47.6,58000,47.72,4600,-1.24,47.6,47.6,6280000,2990000.0,0.01,0.0,264.49,343.98,57.84,38.56,0.0
国泰海通,sh601211,18.26,18.46,18.26,1594900.0,18.26,38700,18.27,33900,-1.08,18.26,18.26,1594900,29120000.0,0.01,0.0,2464.54,3219.04,20.31,16.61,0.0
同济科技,sh600846,13.5,13.62,13.5,25700.0,13.48,5000,13.5,1700,-0.88,13.5,13.5,25700,350000.0,0.0,0.0,84.34,84.34,14.98,12.26,0.0
金博股份,sh688598,25.46,25.78,25.46,2903000.0,25.46,2000,25.49,200,-1.24,25.46,25.46,2903000,740000.0,0.01,0.0,51.83,52.85,30.94,20.62,0.0
熙菱信息,sz300588,24.01,24.13,24.01,15500.0,24.01,1600,24.06,1500,-0.5,24.01,24.01,15500,370000.0,0.01,0.0,42.45,45.97,28.96,19.3,0.0
共创草坪,sh605099,43.7,44.0,43.7,45200.0,43.68,100,43.7,6300,-0.68,43.7,43.7,45200,1980000.0,0.01,0.0,175.43,175.91,48.4,39.6,0.0
无锡振华,sh605319,23.56,23.63,23.56,3800.0,23.56,900,23.59,500,-0.3,23.56,23.56,3800,90000.0,0.0,0.0,70.94,82.48,25.99,21.27,0.0
联科科技,sz001207,28.0,27.56,28.0,310200.0,27.99,3000,28.01,200,1.6,28.0,28.0,310200,8690000.0,0.16,0.0,55.23,60.63,30.32,24.8,0.0
*ST国华,sz000004,5.07,5.34,5.07,471600.0,0.0,0,5.07,3216000,-5.06,5.07,5.07,471600,2390000.0,0.37,0.0,6.4,6.71,5.61,5.07,0.0
海欣股份,sh600851,7.87,7.98,7.87,33800.0,7.87,6800,7.95,1000,-1.38,7.87,7.87,33800,270000.0,0.0,0.0,58.1,95.0,8.78,7.18,0.0
*ST沪科,sh600608,3.13,3.15,3.13,16600.0,3.1,10000,3.13,1800,-0.63,3.13,3.13,16600,50000.0,0.01,0.0,9.97,10.29,3.31,2.99,0.0
嘉欣丝绸,sz002404,7.1,7.13,7.1,123200.0,7.1,15200,7.12,12600,-0.42,7.1,7.1,123200,870000.0,0.03,0.0,32.36,39.76,7.84,6.42,0.0
华海清科,sh688120,170.0,178.42,170.0,7666200.0,169.9,1000,170.0,26100,-4.72,170.0,170.0,7666200,13030000.0,0.02,0.0,601.21,601.21,214.1,142.74,0.0
常熟银行,sh601128,7.2,7.22,7.2,188000.0,7.19,153500,7.2,385600,-0.28,7.2,7.2,188000,1350000.0,0.01,0.0,238.79,238.79,7.94,6.5,0.0
陕建股份,sh600248,3.67,3.64,3.67,440200.0,3.66,6500,3.67,10700,0.82,3.67,3.67,440200,1620000.0,0.01,0.0,136.0,137.25,4.0,3.28,0.0
淮河能源,sh600575,3.82,3.82,3.82,988600.0,3.81,8300,3.82,467600,0.0,3.82,3.82,988600,3780000.0,0.03,0.0,148.46,273.77,4.2,3.44,0.0
豆神教育,sz300010,6.92,7.03,6.92,417600.0,6.91,85200,6.92,308700,-1.56,6.92,6.92,417600,2890000.0,0.03,0.0,115.1,143.01,8.44,5.62,0.0
永东股份,sz002753,7.85,7.9,7.85,33100.0,7.84,100,7.85,5600,-0.63,7.85,7.85,33100,260000.0,0.01,0.0,19.06,33.65,8.69,7.11,0.0
东莞控股,sz000828,10.71,10.73,10.71,44700.0,10.71,6000,10.72,3800,-0.19,10.71,10.71,44700,480000.0,0.0,0.0,111.33,111.33,11.8,9.66,0.0
翰宇药业,sz300199,17.05,17.2,17.05,126300.0,17.05,49100,17.08,1100,-0.87,17.05,17.05,126300,2150000.0,0.02,0.0,127.14,150.59,20.64,13.76,0.0
赛微微电,sh688325,107.86,109.9,107.86,561500.0,107.5,2700,107.86,100,-1.86,107.86,107.86,561500,610000.0,0.01,0.0,88.08,92.91,131.88,87.92,0.0
山子高科,sz000981,4.5,4.57,4.5,2737500.0,4.49,255500,4.5,1334300,-1.53,4.5,4.5,2737500,12320000.0,0.03,0.0,428.1,449.89,5.03,4.11,0.0
恒辉安防,sz300952,39.19,40.1,39.19,47800.0,39.19,1700,39.24,2000,-2.27,39.19,39.19,47800,1870000.0,0.05,0.0,41.07,67.64,48.12,32.08,0.0
黔源电力,sz002039,19.6,19.48,19.6,271100.0,19.59,1200,19.6,27800,0.62,19.6,19.6,271100,5310000.0,0.06,0.0,83.8,83.8,21.43,17.53,0.0
杭华股份,sh688571,7.92,8.03,7.92,3350000.0,7.92,4500,7.95,7500,-1.37,7.92,7.92,3350000,270000.0,0.01,0.0,33.59,33.59,9.64,6.42,0.0
格力电器,sz000651,37.2,37.4,37.2,319300.0,37.19,4100,37.2,16000,-0.53,37.2,37.2,319300,11880000.0,0.01,0.0,2051.64,2083.72,41.14,33.66,0.0
安乃达,sh603350,36.27,36.4,36.27,1300.0,36.11,100,36.27,2300,-0.36,36.27,36.27,1300,50000.0,0.0,0.0,15.96,42.25,40.04,32.76,0.0
北元集团,sh601568,4.65,4.48,4.65,2987700.0,4.65,23300,4.66,55600,3.79,4.65,4.65,2987700,13890000.0,0.08,0.0,184.71,184.71,4.93,4.03,0.0
ST东时,sh603377,3.76,3.78,3.76,32800.0,3.75,15400,3.76,16100,-0.53,3.76,3.76,32800,120000.0,0.0,0.0,26.88,26.88,3.97,3.59,0.0
富淼科技,sh688350,30.24,31.13,30.24,3424600.0,30.24,0,31.28,1100,-2.86,30.24,30.24,3424600,1040000.0,0.02,0.0,43.32,43.32,37.36,24.9,0.0
淮北矿业,sh600985,14.09,13.4,14.09,509400.0,14.09,27900,14.1,110500,5.15,14.09,14.09,509400,7180000.0,0.02,0.0,379.48,379.48,14.74,12.06,0.0
ST华铭,sz300462,12.76,12.77,12.76,77000.0,12.7,3000,12.76,2200,-0.08,12.76,12.76,77000,980000.0,0.06,0.0,17.61,23.12,15.32,10.22,0.0
上海临港,sh600848,10.66,10.79,10.66,75400.0,10.66,28300,10.7,5700,-1.2,10.66,10.66,75400,800000.0,0.0,0.0,255.19,268.9,11.87,9.71,0.0
万里股份,sh600847,13.87,13.98,13.87,27700.0,13.87,1800,13.98,700,-0.79,13.87,13.87,27700,380000.0,0.02,0.0,21.26,21.26,15.38,12.58,0.0
迈克生物,sz300463,11.4,11.49,11.4,64900.0,11.4,8200,11.42,4000,-0.78,11.4,11.4,64900,740000.0,0.01,0.0,56.07,68.93,13.79,9.19,0.0
正海磁材,sz300224,16.71,17.05,16.71,145200.0,16.7,22100,16.71,300,-1.99,16.71,16.71,145200,2430000.0,0.02,0.0,154.64,155.52,20.46,13.64,0.0
力合科技,sz300800,12.41,12.86,12.41,139100.0,12.41,100,12.45,200,-3.5,12.41,12.41,139100,1730000.0,0.06,0.0,29.09,29.38,15.43,10.29,0.0
中国广核,sz003816,4.17,4.15,4.17,2036200.0,4.16,2852100,4.17,751600,0.48,4.17,4.17,2036200,8490000.0,0.01,0.0,1640.27,2105.8,4.57,3.74,0.0
东方财富,sz300059,21.15,21.56,21.15,4329600.0,21.14,52700,21.15,149500,-1.9,21.15,21.15,4329600,91570000.0,0.03,0.0,2829.11,3342.55,25.87,17.25,0.0
*ST天微,sh688511,27.23,27.69,27.23,1856800.0,27.23,1200,27.69,2000,-1.66,27.23,27.23,1856800,510000.0,0.02,0.0,28.0,28.0,33.23,22.15,0.0
田中精机,sz300461,59.0,61.25,59.0,134000.0,58.88,300,59.0,45100,-3.67,59.0,59.0,134000,7910000.0,0.09,0.0,84.78,92.66,73.5,49.0,0.0
真爱美家,sz003041,51.14,52.55,51.14,60100.0,51.14,700,51.76,4800,-2.68,51.14,51.14,60100,3070000.0,0.04,0.0,69.97,73.64,57.81,47.3,0.0
中国铁建,sh601186,7.22,7.27,7.22,1446400.0,7.22,202600,7.23,146400,-0.69,7.22,7.22,1446400,10440000.0,0.01,0.0,830.53,980.44,8.0,6.54,0.0
霍普股份,sz301024,39.42,39.93,39.42,11600.0,39.42,3300,39.53,100,-1.28,39.42,39.42,11600,460000.0,0.02,0.0,24.27,25.07,47.92,31.94,0.0
鹏鼎控股,sz002938,50.97,53.2,50.97,373300.0,50.92,500,50.97,29700,-4.19,50.97,50.97,373300,19030000.0,0.02,0.0,1177.09,1181.51,58.52,47.88,0.0
贝达药业,sz300558,43.31,44.01,43.31,60500.0,43.3,23400,43.31,600,-1.59,43.31,43.31,60500,2620000.0,0.01,0.0,181.64,182.22,52.81,35.21,0.0
纬达光电,bj920001,18.38,19.76,18.38,391400.0,18.31,2000,18.38,4600,-6.98,18.38,18.38,391400,7193200.000000001,0.44,0.0,16.3,28.24,25.68,13.84,0.0
弘亚数控,sz002833,18.0,18.34,18.0,41500.0,17.99,4600,18.0,13400,-1.85,18.0,18.0,41500,750000.0,0.01,0.0,51.94,76.36,20.17,16.51,0.0
风华高科,sz000636,23.39,23.75,23.39,2067900.0,23.38,1000,23.39,106500,-1.52,23.39,23.39,2067900,48370000.0,0.18,0.0,270.63,270.63,26.13,21.38,0.0
万东医疗,sh600055,14.83,14.92,14.83,23700.0,14.82,1000,14.83,9800,-0.6,14.83,14.83,23700,350000.0,0.0,0.0,104.26,104.26,16.41,13.43,0.0
旺能环境,sz002034,17.7,17.77,17.7,65400.0,17.68,100,17.7,42300,-0.39,17.7,17.7,65400,1160000.0,0.02,0.0,76.43,76.82,19.55,15.99,0.0
康拓医疗,sh688314,38.31,38.94,38.31,1699300.0,38.31,300,38.5,3700,-1.62,38.31,38.31,1699300,650000.0,0.02,0.0,31.12,31.12,46.73,31.15,0.0
*ST海钦,sh600753,10.42,10.3,10.42,23800.0,10.42,100,10.55,400,1.17,10.42,10.42,23800,250000.0,0.01,0.0,24.0,24.0,10.82,9.79,0.0
中铁工业,sh600528,8.52,8.55,8.52,138400.0,8.5,67900,8.52,9900,-0.35,8.52,8.52,138400,1180000.0,0.01,0.0,189.28,189.28,9.41,7.7,0.0
浙江交科,sz002061,4.09,4.12,4.09,400400.0,4.09,476600,4.1,21700,-0.73,4.09,4.09,400400,1640000.0,0.02,0.0,106.3,109.38,4.53,3.71,0.0
海创药业-U,sh688302,42.53,42.6,42.53,920300.0,42.5,2200,42.53,200,-0.16,42.53,42.53,920300,390000.0,0.01,0.0,42.11,42.11,51.12,34.08,0.0
京东方Ａ,sz000725,4.31,4.37,4.31,18226700.0,4.31,752400,4.32,2653400,-1.37,4.31,4.31,18226700,78560000.0,0.05,0.0,1566.33,1596.61,4.81,3.93,0.0
中金辐照,sz300962,18.11,18.36,18.11,104500.0,18.11,2400,18.12,1200,-1.36,18.11,18.11,104500,1890000.0,0.04,0.0,47.81,47.81,22.03,14.69,0.0
民爆光电,sz301362,107.0,108.88,107.0,153400.0,106.89,200,107.0,200,-1.73,107.0,107.0,153400,16410000.0,0.52,0.0,31.75,112.0,130.66,87.1,0.0
恒兴新材,sh603276,17.9,18.0,17.9,7900.0,17.89,200,17.9,18700,-0.56,17.9,17.9,7900,140000.0,0.01,0.0,13.54,37.17,19.8,16.2,0.0
奥赛康,sz002755,14.46,14.63,14.46,95400.0,14.45,4200,14.46,2800,-1.16,14.46,14.46,95400,1380000.0,0.01,0.0,134.21,134.21,16.09,13.17,0.0
中原环保,sz000544,9.02,9.08,9.02,78500.0,9.01,3000,9.02,2000,-0.66,9.02,9.02,78500,710000.0,0.01,0.0,87.92,87.92,9.99,8.17,0.0
迪阿股份,sz301177,31.0,31.12,31.0,11400.0,30.78,600,31.0,200,-0.39,31.0,31.0,11400,350000.0,0.0,0.0,124.0,124.09,37.34,24.9,0.0
浙江华业,sz301616,50.49,50.92,50.49,1200.0,50.35,2800,50.5,300,-0.84,50.49,50.49,1200,60000.0,0.01,0.0,10.1,40.39,61.1,40.74,0.0
西点药业,sz301130,31.64,31.8,31.64,10400.0,31.6,900,31.64,1500,-0.5,31.64,31.64,10400,330000.0,0.02,0.0,18.67,24.2,38.16,25.44,0.0
炬芯科技,sh688049,49.87,50.42,49.87,8296700.0,49.8,500,49.87,2200,-1.09,49.87,49.87,8296700,4140000.0,0.05,0.0,87.36,87.36,60.5,40.34,0.0
闽东电力,sz000993,14.1,14.46,14.1,882600.0,14.1,5500,14.11,1000,-2.49,14.1,14.1,882600,12440000.0,0.2,0.0,62.0,64.57,15.91,13.01,0.0
宏达高科,sz002144,16.13,16.41,16.13,42900.0,16.12,200,16.17,200,-1.71,16.13,16.13,42900,690000.0,0.03,0.0,22.2,28.51,18.05,14.77,0.0
富邦科技,sz300387,10.05,9.92,10.05,126700.0,10.05,600,10.06,3700,1.31,10.05,10.05,126700,1270000.0,0.04,0.0,29.04,29.05,11.9,7.94,0.0
青松建化,sh600425,4.62,4.62,4.62,108900.0,4.61,1000,4.62,465100,0.0,4.62,4.62,108900,500000.0,0.01,0.0,74.14,74.14,5.08,4.16,0.0
奥特维,sh688516,77.11,78.99,77.11,4373200.0,77.11,100,77.12,1000,-2.38,77.11,77.11,4373200,3370000.0,0.01,0.0,242.71,243.15,94.79,63.19,0.0
维尔利,sz300190,4.44,4.48,4.44,152900.0,4.43,13000,4.44,36800,-0.89,4.44,4.44,152900,680000.0,0.02,0.0,39.03,39.15,5.38,3.58,0.0
长源电力,sz000966,4.84,4.85,4.84,645700.0,4.83,7400,4.84,79000,-0.21,4.84,4.84,645700,3130000.0,0.02,0.0,157.86,168.48,5.34,4.37,0.0
爱迪特,sz301580,80.97,81.91,80.97,58500.0,80.97,1600,81.0,1600,-1.15,80.97,80.97,58500,4740000.0,0.08,0.0,58.31,86.29,98.29,65.53,0.0
德源药业,bj920735,34.68,35.1,34.68,21900.0,34.66,1100,34.68,8700,-1.2,34.68,34.68,21900,759500.0,0.02,0.0,35.98,40.69,45.63,24.57,0.0
热威股份,sh603075,23.23,23.26,23.23,5000.0,23.23,600,23.28,4500,-0.13,23.23,23.23,5000,120000.0,0.01,0.0,9.58,93.5,25.59,20.93,0.0
高铁电气,sh688285,9.17,9.19,9.17,1000000.0,9.17,4000,9.23,5000,-0.22,9.17,9.17,1000000,90000.0,0.0,0.0,34.51,34.51,11.03,7.35,0.0
*ST春天,sh600381,2.99,2.98,2.99,84300.0,2.98,100,2.99,89100,0.34,2.99,2.99,84300,250000.0,0.01,0.0,17.55,17.55,3.13,2.83,0.0
昌红科技,sz300151,17.2,17.64,17.2,165500.0,17.18,10300,17.2,9300,-2.49,17.2,17.2,165500,2850000.0,0.04,0.0,63.39,91.59,21.17,14.11,0.0
京基智农,sz000048,18.25,18.36,18.25,117100.0,18.2,200,18.25,600,-0.6,18.25,18.25,117100,2140000.0,0.02,0.0,96.06,96.78,20.2,16.52,0.0
明冠新材,sh688560,16.6,17.16,16.6,5324300.0,16.58,1000,16.6,28300,-3.26,16.6,16.6,5324300,880000.0,0.03,0.0,33.42,33.42,20.59,13.73,0.0
盐 田 港,sz000088,4.59,4.62,4.59,422800.0,4.58,256200,4.59,16800,-0.65,4.59,4.59,422800,1940000.0,0.01,0.0,145.18,238.66,5.08,4.16,0.0
浙江自然,sh605080,24.34,24.59,24.34,6500.0,24.3,3100,24.34,400,-1.02,24.34,24.34,6500,160000.0,0.0,0.0,34.16,34.45,27.05,22.13,0.0
中海油服,sh601808,20.55,18.74,20.55,2892300.0,20.53,600,20.55,72600,9.66,20.55,20.55,2892300,59440000.0,0.1,0.0,608.38,980.56,20.61,16.87,0.0
宝丰能源,sh600989,31.49,28.63,31.49,6540100.0,31.49,38401500,0.0,0,9.99,31.49,31.49,6540100,205950000.0,0.09,0.0,2309.28,2309.28,31.49,25.77,0.0
国泰环保,sz301203,47.85,47.94,47.85,6100.0,47.5,1000,47.86,700,-0.19,47.85,47.85,6100,290000.0,0.01,0.0,20.98,38.28,57.53,38.35,0.0
湖北能源,sz000883,4.83,4.85,4.83,325200.0,4.83,183400,4.84,206700,-0.41,4.83,4.83,325200,1570000.0,0.01,0.0,312.96,341.93,5.34,4.37,0.0
矩子科技,sz300802,20.61,21.13,20.61,48400.0,20.61,3700,20.8,10400,-2.46,20.61,20.61,48400,1000000.0,0.02,0.0,40.13,58.55,25.36,16.9,0.0
东北证券,sz000686,8.6,8.7,8.6,202300.0,8.59,2100,8.6,105000,-1.15,8.6,8.6,202300,1740000.0,0.01,0.0,201.28,201.28,9.57,7.83,0.0
新 华 都,sz002264,9.25,9.45,9.25,177400.0,9.25,7900,9.26,10300,-2.12,9.25,9.25,177400,1640000.0,0.03,0.0,60.57,66.58,10.4,8.51,0.0
继峰股份,sh603997,13.28,13.41,13.28,31200.0,13.25,11100,13.28,400,-0.97,13.28,13.28,31200,410000.0,0.0,0.0,168.96,168.96,14.75,12.07,0.0
海希通讯,bj920405,22.88,23.01,22.88,800.0,22.78,1000,22.88,3800,-0.56,22.88,22.88,800,18300.0,0.0,0.0,25.19,32.09,29.91,16.11,0.0
赛托生物,sz300583,14.93,14.62,14.93,90600.0,14.76,400,14.93,1400,2.12,14.93,14.93,90600,1350000.0,0.05,0.0,27.79,28.32,17.54,11.7,0.0
乐歌股份,sz300729,13.47,13.69,13.47,57100.0,13.45,600,13.47,12100,-1.61,13.47,13.47,57100,770000.0,0.02,0.0,42.89,46.02,16.43,10.95,0.0
博腾股份,sz300363,20.88,21.21,20.88,88900.0,20.88,1900,20.95,1900,-1.56,20.88,20.88,88900,1860000.0,0.02,0.0,104.16,113.47,25.45,16.97,0.0
诚邦股份,sh603316,15.84,16.94,15.84,336300.0,15.84,25700,15.9,300,-6.49,15.84,15.84,336300,5330000.0,0.13,0.0,41.86,41.86,18.63,15.25,0.0
南网能源,sz003035,8.72,8.71,8.72,2391500.0,8.71,79400,8.72,537100,0.11,8.72,8.72,2391500,20850000.0,0.06,0.0,330.3,330.3,9.58,7.84,0.0
怡 亚 通,sz002183,5.03,5.08,5.03,666400.0,5.03,1500,5.04,138600,-0.98,5.03,5.03,666400,3350000.0,0.03,0.0,130.63,130.63,5.59,4.57,0.0
微光股份,sz002801,33.01,33.64,33.01,30000.0,33.01,2900,33.25,300,-1.87,33.01,33.01,30000,990000.0,0.03,0.0,38.23,75.8,37.0,30.28,0.0
永利股份,sz300230,5.22,5.31,5.22,355400.0,5.21,17000,5.22,126300,-1.69,5.22,5.22,355400,1860000.0,0.06,0.0,32.88,42.45,6.37,4.25,0.0
顺网科技,sz300113,25.01,24.47,25.01,1583700.0,25.01,32300,25.02,500,2.21,25.01,25.01,1583700,39610000.0,0.31,0.0,129.66,170.96,29.36,19.58,0.0
长沙银行,sh601577,9.53,9.57,9.53,232700.0,9.53,7200,9.54,10000,-0.42,9.53,9.53,232700,2220000.0,0.01,0.0,383.17,383.25,10.53,8.61,0.0
融捷健康,sz300247,4.87,4.94,4.87,272500.0,4.86,6900,4.87,341400,-1.42,4.87,4.87,272500,1330000.0,0.03,0.0,39.12,39.16,5.93,3.95,0.0
齐翔腾达,sz002408,6.76,6.38,6.76,2584100.0,6.75,22200,6.76,80800,5.96,6.76,6.76,2584100,17470000.0,0.09,0.0,185.97,192.18,7.02,5.74,0.0
银禧科技,sz300221,10.62,10.8,10.62,147400.0,10.61,200,10.62,200,-1.67,10.62,10.62,147400,1570000.0,0.03,0.0,48.48,50.31,12.96,8.64,0.0
桂林三金,sz002275,13.96,13.95,13.96,22400.0,13.95,1000,13.96,15500,0.07,13.96,13.96,22400,310000.0,0.0,0.0,78.04,82.02,15.35,12.56,0.0
至正股份,sh603991,97.0,98.88,97.0,37700.0,97.0,1700,97.5,2000,-1.9,97.0,97.0,37700,3660000.0,0.05,0.0,72.3,148.13,108.77,88.99,0.0
朗姿股份,sz002612,17.5,17.64,17.5,46300.0,17.45,3400,17.5,13600,-0.79,17.5,17.5,46300,810000.0,0.02,0.0,44.58,77.43,19.4,15.88,0.0
钛能化学,sz002145,5.55,5.53,5.55,935000.0,5.54,47900,5.55,33900,0.36,5.55,5.55,935000,5190000.0,0.03,0.0,206.95,211.27,6.08,4.98,0.0
铜冠矿建,bj920019,21.09,21.52,21.09,41300.0,21.09,4800,21.51,200,-2.0,21.09,21.09,41300,871700.0,0.02,0.0,35.33,44.35,27.97,15.07,0.0
楚天科技,sz300358,10.27,10.41,10.27,419400.0,10.27,33000,10.3,2500,-1.34,10.27,10.27,419400,4310000.0,0.06,0.0,72.02,73.44,12.49,8.33,0.0
国药一致,sz000028,25.45,25.55,25.45,30500.0,25.44,100,25.45,8400,-0.39,25.45,25.45,30500,780000.0,0.01,0.0,121.66,141.65,28.11,23.0,0.0
协鑫能科,sz002015,17.18,15.62,17.18,10785300.0,17.17,23500,17.18,4675000,9.99,17.18,17.18,10785300,185290000.0,0.66,0.0,278.89,278.89,17.18,14.06,0.0
万和电气,sz002543,9.0,9.0,9.0,42300.0,9.0,27600,9.01,600,0.0,9.0,9.0,42300,380000.0,0.01,0.0,59.54,66.92,9.9,8.1,0.0
中建环能,sz300425,5.27,5.32,5.27,103200.0,5.27,4000,5.31,1900,-0.94,5.27,5.27,103200,540000.0,0.02,0.0,35.79,35.95,6.38,4.26,0.0
网宿科技,sz300017,18.0,17.85,18.0,8869200.0,18.0,719700,18.01,34500,0.84,18.0,18.0,8869200,159650000.0,0.38,0.0,415.11,442.7,21.42,14.28,0.0
同花顺,sz300033,313.97,321.15,313.97,111400.0,313.88,100,313.97,600,-2.24,313.97,313.97,111400,34980000.0,0.04,0.0,983.2,1687.9,385.38,256.92,0.0
永兴股份,sh601033,15.81,15.9,15.81,80200.0,15.8,300,15.81,6000,-0.57,15.81,15.81,80200,1270000.0,0.03,0.0,37.94,142.29,17.49,14.31,0.0
梅花生物,sh600873,11.91,11.85,11.91,1556200.0,11.91,73100,11.92,11400,0.51,11.91,11.91,1556200,18530000.0,0.06,0.0,333.99,333.99,13.04,10.67,0.0
共同药业,sz300966,20.55,20.75,20.55,11200.0,20.51,200,20.72,200,-0.96,20.55,20.55,11200,230000.0,0.01,0.0,15.69,23.69,24.9,16.6,0.0
铁建重工,sh688425,5.33,5.36,5.33,41752700.0,5.33,44600,5.34,33000,-0.56,5.33,5.33,41752700,2230000.0,0.01,0.0,284.28,284.28,6.43,4.29,0.0
龙磁科技,sz300835,88.0,90.0,88.0,31700.0,88.0,1300,88.15,100,-2.22,88.0,88.0,31700,2790000.0,0.04,0.0,72.41,104.94,108.0,72.0,0.0
有研新材,sh600206,22.98,23.46,22.98,428300.0,22.98,13300,22.99,9100,-2.05,22.98,22.98,428300,9840000.0,0.05,0.0,194.54,194.54,25.81,21.11,0.0
恒申新材,sz000782,6.27,6.27,6.27,170200.0,6.24,11000,6.27,171500,0.0,6.27,6.27,170200,1070000.0,0.03,0.0,33.11,43.05,6.9,5.64,0.0
浦东金桥,sh600639,10.25,10.33,10.25,89100.0,10.25,2600,10.26,5000,-0.77,10.25,10.25,89100,910000.0,0.01,0.0,87.15,115.05,11.36,9.3,0.0
中远海控,sh601919,16.02,15.79,16.02,3046200.0,16.02,24200,16.03,24600,1.46,16.02,16.02,3046200,48800000.0,0.02,0.0,2011.5,2453.09,17.37,14.21,0.0
九州通,sh600998,5.24,5.26,5.24,111600.0,5.23,5600,5.24,158600,-0.38,5.24,5.24,111600,580000.0,0.0,0.0,264.23,264.23,5.79,4.73,0.0
皓元医药,sh688131,62.0,62.71,62.0,2239800.0,61.9,200,62.0,8300,-1.13,62.0,62.0,2239800,1390000.0,0.01,0.0,131.5,131.5,75.25,50.17,0.0
中科曙光,sh603019,83.5,84.19,83.5,394800.0,83.5,2500,83.52,500,-0.82,83.5,83.5,394800,32960000.0,0.03,0.0,1221.36,1221.7,92.61,75.77,0.0
苏农银行,sh603323,4.93,4.95,4.93,707700.0,4.93,187600,4.94,107900,-0.4,4.93,4.93,707700,3490000.0,0.04,0.0,99.51,99.51,5.45,4.46,0.0
赣粤高速,sh600269,4.94,4.96,4.94,294100.0,4.94,435100,4.95,233000,-0.4,4.94,4.94,294100,1450000.0,0.01,0.0,115.37,115.37,5.46,4.46,0.0
荣盛石化,sz002493,15.96,15.24,15.96,2378700.0,15.96,422600,15.97,4400,4.72,15.96,15.96,2378700,37960000.0,0.03,0.0,1494.21,1594.31,16.76,13.72,0.0
中国电建,sh601669,5.97,5.96,5.97,13341400.0,5.97,249400,5.98,3569700,0.17,5.97,5.97,13341400,79650000.0,0.1,0.0,780.37,1028.4,6.56,5.36,0.0
三六零,sh601360,11.51,11.53,11.51,1720500.0,11.5,280700,11.51,120600,-0.17,11.51,11.51,1720500,19800000.0,0.02,0.0,805.65,805.65,12.68,10.38,0.0
蓝特光学,sh688127,54.0,56.4,54.0,30970100.0,53.95,300,54.0,8200,-4.26,54.0,54.0,30970100,16720000.0,0.08,0.0,219.18,219.18,67.68,45.12,0.0
本立科技,sz301065,24.32,24.52,24.32,10800.0,24.31,300,24.32,9600,-0.82,24.32,24.32,10800,260000.0,0.01,0.0,20.99,25.78,29.42,19.62,0.0
中微半导,sh688380,47.59,48.65,47.59,13757300.0,47.59,100,47.77,700,-2.18,47.59,47.59,13757300,6550000.0,0.03,0.0,190.53,190.53,58.38,38.92,0.0
龙净环保,sh600388,19.71,19.96,19.71,58800.0,19.7,13700,19.71,9200,-1.25,19.71,19.71,58800,1160000.0,0.0,0.0,250.33,250.33,21.96,17.96,0.0
冀中能源,sz000937,6.02,5.76,6.02,1560500.0,6.01,175100,6.02,42600,4.51,6.02,6.02,1560500,9390000.0,0.05,0.0,206.69,212.72,6.34,5.18,0.0
三湘印象,sz000863,5.72,5.82,5.72,55700.0,5.71,7100,5.72,5800,-1.72,5.72,5.72,55700,320000.0,0.0,0.0,66.56,67.54,6.4,5.24,0.0
辉煌科技,sz002296,13.51,13.79,13.51,143700.0,13.51,1100,13.56,1500,-2.03,13.51,13.51,143700,1940000.0,0.04,0.0,46.94,52.63,15.17,12.41,0.0
*ST中地,sz000736,5.27,5.34,5.27,196800.0,5.27,11100,5.28,2100,-1.31,5.27,5.27,196800,1040000.0,0.03,0.0,39.37,39.37,5.61,5.07,0.0
中设股份,sz002883,10.2,10.29,10.2,89500.0,10.2,7700,10.23,2600,-0.87,10.2,10.2,89500,910000.0,0.06,0.0,15.64,15.93,11.32,9.26,0.0
中粮科工,sz301058,11.06,11.18,11.06,133500.0,11.06,15100,11.1,19000,-1.07,11.06,11.06,133500,1480000.0,0.03,0.0,56.66,56.66,13.42,8.94,0.0
步长制药,sh603858,16.61,16.72,16.61,54500.0,16.6,5000,16.71,1000,-0.66,16.61,16.61,54500,910000.0,0.01,0.0,175.16,175.16,18.39,15.05,0.0
重庆银行,sh601963,10.95,11.01,10.95,119200.0,10.94,27500,10.95,1500,-0.54,10.95,10.95,119200,1310000.0,0.01,0.0,206.17,380.47,12.11,9.91,0.0
天新药业,sh603235,27.06,27.39,27.06,21600.0,27.06,5600,27.2,1000,-1.2,27.06,27.06,21600,580000.0,0.0,0.0,118.46,118.46,30.13,24.65,0.0
成都银行,sh601838,16.88,16.94,16.88,224500.0,16.88,24500,16.89,6800,-0.35,16.88,16.88,224500,3790000.0,0.01,0.0,715.45,715.45,18.63,15.25,0.0
北京银行,sh601169,5.39,5.41,5.39,2104400.0,5.39,81400,5.4,1309100,-0.37,5.39,5.39,2104400,11340000.0,0.01,0.0,1139.61,1139.61,5.95,4.87,0.0
达梦数据,sh688692,230.0,233.94,230.0,1766300.0,229.2,200,230.0,4300,-1.68,230.0,230.0,1766300,4060000.0,0.02,0.0,168.21,260.45,280.73,187.15,0.0
重庆燃气,sh600917,5.92,5.73,5.92,1037000.0,5.92,90200,5.93,45000,3.32,5.92,5.92,1037000,6140000.0,0.07,0.0,92.41,92.41,6.3,5.16,0.0
圣达生物,sh603079,17.61,17.6,17.61,30400.0,17.61,21500,17.65,100,0.06,17.61,17.61,30400,540000.0,0.02,0.0,33.29,33.29,19.36,15.84,0.0
维宏股份,sz300508,40.8,41.97,40.8,42300.0,40.8,100,40.9,3500,-2.79,40.8,40.8,42300,1730000.0,0.05,0.0,33.45,44.41,50.36,33.58,0.0
招商证券,sh600999,15.92,16.12,15.92,522500.0,15.91,64600,15.92,78500,-1.24,15.92,15.92,522500,8320000.0,0.01,0.0,1181.58,1384.49,17.73,14.51,0.0
美信科技,sz301577,65.66,67.54,65.66,37900.0,65.66,200,66.0,400,-2.78,65.66,65.66,37900,2490000.0,0.2,0.0,12.37,29.57,81.05,54.03,0.0
泽璟制药-U,sh688266,80.92,82.15,80.92,2868000.0,80.92,1600,83.19,200,-1.5,80.92,80.92,2868000,2320000.0,0.01,0.0,214.2,214.2,98.58,65.72,0.0
明牌珠宝,sz002574,6.0,6.07,6.0,125900.0,5.99,500,6.0,10100,-1.15,6.0,6.0,125900,760000.0,0.02,0.0,31.68,31.68,6.68,5.46,0.0
中际旭创,sz300308,520.1,545.48,520.1,551000.0,520.1,18700,520.64,9600,-4.65,520.1,520.1,551000,286580000.0,0.05,0.0,5749.71,5778.93,654.58,436.38,0.0
上峰水泥,sz000672,14.2,14.55,14.2,214600.0,14.2,7100,14.22,100,-2.41,14.2,14.2,214600,3050000.0,0.02,0.0,137.65,137.65,16.01,13.1,0.0
中粮糖业,sh600737,16.0,15.77,16.0,221200.0,15.99,5500,16.0,5100,1.46,16.0,16.0,221200,3540000.0,0.01,0.0,342.22,342.22,17.35,14.19,0.0
金禄电子,sz301282,30.35,31.05,30.35,89400.0,30.33,600,30.35,6800,-2.25,30.35,30.35,89400,2710000.0,0.08,0.0,35.69,45.87,37.26,24.84,0.0
昀冢科技,sh688260,28.88,30.05,28.88,6187000.0,28.88,16200,29.11,15100,-3.89,28.88,28.88,6187000,1790000.0,0.05,0.0,34.66,34.66,36.06,24.04,0.0
东山精密,sz002384,90.3,95.45,90.3,1055500.0,90.3,600,90.4,400,-5.4,90.3,90.3,1055500,95310000.0,0.08,0.0,1251.85,1653.94,105.0,85.91,0.0
大豪科技,sh603025,16.31,16.47,16.31,67400.0,16.31,9700,16.32,15100,-0.97,16.31,16.31,67400,1100000.0,0.01,0.0,180.91,182.13,18.12,14.82,0.0
粤高速Ａ,sz000429,12.34,12.33,12.34,34000.0,12.33,4200,12.34,21600,0.08,12.34,12.34,34000,420000.0,0.0,0.0,160.83,258.01,13.56,11.1,0.0
中国石化,sh600028,7.45,6.88,7.45,29683000.0,7.44,83300,7.45,4946300,8.28,7.45,7.45,29683000,221140000.0,0.03,0.0,7059.06,9008.95,7.57,6.19,0.0
中旗股份,sz300575,7.09,7.16,7.09,158700.0,7.09,31600,7.1,1900,-0.98,7.09,7.09,158700,1130000.0,0.05,0.0,24.3,33.82,8.59,5.73,0.0
中国电研,sh688128,29.02,29.3,29.02,1209200.0,29.02,100,29.05,800,-0.96,29.02,29.02,1209200,350000.0,0.0,0.0,117.39,117.39,35.16,23.44,0.0
长青股份,sz002391,6.62,6.66,6.62,63500.0,6.61,4300,6.62,2300,-0.6,6.62,6.62,63500,420000.0,0.01,0.0,30.72,43.0,7.33,5.99,0.0
麦澜德,sh688273,42.56,43.48,42.56,1756300.0,42.56,8100,42.58,1500,-2.12,42.56,42.56,1756300,750000.0,0.02,0.0,42.56,42.56,52.18,34.78,0.0
神马电力,sh603530,67.64,71.2,67.64,226100.0,67.51,100,67.64,18800,-5.0,67.64,67.64,226100,15290000.0,0.05,0.0,289.14,291.99,78.32,64.08,0.0
辉隆股份,sz002556,7.1,6.99,7.1,659700.0,7.06,16400,7.1,176500,1.57,7.1,7.1,659700,4680000.0,0.07,0.0,67.14,67.2,7.69,6.29,0.0
金河生物,sz002688,6.15,6.14,6.15,81200.0,6.14,7400,6.15,25800,0.16,6.15,6.15,81200,500000.0,0.01,0.0,45.97,47.46,6.75,5.53,0.0
山西证券,sz002500,5.78,5.83,5.78,458000.0,5.77,74800,5.78,284900,-0.86,5.78,5.78,458000,2650000.0,0.01,0.0,207.49,207.49,6.41,5.25,0.0
天鹅股份,sh603029,19.96,20.18,19.96,24800.0,19.96,1800,20.03,600,-1.09,19.96,19.96,24800,500000.0,0.02,0.0,24.22,24.22,22.2,18.16,0.0
共达电声,sz002655,16.83,16.86,16.83,291600.0,16.82,100,16.83,78000,-0.18,16.83,16.83,291600,4910000.0,0.08,0.0,60.89,60.91,18.55,15.17,0.0
博汇纸业,sh600966,8.08,8.19,8.08,115100.0,8.08,7000,8.1,400,-1.34,8.08,8.08,115100,930000.0,0.01,0.0,108.02,108.02,9.01,7.37,0.0
上海凯宝,sz300039,6.4,6.46,6.4,282700.0,6.39,9200,6.4,84500,-0.93,6.4,6.4,282700,1810000.0,0.03,0.0,58.68,66.94,7.75,5.17,0.0
万通发展,sh600246,10.75,10.88,10.75,444700.0,10.75,140600,10.76,148300,-1.19,10.75,10.75,444700,4780000.0,0.02,0.0,203.22,208.87,11.97,9.79,0.0
顾家家居,sh603816,33.33,33.71,33.33,41100.0,33.33,1100,33.45,100,-1.13,33.33,33.33,41100,1370000.0,0.01,0.0,270.7,273.79,37.08,30.34,0.0
华帝股份,sz002035,6.13,6.13,6.13,233700.0,6.12,7100,6.13,37800,0.0,6.13,6.13,233700,1430000.0,0.03,0.0,47.94,51.96,6.74,5.52,0.0
鸥玛软件,sz301185,20.1,20.39,20.1,39000.0,20.08,200,20.1,3200,-1.42,20.1,20.1,39000,780000.0,0.03,0.0,28.11,30.84,24.47,16.31,0.0
梦网科技,sz002123,10.94,11.07,10.94,69100.0,10.93,16700,10.94,5700,-1.17,10.94,10.94,69100,760000.0,0.01,0.0,78.78,88.11,12.18,9.96,0.0
深南电路,sz002916,250.6,263.78,250.6,118300.0,250.53,200,250.6,3500,-5.0,250.6,250.6,118300,29650000.0,0.02,0.0,1666.01,1707.0,290.16,237.4,0.0
阿拉丁,sh688179,18.0,18.29,18.0,7376200.0,17.98,200,18.0,3200,-1.59,18.0,18.0,7376200,1330000.0,0.02,0.0,59.87,59.87,21.95,14.63,0.0
三佳科技,sh600520,26.68,27.07,26.68,20800.0,26.66,300,26.68,5300,-1.44,26.68,26.68,20800,550000.0,0.01,0.0,42.27,42.27,29.78,24.36,0.0
杭州柯林,sh688611,61.0,61.5,61.0,475000.0,60.56,1000,61.0,5700,-0.81,61.0,61.0,475000,290000.0,0.0,0.0,93.57,93.57,73.8,49.2,0.0
圣湘生物,sh688289,18.13,18.34,18.13,4190600.0,18.13,7700,18.22,400,-1.15,18.13,18.13,4190600,760000.0,0.01,0.0,105.04,105.04,22.01,14.67,0.0
兄弟科技,sz002562,6.89,6.99,6.89,401500.0,6.89,5800,6.9,43900,-1.43,6.89,6.89,401500,2770000.0,0.06,0.0,48.34,78.74,7.69,6.29,0.0
泰格医药,sz300347,55.94,57.37,55.94,112400.0,55.94,5400,56.0,9300,-2.49,55.94,55.94,112400,6290000.0,0.02,0.0,316.74,481.66,68.84,45.9,0.0
永茂泰,sh605208,12.71,12.9,12.71,24700.0,12.71,10600,12.89,500,-1.47,12.71,12.71,24700,310000.0,0.01,0.0,41.94,41.94,14.19,11.61,0.0
大湖股份,sh600257,6.86,6.85,6.86,164000.0,6.86,30100,6.87,300,0.15,6.86,6.86,164000,1130000.0,0.03,0.0,33.01,33.01,7.54,6.17,0.0
怡达股份,sz300721,16.38,16.7,16.38,137500.0,16.38,3200,16.4,12500,-1.92,16.38,16.38,137500,2250000.0,0.1,0.0,22.66,27.0,20.04,13.36,0.0
恒大高新,sz002591,7.51,7.58,7.51,119700.0,7.51,8400,7.55,3000,-0.92,7.51,7.51,119700,900000.0,0.05,0.0,16.79,22.54,8.34,6.82,0.0
三峡水利,sh600116,6.9,6.89,6.9,198200.0,6.89,148100,6.9,8000,0.15,6.9,6.9,198200,1370000.0,0.01,0.0,131.94,131.94,7.58,6.2,0.0
圣元环保,sz300867,19.21,19.46,19.21,51300.0,19.21,30100,19.22,1600,-1.28,19.21,19.21,51300,990000.0,0.03,0.0,36.81,52.2,23.35,15.57,0.0
鹿山新材,sh603051,22.29,22.78,22.29,53900.0,22.29,400,22.39,200,-2.15,22.29,22.29,53900,1200000.0,0.03,0.0,36.03,36.03,25.06,20.5,0.0
国投电力,sh600886,13.84,13.85,13.84,244000.0,13.83,7000,13.84,99100,-0.07,13.84,13.84,244000,3380000.0,0.0,0.0,1031.66,1107.82,15.24,12.47,0.0
龙利得,sz300883,6.86,6.95,6.86,50900.0,6.86,6600,6.9,2300,-1.29,6.86,6.86,50900,350000.0,0.02,0.0,22.68,23.74,8.34,5.56,0.0
派斯林,sh600215,7.2,7.32,7.2,115000.0,7.2,9700,7.21,6700,-1.64,7.2,7.2,115000,830000.0,0.03,0.0,32.9,32.9,8.05,6.59,0.0
新集能源,sh601918,8.32,7.99,8.32,1166700.0,8.32,47800,8.33,10700,4.13,8.32,8.32,1166700,9710000.0,0.05,0.0,215.53,215.53,8.79,7.19,0.0
南方传媒,sh601900,13.95,14.14,13.95,98700.0,13.95,2000,13.96,30000,-1.34,13.95,13.95,98700,1380000.0,0.01,0.0,123.03,123.03,15.55,12.73,0.0
华夏银行,sh600015,6.85,6.86,6.85,557800.0,6.84,117700,6.85,408800,-0.15,6.85,6.85,557800,3820000.0,0.0,0.0,1054.02,1090.17,7.55,6.17,0.0
出版传媒,sh601999,7.1,7.18,7.1,59700.0,7.1,18000,7.11,15400,-1.11,7.1,7.1,59700,420000.0,0.01,0.0,39.11,39.11,7.9,6.46,0.0
清源股份,sh603628,14.15,14.37,14.15,64600.0,14.14,800,14.15,6700,-1.53,14.15,14.15,64600,910000.0,0.02,0.0,38.51,38.64,15.81,12.93,0.0
鲁北化工,sh600727,8.44,8.27,8.44,541200.0,8.43,300,8.44,2500,2.06,8.44,8.44,541200,4570000.0,0.1,0.0,44.61,44.61,9.1,7.44,0.0
康尼机电,sh603111,6.99,7.04,6.99,27400.0,6.99,6100,7.0,12900,-0.71,6.99,6.99,27400,190000.0,0.0,0.0,59.62,60.26,7.74,6.34,0.0
国光股份,sz002749,14.2,14.22,14.2,83500.0,14.2,400,14.21,18100,-0.14,14.2,14.2,83500,1190000.0,0.02,0.0,64.42,66.22,15.64,12.8,0.0
兴业银行,sh601166,18.4,18.52,18.4,865800.0,18.39,28400,18.4,27500,-0.65,18.4,18.4,865800,15930000.0,0.0,0.0,3893.97,3893.97,20.37,16.67,0.0
国光电器,sz002045,12.81,13.04,12.81,91200.0,12.8,10400,12.81,2600,-1.76,12.81,12.81,91200,1170000.0,0.02,0.0,71.97,72.05,14.34,11.74,0.0
郑中设计,sz002811,15.11,15.4,15.11,81700.0,15.11,3600,15.12,2500,-1.88,15.11,15.11,81700,1230000.0,0.03,0.0,42.78,46.53,16.94,13.86,0.0
联盛化学,sz301212,31.12,31.0,31.12,15500.0,31.04,600,31.12,2100,0.39,31.12,31.12,15500,480000.0,0.02,0.0,29.18,33.61,37.2,24.8,0.0
则成电子,bj920821,22.99,23.3,22.99,16100.0,22.97,300,22.99,7700,-1.33,22.99,22.99,16100,370100.0,0.02,0.0,16.75,31.81,30.29,16.31,0.0
ST尔雅,sh600107,5.89,5.91,5.89,68100.0,5.85,26200,5.89,12300,-0.34,5.89,5.89,68100,400000.0,0.02,0.0,21.2,21.2,6.21,5.61,0.0
智信精密,sz301512,49.1,49.92,49.1,6900.0,49.1,800,49.9,100,-1.64,49.1,49.1,6900,340000.0,0.03,0.0,12.18,26.19,59.9,39.94,0.0
ST逸飞,sh688646,48.05,48.5,48.05,645000.0,48.05,3100,48.28,1300,-0.93,48.05,48.05,645000,310000.0,0.01,0.0,27.86,45.25,58.2,38.8,0.0
蒙泰高新,sz300876,29.31,29.29,29.31,10300.0,29.31,300,29.43,1100,0.07,29.31,29.31,10300,300000.0,0.01,0.0,23.77,31.87,35.15,23.43,0.0
华宇软件,sz300271,7.18,7.31,7.18,71300.0,7.16,1500,7.18,15600,-1.78,7.18,7.18,71300,510000.0,0.01,0.0,57.24,58.29,8.77,5.85,0.0
康平科技,sz300907,29.78,30.21,29.78,8500.0,29.78,800,30.21,1600,-1.42,29.78,29.78,8500,250000.0,0.01,0.0,28.59,28.59,36.25,24.17,0.0
龙源技术,sz300105,7.93,8.07,7.93,205200.0,7.93,12700,7.99,200,-1.73,7.93,7.93,205200,1630000.0,0.04,0.0,40.9,40.9,9.68,6.46,0.0
华工科技,sz000988,112.0,114.78,112.0,3386700.0,111.99,300,112.0,121300,-2.42,112.0,112.0,3386700,379310000.0,0.34,0.0,1125.58,1126.16,126.26,103.3,0.0
斯达半导,sh603290,98.0,100.0,98.0,63500.0,97.99,100,98.0,8000,-2.0,98.0,98.0,63500,6220000.0,0.03,0.0,234.68,234.68,110.0,90.0,0.0
江山欧派,sh603208,14.39,14.56,14.39,18900.0,14.37,200,14.39,7700,-1.17,14.39,14.39,18900,270000.0,0.01,0.0,25.5,25.5,16.02,13.1,0.0
海森药业,sz001367,23.05,23.05,23.05,23000.0,22.81,2800,23.05,400,0.0,23.05,23.05,23000,530000.0,0.06,0.0,9.15,35.12,25.36,20.75,0.0
中持股份,sh603903,12.4,12.49,12.4,21300.0,12.4,600,12.49,7700,-0.72,12.4,12.4,21300,260000.0,0.01,0.0,31.66,31.66,13.74,11.24,0.0
中交设计,sh600720,7.15,7.19,7.15,63700.0,7.14,18000,7.15,36800,-0.56,7.15,7.15,63700,460000.0,0.01,0.0,72.15,164.06,7.91,6.47,0.0
智动力,sz300686,15.58,15.73,15.58,48200.0,15.55,3500,15.58,11200,-0.95,15.58,15.58,48200,750000.0,0.02,0.0,40.34,40.61,18.88,12.58,0.0
辰光医疗,bj920300,13.81,13.95,13.81,17100.0,13.8,800,13.81,2400,-1.0,13.81,13.81,17100,236200.0,0.03,0.0,9.19,11.86,18.13,9.77,0.0
陕天然气,sz002267,8.66,8.18,8.66,1296100.0,8.65,1500,8.66,249200,5.87,8.66,8.66,1296100,11220000.0,0.12,0.0,96.31,96.31,9.0,7.36,0.0
汉朔科技,sz301275,50.28,50.89,50.28,17000.0,50.28,500,50.3,2700,-1.2,50.28,50.28,17000,850000.0,0.05,0.0,16.99,212.38,61.07,40.71,0.0
物产金轮,sz002722,15.6,15.77,15.6,14100.0,15.59,200,15.6,7000,-1.08,15.6,15.6,14100,220000.0,0.01,0.0,34.69,34.69,17.35,14.19,0.0
深水规院,sz301038,22.1,22.35,22.1,34200.0,22.1,3300,22.32,100,-1.12,22.1,22.1,34200,760000.0,0.02,0.0,49.3,49.3,26.82,17.88,0.0
致远互联,sh688369,23.24,23.48,23.24,1450200.0,23.0,2000,23.24,6500,-1.02,23.24,23.24,1450200,340000.0,0.01,0.0,26.78,26.78,28.18,18.78,0.0
财富趋势,sh688318,115.0,117.08,115.0,4384500.0,115.0,1000,116.99,900,-1.78,115.0,115.0,4384500,5040000.0,0.02,0.0,294.54,294.54,140.5,93.66,0.0
华阳股份,sh600348,10.25,9.86,10.25,1483100.0,10.25,98100,10.26,2400,3.96,10.25,10.25,1483100,15200000.0,0.04,0.0,369.77,369.77,10.85,8.87,0.0
天益医疗,sz301097,57.29,57.82,57.29,6900.0,57.29,1000,57.33,400,-0.92,57.29,57.29,6900,400000.0,0.02,0.0,16.58,33.77,69.38,46.26,0.0
东富龙,sz300171,16.29,16.48,16.29,46100.0,16.26,1000,16.29,5900,-1.15,16.29,16.29,46100,750000.0,0.01,0.0,91.66,124.75,19.78,13.18,0.0
ST未名,sz002581,8.46,8.55,8.46,34200.0,8.45,500,8.46,7800,-1.05,8.46,8.46,34200,290000.0,0.01,0.0,33.91,55.81,8.98,8.12,0.0
乐普医疗,sz300003,17.0,17.27,17.0,452800.0,16.98,5400,17.0,51500,-1.56,17.0,17.0,452800,7700000.0,0.03,0.0,268.41,313.38,20.72,13.82,0.0
中国银河,sh601881,14.0,14.21,14.0,831800.0,13.99,54400,14.0,153000,-1.48,14.0,14.0,831800,11650000.0,0.01,0.0,1014.08,1530.82,15.63,12.79,0.0
凯中精密,sz002823,16.04,16.26,16.04,46900.0,16.03,400,16.04,6500,-1.35,16.04,16.04,46900,750000.0,0.02,0.0,35.11,52.67,17.89,14.63,0.0
南京证券,sh601990,7.59,7.65,7.59,295200.0,7.58,28400,7.59,16200,-0.78,7.59,7.59,295200,2240000.0,0.01,0.0,279.79,333.93,8.42,6.89,0.0
西部证券,sz002673,7.65,7.72,7.65,160000.0,7.65,31500,7.66,77300,-0.91,7.65,7.65,160000,1220000.0,0.0,0.0,341.92,341.92,8.49,6.95,0.0
中兰环保,sz300854,25.24,25.34,25.24,17000.0,25.0,10000,25.24,800,-0.39,25.24,25.24,17000,430000.0,0.02,0.0,20.53,25.26,30.41,20.27,0.0
设计总院,sh603357,8.29,8.33,8.29,52300.0,8.28,100,8.29,2900,-0.48,8.29,8.29,52300,430000.0,0.01,0.0,46.06,46.47,9.16,7.5,0.0
隆盛科技,sz300680,43.8,45.17,43.8,87100.0,43.8,5300,43.93,600,-3.03,43.8,43.8,87100,3810000.0,0.05,0.0,77.02,99.74,54.2,36.14,0.0
水晶光电,sz002273,26.81,27.69,26.81,459900.0,26.81,8100,26.82,6600,-3.18,26.81,26.81,459900,12330000.0,0.03,0.0,365.21,372.83,30.46,24.92,0.0
软控股份,sz002073,7.69,7.76,7.69,393400.0,7.68,16500,7.69,505200,-0.9,7.69,7.69,393400,3030000.0,0.04,0.0,77.63,78.42,8.54,6.98,0.0
先达股份,sh603086,8.31,8.39,8.31,138000.0,8.31,7600,8.33,700,-0.95,8.31,8.31,138000,1150000.0,0.03,0.0,36.13,36.13,9.23,7.55,0.0
禾盛新材,sz002290,63.7,64.22,63.7,8200.0,63.58,900,63.87,200,-0.81,63.7,63.7,8200,520000.0,0.0,0.0,157.59,158.05,70.64,57.8,0.0
测绘股份,sz300826,16.9,17.06,16.9,5500.0,16.9,2200,16.95,1000,-0.94,16.9,16.9,5500,90000.0,0.0,0.0,28.66,29.8,20.47,13.65,0.0
鸿路钢构,sz002541,23.74,23.8,23.74,23700.0,23.74,2400,23.8,700,-0.25,23.74,23.74,23700,560000.0,0.0,0.0,117.78,163.81,26.18,21.42,0.0
敏芯股份,sh688286,71.02,73.27,71.02,1284600.0,71.02,2800,71.11,1900,-3.07,71.02,71.02,1284600,910000.0,0.02,0.0,39.81,39.81,87.92,58.62,0.0
常宝股份,sz002478,13.4,13.87,13.4,1676900.0,13.38,6400,13.4,6400,-3.39,13.4,13.4,1676900,22470000.0,0.23,0.0,96.85,120.71,15.26,12.48,0.0
天键股份,sz301383,33.06,33.49,33.06,10600.0,33.06,2100,33.07,7100,-1.28,33.06,33.06,10600,350000.0,0.02,0.0,23.35,54.01,40.19,26.79,0.0
罗平锌电,sz002114,10.0,10.12,10.0,87600.0,10.0,2200,10.03,6700,-1.19,10.0,10.0,87600,880000.0,0.03,0.0,32.34,32.34,11.13,9.11,0.0
沪宁股份,sz300669,36.58,36.43,36.58,40600.0,36.43,2000,36.58,3100,0.41,36.58,36.58,40600,1490000.0,0.02,0.0,66.76,70.49,43.72,29.14,0.0
赛特新材,sh688398,24.58,24.27,24.58,3360800.0,24.2,3300,24.58,700,1.28,24.58,24.58,3360800,830000.0,0.02,0.0,41.25,41.25,29.12,19.42,0.0
贝斯美,sz300796,9.91,10.01,9.91,119900.0,9.9,8000,9.91,20300,-1.0,9.91,9.91,119900,1190000.0,0.03,0.0,35.79,35.79,12.01,8.01,0.0
青岛港,sh601298,9.35,9.32,9.35,84500.0,9.34,1900,9.35,18400,0.32,9.35,9.35,84500,790000.0,0.0,0.0,504.16,606.92,10.25,8.39,0.0
黑牡丹,sh600510,9.23,9.35,9.23,56500.0,9.23,53900,9.25,7400,-1.28,9.23,9.23,56500,520000.0,0.01,0.0,95.26,95.26,10.29,8.42,0.0
康德莱,sh603987,9.13,9.17,9.13,73700.0,9.13,22100,9.14,11000,-0.44,9.13,9.13,73700,670000.0,0.02,0.0,39.88,39.88,10.09,8.25,0.0
豪威集团,sh603501,113.0,115.05,113.0,248000.0,112.99,500,113.0,300,-1.78,113.0,113.0,248000,28020000.0,0.02,0.0,1367.65,1424.99,126.56,103.55,0.0
隆基绿能,sh601012,18.01,18.0,18.01,2184500.0,18.01,137200,18.02,25700,0.06,18.01,18.01,2184500,39340000.0,0.03,0.0,1364.81,1364.81,19.8,16.2,0.0
仙琚制药,sz002332,9.06,9.12,9.06,134800.0,9.05,9100,9.06,60000,-0.66,9.06,9.06,134800,1220000.0,0.01,0.0,89.2,89.62,10.03,8.21,0.0
潜能恒信,sz300191,52.6,45.67,52.6,1159900.0,52.6,54200,52.65,17500,15.17,52.6,52.6,1159900,61010000.0,0.52,0.0,116.35,168.32,54.8,36.54,0.0
邦彦技术,sh688132,18.18,18.35,18.18,1749000.0,18.15,200,18.18,1400,-0.93,18.18,18.18,1749000,320000.0,0.02,0.0,19.72,27.67,22.02,14.68,0.0
华中数控,sz300161,30.7,31.28,30.7,39800.0,30.62,100,30.7,1100,-1.85,30.7,30.7,39800,1220000.0,0.02,0.0,59.86,61.0,37.54,25.02,0.0
威博液压,bj920245,28.1,27.92,28.1,2100.0,28.1,0,28.18,1100,0.64,28.1,28.1,2100,58099.99999999999,0.01,0.0,10.68,13.96,36.29,19.55,0.0
润欣科技,sz300493,17.6,17.99,17.6,138600.0,17.59,400,17.6,3700,-2.17,17.6,17.6,138600,2440000.0,0.03,0.0,89.16,90.2,21.59,14.39,0.0
芯能科技,sh603105,10.29,10.34,10.29,76000.0,10.29,2200,10.3,2100,-0.48,10.29,10.29,76000,780000.0,0.02,0.0,51.45,51.45,11.37,9.31,0.0
华信新材,sz300717,21.96,22.27,21.96,11400.0,21.96,300,22.0,1000,-1.39,21.96,21.96,11400,250000.0,0.01,0.0,22.37,22.57,26.72,17.82,0.0
宁波银行,sz002142,31.58,31.7,31.58,87000.0,31.58,10100,31.59,1200,-0.38,31.58,31.58,87000,2750000.0,0.0,0.0,2084.24,2085.41,34.87,28.53,0.0
海默科技,sz300084,12.91,11.88,12.91,2165800.0,12.91,211900,12.93,600,8.67,12.91,12.91,2165800,27960000.0,0.63,0.0,44.68,65.63,14.26,9.5,0.0
力合科创,sz002243,9.86,10.04,9.86,114600.0,9.85,7700,9.86,10100,-1.79,9.86,9.86,114600,1130000.0,0.01,0.0,118.73,119.37,11.04,9.04,0.0
惠而浦,sh600983,12.0,12.15,12.0,34800.0,12.0,9400,12.05,2200,-1.23,12.0,12.0,34800,420000.0,0.0,0.0,91.97,91.97,13.37,10.94,0.0
浙江恒威,sz301222,32.0,32.6,32.0,14300.0,32.0,1900,32.1,4300,-1.84,32.0,32.0,14300,460000.0,0.02,0.0,25.54,32.08,39.12,26.08,0.0
广生堂,sz300436,104.76,107.01,104.76,67900.0,104.76,800,104.85,300,-2.1,104.76,104.76,67900,7110000.0,0.05,0.0,143.23,166.85,128.41,85.61,0.0
兴齐眼药,sz300573,70.05,71.08,70.05,39300.0,70.05,6400,70.06,3600,-1.45,70.05,70.05,39300,2750000.0,0.02,0.0,132.77,172.62,85.3,56.86,0.0
安科生物,sz300009,9.54,9.64,9.54,166700.0,9.54,16800,9.56,5800,-1.04,9.54,9.54,166700,1590000.0,0.01,0.0,117.37,159.44,11.57,7.71,0.0
中公高科,sh603860,32.05,32.56,32.05,22300.0,32.05,4800,32.29,200,-1.57,32.05,32.05,22300,710000.0,0.03,0.0,21.37,21.37,35.82,29.3,0.0
浙江正特,sz001238,50.5,51.33,50.5,3200.0,50.2,1000,50.81,300,-1.62,50.5,50.5,3200,160000.0,0.0,0.0,52.35,55.96,56.46,46.2,0.0
泓博医药,sz301230,39.61,41.0,39.61,62200.0,39.61,3200,39.8,1400,-3.39,39.61,39.61,62200,2460000.0,0.05,0.0,49.76,55.29,49.2,32.8,0.0
志特新材,sz300986,26.59,27.3,26.59,354700.0,26.58,1300,26.59,700,-2.6,26.59,26.59,354700,9430000.0,0.09,0.0,109.45,109.54,32.76,21.84,0.0
中钢天源,sz002057,11.17,11.32,11.17,365300.0,11.16,5100,11.17,800,-1.33,11.17,11.17,365300,4080000.0,0.05,0.0,84.16,84.21,12.45,10.19,0.0
华虹公司,sh688347,112.4,117.79,112.4,12152500.0,112.4,2900,112.5,300,-4.58,112.4,112.4,12152500,13660000.0,0.03,0.0,458.31,1953.1,141.35,94.23,0.0
震安科技,sz300767,20.24,20.6,20.24,26900.0,20.24,500,20.31,200,-1.75,20.24,20.24,26900,540000.0,0.01,0.0,48.55,55.92,24.72,16.48,0.0
百合股份,sh603102,43.43,43.7,43.43,4400.0,43.43,1400,43.55,100,-0.62,43.43,43.43,4400,190000.0,0.01,0.0,27.8,27.8,48.07,39.33,0.0
铁科轨道,sh688569,21.67,21.72,21.67,400000.0,21.56,10000,21.67,5100,-0.23,21.67,21.67,400000,90000.0,0.0,0.0,45.65,45.65,26.06,17.38,0.0
名臣健康,sz002919,23.91,23.91,23.91,55300.0,23.88,5000,23.91,1600,0.0,23.91,23.91,55300,1320000.0,0.02,0.0,63.22,63.73,26.3,21.52,0.0
仁信新材,sz301395,15.07,15.0,15.07,11300.0,15.07,100,15.09,5000,0.47,15.07,15.07,11300,170000.0,0.01,0.0,20.71,36.6,18.0,12.0,0.0
合合信息,sh688615,195.0,198.63,195.0,2518000.0,194.94,200,195.0,2200,-1.83,195.0,195.0,2518000,4910000.0,0.03,0.0,188.51,273.0,238.36,158.9,0.0
森萱医药,bj920946,10.38,10.53,10.38,25100.0,10.37,7100,10.38,24100,-1.42,10.38,10.38,25100,260700.0,0.01,0.0,44.3,44.31,13.68,7.38,0.0
万通液压,bj920839,37.64,38.02,37.64,5200.0,37.64,1200,37.81,1000,-1.0,37.64,37.64,5200,195200.0,0.01,0.0,24.49,44.49,49.42,26.62,0.0
美好医疗,sz301363,28.6,29.5,28.6,211900.0,28.59,500,28.6,38300,-3.05,28.6,28.6,211900,6060000.0,0.06,0.0,106.74,162.7,35.4,23.6,0.0
上海物贸,sh600822,10.39,10.63,10.39,104800.0,10.39,14000,10.41,21000,-2.26,10.39,10.39,104800,1090000.0,0.03,0.0,41.16,51.53,11.69,9.57,0.0
光华股份,sz001333,26.48,26.57,26.48,4500.0,26.33,1000,26.48,3500,-0.34,26.48,26.48,4500,120000.0,0.01,0.0,11.65,33.89,29.23,23.91,0.0
中国船舶,sh600150,38.64,38.93,38.64,927100.0,38.63,19500,38.64,1100,-0.74,38.64,38.64,927100,35820000.0,0.01,0.0,2907.9,2907.9,42.82,35.04,0.0
中南传媒,sh601098,10.64,10.76,10.64,150000.0,10.64,5300,10.65,14800,-1.12,10.64,10.64,150000,1600000.0,0.01,0.0,191.09,191.09,11.84,9.68,0.0
华特达因,sz000915,32.11,32.35,32.11,16600.0,32.11,700,32.19,100,-0.74,32.11,32.11,16600,530000.0,0.01,0.0,75.2,75.24,35.59,29.12,0.0
鼎龙科技,sh603004,24.53,24.69,24.53,28700.0,24.48,900,24.53,2900,-0.65,24.53,24.53,28700,700000.0,0.05,0.0,14.44,57.77,27.16,22.22,0.0
聚赛龙,sz301131,44.22,44.6,44.22,8300.0,44.2,500,44.29,300,-0.85,44.22,44.22,8300,370000.0,0.02,0.0,16.58,24.1,53.52,35.68,0.0
西安奕材-U,sh688783,23.45,23.95,23.45,7284300.0,23.45,5600,23.5,2000,-2.09,23.45,23.45,7284300,1710000.0,0.04,0.0,38.6,946.86,28.74,19.16,0.0
聚胶股份,sz301283,47.35,48.13,47.35,8400.0,47.33,800,47.36,300,-1.62,47.35,47.35,8400,400000.0,0.01,0.0,29.96,38.08,57.76,38.5,0.0
全新好,sz000007,13.15,13.27,13.15,54600.0,13.15,2100,13.27,100,-0.9,13.15,13.15,54600,720000.0,0.02,0.0,45.56,45.56,14.6,11.94,0.0
海普瑞,sz002399,11.42,11.44,11.42,25400.0,11.41,100,11.42,1500,-0.17,11.42,11.42,25400,290000.0,0.0,0.0,142.43,167.57,12.58,10.3,0.0
美思德,sh603041,13.28,13.41,13.28,27700.0,13.28,21100,13.4,200,-0.97,13.28,13.28,27700,370000.0,0.02,0.0,24.32,24.32,14.75,12.07,0.0
威胜信息,sh688100,43.1,44.3,43.1,7078600.0,43.1,8500,43.13,9200,-2.71,43.1,43.1,7078600,3050000.0,0.01,0.0,211.92,211.92,53.16,35.44,0.0
安德利,sh605198,39.52,39.85,39.52,14600.0,39.52,3900,39.9,300,-0.83,39.52,39.52,14600,580000.0,0.01,0.0,106.92,132.07,43.84,35.87,0.0
深科技,sz000021,30.45,32.38,30.45,1644700.0,30.44,2000,30.45,171200,-5.96,30.45,30.45,1644700,50080000.0,0.1,0.0,478.5,478.58,35.62,29.14,0.0
福元医药,sh601089,23.52,23.85,23.52,24800.0,23.52,2500,23.55,1300,-1.38,23.52,23.52,24800,580000.0,0.01,0.0,112.9,112.9,26.24,21.47,0.0
ST京机,sz000821,13.72,14.03,13.72,466100.0,13.71,600,13.72,150600,-2.21,13.72,13.72,466100,6390000.0,0.08,0.0,82.96,85.46,14.73,13.33,0.0
四方科技,sh603339,13.52,13.61,13.52,22200.0,13.5,1200,13.52,1400,-0.66,13.52,13.52,22200,300000.0,0.01,0.0,41.84,41.84,14.97,12.25,0.0
隆达股份,sh688231,32.7,33.63,32.7,5698800.0,32.7,1800,32.8,5800,-2.77,32.7,32.7,5698800,1860000.0,0.02,0.0,80.72,80.72,40.36,26.9,0.0
嘉益股份,sz301004,54.0,54.37,54.0,2500.0,54.0,900,54.02,100,-0.68,54.0,54.0,2500,140000.0,0.0,0.0,73.38,78.74,65.24,43.5,0.0
慕思股份,sz001323,26.21,26.39,26.21,2100.0,26.21,100,26.3,300,-0.68,26.21,26.21,2100,60000.0,0.0,0.0,81.58,114.03,29.03,23.75,0.0
理邦仪器,sz300206,14.55,14.83,14.55,67400.0,14.54,500,14.55,53600,-1.89,14.55,14.55,67400,980000.0,0.02,0.0,49.23,84.34,17.8,11.86,0.0
宏德股份,sz301163,30.6,31.2,30.6,15000.0,30.57,5000,30.6,1000,-1.92,30.6,30.6,15000,460000.0,0.03,0.0,16.75,24.97,37.44,24.96,0.0
洪通燃气,sh605169,14.6,13.91,14.6,264500.0,14.59,1800,14.6,6600,4.96,14.6,14.6,264500,3860000.0,0.09,0.0,41.3,41.3,15.3,12.52,0.0
亚通精工,sh603190,26.2,26.38,26.2,11900.0,26.2,3000,26.33,10000,-0.68,26.2,26.2,11900,310000.0,0.03,0.0,10.77,32.63,29.02,23.74,0.0
阳谷华泰,sz300121,13.79,13.95,13.79,113300.0,13.78,300,13.79,19400,-1.15,13.79,13.79,113300,1560000.0,0.03,0.0,59.21,61.4,16.74,11.16,0.0
光格科技,sh688450,31.9,32.6,31.9,2015700.0,31.87,1700,31.9,800,-2.15,31.9,31.9,2015700,640000.0,0.04,0.0,15.61,21.05,39.12,26.08,0.0
云涌科技,sh688060,47.0,47.68,47.0,1223800.0,47.0,400,47.48,10000,-1.43,47.0,47.0,1223800,580000.0,0.02,0.0,28.29,28.29,57.22,38.14,0.0
特宝生物,sh688278,70.85,71.5,70.85,962500.0,70.7,300,70.85,7800,-0.91,70.85,70.85,962500,680000.0,0.0,0.0,289.2,289.2,85.8,57.2,0.0
地铁设计,sz003013,14.41,14.5,14.41,6600.0,14.41,7600,14.45,2000,-0.62,14.41,14.41,6600,100000.0,0.0,0.0,57.63,65.08,15.95,13.05,0.0
国药股份,sh600511,29.81,30.0,29.81,58500.0,29.8,1300,29.81,8800,-0.63,29.81,29.81,58500,1740000.0,0.01,0.0,164.95,224.92,33.0,27.0,0.0
八方股份,sh603489,32.58,33.4,32.58,56800.0,32.53,300,32.58,3300,-2.46,32.58,32.58,56800,1850000.0,0.02,0.0,76.44,76.44,36.74,30.06,0.0
美畅股份,sz300861,17.38,17.68,17.38,65300.0,17.38,3000,17.39,10000,-1.7,17.38,17.38,65300,1130000.0,0.02,0.0,73.32,116.77,21.22,14.14,0.0
华鑫股份,sh600621,15.44,15.71,15.44,203900.0,15.43,14300,15.44,3500,-1.72,15.44,15.44,203900,3150000.0,0.02,0.0,163.8,163.8,17.28,14.14,0.0
科新机电,sz300092,17.08,17.23,17.08,164300.0,17.0,2500,17.08,500,-0.87,17.08,17.08,164300,2810000.0,0.08,0.0,35.85,46.79,20.68,13.78,0.0
濮阳惠成,sz300481,19.16,18.13,19.16,503100.0,19.16,57700,19.18,1100,5.68,19.16,19.16,503100,9640000.0,0.17,0.0,55.58,55.92,21.76,14.5,0.0
南都电源,sz300068,15.29,15.34,15.29,511900.0,15.28,1000,15.29,106000,-0.33,15.29,15.29,511900,7830000.0,0.06,0.0,130.45,137.36,18.41,12.27,0.0
菜百股份,sh605599,24.22,24.14,24.22,24800.0,24.14,1000,24.22,8600,0.33,24.22,24.22,24800,600000.0,0.0,0.0,188.38,188.38,26.55,21.73,0.0
跃岭股份,sz002725,15.99,16.59,15.99,379800.0,15.99,21100,16.0,13400,-3.62,15.99,15.99,379800,6070000.0,0.18,0.0,33.9,40.93,18.25,14.93,0.0
银都股份,sh603277,15.42,15.57,15.42,5000.0,15.41,2000,15.42,900,-0.96,15.42,15.42,5000,80000.0,0.0,0.0,94.02,94.63,17.13,14.01,0.0
华瓷股份,sz001216,20.99,20.99,20.99,523000.0,20.96,18800,20.99,22100,0.0,20.99,20.99,523000,10980000.0,0.21,0.0,51.54,52.87,23.09,18.89,0.0
以岭药业,sz002603,16.64,16.76,16.64,63400.0,16.63,4100,16.64,27200,-0.72,16.64,16.64,63400,1050000.0,0.0,0.0,229.11,278.01,18.44,15.08,0.0
汇通控股,sh603409,35.87,35.89,35.87,3500.0,35.82,300,35.87,14300,-0.06,35.87,35.87,3500,130000.0,0.01,0.0,12.97,45.21,39.48,32.3,0.0
协昌科技,sz301418,38.69,39.17,38.69,12600.0,38.69,500,39.16,100,-1.23,38.69,38.69,12600,490000.0,0.04,0.0,11.39,28.37,47.0,31.34,0.0
双乐股份,sz301036,30.39,30.74,30.39,13200.0,30.38,100,30.39,7300,-1.14,30.39,30.39,13200,400000.0,0.02,0.0,21.4,30.39,36.89,24.59,0.0
运达股份,sz300772,19.5,19.76,19.5,162600.0,19.5,57800,19.63,700,-1.32,19.5,19.5,162600,3170000.0,0.02,0.0,136.08,153.44,23.71,15.81,0.0
华润双鹤,sh600062,18.06,18.2,18.06,131600.0,18.05,6300,18.06,32900,-0.77,18.06,18.06,131600,2380000.0,0.01,0.0,186.56,187.6,20.02,16.38,0.0
富乐德,sz301297,35.8,36.42,35.8,45900.0,35.73,3000,35.8,800,-1.7,35.8,35.8,45900,1640000.0,0.01,0.0,129.95,266.06,43.7,29.14,0.0
美邦股份,sh605033,23.26,23.62,23.26,56800.0,23.26,139700,23.27,1000,-1.52,23.26,23.26,56800,1320000.0,0.04,0.0,31.45,31.45,25.98,21.26,0.0
易德龙,sh603380,36.8,37.04,36.8,7600.0,36.78,700,36.8,600,-0.65,36.8,36.8,7600,280000.0,0.0,0.0,59.04,59.04,40.74,33.34,0.0
瑞普生物,sz300119,19.13,19.26,19.13,100600.0,19.13,1600,19.15,4000,-0.67,19.13,19.13,100600,1920000.0,0.03,0.0,64.08,88.91,23.11,15.41,0.0
禾昌聚合,bj920089,19.99,20.14,19.99,20900.0,19.98,1700,19.99,16500,-0.74,19.99,19.99,20900,416800.0,0.02,0.0,17.15,30.12,26.18,14.1,0.0
永臻股份,sh603381,25.8,26.05,25.8,81100.0,25.71,5000,25.8,17800,-0.96,25.8,25.8,81100,2090000.0,0.06,0.0,36.67,61.21,28.66,23.45,0.0
坤泰股份,sz001260,21.81,22.11,21.81,16500.0,21.81,400,21.84,1400,-1.36,21.81,21.81,16500,360000.0,0.01,0.0,25.08,25.08,24.32,19.9,0.0
正海生物,sz300653,19.96,20.1,19.96,14600.0,19.96,300,20.0,24300,-0.7,19.96,19.96,14600,290000.0,0.01,0.0,35.93,35.93,24.12,16.08,0.0
中信博,sh688408,41.77,42.1,41.77,2235500.0,41.77,1000,41.8,1500,-0.78,41.77,41.77,2235500,930000.0,0.01,0.0,91.5,91.5,50.52,33.68,0.0
天德钰,sh688252,20.66,20.91,20.66,3714600.0,20.61,200,20.66,6000,-1.2,20.66,20.66,3714600,770000.0,0.02,0.0,38.39,84.5,25.09,16.73,0.0
中电港,sz001287,22.22,22.67,22.22,171100.0,22.22,1700,22.23,6100,-1.99,22.22,22.22,171100,3800000.0,0.04,0.0,97.19,168.85,24.94,20.4,0.0
星辉环材,sz300834,24.73,24.73,24.73,21300.0,24.73,1100,24.75,1200,0.0,24.73,24.73,21300,530000.0,0.01,0.0,47.59,47.91,29.68,19.78,0.0
交控科技,sh688015,24.58,24.95,24.58,1858000.0,24.58,100,24.9,2800,-1.48,24.58,24.58,1858000,460000.0,0.01,0.0,46.38,46.38,29.94,19.96,0.0
上海亚虹,sh603159,25.3,25.3,25.3,2400.0,25.23,100,25.3,900,0.0,25.3,25.3,2400,60000.0,0.0,0.0,35.42,35.42,27.83,22.77,0.0
信音电子,sz301329,23.77,24.0,23.77,7300.0,23.71,200,23.77,12700,-0.96,23.77,23.77,7300,170000.0,0.01,0.0,14.25,40.46,28.8,19.2,0.0
振江股份,sh603507,32.5,32.82,32.5,141200.0,32.46,9400,32.5,57500,-0.98,32.5,32.5,141200,4590000.0,0.08,0.0,59.08,59.9,36.1,29.54,0.0
鸿泉技术,sh688288,27.74,28.01,27.74,367800.0,27.74,100,28.15,1200,-0.96,27.74,27.74,367800,100000.0,0.0,0.0,27.69,27.69,33.61,22.41,0.0
楚环科技,sz001336,27.77,27.78,27.77,12000.0,27.5,100,27.77,300,-0.04,27.77,27.77,12000,330000.0,0.03,0.0,12.94,22.32,30.56,25.0,0.0
星网锐捷,sz002396,29.24,29.77,29.24,85600.0,29.24,400,29.25,300,-1.78,29.24,29.24,85600,2500000.0,0.01,0.0,170.55,171.26,32.75,26.79,0.0
蓝宇股份,sz301585,30.27,30.58,30.27,12900.0,30.27,300,30.56,2000,-1.01,30.27,30.27,12900,390000.0,0.02,0.0,20.62,31.48,36.7,24.46,0.0
科伦药业,sz002422,32.08,32.68,32.08,148400.0,32.08,200,32.1,2100,-1.84,32.08,32.08,148400,4760000.0,0.01,0.0,418.93,512.66,35.95,29.41,0.0
灿瑞科技,sh688061,34.17,34.66,34.17,667600.0,34.0,400,34.17,100,-1.41,34.17,34.17,667600,230000.0,0.01,0.0,15.38,39.26,41.59,27.73,0.0
安旭生物,sh688075,39.0,39.16,39.0,55000.0,38.71,2000,39.0,300,-0.41,39.0,39.0,55000,20000.0,0.0,0.0,49.56,49.56,46.99,31.33,0.0
卓创资讯,sz301299,66.0,66.46,66.0,37800.0,66.0,1600,66.29,200,-0.69,66.0,66.0,37800,2490000.0,0.07,0.0,37.39,39.85,79.75,53.17,0.0
卓易信息,sh688258,127.0,132.0,127.0,4697600.0,127.0,2100,127.2,0,-3.79,127.0,127.0,4697600,5970000.0,0.04,0.0,153.85,153.85,158.4,105.6,0.0
汇顶科技,sh603160,71.21,72.73,71.21,59000.0,71.2,200,71.21,900,-2.09,71.21,71.21,59000,4200000.0,0.01,0.0,331.37,331.37,80.0,65.46,0.0
山西汾酒,sh600809,158.77,160.71,158.77,43800.0,158.77,900,158.89,100,-1.21,158.77,158.77,43800,6950000.0,0.0,0.0,1936.94,1936.94,176.78,144.64,0.0
药明康德,sh603259,91.7,93.3,91.7,475800.0,91.7,16900,91.72,100,-1.71,91.7,91.7,475800,43630000.0,0.02,0.0,2268.0,2736.11,102.63,83.97,0.0
百利天恒,sh688506,256.97,258.5,256.97,348900.0,256.97,200,257.77,200,-0.59,256.97,256.97,348900,900000.0,0.0,0.0,1030.45,1060.96,310.2,206.8,0.0
康乐卫士,bj920575,9.12,9.12,9.12,48200.0,9.09,100,9.12,8300,0.0,9.12,9.12,48200,439400.0,0.03,0.0,17.13,25.62,11.85,6.39,0.0
美邦科技,bj920471,15.15,15.61,15.15,121700.0,15.15,3800,15.2,73600,-2.95,15.15,15.15,121700,1843899.9999999998,0.23,0.0,8.03,12.6,20.29,10.93,0.0
生物谷,bj920266,8.89,8.93,8.89,200.0,8.86,500,8.89,7000,-0.45,8.89,8.89,200,1800.0,0.0,0.0,10.53,11.02,11.6,6.26,0.0
佰维存储,sh688525,204.0,209.33,204.0,102324400.0,204.0,8500,204.01,2600,-2.55,204.0,204.0,102324400,208740000.0,0.22,0.0,952.95,952.95,251.2,167.46,0.0
哈铁科技,sh688459,9.64,9.69,9.64,1184600.0,9.64,13400,9.67,12000,-0.52,9.64,9.64,1184600,110000.0,0.01,0.0,16.93,46.27,11.63,7.75,0.0
洁特生物,sh688026,17.21,17.7,17.21,3707600.0,17.21,600,17.63,0,-2.77,17.21,17.21,3707600,640000.0,0.03,0.0,24.15,24.16,21.24,14.16,0.0
中微公司,sh688012,327.0,336.3,327.0,8790300.0,326.88,200,327.0,46600,-2.77,327.0,327.0,8790300,28740000.0,0.01,0.0,2047.5,2047.5,403.56,269.04,0.0
确成股份,sh605183,21.52,21.82,21.52,4900.0,21.52,100,21.65,1300,-1.37,21.52,21.52,4900,110000.0,0.0,0.0,88.75,89.5,24.0,19.64,0.0
联德股份,sh605060,57.2,60.83,57.2,87200.0,57.2,14600,57.6,500,-5.97,57.2,57.2,87200,4990000.0,0.04,0.0,136.67,137.62,66.91,54.75,0.0
威奥股份,sh605001,8.0,8.09,8.0,61000.0,7.98,5000,8.0,600,-1.11,8.0,8.0,61000,490000.0,0.02,0.0,31.43,31.43,8.9,7.28,0.0
卫信康,sh603676,10.81,10.91,10.81,4100.0,10.81,900,10.87,1000,-0.92,10.81,10.81,4100,40000.0,0.0,0.0,47.04,47.04,12.0,9.82,0.0
杭电股份,sh603618,19.0,19.17,19.0,1987000.0,19.0,514200,19.01,300,-0.89,19.0,19.0,1987000,37750000.0,0.29,0.0,131.36,131.36,21.09,17.25,0.0
天创时尚,sh603608,12.2,12.5,12.2,186300.0,12.2,55300,12.25,100,-2.4,12.2,12.2,186300,2270000.0,0.04,0.0,51.21,51.21,13.75,11.25,0.0
纵横通信,sh603602,13.9,14.12,13.9,21800.0,13.88,500,13.9,300,-1.56,13.9,13.9,21800,300000.0,0.01,0.0,32.12,32.12,15.53,12.71,0.0
广信股份,sh603599,14.75,14.74,14.75,208800.0,14.75,2800,14.76,300,0.07,14.75,14.75,208800,3080000.0,0.02,0.0,134.26,134.26,16.21,13.27,0.0
高能环境,sh603588,13.0,13.4,13.0,1485600.0,13.0,625900,13.06,10000,-2.99,13.0,13.0,1485600,19310000.0,0.1,0.0,198.02,198.02,14.74,12.06,0.0
三星新材,sh603578,15.23,15.53,15.23,66700.0,15.23,3100,15.25,300,-1.93,15.23,15.23,66700,1020000.0,0.04,0.0,27.47,27.47,17.08,13.98,0.0
惠达卫浴,sh603385,7.11,7.16,7.11,41800.0,7.09,1600,7.11,2600,-0.7,7.11,7.11,41800,300000.0,0.01,0.0,27.07,27.07,7.88,6.44,0.0
天洋新材,sh603330,7.67,7.67,7.67,60300.0,7.65,600,7.67,1600,0.0,7.67,7.67,60300,460000.0,0.01,0.0,33.19,33.19,8.44,6.9,0.0
泰瑞机器,sh603289,11.25,11.45,11.25,211000.0,11.25,12900,11.3,7600,-1.75,11.25,11.25,211000,2370000.0,0.07,0.0,33.01,33.01,12.6,10.31,0.0
小方制药,sh603207,28.11,28.39,28.11,1400.0,28.1,1000,28.11,800,-0.99,28.11,28.11,1400,40000.0,0.0,0.0,15.29,45.21,31.23,25.55,0.0
和邦生物,sh603077,2.94,2.9,2.94,3683500.0,2.94,519900,2.95,462000,1.38,2.94,2.94,3683500,10830000.0,0.04,0.0,259.65,259.65,3.19,2.61,0.0
科林电气,sh603050,23.67,23.67,23.67,119000.0,23.6,200,23.67,2500,0.0,23.67,23.67,119000,2820000.0,0.03,0.0,95.47,95.47,26.04,21.3,0.0
晶方科技,sh603005,30.48,31.64,30.48,651100.0,30.47,900,30.48,7600,-3.67,30.48,30.48,651100,19850000.0,0.1,0.0,198.78,198.78,34.8,28.48,0.0
中国出版,sh601949,6.41,6.49,6.41,288800.0,6.4,48700,6.41,18200,-1.23,6.41,6.41,288800,1850000.0,0.02,0.0,122.04,122.04,7.14,5.84,0.0
浙商银行,sh601916,3.01,3.02,3.01,2245900.0,3.0,8715200,3.01,2489200,-0.33,3.01,3.01,2245900,6760000.0,0.01,0.0,648.49,826.69,3.32,2.72,0.0
方正证券,sh601901,7.33,7.43,7.33,1525000.0,7.33,97900,7.34,435100,-1.35,7.33,7.33,1525000,11180000.0,0.02,0.0,603.41,603.41,8.17,6.69,0.0
紫金银行,sh601860,2.76,2.77,2.76,691100.0,2.75,2353700,2.76,1870500,-0.36,2.76,2.76,691100,1910000.0,0.02,0.0,98.02,101.04,3.05,2.49,0.0
光大银行,sh601818,3.23,3.24,3.23,3423700.0,3.23,5554200,3.24,12174500,-0.31,3.23,3.23,3423700,11060000.0,0.01,0.0,1498.94,1908.46,3.56,2.92,0.0
新华文轩,sh601811,13.43,13.52,13.43,22300.0,13.42,7600,13.43,7300,-0.67,13.43,13.43,22300,300000.0,0.0,0.0,106.35,165.7,14.87,12.17,0.0
华峰铝业,sh601702,22.18,22.3,22.18,183300.0,22.18,10200,22.22,200,-0.54,22.18,22.18,183300,4070000.0,0.02,0.0,221.47,221.47,24.53,20.07,0.0
平煤股份,sh601666,9.1,8.74,9.1,902800.0,9.1,52700,9.11,3800,4.12,9.1,9.1,902800,8220000.0,0.04,0.0,224.71,224.71,9.61,7.87,0.0
齐鲁银行,sh601665,5.65,5.68,5.65,600600.0,5.64,315800,5.65,75700,-0.53,5.65,5.65,600600,3390000.0,0.01,0.0,347.69,347.69,6.25,5.11,0.0
金田股份,sh601609,10.95,11.15,10.95,451000.0,10.94,500,10.95,44000,-1.79,10.95,10.95,451000,4940000.0,0.03,0.0,189.29,189.29,12.27,10.04,0.0
浙文影业,sh601599,4.09,4.13,4.09,245900.0,4.09,16800,4.1,167500,-0.97,4.09,4.09,245900,1010000.0,0.02,0.0,47.47,47.47,4.54,3.72,0.0
林洋能源,sh601222,6.5,6.5,6.5,899000.0,6.5,72600,6.51,59300,0.0,6.5,6.5,899000,5840000.0,0.04,0.0,133.91,133.91,7.15,5.85,0.0
上海环境,sh601200,8.78,8.83,8.78,170800.0,8.77,33300,8.78,36600,-0.57,8.78,8.78,170800,1500000.0,0.01,0.0,118.2,118.2,9.71,7.95,0.0
三角轮胎,sh601163,14.9,14.98,14.9,51800.0,14.9,16500,14.91,200,-0.53,14.9,14.9,51800,770000.0,0.01,0.0,119.2,119.2,16.48,13.48,0.0
深圳燃气,sh601139,7.44,7.05,7.44,2347500.0,7.44,5500,7.45,61700,5.53,7.44,7.44,2347500,17470000.0,0.08,0.0,214.03,214.03,7.76,6.35,0.0
太平洋,sh601099,3.99,4.04,3.99,1938100.0,3.99,911100,4.0,1186300,-1.24,3.99,3.99,1938100,7730000.0,0.03,0.0,271.97,271.97,4.44,3.64,0.0
宏盛华源,sh601096,6.75,6.71,6.75,2085900.0,6.75,14900,6.76,53100,0.6,6.75,6.75,2085900,14080000.0,0.13,0.0,110.9,180.57,7.38,6.04,0.0
江盐集团,sh601065,8.99,8.89,8.99,585200.0,8.98,2900,8.99,11500,1.12,8.99,8.99,585200,5260000.0,0.14,0.0,37.42,57.79,9.78,8.0,0.0
宁波港,sh601018,4.23,4.25,4.23,302100.0,4.23,22600,4.24,186400,-0.47,4.23,4.23,302100,1280000.0,0.0,0.0,822.92,822.92,4.68,3.83,0.0
重庆钢铁,sh601005,1.56,1.57,1.56,2945900.0,1.56,793900,1.57,2192800,-0.64,1.56,1.56,2945900,4600000.0,0.04,0.0,129.69,138.09,1.73,1.41,0.0
唐山港,sh601000,4.22,4.23,4.22,167600.0,4.21,76200,4.22,115400,-0.24,4.22,4.22,167600,710000.0,0.0,0.0,250.07,250.07,4.65,3.81,0.0
苏豪汇鸿,sh600981,3.25,3.31,3.25,781100.0,3.25,1500,3.26,52000,-1.81,3.25,3.25,781100,2540000.0,0.03,0.0,72.88,72.88,3.64,2.98,0.0
维远股份,sh600955,20.5,20.15,20.5,51400.0,20.5,11300,20.55,500,1.74,20.5,20.5,51400,1050000.0,0.01,0.0,112.75,112.75,22.17,18.14,0.0
西安银行,sh600928,3.66,3.69,3.66,414800.0,3.66,400700,3.67,321700,-0.81,3.66,3.66,414800,1520000.0,0.01,0.0,161.89,162.67,4.06,3.32,0.0
苏能股份,sh600925,4.92,4.83,4.92,766300.0,4.91,504800,4.92,24800,1.86,4.92,4.92,766300,3770000.0,0.05,0.0,79.02,338.93,5.31,4.35,0.0
杉杉股份,sh600884,13.85,14.21,13.85,1369900.0,13.84,3400,13.85,99600,-2.53,13.85,13.85,1369900,18970000.0,0.07,0.0,254.16,311.54,15.63,12.79,0.0
星湖科技,sh600866,7.79,7.83,7.79,271700.0,7.78,13000,7.79,27300,-0.51,7.79,7.79,271700,2120000.0,0.02,0.0,97.82,129.43,8.61,7.05,0.0
金开新能,sh600821,9.46,8.6,9.46,17090200.0,9.46,30403000,0.0,0,10.0,9.46,9.46,17090200,161670000.0,0.86,0.0,188.94,188.94,9.46,7.74,0.0
轻纺城,sh600790,3.89,3.9,3.89,42500.0,3.87,7100,3.89,4200,-0.26,3.89,3.89,42500,170000.0,0.0,0.0,57.02,57.02,4.29,3.51,0.0
新钢股份,sh600782,4.09,4.15,4.09,978400.0,4.09,194000,4.1,4700,-1.45,4.09,4.09,978400,4000000.0,0.03,0.0,128.66,130.23,4.57,3.74,0.0
西藏城投,sh600773,15.61,16.1,15.61,235000.0,15.61,1300,15.65,100,-3.04,15.61,15.61,235000,3670000.0,0.02,0.0,148.54,148.54,17.71,14.49,0.0
广誉远,sh600771,17.06,17.12,17.06,40100.0,17.05,2500,17.06,9200,-0.35,17.06,17.06,40100,680000.0,0.01,0.0,83.51,83.51,18.83,15.41,0.0
长江传媒,sh600757,8.85,8.92,8.85,213300.0,8.84,500,8.85,25600,-0.78,8.85,8.85,213300,1890000.0,0.02,0.0,107.39,107.41,9.81,8.03,0.0
华电能源,sh600726,2.8,2.82,2.8,1164600.0,2.8,8500,2.81,87900,-0.71,2.8,2.8,1164600,3260000.0,0.02,0.0,209.31,221.41,3.1,2.54,0.0
南京医药,sh600713,5.34,5.37,5.34,53400.0,5.34,8200,5.35,48300,-0.56,5.34,5.34,53400,290000.0,0.0,0.0,68.88,69.9,5.91,4.83,0.0
上海石化,sh600688,3.87,3.53,3.87,7159000.0,3.86,52600,3.87,1199600,9.63,3.87,3.87,7159000,27710000.0,0.1,0.0,283.63,408.0,3.88,3.18,0.0
光明乳业,sh600597,7.84,7.88,7.84,135500.0,7.83,20900,7.84,123100,-0.51,7.84,7.84,135500,1060000.0,0.01,0.0,108.07,108.07,8.67,7.09,0.0
士兰微,sh600460,28.15,28.88,28.15,516000.0,28.13,500,28.15,55300,-2.53,28.15,28.15,516000,14530000.0,0.03,0.0,468.44,468.44,31.77,25.99,0.0
冠豪高新,sh600433,3.51,3.55,3.51,188700.0,3.5,42000,3.51,32100,-1.13,3.51,3.51,188700,660000.0,0.01,0.0,61.43,61.43,3.91,3.2,0.0
三友化工,sh600409,8.82,8.69,8.82,572000.0,8.82,69800,8.83,4600,1.5,8.82,8.82,572000,5050000.0,0.03,0.0,182.08,182.08,9.56,7.82,0.0
盘江股份,sh600395,6.31,6.06,6.31,795200.0,6.31,204000,6.32,2000,4.13,6.31,6.31,795200,5020000.0,0.04,0.0,135.45,135.45,6.67,5.45,0.0
浙江龙盛,sh600352,15.93,15.84,15.93,345600.0,15.9,800,15.93,17500,0.57,15.93,15.93,345600,5510000.0,0.01,0.0,518.26,518.26,17.42,14.26,0.0
美克家居,sh600337,2.53,2.55,2.53,513400.0,2.52,77400,2.53,82300,-0.78,2.53,2.53,513400,1300000.0,0.04,0.0,36.36,36.36,2.81,2.3,0.0
广西能源,sh600310,4.26,4.28,4.26,168800.0,4.26,10900,4.28,129800,-0.47,4.26,4.26,168800,720000.0,0.01,0.0,62.44,62.44,4.71,3.85,0.0
华泰股份,sh600308,4.3,4.31,4.3,369700.0,4.3,17000,4.31,9700,-0.23,4.3,4.3,369700,1590000.0,0.02,0.0,65.23,65.23,4.74,3.88,0.0
酒钢宏兴,sh600307,1.87,1.89,1.87,548400.0,1.87,429500,1.88,562400,-1.06,1.87,1.87,548400,1030000.0,0.01,0.0,117.12,117.12,2.08,1.7,0.0
维维股份,sh600300,3.69,3.72,3.69,435600.0,3.68,117800,3.69,31200,-0.81,3.69,3.69,435600,1610000.0,0.03,0.0,59.67,59.67,4.09,3.35,0.0
钱江水利,sh600283,9.44,9.5,9.44,45100.0,9.43,2200,9.44,9600,-0.63,9.44,9.44,45100,430000.0,0.01,0.0,51.37,52.94,10.45,8.55,0.0
阳光照明,sh600261,3.96,3.93,3.96,941800.0,3.96,81400,3.97,17400,0.76,3.96,3.96,941800,3730000.0,0.07,0.0,52.87,52.87,4.32,3.54,0.0
民丰特纸,sh600235,7.12,7.18,7.12,39300.0,7.11,2000,7.12,9300,-0.84,7.12,7.12,39300,280000.0,0.01,0.0,25.01,25.01,7.9,6.46,0.0
浙江医药,sh600216,18.35,18.38,18.35,602200.0,18.34,17200,18.35,13600,-0.16,18.35,18.35,602200,11050000.0,0.06,0.0,174.58,176.46,20.22,16.54,0.0
雅戈尔,sh600177,7.07,7.02,7.07,385100.0,7.06,288300,7.07,21300,0.71,7.07,7.07,385100,2720000.0,0.01,0.0,326.88,326.88,7.72,6.32,0.0
国投资本,sh600061,7.2,7.28,7.2,460200.0,7.2,11700,7.21,31800,-1.1,7.2,7.2,460200,3310000.0,0.01,0.0,460.37,460.37,8.01,6.55,0.0
楚天高速,sh600035,3.99,4.0,3.99,255100.0,3.98,72200,3.99,113600,-0.25,3.99,3.99,255100,1020000.0,0.02,0.0,64.24,64.24,4.4,3.6,0.0
浙江新能,sh600032,8.5,8.45,8.5,237100.0,8.5,32500,8.51,2400,0.59,8.5,8.5,237100,2020000.0,0.01,0.0,204.4,204.4,9.3,7.61,0.0
山东钢铁,sh600022,1.7,1.7,1.7,878000.0,1.69,1092700,1.7,2169300,0.0,1.7,1.7,878000,1490000.0,0.01,0.0,181.88,181.88,1.87,1.53,0.0
上港集团,sh600018,5.1,5.13,5.1,943600.0,5.1,558800,5.11,1549600,-0.58,5.1,5.1,943600,4810000.0,0.0,0.0,1185.58,1187.28,5.64,4.62,0.0
首创环保,sh600008,3.17,3.19,3.17,759400.0,3.17,1493100,3.18,1218000,-0.63,3.17,3.17,759400,2410000.0,0.01,0.0,232.7,232.7,3.51,2.87,0.0
民生健康,sz301507,14.62,14.82,14.62,29400.0,14.61,500,14.62,1000,-1.35,14.62,14.62,29400,430000.0,0.03,0.0,16.11,52.13,17.78,11.86,0.0
泓淋电力,sz301439,17.2,17.47,17.2,104600.0,17.19,400,17.2,4200,-1.55,17.2,17.2,104600,1800000.0,0.06,0.0,31.52,66.93,20.96,13.98,0.0
荣旗科技,sz301360,76.0,77.11,76.0,6000.0,75.99,1000,76.0,400,-1.44,76.0,76.0,6000,460000.0,0.02,0.0,19.35,40.54,92.53,61.69,0.0
明阳电气,sz301291,60.41,59.98,60.41,502100.0,60.41,8800,60.46,1800,0.72,60.41,60.41,502100,30330000.0,0.31,0.0,97.64,188.6,71.98,47.98,0.0
万凯新材,sz301216,21.45,20.59,21.45,248800.0,21.26,1000,21.45,1600,4.18,21.45,21.45,248800,5340000.0,0.05,0.0,117.62,124.45,24.71,16.47,0.0
观想科技,sz301213,82.43,85.58,82.43,44600.0,82.35,100,82.43,200,-3.68,82.43,82.43,44600,3680000.0,0.09,0.0,42.63,65.94,102.7,68.46,0.0
联检科技,sz301115,21.21,21.43,21.21,44300.0,21.21,5800,21.22,13300,-1.03,21.21,21.21,44300,940000.0,0.03,0.0,32.83,38.93,25.72,17.14,0.0
华润材料,sz301090,8.45,7.88,8.45,1189300.0,8.45,65400,8.46,6000,7.23,8.45,8.45,1189300,10050000.0,0.08,0.0,124.29,124.42,9.46,6.3,0.0
上海艾录,sz301062,8.65,8.83,8.65,20000.0,8.6,5000,8.65,27400,-2.04,8.65,8.65,20000,170000.0,0.01,0.0,26.95,37.39,10.6,7.06,0.0
兰卫医学,sz301060,10.42,10.59,10.42,99400.0,10.42,191700,10.43,3000,-1.61,10.42,10.42,99400,1040000.0,0.03,0.0,37.53,41.73,12.71,8.47,0.0
保立佳,sz301037,16.25,16.36,16.25,21100.0,16.25,9000,16.27,400,-0.67,16.25,16.25,21100,340000.0,0.03,0.0,11.05,22.59,19.63,13.09,0.0
读客文化,sz301025,11.45,11.67,11.45,103100.0,11.45,13500,11.46,1300,-1.89,11.45,11.45,103100,1180000.0,0.04,0.0,31.73,45.84,14.0,9.34,0.0
利安科技,sz300784,51.97,52.88,51.97,8500.0,51.82,300,51.97,3200,-1.72,51.97,51.97,8500,440000.0,0.05,0.0,8.8,29.23,63.46,42.3,0.0
华宝股份,sz300741,17.0,17.21,17.0,19700.0,17.0,4000,17.01,2100,-1.22,17.0,17.0,19700,330000.0,0.0,0.0,104.7,104.7,20.65,13.77,0.0
新余国科,sz300722,33.19,33.36,33.19,33500.0,33.18,200,33.19,7100,-0.51,33.19,33.19,33500,1110000.0,0.01,0.0,91.86,91.86,40.03,26.69,0.0
大烨智能,sz300670,7.32,7.44,7.32,151800.0,7.32,19800,7.33,21000,-1.61,7.32,7.32,151800,1110000.0,0.07,0.0,16.45,23.2,8.93,5.95,0.0
欧普康视,sz300595,15.21,15.44,15.21,89600.0,15.21,3700,15.31,8800,-1.49,15.21,15.21,89600,1360000.0,0.01,0.0,101.68,136.17,18.53,12.35,0.0
奥联电子,sz300585,15.65,15.86,15.65,25200.0,15.63,200,15.65,900,-1.32,15.65,15.65,25200,390000.0,0.01,0.0,26.78,26.78,19.03,12.69,0.0
达威股份,sz300535,22.54,22.95,22.54,68100.0,22.54,1900,22.58,100,-1.79,22.54,22.54,68100,1530000.0,0.09,0.0,17.61,24.12,27.54,18.36,0.0
东杰智能,sz300486,24.9,25.09,24.9,332900.0,24.82,2000,24.9,65600,-0.76,24.9,24.9,332900,8290000.0,0.07,0.0,118.77,118.81,30.11,20.07,0.0
东通退,sz300379,1.72,1.72,0.0,0.0,0.0,0,0.0,0,0.0,0.0,0.0,0,0.0,0.0,0.0,9.06,9.6,-1.0,-1.0,0.0
百纳千成,sz300291,7.42,7.63,7.42,142900.0,7.42,30000,7.43,1600,-2.75,7.42,7.42,142900,1060000.0,0.02,0.0,69.06,69.89,9.16,6.1,0.0
新天科技,sz300259,4.95,5.01,4.95,236500.0,4.94,14800,4.95,10700,-1.2,4.95,4.95,236500,1170000.0,0.02,0.0,57.89,57.91,6.01,4.01,0.0
东方电热,sz300217,5.41,5.51,5.41,358300.0,5.4,123800,5.41,26000,-1.81,5.41,5.41,358300,1940000.0,0.03,0.0,66.38,79.96,6.61,4.41,0.0
长荣股份,sz300195,9.15,9.26,9.15,52000.0,9.15,12600,9.26,3900,-1.19,9.15,9.15,52000,480000.0,0.02,0.0,28.72,38.77,11.11,7.41,0.0
通裕重工,sz300185,3.25,3.28,3.25,2023700.0,3.25,670200,3.26,767400,-0.91,3.25,3.25,2023700,6580000.0,0.05,0.0,120.48,126.66,3.94,2.62,0.0
捷成股份,sz300182,6.31,6.49,6.31,4826400.0,6.31,251100,6.32,370200,-2.77,6.31,6.31,4826400,30450000.0,0.21,0.0,142.54,168.09,7.79,5.19,0.0
*ST新研,sz300159,3.09,3.14,3.09,544800.0,3.09,79200,3.1,27500,-1.59,3.09,3.09,544800,1680000.0,0.03,0.0,56.6,101.67,3.77,2.51,0.0
银河磁体,sz300127,35.33,35.94,35.33,34300.0,35.33,100,35.69,900,-1.7,35.33,35.33,34300,1210000.0,0.01,0.0,81.55,114.17,43.13,28.75,0.0
易成新能,sz300080,5.58,5.6,5.58,399800.0,5.57,28400,5.58,20700,-0.36,5.58,5.58,399800,2230000.0,0.02,0.0,104.39,104.53,6.72,4.48,0.0
三川智慧,sz300066,7.45,7.72,7.45,814500.0,7.45,36200,7.46,19200,-3.5,7.45,7.45,814500,6070000.0,0.08,0.0,74.94,77.48,9.26,6.18,0.0
华谊兄弟,sz300027,1.74,1.77,1.74,1874700.0,1.74,334900,1.75,109800,-1.69,1.74,1.74,1874700,3260000.0,0.08,0.0,43.24,48.28,2.12,1.42,0.0
北陆药业,sz300016,10.61,10.85,10.61,1297500.0,10.61,900,10.65,51700,-2.21,10.61,10.61,1297500,13770000.0,0.23,0.0,59.64,59.72,13.02,8.68,0.0
日久光电,sz003015,17.0,17.28,17.0,155100.0,16.98,1000,17.0,1100,-1.62,17.0,17.0,155100,2640000.0,0.06,0.0,42.06,47.78,19.01,15.55,0.0
郑州银行,sz002936,1.89,1.9,1.89,5176500.0,1.89,13376000,1.9,11372800,-0.53,1.89,1.89,5176500,9780000.0,0.07,0.0,132.85,171.84,2.09,1.71,0.0
锋龙股份,sz002931,78.0,80.62,78.0,524600.0,78.0,7500,78.48,200,-3.25,78.0,78.0,524600,40920000.0,0.26,0.0,156.98,170.43,88.68,72.56,0.0
联诚精密,sz002921,26.88,27.02,26.88,19400.0,26.88,300,26.89,1200,-0.52,26.88,26.88,19400,520000.0,0.02,0.0,30.6,40.04,29.72,24.32,0.0
同兴达,sz002845,15.47,15.66,15.47,249700.0,15.46,7500,15.47,22100,-1.21,15.47,15.47,249700,3860000.0,0.1,0.0,38.71,50.67,17.23,14.09,0.0
张家港行,sz002839,4.51,4.51,4.51,367600.0,4.5,101300,4.51,92800,0.0,4.51,4.51,367600,1660000.0,0.02,0.0,110.14,110.24,4.96,4.06,0.0
第一创业,sz002797,7.33,7.56,7.33,5340700.0,7.33,23800,7.34,296800,-3.04,7.33,7.33,5340700,39150000.0,0.13,0.0,308.04,308.04,8.32,6.8,0.0
新宝股份,sz002705,13.45,13.6,13.45,50800.0,13.44,1500,13.45,14400,-1.1,13.45,13.45,50800,680000.0,0.01,0.0,108.69,109.2,14.96,12.24,0.0
*ST双成,sz002693,7.18,7.3,7.18,103100.0,7.18,19800,7.21,42100,-1.64,7.18,7.18,103100,740000.0,0.03,0.0,29.51,29.77,7.67,6.94,0.0
卫星化学,sz002648,29.3,26.91,29.3,4611800.0,29.29,200,29.3,30700,8.88,29.3,29.3,4611800,135130000.0,0.14,0.0,986.38,987.01,29.6,24.22,0.0
华宏科技,sz002645,14.99,15.34,14.99,145200.0,14.98,7500,14.99,4800,-2.28,14.99,14.99,145200,2180000.0,0.03,0.0,83.78,94.08,16.87,13.81,0.0
赞宇科技,sz002637,14.98,14.58,14.98,221900.0,14.9,800,14.98,98400,2.74,14.98,14.98,221900,3320000.0,0.05,0.0,66.32,70.47,16.04,13.12,0.0
ST瑞和,sz002620,6.49,6.67,6.49,58300.0,6.48,32000,6.49,6200,-2.7,6.49,6.49,58300,380000.0,0.02,0.0,20.47,24.5,7.0,6.34,0.0
奥佳华,sz002614,6.59,6.68,6.59,134100.0,6.58,26100,6.59,2100,-1.35,6.59,6.59,134100,880000.0,0.03,0.0,29.08,41.1,7.35,6.01,0.0
山东章鼓,sz002598,10.0,10.01,10.0,95000.0,9.99,10000,10.0,15700,-0.1,10.0,10.0,95000,950000.0,0.03,0.0,28.14,31.2,11.01,9.01,0.0
益盛药业,sz002566,8.37,8.41,8.37,23500.0,8.35,2000,8.37,12100,-0.48,8.37,8.37,23500,200000.0,0.01,0.0,19.4,27.7,9.25,7.57,0.0
千红制药,sz002550,7.56,7.63,7.56,91500.0,7.55,12700,7.56,13500,-0.92,7.56,7.56,91500,690000.0,0.01,0.0,71.16,96.75,8.39,6.87,0.0
齐峰新材,sz002521,8.12,8.17,8.12,13200.0,8.12,5100,8.15,4000,-0.61,8.12,8.12,13200,110000.0,0.0,0.0,33.97,45.48,8.99,7.35,0.0
华斯股份,sz002494,5.67,5.72,5.67,174500.0,5.67,31900,5.7,7000,-0.87,5.67,5.67,174500,990000.0,0.06,0.0,16.26,21.39,6.29,5.15,0.0
富春环保,sz002479,5.6,5.6,5.6,169400.0,5.6,54200,5.61,200,0.0,5.6,5.6,169400,950000.0,0.02,0.0,48.33,48.44,6.16,5.04,0.0
青龙管业,sz002457,13.46,13.58,13.46,101800.0,13.45,7500,13.46,3400,-0.88,13.46,13.46,101800,1370000.0,0.03,0.0,44.87,44.89,14.94,12.22,0.0
长高电新,sz002452,11.4,12.08,11.4,1736400.0,11.39,34800,11.4,4700,-5.63,11.4,11.4,1736400,19790000.0,0.34,0.0,58.81,70.72,13.29,10.87,0.0
闰土股份,sz002440,14.03,14.03,14.03,623200.0,14.03,36500,14.05,18000,0.0,14.03,14.03,623200,8740000.0,0.07,0.0,132.77,157.7,15.43,12.63,0.0
毅昌科技,sz002420,8.15,8.24,8.15,31900.0,8.12,30000,8.15,2100,-1.09,8.15,8.15,31900,260000.0,0.01,0.0,32.56,33.52,9.06,7.42,0.0
西部建设,sz002302,6.43,6.49,6.43,177900.0,6.42,11500,6.43,138700,-0.92,6.43,6.43,177900,1140000.0,0.01,0.0,81.17,81.17,7.14,5.84,0.0
浙富控股,sz002266,5.04,5.09,5.04,751200.0,5.03,43300,5.04,248500,-0.98,5.04,5.04,751200,3790000.0,0.02,0.0,246.8,263.05,5.6,4.58,0.0
嘉应制药,sz002198,7.47,7.51,7.47,65300.0,7.47,100,7.49,2100,-0.53,7.47,7.47,65300,490000.0,0.01,0.0,37.91,37.91,8.26,6.76,0.0
证通电子,sz002197,8.65,8.55,8.65,234200.0,8.63,10000,8.65,38100,1.17,8.65,8.65,234200,2030000.0,0.04,0.0,46.19,53.14,9.41,7.7,0.0
莱茵生物,sz002166,8.88,8.96,8.88,90400.0,8.88,2500,8.89,19000,-0.89,8.88,8.88,90400,800000.0,0.01,0.0,65.7,65.85,9.86,8.06,0.0
广电运通,sz002152,12.92,13.11,12.92,183200.0,12.92,900,12.93,2000,-1.45,12.92,12.92,183200,2370000.0,0.01,0.0,320.69,320.85,14.42,11.8,0.0
ST汇洲,sz002122,3.0,3.02,3.0,1190400.0,2.99,257200,3.0,309400,-0.66,3.0,3.0,1190400,3570000.0,0.06,0.0,59.65,60.05,3.17,2.87,0.0
三钢闽光,sz002110,4.44,4.48,4.44,422200.0,4.43,42600,4.44,18700,-0.89,4.44,4.44,422200,1870000.0,0.02,0.0,107.85,107.85,4.93,4.03,0.0
中泰化学,sz002092,8.15,7.92,8.15,4267500.0,8.15,199500,8.16,75400,2.9,8.15,8.15,4267500,34780000.0,0.17,0.0,209.91,211.09,8.71,7.13,0.0
横店东磁,sz002056,21.11,21.45,21.11,262700.0,21.11,3300,21.12,4700,-1.59,21.11,21.11,262700,5550000.0,0.02,0.0,343.04,343.4,23.6,19.31,0.0
兔 宝 宝,sz002043,15.85,15.95,15.85,96700.0,15.85,600,15.88,1400,-0.63,15.85,15.85,96700,1530000.0,0.01,0.0,116.68,131.52,17.55,14.36,0.0
联创电子,sz002036,10.62,10.84,10.62,508600.0,10.61,10600,10.62,7000,-2.03,10.62,10.62,508600,5400000.0,0.05,0.0,111.87,112.08,11.92,9.76,0.0
京新药业,sz002020,15.59,15.73,15.59,119800.0,15.58,31900,15.59,11500,-0.89,15.59,15.59,119800,1870000.0,0.02,0.0,112.87,134.23,17.3,14.16,0.0
立新能源,sz001258,8.33,8.51,8.33,1305800.0,8.32,80700,8.33,2900,-2.12,8.33,8.33,1305800,10880000.0,0.14,0.0,77.75,77.75,9.36,7.66,0.0
弘业期货,sz001236,10.11,10.31,10.11,799900.0,10.11,68400,10.12,2100,-1.94,10.11,10.11,799900,8090000.0,0.11,0.0,76.64,101.89,11.34,9.28,0.0
兰州银行,sz001227,2.3,2.31,2.3,1249100.0,2.3,1029300,2.31,5155200,-0.43,2.3,2.3,1249100,2870000.0,0.03,0.0,97.0,131.0,2.54,2.08,0.0
ST数源,sz000909,6.14,6.24,6.14,66800.0,6.14,10400,6.15,20200,-1.6,6.14,6.14,66800,410000.0,0.02,0.0,26.88,26.88,6.55,5.93,0.0
现代投资,sz000900,4.27,4.3,4.27,97600.0,4.26,155300,4.27,78800,-0.7,4.27,4.27,97600,420000.0,0.01,0.0,64.81,64.81,4.73,3.87,0.0
电投绿能,sz000875,8.06,7.93,8.06,1363000.0,8.06,4100,8.08,27500,1.64,8.06,8.06,1363000,10990000.0,0.04,0.0,269.4,292.36,8.72,7.14,0.0
国安股份,sz000839,3.27,3.31,3.27,1092400.0,3.26,306700,3.27,98700,-1.21,3.27,3.27,1092400,3570000.0,0.03,0.0,128.18,128.18,3.64,2.98,0.0
超声电子,sz000823,14.88,15.2,14.88,238500.0,14.88,5400,14.9,8400,-2.11,14.88,14.88,238500,3550000.0,0.04,0.0,79.9,79.91,16.72,13.68,0.0
冰轮环境,sz000811,20.4,21.14,20.4,424700.0,20.39,18500,20.4,900,-3.5,20.4,20.4,424700,8660000.0,0.04,0.0,199.59,202.47,23.25,19.03,0.0
中国武夷,sz000797,3.05,3.09,3.05,279700.0,3.05,19500,3.06,37400,-1.29,3.05,3.05,279700,850000.0,0.02,0.0,47.9,47.91,3.4,2.78,0.0
英洛华,sz000795,10.0,10.17,10.0,266500.0,9.99,6000,10.0,62000,-1.67,10.0,10.0,266500,2670000.0,0.02,0.0,113.37,113.37,11.19,9.15,0.0
国海证券,sz000750,4.08,4.11,4.08,422000.0,4.08,347400,4.09,448800,-0.73,4.08,4.08,422000,1720000.0,0.01,0.0,236.49,260.56,4.52,3.7,0.0
湖南发展,sz000722,13.88,13.93,13.88,296500.0,13.88,58100,13.9,2100,-0.36,13.88,13.88,296500,4120000.0,0.06,0.0,64.43,64.43,15.32,12.54,0.0
双环科技,sz000707,6.73,6.6,6.73,440500.0,6.73,16000,6.74,38700,1.97,6.73,6.73,440500,2960000.0,0.08,0.0,37.06,39.35,7.26,5.94,0.0
ST沈化,sz000698,4.2,4.09,4.2,691300.0,4.19,25300,4.2,43400,2.69,4.2,4.2,691300,2900000.0,0.09,0.0,33.0,34.42,4.29,3.89,0.0
*ST金科,sz000656,1.38,1.4,1.38,11224700.0,1.38,10744400,1.39,6204100,-1.43,1.38,1.38,11224700,15490000.0,0.15,0.0,105.02,146.75,1.47,1.33,0.0
顺发恒能,sz000631,3.86,3.88,3.86,183900.0,3.86,20100,3.87,2200,-0.52,3.86,3.86,183900,710000.0,0.01,0.0,88.78,88.78,4.27,3.49,0.0
陕国投Ａ,sz000563,3.54,3.56,3.54,1043600.0,3.53,951900,3.54,423700,-0.56,3.54,3.54,1043600,3690000.0,0.02,0.0,181.03,181.03,3.92,3.2,0.0
西部创业,sz000557,5.01,5.04,5.01,114400.0,5.01,13200,5.03,13300,-0.6,5.01,5.01,114400,570000.0,0.01,0.0,73.04,73.06,5.54,4.54,0.0
新金路,sz000510,19.63,20.17,19.63,565400.0,19.63,22700,19.67,300,-2.68,19.63,19.63,565400,11100000.0,0.09,0.0,119.09,127.31,22.19,18.15,0.0
申万宏源,sz000166,4.85,4.9,4.85,1956000.0,4.85,482800,4.86,1134600,-1.02,4.85,4.85,1956000,9490000.0,0.01,0.0,1092.97,1214.44,5.39,4.41,0.0
中集集团,sz000039,13.16,13.4,13.16,304900.0,13.16,54300,13.17,100,-1.79,13.16,13.16,304900,4010000.0,0.01,0.0,302.87,709.66,14.74,12.06,0.0
南  玻Ａ,sz000012,4.88,4.84,4.88,2291600.0,4.87,2500,4.88,69600,0.83,4.88,4.88,2291600,11180000.0,0.12,0.0,95.61,149.85,5.32,4.36,0.0
深振业Ａ,sz000006,9.02,9.13,9.02,320500.0,9.01,102200,9.02,23200,-1.2,9.02,9.02,320500,2890000.0,0.02,0.0,121.77,121.77,10.04,8.22,0.0
思特威-W,sh688213,87.81,89.5,87.81,8873100.0,87.8,400,87.81,300,-1.89,87.81,87.81,8873100,7790000.0,0.03,0.0,284.07,353.27,107.4,71.6,0.0
键凯科技,sh688356,100.58,103.37,100.58,1128200.0,100.01,500,100.58,3400,-2.7,100.58,100.58,1128200,1130000.0,0.02,0.0,61.0,61.0,124.04,82.7,0.0
贵州茅台,sh600519,1390.0,1402.0,1390.0,50400.0,1389.99,200,1390.0,5400,-0.86,1390.0,1390.0,50400,70060000.0,0.0,0.0,17406.56,17406.56,1542.2,1261.8,0.0
润和软件,sz300339,45.58,46.5,45.58,201300.0,45.56,300,45.58,15500,-1.98,45.58,45.58,201300,9180000.0,0.03,0.0,354.47,363.0,55.8,37.2,0.0
恒铭达,sz002947,46.33,47.2,46.33,54300.0,46.33,15500,46.36,10900,-1.84,46.33,46.33,54300,2520000.0,0.03,0.0,89.25,118.7,51.92,42.48,0.0
新强联,sz300850,46.1,47.22,46.1,159800.0,46.1,43000,46.12,1200,-2.37,46.1,46.1,159800,7370000.0,0.05,0.0,138.66,190.89,56.66,37.78,0.0
翱捷科技-U,sh688220,80.01,82.85,80.01,5722000.0,80.01,1800,80.36,8600,-3.43,80.01,80.01,5722000,4580000.0,0.02,0.0,295.35,334.68,99.42,66.28,0.0
瑞松科技,sh688090,53.92,54.36,53.92,240000.0,53.33,500,53.92,300,-0.81,53.92,53.92,240000,130000.0,0.0,0.0,65.83,65.98,65.23,43.49,0.0
科力装备,sz301552,39.19,39.44,39.19,2200.0,39.18,900,39.19,400,-0.63,39.19,39.19,2200,90000.0,0.01,0.0,9.33,37.31,47.33,31.55,0.0
五 粮 液,sz000858,101.32,102.4,101.32,188500.0,101.31,600,101.32,16700,-1.05,101.32,101.32,188500,19100000.0,0.0,0.0,3932.68,3932.85,112.64,92.16,0.0
安图生物,sh603658,34.79,35.0,34.79,22000.0,34.78,700,34.79,2300,-0.6,34.79,34.79,22000,770000.0,0.0,0.0,198.8,198.8,38.5,31.5,0.0
朗特智能,sz300916,30.45,30.55,30.45,5900.0,30.34,200,30.45,1100,-0.33,30.45,30.45,5900,180000.0,0.01,0.0,28.45,44.04,36.66,24.44,0.0
万里石,sz002785,44.03,45.02,44.03,21900.0,44.0,1600,44.03,3000,-2.2,44.03,44.03,21900,960000.0,0.01,0.0,85.2,99.78,49.52,40.52,0.0
钧崴电子,sz301458,37.0,37.78,37.0,44100.0,37.0,11000,37.06,600,-2.06,37.0,37.0,44100,1630000.0,0.04,0.0,43.47,98.67,45.34,30.22,0.0
汇通能源,sh600605,27.27,27.42,27.27,13900.0,27.26,200,27.27,300,-0.55,27.27,27.27,13900,380000.0,0.01,0.0,56.25,56.25,30.16,24.68,0.0
国芯科技,sh688262,36.82,38.09,36.82,23502600.0,36.82,2400,37.33,200,-3.33,36.82,36.82,23502600,8650000.0,0.07,0.0,123.72,123.72,45.71,30.47,0.0
海尔智家,sh600690,24.4,24.86,24.4,760000.0,24.4,13900,24.41,70600,-1.85,24.4,24.4,760000,18540000.0,0.01,0.0,1525.74,2288.14,27.35,22.37,0.0
瑞达期货,sz002961,26.7,27.18,26.7,529800.0,26.68,1200,26.7,1100,-1.77,26.7,26.7,529800,14150000.0,0.11,0.0,127.34,127.34,29.9,24.46,0.0
有研粉材,sh688456,59.5,61.6,59.5,8753100.0,59.45,500,59.5,7700,-3.41,59.5,59.5,8753100,5210000.0,0.08,0.0,61.68,61.68,73.92,49.28,0.0
中国海防,sh600764,28.2,28.57,28.2,51500.0,28.2,22800,28.27,1800,-1.3,28.2,28.2,51500,1450000.0,0.01,0.0,200.4,200.4,31.43,25.71,0.0
伟明环保,sh603568,28.5,28.65,28.5,12000.0,28.5,3700,28.54,1500,-0.52,28.5,28.5,12000,340000.0,0.0,0.0,486.51,487.39,31.52,25.79,0.0
键邦股份,sh603285,37.39,37.76,37.39,59000.0,37.38,2900,37.39,6900,-0.98,37.39,37.39,59000,2210000.0,0.09,0.0,23.29,59.82,41.54,33.98,0.0
皖仪科技,sh688600,26.34,26.52,26.34,30000.0,26.34,500,26.5,1800,-0.68,26.34,26.34,30000,10000.0,0.0,0.0,35.48,35.48,31.82,21.22,0.0
福立旺,sh688678,23.52,24.08,23.52,10338500.0,23.52,1200,23.53,500,-2.33,23.52,23.52,10338500,2430000.0,0.04,0.0,67.72,67.72,28.9,19.26,0.0
新亚电子,sh605277,22.72,23.12,22.72,47400.0,22.72,3400,22.76,1400,-1.73,22.72,22.72,47400,1080000.0,0.01,0.0,72.28,73.61,25.43,20.81,0.0
义翘神州,sz301047,70.51,71.3,70.51,8400.0,70.5,500,70.51,100,-1.11,70.51,70.51,8400,590000.0,0.01,0.0,84.32,85.77,85.56,57.04,0.0
开普检测,sz003008,24.15,24.44,24.15,37000.0,24.14,200,24.15,2000,-1.19,24.15,24.15,37000,890000.0,0.05,0.0,18.8,25.12,26.88,22.0,0.0
西藏药业,sh600211,42.34,42.43,42.34,14900.0,42.3,200,42.34,2100,-0.21,42.34,42.34,14900,630000.0,0.0,0.0,136.47,136.47,46.67,38.19,0.0
善水科技,sz301190,24.42,24.76,24.42,9400.0,24.42,2900,24.5,15000,-1.37,24.42,24.42,9400,230000.0,0.01,0.0,38.91,52.41,29.71,19.81,0.0
宇环数控,sz002903,26.15,25.1,26.15,136600.0,26.15,300,26.17,500,4.18,26.15,26.15,136600,3570000.0,0.13,0.0,27.89,40.98,27.61,22.59,0.0
杰恩设计,sz300668,25.7,25.7,25.7,8400.0,25.7,1500,25.8,300,0.0,25.7,25.7,8400,220000.0,0.01,0.0,25.62,30.94,30.84,20.56,0.0
太辰光,sz300570,123.46,127.7,123.46,336800.0,123.46,4100,123.66,1000,-3.32,123.46,123.46,336800,41580000.0,0.18,0.0,237.28,280.41,153.24,102.16,0.0
江龙船艇,sz300589,18.66,19.51,18.66,368400.0,18.66,18200,18.67,7800,-4.36,18.66,18.66,368400,6870000.0,0.16,0.0,43.22,70.47,23.41,15.61,0.0
伟创电气,sh688698,73.5,75.81,73.5,3411200.0,73.47,200,73.5,1200,-3.05,73.5,73.5,3411200,2510000.0,0.02,0.0,157.31,157.31,90.97,60.65,0.0
美芯晟,sh688458,38.38,39.16,38.38,1623800.0,38.26,200,38.38,2400,-1.99,38.38,38.38,1623800,620000.0,0.02,0.0,32.65,42.81,46.99,31.33,0.0
人民网,sh603000,20.7,21.15,20.7,310300.0,20.69,700,20.7,2100,-2.13,20.7,20.7,310300,6420000.0,0.03,0.0,228.88,228.88,23.27,19.04,0.0
激智科技,sz300566,19.92,20.18,19.92,61700.0,19.91,1000,19.92,3700,-1.29,19.92,19.92,61700,1230000.0,0.03,0.0,45.15,52.21,24.22,16.14,0.0
上海医药,sh601607,17.06,17.14,17.06,95600.0,17.06,7700,17.07,23200,-0.47,17.06,17.06,95600,1630000.0,0.0,0.0,475.84,632.65,18.85,15.43,0.0
重庆啤酒,sh600132,56.94,57.49,56.94,29300.0,56.93,800,56.94,1600,-0.96,56.94,56.94,29300,1670000.0,0.01,0.0,275.57,275.57,63.24,51.74,0.0
宏力达,sh688330,50.74,51.34,50.74,6785300.0,50.52,900,50.74,6200,-1.17,50.74,50.74,6785300,3440000.0,0.05,0.0,71.04,71.04,61.61,41.07,0.0
丽珠集团,sz000513,34.5,34.79,34.5,47700.0,34.49,700,34.5,7800,-0.83,34.5,34.5,47700,1650000.0,0.01,0.0,195.94,306.33,38.27,31.31,0.0
华绿生物,sz300970,24.8,24.85,24.8,22400.0,24.8,300,24.85,1000,-0.2,24.8,24.8,22400,560000.0,0.02,0.0,23.59,30.41,29.82,19.88,0.0
明志科技,sh688355,21.27,21.25,21.27,3312800.0,21.27,7100,21.4,2000,0.09,21.27,21.27,3312800,700000.0,0.03,0.0,26.37,26.37,25.5,17.0,0.0
嘉环科技,sh603206,15.78,15.9,15.78,20300.0,15.73,4100,15.78,900,-0.75,15.78,15.78,20300,320000.0,0.01,0.0,48.16,48.16,17.49,14.31,0.0
上海机场,sh600009,29.37,29.69,29.37,249900.0,29.36,7700,29.37,2800,-1.08,29.37,29.37,249900,7340000.0,0.01,0.0,600.99,730.82,32.66,26.72,0.0
康强电子,sz002119,21.4,22.0,21.4,169900.0,21.39,2900,21.4,22500,-2.73,21.4,21.4,169900,3640000.0,0.05,0.0,80.31,80.31,24.2,19.8,0.0
路桥信息,bj920748,40.0,41.3,40.0,18500.0,39.99,100,40.0,8300,-3.15,40.0,40.0,18500,741900.0,0.05,0.0,14.27,30.7,53.69,28.91,0.0
西大门,sh605155,17.7,17.92,17.7,13500.0,17.66,6000,17.7,500,-1.23,17.7,17.7,13500,240000.0,0.01,0.0,33.07,33.86,19.71,16.13,0.0
中国稀土,sz000831,56.37,57.5,56.37,425100.0,56.35,1500,56.37,11100,-1.97,56.37,56.37,425100,23960000.0,0.04,0.0,598.21,598.21,63.25,51.75,0.0
长鸿高科,sh605008,12.75,12.79,12.75,14400.0,12.72,100,12.75,13300,-0.31,12.75,12.75,14400,180000.0,0.0,0.0,82.36,82.36,14.07,11.51,0.0
瑞联新材,sh688550,44.4,45.36,44.4,1884100.0,44.33,500,44.4,200,-2.12,44.4,44.4,1884100,840000.0,0.01,0.0,77.19,77.19,54.43,36.29,0.0
瀚川智能,sh688022,15.9,16.12,15.9,2609300.0,15.9,6700,16.0,17000,-1.36,15.9,15.9,2609300,410000.0,0.01,0.0,27.96,27.96,19.34,12.9,0.0
旭升集团,sh603305,15.27,15.61,15.27,191800.0,15.26,1200,15.27,8700,-2.18,15.27,15.27,191800,2930000.0,0.02,0.0,176.48,176.48,17.17,14.05,0.0
皇马科技,sh603181,17.04,17.26,17.04,61500.0,17.04,10900,17.09,200,-1.27,17.04,17.04,61500,1050000.0,0.01,0.0,100.31,100.31,18.99,15.53,0.0
宁波中百,sh600857,12.71,12.87,12.71,16300.0,12.71,4300,12.81,6000,-1.24,12.71,12.71,16300,210000.0,0.01,0.0,28.51,28.51,14.16,11.58,0.0
川投能源,sh600674,15.31,15.33,15.31,193700.0,15.3,8300,15.31,3100,-0.13,15.31,15.31,193700,2970000.0,0.0,0.0,746.3,746.3,16.86,13.8,0.0
冠昊生物,sz300238,15.59,15.84,15.59,81700.0,15.58,16900,15.59,3200,-1.58,15.59,15.59,81700,1270000.0,0.03,0.0,41.33,41.34,19.01,12.67,0.0
北方长龙,sz301357,130.28,132.05,130.28,10500.0,130.15,200,130.28,1800,-1.34,130.28,130.28,10500,1370000.0,0.04,0.0,31.01,124.03,158.46,105.64,0.0
中科蓝讯,sh688332,128.13,129.52,128.13,1741200.0,128.13,200,128.14,1000,-1.07,128.13,128.13,1741200,2230000.0,0.01,0.0,154.52,154.52,155.42,103.62,0.0
维力医疗,sh603309,14.8,14.95,14.8,30000.0,14.78,5200,14.8,200,-1.0,14.8,14.8,30000,440000.0,0.01,0.0,43.2,43.2,16.45,13.46,0.0
安井食品,sh603345,91.25,92.13,91.25,28100.0,91.25,900,91.58,6000,-0.96,91.25,91.25,28100,2560000.0,0.01,0.0,267.63,304.13,101.34,82.92,0.0
通力科技,sz301255,26.45,26.48,26.45,10400.0,26.41,700,26.45,500,-0.11,26.45,26.45,10400,280000.0,0.03,0.0,10.07,40.29,31.78,21.18,0.0
锡南科技,sz301170,30.0,30.3,30.0,16000.0,30.0,1200,30.01,3200,-0.99,30.0,30.0,16000,480000.0,0.05,0.0,10.07,30.0,36.36,24.24,0.0
复星医药,sh600196,25.7,25.91,25.7,119500.0,25.68,4700,25.7,29800,-0.81,25.7,25.7,119500,3070000.0,0.01,0.0,544.45,686.3,28.5,23.32,0.0
金奥博,sz002917,14.05,14.23,14.05,20300.0,14.05,11900,14.1,3100,-1.26,14.05,14.05,20300,290000.0,0.01,0.0,36.6,48.84,15.65,12.81,0.0
交大思诺,sz300851,31.59,31.58,31.59,16800.0,31.57,200,31.59,100,0.03,31.59,31.59,16800,530000.0,0.03,0.0,17.09,27.46,37.9,25.26,0.0
沃尔核材,sz002130,25.59,26.25,25.59,440700.0,25.59,600,25.6,475200,-2.51,25.59,25.59,440700,11280000.0,0.04,0.0,292.88,358.23,28.88,23.63,0.0
奥尼电子,sz301189,42.53,42.97,42.53,10200.0,42.53,7200,42.66,200,-1.02,42.53,42.53,10200,430000.0,0.01,0.0,47.53,49.5,51.56,34.38,0.0
三一重能,sh688349,25.72,25.88,25.72,502700.0,25.7,500,25.72,700,-0.62,25.72,25.72,502700,130000.0,0.0,0.0,305.94,315.43,31.06,20.7,0.0
万控智造,sh603070,16.3,16.68,16.3,149200.0,16.28,9000,16.3,62500,-2.28,16.3,16.3,149200,2430000.0,0.04,0.0,64.45,65.36,18.35,15.01,0.0
通达创智,sz001368,27.1,27.21,27.1,5800.0,27.02,600,27.1,25600,-0.4,27.1,27.1,5800,160000.0,0.02,0.0,8.7,30.85,29.93,24.49,0.0
思林杰,sh688115,45.01,44.89,45.01,649000.0,45.01,700,45.07,5000,0.27,45.01,45.01,649000,290000.0,0.01,0.0,30.01,30.01,53.87,35.91,0.0
洪汇新材,sz002802,13.86,14.03,13.86,68800.0,13.86,4000,13.9,27600,-1.21,13.86,13.86,68800,950000.0,0.05,0.0,20.89,25.27,15.43,12.63,0.0
康希通信,sh688653,13.56,13.83,13.56,3063000.0,13.55,200,13.56,24400,-1.95,13.56,13.56,3063000,420000.0,0.01,0.0,42.91,57.56,16.6,11.06,0.0
潞安环能,sh601699,14.72,14.02,14.72,1276800.0,14.72,283100,14.73,385100,4.99,14.72,14.72,1276800,18790000.0,0.04,0.0,440.34,440.34,15.42,12.62,0.0
争光股份,sz301092,37.7,38.39,37.7,16300.0,37.7,300,37.8,2100,-1.8,37.7,37.7,16300,610000.0,0.03,0.0,22.88,50.72,46.07,30.71,0.0
集智股份,sz300553,39.15,39.7,39.15,20700.0,39.1,200,39.15,5500,-1.39,39.15,39.15,20700,810000.0,0.02,0.0,32.99,43.47,47.64,31.76,0.0
春立医疗,sh688236,20.62,20.65,20.62,1470000.0,20.62,800,20.65,300,-0.15,20.62,20.62,1470000,300000.0,0.01,0.0,59.47,79.09,24.78,16.52,0.0
盛天网络,sz300494,12.15,12.31,12.15,127400.0,12.15,22300,12.16,6200,-1.3,12.15,12.15,127400,1550000.0,0.03,0.0,48.4,59.6,14.77,9.85,0.0
线上线下,sz300959,81.13,82.9,81.13,2400.0,81.11,700,81.21,200,-2.14,81.13,81.13,2400,190000.0,0.0,0.0,42.48,65.2,99.48,66.32,0.0
北矿科技,sh600980,24.59,24.81,24.59,19600.0,24.59,3500,24.6,3600,-0.89,24.59,24.59,19600,480000.0,0.01,0.0,46.54,46.54,27.29,22.33,0.0
云南白药,sz000538,55.89,56.15,55.89,54800.0,55.87,200,55.9,11100,-0.46,55.89,55.89,54800,3060000.0,0.0,0.0,990.81,997.22,61.77,50.54,0.0
力合微,sh688589,23.43,23.8,23.43,5142000.0,23.43,2500,23.5,200,-1.55,23.43,23.43,5142000,1200000.0,0.04,0.0,34.05,34.05,28.56,19.04,0.0
中捷精工,sz301072,24.08,24.4,24.08,11200.0,24.08,2000,24.15,14600,-1.31,24.08,24.08,11200,270000.0,0.02,0.0,16.17,25.3,29.28,19.52,0.0
凯盛科技,sh600552,13.06,13.35,13.06,310800.0,13.06,45300,13.09,100,-2.17,13.06,13.06,310800,4060000.0,0.03,0.0,123.37,123.37,14.69,12.02,0.0
奥海科技,sz002993,47.0,48.12,47.0,43000.0,47.0,4900,47.39,500,-2.33,47.0,47.0,43000,2020000.0,0.02,0.0,112.07,129.74,52.93,43.31,0.0
道道全,sz002852,10.95,10.83,10.95,126400.0,10.94,700,10.95,14800,1.11,10.95,10.95,126400,1380000.0,0.04,0.0,31.24,37.66,11.91,9.75,0.0
华骐环保,sz300929,12.34,12.48,12.34,89500.0,12.33,16900,12.34,600,-1.12,12.34,12.34,89500,1100000.0,0.07,0.0,15.64,16.31,14.98,9.98,0.0
全柴动力,sh600218,10.89,11.16,10.89,220700.0,10.89,19600,10.9,10700,-2.42,10.89,10.89,220700,2400000.0,0.05,0.0,47.44,47.44,12.28,10.04,0.0
兰生股份,sh600826,11.12,11.22,11.12,31400.0,11.1,800,11.12,1600,-0.89,11.12,11.12,31400,350000.0,0.0,0.0,81.79,81.79,12.34,10.1,0.0
中谷物流,sh603565,10.98,11.04,10.98,170900.0,10.97,3300,10.98,2700,-0.54,10.98,10.98,170900,1880000.0,0.01,0.0,230.59,230.59,12.14,9.94,0.0
张  裕Ａ,sz000869,19.59,19.74,19.59,36200.0,19.59,900,19.6,15000,-0.76,19.59,19.59,36200,710000.0,0.01,0.0,89.15,128.75,21.71,17.77,0.0
千金药业,sh600479,11.12,11.2,11.12,40300.0,11.1,400,11.12,3200,-0.71,11.12,11.12,40300,450000.0,0.01,0.0,46.54,54.73,12.32,10.08,0.0
中材国际,sh600970,10.9,11.07,10.9,273900.0,10.9,39200,10.92,100,-1.54,10.9,10.9,273900,2990000.0,0.01,0.0,285.44,285.78,12.18,9.96,0.0
中晶科技,sz003026,32.25,32.85,32.25,27100.0,32.22,100,32.25,4500,-1.83,32.25,32.25,27100,870000.0,0.03,0.0,30.86,41.8,36.14,29.57,0.0
陕鼓动力,sh601369,11.93,11.94,11.93,268200.0,11.9,100,11.93,56600,-0.08,11.93,11.93,268200,3200000.0,0.02,0.0,203.55,205.61,13.13,10.75,0.0
凤凰传媒,sh601928,9.66,9.73,9.66,77500.0,9.66,31000,9.68,255700,-0.72,9.66,9.66,77500,750000.0,0.0,0.0,245.84,245.84,10.7,8.76,0.0
摩恩电气,sz002451,10.94,11.04,10.94,254300.0,10.94,1600,10.96,4600,-0.91,10.94,10.94,254300,2780000.0,0.06,0.0,48.04,48.21,12.14,9.94,0.0
盛帮股份,sz301233,53.12,54.02,53.12,16500.0,53.12,400,53.85,100,-1.67,53.12,53.12,16500,880000.0,0.06,0.0,14.97,27.34,64.82,43.22,0.0
宣泰医药,sh688247,9.61,9.74,9.61,3943500.0,9.61,2200,9.65,12000,-1.33,9.61,9.61,3943500,380000.0,0.01,0.0,43.57,43.57,11.69,7.79,0.0
中毅达,sh600610,11.15,11.17,11.15,228800.0,11.12,2500,11.15,62600,-0.18,11.15,11.15,228800,2550000.0,0.03,0.0,79.02,119.45,12.29,10.05,0.0
亚光股份,sh603282,22.24,22.25,22.24,15000.0,22.19,900,22.24,10000,-0.04,22.24,22.24,15000,330000.0,0.02,0.0,14.27,29.76,24.48,20.03,0.0
雷赛智能,sz002979,37.18,37.9,37.18,93000.0,37.18,100,37.3,2000,-1.9,37.18,37.18,93000,3460000.0,0.04,0.0,82.16,116.8,41.69,34.11,0.0
正泰电源,sz002150,26.53,27.08,26.53,157200.0,26.53,1400,26.54,1800,-2.03,26.53,26.53,157200,4170000.0,0.04,0.0,95.12,95.74,29.79,24.37,0.0
金道科技,sz301279,29.86,30.06,29.86,6200.0,29.8,500,29.86,400,-0.67,29.86,29.86,6200,190000.0,0.01,0.0,29.28,38.74,36.07,24.05,0.0
浙江震元,sz000705,9.14,9.18,9.14,25900.0,9.13,5300,9.14,20400,-0.44,9.14,9.14,25900,240000.0,0.01,0.0,25.77,30.54,10.1,8.26,0.0
华能水电,sh600025,10.3,10.3,10.3,311200.0,10.29,14300,10.3,56000,0.0,10.3,10.3,311200,3210000.0,0.0,0.0,1854.0,1919.0,11.33,9.27,0.0
国金证券,sh600109,8.74,8.84,8.74,418000.0,8.74,46300,8.75,455600,-1.13,8.74,8.74,418000,3650000.0,0.01,0.0,323.85,323.85,9.72,7.96,0.0
中国移动,sh600941,95.31,95.61,95.31,57900.0,95.3,1200,95.31,5800,-0.31,95.31,95.31,57900,5520000.0,0.01,0.0,860.43,20638.36,105.17,86.05,0.0
捷顺科技,sz002609,9.08,9.24,9.08,85400.0,9.07,1500,9.08,6300,-1.73,9.08,9.08,85400,780000.0,0.02,0.0,41.71,58.42,10.16,8.32,0.0
大全能源,sh688303,22.74,23.01,22.74,5602500.0,22.74,1800,22.75,10100,-1.17,22.74,22.74,5602500,1270000.0,0.0,0.0,487.82,487.82,27.61,18.41,0.0
安迪苏,sh600299,13.33,13.5,13.33,383300.0,13.33,300,13.38,10000,-1.26,13.33,13.33,383300,5110000.0,0.01,0.0,357.5,410.53,14.85,12.15,0.0
三鑫医疗,sz300453,9.7,9.79,9.7,114600.0,9.7,50700,9.71,10600,-0.92,9.7,9.7,114600,1110000.0,0.03,0.0,34.91,50.64,11.75,7.83,0.0
济川药业,sh600566,27.6,27.75,27.6,13100.0,27.59,400,27.6,8900,-0.54,27.6,27.6,13100,360000.0,0.0,0.0,253.43,254.29,30.53,24.98,0.0
ST炼石,sz000697,10.08,10.2,10.08,260500.0,10.08,900,10.11,300,-1.18,10.08,10.08,260500,2630000.0,0.04,0.0,65.83,140.73,10.71,9.69,0.0
大宏立,sz300865,28.8,29.09,28.8,2200.0,28.8,100,29.09,400,-1.0,28.8,28.8,2200,60000.0,0.0,0.0,16.2,27.56,34.91,23.27,0.0
皖通科技,sz002331,8.82,8.93,8.82,32000.0,8.82,5200,8.83,300,-1.23,8.82,8.82,32000,280000.0,0.01,0.0,34.91,37.79,9.82,8.04,0.0
英威腾,sz002334,10.0,10.19,10.0,648000.0,9.99,6400,10.0,11000,-1.86,10.0,10.0,648000,6480000.0,0.09,0.0,73.41,82.27,11.21,9.17,0.0
华懋科技,sh603306,79.99,83.34,79.99,403500.0,79.99,400,80.0,48300,-4.02,79.99,79.99,403500,32280000.0,0.12,0.0,263.56,263.56,91.67,75.01,0.0
深天马Ａ,sz000050,9.23,9.39,9.23,545700.0,9.23,800,9.24,600,-1.7,9.23,9.23,545700,5040000.0,0.02,0.0,226.85,226.85,10.33,8.45,0.0
光大证券,sh601788,15.97,16.18,15.97,411900.0,15.96,48000,15.97,580900,-1.3,15.97,15.97,411900,6580000.0,0.01,0.0,623.9,736.34,17.8,14.56,0.0
赛腾股份,sh603283,45.0,46.5,45.0,257100.0,45.0,6800,45.1,200,-3.23,45.0,45.0,257100,11570000.0,0.09,0.0,122.03,122.03,51.15,41.85,0.0
奥浦迈,sh688293,48.38,48.97,48.38,345700.0,48.38,100,48.93,900,-1.2,48.38,48.38,345700,170000.0,0.0,0.0,55.07,62.91,58.76,39.18,0.0
中国核电,sh601985,8.84,8.83,8.84,2180900.0,8.84,803300,8.85,192100,0.11,8.84,8.84,2180900,19280000.0,0.01,0.0,1669.28,1818.21,9.71,7.95,0.0
世纪华通,sz002602,17.81,18.22,17.81,908200.0,17.81,48100,17.82,11100,-2.25,17.81,17.81,908200,16180000.0,0.01,0.0,1210.52,1312.72,20.04,16.4,0.0
博隆技术,sh603325,76.69,77.55,76.69,4500.0,76.55,600,76.77,200,-1.11,76.69,76.69,4500,350000.0,0.01,0.0,26.22,61.36,85.31,69.8,0.0
环球印务,sz002799,9.06,9.18,9.06,20200.0,9.05,1200,9.06,9400,-1.31,9.06,9.06,20200,180000.0,0.01,0.0,29.0,29.0,10.1,8.26,0.0
青达环保,sh688501,27.01,27.36,27.01,737200.0,27.01,1200,27.2,2300,-1.28,27.01,27.01,737200,200000.0,0.01,0.0,33.55,33.55,32.83,21.89,0.0
深南电A,sz000037,10.05,10.1,10.05,106200.0,10.03,52200,10.05,8500,-0.5,10.05,10.05,106200,1070000.0,0.03,0.0,34.06,60.58,11.11,9.09,0.0
浙江建投,sz002761,8.27,8.33,8.27,131100.0,8.27,12100,8.29,5000,-0.72,8.27,8.27,131100,1080000.0,0.01,0.0,89.46,109.57,9.16,7.5,0.0
开普云,sh688228,116.0,117.74,116.0,1191000.0,116.0,300,116.01,200,-1.48,116.0,116.0,1191000,1380000.0,0.02,0.0,78.36,78.36,141.29,94.19,0.0
上海电气,sh601727,9.23,9.36,9.23,3916400.0,9.22,20000,9.23,87400,-1.39,9.23,9.23,3916400,36150000.0,0.03,0.0,1164.42,1434.35,10.3,8.42,0.0
时代万恒,sh600241,8.75,8.76,8.75,35800.0,8.73,7400,8.75,7900,-0.11,8.75,8.75,35800,310000.0,0.01,0.0,25.75,25.75,9.64,7.88,0.0
通化东宝,sh600867,8.98,9.04,8.98,244700.0,8.98,22500,8.99,11200,-0.66,8.98,8.98,244700,2200000.0,0.01,0.0,175.88,175.88,9.94,8.14,0.0
新恒汇,sz301678,66.5,68.07,66.5,24300.0,66.4,100,66.5,200,-2.31,66.5,66.5,24300,1620000.0,0.05,0.0,31.86,159.3,81.68,54.46,0.0
鼎捷数智,sz300378,43.2,44.21,43.2,108600.0,43.19,1200,43.2,7000,-2.28,43.2,43.2,108600,4690000.0,0.04,0.0,116.44,117.31,53.05,35.37,0.0
豪迈科技,sz002595,97.3,98.5,97.3,72100.0,97.3,300,97.5,100,-1.22,97.3,97.3,72100,7020000.0,0.01,0.0,773.11,778.4,108.35,88.65,0.0
北京科锐,sz002350,13.15,13.57,13.15,870000.0,13.13,1100,13.15,16900,-3.1,13.15,13.15,870000,11440000.0,0.16,0.0,69.77,71.32,14.93,12.21,0.0
天富龙,sh603406,36.4,36.79,36.4,13300.0,36.4,900,36.58,300,-1.06,36.4,36.4,13300,480000.0,0.04,0.0,13.35,145.6,40.47,33.11,0.0
华立股份,sh603038,16.4,16.52,16.4,6500.0,16.4,200,16.51,200,-0.73,16.4,16.4,6500,110000.0,0.0,0.0,44.06,44.06,18.17,14.87,0.0
百合花,sh603823,18.2,18.26,18.2,54800.0,18.0,400,18.2,134200,-0.33,18.2,18.2,54800,1000000.0,0.01,0.0,74.81,75.78,20.09,16.43,0.0
诚志股份,sz000990,9.45,8.93,9.45,1966800.0,9.43,5500,9.45,209500,5.82,9.45,9.45,1966800,18590000.0,0.16,0.0,114.84,114.84,9.82,8.04,0.0
华西股份,sz000936,7.79,7.87,7.79,159400.0,7.78,15300,7.79,8900,-1.02,7.79,7.79,159400,1240000.0,0.02,0.0,69.01,69.02,8.66,7.08,0.0
陆家嘴,sh600663,8.03,8.1,8.03,83900.0,8.03,10500,8.05,300,-0.86,8.03,8.03,83900,670000.0,0.0,0.0,253.4,404.32,8.91,7.29,0.0
贝斯特,sz300580,21.77,22.21,21.77,66700.0,21.77,5800,21.97,2000,-1.98,21.77,21.77,66700,1450000.0,0.01,0.0,102.88,109.36,26.65,17.77,0.0
广信材料,sz300537,23.97,24.41,23.97,65000.0,23.91,100,23.97,500,-1.8,23.97,23.97,65000,1560000.0,0.04,0.0,36.4,49.81,29.29,19.53,0.0
黄山谷捷,sz301581,49.2,50.1,49.2,8200.0,49.2,2300,50.15,3600,-1.8,49.2,49.2,8200,400000.0,0.02,0.0,24.05,39.36,60.12,40.08,0.0
福莱特,sh601865,15.26,15.45,15.26,170300.0,15.26,9100,15.27,2000,-1.23,15.26,15.26,170300,2600000.0,0.01,0.0,290.1,357.52,17.0,13.91,0.0
果麦文化,sz301052,36.4,37.2,36.4,45300.0,36.36,3100,36.4,1200,-2.15,36.4,36.4,45300,1650000.0,0.06,0.0,29.19,36.02,44.64,29.76,0.0
*ST高斯,sz002848,11.77,11.88,11.77,16400.0,11.77,2100,11.79,900,-0.93,11.77,11.77,16400,190000.0,0.01,0.0,19.41,19.67,12.47,11.29,0.0
鲍斯股份,sz300441,7.76,7.85,7.76,41100.0,7.75,10000,7.76,7500,-1.15,7.76,7.76,41100,320000.0,0.01,0.0,48.62,50.01,9.42,6.28,0.0
真兰仪表,sz301303,16.62,16.74,16.62,60200.0,16.62,4200,16.65,12000,-0.72,16.62,16.62,60200,1000000.0,0.06,0.0,16.91,67.94,20.09,13.39,0.0
军信股份,sz301109,17.19,17.37,17.19,82200.0,17.19,1900,17.22,4700,-1.04,17.19,17.19,82200,1410000.0,0.04,0.0,39.64,135.65,20.84,13.9,0.0
和泰机电,sz001225,59.15,60.04,59.15,25400.0,59.15,800,59.22,900,-1.48,59.15,59.15,25400,1500000.0,0.12,0.0,12.44,38.96,66.04,54.04,0.0
设研院,sz300732,7.46,7.56,7.46,17800.0,7.46,86600,7.47,1300,-1.32,7.46,7.46,17800,130000.0,0.0,0.0,27.61,27.64,9.07,6.05,0.0
宁波联合,sh600051,8.11,8.17,8.11,69800.0,8.09,1000,8.11,7800,-0.73,8.11,8.11,69800,570000.0,0.02,0.0,25.21,25.21,8.99,7.35,0.0
大亚圣象,sz000910,7.42,7.45,7.42,45500.0,7.42,1400,7.44,700,-0.4,7.42,7.42,45500,340000.0,0.01,0.0,40.6,40.62,8.2,6.71,0.0
优宁维,sz301166,32.65,32.9,32.65,3600.0,32.65,400,32.75,2000,-0.76,32.65,32.65,3600,120000.0,0.01,0.0,18.58,28.3,39.48,26.32,0.0
亿嘉和,sh603666,28.7,29.18,28.7,17100.0,28.7,6400,28.76,1500,-1.64,28.7,28.7,17100,490000.0,0.01,0.0,58.99,58.99,32.1,26.26,0.0
首药控股-U,sh688197,39.09,39.37,39.09,245000.0,39.0,400,39.09,1900,-0.71,39.09,39.09,245000,100000.0,0.0,0.0,25.02,58.13,47.24,31.5,0.0
长电科技,sh600584,45.63,47.04,45.63,1235200.0,45.62,300,45.63,18800,-3.0,45.63,45.63,1235200,56360000.0,0.07,0.0,816.51,816.51,51.74,42.34,0.0
中远海特,sh600428,8.32,8.28,8.32,931700.0,8.32,130300,8.34,8100,0.48,8.32,8.32,931700,7750000.0,0.04,0.0,203.45,228.29,9.11,7.45,0.0
安孚科技,sh603031,52.0,53.69,52.0,48300.0,51.93,100,52.0,14900,-3.15,52.0,52.0,48300,2510000.0,0.02,0.0,109.78,134.07,59.06,48.32,0.0
歌华有线,sh600037,7.58,7.66,7.58,153300.0,7.57,2300,7.58,30900,-1.04,7.58,7.58,153300,1160000.0,0.01,0.0,105.5,105.5,8.43,6.89,0.0
影石创新,sh688775,207.83,211.7,207.83,691100.0,207.6,300,207.83,1200,-1.83,207.83,207.83,691100,1440000.0,0.02,0.0,68.17,833.4,254.04,169.36,0.0
东兴证券,sh601198,13.46,13.58,13.46,478700.0,13.45,163200,13.46,45900,-0.88,13.46,13.46,478700,6440000.0,0.01,0.0,435.09,435.09,14.94,12.22,0.0
锡业股份,sz000960,38.18,40.3,38.18,1671600.0,38.18,1300,38.19,40700,-5.26,38.18,38.18,1671600,63820000.0,0.1,0.0,628.23,628.23,44.33,36.27,0.0
津膜科技,sz300334,8.04,8.09,8.04,113500.0,8.03,5700,8.07,9600,-0.62,8.04,8.04,113500,910000.0,0.04,0.0,24.28,24.29,9.71,6.47,0.0
润邦股份,sz002483,8.02,8.11,8.02,57700.0,8.01,22100,8.02,10800,-1.11,8.02,8.02,57700,460000.0,0.01,0.0,71.0,71.09,8.92,7.3,0.0
罗普特,sh688619,14.85,15.0,14.85,1385600.0,14.78,500,14.85,1500,-1.0,14.85,14.85,1385600,210000.0,0.01,0.0,27.54,27.54,18.0,12.0,0.0
青岛啤酒,sh600600,61.99,62.46,61.99,58200.0,61.99,16700,62.0,48300,-0.75,61.99,61.99,58200,3610000.0,0.01,0.0,439.59,845.66,68.71,56.21,0.0
财达证券,sh600906,6.66,6.72,6.66,175500.0,6.65,56100,6.66,6500,-0.89,6.66,6.66,175500,1170000.0,0.01,0.0,141.47,216.12,7.39,6.05,0.0
博硕科技,sz300951,36.42,37.07,36.42,12100.0,36.42,2600,36.54,400,-1.75,36.42,36.42,12100,440000.0,0.01,0.0,55.14,61.7,44.48,29.66,0.0
福斯达,sh603173,43.88,44.97,43.88,50200.0,43.86,4000,43.88,31300,-2.42,43.88,43.88,50200,2200000.0,0.03,0.0,70.21,70.21,49.47,40.47,0.0
盛德鑫泰,sz300881,50.5,51.19,50.5,26300.0,50.42,600,50.5,600,-1.35,50.5,50.5,26300,1330000.0,0.05,0.0,28.99,55.55,61.43,40.95,0.0
哈投股份,sh600864,6.39,6.46,6.39,366300.0,6.39,220300,6.4,67600,-1.08,6.39,6.39,366300,2340000.0,0.02,0.0,132.95,132.95,7.11,5.81,0.0
国投丰乐,sz000713,7.29,7.21,7.29,378500.0,7.28,7700,7.29,19900,1.11,7.29,7.29,378500,2760000.0,0.06,0.0,44.76,58.19,7.93,6.49,0.0
禾望电气,sh603063,31.6,31.9,31.6,1096800.0,31.6,900,31.61,1400,-0.94,31.6,31.6,1096800,34660000.0,0.24,0.0,144.69,144.69,35.09,28.71,0.0
四方新材,sh605122,13.74,13.91,13.74,16800.0,13.74,200,13.86,800,-1.22,13.74,13.74,16800,230000.0,0.01,0.0,23.68,23.68,15.3,12.52,0.0
湖南白银,sz002716,14.51,14.87,14.51,5084900.0,14.51,316900,14.53,800,-2.42,14.51,14.51,5084900,73780000.0,0.22,0.0,337.34,409.63,16.36,13.38,0.0
新朋股份,sz002328,6.88,6.97,6.88,229800.0,6.88,9600,6.9,12000,-1.29,6.88,6.88,229800,1580000.0,0.04,0.0,39.27,53.1,7.67,6.27,0.0
亚宝药业,sh600351,6.63,6.68,6.63,127800.0,6.63,16500,6.64,5000,-0.75,6.63,6.63,127800,850000.0,0.02,0.0,45.88,45.88,7.35,6.01,0.0
远信工业,sz301053,34.0,34.26,34.0,5400.0,34.0,800,34.26,400,-0.76,34.0,34.0,5400,180000.0,0.01,0.0,26.29,28.63,41.11,27.41,0.0
东来技术,sh688129,24.6,24.74,24.6,1690000.0,24.57,200,24.6,5900,-0.57,24.6,24.6,1690000,420000.0,0.01,0.0,29.64,29.64,29.69,19.79,0.0
物产环能,sh603071,14.42,14.27,14.42,32000.0,14.42,10700,14.43,2000,1.05,14.42,14.42,32000,460000.0,0.01,0.0,80.46,80.46,15.7,12.84,0.0
四川美丰,sz000731,8.38,7.84,8.38,1912500.0,8.37,18300,8.38,2400,6.89,8.38,8.38,1912500,16030000.0,0.35,0.0,45.99,45.99,8.62,7.06,0.0
利尔化学,sz002258,16.22,16.31,16.22,147800.0,16.22,147000,16.24,1900,-0.55,16.22,16.22,147800,2400000.0,0.02,0.0,129.62,129.83,17.94,14.68,0.0
东土科技,sz300353,23.36,23.93,23.36,336900.0,23.35,17800,23.36,4600,-2.38,23.36,23.36,336900,7870000.0,0.06,0.0,125.5,143.64,28.72,19.14,0.0
山西焦煤,sz000983,7.54,7.2,7.54,2805200.0,7.53,79600,7.54,19100,4.72,7.54,7.54,2805200,21150000.0,0.05,0.0,428.05,428.05,7.92,6.48,0.0
晨光生物,sz300138,14.05,14.1,14.05,53500.0,14.0,1600,14.08,1100,-0.35,14.05,14.05,53500,750000.0,0.01,0.0,55.96,67.88,16.92,11.28,0.0
佳电股份,sz000922,15.16,15.48,15.16,81800.0,15.16,100,15.17,100,-2.07,15.16,15.16,81800,1240000.0,0.01,0.0,89.03,105.36,17.03,13.93,0.0
有友食品,sh603697,11.24,11.38,11.24,60600.0,11.23,500,11.24,4900,-1.23,11.24,11.24,60600,680000.0,0.01,0.0,48.07,48.07,12.52,10.24,0.0
中航机载,sh600372,15.35,15.56,15.35,763600.0,15.34,8100,15.35,6300,-1.35,15.35,15.35,763600,11720000.0,0.02,0.0,742.77,742.77,17.12,14.0,0.0
赛科希德,sh688338,31.99,32.41,31.99,2195000.0,31.89,200,31.99,400,-1.3,31.99,31.99,2195000,700000.0,0.02,0.0,33.95,33.95,38.89,25.93,0.0
金鸿顺,sh603922,21.21,21.52,21.21,8000.0,21.15,500,21.21,1000,-1.44,21.21,21.21,8000,170000.0,0.0,0.0,38.01,38.01,23.67,19.37,0.0
森特股份,sh603098,14.93,15.1,14.93,68300.0,14.93,12000,14.97,2600,-1.13,14.93,14.93,68300,1020000.0,0.01,0.0,80.44,80.58,16.61,13.59,0.0
海特高新,sz002023,11.71,11.87,11.71,338000.0,11.71,22100,11.74,1000,-1.35,11.71,11.71,338000,3960000.0,0.05,0.0,86.75,86.75,13.06,10.68,0.0
中创物流,sh603967,13.15,13.25,13.15,20600.0,13.15,8000,13.16,800,-0.75,13.15,13.15,20600,270000.0,0.01,0.0,45.59,45.59,14.58,11.93,0.0
新相微,sh688593,33.0,34.0,33.0,13467800.0,32.89,3000,33.0,281600,-2.94,33.0,33.0,13467800,4440000.0,0.04,0.0,106.48,151.64,40.8,27.2,0.0
华润江中,sh600750,24.97,24.87,24.97,37300.0,24.9,21700,24.97,10300,0.4,24.97,24.97,37300,930000.0,0.01,0.0,156.98,158.71,27.36,22.38,0.0
华建集团,sh600629,21.93,22.42,21.93,562100.0,21.93,1300,21.94,1400,-2.19,21.93,21.93,562100,12330000.0,0.06,0.0,209.02,212.8,24.66,20.18,0.0
友车科技,sh688479,32.59,32.96,32.59,1819800.0,32.5,500,32.59,100,-1.12,32.59,32.59,1819800,590000.0,0.03,0.0,20.31,47.03,39.55,26.37,0.0
皖维高新,sh600063,7.39,7.09,7.39,1641900.0,7.36,12400,7.39,31500,4.23,7.39,7.39,1641900,12130000.0,0.08,0.0,152.91,152.91,7.8,6.38,0.0
鸿远电子,sh603267,58.62,59.96,58.62,119000.0,58.62,1300,58.66,2100,-2.23,58.62,58.62,119000,6980000.0,0.05,0.0,135.46,135.46,65.96,53.96,0.0
国发股份,sh600538,6.29,6.37,6.29,63800.0,6.29,5100,6.41,300,-1.26,6.29,6.29,63800,400000.0,0.01,0.0,32.97,32.97,7.01,5.73,0.0
光弘科技,sz300735,23.44,23.88,23.44,70200.0,23.44,400,23.45,16200,-1.84,23.44,23.44,70200,1650000.0,0.01,0.0,177.54,179.89,28.66,19.1,0.0
万丰股份,sh603172,22.48,22.79,22.48,12300.0,22.48,2200,22.56,300,-1.36,22.48,22.48,12300,280000.0,0.02,0.0,11.26,29.98,25.07,20.51,0.0
容知日新,sh688768,49.0,49.91,49.0,1159000.0,48.74,1000,49.0,1000,-1.82,49.0,49.0,1159000,570000.0,0.01,0.0,42.76,43.11,59.89,39.93,0.0
奥瑞金,sz002701,5.4,5.45,5.4,328800.0,5.39,18800,5.4,45700,-0.92,5.4,5.4,328800,1780000.0,0.01,0.0,138.1,138.23,6.0,4.91,0.0
青岛双星,sz000599,6.88,6.98,6.88,129500.0,6.88,100,6.9,22800,-1.43,6.88,6.88,129500,890000.0,0.02,0.0,56.19,56.19,7.68,6.28,0.0
方正科技,sh600601,10.53,10.7,10.53,501900.0,10.52,11500,10.53,16000,-1.59,10.53,10.53,501900,5290000.0,0.01,0.0,439.13,450.03,11.77,9.63,0.0
祥龙电业,sh600769,12.8,12.99,12.8,31600.0,12.78,5000,12.8,4100,-1.46,12.8,12.8,31600,400000.0,0.01,0.0,48.0,48.0,14.29,11.69,0.0
江山股份,sh600389,31.1,30.5,31.1,209700.0,31.07,12200,31.11,1000,1.97,31.1,31.1,209700,6520000.0,0.05,0.0,133.93,133.93,33.55,27.45,0.0
佳发教育,sz300559,11.27,11.45,11.27,16700.0,11.26,500,11.27,300,-1.57,11.27,11.27,16700,190000.0,0.01,0.0,35.07,45.03,13.74,9.16,0.0
深纺织Ａ,sz000045,12.55,12.78,12.55,247800.0,12.55,2500,12.56,6400,-1.8,12.55,12.55,247800,3110000.0,0.05,0.0,57.36,63.57,14.06,11.5,0.0
太极股份,sz002368,20.23,20.4,20.23,71200.0,20.23,1800,20.28,400,-0.83,20.23,20.23,71200,1440000.0,0.01,0.0,125.51,126.08,22.44,18.36,0.0
安道麦A,sz000553,6.22,6.23,6.22,220500.0,6.22,7600,6.23,1100,-0.16,6.22,6.22,220500,1370000.0,0.01,0.0,135.41,144.91,6.85,5.61,0.0
亚玛顿,sz002623,24.45,24.99,24.45,72600.0,24.45,2400,24.47,400,-2.16,24.45,24.45,72600,1780000.0,0.04,0.0,48.57,48.67,27.49,22.49,0.0
国网英大,sh600517,7.48,7.54,7.48,604800.0,7.47,2300,7.48,79000,-0.8,7.48,7.48,604800,4520000.0,0.01,0.0,427.74,427.74,8.29,6.79,0.0
传化智联,sz002010,6.41,6.46,6.41,234300.0,6.41,38800,6.42,114800,-0.77,6.41,6.41,234300,1500000.0,0.01,0.0,176.73,177.17,7.11,5.81,0.0
胜蓝股份,sz300843,51.5,54.69,51.5,158400.0,51.49,100,51.5,10600,-5.83,51.5,51.5,158400,8160000.0,0.1,0.0,80.9,84.31,65.63,43.75,0.0
麦捷科技,sz300319,13.53,13.97,13.53,570400.0,13.53,5200,13.54,1000,-3.15,13.53,13.53,570400,7720000.0,0.07,0.0,114.03,120.09,16.76,11.18,0.0
日丰股份,sz002953,12.9,13.16,12.9,172700.0,12.89,63000,12.9,2000,-1.98,12.9,12.9,172700,2230000.0,0.08,0.0,27.44,63.41,14.48,11.84,0.0
开滦股份,sh600997,6.88,6.49,6.88,1296900.0,6.87,31300,6.88,29000,6.01,6.88,6.88,1296900,8920000.0,0.08,0.0,109.24,109.24,7.14,5.84,0.0
雪天盐业,sh600929,6.55,6.52,6.55,172800.0,6.54,1000,6.55,8000,0.46,6.55,6.55,172800,1130000.0,0.01,0.0,107.43,107.43,7.17,5.87,0.0
今飞凯达,sz002863,5.94,6.01,5.94,78500.0,5.94,3100,5.95,20000,-1.16,5.94,5.94,78500,470000.0,0.01,0.0,35.61,35.61,6.61,5.41,0.0
中新赛克,sz002912,29.8,30.49,29.8,46600.0,29.8,2700,29.86,1200,-2.26,29.8,29.8,46600,1390000.0,0.03,0.0,48.34,50.88,33.54,27.44,0.0
华昌化工,sz002274,7.21,6.72,7.21,1782900.0,7.21,33400,7.22,4400,7.29,7.21,7.21,1782900,12850000.0,0.19,0.0,67.62,68.67,7.39,6.05,0.0
天能重工,sz300569,6.54,6.61,6.54,170100.0,6.53,8100,6.54,2900,-1.06,6.54,6.54,170100,1110000.0,0.02,0.0,66.68,66.89,7.93,5.29,0.0
国恩股份,sz002768,53.0,53.7,53.0,10200.0,52.95,400,53.38,900,-1.3,53.0,53.0,10200,540000.0,0.01,0.0,93.68,159.66,59.07,48.33,0.0
国电南瑞,sh600406,30.28,30.01,30.28,2441500.0,30.27,239700,30.28,38200,0.9,30.28,30.28,2441500,73930000.0,0.03,0.0,2424.87,2432.02,33.01,27.01,0.0
通化金马,sz000766,21.15,21.24,21.15,71100.0,21.12,6000,21.15,9800,-0.42,21.15,21.15,71100,1500000.0,0.01,0.0,204.31,204.41,23.36,19.12,0.0
柏楚电子,sh688188,147.55,149.79,147.55,632700.0,147.4,400,147.55,900,-1.5,147.55,147.55,632700,930000.0,0.0,0.0,426.02,426.02,179.75,119.83,0.0
巨星农牧,sh603477,18.88,18.55,18.88,741500.0,18.87,198700,18.88,66600,1.78,18.88,18.88,741500,14000000.0,0.15,0.0,96.3,96.3,20.41,16.7,0.0
康华生物,sz300841,61.55,62.2,61.55,11400.0,61.52,1000,61.55,300,-1.05,61.55,61.55,11400,700000.0,0.01,0.0,73.2,79.98,74.64,49.76,0.0
中国银行,sh601988,5.37,5.39,5.37,1576300.0,5.36,1160100,5.37,767500,-0.37,5.37,5.37,1576300,8460000.0,0.0,0.0,11318.11,17302.81,5.93,4.85,0.0
老凤祥,sh600612,43.03,41.97,43.03,145300.0,43.02,1100,43.03,700,2.53,43.03,43.03,145300,6250000.0,0.05,0.0,136.45,225.1,46.17,37.77,0.0
晨光股份,sh603899,25.97,26.19,25.97,41400.0,25.96,400,25.97,4800,-0.84,25.97,25.97,41400,1080000.0,0.0,0.0,239.18,239.18,28.81,23.57,0.0
昂利康,sz002940,30.42,30.73,30.42,33400.0,30.42,3600,30.43,700,-1.01,30.42,30.42,33400,1020000.0,0.02,0.0,56.36,61.37,33.8,27.66,0.0
中电环保,sz300172,6.28,6.33,6.28,323100.0,6.27,33100,6.28,23900,-0.79,6.28,6.28,323100,2030000.0,0.06,0.0,32.88,42.5,7.6,5.06,0.0
湘财股份,sh600095,10.22,10.27,10.22,120200.0,10.22,11200,10.23,43100,-0.49,10.22,10.22,120200,1230000.0,0.0,0.0,292.21,292.21,11.3,9.24,0.0
经纬股份,sz301390,41.64,41.92,41.64,23700.0,41.64,3900,41.71,600,-0.67,41.64,41.64,23700,990000.0,0.08,0.0,12.77,24.98,50.3,33.54,0.0
依顿电子,sh603328,12.0,12.26,12.0,151700.0,12.0,12500,12.01,19500,-2.12,12.0,12.0,151700,1820000.0,0.02,0.0,119.81,119.81,13.49,11.03,0.0
圣农发展,sz002299,19.79,19.8,19.79,137600.0,19.78,2600,19.79,10200,-0.05,19.79,19.79,137600,2720000.0,0.01,0.0,241.23,246.01,21.78,17.82,0.0
朗迪集团,sh603726,25.06,25.54,25.06,35300.0,25.04,200,25.06,1000,-1.88,25.06,25.06,35300,880000.0,0.02,0.0,46.29,46.52,28.09,22.99,0.0
扬杰科技,sz300373,77.02,79.75,77.02,177800.0,77.01,1900,77.02,15900,-3.42,77.02,77.02,177800,13690000.0,0.03,0.0,417.56,418.49,95.7,63.8,0.0
海天瑞声,sh688787,143.83,149.88,143.83,2413700.0,143.83,400,143.97,800,-4.04,143.83,143.83,2413700,3470000.0,0.04,0.0,86.77,86.77,179.86,119.9,0.0
贝肯能源,sz002828,16.26,14.79,16.26,1790900.0,16.25,700,16.26,36700,9.94,16.26,16.26,1790900,29120000.0,0.93,0.0,31.47,32.68,16.27,13.31,0.0
中鼎股份,sz000887,19.75,20.09,19.75,265500.0,19.73,3800,19.75,1900,-1.69,19.75,19.75,265500,5240000.0,0.02,0.0,259.59,260.01,22.1,18.08,0.0
市北高新,sh600604,5.17,5.22,5.17,114400.0,5.17,22000,5.19,3000,-0.96,5.17,5.17,114400,590000.0,0.01,0.0,72.77,96.85,5.74,4.7,0.0
科远智慧,sz002380,36.65,38.22,36.65,299600.0,36.65,49200,36.7,200,-4.11,36.65,36.65,299600,10980000.0,0.21,0.0,51.95,87.96,42.04,34.4,0.0
精达股份,sh600577,14.46,14.8,14.46,522200.0,14.45,12700,14.46,22700,-2.3,14.46,14.46,522200,7550000.0,0.02,0.0,310.78,310.78,16.28,13.32,0.0
莱宝高科,sz002106,11.98,12.22,11.98,268300.0,11.97,1500,11.98,6500,-1.96,11.98,11.98,268300,3210000.0,0.04,0.0,84.35,84.56,13.44,11.0,0.0
海天味业,sh603288,36.78,37.02,36.78,98600.0,36.76,400,36.78,21400,-0.65,36.78,36.78,98600,3630000.0,0.0,0.0,2045.19,2152.3,40.72,33.32,0.0
万年青,sz000789,5.69,5.73,5.69,48700.0,5.68,9700,5.69,4400,-0.7,5.69,5.69,48700,280000.0,0.01,0.0,45.37,45.37,6.3,5.16,0.0
菲达环保,sh600526,5.91,5.95,5.91,63700.0,5.91,2900,5.93,13300,-0.67,5.91,5.91,63700,380000.0,0.01,0.0,51.59,52.52,6.55,5.36,0.0
爱建集团,sh600643,4.7,4.73,4.7,149900.0,4.7,19400,4.72,21000,-0.63,4.7,4.7,149900,700000.0,0.01,0.0,74.75,74.88,5.2,4.26,0.0
伟星新材,sz002372,11.62,11.68,11.62,36600.0,11.6,10300,11.62,4300,-0.51,11.62,11.62,36600,430000.0,0.0,0.0,170.91,184.99,12.85,10.51,0.0
嘉华股份,sh603182,16.05,16.02,16.05,19500.0,16.05,5600,16.2,5000,0.19,16.05,16.05,19500,310000.0,0.01,0.0,26.41,26.41,17.62,14.42,0.0
华利集团,sz300979,46.95,47.2,46.95,37900.0,46.95,3000,46.97,300,-0.53,46.95,46.95,37900,1780000.0,0.0,0.0,547.9,547.91,56.64,37.76,0.0
豫园股份,sh600655,4.91,4.95,4.91,450900.0,4.91,162200,4.92,65000,-0.81,4.91,4.91,450900,2210000.0,0.01,0.0,190.99,191.12,5.45,4.46,0.0
晶华微,sh688130,23.33,23.46,23.33,722500.0,23.33,1300,23.38,600,-0.55,23.33,23.33,722500,170000.0,0.01,0.0,14.06,28.2,28.15,18.77,0.0
聚光科技,sz300203,14.62,14.86,14.62,28400.0,14.61,11000,14.62,2800,-1.62,14.62,14.62,28400,420000.0,0.01,0.0,65.55,65.61,17.83,11.89,0.0
三联虹普,sz300384,18.27,18.6,18.27,58400.0,18.25,2800,18.27,600,-1.77,18.27,18.27,58400,1070000.0,0.03,0.0,40.24,58.28,22.32,14.88,0.0
伟隆股份,sz002871,20.85,21.06,20.85,10900.0,20.85,1100,20.95,9400,-1.0,20.85,20.85,10900,230000.0,0.01,0.0,31.15,52.51,23.17,18.95,0.0
国电南自,sh600268,14.59,14.85,14.59,710500.0,14.58,2600,14.59,3500,-1.75,14.59,14.59,710500,10370000.0,0.07,0.0,147.48,148.22,16.34,13.37,0.0
亚香股份,sz301220,40.09,40.38,40.09,142100.0,40.09,1800,40.12,1600,-0.72,40.09,40.09,142100,5700000.0,0.18,0.0,31.2,45.21,48.46,32.3,0.0
久祺股份,sz300994,15.43,15.7,15.43,21500.0,15.43,3700,15.6,200,-1.72,15.43,15.43,21500,330000.0,0.02,0.0,18.0,35.97,18.84,12.56,0.0
贵广网络,sh600996,8.11,8.13,8.11,119000.0,8.11,19600,8.13,8100,-0.25,8.11,8.11,119000,970000.0,0.01,0.0,101.12,101.12,8.94,7.32,0.0
安联锐视,sz301042,88.36,88.3,88.36,19100.0,88.0,500,88.36,2300,0.07,88.36,88.36,19100,1690000.0,0.03,0.0,58.34,61.61,105.96,70.64,0.0
诺 普 信,sz002215,11.31,11.39,11.31,348800.0,11.3,11700,11.31,1300,-0.7,11.31,11.31,348800,3940000.0,0.04,0.0,90.82,113.62,12.53,10.25,0.0
欧派家居,sh603833,54.99,55.0,54.99,25200.0,54.98,200,54.99,6500,-0.02,54.99,54.99,25200,1390000.0,0.0,0.0,334.97,334.97,60.5,49.5,0.0
山西高速,sz000755,5.56,5.56,5.56,193900.0,5.55,5000,5.56,20600,0.0,5.56,5.56,193900,1080000.0,0.01,0.0,81.58,81.58,6.12,5.0,0.0
江苏银行,sh600919,10.49,10.55,10.49,763900.0,10.48,159400,10.49,30500,-0.57,10.49,10.49,763900,8010000.0,0.0,0.0,1925.05,1925.05,11.61,9.5,0.0
东利机械,sz301298,16.64,16.88,16.64,23400.0,16.64,12700,16.86,200,-1.42,16.64,16.64,23400,390000.0,0.02,0.0,18.01,24.43,20.26,13.5,0.0
武汉控股,sh600168,5.34,5.37,5.34,147100.0,5.33,1000,5.34,58900,-0.56,5.34,5.34,147100,790000.0,0.01,0.0,53.05,53.05,5.91,4.83,0.0
瑞丰高材,sz300243,11.97,12.11,11.97,67500.0,11.95,1800,11.97,800,-1.16,11.97,11.97,67500,810000.0,0.03,0.0,23.27,29.98,14.53,9.69,0.0
山煤国际,sh600546,12.38,11.72,12.38,1186400.0,12.38,38600,12.39,31200,5.63,12.38,12.38,1186400,14690000.0,0.06,0.0,245.43,245.43,12.89,10.55,0.0
中国联通,sh600050,4.92,4.97,4.92,3737800.0,4.91,1646000,4.92,1324100,-1.01,4.92,4.92,3737800,18390000.0,0.01,0.0,1513.73,1538.21,5.47,4.47,0.0
兰剑智能,sh688557,35.2,35.67,35.2,1626900.0,35.2,2000,35.27,500,-1.32,35.2,35.2,1626900,570000.0,0.02,0.0,36.14,36.14,42.8,28.54,0.0
外服控股,sh600662,5.58,5.62,5.58,88400.0,5.58,27500,5.59,44800,-0.71,5.58,5.58,88400,490000.0,0.0,0.0,127.03,127.42,6.18,5.06,0.0
甘化科工,sz000576,11.02,11.11,11.02,106900.0,11.0,1000,11.02,1000,-0.81,11.02,11.02,106900,1180000.0,0.02,0.0,47.81,48.09,12.22,10.0,0.0
中国动力,sh600482,38.47,39.26,38.47,1299300.0,38.45,300,38.47,9100,-2.01,38.47,38.47,1299300,49980000.0,0.06,0.0,866.96,866.96,43.19,35.33,0.0
纳微科技,sh688690,25.72,25.87,25.72,2575800.0,25.7,200,25.72,1000,-0.58,25.72,25.72,2575800,660000.0,0.01,0.0,103.86,103.86,31.04,20.7,0.0
海正药业,sh600267,10.28,10.37,10.28,532300.0,10.28,56100,10.29,500,-0.87,10.28,10.28,532300,5470000.0,0.04,0.0,123.23,123.24,11.41,9.33,0.0
祥明智能,sz301226,38.0,39.76,38.0,99700.0,37.92,2500,38.0,700,-4.43,38.0,38.0,99700,3790000.0,0.09,0.0,41.34,41.34,47.71,31.81,0.0
康泰生物,sz300601,13.94,14.08,13.94,99700.0,13.94,3500,13.96,4900,-0.99,13.94,13.94,99700,1390000.0,0.01,0.0,125.51,155.7,16.9,11.26,0.0
长芯博创,sz300548,143.58,149.85,143.58,394300.0,143.58,48600,143.86,1700,-4.18,143.58,143.58,394300,56610000.0,0.15,0.0,386.63,418.64,179.82,119.88,0.0
永安药业,sz002365,14.48,14.5,14.48,17900.0,14.47,200,14.48,4300,-0.14,14.48,14.48,17900,260000.0,0.01,0.0,35.56,42.67,15.95,13.05,0.0
映翰通,sh688080,57.12,58.2,57.12,1546700.0,57.12,500,58.01,5000,-1.86,57.12,57.12,1546700,880000.0,0.02,0.0,42.07,42.07,69.84,46.56,0.0
康隆达,sh603665,33.01,33.59,33.01,16300.0,33.0,200,33.01,1700,-1.73,33.01,33.01,16300,540000.0,0.01,0.0,52.87,53.18,36.95,30.23,0.0
柳钢股份,sh601003,5.46,5.46,5.46,57800.0,5.46,8900,5.47,25600,0.0,5.46,5.46,57800,320000.0,0.0,0.0,139.93,143.83,6.01,4.91,0.0
比音勒芬,sz002832,16.35,16.54,16.35,98800.0,16.34,300,16.35,68600,-1.15,16.35,16.35,98800,1620000.0,0.03,0.0,63.67,93.31,18.19,14.89,0.0
海信家电,sz000921,23.1,23.15,23.1,70700.0,23.05,500,23.1,60200,-0.22,23.1,23.1,70700,1630000.0,0.01,0.0,212.09,319.9,25.47,20.84,0.0
中直股份,sh600038,37.5,37.81,37.5,100400.0,37.5,1100,37.54,100,-0.82,37.5,37.5,100400,3770000.0,0.02,0.0,250.85,307.46,41.59,34.03,0.0
春兰股份,sh600854,5.35,5.37,5.35,76400.0,5.34,1600,5.35,7200,-0.37,5.35,5.35,76400,410000.0,0.01,0.0,27.79,27.79,5.91,4.83,0.0
冀东装备,sz000856,10.87,11.07,10.87,45800.0,10.87,6700,10.88,4200,-1.81,10.87,10.87,45800,500000.0,0.02,0.0,24.67,24.67,12.18,9.96,0.0
威海广泰,sz002111,10.81,10.89,10.81,69700.0,10.81,3000,10.88,20000,-0.73,10.81,10.81,69700,750000.0,0.01,0.0,52.02,57.51,11.98,9.8,0.0
浙农股份,sz002758,10.92,11.01,10.92,93100.0,10.92,3500,10.94,1000,-0.82,10.92,10.92,93100,1020000.0,0.02,0.0,56.59,56.65,12.11,9.91,0.0
亚威股份,sz002559,10.04,10.18,10.04,276900.0,10.03,15600,10.04,300,-1.38,10.04,10.04,276900,2780000.0,0.05,0.0,50.61,55.2,11.2,9.16,0.0
恒润股份,sh603985,17.33,17.49,17.33,96400.0,17.31,10000,17.33,59500,-0.91,17.33,17.33,96400,1670000.0,0.02,0.0,76.4,76.4,19.24,15.74,0.0
通业科技,sz300960,26.02,26.29,26.02,8500.0,26.02,500,26.42,1200,-1.03,26.02,26.02,8500,220000.0,0.01,0.0,34.05,37.58,31.55,21.03,0.0
新华医疗,sh600587,15.05,15.23,15.05,191000.0,15.05,24600,15.06,300,-1.18,15.05,15.05,191000,2870000.0,0.03,0.0,91.3,91.3,16.75,13.71,0.0
苏文电能,sz300982,23.8,24.45,23.8,116600.0,23.8,11400,23.96,200,-2.66,23.8,23.8,116600,2780000.0,0.06,0.0,46.15,49.26,29.34,19.56,0.0
东江环保,sz002672,5.05,5.08,5.05,62600.0,5.04,20300,5.05,11700,-0.59,5.05,5.05,62600,320000.0,0.01,0.0,45.71,55.82,5.59,4.57,0.0
沪光股份,sh605333,27.02,27.21,27.02,8500.0,27.02,1100,27.08,4200,-0.7,27.02,27.02,8500,230000.0,0.0,0.0,118.02,125.38,29.93,24.49,0.0
老板电器,sz002508,20.38,20.44,20.38,31000.0,20.38,400,20.39,2000,-0.29,20.38,20.38,31000,630000.0,0.0,0.0,190.26,192.58,22.48,18.4,0.0
华邦健康,sz002004,5.52,5.56,5.52,399200.0,5.52,74000,5.53,22000,-0.72,5.52,5.52,399200,2200000.0,0.02,0.0,103.87,109.29,6.12,5.0,0.0
韶能股份,sz000601,6.14,6.14,6.14,5698000.0,6.14,86200,6.15,29800,0.0,6.14,6.14,5698000,34990000.0,0.54,0.0,64.44,65.35,6.75,5.53,0.0
伊利股份,sh600887,26.04,26.21,26.04,303600.0,26.03,9800,26.04,15700,-0.65,26.04,26.04,303600,7910000.0,0.0,0.0,1638.94,1647.12,28.83,23.59,0.0
征和工业,sz003033,60.4,61.72,60.4,10800.0,60.39,3400,60.4,1100,-2.14,60.4,60.4,10800,650000.0,0.01,0.0,48.77,49.38,67.89,55.55,0.0
君正集团,sh601216,6.39,6.33,6.39,7746700.0,6.38,3400,6.39,518400,0.95,6.39,6.39,7746700,49500000.0,0.09,0.0,539.19,539.19,6.96,5.7,0.0
华荣股份,sh603855,19.95,20.35,19.95,102200.0,19.94,1100,19.95,47700,-1.97,19.95,19.95,102200,2040000.0,0.03,0.0,66.94,67.33,22.39,18.32,0.0
泰和新材,sz002254,12.0,12.16,12.0,130200.0,12.0,20300,12.02,300,-1.32,12.0,12.0,130200,1560000.0,0.02,0.0,102.07,102.85,13.38,10.94,0.0
亚辉龙,sh688575,14.07,14.17,14.07,3681900.0,14.07,8600,14.12,13000,-0.71,14.07,14.07,3681900,520000.0,0.01,0.0,80.39,80.39,17.0,11.34,0.0
康缘药业,sh600557,13.95,14.02,13.95,29900.0,13.91,1000,13.95,6000,-0.5,13.95,13.95,29900,420000.0,0.01,0.0,78.98,78.98,15.42,12.62,0.0
晶赛科技,bj920981,31.4,31.95,31.4,9500.0,31.39,100,31.4,5300,-1.72,31.4,31.4,9500,298500.0,0.03,0.0,11.72,24.01,41.53,22.37,0.0
浙海德曼,sh688577,68.0,68.86,68.0,774200.0,68.0,100,68.4,800,-1.25,68.0,68.0,774200,530000.0,0.01,0.0,75.67,75.67,82.63,55.09,0.0
西上海,sh605151,20.73,20.56,20.73,15900.0,20.64,100,20.73,8400,0.83,20.73,20.73,15900,330000.0,0.01,0.0,27.89,27.89,22.62,18.5,0.0
隆平高科,sz000998,10.8,10.45,10.8,1021500.0,10.8,7000,10.81,23500,3.35,10.8,10.8,1021500,11030000.0,0.08,0.0,142.03,158.7,11.5,9.41,0.0
世纪天鸿,sz300654,11.26,11.42,11.26,100700.0,11.25,500,11.26,1100,-1.4,11.26,11.26,100700,1130000.0,0.03,0.0,39.66,41.23,13.7,9.14,0.0
云天励飞-U,sh688343,93.18,97.87,93.18,30945500.0,93.18,1500,93.2,2000,-4.79,93.18,93.18,30945500,28840000.0,0.12,0.0,246.56,335.08,117.44,78.3,0.0
启迪设计,sz300500,12.26,12.45,12.26,24500.0,12.26,600,12.28,200,-1.53,12.26,12.26,24500,300000.0,0.01,0.0,20.55,21.33,14.94,9.96,0.0
健友股份,sh603707,9.62,9.69,9.62,105500.0,9.61,8600,9.62,9800,-0.72,9.62,9.62,105500,1010000.0,0.01,0.0,155.42,155.42,10.66,8.72,0.0
东南网架,sz002135,6.81,6.79,6.81,1007900.0,6.81,135000,6.82,6000,0.29,6.81,6.81,1007900,6860000.0,0.1,0.0,71.09,75.97,7.47,6.11,0.0
亚华电子,sz301337,31.04,31.5,31.04,20300.0,31.04,500,31.44,100,-1.46,31.04,31.04,20300,630000.0,0.05,0.0,11.48,32.34,37.8,25.2,0.0
新 希 望,sz000876,8.87,8.87,8.87,882600.0,8.86,18800,8.87,6400,0.0,8.87,8.87,882600,7830000.0,0.02,0.0,399.2,399.4,9.76,7.98,0.0
丽臣实业,sz001218,25.78,26.2,25.78,14000.0,25.77,1000,25.78,100,-1.6,25.78,25.78,14000,360000.0,0.02,0.0,23.95,33.56,28.82,23.58,0.0
辰安科技,sz300523,23.01,23.01,23.01,29400.0,23.0,1600,23.01,7900,0.0,23.01,23.01,29400,680000.0,0.01,0.0,53.47,53.53,27.61,18.41,0.0
东湖高新,sh600133,9.39,9.55,9.39,320600.0,9.39,3000,9.4,71200,-1.68,9.39,9.39,320600,3010000.0,0.03,0.0,100.12,100.12,10.51,8.6,0.0
天津港,sh600717,4.73,4.75,4.73,296300.0,4.73,121400,4.74,10300,-0.42,4.73,4.73,296300,1400000.0,0.01,0.0,136.89,136.89,5.23,4.28,0.0
民和股份,sz002234,9.58,9.5,9.58,96800.0,9.55,1000,9.58,10900,0.84,9.58,9.58,96800,930000.0,0.03,0.0,28.87,33.43,10.45,8.55,0.0
金隅冀东,sz000401,5.06,5.1,5.06,241900.0,5.05,75200,5.06,16000,-0.78,5.06,5.06,241900,1220000.0,0.01,0.0,133.15,134.51,5.61,4.59,0.0
易普力,sz002096,14.36,14.37,14.36,132700.0,14.36,2400,14.37,21500,-0.07,14.36,14.36,132700,1910000.0,0.01,0.0,178.13,178.13,15.81,12.93,0.0
联环药业,sh600513,22.44,22.66,22.44,188000.0,22.42,1800,22.44,43300,-0.97,22.44,22.44,188000,4220000.0,0.07,0.0,64.06,64.06,24.93,20.39,0.0
迎驾贡酒,sh603198,36.0,36.37,36.0,15500.0,36.0,1000,36.07,100,-1.02,36.0,36.0,15500,560000.0,0.0,0.0,288.0,288.0,40.01,32.73,0.0
信达证券,sh601059,17.36,17.48,17.36,170000.0,17.35,19700,17.36,25000,-0.69,17.36,17.36,170000,2950000.0,0.01,0.0,562.98,562.98,19.23,15.73,0.0
重庆水务,sh601158,4.59,4.6,4.59,73700.0,4.58,179500,4.59,183700,-0.22,4.59,4.59,73700,340000.0,0.0,0.0,220.32,220.32,5.06,4.14,0.0
迦南智能,sz300880,23.99,25.25,23.99,533900.0,23.96,800,23.99,4300,-4.99,23.99,23.99,533900,12810000.0,0.27,0.0,46.81,46.81,30.3,20.2,0.0
豪森智能,sh688529,18.36,18.37,18.36,591300.0,18.28,600,18.36,1400,-0.05,18.36,18.36,591300,110000.0,0.0,0.0,30.88,30.88,22.04,14.7,0.0
智洋创新,sh688191,51.0,50.28,51.0,4374300.0,51.0,1300,51.16,1000,1.43,51.0,51.0,4374300,2230000.0,0.02,0.0,118.14,118.14,60.34,40.22,0.0
九强生物,sz300406,12.52,12.58,12.52,53800.0,12.5,2600,12.52,800,-0.48,12.52,12.52,53800,670000.0,0.01,0.0,53.14,73.41,15.1,10.06,0.0
宁波能源,sh600982,5.15,5.07,5.15,617000.0,5.15,324900,5.16,3500,1.58,5.15,5.15,617000,3180000.0,0.06,0.0,57.56,57.56,5.58,4.56,0.0
潍柴动力,sz000338,26.7,28.16,26.7,2501200.0,26.7,28800,26.71,5100,-5.18,26.7,26.7,2501200,66780000.0,0.05,0.0,1336.9,2326.53,30.98,25.34,0.0
涪陵榨菜,sz002507,12.93,13.01,12.93,156100.0,12.92,16900,12.93,5900,-0.61,12.93,12.93,156100,2020000.0,0.01,0.0,148.55,149.2,14.31,11.71,0.0
时创能源,sh688429,14.96,15.3,14.96,2340100.0,14.96,1800,14.99,700,-2.22,14.96,14.96,2340100,350000.0,0.02,0.0,17.93,59.84,18.36,12.24,0.0
万兴科技,sz300624,76.26,76.53,76.26,101900.0,76.12,1300,76.26,10300,-0.35,76.26,76.26,101900,7770000.0,0.06,0.0,130.58,147.44,91.84,61.22,0.0
松芝股份,sz002454,8.87,8.96,8.87,175800.0,8.87,900,8.88,400,-1.0,8.87,8.87,175800,1560000.0,0.03,0.0,55.61,55.76,9.86,8.06,0.0
中原证券,sh601375,4.23,4.27,4.23,621500.0,4.22,357900,4.23,119700,-0.94,4.23,4.23,621500,2630000.0,0.02,0.0,145.83,196.39,4.7,3.84,0.0
养元饮品,sh603156,30.73,31.26,30.73,78400.0,30.73,3300,30.8,2800,-1.7,30.73,30.73,78400,2410000.0,0.01,0.0,387.28,387.28,34.39,28.13,0.0
华翔股份,sh603112,17.68,17.86,17.68,36100.0,17.65,500,17.68,36800,-1.01,17.68,17.68,36100,640000.0,0.01,0.0,89.32,95.5,19.65,16.07,0.0
精工钢构,sh600496,4.37,4.4,4.37,174900.0,4.37,60300,4.38,29000,-0.68,4.37,4.37,174900,760000.0,0.01,0.0,86.97,86.97,4.84,3.96,0.0
奥比中光-UW,sh688322,79.9,83.0,79.9,12194300.0,79.9,700,80.0,23800,-3.73,79.9,79.9,12194300,9740000.0,0.04,0.0,254.62,320.51,99.6,66.4,0.0
天味食品,sh603317,12.8,12.91,12.8,34500.0,12.8,10600,12.83,3000,-0.85,12.8,12.8,34500,440000.0,0.0,0.0,136.28,136.28,14.2,11.62,0.0
维信诺,sz002387,8.38,8.53,8.38,225800.0,8.38,9100,8.39,52300,-1.76,8.38,8.38,225800,1890000.0,0.02,0.0,116.9,117.05,9.38,7.68,0.0
华胜天成,sh600410,28.5,29.73,28.5,5691900.0,28.49,15400,28.5,246500,-4.14,28.5,28.5,5691900,162220000.0,0.52,0.0,312.5,312.5,32.7,26.76,0.0
上海建科,sh603153,16.24,16.41,16.24,27500.0,16.24,1400,16.25,17500,-1.04,16.24,16.24,27500,450000.0,0.02,0.0,21.92,66.56,18.05,14.77,0.0
海利尔,sh603639,14.41,14.55,14.41,30300.0,14.41,13400,14.5,1000,-0.96,14.41,14.41,30300,440000.0,0.01,0.0,48.98,50.38,16.01,13.1,0.0
北化股份,sz002246,25.9,24.81,25.9,841900.0,25.89,500,25.9,10500,4.39,25.9,25.9,841900,21810000.0,0.15,0.0,142.2,142.2,27.29,22.33,0.0
龙建股份,sh600853,4.11,4.15,4.11,95100.0,4.1,77300,4.11,12200,-0.96,4.11,4.11,95100,390000.0,0.01,0.0,41.66,41.68,4.57,3.74,0.0
纽威股份,sh603699,54.2,54.5,54.2,54000.0,54.05,10100,54.2,2000,-0.55,54.2,54.2,54000,2930000.0,0.01,0.0,410.91,420.2,59.95,49.05,0.0
泸天化,sz000912,6.03,5.54,6.03,5179800.0,6.02,17400,6.03,41500,8.84,6.03,6.03,5179800,31230000.0,0.33,0.0,94.55,94.55,6.09,4.99,0.0
雪峰科技,sh603227,9.23,9.09,9.23,412500.0,9.22,38600,9.23,14900,1.54,9.23,9.23,412500,3810000.0,0.04,0.0,98.92,98.92,10.0,8.18,0.0
红塔证券,sh601236,7.9,7.95,7.9,228400.0,7.9,12300,7.91,41000,-0.63,7.9,7.9,228400,1800000.0,0.0,0.0,372.63,372.63,8.75,7.16,0.0
金牌家居,sh603180,20.14,20.39,20.14,37000.0,20.14,4400,20.2,10800,-1.23,20.14,20.14,37000,750000.0,0.02,0.0,31.07,31.07,22.43,18.35,0.0
基蛋生物,sh603387,8.34,8.38,8.34,71700.0,8.33,36700,8.34,500,-0.48,8.34,8.34,71700,600000.0,0.01,0.0,42.3,42.3,9.22,7.54,0.0
川网传媒,sz300987,17.85,18.22,17.85,37000.0,17.85,1900,17.86,400,-2.03,17.85,17.85,37000,660000.0,0.02,0.0,30.95,30.95,21.86,14.58,0.0
苏州龙杰,sh603332,13.62,13.63,13.62,43600.0,13.56,100,13.62,4100,-0.07,13.62,13.62,43600,590000.0,0.02,0.0,29.47,29.47,14.99,12.27,0.0
三态股份,sz301558,8.44,8.57,8.44,39200.0,8.43,300,8.44,1700,-1.52,8.44,8.44,39200,330000.0,0.02,0.0,18.51,66.58,10.28,6.86,0.0
成都路桥,sz002628,5.49,5.52,5.49,377800.0,5.48,500,5.49,7100,-0.54,5.49,5.49,377800,2070000.0,0.05,0.0,41.38,41.56,6.07,4.97,0.0
三峡能源,sh600905,4.29,4.27,4.29,3940200.0,4.28,2585500,4.29,1139000,0.47,4.29,4.29,3940200,16900000.0,0.01,0.0,1226.41,1226.41,4.7,3.84,0.0
先锋新材,sz300163,4.99,5.09,4.99,427200.0,4.99,181400,5.04,700,-1.96,4.99,4.99,427200,2130000.0,0.09,0.0,22.64,23.65,6.11,4.07,0.0
中铁特货,sz001213,4.25,4.25,4.25,381600.0,4.24,37800,4.25,204300,0.0,4.25,4.25,381600,1620000.0,0.01,0.0,188.89,188.89,4.68,3.83,0.0
锌业股份,sz000751,6.54,6.66,6.54,729400.0,6.53,6300,6.54,261800,-1.8,6.54,6.54,729400,4770000.0,0.05,0.0,92.21,105.66,7.33,5.99,0.0
西力科技,sh688616,14.33,14.71,14.33,6952100.0,14.32,300,14.33,9300,-2.58,14.33,14.33,6952100,1000000.0,0.04,0.0,25.7,25.7,17.65,11.77,0.0
博闻科技,sh600883,8.73,8.73,8.73,73200.0,8.64,7200,8.73,29200,0.0,8.73,8.73,73200,640000.0,0.03,0.0,20.61,20.61,9.6,7.86,0.0
老白干酒,sh600559,14.74,14.84,14.74,100200.0,14.73,500,14.74,15600,-0.67,14.74,14.74,100200,1480000.0,0.01,0.0,134.06,134.83,16.32,13.36,0.0
格力博,sz301260,16.3,16.28,16.3,10800.0,16.3,200,16.36,700,0.12,16.3,16.3,10800,180000.0,0.01,0.0,33.32,78.64,19.54,13.02,0.0
中集环科,sz301559,18.33,18.32,18.33,45100.0,18.33,12700,18.35,1500,0.05,18.33,18.33,45100,830000.0,0.05,0.0,16.5,109.98,21.98,14.66,0.0
大北农,sz002385,4.32,4.24,4.32,2890400.0,4.32,28700,4.33,69500,1.89,4.32,4.32,2890400,12490000.0,0.08,0.0,152.24,185.76,4.66,3.82,0.0
恒力石化,sh600346,26.31,25.36,26.31,1295400.0,26.3,100,26.31,7500,3.75,26.31,26.31,1295400,34080000.0,0.02,0.0,1851.99,1851.99,27.9,22.82,0.0
天通股份,sh600330,15.7,16.28,15.7,1687500.0,15.69,10000,15.7,188900,-3.56,15.7,15.7,1687500,26490000.0,0.14,0.0,193.65,193.65,17.91,14.65,0.0
爱施德,sz002416,12.96,13.29,12.96,462900.0,12.95,41800,12.96,25600,-2.48,12.96,12.96,462900,6000000.0,0.04,0.0,158.62,160.61,14.62,11.96,0.0
新炬网络,sh605398,30.45,31.39,30.45,63700.0,30.45,600,30.5,100,-2.99,30.45,30.45,63700,1940000.0,0.04,0.0,49.55,49.55,34.53,28.25,0.0
中辰股份,sz300933,9.1,9.33,9.1,458600.0,9.1,2300,9.15,2000,-2.47,9.1,9.1,458600,4170000.0,0.08,0.0,49.79,49.79,11.2,7.46,0.0
浙版传媒,sh601921,7.8,7.9,7.8,222900.0,7.8,102600,7.82,32100,-1.27,7.8,7.8,222900,1740000.0,0.01,0.0,173.33,173.33,8.69,7.11,0.0
冀凯股份,sz002691,8.2,8.31,8.2,51000.0,8.2,15700,8.21,2500,-1.32,8.2,8.2,51000,420000.0,0.02,0.0,27.55,27.88,9.14,7.48,0.0
泽宇智能,sz301179,19.62,20.06,19.62,548300.0,19.62,1000,19.66,9000,-2.19,19.62,19.62,548300,10760000.0,0.23,0.0,46.6,79.34,24.07,16.05,0.0
瑞纳智能,sz301129,27.54,28.97,27.54,348600.0,27.54,1300,27.55,2000,-4.94,27.54,27.54,348600,9600000.0,0.53,0.0,18.25,37.43,34.76,23.18,0.0
健帆生物,sz300529,18.9,18.98,18.9,52100.0,18.88,600,18.9,26600,-0.42,18.9,18.9,52100,980000.0,0.01,0.0,96.86,150.94,22.78,15.18,0.0
会通股份,sh688219,11.58,11.73,11.58,7383800.0,11.55,700,11.58,1600,-1.28,11.58,11.58,7383800,860000.0,0.01,0.0,63.64,63.64,14.08,9.38,0.0
远大控股,sz000626,7.45,7.51,7.45,62200.0,7.44,6600,7.45,11600,-0.8,7.45,7.45,62200,460000.0,0.01,0.0,37.53,37.74,8.26,6.76,0.0
未来电器,sz301386,27.9,28.34,27.9,21900.0,27.9,200,27.93,100,-1.55,27.9,27.9,21900,610000.0,0.05,0.0,11.97,39.06,34.01,22.67,0.0
中孚信息,sz300659,14.7,14.85,14.7,17200.0,14.7,12300,14.71,22300,-1.01,14.7,14.7,17200,250000.0,0.01,0.0,27.98,38.28,17.82,11.88,0.0
今天国际,sz300532,11.49,11.7,11.49,65200.0,11.49,2800,11.52,1000,-1.79,11.49,11.49,65200,750000.0,0.02,0.0,49.61,52.17,14.04,9.36,0.0
科前生物,sh688526,15.88,16.02,15.88,1958000.0,15.82,700,15.88,36600,-0.87,15.88,15.88,1958000,310000.0,0.0,0.0,74.02,74.02,19.22,12.82,0.0
东方环宇,sh603706,22.0,21.01,22.0,111600.0,22.0,200,22.01,400,4.71,22.0,22.0,111600,2460000.0,0.06,0.0,41.66,41.66,23.11,18.91,0.0
安博通,sh688168,69.23,70.61,69.23,175000.0,69.23,1000,70.0,18000,-1.95,69.23,69.23,175000,120000.0,0.0,0.0,53.44,53.44,84.73,56.49,0.0
中化国际,sh600500,4.89,4.79,4.89,1357300.0,4.88,822700,4.89,21800,2.09,4.89,4.89,1357300,6640000.0,0.04,0.0,175.47,175.48,5.27,4.31,0.0
宏景科技,sz301396,98.3,95.24,98.3,280300.0,98.3,63700,98.36,100,3.21,98.3,98.3,280300,27550000.0,0.37,0.0,74.79,150.91,114.29,76.19,0.0
当虹科技,sh688039,46.62,47.81,46.62,2817900.0,46.62,3800,46.79,400,-2.49,46.62,46.62,2817900,1310000.0,0.03,0.0,51.56,51.56,57.37,38.25,0.0
中粮资本,sz002423,10.96,11.07,10.96,96100.0,10.96,9900,10.97,19700,-0.99,10.96,10.96,96100,1050000.0,0.0,0.0,252.53,252.53,12.18,9.96,0.0
联测科技,sh688113,41.25,41.65,41.25,1906300.0,41.05,400,41.25,5700,-0.96,41.25,41.25,1906300,790000.0,0.03,0.0,26.56,26.56,49.98,33.32,0.0
大地熊,sh688077,33.0,33.99,33.0,4105300.0,33.0,4000,33.54,300,-2.91,33.0,33.0,4105300,1350000.0,0.04,0.0,37.78,37.78,40.79,27.19,0.0
锦江航运,sh601083,12.36,12.35,12.36,698000.0,12.36,292700,12.4,1100,0.08,12.36,12.36,698000,8630000.0,0.36,0.0,23.99,159.95,13.59,11.12,0.0
山西焦化,sh600740,5.08,4.81,5.08,3806100.0,5.07,75700,5.08,91300,5.61,5.08,5.08,3806100,19330000.0,0.15,0.0,130.16,130.16,5.29,4.33,0.0
上海机电,sh600835,24.69,25.14,24.69,96900.0,24.66,1400,24.69,2600,-1.79,24.69,24.69,96900,2390000.0,0.01,0.0,199.13,252.51,27.65,22.63,0.0
牧原股份,sz002714,49.6,49.34,49.6,780400.0,49.6,170800,49.61,100,0.53,49.6,49.6,780400,38710000.0,0.02,0.0,1889.16,2845.41,54.27,44.41,0.0
永泰运,sz001228,32.99,33.1,32.99,10100.0,32.85,400,33.0,4400,-0.33,32.99,32.99,10100,330000.0,0.01,0.0,26.35,34.26,36.41,29.79,0.0
凤竹纺织,sh600493,7.9,7.91,7.9,60200.0,7.9,1900,7.91,2300,-0.13,7.9,7.9,60200,480000.0,0.02,0.0,21.49,21.49,8.7,7.12,0.0
青木科技,sz301110,62.61,63.75,62.61,6000.0,62.61,200,63.0,500,-1.79,62.61,62.61,6000,380000.0,0.01,0.0,40.93,57.94,76.5,51.0,0.0
山水比德,sz300844,39.19,39.45,39.19,9400.0,39.19,400,39.45,13500,-0.66,39.19,39.19,9400,370000.0,0.01,0.0,35.29,36.53,47.34,31.56,0.0
中科软,sh603927,17.95,18.1,17.95,84300.0,17.94,800,17.95,9600,-0.83,17.95,17.95,84300,1510000.0,0.01,0.0,149.17,149.17,19.91,16.29,0.0
可孚医疗,sz301087,58.47,59.05,58.47,13600.0,58.47,2600,58.85,400,-0.98,58.47,58.47,13600,800000.0,0.01,0.0,113.58,122.14,70.86,47.24,0.0
四会富仕,sz300852,46.5,48.36,46.5,55600.0,46.5,2000,46.54,1200,-3.85,46.5,46.5,55600,2590000.0,0.04,0.0,72.05,74.64,58.03,38.69,0.0
睿昂基因,sh688217,29.87,30.17,29.87,465100.0,29.83,200,29.87,200,-0.99,29.87,29.87,465100,140000.0,0.01,0.0,16.68,16.68,36.2,24.14,0.0
帅丰电器,sh605336,14.1,14.3,14.1,23000.0,14.1,300,14.16,300,-1.4,14.1,14.1,23000,320000.0,0.01,0.0,25.86,25.86,15.73,12.87,0.0
益方生物-U,sh688382,21.15,21.39,21.15,6592500.0,21.14,2000,21.15,4200,-1.12,21.15,21.15,6592500,1390000.0,0.01,0.0,122.32,122.32,25.67,17.11,0.0
蓝海华腾,sz300484,18.28,18.55,18.28,11600.0,18.28,800,18.29,1000,-1.46,18.28,18.28,11600,210000.0,0.01,0.0,30.41,37.87,22.26,14.84,0.0
威高血净,sh603014,38.26,38.75,38.26,13500.0,38.25,2200,38.26,500,-1.26,38.26,38.26,13500,520000.0,0.03,0.0,15.06,159.83,42.63,34.88,0.0
长华集团,sh605018,11.89,12.06,11.89,32400.0,11.88,2600,11.89,800,-1.41,11.89,11.89,32400,390000.0,0.01,0.0,55.89,55.89,13.27,10.85,0.0
华康股份,sh605077,16.28,16.37,16.28,101500.0,16.28,200,16.29,100,-0.55,16.28,16.28,101500,1650000.0,0.03,0.0,48.75,49.34,18.01,14.73,0.0
沃森生物,sz300142,11.53,11.68,11.53,306500.0,11.53,25300,11.54,100,-1.28,11.53,11.53,306500,3530000.0,0.02,0.0,179.4,184.4,14.02,9.34,0.0
新天绿能,sh600956,8.45,8.2,8.45,673200.0,8.43,20700,8.45,9700,3.05,8.45,8.45,673200,5690000.0,0.03,0.0,198.41,381.32,9.02,7.38,0.0
大港股份,sz002077,15.8,16.16,15.8,167300.0,15.8,7100,15.81,4100,-2.23,15.8,15.8,167300,2640000.0,0.03,0.0,91.7,91.7,17.78,14.54,0.0
华东医药,sz000963,34.67,34.98,34.67,47400.0,34.66,800,34.67,1600,-0.89,34.67,34.67,47400,1640000.0,0.0,0.0,607.77,608.02,38.48,31.48,0.0
洋河股份,sz002304,51.09,51.72,51.09,92000.0,51.09,4900,51.1,4400,-1.22,51.09,51.09,92000,4700000.0,0.01,0.0,769.62,769.64,56.89,46.55,0.0
广东建工,sz002060,3.94,3.96,3.94,358100.0,3.94,55900,3.95,108600,-0.51,3.94,3.94,358100,1410000.0,0.02,0.0,61.57,147.92,4.36,3.56,0.0
可立克,sz002782,24.99,25.45,24.99,199900.0,24.99,10700,25.0,100,-1.81,24.99,24.99,199900,5000000.0,0.04,0.0,121.58,123.94,28.0,22.91,0.0
华夏航空,sz002928,9.34,9.76,9.34,991500.0,9.34,15200,9.35,800,-4.3,9.34,9.34,991500,9260000.0,0.08,0.0,119.39,119.39,10.74,8.78,0.0
中泰股份,sz300435,30.75,29.54,30.75,251000.0,30.75,5800,30.77,100,4.1,30.75,30.75,251000,7720000.0,0.07,0.0,113.41,118.61,35.45,23.63,0.0
爱博医疗,sh688050,56.5,56.96,56.5,2424100.0,56.48,9200,56.5,2900,-0.81,56.5,56.5,2424100,1370000.0,0.01,0.0,109.27,109.27,68.35,45.57,0.0
康龙化成,sz300759,26.8,27.35,26.8,291000.0,26.79,3100,26.8,6400,-2.01,26.8,26.8,291000,7800000.0,0.02,0.0,380.57,492.39,32.82,21.88,0.0
龙腾光电,sh688055,4.27,4.34,4.27,109806100.0,4.27,17900,4.28,25000,-1.61,4.27,4.27,109806100,4690000.0,0.03,0.0,142.33,142.33,5.21,3.47,0.0
宝钢股份,sh600019,7.04,7.1,7.04,1842900.0,7.04,227500,7.05,115000,-0.85,7.04,7.04,1842900,12970000.0,0.01,0.0,1533.46,1533.46,7.81,6.39,0.0
宇新股份,sz002986,17.32,16.56,17.32,550200.0,17.25,100,17.32,18600,4.59,17.32,17.32,550200,9530000.0,0.18,0.0,52.28,65.84,18.22,14.9,0.0
石化机械,sz000852,9.18,8.7,9.18,1286900.0,9.18,177100,9.19,330100,5.52,9.18,9.18,1286900,11810000.0,0.14,0.0,86.82,87.76,9.57,7.83,0.0
赛诺医疗,sh688108,21.3,21.76,21.3,11383400.0,21.3,22500,21.4,200,-2.11,21.3,21.3,11383400,2420000.0,0.03,0.0,89.02,89.02,26.11,17.41,0.0
强力新材,sz300429,13.94,14.26,13.94,138200.0,13.91,1000,13.94,13900,-2.24,13.94,13.94,138200,1930000.0,0.03,0.0,55.57,74.76,17.11,11.41,0.0
红日药业,sz300026,3.55,3.59,3.55,999300.0,3.55,49900,3.56,107700,-1.11,3.55,3.55,999300,3550000.0,0.04,0.0,97.22,106.65,4.31,2.87,0.0
法兰泰克,sh603966,12.52,12.64,12.52,82600.0,12.48,1700,12.52,9700,-0.95,12.52,12.52,82600,1030000.0,0.02,0.0,49.79,49.91,13.9,11.38,0.0
永鼎股份,sh600105,26.01,26.98,26.01,1193400.0,26.01,23300,26.03,100,-3.6,26.01,26.01,1193400,31040000.0,0.08,0.0,380.26,380.26,29.68,24.28,0.0
正邦科技,sz002157,3.32,3.32,3.32,3584900.0,3.31,20800,3.32,937700,0.0,3.32,3.32,3584900,11900000.0,0.05,0.0,240.18,307.11,3.65,2.99,0.0
新点软件,sh688232,24.27,24.57,24.27,3905000.0,24.27,600,24.3,9900,-1.22,24.27,24.27,3905000,950000.0,0.01,0.0,78.15,78.15,29.48,19.66,0.0
泰禾股份,sz301665,31.65,31.01,31.65,104400.0,31.65,3100,31.67,100,2.06,31.65,31.65,104400,3300000.0,0.27,0.0,12.11,142.43,37.21,24.81,0.0
秦港股份,sh601326,3.55,3.56,3.55,399300.0,3.54,95500,3.55,156200,-0.28,3.55,3.55,399300,1420000.0,0.01,0.0,168.89,198.35,3.92,3.2,0.0
康力源,sz301287,43.56,43.78,43.56,6600.0,43.56,2600,43.58,200,-0.5,43.56,43.56,6600,290000.0,0.04,0.0,7.42,29.04,52.54,35.02,0.0
锦鸡股份,sz300798,8.71,8.91,8.71,149700.0,8.7,11300,8.71,23700,-2.24,8.71,8.71,149700,1300000.0,0.04,0.0,33.22,40.84,10.69,7.13,0.0
华润三九,sz000999,29.83,30.16,29.83,95400.0,29.82,300,29.83,200,-1.09,29.83,29.83,95400,2850000.0,0.01,0.0,495.98,496.44,33.18,27.14,0.0
深圳机场,sz000089,7.03,7.08,7.03,382600.0,7.02,90000,7.03,20100,-0.71,7.03,7.03,382600,2690000.0,0.02,0.0,144.17,144.17,7.79,6.37,0.0
向日葵,sz300111,4.4,4.48,4.4,161000.0,4.4,18400,4.41,23500,-1.79,4.4,4.4,161000,710000.0,0.01,0.0,56.64,56.64,5.38,3.58,0.0
博迅生物,bj920504,24.8,24.87,24.8,7600.0,24.6,200,24.8,900,-0.28,24.8,24.8,7600,188500.0,0.04,0.0,4.24,10.75,32.33,17.41,0.0
TCL智家,sz002668,9.7,9.74,9.7,228300.0,9.67,6200,9.7,22400,-0.41,9.7,9.7,228300,2210000.0,0.02,0.0,105.16,105.16,10.71,8.77,0.0
龙江交通,sh601188,3.6,3.61,3.6,374100.0,3.59,112200,3.6,31800,-0.28,3.6,3.6,374100,1350000.0,0.03,0.0,47.0,47.0,3.97,3.25,0.0
隆华新材,sz301149,12.6,12.7,12.6,110200.0,12.58,1000,12.6,200,-0.79,12.6,12.6,110200,1390000.0,0.04,0.0,32.91,54.18,15.24,10.16,0.0
长联科技,sz301618,49.9,50.1,49.9,1700.0,49.75,500,49.9,200,-0.4,49.9,49.9,1700,80000.0,0.01,0.0,16.54,45.02,60.12,40.08,0.0
ST八菱,sz002592,10.0,10.2,10.0,55800.0,9.99,32800,10.0,1500,-1.96,10.0,10.0,55800,560000.0,0.02,0.0,26.27,28.33,10.71,9.69,0.0
国盛智科,sh688558,31.2,31.4,31.2,655100.0,31.18,1000,31.2,4200,-0.64,31.2,31.2,655100,200000.0,0.0,0.0,41.18,41.18,37.68,25.12,0.0
海看股份,sz301262,25.08,25.62,25.08,159700.0,25.08,25200,25.12,5200,-2.11,25.08,25.08,159700,4010000.0,0.13,0.0,30.62,104.58,30.74,20.5,0.0
和晶科技,sz300279,10.11,10.32,10.11,214300.0,10.11,1400,10.14,2400,-2.03,10.11,10.11,214300,2170000.0,0.04,0.0,49.23,49.45,12.38,8.26,0.0
安洁科技,sz002635,14.54,14.68,14.54,78300.0,14.51,100,14.54,39700,-0.95,14.54,14.54,78300,1140000.0,0.02,0.0,57.48,95.92,16.15,13.21,0.0
新铝时代,sz301613,52.2,53.25,52.2,15200.0,52.2,4200,52.31,500,-1.97,52.2,52.2,15200,790000.0,0.02,0.0,43.8,75.09,63.9,42.6,0.0
瑞芯微,sh603893,169.5,168.49,169.5,87500.0,169.49,100,169.5,4400,0.6,169.5,169.5,87500,14830000.0,0.02,0.0,713.32,713.52,185.34,151.64,0.0
成都先导,sh688222,26.37,27.12,26.37,9085800.0,26.35,800,26.37,14000,-2.77,26.37,26.37,9085800,2400000.0,0.02,0.0,105.66,105.66,32.54,21.7,0.0
长虹华意,sz000404,7.24,7.29,7.24,144900.0,7.24,300,7.25,14000,-0.69,7.24,7.24,144900,1050000.0,0.02,0.0,50.15,50.39,8.02,6.56,0.0
江苏索普,sh600746,8.6,8.28,8.6,725000.0,8.4,23200,8.6,22400,3.86,8.6,8.6,725000,6240000.0,0.06,0.0,100.28,100.43,9.11,7.45,0.0
苏州规划,sz301505,25.47,25.85,25.47,63900.0,25.47,4300,25.85,400,-1.47,25.47,25.47,63900,1630000.0,0.09,0.0,19.08,29.14,31.02,20.68,0.0
德新科技,sh603032,17.88,18.47,17.88,576600.0,17.88,9500,17.9,700,-3.19,17.88,17.88,576600,10310000.0,0.25,0.0,41.42,41.75,20.32,16.62,0.0
江苏有线,sh600959,3.93,3.96,3.93,524700.0,3.92,328900,3.93,120400,-0.76,3.93,3.93,524700,2060000.0,0.01,0.0,196.53,196.53,4.36,3.56,0.0
安恒信息,sh688023,53.82,53.68,53.82,6846800.0,53.82,1000,53.9,700,0.26,53.82,53.82,6846800,3680000.0,0.07,0.0,54.78,54.78,64.42,42.94,0.0
江天化学,sz300927,34.21,34.9,34.21,210600.0,34.17,1700,34.21,2100,-1.98,34.21,34.21,210600,7200000.0,0.15,0.0,48.2,49.39,41.88,27.92,0.0
宏微科技,sh688711,29.98,31.32,29.98,7262100.0,29.98,1100,30.0,7300,-4.28,29.98,29.98,7262100,2180000.0,0.03,0.0,63.89,63.89,37.58,25.06,0.0
东方雨虹,sz002271,16.71,17.11,16.71,390400.0,16.71,11500,16.75,87700,-2.34,16.71,16.71,390400,6520000.0,0.02,0.0,319.99,399.15,18.82,15.4,0.0
龙迅股份,sh688486,67.0,69.42,67.0,6190700.0,67.0,1000,68.17,700,-3.49,67.0,67.0,6190700,4150000.0,0.05,0.0,89.32,89.33,83.3,55.54,0.0
仟源医药,sz300254,12.3,12.4,12.3,92500.0,12.3,12800,12.31,19300,-0.81,12.3,12.3,92500,1140000.0,0.04,0.0,27.79,31.5,14.88,9.92,0.0
联域股份,sz001326,65.03,65.75,65.03,11100.0,65.03,2700,65.12,100,-1.1,65.03,65.03,11100,720000.0,0.05,0.0,15.67,47.6,72.33,59.18,0.0
杭州热电,sh605011,21.21,21.31,21.21,70700.0,21.21,300,21.25,1200,-0.47,21.21,21.21,70700,1500000.0,0.02,0.0,84.86,84.86,23.44,19.18,0.0
华域汽车,sh600741,18.81,18.93,18.81,59100.0,18.8,6100,18.81,11800,-0.63,18.81,18.81,59100,1110000.0,0.0,0.0,593.03,593.03,20.82,17.04,0.0
中诚咨询,bj920003,30.01,30.24,30.01,900.0,29.98,500,30.01,400,-0.76,30.01,30.01,900,27000.0,0.01,0.0,4.0,19.42,39.31,21.17,0.0
贵州燃气,sh600903,7.25,6.96,7.25,1429200.0,7.25,24000,7.26,5900,4.17,7.25,7.25,1429200,10360000.0,0.12,0.0,83.38,83.38,7.66,6.26,0.0
宁新新材,bj920719,12.09,12.13,12.09,18900.0,12.05,1000,12.09,20200,-0.33,12.09,12.09,18900,228700.0,0.03,0.0,8.85,11.25,15.76,8.5,0.0
*ST节能,sz000820,3.48,3.41,3.48,58800.0,3.48,12100,3.49,26200,2.05,3.48,3.48,58800,200000.0,0.02,0.0,10.33,22.5,3.58,3.24,0.0
盛景微,sh603375,37.2,37.75,37.2,7200.0,37.2,100,37.21,100,-1.46,37.2,37.2,7200,270000.0,0.01,0.0,23.73,37.45,41.53,33.98,0.0
新光光电,sh688011,71.7,71.68,71.7,2515100.0,71.69,700,71.7,800,0.03,71.7,71.7,2515100,1800000.0,0.03,0.0,71.46,71.7,86.02,57.34,0.0
福斯特,sh603806,17.01,17.11,17.01,106800.0,17.01,9400,17.02,300,-0.58,17.01,17.01,106800,1820000.0,0.0,0.0,443.75,443.75,18.82,15.4,0.0
中泰证券,sh600918,6.19,6.25,6.19,749600.0,6.18,599300,6.19,604400,-0.96,6.19,6.19,749600,4640000.0,0.02,0.0,243.01,490.15,6.88,5.63,0.0
蓝焰控股,sz000968,10.75,9.77,10.75,3786600.0,10.74,899800,10.75,2340300,10.03,10.75,10.75,3786600,40710000.0,0.39,0.0,104.01,104.01,10.75,8.79,0.0
中国电信,sh601728,5.93,5.97,5.93,1707100.0,5.93,349000,5.94,187300,-0.67,5.93,5.93,1707100,10120000.0,0.0,0.0,4603.44,5426.37,6.57,5.37,0.0
电工合金,sz300697,17.06,17.42,17.06,113300.0,17.06,2200,17.19,2000,-2.07,17.06,17.06,113300,1930000.0,0.06,0.0,34.37,73.81,20.9,13.94,0.0
维科精密,sz301499,33.25,33.9,33.25,42000.0,33.25,600,33.6,100,-1.92,33.25,33.25,42000,1400000.0,0.12,0.0,11.49,45.97,40.68,27.12,0.0
地素时尚,sh603587,12.51,12.66,12.51,63700.0,12.51,70000,12.55,700,-1.18,12.51,12.51,63700,800000.0,0.01,0.0,59.31,59.31,13.93,11.39,0.0
天合光能,sh688599,17.78,17.99,17.78,39660800.0,17.77,6300,17.78,57900,-1.17,17.78,17.78,39660800,7050000.0,0.02,0.0,416.51,416.51,21.59,14.39,0.0
电投产融,sz000958,6.76,6.8,6.76,435200.0,6.75,505100,6.76,33900,-0.59,6.76,6.76,435200,2940000.0,0.01,0.0,363.92,1174.42,7.48,6.12,0.0
福日电子,sh600203,11.78,12.05,11.78,177900.0,11.78,22700,11.79,15400,-2.24,11.78,11.78,177900,2100000.0,0.03,0.0,69.85,69.85,13.26,10.85,0.0
锦和商管,sh603682,7.29,7.33,7.29,19000.0,7.29,200,7.3,1600,-0.55,7.29,7.29,19000,140000.0,0.0,0.0,34.45,34.45,8.06,6.6,0.0
迈拓股份,sz301006,18.48,18.67,18.48,22800.0,18.45,1200,18.66,4100,-1.02,18.48,18.48,22800,420000.0,0.03,0.0,15.91,25.74,22.4,14.94,0.0
大庆华科,sz000985,22.28,21.41,22.28,123400.0,22.26,800,22.28,11900,4.06,22.28,22.28,123400,2750000.0,0.1,0.0,28.88,28.88,23.55,19.27,0.0
安科瑞,sz300286,31.83,32.01,31.83,132700.0,31.83,4400,31.88,2000,-0.56,31.83,31.83,132700,4220000.0,0.06,0.0,67.43,79.82,38.41,25.61,0.0
甬矽电子,sh688362,40.0,42.21,40.0,18993500.0,39.99,1100,40.0,15800,-5.24,40.0,40.0,18993500,7600000.0,0.05,0.0,164.19,164.19,50.65,33.77,0.0
南微医学,sh688029,73.8,75.0,73.8,1127400.0,73.65,200,73.8,2400,-1.6,73.8,73.8,1127400,830000.0,0.01,0.0,138.63,138.63,90.0,60.0,0.0
恒通股份,sh603223,10.09,9.68,10.09,403900.0,10.06,16000,10.09,6000,4.24,10.09,10.09,403900,4080000.0,0.06,0.0,72.06,72.06,10.65,8.71,0.0
利民股份,sz002734,21.66,21.77,21.66,828700.0,21.66,7000,21.67,400,-0.51,21.66,21.66,828700,17950000.0,0.19,0.0,94.08,103.07,23.95,19.59,0.0
友发集团,sh601686,6.14,6.18,6.14,52600.0,6.13,7400,6.14,6100,-0.65,6.14,6.14,52600,320000.0,0.0,0.0,90.33,90.33,6.8,5.56,0.0
菲沃泰,sh688371,20.22,20.49,20.22,70000.0,20.22,200,20.59,1700,-1.32,20.22,20.22,70000,10000.0,0.0,0.0,67.83,67.83,24.59,16.39,0.0
立昂技术,sz300603,10.7,10.56,10.7,426000.0,10.66,2000,10.7,37700,1.33,10.7,10.7,426000,4560000.0,0.11,0.0,40.01,49.73,12.67,8.45,0.0
华明装备,sz002270,35.82,36.89,35.82,404200.0,35.82,45000,35.84,3200,-2.9,35.82,35.82,404200,14480000.0,0.05,0.0,321.02,321.03,40.58,33.2,0.0
朗科科技,sz300042,37.45,38.61,37.45,532400.0,37.45,57000,37.5,12700,-3.0,37.45,37.45,532400,19940000.0,0.27,0.0,75.04,75.05,46.33,30.89,0.0
协和电子,sh605258,34.3,35.0,34.3,22600.0,34.3,4000,34.61,1000,-2.0,34.3,34.3,22600,780000.0,0.03,0.0,30.18,30.18,38.5,31.5,0.0
易瑞生物,sz300942,9.3,9.41,9.3,55400.0,9.29,1500,9.3,48100,-1.17,9.3,9.3,55400,520000.0,0.01,0.0,37.67,37.67,11.29,7.53,0.0
全志科技,sz300458,38.3,39.11,38.3,127200.0,38.28,200,38.3,1100,-2.07,38.3,38.3,127200,4870000.0,0.02,0.0,258.78,316.14,46.93,31.29,0.0
华电新能,sh600930,6.07,6.07,6.07,1180800.0,6.06,310200,6.07,2278300,0.0,6.07,6.07,1180800,7170000.0,0.04,0.0,196.05,2532.06,6.68,5.46,0.0
智光电气,sz002169,15.19,15.59,15.19,574400.0,15.18,5100,15.19,7900,-2.57,15.19,15.19,574400,8730000.0,0.08,0.0,115.24,118.89,17.15,14.03,0.0
博济医药,sz300404,10.0,10.15,10.0,102500.0,9.99,2100,10.0,37700,-1.48,10.0,10.0,102500,1030000.0,0.04,0.0,28.54,38.58,12.18,8.12,0.0
百通能源,sz001376,20.87,21.15,20.87,137400.0,20.86,100,20.87,10200,-1.32,20.87,20.87,137400,2870000.0,0.06,0.0,44.61,96.19,23.27,19.04,0.0
常友科技,sz301557,98.35,98.48,98.35,12000.0,98.0,200,98.35,600,-0.13,98.35,98.35,12000,1180000.0,0.07,0.0,17.47,43.58,118.18,78.78,0.0
华研精机,sz301138,37.8,38.55,37.8,22800.0,37.68,500,37.8,10800,-1.95,37.8,37.8,22800,860000.0,0.03,0.0,25.92,45.36,46.26,30.84,0.0
中农联合,sz003042,18.75,18.83,18.75,39800.0,18.7,100,18.75,2600,-0.42,18.75,18.75,39800,750000.0,0.03,0.0,23.88,26.71,20.71,16.95,0.0
青农商行,sz002958,3.09,3.1,3.09,956100.0,3.09,1343500,3.1,1169800,-0.32,3.09,3.09,956100,2950000.0,0.02,0.0,168.08,171.67,3.41,2.79,0.0
恒源煤电,sh600971,7.88,7.61,7.88,435200.0,7.88,11000,7.89,19400,3.55,7.88,7.88,435200,3430000.0,0.04,0.0,94.56,94.56,8.37,6.85,0.0
劲旅环境,sz001230,27.46,27.84,27.46,15700.0,27.4,2700,27.46,9900,-1.36,27.46,27.46,15700,430000.0,0.02,0.0,21.57,36.86,30.62,25.06,0.0
华西证券,sz002926,8.73,8.8,8.73,166100.0,8.73,32800,8.74,16600,-0.8,8.73,8.73,166100,1450000.0,0.01,0.0,229.16,229.16,9.68,7.92,0.0
博瑞医药,sh688166,40.48,40.92,40.48,5283700.0,40.45,400,40.48,7700,-1.08,40.48,40.48,5283700,2140000.0,0.01,0.0,171.27,171.27,49.1,32.74,0.0
海特生物,sz300683,31.93,32.41,31.93,31600.0,31.93,1400,31.94,2100,-1.48,31.93,31.93,31600,1010000.0,0.03,0.0,38.98,41.79,38.89,25.93,0.0
上汽集团,sh600104,14.0,14.16,14.0,610100.0,13.99,36100,14.0,258400,-1.13,14.0,14.0,610100,8540000.0,0.01,0.0,1609.34,1609.34,15.58,12.74,0.0
北新建材,sz000786,27.3,27.77,27.3,120000.0,27.28,3100,27.3,28900,-1.69,27.3,27.3,120000,3280000.0,0.01,0.0,461.24,464.71,30.55,24.99,0.0
华民股份,sz300345,7.5,7.48,7.5,310600.0,7.5,74000,7.51,44200,0.27,7.5,7.5,310600,2330000.0,0.06,0.0,35.95,43.52,8.98,5.98,0.0
中兴通讯,sz000063,36.0,37.4,36.0,3101900.0,35.99,2100,36.0,2045200,-3.74,36.0,36.0,3101900,111670000.0,0.08,0.0,1449.94,1722.07,41.14,33.66,0.0
视觉中国,sz000681,22.82,23.4,22.82,446600.0,22.82,16900,22.85,300,-2.48,22.82,22.82,446600,10190000.0,0.07,0.0,154.32,159.87,25.74,21.06,0.0
驱动力,bj920275,8.66,8.71,8.66,14900.0,8.66,1100,8.67,10000,-0.57,8.66,8.66,14900,128900.0,0.01,0.0,11.42,13.8,11.32,6.1,0.0
新华传媒,sh600825,6.45,6.6,6.45,2266100.0,6.45,8200,6.46,11400,-2.27,6.45,6.45,2266100,14620000.0,0.22,0.0,67.4,67.4,7.26,5.94,0.0
迪普科技,sz300768,17.48,17.64,17.48,23100.0,17.47,600,17.48,5200,-0.91,17.48,17.48,23100,400000.0,0.01,0.0,73.53,112.54,21.17,14.11,0.0
同力天启,sh605286,44.12,42.49,44.12,562100.0,44.11,200,44.12,3200,3.84,44.12,44.12,562100,24800000.0,0.33,0.0,74.12,74.12,46.74,38.24,0.0
仙坛股份,sz002746,6.45,6.47,6.45,212600.0,6.44,1600,6.45,3500,-0.31,6.45,6.45,212600,1370000.0,0.03,0.0,45.77,55.5,7.12,5.82,0.0
三峡新材,sh600293,3.51,3.57,3.51,191500.0,3.51,38100,3.52,109200,-1.68,3.51,3.51,191500,670000.0,0.02,0.0,40.72,40.72,3.93,3.21,0.0
钒钛股份,sz000629,4.01,4.04,4.01,2224400.0,4.01,529200,4.02,304100,-0.74,4.01,4.01,2224400,8920000.0,0.02,0.0,372.54,372.57,4.44,3.64,0.0
光云科技,sh688365,20.2,20.89,20.2,7055800.0,20.12,500,20.2,7300,-3.3,20.2,20.2,7055800,1430000.0,0.02,0.0,86.02,86.02,25.07,16.71,0.0
大唐药业,bj920433,5.8,5.85,5.8,5200.0,5.78,8100,5.8,400,-0.85,5.8,5.8,5200,30200.0,0.0,0.0,9.82,14.84,7.6,4.1,0.0
金迪克,sh688670,18.83,19.15,18.83,649600.0,18.83,23600,19.15,2500,-1.67,18.83,18.83,649600,120000.0,0.01,0.0,23.2,23.2,22.98,15.32,0.0
志邦家居,sh603801,9.32,9.35,9.32,65200.0,9.31,6400,9.32,7100,-0.32,9.32,9.32,65200,610000.0,0.02,0.0,40.48,40.48,10.29,8.42,0.0
思维列控,sh603508,26.22,26.22,26.22,35700.0,26.2,3200,26.22,4000,0.0,26.22,26.22,35700,940000.0,0.01,0.0,99.97,99.97,28.84,23.6,0.0
广深铁路,sh601333,3.1,3.12,3.1,621600.0,3.1,748500,3.11,1208900,-0.64,3.1,3.1,621600,1930000.0,0.01,0.0,175.22,219.59,3.43,2.81,0.0
普源精电,sh688337,48.0,48.86,48.0,1886800.0,48.0,200,48.2,500,-1.76,48.0,48.0,1886800,910000.0,0.01,0.0,89.24,93.06,58.63,39.09,0.0
招商南油,sh601975,4.85,4.63,4.85,20619700.0,4.84,62600,4.85,641200,4.75,4.85,4.85,20619700,100010000.0,0.44,0.0,227.0,227.0,5.09,4.17,0.0
万邦医药,sz301520,42.5,43.2,42.5,11400.0,42.49,200,42.5,1700,-1.62,42.5,42.5,11400,480000.0,0.05,0.0,9.53,28.33,51.84,34.56,0.0
瑜欣电子,sz301107,30.78,30.99,30.78,9400.0,30.69,700,30.8,200,-0.68,30.78,30.78,9400,290000.0,0.02,0.0,18.34,31.52,37.19,24.79,0.0
国检集团,sh603060,6.86,6.91,6.86,10400.0,6.86,4300,6.88,6100,-0.72,6.86,6.86,10400,70000.0,0.0,0.0,55.15,55.15,7.6,6.22,0.0
汉邦科技,sh688755,39.6,39.7,39.6,20000.0,39.28,400,39.6,100,-0.25,39.6,39.6,20000,10000.0,0.0,0.0,6.97,34.85,47.64,31.76,0.0
建科智能,sz300823,17.53,17.78,17.53,32600.0,17.53,3100,17.7,1000,-1.41,17.53,17.53,32600,570000.0,0.04,0.0,14.86,22.96,21.34,14.22,0.0
浙江东方,sh600120,6.26,6.36,6.26,868800.0,6.26,28800,6.27,168700,-1.57,6.26,6.26,868800,5440000.0,0.03,0.0,213.8,213.8,7.0,5.72,0.0
金一文化,sz002721,3.24,3.27,3.24,117200.0,3.24,119300,3.25,99100,-0.92,3.24,3.24,117200,380000.0,0.0,0.0,86.16,86.16,3.6,2.94,0.0
佛山照明,sz000541,6.09,6.15,6.09,251200.0,6.08,101700,6.09,159900,-0.98,6.09,6.09,251200,1530000.0,0.02,0.0,74.94,93.53,6.77,5.54,0.0
瑞可达,sh688800,89.53,92.66,89.53,7624800.0,89.53,3300,89.88,300,-3.38,89.53,89.53,7624800,6830000.0,0.04,0.0,184.14,184.14,111.19,74.13,0.0
恒拓开源,bj920415,14.25,14.5,14.25,27800.0,14.25,24000,14.4,9500,-1.72,14.25,14.25,27800,396599.99999999994,0.03,0.0,15.42,20.02,18.85,10.15,0.0
伯特利,sh603596,49.98,51.28,49.98,317300.0,49.97,200,49.98,6500,-2.54,49.98,49.98,317300,15860000.0,0.05,0.0,303.13,303.13,56.41,46.15,0.0
彩讯股份,sz300634,25.8,26.2,25.8,78600.0,25.77,300,25.8,4300,-1.53,25.8,25.8,78600,2030000.0,0.02,0.0,112.12,116.41,31.44,20.96,0.0
日照港,sh600017,3.18,3.18,3.18,259200.0,3.17,92900,3.18,478500,0.0,3.18,3.18,259200,820000.0,0.01,0.0,97.81,97.81,3.5,2.86,0.0
上海能源,sh600508,13.75,13.23,13.75,221700.0,13.75,14600,13.76,1000,3.93,13.75,13.75,221700,3050000.0,0.03,0.0,99.37,99.37,14.55,11.91,0.0
纽威数控,sh688697,15.2,15.41,15.2,847800.0,15.16,10200,15.2,3400,-1.36,15.2,15.2,847800,130000.0,0.0,0.0,69.51,69.51,18.49,12.33,0.0
华银电力,sh600744,8.89,9.08,8.89,6340300.0,8.89,400700,8.9,140300,-2.09,8.89,8.89,6340300,56370000.0,0.31,0.0,180.57,180.57,9.99,8.17,0.0
立霸股份,sh603519,13.49,13.69,13.49,23200.0,13.49,600,13.55,6000,-1.46,13.49,13.49,23200,310000.0,0.01,0.0,35.93,35.93,15.06,12.32,0.0
节能风电,sh601016,3.42,3.41,3.42,2365000.0,3.41,120500,3.42,283200,0.29,3.42,3.42,2365000,8090000.0,0.04,0.0,202.95,220.26,3.75,3.07,0.0
新天然气,sh603393,40.0,37.88,40.0,779300.0,40.0,4100,40.05,200,5.6,40.0,40.0,779300,31170000.0,0.18,0.0,169.29,169.57,41.67,34.09,0.0
冠农股份,sh600251,11.17,11.0,11.17,216700.0,11.17,283500,11.18,4100,1.55,11.17,11.17,216700,2420000.0,0.03,0.0,86.79,86.79,12.1,9.9,0.0
隆利科技,sz300752,18.69,18.87,18.69,99400.0,18.68,4700,18.69,13200,-0.95,18.69,18.69,99400,1860000.0,0.06,0.0,29.39,42.71,22.64,15.1,0.0
江苏新能,sh603693,13.7,13.72,13.7,110000.0,13.7,8000,13.72,6900,-0.15,13.7,13.7,110000,1510000.0,0.01,0.0,122.13,122.13,15.09,12.35,0.0
兰花科创,sh600123,7.1,6.65,7.1,2442900.0,7.09,500,7.1,100000,6.77,7.1,7.1,2442900,17340000.0,0.17,0.0,104.6,104.6,7.32,5.99,0.0
大连电瓷,sz002606,13.5,13.94,13.5,941900.0,13.5,21200,13.51,200,-3.16,13.5,13.5,941900,12720000.0,0.22,0.0,56.85,59.27,15.33,12.55,0.0
怡球资源,sh601388,4.2,4.17,4.2,549900.0,4.2,25600,4.21,24500,0.72,4.2,4.2,549900,2310000.0,0.02,0.0,92.45,92.45,4.59,3.75,0.0
哈空调,sh600202,6.42,6.48,6.42,106300.0,6.42,400,6.45,15800,-0.93,6.42,6.42,106300,680000.0,0.03,0.0,24.61,24.61,7.13,5.83,0.0
牧高笛,sh603908,24.68,24.87,24.68,18800.0,24.68,600,24.84,100,-0.76,24.68,24.68,18800,460000.0,0.02,0.0,22.98,22.98,27.36,22.38,0.0
炜冈科技,sz001256,22.6,22.66,22.6,13200.0,22.5,1500,22.6,4100,-0.26,22.6,22.6,13200,300000.0,0.01,0.0,24.16,32.23,24.93,20.39,0.0
天智航-U,sh688277,23.0,23.81,23.0,12467900.0,22.99,3100,23.0,600,-3.4,23.0,23.0,12467900,2870000.0,0.03,0.0,104.88,104.88,28.57,19.05,0.0
诺邦股份,sh603238,17.59,17.73,17.59,31700.0,17.53,100,17.59,18400,-0.79,17.59,17.59,31700,560000.0,0.02,0.0,31.22,31.22,19.5,15.96,0.0
达仁堂,sh600329,41.5,41.87,41.5,20400.0,41.48,3500,41.5,22000,-0.88,41.5,41.5,20400,850000.0,0.0,0.0,235.34,319.59,46.06,37.68,0.0
福田汽车,sh600166,3.05,3.08,3.05,1768300.0,3.04,643400,3.05,184700,-0.97,3.05,3.05,1768300,5390000.0,0.02,0.0,241.48,241.48,3.39,2.77,0.0
美农生物,sz301156,20.05,20.52,20.05,58400.0,20.05,600,20.22,700,-2.29,20.05,20.05,58400,1170000.0,0.07,0.0,17.89,28.23,24.62,16.42,0.0
美瑞新材,sz300848,16.51,16.81,16.51,45400.0,16.5,2400,16.51,4400,-1.78,16.51,16.51,45400,750000.0,0.02,0.0,41.79,70.64,20.17,13.45,0.0
太湖远大,bj920118,24.03,24.6,24.03,60300.0,24.01,2000,24.03,1800,-2.32,24.03,24.03,60300,1449500.0,0.19,0.0,7.53,12.23,31.98,17.22,0.0
康希诺,sh688185,71.51,71.78,71.51,4320500.0,71.51,1400,71.78,3600,-0.38,71.51,71.51,4320500,3090000.0,0.04,0.0,81.79,176.66,86.14,57.42,0.0
ST华扬,sh603825,8.98,9.1,8.98,29500.0,8.98,19800,9.01,100,-1.32,8.98,8.98,29500,260000.0,0.01,0.0,22.75,22.75,9.56,8.65,0.0
我武生物,sz300357,24.23,24.56,24.23,44800.0,24.23,300,24.26,5900,-1.34,24.23,24.23,44800,1090000.0,0.01,0.0,117.29,126.86,29.47,19.65,0.0
中粮科技,sz000930,7.92,7.34,7.92,2953000.0,7.92,14200,7.93,5900,7.9,7.92,7.92,2953000,23390000.0,0.16,0.0,147.02,147.03,8.07,6.61,0.0
仁和药业,sz000650,5.86,5.91,5.86,247000.0,5.85,54800,5.86,21200,-0.85,5.86,5.86,247000,1450000.0,0.02,0.0,78.02,82.04,6.5,5.32,0.0
锐科激光,sz300747,31.48,32.2,31.48,157600.0,31.46,600,31.48,6100,-2.24,31.48,31.48,157600,4960000.0,0.03,0.0,160.32,176.79,38.64,25.76,0.0
新易盛,sz300502,380.0,402.0,380.0,1075400.0,380.0,126200,381.0,200,-5.47,380.0,380.0,1075400,408650000.0,0.12,0.0,3364.59,3777.24,482.4,321.6,0.0
云路股份,sh688190,116.0,119.11,116.0,2253300.0,115.83,700,116.0,5300,-2.61,116.0,116.0,2253300,2610000.0,0.02,0.0,139.2,139.2,142.93,95.29,0.0
方大特钢,sh600507,7.07,7.11,7.07,61200.0,7.06,3100,7.07,29500,-0.56,7.07,7.07,61200,430000.0,0.0,0.0,163.54,163.54,7.82,6.4,0.0
ST英飞拓,sz002528,3.24,3.19,3.24,2406600.0,3.23,6800,3.24,77500,1.57,3.24,3.24,2406600,7800000.0,0.23,0.0,34.03,38.84,3.35,3.03,0.0
天地科技,sh600582,6.09,6.06,6.09,558900.0,6.09,113500,6.1,202800,0.5,6.09,6.09,558900,3400000.0,0.01,0.0,252.04,252.04,6.67,5.45,0.0
北鼎股份,sz300824,10.6,10.67,10.6,17500.0,10.6,15600,10.67,1500,-0.66,10.6,10.6,17500,190000.0,0.01,0.0,33.55,34.59,12.8,8.54,0.0
吉林高速,sh601518,2.96,2.99,2.96,216100.0,2.96,194300,2.97,214600,-1.0,2.96,2.96,216100,640000.0,0.01,0.0,55.96,55.96,3.29,2.69,0.0
福耀玻璃,sh600660,58.32,59.02,58.32,148500.0,58.31,1400,58.32,700,-1.19,58.32,58.32,148500,8660000.0,0.01,0.0,1168.14,1522.0,64.92,53.12,0.0
富森美,sz002818,11.58,11.65,11.58,19400.0,11.58,41300,11.65,2900,-0.6,11.58,11.58,19400,220000.0,0.01,0.0,34.55,86.67,12.82,10.49,0.0
威力传动,sz300904,61.31,61.61,61.31,10000.0,61.31,2000,61.45,900,-0.49,61.31,61.31,10000,610000.0,0.05,0.0,13.48,44.38,73.93,49.29,0.0
凯大催化,bj920974,9.11,9.32,9.11,203900.0,9.11,8400,9.19,7000,-2.25,9.11,9.11,203900,1857900.0,0.16,0.0,11.7,14.92,12.11,6.53,0.0
金丹科技,sz300829,20.33,20.43,20.33,95600.0,20.31,2400,20.33,7100,-0.49,20.33,20.33,95600,1940000.0,0.06,0.0,32.17,46.21,24.52,16.34,0.0
苏常柴Ａ,sz000570,6.39,6.32,6.39,2969000.0,6.39,207100,6.4,5100,1.11,6.39,6.39,2969000,18970000.0,0.53,0.0,35.51,45.09,6.95,5.69,0.0
上海贝岭,sh600171,29.23,29.51,29.23,60700.0,29.22,1700,29.23,4800,-0.95,29.23,29.23,60700,1770000.0,0.01,0.0,207.22,207.22,32.46,26.56,0.0
万达电影,sz002739,10.1,10.28,10.1,1139300.0,10.1,240300,10.11,126200,-1.75,10.1,10.1,1139300,11510000.0,0.05,0.0,212.09,213.29,11.31,9.25,0.0
威高骨科,sh688161,29.27,29.54,29.27,1183900.0,29.27,2200,29.3,200,-0.91,29.27,29.27,1183900,350000.0,0.0,0.0,117.08,117.08,35.45,23.63,0.0
安徽合力,sh600761,22.0,22.52,22.0,1077400.0,22.0,11600,22.01,300,-2.31,22.0,22.0,1077400,23700000.0,0.12,0.0,195.95,195.95,24.77,20.27,0.0
金房能源,sz001210,22.5,22.5,22.5,11900.0,22.4,2000,22.5,400,0.0,22.5,22.5,11900,270000.0,0.01,0.0,21.44,35.28,24.75,20.25,0.0
春雪食品,sh605567,11.4,11.51,11.4,33700.0,11.4,1200,11.45,30000,-0.96,11.4,11.4,33700,380000.0,0.02,0.0,22.8,22.8,12.66,10.36,0.0
星源卓镁,sz301398,58.0,58.26,58.0,1900.0,57.95,3000,58.0,300,-0.45,58.0,58.0,1900,110000.0,0.01,0.0,21.59,64.96,69.91,46.61,0.0
金雷股份,sz300443,27.45,28.06,27.45,109000.0,27.45,3500,27.48,400,-2.17,27.45,27.45,109000,2990000.0,0.04,0.0,66.64,87.88,33.67,22.45,0.0
中芯国际,sh688981,103.97,106.5,103.97,53545100.0,103.96,200,103.97,2200,-2.38,103.97,103.97,53545100,55670000.0,0.03,0.0,2078.95,8319.03,127.8,85.2,0.0
*ST威尔,sz002058,21.15,21.71,21.15,79200.0,21.15,38900,21.2,300,-2.58,21.15,21.15,79200,1680000.0,0.06,0.0,30.27,30.34,22.8,20.62,0.0
甘咨询,sz000779,9.71,9.87,9.71,104200.0,9.71,2000,9.72,3700,-1.62,9.71,9.71,104200,1010000.0,0.02,0.0,45.13,45.13,10.86,8.88,0.0
*ST摩登,sz002656,2.86,2.84,2.86,447200.0,2.85,53700,2.86,32000,0.7,2.86,2.86,447200,1280000.0,0.07,0.0,19.35,20.38,2.98,2.7,0.0
中科微至,sh688211,32.15,32.34,32.15,470000.0,32.09,1000,32.15,13800,-0.59,32.15,32.15,470000,150000.0,0.0,0.0,42.31,42.31,38.81,25.87,0.0
五矿资本,sh600390,5.62,5.66,5.62,271800.0,5.61,171200,5.62,5600,-0.71,5.62,5.62,271800,1530000.0,0.01,0.0,252.79,252.79,6.23,5.09,0.0
凯普生物,sz300639,6.5,6.59,6.5,94700.0,6.5,25600,6.52,12400,-1.37,6.5,6.5,94700,620000.0,0.01,0.0,41.29,42.02,7.91,5.27,0.0
金科环境,sh688466,18.69,18.8,18.69,949000.0,18.69,500,18.71,1000,-0.59,18.69,18.69,949000,180000.0,0.01,0.0,22.83,22.83,22.56,15.04,0.0
中华企业,sh600675,2.73,2.77,2.73,550400.0,2.73,480600,2.74,711600,-1.44,2.73,2.73,550400,1500000.0,0.01,0.0,165.06,165.06,3.05,2.49,0.0
热景生物,sh688068,133.14,134.0,133.14,645900.0,133.14,100,133.45,900,-0.64,133.14,133.14,645900,860000.0,0.01,0.0,123.43,123.43,160.8,107.2,0.0
长青集团,sz002616,6.04,6.07,6.04,165100.0,6.03,15900,6.04,28100,-0.49,6.04,6.04,165100,1000000.0,0.03,0.0,35.48,51.9,6.68,5.46,0.0
四方股份,sh601126,50.95,52.95,50.95,795300.0,50.95,300,50.97,2000,-3.78,50.95,50.95,795300,40520000.0,0.1,0.0,420.38,424.5,58.25,47.66,0.0
运机集团,sz001288,35.49,35.9,35.49,2800.0,35.4,300,35.5,38200,-1.14,35.49,35.49,2800,100000.0,0.0,0.0,53.85,83.36,39.49,32.31,0.0
小熊电器,sz002959,41.65,42.17,41.65,11800.0,41.65,300,41.67,100,-1.23,41.65,41.65,11800,490000.0,0.01,0.0,62.69,64.9,46.39,37.95,0.0
中研股份,sh688716,36.84,37.23,36.84,1380000.0,36.8,500,36.84,4800,-1.05,36.84,36.84,1380000,510000.0,0.02,0.0,25.76,44.83,44.68,29.78,0.0
浙商证券,sh601878,10.19,10.33,10.19,600500.0,10.19,130900,10.23,1100,-1.36,10.19,10.19,600500,6120000.0,0.01,0.0,466.07,466.07,11.36,9.3,0.0
通策医疗,sh600763,47.0,47.64,47.0,60700.0,47.0,2900,47.07,700,-1.34,47.0,47.0,60700,2850000.0,0.01,0.0,210.23,210.23,52.4,42.88,0.0
振华股份,sh603067,44.5,46.72,44.5,398900.0,44.5,39400,44.52,400,-4.75,44.5,44.5,398900,17750000.0,0.06,0.0,316.29,316.29,51.39,42.05,0.0
新华网,sh603888,21.0,21.39,21.0,115600.0,21.0,2400,21.03,15100,-1.82,21.0,21.0,115600,2430000.0,0.02,0.0,141.7,141.7,23.53,19.25,0.0
泰禾智能,sh603656,22.33,22.37,22.33,13500.0,22.15,600,22.33,11700,-0.18,22.33,22.33,13500,300000.0,0.01,0.0,40.85,40.85,24.61,20.13,0.0
海信视像,sh600060,22.36,22.55,22.36,189100.0,22.35,2000,22.36,1000,-0.84,22.36,22.36,189100,4230000.0,0.01,0.0,290.72,291.79,24.81,20.3,0.0
诺禾致源,sh688315,14.13,14.42,14.13,3141100.0,14.13,3800,14.2,61800,-2.01,14.13,14.13,3141100,440000.0,0.01,0.0,58.81,58.81,17.3,11.54,0.0
红四方,sh603395,32.08,31.82,32.08,121500.0,32.01,2000,32.08,2000,0.82,32.08,32.08,121500,3900000.0,0.19,0.0,20.85,83.41,35.0,28.64,0.0
城地香江,sh603887,16.01,16.51,16.01,985000.0,16.01,10900,16.02,1100,-3.03,16.01,16.01,985000,15770000.0,0.17,0.0,95.3,96.38,18.16,14.86,0.0
宝通科技,sz300031,21.01,21.22,21.01,121900.0,21.0,4000,21.01,28300,-0.99,21.01,21.01,121900,2560000.0,0.03,0.0,73.93,87.98,25.46,16.98,0.0
*ST星农,sh603789,5.5,5.6,5.5,17600.0,5.5,12400,5.54,2000,-1.79,5.5,5.5,17600,100000.0,0.01,0.0,14.3,14.59,5.88,5.32,0.0
景旺电子,sh603228,60.6,62.27,60.6,249900.0,60.6,900,60.69,100,-2.68,60.6,60.6,249900,15140000.0,0.03,0.0,591.31,596.8,68.5,56.04,0.0
音飞储存,sh603066,10.66,10.77,10.66,32700.0,10.66,200,10.67,11000,-1.02,10.66,10.66,32700,350000.0,0.01,0.0,31.36,31.36,11.85,9.69,0.0
冠龙节能,sz301151,19.93,20.18,19.93,8100.0,19.91,500,20.18,4200,-1.24,19.93,19.93,8100,160000.0,0.0,0.0,33.65,33.68,24.22,16.14,0.0
神州信息,sz000555,18.1,18.33,18.1,1087100.0,18.1,8000,18.11,6300,-1.25,18.1,18.1,1087100,19680000.0,0.11,0.0,175.91,176.62,20.16,16.5,0.0
科兴制药,sh688136,29.83,30.16,29.83,1554900.0,29.83,3000,29.88,2000,-1.09,29.83,29.83,1554900,460000.0,0.01,0.0,60.04,60.04,36.19,24.13,0.0
联动科技,sz301369,130.84,132.45,130.84,1800.0,130.0,400,130.84,300,-1.22,130.84,130.84,1800,240000.0,0.0,0.0,47.58,92.34,158.94,105.96,0.0
浩云科技,sz300448,10.87,11.05,10.87,300000.0,10.87,32000,10.88,2500,-1.63,10.87,10.87,300000,3260000.0,0.06,0.0,50.5,73.54,13.26,8.84,0.0
唐源电气,sz300789,22.0,22.39,22.0,13100.0,22.0,3000,22.41,400,-1.74,22.0,22.0,13100,290000.0,0.01,0.0,21.76,31.65,26.87,17.91,0.0
迦南科技,sz300412,5.7,5.77,5.7,69000.0,5.7,23400,5.71,2500,-1.21,5.7,5.7,69000,390000.0,0.01,0.0,26.67,28.37,6.92,4.62,0.0
恒生电子,sh600570,27.36,27.86,27.36,322900.0,27.35,10400,27.36,11600,-1.79,27.36,27.36,322900,8830000.0,0.02,0.0,518.23,518.23,30.65,25.07,0.0
ST应急,sz300527,8.45,8.52,8.45,208500.0,8.45,1000,8.46,10000,-0.82,8.45,8.45,208500,1760000.0,0.02,0.0,85.92,85.92,10.22,6.82,0.0
山东海化,sz000822,7.2,6.98,7.2,1734500.0,7.18,1700,7.2,23700,3.15,7.2,7.2,1734500,12490000.0,0.19,0.0,64.45,64.45,7.68,6.28,0.0
宁波富邦,sh600768,17.7,17.65,17.7,57500.0,17.66,4200,17.7,1000,0.28,17.7,17.7,57500,1020000.0,0.04,0.0,23.67,23.67,19.42,15.89,0.0
天亿马,sz301178,50.0,51.15,50.0,28800.0,50.0,2300,51.0,5200,-2.25,50.0,50.0,28800,1440000.0,0.06,0.0,24.74,33.43,61.38,40.92,0.0
万祥科技,sz301180,19.65,20.0,19.65,154500.0,19.65,700,19.66,2600,-1.75,19.65,19.65,154500,3040000.0,0.09,0.0,32.25,78.6,24.0,16.0,0.0
杭钢股份,sh600126,8.8,9.07,8.8,2095500.0,8.8,134900,8.81,12200,-2.98,8.8,8.8,2095500,18440000.0,0.06,0.0,297.19,297.19,9.98,8.16,0.0
友讯达,sz300514,14.53,14.87,14.53,83000.0,14.52,1500,14.53,900,-2.29,14.53,14.53,83000,1210000.0,0.05,0.0,23.29,29.06,17.84,11.9,0.0
许继电气,sz000400,33.6,33.63,33.6,943400.0,33.56,29800,33.6,45300,-0.09,33.6,33.6,943400,31700000.0,0.09,0.0,339.93,342.26,36.99,30.27,0.0
爱旭股份,sh600732,14.9,15.1,14.9,327400.0,14.9,17900,14.91,15000,-1.32,14.9,14.9,327400,4880000.0,0.02,0.0,269.47,315.47,16.61,13.59,0.0
华润微,sh688396,49.98,51.15,49.98,23391600.0,49.95,200,49.98,4700,-2.29,49.98,49.98,23391600,11690000.0,0.02,0.0,663.5,663.5,61.38,40.92,0.0
新华制药,sz000756,15.2,15.38,15.2,92900.0,15.19,7900,15.2,3700,-1.17,15.2,15.2,92900,1410000.0,0.02,0.0,75.83,105.9,16.92,13.84,0.0
锐新科技,sz300828,22.22,22.67,22.22,36800.0,22.18,2000,22.22,3800,-1.99,22.22,22.22,36800,820000.0,0.03,0.0,27.72,36.98,27.2,18.14,0.0
品高股份,sh688227,71.09,73.38,71.09,3507400.0,71.09,200,71.47,200,-3.12,71.09,71.09,3507400,2490000.0,0.03,0.0,80.37,80.37,88.06,58.7,0.0
瀛通通讯,sz002861,19.27,19.47,19.27,24400.0,19.21,100,19.27,1600,-1.03,19.27,19.27,24400,470000.0,0.02,0.0,28.94,35.9,21.42,17.52,0.0
伟时电子,sh605218,17.88,18.3,17.88,17200.0,17.88,2400,18.1,1000,-2.3,17.88,17.88,17200,310000.0,0.01,0.0,38.05,43.42,20.13,16.47,0.0
中科美菱,bj920992,16.3,16.42,0.0,0.0,16.3,600,16.42,400,-0.73,0.0,0.0,0,0.0,0.0,0.0,7.91,15.77,21.34,11.5,0.0
栖霞建设,sh600533,2.63,2.66,2.63,102200.0,2.63,10000,2.65,5900,-1.13,2.63,2.63,102200,270000.0,0.01,0.0,27.61,27.61,2.93,2.39,0.0
协鑫集成,sz002506,5.65,5.56,5.65,34913000.0,5.65,2006100,5.66,339100,1.62,5.65,5.65,34913000,197260000.0,0.6,0.0,330.21,330.54,6.12,5.0,0.0
辰奕智能,sz301578,35.54,35.62,35.54,18800.0,35.54,900,35.6,700,-0.22,35.54,35.54,18800,670000.0,0.08,0.0,8.23,28.96,42.74,28.5,0.0
国联民生,sh601456,9.35,9.52,9.35,1137600.0,9.35,270600,9.39,2400,-1.79,9.35,9.35,1137600,10640000.0,0.03,0.0,408.44,531.14,10.47,8.57,0.0
云汉芯城,sz301563,145.98,148.8,145.98,11700.0,145.8,400,145.99,1100,-1.9,145.98,145.98,11700,1710000.0,0.08,0.0,20.37,95.06,178.56,119.04,0.0
艾罗能源,sh688717,114.0,114.0,114.0,12280500.0,114.0,7700,114.19,1000,0.0,114.0,114.0,12280500,14000000.0,0.12,0.0,112.91,182.4,136.8,91.2,0.0
莎普爱思,sh603168,7.06,7.18,7.06,92800.0,7.05,50800,7.06,30800,-1.67,7.06,7.06,92800,660000.0,0.02,0.0,26.3,26.41,7.9,6.46,0.0
吉华集团,sh603980,7.7,7.75,7.7,385100.0,7.7,99500,7.72,1100,-0.65,7.7,7.7,385100,2970000.0,0.06,0.0,52.12,52.12,8.53,6.98,0.0
宏华数科,sh688789,82.21,82.61,82.21,1055200.0,82.21,5900,82.5,300,-0.48,82.21,82.21,1055200,870000.0,0.01,0.0,148.19,148.19,99.13,66.09,0.0
建科院,sz300675,15.52,15.79,15.52,15100.0,15.52,600,15.6,1000,-1.71,15.52,15.52,15100,230000.0,0.01,0.0,22.76,22.76,18.95,12.63,0.0
聚合顺,sh605166,11.07,11.07,11.07,41400.0,11.07,3800,11.08,6900,0.0,11.07,11.07,41400,460000.0,0.01,0.0,34.84,34.84,12.18,9.96,0.0
国药现代,sh600420,10.72,10.83,10.72,265700.0,10.71,89200,10.72,106800,-1.02,10.72,10.72,265700,2850000.0,0.02,0.0,143.77,143.77,11.91,9.75,0.0
焦点科技,sz002315,43.17,43.53,43.17,44500.0,43.11,400,43.17,100,-0.83,43.17,43.17,44500,1920000.0,0.02,0.0,87.34,136.95,47.88,39.18,0.0
龙版传媒,sh605577,12.9,13.0,12.9,16800.0,12.9,5800,12.92,4000,-0.77,12.9,12.9,16800,220000.0,0.0,0.0,57.33,57.33,14.3,11.7,0.0
盈康生命,sz300143,11.27,11.77,11.27,1723900.0,11.27,32100,11.28,200,-4.25,11.27,11.27,1723900,19430000.0,0.27,0.0,72.28,84.46,14.12,9.42,0.0
威孚高科,sz000581,24.7,25.22,24.7,372400.0,24.67,500,24.7,4900,-2.06,24.7,24.7,372400,9200000.0,0.05,0.0,196.09,238.8,27.74,22.7,0.0
综艺股份,sh600770,6.03,6.18,6.03,284500.0,6.03,91200,6.06,8600,-2.43,6.03,6.03,284500,1720000.0,0.02,0.0,78.39,78.39,6.8,5.56,0.0
智微智能,sz001339,64.5,66.33,64.5,287000.0,64.23,5400,64.6,800,-2.76,64.5,64.5,287000,18510000.0,0.24,0.0,77.01,162.7,72.96,59.7,0.0
航发控制,sz000738,25.8,26.27,25.8,686900.0,25.8,17200,25.81,100,-1.79,25.8,25.8,686900,17720000.0,0.05,0.0,339.32,339.32,28.9,23.64,0.0
鞍钢股份,sz000898,2.6,2.61,2.6,320400.0,2.6,4100,2.61,2038800,-0.38,2.6,2.6,320400,830000.0,0.0,0.0,206.89,243.6,2.87,2.35,0.0
平高电气,sh600312,24.5,25.02,24.5,830600.0,24.5,39600,24.51,25300,-2.08,24.5,24.5,830600,20350000.0,0.06,0.0,332.45,332.45,27.52,22.52,0.0
宸展光电,sz003019,30.61,30.91,30.61,21200.0,30.6,2700,30.61,1000,-0.97,30.61,30.61,21200,650000.0,0.01,0.0,52.3,54.11,34.0,27.82,0.0
望变电气,sh603191,26.29,26.62,26.29,234100.0,26.28,300,26.29,12900,-1.24,26.29,26.29,234100,6150000.0,0.07,0.0,86.75,87.36,29.28,23.96,0.0
海达尔,bj920699,44.05,44.28,44.05,1100.0,44.05,800,44.12,500,-0.52,44.05,44.05,1100,49600.0,0.01,0.0,9.2,20.1,57.56,31.0,0.0
科力尔,sz002892,11.79,11.91,11.79,57600.0,11.79,13700,11.8,100,-1.01,11.79,11.79,57600,680000.0,0.01,0.0,56.99,87.78,13.1,10.72,0.0
ST纳川,sz300198,2.66,2.68,2.66,103000.0,2.66,45500,2.67,9900,-0.75,2.66,2.66,103000,270000.0,0.01,0.0,27.3,27.44,3.22,2.14,0.0
北京利尔,sz002392,7.82,7.91,7.82,88200.0,7.82,2500,7.9,10400,-1.14,7.82,7.82,88200,690000.0,0.01,0.0,89.45,93.1,8.7,7.12,0.0
吉鑫科技,sh601218,5.72,5.77,5.72,218100.0,5.72,35900,5.73,4300,-0.87,5.72,5.72,218100,1250000.0,0.02,0.0,55.43,55.43,6.35,5.19,0.0
新北洋,sz002376,7.5,7.62,7.5,165500.0,7.49,7700,7.5,31100,-1.57,7.5,7.5,165500,1240000.0,0.02,0.0,58.6,60.79,8.38,6.86,0.0
宁夏建材,sh600449,13.27,13.42,13.27,34600.0,13.26,2500,13.27,33100,-1.12,13.27,13.27,34600,460000.0,0.01,0.0,63.45,63.45,14.76,12.08,0.0
闻泰科技,sh600745,31.73,32.66,31.73,1699100.0,31.73,100,31.74,400,-2.85,31.73,31.73,1699100,53910000.0,0.14,0.0,394.93,394.93,35.93,29.39,0.0
嘉戎技术,sz301148,54.85,55.7,54.85,10100.0,54.7,1000,54.85,5200,-1.53,54.85,54.85,10100,550000.0,0.02,0.0,32.29,63.9,66.84,44.56,0.0
美康生物,sz300439,10.21,10.21,10.21,133600.0,10.2,1000,10.21,41200,0.0,10.21,10.21,133600,1360000.0,0.05,0.0,29.85,39.24,12.25,8.17,0.0
北方股份,sh600262,28.66,29.1,28.66,55000.0,28.6,500,28.66,16000,-1.51,28.66,28.66,55000,1580000.0,0.03,0.0,48.72,48.72,32.01,26.19,0.0
昆药集团,sh600422,12.0,12.04,12.0,72900.0,12.0,41200,12.01,6700,-0.33,12.0,12.0,72900,870000.0,0.01,0.0,90.84,90.84,13.24,10.84,0.0
科美诊断,sh688468,7.47,7.56,7.47,5687400.0,7.46,10900,7.47,30700,-1.19,7.47,7.47,5687400,420000.0,0.01,0.0,29.96,29.96,9.07,6.05,0.0
华灿光电,sz300323,11.26,11.94,11.26,7961900.0,11.26,86800,11.27,10700,-5.7,11.26,11.26,7961900,89650000.0,0.91,0.0,99.0,182.75,14.33,9.55,0.0
华数传媒,sz000156,7.82,7.95,7.82,234400.0,7.81,39600,7.82,42000,-1.64,7.82,7.82,234400,1830000.0,0.01,0.0,132.93,144.9,8.75,7.16,0.0
东宏股份,sh603856,13.8,13.91,13.8,21300.0,13.78,200,13.8,78200,-0.79,13.8,13.8,21300,290000.0,0.01,0.0,38.92,38.92,15.3,12.52,0.0
鑫宏业,sz301310,37.53,38.55,37.53,32200.0,37.5,1000,37.54,600,-2.65,37.53,37.53,32200,1210000.0,0.06,0.0,18.86,51.25,46.26,30.84,0.0
永清环保,sz300187,5.65,5.72,5.65,209900.0,5.65,18300,5.67,5000,-1.22,5.65,5.65,209900,1190000.0,0.03,0.0,36.28,36.48,6.86,4.58,0.0
汉嘉数智,sz300746,13.01,13.18,13.01,14500.0,13.0,1600,13.01,500,-1.29,13.01,13.01,14500,190000.0,0.01,0.0,29.08,29.37,15.82,10.54,0.0
机科股份,bj920579,22.0,22.32,22.0,6900.0,22.0,6800,22.05,1800,-1.43,22.0,22.0,6900,152200.0,0.02,0.0,9.81,28.49,29.01,15.63,0.0
紫光股份,sz000938,23.66,24.13,23.66,441700.0,23.66,4000,23.67,400,-1.95,23.66,23.66,441700,10450000.0,0.02,0.0,676.69,676.69,26.54,21.72,0.0
弘讯科技,sh603015,14.0,14.13,14.0,20700.0,13.99,100,14.0,11700,-0.92,14.0,14.0,20700,290000.0,0.01,0.0,56.59,56.59,15.54,12.72,0.0
万德斯,sh688178,26.6,26.36,26.6,1203600.0,26.36,300,26.6,900,0.91,26.6,26.6,1203600,320000.0,0.01,0.0,22.61,22.61,31.63,21.09,0.0
阿科力,sh603722,40.2,40.0,40.2,17500.0,40.2,1200,40.39,100,0.5,40.2,40.2,17500,700000.0,0.02,0.0,38.47,39.28,44.0,36.0,0.0
宝明科技,sz002992,52.67,53.2,52.67,5300.0,52.58,100,52.67,1200,-1.0,52.67,52.67,5300,280000.0,0.0,0.0,83.24,95.26,58.52,47.88,0.0
福瑞达,sh600223,7.01,7.1,7.01,175100.0,7.01,46400,7.03,100,-1.27,7.01,7.01,175100,1230000.0,0.02,0.0,71.26,71.26,7.81,6.39,0.0
科沃斯,sh603486,64.0,64.85,64.0,57600.0,63.98,100,64.0,13300,-1.31,64.0,64.0,57600,3690000.0,0.01,0.0,366.94,370.51,71.34,58.37,0.0
南大环境,sz300864,22.4,22.66,22.4,15400.0,22.4,9100,22.5,2000,-1.15,22.4,22.4,15400,340000.0,0.01,0.0,35.37,35.37,27.19,18.13,0.0
数据港,sh603881,35.99,36.45,35.99,351800.0,35.95,1200,35.99,8300,-1.26,35.99,35.99,351800,12660000.0,0.05,0.0,258.54,258.54,40.1,32.81,0.0
正元地信,sh688509,4.85,4.91,4.85,4527800.0,4.84,55600,4.85,7500,-1.22,4.85,4.85,4527800,220000.0,0.01,0.0,18.66,37.34,5.89,3.93,0.0
成都燃气,sh603053,10.65,10.31,10.65,285200.0,10.64,7500,10.65,29000,3.3,10.65,10.65,285200,3040000.0,0.03,0.0,94.67,94.67,11.34,9.28,0.0
龙旗科技,sh603341,41.99,42.91,41.99,138700.0,41.98,600,41.99,3600,-2.14,41.99,41.99,138700,5820000.0,0.05,0.0,111.78,219.44,47.2,38.62,0.0
ST天圣,sz002872,5.45,5.49,5.45,65300.0,5.45,32400,5.46,900,-0.73,5.45,5.45,65300,360000.0,0.03,0.0,11.71,17.33,5.76,5.22,0.0
瑞鹄模具,sz002997,32.4,32.91,32.4,22900.0,32.36,15900,32.4,8500,-1.55,32.4,32.4,22900,740000.0,0.01,0.0,67.82,67.82,36.2,29.62,0.0
英飞特,sz300582,16.37,16.66,16.37,22600.0,16.36,500,16.37,1900,-1.74,16.37,16.37,22600,370000.0,0.01,0.0,36.27,48.87,19.99,13.33,0.0
昊华能源,sh601101,8.8,8.44,8.8,429000.0,8.78,10600,8.8,49700,4.27,8.8,8.8,429000,3780000.0,0.03,0.0,126.72,126.72,9.28,7.6,0.0
汉得信息,sz300170,24.0,22.74,24.0,2401100.0,23.99,800,24.0,595300,5.54,24.0,24.0,2401100,57630000.0,0.25,0.0,234.51,245.33,27.29,18.19,0.0
汤臣倍健,sz300146,11.4,11.52,11.4,150600.0,11.39,15800,11.4,3800,-1.04,11.4,11.4,150600,1720000.0,0.01,0.0,127.77,192.85,13.82,9.22,0.0
浪莎股份,sh600137,21.98,22.2,21.98,32200.0,21.96,9000,21.98,3200,-0.99,21.98,21.98,32200,710000.0,0.03,0.0,21.37,21.37,24.42,19.98,0.0
新洁能,sh605111,40.93,41.78,40.93,128400.0,40.91,100,40.93,4100,-2.03,40.93,40.93,128400,5260000.0,0.03,0.0,170.0,170.0,45.96,37.6,0.0
思看科技,sh688583,137.49,141.13,137.49,1323300.0,137.0,900,137.49,300,-2.58,137.49,137.49,1323300,1820000.0,0.04,0.0,42.35,121.54,169.36,112.9,0.0
康普化学,bj920033,16.83,16.99,16.83,6900.0,16.83,200,16.86,3200,-0.94,16.83,16.83,6900,116100.0,0.01,0.0,13.93,20.05,22.08,11.9,0.0
天正电气,sh605066,8.86,9.01,8.86,199900.0,8.85,112500,8.86,13000,-1.66,8.86,8.86,199900,1770000.0,0.04,0.0,44.52,44.72,9.91,8.11,0.0
九安医疗,sz002432,49.38,49.04,49.38,347800.0,49.34,100,49.38,20300,0.69,49.38,49.38,347800,17170000.0,0.08,0.0,216.49,229.61,53.94,44.14,0.0
广东明珠,sh600382,9.13,9.21,9.13,162800.0,9.12,6200,9.13,158400,-0.87,9.13,9.13,162800,1490000.0,0.02,0.0,63.4,63.4,10.13,8.29,0.0
中船汉光,sz300847,18.01,18.18,18.01,29200.0,18.0,22900,18.01,600,-0.94,18.01,18.01,29200,530000.0,0.01,0.0,53.31,53.31,21.82,14.54,0.0
汇洁股份,sz002763,7.93,7.97,7.93,30700.0,7.9,2100,7.93,2300,-0.5,7.93,7.93,30700,240000.0,0.01,0.0,24.08,32.51,8.77,7.17,0.0
宁沪高速,sh600377,12.18,12.19,12.18,34300.0,12.17,900,12.18,17400,-0.08,12.18,12.18,34300,420000.0,0.0,0.0,463.11,613.6,13.41,10.97,0.0
优利德,sh688628,43.06,43.3,43.06,510000.0,43.05,2000,43.06,3900,-0.55,43.06,43.06,510000,220000.0,0.0,0.0,48.13,48.13,51.96,34.64,0.0
包钢股份,sh600010,3.0,3.06,3.0,15292500.0,3.0,4298300,3.01,886000,-1.96,3.0,3.0,15292500,45880000.0,0.05,0.0,941.42,1358.66,3.37,2.75,0.0
视源股份,sz002841,34.9,35.41,34.9,34900.0,34.9,3700,34.94,1300,-1.44,34.9,34.9,34900,1220000.0,0.01,0.0,181.95,242.91,38.95,31.87,0.0
越剑智能,sh603095,20.0,20.98,20.0,100000.0,19.98,500,20.0,12100,-4.67,20.0,20.0,100000,2000000.0,0.04,0.0,51.65,51.65,23.08,18.88,0.0
汉商集团,sh600774,9.78,9.89,9.78,114000.0,9.77,6900,9.78,8400,-1.11,9.78,9.78,114000,1110000.0,0.04,0.0,28.84,28.85,10.88,8.9,0.0
君禾股份,sh603617,7.55,7.63,7.55,53100.0,7.55,13400,7.57,2300,-1.05,7.55,7.55,53100,400000.0,0.01,0.0,28.96,29.48,8.39,6.87,0.0
博俊科技,sz300926,28.58,29.2,28.58,62500.0,28.58,2600,28.68,3300,-2.12,28.58,28.58,62500,1790000.0,0.02,0.0,85.16,124.13,35.04,23.36,0.0
新媒股份,sz300770,42.0,42.43,42.0,39500.0,41.94,2400,42.0,6400,-1.01,42.0,42.0,39500,1660000.0,0.02,0.0,95.69,95.69,50.92,33.94,0.0
博汇股份,sz300839,15.0,13.92,15.0,712000.0,14.98,500,15.0,1700,7.76,15.0,15.0,712000,10680000.0,0.25,0.0,43.45,44.24,16.7,11.14,0.0
华林证券,sz002945,17.25,17.6,17.25,359000.0,17.24,1000,17.25,6500,-1.99,17.25,17.25,359000,6190000.0,0.01,0.0,465.75,465.75,19.36,15.84,0.0
南方路机,sh603280,36.5,37.0,36.5,32200.0,36.4,100,36.5,900,-1.35,36.5,36.5,32200,1180000.0,0.12,0.0,10.2,39.57,40.7,33.3,0.0
中远海能,sh600026,26.12,25.24,26.12,3981900.0,26.11,300,26.12,302000,3.49,26.12,26.12,3981900,104010000.0,0.11,0.0,907.61,1427.52,27.76,22.72,0.0
西陇科学,sz002584,8.61,8.72,8.61,101900.0,8.6,24300,8.61,11400,-1.26,8.61,8.61,101900,880000.0,0.02,0.0,40.33,50.39,9.59,7.85,0.0
亿帆医药,sz002019,13.1,13.27,13.1,180600.0,13.1,56500,13.13,8600,-1.28,13.1,13.1,180600,2370000.0,0.02,0.0,110.23,159.35,14.6,11.94,0.0
禾丰股份,sh603609,7.39,7.41,7.39,81600.0,7.39,1900,7.4,11200,-0.27,7.39,7.39,81600,600000.0,0.01,0.0,67.12,67.12,8.15,6.67,0.0
侨源股份,sz301286,57.66,58.46,57.66,37300.0,57.66,1100,57.77,1600,-1.37,57.66,57.66,37300,2150000.0,0.02,0.0,92.99,230.7,70.15,46.77,0.0
金天钛业,sh688750,20.33,20.63,20.33,2927300.0,20.33,800,20.39,1000,-1.45,20.33,20.33,2927300,600000.0,0.01,0.0,47.35,94.03,24.76,16.5,0.0
三雄极光,sz300625,12.77,12.76,12.77,49000.0,12.69,6300,12.77,9800,0.08,12.77,12.77,49000,630000.0,0.03,0.0,20.68,35.67,15.31,10.21,0.0
欧晶科技,sz001269,24.5,25.03,24.5,82900.0,24.5,300,24.51,100,-2.12,24.5,24.5,82900,2030000.0,0.04,0.0,47.14,47.14,27.53,22.53,0.0
成大生物,sh688739,25.26,25.26,25.26,1784300.0,25.25,300,25.26,3300,0.0,25.26,25.26,1784300,450000.0,0.0,0.0,105.2,105.2,30.31,20.21,0.0
涪陵电力,sh600452,15.05,15.55,15.05,2205000.0,15.05,388000,15.08,800,-3.22,15.05,15.05,2205000,33190000.0,0.14,0.0,231.25,231.25,17.11,14.0,0.0
甘肃能化,sz000552,2.77,2.67,2.77,5307700.0,2.77,91000,2.78,362400,3.75,2.77,2.77,5307700,14700000.0,0.14,0.0,103.2,148.25,2.94,2.4,0.0
圣邦股份,sz300661,64.0,65.75,64.0,146000.0,63.99,100,64.0,7900,-2.66,64.0,64.0,146000,9340000.0,0.02,0.0,379.36,395.55,78.9,52.6,0.0
伊力特,sh600197,12.82,12.89,12.82,77100.0,12.81,100,12.82,60000,-0.54,12.82,12.82,77100,990000.0,0.02,0.0,60.66,60.66,14.18,11.6,0.0
恒玄科技,sh688608,185.41,189.1,185.41,2634400.0,185.36,200,185.41,2400,-1.95,185.41,185.41,2634400,4880000.0,0.02,0.0,312.78,312.78,226.92,151.28,0.0
劲仔食品,sz003000,10.67,10.76,10.67,26900.0,10.67,100,10.68,500,-0.84,10.67,10.67,26900,290000.0,0.01,0.0,32.87,48.11,11.84,9.68,0.0
海达股份,sz300320,11.01,11.11,11.01,53600.0,11.01,10000,11.09,6000,-0.9,11.01,11.01,53600,590000.0,0.01,0.0,53.49,66.2,13.33,8.89,0.0
开发科技,bj920029,86.5,87.6,86.5,11600.0,86.45,100,86.5,4400,-1.26,86.5,86.5,11600,1002900.0000000001,0.03,0.0,33.29,120.14,113.88,61.32,0.0
东阿阿胶,sz000423,52.43,52.6,52.43,27200.0,52.43,700,52.45,1500,-0.32,52.43,52.43,27200,1430000.0,0.0,0.0,337.05,337.64,57.86,47.34,0.0
芯原股份,sh688521,220.5,240.85,220.5,23770500.0,220.5,2200,220.62,3100,-8.45,220.5,220.5,23770500,52410000.0,0.05,0.0,1159.64,1159.64,289.02,192.68,0.0
钢研纳克,sz300797,16.79,16.94,16.79,9600.0,16.77,3000,16.79,800,-0.89,16.79,16.79,9600,160000.0,0.0,0.0,63.55,64.26,20.33,13.55,0.0
宗申动力,sz001696,25.4,25.54,25.4,5089600.0,25.39,100,25.4,39500,-0.55,25.4,25.4,5089600,129280000.0,0.57,0.0,226.42,290.84,28.09,22.99,0.0
深水海纳,sz300961,14.3,14.35,14.3,26700.0,14.28,100,14.3,2800,-0.35,14.3,14.3,26700,380000.0,0.02,0.0,21.82,25.35,17.22,11.48,0.0
拓维信息,sz002261,39.49,39.05,39.49,7411300.0,39.48,2100,39.49,51700,1.13,39.49,39.49,7411300,292670000.0,0.65,0.0,452.42,497.51,42.96,35.15,0.0
姚记科技,sz002605,23.29,23.62,23.29,53600.0,23.28,7700,23.29,6000,-1.4,23.29,23.29,53600,1250000.0,0.02,0.0,78.55,97.27,25.98,21.26,0.0
祥和实业,sh603500,11.74,11.92,11.74,46400.0,11.72,2700,11.74,400,-1.51,11.74,11.74,46400,540000.0,0.01,0.0,38.96,39.07,13.11,10.73,0.0
欧莱新材,sh688530,32.25,33.22,32.25,13059500.0,32.25,6900,32.6,1900,-2.92,32.25,32.25,13059500,4210000.0,0.19,0.0,21.86,51.61,39.86,26.58,0.0
洲明科技,sz300232,7.76,7.93,7.76,1021500.0,7.75,46400,7.76,27000,-2.14,7.76,7.76,1021500,7930000.0,0.12,0.0,68.55,84.39,9.52,6.34,0.0
一心堂,sz002727,12.98,13.1,12.98,77500.0,12.97,1900,12.98,1600,-0.92,12.98,12.98,77500,1010000.0,0.02,0.0,51.57,76.01,14.41,11.79,0.0
博敏电子,sh603936,13.47,13.78,13.47,602200.0,13.46,30400,13.47,16400,-2.25,13.47,13.47,602200,8110000.0,0.1,0.0,84.91,84.91,15.16,12.4,0.0
中晟高科,sz002778,22.07,22.3,22.07,43700.0,22.05,13200,22.48,1000,-1.03,22.07,22.07,43700,960000.0,0.04,0.0,27.24,27.53,24.53,20.07,0.0
中油资本,sz000617,9.25,9.11,9.25,1409100.0,9.25,454700,9.26,35300,1.54,9.25,9.25,1409100,13030000.0,0.01,0.0,1169.39,1169.39,10.02,8.2,0.0
中科创达,sz300496,67.2,66.52,67.2,375600.0,67.2,34400,67.21,900,1.02,67.2,67.2,375600,25240000.0,0.1,0.0,247.71,309.64,79.82,53.22,0.0
芯海科技,sh688595,32.84,33.59,32.84,3129600.0,32.8,2000,32.84,4300,-2.23,32.84,32.84,3129600,1030000.0,0.02,0.0,47.32,47.32,40.31,26.87,0.0
福安药业,sz300194,4.29,4.31,4.29,286100.0,4.28,73500,4.3,54100,-0.46,4.29,4.29,286100,1230000.0,0.03,0.0,41.54,51.04,5.17,3.45,0.0
天宜新材,sh688033,10.11,10.18,10.11,15683800.0,10.11,3400,10.12,20000,-0.69,10.11,10.11,15683800,1590000.0,0.03,0.0,56.84,56.84,12.22,8.14,0.0
莱绅通灵,sh603900,8.25,8.27,8.25,23600.0,8.24,500,8.25,1700,-0.24,8.25,8.25,23600,190000.0,0.01,0.0,28.19,28.3,9.1,7.44,0.0
泸州老窖,sz000568,104.4,105.98,104.4,92000.0,104.4,900,104.42,200,-1.49,104.4,104.4,92000,9600000.0,0.01,0.0,1535.99,1536.71,116.58,95.38,0.0
万憬能源,sz002700,7.65,7.28,7.65,512200.0,7.64,22900,7.65,13000,5.08,7.65,7.65,512200,3920000.0,0.19,0.0,20.16,31.64,8.01,6.55,0.0
盘龙药业,sz002864,34.0,34.21,34.0,11900.0,33.97,200,34.0,700,-0.61,34.0,34.0,11900,400000.0,0.02,0.0,25.22,36.14,37.63,30.79,0.0
鄂尔多斯,sh600295,16.69,16.65,16.69,33500.0,16.69,9500,16.7,100,0.24,16.69,16.69,33500,560000.0,0.0,0.0,329.72,467.12,18.32,14.99,0.0
恒而达,sz300946,50.49,50.55,50.49,5600.0,50.49,600,50.66,100,-0.12,50.49,50.49,5600,280000.0,0.01,0.0,38.27,78.77,60.66,40.44,0.0
拱东医疗,sh605369,17.98,18.14,17.98,17600.0,17.98,3500,17.99,12800,-0.88,17.98,17.98,17600,320000.0,0.01,0.0,39.64,39.64,19.95,16.33,0.0
众业达,sz002441,11.01,11.16,11.01,150400.0,11.01,8500,11.02,5100,-1.34,11.01,11.01,150400,1660000.0,0.04,0.0,43.94,59.95,12.28,10.04,0.0
鸿博股份,sz002229,15.88,16.27,15.88,305100.0,15.87,3000,15.88,7900,-2.4,15.88,15.88,305100,4840000.0,0.06,0.0,78.31,78.8,17.9,14.64,0.0
英集芯,sh688209,20.96,21.35,20.96,7601800.0,20.96,100,20.97,15600,-1.83,20.96,20.96,7601800,1590000.0,0.02,0.0,90.92,90.92,25.62,17.08,0.0
太极集团,sh600129,16.7,16.86,16.7,102200.0,16.7,16200,16.78,5000,-0.95,16.7,16.7,102200,1710000.0,0.02,0.0,92.09,92.09,18.55,15.17,0.0
科德数控,sh688305,62.1,63.13,62.1,3134500.0,62.1,2700,62.12,400,-1.63,62.1,62.1,3134500,1950000.0,0.02,0.0,82.1,82.54,75.76,50.5,0.0
中材节能,sh603126,7.85,7.95,7.85,39400.0,7.84,50400,7.85,2400,-1.26,7.85,7.85,39400,310000.0,0.01,0.0,47.92,47.92,8.75,7.16,0.0
星徽股份,sz300464,7.13,7.2,7.13,62600.0,7.12,5200,7.13,99700,-0.97,7.13,7.13,62600,450000.0,0.02,0.0,25.34,32.64,8.64,5.76,0.0
富安娜,sz002327,6.89,6.92,6.89,20800.0,6.88,4000,6.89,49900,-0.43,6.89,6.89,20800,140000.0,0.0,0.0,33.83,57.76,7.61,6.23,0.0
汤姆猫,sz300459,4.56,4.64,4.56,687900.0,4.55,254800,4.56,80500,-1.72,4.56,4.56,687900,3140000.0,0.02,0.0,149.9,160.32,5.57,3.71,0.0
广安爱众,sh600979,5.35,5.44,5.35,1734400.0,5.34,79400,5.35,277800,-1.65,5.35,5.35,1734400,9280000.0,0.14,0.0,65.93,67.5,5.98,4.9,0.0
日辰股份,sh603755,30.4,30.67,30.4,8300.0,30.4,300,30.42,600,-0.88,30.4,30.4,8300,250000.0,0.01,0.0,29.98,29.98,33.74,27.6,0.0
上海雅仕,sh603329,11.23,11.36,11.23,24300.0,11.23,15600,11.26,200,-1.14,11.23,11.23,24300,270000.0,0.01,0.0,23.18,28.08,12.5,10.22,0.0
三 力 士,sz002224,4.76,4.77,4.76,261900.0,4.75,29400,4.76,62100,-0.21,4.76,4.76,261900,1250000.0,0.03,0.0,38.38,42.94,5.25,4.29,0.0
特  力Ａ,sz000025,17.21,17.45,17.21,35500.0,17.21,5900,17.22,500,-1.38,17.21,17.21,35500,610000.0,0.01,0.0,67.6,74.19,19.2,15.71,0.0
南网科技,sh688248,57.12,58.07,57.12,23370000.0,57.12,9900,57.13,5100,-1.64,57.12,57.12,23370000,13350000.0,0.04,0.0,322.56,322.56,69.68,46.46,0.0
S佳通,sh600182,14.1,14.29,14.1,26200.0,14.08,6800,14.1,600,-1.33,14.1,14.1,26200,370000.0,0.02,0.0,23.97,47.94,15.0,13.58,0.0
格林达,sh603931,30.48,30.88,30.48,44800.0,30.48,1900,30.5,2200,-1.3,30.48,30.48,44800,1370000.0,0.02,0.0,60.83,60.83,33.97,27.79,0.0
华东数控,sz002248,13.58,13.92,13.58,181400.0,13.57,16500,13.58,800,-2.44,13.58,13.58,181400,2460000.0,0.06,0.0,41.76,41.76,15.31,12.53,0.0
奥康国际,sh603001,9.61,9.6,9.61,103700.0,9.6,500,9.61,900,0.1,9.61,9.61,103700,1000000.0,0.03,0.0,38.53,38.53,10.56,8.64,0.0
北特科技,sh603009,53.99,55.05,53.99,126300.0,53.99,43100,54.0,8800,-1.93,53.99,53.99,126300,6820000.0,0.04,0.0,182.71,187.02,60.56,49.55,0.0
大金重工,sz002487,63.1,65.19,63.1,239300.0,63.1,1400,63.21,100,-3.21,63.1,63.1,239300,15100000.0,0.04,0.0,398.11,402.42,71.71,58.67,0.0
建研院,sh603183,4.78,4.8,4.78,114100.0,4.78,23800,4.79,51100,-0.42,4.78,4.78,114100,550000.0,0.02,0.0,23.76,23.76,5.28,4.32,0.0
京泉华,sz002885,31.6,32.75,31.6,596400.0,31.58,6800,31.6,31500,-3.51,31.6,31.6,596400,18850000.0,0.26,0.0,72.97,85.61,36.03,29.48,0.0
长虹美菱,sz000521,6.22,6.27,6.22,170100.0,6.22,4200,6.23,63300,-0.8,6.22,6.22,170100,1060000.0,0.02,0.0,54.46,64.06,6.9,5.64,0.0
中控技术,sh688777,71.4,74.25,71.4,41757200.0,71.4,9900,71.5,300,-3.84,71.4,71.4,41757200,29810000.0,0.05,0.0,562.06,564.91,89.1,59.4,0.0
三德科技,sz300515,20.31,19.6,20.31,112100.0,20.31,2000,20.35,3000,3.62,20.31,20.31,112100,2280000.0,0.06,0.0,40.98,41.79,23.52,15.68,0.0
城投控股,sh600649,4.79,4.83,4.79,1160400.0,4.79,45800,4.8,342000,-0.83,4.79,4.79,1160400,5560000.0,0.05,0.0,119.97,119.97,5.31,4.35,0.0
公元股份,sz002641,4.4,4.44,4.4,146900.0,4.4,4200,4.43,100,-0.9,4.4,4.4,146900,650000.0,0.01,0.0,49.9,54.08,4.88,4.0,0.0
天舟文化,sz300148,4.65,4.72,4.65,393800.0,4.64,31400,4.65,332300,-1.48,4.65,4.65,393800,1830000.0,0.05,0.0,37.86,39.19,5.66,3.78,0.0
迈赫股份,sz301199,23.78,24.15,23.78,6900.0,23.76,500,23.78,4900,-1.53,23.78,23.78,6900,160000.0,0.01,0.0,17.05,44.39,28.98,19.32,0.0
派瑞股份,sz300831,20.92,21.03,20.92,1250500.0,20.92,146500,20.95,200,-0.52,20.92,20.92,1250500,26160000.0,0.68,0.0,38.59,66.94,25.24,16.82,0.0
广汇物流,sh600603,7.47,7.34,7.47,508900.0,7.47,3200,7.48,11200,1.77,7.47,7.47,508900,3800000.0,0.04,0.0,89.14,89.14,8.07,6.61,0.0
泰山石油,sz000554,11.42,10.38,11.42,3069800.0,11.41,18200,11.42,1889500,10.02,11.42,11.42,3069800,35060000.0,0.85,0.0,41.41,54.91,11.42,9.34,0.0
文灿股份,sh603348,19.23,19.48,19.23,28900.0,19.22,3300,19.23,1800,-1.28,19.23,19.23,28900,560000.0,0.01,0.0,60.47,60.47,21.43,17.53,0.0
筑博设计,sz300564,16.21,16.46,16.21,26300.0,16.21,1000,16.29,22500,-1.52,16.21,16.21,26300,430000.0,0.02,0.0,18.35,26.15,19.75,13.17,0.0
ST晨鸣,sz000488,2.51,2.48,2.51,2756900.0,2.5,116200,2.51,356100,1.21,2.51,2.51,2756900,6920000.0,0.16,0.0,42.2,73.83,2.6,2.36,0.0
雷神科技,bj920190,24.82,25.24,24.82,4500.0,24.82,400,24.91,300,-1.66,24.82,24.82,4500,110800.0,0.0,0.0,24.68,24.82,32.81,17.67,0.0
青矩技术,bj920208,24.25,24.55,24.25,9300.0,24.25,7100,24.5,500,-1.22,24.25,24.25,9300,226400.0,0.01,0.0,23.7,32.45,31.91,17.19,0.0
致欧科技,sz301376,17.18,17.46,17.18,38800.0,17.17,600,17.18,24800,-1.6,17.18,17.18,38800,670000.0,0.02,0.0,33.27,69.14,20.95,13.97,0.0
海天精工,sh601882,21.58,21.91,21.58,61700.0,21.57,5200,21.58,7900,-1.51,21.58,21.58,61700,1330000.0,0.01,0.0,112.65,112.65,24.1,19.72,0.0
蜀道装备,sz300540,23.7,23.72,23.7,41700.0,23.7,700,23.72,300,-0.08,23.7,23.7,41700,990000.0,0.02,0.0,48.99,54.41,28.46,18.98,0.0
红墙股份,sz002809,13.51,13.68,13.51,653100.0,13.51,24600,13.53,500,-1.24,13.51,13.51,653100,8820000.0,0.47,0.0,18.79,28.59,15.05,12.31,0.0
安杰思,sh688581,57.5,58.12,57.5,413900.0,57.21,600,57.5,600,-1.07,57.5,57.5,413900,240000.0,0.01,0.0,23.9,46.65,69.74,46.5,0.0
禾迈股份,sh688032,109.0,107.35,109.0,1656000.0,108.3,600,109.0,3800,1.54,109.0,109.0,1656000,1810000.0,0.01,0.0,135.24,135.24,128.82,85.88,0.0
益佰制药,sh600594,3.98,4.01,3.98,66200.0,3.98,27100,4.01,1100,-0.75,3.98,3.98,66200,260000.0,0.01,0.0,31.52,31.52,4.41,3.61,0.0
冠盛股份,sh605088,34.11,34.5,34.11,12500.0,34.05,2400,34.11,7000,-1.13,34.11,34.11,12500,430000.0,0.01,0.0,68.12,69.15,37.95,31.05,0.0
超达装备,sz301186,50.1,50.69,50.1,6900.0,50.03,300,50.94,600,-1.16,50.1,50.1,6900,350000.0,0.01,0.0,37.9,40.36,60.83,40.55,0.0
麦克奥迪,sz300341,16.09,16.25,16.09,15400.0,16.07,19400,16.1,2300,-0.98,16.09,16.09,15400,250000.0,0.0,0.0,82.92,83.25,19.5,13.0,0.0
伟星股份,sz002003,10.2,10.27,10.2,123100.0,10.2,4200,10.22,4000,-0.68,10.2,10.2,123100,1260000.0,0.01,0.0,104.25,121.27,11.3,9.24,0.0
神奇制药,sh600613,6.37,6.41,6.37,34600.0,6.37,25900,6.38,400,-0.62,6.37,6.37,34600,220000.0,0.01,0.0,30.53,34.02,7.05,5.77,0.0
天风证券,sh601162,3.95,3.99,3.95,2315600.0,3.95,1024300,3.96,628000,-1.0,3.95,3.95,2315600,9150000.0,0.03,0.0,339.62,397.92,4.39,3.59,0.0
九阳股份,sz002242,9.89,9.97,9.89,25400.0,9.88,2000,9.89,3000,-0.8,9.89,9.89,25400,250000.0,0.0,0.0,75.33,75.46,10.97,8.97,0.0
遥望科技,sz002291,6.86,6.99,6.86,220800.0,6.86,18100,6.87,9000,-1.86,6.86,6.86,220800,1510000.0,0.03,0.0,59.62,64.15,7.69,6.29,0.0
天富能源,sh600509,9.07,9.16,9.07,284900.0,9.06,11900,9.07,76000,-0.98,9.07,9.07,284900,2580000.0,0.02,0.0,124.66,124.66,10.08,8.24,0.0
迈瑞医疗,sz300760,179.5,181.37,179.5,117200.0,179.5,1300,179.51,300,-1.03,179.5,179.5,117200,21040000.0,0.01,0.0,2176.27,2176.33,217.64,145.1,0.0
三利谱,sz002876,27.01,27.53,27.01,43400.0,27.01,7300,27.14,800,-1.89,27.01,27.01,43400,1170000.0,0.03,0.0,40.23,46.97,30.28,24.78,0.0
梦洁股份,sz002397,4.16,4.28,4.16,845300.0,4.16,7500,4.25,5000,-2.8,4.16,4.16,845300,3520000.0,0.13,0.0,26.95,31.11,4.71,3.85,0.0
健民集团,sh600976,31.7,31.93,31.7,18600.0,31.65,200,31.7,2000,-0.72,31.7,31.7,18600,590000.0,0.01,0.0,48.6,48.63,35.12,28.74,0.0
国星光电,sz002449,8.55,8.82,8.55,3241600.0,8.55,60600,8.56,900,-3.06,8.55,8.55,3241600,27720000.0,0.52,0.0,52.88,52.88,9.7,7.94,0.0
拓日新能,sz002218,6.22,6.29,6.22,849700.0,6.22,3200,6.23,2100,-1.11,6.22,6.22,849700,5290000.0,0.06,0.0,86.61,87.89,6.92,5.66,0.0
金诚信,sh603979,67.5,68.93,67.5,78600.0,67.3,100,67.5,27600,-2.07,67.5,67.5,78600,5310000.0,0.01,0.0,421.06,421.06,75.82,62.04,0.0
*ST亿通,sz300211,8.6,8.76,8.6,30200.0,8.58,3200,8.6,600,-1.83,8.6,8.6,30200,260000.0,0.01,0.0,25.55,26.14,10.51,7.01,0.0
中国外运,sh601598,6.05,6.02,6.05,242900.0,6.04,66600,6.05,7500,0.5,6.05,6.05,242900,1470000.0,0.0,0.0,312.03,434.01,6.62,5.42,0.0
国货航,sz001391,5.73,5.78,5.73,358000.0,5.72,107900,5.73,64100,-0.87,5.73,5.73,358000,2050000.0,0.02,0.0,87.06,699.57,6.36,5.2,0.0
英诺特,sh688253,34.78,34.8,34.78,2899300.0,34.5,300,34.78,2900,-0.06,34.78,34.78,2899300,1010000.0,0.02,0.0,47.64,47.64,41.76,27.84,0.0
华纳药厂,sh688799,42.25,43.96,42.25,3455200.0,42.25,4800,42.99,2000,-3.89,42.25,42.25,3455200,1460000.0,0.03,0.0,55.48,55.48,52.75,35.17,0.0
汇中股份,sz300371,13.85,14.01,13.85,19700.0,13.85,1700,13.86,4100,-1.14,13.85,13.85,19700,270000.0,0.01,0.0,18.62,27.87,16.81,11.21,0.0
金逸影视,sz002905,10.05,10.28,10.05,101700.0,10.05,4700,10.07,100,-2.24,10.05,10.05,101700,1020000.0,0.03,0.0,35.12,37.82,11.31,9.25,0.0
延江股份,sz300658,28.13,30.26,28.13,563900.0,28.13,4700,28.18,3000,-7.04,28.13,28.13,563900,15860000.0,0.25,0.0,63.44,93.61,36.31,24.21,0.0
百奥赛图,sh688796,75.51,77.5,75.51,708800.0,75.51,100,75.56,200,-2.57,75.51,75.51,708800,540000.0,0.02,0.0,27.1,337.45,93.0,62.0,0.0
林海股份,sh600099,11.33,11.46,11.33,72300.0,11.33,400,11.36,17800,-1.13,11.33,11.33,72300,820000.0,0.03,0.0,24.83,24.83,12.61,10.31,0.0
海澜之家,sh600398,6.21,6.25,6.21,637100.0,6.21,40400,6.22,22600,-0.64,6.21,6.21,637100,3960000.0,0.01,0.0,298.25,298.25,6.88,5.63,0.0
摩尔线程-U,sh688795,570.03,581.0,570.03,1711700.0,570.03,0,570.05,1500,-1.89,570.03,570.03,1711700,9760000.0,0.06,0.0,167.49,2679.3,697.2,464.8,0.0
申通快递,sz002468,13.5,13.72,13.5,367500.0,13.49,1300,13.5,23400,-1.6,13.5,13.5,367500,4960000.0,0.03,0.0,198.07,206.66,15.09,12.35,0.0
新柴股份,sz301032,14.38,15.13,14.38,435900.0,14.38,20600,14.39,11500,-4.96,14.38,14.38,435900,6270000.0,0.27,0.0,22.99,34.67,18.16,12.1,0.0
星星科技,sz300256,3.72,3.78,3.72,184300.0,3.71,131400,3.72,5600,-1.59,3.72,3.72,184300,690000.0,0.01,0.0,83.45,84.38,4.54,3.02,0.0
天润工业,sz002283,9.76,10.21,9.76,1235900.0,9.76,11700,9.78,1000,-4.41,9.76,9.76,1235900,12060000.0,0.12,0.0,97.94,111.21,11.23,9.19,0.0
诚迈科技,sz300598,40.55,41.3,40.55,38400.0,40.55,6000,40.56,5100,-1.82,40.55,40.55,38400,1560000.0,0.02,0.0,87.96,87.99,49.56,33.04,0.0
漫步者,sz002351,11.63,11.75,11.63,67700.0,11.62,300,11.63,7100,-1.02,11.63,11.63,67700,790000.0,0.01,0.0,60.6,103.4,12.93,10.58,0.0
九洲集团,sz300040,7.6,7.75,7.6,811700.0,7.59,31000,7.6,154200,-1.94,7.6,7.6,811700,6170000.0,0.16,0.0,39.32,48.9,9.3,6.2,0.0
汇宇制药-W,sh688553,18.02,18.32,18.02,2092900.0,18.01,4200,18.02,1800,-1.64,18.02,18.02,2092900,380000.0,0.01,0.0,61.91,76.33,21.98,14.66,0.0
美新科技,sz301588,26.8,26.86,26.8,34400.0,26.63,500,26.8,5500,-0.22,26.8,26.8,34400,920000.0,0.05,0.0,19.66,31.86,32.23,21.49,0.0
宝莱特,sz300246,12.85,12.95,12.85,29800.0,12.81,5000,12.85,5200,-0.77,12.85,12.85,29800,380000.0,0.01,0.0,27.15,34.0,15.54,10.36,0.0
千味央厨,sz001215,37.8,38.07,37.8,5900.0,37.73,2400,37.8,5800,-0.71,37.8,37.8,5900,220000.0,0.01,0.0,36.58,36.73,41.88,34.26,0.0
英力股份,sz300956,16.0,16.34,16.0,30100.0,16.0,6400,16.01,500,-2.08,16.0,16.0,30100,480000.0,0.01,0.0,33.67,34.47,19.61,13.07,0.0
恒顺醋业,sh600305,7.78,7.81,7.78,45900.0,7.77,25200,7.78,7600,-0.38,7.78,7.78,45900,360000.0,0.0,0.0,85.81,86.08,8.59,7.03,0.0
洽洽食品,sz002557,22.93,23.1,22.93,33300.0,22.93,300,22.98,1300,-0.74,22.93,22.93,33300,760000.0,0.01,0.0,115.74,115.99,25.41,20.79,0.0
德展健康,sz000813,3.62,3.65,3.62,605900.0,3.62,85400,3.63,144100,-0.82,3.62,3.62,605900,2190000.0,0.03,0.0,75.9,75.92,4.02,3.29,0.0
龙韵股份,sh603729,17.98,18.24,17.98,58900.0,17.98,2300,18.0,2400,-1.43,17.98,17.98,58900,1060000.0,0.06,0.0,16.78,16.78,20.06,16.42,0.0
拓山重工,sz001226,45.93,46.61,45.93,5900.0,45.9,900,46.28,300,-1.46,45.93,45.93,5900,270000.0,0.01,0.0,34.29,34.29,51.27,41.95,0.0
外高桥,sh600648,10.2,10.3,10.2,40600.0,10.2,8000,10.22,7200,-0.97,10.2,10.2,40600,410000.0,0.0,0.0,116.05,138.71,11.33,9.27,0.0
招商港口,sz001872,21.4,21.08,21.4,95500.0,21.36,200,21.4,5800,1.52,21.4,21.4,95500,2040000.0,0.0,0.0,492.61,531.1,23.19,18.97,0.0
国科微,sz300672,136.0,140.19,136.0,83600.0,136.0,6300,138.0,1900,-2.99,136.0,136.0,83600,11370000.0,0.04,0.0,286.06,295.26,168.23,112.15,0.0
公牛集团,sh603195,42.5,43.04,42.5,50900.0,42.5,2400,42.6,1200,-1.25,42.5,42.5,50900,2160000.0,0.0,0.0,765.28,768.36,47.34,38.74,0.0
欣灵电气,sz301388,35.38,39.3,35.38,198600.0,35.38,18300,35.44,900,-9.97,35.38,35.38,198600,7030000.0,0.73,0.0,9.68,36.25,47.16,31.44,0.0
五洋自控,sz300420,4.03,4.07,4.03,335400.0,4.02,38000,4.03,412700,-0.98,4.03,4.03,335400,1350000.0,0.03,0.0,44.99,44.99,4.88,3.26,0.0
爱科科技,sh688092,30.01,31.52,30.01,7781000.0,30.01,400,30.27,1900,-4.79,30.01,30.01,7781000,2340000.0,0.09,0.0,24.81,24.81,37.82,25.22,0.0
埃夫特-U,sh688165,18.64,18.94,18.64,6311700.0,18.63,10000,18.64,100,-1.58,18.64,18.64,6311700,1180000.0,0.01,0.0,97.26,97.26,22.73,15.15,0.0
乐山电力,sh600644,13.0,13.25,13.0,621700.0,12.99,38800,13.0,52400,-1.89,13.0,13.0,621700,8080000.0,0.11,0.0,75.18,75.18,14.58,11.93,0.0
青山纸业,sh600103,3.7,3.74,3.7,305000.0,3.7,152100,3.71,132400,-1.07,3.7,3.7,305000,1130000.0,0.01,0.0,81.86,82.91,4.11,3.37,0.0
英华特,sz301272,42.62,43.05,42.62,9500.0,42.55,500,42.62,1100,-1.0,42.62,42.62,9500,400000.0,0.03,0.0,13.35,24.93,51.66,34.44,0.0
亚星锚链,sh601890,12.38,12.64,12.38,532400.0,12.37,3100,12.38,11500,-2.06,12.38,12.38,532400,6590000.0,0.06,0.0,118.77,118.77,13.9,11.38,0.0
华钰矿业,sh601020,33.94,34.87,33.94,548700.0,33.94,1500,33.97,900,-2.67,33.94,33.94,548700,18620000.0,0.07,0.0,278.3,278.3,38.36,31.38,0.0
新黄浦,sh600638,6.74,6.84,6.74,76600.0,6.74,7900,6.78,2000,-1.46,6.74,6.74,76600,520000.0,0.01,0.0,45.39,45.39,7.52,6.16,0.0
宁波华翔,sz002048,28.31,28.91,28.31,225000.0,28.31,33200,28.34,100,-2.08,28.31,28.31,225000,6370000.0,0.03,0.0,200.94,230.4,31.8,26.02,0.0
晋控煤业,sh601001,17.76,16.94,17.76,506300.0,17.76,3700,17.78,6700,4.84,17.76,17.76,506300,8990000.0,0.03,0.0,297.25,297.25,18.63,15.25,0.0
北自科技,sh603082,39.0,39.87,39.0,35800.0,39.0,12100,39.1,700,-2.18,39.0,39.0,35800,1400000.0,0.09,0.0,15.82,63.27,43.86,35.88,0.0
梓橦宫,bj920566,11.3,11.37,11.3,15100.0,11.28,1300,11.3,15800,-0.62,11.3,11.3,15100,170600.0,0.01,0.0,12.7,16.44,14.78,7.96,0.0
蠡湖股份,sz300694,12.63,12.87,12.63,33600.0,12.63,7300,12.64,100,-1.86,12.63,12.63,33600,420000.0,0.02,0.0,27.42,27.42,15.44,10.3,0.0
泰凌微,sh688591,38.5,39.22,38.5,7864800.0,38.43,500,38.5,0,-1.84,38.5,38.5,7864800,3030000.0,0.05,0.0,64.85,92.69,47.06,31.38,0.0
毕得医药,sh688073,56.05,57.61,56.05,1220400.0,56.03,3400,56.05,0,-2.71,56.05,56.05,1220400,680000.0,0.03,0.0,24.23,50.94,69.13,46.09,0.0
碧水源,sz300070,4.15,4.17,4.15,994100.0,4.15,60500,4.16,46800,-0.48,4.15,4.15,994100,4130000.0,0.03,0.0,139.93,150.4,5.0,3.34,0.0
中信特钢,sz000708,17.5,17.65,17.5,73400.0,17.49,1700,17.5,17200,-0.85,17.5,17.5,73400,1280000.0,0.0,0.0,883.25,883.25,19.42,15.89,0.0
珍宝岛,sh603567,7.65,7.67,7.65,114200.0,7.64,1700,7.65,38200,-0.26,7.65,7.65,114200,870000.0,0.01,0.0,71.87,71.99,8.44,6.9,0.0
衢州发展,sh600208,3.43,3.41,3.43,1627300.0,3.42,135400,3.43,196900,0.59,3.43,3.43,1627300,5580000.0,0.02,0.0,291.82,291.86,3.75,3.07,0.0
科威尔,sh688551,43.5,44.08,43.5,2701300.0,43.2,300,43.5,600,-1.32,43.5,43.5,2701300,1180000.0,0.03,0.0,36.57,36.57,52.9,35.26,0.0
哈尔斯,sz002615,8.93,9.0,8.93,30400.0,8.93,30100,8.95,13800,-0.78,8.93,8.93,30400,270000.0,0.01,0.0,27.33,41.64,9.9,8.1,0.0
ST雪发,sz002485,5.0,5.15,5.0,302100.0,4.97,12200,5.0,300,-2.91,5.0,5.0,302100,1510000.0,0.06,0.0,27.2,27.2,5.41,4.89,0.0
农 产 品,sz000061,9.3,9.29,9.3,142100.0,9.3,64700,9.32,2100,0.11,9.3,9.3,142100,1320000.0,0.01,0.0,157.81,184.6,10.22,8.36,0.0
瀚蓝环境,sh600323,29.42,29.09,29.42,61500.0,29.41,4500,29.42,2200,1.13,29.42,29.42,61500,1810000.0,0.01,0.0,239.88,239.88,32.0,26.18,0.0
安利股份,sz300218,16.9,17.05,16.9,24500.0,16.88,3100,16.9,1600,-0.88,16.9,16.9,24500,410000.0,0.01,0.0,36.55,36.67,20.46,13.64,0.0
平治信息,sz300571,28.89,29.72,28.89,136600.0,28.89,10200,29.0,400,-2.79,28.89,28.89,136600,3950000.0,0.12,0.0,33.41,40.31,35.66,23.78,0.0
中设咨询,bj920873,7.94,7.94,7.94,26900.0,7.89,1200,7.94,33300,0.0,7.94,7.94,26900,213600.0,0.02,0.0,9.51,12.18,10.32,5.56,0.0
康美药业,sh600518,1.87,1.88,1.87,4758700.0,1.87,10777900,1.88,14528300,-0.53,1.87,1.87,4758700,8900000.0,0.03,0.0,258.48,258.6,2.07,1.69,0.0
宝利国际,sz300135,4.8,4.44,4.8,2262300.0,4.8,80600,4.81,600,8.11,4.8,4.8,2262300,10860000.0,0.25,0.0,44.24,44.24,5.33,3.55,0.0
上声电子,sh688533,31.05,31.75,31.05,5357600.0,31.03,200,31.05,27000,-2.2,31.05,31.05,5357600,1660000.0,0.03,0.0,51.23,51.23,38.1,25.4,0.0
展鹏科技,sh603488,10.15,10.2,10.15,53000.0,10.13,2000,10.15,2500,-0.49,10.15,10.15,53000,540000.0,0.02,0.0,29.64,29.64,11.22,9.18,0.0
天下秀,sh600556,6.5,6.61,6.5,612500.0,6.5,137900,6.51,150200,-1.66,6.5,6.5,612500,3980000.0,0.03,0.0,117.5,117.5,7.27,5.95,0.0
每日互动,sz300766,41.01,44.17,41.01,1191300.0,41.01,24400,41.03,1900,-7.15,41.01,41.01,1191300,48860000.0,0.33,0.0,146.92,161.89,53.0,35.34,0.0
珠江啤酒,sz002461,9.48,9.53,9.48,99500.0,9.47,10800,9.48,43400,-0.52,9.48,9.48,99500,940000.0,0.0,0.0,209.82,209.82,10.48,8.58,0.0
浪潮软件,sh600756,15.9,16.09,15.9,53000.0,15.89,1500,15.9,17900,-1.18,15.9,15.9,53000,840000.0,0.02,0.0,51.53,55.59,17.7,14.48,0.0
华光环能,sh600475,21.4,21.95,21.4,303200.0,21.37,500,21.4,88600,-2.51,21.4,21.4,303200,6490000.0,0.03,0.0,201.78,204.58,24.15,19.76,0.0
新光药业,sz300519,15.85,16.03,15.85,25700.0,15.85,800,15.9,5000,-1.12,15.85,15.85,25700,410000.0,0.02,0.0,18.08,25.36,19.24,12.82,0.0
华东重机,sz002685,7.26,7.35,7.26,62800.0,7.26,4300,7.28,24900,-1.22,7.26,7.26,62800,460000.0,0.01,0.0,73.15,73.16,8.09,6.62,0.0
幸福蓝海,sz300528,17.02,17.33,17.02,136400.0,17.02,3200,17.03,15800,-1.79,17.02,17.02,136400,2320000.0,0.04,0.0,63.42,63.42,20.8,13.86,0.0
中船科技,sh600072,13.16,13.32,13.16,286000.0,13.16,1100,13.17,7300,-1.2,13.16,13.16,286000,3760000.0,0.03,0.0,142.57,197.49,14.65,11.99,0.0
东方中科,sz002819,27.3,27.99,27.3,38000.0,27.3,4200,27.33,900,-2.47,27.3,27.3,38000,1040000.0,0.02,0.0,64.18,81.79,30.79,25.19,0.0
羚锐制药,sh600285,21.44,21.51,21.44,48500.0,21.44,400,21.45,21700,-0.33,21.44,21.44,48500,1040000.0,0.01,0.0,121.32,121.59,23.66,19.36,0.0
创力集团,sh603012,8.31,8.29,8.31,108600.0,8.3,6800,8.31,15300,0.24,8.31,8.31,108600,900000.0,0.02,0.0,53.72,53.72,9.12,7.46,0.0
稳健医疗,sz300888,34.16,34.26,34.16,47800.0,34.16,400,34.17,2000,-0.29,34.16,34.16,47800,1630000.0,0.01,0.0,198.71,198.92,41.11,27.41,0.0
三变科技,sz002112,24.66,25.12,24.66,1121200.0,24.66,21700,24.7,500,-1.83,24.66,24.66,1121200,27650000.0,0.43,0.0,64.63,72.53,27.63,22.61,0.0
汉缆股份,sz002498,9.84,9.83,9.84,18546000.0,9.84,862100,9.85,20900,0.1,9.84,9.84,18546000,182490000.0,0.56,0.0,327.36,327.36,10.81,8.85,0.0
巴兰仕,bj920112,37.21,37.4,37.21,1300.0,37.2,4300,37.33,700,-0.51,37.21,37.21,1300,48400.0,0.01,0.0,8.63,31.57,48.62,26.18,0.0
罗普斯金,sz002333,5.9,5.97,5.9,52900.0,5.9,6800,5.91,100,-1.17,5.9,5.9,52900,310000.0,0.01,0.0,39.32,39.82,6.57,5.37,0.0
爱乐达,sz300696,30.12,30.58,30.12,14400.0,30.1,1700,30.14,800,-1.5,30.12,30.12,14400,430000.0,0.01,0.0,80.09,88.3,36.7,24.46,0.0
金鹰重工,sz301048,11.22,11.36,11.22,36800.0,11.2,12100,11.26,100,-1.23,11.22,11.22,36800,410000.0,0.01,0.0,59.84,59.84,13.63,9.09,0.0
宏昌科技,sz301008,32.08,32.61,32.08,2900.0,32.02,100,32.08,2000,-1.63,32.08,32.08,2900,90000.0,0.0,0.0,37.16,42.01,39.13,26.09,0.0
亚厦股份,sz002375,4.12,4.19,4.12,145300.0,4.12,9300,4.13,259500,-1.67,4.12,4.12,145300,600000.0,0.01,0.0,54.66,55.21,4.61,3.77,0.0
安凯微,sh688620,11.18,11.25,11.18,4114500.0,11.17,34500,11.18,600,-0.62,11.18,11.18,4114500,460000.0,0.02,0.0,25.97,43.83,13.5,9.0,0.0
祥生医疗,sh688358,32.01,32.33,32.01,420000.0,32.01,100,32.28,100,-0.99,32.01,32.01,420000,130000.0,0.0,0.0,35.84,35.89,38.8,25.86,0.0
太平鸟,sh603877,15.43,15.39,15.43,9700.0,15.4,300,15.43,1400,0.26,15.43,15.43,9700,150000.0,0.0,0.0,72.42,72.69,16.93,13.85,0.0
中储股份,sh600787,5.83,5.86,5.83,137800.0,5.82,69900,5.83,1174100,-0.51,5.83,5.83,137800,800000.0,0.01,0.0,126.52,126.52,6.45,5.27,0.0
凤凰股份,sh600716,4.78,4.82,4.78,139800.0,4.77,28800,4.78,73600,-0.83,4.78,4.78,139800,670000.0,0.01,0.0,44.74,44.74,5.3,4.34,0.0
弘景光电,sz301479,92.42,93.82,92.42,22300.0,92.4,200,92.42,4700,-1.49,92.42,92.42,22300,2060000.0,0.11,0.0,19.41,82.22,112.58,75.06,0.0
中天火箭,sz003009,70.48,71.89,70.48,63700.0,70.47,100,70.48,200,-1.96,70.48,70.48,63700,4490000.0,0.04,0.0,109.53,109.55,79.08,64.7,0.0
奥美医疗,sz002950,10.78,10.78,10.78,40400.0,10.77,500,10.78,3600,0.0,10.78,10.78,40400,440000.0,0.01,0.0,48.73,68.27,11.86,9.7,0.0
乔锋智能,sz301603,69.8,70.95,69.8,9000.0,69.7,300,69.8,600,-1.62,69.8,69.8,9000,630000.0,0.02,0.0,26.34,84.29,85.14,56.76,0.0
瑞凌股份,sz300154,8.83,8.94,8.83,27400.0,8.8,4000,8.83,400,-1.23,8.83,8.83,27400,240000.0,0.01,0.0,27.82,39.7,10.73,7.15,0.0
上海汽配,sh603107,14.74,14.88,14.74,21600.0,14.73,2000,14.74,28300,-0.94,14.74,14.74,21600,320000.0,0.01,0.0,32.16,49.72,16.37,13.39,0.0
红太阳,sz000525,7.09,7.16,7.09,1092900.0,7.09,280800,7.1,43300,-0.98,7.09,7.09,1092900,7750000.0,0.1,0.0,78.82,92.39,7.88,6.44,0.0
林州重机,sz002535,3.77,3.81,3.77,176600.0,3.77,33000,3.78,139800,-1.05,3.77,3.77,176600,670000.0,0.02,0.0,28.14,30.22,4.19,3.43,0.0
鼎际得,sh603255,31.14,31.04,31.14,8400.0,31.14,37800,31.15,500,0.32,31.14,31.14,8400,260000.0,0.01,0.0,18.89,41.91,34.14,27.94,0.0
亿华通-U,sh688339,33.3,33.3,33.3,8069500.0,33.3,7200,33.35,500,0.0,33.3,33.3,8069500,2690000.0,0.04,0.0,65.2,80.1,39.96,26.64,0.0
神州泰岳,sz300002,10.4,10.58,10.4,516200.0,10.39,2400,10.4,149300,-1.7,10.4,10.4,516200,5370000.0,0.03,0.0,189.54,204.59,12.7,8.46,0.0
*ST声迅,sz003004,29.58,29.96,29.58,1400.0,29.58,300,29.9,1600,-1.27,29.58,29.58,1400,40000.0,0.0,0.0,20.33,24.21,31.46,28.46,0.0
利通电子,sh603629,55.49,56.13,55.49,195100.0,55.46,700,55.5,500,-1.14,55.49,55.49,195100,10830000.0,0.08,0.0,142.53,145.59,61.74,50.52,0.0
湖南投资,sz000548,5.83,5.81,5.83,75500.0,5.83,4400,5.84,2700,0.34,5.83,5.83,75500,440000.0,0.02,0.0,29.1,29.1,6.39,5.23,0.0
艾德生物,sz300685,19.86,20.06,19.86,29500.0,19.85,700,19.86,22800,-1.0,19.86,19.86,29500,590000.0,0.01,0.0,77.37,77.76,24.07,16.05,0.0
祥源新材,sz300980,36.69,37.13,36.69,58000.0,36.69,3200,36.71,1000,-1.19,36.69,36.69,58000,2130000.0,0.06,0.0,36.08,50.66,44.56,29.7,0.0
精华制药,sz002349,7.57,7.66,7.57,137200.0,7.57,500,7.58,2700,-1.17,7.57,7.57,137200,1040000.0,0.02,0.0,61.63,62.81,8.43,6.89,0.0
道恩股份,sz002838,26.13,26.47,26.13,40900.0,26.13,10400,26.41,2000,-1.28,26.13,26.13,40900,1070000.0,0.01,0.0,109.91,125.01,29.12,23.82,0.0
正裕工业,sh603089,13.4,13.45,13.4,10300.0,13.4,600,13.44,300,-0.37,13.4,13.4,10300,140000.0,0.0,0.0,32.16,32.16,14.8,12.11,0.0
古越龙山,sh600059,9.39,9.47,9.39,150800.0,9.38,4400,9.39,3500,-0.84,9.39,9.39,150800,1420000.0,0.02,0.0,85.59,85.59,10.42,8.52,0.0
国机通用,sh600444,18.88,19.17,18.88,32200.0,18.88,14000,19.17,10800,-1.51,18.88,18.88,32200,610000.0,0.02,0.0,27.64,27.64,21.09,17.25,0.0
三博脑科,sz301293,73.7,77.22,73.7,387200.0,73.7,2200,73.71,200,-4.56,73.7,73.7,387200,28540000.0,0.24,0.0,118.62,151.81,92.66,61.78,0.0
西昌电力,sh600505,15.3,15.35,15.3,164100.0,15.3,37700,15.33,2400,-0.33,15.3,15.3,164100,2510000.0,0.05,0.0,55.78,55.78,16.89,13.82,0.0
明微电子,sh688699,46.0,47.19,46.0,2101000.0,45.9,1500,46.0,6800,-2.52,46.0,46.0,2101000,970000.0,0.02,0.0,50.63,50.63,56.63,37.75,0.0
金帝股份,sh603270,25.16,25.58,25.16,11600.0,25.12,700,25.16,6700,-1.64,25.16,25.16,11600,290000.0,0.02,0.0,17.79,55.13,28.14,23.02,0.0
贵绳股份,sh600992,13.85,14.01,13.85,60500.0,13.8,6900,13.85,28700,-1.14,13.85,13.85,60500,840000.0,0.02,0.0,33.94,33.94,15.41,12.61,0.0
赛伦生物,sh688163,23.9,24.27,23.9,2520000.0,23.9,600,24.03,200,-1.52,23.9,23.9,2520000,600000.0,0.02,0.0,25.86,25.86,29.12,19.42,0.0
中密控股,sz300470,39.08,39.49,39.08,32000.0,39.08,100,39.09,2200,-1.04,39.08,39.08,32000,1250000.0,0.02,0.0,77.11,81.27,47.39,31.59,0.0
捷昌驱动,sh603583,33.95,34.55,33.95,39900.0,33.86,8900,33.95,15600,-1.74,33.95,33.95,39900,1350000.0,0.01,0.0,129.77,130.97,38.01,31.1,0.0
神州细胞,sh688520,39.79,39.89,39.79,3006300.0,39.6,800,39.79,4700,-0.25,39.79,39.79,3006300,1200000.0,0.01,0.0,177.2,177.2,47.87,31.91,0.0
海尔生物,sh688139,31.31,31.65,31.31,2990400.0,31.3,3300,31.31,2000,-1.07,31.31,31.31,2990400,940000.0,0.01,0.0,99.09,99.09,37.98,25.32,0.0
ST嘉澳,sh603822,122.0,117.99,122.0,67100.0,120.87,100,122.0,12800,3.4,122.0,122.0,67100,8190000.0,0.09,0.0,93.73,93.73,123.89,112.09,0.0
普莱柯,sh603566,13.69,13.84,13.69,26900.0,13.68,100,13.69,1200,-1.08,13.69,13.69,26900,370000.0,0.01,0.0,47.38,47.38,15.22,12.46,0.0
蓝箭电子,sz301348,25.65,26.48,25.65,109100.0,25.65,1600,25.81,2200,-3.13,25.65,25.65,109100,2800000.0,0.07,0.0,39.79,61.56,31.78,21.18,0.0
意华股份,sz002897,66.7,70.0,66.7,323600.0,66.69,400,66.7,40100,-4.71,66.7,66.7,323600,21580000.0,0.18,0.0,121.68,129.32,77.0,63.0,0.0
致尚科技,sz301486,179.0,185.38,179.0,54400.0,178.88,100,179.0,200,-3.44,179.0,179.0,54400,9740000.0,0.08,0.0,129.69,230.34,222.46,148.3,0.0
秀强股份,sz300160,5.81,5.92,5.81,221500.0,5.81,76600,5.82,800,-1.86,5.81,5.81,221500,1290000.0,0.03,0.0,44.29,44.91,7.1,4.74,0.0
中英科技,sz300936,48.27,50.03,48.27,59100.0,48.27,3400,48.5,900,-3.52,48.27,48.27,59100,2850000.0,0.12,0.0,22.91,36.3,60.04,40.02,0.0
首航新能,sz301658,35.16,35.46,35.16,88400.0,35.16,300,35.2,1500,-0.85,35.16,35.16,88400,3110000.0,0.21,0.0,14.5,144.99,42.55,28.37,0.0
芒果超媒,sz300413,22.3,22.65,22.3,162100.0,22.29,500,22.3,19100,-1.55,22.3,22.3,162100,3610000.0,0.02,0.0,227.84,417.17,27.18,18.12,0.0
湖北广电,sz000665,5.2,5.31,5.2,280200.0,5.2,80000,5.22,17100,-2.07,5.2,5.2,280200,1460000.0,0.02,0.0,59.13,59.13,5.84,4.78,0.0
昆工科技,bj920152,20.45,20.42,20.45,5100.0,20.45,100,20.5,200,0.15,20.45,20.45,5100,104900.0,0.01,0.0,16.8,22.77,26.54,14.3,0.0
国科天成,sz301571,62.62,63.3,62.62,13400.0,62.6,1200,62.88,2200,-1.07,62.62,62.62,13400,840000.0,0.01,0.0,74.62,112.36,75.96,50.64,0.0
中机认检,sz301508,32.07,32.4,32.07,7500.0,32.07,100,32.38,1200,-1.02,32.07,32.07,7500,240000.0,0.01,0.0,18.87,72.51,38.88,25.92,0.0
奥飞数据,sz300738,22.2,22.81,22.2,469500.0,22.19,3400,22.2,291800,-2.67,22.2,22.2,469500,10420000.0,0.05,0.0,218.65,218.71,27.37,18.25,0.0
仁智股份,sz002629,7.15,6.68,7.15,1362700.0,7.14,27200,7.15,5700,7.04,7.15,7.15,1362700,9740000.0,0.32,0.0,30.27,30.47,7.35,6.01,0.0
恩华药业,sz002262,23.01,23.2,23.01,58600.0,23.01,14300,23.04,800,-0.82,23.01,23.01,58600,1350000.0,0.01,0.0,203.39,233.73,25.52,20.88,0.0
华阳智能,sz301502,46.36,46.37,46.36,9000.0,46.27,400,46.36,300,-0.02,46.36,46.36,9000,420000.0,0.04,0.0,10.93,26.46,55.64,37.1,0.0
苏豪弘业,sh600128,11.33,11.51,11.33,85400.0,11.33,8800,11.35,1500,-1.56,11.33,11.33,85400,970000.0,0.03,0.0,27.96,28.52,12.66,10.36,0.0
海能达,sz002583,11.15,11.24,11.15,311000.0,11.15,4000,11.16,2000,-0.8,11.15,11.15,311000,3470000.0,0.02,0.0,143.02,202.78,12.36,10.12,0.0
分众传媒,sz002027,6.65,6.71,6.65,1038300.0,6.65,283100,6.66,259400,-0.89,6.65,6.65,1038300,6900000.0,0.01,0.0,960.41,960.41,7.38,6.04,0.0
赛分科技,sh688758,19.0,18.65,19.0,6241400.0,18.5,1000,19.0,2400,1.88,19.0,19.0,6241400,1190000.0,0.02,0.0,56.65,79.13,22.38,14.92,0.0
用友网络,sh600588,13.34,13.55,13.34,482000.0,13.33,7800,13.34,96300,-1.55,13.34,13.34,482000,6430000.0,0.01,0.0,455.83,455.83,14.91,12.2,0.0
儒竞科技,sz301525,86.01,88.02,86.01,36600.0,86.01,800,86.08,500,-2.28,86.01,86.01,36600,3150000.0,0.07,0.0,42.49,81.12,105.62,70.42,0.0
诺唯赞,sh688105,20.12,20.27,20.12,120000.0,20.07,4000,20.14,4000,-0.74,20.12,20.12,120000,20000.0,0.0,0.0,80.02,80.02,24.32,16.22,0.0
万孚生物,sz300482,19.26,19.46,19.26,38400.0,19.26,14300,19.34,2500,-1.03,19.26,19.26,38400,740000.0,0.01,0.0,82.89,90.15,23.35,15.57,0.0
成飞集成,sz002190,35.14,35.28,35.14,31000.0,35.08,300,35.14,2200,-0.4,35.14,35.14,31000,1090000.0,0.01,0.0,126.06,126.06,38.81,31.75,0.0
世茂能源,sh605028,28.41,28.64,28.41,29600.0,28.39,2000,28.41,5900,-0.8,28.41,28.41,29600,840000.0,0.02,0.0,45.46,45.46,31.5,25.78,0.0
蔚蓝生物,sh603739,15.5,15.58,15.5,38600.0,15.47,100,15.5,1700,-0.51,15.5,15.5,38600,600000.0,0.02,0.0,39.22,39.22,17.14,14.02,0.0
昊海生科,sh688366,41.78,42.15,41.78,411900.0,41.78,2000,41.79,7800,-0.88,41.78,41.78,411900,170000.0,0.0,0.0,81.07,96.09,50.58,33.72,0.0
汉桑科技,sz301491,54.08,54.78,54.08,20200.0,54.08,200,54.98,600,-1.28,54.08,54.08,20200,1090000.0,0.07,0.0,15.46,69.76,65.74,43.82,0.0
苏 泊 尔,sz002032,43.02,43.21,43.02,5600.0,43.0,1300,43.02,600,-0.44,43.02,43.02,5600,240000.0,0.0,0.0,344.67,344.89,47.53,38.89,0.0
京仪装备,sh688652,105.0,110.31,105.0,3413300.0,105.0,1300,105.27,1000,-4.81,105.0,105.0,3413300,3580000.0,0.03,0.0,126.79,176.4,132.37,88.25,0.0
天壕能源,sz300332,7.08,6.3,7.08,6119500.0,7.08,117600,7.09,9800,12.38,7.08,7.08,6119500,43330000.0,0.74,0.0,58.76,61.25,7.56,5.04,0.0
巨力索具,sz002342,13.91,14.28,13.91,979700.0,13.91,20100,13.95,200,-2.59,13.91,13.91,979700,13630000.0,0.1,0.0,132.8,133.54,15.71,12.85,0.0
华强科技,sh688151,22.77,22.85,22.77,1662300.0,22.77,700,22.85,200,-0.35,22.77,22.77,1662300,380000.0,0.0,0.0,78.44,78.44,27.42,18.28,0.0
哈药股份,sh600664,3.5,3.49,3.5,730600.0,3.49,171600,3.5,53100,0.29,3.5,3.5,730600,2560000.0,0.03,0.0,88.15,88.15,3.84,3.14,0.0
杭州园林,sz300649,14.65,14.83,14.65,28400.0,14.65,1400,14.78,1600,-1.21,14.65,14.65,28400,420000.0,0.03,0.0,15.55,19.4,17.8,11.86,0.0
新城控股,sh601155,15.71,15.76,15.71,80800.0,15.71,2700,15.72,3100,-0.32,15.71,15.71,80800,1270000.0,0.0,0.0,354.36,354.36,17.34,14.18,0.0
国网信通,sh600131,21.52,21.56,21.52,1294500.0,21.51,2800,21.52,31400,-0.19,21.52,21.52,1294500,27860000.0,0.11,0.0,257.36,257.89,23.72,19.4,0.0
天有为,sh603202,90.52,91.38,90.52,7600.0,90.52,200,91.19,100,-0.94,90.52,90.52,7600,690000.0,0.02,0.0,30.11,144.83,100.52,82.24,0.0
正丹股份,sz300641,20.3,20.38,20.3,290700.0,20.3,5400,20.31,500,-0.39,20.3,20.3,290700,5900000.0,0.06,0.0,106.69,106.69,24.46,16.3,0.0
富春股份,sz300299,6.5,6.58,6.5,88600.0,6.49,3500,6.5,7300,-1.22,6.5,6.5,88600,580000.0,0.01,0.0,44.8,44.87,7.9,5.26,0.0
创耀科技,sh688259,38.72,39.49,38.72,2826400.0,38.64,600,38.72,5400,-1.95,38.72,38.72,2826400,1090000.0,0.03,0.0,43.25,43.25,47.39,31.59,0.0
佳士科技,sz300193,9.75,9.9,9.75,162800.0,9.74,500,9.75,69900,-1.52,9.75,9.75,162800,1590000.0,0.04,0.0,40.92,46.43,11.88,7.92,0.0
开立医疗,sz300633,25.67,25.91,25.67,28000.0,25.67,1800,25.69,1100,-0.93,25.67,25.67,28000,720000.0,0.01,0.0,111.08,111.08,31.09,20.73,0.0
泰鸿万立,sh603210,18.4,18.68,18.4,23100.0,18.38,1200,18.4,1600,-1.5,18.4,18.4,23100,430000.0,0.03,0.0,13.87,62.63,20.55,16.81,0.0
神农集团,sh605296,28.9,29.12,28.9,58900.0,28.88,1600,28.9,1500,-0.76,28.9,28.9,58900,1700000.0,0.01,0.0,149.7,151.66,32.03,26.21,0.0
杰克科技,sh603337,45.24,45.75,45.24,69900.0,45.24,1300,45.25,200,-1.11,45.24,45.24,69900,3160000.0,0.01,0.0,214.31,215.53,50.33,41.18,0.0
长城科技,sh603897,32.5,34.39,32.5,204900.0,32.5,28200,32.73,100,-5.5,32.5,32.5,204900,6660000.0,0.1,0.0,67.09,67.09,37.83,30.95,0.0
南极电商,sz002127,3.0,3.03,3.0,360200.0,3.0,279600,3.01,70000,-0.99,3.0,3.0,360200,1080000.0,0.02,0.0,59.84,73.65,3.33,2.73,0.0
中铁装配,sz300374,15.29,15.51,15.29,32300.0,15.27,1000,15.29,7200,-1.42,15.29,15.29,32300,490000.0,0.02,0.0,29.81,37.6,18.61,12.41,0.0
大有能源,sh600403,7.3,6.97,7.3,1060800.0,7.3,228800,7.31,1200,4.73,7.3,7.3,1060800,7740000.0,0.04,0.0,174.53,174.53,7.67,6.27,0.0
中国医药,sh600056,10.4,10.49,10.4,152000.0,10.4,16500,10.41,41500,-0.86,10.4,10.4,152000,1580000.0,0.01,0.0,155.52,155.57,11.54,9.44,0.0
世纪瑞尔,sz300150,5.83,5.92,5.83,198400.0,5.82,10800,5.83,44300,-1.52,5.83,5.83,198400,1160000.0,0.04,0.0,26.83,34.11,7.1,4.74,0.0
聚灿光电,sz300708,11.23,11.77,11.23,2720400.0,11.23,250300,11.24,3600,-4.59,11.23,11.23,2720400,30550000.0,0.38,0.0,79.73,105.44,14.12,9.42,0.0
承德露露,sz000848,8.18,8.26,8.18,139800.0,8.18,62200,8.19,27000,-0.97,8.18,8.18,139800,1140000.0,0.01,0.0,82.71,83.44,9.09,7.43,0.0
紫光国微,sz002049,73.98,75.16,73.98,274700.0,73.97,3000,73.98,200,-1.57,73.98,73.98,274700,20320000.0,0.03,0.0,628.44,628.55,82.68,67.64,0.0
铜牛信息,sz300895,61.04,62.86,61.04,197500.0,61.04,7400,61.05,300,-2.9,61.04,61.04,197500,12060000.0,0.14,0.0,84.34,85.94,75.43,50.29,0.0
畅联股份,sh603648,10.24,10.3,10.24,51400.0,10.21,6100,10.24,7900,-0.58,10.24,10.24,51400,530000.0,0.01,0.0,37.11,37.11,11.33,9.27,0.0
湖南海利,sh600731,8.01,8.0,8.01,260200.0,8.0,6800,8.01,19800,0.13,8.01,8.01,260200,2080000.0,0.05,0.0,43.39,44.76,8.8,7.2,0.0
安靠智电,sz300617,68.02,71.97,68.02,461900.0,68.02,23800,68.38,300,-5.49,68.02,68.02,461900,31420000.0,0.33,0.0,94.5,112.71,86.36,57.58,0.0
长源东谷,sh603950,52.1,54.84,52.1,318300.0,52.1,344200,52.11,1100,-5.0,52.1,52.1,318300,16580000.0,0.1,0.0,168.6,168.87,60.32,49.36,0.0
瑞迈特,sz301367,72.01,73.45,72.01,23600.0,72.01,600,72.7,2600,-1.96,72.01,72.01,23600,1700000.0,0.03,0.0,50.37,64.52,88.14,58.76,0.0
洪都航空,sh600316,42.82,42.86,42.82,90400.0,42.81,400,42.82,52800,-0.09,42.82,42.82,90400,3870000.0,0.01,0.0,307.07,307.07,47.15,38.57,0.0
英派斯,sz002899,29.95,30.42,29.95,5000.0,29.88,10000,29.95,100,-1.55,29.95,29.95,5000,150000.0,0.0,0.0,44.27,44.27,33.46,27.38,0.0
顶点软件,sh603383,32.32,32.85,32.32,21400.0,32.32,1200,32.33,23800,-1.61,32.32,32.32,21400,690000.0,0.01,0.0,66.38,66.38,36.14,29.57,0.0
山东出版,sh601019,8.83,8.93,8.83,36900.0,8.83,44900,8.84,100,-1.12,8.83,8.83,36900,330000.0,0.0,0.0,184.27,184.27,9.82,8.04,0.0
中集车辆,sz301039,9.28,9.38,9.28,105300.0,9.27,1300,9.28,1900,-1.07,9.28,9.28,105300,980000.0,0.01,0.0,134.79,173.92,11.26,7.5,0.0
金龙机电,sz300032,5.53,5.6,5.53,255500.0,5.52,1000,5.53,282800,-1.25,5.53,5.53,255500,1410000.0,0.03,0.0,44.42,44.42,6.72,4.48,0.0
一汽解放,sz000800,6.66,6.72,6.66,372000.0,6.65,165700,6.66,49600,-0.89,6.66,6.66,372000,2480000.0,0.01,0.0,327.73,327.76,7.39,6.05,0.0
理工能科,sz002322,13.8,14.06,13.8,288100.0,13.78,16800,13.8,18100,-1.85,13.8,13.8,288100,3980000.0,0.08,0.0,48.49,50.44,15.47,12.65,0.0
金埔园林,sz301098,9.33,9.42,9.33,133200.0,9.33,1500,9.4,10500,-0.96,9.33,9.33,133200,1240000.0,0.09,0.0,13.97,17.16,11.3,7.54,0.0
透景生命,sz300642,17.45,17.7,17.45,29400.0,17.45,2700,17.59,300,-1.41,17.45,17.45,29400,510000.0,0.02,0.0,24.03,28.36,21.24,14.16,0.0
华纬科技,sz001380,22.18,22.47,22.18,13100.0,22.16,200,22.18,200,-1.29,22.18,22.18,13100,290000.0,0.01,0.0,19.52,60.08,24.72,20.22,0.0
新乳业,sz002946,19.85,19.9,19.85,84800.0,19.85,8300,19.88,200,-0.25,19.85,19.85,84800,1680000.0,0.01,0.0,168.87,170.84,21.89,17.91,0.0
三未信安,sh688489,41.61,42.44,41.61,282500.0,41.61,1900,42.42,300,-1.96,41.61,41.61,282500,120000.0,0.0,0.0,47.57,47.94,50.93,33.95,0.0
老百姓,sh603883,14.19,14.28,14.19,64700.0,14.18,22600,14.19,9600,-0.63,14.19,14.19,64700,920000.0,0.01,0.0,107.69,107.69,15.71,12.85,0.0
绿色动力,sh601330,7.52,7.57,7.52,74600.0,7.52,26200,7.53,6100,-0.66,7.52,7.52,74600,560000.0,0.01,0.0,74.38,107.58,8.33,6.81,0.0
天禾股份,sz002999,7.77,7.79,7.77,102400.0,7.77,22800,7.78,7800,-0.26,7.77,7.77,102400,800000.0,0.03,0.0,26.71,27.01,8.57,7.01,0.0
ST易购,sz002024,1.51,1.52,1.51,2108900.0,1.51,499800,1.52,2896100,-0.66,1.51,1.51,2108900,3180000.0,0.02,0.0,139.74,139.9,1.6,1.44,0.0
铭科精技,sz001319,26.56,26.83,26.56,7200.0,26.5,1100,26.58,3700,-1.01,26.56,26.56,7200,190000.0,0.01,0.0,21.78,37.56,29.51,24.15,0.0
新天地,sz301277,12.24,12.39,12.24,48500.0,12.24,600,12.29,1600,-1.21,12.24,12.24,48500,590000.0,0.01,0.0,47.99,47.99,14.87,9.91,0.0
廊坊发展,sh600149,6.88,7.13,6.88,749500.0,6.87,10500,6.88,106100,-3.51,6.88,6.88,749500,5160000.0,0.2,0.0,26.16,26.16,7.84,6.42,0.0
华立科技,sz301011,23.47,23.75,23.47,4500.0,23.47,1900,23.58,15000,-1.18,23.47,23.47,4500,110000.0,0.0,0.0,32.91,36.16,28.5,19.0,0.0
锦龙股份,sz000712,12.2,12.51,12.2,252100.0,12.19,200,12.2,12700,-2.48,12.2,12.2,252100,3080000.0,0.03,0.0,109.28,109.31,13.76,11.26,0.0
上海三毛,sh600689,13.79,13.98,13.79,18400.0,13.78,300,13.79,2800,-1.36,13.79,13.79,18400,250000.0,0.01,0.0,20.99,27.72,15.38,12.58,0.0
开尔新材,sz300234,6.2,6.29,6.2,102000.0,6.18,22400,6.2,7600,-1.43,6.2,6.2,102000,630000.0,0.03,0.0,21.33,31.2,7.55,5.03,0.0
华海诚科,sh688535,117.43,122.57,117.43,4845700.0,117.43,100,118.0,300,-4.19,117.43,117.43,4845700,5690000.0,0.09,0.0,61.6,112.75,147.08,98.06,0.0
标榜股份,sz301181,43.43,44.04,43.43,3800.0,43.43,2400,43.49,100,-1.39,43.43,43.43,3800,170000.0,0.0,0.0,39.17,50.18,52.85,35.23,0.0
建新股份,sz300107,8.37,8.59,8.37,359300.0,8.37,1400,8.38,2000,-2.56,8.37,8.37,359300,3010000.0,0.1,0.0,29.07,47.1,10.31,6.87,0.0
江铃汽车,sz000550,18.0,18.08,18.0,28200.0,18.0,8900,18.05,1500,-0.44,18.0,18.0,28200,510000.0,0.01,0.0,93.32,155.38,19.89,16.27,0.0
绿发电力,sz000537,9.35,9.29,9.35,914500.0,9.34,45500,9.35,402300,0.65,9.35,9.35,914500,8550000.0,0.04,0.0,193.23,193.23,10.22,8.36,0.0
长飞光纤,sh601869,204.78,213.2,204.78,212300.0,204.78,2500,204.95,100,-3.95,204.78,204.78,212300,43470000.0,0.05,0.0,832.1,1695.38,234.52,191.88,0.0
贵州轮胎,sz000589,4.92,4.97,4.92,551600.0,4.91,202600,4.92,29300,-1.01,4.92,4.92,551600,2710000.0,0.04,0.0,76.01,76.49,5.47,4.47,0.0
超研股份,sz301602,20.88,21.12,20.88,18000.0,20.85,7400,20.88,4100,-1.14,20.88,20.88,18000,380000.0,0.01,0.0,43.53,89.44,25.34,16.9,0.0
富维股份,sh600742,10.57,10.63,10.57,138800.0,10.57,39900,10.62,22600,-0.56,10.57,10.57,138800,1470000.0,0.02,0.0,78.54,78.54,11.69,9.57,0.0
新天药业,sz002873,10.31,10.42,10.31,54600.0,10.31,900,10.36,700,-1.06,10.31,10.31,54600,560000.0,0.02,0.0,24.61,25.17,11.46,9.38,0.0
雅本化学,sz300261,7.25,7.24,7.25,155200.0,7.24,41400,7.25,39300,0.14,7.25,7.25,155200,1130000.0,0.02,0.0,67.87,69.84,8.69,5.79,0.0
恒誉环保,sh688309,49.32,48.88,49.32,3174700.0,49.26,200,49.32,1700,0.9,49.32,49.32,3174700,1570000.0,0.04,0.0,39.16,39.16,58.66,39.1,0.0
利欧股份,sz002131,8.5,8.67,8.5,5170900.0,8.49,48000,8.5,2177000,-1.96,8.5,8.5,5170900,43950000.0,0.09,0.0,497.23,575.6,9.54,7.8,0.0
卧龙电驱,sh600580,40.74,41.57,40.74,272600.0,40.72,300,40.74,5300,-2.0,40.74,40.74,272600,11110000.0,0.02,0.0,634.58,636.41,45.73,37.41,0.0
联合动力,sz301656,24.8,25.14,24.8,57100.0,24.8,58200,24.81,100,-1.35,24.8,24.8,57100,1420000.0,0.03,0.0,41.38,596.39,30.17,20.11,0.0
拓邦股份,sz002139,12.55,12.67,12.55,167200.0,12.54,1200,12.55,42800,-0.95,12.55,12.55,167200,2100000.0,0.02,0.0,134.41,156.48,13.94,11.4,0.0
华森制药,sz002907,14.02,14.12,14.02,10400.0,14.01,3400,14.02,4400,-0.71,14.02,14.02,10400,150000.0,0.0,0.0,42.05,58.55,15.53,12.71,0.0
安泰科技,sz000969,23.8,24.14,23.8,408700.0,23.8,21000,23.81,18400,-1.41,23.8,23.8,408700,9730000.0,0.04,0.0,246.03,250.02,26.55,21.73,0.0
富春染织,sh605189,15.19,15.32,15.19,22900.0,15.19,1100,15.3,1500,-0.85,15.19,15.19,22900,350000.0,0.01,0.0,29.48,29.48,16.85,13.79,0.0
千禾味业,sh603027,9.46,9.51,9.46,60200.0,9.45,2400,9.46,22200,-0.53,9.46,9.46,60200,570000.0,0.0,0.0,118.21,126.11,10.46,8.56,0.0
秋乐种业,bj920087,20.43,19.35,20.43,367700.0,20.43,79300,20.45,6700,5.58,20.43,20.43,367700,7512200.0,0.22,0.0,33.51,33.75,25.15,13.55,0.0
申通地铁,sh600834,8.51,8.59,8.51,10400.0,8.51,900,8.53,4000,-0.93,8.51,8.51,10400,90000.0,0.0,0.0,40.63,40.63,9.45,7.73,0.0
达瑞电子,sz300976,56.68,57.87,56.68,16900.0,56.68,900,56.86,1000,-2.06,56.68,56.68,16900,960000.0,0.02,0.0,48.85,76.01,69.44,46.3,0.0
广汇能源,sh600256,7.48,6.8,7.48,18653900.0,7.47,2159900,7.48,12614600,10.0,7.48,7.48,18653900,139530000.0,0.29,0.0,478.12,478.12,7.48,6.12,0.0
元道通信,sz301139,18.3,18.55,18.3,40800.0,18.3,400,18.4,400,-1.35,18.3,18.3,40800,750000.0,0.05,0.0,13.94,22.25,22.26,14.84,0.0
碧兴物联,sh688671,22.96,23.37,22.96,2209300.0,22.96,1200,23.1,900,-1.75,22.96,22.96,2209300,510000.0,0.05,0.0,10.76,18.03,28.04,18.7,0.0
电科院,sz300215,10.55,10.68,10.55,534500.0,10.53,66900,10.55,14900,-1.22,10.55,10.55,534500,5640000.0,0.11,0.0,52.74,79.03,12.82,8.54,0.0
益客食品,sz301116,11.03,11.15,11.03,121500.0,11.03,12800,11.09,2400,-1.08,11.03,11.03,121500,1340000.0,0.03,0.0,49.52,49.52,13.38,8.92,0.0
鸿特科技,sz300176,7.73,7.87,7.73,71200.0,7.72,9000,7.73,10000,-1.78,7.73,7.73,71200,550000.0,0.02,0.0,29.94,29.94,9.44,6.3,0.0
国盛证券,sz002670,15.77,16.07,15.77,958700.0,15.77,59600,15.78,3800,-1.87,15.77,15.77,958700,15120000.0,0.06,0.0,256.0,305.16,17.68,14.46,0.0
时代出版,sh600551,8.21,8.31,8.21,121800.0,8.2,35400,8.21,80000,-1.2,8.21,8.21,121800,1000000.0,0.02,0.0,55.67,55.67,9.14,7.48,0.0
宝光股份,sh600379,13.5,13.76,13.5,63200.0,13.5,12300,13.51,3100,-1.89,13.5,13.5,63200,850000.0,0.02,0.0,44.58,44.58,15.14,12.38,0.0
智翔金泰-U,sh688443,26.57,26.84,26.57,2611200.0,26.57,1000,26.84,1000,-1.01,26.57,26.57,2611200,690000.0,0.02,0.0,31.0,97.43,32.21,21.47,0.0
空港股份,sh600463,11.08,11.22,11.08,7700.0,11.08,800,11.11,300,-1.25,11.08,11.08,7700,90000.0,0.0,0.0,33.24,33.24,12.34,10.1,0.0
真视通,sz002771,15.88,16.12,15.88,137000.0,15.88,900,15.9,400,-1.49,15.88,15.88,137000,2180000.0,0.08,0.0,27.71,33.31,17.73,14.51,0.0
常青股份,sh603768,11.35,11.7,11.35,70200.0,11.35,100,11.38,600,-2.99,11.35,11.35,70200,800000.0,0.03,0.0,27.01,27.01,12.87,10.53,0.0
众辰科技,sh603275,43.85,44.48,43.85,17500.0,43.85,100,43.88,2000,-1.42,43.85,43.85,17500,770000.0,0.04,0.0,18.21,65.24,48.93,40.03,0.0
仕净科技,sz301030,12.15,12.34,12.15,26200.0,12.12,500,12.15,600,-1.54,12.15,12.15,26200,320000.0,0.01,0.0,24.56,24.59,14.81,9.87,0.0
普门科技,sh688389,13.14,13.24,13.14,1990000.0,13.14,3400,13.16,200,-0.76,13.14,13.14,1990000,260000.0,0.0,0.0,56.3,56.3,15.89,10.59,0.0
帝奥微,sh688381,22.77,23.11,22.77,1768900.0,22.77,10800,22.8,1900,-1.47,22.77,22.77,1768900,400000.0,0.01,0.0,56.36,56.36,27.73,18.49,0.0
澳华内镜,sh688212,39.61,40.01,39.61,256000.0,39.61,300,39.7,1000,-1.0,39.61,39.61,256000,100000.0,0.0,0.0,53.34,53.34,48.01,32.01,0.0
软通动力,sz301236,46.62,47.04,46.62,336000.0,46.62,49100,46.68,600,-0.89,46.62,46.62,336000,15660000.0,0.04,0.0,366.3,482.61,56.45,37.63,0.0
博雅生物,sz300294,20.96,21.21,20.96,79100.0,20.96,1900,20.97,5600,-1.18,20.96,20.96,79100,1660000.0,0.02,0.0,105.69,105.69,25.45,16.97,0.0
绿城水务,sh601368,5.51,5.55,5.51,81200.0,5.51,19600,5.52,14400,-0.72,5.51,5.51,81200,450000.0,0.01,0.0,48.65,48.65,6.11,5.0,0.0
正川股份,sh603976,20.1,20.32,20.1,11100.0,20.1,2900,20.3,1100,-1.08,20.1,20.1,11100,220000.0,0.01,0.0,30.39,30.39,22.35,18.29,0.0
广州港,sh601228,3.56,3.57,3.56,341100.0,3.55,90200,3.56,239500,-0.28,3.56,3.56,341100,1210000.0,0.0,0.0,268.59,268.59,3.93,3.21,0.0
泰林生物,sz300813,25.1,25.39,25.1,8900.0,25.04,500,25.3,300,-1.14,25.1,25.1,8900,220000.0,0.01,0.0,19.09,30.42,30.47,20.31,0.0
引力传媒,sh603598,20.8,21.25,20.8,117200.0,20.78,200,20.8,133500,-2.12,20.8,20.8,117200,2440000.0,0.04,0.0,56.01,56.07,23.38,19.13,0.0
ST东尼,sh603595,16.51,16.8,16.51,90600.0,16.51,8500,16.53,2300,-1.73,16.51,16.51,90600,1500000.0,0.04,0.0,38.38,38.38,17.64,15.96,0.0
中坚科技,sz002779,91.5,92.49,91.5,26100.0,91.5,1000,91.75,1500,-1.07,91.5,91.5,26100,2390000.0,0.02,0.0,151.71,169.09,101.74,83.24,0.0
金固股份,sz002488,13.13,13.13,13.13,490200.0,13.13,22600,13.15,700,0.0,13.13,13.13,490200,6440000.0,0.05,0.0,120.81,130.7,14.44,11.82,0.0
春光科技,sh603657,28.34,28.43,28.34,11400.0,28.1,500,28.34,2200,-0.32,28.34,28.34,11400,320000.0,0.01,0.0,38.31,38.31,31.27,25.59,0.0
国邦医药,sh605507,26.66,26.66,26.66,14900.0,26.62,5400,26.66,2200,0.0,26.66,26.66,14900,400000.0,0.0,0.0,148.98,148.98,29.33,23.99,0.0
睿智医药,sz300149,10.28,10.41,10.28,61100.0,10.28,4700,10.3,29400,-1.25,10.28,10.28,61100,630000.0,0.01,0.0,48.78,51.19,12.49,8.33,0.0
方盛制药,sh603998,12.0,12.11,12.0,42900.0,12.0,2100,12.02,8900,-0.91,12.0,12.0,42900,510000.0,0.01,0.0,52.69,52.69,13.32,10.9,0.0
东睦股份,sh600114,31.38,32.28,31.38,175200.0,31.38,3800,31.41,500,-2.79,31.38,31.38,175200,5500000.0,0.03,0.0,193.42,198.13,35.51,29.05,0.0
凯盛新能,sh600876,10.4,10.5,10.4,44600.0,10.4,9700,10.44,100,-0.95,10.4,10.4,44600,460000.0,0.01,0.0,41.15,67.15,11.55,9.45,0.0
兴福电子,sh688545,52.88,54.35,52.88,4062300.0,52.87,200,52.88,4300,-2.7,52.88,52.88,4062300,2150000.0,0.02,0.0,96.37,190.37,65.22,43.48,0.0
丰茂股份,sz301459,39.54,39.94,39.54,6500.0,39.54,400,39.55,2000,-1.0,39.54,39.54,6500,260000.0,0.02,0.0,10.32,41.17,47.93,31.95,0.0
中山公用,sz000685,11.73,11.88,11.73,205600.0,11.72,3600,11.73,4800,-1.26,11.73,11.73,205600,2410000.0,0.02,0.0,147.09,173.03,13.07,10.69,0.0
ST宏达,sz002211,3.71,3.77,3.71,211100.0,3.71,102400,3.72,5100,-1.59,3.71,3.71,211100,780000.0,0.05,0.0,16.04,16.04,3.96,3.58,0.0
骏成科技,sz301106,32.58,33.07,32.58,10200.0,32.58,1700,33.07,6100,-1.48,32.58,32.58,10200,330000.0,0.01,0.0,33.27,33.27,39.68,26.46,0.0
海能实业,sz300787,12.53,12.69,12.53,29200.0,12.52,3900,12.54,3000,-1.26,12.53,12.53,29200,370000.0,0.02,0.0,23.93,39.27,15.23,10.15,0.0
奥泰生物,sh688606,65.99,65.91,65.99,60000.0,65.66,200,65.99,5700,0.12,65.99,65.99,60000,40000.0,0.0,0.0,52.32,52.32,79.09,52.73,0.0
中策橡胶,sh603049,52.3,53.04,52.3,25100.0,52.28,600,52.3,3500,-1.4,52.3,52.3,25100,1310000.0,0.03,0.0,45.74,457.36,58.34,47.74,0.0
安培龙,sz301413,125.0,128.86,125.0,28700.0,125.0,600,125.9,200,-3.0,125.0,125.0,28700,3580000.0,0.05,0.0,73.44,123.0,154.63,103.09,0.0
ST远智,sz002689,3.81,3.86,3.81,175200.0,3.8,46400,3.81,15000,-1.3,3.81,3.81,175200,670000.0,0.02,0.0,39.73,39.75,4.05,3.67,0.0
丰倍生物,sh603334,57.53,55.2,57.53,108200.0,56.49,100,57.53,1500,4.22,57.53,57.53,108200,6220000.0,0.35,0.0,17.87,82.56,60.72,49.68,0.0
丰原药业,sz000153,6.68,6.71,6.68,107800.0,6.67,200,6.68,91900,-0.45,6.68,6.68,107800,720000.0,0.02,0.0,30.65,31.04,7.38,6.04,0.0
深圳华强,sz000062,23.23,23.5,23.23,45200.0,23.23,800,23.25,12900,-1.15,23.23,23.23,45200,1050000.0,0.0,0.0,242.74,242.96,25.85,21.15,0.0
永新光学,sh603297,117.0,119.39,117.0,8600.0,116.88,900,117.0,900,-2.0,117.0,117.0,8600,1010000.0,0.01,0.0,129.55,129.8,131.33,107.45,0.0
弘信电子,sz300657,31.0,31.77,31.0,244800.0,30.97,200,31.0,500,-2.42,31.0,31.0,244800,7590000.0,0.05,0.0,146.04,149.59,38.12,25.42,0.0
维海德,sz301318,28.56,28.9,28.56,6600.0,28.56,800,28.71,700,-1.18,28.56,28.56,6600,190000.0,0.01,0.0,25.36,38.64,34.68,23.12,0.0
三花智控,sz002050,46.23,47.71,46.23,944100.0,46.23,300,46.24,100,-3.1,46.23,46.23,944100,43650000.0,0.03,0.0,1703.2,1945.36,52.48,42.94,0.0
*ST佳沃,sz300268,14.06,14.38,14.06,62700.0,14.06,100,14.1,500,-2.23,14.06,14.06,62700,880000.0,0.05,0.0,18.8,24.49,17.26,11.5,0.0
德固特,sz300950,23.7,23.7,23.7,37100.0,23.68,100,23.7,1300,0.0,23.7,23.7,37100,880000.0,0.04,0.0,21.56,36.28,28.44,18.96,0.0
国新能源,sh600617,3.67,3.44,3.67,3061100.0,3.66,11400,3.67,44300,6.69,3.67,3.67,3061100,11230000.0,0.17,0.0,65.16,70.8,3.78,3.1,0.0
蓝盾光电,sz300862,23.5,23.89,23.5,29800.0,23.45,800,23.5,4100,-1.63,23.5,23.5,29800,700000.0,0.02,0.0,35.6,43.39,28.67,19.11,0.0
梦百合,sh603313,8.9,9.17,8.9,225600.0,8.87,700,8.9,1300,-2.94,8.9,8.9,225600,2010000.0,0.04,0.0,50.78,50.78,10.09,8.25,0.0
城市传媒,sh600229,6.24,6.32,6.24,21000.0,6.23,6600,6.24,56000,-1.27,6.24,6.24,21000,130000.0,0.0,0.0,41.23,41.23,6.95,5.69,0.0
富满微,sz300671,41.7,42.71,41.7,65300.0,41.7,1500,41.74,1700,-2.36,41.7,41.7,65300,2720000.0,0.03,0.0,92.05,92.32,51.25,34.17,0.0
掌趣科技,sz300315,5.15,5.22,5.15,674400.0,5.15,118900,5.16,204100,-1.34,5.15,5.15,674400,3470000.0,0.03,0.0,133.03,139.44,6.26,4.18,0.0
浙江力诺,sz300838,16.21,16.47,16.21,12600.0,16.21,4700,16.24,500,-1.58,16.21,16.21,12600,200000.0,0.01,0.0,16.49,22.37,19.76,13.18,0.0
中视传媒,sh600088,15.18,15.43,15.18,63600.0,15.18,3900,15.28,5300,-1.62,15.18,15.18,63600,970000.0,0.02,0.0,60.37,60.37,16.97,13.89,0.0
回盛生物,sz300871,25.7,26.06,25.7,54500.0,25.7,29900,25.73,100,-1.38,25.7,25.7,54500,1400000.0,0.03,0.0,52.0,52.0,31.27,20.85,0.0
中国科传,sh601858,19.04,19.35,19.04,55500.0,19.04,800,19.05,200,-1.6,19.04,19.04,55500,1060000.0,0.01,0.0,150.51,150.51,21.29,17.42,0.0
洪兴股份,sz001209,20.81,21.24,20.81,129100.0,20.8,8200,20.81,4400,-2.02,20.81,20.81,129100,2690000.0,0.13,0.0,20.0,27.37,23.36,19.12,0.0
海兰信,sz300065,27.08,27.76,27.08,1331500.0,27.07,49600,27.08,1200,-2.45,27.08,27.08,1331500,36060000.0,0.2,0.0,177.89,195.39,33.31,22.21,0.0
西高院,sh688334,25.4,25.5,25.4,11798300.0,25.36,5500,25.4,800,-0.39,25.4,25.4,11798300,3000000.0,0.08,0.0,39.85,80.41,30.6,20.4,0.0
万马股份,sz002276,16.5,16.68,16.5,222800.0,16.49,1000,16.5,28500,-1.08,16.5,16.5,222800,3680000.0,0.02,0.0,166.2,166.83,18.35,15.01,0.0
开开实业,sh600272,13.07,13.24,13.07,17900.0,13.06,6700,13.07,4600,-1.28,13.07,13.07,17900,230000.0,0.01,0.0,20.91,34.33,14.56,11.92,0.0
王力安防,sh605268,15.33,13.94,15.33,2478500.0,15.33,40856800,0.0,0,9.97,15.33,15.33,2478500,38000000.0,0.56,0.0,67.53,68.42,15.33,12.55,0.0
尖峰集团,sh600668,11.03,11.12,11.03,23000.0,11.03,1100,11.11,500,-0.81,11.03,11.03,23000,250000.0,0.01,0.0,45.54,45.54,12.23,10.01,0.0
光线传媒,sz300251,17.11,17.48,17.11,1461000.0,17.1,56600,17.11,39000,-2.12,17.11,17.11,1461000,25000000.0,0.05,0.0,474.86,501.94,20.98,13.98,0.0
亚虹医药-U,sh688176,16.91,16.78,16.91,206692500.0,16.91,32200,16.93,200,0.77,16.91,16.91,206692500,34950000.0,0.47,0.0,73.67,96.58,20.14,13.42,0.0
壹连科技,sz301631,92.09,93.61,92.09,9300.0,92.03,200,92.09,1900,-1.62,92.09,92.09,9300,860000.0,0.03,0.0,28.28,84.18,112.33,74.89,0.0
*ST华微,sh600360,9.02,9.12,9.02,790100.0,9.01,24800,9.02,106400,-1.1,9.02,9.02,790100,7130000.0,0.08,0.0,86.62,86.62,9.58,8.66,0.0
珠城科技,sz301280,55.97,56.53,55.97,3800.0,55.83,100,55.97,400,-0.99,55.97,55.97,3800,210000.0,0.01,0.0,22.46,76.56,67.84,45.22,0.0
明阳科技,bj920663,15.6,15.75,15.6,7800.0,15.59,1000,15.6,18100,-0.95,15.6,15.6,7800,121800.0,0.01,0.0,10.0,20.83,20.47,11.03,0.0
爱玛科技,sh603529,28.0,28.16,28.0,27300.0,28.0,3100,28.01,4200,-0.57,28.0,28.0,27300,760000.0,0.0,0.0,237.32,243.36,30.98,25.34,0.0
新华百货,sh600785,18.97,19.47,18.97,108100.0,18.96,10500,18.97,13400,-2.57,18.97,18.97,108100,2050000.0,0.05,0.0,42.8,42.8,21.42,17.52,0.0
金百泽,sz301041,28.35,28.65,28.35,16600.0,28.35,2500,28.36,2300,-1.05,28.35,28.35,16600,470000.0,0.02,0.0,22.37,30.24,34.38,22.92,0.0
登海种业,sz002041,12.13,11.69,12.13,915200.0,12.13,4500,12.14,1600,3.76,12.13,12.13,915200,11100000.0,0.1,0.0,106.74,106.74,12.86,10.52,0.0
京华激光,sh603607,22.48,22.64,22.48,24300.0,22.48,3100,22.49,500,-0.71,22.48,22.48,24300,550000.0,0.01,0.0,40.13,40.13,24.9,20.38,0.0
东南电子,sz301359,21.55,22.05,21.55,24600.0,21.55,2200,21.69,300,-2.27,21.55,21.55,24600,530000.0,0.04,0.0,14.74,25.9,26.46,17.64,0.0
锦波生物,bj920982,183.49,185.55,183.49,5200.0,183.25,100,183.49,4100,-1.11,183.49,183.49,5200,952099.9999999999,0.01,0.0,100.75,211.13,241.21,129.89,0.0
誉衡药业,sz002437,3.36,3.39,3.36,258700.0,3.35,250300,3.36,200400,-0.88,3.36,3.36,258700,870000.0,0.01,0.0,70.53,75.0,3.73,3.05,0.0
春秋电子,sh603890,14.28,14.44,14.28,64300.0,14.27,100,14.28,400,-1.11,14.28,14.28,64300,920000.0,0.01,0.0,63.8,63.8,15.88,13.0,0.0
康冠科技,sz001308,20.4,20.64,20.4,28000.0,20.38,1000,20.4,3200,-1.16,20.4,20.4,28000,570000.0,0.01,0.0,101.32,143.55,22.7,18.58,0.0
国能日新,sz301162,74.23,75.05,74.23,45800.0,74.23,7900,74.5,100,-1.09,74.23,74.23,45800,3400000.0,0.05,0.0,63.26,98.42,90.06,60.04,0.0
保利发展,sh600048,6.42,6.53,6.42,2098000.0,6.42,216000,6.43,727000,-1.68,6.42,6.42,2098000,13470000.0,0.02,0.0,768.5,768.5,7.18,5.88,0.0
南兴股份,sz002757,20.71,21.31,20.71,107300.0,20.7,4900,20.71,100,-2.82,20.71,20.71,107300,2220000.0,0.04,0.0,58.41,61.19,23.44,19.18,0.0
德尔玛,sz301332,9.48,9.55,9.48,12200.0,9.48,4300,9.49,3300,-0.73,9.48,9.48,12200,120000.0,0.0,0.0,25.11,43.76,11.46,7.64,0.0
盛通股份,sz002599,7.55,7.67,7.55,91900.0,7.55,11600,7.57,129800,-1.56,7.55,7.55,91900,690000.0,0.02,0.0,30.05,40.22,8.44,6.9,0.0
赛意信息,sz300687,20.46,20.87,20.46,31500.0,20.46,700,20.49,4600,-1.96,20.46,20.46,31500,640000.0,0.01,0.0,67.33,83.56,25.04,16.7,0.0
雪浪环境,sz300385,11.93,12.39,11.93,218700.0,11.93,4100,11.98,100,-3.71,11.93,11.93,218700,2610000.0,0.08,0.0,34.68,39.74,14.87,9.91,0.0
能之光,bj920056,25.25,25.35,25.25,6600.0,25.18,200,25.28,40000,-0.39,25.25,25.25,6600,166700.00000000003,0.02,0.0,7.79,20.63,32.95,17.75,0.0
浙数文化,sh600633,12.96,13.08,12.96,192400.0,12.95,30500,12.96,8400,-0.92,12.96,12.96,192400,2490000.0,0.02,0.0,164.34,164.34,14.39,11.77,0.0
英可瑞,sz300713,18.97,19.31,18.97,191700.0,18.97,4000,18.98,500,-1.76,18.97,18.97,191700,3640000.0,0.22,0.0,16.9,30.11,23.17,15.45,0.0
帝尔激光,sz300776,83.66,86.08,83.66,87500.0,83.66,8300,83.78,1100,-2.81,83.66,83.66,87500,7320000.0,0.05,0.0,140.59,229.23,103.3,68.86,0.0
天孚通信,sz300394,306.75,322.88,306.75,969700.0,306.75,62700,306.77,24400,-5.0,306.75,306.75,969700,297460000.0,0.12,0.0,2379.93,2384.72,387.46,258.3,0.0
荣晟环保,sh603165,13.55,13.59,13.55,31900.0,13.52,4900,13.55,4000,-0.29,13.55,13.55,31900,430000.0,0.01,0.0,39.66,39.66,14.95,12.23,0.0
中金公司,sh601995,34.09,34.4,34.09,395000.0,34.09,24700,34.1,43100,-0.9,34.09,34.09,395000,13470000.0,0.01,0.0,996.64,1645.61,37.84,30.96,0.0
科陆电子,sz002121,9.38,9.6,9.38,1054900.0,9.38,2700,9.39,20000,-2.29,9.38,9.38,1054900,9890000.0,0.08,0.0,131.31,155.78,10.56,8.64,0.0
盈趣科技,sz002925,21.67,22.15,21.67,121600.0,21.67,100,21.71,200,-2.17,21.67,21.67,121600,2640000.0,0.02,0.0,158.42,167.22,24.37,19.94,0.0
湘佳股份,sz002982,15.2,15.16,15.2,681100.0,15.17,12500,15.2,31800,0.26,15.2,15.2,681100,10350000.0,0.52,0.0,19.74,30.89,16.68,13.64,0.0
美锦能源,sz000723,5.51,5.3,5.51,5848000.0,5.5,790500,5.51,42400,3.96,5.51,5.51,5848000,32220000.0,0.13,0.0,242.19,242.63,5.83,4.77,0.0
三友联众,sz300932,14.95,14.87,14.95,245300.0,14.95,2100,14.96,10000,0.54,14.95,14.95,245300,3670000.0,0.11,0.0,34.09,47.86,17.84,11.9,0.0
奥普特,sh688686,97.64,98.62,97.64,1511600.0,97.61,500,97.64,3400,-0.99,97.64,97.64,1511600,1480000.0,0.01,0.0,119.35,119.35,118.34,78.9,0.0
深深房Ａ,sz000029,21.58,21.78,21.58,26300.0,21.58,4800,21.78,3700,-0.92,21.58,21.58,26300,570000.0,0.0,0.0,192.42,218.32,23.96,19.6,0.0
山大电力,sz301609,54.0,55.45,54.0,72700.0,53.91,100,54.0,24000,-2.61,54.0,54.0,72700,3930000.0,0.2,0.0,19.79,87.96,66.54,44.36,0.0
天海防务,sz300008,9.06,9.19,9.06,938400.0,9.05,73300,9.06,25800,-1.41,9.06,9.06,938400,8500000.0,0.06,0.0,149.24,156.56,11.03,7.35,0.0
星昊医药,bj920017,18.12,18.39,18.12,2900.0,18.06,200,18.12,8300,-1.47,18.12,18.12,2900,52800.0,0.0,0.0,22.38,22.62,23.9,12.88,0.0
三星医疗,sh601567,30.58,29.41,30.58,2727000.0,30.53,700,30.58,4400,3.98,30.58,30.58,2727000,83390000.0,0.19,0.0,429.71,429.71,32.35,26.47,0.0
九典制药,sz300705,14.85,15.01,14.85,39400.0,14.85,7200,14.86,9700,-1.07,14.85,14.85,39400,590000.0,0.01,0.0,54.78,74.29,18.01,12.01,0.0
九菱科技,bj920505,45.01,46.4,45.01,10600.0,45.0,800,45.01,900,-3.0,45.01,45.01,10600,475400.0,0.03,0.0,16.25,29.2,60.32,32.48,0.0
润都股份,sz002923,15.89,16.0,15.89,84200.0,15.86,100,15.89,3600,-0.69,15.89,15.89,84200,1340000.0,0.03,0.0,41.01,53.21,17.6,14.4,0.0
江苏神通,sz002438,17.82,18.14,17.82,72400.0,17.81,900,17.82,1700,-1.76,17.82,17.82,72400,1290000.0,0.02,0.0,83.55,90.44,19.95,16.33,0.0
埃斯顿,sz002747,21.9,22.23,21.9,178300.0,21.9,3800,21.91,1500,-1.48,21.9,21.9,178300,3900000.0,0.02,0.0,171.35,190.75,24.45,20.01,0.0
天娱数科,sz002354,6.2,6.26,6.2,679400.0,6.2,206800,6.21,22500,-0.96,6.2,6.2,679400,4210000.0,0.04,0.0,100.81,102.58,6.89,5.63,0.0
捷强装备,sz300875,51.24,51.23,51.24,152300.0,51.24,4000,51.27,500,0.02,51.24,51.24,152300,7800000.0,0.17,0.0,44.98,51.16,61.48,40.98,0.0
赛升药业,sz300485,10.7,10.85,10.7,60600.0,10.7,3300,10.84,1000,-1.38,10.7,10.7,60600,650000.0,0.02,0.0,29.3,51.54,13.02,8.68,0.0
兴森科技,sz002436,23.87,25.09,23.87,1182600.0,23.86,800,23.87,59200,-4.86,23.87,23.87,1182600,28230000.0,0.08,0.0,360.56,405.71,27.6,22.58,0.0
宝馨科技,sz002514,4.99,5.03,4.99,117100.0,4.98,5800,4.99,1900,-0.8,4.99,4.99,117100,580000.0,0.02,0.0,27.65,35.93,5.53,4.53,0.0
广弘控股,sz000529,6.05,6.06,6.05,94900.0,6.02,6800,6.05,19500,-0.17,6.05,6.05,94900,570000.0,0.02,0.0,34.48,35.32,6.67,5.45,0.0
振邦智能,sz003028,30.2,30.53,30.2,4200.0,30.2,1400,30.21,200,-1.08,30.2,30.2,4200,130000.0,0.01,0.0,21.3,43.7,33.58,27.48,0.0
华兰生物,sz002007,15.2,15.28,15.2,74500.0,15.2,13400,15.21,111300,-0.52,15.2,15.2,74500,1130000.0,0.0,0.0,239.2,277.77,16.81,13.75,0.0
常润股份,sh603201,17.58,17.77,17.58,9500.0,17.58,400,17.68,2100,-1.07,17.58,17.58,9500,170000.0,0.01,0.0,33.11,33.4,19.55,15.99,0.0
广东鸿图,sz002101,11.74,11.85,11.74,65300.0,11.73,100,11.74,14400,-0.93,11.74,11.74,65300,770000.0,0.01,0.0,77.74,78.0,13.04,10.67,0.0
江苏金租,sh600901,6.38,6.42,6.38,328400.0,6.38,162000,6.39,200,-0.62,6.38,6.38,328400,2100000.0,0.01,0.0,369.43,369.52,7.06,5.78,0.0
东方生物,sh688298,23.1,23.27,23.1,70000.0,23.05,300,23.1,100,-0.73,23.1,23.1,70000,20000.0,0.0,0.0,46.57,46.57,27.92,18.62,0.0
奥 特 迅,sz002227,10.36,10.77,10.36,864300.0,10.36,92700,10.39,16100,-3.81,10.36,10.36,864300,8950000.0,0.35,0.0,25.48,25.67,11.85,9.69,0.0
大千生态,sh603955,28.89,28.94,28.89,4200.0,28.88,3000,28.89,200,-0.17,28.89,28.89,4200,120000.0,0.0,0.0,39.21,39.21,31.83,26.05,0.0
慧博云通,sz301316,45.23,46.34,45.23,102100.0,45.23,1900,45.26,20100,-2.4,45.23,45.23,102100,4620000.0,0.03,0.0,180.92,182.73,55.61,37.07,0.0
通达动力,sz002576,18.8,19.18,18.8,43500.0,18.8,500,18.84,3600,-1.98,18.8,18.8,43500,820000.0,0.03,0.0,30.46,31.04,21.1,17.26,0.0
渝三峡Ａ,sz000565,8.6,8.65,8.6,88400.0,8.57,100,8.6,51300,-0.58,8.6,8.6,88400,760000.0,0.02,0.0,37.29,37.29,9.52,7.79,0.0
远光软件,sz002063,7.11,7.01,7.11,5272100.0,7.11,15300,7.12,25700,1.43,7.11,7.11,5272100,37480000.0,0.3,0.0,125.4,135.81,7.71,6.31,0.0
凯伦股份,sz300715,13.82,14.05,13.82,99700.0,13.82,3200,14.0,15100,-1.64,13.82,13.82,99700,1380000.0,0.03,0.0,46.18,52.25,16.86,11.24,0.0
密尔克卫,sh603713,66.75,66.75,66.75,22400.0,66.75,9300,66.8,1300,0.0,66.75,66.75,22400,1500000.0,0.01,0.0,105.55,105.55,73.43,60.08,0.0
三木集团,sz000632,5.11,5.17,5.11,75800.0,5.11,12500,5.12,5000,-1.16,5.11,5.11,75800,390000.0,0.02,0.0,23.79,23.79,5.69,4.65,0.0
寿仙谷,sh603896,20.7,20.92,20.7,110600.0,20.7,6200,20.72,100,-1.05,20.7,20.7,110600,2290000.0,0.06,0.0,41.04,41.04,23.01,18.83,0.0
阳普医疗,sz300030,8.35,8.48,8.35,138300.0,8.35,18200,8.38,5600,-1.53,8.35,8.35,138300,1150000.0,0.05,0.0,22.73,25.82,10.18,6.78,0.0
舒华体育,sh605299,12.15,12.32,12.15,76600.0,12.15,7200,12.21,100,-1.38,12.15,12.15,76600,930000.0,0.02,0.0,49.72,49.72,13.55,11.09,0.0
酒鬼酒,sz000799,46.27,47.1,46.27,76400.0,46.26,2000,46.27,900,-1.76,46.27,46.27,76400,3540000.0,0.02,0.0,150.33,150.34,51.81,42.39,0.0
并行科技,bj920493,161.0,165.31,161.0,60400.0,160.96,100,161.0,4200,-2.61,161.0,161.0,60400,9719100.0,0.14,0.0,70.51,96.13,214.9,115.72,0.0
康惠股份,sh603139,27.17,27.17,27.17,38600.0,27.17,2200,27.28,600,0.0,27.17,27.17,38600,1050000.0,0.04,0.0,27.14,27.14,29.89,24.45,0.0
亚通股份,sh600692,8.03,8.1,8.03,66000.0,8.03,1000,8.09,600,-0.86,8.03,8.03,66000,530000.0,0.03,0.0,20.48,28.25,8.91,7.29,0.0
明德生物,sz002932,18.27,18.49,18.27,23800.0,18.27,3100,18.48,100,-1.19,18.27,18.27,23800,430000.0,0.02,0.0,28.52,42.48,20.34,16.64,0.0
ST联合,sh600358,6.48,6.58,6.48,141700.0,6.48,41600,6.5,70600,-1.52,6.48,6.48,141700,920000.0,0.03,0.0,32.72,32.72,6.91,6.25,0.0
誉辰智能,sh688638,40.0,40.8,40.0,373500.0,40.0,500,40.95,1000,-1.96,40.0,40.0,373500,150000.0,0.01,0.0,10.58,22.4,48.96,32.64,0.0
长信科技,sz300088,6.51,6.64,6.51,806000.0,6.5,214600,6.51,310700,-1.96,6.51,6.51,806000,5250000.0,0.03,0.0,161.81,162.6,7.97,5.31,0.0
研奥股份,sz300923,28.98,29.2,28.98,17500.0,28.98,2700,29.17,100,-0.75,28.98,28.98,17500,510000.0,0.02,0.0,22.16,22.78,35.04,23.36,0.0
华阳变速,bj920146,7.97,7.98,7.97,20000.0,7.95,500,7.97,11000,-0.13,7.97,7.97,20000,159400.0,0.02,0.0,8.54,10.76,10.37,5.59,0.0
ST人福,sh600079,19.51,19.71,19.51,301400.0,19.51,11100,19.52,29500,-1.01,19.51,19.51,301400,5880000.0,0.02,0.0,301.07,318.45,20.7,18.72,0.0
金牛化工,sh600722,14.88,13.53,14.88,6560800.0,14.88,14944200,0.0,0,9.98,14.88,14.88,6560800,97620000.0,0.96,0.0,101.23,101.23,14.88,12.18,0.0
裕兴股份,sz300305,6.84,6.88,6.84,127200.0,6.81,1000,6.84,36600,-0.58,6.84,6.84,127200,870000.0,0.04,0.0,21.99,25.68,8.26,5.5,0.0
二六三,sz002467,6.56,6.69,6.56,720500.0,6.56,11300,6.57,12500,-1.94,6.56,6.56,720500,4730000.0,0.05,0.0,89.67,90.22,7.36,6.02,0.0
江南化工,sz002226,6.38,6.28,6.38,599900.0,6.37,38100,6.38,192300,1.59,6.38,6.38,599900,3830000.0,0.02,0.0,169.0,169.0,6.91,5.65,0.0
因赛集团,sz300781,39.0,39.42,39.0,46800.0,38.88,14500,39.0,1300,-1.07,39.0,39.0,46800,1830000.0,0.04,0.0,47.26,64.03,47.3,31.54,0.0
金明精机,sz300281,7.47,7.57,7.47,39100.0,7.45,30000,7.47,20400,-1.32,7.47,7.47,39100,290000.0,0.01,0.0,29.68,31.29,9.08,6.06,0.0
华电辽能,sh600396,3.51,3.66,3.51,5489800.0,3.51,19400,3.52,92200,-4.1,3.51,3.51,5489800,19270000.0,0.37,0.0,51.69,51.69,4.03,3.29,0.0
海伦哲,sz300201,10.1,10.14,10.1,488800.0,10.09,4100,10.1,104200,-0.39,10.1,10.1,488800,4940000.0,0.05,0.0,101.38,101.91,12.17,8.11,0.0
星辉娱乐,sz300043,5.79,5.9,5.79,472700.0,5.78,12200,5.79,25600,-1.86,5.79,5.79,472700,2740000.0,0.04,0.0,72.0,72.04,7.08,4.72,0.0
恩威医药,sz301331,27.63,27.96,27.63,6000.0,27.63,1100,27.88,100,-1.18,27.63,27.63,6000,170000.0,0.01,0.0,28.37,28.43,33.55,22.37,0.0
雷特科技,bj920110,37.31,37.66,37.31,2100.0,37.31,1000,37.37,500,-0.93,37.31,37.31,2100,78400.0,0.01,0.0,6.06,14.55,48.95,26.37,0.0
三全食品,sz002216,12.54,12.6,12.54,204100.0,12.54,1500,12.55,3600,-0.48,12.54,12.54,204100,2560000.0,0.03,0.0,79.03,110.25,13.86,11.34,0.0
夏厦精密,sz001306,73.5,74.8,73.5,6900.0,73.4,100,73.5,400,-1.74,73.5,73.5,6900,510000.0,0.04,0.0,11.39,46.2,82.28,67.32,0.0
宁波精达,sh603088,12.28,12.5,12.28,210900.0,12.26,100,12.28,13600,-1.76,12.28,12.28,210900,2590000.0,0.05,0.0,53.77,61.69,13.75,11.25,0.0
中国国航,sh601111,7.46,7.69,7.46,3600600.0,7.45,184200,7.46,321600,-2.99,7.46,7.46,3600600,26860000.0,0.03,0.0,868.2,1301.65,8.46,6.92,0.0
江苏博云,sz301003,46.0,46.62,46.0,1300.0,46.0,1100,46.6,700,-1.33,46.0,46.0,1300,60000.0,0.0,0.0,34.56,44.68,55.94,37.3,0.0
气派科技,sh688216,30.2,31.23,30.2,1323000.0,30.2,300,30.48,1600,-3.3,30.2,30.2,1323000,400000.0,0.01,0.0,32.1,34.66,37.48,24.98,0.0
云赛智联,sh600602,21.24,20.24,21.24,2841600.0,21.24,5700,21.25,42500,4.94,21.24,21.24,2841600,60360000.0,0.26,0.0,228.18,290.49,22.26,18.22,0.0
茂化实华,sz000637,5.52,5.23,5.52,1198100.0,5.52,38700,5.53,12000,5.54,5.52,5.52,1198100,6610000.0,0.33,0.0,20.13,28.7,5.75,4.71,0.0
游族网络,sz002174,10.7,10.79,10.7,222200.0,10.69,800,10.7,43000,-0.83,10.7,10.7,222200,2380000.0,0.02,0.0,104.78,104.84,11.87,9.71,0.0
英思特,sz301622,67.04,69.22,67.04,54400.0,67.04,4100,68.88,800,-3.15,67.04,67.04,54400,3650000.0,0.09,0.0,42.11,77.72,83.06,55.38,0.0
唐人神,sz002567,4.35,4.36,4.35,649900.0,4.34,71600,4.35,173700,-0.23,4.35,4.35,649900,2830000.0,0.05,0.0,62.27,62.34,4.8,3.92,0.0
我爱我家,sz000560,3.21,3.29,3.21,1935600.0,3.2,1237100,3.21,393900,-2.43,3.21,3.21,1935600,6210000.0,0.09,0.0,72.42,75.61,3.62,2.96,0.0
冠中生态,sz300948,21.52,21.73,21.52,24100.0,21.41,2500,21.52,300,-0.97,21.52,21.52,24100,520000.0,0.02,0.0,32.33,34.32,26.08,17.38,0.0
开润股份,sz300577,20.34,20.45,20.34,4000.0,20.33,1000,20.34,1200,-0.54,20.34,20.34,4000,80000.0,0.0,0.0,28.92,48.78,24.54,16.36,0.0
神开股份,sz002278,14.41,13.84,14.41,740800.0,14.41,5600,14.42,4700,4.12,14.41,14.41,740800,10670000.0,0.22,0.0,48.13,56.2,15.22,12.46,0.0
北巴传媒,sh600386,4.29,4.3,4.29,134400.0,4.27,7000,4.29,82300,-0.23,4.29,4.29,134400,580000.0,0.02,0.0,34.59,34.59,4.73,3.87,0.0
曼卡龙,sz300945,19.2,19.6,19.2,202000.0,19.2,7000,19.21,8900,-2.04,19.2,19.2,202000,3880000.0,0.08,0.0,45.77,50.32,23.52,15.68,0.0
洲际油气,sh600759,9.06,8.24,9.06,23828200.0,9.06,175198800,0.0,0,9.95,9.06,9.06,23828200,215880000.0,0.58,0.0,375.42,375.9,9.06,7.42,0.0
恒锋信息,sz300605,15.23,15.49,15.23,28600.0,15.21,2000,15.23,18800,-1.68,15.23,15.23,28600,440000.0,0.02,0.0,18.2,25.15,18.59,12.39,0.0
润丰股份,sz301035,81.24,81.16,81.24,41800.0,81.23,100,81.8,300,0.1,81.24,81.24,41800,3400000.0,0.01,0.0,227.75,228.1,97.39,64.93,0.0
国创高新,sz002377,3.79,3.72,3.79,349200.0,3.79,154400,3.8,157900,1.88,3.79,3.79,349200,1320000.0,0.04,0.0,33.06,34.73,4.09,3.35,0.0
南山智尚,sz300918,15.81,16.13,15.81,32700.0,15.81,1400,15.85,1800,-1.98,15.81,15.81,32700,520000.0,0.01,0.0,80.02,80.02,19.36,12.9,0.0
扬州金泉,sh603307,39.5,39.92,39.5,9100.0,39.43,300,39.5,1200,-1.05,39.5,39.5,9100,360000.0,0.01,0.0,26.46,26.89,43.91,35.93,0.0
华发股份,sh600325,4.07,4.13,4.07,914100.0,4.07,199300,4.08,297600,-1.45,4.07,4.07,914100,3720000.0,0.03,0.0,112.01,112.01,4.54,3.72,0.0
达嘉维康,sz301126,12.21,12.36,12.21,12200.0,12.16,11300,12.21,200,-1.21,12.21,12.21,12200,150000.0,0.01,0.0,16.84,25.08,14.83,9.89,0.0
双枪科技,sz001211,28.26,28.56,28.26,19700.0,28.26,400,28.27,200,-1.05,28.26,28.26,19700,560000.0,0.03,0.0,18.93,20.35,31.42,25.7,0.0
东风股份,sh600006,6.75,6.78,6.75,147900.0,6.74,5200,6.75,9400,-0.44,6.75,6.75,147900,1000000.0,0.01,0.0,135.0,135.0,7.46,6.1,0.0
镇洋发展,sh603213,13.71,13.78,13.71,65900.0,13.71,5800,13.72,2000,-0.51,13.71,13.71,65900,900000.0,0.01,0.0,60.59,60.59,15.16,12.4,0.0
大连热电,sh600719,6.81,6.82,6.81,88900.0,6.81,1000,6.82,6400,-0.15,6.81,6.81,88900,610000.0,0.02,0.0,27.55,27.55,7.5,6.14,0.0
光大嘉宝,sh600622,2.79,2.82,2.79,581700.0,2.78,417000,2.79,330200,-1.06,2.79,2.79,581700,1620000.0,0.04,0.0,41.84,41.84,3.1,2.54,0.0
三元股份,sh600429,5.28,5.32,5.28,101700.0,5.27,11500,5.28,11900,-0.75,5.28,5.28,101700,540000.0,0.01,0.0,79.07,79.31,5.85,4.79,0.0
科翔股份,sz300903,36.47,37.52,36.47,1053400.0,36.47,24000,36.5,600,-2.8,36.47,36.47,1053400,38420000.0,0.32,0.0,119.77,158.79,45.02,30.02,0.0
科汇股份,sh688681,20.39,20.67,20.39,1843500.0,20.39,200,20.67,3300,-1.35,20.39,20.39,1843500,380000.0,0.02,0.0,21.34,21.34,24.8,16.54,0.0
南山控股,sz002314,2.59,2.62,2.59,481400.0,2.59,990700,2.6,69300,-1.15,2.59,2.59,481400,1250000.0,0.04,0.0,34.66,70.13,2.88,2.36,0.0
东港股份,sz002117,11.05,11.21,11.05,91200.0,11.05,5500,11.2,200,-1.43,11.05,11.05,91200,1010000.0,0.02,0.0,57.85,57.87,12.33,10.09,0.0
中航西飞,sz000768,29.28,29.8,29.28,436100.0,29.26,2700,29.28,19900,-1.74,29.28,29.28,436100,12770000.0,0.02,0.0,813.0,814.32,32.78,26.82,0.0
中国软件,sh600536,40.8,41.54,40.8,154700.0,40.8,7200,40.88,2600,-1.78,40.8,40.8,154700,6310000.0,0.02,0.0,344.21,380.98,45.69,37.39,0.0
山东药玻,sh600529,19.61,19.83,19.61,199800.0,19.61,200,19.62,2500,-1.11,19.61,19.61,199800,3920000.0,0.03,0.0,130.13,130.13,21.81,17.85,0.0
川宁生物,sz301301,10.8,10.89,10.8,154000.0,10.78,7000,10.8,50300,-0.83,10.8,10.8,154000,1660000.0,0.02,0.0,66.72,240.85,13.07,8.71,0.0
*ST清研,sz301288,19.96,20.19,19.96,3000.0,19.96,200,20.3,1500,-1.14,19.96,19.96,3000,60000.0,0.0,0.0,15.59,21.56,24.23,16.15,0.0
昊创瑞通,sz301668,56.0,57.26,56.0,59300.0,55.89,400,56.0,3800,-2.2,56.0,56.0,59300,3320000.0,0.26,0.0,12.91,61.6,68.71,45.81,0.0
长龄液压,sh605389,72.25,72.72,72.25,2400.0,72.25,200,72.7,100,-0.65,72.25,72.25,2400,170000.0,0.0,0.0,98.45,104.1,79.99,65.45,0.0
中新集团,sh601512,9.1,9.26,9.1,51300.0,9.09,2000,9.1,7900,-1.73,9.1,9.1,51300,470000.0,0.0,0.0,136.4,136.4,10.19,8.33,0.0
新农开发,sh600359,8.02,7.92,8.02,218900.0,8.02,4500,8.04,2000,1.26,8.02,8.02,218900,1760000.0,0.06,0.0,30.6,30.6,8.71,7.13,0.0
郑州煤电,sh600121,4.92,4.74,4.92,1048300.0,4.92,101400,4.93,234500,3.8,4.92,4.92,1048300,5160000.0,0.09,0.0,59.95,59.95,5.21,4.27,0.0
南都物业,sh603506,13.17,13.33,13.17,34200.0,13.17,3900,13.23,10500,-1.2,13.17,13.17,34200,450000.0,0.02,0.0,24.73,24.73,14.66,12.0,0.0
建元信托,sh600816,2.74,2.77,2.74,683700.0,2.74,79800,2.75,242100,-1.08,2.74,2.74,683700,1870000.0,0.01,0.0,149.85,269.74,3.05,2.49,0.0
杭氧股份,sz002430,31.9,31.7,31.9,170700.0,31.9,1600,31.93,500,0.63,31.9,31.9,170700,5450000.0,0.02,0.0,311.97,312.1,34.87,28.53,0.0
卧龙新能,sh600173,7.81,7.99,7.81,91200.0,7.81,400,7.83,7300,-2.25,7.81,7.81,91200,710000.0,0.01,0.0,54.7,54.71,8.79,7.19,0.0
丝路视觉,sz300556,18.77,19.15,18.77,34300.0,18.77,200,18.78,38300,-1.98,18.77,18.77,34300,640000.0,0.03,0.0,20.09,22.82,22.98,15.32,0.0
普元信息,sh688118,33.24,35.0,33.24,12693500.0,33.24,6900,33.33,800,-5.03,33.24,33.24,12693500,4220000.0,0.14,0.0,31.02,31.02,42.0,28.0,0.0
朝阳科技,sz002981,28.64,29.13,28.64,10700.0,28.64,1000,28.66,4100,-1.68,28.64,28.64,10700,310000.0,0.01,0.0,34.2,39.38,32.04,26.22,0.0
巍华新材,sh603310,17.65,17.59,17.65,30100.0,17.6,700,17.65,13600,0.34,17.65,17.65,30100,530000.0,0.02,0.0,34.24,60.95,19.35,15.83,0.0
蒙娜丽莎,sz002918,13.86,13.92,13.86,36400.0,13.85,6100,13.86,400,-0.43,13.86,13.86,36400,500000.0,0.02,0.0,29.53,56.66,15.31,12.53,0.0
欧康医药,bj920230,12.7,12.77,12.7,300.0,12.66,100,12.7,2200,-0.55,12.7,12.7,300,3800.0,0.0,0.0,6.0,12.79,16.6,8.94,0.0
*ST国化,sh600636,8.49,8.63,8.49,171900.0,8.49,33800,8.5,4100,-1.62,8.49,8.49,171900,1460000.0,0.04,0.0,37.24,37.24,9.06,8.2,0.0
心脉医疗,sh688016,105.25,107.38,105.25,3379100.0,105.25,300,105.29,900,-1.98,105.25,105.25,3379100,3560000.0,0.03,0.0,129.73,129.73,128.86,85.9,0.0
肯特股份,sz301591,45.74,46.43,45.74,3100.0,45.71,300,45.88,900,-1.49,45.74,45.74,3100,140000.0,0.01,0.0,15.53,38.48,55.72,37.14,0.0
恒实科技,sz300513,9.53,9.71,9.53,115200.0,9.52,5300,9.53,700,-1.85,9.53,9.53,115200,1100000.0,0.04,0.0,27.47,29.89,11.65,7.77,0.0
炬申股份,sz001202,17.79,18.03,17.79,21700.0,17.79,100,17.9,200,-1.33,17.79,17.79,21700,390000.0,0.02,0.0,20.78,29.65,19.83,16.23,0.0
沙钢股份,sz002075,5.52,5.59,5.52,508200.0,5.52,41600,5.53,1258200,-1.25,5.52,5.52,508200,2810000.0,0.02,0.0,121.1,121.1,6.15,5.03,0.0
悍高集团,sz001221,65.8,66.45,65.8,3800.0,65.78,100,65.8,2000,-0.98,65.8,65.8,3800,250000.0,0.01,0.0,23.69,263.21,73.1,59.81,0.0
富瀚微,sz300613,41.44,42.13,41.44,26000.0,41.44,900,41.6,100,-1.64,41.44,41.44,26000,1080000.0,0.01,0.0,90.89,96.36,50.56,33.7,0.0
ST凯利,sz300326,6.11,6.18,6.11,90200.0,6.1,9500,6.11,12500,-1.13,6.11,6.11,90200,550000.0,0.01,0.0,43.51,43.81,7.42,4.94,0.0
健之佳,sh605266,19.95,20.1,19.95,21400.0,19.94,500,19.95,900,-0.75,19.95,19.95,21400,430000.0,0.01,0.0,30.83,30.83,22.11,18.09,0.0
尤洛卡,sz300099,9.32,9.42,9.32,186700.0,9.32,100,9.33,20700,-1.06,9.32,9.32,186700,1740000.0,0.03,0.0,54.19,68.71,11.3,7.54,0.0
德必集团,sz300947,18.29,18.69,18.29,42700.0,18.29,4600,18.32,100,-2.14,18.29,18.29,42700,780000.0,0.03,0.0,27.63,27.64,22.43,14.95,0.0
ST景谷,sh600265,19.4,19.55,19.4,17500.0,19.35,500,19.4,7000,-0.77,19.4,19.4,17500,340000.0,0.01,0.0,25.18,25.18,20.53,18.57,0.0
同有科技,sz300302,18.83,19.28,18.83,259600.0,18.83,5900,18.84,10800,-2.33,18.83,18.83,259600,4890000.0,0.07,0.0,69.45,90.25,23.14,15.42,0.0
利德曼,sz300289,6.81,6.88,6.81,17600.0,6.8,65000,6.81,17100,-1.02,6.81,6.81,17600,120000.0,0.0,0.0,36.99,37.05,8.26,5.5,0.0
武汉蓝电,bj920779,32.16,32.1,0.0,0.0,32.16,100,32.29,300,0.19,0.0,0.0,0,0.0,0.0,0.0,6.44,25.75,41.73,22.47,0.0
德邦股份,sh603056,18.85,18.85,0.0,0.0,0.0,0,0.0,0,0.0,0.0,0.0,0,0.0,0.0,0.0,190.68,190.68,20.74,16.97,0.0
通达海,sz301378,34.5,35.54,34.5,30100.0,34.5,800,34.69,4300,-2.93,34.5,34.5,30100,1040000.0,0.07,0.0,15.84,33.33,42.65,28.43,0.0
东贝集团,sh601956,7.11,7.18,7.11,57900.0,7.11,800,7.14,1500,-0.97,7.11,7.11,57900,410000.0,0.01,0.0,44.2,44.2,7.9,6.46,0.0
值得买,sz300785,51.15,52.08,51.15,60700.0,51.15,1700,51.16,11600,-1.79,51.15,51.15,60700,3100000.0,0.05,0.0,62.57,101.71,62.5,41.66,0.0
志高机械,bj920101,38.09,39.09,38.09,28200.0,38.08,700,38.09,1500,-2.56,38.09,38.09,28200,1074100.0,0.1,0.0,10.6,33.96,50.81,27.37,0.0
美迪凯,sh688079,12.75,13.16,12.75,29098900.0,12.75,10600,12.76,18800,-3.12,12.75,12.75,29098900,3710000.0,0.07,0.0,51.54,52.45,15.79,10.53,0.0
东亚药业,sh605177,22.64,22.95,22.64,12100.0,22.63,3000,22.64,800,-1.35,22.64,22.64,12100,270000.0,0.01,0.0,25.49,25.97,25.25,20.66,0.0
深中华A,sz000017,7.5,7.53,7.5,68900.0,7.5,12600,7.52,1800,-0.4,7.5,7.5,68900,520000.0,0.02,0.0,33.06,51.69,8.28,6.78,0.0
泽润新能,sz301636,77.77,79.36,77.77,38000.0,77.77,3200,77.78,300,-2.0,77.77,77.77,38000,2960000.0,0.24,0.0,12.42,49.67,95.23,63.49,0.0
中核科技,sz000777,25.0,25.33,25.0,90300.0,25.0,16000,25.01,26100,-1.3,25.0,25.0,90300,2260000.0,0.02,0.0,95.85,95.85,27.86,22.8,0.0
开创电气,sz301448,43.0,43.08,43.0,2800.0,42.5,10000,43.0,700,-0.19,43.0,43.0,2800,120000.0,0.01,0.0,20.76,44.98,51.7,34.46,0.0
华厦眼科,sz301267,17.38,17.61,17.38,81400.0,17.37,1600,17.38,19900,-1.31,17.38,17.38,81400,1410000.0,0.01,0.0,112.7,145.99,21.13,14.09,0.0
振华风光,sh688439,57.94,58.62,57.94,5151100.0,57.94,100,57.96,1500,-1.16,57.94,57.94,5151100,2980000.0,0.03,0.0,115.88,115.88,70.34,46.9,0.0
仙乐健康,sz300791,20.87,21.02,20.87,3300.0,20.82,5000,20.87,400,-0.71,20.87,20.87,3300,70000.0,0.0,0.0,53.54,64.2,25.22,16.82,0.0
双环传动,sz002472,38.51,39.17,38.51,133000.0,38.51,900,38.53,7300,-1.68,38.51,38.51,133000,5120000.0,0.02,0.0,290.83,327.17,43.09,35.25,0.0
基康技术,bj920879,22.5,22.83,22.5,14900.0,22.5,12800,22.6,1000,-1.45,22.5,22.5,14900,334099.99999999994,0.01,0.0,29.43,37.66,29.67,15.99,0.0
冠城新材,sh600067,4.21,4.26,4.21,146000.0,4.2,97300,4.21,62500,-1.17,4.21,4.21,146000,610000.0,0.01,0.0,58.59,58.59,4.69,3.83,0.0
经纬辉开,sz300120,8.48,8.65,8.48,319900.0,8.47,2400,8.48,32000,-1.97,8.48,8.48,319900,2710000.0,0.06,0.0,44.73,48.71,10.38,6.92,0.0
古麒绒材,sz001390,22.41,22.65,22.41,14800.0,22.4,300,22.41,2000,-1.06,22.41,22.41,14800,330000.0,0.03,0.0,11.21,44.82,24.92,20.39,0.0
天玛智控,sh688570,18.68,18.66,18.68,938600.0,18.68,200,18.69,2000,0.11,18.68,18.68,938600,180000.0,0.0,0.0,35.16,80.88,22.39,14.93,0.0
浙江仙通,sh603239,22.66,22.66,22.66,40000.0,22.65,300,22.66,4400,0.0,22.66,22.66,40000,910000.0,0.01,0.0,61.35,61.35,24.93,20.39,0.0
瑞晨环保,sz301273,30.78,31.7,30.78,27200.0,30.76,100,30.78,1300,-2.9,30.78,30.78,27200,840000.0,0.05,0.0,16.92,22.05,38.04,25.36,0.0
山推股份,sz000680,12.84,12.97,12.84,68100.0,12.83,42000,12.97,29500,-1.0,12.84,12.84,68100,870000.0,0.01,0.0,168.81,192.62,14.27,11.67,0.0
金 融 街,sz000402,2.73,2.74,2.73,163100.0,2.72,525000,2.73,157000,-0.36,2.73,2.73,163100,450000.0,0.01,0.0,81.59,81.6,3.01,2.47,0.0
建工修复,sz300958,14.25,14.38,14.25,20100.0,14.25,9800,14.37,200,-0.9,14.25,14.25,20100,290000.0,0.02,0.0,12.97,22.33,17.26,11.5,0.0
华孚时尚,sz002042,4.55,4.54,4.55,1997100.0,4.55,69500,4.56,25000,0.22,4.55,4.55,1997100,9090000.0,0.12,0.0,77.38,77.38,4.99,4.09,0.0
信质集团,sz002664,22.4,22.93,22.4,99800.0,22.38,100,22.4,33300,-2.31,22.4,22.4,99800,2240000.0,0.02,0.0,90.18,91.44,25.22,20.64,0.0
韵达股份,sz002120,6.77,6.84,6.77,722200.0,6.76,92300,6.77,20400,-1.02,6.77,6.77,722200,4890000.0,0.03,0.0,190.58,196.28,7.52,6.16,0.0
泛微网络,sh603039,42.52,43.17,42.52,108400.0,42.5,600,42.52,2100,-1.51,42.52,42.52,108400,4610000.0,0.04,0.0,109.01,109.01,47.49,38.85,0.0
创世纪,sz300083,8.22,8.31,8.22,293800.0,8.22,5500,8.23,70000,-1.08,8.22,8.22,293800,2420000.0,0.02,0.0,122.73,136.85,9.97,6.65,0.0
华大基因,sz300676,44.47,45.09,44.47,50600.0,44.46,200,44.47,5100,-1.38,44.47,44.47,50600,2250000.0,0.01,0.0,185.02,186.03,54.11,36.07,0.0
润达医疗,sh603108,14.71,14.95,14.71,101300.0,14.71,13800,14.73,16500,-1.61,14.71,14.71,101300,1490000.0,0.02,0.0,88.8,88.8,16.45,13.46,0.0
百川能源,sh600681,4.71,4.53,4.71,1727400.0,4.71,302100,4.72,12500,3.97,4.71,4.71,1727400,8140000.0,0.13,0.0,63.1,63.15,4.98,4.08,0.0
华新精科,sh603370,45.76,46.22,45.76,6800.0,45.73,1000,45.76,800,-1.0,45.76,45.76,6800,310000.0,0.02,0.0,16.01,80.06,50.84,41.6,0.0
陕西煤业,sh601225,26.1,24.95,26.1,884200.0,26.09,2100,26.1,51600,4.61,26.1,26.1,884200,23080000.0,0.01,0.0,2530.39,2530.39,27.45,22.46,0.0
鼎佳精密,bj920005,37.5,38.11,37.5,3800.0,37.5,6800,37.8,1700,-1.6,37.5,37.5,3800,142500.0,0.02,0.0,8.06,31.12,49.54,26.68,0.0
柳    工,sz000528,10.89,11.03,10.89,306600.0,10.88,74600,10.89,344000,-1.27,10.89,10.89,306600,3340000.0,0.02,0.0,221.43,221.72,12.13,9.93,0.0
北大荒,sh600598,17.61,17.08,17.61,640600.0,17.61,48300,17.62,2800,3.1,17.61,17.61,640600,11280000.0,0.04,0.0,313.05,313.05,18.79,15.37,0.0
甘李药业,sh603087,62.73,63.66,62.73,92300.0,62.7,400,62.73,23800,-1.46,62.73,62.73,92300,5790000.0,0.02,0.0,349.94,374.69,70.03,57.29,0.0
晶科能源,sh688223,7.2,7.34,7.2,212957200.0,7.19,121200,7.2,580700,-1.91,7.2,7.2,212957200,15330000.0,0.02,0.0,720.37,720.37,8.81,5.87,0.0
蒙草生态,sz300355,4.24,4.3,4.24,535700.0,4.24,73300,4.25,172200,-1.4,4.24,4.24,535700,2270000.0,0.04,0.0,55.06,68.02,5.16,3.44,0.0
克明食品,sz002661,9.39,9.43,9.39,40300.0,9.36,900,9.39,400,-0.42,9.39,9.39,40300,380000.0,0.01,0.0,29.54,31.28,10.37,8.49,0.0
澳洋健康,sz002172,4.39,4.47,4.39,855200.0,4.39,21100,4.4,200,-1.79,4.39,4.39,855200,3750000.0,0.11,0.0,33.6,33.62,4.92,4.02,0.0
福莱蒽特,sh605566,27.86,28.23,27.86,9800.0,27.83,200,27.86,200,-1.31,27.86,27.86,9800,270000.0,0.01,0.0,37.15,37.15,31.05,25.41,0.0
吉林化纤,sz000420,4.4,4.42,4.4,344800.0,4.39,46000,4.4,43000,-0.45,4.4,4.4,344800,1520000.0,0.01,0.0,108.15,108.19,4.86,3.98,0.0
诚意药业,sh603811,11.72,11.46,11.72,202300.0,11.64,900,11.72,5100,2.27,11.72,11.72,202300,2370000.0,0.06,0.0,38.36,38.36,12.61,10.31,0.0
博思软件,sz300525,11.33,11.48,11.33,97100.0,11.32,8300,11.33,4100,-1.31,11.33,11.33,97100,1100000.0,0.02,0.0,70.48,85.93,13.78,9.18,0.0
好当家,sh600467,2.63,2.66,2.63,419300.0,2.63,263000,2.64,36100,-1.13,2.63,2.63,419300,1100000.0,0.03,0.0,38.42,38.42,2.93,2.39,0.0
宁波高发,sh603788,15.89,15.98,15.89,22100.0,15.82,13900,15.89,3400,-0.56,15.89,15.89,22100,350000.0,0.01,0.0,35.45,35.45,17.58,14.38,0.0
诺思格,sz301333,64.8,66.19,64.8,10600.0,64.64,800,64.8,1300,-2.1,64.8,64.8,10600,690000.0,0.01,0.0,62.5,62.58,79.43,52.95,0.0
唯赛勃,sh688718,15.74,15.83,15.74,2162600.0,15.74,7400,15.8,2200,-0.57,15.74,15.74,2162600,340000.0,0.01,0.0,27.35,27.35,19.0,12.66,0.0
南凌科技,sz300921,25.89,26.45,25.89,71000.0,25.89,200,25.9,29300,-2.12,25.89,25.89,71000,1840000.0,0.06,0.0,29.7,47.59,31.74,21.16,0.0
德宏股份,sh603701,20.49,20.66,20.49,3600.0,20.49,100,20.56,12000,-0.82,20.49,20.49,3600,70000.0,0.0,0.0,53.55,53.55,22.73,18.59,0.0
岱美股份,sh603730,9.21,9.41,9.21,105700.0,9.21,34200,9.23,10700,-2.13,9.21,9.21,105700,970000.0,0.0,0.0,197.88,197.88,10.35,8.47,0.0
玲珑轮胎,sh601966,14.71,14.83,14.71,247900.0,14.7,9200,14.71,7000,-0.81,14.71,14.71,247900,3650000.0,0.02,0.0,215.28,215.28,16.31,13.35,0.0
金达威,sz002626,18.48,18.66,18.48,61100.0,18.48,2900,18.49,600,-0.96,18.48,18.48,61100,1130000.0,0.01,0.0,112.7,112.72,20.53,16.79,0.0
ST云动,sz000903,2.69,2.72,2.69,617400.0,2.69,5200,2.7,36400,-1.1,2.69,2.69,617400,1660000.0,0.03,0.0,51.66,52.05,2.86,2.58,0.0
西部超导,sh688122,84.5,85.92,84.5,10141800.0,84.5,600,84.51,300,-1.65,84.5,84.5,10141800,8570000.0,0.02,0.0,548.97,548.97,103.1,68.74,0.0
农发种业,sh600313,8.81,8.65,8.81,2434500.0,8.81,14000,8.82,5000,1.85,8.81,8.81,2434500,21450000.0,0.22,0.0,95.34,102.32,9.52,7.79,0.0
燕京啤酒,sz000729,12.98,13.06,12.98,113900.0,12.98,4200,13.0,21800,-0.61,12.98,12.98,113900,1480000.0,0.0,0.0,325.75,365.85,14.37,11.75,0.0
信通电子,sz001388,44.37,44.77,44.37,7900.0,44.33,900,44.37,9500,-0.89,44.37,44.37,7900,350000.0,0.03,0.0,13.84,69.22,49.25,40.29,0.0
奇正藏药,sz002287,24.9,24.97,24.9,39700.0,24.86,500,24.9,7300,-0.28,24.9,24.9,39700,990000.0,0.01,0.0,142.18,142.46,27.47,22.47,0.0
天宸股份,sh600620,6.52,6.61,6.52,50800.0,6.52,23900,6.54,100,-1.36,6.52,6.52,50800,330000.0,0.01,0.0,44.77,44.77,7.27,5.95,0.0
复旦微电,sh688385,78.18,79.87,78.18,6830200.0,78.18,500,78.24,300,-2.12,78.18,78.18,6830200,5340000.0,0.01,0.0,421.69,643.98,95.84,63.9,0.0
大秦铁路,sh601006,5.19,5.19,5.19,1821400.0,5.19,2195700,5.2,822700,0.0,5.19,5.19,1821400,9450000.0,0.01,0.0,1045.64,1045.64,5.71,4.67,0.0
重庆港,sh600279,5.44,5.45,5.44,66500.0,5.44,28300,5.45,3700,-0.18,5.44,5.44,66500,360000.0,0.01,0.0,64.57,64.57,6.0,4.91,0.0
天铭科技,bj920270,19.0,19.88,19.0,182300.0,18.99,800,19.0,23200,-4.43,19.0,19.0,182300,3464200.0,0.22,0.0,15.41,19.88,25.84,13.92,0.0
天顺风能,sz002531,10.48,10.67,10.48,609400.0,10.48,8500,10.49,3000,-1.78,10.48,10.48,609400,6390000.0,0.03,0.0,187.26,188.31,11.74,9.6,0.0
华智数媒,sz300426,8.04,8.18,8.04,38900.0,8.03,6400,8.04,12100,-1.71,8.04,8.04,38900,310000.0,0.01,0.0,32.16,36.21,9.82,6.54,0.0
中炬高新,sh600872,18.78,18.85,18.78,119100.0,18.77,1400,18.78,50800,-0.37,18.78,18.78,119100,2240000.0,0.02,0.0,144.79,146.2,20.74,16.97,0.0
海格通信,sz002465,16.91,17.07,16.91,1113800.0,16.9,69100,16.91,2600,-0.94,16.91,16.91,1113800,18830000.0,0.04,0.0,419.01,419.68,18.78,15.36,0.0
和辉光电-U,sh688538,2.5,2.53,2.5,76486000.0,2.5,1294800,2.51,950700,-1.19,2.5,2.5,76486000,1910000.0,0.01,0.0,143.81,345.24,3.04,2.02,0.0
杭萧钢构,sh600477,3.49,3.55,3.49,351700.0,3.48,13600,3.49,188000,-1.69,3.49,3.49,351700,1230000.0,0.01,0.0,82.33,82.33,3.91,3.2,0.0
金龙鱼,sz300999,30.03,29.22,30.03,489700.0,30.03,22700,30.04,200,2.77,30.03,30.03,489700,14710000.0,0.09,0.0,162.96,1628.1,35.06,23.38,0.0
力盛体育,sz002858,15.5,15.73,15.5,88300.0,15.5,4700,15.66,300,-1.46,15.5,15.5,88300,1370000.0,0.06,0.0,22.78,25.41,17.3,14.16,0.0
龙芯中科,sh688047,153.28,149.96,153.28,51160400.0,153.18,1000,153.28,11000,2.21,153.28,153.28,51160400,78420000.0,0.13,0.0,614.65,614.65,179.95,119.97,0.0
赛福天,sh603028,9.74,9.75,9.74,31100.0,9.73,600,9.74,18800,-0.1,9.74,9.74,31100,300000.0,0.01,0.0,27.68,27.96,10.73,8.78,0.0
浙江永强,sz002489,3.52,3.55,3.52,238900.0,3.52,152500,3.53,204000,-0.85,3.52,3.52,238900,840000.0,0.01,0.0,67.34,76.35,3.91,3.2,0.0
报 喜 鸟,sz002154,3.88,3.91,3.88,254100.0,3.88,55300,3.89,323000,-0.77,3.88,3.88,254100,990000.0,0.02,0.0,45.78,56.62,4.3,3.52,0.0
聚星科技,bj920111,25.79,26.35,25.79,56600.0,25.77,400,25.79,3200,-2.13,25.79,25.79,56600,1460500.0,0.08,0.0,19.42,40.01,34.25,18.45,0.0
科大讯飞,sz002230,51.79,52.53,51.79,520400.0,51.78,800,51.79,38400,-1.41,51.79,51.79,520400,26950000.0,0.02,0.0,1133.81,1197.31,57.78,47.28,0.0
中元股份,sz300018,13.9,14.21,13.9,454200.0,13.9,33700,13.94,600,-2.18,13.9,13.9,454200,6310000.0,0.1,0.0,62.45,67.46,17.05,11.37,0.0
五洲交通,sh600368,4.02,4.04,4.02,230800.0,4.02,141700,4.03,182300,-0.5,4.02,4.02,230800,930000.0,0.01,0.0,64.71,64.71,4.44,3.64,0.0
博科测试,sz301598,63.6,64.07,63.6,500.0,63.51,600,63.79,100,-0.73,63.6,63.6,500,30000.0,0.0,0.0,11.16,37.46,76.88,51.26,0.0
火炬电子,sh603678,37.5,38.61,37.5,209000.0,37.49,100,37.5,1500,-2.87,37.5,37.5,209000,7840000.0,0.04,0.0,178.34,178.34,42.47,34.75,0.0
凌云股份,sh600480,10.84,10.99,10.84,136100.0,10.83,3500,10.84,8400,-1.36,10.84,10.84,136100,1480000.0,0.01,0.0,130.53,132.5,12.09,9.89,0.0
万邦德,sz002082,18.18,16.96,18.18,1572300.0,18.12,3000,18.18,19400,7.19,18.18,18.18,1572300,28580000.0,0.28,0.0,100.58,111.21,18.66,15.26,0.0
中富通,sz300560,15.71,15.99,15.71,26400.0,15.7,4200,15.71,6800,-1.75,15.71,15.71,26400,410000.0,0.01,0.0,29.37,36.09,19.19,12.79,0.0
科大智能,sz300222,12.71,12.96,12.71,489400.0,12.71,6400,12.74,20400,-1.93,12.71,12.71,489400,6220000.0,0.08,0.0,80.56,98.92,15.55,10.37,0.0
中国铁物,sz000927,2.96,2.96,2.96,1623900.0,2.96,149300,2.97,369000,0.0,2.96,2.96,1623900,4810000.0,0.03,0.0,179.09,179.09,3.26,2.66,0.0
通行宝,sz301339,13.7,13.8,13.7,51700.0,13.69,200,13.7,2300,-0.72,13.7,13.7,51700,710000.0,0.03,0.0,23.02,79.51,16.56,11.04,0.0
佳驰科技,sh688708,59.88,60.7,59.88,975000.0,59.63,600,59.88,800,-1.35,59.88,59.88,975000,580000.0,0.01,0.0,85.2,239.53,72.84,48.56,0.0
兆龙互连,sz300913,52.0,53.32,52.0,58000.0,52.0,1200,52.01,400,-2.48,52.0,52.0,58000,3020000.0,0.02,0.0,133.01,178.25,63.98,42.66,0.0
健尔康,sh603205,26.95,27.16,26.95,5600.0,26.82,100,26.95,6200,-0.77,26.95,26.95,5600,150000.0,0.01,0.0,11.14,42.04,29.88,24.44,0.0
凡拓数创,sz301313,31.01,31.5,31.01,25500.0,31.0,400,31.01,2800,-1.56,31.01,31.01,25500,790000.0,0.03,0.0,23.41,32.08,37.8,25.2,0.0
康辰药业,sh603590,40.38,40.89,40.38,16700.0,40.36,100,40.38,100,-1.25,40.38,40.38,16700,670000.0,0.01,0.0,63.89,64.21,44.98,36.8,0.0
黄山胶囊,sz002817,8.35,8.4,8.35,78700.0,8.34,3000,8.35,5100,-0.6,8.35,8.35,78700,660000.0,0.03,0.0,24.22,24.97,9.24,7.56,0.0
华密新材,bj920247,23.48,23.69,23.48,13500.0,23.48,700,23.5,9700,-0.89,23.48,23.48,13500,317300.0,0.01,0.0,26.83,36.99,30.79,16.59,0.0
温氏股份,sz300498,16.78,16.78,16.78,1127700.0,16.77,9400,16.78,30500,0.0,16.78,16.78,1127700,18920000.0,0.02,0.0,998.84,1116.53,20.14,13.42,0.0
正弦电气,sh688395,26.52,26.73,26.52,603600.0,26.52,1400,26.81,400,-0.79,26.52,26.52,603600,160000.0,0.01,0.0,22.97,22.97,32.08,21.38,0.0
万华化学,sh600309,93.99,93.0,93.99,803000.0,93.98,48200,93.99,53600,1.06,93.99,93.99,803000,75470000.0,0.03,0.0,2942.33,2942.33,102.3,83.7,0.0
腾龙股份,sh603158,10.96,10.96,10.96,1049600.0,10.94,200,10.96,55600,0.0,10.96,10.96,1049600,11500000.0,0.21,0.0,53.79,53.79,12.06,9.86,0.0
爱普股份,sh603020,10.45,10.53,10.45,27500.0,10.45,15800,10.48,500,-0.76,10.45,10.45,27500,290000.0,0.01,0.0,40.05,40.05,11.58,9.48,0.0
岳阳兴长,sz000819,16.94,16.33,16.94,291800.0,16.94,16600,16.95,18000,3.74,16.94,16.94,291800,4940000.0,0.08,0.0,61.92,62.59,17.96,14.7,0.0
景嘉微,sz300474,66.49,67.52,66.49,96400.0,66.44,500,66.49,14100,-1.53,66.49,66.49,96400,6410000.0,0.02,0.0,270.26,347.49,81.02,54.02,0.0
华大智造,sh688114,55.5,56.36,55.5,2142800.0,55.19,200,55.5,300,-1.53,55.5,55.5,2142800,1190000.0,0.01,0.0,229.96,231.17,67.63,45.09,0.0
国机汽车,sh600335,6.43,6.48,6.43,52100.0,6.42,3300,6.43,12000,-0.77,6.43,6.43,52100,340000.0,0.0,0.0,96.18,96.18,7.13,5.83,0.0
冠捷科技,sz000727,2.7,2.7,2.7,5405700.0,2.69,198100,2.7,246200,0.0,2.7,2.7,5405700,14600000.0,0.12,0.0,122.3,122.3,2.97,2.43,0.0
深物业A,sz000011,8.45,8.56,8.45,26000.0,8.45,17900,8.47,100,-1.29,8.45,8.45,26000,220000.0,0.0,0.0,44.49,50.36,9.42,7.7,0.0
山东墨龙,sz002490,14.52,13.2,14.52,5441600.0,14.52,26307700,0.0,0,10.0,14.52,14.52,5441600,79010000.0,1.0,0.0,78.66,115.85,14.52,11.88,0.0
民生银行,sh600016,3.86,3.88,3.86,2888100.0,3.85,4929400,3.86,1121100,-0.52,3.86,3.86,2888100,11150000.0,0.01,0.0,1368.84,1690.0,4.27,3.49,0.0
中通客车,sz000957,11.08,11.22,11.08,160600.0,11.08,24800,11.09,4500,-1.25,11.08,11.08,160600,1780000.0,0.03,0.0,65.69,65.69,12.34,10.1,0.0
远程股份,sz002692,5.81,5.87,5.81,192000.0,5.81,15400,5.82,500,-1.02,5.81,5.81,192000,1120000.0,0.03,0.0,41.7,41.72,6.46,5.28,0.0
铭利达,sz301268,22.81,23.24,22.81,53300.0,22.81,1200,23.0,16000,-1.85,22.81,22.81,53300,1220000.0,0.02,0.0,78.63,91.33,27.89,18.59,0.0
祥鑫科技,sz002965,33.39,33.72,33.39,33100.0,33.38,800,33.39,5100,-0.98,33.39,33.39,33100,1110000.0,0.02,0.0,66.59,88.61,37.09,30.35,0.0
辰欣药业,sh603367,16.8,16.98,16.8,80300.0,16.78,5100,16.8,12400,-1.06,16.8,16.8,80300,1350000.0,0.02,0.0,76.06,76.06,18.68,15.28,0.0
信隆健康,sz002105,7.4,7.55,7.4,120800.0,7.4,17300,7.5,900,-1.99,7.4,7.4,120800,890000.0,0.03,0.0,26.97,27.1,8.31,6.8,0.0
海力风电,sz301155,75.6,76.66,75.6,5900.0,75.6,400,75.81,300,-1.38,75.6,75.6,5900,450000.0,0.0,0.0,93.25,164.35,91.99,61.33,0.0
雪祺电气,sz001387,14.1,14.19,14.1,54600.0,14.07,200,14.1,7600,-0.63,14.1,14.1,54600,770000.0,0.05,0.0,16.06,25.81,15.61,12.77,0.0
蓝天燃气,sh605368,8.81,8.5,8.81,696800.0,8.81,81600,8.82,1500,3.65,8.81,8.81,696800,6140000.0,0.1,0.0,62.96,62.96,9.35,7.65,0.0
友升股份,sh603418,53.81,54.39,53.81,19800.0,53.81,300,53.85,3000,-1.07,53.81,53.81,19800,1070000.0,0.05,0.0,21.75,103.89,59.83,48.95,0.0
科德教育,sz300192,19.4,19.77,19.4,58400.0,19.39,200,19.4,46100,-1.87,19.4,19.4,58400,1130000.0,0.02,0.0,62.98,63.85,23.72,15.82,0.0
英搏尔,sz300681,23.14,23.59,23.14,85000.0,23.12,24100,23.14,5900,-1.91,23.14,23.14,85000,1970000.0,0.04,0.0,53.41,70.82,28.31,18.87,0.0
天佑德酒,sz002646,8.44,8.54,8.44,110400.0,8.43,500,8.44,3100,-1.17,8.44,8.44,110400,930000.0,0.02,0.0,40.17,40.44,9.39,7.69,0.0
生 意 宝,sz002095,17.9,18.2,17.9,59400.0,17.89,500,17.9,5000,-1.65,17.9,17.9,59400,1060000.0,0.02,0.0,45.06,45.24,20.02,16.38,0.0
古井贡酒,sz000596,111.87,113.98,111.87,34500.0,111.8,1100,111.87,4100,-1.85,111.87,111.87,34500,3860000.0,0.01,0.0,457.1,591.34,125.38,102.58,0.0
上海莱士,sz002252,6.2,6.24,6.2,1076200.0,6.19,112000,6.2,244200,-0.64,6.2,6.2,1076200,6670000.0,0.02,0.0,411.34,411.56,6.86,5.62,0.0
华维设计,bj920427,13.73,13.74,13.73,20400.0,13.68,400,13.73,7700,-0.07,13.73,13.73,20400,280500.0,0.04,0.0,6.99,14.15,17.86,9.62,0.0
药康生物,sh688046,15.02,15.37,15.02,2693200.0,15.01,1900,15.02,78300,-2.28,15.02,15.02,2693200,400000.0,0.01,0.0,61.58,61.58,18.44,12.3,0.0
*ST创兴,sh600193,4.43,4.45,4.43,151500.0,4.4,130000,4.43,20900,-0.45,4.43,4.43,151500,670000.0,0.04,0.0,18.84,18.84,4.67,4.23,0.0
元祖股份,sh603886,12.97,12.97,12.97,14700.0,12.97,300,12.98,10000,0.0,12.97,12.97,14700,190000.0,0.01,0.0,31.13,31.13,14.27,11.67,0.0
中国长城,sz000066,15.55,15.69,15.55,769100.0,15.54,2300,15.55,2700,-0.89,15.55,15.55,769100,11960000.0,0.02,0.0,501.58,501.61,17.26,14.12,0.0
ST迪威迅,sz300167,6.88,6.81,6.88,180700.0,6.83,200,6.88,1700,1.03,6.88,6.88,180700,1240000.0,0.05,0.0,24.69,26.79,8.17,5.45,0.0
涛涛车业,sz301345,195.98,202.0,195.98,8700.0,195.69,600,195.98,900,-2.98,195.98,195.98,8700,1710000.0,0.03,0.0,56.95,213.71,242.4,161.6,0.0
云从科技-UW,sh688327,14.54,14.76,14.54,15460200.0,14.54,16400,14.55,17400,-1.49,14.54,14.54,15460200,2250000.0,0.02,0.0,121.18,151.0,17.71,11.81,0.0
海昇药业,bj920656,17.1,17.26,17.1,200.0,17.09,1000,17.1,5800,-0.93,17.1,17.1,200,3400.0000000000005,0.0,0.0,5.54,17.1,22.43,12.09,0.0
海利生物,sh603718,4.85,4.86,4.85,152100.0,4.84,30000,4.85,58300,-0.21,4.85,4.85,152100,740000.0,0.02,0.0,31.48,31.62,5.35,4.37,0.0
ST诺泰,sh688076,33.55,33.72,33.55,3043700.0,33.55,800,33.58,1000,-0.5,33.55,33.55,3043700,1020000.0,0.01,0.0,106.04,106.04,40.46,26.98,0.0
伟测科技,sh688372,130.03,138.26,130.03,9353300.0,130.03,7200,130.24,400,-5.95,130.03,130.03,9353300,12160000.0,0.06,0.0,193.81,193.81,165.91,110.61,0.0
威派格,sh603956,6.22,6.28,6.22,47100.0,6.22,3300,6.25,1500,-0.96,6.22,6.22,47100,290000.0,0.01,0.0,35.45,35.45,6.91,5.65,0.0
奥飞娱乐,sz002292,8.37,8.56,8.37,421000.0,8.36,42400,8.37,5300,-2.22,8.37,8.37,421000,3520000.0,0.04,0.0,85.2,123.77,9.42,7.7,0.0
狮头股份,sh600539,11.86,11.87,11.86,169200.0,11.85,400,11.86,7300,-0.08,11.86,11.86,169200,2010000.0,0.07,0.0,27.28,27.28,13.06,10.68,0.0
千方科技,sz002373,10.57,10.76,10.57,225700.0,10.56,15000,10.57,20300,-1.77,10.57,10.57,225700,2390000.0,0.02,0.0,145.61,167.03,11.84,9.68,0.0
光威复材,sz300699,38.16,38.68,38.16,139100.0,38.15,200,38.16,39900,-1.34,38.16,38.16,139100,5310000.0,0.02,0.0,313.46,317.24,46.42,30.94,0.0
清新环境,sz002573,4.15,4.06,4.15,414000.0,4.14,18600,4.15,45600,2.22,4.15,4.15,414000,1720000.0,0.03,0.0,58.63,58.73,4.47,3.65,0.0
一诺威,bj920261,16.43,16.45,16.43,38000.0,16.39,100,16.43,6000,-0.12,16.43,16.43,38000,624300.0,0.02,0.0,27.96,47.83,21.38,11.52,0.0
上海钢联,sz300226,27.0,27.35,27.0,86400.0,26.97,300,27.0,5000,-1.28,27.0,27.0,86400,2330000.0,0.03,0.0,82.72,86.05,32.82,21.88,0.0
沃顿科技,sz000920,13.99,13.69,13.99,679000.0,13.96,2000,13.99,600,2.19,13.99,13.99,679000,9500000.0,0.14,0.0,66.12,66.12,15.06,12.32,0.0
山石网科,sh688030,16.8,16.92,16.8,683900.0,16.6,1600,16.8,200,-0.71,16.8,16.8,683900,110000.0,0.0,0.0,30.28,30.28,20.3,13.54,0.0
鸣志电器,sh603728,61.7,62.74,61.7,36100.0,61.7,400,61.71,1600,-1.66,61.7,61.7,36100,2230000.0,0.01,0.0,258.45,258.45,69.01,56.47,0.0
常山北明,sz000158,20.6,21.07,20.6,876000.0,20.59,600,20.6,38200,-2.23,20.6,20.6,876000,18050000.0,0.06,0.0,327.11,329.32,23.18,18.96,0.0
光启技术,sz002625,45.19,45.96,45.19,190700.0,45.19,3300,45.2,28500,-1.68,45.19,45.19,190700,8620000.0,0.01,0.0,973.65,973.66,50.56,41.36,0.0
华锦股份,sz000059,6.37,6.11,6.37,2215500.0,6.37,11100,6.38,57300,4.26,6.37,6.37,2215500,14110000.0,0.14,0.0,101.88,101.88,6.72,5.5,0.0
彩虹股份,sh600707,6.39,6.48,6.39,604500.0,6.38,92200,6.39,76500,-1.39,6.39,6.39,604500,3860000.0,0.02,0.0,229.25,229.3,7.13,5.83,0.0
水星家纺,sh603365,20.58,20.98,20.58,28200.0,20.58,1400,20.9,3700,-1.91,20.58,20.58,28200,580000.0,0.01,0.0,53.47,54.02,23.08,18.88,0.0
万胜智能,sz300882,24.31,24.84,24.31,159800.0,24.31,4600,24.35,7200,-2.13,24.31,24.31,159800,3880000.0,0.06,0.0,64.74,69.58,29.81,19.87,0.0
益生股份,sz002458,9.94,9.93,9.94,97800.0,9.93,1100,9.94,26000,0.1,9.94,9.94,97800,970000.0,0.01,0.0,74.44,109.98,10.92,8.94,0.0
赢时胜,sz300377,19.9,20.6,19.9,511200.0,19.89,2600,19.9,18800,-3.4,19.9,19.9,511200,10170000.0,0.08,0.0,131.67,149.45,24.72,16.48,0.0
重庆路桥,sh600106,6.1,6.12,6.1,40600.0,6.08,2300,6.1,28100,-0.33,6.1,6.1,40600,250000.0,0.0,0.0,81.07,81.07,6.73,5.51,0.0
万邦达,sz300055,11.05,10.75,11.05,1640100.0,11.05,46900,11.08,5100,2.79,11.05,11.05,1640100,18120000.0,0.26,0.0,69.93,92.46,12.9,8.6,0.0
天健集团,sz000090,3.9,3.92,3.9,189400.0,3.9,54100,3.91,2600,-0.51,3.9,3.9,189400,740000.0,0.01,0.0,72.87,72.87,4.31,3.53,0.0
鸿合科技,sz002955,25.78,25.98,25.78,6200.0,25.76,300,25.78,2000,-0.77,25.78,25.78,6200,160000.0,0.0,0.0,50.6,61.01,28.58,23.38,0.0
艾能聚,bj920770,17.78,18.0,17.78,13800.0,17.76,2000,17.78,7400,-1.22,17.78,17.78,13800,246100.0,0.02,0.0,14.56,23.14,23.4,12.6,0.0
连城数控,bj920368,41.58,43.52,41.58,167400.0,41.58,0,41.6,500,-4.46,41.58,41.58,167400,6958700.0,0.07,0.0,92.87,97.62,56.57,30.47,0.0
中 关 村,sz000931,5.15,5.2,5.15,64600.0,5.15,4000,5.16,5100,-0.96,5.15,5.15,64600,330000.0,0.01,0.0,38.68,38.79,5.72,4.68,0.0
凯撒文化,sz002425,3.48,3.55,3.48,219200.0,3.47,5100,3.48,259000,-1.97,3.48,3.48,219200,760000.0,0.02,0.0,33.27,33.29,3.91,3.2,0.0
天利科技,sz300399,25.27,26.2,25.27,100800.0,25.26,1000,25.27,15400,-3.55,25.27,25.27,100800,2550000.0,0.05,0.0,49.93,49.93,31.44,20.96,0.0
亚世光电,sz002952,25.0,26.13,25.0,425700.0,25.0,20700,25.1,1000,-4.32,25.0,25.0,425700,10640000.0,0.32,0.0,32.91,41.09,28.74,23.52,0.0
双一科技,sz300690,29.8,30.34,29.8,17400.0,29.78,2000,29.88,500,-1.78,29.8,29.8,17400,520000.0,0.02,0.0,33.01,49.27,36.41,24.27,0.0
同为股份,sz002835,16.64,16.8,16.64,16900.0,16.6,200,16.64,800,-0.95,16.64,16.64,16900,280000.0,0.01,0.0,21.18,36.52,18.48,15.12,0.0
恒丰纸业,sh600356,9.65,9.69,9.65,33700.0,9.57,600,9.65,5300,-0.41,9.65,9.65,33700,330000.0,0.01,0.0,28.83,31.8,10.66,8.72,0.0
尚荣医疗,sz002551,3.77,3.8,3.77,83800.0,3.77,3900,3.79,18300,-0.79,3.77,3.77,83800,320000.0,0.01,0.0,23.04,31.88,4.18,3.42,0.0
青岛食品,sz001219,14.79,14.94,14.79,40500.0,14.79,800,14.8,6000,-1.0,14.79,14.79,40500,600000.0,0.02,0.0,28.12,28.84,16.43,13.45,0.0
微电生理,sh688351,22.8,23.06,22.8,4863400.0,22.8,3600,23.06,3700,-1.13,22.8,22.8,4863400,1110000.0,0.01,0.0,107.3,107.3,27.67,18.45,0.0
中胤时尚,sz300901,16.26,16.6,16.26,38000.0,16.26,12900,16.3,1800,-2.05,16.26,16.26,38000,620000.0,0.02,0.0,39.02,39.02,19.92,13.28,0.0
德赛西威,sz002920,113.6,116.31,113.6,123200.0,113.58,100,113.6,900,-2.33,113.6,113.6,123200,14000000.0,0.02,0.0,630.17,678.01,127.94,104.68,0.0
天邑股份,sz300504,15.52,15.79,15.52,58800.0,15.52,300,15.54,14200,-1.71,15.52,15.52,58800,910000.0,0.03,0.0,33.87,42.06,18.95,12.63,0.0
华恒生物,sh688639,31.83,32.03,31.83,6833700.0,31.83,900,31.88,600,-0.62,31.83,31.83,6833700,2180000.0,0.03,0.0,79.61,79.61,38.44,25.62,0.0
依依股份,sz001206,22.5,22.7,22.5,20600.0,22.5,12000,22.6,7000,-0.88,22.5,22.5,20600,460000.0,0.02,0.0,23.92,41.6,24.97,20.43,0.0
特发服务,sz300917,35.4,37.2,35.4,130600.0,35.36,300,35.4,5300,-4.84,35.4,35.4,130600,4620000.0,0.08,0.0,59.83,59.83,44.64,29.76,0.0
芯导科技,sh688230,64.3,64.97,64.3,100700.0,64.3,400,65.08,200,-1.03,64.3,64.3,100700,60000.0,0.0,0.0,75.62,75.62,77.96,51.98,0.0
宝立食品,sh603170,13.61,13.66,13.61,22700.0,13.61,9300,13.64,100,-0.37,13.61,13.61,22700,310000.0,0.01,0.0,54.44,54.44,15.03,12.29,0.0
航天南湖,sh688552,41.18,41.3,41.18,2316300.0,41.18,7700,41.2,1100,-0.29,41.18,41.18,2316300,950000.0,0.03,0.0,35.76,138.88,49.56,33.04,0.0
惠通科技,sz301601,27.2,27.4,27.2,28900.0,27.17,1000,27.3,1000,-0.73,27.2,27.2,28900,790000.0,0.03,0.0,22.98,38.21,32.88,21.92,0.0
美利云,sz000815,16.53,16.31,16.53,5828500.0,16.52,200,16.53,400200,1.35,16.53,16.53,5828500,96350000.0,0.84,0.0,114.93,114.93,17.94,14.68,0.0
荣泰健康,sh603579,21.85,22.28,21.85,135600.0,21.85,16500,21.88,100,-1.93,21.85,21.85,135600,2960000.0,0.07,0.0,43.93,43.93,24.51,20.05,0.0
乐心医疗,sz300562,13.9,14.12,13.9,90100.0,13.88,300,13.9,19900,-1.56,13.9,13.9,90100,1250000.0,0.06,0.0,22.54,30.39,16.94,11.3,0.0
中航高科,sh600862,26.24,26.58,26.24,261900.0,26.23,300,26.24,63100,-1.28,26.24,26.24,261900,6870000.0,0.02,0.0,365.54,365.54,29.24,23.92,0.0
亿道信息,sz001314,48.0,47.96,48.0,268900.0,47.99,2500,48.0,18500,0.08,48.0,48.0,268900,12910000.0,0.52,0.0,24.86,68.46,52.76,43.16,0.0
钜泉科技,sh688391,31.0,31.49,0.0,0.0,31.0,1500,31.25,800,-1.56,0.0,0.0,0,0.0,0.0,0.0,35.71,35.71,37.79,25.19,0.0
中安科,sh600654,3.5,3.54,3.5,445000.0,3.5,114700,3.51,5000,-1.13,3.5,3.5,445000,1560000.0,0.02,0.0,81.11,100.71,3.89,3.19,0.0
三一重工,sh600031,21.67,22.03,21.67,772000.0,21.67,600,21.68,11700,-1.63,21.67,21.67,772000,16730000.0,0.01,0.0,1836.4,1992.56,24.23,19.83,0.0
中信建投,sh601066,22.92,23.15,22.92,111900.0,22.91,4700,22.92,19700,-0.99,22.92,22.92,111900,2560000.0,0.0,0.0,1488.81,1777.83,25.47,20.84,0.0
浙文互联,sh600986,10.63,10.92,10.63,1180000.0,10.63,106500,10.64,5000,-2.66,10.63,10.63,1180000,12540000.0,0.08,0.0,158.11,158.11,12.01,9.83,0.0
蓝色光标,sz300058,16.0,16.51,16.0,2470700.0,15.99,5200,16.0,457600,-3.09,16.0,16.0,2470700,39530000.0,0.07,0.0,556.8,574.44,19.81,13.21,0.0
腾达建设,sh600512,2.51,2.52,2.51,735200.0,2.5,298800,2.51,585000,-0.4,2.51,2.51,735200,1850000.0,0.05,0.0,39.84,40.0,2.77,2.27,0.0
福蓉科技,sh603327,9.82,10.08,9.82,164900.0,9.81,17900,9.82,1900,-2.58,9.82,9.82,164900,1620000.0,0.02,0.0,102.66,102.66,11.09,9.07,0.0
达安基因,sz002030,6.05,6.15,6.05,412500.0,6.04,34900,6.05,267800,-1.63,6.05,6.05,412500,2500000.0,0.03,0.0,84.91,84.91,6.77,5.54,0.0
广信科技,bj920037,83.4,85.4,83.4,23800.0,83.38,1000,83.4,7100,-2.34,83.4,83.4,23800,1983600.0000000002,0.08,0.0,24.66,76.28,111.02,59.78,0.0
肇民科技,sz301000,34.52,35.19,34.52,38600.0,34.51,9600,34.52,200,-1.9,34.52,34.52,38600,1330000.0,0.02,0.0,79.14,83.84,42.23,28.15,0.0
三元基因,bj920344,22.36,22.95,22.36,36900.0,22.36,10400,22.4,6000,-2.57,22.36,22.36,36900,825000.0,0.03,0.0,25.43,27.24,29.83,16.07,0.0
清越科技,sh688496,6.5,6.6,6.5,9709500.0,6.5,16000,6.62,200,-1.52,6.5,6.5,9709500,630000.0,0.04,0.0,15.47,29.25,7.92,5.28,0.0
睿能科技,sh603933,22.0,22.23,22.0,10800.0,22.0,800,22.1,4000,-1.03,22.0,22.0,10800,240000.0,0.01,0.0,45.66,45.66,24.45,20.01,0.0
顺控发展,sz003039,16.78,16.96,16.78,115400.0,16.78,13800,16.79,10000,-1.06,16.78,16.78,115400,1940000.0,0.02,0.0,103.62,103.62,18.66,15.26,0.0
广济药业,sz000952,7.7,7.71,7.7,37100.0,7.68,17100,7.7,2300,-0.13,7.7,7.7,37100,290000.0,0.01,0.0,26.49,26.7,8.48,6.94,0.0
广大特材,sh688186,28.0,28.25,28.0,32519200.0,28.0,54000,28.2,1100,-0.88,28.0,28.0,32519200,9110000.0,0.12,0.0,78.54,78.54,33.9,22.6,0.0
播恩集团,sz001366,14.5,14.5,14.5,29500.0,14.43,1400,14.5,1300,0.0,14.5,14.5,29500,430000.0,0.02,0.0,23.3,23.3,15.95,13.05,0.0
三晖电气,sz002857,24.08,24.76,24.08,285200.0,24.08,3100,24.2,900,-2.75,24.08,24.08,285200,6870000.0,0.22,0.0,30.82,31.46,27.24,22.28,0.0
ST长方,sz300301,3.14,3.16,3.14,213300.0,3.13,100900,3.14,47900,-0.63,3.14,3.14,213300,670000.0,0.03,0.0,24.8,26.06,3.79,2.53,0.0
美格智能,sz002881,47.1,46.27,47.1,368600.0,47.1,6200,47.11,500,1.79,47.1,47.1,368600,17360000.0,0.2,0.0,85.69,123.29,50.9,41.64,0.0
万讯自控,sz300112,8.77,8.9,8.77,74900.0,8.76,5000,8.77,8000,-1.46,8.77,8.77,74900,660000.0,0.03,0.0,20.84,25.45,10.68,7.12,0.0
山河智能,sz002097,11.3,11.38,11.3,249000.0,11.28,26600,11.3,3800,-0.7,11.3,11.3,249000,2810000.0,0.02,0.0,121.22,121.43,12.52,10.24,0.0
友好集团,sh600778,6.93,6.99,6.93,102300.0,6.92,4900,6.93,16400,-0.86,6.93,6.93,102300,710000.0,0.03,0.0,21.57,21.59,7.69,6.29,0.0
振东制药,sz300158,5.89,5.96,5.89,93500.0,5.89,16200,5.9,5500,-1.17,5.89,5.89,93500,550000.0,0.01,0.0,58.41,58.45,7.15,4.77,0.0
隆鑫通用,sh603766,15.37,15.6,15.37,268400.0,15.36,1000,15.37,32300,-1.47,15.37,15.37,268400,4130000.0,0.01,0.0,315.63,315.63,17.16,14.04,0.0
力源科技,sh688565,14.23,14.28,14.23,4154800.0,14.23,1800,14.28,200,-0.35,14.23,14.23,4154800,590000.0,0.03,0.0,21.31,21.31,17.14,11.42,0.0
*ST四环,sz000518,2.8,2.81,2.8,553900.0,2.8,220600,2.81,13100,-0.36,2.8,2.8,553900,1550000.0,0.05,0.0,28.83,28.83,2.95,2.67,0.0
兴业银锡,sz000426,48.1,50.18,48.1,1140100.0,48.1,53500,48.11,300,-4.15,48.1,48.1,1140100,54840000.0,0.06,0.0,853.87,854.08,55.2,45.16,0.0
掌阅科技,sh603533,26.24,27.34,26.24,553400.0,26.24,11500,26.25,900,-4.02,26.24,26.24,553400,14520000.0,0.13,0.0,115.17,115.17,30.07,24.61,0.0
博睿数据,sh688229,88.48,85.95,88.48,4768000.0,88.48,700,88.88,300,2.94,88.48,88.48,4768000,4220000.0,0.11,0.0,39.29,39.29,103.14,68.76,0.0
北信源,sz300352,6.86,6.81,6.86,3237000.0,6.86,67700,6.87,3200,0.73,6.86,6.86,3237000,22210000.0,0.25,0.0,87.58,99.46,8.17,5.45,0.0
科拓生物,sz300858,16.65,16.68,16.65,26700.0,16.63,100,16.65,10300,-0.18,16.65,16.65,26700,440000.0,0.01,0.0,32.59,43.87,20.02,13.34,0.0
万润科技,sz002654,14.29,14.76,14.29,774200.0,14.29,6400,14.3,7200,-3.18,14.29,14.29,774200,11060000.0,0.09,0.0,120.79,120.79,16.24,13.28,0.0
煜邦电力,sh688597,10.11,10.42,10.11,6056800.0,10.11,13100,10.3,200,-2.98,10.11,10.11,6056800,610000.0,0.02,0.0,33.98,33.98,12.5,8.34,0.0
百克生物,sh688276,18.77,18.92,18.77,1508700.0,18.77,600,18.8,1500,-0.79,18.77,18.77,1508700,280000.0,0.0,0.0,77.64,77.64,22.7,15.14,0.0
锐奇股份,sz300126,8.92,8.92,8.92,55600.0,8.92,1700,8.94,2400,0.0,8.92,8.92,55600,500000.0,0.03,0.0,18.79,27.11,10.7,7.14,0.0
复旦张江,sh688505,8.15,8.19,8.15,770500.0,8.15,5000,8.17,56300,-0.49,8.15,8.15,770500,60000.0,0.0,0.0,57.91,84.48,9.83,6.55,0.0
鲁阳节能,sz002088,11.12,11.21,11.12,44000.0,11.12,3000,11.19,1000,-0.8,11.12,11.12,44000,490000.0,0.01,0.0,56.24,57.06,12.33,10.09,0.0
舒泰神,sz300204,25.4,25.85,25.4,78800.0,25.37,500,25.4,18100,-1.74,25.4,25.4,78800,2000000.0,0.02,0.0,115.23,121.35,31.02,20.68,0.0
汇源通信,sz000586,15.63,15.89,15.63,29800.0,15.63,3900,15.68,500,-1.64,15.63,15.63,29800,470000.0,0.02,0.0,29.88,30.23,17.48,14.3,0.0
国科恒泰,sz301370,11.13,11.21,11.13,21900.0,11.12,1200,11.13,3600,-0.71,11.13,11.13,21900,240000.0,0.01,0.0,36.03,52.38,13.45,8.97,0.0
中赋科技,sz300692,7.65,7.77,7.65,125600.0,7.64,16000,7.65,18300,-1.54,7.65,7.65,125600,960000.0,0.03,0.0,32.09,35.85,9.32,6.22,0.0
美力科技,sz300611,26.31,26.64,26.31,33500.0,26.31,7100,26.64,500,-1.24,26.31,26.31,33500,880000.0,0.02,0.0,39.02,55.53,31.97,21.31,0.0
双林股份,sz300100,32.92,33.25,32.92,42100.0,32.91,2300,32.92,10800,-0.99,32.92,32.92,42100,1390000.0,0.01,0.0,181.84,188.3,39.9,26.6,0.0
振华重工,sh600320,5.4,5.47,5.4,578200.0,5.4,54300,5.43,10000,-1.28,5.4,5.4,578200,3120000.0,0.02,0.0,179.39,284.49,6.02,4.92,0.0
节能国祯,sz300388,8.84,8.88,8.84,96200.0,8.84,32300,8.85,11700,-0.45,8.84,8.84,96200,850000.0,0.01,0.0,60.09,60.2,10.66,7.1,0.0
西菱动力,sz300733,17.33,17.45,17.33,2700.0,17.33,2600,17.49,4300,-0.69,17.33,17.33,2700,50000.0,0.0,0.0,39.08,52.97,20.94,13.96,0.0
中红医疗,sz300981,12.5,12.59,12.5,10500.0,12.5,300,12.57,1400,-0.71,12.5,12.5,10500,130000.0,0.0,0.0,49.13,53.61,15.11,10.07,0.0
凯迪股份,sh605288,117.8,117.85,117.8,6400.0,117.24,400,117.8,100,-0.04,117.8,117.8,6400,750000.0,0.01,0.0,82.69,83.25,129.64,106.07,0.0
强邦新材,sz001279,32.7,32.98,32.7,8200.0,32.7,1400,32.81,6400,-0.85,32.7,32.7,8200,270000.0,0.02,0.0,13.08,52.32,36.28,29.68,0.0
信达地产,sh600657,3.22,3.25,3.22,135300.0,3.21,173400,3.22,26900,-0.92,3.22,3.22,135300,440000.0,0.0,0.0,91.83,91.83,3.58,2.93,0.0
惠天热电,sz000692,4.18,4.23,4.18,398700.0,4.18,69700,4.19,30000,-1.18,4.18,4.18,398700,1670000.0,0.07,0.0,22.27,22.27,4.65,3.81,0.0
创益通,sz300991,56.99,58.37,56.99,18400.0,56.89,2000,57.0,600,-2.36,56.99,56.99,18400,1050000.0,0.02,0.0,52.51,82.07,70.04,46.7,0.0
威尔药业,sh603351,26.33,26.57,26.33,8200.0,26.33,300,26.55,200,-0.9,26.33,26.33,8200,220000.0,0.01,0.0,35.66,35.66,29.23,23.91,0.0
东方新能,sz002310,2.5,2.49,2.5,2656700.0,2.49,891100,2.5,128900,0.4,2.5,2.5,2656700,6640000.0,0.06,0.0,104.98,149.98,2.74,2.24,0.0
凯添燃气,bj920010,16.47,14.01,16.47,1115300.0,16.46,1000,16.47,67400,17.56,16.47,16.47,1115300,18368700.0,0.64,0.0,28.6,38.62,18.21,9.81,0.0
盛泰集团,sh605138,7.44,7.4,7.44,21300.0,7.4,1300,7.44,9200,0.54,7.44,7.44,21300,160000.0,0.0,0.0,41.33,41.33,8.14,6.66,0.0
会畅科技,sz300578,22.02,22.76,22.02,98300.0,22.02,2600,22.21,3000,-3.25,22.02,22.02,98300,2160000.0,0.05,0.0,43.65,43.66,27.31,18.21,0.0
拓斯达,sz300607,27.5,28.12,27.5,71700.0,27.49,2000,27.5,22200,-2.2,27.5,27.5,71700,1970000.0,0.02,0.0,91.31,131.17,33.74,22.5,0.0
新五丰,sh600975,5.74,5.75,5.74,367300.0,5.74,95700,5.75,133100,-0.17,5.74,5.74,367300,2110000.0,0.03,0.0,71.73,71.73,6.33,5.18,0.0
奔朗新材,bj920807,14.5,14.68,14.5,8400.0,14.48,1700,14.5,500,-1.23,14.5,14.5,8400,121800.0,0.01,0.0,17.69,26.37,19.08,10.28,0.0
嘉友国际,sh603871,15.23,15.15,15.23,91800.0,15.2,1200,15.23,18200,0.53,15.23,15.23,91800,1400000.0,0.01,0.0,208.35,208.35,16.67,13.64,0.0
*ST海源,sz002529,6.7,6.76,6.7,113500.0,6.67,17800,6.7,12600,-0.89,6.7,6.7,113500,760000.0,0.04,0.0,17.42,17.42,7.1,6.42,0.0
戴维医疗,sz300314,14.12,14.27,14.12,27000.0,14.07,5000,14.12,1600,-1.05,14.12,14.12,27000,380000.0,0.02,0.0,20.3,40.67,17.12,11.42,0.0
钱江摩托,sz000913,15.36,15.48,15.36,101100.0,15.36,500,15.45,800,-0.78,15.36,15.36,101100,1550000.0,0.02,0.0,70.98,80.88,17.03,13.93,0.0
歌尔股份,sz002241,24.91,25.36,24.91,1078600.0,24.9,26200,24.91,94100,-1.77,24.91,24.91,1078600,26870000.0,0.03,0.0,781.79,883.22,27.9,22.82,0.0
河钢股份,sz000709,2.56,2.58,2.56,1179700.0,2.56,593100,2.57,826200,-0.78,2.56,2.56,1179700,3020000.0,0.01,0.0,264.59,264.63,2.84,2.32,0.0
晟楠科技,bj920006,27.36,27.36,27.36,40500.0,27.3,500,27.36,7600,0.0,27.36,27.36,40500,1106800.0,0.08,0.0,13.08,24.7,35.56,19.16,0.0
红蜻蜓,sh603116,5.9,5.96,5.9,32100.0,5.9,5400,5.93,1200,-1.01,5.9,5.9,32100,190000.0,0.01,0.0,34.0,34.0,6.56,5.36,0.0
迪瑞医疗,sz300396,12.72,12.88,12.72,21200.0,12.72,5000,12.73,800,-1.24,12.72,12.72,21200,270000.0,0.01,0.0,34.64,34.69,15.46,10.3,0.0
力诺药包,sz301188,17.0,17.4,17.0,221500.0,17.0,63200,17.07,300,-2.3,17.0,17.0,221500,3770000.0,0.09,0.0,43.59,43.59,20.88,13.92,0.0
亿能电力,bj920046,31.8,33.69,31.8,314300.0,31.8,4400,31.83,3700,-5.61,31.8,31.8,314300,9995700.0,0.49,0.0,20.38,32.17,43.79,23.59,0.0
读者传媒,sh603999,7.38,7.45,7.38,29800.0,7.35,32500,7.38,3300,-0.94,7.38,7.38,29800,220000.0,0.01,0.0,42.51,42.51,8.2,6.71,0.0
信雅达,sh600571,14.66,14.85,14.66,55500.0,14.66,5300,14.67,6800,-1.28,14.66,14.66,55500,810000.0,0.01,0.0,67.11,68.36,16.34,13.37,0.0
无线传媒,sz301551,32.4,32.72,32.4,34500.0,32.33,100,32.4,25000,-0.98,32.4,32.4,34500,1120000.0,0.02,0.0,50.08,129.6,39.26,26.18,0.0
中国核建,sh601611,16.3,16.56,16.3,677000.0,16.29,100,16.3,121800,-1.57,16.3,16.3,677000,11040000.0,0.02,0.0,491.25,491.25,18.22,14.9,0.0
朗博科技,sh603655,38.6,39.29,38.6,4500.0,38.5,2000,39.22,500,-1.76,38.6,38.6,4500,170000.0,0.0,0.0,40.92,40.92,43.22,35.36,0.0
华盛昌,sz002980,32.53,34.4,32.53,370700.0,32.53,13400,32.55,5000,-5.44,32.53,32.53,370700,12060000.0,0.37,0.0,32.98,61.61,37.84,30.96,0.0
华昌达,sz300278,5.24,5.36,5.24,209600.0,5.21,500,5.24,98900,-2.24,5.24,5.24,209600,1100000.0,0.01,0.0,73.85,74.09,6.43,4.29,0.0
聚飞光电,sz300303,10.48,10.82,10.48,10817800.0,10.48,115900,10.49,16600,-3.14,10.48,10.48,10817800,113370000.0,0.81,0.0,139.3,148.48,12.98,8.66,0.0
格科微,sh688728,14.45,14.76,14.45,21121200.0,14.44,6600,14.45,18200,-2.1,14.45,14.45,21121200,3050000.0,0.01,0.0,361.09,375.78,17.71,11.81,0.0
江波龙,sz301308,297.98,306.0,297.98,250600.0,297.8,100,297.99,700,-2.62,297.98,297.98,250600,74670000.0,0.09,0.0,817.64,1248.97,367.2,244.8,0.0
茂硕电源,sz002660,9.35,9.46,9.35,23400.0,9.33,3100,9.35,1000,-1.16,9.35,9.35,23400,220000.0,0.01,0.0,32.07,33.34,10.41,8.51,0.0
钢研高纳,sz300034,21.91,22.4,21.91,617300.0,21.91,7900,21.92,3000,-2.19,21.91,21.91,617300,13530000.0,0.08,0.0,167.97,174.61,26.88,17.92,0.0
东和新材,bj920792,12.72,12.87,12.72,8700.0,12.72,500,12.81,8900,-1.17,12.72,12.72,8700,110100.0,0.01,0.0,12.77,21.06,16.73,9.01,0.0
蜂助手,sz301382,34.6,35.21,34.6,70400.0,34.6,2700,34.7,2600,-1.73,34.6,34.6,70400,2440000.0,0.04,0.0,61.0,98.82,42.25,28.17,0.0
ST太重,sh600169,2.46,2.48,2.46,1659900.0,2.45,938900,2.46,681300,-0.81,2.46,2.46,1659900,4080000.0,0.05,0.0,82.0,82.34,2.6,2.36,0.0
永创智能,sh603901,13.03,13.34,13.03,70400.0,13.01,9800,13.03,700,-2.32,13.03,13.03,70400,920000.0,0.01,0.0,63.54,68.29,14.67,12.01,0.0
今世缘,sh603369,29.23,29.52,29.23,66100.0,29.23,1400,29.24,300,-0.98,29.23,29.23,66100,1930000.0,0.01,0.0,364.44,364.44,32.47,26.57,0.0
宏鑫科技,sz301539,20.42,20.69,20.42,6500.0,20.42,1400,20.62,1000,-1.3,20.42,20.42,6500,130000.0,0.01,0.0,15.33,30.22,24.83,16.55,0.0
智能自控,sz002877,10.22,10.9,10.22,2269700.0,10.22,72000,10.25,52300,-6.24,10.22,10.22,2269700,23200000.0,0.94,0.0,24.58,36.37,11.99,9.81,0.0
香山股份,sz002870,37.66,38.09,37.66,2300.0,37.66,4400,38.09,400,-1.13,37.66,37.66,2300,90000.0,0.0,0.0,48.57,49.74,41.9,34.28,0.0
润建股份,sz002929,49.0,50.39,49.0,291100.0,49.0,9000,49.08,2100,-2.76,49.0,49.0,291100,14260000.0,0.14,0.0,103.17,139.2,55.43,45.35,0.0
ST华鹏,sh603021,7.23,7.18,7.23,555000.0,7.23,27900,7.24,45400,0.7,7.23,7.23,555000,4010000.0,0.17,0.0,23.13,23.13,7.54,6.82,0.0
苏垦农发,sh601952,10.39,10.04,10.39,720500.0,10.38,50900,10.39,25200,3.49,10.39,10.39,720500,7490000.0,0.05,0.0,143.17,143.17,11.04,9.04,0.0
宝泰隆,sh601011,3.89,3.7,3.89,2174300.0,3.88,257400,3.89,12400,5.14,3.89,3.89,2174300,8460000.0,0.11,0.0,74.52,74.52,4.07,3.33,0.0
安阳钢铁,sh600569,2.61,2.62,2.61,155100.0,2.6,16200,2.61,526300,-0.38,2.61,2.61,155100,400000.0,0.01,0.0,74.97,74.97,2.88,2.36,0.0
保龄宝,sz002286,10.5,10.56,10.5,184200.0,10.5,1600,10.51,2500,-0.57,10.5,10.5,184200,1930000.0,0.05,0.0,38.8,39.96,11.62,9.5,0.0
华控赛格,sz000068,3.51,3.55,3.51,66500.0,3.51,9800,3.52,14000,-1.13,3.51,3.51,66500,230000.0,0.01,0.0,35.33,35.33,3.91,3.2,0.0
仲景食品,sz300908,27.36,27.61,27.36,4700.0,27.33,1000,27.36,400,-0.91,27.36,27.36,4700,130000.0,0.0,0.0,33.69,39.95,33.13,22.09,0.0
视声智能,bj920976,30.99,31.23,30.99,83100.0,30.99,1500,31.0,4800,-0.77,30.99,30.99,83100,2575200.0,0.19,0.0,13.67,21.99,40.59,21.87,0.0
康恩贝,sh600572,4.33,4.36,4.33,566100.0,4.33,128500,4.34,171900,-0.69,4.33,4.33,566100,2450000.0,0.02,0.0,109.54,109.83,4.8,3.92,0.0
中简科技,sz300777,40.86,41.4,40.86,77700.0,40.85,3300,40.86,8500,-1.3,40.86,40.86,77700,3170000.0,0.02,0.0,173.09,179.66,49.68,33.12,0.0
顺鑫农业,sz000860,13.95,14.09,13.95,113500.0,13.95,120200,13.96,22800,-0.99,13.95,13.95,113500,1580000.0,0.02,0.0,103.48,103.48,15.5,12.68,0.0
华电科工,sh601226,11.2,11.44,11.2,609800.0,11.2,2600,11.21,1000,-2.1,11.2,11.2,609800,6830000.0,0.05,0.0,130.17,130.17,12.58,10.3,0.0
广聚能源,sz000096,12.48,11.64,12.48,1044000.0,12.46,1400,12.48,21900,7.22,12.48,12.48,1044000,13030000.0,0.2,0.0,63.75,65.89,12.8,10.48,0.0
长春燃气,sh600333,6.21,5.88,6.21,873300.0,6.21,5400,6.22,15600,5.61,6.21,6.21,873300,5420000.0,0.14,0.0,37.82,37.82,6.47,5.29,0.0
富佳股份,sh603219,16.89,16.9,16.89,41000.0,16.89,11600,16.96,4000,-0.06,16.89,16.89,41000,690000.0,0.01,0.0,94.82,94.82,18.59,15.21,0.0
中颖电子,sz300327,26.3,26.84,26.3,90300.0,26.3,6700,26.31,400,-2.01,26.3,26.3,90300,2370000.0,0.03,0.0,89.12,89.78,32.21,21.47,0.0
南方精工,sz002553,26.0,26.26,26.0,32900.0,25.96,100,26.0,10300,-0.99,26.0,26.0,32900,860000.0,0.01,0.0,65.21,91.89,28.89,23.63,0.0
*ST南置,sz002305,2.13,2.16,2.13,681700.0,2.13,106500,2.14,57100,-1.39,2.13,2.13,681700,1450000.0,0.04,0.0,36.94,36.94,2.27,2.05,0.0
渤海股份,sz000605,7.28,7.38,7.28,99200.0,7.28,15700,7.3,18200,-1.36,7.28,7.28,99200,720000.0,0.03,0.0,25.67,25.67,8.12,6.64,0.0
迈为股份,sz300751,256.31,261.52,256.31,88000.0,256.3,100,256.31,23200,-1.99,256.31,256.31,88000,22560000.0,0.05,0.0,495.58,716.14,313.82,209.22,0.0
亚信安全,sh688225,19.62,19.86,19.62,959000.0,19.62,400,19.66,400,-1.21,19.62,19.62,959000,190000.0,0.0,0.0,78.48,78.48,23.83,15.89,0.0
统一股份,sh600506,25.39,24.45,25.39,261600.0,25.37,11600,25.39,100,3.84,25.39,25.39,261600,6640000.0,0.14,0.0,48.75,48.75,26.9,22.01,0.0
恒林股份,sh603661,33.56,33.46,33.56,1200.0,33.51,500,33.62,3100,0.3,33.56,33.56,1200,40000.0,0.0,0.0,46.67,46.67,36.81,30.11,0.0
中文在线,sz300364,27.94,28.97,27.94,886300.0,27.92,2100,27.94,1000,-3.56,27.94,27.94,886300,24760000.0,0.13,0.0,184.52,203.54,34.76,23.18,0.0
九华旅游,sh603199,41.02,41.36,41.02,10900.0,41.02,300,41.3,2400,-0.82,41.02,41.02,10900,450000.0,0.01,0.0,45.4,45.4,45.5,37.22,0.0
立华股份,sz300761,21.29,21.29,21.29,157100.0,21.29,1700,21.3,13500,0.0,21.29,21.29,157100,3340000.0,0.03,0.0,133.7,178.25,25.55,17.03,0.0
东瑞股份,sz001201,15.01,15.01,15.01,43900.0,15.01,11500,15.02,200,0.0,15.01,15.01,43900,660000.0,0.02,0.0,30.49,38.69,16.51,13.51,0.0
金达莱,sh688057,12.95,13.1,12.95,3455000.0,12.94,1200,12.95,500,-1.15,12.95,12.95,3455000,450000.0,0.01,0.0,35.74,35.74,15.72,10.48,0.0
三联锻造,sz001282,24.83,25.12,24.83,165500.0,24.83,8600,24.85,200,-1.15,24.83,24.83,165500,4110000.0,0.21,0.0,19.41,55.17,27.63,22.61,0.0
致远新能,sz300985,24.84,25.09,24.84,29900.0,24.84,1200,24.91,3000,-1.0,24.84,24.84,29900,740000.0,0.02,0.0,46.33,46.33,30.11,20.07,0.0
城建发展,sh600266,5.34,5.37,5.34,572300.0,5.33,32000,5.34,98300,-0.56,5.34,5.34,572300,3060000.0,0.03,0.0,110.84,110.84,5.91,4.83,0.0
片仔癀,sh600436,157.5,158.33,157.5,16300.0,157.39,300,157.5,6300,-0.52,157.5,157.5,16300,2570000.0,0.0,0.0,950.22,950.22,174.16,142.5,0.0
杭州高新,sz300478,27.2,26.75,27.2,53700.0,27.0,800,27.2,20200,1.68,27.2,27.2,53700,1460000.0,0.04,0.0,34.46,34.46,32.1,21.4,0.0
际华集团,sh601718,3.37,3.4,3.37,963800.0,3.36,346400,3.37,99500,-0.88,3.37,3.37,963800,3250000.0,0.02,0.0,146.97,146.97,3.74,3.06,0.0
鑫源智造,sh600615,12.25,12.37,12.25,15500.0,12.24,3000,12.25,37400,-0.97,12.25,12.25,15500,190000.0,0.01,0.0,27.6,27.64,13.61,11.13,0.0
欧克科技,sz001223,55.21,56.25,55.21,12100.0,55.03,600,55.22,1300,-1.85,55.21,55.21,12100,670000.0,0.01,0.0,51.54,51.54,61.88,50.63,0.0
露笑科技,sz002617,8.62,8.77,8.62,610700.0,8.61,40000,8.62,73200,-1.71,8.62,8.62,610700,5260000.0,0.03,0.0,163.04,165.76,9.65,7.89,0.0
中洲控股,sz000042,8.59,8.7,8.59,104200.0,8.59,4000,8.72,6000,-1.26,8.59,8.59,104200,900000.0,0.02,0.0,57.05,57.11,9.57,7.83,0.0
同力股份,bj920599,20.66,20.86,20.66,65900.0,20.66,4800,20.67,4000,-0.96,20.66,20.66,65900,1361100.0000000002,0.02,0.0,72.43,95.56,27.11,14.61,0.0
美利信,sz301307,38.23,38.32,38.23,108800.0,38.23,800,38.28,4400,-0.23,38.23,38.23,108800,4160000.0,0.1,0.0,41.67,80.51,45.98,30.66,0.0
*ST兰黄,sz000929,10.19,10.3,10.19,35600.0,10.15,500,10.19,12800,-1.07,10.19,10.19,35600,360000.0,0.02,0.0,18.93,18.93,10.82,9.79,0.0
兆丰股份,sz300695,73.88,74.42,73.88,6000.0,73.8,100,73.88,700,-0.73,73.88,73.88,6000,440000.0,0.01,0.0,75.55,75.55,89.3,59.54,0.0
广联达,sz002410,12.52,12.74,12.52,374100.0,12.52,1400,12.53,51000,-1.73,12.52,12.52,374100,4680000.0,0.02,0.0,198.83,206.82,14.01,11.47,0.0
欣天科技,sz300615,14.15,14.34,14.15,51800.0,14.15,200,14.19,12500,-1.32,14.15,14.15,51800,730000.0,0.04,0.0,17.72,27.34,17.21,11.47,0.0
星宇股份,sh601799,143.07,143.36,143.07,19800.0,143.0,100,143.07,1000,-0.2,143.07,143.07,19800,2830000.0,0.01,0.0,408.72,408.72,157.7,129.02,0.0
苏交科,sz300284,7.25,7.35,7.25,136200.0,7.25,319100,7.27,700,-1.36,7.25,7.25,136200,990000.0,0.01,0.0,86.81,91.56,8.82,5.88,0.0
国民技术,sz300077,20.05,20.41,20.05,146800.0,20.03,3500,20.05,8600,-1.76,20.05,20.05,146800,2940000.0,0.03,0.0,113.55,116.92,24.49,16.33,0.0
航锦科技,sz000818,24.45,23.76,24.45,3098100.0,24.43,3400,24.45,4600,2.9,24.45,24.45,3098100,75750000.0,0.47,0.0,160.93,161.37,26.14,21.38,0.0
长城汽车,sh601633,20.1,20.19,20.1,124600.0,20.09,1200,20.1,57800,-0.45,20.1,20.1,124600,2500000.0,0.0,0.0,1248.06,1720.13,22.21,18.17,0.0
中国天楹,sz000035,7.81,7.82,7.81,6545300.0,7.8,18800,7.81,16300,-0.13,7.81,7.81,6545300,51120000.0,0.28,0.0,180.65,186.51,8.6,7.04,0.0
税友股份,sh603171,57.5,58.09,57.5,28200.0,57.25,200,57.5,12300,-1.02,57.5,57.5,28200,1620000.0,0.01,0.0,233.39,233.65,63.9,52.28,0.0
博通集成,sh603068,33.8,34.51,33.8,22600.0,33.8,9000,33.82,800,-2.06,33.8,33.8,22600,760000.0,0.01,0.0,51.3,51.3,37.96,31.06,0.0
口子窖,sh603589,26.56,26.73,26.56,41900.0,26.55,1200,26.56,9200,-0.64,26.56,26.56,41900,1110000.0,0.01,0.0,158.86,158.86,29.4,24.06,0.0
太阳电缆,sz002300,10.85,10.52,10.85,3368700.0,10.85,16600,10.86,6400,3.14,10.85,10.85,3368700,36550000.0,0.47,0.0,78.37,78.37,11.57,9.47,0.0
新里程,sz002219,2.47,2.5,2.47,3681700.0,2.47,251900,2.48,263600,-1.2,2.47,2.47,3681700,9090000.0,0.11,0.0,80.82,83.67,2.75,2.25,0.0
金 螳 螂,sz002081,3.58,3.62,3.58,546500.0,3.57,317000,3.58,449500,-1.1,3.58,3.58,546500,1960000.0,0.02,0.0,94.68,95.06,3.98,3.26,0.0
东软集团,sh600718,9.41,9.54,9.41,132400.0,9.4,39600,9.41,24600,-1.36,9.41,9.41,132400,1250000.0,0.01,0.0,112.3,112.3,10.49,8.59,0.0
奥瑞德,sh600666,3.98,4.02,3.98,2691400.0,3.98,448400,3.99,314400,-1.0,3.98,3.98,2691400,10710000.0,0.11,0.0,96.31,109.51,4.42,3.62,0.0
移远通信,sh603236,80.16,81.81,80.16,73900.0,80.11,3000,80.16,7000,-2.02,80.16,80.16,73900,5920000.0,0.03,0.0,209.74,230.72,89.99,73.63,0.0
金徽酒,sh603919,19.76,19.99,19.76,127800.0,19.75,2300,19.76,1200,-1.15,19.76,19.76,127800,2530000.0,0.03,0.0,100.23,100.23,21.99,17.99,0.0
天和磁材,sh603072,41.75,42.04,41.75,16700.0,41.75,700,41.77,4800,-0.69,41.75,41.75,16700,700000.0,0.01,0.0,52.7,110.34,46.24,37.84,0.0
小商品城,sh600415,14.0,14.22,14.0,539900.0,14.0,52300,14.01,6200,-1.55,14.0,14.0,539900,7560000.0,0.01,0.0,767.7,767.7,15.64,12.8,0.0
三房巷,sh600370,2.38,2.31,2.38,899300.0,2.37,16500,2.38,213300,3.03,2.38,2.38,899300,2140000.0,0.02,0.0,92.74,92.74,2.54,2.08,0.0
奋达科技,sz002681,6.0,6.06,6.0,229000.0,5.99,33700,6.0,36100,-0.99,6.0,6.0,229000,1370000.0,0.01,0.0,91.96,107.68,6.67,5.45,0.0
拓新药业,sz301089,28.12,28.41,28.12,23700.0,28.1,1300,28.12,2500,-1.02,28.12,28.12,23700,670000.0,0.03,0.0,25.58,35.58,34.09,22.73,0.0
金财互联,sz002530,9.5,9.64,9.5,102900.0,9.5,17900,9.51,500,-1.45,9.5,9.5,102900,980000.0,0.01,0.0,66.04,74.02,10.6,8.68,0.0
胜利精密,sz002426,4.15,4.2,4.15,1572800.0,4.15,516000,4.16,6400,-1.19,4.15,4.15,1572800,6530000.0,0.05,0.0,141.21,141.21,4.62,3.78,0.0
中成股份,sz000151,13.21,13.3,13.21,24200.0,13.21,2400,13.22,1500,-0.68,13.21,13.21,24200,320000.0,0.01,0.0,40.68,44.57,14.63,11.97,0.0
舍得酒业,sh600702,49.4,50.15,49.4,91500.0,49.4,1900,49.44,14100,-1.5,49.4,49.4,91500,4520000.0,0.03,0.0,164.31,164.38,55.17,45.14,0.0
东方创业,sh600278,7.95,8.05,7.95,47700.0,7.94,1000,7.95,2600,-1.24,7.95,7.95,47700,380000.0,0.01,0.0,69.32,69.32,8.86,7.25,0.0
金种子酒,sh600199,8.81,8.81,8.81,236500.0,8.8,21800,8.81,57000,0.0,8.81,8.81,236500,2080000.0,0.04,0.0,57.95,57.95,9.69,7.93,0.0
五矿发展,sh600058,12.7,12.82,12.7,98700.0,12.69,200,12.7,19700,-0.94,12.7,12.7,98700,1250000.0,0.01,0.0,136.13,136.13,14.1,11.54,0.0
力源信息,sz300184,10.6,10.86,10.6,519500.0,10.59,3800,10.6,27200,-2.39,10.6,10.6,519500,5510000.0,0.05,0.0,110.9,122.01,13.03,8.69,0.0
盛科通信-U,sh688702,195.34,203.35,195.34,4268000.0,195.34,1800,195.95,600,-3.94,195.34,195.34,4268000,8340000.0,0.02,0.0,396.52,800.89,244.02,162.68,0.0
捷捷微电,sz300623,30.1,31.06,30.1,236500.0,30.1,3000,30.16,5000,-3.09,30.1,30.1,236500,7120000.0,0.03,0.0,230.99,250.46,37.27,24.85,0.0
北投科技,sh600936,3.97,4.02,3.97,110400.0,3.96,17300,3.97,89800,-1.24,3.97,3.97,110400,440000.0,0.01,0.0,66.34,66.34,4.42,3.62,0.0
江西长运,sh600561,7.04,7.09,7.04,52300.0,7.01,3300,7.04,1900,-0.71,7.04,7.04,52300,370000.0,0.02,0.0,20.03,20.03,7.8,6.38,0.0
五方光电,sz002962,15.2,15.45,15.2,23800.0,15.19,100,15.2,1700,-1.62,15.2,15.2,23800,360000.0,0.01,0.0,31.8,44.33,17.0,13.91,0.0
保利联合,sz002037,8.91,8.98,8.91,60700.0,8.91,4600,8.98,2800,-0.78,8.91,8.91,60700,540000.0,0.01,0.0,43.11,43.11,9.88,8.08,0.0
拓普集团,sh601689,62.84,64.11,62.84,251200.0,62.84,10400,62.85,300,-1.98,62.84,62.84,251200,15790000.0,0.01,0.0,1092.06,1092.06,70.52,57.7,0.0
金卡智能,sz300349,15.86,16.18,15.86,120300.0,15.85,1300,15.87,10000,-1.98,15.86,15.86,120300,1910000.0,0.03,0.0,58.57,66.17,19.42,12.94,0.0
恒基达鑫,sz002492,8.95,8.89,8.95,63900.0,8.95,12300,8.98,1000,0.67,8.95,8.95,63900,570000.0,0.02,0.0,35.61,36.25,9.78,8.0,0.0
春风动力,sh603129,239.31,244.1,239.31,11300.0,239.31,3000,242.33,1000,-1.96,239.31,239.31,11300,2700000.0,0.01,0.0,365.13,365.13,268.51,219.69,0.0
众捷汽车,sz301560,38.39,38.97,38.39,21700.0,38.39,700,38.41,100,-1.49,38.39,38.39,21700,830000.0,0.09,0.0,9.34,46.68,46.76,31.18,0.0
凯淳股份,sz301001,31.31,31.67,31.31,12000.0,31.27,1700,31.31,1400,-1.14,31.31,31.31,12000,380000.0,0.02,0.0,15.75,25.05,38.0,25.34,0.0
宏海科技,bj920108,12.15,12.25,12.15,500.0,12.15,9900,12.25,200,-0.82,12.15,12.15,500,6100.0,0.0,0.0,8.87,20.92,15.92,8.58,0.0
安邦护卫,sh603373,43.55,44.27,43.55,22500.0,43.55,3400,43.81,100,-1.63,43.55,43.55,22500,980000.0,0.05,0.0,19.78,46.83,48.7,39.84,0.0
速达股份,sz001277,41.54,41.8,41.54,3800.0,41.54,300,41.6,900,-0.62,41.54,41.54,3800,160000.0,0.01,0.0,18.85,31.57,45.98,37.62,0.0
新日股份,sh603787,13.63,13.6,13.63,45700.0,13.63,1200,13.64,500,0.22,13.63,13.63,45700,620000.0,0.02,0.0,31.37,31.37,14.96,12.24,0.0
济民健康,sh603222,9.0,8.89,9.0,364600.0,9.0,167300,9.02,6400,1.24,9.0,9.0,364600,3280000.0,0.07,0.0,47.26,47.26,9.78,8.0,0.0
鹏鹞环保,sz300664,6.1,5.96,6.1,664300.0,6.1,39000,6.11,17900,2.35,6.1,6.1,664300,4050000.0,0.09,0.0,45.89,46.13,7.15,4.77,0.0
郴电国际,sh600969,10.53,10.54,10.53,41100.0,10.51,16400,10.53,400,-0.09,10.53,10.53,41100,430000.0,0.01,0.0,38.97,38.97,11.59,9.49,0.0
天桥起重,sz002523,4.46,4.56,4.46,486200.0,4.46,115100,4.47,5000,-2.19,4.46,4.46,486200,2170000.0,0.03,0.0,62.95,63.18,5.02,4.1,0.0
机器人,sz300024,16.25,16.45,16.25,204100.0,16.25,20500,16.26,200,-1.22,16.25,16.25,204100,3320000.0,0.01,0.0,250.24,254.41,19.74,13.16,0.0
奕帆传动,sz301023,43.78,44.41,43.78,14200.0,43.74,2300,43.78,700,-1.42,43.78,43.78,14200,620000.0,0.03,0.0,18.3,34.22,53.29,35.53,0.0
必得科技,sh605298,50.91,51.13,50.91,56900.0,50.91,1100,51.0,900,-0.43,50.91,50.91,56900,2900000.0,0.03,0.0,94.82,95.63,56.24,46.02,0.0
川仪股份,sh603100,23.3,23.65,23.3,36600.0,23.27,100,23.3,500,-1.48,23.3,23.3,36600,850000.0,0.01,0.0,119.19,119.57,26.02,21.29,0.0
石化油服,sh600871,4.04,3.67,4.04,30326700.0,4.03,383200,4.04,22145300,10.08,4.04,4.04,30326700,122520000.0,0.22,0.0,547.3,765.86,4.04,3.3,0.0
江南高纤,sh600527,2.37,2.37,2.37,1037300.0,2.36,405800,2.37,576200,0.0,2.37,2.37,1037300,2460000.0,0.06,0.0,41.04,41.04,2.61,2.13,0.0
必创科技,sz300667,17.8,18.1,17.8,56700.0,17.79,500,17.8,2700,-1.66,17.8,17.8,56700,1010000.0,0.03,0.0,30.73,36.43,21.72,14.48,0.0
慧智微-U,sh688512,11.42,11.56,11.42,1501400.0,11.42,4400,11.43,4000,-1.21,11.42,11.42,1501400,170000.0,0.0,0.0,37.07,53.31,13.87,9.25,0.0
直真科技,sz003007,44.0,44.65,44.0,18100.0,44.0,600,44.01,6500,-1.46,44.0,44.0,18100,800000.0,0.03,0.0,31.63,44.8,49.12,40.19,0.0
广州酒家,sh603043,17.0,17.21,17.0,41000.0,16.99,100,17.0,41500,-1.22,17.0,17.0,41000,700000.0,0.01,0.0,95.87,96.69,18.93,15.49,0.0
可靠股份,sz301009,12.39,12.55,12.39,25000.0,12.33,1100,12.39,5500,-1.27,12.39,12.39,25000,310000.0,0.02,0.0,18.71,33.68,15.06,10.04,0.0
泰胜风能,sz300129,13.37,13.7,13.37,425400.0,13.37,1900,13.38,3900,-2.41,13.37,13.37,425400,5690000.0,0.06,0.0,96.09,148.25,16.44,10.96,0.0
惠泉啤酒,sh600573,12.01,12.11,12.01,49300.0,12.01,80100,12.05,200,-0.83,12.01,12.01,49300,590000.0,0.02,0.0,30.02,30.02,13.32,10.9,0.0
上实发展,sh600748,5.01,5.06,5.01,46300.0,5.01,2300,5.03,4000,-0.99,5.01,5.01,46300,230000.0,0.0,0.0,92.41,92.41,5.57,4.55,0.0
中创股份,sh688695,27.05,27.38,27.05,170000.0,27.05,1400,27.38,1400,-1.21,27.05,27.05,170000,50000.0,0.0,0.0,13.87,23.01,32.86,21.9,0.0
应流股份,sh603308,65.29,67.7,65.29,436500.0,65.29,7600,65.49,600,-3.56,65.29,65.29,436500,28500000.0,0.06,0.0,443.34,443.34,74.47,60.93,0.0
雅创电子,sz301099,42.66,43.68,42.66,24100.0,42.63,1200,42.67,200,-2.34,42.66,42.66,24100,1030000.0,0.03,0.0,38.3,62.57,52.42,34.94,0.0
白云机场,sh600004,9.05,9.14,9.05,129300.0,9.05,17300,9.06,48600,-0.98,9.05,9.05,129300,1170000.0,0.01,0.0,214.19,233.24,10.05,8.23,0.0
光明地产,sh600708,4.07,4.11,4.07,122400.0,4.07,110700,4.08,4000,-0.97,4.07,4.07,122400,500000.0,0.01,0.0,90.57,90.71,4.52,3.7,0.0
富恒新材,bj920469,10.09,10.03,10.09,34500.0,10.0,100,10.09,32300,0.6,10.09,10.09,34500,347600.0,0.03,0.0,10.44,14.22,13.03,7.03,0.0
显盈科技,sz301067,34.08,34.46,34.08,16800.0,34.08,53700,34.15,500,-1.1,34.08,34.08,16800,570000.0,0.03,0.0,21.75,33.14,41.35,27.57,0.0
西山科技,sh688576,74.93,76.92,0.0,0.0,74.93,300,76.5,13800,-2.59,0.0,0.0,0,0.0,0.0,0.0,16.33,34.09,92.3,61.54,0.0
爱慕股份,sh603511,14.83,14.97,14.83,6900.0,14.82,22000,14.97,800,-0.94,14.83,14.83,6900,100000.0,0.0,0.0,59.6,59.92,16.47,13.47,0.0
赛摩智能,sz300466,10.09,10.21,10.09,106900.0,10.09,58400,10.1,1200,-1.18,10.09,10.09,106900,1080000.0,0.02,0.0,45.29,54.03,12.25,8.17,0.0
大智慧,sh601519,11.28,11.52,11.28,308700.0,11.28,6600,11.29,2100,-2.08,11.28,11.28,308700,3480000.0,0.02,0.0,224.38,224.38,12.67,10.37,0.0
中源协和,sh600645,30.75,30.9,30.75,1200700.0,30.75,61900,30.77,7600,-0.49,30.75,30.75,1200700,36920000.0,0.26,0.0,143.84,143.89,33.99,27.81,0.0
航发动力,sh600893,59.28,61.18,59.28,671200.0,59.28,14300,59.3,2900,-3.11,59.28,59.28,671200,39790000.0,0.03,0.0,1579.89,1580.16,67.3,55.06,0.0
中瓷电子,sz003031,77.5,80.85,77.5,127800.0,77.4,300,77.5,2700,-4.14,77.5,77.5,127800,9900000.0,0.04,0.0,263.62,349.57,88.94,72.77,0.0
迈信林,sh688685,50.0,50.76,50.0,357500.0,49.97,200,50.0,1700,-1.5,50.0,50.0,357500,180000.0,0.0,0.0,73.43,73.43,60.91,40.61,0.0
凌钢股份,sh600231,2.36,2.38,2.36,562700.0,2.36,259600,2.37,53200,-0.84,2.36,2.36,562700,1330000.0,0.02,0.0,66.41,67.25,2.62,2.14,0.0
中国重汽,sz000951,20.58,20.67,20.58,137100.0,20.58,2500,20.66,500,-0.44,20.58,20.58,137100,2820000.0,0.01,0.0,241.79,241.79,22.74,18.6,0.0
朗科智能,sz300543,10.66,10.84,10.66,53000.0,10.66,1900,10.68,2000,-1.66,10.66,10.66,53000,560000.0,0.02,0.0,26.67,32.66,13.01,8.67,0.0
凯德石英,bj920179,45.66,46.95,45.66,24700.0,45.53,100,45.66,4600,-2.75,45.66,45.66,24700,1128700.0,0.04,0.0,27.27,34.23,61.03,32.87,0.0
广咨国际,bj920892,16.15,16.16,16.15,7800.0,15.97,2100,16.15,13000,-0.06,16.15,16.15,7800,125300.0,0.01,0.0,23.95,27.51,21.0,11.32,0.0
海得控制,sz002184,12.5,12.64,12.5,65400.0,12.49,1000,12.5,1900,-1.11,12.5,12.5,65400,820000.0,0.03,0.0,30.05,43.99,13.9,11.38,0.0
珠海港,sz000507,5.62,5.6,5.62,219000.0,5.61,200,5.62,90500,0.36,5.62,5.62,219000,1230000.0,0.02,0.0,50.71,51.69,6.16,5.04,0.0
大参林,sh603233,19.69,19.82,19.69,34300.0,19.69,3500,19.7,20400,-0.66,19.69,19.69,34300,680000.0,0.0,0.0,224.24,224.24,21.8,17.84,0.0
光正眼科,sz002524,4.72,4.74,4.72,453700.0,4.71,43800,4.72,59700,-0.42,4.72,4.72,453700,2140000.0,0.09,0.0,24.11,24.32,5.21,4.27,0.0
长青科技,sz001324,19.8,20.02,19.8,29400.0,19.8,13800,19.85,300,-1.1,19.8,19.8,29400,580000.0,0.04,0.0,16.17,27.32,22.02,18.02,0.0
起帆电缆,sh605222,21.16,21.87,21.16,90400.0,21.12,300,21.16,19400,-3.25,21.16,21.16,90400,1910000.0,0.02,0.0,87.37,87.37,24.06,19.68,0.0
喜悦智行,sz301198,15.29,15.54,15.29,10700.0,15.28,300,15.39,2000,-1.61,15.29,15.29,10700,160000.0,0.01,0.0,23.78,25.84,18.65,12.43,0.0
*ST四通,sh603838,8.63,8.72,8.63,84200.0,8.63,3900,8.68,3000,-1.03,8.63,8.63,84200,730000.0,0.03,0.0,27.62,27.62,9.16,8.28,0.0
超图软件,sz300036,17.21,17.47,17.21,52700.0,17.21,1000,17.24,6700,-1.49,17.21,17.21,52700,910000.0,0.01,0.0,75.46,84.81,20.96,13.98,0.0
香溢融通,sh600830,9.46,9.65,9.46,77100.0,9.46,2500,9.48,6500,-1.97,9.46,9.46,77100,730000.0,0.02,0.0,42.98,42.98,10.62,8.69,0.0
地纬智能,sh688579,12.25,12.52,12.25,8602100.0,12.25,2600,12.38,1000,-2.16,12.25,12.25,8602100,1050000.0,0.02,0.0,49.0,49.0,15.02,10.02,0.0
数码视讯,sz300079,5.76,5.83,5.76,339900.0,5.75,51400,5.76,71700,-1.2,5.76,5.76,339900,1960000.0,0.03,0.0,73.81,82.14,7.0,4.66,0.0
超卓航科,sh688237,47.06,47.71,47.06,123300.0,47.06,400,48.2,3000,-1.36,47.06,47.06,123300,60000.0,0.0,0.0,42.2,42.2,57.25,38.17,0.0
ST帕瓦,sh688184,10.97,11.02,10.97,3201200.0,10.95,900,10.97,21400,-0.45,10.97,10.97,3201200,350000.0,0.03,0.0,11.02,17.45,13.22,8.82,0.0
*ST传智,sz003032,6.62,6.72,6.62,61900.0,6.62,800,6.64,2000,-1.49,6.62,6.62,61900,410000.0,0.02,0.0,18.29,26.64,7.06,6.38,0.0
泉峰汽车,sh603982,8.2,8.27,8.2,68400.0,8.18,3400,8.2,54200,-0.85,8.2,8.2,68400,560000.0,0.02,0.0,27.84,29.94,9.1,7.44,0.0
高新发展,sz000628,52.98,54.51,52.98,145100.0,52.92,100,52.98,7300,-2.81,52.98,52.98,145100,7690000.0,0.08,0.0,101.85,186.64,59.96,49.06,0.0
金冠股份,sz300510,5.0,5.05,5.0,1375400.0,5.0,34600,5.01,9400,-0.99,5.0,5.0,1375400,6880000.0,0.17,0.0,41.23,41.23,6.06,4.04,0.0
铁流股份,sh603926,20.61,20.78,20.61,14300.0,20.58,100,20.61,2000,-0.82,20.61,20.61,14300,290000.0,0.01,0.0,47.58,48.38,22.86,18.7,0.0
佳禾智能,sz300793,15.66,16.1,15.66,81300.0,15.66,900,15.73,13100,-2.73,15.66,15.66,81300,1270000.0,0.02,0.0,58.27,59.59,19.32,12.88,0.0
雪榕生物,sz300511,7.35,7.46,7.35,150600.0,7.35,35400,7.36,63500,-1.47,7.35,7.35,150600,1110000.0,0.03,0.0,41.16,47.1,8.95,5.97,0.0
敷尔佳,sz301371,23.66,23.88,23.66,9200.0,23.66,700,23.7,900,-0.92,23.66,23.66,9200,220000.0,0.01,0.0,18.4,123.06,28.66,19.1,0.0
新城市,sz300778,13.44,13.44,13.44,34000.0,13.44,8800,13.45,10900,0.0,13.44,13.44,34000,460000.0,0.02,0.0,27.37,27.37,16.13,10.75,0.0
*ST天山,sz300313,7.04,7.13,7.04,36500.0,7.04,22100,7.05,7500,-1.26,7.04,7.04,36500,260000.0,0.02,0.0,13.89,16.88,8.56,5.7,0.0
通达股份,sz002560,11.19,11.3,11.19,452400.0,11.18,6500,11.19,56600,-0.97,11.19,11.19,452400,5060000.0,0.1,0.0,50.68,58.83,12.43,10.17,0.0
华软科技,sz002453,6.33,6.26,6.33,423800.0,6.32,9800,6.33,16900,1.12,6.33,6.33,423800,2680000.0,0.07,0.0,38.79,51.42,6.89,5.63,0.0
凯发电气,sz300407,14.01,14.34,14.01,92800.0,14.01,9700,14.03,200,-2.3,14.01,14.01,92800,1300000.0,0.04,0.0,36.14,44.84,17.21,11.47,0.0
博源化工,sz000683,9.99,9.6,9.99,1578100.0,9.98,3500,9.99,49600,4.06,9.99,9.99,1578100,15770000.0,0.05,0.0,334.57,371.31,10.56,8.64,0.0
苏轴股份,bj920418,26.5,26.85,26.5,18100.0,26.48,3000,26.5,2400,-1.3,26.5,26.5,18100,480800.0,0.01,0.0,41.34,43.06,34.9,18.8,0.0
天康生物,sz002100,7.24,7.28,7.24,727500.0,7.24,101100,7.25,11400,-0.55,7.24,7.24,727500,5270000.0,0.05,0.0,98.84,98.84,8.01,6.55,0.0
精进电动-UW,sh688280,10.33,10.65,10.33,27587600.0,10.32,1000,10.33,1000,-3.0,10.33,10.33,27587600,2850000.0,0.05,0.0,53.77,60.97,12.78,8.52,0.0
电投水电,sh600292,15.67,15.68,15.67,134000.0,15.66,500,15.67,45800,-0.06,15.67,15.67,134000,2100000.0,0.02,0.0,122.35,686.38,17.25,14.11,0.0
金麒麟,sh603586,17.72,17.87,17.72,3400.0,17.72,2000,17.8,5000,-0.84,17.72,17.72,3400,60000.0,0.0,0.0,34.74,34.74,19.66,16.08,0.0
东鹏饮料,sh605499,233.5,235.0,233.5,12300.0,233.5,1200,233.8,100,-0.64,233.5,233.5,12300,2870000.0,0.0,0.0,1214.23,1318.73,258.5,211.5,0.0
北路智控,sz301195,33.86,34.2,33.86,4500.0,33.85,300,33.86,19100,-0.99,33.86,33.86,4500,150000.0,0.01,0.0,29.7,44.72,41.04,27.36,0.0
海正生材,sh688203,13.25,13.37,13.25,2692300.0,13.25,13500,13.43,2700,-0.9,13.25,13.25,2692300,360000.0,0.01,0.0,26.85,26.85,16.04,10.7,0.0
合力泰,sz002217,2.65,2.7,2.65,3929900.0,2.64,480900,2.65,186100,-1.85,2.65,2.65,3929900,10410000.0,0.05,0.0,192.9,198.2,2.97,2.43,0.0
国瑞科技,sz300600,14.36,14.43,14.36,43500.0,14.36,100,14.39,900,-0.49,14.36,14.36,43500,620000.0,0.01,0.0,42.25,42.25,17.32,11.54,0.0
立方控股,bj920130,23.2,23.35,23.2,62000.0,23.05,1500,23.2,5500,-0.64,23.2,23.2,62000,1438700.0,0.11,0.0,13.13,21.4,30.35,16.35,0.0
灿能电力,bj920299,28.56,29.75,28.56,111000.0,28.56,1500,28.58,4700,-4.0,28.56,28.56,111000,3171500.0,0.25,0.0,12.68,25.74,38.67,20.83,0.0
丰光精密,bj920510,16.69,16.93,16.69,3500.0,16.69,500,16.74,6400,-1.42,16.69,16.69,3500,57600.0,0.0,0.0,15.67,30.75,22.0,11.86,0.0
如通股份,sh603036,20.97,20.73,20.97,51400.0,20.97,91600,20.98,5000,1.16,20.97,20.97,51400,1080000.0,0.02,0.0,43.2,43.2,22.8,18.66,0.0
百诚医药,sz301096,46.0,46.95,46.0,32700.0,46.0,4600,46.33,300,-2.02,46.0,46.0,32700,1500000.0,0.04,0.0,38.08,50.25,56.34,37.56,0.0
博云新材,sz002297,12.0,12.34,12.0,254900.0,12.0,65300,12.01,13300,-2.76,12.0,12.0,254900,3060000.0,0.04,0.0,68.77,68.77,13.57,11.11,0.0
*ST花王,sh603007,6.66,6.66,6.66,681500.0,6.65,18100,6.66,214500,0.0,6.66,6.66,681500,4540000.0,0.1,0.0,46.29,58.92,6.99,6.33,0.0
金城医药,sz300233,14.85,15.14,14.85,62000.0,14.85,5900,14.91,4700,-1.92,14.85,14.85,62000,920000.0,0.02,0.0,55.2,57.01,18.17,12.11,0.0
彩虹集团,sz003023,25.12,25.65,25.12,618200.0,25.12,61300,25.14,1400,-2.07,25.12,25.12,618200,15530000.0,0.59,0.0,26.4,26.46,28.22,23.09,0.0
新通联,sh603022,11.33,11.41,11.33,39600.0,11.32,1400,11.33,800,-0.7,11.33,11.33,39600,450000.0,0.02,0.0,22.66,22.66,12.55,10.27,0.0
金桥信息,sh603918,14.68,14.87,14.68,57800.0,14.68,28100,14.69,100,-1.28,14.68,14.68,57800,850000.0,0.02,0.0,53.6,53.6,16.36,13.38,0.0
南新制药,sh688189,8.07,8.15,8.07,1242400.0,8.06,500,8.07,800,-0.98,8.07,8.07,1242400,100000.0,0.0,0.0,22.14,22.14,9.78,6.52,0.0
中再资环,sh600217,4.06,4.1,4.06,306300.0,4.06,1000,4.07,203200,-0.98,4.06,4.06,306300,1240000.0,0.02,0.0,67.3,67.3,4.51,3.69,0.0
安诺其,sz300067,4.99,5.05,4.99,494700.0,4.98,15300,4.99,248900,-1.19,4.99,4.99,494700,2470000.0,0.05,0.0,46.78,57.6,6.06,4.04,0.0
ST惠伦,sz300460,9.52,9.68,9.52,59200.0,9.52,46500,9.58,9500,-1.65,9.52,9.52,59200,560000.0,0.02,0.0,26.73,26.73,11.62,7.74,0.0
富岭股份,sz001356,11.9,12.03,11.9,52500.0,11.88,500,11.9,43800,-1.08,11.9,11.9,52500,620000.0,0.03,0.0,23.88,70.13,13.23,10.83,0.0
利亚德,sz300296,8.24,8.55,8.24,4191500.0,8.24,108900,8.25,232900,-3.63,8.24,8.24,4191500,34540000.0,0.18,0.0,187.39,223.47,10.26,6.84,0.0
华信永道,bj920592,35.0,36.2,35.0,39500.0,35.0,27800,35.6,600,-3.31,35.0,35.0,39500,1381399.9999999998,0.08,0.0,17.6,28.28,47.06,25.34,0.0
赛力斯,sh601127,99.0,100.25,99.0,219600.0,99.0,6800,99.01,43500,-1.25,99.0,99.0,219600,21740000.0,0.01,0.0,1494.68,1724.57,110.28,90.23,0.0
华远控股,sh600743,1.95,1.95,1.95,169600.0,1.94,96700,1.95,368600,0.0,1.95,1.95,169600,330000.0,0.01,0.0,45.75,45.75,2.15,1.76,0.0
ST金鸿,sz000669,4.08,3.9,4.08,1400400.0,4.08,150800,4.09,52000,4.62,4.08,4.08,1400400,5710000.0,0.21,0.0,27.76,27.76,4.1,3.71,0.0
云煤能源,sh600792,5.12,4.89,5.12,986200.0,5.12,17400,5.13,33600,4.7,5.12,5.12,986200,5050000.0,0.09,0.0,56.83,56.83,5.38,4.4,0.0
渤海租赁,sz000415,4.94,5.04,4.94,743200.0,4.93,52800,4.94,406700,-1.98,4.94,4.94,743200,3670000.0,0.01,0.0,266.41,305.52,5.54,4.54,0.0
福达股份,sh603166,14.99,15.28,14.99,233900.0,14.98,200,14.99,12200,-1.9,14.99,14.99,233900,3510000.0,0.04,0.0,95.79,96.78,16.81,13.75,0.0
深圳瑞捷,sz300977,19.5,19.66,19.5,10900.0,19.5,3300,19.59,2400,-0.81,19.5,19.5,10900,210000.0,0.01,0.0,18.49,29.68,23.59,15.73,0.0
格林精密,sz300968,12.72,12.98,12.72,21500.0,12.72,2000,12.73,1000,-2.0,12.72,12.72,21500,270000.0,0.01,0.0,52.58,52.58,15.58,10.38,0.0
协创数据,sz300857,241.1,247.0,241.1,125100.0,241.1,2400,241.98,1200,-2.39,241.1,241.1,125100,30170000.0,0.04,0.0,832.1,834.5,296.4,197.6,0.0
思源电气,sz002028,226.8,233.51,226.8,164400.0,226.8,4400,227.0,3200,-2.87,226.8,226.8,164400,37270000.0,0.03,0.0,1382.28,1771.5,256.86,210.16,0.0
颖泰生物,bj920819,3.95,3.98,3.95,22100.0,3.95,57500,3.96,52900,-0.75,3.95,3.95,22100,87200.0,0.0,0.0,47.86,48.42,5.17,2.79,0.0
北京人力,sh600861,17.1,17.21,17.1,46300.0,17.09,2300,17.1,700,-0.64,17.1,17.1,46300,790000.0,0.01,0.0,62.68,96.81,18.93,15.49,0.0
荣联科技,sz002642,8.19,8.27,8.19,97100.0,8.18,3400,8.19,28500,-0.97,8.19,8.19,97100,800000.0,0.01,0.0,54.18,54.18,9.1,7.44,0.0
华新环保,sz301265,19.83,19.8,19.83,947100.0,19.83,132400,19.84,100,0.15,19.83,19.83,947100,18780000.0,0.56,0.0,33.67,60.08,23.76,15.84,0.0
海泰发展,sh600082,3.81,3.85,3.81,233500.0,3.81,3700,3.82,1000,-1.04,3.81,3.81,233500,890000.0,0.04,0.0,24.17,24.62,4.24,3.47,0.0
风语筑,sh603466,10.45,10.84,10.45,718000.0,10.44,2000,10.45,115000,-3.6,10.45,10.45,718000,7500000.0,0.12,0.0,62.16,62.16,11.92,9.76,0.0
宁波建工,sh601789,6.04,5.49,6.04,15821000.0,6.04,97044100,0.0,0,10.02,6.04,6.04,15821000,95560000.0,1.46,0.0,65.64,92.07,6.04,4.94,0.0
易事特,sz300376,7.48,7.65,7.48,741500.0,7.48,1100,7.49,95400,-2.22,7.48,7.48,741500,5550000.0,0.03,0.0,174.09,174.15,9.18,6.12,0.0
永安期货,sh600927,15.2,15.36,15.2,103800.0,15.2,2600,15.22,6000,-1.04,15.2,15.2,103800,1580000.0,0.01,0.0,221.24,221.24,16.9,13.82,0.0
贝泰妮,sz300957,43.83,44.48,43.83,52500.0,43.83,6600,43.84,1000,-1.46,43.83,43.83,52500,2300000.0,0.01,0.0,185.66,185.66,53.38,35.58,0.0
恒进感应,bj920870,16.42,16.62,16.42,3700.0,16.42,400,16.65,6600,-1.2,16.42,16.42,3700,60700.0,0.01,0.0,10.84,22.0,21.6,11.64,0.0
云鼎科技,sz000409,11.13,11.2,11.13,68200.0,11.13,2000,11.14,5000,-0.63,11.13,11.13,68200,760000.0,0.01,0.0,65.72,75.43,12.32,10.08,0.0
狄耐克,sz300884,14.61,14.95,14.61,72900.0,14.61,3500,14.62,100,-2.27,14.61,14.61,72900,1070000.0,0.04,0.0,27.96,37.09,17.94,11.96,0.0
和而泰,sz002402,33.0,33.38,33.0,203900.0,32.99,1600,33.0,12300,-1.14,33.0,33.0,203900,6730000.0,0.03,0.0,268.49,305.13,36.72,30.04,0.0
我乐家居,sh603326,9.8,9.8,9.8,27700.0,9.8,2000,9.82,1100,0.0,9.8,9.8,27700,270000.0,0.01,0.0,31.28,31.28,10.78,8.82,0.0
罗欣药业,sz002793,4.75,4.8,4.75,152100.0,4.75,36800,4.79,21300,-1.04,4.75,4.75,152100,720000.0,0.01,0.0,51.58,51.66,5.28,4.32,0.0
网达软件,sh603189,19.92,20.32,19.92,41000.0,19.91,2000,19.92,18300,-1.97,19.92,19.92,41000,820000.0,0.02,0.0,53.69,53.69,22.35,18.29,0.0
宇通客车,sh600066,30.1,30.45,30.1,122300.0,30.1,3100,30.15,100,-1.15,30.1,30.1,122300,3680000.0,0.01,0.0,666.4,666.4,33.5,27.41,0.0
光莆股份,sz300632,14.43,14.71,14.43,77300.0,14.41,500,14.43,13200,-1.9,14.43,14.43,77300,1120000.0,0.03,0.0,31.92,44.04,17.65,11.77,0.0
葵花药业,sz002737,13.59,13.6,13.59,10800.0,13.56,1500,13.59,5900,-0.07,13.59,13.59,10800,150000.0,0.0,0.0,79.37,79.37,14.96,12.24,0.0
九芝堂,sz000989,8.6,8.69,8.6,74100.0,8.6,400,8.63,500,-1.04,8.6,8.6,74100,640000.0,0.01,0.0,59.7,73.61,9.56,7.82,0.0
得邦照明,sh603303,15.2,15.35,15.2,5600.0,15.18,800,15.2,1000,-0.98,15.2,15.2,5600,90000.0,0.0,0.0,72.5,72.5,16.89,13.82,0.0
东安动力,sh600178,12.1,12.24,12.1,88000.0,12.1,23500,12.12,100,-1.14,12.1,12.1,88000,1060000.0,0.02,0.0,56.44,56.44,13.46,11.02,0.0
信安世纪,sh688201,16.25,16.54,16.25,5605500.0,16.25,27600,16.26,1200,-1.75,16.25,16.25,5605500,910000.0,0.02,0.0,49.16,51.54,19.85,13.23,0.0
申科股份,sz002633,18.81,19.16,18.81,194600.0,18.81,2200,18.82,1200,-1.83,18.81,18.81,194600,3660000.0,0.13,0.0,28.11,28.21,21.08,17.24,0.0
吉比特,sh603444,380.0,388.76,380.0,31600.0,380.0,100,380.99,500,-2.25,380.0,380.0,31600,12010000.0,0.04,0.0,273.76,273.76,427.64,349.88,0.0
山外山,sh688410,15.31,15.42,15.31,2385900.0,15.31,11000,15.4,1700,-0.71,15.31,15.31,2385900,370000.0,0.01,0.0,48.93,48.93,18.5,12.34,0.0
卓兆点胶,bj920026,35.28,35.5,35.28,300.0,35.28,1800,35.96,1000,-0.62,35.28,35.28,300,10600.0,0.0,0.0,13.13,28.96,46.15,24.85,0.0
恒尚节能,sh603137,14.22,14.3,14.22,37100.0,14.17,500,14.22,500,-0.56,14.22,14.22,37100,530000.0,0.05,0.0,10.48,26.01,15.73,12.87,0.0
华凯易佰,sz300592,13.33,13.43,13.33,58600.0,13.31,400,13.33,12100,-0.74,13.33,13.33,58600,780000.0,0.02,0.0,46.51,53.9,16.12,10.74,0.0
华达新材,sh605158,8.26,8.27,8.26,15200.0,8.2,500,8.26,19400,-0.12,8.26,8.26,15200,130000.0,0.0,0.0,42.24,42.24,9.1,7.44,0.0
峰璟股份,sz002662,3.93,3.99,3.93,272100.0,3.93,67300,3.94,45000,-1.5,3.93,3.93,272100,1070000.0,0.02,0.0,58.95,58.95,4.39,3.59,0.0
和顺石油,sh603353,43.13,40.92,43.13,339300.0,43.0,4300,43.13,32500,5.4,43.13,43.13,339300,14630000.0,0.2,0.0,73.5,74.14,45.01,36.83,0.0
健麾信息,sh605186,21.24,21.5,21.24,12600.0,21.24,1800,21.3,2100,-1.21,21.24,21.24,12600,270000.0,0.01,0.0,28.89,28.89,23.65,19.35,0.0
明新旭腾,sh605068,26.67,27.07,26.67,1500.0,26.65,100,26.67,100,-1.48,26.67,26.67,1500,40000.0,0.0,0.0,43.26,43.26,29.78,24.36,0.0
欢瑞世纪,sz000892,6.47,6.63,6.47,487200.0,6.47,7400,6.48,44000,-2.41,6.47,6.47,487200,3150000.0,0.07,0.0,45.99,63.47,7.29,5.97,0.0
国茂股份,sh603915,16.9,17.11,16.9,92600.0,16.88,1100,16.9,4600,-1.23,16.9,16.9,92600,1560000.0,0.01,0.0,110.97,110.97,18.82,15.4,0.0
元隆雅图,sz002878,16.77,17.07,16.77,76600.0,16.76,200,16.77,2300,-1.76,16.77,16.77,76600,1280000.0,0.03,0.0,39.57,43.94,18.78,15.36,0.0
朗鸿科技,bj920395,11.26,11.39,11.26,2100.0,11.26,0,11.45,100,-1.14,11.26,11.26,2100,23800.0,0.0,0.0,11.63,17.18,14.8,7.98,0.0
柯力传感,sh603662,60.1,61.02,60.1,27100.0,60.08,600,60.1,9100,-1.51,60.1,60.1,27100,1630000.0,0.01,0.0,168.78,168.78,67.12,54.92,0.0
合力科技,sh603917,14.04,14.16,14.04,34700.0,14.01,5300,14.06,4300,-0.85,14.04,14.04,34700,490000.0,0.02,0.0,28.62,28.62,15.58,12.74,0.0
探路者,sz300005,14.69,14.73,14.69,140000.0,14.61,1000,14.69,26500,-0.27,14.69,14.69,140000,2060000.0,0.02,0.0,129.76,129.82,17.68,11.78,0.0
宝兰德,sh688058,30.1,30.4,30.1,553300.0,30.08,1000,30.1,500,-0.99,30.1,30.1,553300,170000.0,0.01,0.0,22.83,22.83,36.48,24.32,0.0
纬德信息,sh688171,55.8,55.55,55.8,440000.0,55.8,700,55.82,600,0.45,55.8,55.8,440000,250000.0,0.01,0.0,46.75,46.75,66.66,44.44,0.0
博彦科技,sz002649,12.51,12.67,12.51,93700.0,12.5,16000,12.51,52800,-1.26,12.51,12.51,93700,1170000.0,0.02,0.0,68.62,73.23,13.94,11.4,0.0
萤石网络,sh688475,26.99,27.26,26.99,2660500.0,26.98,200,26.99,15000,-0.99,26.99,26.99,2660500,720000.0,0.0,0.0,212.55,212.55,32.71,21.81,0.0
华设集团,sh603018,7.83,7.93,7.83,92500.0,7.82,25400,7.83,14900,-1.26,7.83,7.83,92500,720000.0,0.01,0.0,53.54,53.54,8.72,7.14,0.0
兆驰股份,sz002429,9.87,10.6,9.87,9433500.0,9.86,81100,9.87,264600,-6.89,9.87,9.87,9433500,93110000.0,0.21,0.0,446.55,446.81,11.66,9.54,0.0
莲花控股,sh600186,6.28,6.24,6.28,3020800.0,6.28,39800,6.29,28400,0.64,6.28,6.28,3020800,18970000.0,0.17,0.0,111.8,112.59,6.86,5.62,0.0
云南能投,sz002053,12.15,12.07,12.15,191700.0,12.14,1000,12.15,6000,0.66,12.15,12.15,191700,2330000.0,0.02,0.0,111.87,111.87,13.28,10.86,0.0
天保基建,sz000965,3.96,3.99,3.96,162900.0,3.95,83300,3.96,3600,-0.75,3.96,3.96,162900,650000.0,0.01,0.0,43.95,43.95,4.39,3.59,0.0
恒为科技,sh603496,29.83,30.6,29.83,182900.0,29.81,4100,29.83,4200,-2.52,29.83,29.83,182900,5460000.0,0.06,0.0,95.52,95.52,33.66,27.54,0.0
国统股份,sz002205,14.71,14.85,14.71,38700.0,14.71,8000,14.84,100,-0.94,14.71,14.71,38700,570000.0,0.02,0.0,27.34,27.34,16.34,13.37,0.0
之江生物,sh688317,20.04,20.12,20.04,1620000.0,20.0,5500,20.04,5800,-0.4,20.04,20.04,1620000,320000.0,0.01,0.0,38.51,38.51,24.14,16.1,0.0
浙江华远,sz301535,26.93,27.1,26.93,4100.0,26.93,600,26.96,1000,-0.63,26.93,26.93,4100,110000.0,0.01,0.0,17.18,114.53,32.52,21.68,0.0
东软载波,sz300183,15.56,15.9,15.56,75300.0,15.56,1400,15.59,100,-2.14,15.56,15.56,75300,1170000.0,0.02,0.0,63.26,71.98,19.08,12.72,0.0
新亚电缆,sz001382,22.0,22.11,22.0,178300.0,21.98,13800,22.0,49500,-0.5,22.0,22.0,178300,3920000.0,0.29,0.0,13.64,90.64,24.32,19.9,0.0
开创国际,sh600097,11.84,11.9,11.84,42400.0,11.83,1800,11.84,3400,-0.5,11.84,11.84,42400,500000.0,0.02,0.0,28.53,28.53,13.09,10.71,0.0
同享科技,bj920167,19.7,20.5,19.7,72600.0,19.69,300,19.7,2400,-3.9,19.7,19.7,72600,1430400.0,0.11,0.0,12.88,21.68,26.65,14.35,0.0
万德股份,bj920519,13.51,13.25,13.51,76600.0,13.46,1000,13.51,1800,1.96,13.51,13.51,76600,1035300.0,0.12,0.0,8.51,12.06,17.22,9.28,0.0
佳力奇,sz301586,48.7,49.33,48.7,8300.0,48.7,200,48.71,400,-1.28,48.7,48.7,8300,400000.0,0.02,0.0,25.77,40.41,59.2,39.46,0.0
均普智能,sh688306,9.95,10.06,9.95,5024500.0,9.94,3000,9.95,12900,-1.09,9.95,9.95,5024500,500000.0,0.0,0.0,122.21,122.21,12.07,8.05,0.0
克来机电,sh603960,26.75,27.5,26.75,146500.0,26.73,300,26.75,300,-2.73,26.75,26.75,146500,3920000.0,0.06,0.0,70.14,70.14,30.25,24.75,0.0
斯莱克,sz300382,12.79,12.86,12.79,26200.0,12.79,2900,12.8,7000,-0.54,12.79,12.79,26200,340000.0,0.0,0.0,82.92,82.93,15.43,10.29,0.0
华辰装备,sz300809,34.28,35.2,34.28,40400.0,34.21,1000,34.28,3300,-2.61,34.28,34.28,40400,1380000.0,0.03,0.0,51.62,86.91,42.24,28.16,0.0
浙大网新,sh600797,9.71,9.94,9.71,448300.0,9.71,3900,9.72,22500,-2.31,9.71,9.71,448300,4350000.0,0.04,0.0,99.77,99.77,10.93,8.95,0.0
麦加芯彩,sh603062,49.11,49.93,49.11,11300.0,49.1,900,49.47,1700,-1.64,49.11,49.11,11300,550000.0,0.03,0.0,18.21,53.04,54.92,44.94,0.0
昆船智能,sz301311,18.93,19.12,18.93,76400.0,18.92,1900,18.93,9400,-0.99,18.93,18.93,76400,1450000.0,0.03,0.0,45.43,45.43,22.94,15.3,0.0
晋西车轴,sh600495,4.76,4.81,4.76,91300.0,4.76,8700,4.77,1000,-1.04,4.76,4.76,91300,430000.0,0.01,0.0,57.51,57.51,5.29,4.33,0.0
聚力文化,sz002247,3.0,3.04,3.0,334300.0,3.0,78500,3.01,38700,-1.32,3.0,3.0,334300,1000000.0,0.05,0.0,19.31,25.53,3.34,2.74,0.0
岩山科技,sz002195,10.52,10.76,10.52,9847000.0,10.52,1125200,10.53,16400,-2.23,10.52,10.52,9847000,103590000.0,0.18,0.0,589.25,596.54,11.84,9.68,0.0
神州高铁,sz000008,2.91,2.93,2.91,468900.0,2.91,159900,2.92,496900,-0.68,2.91,2.91,468900,1360000.0,0.02,0.0,79.04,79.05,3.22,2.64,0.0
新泉股份,sh603179,76.06,79.51,76.06,181000.0,76.06,46400,77.0,100,-4.34,76.06,76.06,181000,13770000.0,0.04,0.0,388.01,388.01,87.46,71.56,0.0
敦煌种业,sh600354,7.8,7.63,7.8,5836500.0,7.79,7200,7.8,218900,2.23,7.8,7.8,5836500,45520000.0,1.11,0.0,41.17,41.17,8.39,6.87,0.0
华创云信,sh600155,6.56,6.64,6.56,384500.0,6.56,97700,6.57,35900,-1.2,6.56,6.56,384500,2520000.0,0.02,0.0,145.21,145.21,7.3,5.98,0.0
帝欧水华,sz002798,6.42,6.48,6.42,63100.0,6.41,500,6.42,13800,-0.93,6.42,6.42,63100,410000.0,0.01,0.0,28.33,32.96,7.13,5.83,0.0
一博科技,sz301366,34.12,34.7,34.12,7000.0,34.12,1100,34.27,1000,-1.67,34.12,34.12,7000,240000.0,0.01,0.0,26.03,71.49,41.64,27.76,0.0
魅视科技,sz001229,36.9,37.47,36.9,9000.0,36.9,900,36.95,200,-1.52,36.9,36.9,9000,330000.0,0.02,0.0,19.44,37.8,41.22,33.72,0.0
潞化科技,sh600691,3.81,3.62,3.81,3222300.0,3.8,60300,3.81,109300,5.25,3.81,3.81,3222300,12280000.0,0.14,0.0,90.51,90.52,3.98,3.26,0.0
辽宁能源,sh600758,4.35,4.12,4.35,763900.0,4.35,196200,4.36,1100,5.58,4.35,4.35,763900,3320000.0,0.06,0.0,57.45,57.51,4.53,3.71,0.0
好莱客,sh603898,14.0,13.99,14.0,10800.0,13.9,3000,14.0,9200,0.07,14.0,14.0,10800,150000.0,0.0,0.0,43.59,43.59,15.39,12.59,0.0
海洋王,sz002724,7.6,7.73,7.6,125400.0,7.6,27800,7.68,1300,-1.68,7.6,7.6,125400,950000.0,0.02,0.0,43.15,58.63,8.5,6.96,0.0
先进数通,sz300541,15.3,15.64,15.3,109000.0,15.29,5200,15.3,10600,-2.17,15.3,15.3,109000,1670000.0,0.03,0.0,59.15,65.8,18.77,12.51,0.0
能辉科技,sz301046,26.02,26.64,26.02,99800.0,26.02,4600,26.09,200,-2.33,26.02,26.02,99800,2600000.0,0.08,0.0,33.52,43.65,31.97,21.31,0.0
华海药业,sh600521,15.85,15.99,15.85,154600.0,15.84,9300,15.85,26500,-0.88,15.85,15.85,154600,2450000.0,0.01,0.0,237.31,237.31,17.59,14.39,0.0
河化股份,sz000953,7.4,7.38,7.4,173300.0,7.39,700,7.42,2500,0.27,7.4,7.4,173300,1280000.0,0.05,0.0,27.09,27.09,8.12,6.64,0.0
特瑞斯,bj920014,20.5,18.35,20.5,803100.0,20.46,1000,20.5,104800,11.72,20.5,20.5,803100,16463699.999999998,1.2,0.0,13.74,24.98,23.85,12.85,0.0
康普顿,sh603798,15.71,15.26,15.71,108500.0,15.7,2100,15.71,14000,2.95,15.71,15.71,108500,1700000.0,0.04,0.0,40.29,40.29,16.79,13.73,0.0
商络电子,sz300975,15.21,15.49,15.21,506000.0,15.2,9500,15.21,73400,-1.81,15.21,15.21,506000,7700000.0,0.1,0.0,74.84,104.49,18.59,12.39,0.0
宁波富达,sh600724,6.58,6.55,6.58,138000.0,6.57,4600,6.58,11300,0.46,6.58,6.58,138000,910000.0,0.01,0.0,95.08,95.1,7.21,5.9,0.0
中信出版,sz300788,38.48,40.48,38.48,127400.0,38.48,4000,38.74,1100,-4.94,38.48,38.48,127400,4900000.0,0.07,0.0,73.17,73.17,48.58,32.38,0.0
派特尔,bj920871,14.64,14.65,14.64,13000.0,14.51,1000,14.64,1900,-0.07,14.64,14.64,13000,190300.0,0.03,0.0,6.59,12.45,19.04,10.26,0.0
比依股份,sh603215,19.12,19.24,19.12,13600.0,19.09,1600,19.12,3000,-0.62,19.12,19.12,13600,260000.0,0.01,0.0,35.8,35.93,21.16,17.32,0.0
中环海陆,sz301040,37.71,38.34,37.71,12100.0,37.71,11700,37.76,400,-1.64,37.71,37.71,12100,460000.0,0.01,0.0,35.54,37.71,46.01,30.67,0.0
南方航空,sh600029,6.36,6.63,6.36,2112300.0,6.35,74100,6.36,90600,-4.07,6.36,6.36,2112300,13430000.0,0.02,0.0,857.13,1152.49,7.29,5.97,0.0
台基股份,sz300046,33.06,33.63,33.06,37000.0,33.05,5400,33.06,4200,-1.69,33.06,33.06,37000,1220000.0,0.02,0.0,78.2,78.2,40.36,26.9,0.0
悦心健康,sz002162,5.72,5.86,5.72,759600.0,5.72,141500,5.73,6500,-2.39,5.72,5.72,759600,4340000.0,0.08,0.0,52.54,52.61,6.45,5.27,0.0
杰普特,sh688025,225.72,256.82,225.72,13796600.0,225.72,300,239.96,4000,-12.11,225.72,225.72,13796600,31140000.0,0.15,0.0,214.55,214.55,308.18,205.46,0.0
宜宾纸业,sh600793,19.53,19.79,19.53,16900.0,19.53,4100,19.58,4000,-1.31,19.53,19.53,16900,330000.0,0.01,0.0,34.55,34.55,21.77,17.81,0.0
艾融软件,bj920799,40.01,41.17,40.01,39500.0,40.01,25300,40.28,800,-2.82,40.01,40.01,39500,1582000.0,0.03,0.0,48.29,83.93,53.52,28.82,0.0
国力电子,sh688103,60.32,61.32,60.32,603400.0,60.32,800,60.42,1000,-1.63,60.32,60.32,603400,360000.0,0.01,0.0,57.49,57.49,73.58,49.06,0.0
法狮龙,sh605318,68.0,69.61,68.0,17600.0,68.0,10200,68.2,200,-2.31,68.0,68.0,17600,1200000.0,0.01,0.0,85.5,85.5,76.57,62.65,0.0
珈伟新能,sz300317,5.54,5.71,5.54,1848300.0,5.54,111900,5.55,47400,-2.98,5.54,5.54,1848300,10240000.0,0.22,0.0,45.92,45.99,6.85,4.57,0.0
大恒科技,sh600288,15.61,15.78,15.61,56300.0,15.61,27400,15.65,5000,-1.08,15.61,15.61,56300,880000.0,0.01,0.0,68.18,68.18,17.36,14.2,0.0
瑞丰光电,sz300241,6.71,6.88,6.71,3174300.0,6.71,364000,6.72,74900,-2.47,6.71,6.71,3174300,21300000.0,0.54,0.0,39.35,46.99,8.26,5.5,0.0
燕塘乳业,sz002732,17.5,17.54,17.5,27300.0,17.5,15800,17.52,100,-0.23,17.5,17.5,27300,480000.0,0.02,0.0,27.39,27.54,19.29,15.79,0.0
鑫汇科,bj920267,22.07,22.07,22.07,6500.0,22.07,500,22.2,1500,0.0,22.07,22.07,6500,143500.0,0.02,0.0,6.53,11.03,28.69,15.45,0.0
美登科技,bj920227,66.0,67.22,66.0,4200.0,66.0,400,67.22,200,-1.81,66.0,66.0,4200,280100.0,0.02,0.0,11.69,25.7,87.38,47.06,0.0
雄塑科技,sz300599,10.13,10.17,10.13,27600.0,10.1,11100,10.13,12500,-0.39,10.13,10.13,27600,280000.0,0.01,0.0,21.51,36.28,12.2,8.14,0.0
远东传动,sz002406,7.89,8.1,7.89,243400.0,7.89,26400,7.9,2500,-2.59,7.89,7.89,243400,1920000.0,0.04,0.0,47.51,57.61,8.91,7.29,0.0
安奈儿,sz002875,18.7,18.71,18.7,41800.0,18.6,100,18.7,48300,-0.05,18.7,18.7,41800,780000.0,0.02,0.0,34.12,39.83,20.58,16.84,0.0
迪生力,sh603335,6.04,6.04,6.04,89800.0,6.01,2100,6.04,10700,0.0,6.04,6.04,89800,540000.0,0.02,0.0,25.86,25.86,6.64,5.44,0.0
卫光生物,sz002880,29.29,29.36,29.29,7200.0,29.27,2000,29.29,2300,-0.24,29.29,29.29,7200,210000.0,0.0,0.0,66.43,66.43,32.3,26.42,0.0
宁波远洋,sh601022,10.2,9.91,10.2,579400.0,10.2,12700,10.21,11400,2.93,10.2,10.2,579400,5910000.0,0.04,0.0,133.48,133.48,10.9,8.92,0.0
奥拓电子,sz002587,6.82,6.93,6.82,604200.0,6.82,100200,6.83,12900,-1.59,6.82,6.82,604200,4120000.0,0.11,0.0,36.33,44.44,7.62,6.24,0.0
迅安科技,bj920950,17.9,18.09,17.9,6500.0,17.88,2600,17.9,4200,-1.05,17.9,17.9,6500,116400.0,0.02,0.0,6.39,13.12,23.51,12.67,0.0
博世科,sz300422,5.18,5.23,5.18,129500.0,5.18,25300,5.19,500,-0.96,5.18,5.18,129500,670000.0,0.03,0.0,26.49,27.66,6.28,4.18,0.0
秦川机床,sz000837,11.73,11.86,11.73,170100.0,11.73,1200,11.83,800,-1.1,11.73,11.73,170100,2000000.0,0.02,0.0,118.17,120.02,13.05,10.67,0.0
宇通重工,sh600817,11.91,12.09,11.91,56900.0,11.91,100,12.01,10600,-1.49,11.91,11.91,56900,680000.0,0.01,0.0,63.03,63.52,13.3,10.88,0.0
中文传媒,sh600373,9.03,9.13,9.03,160800.0,9.03,22900,9.04,1300,-1.1,9.03,9.03,160800,1450000.0,0.01,0.0,121.67,121.67,10.04,8.22,0.0
旭光电子,sh600353,17.05,17.41,17.05,327800.0,17.05,400,17.07,3900,-2.07,17.05,17.05,327800,5590000.0,0.04,0.0,141.31,141.51,19.15,15.67,0.0
中航泰达,bj920263,12.78,12.86,12.78,3800.0,12.78,2400,12.95,500,-0.62,12.78,12.78,3800,48600.0,0.0,0.0,13.11,18.05,16.71,9.01,0.0
英杰电气,sz300820,52.98,54.13,52.98,40200.0,52.92,300,52.98,10400,-2.12,52.98,52.98,40200,2130000.0,0.04,0.0,59.22,117.75,64.96,43.3,0.0
紫燕食品,sh603057,33.76,34.13,33.76,35700.0,33.75,2300,33.76,1100,-1.08,33.76,33.76,35700,1210000.0,0.01,0.0,139.09,139.6,37.54,30.72,0.0
江航装备,sh688586,14.65,15.03,14.65,18756800.0,14.64,26800,14.65,19900,-2.53,14.65,14.65,18756800,2750000.0,0.02,0.0,115.93,115.93,18.04,12.02,0.0
水井坊,sh600779,35.95,36.41,35.95,27700.0,35.94,200,35.95,2200,-1.26,35.95,35.95,27700,1000000.0,0.01,0.0,175.26,175.26,40.05,32.77,0.0
微创光电,bj920198,10.2,10.39,10.2,56100.0,10.18,600,10.2,32300,-1.83,10.2,10.2,56100,572500.0,0.08,0.0,7.19,16.46,13.5,7.28,0.0
内蒙新华,sh603230,11.6,11.73,11.6,35600.0,11.6,4300,11.62,10500,-1.11,11.6,11.6,35600,410000.0,0.01,0.0,41.01,41.01,12.9,10.56,0.0
东方明珠,sh600637,10.48,10.65,10.48,670900.0,10.47,3500,10.48,157900,-1.6,10.48,10.48,670900,7030000.0,0.02,0.0,352.33,352.33,11.72,9.59,0.0
光明肉业,sh600073,6.55,6.62,6.55,173400.0,6.54,4600,6.55,603400,-1.06,6.55,6.55,173400,1140000.0,0.02,0.0,61.42,61.42,7.28,5.96,0.0
深城交,sz301091,24.9,25.24,24.9,122700.0,24.9,23500,24.91,46100,-1.35,24.9,24.9,122700,3060000.0,0.02,0.0,131.29,131.29,30.29,20.19,0.0
宏远股份,bj920018,32.6,32.87,32.6,112700.0,32.56,500,32.6,10300,-0.82,32.6,32.6,112700,3673900.0,0.25,0.0,14.42,41.51,42.73,23.01,0.0
海量数据,sh603138,20.9,21.17,20.9,155200.0,20.86,1300,20.9,400,-1.28,20.9,20.9,155200,3240000.0,0.05,0.0,60.26,61.42,23.29,19.05,0.0
博实股份,sz002698,15.11,15.26,15.11,151600.0,15.11,19000,15.12,33200,-0.98,15.11,15.11,151600,2290000.0,0.02,0.0,127.01,154.51,16.79,13.73,0.0
顺络电子,sz002138,39.0,40.5,39.0,372600.0,38.99,100,39.0,162300,-3.7,39.0,39.0,372600,14530000.0,0.05,0.0,295.03,314.46,44.55,36.45,0.0
酉立智能,bj920007,66.48,66.79,66.48,7200.0,66.47,900,66.48,4500,-0.46,66.48,66.48,7200,475500.0,0.07,0.0,7.08,29.54,86.82,46.76,0.0
东方日升,sz300118,18.6,19.14,18.6,822200.0,18.59,4300,18.6,45800,-2.82,18.6,18.6,822200,15290000.0,0.09,0.0,172.39,212.04,22.97,15.31,0.0
春兴精工,sz002547,3.52,3.58,3.52,130600.0,3.52,72300,3.53,63400,-1.68,3.52,3.52,130600,460000.0,0.01,0.0,38.89,39.71,3.94,3.22,0.0
东华软件,sz002065,8.83,8.91,8.83,365800.0,8.82,13300,8.83,14400,-0.9,8.83,8.83,365800,3230000.0,0.01,0.0,256.77,283.04,9.8,8.02,0.0
托普云农,sz301556,98.5,99.34,98.5,9100.0,98.5,300,98.52,1500,-0.85,98.5,98.5,9100,900000.0,0.03,0.0,29.04,84.0,119.21,79.47,0.0
合金投资,sz000633,7.58,7.7,7.58,85200.0,7.58,6900,7.69,800,-1.56,7.58,7.58,85200,650000.0,0.02,0.0,29.19,29.19,8.47,6.93,0.0
利君股份,sz002651,10.26,10.36,10.26,56900.0,10.25,4600,10.26,9100,-0.97,10.26,10.26,56900,580000.0,0.01,0.0,58.02,106.03,11.4,9.32,0.0
盈方微,sz000670,7.93,8.11,7.93,190300.0,7.93,3500,7.94,11600,-2.22,7.93,7.93,190300,1510000.0,0.02,0.0,65.17,66.99,8.92,7.3,0.0
福然德,sh605050,12.99,13.15,12.99,21200.0,12.98,1200,12.99,4900,-1.22,12.99,12.99,21200,280000.0,0.0,0.0,64.02,64.02,14.47,11.84,0.0
君亭酒店,sz301073,28.5,29.29,28.5,74400.0,28.5,6300,28.55,500,-2.7,28.5,28.5,74400,2120000.0,0.04,0.0,50.78,55.42,35.15,23.43,0.0
好上好,sz001298,29.8,30.36,29.8,34300.0,29.73,4200,29.8,6600,-1.84,29.8,29.8,34300,1020000.0,0.02,0.0,49.05,88.44,33.4,27.32,0.0
大禹节水,sz300021,4.91,4.93,4.91,466100.0,4.91,9800,4.92,5000,-0.41,4.91,4.91,466100,2290000.0,0.05,0.0,42.85,50.2,5.92,3.94,0.0
交大铁发,bj920027,20.4,20.6,20.4,100.0,20.36,900,20.4,6700,-0.97,20.4,20.4,100,2000.0,0.0,0.0,8.61,16.16,26.78,14.42,0.0
金利华电,sz300069,19.29,19.75,19.29,76500.0,19.29,300,19.33,3100,-2.33,19.29,19.29,76500,1480000.0,0.07,0.0,22.57,22.57,23.7,15.8,0.0
天沃科技,sz002564,7.13,7.25,7.13,171000.0,7.12,2100,7.13,26000,-1.66,7.13,7.13,171000,1220000.0,0.02,0.0,61.24,61.24,7.98,6.53,0.0
智飞生物,sz300122,15.95,16.16,15.95,177100.0,15.94,1600,15.95,30000,-1.3,15.95,15.95,177100,2820000.0,0.01,0.0,225.58,381.81,19.39,12.93,0.0
先锋电子,sz002767,22.67,23.01,22.67,5600.0,22.66,100,22.67,200,-1.48,22.67,22.67,5600,130000.0,0.0,0.0,29.52,34.01,25.31,20.71,0.0
杭齿前进,sh601177,15.96,16.13,15.96,19100.0,15.96,100,16.0,7500,-1.05,15.96,15.96,19100,300000.0,0.0,0.0,63.85,65.11,17.74,14.52,0.0
吴通控股,sz300292,4.71,4.78,4.71,275100.0,4.7,77800,4.71,70500,-1.46,4.71,4.71,275100,1300000.0,0.02,0.0,52.56,63.2,5.74,3.82,0.0
建研设计,sz301167,17.73,18.01,17.73,13300.0,17.71,2700,17.73,400,-1.55,17.73,17.73,13300,240000.0,0.02,0.0,12.61,19.86,21.61,14.41,0.0
中公教育,sz002607,2.83,2.87,2.83,3107600.0,2.83,947700,2.84,227700,-1.39,2.83,2.83,3107600,8790000.0,0.06,0.0,143.88,174.54,3.16,2.58,0.0
丰立智能,sz301368,56.99,57.96,56.99,10600.0,56.89,100,57.0,3500,-1.67,56.99,56.99,10600,600000.0,0.02,0.0,36.54,68.44,69.55,46.37,0.0
中科信息,sz300678,30.9,31.49,30.9,58500.0,30.89,300,30.9,108400,-1.87,30.9,30.9,58500,1810000.0,0.02,0.0,90.01,91.58,37.79,25.19,0.0
万丰奥威,sz002085,16.4,16.75,16.4,1424600.0,16.4,123800,16.41,6000,-2.09,16.4,16.4,1424600,23360000.0,0.07,0.0,348.22,348.22,18.43,15.08,0.0
长春高新,sz000661,89.98,90.93,89.98,60400.0,89.93,400,89.98,100,-1.04,89.98,89.98,60400,5430000.0,0.02,0.0,359.57,367.06,100.02,81.84,0.0
嘉事堂,sz002462,15.13,15.35,15.13,36900.0,15.13,8700,15.2,900,-1.43,15.13,15.13,36900,560000.0,0.01,0.0,44.1,44.14,16.89,13.82,0.0
中航沈飞,sh600760,55.0,55.56,55.0,157100.0,55.0,38700,55.01,100,-1.01,55.0,55.0,157100,8640000.0,0.01,0.0,1554.4,1559.3,61.12,50.0,0.0
万向德农,sh600371,9.81,9.68,9.81,168200.0,9.81,395200,9.83,1100,1.34,9.81,9.81,168200,1650000.0,0.06,0.0,28.7,28.7,10.65,8.71,0.0
健康元,sh600380,11.12,11.19,11.12,89600.0,11.11,2500,11.12,70200,-0.63,11.12,11.12,89600,1000000.0,0.0,0.0,203.44,203.44,12.31,10.07,0.0
首华燃气,sz300483,23.24,20.69,23.24,1397200.0,23.22,28600,23.24,61100,12.32,23.24,23.24,1397200,32470000.0,0.37,0.0,88.34,88.37,24.83,16.55,0.0
君逸数码,sz301172,26.81,27.43,26.81,42100.0,26.81,300,27.0,1600,-2.26,26.81,26.81,42100,1130000.0,0.04,0.0,26.48,46.24,32.92,21.94,0.0
东航物流,sh601156,18.88,19.05,18.88,125200.0,18.87,3000,18.88,100,-0.89,18.88,18.88,125200,2360000.0,0.01,0.0,178.34,299.73,20.96,17.15,0.0
中科海讯,sz300810,39.28,39.97,39.28,37600.0,39.28,5000,39.97,1600,-1.73,39.28,39.28,37600,1480000.0,0.03,0.0,44.78,46.37,47.96,31.98,0.0
泰晶科技,sh603738,22.31,23.36,22.31,669600.0,22.31,43500,22.35,700,-4.49,22.31,22.31,669600,14940000.0,0.17,0.0,86.09,86.09,25.7,21.02,0.0
科顺股份,sz300737,6.7,6.82,6.7,200700.0,6.69,100,6.7,93100,-1.76,6.7,6.7,200700,1340000.0,0.02,0.0,59.42,74.37,8.18,5.46,0.0
浩辰软件,sh688657,47.41,47.88,47.41,2065500.0,47.41,600,47.88,10000,-0.98,47.41,47.41,2065500,980000.0,0.05,0.0,19.46,31.06,57.46,38.3,0.0
精工科技,sz002006,18.99,19.34,18.99,93700.0,18.98,1300,18.99,1700,-1.81,18.99,18.99,93700,1780000.0,0.02,0.0,98.71,98.71,21.27,17.41,0.0
李子园,sh605337,11.4,11.52,11.4,108400.0,11.4,6800,11.46,100,-1.04,11.4,11.4,108400,1240000.0,0.03,0.0,44.47,44.47,12.67,10.37,0.0
南华仪器,sz300417,14.04,14.29,14.04,24400.0,14.0,3000,14.04,6600,-1.75,14.04,14.04,24400,340000.0,0.03,0.0,12.29,18.89,17.15,11.43,0.0
丰安股份,bj920608,18.64,18.89,18.64,9700.0,18.64,2200,18.66,4800,-1.32,18.64,18.64,9700,180200.0,0.02,0.0,7.35,11.6,24.55,13.23,0.0
英特集团,sz000411,11.5,11.7,11.5,44500.0,11.5,2400,11.59,1000,-1.71,11.5,11.5,44500,510000.0,0.01,0.0,42.3,64.97,12.87,10.53,0.0
拉普拉斯,sh688726,61.5,63.29,61.5,33929400.0,61.5,19300,61.58,76300,-2.83,61.5,61.5,33929400,20870000.0,0.15,0.0,135.25,249.28,75.95,50.63,0.0
虹软科技,sh688088,44.51,45.47,44.51,7829600.0,44.51,200,44.55,5100,-2.11,44.51,44.51,7829600,3480000.0,0.02,0.0,178.56,178.56,54.56,36.38,0.0
常熟汽饰,sh603035,14.9,15.03,14.9,59100.0,14.89,500,14.9,8900,-0.86,14.9,14.9,59100,880000.0,0.02,0.0,54.59,54.59,16.53,13.53,0.0
侨银股份,sz002973,14.08,14.35,14.08,52900.0,14.08,8800,14.15,2000,-1.88,14.08,14.08,52900,740000.0,0.02,0.0,43.86,57.54,15.79,12.92,0.0
华鼎股份,sh601113,4.67,4.68,4.67,128200.0,4.65,1100,4.67,47600,-0.21,4.67,4.67,128200,600000.0,0.01,0.0,51.56,51.56,5.15,4.21,0.0
内蒙一机,sh600967,16.94,17.01,16.94,129900.0,16.93,1300,16.94,3500,-0.41,16.94,16.94,129900,2200000.0,0.01,0.0,288.28,288.28,18.71,15.31,0.0
沈阳机床,sz000410,7.53,7.6,7.53,121900.0,7.52,4200,7.53,21800,-0.92,7.53,7.53,121900,920000.0,0.01,0.0,126.57,199.48,8.36,6.84,0.0
ST通脉,sh603559,7.35,7.51,7.35,33700.0,7.35,11400,7.5,2000,-2.13,7.35,7.35,33700,250000.0,0.01,0.0,29.49,29.49,7.89,7.13,0.0
飞亚达,sz000026,15.05,15.32,15.05,38400.0,15.03,5000,15.25,2000,-1.76,15.05,15.05,38400,580000.0,0.01,0.0,54.87,61.07,16.85,13.79,0.0
上海建工,sh600170,2.88,2.9,2.88,2520100.0,2.87,731600,2.88,695600,-0.69,2.88,2.88,2520100,7260000.0,0.03,0.0,255.92,255.92,3.19,2.61,0.0
节能铁汉,sz300197,1.86,1.89,1.86,1417800.0,1.86,43300,1.87,155400,-1.59,1.86,1.86,1417800,2640000.0,0.05,0.0,55.15,55.15,2.27,1.51,0.0
华熙生物,sh688363,44.83,45.15,44.83,3693300.0,44.83,2100,44.98,500,-0.71,44.83,44.83,3693300,1660000.0,0.01,0.0,215.94,215.94,54.18,36.12,0.0
汉宇集团,sz300403,12.76,13.0,12.76,54700.0,12.76,600,12.77,12800,-1.85,12.76,12.76,54700,700000.0,0.01,0.0,54.49,76.94,15.6,10.4,0.0
信邦智能,sz301112,35.4,35.71,35.4,5900.0,35.4,1100,35.55,400,-0.87,35.4,35.4,5900,210000.0,0.01,0.0,39.03,39.03,42.85,28.57,0.0
雷柏科技,sz002577,16.7,16.89,16.7,9600.0,16.6,600,16.7,15700,-1.12,16.7,16.7,9600,160000.0,0.0,0.0,46.87,46.87,18.58,15.2,0.0
百普赛斯,sz301080,44.29,45.0,44.29,17100.0,44.29,100,44.3,2300,-1.58,44.29,44.29,17100,760000.0,0.01,0.0,55.8,74.04,54.0,36.0,0.0
格灵深瞳,sh688207,15.78,15.98,15.78,3230300.0,15.77,1700,15.78,46800,-1.25,15.78,15.78,3230300,510000.0,0.01,0.0,40.87,40.87,19.18,12.78,0.0
艾迪精密,sh603638,21.7,22.27,21.7,70500.0,21.61,2000,21.7,6700,-2.56,21.7,21.7,70500,1530000.0,0.01,0.0,180.35,180.35,24.5,20.04,0.0
联美控股,sh600167,6.85,6.87,6.85,72900.0,6.84,10500,6.85,2200,-0.29,6.85,6.85,72900,500000.0,0.0,0.0,155.0,155.0,7.56,6.18,0.0
三安光电,sh600703,16.32,16.97,16.32,6006400.0,16.32,8100,16.33,17400,-3.83,16.32,16.32,6006400,98020000.0,0.12,0.0,814.21,814.21,18.67,15.27,0.0
和顺电气,sz300141,15.21,15.82,15.21,327300.0,15.21,39200,15.6,200,-3.86,15.21,15.21,327300,4980000.0,0.13,0.0,38.75,39.22,18.98,12.66,0.0
ST长园,sh600525,5.49,5.54,5.49,395100.0,5.48,1600,5.49,95400,-0.9,5.49,5.49,395100,2170000.0,0.03,0.0,72.4,72.4,5.82,5.26,0.0
爱朋医疗,sz300753,32.59,34.15,32.59,177300.0,32.59,13200,32.66,200,-4.57,32.59,32.59,177300,5780000.0,0.2,0.0,28.65,41.08,40.98,27.32,0.0
移为通信,sz300590,11.93,12.13,11.93,44500.0,11.92,800,11.94,4300,-1.65,11.93,11.93,44500,530000.0,0.01,0.0,42.28,54.87,14.56,9.7,0.0
尚品宅配,sz300616,13.14,13.36,13.14,18700.0,13.12,500,13.14,1600,-1.65,13.14,13.14,18700,250000.0,0.01,0.0,20.37,29.5,16.03,10.69,0.0
陇神戎发,sz300534,9.65,9.78,9.65,142100.0,9.65,24500,9.66,7500,-1.33,9.65,9.65,142100,1370000.0,0.05,0.0,29.15,29.27,11.74,7.82,0.0
山东矿机,sz002526,3.86,3.89,3.86,538500.0,3.85,68100,3.86,138500,-0.77,3.86,3.86,538500,2080000.0,0.03,0.0,68.36,68.82,4.28,3.5,0.0
江河集团,sh601886,8.63,8.7,8.63,49100.0,8.63,900,8.65,1500,-0.8,8.63,8.63,49100,420000.0,0.0,0.0,97.78,97.78,9.57,7.83,0.0
中贝通信,sh603220,28.77,27.43,28.77,2091100.0,28.68,4400,28.77,200,4.89,28.77,28.77,2091100,60160000.0,0.48,0.0,124.94,154.31,30.17,24.69,0.0
ST绝味,sh603517,11.68,11.88,11.68,139800.0,11.68,17900,11.74,800,-1.68,11.68,11.68,139800,1630000.0,0.02,0.0,70.78,70.78,12.47,11.29,0.0
联合水务,sh603291,11.68,11.81,11.68,40700.0,11.65,1600,11.68,2100,-1.1,11.68,11.68,40700,480000.0,0.03,0.0,15.18,49.43,12.99,10.63,0.0
神宇股份,sz300563,34.15,34.6,34.15,27100.0,34.14,200,34.15,400,-1.3,34.15,34.15,27100,930000.0,0.02,0.0,43.76,62.2,41.52,27.68,0.0
松炀资源,sh603863,19.92,20.13,19.92,54000.0,19.9,3300,19.92,1000,-1.04,19.92,19.92,54000,1080000.0,0.03,0.0,40.77,40.77,22.14,18.12,0.0
国脉科技,sz002093,10.55,10.68,10.55,99700.0,10.54,5500,10.55,24000,-1.22,10.55,10.55,99700,1050000.0,0.01,0.0,106.29,106.29,11.75,9.61,0.0
豪美新材,sz002988,33.6,33.84,33.6,2500.0,33.6,1200,33.64,2800,-0.71,33.6,33.6,2500,80000.0,0.0,0.0,83.9,83.92,37.22,30.46,0.0
春光智能,bj920810,12.69,12.7,12.69,13000.0,12.68,100,12.69,19700,-0.08,12.69,12.69,13000,165000.0,0.02,0.0,7.92,12.17,16.51,8.89,0.0
科森科技,sh603626,22.8,23.8,22.8,127500.0,22.8,9100,22.82,2500,-4.2,22.8,22.8,127500,2910000.0,0.02,0.0,126.51,126.51,26.18,21.42,0.0
丸美生物,sh603983,28.2,28.4,28.2,16400.0,28.2,800,28.3,4000,-0.7,28.2,28.2,16400,460000.0,0.0,0.0,113.08,113.08,31.24,25.56,0.0
ST华西,sz002630,2.54,2.55,2.54,271500.0,2.53,50100,2.54,44200,-0.39,2.54,2.54,271500,690000.0,0.03,0.0,26.17,29.99,2.68,2.42,0.0
中南股份,sz000717,2.73,2.74,2.73,200300.0,2.72,51500,2.73,16000,-0.36,2.73,2.73,200300,550000.0,0.01,0.0,66.16,66.17,3.01,2.47,0.0
爱威科技,sh688067,28.5,28.5,28.5,2290400.0,28.41,5000,28.5,2400,0.0,28.5,28.5,2290400,650000.0,0.03,0.0,19.38,19.38,34.2,22.8,0.0
坚朗五金,sz002791,23.07,23.3,23.07,42200.0,23.06,1100,23.07,5600,-0.99,23.07,23.07,42200,970000.0,0.02,0.0,48.98,81.64,25.63,20.97,0.0
万泰生物,sh603392,38.75,39.2,38.75,13400.0,38.73,5600,38.75,20000,-1.15,38.75,38.75,13400,520000.0,0.0,0.0,489.95,489.95,43.12,35.28,0.0
中无人机,sh688297,63.0,59.4,63.0,61377300.0,63.0,115800,63.18,200,6.06,63.0,63.0,61377300,38670000.0,0.09,0.0,425.25,425.25,71.28,47.52,0.0
ST德豪,sz002005,3.01,3.02,3.01,99900.0,3.0,73400,3.01,92700,-0.33,3.01,3.01,99900,300000.0,0.01,0.0,52.73,52.75,3.17,2.87,0.0
海波重科,sz300517,12.25,12.36,12.25,23400.0,12.24,200,12.25,1000,-0.89,12.25,12.25,23400,290000.0,0.02,0.0,15.19,24.55,14.83,9.89,0.0
金域医学,sh603882,28.01,28.55,28.01,64800.0,28.0,4800,28.01,2500,-1.89,28.01,28.01,64800,1820000.0,0.01,0.0,128.88,129.76,31.41,25.7,0.0
共进股份,sh603118,12.16,12.34,12.16,249600.0,12.16,2500,12.2,1500,-1.46,12.16,12.16,249600,3040000.0,0.03,0.0,95.73,95.73,13.57,11.11,0.0
两面针,sh600249,5.8,5.86,5.8,25900.0,5.8,54100,5.82,2600,-1.02,5.8,5.8,25900,150000.0,0.0,0.0,31.9,31.9,6.45,5.27,0.0
东星医疗,sz301290,27.61,27.99,27.61,1900.0,27.61,4500,27.97,500,-1.36,27.61,27.61,1900,50000.0,0.0,0.0,18.82,27.66,33.59,22.39,0.0
盟科药业-U,sh688373,5.86,5.92,5.86,12314500.0,5.86,59500,5.88,47500,-1.01,5.86,5.86,12314500,720000.0,0.02,0.0,35.49,38.45,7.1,4.74,0.0
安控科技,sz300370,3.02,2.96,3.02,541700.0,3.02,135900,3.03,46600,2.03,3.02,3.02,541700,1640000.0,0.03,0.0,47.16,47.27,3.55,2.37,0.0
海能技术,bj920476,22.68,22.85,22.68,19000.0,22.68,500,22.76,13400,-0.74,22.68,22.68,19000,430700.0,0.02,0.0,18.27,19.32,29.7,16.0,0.0
芯瑞达,sz002983,24.77,25.24,24.77,72700.0,24.77,5000,24.78,400,-1.86,24.77,24.77,72700,1800000.0,0.06,0.0,31.74,55.4,27.76,22.72,0.0
银之杰,sz300085,37.04,38.05,37.04,313800.0,37.03,1600,37.04,15600,-2.65,37.04,37.04,313800,11620000.0,0.05,0.0,241.51,261.74,45.66,30.44,0.0
华阳集团,sz002906,31.45,31.92,31.45,72800.0,31.45,2500,31.46,6000,-1.47,31.45,31.45,72800,2290000.0,0.01,0.0,165.03,165.09,35.11,28.73,0.0
一彬科技,sz001278,24.24,24.24,24.24,12600.0,24.23,200,24.24,13300,0.0,24.24,24.24,12600,310000.0,0.01,0.0,20.68,29.99,26.66,21.82,0.0
广电网络,sh600831,4.21,4.28,4.21,109800.0,4.21,40500,4.23,1500,-1.64,4.21,4.21,109800,460000.0,0.02,0.0,29.93,29.93,4.71,3.85,0.0
科华生物,sz002022,5.91,5.97,5.91,58000.0,5.9,3400,5.91,24500,-1.01,5.91,5.91,58000,340000.0,0.01,0.0,30.39,30.4,6.57,5.37,0.0
蓝思科技,sz300433,31.7,32.41,31.7,484200.0,31.69,1700,31.7,33300,-2.19,31.7,31.7,484200,15350000.0,0.01,0.0,1575.23,1673.36,38.89,25.93,0.0
电科网安,sz002268,19.57,19.26,19.57,333000.0,19.57,14500,19.58,7400,1.61,19.57,19.57,333000,6520000.0,0.04,0.0,165.42,165.49,21.19,17.33,0.0
实朴检测,sz301228,43.0,43.55,43.0,5400.0,42.62,500,43.0,100,-1.26,43.0,43.0,5400,230000.0,0.0,0.0,51.36,51.6,52.26,34.84,0.0
汉马科技,sh600375,5.47,5.5,5.47,358800.0,5.46,7000,5.47,27900,-0.55,5.47,5.47,358800,1960000.0,0.02,0.0,80.01,87.69,6.05,4.95,0.0
卓翼科技,sz002369,7.81,8.02,7.81,214200.0,7.81,3300,7.83,23900,-2.62,7.81,7.81,214200,1670000.0,0.04,0.0,44.22,44.28,8.82,7.22,0.0
麦格米特,sz002851,122.68,128.36,122.68,330400.0,122.68,62200,122.79,100,-4.43,122.68,122.68,330400,40530000.0,0.07,0.0,561.82,713.38,141.2,115.52,0.0
电光科技,sz002730,17.19,17.43,17.19,152500.0,17.19,11800,17.2,300,-1.38,17.19,17.19,152500,2620000.0,0.04,0.0,59.48,62.24,19.17,15.69,0.0
伟思医疗,sh688580,56.71,56.71,56.71,3507900.0,56.71,500,56.8,5000,0.0,56.71,56.71,3507900,1990000.0,0.04,0.0,54.31,54.31,68.05,45.37,0.0
广田集团,sz002482,1.78,1.8,1.78,644300.0,1.77,682900,1.78,471100,-1.11,1.78,1.78,644300,1150000.0,0.02,0.0,66.64,66.77,1.98,1.62,0.0
ST京蓝,sz000711,4.12,4.16,4.12,16720800.0,4.12,48600,4.13,12700,-0.96,4.12,4.12,16720800,68890000.0,0.73,0.0,94.17,117.71,4.37,3.95,0.0
同仁堂,sh600085,29.8,30.02,29.8,127100.0,29.79,2000,29.8,5000,-0.73,29.8,29.8,127100,3790000.0,0.01,0.0,408.7,408.7,33.02,27.02,0.0
横店影视,sh603103,24.2,24.87,24.2,232200.0,24.19,1400,24.2,27100,-2.69,24.2,24.2,232200,5620000.0,0.04,0.0,153.48,153.48,27.36,22.38,0.0
国航远洋,bj920571,13.25,11.9,13.25,2415700.0,13.24,39500,13.25,23800,11.34,13.25,13.25,2415700,32008500.0,0.86,0.0,37.26,73.59,15.47,8.33,0.0
晋亿实业,sh601002,5.46,5.51,5.46,47700.0,5.46,14000,5.48,6600,-0.91,5.46,5.46,47700,260000.0,0.0,0.0,52.11,52.11,6.06,4.96,0.0
汉王科技,sz002362,20.3,20.64,20.3,25500.0,20.28,300,20.3,5400,-1.65,20.3,20.3,25500,520000.0,0.01,0.0,42.14,49.62,22.7,18.58,0.0
东华测试,sz300354,39.28,39.73,39.28,8200.0,39.27,300,39.29,600,-1.13,39.28,39.28,8200,320000.0,0.01,0.0,31.94,54.33,47.68,31.78,0.0
百胜智能,sz301083,19.35,19.61,19.35,35500.0,19.35,17300,19.54,200,-1.33,19.35,19.35,35500,690000.0,0.04,0.0,16.57,34.42,23.53,15.69,0.0
徐家汇,sz002561,8.48,8.55,8.48,33800.0,8.47,8100,8.48,3300,-0.82,8.48,8.48,33800,290000.0,0.01,0.0,35.14,35.26,9.41,7.7,0.0
金证股份,sh600446,14.28,14.5,14.28,189600.0,14.28,16500,14.29,3100,-1.52,14.28,14.28,189600,2710000.0,0.02,0.0,134.41,134.41,15.95,13.05,0.0
安彩高科,sh600207,5.68,5.75,5.68,340900.0,5.67,141400,5.68,8800,-1.22,5.68,5.68,340900,1940000.0,0.03,0.0,61.87,61.87,6.33,5.18,0.0
*ST辉丰,sz002496,2.13,2.08,2.13,4261600.0,2.12,305700,2.13,22700,2.4,2.13,2.13,4261600,9080000.0,0.38,0.0,23.7,32.11,2.18,1.98,0.0
固高科技,sz301510,33.32,33.9,33.32,58400.0,33.31,17100,33.32,10800,-1.71,33.32,33.32,58400,1950000.0,0.02,0.0,93.02,133.28,40.68,27.12,0.0
中京电子,sz002579,11.81,12.05,11.81,138100.0,11.81,19200,11.83,11700,-1.99,11.81,11.81,138100,1630000.0,0.02,0.0,68.9,72.35,13.26,10.85,0.0
丹娜生物,bj920009,73.1,74.15,73.1,1000.0,73.01,300,73.1,0,-1.42,73.1,73.1,1000,73700.0,0.01,0.0,5.26,40.49,96.39,51.91,0.0
英科医疗,sz300677,47.99,45.71,47.99,260100.0,47.92,600,47.99,15700,4.99,47.99,47.99,260100,12480000.0,0.06,0.0,223.45,314.22,54.85,36.57,0.0
实丰文化,sz002862,16.4,16.77,16.4,58500.0,16.4,1100,16.44,200,-2.21,16.4,16.4,58500,960000.0,0.05,0.0,20.7,27.55,18.45,15.09,0.0
中科通达,sh688038,21.67,22.03,21.67,838300.0,21.67,1500,22.03,400,-1.63,21.67,21.67,838300,180000.0,0.01,0.0,25.22,25.22,26.44,17.62,0.0
亚普股份,sh603013,22.8,22.87,22.8,17900.0,22.79,1000,22.8,700,-0.31,22.8,22.8,17900,410000.0,0.0,0.0,115.87,115.87,25.16,20.58,0.0
维业股份,sz300621,8.93,9.05,8.93,35000.0,8.93,12100,8.94,2600,-1.33,8.93,8.93,35000,310000.0,0.02,0.0,18.09,18.58,10.86,7.24,0.0
文科股份,sz002775,4.41,4.46,4.41,76900.0,4.4,5000,4.42,100,-1.12,4.41,4.41,76900,340000.0,0.02,0.0,20.79,28.06,4.91,4.01,0.0
普瑞眼科,sz301239,31.96,32.2,31.96,6200.0,31.96,1900,31.99,600,-0.75,31.96,31.96,6200,200000.0,0.0,0.0,47.82,47.82,38.64,25.76,0.0
海陆重工,sz002255,12.95,13.11,12.95,226500.0,12.94,5000,12.95,18400,-1.22,12.95,12.95,226500,2930000.0,0.04,0.0,82.62,107.6,14.42,11.8,0.0
润本股份,sh603193,22.36,22.55,22.36,24200.0,22.36,1100,22.43,7000,-0.84,22.36,22.36,24200,540000.0,0.02,0.0,23.11,90.47,24.81,20.3,0.0
宏英智能,sz001266,35.45,36.12,35.45,39900.0,35.45,2600,35.65,1300,-1.85,35.45,35.45,39900,1410000.0,0.07,0.0,20.59,36.72,39.73,32.51,0.0
奕瑞科技,sh688301,124.22,126.57,124.22,1146500.0,124.2,200,124.22,2900,-1.86,124.22,124.22,1146500,1420000.0,0.01,0.0,248.94,262.66,151.88,101.26,0.0
方大集团,sz000055,3.92,3.95,3.92,64900.0,3.92,200,3.95,900,-0.76,3.92,3.92,64900,250000.0,0.01,0.0,26.49,42.1,4.35,3.56,0.0
新坐标,sh603040,90.2,92.8,90.2,9100.0,90.11,2000,90.2,3600,-2.8,90.2,90.2,9100,820000.0,0.01,0.0,122.44,123.08,102.08,83.52,0.0
中化岩土,sz002542,3.3,3.32,3.3,431900.0,3.3,82400,3.31,265500,-0.6,3.3,3.3,431900,1430000.0,0.02,0.0,58.04,59.6,3.65,2.99,0.0
凯华材料,bj920526,21.9,22.16,21.9,4700.0,21.9,7100,22.2,300,-1.17,21.9,21.9,4700,103200.0,0.01,0.0,11.47,18.11,28.8,15.52,0.0
津荣天宇,sz300988,27.83,28.27,27.83,33600.0,27.83,3700,27.87,700,-1.56,27.83,27.83,33600,940000.0,0.03,0.0,29.69,39.04,33.92,22.62,0.0
国科军工,sh688543,77.0,76.44,77.0,8334900.0,76.79,800,77.0,1300,0.73,77.0,77.0,8334900,6420000.0,0.07,0.0,89.29,160.81,91.73,61.15,0.0
雪龙集团,sh603949,17.9,18.06,17.9,15100.0,17.89,600,17.9,11600,-0.89,17.9,17.9,15100,270000.0,0.01,0.0,37.63,37.72,19.87,16.25,0.0
同心传动,bj920454,15.15,15.32,15.15,5900.0,15.14,2100,15.15,3500,-1.11,15.15,15.15,5900,89400.0,0.01,0.0,9.57,15.92,19.91,10.73,0.0
珀莱雅,sh603605,68.0,68.17,68.0,51200.0,67.9,100,68.0,8300,-0.25,68.0,68.0,51200,3480000.0,0.01,0.0,269.26,269.26,74.99,61.35,0.0
龙头股份,sh600630,8.52,8.65,8.52,123000.0,8.52,200,8.55,10900,-1.5,8.52,8.52,123000,1050000.0,0.03,0.0,36.2,36.2,9.52,7.79,0.0
甬金股份,sh603995,19.18,19.32,19.18,51300.0,19.18,500,19.2,21900,-0.72,19.18,19.18,51300,980000.0,0.01,0.0,70.13,70.13,21.25,17.39,0.0
华媒控股,sz000607,4.26,4.34,4.26,128900.0,4.26,15300,4.27,1100,-1.84,4.26,4.26,128900,550000.0,0.01,0.0,37.7,43.35,4.77,3.91,0.0
金隅集团,sh601992,1.9,1.92,1.9,758300.0,1.9,245800,1.91,835500,-1.04,1.9,1.9,758300,1440000.0,0.01,0.0,158.35,202.88,2.11,1.73,0.0
渝 开 发,sz000514,4.9,4.96,4.9,223000.0,4.9,24800,4.91,63600,-1.21,4.9,4.9,223000,1090000.0,0.03,0.0,41.34,41.34,5.46,4.46,0.0
徐工机械,sz000425,12.07,12.29,12.07,413400.0,12.06,10500,12.07,13200,-1.79,12.07,12.07,413400,4990000.0,0.0,0.0,1087.41,1418.06,13.52,11.06,0.0
中力股份,sh603194,36.18,36.33,36.18,9000.0,36.18,6600,36.2,3600,-0.41,36.18,36.18,9000,330000.0,0.01,0.0,57.17,145.08,39.96,32.7,0.0
金自天正,sh600560,16.14,16.35,16.14,29100.0,16.14,11300,16.15,500,-1.28,16.14,16.14,29100,470000.0,0.01,0.0,36.1,36.1,17.99,14.72,0.0
赛维时代,sz301381,19.66,19.97,19.66,27600.0,19.66,9400,19.97,3300,-1.55,19.66,19.66,27600,540000.0,0.01,0.0,38.43,79.32,23.96,15.98,0.0
同方股份,sh600100,8.84,8.91,8.84,939300.0,8.84,2400,8.85,94400,-0.79,8.84,8.84,939300,8300000.0,0.03,0.0,296.17,296.17,9.8,8.02,0.0
锴威特,sh688693,41.74,42.61,41.74,1722400.0,41.74,1700,41.9,4100,-2.04,41.74,41.74,1722400,720000.0,0.04,0.0,16.24,30.76,51.13,34.09,0.0
信邦制药,sz002390,3.3,3.33,3.3,373800.0,3.3,25500,3.31,3400,-0.9,3.3,3.3,373800,1230000.0,0.02,0.0,63.62,64.15,3.66,3.0,0.0
胜业电气,bj920128,27.0,27.8,27.0,25400.0,27.0,2400,27.48,700,-2.88,27.0,27.0,25400,684599.9999999999,0.07,0.0,10.32,21.92,36.14,19.46,0.0
华塑股份,sh600935,3.05,3.0,3.05,1571900.0,3.05,1525800,3.06,53800,1.67,3.05,3.05,1571900,4790000.0,0.04,0.0,106.98,109.64,3.3,2.7,0.0
蓝黛科技,sz002765,10.81,11.05,10.81,81000.0,10.81,1300,10.83,200,-2.17,10.81,10.81,81000,880000.0,0.01,0.0,64.42,70.5,12.16,9.95,0.0
绿地控股,sh600606,1.62,1.64,1.62,4092400.0,1.62,4419700,1.63,4026500,-1.22,1.62,1.62,4092400,6630000.0,0.03,0.0,227.68,227.68,1.8,1.48,0.0
富士莱,sz301258,33.64,33.88,33.64,5800.0,33.62,1300,33.79,100,-0.71,33.64,33.64,5800,200000.0,0.01,0.0,29.96,30.84,40.66,27.1,0.0
顺威股份,sz002676,7.4,7.45,7.4,72100.0,7.4,15700,7.41,15000,-0.67,7.4,7.4,72100,530000.0,0.01,0.0,53.28,53.28,8.2,6.71,0.0
雅葆轩,bj920357,23.52,23.73,23.52,2100.0,23.52,700,23.89,2900,-0.88,23.52,23.52,2100,49400.00000000001,0.0,0.0,10.47,18.83,30.84,16.62,0.0
派克新材,sh605123,107.1,110.03,107.1,48300.0,107.1,700,107.2,1600,-2.66,107.1,107.1,48300,5170000.0,0.04,0.0,129.77,129.77,121.03,99.03,0.0
中路股份,sh600818,9.35,9.43,9.35,10300.0,9.34,100,9.35,3100,-0.85,9.35,9.35,10300,100000.0,0.0,0.0,22.25,30.06,10.37,8.49,0.0
倍轻松,sh688793,21.33,21.51,21.33,3687100.0,21.2,1500,21.33,1000,-0.84,21.33,21.33,3687100,790000.0,0.04,0.0,18.33,18.33,25.81,17.21,0.0
威龙股份,sh603779,6.69,6.77,6.69,62200.0,6.69,7600,6.7,1800,-1.18,6.69,6.69,62200,420000.0,0.02,0.0,22.22,22.22,7.45,6.09,0.0
博瑞传播,sh600880,5.21,5.29,5.21,275500.0,5.21,51200,5.22,161600,-1.51,5.21,5.21,275500,1440000.0,0.03,0.0,56.95,56.96,5.82,4.76,0.0
华星创业,sz300025,5.85,5.92,5.85,55000.0,5.84,2000,5.85,155300,-1.18,5.85,5.85,55000,320000.0,0.01,0.0,29.62,29.76,7.1,4.74,0.0
中捷资源,sz002021,3.46,3.55,3.46,494800.0,3.46,50500,3.49,365800,-2.54,3.46,3.46,494800,1710000.0,0.04,0.0,41.36,41.36,3.91,3.2,0.0
建设工业,sz002265,23.73,23.74,23.73,62600.0,23.66,100,23.73,8000,-0.04,23.73,23.73,62600,1490000.0,0.01,0.0,245.14,245.14,26.11,21.37,0.0
无锡晶海,bj920547,23.98,24.18,23.98,12900.0,23.9,1700,23.98,15900,-0.83,23.98,23.98,12900,309300.0,0.03,0.0,9.04,18.63,31.43,16.93,0.0
北摩高科,sz002985,39.06,39.71,39.06,103400.0,39.06,3900,39.1,4100,-1.64,39.06,39.06,103400,4040000.0,0.06,0.0,68.62,129.62,43.68,35.74,0.0
甘源食品,sz002991,53.87,54.08,53.87,6900.0,53.61,1600,53.9,100,-0.39,53.87,53.87,6900,370000.0,0.01,0.0,26.9,50.22,59.49,48.67,0.0
中曼石油,sh603619,44.5,40.45,44.5,1744900.0,44.5,6310200,0.0,0,10.01,44.5,44.5,1744900,77650000.0,0.38,0.0,205.74,205.74,44.5,36.41,0.0
京能热力,sz002893,11.58,11.64,11.58,53900.0,11.58,10800,11.64,3800,-0.52,11.58,11.58,53900,620000.0,0.03,0.0,23.48,30.53,12.8,10.48,0.0
万安科技,sz002590,13.45,13.72,13.45,42100.0,13.45,500,13.5,3000,-1.97,13.45,13.45,42100,570000.0,0.01,0.0,66.57,69.81,15.09,12.35,0.0
嵘泰股份,sh605133,28.65,29.0,28.65,26400.0,28.62,3000,28.65,33900,-1.21,28.65,28.65,26400,760000.0,0.01,0.0,80.83,81.01,31.9,26.1,0.0
莱斯信息,sh688631,66.3,68.41,66.3,5390400.0,66.3,5000,67.0,200,-3.08,66.3,66.3,5390400,3570000.0,0.08,0.0,43.01,108.38,82.09,54.73,0.0
海鸥股份,sh603269,16.09,16.94,16.09,1018400.0,16.08,22000,16.09,48900,-5.02,16.09,16.09,1018400,16390000.0,0.33,0.0,49.68,49.68,18.63,15.25,0.0
湘邮科技,sh600476,12.8,12.97,12.8,22600.0,12.8,9800,12.88,500,-1.31,12.8,12.8,22600,290000.0,0.01,0.0,20.62,20.62,14.27,11.67,0.0
星网宇达,sz002829,26.71,27.11,26.71,42800.0,26.7,6300,26.71,2200,-1.48,26.71,26.71,42800,1140000.0,0.03,0.0,39.01,55.51,29.82,24.4,0.0
吉大通信,sz300597,9.8,9.92,9.8,25400.0,9.75,12300,9.8,16500,-1.21,9.8,9.8,25400,250000.0,0.01,0.0,26.59,26.71,11.9,7.94,0.0
ST路通,sz300555,13.48,13.5,13.48,7800.0,13.41,100,13.48,14700,-0.15,13.48,13.48,7800,110000.0,0.0,0.0,26.69,26.96,16.2,10.8,0.0
爱仕达,sz002403,11.24,11.35,11.24,33900.0,11.2,700,11.24,8900,-0.97,11.24,11.24,33900,380000.0,0.01,0.0,33.4,38.29,12.49,10.22,0.0
何氏眼科,sz301103,20.73,20.92,20.73,6000.0,20.72,100,20.75,100,-0.91,20.73,20.73,6000,120000.0,0.0,0.0,32.76,32.76,25.1,16.74,0.0
大丰实业,sh603081,12.19,12.46,12.19,63300.0,12.19,600,12.24,100,-2.17,12.19,12.19,63300,770000.0,0.01,0.0,51.5,51.5,13.71,11.21,0.0
康泰医学,sz300869,14.29,14.47,14.29,21000.0,14.27,1100,14.29,26800,-1.24,14.29,14.29,21000,300000.0,0.01,0.0,36.21,57.42,17.36,11.58,0.0
易天股份,sz300812,40.34,43.09,40.34,390000.0,40.32,500,40.34,8300,-6.38,40.34,40.34,390000,15730000.0,0.42,0.0,37.4,56.51,51.71,34.47,0.0
联合光电,sz300691,17.52,17.88,17.52,114100.0,17.52,2100,17.54,1700,-2.01,17.52,17.52,114100,2000000.0,0.05,0.0,38.67,47.14,21.46,14.3,0.0
苏豪时尚,sh600287,5.93,5.97,5.93,51800.0,5.93,4500,5.95,4000,-0.67,5.93,5.93,51800,310000.0,0.01,0.0,25.9,25.9,6.57,5.37,0.0
派诺科技,bj920375,16.0,16.88,16.0,1212600.0,15.99,4500,16.0,43500,-5.21,16.0,16.0,1212600,19401700.0,1.87,0.0,10.39,17.39,21.94,11.82,0.0
九联科技,sh688609,8.48,8.62,8.48,7034100.0,8.47,7200,8.48,39200,-1.62,8.48,8.48,7034100,600000.0,0.01,0.0,42.4,42.4,10.34,6.9,0.0
辽港股份,sh601880,1.74,1.73,1.74,2074700.0,1.73,2851100,1.74,3522800,0.58,1.74,1.74,2074700,3610000.0,0.01,0.0,320.39,410.15,1.9,1.56,0.0
奥普光电,sz002338,52.57,53.47,52.57,29900.0,52.57,600,52.7,200,-1.68,52.57,52.57,29900,1570000.0,0.01,0.0,126.17,126.17,58.82,48.12,0.0
卓锦股份,sh688701,10.16,10.28,10.16,4382000.0,10.15,5100,10.16,8000,-1.17,10.16,10.16,4382000,450000.0,0.03,0.0,13.64,13.64,12.34,8.22,0.0
港通医疗,sz301515,24.82,25.17,24.82,22700.0,24.82,200,24.87,1800,-1.39,24.82,24.82,22700,560000.0,0.03,0.0,16.27,24.82,30.2,20.14,0.0
禾川科技,sh688320,33.01,33.54,33.01,1200000.0,33.01,400,33.24,1000,-1.58,33.01,33.01,1200000,400000.0,0.01,0.0,49.85,49.85,40.25,26.83,0.0
京能置业,sh600791,8.11,8.25,8.11,120400.0,8.11,13700,8.23,3600,-1.7,8.11,8.11,120400,980000.0,0.03,0.0,36.68,36.73,9.08,7.43,0.0
金运激光,sz300220,15.0,15.27,15.0,31000.0,15.0,14300,15.2,4100,-1.77,15.0,15.0,31000,470000.0,0.02,0.0,22.65,22.68,18.32,12.22,0.0
源飞宠物,sz001222,20.71,21.09,20.71,9700.0,20.71,1700,20.86,300,-1.8,20.71,20.71,9700,200000.0,0.01,0.0,22.24,39.53,23.2,18.98,0.0
华之杰,sh603400,69.33,71.0,69.33,21100.0,69.33,300,69.94,200,-2.35,69.33,69.33,21100,1460000.0,0.11,0.0,13.87,69.33,78.1,63.9,0.0
乔治白,sz002687,5.17,5.25,5.17,119900.0,5.17,9900,5.18,7700,-1.52,5.17,5.17,119900,620000.0,0.03,0.0,21.38,26.1,5.78,4.73,0.0
水羊股份,sz300740,22.2,22.74,22.2,285400.0,22.2,104700,22.21,600,-2.37,22.2,22.2,285400,6340000.0,0.08,0.0,79.69,86.58,27.29,18.19,0.0
永泰能源,sh600157,1.93,1.86,1.93,43487200.0,1.92,3074400,1.93,1284200,3.76,1.93,1.93,43487200,83930000.0,0.2,0.0,421.08,421.08,2.05,1.67,0.0
爱尔眼科,sz300015,10.22,10.32,10.22,698900.0,10.21,24600,10.22,9700,-0.97,10.22,10.22,698900,7140000.0,0.01,0.0,813.04,953.06,12.38,8.26,0.0
秉扬科技,bj920675,13.41,12.39,13.41,367000.0,13.41,20700,13.42,500,8.23,13.41,13.41,367000,4921700.0,0.46,0.0,10.6,23.09,16.1,8.68,0.0
挖金客,sz301380,34.23,34.84,34.23,16100.0,34.23,300,34.55,100,-1.75,34.23,34.23,16100,550000.0,0.02,0.0,27.64,34.71,41.81,27.87,0.0
青松股份,sz300132,9.4,9.54,9.4,45700.0,9.36,3000,9.4,1400,-1.47,9.4,9.4,45700,430000.0,0.01,0.0,47.76,48.56,11.45,7.63,0.0
海泰科,sz301022,31.42,31.96,31.42,26500.0,31.42,500,31.7,300,-1.69,31.42,31.42,26500,830000.0,0.04,0.0,20.98,31.26,38.35,25.57,0.0
本川智能,sz300964,59.36,60.63,59.36,17800.0,59.12,100,59.36,300,-2.09,59.36,59.36,17800,1060000.0,0.03,0.0,33.2,45.88,72.76,48.5,0.0
圣龙股份,sh603178,16.54,16.74,16.54,17400.0,16.53,2000,16.54,22900,-1.19,16.54,16.54,17400,290000.0,0.01,0.0,39.1,39.1,18.41,15.07,0.0
华岭股份,bj920139,19.54,19.95,19.54,25700.0,19.53,2700,19.54,5200,-2.06,19.54,19.54,25700,502500.0,0.01,0.0,50.48,52.66,25.93,13.97,0.0
国子软件,bj920953,33.7,34.38,33.7,10400.0,33.7,7700,34.0,50000,-1.98,33.7,33.7,10400,351500.0,0.02,0.0,20.18,43.18,44.69,24.07,0.0
峆一药业,bj920478,17.79,18.16,17.79,8400.0,17.79,1200,17.8,7700,-2.04,17.79,17.79,8400,150100.0,0.02,0.0,8.4,14.0,23.6,12.72,0.0
光韵达,sz300227,12.83,13.23,12.83,285700.0,12.81,8900,12.83,21900,-3.02,12.83,12.83,285700,3670000.0,0.07,0.0,55.56,71.41,15.88,10.58,0.0
长安汽车,sz000625,10.8,10.87,10.8,705700.0,10.79,104100,10.8,63500,-0.64,10.8,10.8,705700,7620000.0,0.01,0.0,892.85,1070.6,11.96,9.78,0.0
恒合股份,bj920145,17.82,17.82,17.82,600.0,17.82,400,18.08,300,0.0,17.82,17.82,600,10700.0,0.0,0.0,8.66,12.57,23.16,12.48,0.0
电声股份,sz300805,11.89,12.08,11.89,45300.0,11.88,10200,11.89,1700,-1.57,11.89,11.89,45300,540000.0,0.02,0.0,34.28,50.47,14.5,9.66,0.0
翰博高新,sz301321,22.7,23.46,22.7,44400.0,22.57,500,22.7,4300,-3.24,22.7,22.7,44400,1010000.0,0.03,0.0,33.51,42.32,28.15,18.77,0.0
江淮汽车,sh600418,50.0,51.18,50.0,528200.0,50.0,48000,50.01,1300,-2.31,50.0,50.0,528200,26410000.0,0.02,0.0,1092.0,1127.09,56.3,46.06,0.0
ST香雪,sz300147,9.51,9.45,9.51,178600.0,9.5,23000,9.51,8100,0.63,9.51,9.51,178600,1700000.0,0.03,0.0,62.52,62.89,11.34,7.56,0.0
凯腾精工,bj920553,10.05,10.07,0.0,0.0,10.05,100,10.15,100,-0.2,0.0,0.0,0,0.0,0.0,0.0,9.23,14.44,13.09,7.05,0.0
智明达,sh688636,45.0,45.89,45.0,2236200.0,45.0,1800,45.89,600,-1.94,45.0,45.0,2236200,1010000.0,0.01,0.0,75.43,78.26,55.07,36.71,0.0
通用股份,sh601500,4.42,4.46,4.42,240800.0,4.42,37700,4.43,37900,-0.9,4.42,4.42,240800,1060000.0,0.02,0.0,69.97,70.25,4.91,4.01,0.0
博晖创新,sz300318,6.11,6.2,6.11,175000.0,6.11,3000,6.12,10000,-1.45,6.11,6.11,175000,1070000.0,0.02,0.0,48.79,49.91,7.44,4.96,0.0
东方海洋,sz002086,2.3,2.32,2.3,1361800.0,2.3,329500,2.31,40200,-0.86,2.3,2.3,1361800,3130000.0,0.09,0.0,36.37,45.06,2.55,2.09,0.0
锦好医疗,bj920925,20.08,20.33,20.08,14100.0,20.08,2500,20.19,1500,-1.23,20.08,20.08,14100,282800.0,0.03,0.0,11.1,19.77,26.42,14.24,0.0
创新医疗,sz002173,29.01,29.91,29.01,1121700.0,29.01,1200,29.09,200,-3.01,29.01,29.01,1121700,32540000.0,0.27,0.0,120.77,128.02,32.9,26.92,0.0
延华智能,sz002178,6.66,6.85,6.66,2385700.0,6.66,235300,6.67,38900,-2.77,6.66,6.66,2385700,15890000.0,0.34,0.0,47.4,47.43,7.54,6.17,0.0
百联股份,sh600827,8.56,8.65,8.56,133500.0,8.56,36800,8.59,3800,-1.04,8.56,8.56,133500,1140000.0,0.01,0.0,137.34,152.72,9.52,7.79,0.0
石头科技,sh688169,133.02,134.63,133.02,4256800.0,133.02,1600,133.03,2300,-1.2,133.02,133.02,4256800,5660000.0,0.02,0.0,344.66,344.66,161.56,107.7,0.0
*ST艾艾,sh603580,15.47,15.87,0.0,0.0,15.47,400,15.79,300,-2.52,0.0,0.0,0,0.0,0.0,0.0,20.22,20.22,16.66,15.08,0.0
奥雅股份,sz300949,40.79,40.99,40.79,13800.0,40.79,700,40.88,100,-0.49,40.79,40.79,13800,560000.0,0.04,0.0,13.99,24.47,49.19,32.79,0.0
贝仕达克,sz300822,15.83,15.92,15.83,59400.0,15.83,1500,15.87,1200,-0.57,15.83,15.83,59400,940000.0,0.02,0.0,45.75,49.32,19.1,12.74,0.0
星帅尔,sz002860,13.01,13.33,13.01,110200.0,13.01,50400,13.03,1000,-2.4,13.01,13.01,110200,1430000.0,0.03,0.0,45.49,46.8,14.66,12.0,0.0
金杯汽车,sh600609,4.47,4.5,4.47,355400.0,4.46,6400,4.47,33800,-0.67,4.47,4.47,355400,1590000.0,0.03,0.0,58.31,58.31,4.95,4.05,0.0
花园生物,sz300401,15.8,16.02,15.8,180600.0,15.8,1100,15.81,35600,-1.37,15.8,15.8,180600,2850000.0,0.03,0.0,84.47,85.87,19.22,12.82,0.0
宇瞳光学,sz300790,26.62,27.46,26.62,165900.0,26.62,7700,26.66,200,-3.06,26.62,26.62,165900,4420000.0,0.05,0.0,86.41,99.59,32.95,21.97,0.0
科锐国际,sz300662,25.41,25.65,25.41,30900.0,25.26,300,25.41,600,-0.94,25.41,25.41,30900,790000.0,0.02,0.0,49.88,50.01,30.78,20.52,0.0
裕同科技,sz002831,31.47,31.52,31.47,13900.0,31.45,200,31.47,800,-0.16,31.47,31.47,13900,440000.0,0.0,0.0,160.81,289.69,34.67,28.37,0.0
蓝帆医疗,sz002382,6.57,6.61,6.57,169900.0,6.57,6900,6.58,4200,-0.61,6.57,6.57,169900,1120000.0,0.02,0.0,65.68,66.17,7.27,5.95,0.0
海鸥住工,sz002084,3.93,3.98,3.93,298000.0,3.92,200,3.93,37300,-1.26,3.93,3.93,298000,1170000.0,0.05,0.0,25.33,25.39,4.38,3.58,0.0
深粮控股,sz000019,7.49,7.45,7.49,780600.0,7.49,88000,7.5,7800,0.54,7.49,7.49,780600,5850000.0,0.19,0.0,31.17,86.32,8.2,6.71,0.0
恒华科技,sz300365,6.83,6.89,6.83,1691300.0,6.83,6600,6.84,23700,-0.87,6.83,6.83,1691300,11550000.0,0.33,0.0,34.95,40.97,8.27,5.51,0.0
朗玛信息,sz300288,13.56,13.73,13.56,31500.0,13.56,10400,13.57,5300,-1.24,13.56,13.56,31500,430000.0,0.01,0.0,34.79,45.82,16.48,10.98,0.0
永顺泰,sz001338,12.99,13.05,12.99,194800.0,12.99,400,13.0,38900,-0.46,12.99,12.99,194800,2530000.0,0.04,0.0,65.17,65.17,14.36,11.75,0.0
佩蒂股份,sz300673,16.64,16.82,16.64,16400.0,16.61,1000,16.64,5200,-1.07,16.64,16.64,16400,270000.0,0.01,0.0,26.95,41.41,20.18,13.46,0.0
银信科技,sz300231,10.85,11.02,10.85,24300.0,10.85,1600,10.87,2900,-1.54,10.85,10.85,24300,260000.0,0.01,0.0,48.2,48.21,13.22,8.82,0.0
金智科技,sz002090,12.41,12.59,12.41,85800.0,12.41,100,12.46,2900,-1.43,12.41,12.41,85800,1060000.0,0.02,0.0,49.15,49.71,13.85,11.33,0.0
金地集团,sh600383,3.09,3.14,3.09,1640300.0,3.09,831000,3.1,704200,-1.59,3.09,3.09,1640300,5070000.0,0.04,0.0,139.5,139.5,3.45,2.83,0.0
光洋股份,sz002708,12.75,12.95,12.75,80100.0,12.73,1000,12.75,18100,-1.54,12.75,12.75,80100,1020000.0,0.02,0.0,65.87,71.67,14.25,11.66,0.0
迪安诊断,sz300244,20.5,21.06,20.5,263400.0,20.5,37700,20.58,13600,-2.66,20.5,20.5,263400,5400000.0,0.05,0.0,102.8,128.12,25.27,16.85,0.0
恒立钻具,bj920942,30.31,30.07,30.31,24200.0,30.31,1100,30.37,2700,0.8,30.31,30.31,24200,733900.0,0.06,0.0,12.54,18.59,39.09,21.05,0.0
尤夫股份,sz002427,7.16,7.33,7.16,251100.0,7.16,2500,7.2,9100,-2.32,7.16,7.16,251100,1800000.0,0.03,0.0,70.5,70.56,8.06,6.6,0.0
杭州解百,sh600814,8.09,8.23,8.09,271800.0,8.09,111800,8.1,6500,-1.7,8.09,8.09,271800,2200000.0,0.04,0.0,59.47,59.47,9.05,7.41,0.0
海新能科,sz300072,5.96,5.54,5.96,6456700.0,5.96,180800,5.97,62200,7.58,5.96,5.96,6456700,38480000.0,0.28,0.0,138.95,140.04,6.65,4.43,0.0
福星股份,sz000926,2.23,2.25,2.23,212400.0,2.23,74200,2.24,353300,-0.89,2.23,2.23,212400,470000.0,0.01,0.0,35.08,35.52,2.48,2.03,0.0
实益达,sz002137,8.59,8.76,8.59,144600.0,8.59,5900,8.6,15500,-1.94,8.59,8.59,144600,1240000.0,0.04,0.0,34.06,49.61,9.64,7.88,0.0
艾布鲁,sz301259,35.93,36.75,35.93,20200.0,35.92,500,35.93,3600,-2.23,35.93,35.93,20200,730000.0,0.02,0.0,35.52,56.05,44.1,29.4,0.0
荣盛发展,sz002146,1.57,1.59,1.57,1657300.0,1.57,745500,1.58,2431100,-1.26,1.57,1.57,1657300,2600000.0,0.04,0.0,61.41,68.27,1.75,1.43,0.0
德生科技,sz002908,9.6,9.77,9.6,38500.0,9.6,6300,9.64,3500,-1.74,9.6,9.6,38500,370000.0,0.01,0.0,30.9,41.42,10.75,8.79,0.0
宝信软件,sh600845,22.9,23.1,22.9,159800.0,22.88,6400,22.9,600,-0.87,22.9,22.9,159800,3660000.0,0.01,0.0,488.7,657.41,25.41,20.79,0.0
联翔股份,sh603272,22.55,22.56,22.55,21100.0,22.5,2600,22.55,3400,-0.04,22.55,22.55,21100,480000.0,0.02,0.0,23.37,23.37,24.82,20.3,0.0
数字政通,sz300075,13.6,13.8,13.6,65500.0,13.58,10100,13.6,11000,-1.45,13.6,13.6,65500,890000.0,0.01,0.0,70.1,84.47,16.56,11.04,0.0
威马农机,sz301533,34.8,35.34,34.8,25200.0,34.75,500,34.8,7600,-1.53,34.8,34.8,25200,880000.0,0.09,0.0,9.9,34.21,42.41,28.27,0.0
凯文教育,sz002659,5.79,5.85,5.79,75700.0,5.78,200,5.79,21400,-1.03,5.79,5.79,75700,440000.0,0.01,0.0,34.64,34.64,6.44,5.27,0.0
拾比佰,bj920768,12.48,12.65,12.48,12100.0,12.47,2000,12.48,3000,-1.34,12.48,12.48,12100,151000.0,0.02,0.0,9.55,13.85,16.44,8.86,0.0
骑士乳业,bj920786,9.92,10.04,9.92,105000.0,9.92,14700,9.95,4000,-1.2,9.92,9.92,105000,1041600.0,0.07,0.0,14.11,20.74,13.05,7.03,0.0
北方国际,sz000065,13.5,13.45,13.5,266300.0,13.45,8900,13.5,2800,0.37,13.5,13.5,266300,3600000.0,0.03,0.0,131.62,156.79,14.8,12.11,0.0
汇纳科技,sz300609,37.92,38.69,37.92,34100.0,37.92,400,38.0,100,-1.99,37.92,37.92,34100,1290000.0,0.03,0.0,45.48,45.55,46.43,30.95,0.0
瑞泰科技,sz002066,19.77,20.01,19.77,27300.0,19.77,3800,19.94,1900,-1.2,19.77,19.77,27300,540000.0,0.01,0.0,45.67,46.44,22.01,18.01,0.0
星宸科技,sz301536,77.5,79.81,77.5,73200.0,77.43,300,77.5,52500,-2.89,77.5,77.5,73200,5670000.0,0.04,0.0,145.07,326.83,95.77,63.85,0.0
金能科技,sh603113,7.57,7.43,7.57,385500.0,7.57,4300,7.58,3400,1.88,7.57,7.57,385500,2920000.0,0.05,0.0,64.23,64.23,8.17,6.69,0.0
德恩精工,sz300780,22.3,22.84,22.3,30300.0,22.3,300,22.57,3000,-2.36,22.3,22.3,30300,680000.0,0.03,0.0,23.98,32.71,27.41,18.27,0.0
酷特智能,sz300840,18.4,18.8,18.4,54200.0,18.37,200,18.4,9100,-2.13,18.4,18.4,54200,1000000.0,0.03,0.0,32.58,44.16,22.56,15.04,0.0
金现代,sz300830,13.85,14.27,13.85,1129100.0,13.85,7600,13.87,200,-2.94,13.85,13.85,1129100,15640000.0,0.33,0.0,46.69,62.55,17.12,11.42,0.0
北纬科技,sz002148,8.09,8.14,8.09,39000.0,8.08,15000,8.09,5100,-0.61,8.09,8.09,39000,320000.0,0.01,0.0,36.35,45.22,8.95,7.33,0.0
硅烷科技,bj920402,10.38,10.28,10.38,46900.0,10.36,1000,10.38,4600,0.97,10.38,10.38,46900,486800.0,0.02,0.0,28.32,43.81,13.36,7.2,0.0
居然智家,sz000785,2.84,2.87,2.84,1123700.0,2.84,468700,2.85,487300,-1.05,2.84,2.84,1123700,3190000.0,0.02,0.0,167.49,176.85,3.16,2.58,0.0
津滨发展,sz000897,2.2,2.22,2.2,718900.0,2.2,545200,2.21,258300,-0.9,2.2,2.2,718900,1580000.0,0.04,0.0,35.58,35.58,2.44,2.0,0.0
绿岛风,sz301043,54.56,55.5,54.56,6400.0,54.56,3000,55.5,1700,-1.69,54.56,54.56,6400,350000.0,0.01,0.0,30.96,37.1,66.6,44.4,0.0
獐子岛,sz002069,3.97,3.98,3.97,81000.0,3.96,4800,3.97,9600,-0.25,3.97,3.97,81000,320000.0,0.01,0.0,28.2,28.23,4.38,3.58,0.0
新锦动力,sz300157,9.12,8.03,9.12,5554800.0,9.12,299900,9.13,6700,13.57,9.12,9.12,5554800,50660000.0,0.78,0.0,64.55,68.76,9.64,6.42,0.0
五芳斋,sh603237,17.22,17.39,17.22,30300.0,17.22,1000,17.36,200,-0.98,17.22,17.22,30300,520000.0,0.02,0.0,33.75,33.94,19.13,15.65,0.0
绿的谐波,sh688017,204.03,212.45,204.03,8229200.0,204.03,1400,204.8,200,-3.96,204.03,204.03,8229200,16790000.0,0.04,0.0,374.05,374.05,254.94,169.96,0.0
哈三联,sz002900,11.76,11.91,11.76,10800.0,11.76,700,11.8,800,-1.26,11.76,11.76,10800,130000.0,0.01,0.0,18.95,37.2,13.1,10.72,0.0
合肥高科,bj920718,14.57,14.6,14.57,6400.0,14.56,1000,14.57,1900,-0.21,14.57,14.57,6400,93000.0,0.01,0.0,6.28,13.21,18.98,10.22,0.0
鼎智科技,bj920593,29.95,30.42,29.95,10700.0,29.9,800,29.95,7800,-1.55,29.95,29.95,10700,319000.0,0.01,0.0,48.4,57.0,39.54,21.3,0.0
日播时尚,sh603196,25.8,26.08,25.8,10600.0,25.8,1100,26.08,3600,-1.07,25.8,25.8,10600,270000.0,0.0,0.0,61.14,108.02,28.69,23.47,0.0
光峰科技,sh688007,15.17,15.48,15.17,7880500.0,15.17,8800,15.35,1000,-2.0,15.17,15.17,7880500,1200000.0,0.02,0.0,69.72,69.72,18.58,12.38,0.0
沙河股份,sz000014,13.11,13.17,13.11,86000.0,13.1,200,13.11,15300,-0.46,13.11,13.11,86000,1130000.0,0.04,0.0,31.73,31.73,14.49,11.85,0.0
宣亚国际,sz300612,16.19,16.39,16.19,54500.0,16.18,1000,16.19,25600,-1.22,16.19,16.19,54500,880000.0,0.03,0.0,29.12,29.22,19.67,13.11,0.0
兆讯传媒,sz301102,11.28,11.48,11.28,18600.0,11.28,1400,11.3,2000,-1.74,11.28,11.28,18600,210000.0,0.0,0.0,45.8,45.8,13.78,9.18,0.0
金盾股份,sz300411,11.73,11.87,11.73,67900.0,11.73,16500,11.74,500,-1.18,11.73,11.73,67900,800000.0,0.02,0.0,36.26,47.68,14.24,9.5,0.0
智度股份,sz000676,8.22,8.27,8.22,145300.0,8.21,9700,8.22,100,-0.6,8.22,8.22,145300,1190000.0,0.01,0.0,103.49,103.55,9.1,7.44,0.0
上海家化,sh600315,20.3,20.62,20.3,94500.0,20.29,1000,20.3,25500,-1.55,20.3,20.3,94500,1920000.0,0.01,0.0,136.46,136.46,22.68,18.56,0.0
文投控股,sh600715,2.17,2.19,2.17,887400.0,2.16,604000,2.17,890000,-0.91,2.17,2.17,887400,1930000.0,0.03,0.0,62.11,88.1,2.41,1.97,0.0
国芳集团,sh601086,9.09,9.19,9.09,47400.0,9.08,6900,9.09,11500,-1.09,9.09,9.09,47400,430000.0,0.01,0.0,60.54,60.54,10.11,8.27,0.0
宝莫股份,sz002476,6.8,6.62,6.8,322000.0,6.79,138500,6.8,3100,2.72,6.8,6.8,322000,2190000.0,0.05,0.0,41.61,41.62,7.28,5.96,0.0
新兴装备,sz002933,34.6,35.18,34.6,30400.0,34.58,5000,34.6,2000,-1.65,34.6,34.6,30400,1050000.0,0.03,0.0,39.47,40.6,38.7,31.66,0.0
中汽股份,sz301215,6.7,6.87,6.7,259600.0,6.7,17900,6.75,100,-2.47,6.7,6.7,259600,1740000.0,0.02,0.0,88.6,88.7,8.24,5.5,0.0
广农糖业,sz000911,7.2,6.9,7.2,475500.0,7.2,22100,7.22,3300,4.35,7.2,7.2,475500,3420000.0,0.12,0.0,28.82,28.82,7.59,6.21,0.0
华阳国际,sz002949,14.75,14.94,14.75,34800.0,14.74,600,14.75,24600,-1.27,14.75,14.75,34800,510000.0,0.02,0.0,22.4,28.92,16.43,13.45,0.0
武进不锈,sh603878,9.4,9.43,9.4,279400.0,9.39,3000,9.4,32100,-0.32,9.4,9.4,279400,2630000.0,0.05,0.0,52.75,52.75,10.37,8.49,0.0
煌上煌,sz002695,10.45,10.53,10.45,10100.0,10.42,1200,10.45,1500,-0.76,10.45,10.45,10100,110000.0,0.0,0.0,53.45,58.48,11.58,9.48,0.0
思美传媒,sz002712,5.52,5.61,5.52,99900.0,5.52,5300,5.55,100,-1.6,5.52,5.52,99900,550000.0,0.02,0.0,29.86,30.04,6.17,5.05,0.0
欧菲光,sz002456,9.35,9.54,9.35,1461400.0,9.35,423600,9.36,51600,-1.99,9.35,9.35,1461400,13660000.0,0.04,0.0,310.14,314.34,10.49,8.59,0.0
鼎汉技术,sz300011,9.22,9.36,9.22,84000.0,9.22,4600,9.24,21200,-1.5,9.22,9.22,84000,770000.0,0.02,0.0,46.77,55.83,11.23,7.49,0.0
火星人,sz300894,10.98,11.15,10.98,39400.0,10.98,1500,11.0,400,-1.52,10.98,10.98,39400,430000.0,0.01,0.0,32.29,44.61,13.38,8.92,0.0
申联生物,sh688098,9.15,9.2,9.15,310000.0,9.12,200,9.15,1900,-0.54,9.15,9.15,310000,30000.0,0.0,0.0,37.57,37.57,11.04,7.36,0.0
东方材料,sh603110,17.21,17.4,17.21,55900.0,17.2,2900,17.21,11700,-1.09,17.21,17.21,55900,960000.0,0.03,0.0,34.63,34.63,19.14,15.66,0.0
竞业达,sz003005,19.8,20.04,19.8,21700.0,19.79,1100,19.8,1300,-1.2,19.8,19.8,21700,430000.0,0.02,0.0,25.14,45.81,22.04,18.04,0.0
正虹科技,sz000702,7.01,7.1,7.01,97100.0,7.01,14900,7.03,52500,-1.27,7.01,7.01,97100,680000.0,0.04,0.0,18.69,24.3,7.81,6.39,0.0
广汽集团,sh601238,7.75,7.83,7.75,272200.0,7.75,30800,7.76,22000,-1.02,7.75,7.75,272200,2110000.0,0.0,0.0,572.24,790.27,8.61,7.05,0.0
飞沃科技,sz301232,179.23,184.45,179.23,76800.0,179.23,6200,179.96,200,-2.83,179.23,179.23,76800,13760000.0,0.17,0.0,80.06,134.71,221.34,147.56,0.0
锦江酒店,sh600754,26.14,26.76,26.14,146400.0,26.13,2000,26.14,10400,-2.32,26.14,26.14,146400,3830000.0,0.02,0.0,236.84,278.73,29.44,24.08,0.0
威士顿,sz301315,53.1,54.45,53.1,8500.0,53.1,2200,53.37,100,-2.48,53.1,53.1,8500,450000.0,0.02,0.0,19.65,46.73,65.34,43.56,0.0
永顺生物,bj920729,8.98,9.09,8.98,13900.0,8.98,2700,8.99,8000,-1.21,8.98,8.98,13900,125300.0,0.02,0.0,6.9,24.55,11.81,6.37,0.0
国际医学,sz000516,5.0,5.01,5.0,3635500.0,5.0,122600,5.01,1106600,-0.2,5.0,5.0,3635500,18180000.0,0.16,0.0,110.24,111.94,5.51,4.51,0.0
正元智慧,sz300645,18.54,18.69,18.54,29900.0,18.43,18200,18.54,7400,-0.8,18.54,18.54,29900,550000.0,0.02,0.0,25.83,26.35,22.43,14.95,0.0
名雕股份,sz002830,22.73,22.85,22.73,23900.0,22.72,500,22.73,800,-0.53,22.73,22.73,23900,540000.0,0.04,0.0,15.2,30.31,25.14,20.57,0.0
科净源,sz301372,27.89,28.17,27.89,15500.0,27.89,1600,27.93,21800,-0.99,27.89,27.89,15500,430000.0,0.04,0.0,11.48,19.12,33.8,22.54,0.0
奥特佳,sz002239,3.16,3.21,3.16,630700.0,3.16,476600,3.17,87000,-1.56,3.16,3.16,630700,1990000.0,0.02,0.0,103.21,104.86,3.53,2.89,0.0
*ST交投,sz002200,7.37,7.44,7.37,50600.0,7.36,1300,7.37,12400,-0.94,7.37,7.37,50600,370000.0,0.03,0.0,14.43,33.25,7.81,7.07,0.0
贤丰控股,sz002141,4.04,4.09,4.04,721100.0,4.04,57800,4.05,747700,-1.22,4.04,4.04,721100,2910000.0,0.07,0.0,41.17,41.73,4.5,3.68,0.0
美芝股份,sz002856,13.58,13.69,13.58,223700.0,13.54,6300,13.58,2200,-0.8,13.58,13.58,223700,3040000.0,0.18,0.0,16.83,18.38,15.06,12.32,0.0
三江购物,sh601116,15.11,15.26,15.11,216700.0,15.1,4900,15.11,32200,-0.98,15.11,15.11,216700,3270000.0,0.04,0.0,82.75,82.75,16.79,13.73,0.0
中远通,sz301516,17.2,17.47,17.2,67200.0,17.2,4100,17.22,12600,-1.55,17.2,17.2,67200,1160000.0,0.1,0.0,12.07,48.28,20.96,13.98,0.0
天坛生物,sh600161,15.82,15.88,15.82,66800.0,15.81,300,15.82,1900,-0.38,15.82,15.82,66800,1060000.0,0.0,0.0,312.82,312.82,17.47,14.29,0.0
长城军工,sh601606,45.51,45.5,45.51,138500.0,45.51,67200,45.52,100,0.02,45.51,45.51,138500,6300000.0,0.02,0.0,329.6,329.6,50.05,40.95,0.0
中信海直,sz000099,21.26,21.51,21.26,359000.0,21.25,11000,21.26,19300,-1.16,21.26,21.26,359000,7630000.0,0.05,0.0,164.93,164.93,23.66,19.36,0.0
ST创意,sz300366,6.14,6.26,6.14,156700.0,6.14,200,6.17,15600,-1.92,6.14,6.14,156700,960000.0,0.03,0.0,32.57,37.31,7.51,5.01,0.0
博通股份,sh600455,28.58,28.7,28.58,29700.0,28.4,1900,28.58,4200,-0.42,28.58,28.58,29700,850000.0,0.05,0.0,17.85,17.85,31.57,25.83,0.0
普联软件,sz300996,16.4,16.65,16.4,37300.0,16.37,600,16.4,400,-1.5,16.4,16.4,37300,610000.0,0.02,0.0,38.5,46.38,19.98,13.32,0.0
华统股份,sz002840,9.95,9.9,9.95,252600.0,9.93,2800,9.95,2100,0.51,9.95,9.95,252600,2510000.0,0.03,0.0,79.26,79.82,10.89,8.91,0.0
浙江黎明,sh603048,22.45,22.83,22.45,6500.0,22.35,5200,22.48,700,-1.66,22.45,22.45,6500,150000.0,0.0,0.0,32.97,32.97,25.11,20.55,0.0
国缆检测,sz301289,56.9,57.9,56.9,4000.0,56.9,600,57.8,200,-1.73,56.9,56.9,4000,230000.0,0.01,0.0,44.1,44.38,69.48,46.32,0.0
久远银海,sz002777,18.49,18.7,18.49,80900.0,18.49,2500,18.5,11400,-1.12,18.49,18.49,80900,1500000.0,0.02,0.0,74.79,75.48,20.57,16.83,0.0
陕西黑猫,sh601015,5.23,4.88,5.23,5681200.0,5.22,485100,5.23,21500,7.17,5.23,5.23,5681200,29710000.0,0.28,0.0,106.82,106.82,5.37,4.39,0.0
捷安高科,sz300845,12.47,12.58,12.47,66400.0,12.47,11100,12.48,7200,-0.87,12.47,12.47,66400,830000.0,0.05,0.0,18.03,25.64,15.1,10.06,0.0
瑞玛精密,sz002976,27.71,27.75,27.71,4900.0,27.71,600,27.75,100,-0.14,27.71,27.71,4900,140000.0,0.01,0.0,18.47,41.48,30.53,24.98,0.0
华兰疫苗,sz301207,19.1,19.42,19.1,64900.0,19.1,4200,19.11,900,-1.65,19.1,19.1,64900,1240000.0,0.01,0.0,114.72,114.8,23.3,15.54,0.0
欧林生物,sh688319,28.22,28.54,28.22,1900100.0,28.22,4600,28.37,1000,-1.12,28.22,28.22,1900100,540000.0,0.0,0.0,114.41,114.49,34.25,22.83,0.0
南京熊猫,sh600775,14.2,14.85,14.2,988900.0,14.2,523000,14.24,1000,-4.38,14.2,14.2,988900,14040000.0,0.15,0.0,95.4,129.77,16.34,13.37,0.0
鱼跃医疗,sz002223,36.5,36.9,36.5,62000.0,36.5,24700,36.6,300,-1.08,36.5,36.5,62000,2260000.0,0.01,0.0,343.16,365.9,40.59,33.21,0.0
动力源,sh600405,5.45,5.69,5.45,2010700.0,5.44,9800,5.45,433000,-4.22,5.45,5.45,2010700,10960000.0,0.33,0.0,33.25,33.4,6.26,5.12,0.0
玉禾田,sz300815,24.57,24.83,24.57,100800.0,24.56,200,24.57,1000,-1.05,24.57,24.57,100800,2480000.0,0.03,0.0,95.92,97.93,29.8,19.86,0.0
中寰股份,bj920260,13.14,12.35,13.14,249000.0,13.02,500,13.14,3900,6.4,13.14,13.14,249000,3272200.0000000005,0.25,0.0,12.98,13.61,16.05,8.65,0.0
大悦城,sz000031,3.26,3.34,3.26,298300.0,3.26,12200,3.27,89200,-2.4,3.26,3.26,298300,970000.0,0.01,0.0,139.73,139.73,3.67,3.01,0.0
上纬新材,sh688585,116.58,122.88,116.58,12746200.0,116.58,5100,116.74,1200,-5.13,116.58,116.58,12746200,14860000.0,0.03,0.0,470.24,470.24,147.46,98.3,0.0
琏升科技,sz300051,9.33,9.5,9.33,75100.0,9.33,3100,9.5,700,-1.79,9.33,9.33,75100,700000.0,0.02,0.0,34.3,34.71,11.4,7.6,0.0
农尚环境,sz300536,8.5,8.62,8.5,92100.0,8.5,16700,8.62,2400,-1.39,8.5,8.5,92100,780000.0,0.03,0.0,24.93,24.93,10.34,6.9,0.0
严牌股份,sz301081,13.31,13.55,13.31,64500.0,13.31,7200,13.55,1000,-1.77,13.31,13.31,64500,860000.0,0.03,0.0,29.01,30.24,16.26,10.84,0.0
思特奇,sz300608,11.88,12.01,11.88,71000.0,11.88,63800,11.97,100,-1.08,11.88,11.88,71000,840000.0,0.02,0.0,34.16,39.35,14.41,9.61,0.0
中亦科技,sz301208,36.83,37.11,36.83,6800.0,36.83,1400,36.91,300,-0.75,36.83,36.83,6800,250000.0,0.01,0.0,24.33,44.2,44.53,29.69,0.0
泰鹏智能,bj920132,16.5,16.72,16.5,4400.0,16.5,300,16.64,800,-1.32,16.5,16.5,4400,72700.0,0.02,0.0,4.63,13.67,21.73,11.71,0.0
星华新材,sz301077,28.83,28.85,28.83,4300.0,28.83,4700,28.84,18500,-0.07,28.83,28.83,4300,120000.0,0.0,0.0,27.5,49.03,34.62,23.08,0.0
元琛科技,sh688659,10.57,10.81,10.57,3079800.0,10.57,7700,10.66,10300,-2.22,10.57,10.57,3079800,330000.0,0.02,0.0,16.91,16.91,12.97,8.65,0.0
学大教育,sz000526,34.96,35.18,34.96,37700.0,34.96,100,34.98,3600,-0.63,34.96,34.96,37700,1320000.0,0.03,0.0,41.76,42.6,38.7,31.66,0.0
众智科技,sz301361,39.74,41.09,39.74,77000.0,39.73,100,39.74,1900,-3.29,39.74,39.74,77000,3060000.0,0.25,0.0,12.1,46.23,49.31,32.87,0.0
鸿智科技,bj920926,16.3,16.3,16.3,5900.0,16.3,6200,16.31,900,0.0,16.3,16.3,5900,96199.99999999999,0.01,0.0,13.07,14.4,21.19,11.41,0.0
正泰电器,sh601877,35.15,35.5,35.15,821000.0,35.15,20900,35.16,5500,-0.99,35.15,35.15,821000,28860000.0,0.04,0.0,755.36,755.36,39.05,31.95,0.0
阳光乳业,sz001318,14.45,14.7,14.45,40000.0,14.45,3900,14.46,1000,-1.7,14.45,14.45,40000,580000.0,0.01,0.0,40.84,40.84,16.17,13.23,0.0
榕基软件,sz002474,8.23,8.41,8.23,257100.0,8.23,62200,8.26,600,-2.14,8.23,8.23,257100,2120000.0,0.05,0.0,43.68,51.21,9.25,7.57,0.0
超越科技,sz301049,24.91,25.3,24.91,21400.0,24.91,1800,25.3,6500,-1.54,24.91,24.91,21400,530000.0,0.05,0.0,10.67,23.48,30.36,20.24,0.0
信濠光电,sz301051,21.5,21.71,21.5,16500.0,21.02,75000,21.5,3700,-0.97,21.5,21.5,16500,350000.0,0.01,0.0,34.62,43.65,26.05,17.37,0.0
明阳电路,sz300739,29.3,30.2,29.3,645400.0,29.29,10700,29.3,1500,-2.98,29.3,29.3,645400,18910000.0,0.19,0.0,100.55,109.42,36.24,24.16,0.0
大位科技,sh600589,11.2,11.33,11.2,3266700.0,11.19,8700,11.2,315100,-1.15,11.2,11.2,3266700,36590000.0,0.22,0.0,165.59,166.28,12.46,10.2,0.0
浩物股份,sz000757,5.27,5.28,5.27,102800.0,5.25,300,5.27,16800,-0.19,5.27,5.27,102800,540000.0,0.02,0.0,28.07,28.07,5.81,4.75,0.0
华锋股份,sz002806,15.74,15.96,15.74,78700.0,15.73,6100,15.74,2200,-1.38,15.74,15.74,78700,1240000.0,0.05,0.0,27.4,33.44,17.56,14.36,0.0
捷荣技术,sz002855,13.1,13.29,13.1,50500.0,13.1,1400,13.11,200,-1.43,13.1,13.1,50500,660000.0,0.02,0.0,32.26,32.28,14.62,11.96,0.0
慧辰股份,sh688500,49.3,51.9,49.3,5385600.0,49.3,14100,50.36,2000,-5.01,49.3,49.3,5385600,2660000.0,0.07,0.0,36.14,37.12,62.28,41.52,0.0
泰达股份,sz000652,4.11,4.15,4.11,111200.0,4.11,139100,4.13,4500,-0.96,4.11,4.11,111200,460000.0,0.01,0.0,60.6,60.65,4.57,3.74,0.0
天源迪科,sz300047,12.83,13.05,12.83,179000.0,12.83,8600,12.84,500,-1.69,12.83,12.83,179000,2300000.0,0.03,0.0,70.13,81.82,15.66,10.44,0.0
众信旅游,sz002707,6.85,6.98,6.85,307700.0,6.85,160300,6.88,53100,-1.86,6.85,6.85,307700,2110000.0,0.04,0.0,56.53,67.32,7.68,6.28,0.0
众合科技,sz000925,7.91,8.02,7.91,78700.0,7.91,12900,7.92,15600,-1.37,7.91,7.91,78700,620000.0,0.01,0.0,53.25,53.5,8.82,7.22,0.0
天永智能,sh603895,29.94,30.84,29.94,140600.0,29.94,7600,29.99,136500,-2.92,29.94,29.94,140600,4210000.0,0.13,0.0,32.36,32.36,33.92,27.76,0.0
*ST太和,sh605081,9.79,9.93,9.79,19300.0,9.78,700,9.79,1900,-1.41,9.79,9.79,19300,190000.0,0.02,0.0,11.09,11.09,10.43,9.43,0.0
中恒集团,sh600252,2.56,2.57,2.56,615100.0,2.56,71900,2.57,551900,-0.39,2.56,2.56,615100,1570000.0,0.02,0.0,81.51,81.51,2.83,2.31,0.0
神思电子,sz300479,20.51,20.92,20.51,55200.0,20.51,1700,20.68,1400,-1.96,20.51,20.51,55200,1130000.0,0.03,0.0,40.39,40.41,25.1,16.74,0.0
电魂网络,sh603258,18.3,18.54,18.3,48300.0,18.3,2000,18.36,15000,-1.29,18.3,18.3,48300,880000.0,0.02,0.0,44.17,44.63,20.39,16.69,0.0
航新科技,sz300424,18.72,18.93,18.72,82200.0,18.71,3300,18.72,9200,-1.11,18.72,18.72,82200,1540000.0,0.03,0.0,45.92,45.95,22.72,15.14,0.0
正强股份,sz301119,47.39,48.33,47.39,8400.0,47.38,400,47.5,2700,-1.94,47.39,47.39,8400,400000.0,0.01,0.0,39.86,49.29,58.0,38.66,0.0
龙星科技,sz002442,6.67,6.67,6.67,140900.0,6.67,2700,6.7,5400,0.0,6.67,6.67,140900,940000.0,0.03,0.0,32.85,33.57,7.34,6.0,0.0
大龙地产,sh600159,3.09,3.16,3.09,1037000.0,3.09,187000,3.11,4000,-2.22,3.09,3.09,1037000,3200000.0,0.12,0.0,25.65,25.65,3.48,2.84,0.0
易实精密,bj920221,15.5,15.87,15.5,14600.0,15.5,1100,15.68,1400,-2.33,15.5,15.5,14600,226400.0,0.02,0.0,9.57,17.99,20.63,11.11,0.0
安硕信息,sz300380,37.7,38.13,37.7,13100.0,37.56,100,37.7,1900,-1.13,37.7,37.7,13100,490000.0,0.01,0.0,48.02,52.19,45.76,30.5,0.0
中重科技,sh603135,11.44,11.48,11.44,14100.0,11.44,11700,11.51,1600,-0.35,11.44,11.44,14100,160000.0,0.01,0.0,28.9,72.56,12.63,10.33,0.0
天邦食品,sz002124,2.47,2.49,2.47,656200.0,2.46,521000,2.47,74500,-0.8,2.47,2.47,656200,1620000.0,0.03,0.0,48.72,54.88,2.74,2.24,0.0
成电光信,bj920008,31.29,31.29,31.29,36700.0,31.29,10200,31.3,7600,0.0,31.29,31.29,36700,1147200.0,0.11,0.0,10.51,19.95,40.67,21.91,0.0
华业香料,sz300886,29.28,29.41,29.28,32700.0,29.26,2400,29.32,400,-0.44,29.28,29.28,32700,960000.0,0.07,0.0,12.78,21.9,35.29,23.53,0.0
远 望 谷,sz002161,7.88,8.03,7.88,124100.0,7.88,11900,7.91,2900,-1.87,7.88,7.88,124100,980000.0,0.02,0.0,55.53,58.29,8.83,7.23,0.0
广电计量,sz002967,22.36,22.63,22.36,30900.0,22.36,5000,22.38,1700,-1.19,22.36,22.36,30900,690000.0,0.01,0.0,128.62,142.5,24.89,20.37,0.0
福莱新材,sh605488,35.24,35.84,35.24,30200.0,35.23,100,35.24,900,-1.67,35.24,35.24,30200,1060000.0,0.01,0.0,97.33,106.38,39.42,32.26,0.0
和达科技,sh688296,15.8,15.78,15.8,4836800.0,15.5,2000,15.8,2400,0.13,15.8,15.8,4836800,760000.0,0.05,0.0,16.97,17.05,18.94,12.62,0.0
贝因美,sz002570,5.97,6.09,5.97,693100.0,5.96,78500,5.97,489200,-1.97,5.97,5.97,693100,4140000.0,0.06,0.0,64.48,64.48,6.7,5.48,0.0
东方碳素,bj920175,11.67,11.72,11.67,5800.0,11.63,600,11.67,14800,-0.43,11.67,11.67,5800,67700.0,0.01,0.0,9.25,13.89,15.23,8.21,0.0
西宁特钢,sh600117,2.91,2.94,2.91,208900.0,2.9,207000,2.91,79500,-1.02,2.91,2.91,208900,610000.0,0.01,0.0,94.72,94.72,3.23,2.65,0.0
裕太微-U,sh688515,123.96,129.95,123.96,2529000.0,123.9,1000,123.96,2400,-4.61,123.96,123.96,2529000,3130000.0,0.05,0.0,61.76,99.17,155.94,103.96,0.0
*ST海华,sh600243,3.62,3.65,3.62,98000.0,3.62,3200,3.64,500,-0.82,3.62,3.62,98000,350000.0,0.02,0.0,15.89,15.89,3.83,3.47,0.0
贝隆精密,sz301567,48.79,49.4,48.79,5600.0,48.51,800,48.79,800,-1.23,48.79,48.79,5600,270000.0,0.03,0.0,10.36,35.13,59.28,39.52,0.0
晶品特装,sh688084,75.61,75.22,75.61,270000.0,75.22,200,75.61,500,0.52,75.61,75.61,270000,200000.0,0.0,0.0,57.21,57.21,90.26,60.18,0.0
亚联机械,sz001395,42.44,42.84,42.44,4400.0,42.43,400,42.61,100,-0.93,42.44,42.44,4400,190000.0,0.01,0.0,19.9,37.02,47.12,38.56,0.0
欧普泰,bj920414,14.48,14.85,14.48,44700.0,14.46,500,14.48,400,-2.49,14.48,14.48,44700,647400.0,0.08,0.0,8.12,11.55,19.3,10.4,0.0
大业股份,sh603278,11.58,11.79,11.58,94000.0,11.56,1800,11.58,13200,-1.78,11.58,11.58,94000,1090000.0,0.03,0.0,39.58,39.58,12.97,10.61,0.0
澳弘电子,sh605058,31.92,32.43,31.92,25500.0,31.92,600,31.95,200,-1.57,31.92,31.92,25500,810000.0,0.02,0.0,45.62,45.62,35.67,29.19,0.0
歌力思,sh603808,9.82,9.99,9.82,41000.0,9.82,500,9.84,3700,-1.7,9.82,9.82,41000,400000.0,0.01,0.0,36.24,36.24,10.99,8.99,0.0
五洲新春,sh603667,70.47,72.57,70.47,194900.0,70.46,200,70.47,11200,-2.89,70.47,70.47,194900,13730000.0,0.05,0.0,258.06,258.06,79.83,65.31,0.0
太龙药业,sh600222,7.28,7.37,7.28,240500.0,7.28,5900,7.3,114900,-1.22,7.28,7.28,240500,1750000.0,0.04,0.0,41.78,41.78,8.11,6.63,0.0
数字认证,sz300579,29.6,29.83,29.6,13400.0,29.59,700,29.6,14400,-0.77,29.6,29.6,13400,400000.0,0.01,0.0,77.63,79.92,35.8,23.86,0.0
经纬恒润-W,sh688326,125.12,128.02,125.12,3413700.0,125.12,1000,125.8,500,-2.27,125.12,125.12,3413700,4270000.0,0.03,0.0,139.66,150.07,153.62,102.42,0.0
三角防务,sz300775,39.11,41.1,39.11,424700.0,39.11,6300,39.2,200,-4.84,39.11,39.11,424700,16610000.0,0.08,0.0,207.9,214.15,49.32,32.88,0.0
宏川智慧,sz002930,13.6,13.34,13.6,153200.0,13.6,6600,13.61,5500,1.95,13.6,13.6,153200,2080000.0,0.04,0.0,58.85,62.22,14.67,12.01,0.0
会稽山,sh601579,17.42,17.71,17.42,58100.0,17.41,2600,17.45,1100,-1.64,17.42,17.42,58100,1010000.0,0.01,0.0,83.52,83.52,19.48,15.94,0.0
广宇集团,sz002133,3.75,3.8,3.75,72800.0,3.74,20000,3.75,27000,-1.32,3.75,3.75,72800,270000.0,0.01,0.0,28.87,29.03,4.18,3.42,0.0
中航成飞,sz302132,75.9,76.41,75.9,71400.0,75.9,1000,75.91,2300,-0.67,75.9,75.9,71400,5420000.0,0.01,0.0,444.83,2028.12,91.69,61.13,0.0
大商股份,sh600694,17.41,17.57,17.41,42000.0,17.41,7800,17.42,100,-0.91,17.41,17.41,42000,730000.0,0.01,0.0,59.95,59.95,19.33,15.81,0.0
广哈通信,sz300711,27.0,27.75,27.0,60300.0,26.99,200,27.0,4700,-2.7,27.0,27.0,60300,1630000.0,0.02,0.0,67.08,67.28,33.3,22.2,0.0
光环新网,sz300383,14.4,14.88,14.4,1664900.0,14.38,3400,14.4,58700,-3.23,14.4,14.4,1664900,23970000.0,0.09,0.0,258.27,258.85,17.86,11.9,0.0
美腾科技,sh688420,26.67,26.67,26.67,1271600.0,26.65,200,26.67,400,0.0,26.67,26.67,1271600,340000.0,0.03,0.0,11.13,23.58,32.0,21.34,0.0
保隆科技,sh603197,34.39,34.78,34.39,28800.0,34.35,100,34.39,7200,-1.12,34.39,34.39,28800,990000.0,0.01,0.0,73.48,73.48,38.26,31.3,0.0
宋城演艺,sz300144,8.18,8.32,8.18,940500.0,8.18,54500,8.19,24300,-1.68,8.18,8.18,940500,7690000.0,0.04,0.0,192.95,214.7,9.98,6.66,0.0
南京公用,sz000421,7.2,7.03,7.2,823600.0,7.2,17200,7.21,1000,2.42,7.2,7.2,823600,5930000.0,0.14,0.0,41.35,41.36,7.73,6.33,0.0
赛象科技,sz002337,6.71,6.81,6.71,83000.0,6.71,21700,6.72,6200,-1.47,6.71,6.71,83000,560000.0,0.01,0.0,39.45,39.5,7.49,6.13,0.0
北汽蓝谷,sh600733,7.68,7.77,7.68,1172800.0,7.68,147600,7.69,77900,-1.16,7.68,7.68,1172800,9010000.0,0.02,0.0,375.68,489.0,8.55,6.99,0.0
信捷电气,sh603416,51.4,52.53,51.4,25800.0,51.4,1300,51.87,200,-2.15,51.4,51.4,25800,1330000.0,0.02,0.0,71.57,80.77,57.78,47.28,0.0
国睿科技,sh600562,28.15,28.62,28.15,64100.0,28.14,200,28.15,9300,-1.64,28.15,28.15,64100,1800000.0,0.01,0.0,349.58,349.58,31.48,25.76,0.0
凤凰光学,sh600071,19.98,20.43,19.98,47700.0,19.98,800,19.99,1900,-2.2,19.98,19.98,47700,950000.0,0.02,0.0,56.26,56.26,22.47,18.39,0.0
中电鑫龙,sz002298,10.8,10.98,10.8,287600.0,10.79,3300,10.8,81700,-1.64,10.8,10.8,287600,3110000.0,0.04,0.0,71.35,79.93,12.08,9.88,0.0
大胜达,sh603687,10.47,10.62,10.47,76200.0,10.46,2000,10.47,5100,-1.41,10.47,10.47,76200,800000.0,0.01,0.0,57.59,57.59,11.68,9.56,0.0
豫能控股,sz001896,15.0,15.88,15.0,9330900.0,15.0,631000,15.01,144500,-5.54,15.0,15.0,9330900,139960000.0,0.61,0.0,228.87,228.87,17.47,14.29,0.0
佳禾食品,sh605300,10.95,11.3,10.95,219400.0,10.94,1600,10.95,70900,-3.1,10.95,10.95,219400,2400000.0,0.05,0.0,49.76,49.76,12.43,10.17,0.0
万达轴承,bj920002,91.66,92.23,91.66,1000.0,91.6,600,91.66,2600,-0.62,91.66,91.66,1000,92100.00000000001,0.0,0.0,29.2,41.71,119.89,64.57,0.0
凯龙股份,sz002783,10.3,10.34,10.3,103800.0,10.3,500,10.32,5100,-0.39,10.3,10.3,103800,1070000.0,0.02,0.0,47.5,51.43,11.37,9.31,0.0
中远海科,sz002401,15.91,16.09,15.91,26200.0,15.91,2500,16.09,5300,-1.12,15.91,15.91,26200,420000.0,0.01,0.0,59.08,59.13,17.7,14.48,0.0
华丽家族,sh600503,2.58,2.59,2.58,361000.0,2.57,8900,2.58,41000,-0.39,2.58,2.58,361000,930000.0,0.02,0.0,41.34,41.34,2.85,2.33,0.0
达实智能,sz002421,2.86,2.89,2.86,561300.0,2.85,460200,2.86,319400,-1.04,2.86,2.86,561300,1610000.0,0.03,0.0,57.39,60.65,3.18,2.6,0.0
浙江鼎力,sh603338,53.0,54.0,53.0,29900.0,53.0,400,53.08,1000,-1.85,53.0,53.0,29900,1580000.0,0.01,0.0,268.36,268.36,59.4,48.6,0.0
京运通,sh601908,4.04,4.06,4.04,412300.0,4.03,51400,4.04,82400,-0.49,4.04,4.04,412300,1670000.0,0.02,0.0,97.55,97.55,4.47,3.65,0.0
灿芯股份,sh688691,120.0,126.6,120.0,3959500.0,120.0,1100,120.8,300,-5.21,120.0,120.0,3959500,4750000.0,0.06,0.0,85.76,144.0,151.92,101.28,0.0
云意电气,sz300304,14.91,15.19,14.91,134900.0,14.9,12000,14.91,2600,-1.84,14.91,14.91,134900,2010000.0,0.02,0.0,127.41,130.93,18.23,12.15,0.0
旭杰科技,bj920149,11.73,11.73,11.73,16900.0,11.71,200,11.73,11000,0.0,11.73,11.73,16900,198200.0,0.03,0.0,7.42,8.97,15.24,8.22,0.0
恒立液压,sh601100,105.0,106.97,105.0,65500.0,104.88,300,105.0,16600,-1.84,105.0,105.0,65500,6880000.0,0.0,0.0,1407.86,1407.86,117.67,96.27,0.0
世纪鼎利,sz300050,6.02,6.1,6.02,65400.0,6.01,6100,6.02,12900,-1.31,6.02,6.02,65400,390000.0,0.01,0.0,32.78,32.8,7.32,4.88,0.0
长江材料,sz001296,27.03,27.19,27.03,33400.0,27.01,1000,27.03,5300,-0.59,27.03,27.03,33400,900000.0,0.04,0.0,20.77,40.43,29.91,24.47,0.0
南天信息,sz000948,16.18,16.38,16.18,35700.0,16.17,300,16.18,100100,-1.22,16.18,16.18,35700,580000.0,0.01,0.0,62.96,63.08,18.02,14.74,0.0
湘电股份,sh600416,14.42,14.66,14.42,220800.0,14.41,5000,14.42,113100,-1.64,14.42,14.42,220800,3180000.0,0.02,0.0,191.12,212.81,16.13,13.19,0.0
中牧股份,sh600195,8.01,8.01,8.01,483400.0,8.01,38800,8.02,1500,0.0,8.01,8.01,483400,3870000.0,0.05,0.0,81.79,81.79,8.81,7.21,0.0
咸亨国际,sh605056,23.9,24.53,23.9,68700.0,23.9,1600,24.0,15600,-2.57,23.9,23.9,68700,1640000.0,0.02,0.0,96.41,97.84,26.98,22.08,0.0
新芝生物,bj920685,14.0,14.12,14.0,11000.0,13.98,1000,14.0,22900,-0.85,14.0,14.0,11000,153700.0,0.02,0.0,7.69,12.81,18.35,9.89,0.0
灵康药业,sh603669,4.52,4.57,4.52,48300.0,4.5,6200,4.52,4400,-1.09,4.52,4.52,48300,220000.0,0.01,0.0,32.6,32.6,5.03,4.11,0.0
黄山旅游,sh600054,12.45,12.63,12.45,122800.0,12.45,1300,12.49,36500,-1.43,12.45,12.45,122800,1530000.0,0.02,0.0,63.91,90.81,13.89,11.37,0.0
易华录,sz300212,11.37,11.57,11.37,143600.0,11.36,10300,11.37,4600,-1.73,11.37,11.37,143600,1630000.0,0.02,0.0,79.42,81.85,13.88,9.26,0.0
润贝航科,sz001316,51.4,51.28,51.4,32600.0,51.4,2100,51.42,100,0.23,51.4,51.4,32600,1680000.0,0.03,0.0,57.2,59.17,56.41,46.15,0.0
桃李面包,sh603866,5.18,5.2,5.18,268700.0,5.18,55200,5.19,40200,-0.38,5.18,5.18,268700,1390000.0,0.02,0.0,82.87,82.87,5.72,4.68,0.0
八一钢铁,sh600581,2.89,2.92,2.89,389700.0,2.89,28300,2.9,62600,-1.03,2.89,2.89,389700,1130000.0,0.03,0.0,44.3,44.3,3.21,2.63,0.0
中光学,sz002189,21.6,21.88,21.6,41300.0,21.6,2900,21.65,400,-1.28,21.6,21.6,41300,890000.0,0.02,0.0,56.41,56.42,24.07,19.69,0.0
三维天地,sz301159,45.28,46.15,45.28,8100.0,45.26,200,45.53,1200,-1.89,45.28,45.28,8100,370000.0,0.02,0.0,24.01,35.02,55.38,36.92,0.0
豪尔赛,sz002963,15.53,15.54,15.53,47800.0,15.34,5400,15.53,25300,-0.06,15.53,15.53,47800,740000.0,0.04,0.0,17.74,23.35,17.09,13.99,0.0
天音控股,sz000829,10.13,10.3,10.13,329900.0,10.13,108800,10.14,19500,-1.65,10.13,10.13,329900,3340000.0,0.03,0.0,103.74,103.84,11.33,9.27,0.0
双塔食品,sz002481,4.83,4.87,4.83,47200.0,4.82,49600,4.83,20600,-0.82,4.83,4.83,47200,230000.0,0.0,0.0,54.0,59.59,5.36,4.38,0.0
龙软科技,sh688078,27.52,27.47,27.52,896900.0,27.52,3200,27.54,700,0.18,27.52,27.52,896900,250000.0,0.01,0.0,20.06,20.06,32.96,21.98,0.0
爱美客,sz300896,139.0,140.66,139.0,35000.0,138.99,100,139.0,1900,-1.18,139.0,139.0,35000,4870000.0,0.02,0.0,289.94,420.6,168.79,112.53,0.0
迅捷兴,sh688655,25.49,26.1,25.49,34204900.0,25.44,2000,25.49,2100,-2.34,25.49,25.49,34204900,8720000.0,0.26,0.0,34.0,34.0,31.32,20.88,0.0
纳睿雷达,sh688522,38.81,38.96,38.81,1749300.0,38.72,2000,38.81,1500,-0.39,38.81,38.81,1749300,680000.0,0.01,0.0,47.77,117.59,46.75,31.17,0.0
武汉凡谷,sz002194,11.93,12.15,11.93,136300.0,11.93,2000,11.94,14600,-1.81,11.93,11.93,136300,1630000.0,0.03,0.0,60.95,81.52,13.37,10.94,0.0
中触媒,sh688267,30.26,30.2,30.26,8159600.0,30.26,1900,30.35,1000,0.2,30.26,30.26,8159600,2470000.0,0.05,0.0,53.32,53.32,36.24,24.16,0.0
兴业科技,sz002674,14.05,14.1,14.05,2800.0,13.94,400,14.05,300,-0.35,14.05,14.05,2800,40000.0,0.0,0.0,41.11,41.52,15.51,12.69,0.0
鹏翎股份,sz300375,5.51,5.58,5.51,70300.0,5.51,21700,5.53,99000,-1.25,5.51,5.51,70300,390000.0,0.01,0.0,28.08,41.86,6.7,4.46,0.0
熵基科技,sz301330,37.01,37.6,37.01,41800.0,37.01,700,37.11,2000,-1.57,37.01,37.01,41800,1550000.0,0.02,0.0,71.92,87.1,45.12,30.08,0.0
ST浩丰,sz300419,6.61,6.61,6.61,302800.0,6.61,50200,6.64,6000,0.0,6.61,6.61,302800,2000000.0,0.08,0.0,24.31,24.31,7.93,5.29,0.0
吉视传媒,sh601929,3.32,3.36,3.32,412500.0,3.32,102400,3.33,174200,-1.19,3.32,3.32,412500,1370000.0,0.01,0.0,114.44,115.86,3.7,3.02,0.0
交大昂立,sh600530,5.94,6.04,5.94,61300.0,5.94,5000,6.0,3300,-1.66,5.94,5.94,61300,360000.0,0.01,0.0,46.03,46.03,6.64,5.44,0.0
本钢板材,sz000761,3.65,3.69,3.65,170200.0,3.65,56700,3.69,6300,-1.08,3.65,3.65,170200,620000.0,0.0,0.0,135.35,149.95,4.06,3.32,0.0
希荻微,sh688173,15.0,15.29,15.0,4249500.0,14.99,1000,15.0,7600,-1.9,15.0,15.0,4249500,640000.0,0.01,0.0,61.5,61.92,18.35,12.23,0.0
京北方,sz002987,18.0,18.22,18.0,83900.0,17.99,2200,18.0,61600,-1.21,18.0,18.0,83900,1510000.0,0.01,0.0,151.84,156.14,20.04,16.4,0.0
新赛股份,sh600540,5.36,5.34,5.36,497000.0,5.35,516300,5.36,21000,0.37,5.36,5.36,497000,2660000.0,0.09,0.0,31.16,31.16,5.87,4.81,0.0
ST泉为,sz300716,14.6,15.1,14.6,42000.0,14.6,3600,14.65,2800,-3.31,14.6,14.6,42000,610000.0,0.03,0.0,23.36,23.36,18.12,12.08,0.0
新时达,sz002527,14.76,15.14,14.76,66900.0,14.76,1000,14.8,35300,-2.51,14.76,14.76,66900,990000.0,0.01,0.0,78.12,97.87,16.65,13.63,0.0
北新路桥,sz002307,5.17,5.24,5.17,251600.0,5.17,101100,5.18,1000,-1.34,5.17,5.17,251600,1300000.0,0.02,0.0,65.57,85.24,5.76,4.72,0.0
三只松鼠,sz300783,19.53,19.79,19.53,95800.0,19.52,1700,19.53,47800,-1.31,19.53,19.53,95800,1870000.0,0.03,0.0,54.74,78.45,23.75,15.83,0.0
汇通集团,sh603176,5.73,5.75,5.73,106000.0,5.73,1400,5.74,2200,-0.35,5.73,5.73,106000,610000.0,0.02,0.0,26.46,27.23,6.33,5.18,0.0
银宝山新,sz002786,7.98,8.06,7.98,88600.0,7.96,2100,7.98,20400,-0.99,7.98,7.98,88600,710000.0,0.02,0.0,39.43,39.55,8.87,7.25,0.0
泉阳泉,sh600189,8.32,8.4,8.32,41200.0,8.32,200,8.34,5000,-0.95,8.32,8.32,41200,340000.0,0.01,0.0,59.5,59.5,9.24,7.56,0.0
新致软件,sh688590,15.22,15.51,15.22,3273500.0,15.22,1200,15.35,500,-1.87,15.22,15.22,3273500,500000.0,0.01,0.0,40.01,40.01,18.61,12.41,0.0
秋田微,sz300939,37.63,37.95,37.63,69600.0,37.63,2400,37.76,100,-0.84,37.63,37.63,69600,2620000.0,0.06,0.0,45.16,45.16,45.54,30.36,0.0
贵航股份,sh600523,15.01,15.22,15.01,32700.0,15.01,4400,15.07,2400,-1.38,15.01,15.01,32700,490000.0,0.01,0.0,60.65,60.69,16.74,13.7,0.0
小崧股份,sz002723,9.56,9.74,9.56,154200.0,9.56,9900,9.59,2000,-1.85,9.56,9.56,154200,1470000.0,0.05,0.0,30.32,31.77,10.71,8.77,0.0
拉芳家化,sh603630,17.85,17.93,17.85,14200.0,17.82,500,17.85,9600,-0.45,17.85,17.85,14200,250000.0,0.01,0.0,40.2,40.2,19.72,16.14,0.0
工大科雅,sz301197,23.16,22.71,23.16,67100.0,23.16,700,23.3,400,1.98,23.16,23.16,67100,1550000.0,0.06,0.0,25.19,27.92,27.25,18.17,0.0
康为世纪,sh688426,23.18,23.15,23.18,330000.0,23.15,3300,23.18,300,0.13,23.18,23.18,330000,80000.0,0.01,0.0,8.91,26.08,27.78,18.52,0.0
天马科技,sh603668,13.83,13.92,13.83,10700.0,13.82,5600,13.83,6100,-0.65,13.83,13.83,10700,150000.0,0.0,0.0,69.94,69.94,15.31,12.53,0.0
华仁药业,sz300110,3.24,3.27,3.24,168100.0,3.23,35700,3.24,176200,-0.92,3.24,3.24,168100,540000.0,0.01,0.0,38.26,38.3,3.92,2.62,0.0
豪声电子,bj920701,17.46,17.66,17.46,22900.0,17.46,2000,17.56,10000,-1.13,17.46,17.46,22900,399900.0,0.02,0.0,17.5,23.96,22.95,12.37,0.0
国中水务,sh600187,2.09,2.11,2.09,378800.0,2.08,123400,2.09,155600,-0.95,2.09,2.09,378800,790000.0,0.02,0.0,33.73,33.73,2.32,1.9,0.0
安达维尔,sz300719,18.07,18.58,18.07,224400.0,18.07,18100,18.18,40000,-2.74,18.07,18.07,224400,4050000.0,0.12,0.0,32.46,45.94,22.3,14.86,0.0
东方国信,sz300166,12.4,12.7,12.4,694000.0,12.4,2500,12.41,66500,-2.36,12.4,12.4,694000,8610000.0,0.08,0.0,112.32,141.2,15.24,10.16,0.0
嘉泽新能,sh601619,6.74,6.77,6.74,1460300.0,6.73,37700,6.74,142000,-0.44,6.74,6.74,1460300,9840000.0,0.06,0.0,164.1,196.32,7.45,6.09,0.0
神马股份,sh600810,8.58,8.43,8.58,227000.0,8.58,200,8.59,9500,1.78,8.58,8.58,227000,1950000.0,0.02,0.0,94.5,95.35,9.27,7.59,0.0
新 大 陆,sz000997,22.78,23.15,22.78,98200.0,22.77,2000,22.78,3500,-1.6,22.78,22.78,98200,2240000.0,0.01,0.0,229.49,230.78,25.47,20.84,0.0
广电电气,sh601616,6.18,6.16,6.18,4393700.0,6.17,67800,6.18,1907000,0.32,6.18,6.18,4393700,27150000.0,0.51,0.0,52.76,52.76,6.78,5.54,0.0
石基信息,sz002153,10.87,11.03,10.87,147600.0,10.87,2900,10.88,18400,-1.45,10.87,10.87,147600,1600000.0,0.01,0.0,173.89,296.66,12.13,9.93,0.0
武商集团,sz000501,8.95,9.14,8.95,202200.0,8.93,4500,8.95,3300,-2.08,8.95,8.95,202200,1810000.0,0.03,0.0,68.76,68.82,10.05,8.23,0.0
亿晶光电,sh600537,3.48,3.48,3.48,1431900.0,3.47,1900,3.48,579200,0.0,3.48,3.48,1431900,4980000.0,0.12,0.0,41.19,41.19,3.83,3.13,0.0
ST开元,sz300338,3.94,3.98,3.94,50300.0,3.94,29900,3.95,13600,-1.01,3.94,3.94,50300,200000.0,0.01,0.0,13.76,15.86,4.78,3.18,0.0
华达科技,sh603358,49.26,49.55,49.26,18500.0,49.19,1000,49.26,500,-0.59,49.26,49.26,18500,910000.0,0.0,0.0,221.3,231.4,54.51,44.6,0.0
慈星股份,sz300307,6.97,7.07,6.97,77500.0,6.96,14500,6.97,7700,-1.41,6.97,6.97,77500,540000.0,0.01,0.0,54.96,55.8,8.48,5.66,0.0
天秦装备,sz300922,21.7,21.91,21.7,17600.0,21.7,2600,21.79,1000,-0.96,21.7,21.7,17600,380000.0,0.01,0.0,27.1,34.45,26.29,17.53,0.0
深 赛 格,sz000058,8.5,8.62,8.5,49100.0,8.5,1500,8.56,132400,-1.39,8.5,8.5,49100,420000.0,0.0,0.0,83.7,104.65,9.48,7.76,0.0
中裕科技,bj920694,21.24,20.13,21.24,86200.0,21.24,1000,21.3,300,5.51,21.24,21.24,86200,1830400.0,0.14,0.0,13.27,28.06,26.16,14.1,0.0
三环集团,sz300408,56.92,58.9,56.92,480300.0,56.92,6400,57.0,700,-3.36,56.92,56.92,480300,27340000.0,0.03,0.0,1064.29,1090.87,70.68,47.12,0.0
绿能慧充,sh600212,7.66,7.72,7.66,83000.0,7.65,7500,7.66,86000,-0.78,7.66,7.66,83000,640000.0,0.02,0.0,40.69,53.94,8.49,6.95,0.0
大洋电机,sz002249,10.0,10.16,10.0,689300.0,10.0,36900,10.01,27400,-1.57,10.0,10.0,689300,6890000.0,0.04,0.0,185.14,246.41,11.18,9.14,0.0
优博讯,sz300531,16.2,16.48,16.2,46100.0,16.17,8500,16.2,29200,-1.7,16.2,16.2,46100,750000.0,0.01,0.0,50.02,52.01,19.78,13.18,0.0
华侨城Ａ,sz000069,2.42,2.46,2.42,917400.0,2.42,510600,2.43,530100,-1.63,2.42,2.42,917400,2220000.0,0.01,0.0,166.95,194.51,2.71,2.21,0.0
三诺生物,sz300298,17.03,17.15,17.03,44700.0,17.03,4600,17.04,3200,-0.7,17.03,17.03,44700,760000.0,0.01,0.0,76.86,95.41,20.58,13.72,0.0
诚益通,sz300430,20.22,20.79,20.22,122100.0,20.22,2400,20.3,400,-2.74,20.22,20.22,122100,2470000.0,0.05,0.0,52.54,55.21,24.95,16.63,0.0
华伍股份,sz300095,10.7,10.86,10.7,53800.0,10.67,5400,10.7,5900,-1.47,10.7,10.7,53800,580000.0,0.02,0.0,36.24,44.95,13.03,8.69,0.0
德业股份,sh605117,115.99,115.94,115.99,85300.0,115.99,400,116.0,9700,0.04,115.99,115.99,85300,9890000.0,0.01,0.0,1054.21,1054.21,127.53,104.35,0.0
亚泰集团,sh600881,1.75,1.76,1.75,704900.0,1.75,977400,1.76,425300,-0.57,1.75,1.75,704900,1230000.0,0.02,0.0,56.56,56.56,1.94,1.58,0.0
国联水产,sz300094,3.71,3.67,3.71,1616000.0,3.7,95800,3.71,117000,1.09,3.71,3.71,1616000,6000000.0,0.15,0.0,41.01,41.86,4.4,2.94,0.0
中衡设计,sh603017,12.34,12.55,12.34,59700.0,12.33,600,12.34,4600,-1.67,12.34,12.34,59700,740000.0,0.02,0.0,34.08,34.08,13.81,11.3,0.0
湖南天雁,sh600698,8.01,8.07,8.01,15900.0,8.01,2300,8.02,26200,-0.74,8.01,8.01,15900,130000.0,0.0,0.0,66.52,85.6,8.88,7.26,0.0
航天智造,sz300446,22.71,23.0,22.71,143000.0,22.71,1000,22.72,1000,-1.26,22.71,22.71,143000,3250000.0,0.04,0.0,84.84,191.99,27.6,18.4,0.0
齐鲁华信,bj920832,8.11,7.67,8.11,148600.0,8.11,19300,8.15,100,5.74,8.11,8.11,148600,1205400.0,0.12,0.0,10.0,11.25,9.97,5.37,0.0
保税科技,sh600794,4.05,4.05,4.05,196800.0,4.04,28500,4.05,37000,0.0,4.05,4.05,196800,800000.0,0.02,0.0,48.61,48.61,4.46,3.65,0.0
中国中免,sh601888,75.0,76.62,75.0,540700.0,75.0,10500,75.01,400,-2.11,75.0,75.0,540700,40550000.0,0.03,0.0,1464.36,1551.64,84.28,68.96,0.0
久其软件,sz002279,8.68,8.82,8.68,246300.0,8.68,4900,8.69,54300,-1.59,8.68,8.68,246300,2140000.0,0.03,0.0,68.55,74.84,9.7,7.94,0.0
神驰机电,sh603109,25.46,25.96,25.46,56500.0,25.43,1500,25.46,1900,-1.93,25.46,25.46,56500,1440000.0,0.03,0.0,53.17,53.17,28.56,23.36,0.0
中国电影,sh600977,13.7,13.92,13.7,519200.0,13.69,16900,13.7,40200,-1.58,13.7,13.7,519200,7110000.0,0.03,0.0,255.78,255.78,15.31,12.53,0.0
天臣医疗,sh688013,41.28,41.66,41.28,290000.0,41.15,500,41.58,500,-0.91,41.28,41.28,290000,120000.0,0.0,0.0,33.5,33.5,49.99,33.33,0.0
峨眉山Ａ,sz000888,13.51,13.66,13.51,148000.0,13.51,50800,13.52,1700,-1.1,13.51,13.51,148000,2000000.0,0.03,0.0,71.19,71.19,15.03,12.29,0.0
南卫股份,sh603880,6.7,6.96,6.7,627500.0,6.7,21500,6.71,100,-3.74,6.7,6.7,627500,4200000.0,0.22,0.0,19.37,19.37,7.66,6.26,0.0
行动教育,sh605098,51.23,51.49,51.23,49900.0,51.23,17700,51.29,200,-0.5,51.23,51.23,49900,2560000.0,0.04,0.0,61.09,61.09,56.64,46.34,0.0
扬电科技,sz301012,29.0,29.6,29.0,80100.0,28.96,100,29.0,46100,-2.03,29.0,29.0,80100,2320000.0,0.04,0.0,57.12,57.12,35.52,23.68,0.0
博实结,sz301608,86.15,88.05,86.15,9000.0,86.13,2900,86.15,9700,-2.16,86.15,86.15,9000,780000.0,0.02,0.0,34.41,76.66,105.66,70.44,0.0
格利尔,bj920641,20.09,20.62,20.09,110900.0,20.09,900,20.1,500,-2.57,20.09,20.09,110900,2228200.0,0.24,0.0,9.13,15.08,26.8,14.44,0.0
民士达,bj920394,51.09,51.81,51.09,8400.0,51.09,100,51.13,5100,-1.39,51.09,51.09,8400,426900.0,0.01,0.0,74.17,74.72,67.35,36.27,0.0
广东建科,sz301632,23.0,23.18,23.0,14600.0,22.95,1800,23.0,2300,-0.78,23.0,23.0,14600,340000.0,0.02,0.0,16.85,96.27,27.82,18.54,0.0
西麦食品,sz002956,26.82,27.14,26.82,3500.0,26.78,100,26.82,100,-1.18,26.82,26.82,3500,90000.0,0.0,0.0,59.87,59.87,29.85,24.43,0.0
新大正,sz002968,12.7,12.85,12.7,40400.0,12.7,1000,12.79,4000,-1.17,12.7,12.7,40400,510000.0,0.02,0.0,27.07,28.74,14.14,11.57,0.0
来伊份,sh603777,12.3,12.5,12.3,57600.0,12.3,6800,12.35,6000,-1.6,12.3,12.3,57600,710000.0,0.02,0.0,41.13,41.13,13.75,11.25,0.0
塞力医疗,sh603716,22.23,23.18,22.23,463100.0,22.23,2600,22.3,3800,-4.1,22.23,22.23,463100,10290000.0,0.22,0.0,46.73,46.73,25.5,20.86,0.0
朗新科技,sz300682,18.21,18.64,18.21,313300.0,18.21,16800,18.27,300,-2.31,18.21,18.21,313300,5710000.0,0.03,0.0,187.94,196.35,22.37,14.91,0.0
秦安股份,sh603758,14.01,14.01,14.01,28300.0,14.01,2600,14.02,5000,0.0,14.01,14.01,28300,400000.0,0.01,0.0,61.48,61.48,15.41,12.61,0.0
中航重机,sh600765,19.59,19.93,19.59,322100.0,19.58,8200,19.59,6400,-1.71,19.59,19.59,322100,6310000.0,0.02,0.0,304.13,304.13,21.92,17.94,0.0
宝色股份,sz300402,22.2,22.73,22.2,57100.0,22.2,1800,22.28,200,-2.33,22.2,22.2,57100,1270000.0,0.02,0.0,54.08,54.79,27.28,18.18,0.0
深信服,sz300454,118.88,117.45,118.88,240700.0,118.88,4300,118.9,100,1.22,118.88,118.88,240700,28610000.0,0.09,0.0,329.34,500.04,140.94,93.96,0.0
南威软件,sh603636,10.15,10.28,10.15,131200.0,10.15,1700,10.16,3600,-1.26,10.15,10.15,131200,1330000.0,0.02,0.0,58.91,58.91,11.31,9.25,0.0
浙江大农,bj920855,17.73,17.96,17.73,1400.0,17.68,300,17.73,800,-1.28,17.73,17.73,1400,24800.0,0.0,0.0,11.89,13.25,23.34,12.58,0.0
皓宸医疗,sz002622,2.9,2.91,2.9,80100.0,2.89,14100,2.9,119900,-0.34,2.9,2.9,80100,230000.0,0.01,0.0,24.36,24.36,3.2,2.62,0.0
壶化股份,sz003002,26.81,26.9,26.81,4300.0,26.81,8700,26.83,800,-0.33,26.81,26.81,4300,120000.0,0.0,0.0,49.02,53.62,29.59,24.21,0.0
泰德股份,bj920378,10.25,10.26,10.25,1200.0,10.25,300,10.26,6200,-0.1,10.25,10.25,1200,12500.0,0.0,0.0,11.42,15.94,13.33,7.19,0.0
米奥会展,sz300795,12.68,12.85,12.68,15600.0,12.66,600,12.68,3600,-1.32,12.68,12.68,15600,200000.0,0.01,0.0,21.97,37.9,15.42,10.28,0.0
新安洁,bj920370,3.99,4.03,3.99,97000.0,3.98,15200,3.99,19200,-0.99,3.99,3.99,97000,386900.0,0.04,0.0,10.44,11.98,5.23,2.83,0.0
通程控股,sz000419,6.24,6.28,6.24,103400.0,6.23,48000,6.24,29900,-0.64,6.24,6.24,103400,650000.0,0.02,0.0,33.92,33.92,6.91,5.65,0.0
*ST阳光,sz000608,3.37,3.44,3.37,227400.0,3.36,4600,3.37,8000,-2.03,3.37,3.37,227400,770000.0,0.03,0.0,25.12,25.27,3.61,3.27,0.0
万事利,sz301066,15.35,15.57,15.35,60500.0,15.35,2000,15.37,4300,-1.41,15.35,15.35,60500,930000.0,0.03,0.0,35.78,36.06,18.68,12.46,0.0
美湖股份,sh603319,35.4,35.9,35.4,34800.0,35.28,5000,35.4,500,-1.39,35.4,35.4,34800,1230000.0,0.01,0.0,120.06,120.06,39.49,32.31,0.0
万马科技,sz300698,37.38,38.15,37.38,22000.0,37.37,700,37.38,6600,-2.02,37.38,37.38,22000,820000.0,0.02,0.0,44.31,50.09,45.78,30.52,0.0
东方嘉盛,sz002889,14.3,14.41,14.3,38200.0,14.3,20200,14.32,1200,-0.76,14.3,14.3,38200,550000.0,0.02,0.0,35.93,54.01,15.85,12.97,0.0
良品铺子,sh603719,10.61,10.73,10.61,31000.0,10.61,4000,10.69,21800,-1.12,10.61,10.61,31000,330000.0,0.01,0.0,42.55,42.55,11.8,9.66,0.0
新产业,sz300832,54.39,54.48,54.39,24500.0,54.39,11600,54.4,100,-0.17,54.39,54.39,24500,1330000.0,0.0,0.0,371.55,427.35,65.38,43.58,0.0
天晟新材,sz300169,6.68,6.73,6.68,72100.0,6.67,1000,6.68,400,-0.74,6.68,6.68,72100,480000.0,0.02,0.0,20.16,21.78,8.08,5.38,0.0
荣安地产,sz000517,2.1,2.11,2.1,208100.0,2.09,215800,2.1,144300,-0.47,2.1,2.1,208100,440000.0,0.01,0.0,52.33,66.86,2.32,1.9,0.0
三夫户外,sz002780,15.42,15.56,15.42,34200.0,15.41,1600,15.42,3900,-0.9,15.42,15.42,34200,530000.0,0.03,0.0,20.15,25.5,17.12,14.0,0.0
汉威科技,sz300007,47.8,48.95,47.8,93100.0,47.68,1000,47.8,51100,-2.35,47.8,47.8,93100,4450000.0,0.03,0.0,135.42,156.52,58.74,39.16,0.0
林泰新材,bj920106,71.38,72.23,71.38,6200.0,71.3,1000,71.38,100,-1.18,71.38,71.38,6200,439200.0,0.01,0.0,31.16,40.4,93.89,50.57,0.0
云南城投,sh600239,2.3,2.31,2.3,162300.0,2.29,161100,2.3,371000,-0.43,2.3,2.3,162300,370000.0,0.01,0.0,36.93,36.93,2.54,2.08,0.0
三祥新材,sh603663,51.0,52.9,51.0,133300.0,50.9,3900,51.0,1800,-3.59,51.0,51.0,133300,6800000.0,0.03,0.0,215.64,215.88,58.19,47.61,0.0
前进科技,bj920679,20.51,20.5,20.51,1500.0,20.43,3600,20.51,100,0.05,20.51,20.51,1500,30800.0,0.0,0.0,7.62,11.45,26.65,14.35,0.0
佳讯飞鸿,sz300213,8.66,8.77,8.66,33300.0,8.65,100,8.66,6900,-1.25,8.66,8.66,33300,290000.0,0.01,0.0,47.82,51.47,10.52,7.02,0.0
隆基机械,sz002363,8.78,8.85,8.78,42200.0,8.77,400,8.78,900,-0.79,8.78,8.78,42200,370000.0,0.01,0.0,36.5,36.6,9.74,7.97,0.0
毓恬冠佳,sz301173,44.44,45.08,44.44,22000.0,44.08,200,44.44,8500,-1.42,44.44,44.44,22000,980000.0,0.07,0.0,13.7,39.03,54.1,36.06,0.0
万通智控,sz300643,21.6,21.67,21.6,284600.0,21.6,3000,21.62,3300,-0.32,21.6,21.6,284600,6150000.0,0.12,0.0,49.82,49.95,26.0,17.34,0.0
同辉信息,bj920090,7.35,7.33,7.35,201100.0,7.34,4000,7.35,24500,0.27,7.35,7.35,201100,1477800.0,0.15,0.0,9.95,14.65,9.52,5.14,0.0
南京新百,sh600682,7.19,7.29,7.19,257900.0,7.18,40300,7.19,190300,-1.37,7.19,7.19,257900,1850000.0,0.02,0.0,83.7,96.72,8.02,6.56,0.0
亚士创能,sh603378,6.39,6.48,6.39,48000.0,6.39,400,6.42,3800,-1.39,6.39,6.39,48000,310000.0,0.01,0.0,27.39,27.39,7.13,5.83,0.0
晋拓股份,sh603211,21.1,21.22,21.1,29400.0,21.0,500,21.1,7700,-0.57,21.1,21.1,29400,620000.0,0.01,0.0,57.35,57.35,23.34,19.1,0.0
科力股份,bj920088,91.29,73.3,91.29,419100.0,91.0,1000,91.29,500,24.54,91.29,91.29,419100,38259200.0,1.32,0.0,29.01,80.4,95.29,51.31,0.0
粤万年青,sz301111,20.8,21.17,20.8,17700.0,20.8,3100,21.23,500,-1.75,20.8,20.8,17700,370000.0,0.01,0.0,33.28,33.28,25.4,16.94,0.0
莫高股份,sh600543,5.19,5.27,5.19,82200.0,5.19,6300,5.21,2200,-1.52,5.19,5.19,82200,430000.0,0.03,0.0,16.67,16.67,5.8,4.74,0.0
派林生物,sz000403,13.95,14.03,13.95,79600.0,13.95,2000,13.96,5000,-0.57,13.95,13.95,79600,1110000.0,0.01,0.0,131.23,132.58,15.43,12.63,0.0
邦德股份,bj920271,15.8,15.97,15.8,4600.0,15.79,1300,15.8,800,-1.06,15.8,15.8,4600,72700.0,0.01,0.0,9.15,20.67,20.76,11.18,0.0
众兴菌业,sz002772,18.23,18.23,18.23,55100.0,18.23,1000,18.24,400,0.0,18.23,18.23,55100,1000000.0,0.01,0.0,71.12,71.69,20.05,16.41,0.0
盛达资源,sz000603,47.66,47.66,47.66,870000.0,47.63,47800,47.66,2700,0.0,47.66,47.66,870000,41460000.0,0.13,0.0,317.76,328.84,52.43,42.89,0.0
益民集团,sh600824,4.28,4.33,4.28,161100.0,4.27,97000,4.28,16700,-1.15,4.28,4.28,161100,690000.0,0.02,0.0,45.11,45.11,4.76,3.9,0.0
通源石油,sz300164,24.0,20.3,24.0,8886100.0,23.99,200,24.0,630500,18.23,24.0,24.0,8886100,213270000.0,1.52,0.0,139.97,141.23,24.36,16.24,0.0
天纺标,bj920753,21.39,21.55,21.39,2700.0,21.39,1400,21.6,500,-0.74,21.39,21.39,2700,58500.0,0.01,0.0,6.93,17.41,28.01,15.09,0.0
金枫酒业,sh600616,5.34,5.38,5.34,54500.0,5.34,16500,5.35,5500,-0.74,5.34,5.34,54500,290000.0,0.01,0.0,35.72,35.72,5.92,4.84,0.0
三友医疗,sh688085,20.1,20.71,20.1,3027700.0,20.1,6300,20.3,5000,-2.95,20.1,20.1,3027700,610000.0,0.01,0.0,64.07,67.03,24.85,16.57,0.0
华洋赛车,bj920058,30.42,30.42,30.42,7300.0,30.42,3600,30.58,200,0.0,30.42,30.42,7300,220600.0,0.03,0.0,8.39,17.05,39.54,21.3,0.0
康斯特,sz300445,21.15,21.44,21.15,52200.0,21.15,3000,21.4,900,-1.35,21.15,21.15,52200,1100000.0,0.04,0.0,30.05,44.93,25.73,17.15,0.0
广厦环能,bj920703,15.15,15.13,15.15,17100.0,15.15,1300,15.24,100,0.13,15.15,15.15,17100,259100.0,0.02,0.0,11.55,22.83,19.66,10.6,0.0
晨曦航空,sz300581,15.41,15.49,15.41,39800.0,15.41,4000,15.45,1000,-0.52,15.41,15.41,39800,610000.0,0.01,0.0,84.77,84.77,18.59,12.39,0.0
中信尼雅,sh600084,7.07,7.19,7.07,146400.0,7.07,9700,7.09,13000,-1.67,7.07,7.07,146400,1040000.0,0.01,0.0,79.45,79.45,7.91,6.47,0.0
倍杰特,sz300774,22.45,23.27,22.45,117900.0,22.45,7800,22.77,300,-3.52,22.45,22.45,117900,2650000.0,0.06,0.0,43.75,91.77,27.92,18.62,0.0
广和通,sz300638,26.5,27.18,26.5,281500.0,26.49,1800,26.5,7700,-2.5,26.5,26.5,281500,7460000.0,0.05,0.0,140.57,238.31,32.62,21.74,0.0
宝胜股份,sh600973,7.46,7.57,7.46,388500.0,7.45,22000,7.46,28000,-1.45,7.46,7.46,388500,2900000.0,0.03,0.0,102.3,102.3,8.33,6.81,0.0
伊戈尔,sz002922,47.0,48.02,47.0,232500.0,46.99,100,47.0,23600,-2.12,47.0,47.0,232500,10930000.0,0.06,0.0,175.69,198.91,52.82,43.22,0.0
新力金融,sh600318,9.84,9.95,9.84,201600.0,9.83,10000,9.84,3000,-1.11,9.84,9.84,201600,1980000.0,0.04,0.0,50.45,50.45,10.95,8.96,0.0
日发精机,sz002520,6.72,6.8,6.72,838600.0,6.71,86200,6.72,10800,-1.18,6.72,6.72,838600,5640000.0,0.12,0.0,48.21,50.42,7.48,6.12,0.0
泰豪科技,sh600590,15.8,16.18,15.8,2487400.0,15.77,100,15.8,20500,-2.35,15.8,15.8,2487400,39300000.0,0.29,0.0,133.28,134.75,17.8,14.56,0.0
金正大,sz002470,3.14,2.86,3.14,33462300.0,3.13,190400,3.14,4140300,9.79,3.14,3.14,33462300,105070000.0,1.02,0.0,103.17,103.18,3.15,2.57,0.0
铁大科技,bj920541,13.96,13.96,13.96,100.0,13.9,20000,14.0,500,0.0,13.96,13.96,100,1400.0000000000002,0.0,0.0,12.57,19.08,18.14,9.78,0.0
瑞迪智驱,sz301596,69.99,70.88,69.99,5200.0,69.99,100,70.0,5300,-1.26,69.99,69.99,5200,360000.0,0.02,0.0,21.92,54.01,85.06,56.7,0.0
吉林碳谷,bj920077,17.0,17.31,17.0,42500.0,16.99,500,17.0,7700,-1.79,17.0,17.0,42500,723300.0,0.01,0.0,53.88,99.91,22.5,12.12,0.0
艾隆科技,sh688329,25.04,25.89,25.04,3036900.0,25.04,300,25.7,2200,-3.28,25.04,25.04,3036900,760000.0,0.04,0.0,19.33,19.33,31.07,20.71,0.0
海优新材,sh688680,50.83,51.92,50.83,260200.0,50.77,200,50.83,3600,-2.1,50.83,50.83,260200,130000.0,0.0,0.0,42.71,42.71,62.3,41.54,0.0
金煤科技,sh600844,3.7,3.5,3.7,3046700.0,3.69,13000,3.7,595100,5.71,3.7,3.7,3046700,11270000.0,0.37,0.0,30.44,37.61,3.85,3.15,0.0
法本信息,sz300925,19.86,20.09,19.86,50000.0,19.86,8000,19.89,5000,-1.14,19.86,19.86,50000,990000.0,0.01,0.0,69.42,85.14,24.11,16.07,0.0
北方导航,sh600435,17.87,17.85,17.87,521400.0,17.87,2300,17.88,13800,0.11,17.87,17.87,521400,9320000.0,0.03,0.0,270.26,270.26,19.64,16.07,0.0
春晖智控,sz300943,34.0,35.98,34.0,136400.0,33.95,100,34.0,33500,-5.5,34.0,34.0,136400,4640000.0,0.1,0.0,45.68,69.3,43.18,28.78,0.0
若羽臣,sz003010,28.53,29.05,28.53,43100.0,28.52,500,28.53,1400,-1.79,28.53,28.53,43100,1230000.0,0.02,0.0,64.52,88.75,31.96,26.15,0.0
南矿集团,sz001360,24.66,25.01,24.66,16800.0,24.61,300,24.66,36300,-1.4,24.66,24.66,16800,410000.0,0.02,0.0,20.17,50.31,27.51,22.51,0.0
华菱精工,sh603356,19.1,19.4,19.1,28300.0,19.1,1000,19.13,100,-1.55,19.1,19.1,28300,540000.0,0.02,0.0,25.47,25.47,21.34,17.46,0.0
津投城开,sh600322,2.3,2.31,2.3,373300.0,2.29,8400,2.3,72900,-0.43,2.3,2.3,373300,860000.0,0.03,0.0,25.43,25.43,2.54,2.08,0.0
海程邦达,sh603836,14.54,14.54,14.54,13200.0,14.5,100,14.54,5500,0.0,14.54,14.54,13200,190000.0,0.01,0.0,29.84,29.84,15.99,13.09,0.0
天成自控,sh603085,11.24,11.33,11.24,81200.0,11.22,2000,11.24,54800,-0.79,11.24,11.24,81200,910000.0,0.02,0.0,44.63,44.63,12.46,10.2,0.0
苏试试验,sz300416,17.3,17.62,17.3,167400.0,17.3,7500,17.49,500,-1.82,17.3,17.3,167400,2900000.0,0.03,0.0,87.39,87.98,21.14,14.1,0.0
卡倍亿,sz300863,53.12,53.82,53.12,6400.0,53.0,100,53.12,11500,-1.3,53.12,53.12,6400,340000.0,0.0,0.0,96.08,99.96,64.58,43.06,0.0
西磁科技,bj920061,28.3,28.3,28.3,5600.0,28.3,3100,28.35,500,0.0,28.3,28.3,5600,158700.0,0.02,0.0,10.4,20.03,36.79,19.81,0.0
万泽股份,sz000534,39.95,41.24,39.95,657700.0,39.95,10800,39.97,1200,-3.13,39.95,39.95,657700,26280000.0,0.13,0.0,199.74,203.56,45.36,37.12,0.0
泰凯英,bj920020,16.98,17.03,16.98,2000.0,16.96,2000,16.98,4400,-0.29,16.98,16.98,2000,34000.0,0.0,0.0,9.36,37.57,22.13,11.93,0.0
联明股份,sh603006,13.41,13.54,13.41,27600.0,13.41,3400,13.48,9000,-0.96,13.41,13.41,27600,370000.0,0.01,0.0,34.1,34.1,14.89,12.19,0.0
横河精密,sz300539,29.99,30.7,29.99,56300.0,29.92,2900,29.99,900,-2.31,29.99,29.99,56300,1690000.0,0.03,0.0,65.34,80.4,36.84,24.56,0.0
多利科技,sz001311,34.17,35.35,34.17,24000.0,34.17,2300,34.64,23000,-3.34,34.17,34.17,24000,820000.0,0.02,0.0,46.56,106.1,38.89,31.82,0.0
天虹股份,sz002419,5.49,5.54,5.49,56900.0,5.49,10300,5.5,59100,-0.9,5.49,5.49,56900,310000.0,0.0,0.0,64.16,64.17,6.09,4.99,0.0
道生天合,sh601026,21.04,21.44,21.04,83700.0,21.03,1700,21.04,6300,-1.87,21.04,21.04,83700,1760000.0,0.08,0.0,22.55,138.74,23.58,19.3,0.0
苏宁环球,sz000718,2.25,2.28,2.25,468900.0,2.25,12400,2.26,658000,-1.32,2.25,2.25,468900,1060000.0,0.02,0.0,51.35,68.28,2.51,2.05,0.0
鹿得医疗,bj920278,9.07,9.13,9.07,24700.0,9.05,1200,9.07,1400,-0.66,9.07,9.07,24700,224100.0,0.03,0.0,6.72,15.83,11.86,6.4,0.0
永和智控,sz002795,7.81,7.87,7.81,176100.0,7.8,2900,7.81,3100,-0.76,7.81,7.81,176100,1380000.0,0.04,0.0,33.93,34.5,8.66,7.08,0.0
北大医药,sz000788,6.28,6.29,6.28,114000.0,6.27,10200,6.28,5000,-0.16,6.28,6.28,114000,720000.0,0.02,0.0,37.43,37.43,6.92,5.66,0.0
丛麟科技,sh688370,27.95,27.72,27.95,30000.0,27.71,200,27.95,200,0.83,27.95,27.95,30000,10000.0,0.0,0.0,38.32,38.32,33.26,22.18,0.0
百润股份,sz002568,18.99,19.14,18.99,51300.0,18.95,500,18.99,3000,-0.78,18.99,18.99,51300,970000.0,0.01,0.0,137.25,199.12,21.05,17.23,0.0
奥迪威,bj920491,25.1,25.61,25.1,21000.0,25.08,1000,25.1,500,-1.99,25.1,25.1,21000,526800.0,0.02,0.0,29.01,35.43,33.29,17.93,0.0
荣信文化,sz301231,34.2,34.95,34.2,49800.0,34.12,300,34.2,3000,-2.15,34.2,34.2,49800,1700000.0,0.08,0.0,22.38,28.86,41.94,27.96,0.0
恒鑫生活,sz301501,39.98,40.06,39.98,7400.0,39.72,500,39.98,13400,-0.2,39.98,39.98,7400,300000.0,0.02,0.0,14.78,59.13,48.07,32.05,0.0
徕木股份,sh603633,8.52,8.63,8.52,44800.0,8.51,300,8.52,13500,-1.27,8.52,8.52,44800,380000.0,0.01,0.0,36.36,36.36,9.49,7.77,0.0
交运股份,sh600676,8.2,8.45,8.2,677500.0,8.18,21200,8.2,147500,-2.96,8.2,8.2,677500,5560000.0,0.07,0.0,84.34,84.34,9.3,7.61,0.0
国光连锁,sh605188,17.26,17.49,17.26,43200.0,17.25,5600,17.26,9300,-1.32,17.26,17.26,43200,750000.0,0.01,0.0,86.71,86.71,19.24,15.74,0.0
熊猫乳品,sz300898,25.49,25.86,25.49,11300.0,25.47,100,25.5,600,-1.43,25.49,25.49,11300,290000.0,0.01,0.0,29.25,31.61,31.03,20.69,0.0
航亚科技,sh688510,39.13,40.21,39.13,3820000.0,39.13,200,39.74,1900,-2.69,39.13,39.13,3820000,1490000.0,0.01,0.0,101.55,101.55,48.25,32.17,0.0
洁雅股份,sz301108,30.59,30.95,30.59,7900.0,30.51,500,30.59,2400,-1.16,30.59,30.59,7900,240000.0,0.01,0.0,19.83,34.43,37.14,24.76,0.0
银邦股份,sz300337,13.62,13.85,13.62,156800.0,13.61,37200,13.62,500,-1.66,13.62,13.62,156800,2140000.0,0.02,0.0,96.89,111.95,16.62,11.08,0.0
太力科技,sz301595,63.5,65.23,63.5,25000.0,63.5,3300,64.09,400,-2.65,63.5,63.5,25000,1590000.0,0.1,0.0,15.47,68.76,78.28,52.18,0.0
惠发食品,sh603536,10.25,10.34,10.25,24100.0,10.25,1400,10.33,400,-0.87,10.25,10.25,24100,250000.0,0.01,0.0,24.65,24.84,11.37,9.31,0.0
连云港,sh601008,5.36,5.26,5.36,930900.0,5.36,73000,5.37,85300,1.9,5.36,5.36,930900,4990000.0,0.08,0.0,66.5,66.5,5.79,4.73,0.0
芯动联科,sh688582,64.05,64.52,64.05,9597300.0,64.05,6700,64.2,300,-0.73,64.05,64.05,9597300,6150000.0,0.04,0.0,160.27,257.31,77.42,51.62,0.0
华旺科技,sh605377,9.19,9.25,9.19,40400.0,9.17,7400,9.19,13700,-0.65,9.19,9.19,40400,370000.0,0.01,0.0,51.16,51.16,10.18,8.33,0.0
德林海,sh688069,27.7,28.25,27.7,2053600.0,27.7,1600,28.22,400,-1.95,27.7,27.7,2053600,570000.0,0.02,0.0,31.3,31.3,33.9,22.6,0.0
快可电子,sz301278,42.57,43.89,42.57,86400.0,42.57,7800,42.8,4000,-3.01,42.57,42.57,86400,3680000.0,0.17,0.0,21.88,38.19,52.67,35.11,0.0
巴比食品,sh605338,26.19,26.53,26.19,7100.0,26.18,500,26.19,1400,-1.28,26.19,26.19,7100,190000.0,0.0,0.0,62.74,62.74,29.18,23.88,0.0
趣睡科技,sz301336,55.3,56.04,55.3,5100.0,55.06,200,55.3,900,-1.32,55.3,55.3,5100,280000.0,0.02,0.0,16.83,22.12,67.25,44.83,0.0
富奥股份,sz000030,5.3,5.35,5.3,178800.0,5.29,1500,5.3,43100,-0.93,5.3,5.3,178800,950000.0,0.01,0.0,88.56,91.15,5.89,4.82,0.0
南特科技,bj920124,17.48,17.69,17.48,20000.0,17.48,7900,17.51,5100,-1.19,17.48,17.48,20000,349600.0,0.03,0.0,13.38,26.0,22.99,12.39,0.0
威腾电气,sh688226,45.2,45.92,45.2,5997700.0,45.16,200,45.2,6400,-1.57,45.2,45.2,5997700,2710000.0,0.03,0.0,85.33,85.33,55.1,36.74,0.0
联影医疗,sh688271,121.51,123.82,121.51,2996800.0,121.51,0,122.45,300,-1.87,121.51,121.51,2996800,3640000.0,0.0,0.0,1001.43,1001.43,148.58,99.06,0.0
中纺标,bj920122,30.9,31.24,30.9,3400.0,30.86,700,30.9,0,-1.09,30.9,30.9,3400,105100.0,0.01,0.0,11.55,28.5,40.61,21.87,0.0
四川长虹,sh600839,9.8,9.89,9.8,1459100.0,9.79,71000,9.8,246500,-0.91,9.8,9.8,1459100,14300000.0,0.03,0.0,452.27,452.39,10.88,8.9,0.0
唯特偶,sz301319,47.0,47.81,47.0,16900.0,46.9,3000,47.0,32000,-1.69,47.0,47.0,16900,790000.0,0.02,0.0,43.96,58.49,57.37,38.25,0.0
中草香料,bj920016,19.37,19.56,19.37,2400.0,19.37,100,19.39,5200,-0.97,19.37,19.37,2400,47100.0,0.01,0.0,6.63,14.91,25.42,13.7,0.0
ST岭南,sz002717,1.75,1.77,1.75,3078300.0,1.74,645000,1.75,70100,-1.13,1.75,1.75,3078300,5390000.0,0.19,0.0,28.27,31.85,1.86,1.68,0.0
中国东航,sh600115,4.87,5.12,4.87,5178400.0,4.87,2286300,4.88,55300,-4.88,4.87,4.87,5178400,25220000.0,0.03,0.0,829.12,1075.67,5.63,4.61,0.0
华塑控股,sz000509,3.84,3.99,3.84,5793900.0,3.84,136700,3.85,23000,-3.76,3.84,3.84,5793900,22250000.0,0.54,0.0,41.21,41.21,4.39,3.59,0.0
准油股份,sz002207,14.44,13.13,14.44,4210200.0,14.43,978100,14.44,1061600,9.98,14.44,14.44,4210200,60800000.0,1.61,0.0,37.66,37.84,14.44,11.82,0.0
山鹰国际,sh600567,1.7,1.71,1.7,2167200.0,1.69,3972200,1.7,6325800,-0.58,1.7,1.7,2167200,3680000.0,0.03,0.0,107.23,107.23,1.88,1.54,0.0
信维通信,sz300136,68.0,69.24,68.0,1168500.0,68.0,15300,68.08,100,-1.79,68.0,68.0,1168500,79460000.0,0.14,0.0,560.71,657.95,83.09,55.39,0.0
索辰科技,sh688507,92.88,94.84,92.88,5107800.0,92.88,12400,92.91,2800,-2.07,92.88,92.88,5107800,4740000.0,0.1,0.0,45.73,82.76,113.81,75.87,0.0
众诚科技,bj920207,34.89,36.82,34.89,102400.0,34.89,5400,34.96,1700,-5.24,34.89,34.89,102400,3573200.0,0.18,0.0,19.65,32.17,47.86,25.78,0.0
无锡鼎邦,bj920931,14.86,14.14,14.86,41500.0,14.86,600,14.87,3500,5.09,14.86,14.86,41500,616100.0,0.14,0.0,4.28,13.96,18.38,9.9,0.0
三特索道,sz002159,18.7,18.96,18.7,66100.0,18.7,1100,18.8,16800,-1.37,18.7,18.7,66100,1240000.0,0.05,0.0,25.89,33.16,20.86,17.06,0.0
重庆建工,sh600939,3.23,3.25,3.23,107800.0,3.23,74700,3.24,26300,-0.62,3.23,3.23,107800,350000.0,0.01,0.0,61.45,61.45,3.58,2.93,0.0
金新农,sz002548,6.61,6.75,6.61,622400.0,6.61,32000,6.62,100,-2.07,6.61,6.61,622400,4110000.0,0.08,0.0,53.18,54.74,7.43,6.08,0.0
中航光电,sz002179,34.82,35.29,34.82,311300.0,34.82,1700,34.83,40300,-1.33,34.82,34.82,311300,10840000.0,0.01,0.0,730.0,737.29,38.82,31.76,0.0
钱江生化,sh600796,6.94,7.03,6.94,80500.0,6.93,6000,6.94,1700,-1.28,6.94,6.94,80500,560000.0,0.03,0.0,21.62,60.14,7.73,6.33,0.0
天地数码,sz300743,19.25,19.47,19.25,17700.0,19.2,600,19.25,2600,-1.13,19.25,19.25,17700,340000.0,0.01,0.0,24.53,29.11,23.36,15.58,0.0
华映科技,sz000536,4.55,4.63,4.55,1421400.0,4.55,285100,4.56,11400,-1.73,4.55,4.55,1421400,6470000.0,0.05,0.0,125.72,125.85,5.09,4.17,0.0
东华能源,sz002221,9.4,8.96,9.4,1250600.0,9.39,43100,9.4,64500,4.91,9.4,9.4,1250600,11760000.0,0.09,0.0,137.32,148.16,9.86,8.06,0.0
融发核电,sz002366,7.95,8.08,7.95,952000.0,7.94,48900,7.95,43900,-1.61,7.95,7.95,952000,7570000.0,0.05,0.0,147.1,165.43,8.89,7.27,0.0
佳云科技,sz300242,5.19,5.28,5.19,124300.0,5.18,14600,5.19,2600,-1.7,5.19,5.19,124300,650000.0,0.02,0.0,32.93,32.93,6.34,4.22,0.0
东风科技,sh600081,11.4,11.49,11.4,17000.0,11.39,1400,11.4,6600,-0.78,11.4,11.4,17000,190000.0,0.0,0.0,63.04,63.04,12.64,10.34,0.0
普天科技,sz002544,29.49,29.98,29.49,71200.0,29.48,500,29.49,4600,-1.63,29.49,29.49,71200,2100000.0,0.01,0.0,200.67,200.69,32.98,26.98,0.0
天元宠物,sz301335,27.02,27.55,27.02,10700.0,27.02,400,27.06,1400,-1.92,27.02,27.02,10700,290000.0,0.02,0.0,13.68,34.29,33.06,22.04,0.0
普冉股份,sh688766,237.0,253.3,237.0,3799900.0,237.0,100,238.0,400,-6.44,237.0,237.0,3799900,9010000.0,0.03,0.0,350.88,350.88,303.96,202.64,0.0
富士达,bj920640,41.35,42.61,41.35,82200.0,41.33,400,41.35,600,-2.96,41.35,41.35,82200,3397400.0,0.05,0.0,74.68,77.63,55.39,29.83,0.0
吉冈精密,bj920720,13.25,13.4,13.25,1500.0,13.25,300,13.3,4000,-1.12,13.25,13.25,1500,20299.999999999996,0.0,0.0,9.81,34.95,17.42,9.38,0.0
昊志机电,sz300503,48.0,49.4,48.0,96000.0,47.99,100,48.0,47000,-2.83,48.0,48.0,96000,4610000.0,0.04,0.0,115.67,147.95,59.28,39.52,0.0
美年健康,sz002044,6.21,6.42,6.21,1674200.0,6.2,119100,6.21,182800,-3.27,6.21,6.21,1674200,10400000.0,0.04,0.0,240.59,243.08,7.06,5.78,0.0
大众交通,sh600611,5.48,5.53,5.48,145400.0,5.47,23300,5.48,140100,-0.9,5.48,5.48,145400,800000.0,0.01,0.0,85.67,129.55,6.08,4.98,0.0
中水渔业,sz000798,11.17,11.36,11.17,844400.0,11.17,68500,11.2,11100,-1.67,11.17,11.17,844400,9430000.0,0.23,0.0,40.86,40.87,12.5,10.22,0.0
航天彩虹,sz002389,28.49,27.61,28.49,1979200.0,28.49,5700,28.5,72600,3.19,28.49,28.49,1979200,56390000.0,0.2,0.0,280.56,280.6,30.37,24.85,0.0
雅达股份,bj920556,11.03,11.3,11.03,319700.0,11.03,13100,11.1,1000,-2.39,11.03,11.03,319700,3526600.0000000005,0.27,0.0,12.96,17.79,14.69,7.91,0.0
博迁新材,sh605376,92.82,97.38,92.82,73500.0,92.82,300,92.99,800,-4.68,92.82,92.82,73500,6820000.0,0.03,0.0,242.82,242.82,107.12,87.64,0.0
长久物流,sh603569,7.31,7.37,7.31,66300.0,7.31,3800,7.34,6000,-0.81,7.31,7.31,66300,480000.0,0.01,0.0,44.12,44.12,8.11,6.63,0.0
欧亚集团,sh600697,12.98,13.23,12.98,69300.0,12.97,3000,12.98,11900,-1.89,12.98,12.98,69300,900000.0,0.04,0.0,20.17,20.65,14.55,11.91,0.0
森马服饰,sz002563,5.3,5.34,5.3,126700.0,5.3,84800,5.31,285800,-0.75,5.3,5.3,126700,670000.0,0.01,0.0,117.05,142.79,5.87,4.81,0.0
能特科技,sz002102,3.5,3.54,3.5,649300.0,3.5,204500,3.51,31800,-1.13,3.5,3.5,649300,2270000.0,0.03,0.0,76.05,86.65,3.89,3.19,0.0
三六五网,sz300295,10.32,10.51,10.32,43700.0,10.32,6900,10.33,12900,-1.81,10.32,10.32,43700,450000.0,0.03,0.0,17.29,19.57,12.61,8.41,0.0
ST明诚,sh600136,1.85,1.88,1.85,754900.0,1.85,630500,1.86,914400,-1.6,1.85,1.85,754900,1400000.0,0.04,0.0,35.95,37.76,1.97,1.79,0.0
青岛金王,sz002094,7.28,7.35,7.28,74400.0,7.27,5000,7.28,74300,-0.95,7.28,7.28,74400,540000.0,0.01,0.0,50.27,50.3,8.09,6.62,0.0
安凯客车,sz000868,4.66,4.69,4.66,126700.0,4.65,20000,4.66,49400,-0.64,4.66,4.66,126700,590000.0,0.02,0.0,34.17,43.78,5.16,4.22,0.0
天域生物,sh603717,7.55,7.61,7.55,71100.0,7.55,2000,7.57,200,-0.79,7.55,7.55,71100,540000.0,0.02,0.0,21.91,21.91,8.37,6.85,0.0
*ST宝鹰,sz002047,5.13,5.08,5.13,307400.0,5.13,28200,5.14,1000,0.98,5.13,5.13,307400,1580000.0,0.02,0.0,77.78,77.78,5.33,4.83,0.0
易明医药,sz002826,21.6,21.86,21.6,34600.0,21.55,1100,21.6,32700,-1.19,21.6,21.6,34600,750000.0,0.02,0.0,37.65,41.19,24.05,19.67,0.0
武汉天源,sz301127,16.84,16.85,16.84,76000.0,16.8,1100,16.84,7500,-0.06,16.84,16.84,76000,1280000.0,0.01,0.0,110.17,113.51,20.22,13.48,0.0
*ST华嵘,sh600421,7.46,7.55,7.46,37100.0,7.46,3400,7.47,21500,-1.19,7.46,7.46,37100,280000.0,0.02,0.0,14.59,14.59,7.93,7.17,0.0
卫宁健康,sz300253,9.4,9.68,9.4,1212600.0,9.4,11400,9.41,900,-2.89,9.4,9.4,1212600,11400000.0,0.07,0.0,171.53,208.26,11.62,7.74,0.0
丽尚国潮,sh600738,5.06,5.11,5.06,134700.0,5.05,33000,5.06,48300,-0.98,5.06,5.06,134700,680000.0,0.02,0.0,38.49,38.52,5.62,4.6,0.0
和展能源,sz000809,3.55,3.57,3.55,594000.0,3.54,39500,3.55,221900,-0.56,3.55,3.55,594000,2110000.0,0.07,0.0,29.28,29.28,3.93,3.21,0.0
浙商中拓,sz000906,6.12,6.15,6.12,101600.0,6.12,9600,6.13,1100,-0.49,6.12,6.12,101600,620000.0,0.01,0.0,42.92,43.43,6.77,5.54,0.0
中国汽研,sh601965,18.85,19.03,18.85,34300.0,18.83,1700,18.85,900,-0.95,18.85,18.85,34300,650000.0,0.0,0.0,188.2,189.08,20.93,17.13,0.0
创业慧康,sz300451,5.0,5.08,5.0,259900.0,4.99,6800,5.0,34900,-1.57,5.0,5.0,259900,1300000.0,0.02,0.0,76.33,77.46,6.1,4.06,0.0
飞利信,sz300287,4.79,4.84,4.79,164300.0,4.78,28400,4.79,118500,-1.03,4.79,4.79,164300,790000.0,0.01,0.0,63.14,68.75,5.81,3.87,0.0
亨迪药业,sz301211,12.11,12.2,12.11,8400.0,12.11,400,12.17,1000,-0.74,12.11,12.11,8400,100000.0,0.0,0.0,50.57,50.57,14.64,9.76,0.0
电科数字,sh600850,26.31,26.92,26.31,271200.0,26.31,4800,26.38,200,-2.27,26.31,26.31,271200,7140000.0,0.04,0.0,178.96,178.96,29.61,24.23,0.0
天马新材,bj920971,28.01,28.39,28.01,22000.0,28.01,200,28.31,100,-1.34,28.01,28.01,22000,615500.0,0.03,0.0,24.01,29.44,36.9,19.88,0.0
华联股份,sz000882,1.85,1.86,1.85,1122500.0,1.84,1982300,1.85,2560500,-0.54,1.85,1.85,1122500,2080000.0,0.04,0.0,50.61,50.64,2.05,1.67,0.0
利尔达,bj920249,12.68,13.04,12.68,53900.0,12.66,1000,12.68,51300,-2.76,12.68,12.68,53900,683500.0,0.04,0.0,15.81,53.46,16.95,9.13,0.0
西藏旅游,sh600749,16.16,16.34,16.16,33900.0,16.16,1000,16.2,400,-1.1,16.16,16.16,33900,550000.0,0.01,0.0,36.68,36.68,17.97,14.71,0.0
贝瑞基因,sz000710,11.53,11.82,11.53,196500.0,11.53,5500,11.54,2900,-2.45,11.53,11.53,196500,2270000.0,0.06,0.0,37.99,40.76,13.0,10.64,0.0
惠同新材,bj920751,24.32,24.59,24.32,3900.0,24.32,0,24.34,1000,-1.1,24.32,24.32,3900,94800.0,0.0,0.0,20.18,21.1,31.96,17.22,0.0
国源科技,bj920184,17.93,18.31,17.93,5200.0,17.93,1600,18.05,100,-2.08,17.93,17.93,5200,92300.0,0.01,0.0,16.02,23.78,23.8,12.82,0.0
晶科科技,sh601778,4.8,4.87,4.8,3847000.0,4.8,214800,4.81,10100,-1.44,4.8,4.8,3847000,18470000.0,0.11,0.0,171.41,171.41,5.36,4.38,0.0
新世界,sh600628,7.8,7.83,7.8,199500.0,7.8,103600,7.81,3500,-0.38,7.8,7.8,199500,1560000.0,0.03,0.0,50.46,50.46,8.61,7.05,0.0
慈文传媒,sz002343,6.73,6.84,6.73,193600.0,6.73,7400,6.74,25900,-1.61,6.73,6.73,193600,1300000.0,0.04,0.0,31.88,31.88,7.52,6.16,0.0
金马游乐,sz300756,45.3,45.32,45.3,40400.0,45.0,100,45.31,7800,-0.04,45.3,45.3,40400,1830000.0,0.03,0.0,59.45,71.39,54.38,36.26,0.0
烽火电子,sz000561,11.03,11.15,11.03,89500.0,11.02,2800,11.03,30600,-1.08,11.03,11.03,89500,990000.0,0.01,0.0,79.02,95.3,12.27,10.04,0.0
信凯科技,sz001335,43.95,43.81,43.95,22000.0,43.88,600,43.95,300,0.32,43.95,43.95,22000,970000.0,0.09,0.0,10.3,41.2,48.19,39.43,0.0
实达集团,sh600734,4.13,4.18,4.13,996900.0,4.13,475000,4.14,4000,-1.2,4.13,4.13,996900,4120000.0,0.05,0.0,89.95,89.96,4.6,3.76,0.0
京投发展,sh600683,6.89,7.01,6.89,315300.0,6.88,12000,6.89,400,-1.71,6.89,6.89,315300,2170000.0,0.04,0.0,51.04,51.04,7.71,6.31,0.0
京城股份,sh600860,15.73,15.79,15.73,533300.0,15.73,900,15.74,200,-0.38,15.73,15.73,533300,8390000.0,0.12,0.0,69.85,86.12,17.37,14.21,0.0
京源环保,sh688096,9.84,9.92,9.84,14937700.0,9.84,14300,9.87,2300,-0.81,9.84,9.84,14937700,1470000.0,0.06,0.0,23.23,23.23,11.9,7.94,0.0
西子洁能,sz002534,19.4,19.81,19.4,226800.0,19.38,1000,19.4,1700,-2.07,19.4,19.4,226800,4400000.0,0.03,0.0,160.0,162.17,21.79,17.83,0.0
天元智能,sh603273,18.75,18.93,18.75,10000.0,18.75,200,18.9,1100,-0.95,18.75,18.75,10000,190000.0,0.02,0.0,10.51,40.18,20.82,17.04,0.0
瑞华泰,sh688323,21.78,22.3,21.78,2618800.0,21.78,5700,21.9,1100,-2.33,21.78,21.78,2618800,570000.0,0.01,0.0,39.2,39.2,26.76,17.84,0.0
乐创技术,bj920425,22.49,22.97,22.49,15600.0,22.47,2100,22.49,13700,-2.09,22.49,22.49,15600,351700.0,0.03,0.0,13.32,15.95,29.86,16.08,0.0
华原股份,bj920837,15.0,15.38,15.0,101000.0,14.93,500,15.0,22900,-2.47,15.0,15.0,101000,1514800.0,0.07,0.0,20.52,22.76,19.99,10.77,0.0
全通教育,sz300359,5.34,5.42,5.34,57500.0,5.32,4500,5.34,32900,-1.48,5.34,5.34,57500,310000.0,0.01,0.0,33.82,33.82,6.5,4.34,0.0
龙大美食,sz002726,3.86,3.9,3.86,264500.0,3.86,68700,3.87,130800,-1.03,3.86,3.86,264500,1020000.0,0.02,0.0,41.62,41.66,4.29,3.51,0.0
苏奥传感,sz300507,9.06,9.2,9.06,58100.0,9.06,20100,9.07,55000,-1.52,9.06,9.06,58100,530000.0,0.01,0.0,70.21,72.54,11.04,7.36,0.0
长江投资,sh600119,6.3,6.35,6.3,71800.0,6.28,400,6.3,22800,-0.79,6.3,6.3,71800,450000.0,0.02,0.0,23.01,23.01,6.99,5.72,0.0
盛航股份,sz001205,16.11,16.06,16.11,73900.0,16.06,4100,16.11,500,0.31,16.11,16.11,73900,1190000.0,0.05,0.0,25.7,30.29,17.67,14.45,0.0
同庆楼,sh605108,17.75,17.96,17.75,37300.0,17.75,7100,17.76,600,-1.17,17.75,17.75,37300,660000.0,0.01,0.0,46.15,46.15,19.76,16.16,0.0
中顺洁柔,sz002511,8.66,8.79,8.66,183600.0,8.66,3000,8.67,13500,-1.48,8.66,8.66,183600,1590000.0,0.01,0.0,109.55,111.4,9.67,7.91,0.0
联合精密,sz001268,32.0,32.17,32.0,5900.0,31.7,1000,32.0,800,-0.53,32.0,32.0,5900,190000.0,0.01,0.0,20.14,34.54,35.39,28.95,0.0
神通科技,sh605228,13.01,13.21,13.01,40400.0,13.01,3200,13.03,100,-1.51,13.01,13.01,40400,530000.0,0.01,0.0,62.08,62.34,14.53,11.89,0.0
威贸电子,bj920346,23.6,23.61,23.6,1100.0,23.5,100,23.6,3300,-0.04,23.6,23.6,1100,25000.0,0.0,0.0,10.53,19.03,30.69,16.53,0.0
东方精工,sz002611,16.58,16.8,16.58,215900.0,16.57,2200,16.58,65900,-1.31,16.58,16.58,215900,3580000.0,0.02,0.0,166.16,201.83,18.48,15.12,0.0
阿尔特,sz300825,9.31,9.49,9.31,16900.0,9.31,16000,9.32,100,-1.9,9.31,9.31,16900,160000.0,0.0,0.0,45.1,46.37,11.39,7.59,0.0
佳合科技,bj920392,23.51,23.77,23.51,4000.0,23.49,1300,23.51,600,-1.09,23.51,23.51,4000,93800.00000000001,0.01,0.0,8.56,17.92,30.9,16.64,0.0
宁波方正,sz300998,23.79,23.99,23.79,4700.0,23.79,200,23.8,300,-0.83,23.79,23.79,4700,110000.0,0.0,0.0,25.62,32.63,28.79,19.19,0.0
科创信息,sz300730,12.73,12.92,12.73,33800.0,12.73,1200,12.85,10000,-1.47,12.73,12.73,33800,430000.0,0.02,0.0,24.61,30.7,15.5,10.34,0.0
光庭信息,sz301221,56.72,57.9,56.72,8500.0,56.72,100,57.33,300,-2.04,56.72,56.72,8500,480000.0,0.01,0.0,35.58,52.54,69.48,46.32,0.0
中南文化,sz002445,3.06,2.78,3.06,1389700.0,3.06,373462600,0.0,0,10.07,3.06,3.06,1389700,4250000.0,0.06,0.0,72.41,72.72,3.06,2.5,0.0
智慧农业,sz000816,3.93,3.94,3.93,804600.0,3.92,61500,3.93,76600,-0.25,3.93,3.93,804600,3160000.0,0.06,0.0,56.45,56.87,4.33,3.55,0.0
新特电气,sz301120,27.09,27.41,27.09,830600.0,27.09,19100,27.11,400,-1.17,27.09,27.09,830600,22500000.0,0.38,0.0,59.22,100.62,32.89,21.93,0.0
德众汽车,bj920030,6.46,6.48,6.46,31000.0,6.41,7000,6.46,28500,-0.31,6.46,6.46,31000,200300.0,0.03,0.0,7.24,11.55,8.42,4.54,0.0
新赣江,bj920367,21.0,21.35,21.0,13100.0,20.95,8000,21.0,21100,-1.64,21.0,21.0,13100,275100.0,0.03,0.0,8.82,14.88,27.75,14.95,0.0
曲美家居,sh603818,3.86,3.85,3.86,142700.0,3.85,14200,3.86,20600,0.26,3.86,3.86,142700,550000.0,0.02,0.0,26.5,26.5,4.24,3.47,0.0
嘉麟杰,sz002486,3.09,3.12,3.09,192300.0,3.08,47900,3.09,7600,-0.96,3.09,3.09,192300,590000.0,0.02,0.0,25.35,25.47,3.43,2.81,0.0
步步高,sz002251,4.6,4.66,4.6,685800.0,4.6,75700,4.61,216900,-1.29,4.6,4.6,685800,3150000.0,0.03,0.0,99.01,123.68,5.13,4.19,0.0
利仁科技,sz001259,34.73,34.81,34.73,5800.0,34.72,200,34.74,400,-0.23,34.73,34.73,5800,200000.0,0.01,0.0,16.51,25.56,38.29,31.33,0.0
GQY视讯,sz300076,7.63,7.78,7.63,67800.0,7.63,4300,7.66,100,-1.93,7.63,7.63,67800,520000.0,0.02,0.0,32.35,32.35,9.34,6.22,0.0
兴化股份,sz002109,4.9,4.64,4.9,1450300.0,4.89,100,4.9,4300,5.6,4.9,4.9,1450300,7110000.0,0.11,0.0,62.54,62.54,5.1,4.18,0.0
皇庭国际,sz000056,1.99,2.02,1.99,1072100.0,1.98,34500,1.99,336700,-1.49,1.99,1.99,1072100,2130000.0,0.12,0.0,17.98,23.53,2.22,1.82,0.0
浩淼科技,bj920856,15.26,15.43,15.26,5000.0,15.26,6000,15.5,700,-1.1,15.26,15.26,5000,75600.0,0.01,0.0,8.1,14.52,20.05,10.81,0.0
壹网壹创,sz300792,37.55,38.23,37.55,46400.0,37.55,8800,37.59,4000,-1.78,37.55,37.55,46400,1740000.0,0.02,0.0,79.81,88.97,45.88,30.58,0.0
沪江材料,bj920204,17.99,18.21,17.99,7800.0,17.98,100,17.99,18200,-1.21,17.99,17.99,7800,141100.0,0.02,0.0,8.99,16.96,23.67,12.75,0.0
长亮科技,sz300348,13.2,13.46,13.2,210500.0,13.2,25300,13.21,100,-1.93,13.2,13.2,210500,2780000.0,0.03,0.0,93.83,107.28,16.15,10.77,0.0
飞天诚信,sz300386,15.9,16.12,15.9,6100.0,15.89,700,15.9,800,-1.36,15.9,15.9,6100,100000.0,0.0,0.0,39.87,66.47,19.34,12.9,0.0
ST得润,sz002055,6.18,6.32,6.18,520300.0,6.18,60600,6.19,18600,-2.22,6.18,6.18,520300,3220000.0,0.09,0.0,36.71,37.36,6.64,6.0,0.0
厚普股份,sz300471,15.99,15.68,15.99,495200.0,15.99,600,16.0,5500,1.98,15.99,15.99,495200,7920000.0,0.14,0.0,58.61,75.18,18.82,12.54,0.0
华测导航,sz300627,35.35,35.38,35.35,102100.0,35.31,400,35.35,21300,-0.08,35.35,35.35,102100,3610000.0,0.02,0.0,229.11,278.17,42.46,28.3,0.0
福成股份,sh600965,5.96,5.97,5.96,47800.0,5.91,1000,5.96,12400,-0.17,5.96,5.96,47800,280000.0,0.01,0.0,48.79,48.79,6.57,5.37,0.0
喜临门,sh603008,19.01,19.14,19.01,75600.0,19.01,12200,19.05,1000,-0.68,19.01,19.01,75600,1440000.0,0.02,0.0,70.01,70.01,21.05,17.23,0.0
万里扬,sz002434,8.8,8.94,8.8,164700.0,8.8,33100,8.81,500,-1.57,8.8,8.8,164700,1450000.0,0.01,0.0,115.4,115.51,9.83,8.05,0.0
英唐智控,sz300131,13.53,13.88,13.53,299900.0,13.53,8700,13.54,6400,-2.52,13.53,13.53,299900,4060000.0,0.03,0.0,141.02,153.57,16.66,11.1,0.0
ST宁科,sh600165,3.72,3.76,3.72,178500.0,3.71,10800,3.72,25700,-1.06,3.72,3.72,178500,660000.0,0.02,0.0,27.26,60.11,3.95,3.57,0.0
工大高科,sh688367,35.68,35.7,35.68,180000.0,35.36,500,35.68,3900,-0.06,35.68,35.68,180000,60000.0,0.0,0.0,31.26,31.26,42.84,28.56,0.0
天目湖,sh603136,11.62,11.77,11.62,67900.0,11.62,1800,11.65,300,-1.27,11.62,11.62,67900,790000.0,0.03,0.0,31.39,31.39,12.95,10.59,0.0
卓郎智能,sh600545,3.88,4.15,3.88,14382400.0,3.88,571500,3.89,69600,-6.51,3.88,3.88,14382400,55800000.0,0.8,0.0,69.37,69.37,4.57,3.74,0.0
金盘科技,sh688676,99.1,102.06,99.1,23600500.0,99.1,200,99.68,300,-2.9,99.1,99.1,23600500,23390000.0,0.05,0.0,455.65,455.65,122.47,81.65,0.0
玉马科技,sz300993,13.22,13.33,13.22,10800.0,13.21,10900,13.22,900,-0.83,13.22,13.22,10800,140000.0,0.0,0.0,31.83,40.73,16.0,10.66,0.0
新宏泽,sz002836,14.0,14.29,14.0,24700.0,13.85,500,14.0,4300,-2.03,14.0,14.0,24700,350000.0,0.01,0.0,32.26,32.26,15.72,12.86,0.0
均胜电子,sh600699,25.93,26.44,25.93,260100.0,25.92,4500,25.93,5700,-1.93,25.93,25.93,260100,6740000.0,0.02,0.0,351.37,402.11,29.08,23.8,0.0
中大力德,sz002896,76.0,77.68,76.0,59000.0,75.9,1000,76.0,33700,-2.16,76.0,76.0,59000,4480000.0,0.03,0.0,149.36,149.36,85.45,69.91,0.0
美心翼申,bj920833,20.44,20.66,20.44,109100.0,20.38,2000,20.44,300,-1.06,20.44,20.44,109100,2230000.0,0.17,0.0,12.77,16.83,26.85,14.47,0.0
科拜尔,bj920066,25.82,25.98,25.82,2400.0,25.82,100,26.03,1000,-0.62,25.82,25.82,2400,61900.00000000001,0.01,0.0,5.13,16.23,33.77,18.19,0.0
韩建河山,sh603616,7.38,7.45,7.38,369800.0,7.38,6400,7.39,2700,-0.94,7.38,7.38,369800,2730000.0,0.1,0.0,28.36,28.88,8.2,6.71,0.0
红相股份,sz300427,15.17,15.78,15.17,1674800.0,15.17,35900,15.18,300,-3.87,15.17,15.17,1674800,25410000.0,0.33,0.0,76.31,77.14,18.94,12.62,0.0
三祥科技,bj920195,21.3,21.45,21.3,33600.0,21.25,7500,21.3,6700,-0.7,21.3,21.3,33600,716600.0,0.05,0.0,15.07,20.88,27.88,15.02,0.0
西域旅游,sz300859,37.65,38.33,37.65,79500.0,37.65,5600,37.68,2000,-1.77,37.65,37.65,79500,2990000.0,0.05,0.0,58.36,58.36,46.0,30.66,0.0
*ST东晶,sz002199,8.24,8.24,8.24,20000.0,8.24,22100,8.25,6100,0.0,8.24,8.24,20000,160000.0,0.01,0.0,20.06,20.06,8.65,7.83,0.0
安居宝,sz300155,5.22,5.3,5.22,104000.0,5.22,5500,5.29,3000,-1.51,5.22,5.22,104000,540000.0,0.03,0.0,17.26,29.3,6.36,4.24,0.0
广脉科技,bj920924,21.71,22.22,21.71,16700.0,21.71,1400,21.76,100,-2.3,21.71,21.71,16700,363400.00000000006,0.03,0.0,14.19,23.29,28.88,15.56,0.0
维康药业,sz300878,28.59,28.33,28.59,8000.0,28.51,3000,28.59,200,0.92,28.59,28.59,8000,230000.0,0.01,0.0,41.21,41.4,34.0,22.66,0.0
五洲医疗,sz301234,39.4,39.8,39.4,3500.0,39.2,1200,39.4,2800,-1.01,39.4,39.4,3500,140000.0,0.01,0.0,15.83,26.79,47.76,31.84,0.0
赤天化,sh600227,3.62,3.29,3.62,11237300.0,3.62,91372700,0.0,0,10.03,3.62,3.62,11237300,40680000.0,0.88,0.0,46.25,61.13,3.62,2.96,0.0
方直科技,sz300235,13.0,13.23,13.0,34600.0,12.98,200,13.0,15100,-1.74,13.0,13.0,34600,450000.0,0.02,0.0,26.41,32.73,15.88,10.58,0.0
哈森股份,sh603958,18.82,19.5,18.82,162000.0,18.82,1300,19.01,2300,-3.49,18.82,18.82,162000,3050000.0,0.07,0.0,41.28,41.28,21.45,17.55,0.0
赛伍技术,sh603212,13.86,14.44,13.86,345200.0,13.85,3500,13.86,198800,-4.02,13.86,13.86,345200,4780000.0,0.08,0.0,60.64,60.64,15.88,13.0,0.0
海联讯,sz300277,23.76,24.93,23.76,942500.0,23.76,2500,23.8,4500,-4.69,23.76,23.76,942500,22390000.0,0.12,0.0,182.33,360.35,29.92,19.94,0.0
建邦科技,bj920242,26.55,26.65,26.55,8200.0,26.41,500,26.55,2500,-0.38,26.55,26.55,8200,217100.0,0.02,0.0,9.82,17.47,34.64,18.66,0.0
ST赛为,sz300044,7.77,8.06,7.77,784600.0,7.76,40300,7.77,29200,-3.6,7.77,7.77,784600,6100000.0,0.11,0.0,55.58,59.35,9.67,6.45,0.0
普邦股份,sz002663,2.33,2.35,2.33,170600.0,2.32,600,2.33,22600,-0.85,2.33,2.33,170600,400000.0,0.01,0.0,30.12,40.15,2.59,2.12,0.0
盐津铺子,sz002847,61.71,62.06,61.71,36000.0,61.66,600,61.71,1000,-0.56,61.71,61.71,36000,2220000.0,0.01,0.0,150.47,168.29,68.27,55.85,0.0
*ST凯鑫,sz300899,39.68,40.68,39.68,20500.0,39.66,2400,39.68,200,-2.46,39.68,39.68,20500,810000.0,0.05,0.0,16.24,25.31,48.82,32.54,0.0
纽泰格,sz301229,19.39,19.37,19.39,1100.0,19.39,3500,19.4,19500,0.1,19.39,19.39,1100,20000.0,0.0,0.0,25.05,35.25,23.24,15.5,0.0
日海智能,sz002313,9.18,9.36,9.18,49100.0,9.18,100,9.2,8000,-1.92,9.18,9.18,49100,450000.0,0.01,0.0,34.37,34.37,10.3,8.42,0.0
*ST恒久,sz002808,4.68,4.66,4.68,12700.0,4.67,68500,4.68,13800,0.43,4.68,4.68,12700,60000.0,0.01,0.0,7.72,12.58,4.89,4.43,0.0
华鹏飞,sz300350,6.53,6.6,6.53,273000.0,6.52,35500,6.53,6400,-1.06,6.53,6.53,273000,1780000.0,0.06,0.0,30.79,36.7,7.92,5.28,0.0
旷达科技,sz002516,6.2,6.26,6.2,124000.0,6.2,7100,6.21,64900,-0.96,6.2,6.2,124000,770000.0,0.01,0.0,90.58,91.19,6.89,5.63,0.0
风光股份,sz301100,21.48,21.79,21.48,55900.0,21.48,500,21.58,28000,-1.42,21.48,21.48,55900,1200000.0,0.06,0.0,18.8,42.96,26.15,17.43,0.0
宏辉果蔬,sh603336,9.68,9.73,9.68,75000.0,9.68,3100,9.7,103400,-0.51,9.68,9.68,75000,730000.0,0.01,0.0,58.92,58.92,10.7,8.76,0.0
通灵股份,sz301168,40.4,40.99,40.4,15700.0,40.4,1100,40.99,4400,-1.44,40.4,40.4,15700,630000.0,0.02,0.0,38.51,48.48,49.19,32.79,0.0
长春一东,sh600148,19.7,19.79,19.7,22000.0,19.7,500,19.75,6600,-0.45,19.7,19.7,22000,430000.0,0.02,0.0,27.88,27.88,21.77,17.81,0.0
园林股份,sh605303,17.3,17.55,17.3,35100.0,17.22,900,17.3,35900,-1.42,17.3,17.3,35100,610000.0,0.02,0.0,27.89,27.89,19.31,15.8,0.0
瑞康医药,sz002589,3.19,3.22,3.19,158500.0,3.18,73600,3.19,141600,-0.93,3.19,3.19,158500,510000.0,0.01,0.0,43.56,48.0,3.54,2.9,0.0
中瑞股份,sz301587,23.82,24.24,23.82,11300.0,23.8,900,23.83,400,-1.73,23.82,23.82,11300,270000.0,0.02,0.0,17.5,35.09,29.09,19.39,0.0
节能环境,sz300140,7.76,7.86,7.76,452600.0,7.76,39300,7.77,3300,-1.27,7.76,7.76,452600,3510000.0,0.04,0.0,79.16,240.49,9.43,6.29,0.0
天工股份,bj920068,20.78,21.16,20.78,16200.0,20.75,400,20.78,3200,-1.8,20.78,20.78,16200,335700.0,0.03,0.0,13.03,136.23,27.5,14.82,0.0
凌志软件,sh688588,12.88,13.01,12.88,2856700.0,12.87,500,12.88,100,-1.0,12.88,12.88,2856700,370000.0,0.01,0.0,51.52,51.52,15.61,10.41,0.0
兴通股份,sh603209,16.57,16.23,16.57,174100.0,16.51,1000,16.57,10500,2.09,16.57,16.57,174100,2880000.0,0.05,0.0,53.27,53.85,17.85,14.61,0.0
旋极信息,sz300324,5.18,5.31,5.18,544500.0,5.18,102300,5.2,48100,-2.45,5.18,5.18,544500,2820000.0,0.03,0.0,88.58,89.49,6.37,4.25,0.0
ST银江,sz300020,4.6,4.65,4.6,999100.0,4.59,3000,4.6,248900,-1.08,4.6,4.6,999100,4600000.0,0.13,0.0,35.27,36.56,5.58,3.72,0.0
ST信通,sh600289,7.33,7.39,7.33,358000.0,7.32,5400,7.33,45100,-0.81,7.33,7.33,358000,2620000.0,0.06,0.0,41.48,46.26,7.76,7.02,0.0
粤 传 媒,sz002181,9.9,10.09,9.9,438200.0,9.89,2500,9.9,48000,-1.88,9.9,9.9,438200,4340000.0,0.04,0.0,112.32,114.94,11.1,9.08,0.0
世昌股份,bj920022,29.28,29.3,29.28,300.0,29.24,100,29.28,1400,-0.07,29.28,29.28,300,8800.0,0.0,0.0,4.86,17.66,38.09,20.51,0.0
万达信息,sz300168,6.1,6.24,6.1,161500.0,6.1,20200,6.11,19300,-2.24,6.1,6.1,161500,990000.0,0.01,0.0,87.79,87.88,7.49,4.99,0.0
恒宇信通,sz300965,57.67,58.71,57.67,6200.0,57.67,300,58.9,300,-1.77,57.67,57.67,6200,360000.0,0.01,0.0,32.13,34.6,70.45,46.97,0.0
四维图新,sz002405,10.35,10.55,10.35,979700.0,10.34,4500,10.35,9100,-1.9,10.35,10.35,979700,10140000.0,0.04,0.0,243.83,245.36,11.61,9.5,0.0
华菱线缆,sz001208,21.94,22.41,21.94,228400.0,21.91,300,21.94,800,-2.1,21.94,21.94,228400,5010000.0,0.09,0.0,57.79,140.05,24.65,20.17,0.0
木林森,sz002745,8.44,8.61,8.44,408700.0,8.43,6900,8.44,69100,-1.97,8.44,8.44,408700,3450000.0,0.04,0.0,89.86,125.26,9.47,7.75,0.0
丽江股份,sz002033,9.24,9.37,9.24,210100.0,9.23,2000,9.24,44500,-1.39,9.24,9.24,210100,1940000.0,0.04,0.0,50.77,50.77,10.31,8.43,0.0
克莱特,bj920689,33.48,34.64,33.48,71100.0,33.48,3200,33.5,10100,-3.35,33.48,33.48,71100,2379700.0,0.19,0.0,12.7,24.57,45.03,24.25,0.0
高凌信息,sh688175,36.47,36.52,36.47,1631700.0,36.33,200,36.47,5900,-0.14,36.47,36.47,1631700,600000.0,0.01,0.0,47.16,47.16,43.82,29.22,0.0
登康口腔,sz001328,34.97,35.22,34.97,6600.0,34.96,300,34.97,100,-0.71,34.97,34.97,6600,230000.0,0.01,0.0,16.1,60.21,38.74,31.7,0.0
航天发展,sz000547,31.3,32.66,31.3,4745700.0,31.3,37800,31.31,200,-4.16,31.3,31.3,4745700,148540000.0,0.3,0.0,497.39,500.32,35.93,29.39,0.0
永安行,sh603776,19.76,19.96,19.76,47200.0,19.76,200,19.9,1000,-1.0,19.76,19.76,47200,930000.0,0.02,0.0,55.48,55.48,21.96,17.96,0.0
华英农业,sz002321,2.35,2.36,2.35,766600.0,2.35,130700,2.36,166700,-0.42,2.35,2.35,766600,1800000.0,0.04,0.0,49.92,50.12,2.6,2.12,0.0
广百股份,sz002187,6.82,6.94,6.82,143600.0,6.81,98100,6.82,8400,-1.73,6.82,6.82,143600,980000.0,0.02,0.0,47.8,47.8,7.63,6.25,0.0
纳尔股份,sz002825,10.86,10.99,10.86,85600.0,10.86,6500,10.87,300,-1.18,10.86,10.86,85600,930000.0,0.03,0.0,27.86,37.09,12.09,9.89,0.0
太龙股份,sz300650,16.97,17.33,16.97,23000.0,16.92,900,16.98,3000,-2.08,16.97,16.97,23000,390000.0,0.01,0.0,28.91,37.04,20.8,13.86,0.0
申华控股,sh600653,1.9,1.91,1.9,289800.0,1.89,353200,1.9,739300,-0.52,1.9,1.9,289800,550000.0,0.01,0.0,36.98,36.98,2.1,1.72,0.0
国义招标,bj920039,11.1,11.25,11.1,8600.0,11.09,1000,11.1,3700,-1.33,11.1,11.1,8600,95500.0,0.01,0.0,17.07,17.07,14.62,7.88,0.0
红豆股份,sh600400,2.24,2.26,2.24,477400.0,2.23,454900,2.24,140300,-0.88,2.24,2.24,477400,1070000.0,0.02,0.0,51.33,51.33,2.49,2.03,0.0
全筑股份,sh603030,2.67,2.7,2.67,136300.0,2.66,94500,2.67,3800,-1.11,2.67,2.67,136300,360000.0,0.01,0.0,35.16,35.16,2.97,2.43,0.0
锐明技术,sz002970,77.12,77.89,77.12,72400.0,77.12,3300,77.62,100,-0.99,77.12,77.12,72400,5580000.0,0.06,0.0,95.1,139.31,85.68,70.1,0.0
日盈电子,sh603286,58.8,60.58,58.8,27100.0,58.68,200,58.8,600,-2.94,58.8,58.8,27100,1590000.0,0.02,0.0,67.86,69.03,66.64,54.52,0.0
球冠电缆,bj920682,9.72,9.82,9.72,49100.0,9.71,6100,9.72,17200,-1.02,9.72,9.72,49100,477400.0,0.03,0.0,18.29,31.54,12.76,6.88,0.0
金字火腿,sz002515,5.74,5.79,5.74,404300.0,5.73,1000,5.74,148700,-0.86,5.74,5.74,404300,2320000.0,0.03,0.0,69.49,69.49,6.37,5.21,0.0
天地在线,sz002995,22.93,23.37,22.93,125400.0,22.92,100,22.93,6000,-1.88,22.93,22.93,125400,2880000.0,0.11,0.0,25.78,40.69,25.71,21.03,0.0
华秦科技,sh688281,88.08,90.16,88.08,645600.0,88.08,3300,88.3,5900,-2.31,88.08,88.08,645600,570000.0,0.0,0.0,240.08,240.08,108.19,72.13,0.0
*ST金灵,sz300091,2.93,2.95,2.93,158400.0,2.93,37200,2.94,222800,-0.68,2.93,2.93,158400,460000.0,0.01,0.0,47.92,83.27,3.54,2.36,0.0
同益中,sh688722,18.5,18.74,18.5,2813800.0,18.45,1000,18.5,5400,-1.28,18.5,18.5,2813800,520000.0,0.01,0.0,41.46,41.56,22.49,14.99,0.0
大明电子,sh603376,35.66,35.85,35.66,4400.0,35.62,100,35.73,200,-0.53,35.66,35.66,4400,160000.0,0.01,0.0,11.07,142.64,39.44,32.27,0.0
天阳科技,sz300872,17.35,17.62,17.35,37900.0,17.35,6500,17.38,300,-1.53,17.35,17.35,37900,660000.0,0.01,0.0,73.22,84.69,21.14,14.1,0.0
汉维科技,bj920957,12.89,13.07,12.89,7300.0,12.89,2200,13.11,6000,-1.38,12.89,12.89,7300,94400.0,0.02,0.0,5.5,13.83,16.99,9.15,0.0
盛路通信,sz002446,10.36,10.66,10.36,303800.0,10.36,9500,10.39,2300,-2.81,10.36,10.36,303800,3150000.0,0.04,0.0,87.83,94.84,11.73,9.59,0.0
千里科技,sh601777,10.24,10.48,10.24,481300.0,10.24,30300,10.28,1000,-2.29,10.24,10.24,481300,4930000.0,0.01,0.0,462.96,462.96,11.53,9.43,0.0
豪能股份,sh603809,11.85,11.97,11.85,147600.0,11.85,9100,11.86,13800,-1.0,11.85,11.85,147600,1750000.0,0.02,0.0,109.05,109.05,13.17,10.77,0.0
健盛集团,sh603558,11.78,11.88,11.78,30000.0,11.78,700,11.79,3000,-0.84,11.78,11.78,30000,350000.0,0.01,0.0,40.36,40.36,13.07,10.69,0.0
恒工精密,sz301261,80.99,82.56,80.99,5700.0,80.99,100,81.0,1200,-1.9,80.99,80.99,5700,460000.0,0.02,0.0,30.36,71.18,99.07,66.05,0.0
联迪信息,bj920790,30.5,31.2,30.5,16300.0,30.5,1200,30.6,6600,-2.24,30.5,30.5,16300,498400.00000000006,0.03,0.0,16.58,24.08,40.56,21.84,0.0
金橙子,sh688291,45.01,46.47,45.01,3290900.0,45.01,6500,45.08,4300,-3.14,45.01,45.01,3290900,1480000.0,0.03,0.0,46.21,46.21,55.76,37.18,0.0
中广核技,sz000881,8.45,8.59,8.45,130600.0,8.44,2100,8.45,5900,-1.63,8.45,8.45,130600,1100000.0,0.01,0.0,76.37,79.89,9.45,7.73,0.0
兰石重装,sh603169,11.06,11.06,11.06,276000.0,11.06,11000,11.1,1400,0.0,11.06,11.06,276000,3050000.0,0.02,0.0,144.48,144.48,12.17,9.95,0.0
天府文旅,sz000558,4.67,4.76,4.67,235500.0,4.67,1800,4.68,67400,-1.89,4.67,4.67,235500,1100000.0,0.02,0.0,60.18,60.21,5.24,4.28,0.0
创业黑马,sz300688,28.0,28.3,28.0,35800.0,27.95,1000,28.0,4700,-1.06,28.0,28.0,35800,1000000.0,0.02,0.0,41.55,46.87,33.96,22.64,0.0
中科江南,sz301153,21.47,21.7,21.47,68800.0,21.47,4100,21.68,200,-1.06,21.47,21.47,68800,1480000.0,0.02,0.0,70.69,75.76,26.04,17.36,0.0
乖宝宠物,sz301498,59.5,59.71,59.5,19400.0,59.5,600,59.52,1000,-0.35,59.5,59.5,19400,1150000.0,0.01,0.0,106.77,238.28,71.65,47.77,0.0
皇台酒业,sz000995,15.12,15.36,15.12,179300.0,15.12,38000,15.2,200,-1.56,15.12,15.12,179300,2710000.0,0.1,0.0,26.82,26.82,16.9,13.82,0.0
天地源,sh600665,3.56,3.57,3.56,134300.0,3.55,6900,3.56,133800,-0.28,3.56,3.56,134300,480000.0,0.02,0.0,30.76,30.76,3.93,3.21,0.0
好想你,sz002582,11.18,11.47,11.18,348400.0,11.18,21400,11.19,26600,-2.53,11.18,11.18,348400,3900000.0,0.1,0.0,38.49,50.05,12.62,10.32,0.0
百利科技,sh603959,6.36,6.24,6.36,267500.0,6.36,28500,6.37,19100,1.92,6.36,6.36,267500,1700000.0,0.05,0.0,31.18,31.18,6.86,5.62,0.0
高伟达,sz300465,17.05,17.35,17.05,61400.0,17.02,1800,17.05,8300,-1.73,17.05,17.05,61400,1050000.0,0.01,0.0,75.66,75.66,20.82,13.88,0.0
大地电气,bj920436,16.33,16.37,16.33,3500.0,16.33,100,16.37,5500,-0.24,16.33,16.33,3500,57200.0,0.0,0.0,14.51,15.43,21.28,11.46,0.0
厦门信达,sz000701,6.26,6.34,6.26,142300.0,6.25,12800,6.26,4500,-1.26,6.26,6.26,142300,890000.0,0.02,0.0,41.8,41.84,6.97,5.71,0.0
金发科技,sh600143,18.33,18.09,18.33,854100.0,18.32,100,18.33,13500,1.33,18.33,18.33,854100,15660000.0,0.03,0.0,482.96,482.96,19.9,16.28,0.0
绿亨科技,bj920866,9.04,8.99,9.04,50000.0,9.03,1600,9.04,2400,0.56,9.04,9.04,50000,452299.99999999994,0.05,0.0,8.46,16.29,11.68,6.3,0.0
卓越新能,sh688196,91.99,87.58,91.99,4485500.0,91.99,7000,92.0,2600,5.04,91.99,91.99,4485500,4130000.0,0.04,0.0,110.39,117.0,105.1,70.06,0.0
沃格光电,sh603773,38.18,40.18,38.18,486200.0,38.17,3900,38.18,24200,-4.98,38.18,38.18,486200,18560000.0,0.22,0.0,85.74,85.77,44.2,36.16,0.0
通易航天,bj920642,14.88,14.88,14.88,41100.0,14.88,2800,14.9,700,0.0,14.88,14.88,41100,611400.0,0.04,0.0,14.87,15.43,19.34,10.42,0.0
大连重工,sz002204,7.17,7.22,7.17,173300.0,7.16,13400,7.17,5300,-0.69,7.17,7.17,173300,1240000.0,0.01,0.0,138.48,138.48,7.94,6.5,0.0
亚盛集团,sh600108,5.52,5.52,5.52,12018000.0,5.52,430300,5.53,310800,0.0,5.52,5.52,12018000,66340000.0,0.62,0.0,107.47,107.47,6.07,4.97,0.0
*ST东易,sz002713,10.1,10.22,10.1,558500.0,10.08,9200,10.1,104600,-1.17,10.1,10.1,558500,5640000.0,0.11,0.0,53.18,96.09,10.73,9.71,0.0
中创环保,sz300056,10.24,10.43,10.24,132700.0,10.23,15200,10.24,9100,-1.82,10.24,10.24,132700,1360000.0,0.03,0.0,39.44,39.47,12.52,8.34,0.0
艾芬达,sz301575,48.85,49.5,48.85,3500.0,48.8,200,48.85,100,-1.31,48.85,48.85,3500,170000.0,0.02,0.0,8.08,42.34,59.4,39.6,0.0
华培动力,sh603121,23.13,25.7,23.13,170000.0,0.0,0,23.13,18551100,-10.0,23.13,23.13,170000,3930000.0,0.05,0.0,78.3,78.3,28.27,23.13,0.0
爱婴室,sh603214,17.16,17.54,17.16,138100.0,17.15,800,17.16,6600,-2.17,17.16,17.16,138100,2370000.0,0.1,0.0,23.77,23.77,19.29,15.79,0.0
奥美森,bj920080,26.5,26.62,26.5,1200.0,26.49,1000,26.5,500,-0.45,26.5,26.5,1200,31700.0,0.01,0.0,6.01,22.0,34.6,18.64,0.0
润农节水,bj920964,6.81,6.9,6.81,57800.0,6.81,7200,6.85,30000,-1.3,6.81,6.81,57800,393700.0,0.04,0.0,10.06,17.79,8.97,4.83,0.0
万源通,bj920060,32.69,33.41,32.69,64900.0,32.68,32000,32.69,500,-2.16,32.69,32.69,64900,2122300.0,0.07,0.0,31.0,49.7,43.43,23.39,0.0
华平股份,sz300074,4.71,4.77,4.71,114100.0,4.71,20500,4.72,26000,-1.26,4.71,4.71,114100,540000.0,0.02,0.0,25.89,25.91,5.72,3.82,0.0
通达电气,sh603390,12.84,12.84,12.84,27100.0,12.8,100,12.84,8100,0.0,12.84,12.84,27100,350000.0,0.01,0.0,45.01,45.15,14.12,11.56,0.0
巨能股份,bj920578,22.11,22.24,22.11,7200.0,22.11,1000,22.24,4200,-0.58,22.11,22.11,7200,160000.0,0.03,0.0,5.09,16.91,28.91,15.57,0.0
新风光,sh688663,59.0,59.98,59.0,5921800.0,58.8,2000,59.0,9600,-1.63,59.0,59.0,5921800,3490000.0,0.04,0.0,83.47,83.47,71.98,47.98,0.0
飞马国际,sz002210,3.02,3.06,3.02,653000.0,3.02,579300,3.03,45300,-1.31,3.02,3.02,653000,1970000.0,0.02,0.0,80.22,80.37,3.37,2.75,0.0
晶华新材,sh603683,24.57,25.01,24.57,705700.0,24.56,200,24.57,6500,-1.76,24.57,24.57,705700,17340000.0,0.25,0.0,70.59,71.35,27.51,22.51,0.0
能科科技,sh603859,42.33,43.51,42.33,74200.0,42.33,100,42.35,12000,-2.71,42.33,42.33,74200,3140000.0,0.03,0.0,103.58,103.58,47.86,39.16,0.0
天威视讯,sz002238,7.77,7.88,7.77,83700.0,7.76,20500,7.78,13200,-1.4,7.77,7.77,83700,650000.0,0.01,0.0,62.36,62.36,8.67,7.09,0.0
坤博精工,bj920570,33.38,34.27,33.38,9600.0,33.38,300,33.58,1500,-2.6,33.38,33.38,9600,321700.0,0.04,0.0,8.13,16.75,44.55,23.99,0.0
金健米业,sh600127,7.25,7.11,7.25,610100.0,7.25,115000,7.26,11200,1.97,7.25,7.25,610100,4420000.0,0.1,0.0,46.53,46.53,7.82,6.4,0.0
禾元生物-U,sh688765,70.41,71.82,70.41,3084200.0,70.35,1300,70.41,600,-1.96,70.41,70.41,3084200,2170000.0,0.08,0.0,28.85,251.72,86.18,57.46,0.0
招标股份,sz301136,16.63,16.89,16.63,22800.0,16.61,600,16.63,100,-1.54,16.63,16.63,22800,380000.0,0.01,0.0,45.77,45.77,20.27,13.51,0.0
宜通世纪,sz300310,6.34,6.47,6.34,147000.0,6.33,10200,6.34,5600,-2.01,6.34,6.34,147000,930000.0,0.02,0.0,43.87,55.9,7.76,5.18,0.0
ST新动力,sz300152,2.35,2.39,2.35,601400.0,2.34,60500,2.35,210600,-1.67,2.35,2.35,601400,1410000.0,0.08,0.0,16.75,16.75,2.87,1.91,0.0
华峰超纤,sz300180,6.82,6.89,6.82,475400.0,6.82,53200,6.83,35500,-1.02,6.82,6.82,475400,3240000.0,0.03,0.0,116.8,120.1,8.27,5.51,0.0
盛视科技,sz002990,25.88,26.25,25.88,12700.0,25.87,100,25.88,8100,-1.41,25.88,25.88,12700,330000.0,0.01,0.0,34.7,67.77,28.88,23.63,0.0
风神股份,sh600469,7.22,7.29,7.22,135300.0,7.21,2400,7.22,7900,-0.96,7.22,7.22,135300,980000.0,0.02,0.0,52.67,64.26,8.02,6.56,0.0
锋尚文化,sz300860,25.88,26.24,25.88,17800.0,25.83,100,25.88,3500,-1.37,25.88,25.88,17800,460000.0,0.02,0.0,28.32,48.77,31.49,20.99,0.0
方正阀门,bj920082,18.44,17.61,18.44,70100.0,18.44,500,18.46,200,4.71,18.44,18.44,70100,1292500.0,0.18,0.0,7.3,26.8,22.89,12.33,0.0
中科金财,sz002657,24.91,25.35,24.91,44300.0,24.89,200,24.91,1600,-1.74,24.91,24.91,44300,1100000.0,0.01,0.0,83.73,84.71,27.89,22.82,0.0
华纺股份,sh600448,3.39,3.4,3.39,169600.0,3.38,21600,3.39,74400,-0.29,3.39,3.39,169600,570000.0,0.03,0.0,21.35,21.35,3.74,3.06,0.0
旺成科技,bj920896,19.24,19.46,19.24,4900.0,19.24,700,19.27,15000,-1.13,19.24,19.24,4900,94300.0,0.01,0.0,8.52,19.48,25.29,13.63,0.0
汇隆活塞,bj920455,8.91,9.03,8.91,35800.0,8.91,6100,8.93,300,-1.33,8.91,8.91,35800,319400.0,0.04,0.0,8.34,15.81,11.73,6.33,0.0
鸿日达,sz301285,86.0,87.4,86.0,8200.0,85.71,1200,86.0,12200,-1.6,86.0,86.0,8200,710000.0,0.01,0.0,67.51,177.74,104.88,69.92,0.0
兆新股份,sz002256,3.77,3.8,3.77,379700.0,3.77,7100,3.78,24200,-0.79,3.77,3.77,379700,1430000.0,0.02,0.0,73.56,75.17,4.18,3.42,0.0
长江能科,bj920158,22.89,20.59,22.89,446400.0,22.88,700,22.89,21900,11.17,22.89,22.89,446400,10218300.0,1.17,0.0,8.73,32.64,26.76,14.42,0.0
中化装备,sh600579,9.18,9.25,9.18,62500.0,9.17,300,9.18,6800,-0.76,9.18,9.18,62500,570000.0,0.01,0.0,45.31,45.31,10.18,8.33,0.0
*ST椰岛,sh600238,5.49,5.51,5.49,23700.0,5.46,500,5.49,146500,-0.36,5.49,5.49,23700,130000.0,0.01,0.0,24.45,24.61,5.79,5.23,0.0
西王食品,sz000639,2.8,2.82,2.8,491400.0,2.8,30300,2.81,327100,-0.71,2.8,2.8,491400,1380000.0,0.05,0.0,30.22,30.22,3.1,2.54,0.0
马应龙,sh600993,26.23,26.38,26.23,25400.0,26.22,500,26.23,100,-0.57,26.23,26.23,25400,670000.0,0.01,0.0,112.87,113.07,29.02,23.74,0.0
ST加加,sz002650,6.38,6.42,6.38,10300.0,6.38,3500,6.4,4000,-0.62,6.38,6.38,10300,70000.0,0.0,0.0,70.63,70.63,6.74,6.1,0.0
佳都科技,sh600728,6.25,6.35,6.25,363800.0,6.24,52100,6.25,87700,-1.57,6.25,6.25,363800,2270000.0,0.02,0.0,133.29,133.29,6.99,5.72,0.0
动力新科,sh600841,10.25,10.45,10.25,337000.0,10.25,35800,10.3,1100,-1.91,10.25,10.25,337000,3450000.0,0.03,0.0,106.91,142.25,11.5,9.41,0.0
群兴玩具,sz002575,7.23,7.29,7.23,1206500.0,7.23,96500,7.25,9000,-0.82,7.23,7.23,1206500,8720000.0,0.21,0.0,42.33,44.57,8.02,6.56,0.0
梅雁吉祥,sh600868,3.8,3.87,3.8,565400.0,3.8,17200,3.81,85400,-1.81,3.8,3.8,565400,2150000.0,0.03,0.0,72.13,72.13,4.26,3.48,0.0
江苏雷利,sz300660,46.67,47.33,46.67,33800.0,46.66,500,46.67,3300,-1.39,46.67,46.67,33800,1580000.0,0.01,0.0,208.51,208.68,56.8,37.86,0.0
味知香,sh605089,27.16,27.16,27.16,2800.0,27.16,100,27.19,200,0.0,27.16,27.16,2800,80000.0,0.0,0.0,37.48,37.48,29.88,24.44,0.0
富临运业,sz002357,15.96,16.17,15.96,73000.0,15.96,1100,15.97,400,-1.3,15.96,15.96,73000,1170000.0,0.02,0.0,50.03,50.03,17.79,14.55,0.0
华神科技,sz000790,4.13,4.16,4.13,63000.0,4.13,8300,4.15,300,-0.72,4.13,4.13,63000,260000.0,0.01,0.0,25.71,25.76,4.58,3.74,0.0
一鸣食品,sh605179,18.5,18.67,18.5,16300.0,18.47,400,18.5,500,-0.91,18.5,18.5,16300,300000.0,0.0,0.0,74.19,74.19,20.54,16.8,0.0
金陵药业,sz000919,7.35,7.43,7.35,128100.0,7.34,18200,7.35,18300,-1.08,7.35,7.35,128100,940000.0,0.02,0.0,45.7,45.71,8.17,6.69,0.0
泰慕士,sz001234,29.27,29.66,29.27,11700.0,29.27,200,29.46,100,-1.31,29.27,29.27,11700,340000.0,0.01,0.0,26.79,32.03,32.63,26.69,0.0
精锻科技,sz300258,15.0,15.34,15.0,392300.0,14.99,800,15.0,40400,-2.22,15.0,15.0,392300,5880000.0,0.07,0.0,85.48,87.76,18.41,12.27,0.0
旗天科技,sz300061,9.45,9.6,9.45,59600.0,9.45,6600,9.47,2900,-1.56,9.45,9.45,59600,560000.0,0.01,0.0,58.8,62.27,11.52,7.68,0.0
桂发祥,sz002820,11.59,11.74,11.59,69600.0,11.59,300,11.61,17600,-1.28,11.59,11.59,69600,810000.0,0.03,0.0,23.28,23.28,12.91,10.57,0.0
ST起步,sh603557,3.45,3.51,3.45,121000.0,3.44,61200,3.45,104300,-1.71,3.45,3.45,121000,420000.0,0.02,0.0,21.51,21.51,3.69,3.33,0.0
华曙高科,sh688433,96.69,100.44,96.69,2415500.0,96.69,1800,97.5,1400,-3.73,96.69,96.69,2415500,2340000.0,0.01,0.0,195.41,400.46,120.53,80.35,0.0
采纳股份,sz301122,32.41,32.99,32.41,16800.0,32.4,1700,32.79,300,-1.76,32.41,32.41,16800,540000.0,0.02,0.0,24.52,39.62,39.59,26.39,0.0
新宁物流,sz300013,4.21,4.22,4.21,204700.0,4.21,58400,4.22,22400,-0.24,4.21,4.21,204700,860000.0,0.05,0.0,18.77,23.51,5.06,3.38,0.0
珠免集团,sh600185,6.62,6.73,6.62,297300.0,6.61,24900,6.62,70200,-1.63,6.62,6.62,297300,1970000.0,0.02,0.0,124.79,124.79,7.4,6.06,0.0
苏州科达,sh603660,9.98,9.99,9.98,87600.0,9.97,300,9.98,5100,-0.1,9.98,9.98,87600,870000.0,0.02,0.0,57.03,57.46,10.99,8.99,0.0
昂立教育,sh600661,10.22,10.33,10.22,70600.0,10.22,13700,10.31,10000,-1.06,10.22,10.22,70600,720000.0,0.02,0.0,29.29,29.29,11.36,9.3,0.0
瑞立科密,sz001285,54.1,54.63,54.1,16700.0,54.09,300,54.1,700,-0.97,54.1,54.1,16700,900000.0,0.04,0.0,21.98,97.48,60.09,49.17,0.0
华锡有色,sh600301,61.86,64.5,61.86,173700.0,61.86,1300,61.87,500,-4.09,61.86,61.86,173700,10750000.0,0.06,0.0,170.32,391.31,70.95,58.05,0.0
中宠股份,sz002891,46.16,46.4,46.16,18900.0,46.1,800,46.16,1200,-0.52,46.16,46.16,18900,870000.0,0.01,0.0,140.5,140.5,51.04,41.76,0.0
万  科Ａ,sz000002,4.65,4.72,4.65,2395000.0,4.65,442400,4.66,814300,-1.48,4.65,4.65,2395000,11140000.0,0.02,0.0,451.81,554.78,5.19,4.25,0.0
鑫科材料,sh600255,3.67,3.74,3.67,721400.0,3.66,85700,3.67,15000,-1.87,3.67,3.67,721400,2650000.0,0.04,0.0,66.29,66.29,4.11,3.37,0.0
赫美集团,sz002356,4.53,4.42,4.53,1029700.0,4.52,2700,4.53,4300,2.49,4.53,4.53,1029700,4660000.0,0.08,0.0,59.4,59.4,4.86,3.98,0.0
秦川物联,sh688528,11.63,11.83,11.63,1847100.0,11.63,100,11.71,400,-1.69,11.63,11.63,1847100,210000.0,0.01,0.0,19.54,19.54,14.2,9.46,0.0
金富科技,sz003018,25.2,27.1,25.2,214000.0,25.2,7500,25.36,1000,-7.01,25.2,25.2,214000,5390000.0,0.22,0.0,24.69,65.52,29.81,24.39,0.0
凯众股份,sh603037,15.05,15.28,15.05,15500.0,15.02,800,15.05,400,-1.51,15.05,15.05,15500,230000.0,0.01,0.0,40.05,40.17,16.81,13.75,0.0
黑芝麻,sz000716,5.84,5.87,5.84,107800.0,5.84,4600,5.85,37600,-0.51,5.84,5.84,107800,630000.0,0.01,0.0,43.15,43.97,6.46,5.28,0.0
兆日科技,sz300333,10.07,10.25,10.07,33700.0,10.07,4300,10.1,500,-1.76,10.07,10.07,33700,340000.0,0.01,0.0,33.71,33.84,12.3,8.2,0.0
方大新材,bj920163,15.72,15.92,15.72,9500.0,15.69,1000,15.72,700,-1.26,15.72,15.72,9500,149300.0,0.02,0.0,9.39,20.23,20.69,11.15,0.0
扬农化工,sh600486,86.0,85.54,86.0,46100.0,86.0,31300,86.1,300,0.54,86.0,86.0,46100,3960000.0,0.01,0.0,347.43,348.58,94.09,76.99,0.0
联创光电,sh600363,58.5,59.47,58.5,70000.0,58.49,2000,58.5,5900,-1.63,58.5,58.5,70000,4100000.0,0.02,0.0,263.77,263.77,65.42,53.52,0.0
祖名股份,sz003030,20.84,20.84,20.84,26300.0,20.84,1100,20.85,1200,0.0,20.84,20.84,26300,550000.0,0.03,0.0,16.54,26.0,22.92,18.76,0.0
通光线缆,sz300265,19.92,20.61,19.92,2868900.0,19.92,39000,19.97,2100,-3.35,19.92,19.92,2868900,57150000.0,0.61,0.0,93.09,93.15,24.73,16.49,0.0
深华发Ａ,sz000020,14.41,14.52,14.41,19200.0,14.41,300,14.42,5300,-0.76,14.41,14.41,19200,280000.0,0.01,0.0,26.11,40.8,15.97,13.07,0.0
恒银科技,sh603106,9.99,10.09,9.99,50000.0,9.99,1800,10.0,26900,-0.99,9.99,9.99,50000,500000.0,0.01,0.0,52.0,52.0,11.1,9.08,0.0
中稀有色,sh600259,89.76,91.82,89.76,240200.0,89.76,25500,89.98,100,-2.24,89.76,89.76,240200,21560000.0,0.07,0.0,301.98,301.98,101.0,82.64,0.0
傲农生物,sh603363,4.34,4.35,4.34,1028600.0,4.33,24600,4.34,270100,-0.23,4.34,4.34,1028600,4460000.0,0.05,0.0,92.42,112.97,4.79,3.92,0.0
文峰股份,sh601010,2.41,2.43,2.41,240800.0,2.41,198100,2.42,544200,-0.82,2.41,2.41,240800,580000.0,0.01,0.0,44.54,44.54,2.67,2.19,0.0
瑞茂通,sh600180,3.8,3.81,3.8,228900.0,3.79,24000,3.8,9100,-0.26,3.8,3.8,228900,870000.0,0.02,0.0,41.29,41.29,4.19,3.43,0.0
世荣兆业,sz002016,6.07,6.13,6.07,131200.0,6.05,2800,6.13,2900,-0.98,6.07,6.07,131200,800000.0,0.02,0.0,49.11,49.11,6.74,5.52,0.0
深康佳Ａ,sz000016,3.45,3.54,3.45,503700.0,3.45,61800,3.46,33200,-2.54,3.45,3.45,503700,1740000.0,0.03,0.0,55.08,83.07,3.89,3.19,0.0
万里马,sz300591,7.76,7.88,7.76,73600.0,7.75,9300,7.76,6900,-1.52,7.76,7.76,73600,570000.0,0.02,0.0,27.19,31.48,9.46,6.3,0.0
电连技术,sz300679,38.16,38.32,38.16,82200.0,38.06,1900,38.16,16700,-0.42,38.16,38.16,82200,3140000.0,0.02,0.0,137.16,162.11,45.98,30.66,0.0
飞乐音响,sh600651,7.39,7.54,7.39,175100.0,7.38,20700,7.39,6100,-1.99,7.39,7.39,175100,1290000.0,0.01,0.0,185.27,185.27,8.29,6.79,0.0
宇晶股份,sz002943,58.23,59.29,58.23,39700.0,58.23,2100,58.44,100,-1.79,58.23,58.23,39700,2310000.0,0.03,0.0,84.79,119.68,65.22,53.36,0.0
麦趣尔,sz002719,9.53,9.58,9.53,90500.0,9.53,2200,9.55,10000,-0.52,9.53,9.53,90500,860000.0,0.06,0.0,15.43,16.6,10.54,8.62,0.0
雷曼光电,sz300162,9.18,9.44,9.18,1555900.0,9.18,106200,9.19,300,-2.75,9.18,9.18,1555900,14280000.0,0.45,0.0,31.41,38.51,11.33,7.55,0.0
天目药业,sh600671,20.73,21.03,20.73,21400.0,20.71,500,20.73,100,-1.43,20.73,20.73,21400,440000.0,0.02,0.0,25.23,25.24,23.13,18.93,0.0
澳柯玛,sh600336,7.31,7.47,7.31,123600.0,7.31,27000,7.32,67400,-2.14,7.31,7.31,123600,900000.0,0.02,0.0,58.33,58.33,8.22,6.72,0.0
赛轮轮胎,sh601058,14.66,14.89,14.66,222300.0,14.66,400,14.67,42700,-1.54,14.66,14.66,222300,3260000.0,0.01,0.0,482.04,482.04,16.38,13.4,0.0
上海沿浦,sh605128,35.72,35.92,35.72,14400.0,35.7,1000,35.72,400,-0.56,35.72,35.72,14400,510000.0,0.01,0.0,75.42,75.42,39.51,32.33,0.0
晶丰明源,sh688368,128.54,131.0,128.54,620000.0,128.28,400,128.54,200,-1.88,128.54,128.54,620000,800000.0,0.01,0.0,113.76,113.76,157.2,104.8,0.0
浙江荣泰,sh603119,83.15,86.3,83.15,77800.0,83.15,200,83.71,6000,-3.65,83.15,83.15,77800,6470000.0,0.04,0.0,169.53,302.45,94.93,77.67,0.0
安正时尚,sh603839,7.9,7.93,7.9,20600.0,7.9,300,7.92,500,-0.38,7.9,7.9,20600,160000.0,0.01,0.0,30.73,30.73,8.72,7.14,0.0
安琪酵母,sh600298,43.0,43.24,43.0,24700.0,43.0,7800,43.15,1900,-0.56,43.0,43.0,24700,1060000.0,0.0,0.0,368.57,373.23,47.56,38.92,0.0
*ST金比,sz002762,6.69,6.76,6.69,17900.0,6.67,21000,6.69,19700,-1.04,6.69,6.69,17900,120000.0,0.01,0.0,14.14,23.68,7.1,6.42,0.0
华如科技,sz301302,32.76,33.0,32.76,516300.0,32.69,18200,32.76,300,-0.73,32.76,32.76,516300,16910000.0,0.37,0.0,45.53,51.06,39.6,26.4,0.0
抚顺特钢,sh600399,7.28,7.4,7.28,833200.0,7.27,17900,7.28,182800,-1.62,7.28,7.28,833200,6070000.0,0.04,0.0,143.57,143.57,8.14,6.66,0.0
茶花股份,sh603615,20.78,20.65,20.78,26300.0,20.65,1300,20.78,700,0.63,20.78,20.78,26300,550000.0,0.01,0.0,50.25,50.25,22.72,18.59,0.0
大连圣亚,sh600593,38.85,39.59,38.85,116300.0,38.85,9200,38.86,100,-1.87,38.85,38.85,116300,4520000.0,0.09,0.0,50.04,50.68,43.55,35.63,0.0
超讯通信,sh603322,35.0,35.46,35.0,45700.0,34.98,300,35.0,4400,-1.3,35.0,35.0,45700,1600000.0,0.03,0.0,55.16,55.16,39.01,31.91,0.0
登云股份,sz002715,16.31,16.54,16.31,74600.0,16.31,13800,16.37,100,-1.39,16.31,16.31,74600,1220000.0,0.05,0.0,22.51,22.51,18.19,14.89,0.0
合锻智能,sh603011,26.15,26.8,26.15,267800.0,26.14,500,26.15,20300,-2.43,26.15,26.15,267800,7000000.0,0.05,0.0,129.29,129.29,29.48,24.12,0.0
锦江在线,sh600650,14.4,14.51,14.4,28700.0,14.4,1400,14.41,1000,-0.76,14.4,14.4,28700,410000.0,0.01,0.0,56.24,79.43,15.96,13.06,0.0
模塑科技,sz000700,12.5,12.84,12.5,367300.0,12.5,54600,12.51,47300,-2.65,12.5,12.5,367300,4590000.0,0.04,0.0,114.75,114.75,14.12,11.56,0.0
思创智联,sz300078,4.42,4.47,4.42,158600.0,4.41,52200,4.42,209600,-1.12,4.42,4.42,158600,700000.0,0.01,0.0,49.21,49.41,5.36,3.58,0.0
光电股份,sh600184,18.5,18.6,18.5,79600.0,18.5,3300,18.52,6300,-0.54,18.5,18.5,79600,1470000.0,0.01,0.0,107.8,107.8,20.46,16.74,0.0
雅博股份,sz002323,2.28,2.28,2.28,2536300.0,2.28,109900,2.29,115300,0.0,2.28,2.28,2536300,5780000.0,0.12,0.0,48.34,48.36,2.51,2.05,0.0
陕西金叶,sz000812,4.3,4.34,4.3,54300.0,4.3,37600,4.32,12700,-0.92,4.3,4.3,54300,230000.0,0.01,0.0,33.03,33.05,4.77,3.91,0.0
曙光股份,sh600303,3.39,3.39,3.39,240700.0,3.38,1000,3.39,12700,0.0,3.39,3.39,240700,820000.0,0.04,0.0,22.9,23.17,3.73,3.05,0.0
中国一重,sh601106,4.83,4.91,4.83,597600.0,4.83,38400,4.84,44200,-1.63,4.83,4.83,597600,2890000.0,0.01,0.0,331.23,331.23,5.4,4.42,0.0
巨星科技,sz002444,33.88,34.34,33.88,40200.0,33.85,1000,33.88,100,-1.34,33.88,33.88,40200,1360000.0,0.0,0.0,388.61,404.69,37.77,30.91,0.0
新开普,sz300248,11.88,12.11,11.88,25400.0,11.87,5800,11.89,2000,-1.9,11.88,11.88,25400,300000.0,0.01,0.0,48.6,56.59,14.53,9.69,0.0
北矿检测,bj920160,24.66,24.98,24.66,31200.0,24.66,2500,24.69,15200,-1.28,24.66,24.66,31200,768800.0,0.12,0.0,6.29,27.93,32.47,17.49,0.0
流金科技,bj920021,10.5,10.81,10.5,181800.0,10.49,8100,10.5,10700,-2.87,10.5,10.5,181800,1909300.0,0.07,0.0,25.99,32.44,14.05,7.57,0.0
七一二,sh603712,19.59,19.78,19.59,129000.0,19.58,7000,19.59,13600,-0.96,19.59,19.59,129000,2530000.0,0.02,0.0,151.23,151.23,21.76,17.8,0.0
麒麟信安,sh688152,36.4,36.93,36.4,1215500.0,36.38,300,36.4,8600,-1.44,36.4,36.4,1215500,440000.0,0.01,0.0,37.43,37.43,44.32,29.54,0.0
传音控股,sh688036,57.3,59.5,57.3,44573600.0,57.28,200,57.3,45500,-3.7,57.3,57.3,44573600,25540000.0,0.04,0.0,659.63,659.63,71.4,47.6,0.0
合百集团,sz000417,7.29,7.49,7.29,364700.0,7.28,16200,7.29,6800,-2.67,7.29,7.29,364700,2660000.0,0.05,0.0,56.79,56.85,8.24,6.74,0.0
大唐电信,sh600198,9.0,9.14,9.0,184700.0,8.99,1200,9.0,10100,-1.53,9.0,9.0,184700,1660000.0,0.01,0.0,117.18,117.32,10.05,8.23,0.0
精创电气,bj920035,37.21,37.22,37.21,2100.0,37.2,500,37.21,800,-0.03,37.21,37.21,2100,78100.0,0.02,0.0,4.84,21.53,48.38,26.06,0.0
中钢洛耐,sh688119,5.8,5.9,5.8,13830600.0,5.79,3000,5.8,28500,-1.69,5.8,5.8,13830600,800000.0,0.01,0.0,65.25,65.25,7.08,4.72,0.0
四川九洲,sz000801,16.21,16.49,16.21,183000.0,16.21,11300,16.25,1300,-1.7,16.21,16.21,183000,2970000.0,0.02,0.0,164.75,164.75,18.14,14.84,0.0
厦工股份,sh600815,3.24,3.25,3.24,237200.0,3.23,34200,3.24,25700,-0.31,3.24,3.24,237200,770000.0,0.01,0.0,57.48,57.48,3.58,2.93,0.0
南网数字,sz301638,28.89,28.38,28.89,5002900.0,28.89,255300,28.9,635600,1.8,28.89,28.89,5002900,144540000.0,2.13,0.0,67.89,918.6,34.06,22.7,0.0
中源家居,sh603709,18.19,18.36,18.19,29500.0,18.19,1300,18.22,200,-0.93,18.19,18.19,29500,540000.0,0.02,0.0,22.76,22.93,20.2,16.52,0.0
申昊科技,sz300853,22.16,22.69,22.16,36700.0,22.16,4100,22.17,100,-2.34,22.16,22.16,36700,810000.0,0.03,0.0,24.43,32.56,27.23,18.15,0.0
崇德科技,sz301548,76.31,86.1,76.31,126100.0,76.31,1100,83.89,300,-11.37,76.31,76.31,126100,9620000.0,0.48,0.0,20.02,66.39,103.32,68.88,0.0
卓胜微,sz300782,80.13,82.22,80.13,153700.0,80.12,800,80.13,16600,-2.54,80.13,80.13,153700,12320000.0,0.03,0.0,359.18,428.65,98.66,65.78,0.0
东望时代,sh600052,4.3,4.34,4.3,106900.0,4.3,71100,4.31,2400,-0.92,4.3,4.3,106900,460000.0,0.01,0.0,36.3,36.3,4.77,3.91,0.0
中锐股份,sz002374,3.53,3.56,3.53,95500.0,3.52,354300,3.53,16400,-0.84,3.53,3.53,95500,340000.0,0.01,0.0,38.31,38.31,3.92,3.2,0.0
罗曼股份,sh605289,127.0,131.15,127.0,116700.0,126.0,2300,127.0,18500,-3.16,127.0,127.0,116700,14820000.0,0.11,0.0,137.59,138.44,144.27,118.04,0.0
雷尔伟,sz301016,25.22,25.4,25.22,10400.0,25.1,6000,25.22,2100,-0.71,25.22,25.22,10400,260000.0,0.01,0.0,52.24,55.08,30.48,20.32,0.0
万朗磁塑,sh603150,54.0,56.05,54.0,15500.0,53.97,100,54.0,5200,-3.66,54.0,54.0,15500,840000.0,0.02,0.0,46.16,46.16,61.66,50.45,0.0
华安鑫创,sz300928,32.08,32.52,32.08,13600.0,32.08,1500,32.46,400,-1.35,32.08,32.08,13600,440000.0,0.03,0.0,17.19,25.66,39.02,26.02,0.0
一致魔芋,bj920273,26.76,26.98,26.76,3100.0,26.65,900,26.76,300,-0.82,26.76,26.76,3100,84100.0,0.0,0.0,18.38,27.61,35.07,18.89,0.0
海昌新材,sz300885,23.39,23.94,23.39,31500.0,23.38,3200,23.39,5400,-2.3,23.39,23.39,31500,740000.0,0.02,0.0,39.07,58.04,28.73,19.15,0.0
雪人集团,sz002639,21.56,21.98,21.56,623300.0,21.56,117700,21.57,400,-1.91,21.56,21.56,623300,13440000.0,0.1,0.0,140.27,166.57,24.18,19.78,0.0
联建光电,sz300269,8.19,8.37,8.19,1005900.0,8.19,105600,8.2,14300,-2.15,8.19,8.19,1005900,8240000.0,0.19,0.0,43.05,44.97,10.04,6.7,0.0
花溪科技,bj920895,19.27,19.33,19.27,10000.0,19.12,100,19.27,15600,-0.31,19.27,19.27,10000,192700.0,0.03,0.0,5.54,10.89,25.12,13.54,0.0
香飘飘,sh603711,12.86,12.95,12.86,21100.0,12.86,5200,12.88,3000,-0.69,12.86,12.86,21100,270000.0,0.01,0.0,53.1,53.1,14.25,11.66,0.0
凤形股份,sz002760,22.91,23.14,22.91,51700.0,22.88,200,22.92,200,-0.99,22.91,22.91,51700,1180000.0,0.05,0.0,24.74,24.74,25.45,20.83,0.0
安车检测,sz300572,27.0,27.48,27.0,32500.0,26.96,3000,27.0,42600,-1.75,27.0,27.0,32500,880000.0,0.02,0.0,49.57,61.83,32.98,21.98,0.0
泰永长征,sz002927,21.02,22.06,21.02,501800.0,21.02,43800,21.05,1800,-4.71,21.02,21.02,501800,10550000.0,0.23,0.0,46.4,46.91,24.27,19.85,0.0
谱尼测试,sz300887,11.3,11.72,11.3,931300.0,11.3,225900,11.38,1400,-3.58,11.3,11.3,931300,10520000.0,0.26,0.0,40.93,61.67,14.06,9.38,0.0
汇绿生态,sz001267,37.47,39.19,37.47,1438900.0,37.47,2900,37.48,1100,-4.39,37.47,37.47,1438900,53920000.0,0.24,0.0,227.13,294.2,43.11,35.27,0.0
四方精创,sz300468,35.65,37.06,35.65,700700.0,35.65,39600,35.78,100,-3.8,35.65,35.65,700700,24980000.0,0.13,0.0,188.87,189.18,44.47,29.65,0.0
梅安森,sz300275,11.97,12.07,11.97,35200.0,11.95,1000,11.98,300,-0.83,11.97,11.97,35200,420000.0,0.01,0.0,32.49,36.87,14.48,9.66,0.0
锦泓集团,sh603518,9.18,9.27,9.18,107500.0,9.17,1500,9.18,19400,-0.97,9.18,9.18,107500,990000.0,0.03,0.0,31.59,31.7,10.2,8.34,0.0
智新电子,bj920212,13.3,13.41,13.3,6300.0,13.29,400,13.3,1900,-0.82,13.3,13.3,6300,83500.0,0.01,0.0,6.85,14.11,17.43,9.39,0.0
铭普光磁,sz002902,20.4,20.91,20.4,62400.0,20.39,1000,20.4,82800,-2.44,20.4,20.4,62400,1270000.0,0.04,0.0,36.24,47.94,23.0,18.82,0.0
龙元建设,sh600491,3.19,3.25,3.19,386200.0,3.19,15400,3.2,92800,-1.85,3.19,3.19,386200,1230000.0,0.03,0.0,48.8,48.8,3.58,2.93,0.0
如意集团,sz002193,6.5,6.53,6.5,63800.0,6.49,2000,6.53,100,-0.46,6.5,6.5,63800,410000.0,0.02,0.0,17.01,17.01,7.18,5.88,0.0
芭薇股份,bj920123,13.88,14.02,13.88,6700.0,13.86,2600,13.88,7600,-1.0,13.88,13.88,6700,92400.0,0.01,0.0,8.83,15.48,18.22,9.82,0.0
夜光明,bj920527,18.11,18.11,18.11,8900.0,18.11,1100,18.18,1000,0.0,18.11,18.11,8900,160799.99999999997,0.02,0.0,6.57,10.87,23.54,12.68,0.0
豪悦护理,sh605009,29.6,29.72,29.6,21200.0,29.57,1000,29.6,1400,-0.4,29.6,29.6,21200,630000.0,0.01,0.0,63.65,63.66,32.69,26.75,0.0
中海达,sz300177,9.36,9.43,9.36,35300.0,9.36,4800,9.39,2400,-0.74,9.36,9.36,35300,330000.0,0.01,0.0,56.75,69.65,11.32,7.54,0.0
美邦服饰,sz002269,1.82,1.84,1.82,819900.0,1.82,682800,1.83,726500,-1.09,1.82,1.82,819900,1490000.0,0.03,0.0,45.73,45.73,2.02,1.66,0.0
日月明,sz300906,33.62,34.16,33.62,3800.0,33.62,600,34.16,1100,-1.58,33.62,33.62,3800,130000.0,0.01,0.0,24.27,26.9,40.99,27.33,0.0
兴民智通,sz002355,7.21,7.32,7.21,674800.0,7.2,234500,7.21,2100,-1.5,7.21,7.21,674800,4870000.0,0.11,0.0,44.57,48.2,8.05,6.59,0.0
均瑶健康,sh605388,6.68,6.71,6.68,17000.0,6.66,600,6.68,3500,-0.45,6.68,6.68,17000,110000.0,0.0,0.0,40.11,40.11,7.38,6.04,0.0
中天服务,sz002188,6.99,7.08,6.99,136300.0,6.98,1000,6.99,2100,-1.27,6.99,6.99,136300,950000.0,0.05,0.0,17.99,22.86,7.79,6.37,0.0
福龙马,sh603686,20.62,20.98,20.62,80100.0,20.62,300,20.63,14600,-1.72,20.62,20.62,80100,1650000.0,0.02,0.0,85.66,85.66,23.08,18.88,0.0
步科股份,sh688160,112.22,115.87,112.22,1427300.0,112.22,2200,112.25,200,-3.15,112.22,112.22,1427300,1600000.0,0.02,0.0,101.93,101.93,139.04,92.7,0.0
桂林旅游,sz000978,7.07,7.12,7.07,110300.0,7.07,3000,7.08,19200,-0.7,7.07,7.07,110300,780000.0,0.02,0.0,33.1,33.1,7.83,6.41,0.0
桂冠电力,sh600236,10.61,10.95,10.61,424500.0,10.61,3300,10.62,1200,-3.11,10.61,10.61,424500,4500000.0,0.01,0.0,836.32,836.32,12.05,9.86,0.0
家家悦,sh603708,11.68,11.76,11.68,50700.0,11.68,100,11.69,10000,-0.68,11.68,11.68,50700,590000.0,0.01,0.0,74.56,74.56,12.94,10.58,0.0
首旅酒店,sh600258,16.18,16.42,16.18,134400.0,16.18,4900,16.19,200,-1.46,16.18,16.18,134400,2170000.0,0.01,0.0,180.67,180.67,18.06,14.78,0.0
*ST金泰,sz300225,5.03,5.05,5.03,177200.0,5.03,35400,5.05,7000,-0.4,5.03,5.03,177200,890000.0,0.04,0.0,23.9,23.91,6.06,4.04,0.0
科博达,sh603786,62.0,62.94,62.0,28400.0,61.88,700,62.0,2300,-1.49,62.0,62.0,28400,1760000.0,0.01,0.0,250.39,250.39,69.23,56.65,0.0
晓鸣股份,sz300967,21.51,21.5,21.51,205800.0,21.51,2900,21.55,300,0.05,21.51,21.51,205800,4430000.0,0.17,0.0,26.83,40.35,25.8,17.2,0.0
启明信息,sz002232,17.65,17.87,17.65,18900.0,17.65,900,17.66,2000,-1.23,17.65,17.65,18900,330000.0,0.0,0.0,72.11,72.11,19.66,16.08,0.0
邵阳液压,sz301079,42.61,43.86,42.61,103200.0,42.61,5600,42.66,900,-2.85,42.61,42.61,103200,4400000.0,0.15,0.0,29.62,46.42,52.63,35.09,0.0
大众公用,sh600635,7.02,6.68,7.02,5223700.0,7.02,821500,7.03,322000,5.09,7.02,7.02,5223700,36670000.0,0.22,0.0,169.8,207.26,7.35,6.01,0.0
华夏幸福,sh600340,1.58,1.6,1.58,2401100.0,1.57,497200,1.58,107000,-1.25,1.58,1.58,2401100,3790000.0,0.06,0.0,61.52,61.84,1.76,1.44,0.0
顾地科技,sz002694,3.1,3.17,3.1,247500.0,3.09,24200,3.1,108700,-2.21,3.1,3.1,247500,770000.0,0.03,0.0,22.28,23.66,3.49,2.85,0.0
长盈精密,sz300115,34.59,35.45,34.59,277300.0,34.57,200,34.59,33000,-2.43,34.59,34.59,277300,9590000.0,0.02,0.0,469.34,470.73,42.54,28.36,0.0
优刻得-W,sh688158,41.66,37.82,41.66,524099700.0,41.62,1800,41.66,38100,10.15,41.66,41.66,524099700,218340000.0,1.29,0.0,168.92,190.1,45.38,30.26,0.0
尚纬股份,sh603333,8.8,8.84,8.8,49300.0,8.8,3700,8.83,1900,-0.45,8.8,8.8,49300,430000.0,0.01,0.0,54.69,54.69,9.72,7.96,0.0
启迪环境,sz000826,2.52,2.51,2.52,2950600.0,2.52,385200,2.53,55000,0.4,2.52,2.52,2950600,7440000.0,0.21,0.0,35.91,35.92,2.76,2.26,0.0
振芯科技,sz300101,24.39,24.84,24.39,115800.0,24.39,2700,24.45,100,-1.81,24.39,24.39,115800,2820000.0,0.02,0.0,138.06,138.51,29.81,19.87,0.0
高新兴,sz300098,5.74,5.83,5.74,332900.0,5.74,6600,5.75,66000,-1.54,5.74,5.74,332900,1910000.0,0.02,0.0,88.5,99.75,7.0,4.66,0.0
腾达科技,sz001379,23.31,23.66,23.31,37400.0,23.31,5400,23.32,100,-1.48,23.31,23.31,37400,870000.0,0.06,0.0,15.69,46.62,26.03,21.29,0.0
慧为智能,bj920876,26.04,27.23,26.04,91500.0,26.04,4300,26.28,6400,-4.37,26.04,26.04,91500,2381500.0,0.24,0.0,10.04,16.71,35.39,19.07,0.0
大名城,sh600094,4.5,4.57,4.5,371500.0,4.5,421200,4.57,2100,-1.53,4.5,4.5,371500,1670000.0,0.02,0.0,95.68,104.62,5.03,4.11,0.0
金溢科技,sz002869,21.46,21.72,21.46,26400.0,21.46,100,21.5,100,-1.2,21.46,21.46,26400,570000.0,0.02,0.0,33.8,37.97,23.89,19.55,0.0
恒太照明,bj920339,9.3,9.57,9.3,280800.0,9.3,14100,9.35,6900,-2.82,9.3,9.3,280800,2611200.0,0.19,0.0,14.06,20.48,12.44,6.7,0.0
科隆新材,bj920098,29.15,29.48,29.15,18100.0,29.15,22400,29.48,8200,-1.12,29.15,29.15,18100,528100.0,0.03,0.0,16.14,23.7,38.32,20.64,0.0
永辉超市,sh601933,4.12,4.16,4.12,1279200.0,4.11,192100,4.12,87200,-0.96,4.12,4.12,1279200,5270000.0,0.01,0.0,373.89,373.89,4.58,3.74,0.0
航发科技,sh600391,48.85,50.65,48.85,308300.0,48.85,2000,48.9,300,-3.55,48.85,48.85,308300,15060000.0,0.09,0.0,161.27,161.27,55.72,45.59,0.0
方正电机,sz002196,14.65,15.09,14.65,612400.0,14.65,9800,14.7,1000,-2.92,14.65,14.65,612400,8970000.0,0.13,0.0,71.53,72.65,16.6,13.58,0.0
金沃股份,sz300984,63.0,63.59,63.0,10400.0,63.0,200,63.65,400,-0.93,63.0,63.0,10400,660000.0,0.01,0.0,48.81,77.66,76.31,50.87,0.0
佳华科技,sh688051,34.86,35.01,34.86,519800.0,34.6,200,34.86,200,-0.43,34.86,34.86,519800,180000.0,0.01,0.0,26.96,26.96,42.01,28.01,0.0
百利电气,sh600468,8.53,8.73,8.53,3489900.0,8.53,368800,8.54,900,-2.29,8.53,8.53,3489900,29770000.0,0.32,0.0,92.78,92.78,9.6,7.86,0.0
香江控股,sh600162,1.87,1.88,1.87,844300.0,1.86,985400,1.87,63100,-0.53,1.87,1.87,844300,1580000.0,0.03,0.0,61.12,61.12,2.07,1.69,0.0
骏创科技,bj920533,25.58,26.02,25.58,21000.0,25.51,1400,25.58,4300,-1.69,25.58,25.58,21000,536400.0,0.03,0.0,18.7,33.45,33.82,18.22,0.0
海联金汇,sz002537,8.98,9.16,8.98,455900.0,8.98,45700,9.0,16800,-1.97,8.98,8.98,455900,4090000.0,0.04,0.0,104.99,105.43,10.08,8.24,0.0
兴源环境,sz300266,2.73,2.77,2.73,588800.0,2.73,101000,2.74,2300,-1.44,2.73,2.73,588800,1610000.0,0.04,0.0,42.39,42.42,3.32,2.22,0.0
精艺股份,sz002295,11.53,11.64,11.53,23800.0,11.51,2000,11.53,3800,-0.95,11.53,11.53,23800,270000.0,0.01,0.0,28.86,28.9,12.8,10.48,0.0
众望布艺,sh605003,34.02,34.29,34.02,5500.0,34.0,1000,34.05,600,-0.79,34.02,34.02,5500,190000.0,0.01,0.0,37.42,37.42,37.72,30.86,0.0
国新健康,sz000503,8.65,8.78,8.65,172800.0,8.65,7700,8.66,50000,-1.48,8.65,8.65,172800,1490000.0,0.02,0.0,84.7,84.71,9.66,7.9,0.0
全 聚 德,sz002186,11.11,11.25,11.11,66600.0,11.1,15700,11.11,11800,-1.24,11.11,11.11,66600,740000.0,0.02,0.0,34.05,34.1,12.38,10.13,0.0
麦迪科技,sh603990,13.96,14.16,13.96,56500.0,13.93,1000,13.96,200,-1.41,13.96,13.96,56500,790000.0,0.02,0.0,42.76,42.76,15.58,12.74,0.0
天顺股份,sz002800,24.84,24.35,24.84,631400.0,24.84,39000,24.85,200,2.01,24.84,24.84,631400,15680000.0,0.43,0.0,36.36,37.82,26.79,21.92,0.0
华峰化学,sz002064,11.9,12.06,11.9,319900.0,11.88,1000,11.9,79300,-1.33,11.9,11.9,319900,3810000.0,0.01,0.0,588.88,590.54,13.27,10.85,0.0
万隆光电,sz300710,30.41,30.87,30.41,29900.0,30.27,1100,30.44,200,-1.49,30.41,30.41,29900,910000.0,0.04,0.0,22.68,30.26,37.04,24.7,0.0
*ST亚太,sz000691,8.28,8.4,8.28,129000.0,8.28,6900,8.3,1000,-1.43,8.28,8.28,129000,1070000.0,0.04,0.0,26.77,40.15,8.82,7.98,0.0
首都在线,sz300846,32.48,32.92,32.48,1341300.0,32.48,58100,32.49,200,-1.34,32.48,32.48,1341300,43570000.0,0.34,0.0,127.46,163.34,39.5,26.34,0.0
大禹生物,bj920970,8.0,8.11,8.0,25800.0,7.99,3600,8.0,5300,-1.36,8.0,8.0,25800,206200.0,0.04,0.0,5.61,8.86,10.54,5.68,0.0
澄天伟业,sz300689,46.6,47.81,46.6,25000.0,46.6,100,46.86,1400,-2.53,46.6,46.6,25000,1170000.0,0.02,0.0,47.15,53.87,57.37,38.25,0.0
北辰实业,sh601588,1.88,1.89,1.88,226600.0,1.87,331900,1.88,558300,-0.53,1.88,1.88,226600,430000.0,0.01,0.0,50.01,63.3,2.08,1.7,0.0
天龙股份,sh603266,21.01,21.08,21.01,51900.0,21.01,8400,21.03,200,-0.33,21.01,21.01,51900,1090000.0,0.03,0.0,41.79,41.79,23.19,18.97,0.0
金陵饭店,sh601007,7.95,8.0,7.95,35600.0,7.95,13100,7.97,5000,-0.63,7.95,7.95,35600,280000.0,0.01,0.0,31.0,31.0,8.8,7.2,0.0
金石亚药,sz300434,10.25,10.33,10.25,37400.0,10.25,5900,10.26,26700,-0.77,10.25,10.25,37400,380000.0,0.01,0.0,35.07,41.18,12.4,8.26,0.0
跨境通,sz002640,3.71,3.77,3.71,384300.0,3.71,642500,3.72,2600,-1.59,3.71,3.71,384300,1430000.0,0.02,0.0,57.44,57.8,4.15,3.39,0.0
瑞奇智造,bj920781,9.68,9.42,9.68,244700.0,9.68,3900,9.69,13100,2.76,9.68,9.68,244700,2368700.0,0.24,0.0,9.88,14.96,12.24,6.6,0.0
东信和平,sz002017,21.12,21.63,21.12,239600.0,21.12,2500,21.13,11300,-2.36,21.12,21.12,239600,5060000.0,0.04,0.0,122.51,122.59,23.79,19.47,0.0
科润智控,bj920062,12.6,12.87,12.6,305500.0,12.58,500,12.6,32600,-2.1,12.6,12.6,305500,3849800.0,0.23,0.0,16.82,23.78,16.73,9.01,0.0
瑞贝卡,sh600439,2.73,2.74,2.73,181400.0,2.73,2900,2.74,64400,-0.36,2.73,2.73,181400,500000.0,0.02,0.0,30.9,30.9,3.01,2.47,0.0
天箭科技,sz002977,29.6,30.05,29.6,15700.0,29.6,100,29.63,200,-1.5,29.6,29.6,15700,460000.0,0.02,0.0,19.72,35.56,33.06,27.05,0.0
金陵体育,sz300651,29.12,30.0,29.12,175500.0,29.11,1000,29.12,200,-2.93,29.12,29.12,175500,5110000.0,0.2,0.0,25.46,41.12,36.0,24.0,0.0
森鹰窗业,sz301227,37.19,37.01,37.19,4100.0,37.02,100,37.19,700,0.49,37.19,37.19,4100,150000.0,0.01,0.0,12.62,35.42,44.41,29.61,0.0
*ST赛隆,sz002898,11.04,11.05,11.04,25000.0,11.04,5800,11.17,300,-0.09,11.04,11.04,25000,280000.0,0.02,0.0,11.18,19.43,11.6,10.5,0.0
中天科技,sh600522,26.37,27.38,26.37,2279900.0,26.36,8100,26.37,13800,-3.69,26.37,26.37,2279900,60120000.0,0.07,0.0,899.99,899.99,30.12,24.64,0.0
迅游科技,sz300467,31.27,31.49,31.27,7600.0,31.2,400,31.28,200,-0.7,31.27,31.27,7600,240000.0,0.0,0.0,52.71,63.54,37.79,25.19,0.0
建设机械,sh600984,4.67,4.74,4.67,454600.0,4.67,71600,4.68,54800,-1.48,4.67,4.67,454600,2120000.0,0.04,0.0,58.7,58.7,5.21,4.27,0.0
许昌智能,bj920496,10.89,11.27,10.89,345400.0,10.89,15100,10.9,2100,-3.37,10.89,10.89,345400,3761700.0,0.24,0.0,15.79,18.03,14.65,7.89,0.0
嘉诚国际,sh603535,9.24,9.29,9.24,20800.0,9.22,1300,9.24,4200,-0.54,9.24,9.24,20800,190000.0,0.0,0.0,47.21,47.21,10.22,8.36,0.0
汇成股份,sh688403,16.45,16.84,16.45,27954200.0,16.45,2900,16.46,39400,-2.32,16.45,16.45,27954200,4600000.0,0.03,0.0,142.94,142.94,20.21,13.47,0.0
金信诺,sz300252,14.31,14.56,14.31,145700.0,14.3,20200,14.31,21400,-1.72,14.31,14.31,145700,2080000.0,0.03,0.0,79.96,94.75,17.47,11.65,0.0
新国都,sz300130,24.95,25.39,24.95,163100.0,24.95,7400,25.0,14700,-1.73,24.95,24.95,163100,4070000.0,0.04,0.0,108.32,141.54,30.47,20.31,0.0
科信技术,sz300565,13.64,13.89,13.64,238500.0,13.63,100,13.64,6300,-1.8,13.64,13.64,238500,3250000.0,0.1,0.0,31.13,34.06,16.67,11.11,0.0
云中马,sh603130,44.0,43.94,44.0,3700.0,43.94,200,44.0,6300,0.14,44.0,44.0,3700,160000.0,0.0,0.0,60.51,60.51,48.33,39.55,0.0
晨光电缆,bj920639,8.8,9.03,8.8,166100.0,8.78,4100,8.8,7500,-2.55,8.8,8.8,166100,1461300.0,0.14,0.0,10.45,17.74,11.73,6.33,0.0
上工申贝,sh600843,10.99,11.16,10.99,157100.0,10.99,11700,11.0,31900,-1.52,10.99,10.99,157100,1730000.0,0.03,0.0,51.57,78.38,12.28,10.04,0.0
济高发展,sh600807,3.37,3.39,3.37,75400.0,3.36,300,3.37,68200,-0.59,3.37,3.37,75400,250000.0,0.01,0.0,26.52,29.81,3.73,3.05,0.0
康比特,bj920429,13.84,13.9,13.84,900.0,13.8,2500,13.84,1500,-0.43,13.84,13.84,900,12200.0,0.0,0.0,15.71,17.23,18.07,9.73,0.0
西部牧业,sz300106,10.9,10.99,10.9,57800.0,10.9,11000,10.94,100,-0.82,10.9,10.9,57800,630000.0,0.03,0.0,23.04,23.04,13.19,8.79,0.0
友阿股份,sz002277,6.95,7.11,6.95,241000.0,6.95,2100,6.96,10800,-2.25,6.95,6.95,241000,1670000.0,0.02,0.0,96.9,96.9,7.82,6.4,0.0
中国铀业,sz001280,92.8,93.04,92.8,163500.0,92.8,14000,92.81,800,-0.26,92.8,92.8,163500,15170000.0,0.1,0.0,146.7,1919.27,102.34,83.74,0.0
祥源文旅,sh600576,6.33,6.41,6.33,68700.0,6.32,26500,6.33,45400,-1.25,6.33,6.33,68700,430000.0,0.01,0.0,41.8,66.75,7.05,5.77,0.0
常辅股份,bj920396,35.01,35.87,35.01,54900.0,35.01,12100,35.02,5700,-2.4,35.01,35.01,54900,1923300.0000000002,0.11,0.0,17.96,25.28,46.63,25.11,0.0
技源集团,sh603262,26.41,26.57,26.41,2400.0,26.41,100,26.42,1300,-0.6,26.41,26.41,2400,60000.0,0.01,0.0,10.57,105.64,29.23,23.91,0.0
长白山,sh603099,37.36,37.85,37.36,26800.0,37.36,8700,37.41,900,-1.29,37.36,37.36,26800,1000000.0,0.01,0.0,99.63,101.75,41.64,34.07,0.0
优机股份,bj920943,24.97,24.45,24.97,18100.0,24.92,400,24.97,200,2.13,24.97,24.97,18100,452800.0,0.04,0.0,12.94,25.35,31.78,17.12,0.0
全信股份,sz300447,20.69,21.36,20.69,206400.0,20.69,3900,20.71,900,-3.14,20.69,20.69,206400,4270000.0,0.1,0.0,41.65,64.62,25.63,17.09,0.0
大地海洋,sz301068,29.27,29.15,29.27,5700.0,29.14,100,29.27,1700,0.41,29.27,29.27,5700,170000.0,0.01,0.0,29.5,41.36,34.98,23.32,0.0
恒逸石化,sz000703,13.6,12.95,13.6,3220500.0,13.6,139400,13.61,20000,5.02,13.6,13.6,3220500,43800000.0,0.09,0.0,487.34,489.96,14.25,11.66,0.0
华是科技,sz301218,38.0,38.51,38.0,150900.0,37.9,100,38.0,2900,-1.32,38.0,38.0,150900,5730000.0,0.22,0.0,26.63,43.34,46.21,30.81,0.0
美硕科技,sz301295,32.5,32.74,32.5,5800.0,32.5,1700,32.73,1000,-0.73,32.5,32.5,5800,190000.0,0.02,0.0,9.55,32.76,39.29,26.19,0.0
拉卡拉,sz300773,28.61,27.9,28.61,3522500.0,28.61,3000,28.62,1000,2.54,28.61,28.61,3522500,100780000.0,0.48,0.0,210.16,222.2,33.48,22.32,0.0
*ST云创,bj920305,7.95,8.13,7.95,58600.0,7.95,5600,8.05,2500,-2.21,7.95,7.95,58600,465800.0,0.07,0.0,6.45,10.52,10.56,5.7,0.0
新晨科技,sz300542,17.01,17.29,17.01,33700.0,17.01,3300,17.16,500,-1.62,17.01,17.01,33700,570000.0,0.01,0.0,42.13,50.79,20.75,13.83,0.0
云南旅游,sz002059,5.08,5.11,5.08,120200.0,5.07,7200,5.08,4900,-0.59,5.08,5.08,120200,610000.0,0.01,0.0,49.94,51.43,5.62,4.6,0.0
南 京 港,sz002040,11.59,11.18,11.59,843500.0,11.59,15900,11.6,14000,3.67,11.59,11.59,843500,9780000.0,0.17,0.0,56.34,56.55,12.3,10.06,0.0
科蓝软件,sz300663,15.25,15.54,15.25,156200.0,15.25,100,15.26,200,-1.87,15.25,15.25,156200,2380000.0,0.03,0.0,69.78,72.96,18.65,12.43,0.0
ST葫芦娃,sh605199,6.93,7.05,6.93,49000.0,6.92,3000,6.93,9000,-1.7,6.93,6.93,49000,340000.0,0.01,0.0,27.73,27.73,7.4,6.7,0.0
迪尔化工,bj920304,14.75,14.13,14.75,229800.0,14.74,1800,14.75,53600,4.39,14.75,14.75,229800,3390000.0,0.17,0.0,20.13,23.94,18.36,9.9,0.0
德昌股份,sh605555,16.03,16.29,16.03,40800.0,16.03,6600,16.04,900,-1.6,16.03,16.03,40800,650000.0,0.01,0.0,77.6,77.6,17.92,14.66,0.0
海川智能,sz300720,38.29,39.31,38.29,57200.0,38.29,7200,38.51,300,-2.59,38.29,38.29,57200,2190000.0,0.03,0.0,66.87,74.62,47.17,31.45,0.0
数字人,bj920670,18.06,18.55,18.06,49200.0,18.06,7000,18.11,9400,-2.64,18.06,18.06,49200,888800.0,0.07,0.0,12.04,19.18,24.11,12.99,0.0
*ST绿康,sz002868,42.5,42.12,42.5,37200.0,42.22,1300,42.5,1200,0.9,42.5,42.5,37200,1580000.0,0.02,0.0,65.47,66.05,44.23,40.01,0.0
森远股份,sz300210,9.15,9.31,9.15,42300.0,9.15,5500,9.18,4900,-1.72,9.15,9.15,42300,390000.0,0.01,0.0,44.26,44.31,11.17,7.45,0.0
殷图网联,bj920508,23.69,23.98,23.69,85300.0,23.69,6200,23.9,2100,-1.21,23.69,23.69,85300,2019700.0,0.27,0.0,7.56,14.21,31.17,16.79,0.0
新奥股份,sh600803,22.89,21.32,22.89,1098400.0,22.89,184500,22.9,800,7.36,22.89,22.89,1098400,25140000.0,0.04,0.0,703.12,708.63,23.45,19.19,0.0
云里物里,bj920374,22.43,22.82,22.43,2200.0,22.43,900,22.47,200,-1.71,22.43,22.43,2200,49200.0,0.01,0.0,7.65,18.28,29.66,15.98,0.0
创源股份,sz300703,22.49,23.03,22.49,61700.0,22.49,1600,22.8,2300,-2.34,22.49,22.49,61700,1390000.0,0.04,0.0,38.16,40.57,27.64,18.42,0.0
景兴纸业,sz002067,5.41,5.48,5.41,342000.0,5.4,192200,5.41,46500,-1.28,5.41,5.41,342000,1850000.0,0.03,0.0,72.36,79.79,6.03,4.93,0.0
泰尔股份,sz002347,9.06,9.25,9.06,108200.0,9.06,16300,9.08,300,-2.05,9.06,9.06,108200,980000.0,0.02,0.0,44.7,45.73,10.18,8.33,0.0
百大集团,sh600865,12.32,12.49,12.32,67400.0,12.31,14300,12.32,2300,-1.36,12.32,12.32,67400,830000.0,0.02,0.0,46.35,46.35,13.74,11.24,0.0
马可波罗,sz001386,22.62,22.78,22.62,64500.0,22.62,2600,22.7,4000,-0.7,22.62,22.62,64500,1460000.0,0.07,0.0,22.14,270.29,25.06,20.5,0.0
雷科防务,sz002413,15.29,15.64,15.29,2106600.0,15.29,2300,15.3,5900,-2.24,15.29,15.29,2106600,32210000.0,0.16,0.0,198.07,201.73,17.2,14.08,0.0
路德科技,sh688156,22.18,22.5,22.18,2699000.0,22.18,3900,22.2,3000,-1.42,22.18,22.18,2699000,600000.0,0.03,0.0,22.34,22.34,27.0,18.0,0.0
路畅科技,sz002813,26.72,27.04,26.72,7900.0,26.72,600,26.91,100,-1.18,26.72,26.72,7900,210000.0,0.01,0.0,32.03,32.06,29.74,24.34,0.0
同德化工,sz002360,5.73,5.8,5.73,191000.0,5.73,16100,5.74,1400,-1.21,5.73,5.73,191000,1090000.0,0.06,0.0,18.77,23.02,6.38,5.22,0.0
华尔泰,sz001217,13.5,13.44,13.5,103900.0,13.46,100,13.5,8000,0.45,13.5,13.5,103900,1400000.0,0.03,0.0,44.36,44.8,14.78,12.1,0.0
路斯股份,bj920419,15.03,15.2,15.03,41800.0,15.03,2900,15.1,5400,-1.12,15.03,15.03,41800,628600.0,0.04,0.0,14.52,15.53,19.76,10.64,0.0
晶雪节能,sz301010,21.09,21.44,21.09,9900.0,21.05,100,21.1,500,-1.63,21.09,21.09,9900,210000.0,0.01,0.0,22.78,22.78,25.73,17.15,0.0
海航科技,sh600751,4.08,4.1,4.08,143000.0,4.07,6400,4.08,365700,-0.49,4.08,4.08,143000,580000.0,0.01,0.0,104.99,118.29,4.51,3.69,0.0
申达股份,sh600626,4.63,4.67,4.63,39000.0,4.61,6000,4.63,19300,-0.86,4.63,4.63,39000,180000.0,0.0,0.0,51.3,61.15,5.14,4.2,0.0
三丰智能,sz300276,7.9,7.97,7.9,137900.0,7.89,3600,7.9,53700,-0.88,7.9,7.9,137900,1090000.0,0.01,0.0,83.51,110.68,9.56,6.38,0.0
中天精装,sz002989,30.0,30.5,30.0,42900.0,30.0,2200,30.1,3000,-1.64,30.0,30.0,42900,1290000.0,0.02,0.0,55.0,60.48,33.55,27.45,0.0
御银股份,sz002177,8.45,8.75,8.45,1858300.0,8.45,145400,8.47,200,-3.43,8.45,8.45,1858300,15700000.0,0.28,0.0,57.03,64.32,9.63,7.88,0.0
铂力特,sh688333,99.4,102.15,99.4,7778600.0,99.36,200,99.4,48100,-2.69,99.4,99.4,7778600,7730000.0,0.03,0.0,272.68,272.68,122.58,81.72,0.0
ST新华锦,sh600735,6.73,6.73,0.0,0.0,0.0,0,0.0,0,0.0,0.0,0.0,0,0.0,0.0,0.0,28.63,28.86,7.07,6.39,0.0
长城电工,sh600192,9.87,9.99,9.87,228500.0,9.86,10600,9.87,35900,-1.2,9.87,9.87,228500,2260000.0,0.05,0.0,43.6,43.6,10.99,8.99,0.0
*ST天龙,sz300029,5.0,5.1,5.0,148700.0,5.0,181300,5.04,6000,-1.96,5.0,5.0,148700,740000.0,0.07,0.0,10.02,10.03,6.12,4.08,0.0
巨轮智能,sz002031,7.2,7.29,7.2,337500.0,7.19,8800,7.2,100200,-1.23,7.2,7.2,337500,2430000.0,0.02,0.0,139.59,158.36,8.02,6.56,0.0
仁度生物,sh688193,51.82,52.81,51.82,565200.0,51.82,300,52.28,200,-1.87,51.82,51.82,565200,290000.0,0.01,0.0,20.76,20.76,63.37,42.25,0.0
帝科股份,sz300842,100.84,104.5,100.84,65000.0,100.68,300,100.84,4300,-3.5,100.84,100.84,65000,6550000.0,0.05,0.0,130.73,146.5,125.4,83.6,0.0
骏亚科技,sh603386,14.68,14.69,14.68,67400.0,14.66,200,14.69,800,-0.07,14.68,14.68,67400,990000.0,0.02,0.0,47.9,47.9,16.16,13.22,0.0
百洋股份,sz002696,7.74,7.76,7.74,88900.0,7.69,5000,7.74,35400,-0.26,7.74,7.74,88900,690000.0,0.03,0.0,25.89,26.81,8.54,6.98,0.0
凤凰航运,sz000520,4.7,4.64,4.7,754900.0,4.68,500,4.7,43200,1.29,4.7,4.7,754900,3550000.0,0.07,0.0,47.57,47.57,5.1,4.18,0.0
太湖雪,bj920262,23.29,23.53,23.29,2000.0,23.29,700,23.4,1000,-1.02,23.29,23.29,2000,46600.0,0.01,0.0,7.26,16.1,30.58,16.48,0.0
七丰精工,bj920169,34.4,35.13,34.4,23600.0,34.4,1500,34.46,200,-2.08,34.4,34.4,23600,811400.0,0.05,0.0,17.48,27.8,45.66,24.6,0.0
中科星图,sh688568,75.13,78.08,75.13,26298400.0,75.13,5300,75.14,2800,-3.78,75.13,75.13,26298400,19760000.0,0.03,0.0,607.11,607.11,93.7,62.46,0.0
一品红,sz300723,31.31,31.92,31.31,78900.0,31.31,5000,31.5,900,-1.91,31.31,31.31,78900,2470000.0,0.02,0.0,130.77,141.43,38.3,25.54,0.0
盖世食品,bj920826,12.3,12.37,12.3,16200.0,12.26,2000,12.3,6500,-0.57,12.3,12.3,16200,199800.0,0.03,0.0,7.68,17.28,16.08,8.66,0.0
坤恒顺维,sh688283,46.3,47.04,46.3,160000.0,46.01,400,46.3,1200,-1.57,46.3,46.3,160000,70000.0,0.0,0.0,56.39,56.39,56.45,37.63,0.0
美之高,bj920765,17.82,17.78,17.82,12500.0,17.61,800,17.82,2600,0.22,17.82,17.82,12500,223100.0,0.02,0.0,9.41,15.49,23.11,12.45,0.0
天奥电子,sz002935,20.11,20.16,20.11,58300.0,20.1,500,20.11,7400,-0.25,20.11,20.11,58300,1170000.0,0.01,0.0,83.47,85.29,22.18,18.14,0.0
美凯龙,sh601828,2.51,2.53,2.51,277000.0,2.5,344800,2.51,173700,-0.79,2.51,2.51,277000,700000.0,0.01,0.0,90.7,109.3,2.78,2.28,0.0
龙溪股份,sh600592,22.1,22.54,22.1,77900.0,22.09,3200,22.1,1300,-1.95,22.1,22.1,77900,1720000.0,0.02,0.0,88.3,88.3,24.79,20.29,0.0
风范股份,sh601700,6.17,6.17,6.17,452800.0,6.16,500,6.17,41000,0.0,6.17,6.17,452800,2790000.0,0.04,0.0,70.48,70.48,6.79,5.55,0.0
百亚股份,sz003006,18.68,18.93,18.68,48400.0,18.68,800,18.69,5500,-1.32,18.68,18.68,48400,900000.0,0.01,0.0,80.06,80.26,20.82,17.04,0.0
积成电子,sz002339,12.66,13.09,12.66,2076500.0,12.66,68100,12.68,2100,-3.28,12.66,12.66,2076500,26290000.0,0.43,0.0,60.62,63.82,14.4,11.78,0.0
松井股份,sh688157,38.3,39.12,38.3,1582700.0,38.24,800,38.3,25300,-2.1,38.3,38.3,1582700,610000.0,0.01,0.0,59.91,59.91,46.94,31.3,0.0
烽火通信,sh600498,50.86,52.76,50.86,3326900.0,50.86,1100,50.87,900,-3.6,50.86,50.86,3326900,169210000.0,0.26,0.0,646.75,690.76,58.04,47.48,0.0
天罡股份,bj920651,34.85,35.1,34.85,200.0,34.8,100,34.85,900,-0.71,34.85,34.85,200,6200.0,0.0,0.0,5.32,21.26,45.63,24.57,0.0
ST易联众,sz300096,7.67,7.74,7.67,49000.0,7.66,1300,7.67,7600,-0.9,7.67,7.67,49000,380000.0,0.01,0.0,32.98,32.98,9.29,6.19,0.0
电科芯片,sh600877,17.88,18.25,17.88,137100.0,17.87,300,17.88,3400,-2.03,17.88,17.88,137100,2450000.0,0.01,0.0,211.71,211.71,20.08,16.43,0.0
达利凯普,sz301566,23.01,23.9,23.01,414600.0,23.01,9400,23.09,4200,-3.72,23.01,23.01,414600,9540000.0,0.2,0.0,47.75,92.04,28.68,19.12,0.0
中马传动,sh603767,19.75,19.9,19.75,9600.0,19.74,1000,19.75,8900,-0.75,19.75,19.75,9600,190000.0,0.0,0.0,60.95,60.95,21.89,17.91,0.0
华依科技,sh688071,34.64,34.98,34.64,998400.0,34.62,2000,34.64,2800,-0.97,34.64,34.64,998400,350000.0,0.01,0.0,29.37,29.37,41.98,27.98,0.0
好太太,sh603848,16.48,16.57,16.48,10200.0,16.47,100,16.49,100,-0.54,16.48,16.48,10200,170000.0,0.0,0.0,66.32,66.32,18.23,14.91,0.0
金龙汽车,sh600686,16.74,16.96,16.74,44100.0,16.73,8300,16.74,900,-1.3,16.74,16.74,44100,740000.0,0.01,0.0,120.03,120.03,18.66,15.26,0.0
棕榈股份,sz002431,2.65,2.68,2.65,148800.0,2.65,222300,2.66,15000,-1.12,2.65,2.65,148800,390000.0,0.01,0.0,47.76,47.76,2.95,2.41,0.0
泰祥股份,sz301192,29.11,29.67,29.11,36200.0,29.11,9000,29.6,36400,-1.89,29.11,29.11,36200,1050000.0,0.08,0.0,13.93,29.08,35.6,23.74,0.0
嘉和美康,sh688246,22.54,22.99,22.54,1690500.0,22.53,2000,22.54,100,-1.96,22.54,22.54,1690500,380000.0,0.01,0.0,31.01,31.01,27.59,18.39,0.0
瑞斯康达,sh603803,10.06,10.21,10.06,80000.0,10.05,7500,10.06,28100,-1.47,10.06,10.06,80000,800000.0,0.02,0.0,42.74,42.74,11.23,9.19,0.0
勘设股份,sh603458,10.8,10.85,10.8,38700.0,10.78,1000,10.8,6000,-0.46,10.8,10.8,38700,420000.0,0.01,0.0,33.06,33.06,11.94,9.77,0.0
汇金股份,sz300368,12.0,12.33,12.0,163200.0,12.0,141200,12.09,100,-2.68,12.0,12.0,163200,1960000.0,0.03,0.0,63.47,63.47,14.8,9.86,0.0
司南导航,sh688592,46.8,46.82,46.8,2513500.0,46.26,5000,46.8,19000,-0.04,46.8,46.8,2513500,1180000.0,0.07,0.0,18.03,37.66,56.18,37.46,0.0
中嘉博创,sz000889,3.56,3.6,3.56,168600.0,3.56,22600,3.6,14300,-1.11,3.56,3.56,168600,600000.0,0.02,0.0,30.97,33.33,3.96,3.24,0.0
初灵信息,sz300250,22.92,23.41,22.92,53400.0,22.92,8100,22.94,300,-2.09,22.92,22.92,53400,1220000.0,0.03,0.0,36.07,48.99,28.09,18.73,0.0
中体产业,sh600158,10.21,10.41,10.21,712400.0,10.21,181300,10.25,78400,-1.92,10.21,10.21,712400,7270000.0,0.07,0.0,97.97,97.97,11.45,9.37,0.0
汇嘉时代,sh603101,8.72,8.81,8.72,20300.0,8.72,12800,8.8,300,-1.02,8.72,8.72,20300,180000.0,0.0,0.0,41.02,41.02,9.69,7.93,0.0
森麒麟,sz002984,19.22,19.53,19.22,142400.0,19.22,3700,19.3,3000,-1.59,19.22,19.22,142400,2740000.0,0.02,0.0,137.16,199.12,21.48,17.58,0.0
楚天龙,sz003040,17.56,17.83,17.56,30000.0,17.55,1000,17.56,8200,-1.51,17.56,17.56,30000,530000.0,0.01,0.0,80.22,80.98,19.61,16.05,0.0
华贸物流,sh603128,5.95,5.96,5.95,155500.0,5.95,1300,5.96,116500,-0.17,5.95,5.95,155500,930000.0,0.01,0.0,77.89,77.89,6.56,5.36,0.0
丽人丽妆,sh605136,10.39,10.56,10.39,70300.0,10.39,9500,10.45,500,-1.61,10.39,10.39,70300,730000.0,0.02,0.0,41.61,41.61,11.62,9.5,0.0
*ST华闻,sz000793,2.83,2.88,2.83,520800.0,2.83,229100,2.84,4300,-1.74,2.83,2.83,520800,1470000.0,0.03,0.0,55.5,56.52,3.02,2.74,0.0
供销大集,sz000564,2.19,2.22,2.19,6403300.0,2.19,9056500,2.2,3658000,-1.35,2.19,2.19,6403300,14020000.0,0.04,0.0,322.26,395.47,2.44,2.0,0.0
云星宇,bj920806,12.78,12.96,12.78,8000.0,12.76,1200,12.8,1600,-1.39,12.78,12.78,8000,102200.0,0.0,0.0,38.43,38.43,16.84,9.08,0.0
ST达华,sz002512,4.66,4.91,4.66,332900.0,0.0,0,4.66,92570500,-5.09,4.66,4.66,332900,1550000.0,0.03,0.0,51.0,51.84,5.16,4.66,0.0
荣科科技,sz300290,15.98,16.29,15.98,189600.0,15.97,700,15.98,5300,-1.9,15.98,15.98,189600,3030000.0,0.03,0.0,102.2,102.23,19.55,13.03,0.0
电子城,sh600658,5.1,5.16,5.1,137300.0,5.1,2300,5.11,2400,-1.16,5.1,5.1,137300,700000.0,0.01,0.0,57.05,57.05,5.68,4.64,0.0
安泰集团,sh600408,3.88,3.73,3.88,1078400.0,3.88,35000,3.89,38000,4.02,3.88,3.88,1078400,4180000.0,0.11,0.0,39.06,39.06,4.1,3.36,0.0
中亚股份,sz300512,10.31,10.43,10.31,45800.0,10.31,900,10.32,1200,-1.15,10.31,10.31,45800,470000.0,0.01,0.0,33.39,42.19,12.52,8.34,0.0
中洲特材,sz300963,20.25,20.45,20.25,67400.0,20.24,500,20.25,23800,-0.98,20.25,20.25,67400,1360000.0,0.02,0.0,58.61,92.87,24.54,16.36,0.0
珠海中富,sz000659,4.22,4.26,4.22,86500.0,4.21,4100,4.22,40300,-0.94,4.22,4.22,86500,370000.0,0.01,0.0,54.26,54.26,4.69,3.83,0.0
智莱科技,sz300771,14.68,14.88,14.68,24300.0,14.67,1200,14.7,10600,-1.34,14.68,14.68,24300,360000.0,0.01,0.0,26.6,35.23,17.86,11.9,0.0
安必平,sh688393,25.36,25.94,25.36,1913600.0,25.36,2000,25.43,200,-2.24,25.36,25.36,1913600,490000.0,0.02,0.0,23.73,23.73,31.13,20.75,0.0
乾照光电,sz300102,34.12,35.28,34.12,814600.0,34.12,67100,34.15,600,-3.29,34.12,34.12,814600,27790000.0,0.09,0.0,312.66,314.02,42.34,28.22,0.0
科强股份,bj920665,12.78,12.92,12.78,8700.0,12.78,300,12.8,100,-1.08,12.78,12.78,8700,111100.0,0.01,0.0,8.19,16.61,16.79,9.05,0.0
长盈通,sh688143,57.0,59.6,57.0,11858100.0,56.99,200,57.0,375800,-4.36,57.0,57.0,11858100,6760000.0,0.1,0.0,69.75,73.41,71.52,47.68,0.0
恒天海龙,sz000677,4.41,4.4,4.41,2589800.0,4.41,4400,4.42,19900,0.23,4.41,4.41,2589800,11420000.0,0.3,0.0,38.1,38.1,4.84,3.96,0.0
ST复华,sh600624,5.06,5.09,5.06,34400.0,5.05,11500,5.06,52300,-0.59,5.06,5.06,34400,170000.0,0.01,0.0,34.37,34.37,5.34,4.84,0.0
百甲科技,bj920057,7.0,7.03,7.0,800.0,6.95,8700,7.0,2300,-0.43,7.0,7.0,800,5300.0,0.0,0.0,8.05,12.69,9.13,4.93,0.0
西安旅游,sz000610,9.43,9.51,9.43,31200.0,9.41,5000,9.43,200,-0.84,9.43,9.43,31200,290000.0,0.01,0.0,22.21,22.33,10.46,8.56,0.0
创维数字,sz000810,10.89,11.07,10.89,133300.0,10.89,20200,10.9,800,-1.63,10.89,10.89,133300,1450000.0,0.01,0.0,120.95,125.26,12.18,9.96,0.0
雄帝科技,sz300546,24.0,24.47,24.0,39600.0,24.0,3500,24.02,500,-1.92,24.0,24.0,39600,950000.0,0.03,0.0,32.14,44.79,29.36,19.58,0.0
天力复合,bj920576,69.33,73.0,69.33,43600.0,69.33,5300,69.34,600,-5.03,69.33,69.33,43600,3025600.0,0.04,0.0,74.27,75.54,94.9,51.1,0.0
南华期货,sh603093,21.82,22.31,21.82,225600.0,21.81,2500,21.82,21300,-2.2,21.82,21.82,225600,4920000.0,0.04,0.0,133.12,156.61,24.54,20.08,0.0
迎丰股份,sh605055,10.0,9.94,10.0,27000.0,9.93,300,10.0,3600,0.6,10.0,10.0,27000,270000.0,0.01,0.0,44.0,44.0,10.93,8.95,0.0
万林物流,sh603117,5.65,5.72,5.65,173300.0,5.65,9900,5.66,2000,-1.22,5.65,5.65,173300,980000.0,0.03,0.0,33.85,33.85,6.29,5.15,0.0
福石控股,sz300071,5.41,5.51,5.41,134700.0,5.41,3200,5.42,32500,-1.81,5.41,5.41,134700,730000.0,0.01,0.0,51.14,52.15,6.61,4.41,0.0
胜利股份,sz000407,5.61,5.31,5.61,2267900.0,5.61,30700,5.62,11500,5.65,5.61,5.61,2267900,12720000.0,0.26,0.0,49.13,49.37,5.84,4.78,0.0
多伦科技,sh603528,8.86,8.95,8.86,34600.0,8.85,3300,8.86,15900,-1.01,8.86,8.86,34600,310000.0,0.0,0.0,62.55,62.55,9.85,8.06,0.0
康农种业,bj920403,26.22,25.3,26.22,71600.0,26.2,3700,26.22,700,3.64,26.22,26.22,71600,1878500.0,0.12,0.0,15.49,26.05,32.89,17.71,0.0
三协电机,bj920100,59.0,59.76,59.0,8000.0,58.95,600,59.0,1400,-1.27,59.0,59.0,8000,469500.0,0.05,0.0,10.09,43.55,77.68,41.84,0.0
环旭电子,sh601231,37.8,39.43,37.8,939800.0,37.8,59800,37.99,2100,-4.13,37.8,37.8,939800,35520000.0,0.04,0.0,903.08,903.08,43.37,35.49,0.0
高华科技,sh688539,40.0,41.64,40.0,4097900.0,39.63,200,40.0,600,-3.94,40.0,40.0,4097900,1640000.0,0.04,0.0,41.89,74.37,49.97,33.31,0.0
长盛轴承,sz300718,73.39,74.25,73.39,17800.0,73.38,100,73.39,1100,-1.16,73.39,73.39,17800,1310000.0,0.01,0.0,142.26,219.27,89.1,59.4,0.0
合兴股份,sh605005,19.95,19.98,19.95,18500.0,19.9,700,19.95,9400,-0.15,19.95,19.95,18500,370000.0,0.0,0.0,80.0,80.0,21.98,17.98,0.0
铁拓机械,bj920706,26.68,26.95,26.68,48900.0,26.67,11200,26.68,30200,-1.0,26.68,26.68,48900,1305900.0,0.12,0.0,11.3,24.65,35.03,18.87,0.0
航天宏图,sh688066,19.89,24.77,19.89,41460200.0,19.89,1900,20.33,1000,-19.7,19.89,19.89,41460200,8250000.0,0.16,0.0,51.97,51.97,29.72,19.82,0.0
索菱股份,sz002766,5.41,5.49,5.41,135200.0,5.41,44100,5.42,18200,-1.46,5.41,5.41,135200,730000.0,0.02,0.0,46.27,46.72,6.04,4.94,0.0
三峡旅游,sz002627,8.35,8.48,8.35,74000.0,8.35,24700,8.36,8800,-1.53,8.35,8.35,74000,620000.0,0.01,0.0,59.88,60.5,9.33,7.63,0.0
新能泰山,sz000720,4.37,4.4,4.37,4099900.0,4.36,29000,4.37,553200,-0.68,4.37,4.37,4099900,17920000.0,0.33,0.0,54.91,54.91,4.84,3.96,0.0
博菲电气,sz001255,40.51,41.07,40.51,39800.0,40.5,1000,40.51,900,-1.36,40.51,40.51,39800,1610000.0,0.06,0.0,28.78,35.29,45.18,36.96,0.0
森霸传感,sz300701,12.14,12.37,12.14,21900.0,12.12,1000,12.15,2900,-1.86,12.14,12.14,21900,270000.0,0.01,0.0,30.24,34.32,14.84,9.9,0.0
勤上股份,sz002638,3.59,3.58,3.59,1187600.0,3.59,9500,3.6,9100,0.28,3.59,3.59,1187600,4260000.0,0.09,0.0,48.56,51.57,3.94,3.22,0.0
航天环宇,sh688523,68.0,71.94,68.0,16133800.0,67.93,800,68.0,30500,-5.48,68.0,68.0,16133800,10970000.0,0.17,0.0,65.63,276.68,86.33,57.55,0.0
飞力达,sz300240,7.82,7.97,7.82,162000.0,7.81,16300,7.82,4000,-1.88,7.82,7.82,162000,1270000.0,0.04,0.0,28.42,29.06,9.56,6.38,0.0
三维装备,bj920834,14.47,14.53,14.47,11100.0,14.45,200,14.47,5000,-0.41,14.47,14.47,11100,160799.99999999997,0.02,0.0,9.09,17.36,18.88,10.18,0.0
中国卫星,sh600118,91.0,93.47,91.0,751100.0,90.98,500,91.0,75300,-2.64,91.0,91.0,751100,68350000.0,0.06,0.0,1076.07,1076.07,102.82,84.12,0.0
创远信科,bj920961,25.35,25.89,25.35,40700.0,25.32,2500,25.35,20200,-2.09,25.35,25.35,40700,1032700.0,0.04,0.0,25.77,36.21,33.65,18.13,0.0
佛慈制药,sz002644,8.71,8.79,8.71,142800.0,8.71,10200,8.75,3000,-0.91,8.71,8.71,142800,1240000.0,0.03,0.0,44.48,44.48,9.67,7.91,0.0
朱老六,bj920726,20.0,20.6,20.0,43300.0,19.99,1000,20.0,1500,-2.91,20.0,20.0,43300,865800.0,0.08,0.0,11.18,20.33,26.78,14.42,0.0
品渥食品,sz300892,29.66,30.02,29.66,12600.0,29.66,700,29.69,300,-1.2,29.66,29.66,12600,370000.0,0.02,0.0,19.15,29.66,36.02,24.02,0.0
乐凯胶片,sh600135,9.18,9.14,9.18,302500.0,9.15,139900,9.18,34600,0.44,9.18,9.18,302500,2780000.0,0.05,0.0,50.79,50.79,10.05,8.23,0.0
九丰能源,sh605090,47.5,46.15,47.5,336700.0,47.5,7100,47.53,500,2.93,47.5,47.5,336700,15990000.0,0.05,0.0,334.45,335.11,50.77,41.54,0.0
襄阳轴承,sz000678,12.65,12.83,12.65,64800.0,12.65,300,12.67,800,-1.4,12.65,12.65,64800,820000.0,0.01,0.0,58.14,58.14,14.11,11.55,0.0
恒信东方,sz300081,5.21,5.28,5.21,67200.0,5.21,3000,5.22,41500,-1.33,5.21,5.21,67200,350000.0,0.01,0.0,31.51,31.51,6.34,4.22,0.0
岭南控股,sz000524,12.79,12.89,12.79,81900.0,12.79,24600,12.8,2200,-0.78,12.79,12.79,81900,1050000.0,0.01,0.0,85.69,85.72,14.18,11.6,0.0
柏星龙,bj920075,24.83,25.2,24.83,5800.0,24.83,2000,24.9,2000,-1.47,24.83,24.83,5800,142800.0,0.02,0.0,8.66,16.09,32.76,17.64,0.0
浩瀚深度,sh688292,26.02,26.65,26.02,3662400.0,26.02,600,26.06,3200,-2.36,26.02,26.02,3662400,950000.0,0.02,0.0,41.2,41.2,31.98,21.32,0.0
盛邦安全,sh688651,43.5,44.6,43.5,1983500.0,43.43,1500,43.5,400,-2.47,43.5,43.5,1983500,860000.0,0.06,0.0,14.12,32.8,53.52,35.68,0.0
雷电微力,sz301050,51.42,52.3,51.42,48200.0,51.41,1100,51.45,1500,-1.68,51.42,51.42,48200,2480000.0,0.02,0.0,108.17,127.12,62.76,41.84,0.0
航天电器,sz002025,51.26,51.98,51.26,93100.0,51.26,4600,51.3,5400,-1.39,51.26,51.26,93100,4770000.0,0.02,0.0,232.66,233.45,57.18,46.78,0.0
四创电子,sh600990,25.83,26.25,25.83,48800.0,25.83,7700,25.85,300,-1.6,25.83,25.83,48800,1260000.0,0.02,0.0,69.49,70.02,28.88,23.63,0.0
盈新发展,sz000620,2.89,2.97,2.89,2496400.0,2.88,1614800,2.89,168400,-2.69,2.89,2.89,2496400,7210000.0,0.05,0.0,135.01,169.7,3.27,2.67,0.0
*ST正平,sh603843,5.85,5.9,5.85,639100.0,5.84,24600,5.85,4700,-0.85,5.85,5.85,639100,3740000.0,0.09,0.0,40.93,40.93,6.2,5.61,0.0
倍益康,bj920199,40.86,43.02,40.86,152600.0,40.8,100,40.86,6200,-5.02,40.86,40.86,152600,6234100.0,0.4,0.0,15.5,27.83,55.92,30.12,0.0
孩子王,sz301078,9.53,9.83,9.53,1187900.0,9.53,95400,9.55,1400,-3.05,9.53,9.53,1187900,11320000.0,0.09,0.0,119.53,120.19,11.8,7.86,0.0
太钢不锈,sz000825,5.07,5.13,5.07,317800.0,5.07,36900,5.08,163800,-1.17,5.07,5.07,317800,1610000.0,0.01,0.0,288.8,288.8,5.64,4.62,0.0
优迅股份,sh688807,229.0,242.0,229.0,7100400.0,229.0,500,229.28,1000,-5.37,229.0,229.0,7100400,16260000.0,0.47,0.0,34.43,183.2,290.4,193.6,0.0
中利集团,sz002309,3.44,3.48,3.44,782200.0,3.44,37800,3.45,129800,-1.15,3.44,3.44,782200,2690000.0,0.03,0.0,82.77,103.46,3.83,3.13,0.0
爱丽家居,sh603221,12.23,12.33,12.23,19800.0,12.2,1000,12.23,2900,-0.81,12.23,12.23,19800,240000.0,0.01,0.0,29.63,29.91,13.56,11.1,0.0
信科移动-U,sh688387,15.3,15.94,15.3,62978900.0,15.3,7400,15.43,5000,-4.02,15.3,15.3,62978900,9640000.0,0.03,0.0,308.57,523.07,19.13,12.75,0.0
航宇微,sz300053,18.12,18.58,18.12,311000.0,18.11,1200,18.12,9800,-2.48,18.12,18.12,311000,5640000.0,0.05,0.0,117.93,126.27,22.3,14.86,0.0
财信发展,sz000838,2.6,2.57,2.6,332000.0,2.58,30500,2.6,45000,1.17,2.6,2.6,332000,860000.0,0.03,0.0,27.4,28.61,2.83,2.31,0.0
航宇科技,sh688239,72.03,75.22,72.03,8038300.0,72.03,900,72.22,500,-4.24,72.03,72.03,8038300,5790000.0,0.04,0.0,137.31,137.31,90.26,60.18,0.0
英利汽车,sh601279,4.39,4.4,4.39,63000.0,4.38,21000,4.39,11000,-0.23,4.39,4.39,63000,280000.0,0.0,0.0,69.62,69.62,4.84,3.96,0.0
宁波海运,sh600798,4.2,4.05,4.2,2290900.0,4.19,1300,4.2,485800,3.7,4.2,4.2,2290900,9620000.0,0.19,0.0,50.67,50.67,4.46,3.65,0.0
华光源海,bj920351,24.48,23.08,24.48,107300.0,24.3,1000,24.48,4100,6.07,24.48,24.48,107300,2627000.0,0.27,0.0,9.71,21.55,30.0,16.16,0.0
霍莱沃,sh688682,48.51,48.43,48.51,488700.0,48.45,300,48.51,0,0.17,48.51,48.51,488700,240000.0,0.0,0.0,49.4,49.4,58.12,38.74,0.0
信息发展,sz300469,63.0,64.11,63.0,74800.0,63.0,31400,63.01,18900,-1.73,63.0,63.0,74800,4710000.0,0.03,0.0,156.39,156.39,76.93,51.29,0.0
亨通股份,sh600226,5.65,5.75,5.65,599300.0,5.65,13200,5.66,100,-1.74,5.65,5.65,599300,3390000.0,0.02,0.0,168.05,168.05,6.33,5.18,0.0
*ST新元,sz300472,7.5,7.63,7.5,72900.0,7.5,41700,7.65,2000,-1.7,7.5,7.5,72900,550000.0,0.03,0.0,19.86,20.64,9.16,6.1,0.0
*ST天喻,sz300205,4.81,4.92,4.81,45500.0,4.81,600,4.82,2000,-2.24,4.81,4.81,45500,220000.0,0.01,0.0,20.69,20.69,5.9,3.94,0.0
珠江钢琴,sz002678,5.77,5.87,5.77,189600.0,5.76,6300,5.77,38900,-1.7,5.77,5.77,189600,1090000.0,0.01,0.0,78.33,78.38,6.46,5.28,0.0
亚联发展,sz002316,5.67,5.75,5.67,152600.0,5.67,7500,5.68,6500,-1.39,5.67,5.67,152600,870000.0,0.04,0.0,19.32,22.29,6.33,5.18,0.0
ST中迪,sz000609,9.44,9.57,9.44,493600.0,9.44,1900,9.45,16400,-1.36,9.44,9.44,493600,4660000.0,0.17,0.0,27.48,28.25,10.05,9.09,0.0
理工光科,sz300557,39.99,40.81,39.99,42400.0,39.99,300,40.0,38700,-2.01,39.99,39.99,42400,1700000.0,0.04,0.0,47.7,48.34,48.97,32.65,0.0
亚光科技,sz300123,7.4,7.55,7.4,282000.0,7.39,19100,7.4,153400,-1.99,7.4,7.4,282000,2090000.0,0.03,0.0,74.03,75.62,9.06,6.04,0.0
王府井,sh600859,13.1,13.28,13.1,511900.0,13.1,5100,13.11,62700,-1.36,13.1,13.1,511900,6710000.0,0.05,0.0,147.22,147.24,14.61,11.95,0.0
哈焊华通,sz301137,56.99,58.65,56.99,102500.0,56.99,200,57.0,11700,-2.83,56.99,56.99,102500,5840000.0,0.06,0.0,103.62,103.62,70.38,46.92,0.0
首开股份,sh600376,5.0,5.13,5.0,471900.0,5.0,114700,5.01,49800,-2.53,5.0,5.0,471900,2360000.0,0.02,0.0,128.98,128.98,5.64,4.62,0.0
永悦科技,sh603879,6.4,6.34,6.4,93200.0,6.38,5900,6.4,1600,0.95,6.4,6.4,93200,600000.0,0.03,0.0,23.0,23.0,6.97,5.71,0.0
昂瑞微-UW,sh688790,140.0,142.63,140.0,534300.0,139.98,500,140.0,700,-1.84,140.0,140.0,534300,750000.0,0.04,0.0,16.88,139.34,171.16,114.1,0.0
天润科技,bj920564,26.52,27.01,26.52,8100.0,26.52,300,26.62,1400,-1.81,26.52,26.52,8100,215799.99999999997,0.02,0.0,10.87,23.63,35.11,18.91,0.0
华天酒店,sz000428,3.86,3.89,3.86,63000.0,3.85,4000,3.86,54100,-0.77,3.86,3.86,63000,240000.0,0.01,0.0,39.33,39.33,4.28,3.5,0.0
双飞集团,sz300817,19.75,19.97,19.75,1700.0,19.7,200,19.75,500,-1.1,19.75,19.75,1700,30000.0,0.0,0.0,24.74,43.11,23.96,15.98,0.0
新乡化纤,sz000949,7.33,7.42,7.33,799600.0,7.33,48600,7.34,1200,-1.21,7.33,7.33,799600,5860000.0,0.05,0.0,121.42,121.45,8.16,6.68,0.0
宁波东力,sz002164,12.89,13.01,12.89,66400.0,12.88,700,12.89,32700,-0.92,12.89,12.89,66400,860000.0,0.01,0.0,61.84,68.6,14.31,11.71,0.0
博盈特焊,sz301468,64.69,67.64,64.69,115100.0,64.69,1800,64.75,200,-4.36,64.69,64.69,115100,7450000.0,0.15,0.0,48.52,84.17,81.17,54.11,0.0
航天长峰,sh600855,18.89,19.16,18.89,91700.0,18.88,7900,18.89,15500,-1.41,18.89,18.89,91700,1730000.0,0.02,0.0,88.34,88.51,21.08,17.24,0.0
星图测控,bj920116,101.02,105.26,101.02,76700.0,101.01,7900,101.02,1200,-4.03,101.02,101.02,76700,7753000.0,0.05,0.0,155.04,161.4,136.83,73.69,0.0
四川金顶,sh600678,11.3,11.46,11.3,98400.0,11.3,17100,11.31,5000,-1.4,11.3,11.3,98400,1110000.0,0.03,0.0,39.44,39.44,12.61,10.31,0.0
金时科技,sz002951,15.0,15.3,15.0,114200.0,14.98,2000,15.0,51500,-1.96,15.0,15.0,114200,1710000.0,0.03,0.0,60.17,60.75,16.83,13.77,0.0
佳创视讯,sz300264,10.2,10.36,10.2,183700.0,10.18,1000,10.2,1000,-1.54,10.2,10.2,183700,1870000.0,0.05,0.0,37.78,43.95,12.43,8.29,0.0
信测标准,sz300938,39.28,39.45,39.28,40500.0,39.28,200,39.3,5300,-0.43,39.28,39.28,40500,1590000.0,0.02,0.0,66.68,95.65,47.34,31.56,0.0
奥精医疗,sh688613,22.2,22.55,22.2,1594700.0,22.11,500,22.2,2900,-1.55,22.2,22.2,1594700,350000.0,0.01,0.0,30.42,30.42,27.06,18.04,0.0
爱科赛博,sh688719,41.8,42.29,41.8,223300.0,41.51,400,41.8,12900,-1.16,41.8,41.8,223300,90000.0,0.0,0.0,37.5,48.23,50.75,33.83,0.0
北斗星通,sz002151,42.3,41.82,42.3,353000.0,42.26,100,42.3,5500,1.15,42.3,42.3,353000,14930000.0,0.08,0.0,187.31,229.65,46.0,37.64,0.0
东珠生态,sh603359,6.75,6.82,6.75,206700.0,6.74,20300,6.75,91100,-1.03,6.75,6.75,206700,1400000.0,0.05,0.0,30.11,30.11,7.5,6.14,0.0
通鼎互联,sz002491,10.92,11.46,10.92,3540200.0,10.92,78300,10.93,4100,-4.71,10.92,10.92,3540200,38660000.0,0.3,0.0,128.47,134.32,12.61,10.31,0.0
元创股份,sz001325,52.01,52.65,52.01,35000.0,52.01,500,52.1,1000,-1.22,52.01,52.01,35000,1820000.0,0.18,0.0,10.19,40.78,57.92,47.39,0.0
豪恩汽电,sz301488,134.01,137.99,134.01,16600.0,134.01,200,135.0,700,-2.88,134.01,134.01,16600,2220000.0,0.07,0.0,31.37,123.29,165.59,110.39,0.0
沐曦股份-U,sh688802,521.0,533.72,521.0,1783700.0,520.6,200,521.0,100,-2.38,521.0,521.0,1783700,9290000.0,0.1,0.0,94.5,2084.52,640.46,426.98,0.0
长江通信,sh600345,39.01,40.74,39.01,221800.0,39.01,800,39.02,400,-4.25,39.01,39.01,221800,8650000.0,0.1,0.0,82.53,128.58,44.81,36.67,0.0
恒宝股份,sz002104,17.61,17.94,17.61,242100.0,17.6,6700,17.61,1500,-1.84,17.61,17.61,242100,4260000.0,0.04,0.0,105.61,124.74,19.73,16.15,0.0
国光电气,sh688776,111.1,114.13,111.1,1673600.0,111.1,500,112.0,1700,-2.65,111.1,111.1,1673600,1860000.0,0.02,0.0,120.41,120.41,136.96,91.3,0.0
翠微股份,sh603123,13.6,14.0,13.6,876100.0,13.59,3300,13.6,228300,-2.86,13.6,13.6,876100,11910000.0,0.13,0.0,88.71,108.63,15.4,12.6,0.0
恒帅股份,sz300969,127.76,131.13,127.76,9700.0,127.63,400,127.79,200,-2.57,127.76,127.76,9700,1240000.0,0.02,0.0,64.22,143.09,157.36,104.9,0.0
金圆股份,sz000546,6.08,6.19,6.08,202600.0,6.08,11100,6.09,10500,-1.78,6.08,6.08,202600,1230000.0,0.03,0.0,42.36,47.28,6.81,5.57,0.0
特发信息,sz000070,16.52,17.06,16.52,1082400.0,16.52,56600,16.55,1000,-3.17,16.52,16.52,1082400,17880000.0,0.12,0.0,146.81,148.74,18.77,15.35,0.0
领益智造,sz002600,14.24,14.48,14.24,795200.0,14.23,29600,14.24,800,-1.66,14.24,14.24,795200,11320000.0,0.01,0.0,1025.12,1040.57,15.93,13.03,0.0
广博股份,sz002103,8.9,9.03,8.9,63300.0,8.9,21500,8.91,500,-1.44,8.9,8.9,63300,560000.0,0.02,0.0,33.55,47.55,9.93,8.13,0.0
交建股份,sh603815,6.7,6.76,6.7,75500.0,6.7,6600,6.71,24600,-0.89,6.7,6.7,75500,510000.0,0.01,0.0,41.47,41.47,7.44,6.08,0.0
百邦科技,sz300736,18.8,19.14,18.8,112800.0,18.8,6800,18.83,5500,-1.78,18.8,18.8,112800,2120000.0,0.09,0.0,23.52,24.05,22.97,15.31,0.0
国泰集团,sh603977,15.31,15.31,15.31,126600.0,15.3,15400,15.31,7500,0.0,15.31,15.31,126600,1940000.0,0.02,0.0,95.11,95.11,16.84,13.78,0.0
华力创通,sz300045,24.77,25.24,24.77,180000.0,24.76,500,24.77,10200,-1.86,24.77,24.77,180000,4460000.0,0.03,0.0,127.89,164.14,30.29,20.19,0.0
棒杰股份,sz002634,7.06,7.13,7.06,94400.0,7.05,12300,7.06,1900,-0.98,7.06,7.06,94400,670000.0,0.02,0.0,31.52,32.43,7.84,6.42,0.0
万集科技,sz300552,29.71,30.79,29.71,74500.0,29.62,100,29.71,100,-3.51,29.71,29.71,74500,2210000.0,0.05,0.0,40.93,63.32,36.95,24.63,0.0
欧福蛋业,bj920371,10.76,10.82,10.76,60700.0,10.75,6000,10.76,3000,-0.55,10.76,10.76,60700,652800.0,0.03,0.0,20.86,22.11,14.06,7.58,0.0
海航控股,sh600221,1.53,1.57,1.53,49006200.0,1.52,22268300,1.53,8790400,-2.55,1.53,1.53,49006200,74980000.0,0.11,0.0,655.54,661.2,1.73,1.41,0.0
ST柯利达,sh603828,6.86,6.86,6.86,24800.0,6.86,1900,6.87,8000,0.0,6.86,6.86,24800,170000.0,0.0,0.0,40.88,40.88,7.2,6.52,0.0
法尔胜,sz000890,8.68,9.05,8.68,1013300.0,8.68,2700,8.69,19900,-4.09,8.68,8.68,1013300,8800000.0,0.24,0.0,36.41,36.41,9.96,8.15,0.0
合众思壮,sz002383,12.28,12.52,12.28,1487900.0,12.28,23900,12.3,28500,-1.92,12.28,12.28,1487900,18270000.0,0.2,0.0,90.92,90.92,13.77,11.27,0.0
盛洋科技,sh603703,13.89,13.99,13.89,56000.0,13.89,2900,13.98,600,-0.71,13.89,13.89,56000,780000.0,0.01,0.0,57.64,57.64,15.39,12.59,0.0
红棉股份,sz000523,3.71,3.73,3.71,332600.0,3.7,42900,3.71,60000,-0.54,3.71,3.71,332600,1230000.0,0.03,0.0,49.16,68.1,4.1,3.36,0.0
舜宇精工,bj920906,26.11,26.64,26.11,5800.0,26.11,4500,26.59,400,-1.99,26.11,26.11,5800,151500.0,0.02,0.0,8.71,16.96,34.63,18.65,0.0
苏利股份,sh603585,21.75,21.9,21.75,38000.0,21.7,3300,21.75,700,-0.68,21.75,21.75,38000,830000.0,0.02,0.0,39.75,40.65,24.09,19.71,0.0
北京文化,sz000802,4.23,4.25,4.23,198500.0,4.23,6400,4.24,3100,-0.47,4.23,4.23,198500,840000.0,0.03,0.0,30.26,30.28,4.68,3.83,0.0
通源环境,sh688679,43.56,43.61,43.56,2695800.0,42.88,500,43.56,1100,-0.11,43.56,43.56,2695800,1170000.0,0.02,0.0,57.36,57.36,52.33,34.89,0.0
臻镭科技,sh688270,155.0,162.55,155.0,15007600.0,155.0,13200,155.01,1100,-4.64,155.0,155.0,15007600,23260000.0,0.07,0.0,331.78,331.78,195.06,130.04,0.0
ST百灵,sz002424,5.11,5.16,5.11,472200.0,5.1,11300,5.11,486000,-0.97,5.11,5.11,472200,2410000.0,0.04,0.0,62.0,71.42,5.42,4.9,0.0
远方信息,sz300306,13.42,13.6,13.42,8000.0,13.41,3000,13.42,500,-1.32,13.42,13.42,8000,110000.0,0.01,0.0,21.15,36.09,16.32,10.88,0.0
昇辉科技,sz300423,11.09,11.22,11.09,683000.0,11.09,23700,11.1,43500,-1.16,11.09,11.09,683000,7570000.0,0.2,0.0,36.97,55.17,13.46,8.98,0.0
百傲化学,sh603360,26.6,27.33,26.6,272400.0,26.58,300,26.6,14500,-2.67,26.6,26.6,272400,7250000.0,0.04,0.0,187.86,187.86,30.06,24.6,0.0
*ST铖昌,sz001270,115.11,120.39,115.11,360300.0,115.11,7000,115.39,100,-4.39,115.11,115.11,360300,41480000.0,0.18,0.0,234.25,237.26,126.41,114.37,0.0
顶固集创,sz300749,31.9,31.5,31.9,167400.0,31.8,300,31.9,25100,1.27,31.9,31.9,167400,5340000.0,0.11,0.0,50.21,65.45,37.8,25.2,0.0
科思股份,sz300856,13.38,13.44,13.38,49300.0,13.31,1800,13.38,6800,-0.45,13.38,13.38,49300,660000.0,0.01,0.0,61.51,63.65,16.13,10.75,0.0
三羊马,sz001317,49.5,50.51,49.5,22700.0,49.5,1100,49.76,9500,-2.0,49.5,49.5,22700,1120000.0,0.03,0.0,42.31,42.36,55.56,45.46,0.0
新大洲A,sz000571,7.45,7.45,7.45,268200.0,7.44,21200,7.45,30300,0.0,7.45,7.45,268200,2000000.0,0.03,0.0,60.64,62.52,8.2,6.71,0.0
高乐股份,sz002348,8.31,8.23,8.31,263000.0,8.31,108600,8.32,12900,0.97,8.31,8.31,263000,2190000.0,0.03,0.0,75.08,78.71,9.05,7.41,0.0
三维通信,sz002115,13.31,13.6,13.31,637100.0,13.3,184300,13.31,4000,-2.13,13.31,13.31,637100,8480000.0,0.08,0.0,100.12,107.94,14.96,12.24,0.0
汉仪股份,sz301270,35.93,36.75,35.93,44700.0,35.9,2200,35.93,9100,-2.23,35.93,35.93,44700,1610000.0,0.05,0.0,33.95,35.93,44.1,29.4,0.0
西安饮食,sz000721,8.36,8.43,8.36,46800.0,8.36,25000,8.37,9700,-0.83,8.36,8.36,46800,390000.0,0.01,0.0,42.83,47.98,9.27,7.59,0.0
盟升电子,sh688311,45.51,46.22,45.51,2890300.0,45.5,4400,45.51,10500,-1.54,45.51,45.51,2890300,1320000.0,0.02,0.0,76.42,76.42,55.46,36.98,0.0
国机精工,sz002046,50.19,52.06,50.19,256000.0,50.19,5100,50.25,400,-3.59,50.19,50.19,256000,12850000.0,0.05,0.0,265.4,269.15,57.27,46.85,0.0
航天软件,sh688562,20.7,20.94,20.7,1877500.0,20.65,200,20.7,5300,-1.15,20.7,20.7,1877500,390000.0,0.01,0.0,35.82,82.8,25.13,16.75,0.0
田野股份,bj920023,4.34,4.4,4.34,102800.0,4.33,6200,4.34,13400,-1.36,4.34,4.34,102800,446300.0,0.04,0.0,11.67,14.2,5.72,3.08,0.0
海伦钢琴,sz300329,14.01,14.11,14.01,9900.0,14.01,3600,14.02,2000,-0.71,14.01,14.01,9900,140000.0,0.0,0.0,35.32,35.43,16.93,11.29,0.0
中央商场,sh600280,3.47,3.51,3.47,296200.0,3.47,32300,3.48,34100,-1.14,3.47,3.47,296200,1030000.0,0.03,0.0,39.15,39.15,3.86,3.16,0.0
航天科技,sz000901,25.07,25.49,25.07,200400.0,25.06,1400,25.07,8200,-1.65,25.07,25.07,200400,5020000.0,0.03,0.0,200.11,200.11,28.04,22.94,0.0
欢乐家,sz300997,21.1,21.52,21.1,46300.0,21.1,200,21.4,4600,-1.95,21.1,21.1,46300,980000.0,0.01,0.0,81.45,92.31,25.82,17.22,0.0
渤海汽车,sh600960,5.65,5.8,5.65,283200.0,5.65,70200,5.66,1200,-2.59,5.65,5.65,283200,1600000.0,0.03,0.0,53.7,53.7,6.38,5.22,0.0
三友科技,bj920475,15.62,15.8,15.62,2300.0,15.62,900,15.79,900,-1.14,15.62,15.62,2300,35100.0,0.01,0.0,6.56,15.79,20.54,11.06,0.0
古鳌科技,sz300551,19.01,19.42,19.01,58700.0,19.01,4400,19.02,1400,-2.11,19.01,19.01,58700,1120000.0,0.02,0.0,64.46,64.65,23.3,15.54,0.0
庄园牧场,sz002910,12.07,12.22,12.07,93100.0,12.07,3600,12.12,2700,-1.23,12.07,12.07,93100,1120000.0,0.05,0.0,20.65,23.6,13.44,11.0,0.0
世联行,sz002285,2.85,2.88,2.85,688700.0,2.84,116300,2.85,108500,-1.04,2.85,2.85,688700,1960000.0,0.03,0.0,56.31,56.8,3.17,2.59,0.0
斯瑞新材,sh688102,41.5,43.42,41.5,22508500.0,41.5,500,42.5,1100,-4.42,41.5,41.5,22508500,9340000.0,0.03,0.0,304.5,321.82,52.1,34.74,0.0
国博电子,sh688375,111.01,113.69,111.01,3258900.0,111.01,400,111.19,500,-2.36,111.01,111.01,3258900,3620000.0,0.01,0.0,661.64,661.64,136.43,90.95,0.0
茂业商业,sh600828,6.27,6.4,6.27,1013600.0,6.26,7800,6.27,43900,-2.03,6.27,6.27,1013600,6360000.0,0.06,0.0,108.56,108.6,7.04,5.76,0.0
王子新材,sz002735,17.13,17.3,17.13,186200.0,17.11,3600,17.13,19000,-0.98,17.13,17.13,186200,3190000.0,0.07,0.0,48.04,65.44,19.03,15.57,0.0
大连友谊,sz000679,7.21,7.32,7.21,68100.0,7.2,20100,7.21,5400,-1.5,7.21,7.21,68100,490000.0,0.02,0.0,25.7,25.7,8.05,6.59,0.0
福事特,sz301446,43.22,43.18,43.22,9800.0,42.17,300,43.22,300,0.09,43.22,43.22,9800,420000.0,0.03,0.0,13.73,44.95,51.82,34.54,0.0
利群股份,sh601366,4.54,4.58,4.54,189100.0,4.53,71400,4.54,48500,-0.87,4.54,4.54,189100,860000.0,0.02,0.0,42.36,42.36,5.04,4.12,0.0
崧盛股份,sz301002,41.41,42.23,41.41,15300.0,41.41,1300,41.5,3000,-1.94,41.41,41.41,15300,630000.0,0.02,0.0,35.19,55.88,50.68,33.78,0.0
润普食品,bj920422,12.6,12.71,12.6,15300.0,12.56,4200,12.6,2400,-0.87,12.6,12.6,15300,192800.0,0.02,0.0,8.34,11.15,16.52,8.9,0.0
科创新材,bj920580,15.58,15.58,15.58,40100.0,15.58,600,15.6,42200,0.0,15.58,15.58,40100,625400.0,0.08,0.0,7.86,13.4,20.25,10.91,0.0
航天智装,sz300455,25.0,25.66,25.0,152700.0,25.0,7200,25.06,2100,-2.57,25.0,25.0,152700,3820000.0,0.02,0.0,177.16,179.44,30.79,20.53,0.0
西测测试,sz301306,98.5,100.53,98.5,19800.0,98.5,100,98.52,500,-2.02,98.5,98.5,19800,1950000.0,0.03,0.0,57.43,83.13,120.64,80.42,0.0
凯瑞德,sz002072,7.66,7.66,7.66,16700.0,7.6,5700,7.66,1800,0.0,7.66,7.66,16700,130000.0,0.0,0.0,28.15,28.16,8.43,6.89,0.0
莱克电气,sh603355,33.53,33.53,33.53,28200.0,33.53,10100,33.55,100,0.0,33.53,33.53,28200,950000.0,0.0,0.0,192.26,192.26,36.88,30.18,0.0
九牧王,sh601566,11.0,11.15,11.0,62600.0,11.0,23200,11.05,5500,-1.35,11.0,11.0,62600,690000.0,0.01,0.0,63.21,63.21,12.27,10.04,0.0
金钟股份,sz301133,38.66,38.65,38.66,7900.0,38.65,2200,38.66,500,0.03,38.66,38.66,7900,310000.0,0.01,0.0,42.97,46.96,46.38,30.92,0.0
粤海饲料,sz001313,7.49,7.53,7.49,158800.0,7.49,12700,7.5,1000,-0.53,7.49,7.49,158800,1190000.0,0.02,0.0,52.36,52.43,8.28,6.78,0.0
震有科技,sh688418,40.65,41.3,40.65,1830000.0,40.65,300,40.68,21200,-1.57,40.65,40.65,1830000,740000.0,0.01,0.0,78.27,78.27,49.56,33.04,0.0
通宇通讯,sz002792,42.43,43.9,42.43,403000.0,42.42,2300,42.43,5600,-3.35,42.43,42.43,403000,17100000.0,0.12,0.0,143.34,222.26,48.29,39.51,0.0
ST思科瑞,sh688053,38.9,40.17,38.9,3110100.0,38.88,400,38.9,15600,-3.16,38.9,38.9,3110100,1210000.0,0.03,0.0,38.9,38.9,48.2,32.14,0.0
银河电子,sz002519,8.67,8.87,8.67,873400.0,8.67,22000,8.68,253100,-2.25,8.67,8.67,873400,7570000.0,0.08,0.0,97.0,97.66,9.76,7.98,0.0
景业智能,sh688290,51.74,53.21,51.74,2160000.0,51.74,400,53.5,200,-2.76,51.74,51.74,2160000,1120000.0,0.02,0.0,52.87,52.87,63.85,42.57,0.0
上海沪工,sh603131,23.31,23.76,23.31,77300.0,23.31,3800,23.32,500,-1.89,23.31,23.31,77300,1800000.0,0.02,0.0,78.53,78.53,26.14,21.38,0.0
皮阿诺,sz002853,28.36,28.85,28.36,8700.0,28.3,300,28.5,200,-1.7,28.36,28.36,8700,250000.0,0.01,0.0,36.5,51.87,31.74,25.97,0.0
国机重装,sh601399,5.06,5.06,5.06,472600.0,5.06,34400,5.07,166600,0.0,5.06,5.06,472600,2390000.0,0.01,0.0,365.01,365.01,5.57,4.55,0.0
莱赛激光,bj920363,18.61,18.53,18.61,6700.0,18.61,1100,18.68,1000,0.43,18.61,18.61,6700,123800.00000000001,0.01,0.0,9.51,17.76,24.08,12.98,0.0
威帝股份,sh603023,5.23,5.19,5.23,207700.0,5.22,2200,5.23,4900,0.77,5.23,5.23,207700,1090000.0,0.04,0.0,29.19,29.19,5.71,4.67,0.0
冰山冷热,sz000530,6.44,6.53,6.44,83700.0,6.44,9800,6.45,3500,-1.38,6.44,6.44,83700,540000.0,0.01,0.0,38.64,54.3,7.18,5.88,0.0
科达自控,bj920932,17.75,17.74,17.75,10300.0,17.73,8300,17.75,6300,0.06,17.75,17.75,10300,183299.99999999997,0.01,0.0,15.41,18.7,23.06,12.42,0.0
南京商旅,sh600250,11.09,11.2,11.09,170300.0,11.09,34400,11.12,2400,-0.98,11.09,11.09,170300,1890000.0,0.05,0.0,34.69,34.69,12.32,10.08,0.0
航天晨光,sh600501,25.61,25.96,25.61,57500.0,25.6,7500,25.61,5600,-1.35,25.61,25.61,57500,1470000.0,0.01,0.0,109.57,109.57,28.56,23.36,0.0
德联集团,sz002666,5.8,5.88,5.8,142000.0,5.79,8000,5.8,1800,-1.36,5.8,5.8,142000,820000.0,0.03,0.0,29.04,45.7,6.47,5.29,0.0
航天电子,sh600879,25.59,26.14,25.59,2045300.0,25.58,11800,25.59,238800,-2.1,25.59,25.59,2045300,52340000.0,0.06,0.0,844.29,844.29,28.75,23.53,0.0
东箭科技,sz300978,12.31,12.42,12.31,49200.0,12.31,11000,12.35,1400,-0.89,12.31,12.31,49200,610000.0,0.03,0.0,23.54,52.03,14.9,9.94,0.0
瑞星股份,bj920717,11.45,10.94,11.45,195400.0,11.42,5000,11.45,51600,4.66,11.45,11.45,195400,2236800.0,0.44,0.0,5.07,13.13,14.22,7.66,0.0
中国卫通,sh601698,36.5,37.3,36.5,729500.0,36.49,1100,36.5,97400,-2.14,36.5,36.5,729500,26630000.0,0.02,0.0,1541.9,1541.9,41.03,33.57,0.0
红旗连锁,sz002697,5.65,5.71,5.65,438000.0,5.65,61800,5.66,202300,-1.05,5.65,5.65,438000,2470000.0,0.04,0.0,64.69,76.84,6.28,5.14,0.0
*ST立方,sz300344,1.87,1.87,0.0,0.0,0.0,0,0.0,0,0.0,0.0,0.0,0,0.0,0.0,0.0,11.97,12.0,2.24,1.5,0.0
上海瀚讯,sz300762,37.8,39.05,37.8,408400.0,37.77,1100,37.8,70800,-3.2,37.8,37.8,408400,15440000.0,0.07,0.0,237.37,237.37,46.86,31.24,0.0
中超控股,sz002471,8.95,9.13,8.95,4747700.0,8.95,361700,8.96,29200,-1.97,8.95,8.95,4747700,42490000.0,0.35,0.0,120.16,122.5,10.04,8.22,0.0
大鹏工业,bj920091,60.1,60.09,60.1,4300.0,60.1,900,60.11,200,0.02,60.1,60.1,4300,259600.0,0.03,0.0,8.17,36.94,78.11,42.07,0.0
佳缘科技,sz301117,53.86,55.79,53.86,78500.0,53.86,1700,54.0,6300,-3.46,53.86,53.86,78500,4230000.0,0.1,0.0,42.79,69.57,66.95,44.63,0.0
海王生物,sz000078,3.31,3.36,3.31,319600.0,3.31,201300,3.32,120100,-1.49,3.31,3.31,319600,1060000.0,0.01,0.0,86.94,87.09,3.7,3.02,0.0
华体科技,sh603679,14.9,15.16,14.9,38200.0,14.88,1000,14.9,43800,-1.72,14.9,14.9,38200,570000.0,0.02,0.0,24.93,24.93,16.68,13.64,0.0
天银机电,sz300342,41.2,42.62,41.2,338200.0,41.2,10600,41.22,300,-3.33,41.2,41.2,338200,13930000.0,0.08,0.0,172.55,175.11,51.14,34.1,0.0
陕西华达,sz301517,59.79,60.81,59.79,25400.0,59.68,500,59.79,1500,-1.68,59.79,59.79,25400,1520000.0,0.03,0.0,58.69,90.42,72.97,48.65,0.0
曲江文旅,sh600706,10.2,10.3,10.2,37300.0,10.2,5100,10.22,500,-0.97,10.2,10.2,37300,380000.0,0.01,0.0,25.91,26.02,11.33,9.27,0.0
渤海化学,sh600800,5.17,5.09,5.17,2373400.0,5.17,5200,5.18,42100,1.57,5.17,5.17,2373400,12270000.0,0.21,0.0,57.37,57.39,5.6,4.58,0.0
珠江股份,sh600684,4.96,5.09,4.96,259400.0,4.96,21000,4.97,44100,-2.55,4.96,4.96,259400,1290000.0,0.03,0.0,42.33,54.86,5.6,4.58,0.0
航天机电,sh600151,14.2,14.51,14.2,314700.0,14.2,200,14.21,800,-2.14,14.2,14.2,314700,4470000.0,0.02,0.0,203.66,203.66,15.96,13.06,0.0
恒盛能源,sh605580,23.0,23.4,23.0,51000.0,23.0,1100,23.02,1600,-1.71,23.0,23.0,51000,1170000.0,0.02,0.0,64.4,64.4,25.74,21.06,0.0
中国高科,sh600730,9.65,9.88,9.65,92600.0,9.65,21200,9.7,900,-2.33,9.65,9.65,92600,890000.0,0.02,0.0,56.61,56.61,10.87,8.89,0.0
钧达股份,sz002865,87.33,92.0,87.33,412500.0,87.33,22700,87.4,100,-5.08,87.33,87.33,412500,36030000.0,0.18,0.0,196.38,271.83,101.2,82.8,0.0
顺灏股份,sz002565,13.89,14.22,13.89,509100.0,13.88,78400,13.9,23000,-2.32,13.89,13.89,509100,7070000.0,0.05,0.0,147.23,147.23,15.64,12.8,0.0
星辰科技,bj920885,22.6,23.02,22.6,38100.0,22.6,6000,22.63,2000,-1.82,22.6,22.6,38100,861700.0,0.04,0.0,20.0,38.61,29.92,16.12,0.0
博纳影业,sz001330,7.85,7.96,7.85,963700.0,7.84,50800,7.85,9900,-1.38,7.85,7.85,963700,7570000.0,0.07,0.0,107.9,107.9,8.76,7.16,0.0
久之洋,sz300516,65.72,66.8,65.72,22000.0,65.69,100,65.72,1900,-1.62,65.72,65.72,22000,1450000.0,0.01,0.0,118.3,118.3,80.16,53.44,0.0
禾信仪器,sh688622,82.0,85.99,82.0,3996400.0,82.0,1200,83.0,700,-4.64,82.0,82.0,3996400,3280000.0,0.06,0.0,57.73,57.78,103.19,68.79,0.0
*ST长药,sz300391,0.92,0.92,0.0,0.0,0.0,0,0.0,0,0.0,0.0,0.0,0,0.0,0.0,0.0,3.22,3.22,1.1,0.74,0.0
天玑科技,sz300245,12.21,12.4,12.21,44900.0,12.21,2600,12.34,500,-1.53,12.21,12.21,44900,550000.0,0.01,0.0,37.16,37.25,14.88,9.92,0.0
汉鑫科技,bj920092,35.86,37.29,35.86,42300.0,35.86,4800,35.88,800,-3.83,35.86,35.86,42300,1518200.0,0.13,0.0,11.82,22.26,48.47,26.11,0.0
同大股份,sz300321,38.41,38.56,38.41,3700.0,38.41,6400,38.43,100,-0.39,38.41,38.41,3700,140000.0,0.0,0.0,34.07,34.11,46.27,30.85,0.0
ST福能,sz300173,4.61,4.69,4.61,261600.0,4.61,14300,4.62,14600,-1.71,4.61,4.61,261600,1210000.0,0.04,0.0,33.87,33.87,5.63,3.75,0.0
创识科技,sz300941,22.02,22.25,22.02,12300.0,22.01,900,22.02,2100,-1.03,22.02,22.02,12300,270000.0,0.01,0.0,23.4,45.09,26.7,17.8,0.0
誉帆科技,sz001396,49.74,50.47,49.74,53100.0,49.74,7100,49.87,300,-1.45,49.74,49.74,53100,2640000.0,0.24,0.0,11.05,53.17,55.52,45.42,0.0
双欣材料,sz001369,15.22,15.06,15.22,249800.0,15.21,5500,15.22,9400,1.06,15.22,15.22,249800,3800000.0,0.12,0.0,30.6,174.57,16.57,13.55,0.0
江天科技,bj920121,39.77,39.84,39.77,800.0,39.61,500,39.77,1100,-0.18,39.77,39.77,800,29900.000000000004,0.01,0.0,4.73,26.28,51.79,27.89,0.0
蘅东光,bj920045,335.2,351.8,335.2,33800.0,335.2,1000,335.9,100,-4.72,335.2,335.2,33800,11322700.0,0.17,0.0,67.47,228.18,457.34,246.26,0.0
强一股份,sh688809,360.11,376.09,360.11,5394700.0,360.11,0,366.86,400,-4.25,360.11,360.11,5394700,19430000.0,0.22,0.0,87.7,466.56,451.31,300.87,0.0
健信超导,sh688805,44.89,45.31,44.89,385700.0,44.81,1000,44.89,200,-0.93,44.89,44.89,385700,170000.0,0.01,0.0,14.15,75.27,54.37,36.25,0.0
陕西旅游,sh603402,136.78,138.63,136.78,13400.0,136.66,100,136.78,100,-1.33,136.78,136.78,13400,1830000.0,0.07,0.0,26.44,105.78,152.49,124.77,0.0
新广益,sz301687,58.65,60.01,58.65,29200.0,58.6,100,58.65,2200,-2.27,58.65,58.65,29200,1710000.0,0.1,0.0,17.32,86.14,72.01,48.01,0.0
至信股份,sh603352,39.32,39.96,39.32,29900.0,39.3,700,39.32,1900,-1.6,39.32,39.32,29900,1180000.0,0.07,0.0,17.47,89.13,43.96,35.96,0.0
科马材料,bj920086,31.5,31.64,31.5,2500.0,31.35,100,31.5,3800,-0.44,31.5,31.5,2500,79000.0,0.01,0.0,8.42,26.36,41.13,22.15,0.0
国亮新材,bj920076,22.97,23.16,22.97,6200.0,22.97,1100,23.15,1100,-0.82,22.97,22.97,6200,141900.0,0.03,0.0,4.54,19.21,30.1,16.22,0.0
爱舍伦,bj920050,35.59,35.65,35.59,500.0,35.4,300,35.6,100,-0.17,35.59,35.59,500,17800.0,0.0,0.0,6.44,24.09,46.34,24.96,0.0
农大科技,bj920159,50.0,47.25,50.0,159000.0,49.99,1000,50.0,23700,5.82,50.0,50.0,159000,7950400.0,1.1,0.0,7.2,38.0,61.42,33.08,0.0
恒运昌,sh688785,311.08,320.13,311.08,939000.0,310.23,300,311.08,100,-2.83,311.08,311.08,939000,2920000.0,0.07,0.0,39.59,210.61,384.16,256.1,0.0
美德乐,bj920119,95.8,96.73,95.8,17600.0,95.71,400,95.8,200,-0.96,95.8,95.8,17600,1682200.0,0.12,0.0,13.8,69.09,125.74,67.72,0.0
振石股份,sh601112,19.27,19.62,19.27,133600.0,19.27,7500,19.29,100,-1.78,19.27,19.27,133600,2570000.0,0.08,0.0,34.16,335.37,21.58,17.66,0.0
世盟股份,sz001220,41.0,41.4,41.0,35500.0,41.0,2300,41.01,100,-0.97,41.0,41.0,35500,1460000.0,0.16,0.0,9.27,37.84,45.54,37.26,0.0
北芯生命-U,sh688712,39.0,39.87,39.0,5512000.0,38.97,2000,39.0,11900,-2.18,39.0,39.0,5512000,2150000.0,0.15,0.0,14.47,162.63,47.84,31.9,0.0
爱得科技,bj920180,18.48,18.75,18.48,30100.0,18.48,1900,18.49,5000,-1.44,18.48,18.48,30100,556800.0,0.11,0.0,4.91,21.83,24.37,13.13,0.0
林平发展,sh603284,47.51,48.32,47.51,43800.0,47.51,800,47.6,11100,-1.68,47.51,47.51,43800,2080000.0,0.24,0.0,8.78,35.83,53.15,43.49,0.0
电科蓝天,sh688818,60.0,62.07,60.0,48201000.0,60.0,89200,60.07,300,-3.33,60.0,60.0,48201000,28920000.0,0.37,0.0,79.21,1042.15,74.48,49.66,0.0
易思维,sh688816,65.2,67.45,65.2,7047700.0,65.2,3300,65.28,300,-3.34,65.2,65.2,7047700,4600000.0,0.37,0.0,12.57,65.2,80.94,53.96,0.0
海圣医疗,bj920166,29.0,29.98,29.0,66100.0,28.99,200,29.0,25100,-3.27,29.0,29.0,66100,1915800.0000000002,0.28,0.0,6.89,21.84,38.97,20.99,0.0
通宝光电,bj920168,23.8,24.24,23.8,76100.0,23.75,400,23.8,17500,-1.82,23.8,23.8,76100,1810400.0,0.27,0.0,6.71,17.89,31.51,16.97,0.0
海菲曼,bj920183,44.6,45.3,44.6,49600.0,44.6,100,44.65,100,-1.55,44.6,44.6,49600,2212900.0,0.44,0.0,5.02,21.83,58.89,31.71,0.0
通领科技,bj920187,38.3,39.08,38.3,82000.0,38.3,7300,38.34,500,-2.0,38.3,38.3,82000,3141300.0,0.39,0.0,8.03,23.9,50.8,27.36,0.0
C固德电材,sz301680,115.87,126.71,115.87,260700.0,115.8,500,115.87,200,-8.55,115.87,115.87,260700,30210000.0,1.55,0.0,19.47,95.94,-1.0,-1.0,0.0
N觅睿,bj920036,48.8,21.52,48.8,335300.0,48.8,61600,48.81,500,126.77,48.8,48.8,335300,16362600.0,2.57,0.0,6.37,26.56,-1.0,-1.0,0.0
