name,code,now,close,open,volume,bid1,bid1_volume,ask1,ask1_volume,涨跌(%),high,low,成交量(手),成交额(万),turnover,振幅,流通市值,总市值,涨停价,跌停价,量比
纳百川,sz301667,70.61,69.85,70.61,12900.0,70.2,300,70.61,400,1.09,70.61,70.61,12900,910000.0,0.05,0.0,16.76,78.85,83.82,55.88,0.0
锡华科技,sh603248,18.96,18.96,18.96,18100.0,18.96,3600,19.03,1100,0.0,18.96,18.96,18100,340000.0,0.03,0.0,13.56,87.22,20.86,17.06,0.0
天溯计量,sz301449,39.0,39.19,39.0,1100.0,38.92,300,39.0,1700,-0.48,39.0,39.0,1100,40000.0,0.01,0.0,8.01,35.61,47.03,31.35,0.0
美埃科技,sh688376,74.36,74.38,74.36,1149100.0,74.01,200,74.36,8600,-0.03,74.36,74.36,1149100,850000.0,0.01,0.0,100.57,100.57,89.26,59.5,0.0
同飞股份,sz300990,78.2,78.2,78.2,14900.0,78.01,400,78.2,20400,0.0,78.2,78.2,14900,1170000.0,0.02,0.0,60.81,133.89,93.84,62.56,0.0
中光防雷,sz300414,11.73,11.79,11.73,17100.0,11.73,2600,11.75,100,-0.51,11.73,11.73,17100,200000.0,0.01,0.0,37.03,38.24,14.15,9.43,0.0
苏州天脉,sz301626,308.0,307.08,308.0,67100.0,307.99,500,308.0,12700,0.3,308.0,308.0,67100,20670000.0,0.13,0.0,162.07,356.29,368.5,245.66,0.0
名家汇,sz300506,5.75,5.64,5.75,909400.0,5.75,32600,5.76,71600,1.95,5.75,5.75,909400,5230000.0,0.12,0.0,42.25,81.97,6.77,4.51,0.0
森赫股份,sz301056,11.51,11.57,11.51,25500.0,11.51,1900,11.6,2800,-0.52,11.51,11.51,25500,290000.0,0.01,0.0,20.26,30.71,13.88,9.26,0.0
宏达电子,sz300726,57.38,57.5,57.38,55900.0,57.3,200,57.38,1100,-0.21,57.38,57.38,55900,3210000.0,0.03,0.0,123.04,236.31,69.0,46.0,0.0
宏源药业,sz301246,21.65,21.79,21.65,12300.0,21.62,3100,21.65,2900,-0.64,21.65,21.65,12300,270000.0,0.01,0.0,36.82,86.6,26.15,17.43,0.0
华盛锂电,sh688353,107.37,108.3,107.37,3327600.0,107.01,1200,107.37,1800,-0.86,107.37,107.37,3327600,3570000.0,0.02,0.0,171.26,171.26,129.96,86.64,0.0
鼎泰高科,sz301377,463.01,462.9,463.01,15000.0,463.01,300,464.02,800,0.02,463.01,463.01,15000,6950000.0,0.02,0.0,457.74,1963.37,555.48,370.32,0.0
腾景科技,sh688195,171.0,167.99,171.0,9163500.0,170.66,1000,171.0,8500,1.79,171.0,171.0,9163500,15670000.0,0.05,0.0,309.66,309.66,201.59,134.39,0.0
珂玛科技,sz301611,109.12,109.09,109.12,40600.0,109.12,2800,109.18,400,0.03,109.12,109.12,40600,4430000.0,0.03,0.0,159.95,475.76,130.91,87.27,0.0
石药创新,sz300765,44.0,44.44,44.0,384200.0,43.8,4800,44.0,43100,-0.99,44.0,44.0,384200,16900000.0,0.03,0.0,618.02,618.02,53.33,35.55,0.0
安达智能,sh688125,132.0,133.0,132.0,660000.0,131.49,600,132.0,1000,-0.75,132.0,132.0,660000,870000.0,0.01,0.0,108.51,108.8,159.6,106.4,0.0
杰华特,sh688141,139.0,139.81,139.0,14035900.0,138.99,5000,139.0,16300,-0.58,139.0,139.0,14035900,19510000.0,0.03,0.0,625.95,625.95,167.77,111.85,0.0
铜冠铜箔,sz301217,129.85,132.22,129.85,254100.0,129.8,2800,129.85,38800,-1.79,129.85,129.85,254100,32990000.0,0.03,0.0,1076.48,1076.48,158.66,105.78,0.0
海科新源,sz301292,73.51,73.9,73.51,119900.0,73.51,26700,73.58,500,-0.53,73.51,73.51,119900,8810000.0,0.14,0.0,62.62,163.78,88.68,59.12,0.0
奕东电子,sz301123,82.29,81.2,82.29,105600.0,82.29,1200,82.36,200,1.34,82.29,82.29,105600,8690000.0,0.06,0.0,135.81,193.09,97.44,64.96,0.0
安通控股,sh600179,4.29,4.3,4.29,144800.0,4.28,61000,4.3,171400,-0.23,4.29,4.29,144800,620000.0,0.0,0.0,165.69,181.53,4.73,3.87,0.0
华联控股,sz000036,4.08,4.07,4.08,338600.0,4.07,12600,4.08,9000,0.25,4.08,4.08,338600,1380000.0,0.02,0.0,57.24,57.28,4.48,3.66,0.0
滨海能源,sz000695,14.08,14.09,14.08,26200.0,14.07,200,14.08,4300,-0.07,14.08,14.08,26200,370000.0,0.01,0.0,31.23,32.63,15.5,12.68,0.0
嘉美包装,sz002969,14.48,14.38,14.48,308300.0,14.48,1600,14.49,20200,0.7,14.48,14.48,308300,4460000.0,0.03,0.0,158.23,159.06,15.82,12.94,0.0
联发股份,sz002394,9.74,9.83,9.74,1600.0,9.74,4800,9.83,7800,-0.92,9.74,9.74,1600,20000.0,0.0,0.0,31.47,31.53,10.81,8.85,0.0
海汽集团,sh603069,13.25,13.25,13.25,8800.0,13.25,2100,13.32,4000,0.0,13.25,13.25,8800,120000.0,0.0,0.0,41.87,41.87,14.58,11.93,0.0
胜通能源,sz001331,49.31,49.38,49.31,47000.0,49.0,1600,49.31,0,-0.14,49.31,49.31,47000,2320000.0,0.02,0.0,140.94,201.8,54.32,44.44,0.0
海南瑞泽,sz002596,3.27,3.25,3.27,78600.0,3.25,3100,3.27,3400,0.62,3.27,3.27,78600,260000.0,0.01,0.0,37.49,37.53,3.58,2.93,0.0
多氟多,sz002407,39.21,39.19,39.21,1304300.0,39.21,53200,39.22,1400,0.05,39.21,39.21,1304300,51140000.0,0.12,0.0,423.83,466.77,43.11,35.27,0.0
章源钨业,sz002378,26.67,26.76,26.67,151500.0,26.66,5800,26.67,4800,-0.34,26.67,26.67,151500,4040000.0,0.01,0.0,318.74,320.42,29.44,24.08,0.0
神剑股份,sz002361,12.49,12.3,12.49,633700.0,12.47,500,12.49,23400,1.54,12.49,12.49,633700,7910000.0,0.08,0.0,101.05,118.78,13.53,11.07,0.0
圣晖集成,sh603163,91.21,91.56,91.21,23600.0,91.21,1100,91.3,100,-0.38,91.21,91.21,23600,2150000.0,0.02,0.0,91.21,91.21,100.72,82.4,0.0
万润股份,sz002643,14.59,14.63,14.59,146800.0,14.58,7600,14.59,8300,-0.27,14.59,14.59,146800,2140000.0,0.02,0.0,131.63,133.63,16.09,13.17,0.0
快克智能,sh603203,46.51,46.6,46.51,23800.0,46.5,1200,46.51,4100,-0.19,46.51,46.51,23800,1110000.0,0.01,0.0,151.73,153.49,51.26,41.94,0.0
海南发展,sz002163,8.41,8.38,8.41,57600.0,8.4,3600,8.41,1000,0.36,8.41,8.41,57600,480000.0,0.01,0.0,67.58,71.06,9.22,7.54,0.0
宏和科技,sh603256,162.5,160.93,162.5,123400.0,162.49,500,162.5,10200,0.98,162.5,162.5,123400,20050000.0,0.01,0.0,1429.56,1469.95,177.02,144.84,0.0
亚翔集成,sh603929,188.0,178.97,188.0,300600.0,187.92,600,188.0,2900,5.05,188.0,188.0,300600,56510000.0,0.14,0.0,401.12,401.12,196.87,161.07,0.0
世嘉科技,sz002796,32.38,32.37,32.38,11000.0,32.37,400,32.38,1500,0.03,32.38,32.38,11000,360000.0,0.0,0.0,73.73,81.72,35.61,29.13,0.0
深圳新星,sh603978,19.89,19.8,19.89,27100.0,19.87,300,19.89,600,0.45,19.89,19.89,27100,540000.0,0.01,0.0,41.99,41.99,21.78,17.82,0.0
友邦吊顶,sz002718,91.17,91.18,91.17,3500.0,90.12,100,91.17,100,-0.01,91.17,91.17,3500,320000.0,0.0,0.0,85.68,118.02,100.3,82.06,0.0
九鼎新材,sz002201,8.6,8.52,8.6,62100.0,8.56,200,8.6,17300,0.94,8.6,8.6,62100,530000.0,0.01,0.0,51.77,56.04,9.37,7.67,0.0
国风新材,sz000859,9.62,9.71,9.62,326800.0,9.62,24900,9.63,1600,-0.93,9.62,9.62,326800,3140000.0,0.04,0.0,86.19,86.19,10.68,8.74,0.0
ST天际,sz002759,18.7,19.13,18.7,276200.0,18.7,110600,18.8,8500,-2.25,18.7,18.7,276200,5160000.0,0.06,0.0,93.68,93.76,21.04,17.22,0.0
东材科技,sh601208,49.58,49.6,49.58,429100.0,49.55,19000,49.58,2400,-0.04,49.58,49.58,429100,21270000.0,0.04,0.0,500.85,500.85,54.56,44.64,0.0
三孚股份,sh603938,46.01,45.97,46.01,94700.0,46.01,7600,46.02,100,0.09,46.01,46.01,94700,4360000.0,0.02,0.0,176.05,176.05,50.57,41.37,0.0
航天工程,sh603698,24.42,24.44,24.42,63700.0,24.41,100,24.42,11100,-0.08,24.42,24.42,63700,1560000.0,0.01,0.0,130.89,130.89,26.88,22.0,0.0
翔鹭钨业,sz002842,40.95,40.43,40.95,349400.0,40.93,200,40.95,3800,1.29,40.95,40.95,349400,14310000.0,0.13,0.0,109.94,133.98,44.47,36.39,0.0
天赐材料,sz002709,40.05,40.04,40.05,249800.0,40.04,4700,40.05,44900,0.02,40.05,40.05,249800,10000000.0,0.02,0.0,604.36,816.44,44.04,36.04,0.0
安记食品,sh603696,14.3,14.55,14.3,296700.0,14.29,1000,14.3,8900,-1.72,14.3,14.3,296700,4240000.0,0.13,0.0,33.63,33.63,16.01,13.1,0.0
柏诚股份,sh601133,28.3,28.38,28.3,78500.0,28.29,200,28.3,11000,-0.28,28.3,28.3,78500,2220000.0,0.01,0.0,148.4,148.92,31.22,25.54,0.0
德尔未来,sz002631,9.18,9.16,9.18,132400.0,9.18,1300,9.2,3200,0.22,9.18,9.18,132400,1220000.0,0.02,0.0,72.85,73.19,10.08,8.24,0.0
创元科技,sz000551,14.72,15.51,14.72,1028600.0,14.71,3800,14.72,10200,-5.09,14.72,14.72,1028600,15140000.0,0.21,0.0,71.3,71.35,17.06,13.96,0.0
浔兴股份,sz002098,7.17,7.16,7.17,8900.0,7.17,3000,7.18,1100,0.14,7.17,7.17,8900,60000.0,0.0,0.0,25.67,25.67,7.88,6.44,0.0
合兴包装,sz002228,3.15,3.15,3.15,76500.0,3.13,9600,3.15,64000,0.0,3.15,3.15,76500,240000.0,0.01,0.0,38.09,38.22,3.47,2.84,0.0
神农种业,sz300189,5.37,5.19,5.37,7334600.0,5.37,1179200,5.38,59100,3.47,5.37,5.37,7334600,39390000.0,0.83,0.0,47.59,54.99,6.23,4.15,0.0
南宁百货,sh600712,5.47,5.45,5.47,48300.0,5.45,7700,5.47,22700,0.37,5.47,5.47,48300,260000.0,0.01,0.0,29.46,29.79,6.0,4.91,0.0
集泰股份,sz002909,5.23,5.26,5.23,17200.0,5.23,19300,5.25,10000,-0.57,5.23,5.23,17200,90000.0,0.0,0.0,19.89,20.4,5.79,4.73,0.0
鹏辉能源,sz300438,65.89,65.51,65.89,75000.0,65.89,8100,65.9,700,0.58,65.89,65.89,75000,4940000.0,0.02,0.0,266.3,331.65,78.61,52.41,0.0
大中矿业,sz001203,27.94,27.94,27.94,32400.0,27.91,800,27.94,1700,0.0,27.94,27.94,32400,910000.0,0.0,0.0,364.88,428.34,30.73,25.15,0.0
菱电电控,sh688667,91.85,91.85,91.85,140000.0,91.85,100,92.22,400,0.0,91.85,91.85,140000,130000.0,0.0,0.0,48.4,48.4,110.22,73.48,0.0
海南海药,sz000566,5.45,5.46,5.45,426900.0,5.44,14700,5.45,257700,-0.18,5.45,5.45,426900,2330000.0,0.03,0.0,70.67,70.71,6.01,4.91,0.0
鲁信创投,sh600783,18.7,18.89,18.7,161600.0,18.7,20400,18.71,9500,-1.01,18.7,18.7,161600,3020000.0,0.02,0.0,139.2,139.2,20.78,17.0,0.0
鸿富瀚,sz301086,127.68,127.73,127.68,9000.0,127.68,900,128.03,2100,-0.04,127.68,127.68,9000,1150000.0,0.01,0.0,89.07,160.7,153.28,102.18,0.0
鹭燕医药,sz002788,11.65,11.68,11.65,25500.0,11.61,1500,11.65,700,-0.26,11.65,11.65,25500,300000.0,0.01,0.0,44.49,45.26,12.85,10.51,0.0
青鸟智控,sz002960,8.55,8.45,8.55,122900.0,8.55,5100,8.56,200,1.18,8.55,8.55,122900,1050000.0,0.01,0.0,82.8,90.09,9.3,7.61,0.0
和林微纳,sh688661,108.48,108.0,108.48,1663900.0,108.24,200,108.48,1600,0.44,108.48,108.48,1663900,1800000.0,0.01,0.0,164.77,164.77,129.6,86.4,0.0
联特科技,sz301205,303.2,304.08,303.2,25500.0,303.09,100,303.2,200,-0.29,303.2,303.2,25500,7730000.0,0.03,0.0,253.92,394.42,364.9,243.26,0.0
天华新能,sz300390,67.19,67.6,67.19,208800.0,67.12,500,67.19,5100,-0.61,67.19,67.19,208800,14030000.0,0.03,0.0,478.05,558.18,81.12,54.08,0.0
可川科技,sh603052,59.0,59.47,59.0,31800.0,59.0,3300,59.09,100,-0.79,59.0,59.0,31800,1880000.0,0.02,0.0,110.86,110.86,65.42,53.52,0.0
华康洁净,sz301235,56.14,51.15,56.14,421400.0,56.14,32700,56.19,300,9.76,56.14,56.14,421400,23660000.0,0.4,0.0,58.51,78.17,61.38,40.92,0.0
石大胜华,sh603026,68.72,68.78,68.72,23000.0,68.7,200,68.72,2100,-0.09,68.72,68.72,23000,1580000.0,0.01,0.0,159.91,159.91,75.66,61.9,0.0
天宏锂电,bj920252,16.0,15.93,16.0,3600.0,16.0,6900,16.08,300,0.44,16.0,16.0,3600,56800.0,0.01,0.0,10.92,16.42,20.7,11.16,0.0
华瑞股份,sz300626,33.87,33.86,33.87,20500.0,33.87,600,33.9,1000,0.03,33.87,33.87,20500,690000.0,0.01,0.0,60.93,60.97,40.63,27.09,0.0
京能电力,sh600578,5.88,5.92,5.88,738100.0,5.88,26800,5.89,2600,-0.68,5.88,5.88,738100,4340000.0,0.01,0.0,393.64,393.64,6.51,5.33,0.0
山东黄金,sh600547,30.4,30.1,30.4,613000.0,30.4,113400,30.41,4400,1.0,30.4,30.4,613000,18640000.0,0.02,0.0,1098.79,1401.42,33.11,27.09,0.0
同惠电子,bj920509,20.85,20.84,20.85,5300.0,20.84,600,20.85,600,0.05,20.85,20.85,5300,111300.00000000001,0.01,0.0,17.51,33.42,27.09,14.59,0.0
博威合金,sh601137,19.07,19.18,19.07,32100.0,19.05,100,19.07,4200,-0.57,19.07,19.07,32100,610000.0,0.0,0.0,175.09,175.09,21.1,17.26,0.0
四方达,sz300179,40.8,39.82,40.8,607100.0,40.8,2400,40.82,300,2.46,40.8,40.8,607100,24770000.0,0.16,0.0,152.58,198.18,47.78,31.86,0.0
海博思创,sh688411,214.12,214.04,214.12,350000.0,214.08,1200,214.12,700,0.04,214.12,214.12,350000,750000.0,0.0,0.0,283.87,390.67,256.85,171.23,0.0
天振股份,sz301356,20.05,20.06,20.05,4400.0,19.87,200,20.05,700,-0.05,20.05,20.05,4400,90000.0,0.0,0.0,25.4,43.31,24.07,16.05,0.0
艾可蓝,sz300816,54.5,54.0,54.5,7800.0,54.41,100,54.5,1700,0.93,54.5,54.5,7800,430000.0,0.01,0.0,31.81,43.6,64.8,43.2,0.0
富祥股份,sz300497,18.86,18.99,18.86,250100.0,18.85,51200,18.86,14600,-0.68,18.86,18.86,250100,4720000.0,0.05,0.0,86.05,101.59,22.79,15.19,0.0
云南锗业,sz002428,110.01,109.65,110.01,1656500.0,110.01,65400,110.02,200,0.33,110.01,110.01,1656500,182230000.0,0.25,0.0,718.4,718.5,120.62,98.69,0.0
中钨高新,sz000657,72.01,70.49,72.01,1280300.0,72.01,166700,72.02,100,2.16,72.01,72.01,1280300,92190000.0,0.09,0.0,1046.63,1640.82,77.54,63.44,0.0
泓禧科技,bj920857,20.8,20.79,0.0,0.0,20.8,1700,20.8,1700,0.05,0.0,0.0,0,0.0,0.0,0.0,15.39,15.39,27.02,14.56,0.0
盛剑科技,sh603324,30.5,29.93,30.5,36200.0,30.5,1800,30.59,500,1.9,30.5,30.5,36200,1100000.0,0.02,0.0,44.67,46.23,32.92,26.94,0.0
厦钨新能,sh688778,49.46,49.11,49.46,1375600.0,49.19,1000,49.46,2900,0.71,49.46,49.46,1375600,680000.0,0.0,0.0,249.62,249.62,58.93,39.29,0.0
湖南裕能,sz301358,72.6,72.6,72.6,131600.0,72.59,2000,72.6,24300,0.0,72.6,72.6,131600,9550000.0,0.02,0.0,554.9,615.45,87.12,58.08,0.0
万润新能,sh688275,86.0,86.0,86.0,1097200.0,86.0,100,86.01,200,0.0,86.0,86.0,1097200,940000.0,0.01,0.0,108.46,108.46,103.2,68.8,0.0
菲菱科思,sz301191,101.69,101.5,101.69,58800.0,101.69,1900,101.8,500,0.19,101.69,101.69,58800,5980000.0,0.08,0.0,74.29,98.53,121.8,81.2,0.0
英诺激光,sz301021,75.8,75.8,75.8,22900.0,75.75,4300,75.8,2200,0.0,75.8,75.8,22900,1740000.0,0.01,0.0,115.75,115.88,90.96,60.64,0.0
中材科技,sz002080,61.0,62.0,61.0,399100.0,61.0,38900,61.01,200,-1.61,61.0,61.0,399100,24340000.0,0.02,0.0,1023.66,1023.66,68.2,55.8,0.0
茂莱光学,sh688502,450.41,454.5,450.41,449800.0,450.41,2300,452.0,200,-0.9,450.41,450.41,449800,2030000.0,0.01,0.0,237.82,237.82,545.4,363.6,0.0
阿特斯,sh688472,10.38,10.42,10.38,5912400.0,10.37,21400,10.38,800,-0.38,10.38,10.38,5912400,610000.0,0.0,0.0,378.16,378.16,12.5,8.34,0.0
恩捷股份,sz002812,57.4,57.61,57.4,53600.0,57.38,2400,57.4,14100,-0.36,57.4,57.4,53600,3080000.0,0.01,0.0,472.18,563.28,63.37,51.85,0.0
荣亿精密,bj920223,11.11,11.15,11.11,6200.0,11.05,2100,11.11,500,-0.36,11.11,11.11,6200,69000.0,0.01,0.0,9.07,17.47,14.49,7.81,0.0
海峡股份,sz002320,6.56,6.54,6.56,49700.0,6.55,1500,6.56,17600,0.31,6.56,6.56,49700,330000.0,0.0,0.0,146.67,146.67,7.19,5.89,0.0
山东赫达,sz002810,21.09,21.17,21.09,27200.0,21.01,1100,21.09,100,-0.38,21.09,21.09,27200,570000.0,0.01,0.0,68.11,73.38,23.29,19.05,0.0
东百集团,sh600693,9.65,9.66,9.65,216200.0,9.65,5600,9.66,30900,-0.1,9.65,9.65,216200,2090000.0,0.02,0.0,83.85,83.94,10.63,8.69,0.0
海峡创新,sz300300,8.09,8.12,8.09,74700.0,8.07,16800,8.09,4100,-0.37,8.09,8.09,74700,600000.0,0.01,0.0,53.94,53.95,9.74,6.5,0.0
锦华新材,bj920015,43.08,43.19,43.08,2700.0,43.08,2900,43.2,1100,-0.25,43.08,43.08,2700,114300.0,0.01,0.0,17.24,58.4,56.14,30.24,0.0
同宇新材,sz301630,184.18,184.35,184.18,12000.0,184.18,1500,184.25,300,-0.09,184.18,184.18,12000,2210000.0,0.06,0.0,38.64,103.14,221.22,147.48,0.0
广钢气体,sh688548,41.26,41.5,41.26,14257100.0,41.25,5900,41.26,500,-0.58,41.26,41.26,14257100,5880000.0,0.01,0.0,544.38,544.38,49.8,33.2,0.0
马钢股份,sh600808,2.52,2.53,2.52,205900.0,2.51,78500,2.52,49900,-0.4,2.52,2.52,205900,520000.0,0.0,0.0,150.39,194.06,2.78,2.28,0.0
捷邦科技,sz301326,111.89,111.89,111.89,5800.0,111.88,8700,111.89,600,0.0,111.89,111.89,5800,650000.0,0.01,0.0,80.64,81.35,134.27,89.51,0.0
华资实业,sh600191,10.8,10.85,10.8,184300.0,10.78,14500,10.8,79300,-0.46,10.8,10.8,184300,1990000.0,0.04,0.0,52.37,52.37,11.94,9.77,0.0
永太科技,sz002326,20.91,20.91,20.91,457000.0,20.91,89100,20.92,600,0.0,20.91,20.91,457000,9560000.0,0.06,0.0,169.74,193.44,23.0,18.82,0.0
浩通科技,sz301026,23.24,23.59,23.24,249100.0,23.24,8600,23.32,600,-1.48,23.24,23.24,249100,5790000.0,0.16,0.0,37.19,51.5,28.31,18.87,0.0
申菱环境,sz301018,101.38,100.18,101.38,66900.0,101.2,10500,101.67,1000,1.2,101.38,101.38,66900,6780000.0,0.02,0.0,286.73,379.45,120.22,80.14,0.0
鼎胜新材,sh603876,22.8,22.81,22.8,71000.0,22.71,200,22.8,3900,-0.04,22.8,22.8,71000,1620000.0,0.01,0.0,211.87,211.87,25.09,20.53,0.0
英维克,sz002837,58.59,58.69,58.59,203000.0,58.58,600,58.59,800,-0.17,58.59,58.59,203000,11890000.0,0.02,0.0,662.34,746.64,64.56,52.82,0.0
赛恩斯,sh688480,82.05,82.58,82.05,51600.0,82.05,1100,83.0,200,-0.64,82.05,82.05,51600,40000.0,0.0,0.0,78.22,78.22,99.1,66.06,0.0
华光新材,sh688379,58.0,58.25,58.0,3461100.0,58.0,900,58.1,1000,-0.43,58.0,58.0,3461100,2010000.0,0.04,0.0,52.25,55.09,69.9,46.6,0.0
英特科技,sz301399,17.73,17.82,17.73,27700.0,17.73,200,17.82,600,-0.51,17.73,17.73,27700,490000.0,0.05,0.0,9.7,32.8,21.38,14.26,0.0
德力股份,sz002571,11.32,11.25,11.32,1600.0,11.25,1000,11.32,900,0.62,11.32,11.32,1600,20000.0,0.0,0.0,33.77,44.37,12.38,10.13,0.0
新疆火炬,sh603080,19.48,19.45,19.48,7000.0,19.47,1900,19.48,1700,0.15,19.48,19.48,7000,140000.0,0.0,0.0,27.56,27.56,21.4,17.51,0.0
漱玉平民,sz301017,13.83,13.9,13.83,37400.0,13.8,800,13.83,2700,-0.5,13.83,13.83,37400,520000.0,0.01,0.0,35.78,56.1,16.68,11.12,0.0
菲利华,sz300395,95.5,95.25,95.5,170700.0,95.5,2400,95.51,300,0.26,95.5,95.5,170700,16300000.0,0.03,0.0,489.48,502.07,114.3,76.2,0.0
新宙邦,sz300037,69.87,69.67,69.87,61600.0,69.87,5200,69.88,300,0.29,69.87,69.87,61600,4300000.0,0.01,0.0,382.03,526.74,83.6,55.74,0.0
恒坤新材,sh688727,51.99,52.11,51.99,816000.0,51.66,300,51.99,100,-0.23,51.99,51.99,816000,420000.0,0.02,0.0,28.09,233.6,62.53,41.69,0.0
国城矿业,sz000688,32.14,32.13,32.14,43500.0,32.14,22900,32.17,700,0.03,32.14,32.14,43500,1400000.0,0.0,0.0,380.88,380.88,35.34,28.92,0.0
沃尔德,sh688028,96.0,96.05,96.0,3885400.0,95.84,200,96.0,7000,-0.05,96.0,96.0,3885400,3730000.0,0.03,0.0,144.91,144.91,115.26,76.84,0.0
德福科技,sz301511,102.0,101.0,102.0,151600.0,101.99,100,102.0,2500,0.99,102.0,102.0,151600,15460000.0,0.04,0.0,406.62,642.93,121.2,80.8,0.0
艾森股份,sh688720,72.5,72.69,72.5,1681200.0,72.0,200,72.5,2500,-0.26,72.5,72.5,1681200,1220000.0,0.02,0.0,56.69,88.91,87.23,58.15,0.0
康芝药业,sz300086,6.96,6.87,6.96,74600.0,6.93,9200,6.96,7900,1.31,6.96,6.96,74600,520000.0,0.02,0.0,30.67,31.68,8.24,5.5,0.0
盛屯矿业,sh600711,11.88,12.04,11.88,1014500.0,11.88,12100,11.89,39600,-1.33,11.88,11.88,1014500,12050000.0,0.03,0.0,367.16,367.16,13.24,10.84,0.0
新莱应材,sz300260,63.01,63.46,63.01,104900.0,63.01,3800,63.3,1000,-0.71,63.01,63.01,104900,6610000.0,0.04,0.0,181.24,256.96,76.15,50.77,0.0
奥克股份,sz300082,7.91,7.91,7.91,3400.0,7.88,2000,7.91,600,0.0,7.91,7.91,3400,30000.0,0.0,0.0,53.65,53.8,9.49,6.33,0.0
波长光电,sz301421,82.01,82.63,82.01,15500.0,82.01,300,82.02,100,-0.75,82.01,82.01,15500,1270000.0,0.03,0.0,37.98,94.9,99.16,66.1,0.0
佛塑科技,sz000973,14.05,14.17,14.05,144500.0,14.05,30300,14.06,210700,-0.85,14.05,14.05,144500,2030000.0,0.01,0.0,142.15,345.38,15.59,12.75,0.0
厦门钨业,sh600549,57.88,58.4,57.88,261900.0,57.87,700,57.88,400,-0.89,57.88,57.88,261900,15160000.0,0.02,0.0,899.42,918.89,64.24,52.56,0.0
博苑新材,sz301617,50.29,50.74,50.29,8900.0,50.14,4000,50.3,400,-0.89,50.29,50.29,8900,450000.0,0.01,0.0,34.68,87.37,60.89,40.59,0.0
威尔高,sz301251,47.4,47.41,47.4,26000.0,47.31,400,47.4,1300,-0.02,47.4,47.4,26000,1230000.0,0.03,0.0,35.83,89.38,56.89,37.93,0.0
捷众科技,bj920690,17.5,17.45,17.5,1900.0,17.45,400,17.5,800,0.29,17.5,17.5,1900,32700.0,0.0,0.0,9.81,15.08,22.68,12.22,0.0
矩阵股份,sz301365,39.49,40.01,39.49,67800.0,39.43,2400,39.49,3000,-1.3,39.49,39.49,67800,2680000.0,0.06,0.0,48.62,72.04,48.01,32.01,0.0
长缆科技,sz002879,16.78,17.23,16.78,164500.0,16.78,900,16.79,7000,-2.61,16.78,16.78,164500,2760000.0,0.12,0.0,23.01,32.4,18.95,15.51,0.0
华自科技,sz300490,12.23,12.24,12.23,14700.0,12.23,700,12.25,4800,-0.08,12.23,12.23,14700,180000.0,0.0,0.0,48.09,48.76,14.69,9.79,0.0
国林科技,sz300786,16.54,16.58,16.54,48400.0,16.54,5400,16.56,1400,-0.24,16.54,16.54,48400,800000.0,0.03,0.0,24.21,30.44,19.9,13.26,0.0
浦东建设,sh600284,5.21,5.21,5.21,24200.0,5.2,1400,5.21,1700,0.0,5.21,5.21,24200,130000.0,0.0,0.0,50.55,50.55,5.73,4.69,0.0
戎美股份,sz301088,12.77,12.8,12.77,3800.0,12.77,2200,12.88,8700,-0.23,12.77,12.77,3800,50000.0,0.0,0.0,24.01,29.1,15.36,10.24,0.0
美联新材,sz300586,9.7,9.74,9.7,139100.0,9.69,300,9.7,28800,-0.41,9.7,9.7,139100,1350000.0,0.03,0.0,51.86,68.99,11.69,7.79,0.0
芳源股份,sh688148,6.79,6.81,6.79,20827600.0,6.79,28600,6.8,3000,-0.29,6.79,6.79,20827600,1410000.0,0.04,0.0,34.64,34.64,8.17,5.45,0.0
科创新源,sz300731,41.54,41.55,41.54,58700.0,41.54,1500,41.55,3700,-0.02,41.54,41.54,58700,2440000.0,0.03,0.0,69.89,73.64,49.86,33.24,0.0
鼎信通讯,sh603421,6.07,6.08,6.07,27200.0,6.06,1300,6.07,3100,-0.16,6.07,6.07,27200,170000.0,0.0,0.0,39.59,39.59,6.69,5.47,0.0
ST围海,sz002586,4.35,4.31,4.35,30900.0,4.34,6200,4.35,19300,0.93,4.35,4.35,30900,130000.0,0.0,0.0,47.31,49.77,4.74,3.88,0.0
劲拓股份,sz300400,30.85,30.69,30.85,62500.0,30.74,1400,30.87,300,0.52,30.85,30.85,62500,1930000.0,0.03,0.0,74.81,75.06,36.83,24.55,0.0
杰美特,sz300868,98.63,97.5,98.63,14400.0,98.63,900,98.67,100,1.16,98.63,98.63,14400,1420000.0,0.02,0.0,79.65,125.44,117.0,78.0,0.0
嘉元科技,sh688388,31.0,31.15,31.0,13034900.0,31.0,22900,31.11,10000,-0.48,31.0,31.0,13034900,4040000.0,0.02,0.0,204.57,204.57,37.38,24.92,0.0
康欣新材,sh600076,3.15,3.15,3.15,125300.0,3.14,14900,3.15,130100,0.0,3.15,3.15,125300,390000.0,0.01,0.0,42.35,42.35,3.47,2.84,0.0
龙图光罩,sh688721,44.27,44.27,44.27,4646800.0,44.13,400,44.27,4000,0.0,44.27,44.27,4646800,2060000.0,0.08,0.0,24.42,59.1,53.12,35.42,0.0
退市熊猫,sh600599,0.43,0.43,0.0,0.0,0.0,0,0.0,0,0.0,0.0,0.0,0,0.0,0.0,0.0,0.71,0.71,-1.0,-1.0,0.0
返利科技,sh600228,8.58,8.45,8.58,94500.0,8.55,2000,8.58,6800,1.54,8.58,8.58,94500,810000.0,0.02,0.0,35.7,35.75,9.3,7.61,0.0
统联精密,sh688210,33.34,32.84,33.34,4178100.0,33.21,300,33.34,5200,1.52,33.34,33.34,4178100,1390000.0,0.03,0.0,54.23,54.23,39.41,26.27,0.0
宇顺电子,sz002289,40.8,40.84,40.8,55100.0,40.1,1500,40.8,10400,-0.1,40.8,40.8,55100,2250000.0,0.02,0.0,111.97,114.34,44.92,36.76,0.0
松发股份,sh603268,184.0,183.3,184.0,8800.0,183.37,100,184.0,1500,0.38,184.0,184.0,8800,1620000.0,0.0,0.0,429.18,1874.44,201.63,164.97,0.0
荣丰控股,sz000668,23.7,23.24,23.7,51200.0,23.7,27500,23.71,100,1.98,23.7,23.7,51200,1210000.0,0.03,0.0,34.8,34.8,25.56,20.92,0.0
中国巨石,sh600176,46.33,46.32,46.33,1722900.0,46.33,500400,46.34,500,0.02,46.33,46.33,1722900,79820000.0,0.04,0.0,1840.04,1854.65,50.95,41.69,0.0
*ST万方,sz000638,0.89,0.89,0.0,0.0,0.0,0,0.0,0,0.0,0.0,0.0,0,0.0,0.0,0.0,2.77,2.77,-1.0,-1.0,0.0
南山铝业,sh600219,4.8,4.86,4.8,2058200.0,4.8,1281600,4.81,5000,-1.23,4.8,4.8,2058200,9880000.0,0.02,0.0,551.22,551.22,5.35,4.37,0.0
*ST建艺,sz002789,10.18,10.22,10.18,7700.0,10.11,500,10.18,6700,-0.39,10.18,10.18,7700,80000.0,0.0,0.0,15.93,16.25,11.24,9.2,0.0
中矿资源,sz002738,54.79,54.46,54.79,86700.0,54.73,400,54.8,1200,0.61,54.79,54.79,86700,4750000.0,0.01,0.0,389.57,399.63,59.91,49.01,0.0
天普股份,sh605255,70.25,69.1,70.25,13900.0,70.0,300,70.25,800,1.66,70.25,70.25,13900,980000.0,0.01,0.0,94.19,94.19,76.01,62.19,0.0
孚日股份,sz002083,11.9,12.04,11.9,410800.0,11.89,30300,11.9,17700,-1.16,11.9,11.9,410800,4890000.0,0.04,0.0,112.61,112.65,13.24,10.84,0.0
*ST步森,sz002569,12.25,12.45,12.25,5200.0,12.25,2500,12.45,100,-1.61,12.25,12.25,5200,60000.0,0.0,0.0,17.15,17.64,13.7,11.21,0.0
川环科技,sz300547,26.73,26.95,26.73,6700.0,26.73,13300,26.93,1500,-0.82,26.73,26.73,6700,180000.0,0.0,0.0,47.64,57.98,32.34,21.56,0.0
退市岩石,sh600696,0.74,0.74,0.0,0.0,0.0,0,0.0,0,0.0,0.0,0.0,0,0.0,0.0,0.0,2.48,2.48,-1.0,-1.0,0.0
*ST西发,sz000752,9.15,9.15,9.15,6600.0,9.11,300,9.15,400,0.0,9.15,9.15,6600,60000.0,0.0,0.0,24.13,24.13,10.07,8.24,0.0
尚太科技,sz001301,55.98,56.0,55.98,16100.0,55.98,8300,55.99,100,-0.04,55.98,55.98,16100,900000.0,0.01,0.0,145.6,204.11,61.6,50.4,0.0
星环科技-U,sh688031,119.11,120.84,119.11,1303100.0,119.11,200,119.99,600,-1.43,119.11,119.11,1303100,1550000.0,0.01,0.0,144.28,144.28,145.01,96.67,0.0
ST云网,sz002306,1.93,1.94,1.93,124900.0,1.93,8600,1.94,98800,-0.52,1.93,1.93,124900,240000.0,0.02,0.0,15.68,16.79,2.13,1.75,0.0
太极实业,sh600667,23.87,23.86,23.87,2702800.0,23.87,17900,23.88,8400,0.04,23.87,23.87,2702800,64520000.0,0.13,0.0,499.25,499.25,26.25,21.47,0.0
世名科技,sz300522,15.0,15.08,15.0,24300.0,14.98,2100,15.0,700,-0.53,15.0,15.0,24300,360000.0,0.01,0.0,39.47,48.37,18.1,12.06,0.0
*ST精伦,sh600355,0.58,0.58,0.0,0.0,0.0,0,0.0,0,0.0,0.0,0.0,0,0.0,0.0,0.0,2.85,2.85,-1.0,-1.0,0.0
ST惠程,sz002168,3.88,3.88,3.88,16700.0,3.88,2300,3.89,2500,0.0,3.88,3.88,16700,60000.0,0.0,0.0,30.43,30.43,4.27,3.49,0.0
中一科技,sz301150,42.16,42.16,42.16,74800.0,42.16,1300,42.2,4700,0.0,42.16,42.16,74800,3150000.0,0.02,0.0,128.1,136.56,50.59,33.73,0.0
银座股份,sh600858,4.98,4.96,4.98,50400.0,4.96,800,4.98,4200,0.4,4.98,4.98,50400,250000.0,0.01,0.0,25.77,25.9,5.46,4.46,0.0
*ST奥维,sz002231,0.6,0.6,0.0,0.0,0.0,0,0.0,0,0.0,0.0,0.0,0,0.0,0.0,0.0,1.85,2.08,-1.0,-1.0,0.0
盛新锂能,sz002240,33.99,33.65,33.99,334800.0,33.98,900,33.99,5100,1.01,33.99,33.99,334800,11380000.0,0.04,0.0,310.3,311.11,37.02,30.29,0.0
耀皮玻璃,sh600819,5.46,5.45,5.46,12000.0,5.46,500,5.47,13700,0.18,5.46,5.46,12000,70000.0,0.0,0.0,43.09,53.33,6.0,4.91,0.0
梅轮电梯,sh603321,6.38,6.37,6.38,20900.0,6.38,4700,6.4,20600,0.16,6.38,6.38,20900,130000.0,0.01,0.0,21.98,22.26,7.01,5.73,0.0
平安电工,sz001359,92.9,92.1,92.9,12100.0,92.3,2600,92.9,100,0.87,92.9,92.9,12100,1120000.0,0.02,0.0,56.01,224.03,101.31,82.89,0.0
先导智能,sz300450,35.38,35.38,35.38,119700.0,35.35,1600,35.38,23500,0.0,35.38,35.38,119700,4230000.0,0.01,0.0,551.72,592.34,42.46,28.3,0.0
世龙实业,sz002748,11.92,11.87,11.92,10700.0,11.88,400,11.92,1200,0.42,11.92,11.92,10700,130000.0,0.0,0.0,28.61,28.61,13.06,10.68,0.0
东方铁塔,sz002545,17.97,17.93,17.97,60900.0,17.97,21400,17.98,3900,0.22,17.97,17.97,60900,1090000.0,0.01,0.0,203.09,223.56,19.72,16.14,0.0
银河微电,sh688689,41.97,41.93,41.97,3914900.0,41.95,400,41.97,600,0.1,41.97,41.97,3914900,1640000.0,0.03,0.0,60.82,60.82,50.32,33.54,0.0
北方华创,sz002371,770.0,765.97,770.0,37800.0,768.47,3900,770.0,100,0.53,770.0,770.0,37800,29110000.0,0.01,0.0,5583.35,5587.81,842.57,689.37,0.0
隆扬电子,sz301389,58.81,58.81,58.81,53200.0,58.8,1000,58.81,400,0.0,58.81,58.81,53200,3130000.0,0.02,0.0,166.73,166.73,70.57,47.05,0.0
成都华微,sh688709,27.49,27.7,27.49,1576300.0,27.45,1000,27.49,500,-0.76,27.49,27.49,1576300,430000.0,0.01,0.0,60.96,175.07,33.24,22.16,0.0
科瑞技术,sz002957,43.41,42.17,43.41,342100.0,43.41,6200,43.44,100,2.94,43.41,43.41,342100,14850000.0,0.08,0.0,181.75,182.31,46.39,37.95,0.0
星德胜,sh603344,23.55,23.4,23.55,11700.0,23.41,300,23.55,100,0.64,23.55,23.55,11700,280000.0,0.02,0.0,12.72,45.81,25.74,21.06,0.0
中科飞测,sh688361,364.61,368.7,364.61,4773400.0,364.61,100,365.0,400,-1.11,364.61,364.61,4773400,17400000.0,0.01,0.0,1283.62,1283.62,442.44,294.96,0.0
上海港湾,sh605598,29.01,29.26,29.01,2300.0,29.01,2200,29.08,400,-0.85,29.01,29.01,2300,70000.0,0.0,0.0,70.5,70.5,32.19,26.33,0.0
兴瑞科技,sz002937,31.72,31.72,31.72,26800.0,31.52,300,31.72,500,0.0,31.72,31.72,26800,850000.0,0.01,0.0,99.98,100.24,34.89,28.55,0.0
德科立,sh688205,161.0,163.37,161.0,6244900.0,161.0,3100,162.0,1500,-1.45,161.0,161.0,6244900,10050000.0,0.04,0.0,256.37,256.37,196.04,130.7,0.0
华丰科技,sh688629,155.86,155.03,155.86,8398500.0,155.86,300,155.87,2300,0.54,155.86,155.86,8398500,13090000.0,0.02,0.0,718.5,729.82,186.04,124.02,0.0
海通发展,sh603162,11.85,11.86,11.85,98600.0,11.84,800,11.85,12300,-0.08,11.85,11.85,98600,1170000.0,0.02,0.0,50.05,162.92,13.05,10.67,0.0
高德红外,sz002414,14.01,14.08,14.01,377700.0,14.0,66500,14.01,57400,-0.5,14.01,14.01,377700,5290000.0,0.01,0.0,476.15,598.33,15.49,12.67,0.0
贝特瑞,bj920185,20.91,20.91,20.91,3800.0,20.91,2800,20.92,9700,0.0,20.91,20.91,3800,79700.0,0.0,0.0,234.08,238.0,27.18,14.64,0.0
凯格精机,sz301338,108.88,106.84,108.88,33300.0,108.85,100,108.88,500,1.91,108.88,108.88,33300,3630000.0,0.03,0.0,118.17,162.19,128.21,85.47,0.0
和远气体,sz002971,46.7,46.78,46.7,220200.0,46.68,600,46.7,1300,-0.17,46.7,46.7,220200,10280000.0,0.14,0.0,75.19,98.36,51.46,42.1,0.0
大族数控,sz301200,300.4,300.88,300.4,9000.0,300.4,200,300.88,100,-0.16,300.4,300.4,9000,2710000.0,0.0,0.0,1277.42,1468.98,361.06,240.7,0.0
九州一轨,sh688485,82.0,80.12,82.0,13382800.0,82.0,600,82.36,300,2.35,82.0,82.0,13382800,10970000.0,0.09,0.0,123.24,123.24,96.14,64.1,0.0
宝武镁业,sz002182,12.35,12.44,12.35,56500.0,12.33,4500,12.35,3100,-0.72,12.35,12.35,56500,700000.0,0.01,0.0,106.89,122.49,13.68,11.2,0.0
立高食品,sz300973,25.77,25.77,25.77,27300.0,25.77,3400,25.84,400,0.0,25.77,25.77,27300,700000.0,0.02,0.0,30.55,43.64,30.92,20.62,0.0
淳中科技,sh603516,103.0,102.22,103.0,21800.0,102.85,100,103.0,5100,0.76,103.0,103.0,21800,2250000.0,0.01,0.0,209.37,209.37,112.44,92.0,0.0
生物股份,sh600201,13.49,13.51,13.49,86600.0,13.42,1500,13.49,4100,-0.15,13.49,13.49,86600,1170000.0,0.01,0.0,148.38,148.38,14.86,12.16,0.0
苏大维格,sz300331,53.12,52.62,53.12,48800.0,53.0,1500,53.12,100,0.95,53.12,53.12,48800,2590000.0,0.02,0.0,118.0,137.93,63.14,42.1,0.0
中百集团,sz000759,6.96,6.96,6.96,233400.0,6.96,73200,6.97,7100,0.0,6.96,6.96,233400,1620000.0,0.04,0.0,45.64,46.11,7.66,6.26,0.0
国盾量子,sh688027,416.9,418.79,416.9,256100.0,415.48,500,416.9,100,-0.45,416.9,416.9,256100,1070000.0,0.0,0.0,335.08,428.83,502.55,335.03,0.0
龙蟠科技,sh603906,20.6,20.76,20.6,50100.0,20.56,1500,20.6,3100,-0.77,20.6,20.6,50100,1030000.0,0.01,0.0,115.98,162.97,22.84,18.68,0.0
利元亨,sh688499,37.0,36.6,37.0,3592700.0,37.0,1200,37.01,1000,1.09,37.0,37.0,3592700,1330000.0,0.02,0.0,62.43,62.43,43.92,29.28,0.0
华正新材,sh603186,202.7,184.31,202.7,1462200.0,202.6,1000,202.7,477600,9.98,202.7,202.7,1462200,296390000.0,0.93,0.0,317.81,317.81,202.74,165.88,0.0
白云电器,sh603861,12.7,12.78,12.7,19800.0,12.7,100,12.74,100,-0.63,12.7,12.7,19800,250000.0,0.0,0.0,67.13,68.65,14.06,11.5,0.0
皖能电力,sz000543,7.59,7.59,7.59,30400.0,7.58,7300,7.59,13100,0.0,7.59,7.59,30400,230000.0,0.0,0.0,172.05,172.05,8.35,6.83,0.0
龙高股份,sh605086,23.86,23.92,23.86,7500.0,23.86,2000,23.92,200,-0.25,23.86,23.86,7500,180000.0,0.0,0.0,42.76,42.76,26.31,21.53,0.0
普蕊斯,sz301257,52.12,52.12,52.12,7400.0,51.76,1100,52.3,600,0.0,52.12,52.12,7400,390000.0,0.01,0.0,39.26,41.18,62.54,41.7,0.0
安达科技,bj920809,7.95,7.95,7.95,3600.0,7.91,2000,7.95,4400,0.0,7.95,7.95,3600,29000.0,0.0,0.0,36.5,47.62,10.33,5.57,0.0
艾迪药业,sh688488,17.79,17.71,17.79,432500.0,17.7,700,17.79,100,0.45,17.79,17.79,432500,80000.0,0.0,0.0,74.86,74.86,21.25,14.17,0.0
松霖科技,sh603992,22.55,22.53,22.55,21800.0,22.46,400,22.55,3000,0.09,22.55,22.55,21800,490000.0,0.0,0.0,99.91,99.91,24.78,20.28,0.0
欧科亿,sh688308,107.05,107.82,107.05,7326700.0,107.05,8500,107.1,200,-0.71,107.05,107.05,7326700,7840000.0,0.05,0.0,169.98,169.98,129.38,86.26,0.0
信德新材,sz301349,47.08,47.02,47.08,12700.0,47.03,300,47.08,3100,0.13,47.08,47.08,12700,600000.0,0.01,0.0,52.97,67.09,56.42,37.62,0.0
聆达股份,sz300125,8.78,8.81,8.78,35400.0,8.78,31600,8.8,18000,-0.34,8.78,8.78,35400,310000.0,0.01,0.0,31.68,58.46,10.57,7.05,0.0
百奥泰,sh688177,21.7,21.8,21.7,1034500.0,21.61,5000,21.7,1400,-0.46,21.7,21.7,1034500,220000.0,0.0,0.0,89.86,89.86,26.16,17.44,0.0
菲林格尔,sh603226,48.21,48.92,48.21,25900.0,48.18,1000,48.21,800,-1.45,48.21,48.21,25900,1250000.0,0.01,0.0,171.38,171.38,53.81,44.03,0.0
川大智胜,sz002253,9.83,9.82,9.83,12600.0,9.83,900,9.84,300,0.1,9.83,9.83,12600,120000.0,0.01,0.0,20.64,22.18,10.8,8.84,0.0
中富电路,sz300814,156.89,157.81,156.89,31600.0,156.89,400,157.0,600,-0.58,156.89,156.89,31600,4960000.0,0.02,0.0,300.33,300.33,189.37,126.25,0.0
炬华科技,sz300360,12.1,12.1,12.1,4200.0,12.08,2000,12.1,12700,0.0,12.1,12.1,4200,50000.0,0.0,0.0,60.53,62.22,14.52,9.68,0.0
中能电气,sz300062,6.67,6.73,6.67,90400.0,6.67,1800,6.69,3700,-0.89,6.67,6.67,90400,600000.0,0.02,0.0,30.57,42.02,8.08,5.38,0.0
益诺思,sh688710,100.2,100.04,100.2,1352800.0,99.88,200,100.2,200,0.16,100.2,100.2,1352800,1360000.0,0.01,0.0,90.88,141.26,120.05,80.03,0.0
海目星,sh688559,52.66,52.76,52.66,4435200.0,52.64,1100,52.66,2800,-0.19,52.66,52.66,4435200,2340000.0,0.02,0.0,130.47,130.47,63.31,42.21,0.0
工业富联,sh601138,67.7,68.23,67.7,1010300.0,67.69,900,67.7,24500,-0.78,67.7,67.7,1010300,68400000.0,0.01,0.0,13434.45,13434.45,75.05,61.41,0.0
赛微电子,sz300456,33.49,33.52,33.49,118600.0,33.49,1400,33.51,600,-0.09,33.49,33.49,118600,3970000.0,0.02,0.0,200.09,245.22,40.22,26.82,0.0
唯万密封,sz301161,29.96,29.66,29.96,35300.0,29.85,500,29.96,900,1.01,29.96,29.96,35300,1060000.0,0.05,0.0,23.13,35.95,35.59,23.73,0.0
雅化集团,sz002497,19.71,19.58,19.71,109500.0,19.7,23300,19.71,1700,0.66,19.71,19.71,109500,2160000.0,0.01,0.0,208.84,227.17,21.54,17.62,0.0
丰元股份,sz002805,20.39,20.3,20.39,31800.0,20.3,4000,20.39,200,0.44,20.39,20.39,31800,650000.0,0.01,0.0,56.85,57.1,22.33,18.27,0.0
天力锂能,sz301152,20.2,20.23,20.2,15800.0,20.17,500,20.2,6900,-0.15,20.2,20.2,15800,320000.0,0.02,0.0,14.34,23.99,24.28,16.18,0.0
完美世界,sz002624,11.38,11.43,11.38,149500.0,11.37,800,11.38,700,-0.44,11.38,11.38,149500,1700000.0,0.01,0.0,208.0,220.77,12.57,10.29,0.0
黄河旋风,sh600172,14.02,13.64,14.02,4195200.0,14.01,143700,14.02,40300,2.79,14.02,14.02,4195200,58820000.0,0.33,0.0,179.9,202.19,15.0,12.28,0.0
道氏技术,sz300409,19.63,19.74,19.63,181300.0,19.62,400,19.63,3600,-0.56,19.63,19.63,181300,3560000.0,0.03,0.0,136.67,153.56,23.69,15.79,0.0
潮宏基,sz002345,10.28,10.3,10.28,273400.0,10.26,1600,10.28,60300,-0.19,10.28,10.28,273400,2810000.0,0.03,0.0,89.15,91.34,11.33,9.27,0.0
阿石创,sz300706,58.05,57.37,58.05,83900.0,58.05,2200,58.18,600,1.19,58.05,58.05,83900,4870000.0,0.07,0.0,66.08,89.13,68.84,45.9,0.0
芯碁微装,sh688630,450.0,448.79,450.0,1941200.0,449.0,800,450.0,5500,0.27,450.0,450.0,1941200,8740000.0,0.01,0.0,592.83,659.27,538.55,359.03,0.0
阿为特,bj920693,23.42,23.0,23.42,8800.0,23.32,500,23.42,1900,1.83,23.42,23.42,8800,207100.0,0.02,0.0,8.57,17.03,29.9,16.1,0.0
思泉新材,sz301489,120.55,119.6,120.55,56200.0,120.55,900,121.0,200,0.79,120.55,120.55,56200,6770000.0,0.08,0.0,83.88,140.19,143.52,95.68,0.0
多瑞医药,sz301075,55.68,56.78,0.0,0.0,55.68,2000,56.71,100,-1.94,0.0,0.0,0,0.0,0.0,0.0,44.54,44.54,68.14,45.42,0.0
大立科技,sz002214,14.07,14.06,14.07,28400.0,14.07,700,14.08,2000,0.07,14.07,14.07,28400,400000.0,0.01,0.0,67.31,84.23,15.47,12.65,0.0
矽电股份,sz301629,270.0,271.51,270.0,3600.0,268.07,100,270.0,300,-0.56,270.0,270.0,3600,970000.0,0.02,0.0,51.83,112.66,325.81,217.21,0.0
博汇科技,sh688004,24.0,24.2,24.0,1909200.0,24.0,400,24.1,200,-0.83,24.0,24.0,1909200,460000.0,0.02,0.0,19.22,19.22,29.04,19.36,0.0
七彩化学,sz300758,11.05,11.05,11.05,23000.0,11.04,300,11.05,32600,0.0,11.05,11.05,23000,250000.0,0.01,0.0,39.75,44.1,13.26,8.84,0.0
联化科技,sz002250,16.25,16.24,16.25,28100.0,16.2,100,16.25,2100,0.06,16.25,16.25,28100,460000.0,0.0,0.0,145.43,146.23,17.86,14.62,0.0
南风股份,sz300004,8.5,8.6,8.5,244100.0,8.49,22000,8.5,24000,-1.16,8.5,8.5,244100,2070000.0,0.05,0.0,40.8,40.8,10.32,6.88,0.0
科源制药,sz301281,44.25,44.25,44.25,2900.0,44.25,4400,44.43,200,0.0,44.25,44.25,2900,130000.0,0.0,0.0,31.4,47.92,53.1,35.4,0.0
平潭发展,sz000592,6.55,6.55,6.55,953800.0,6.55,53900,6.56,41200,0.0,6.55,6.55,953800,6250000.0,0.05,0.0,125.44,126.53,7.21,5.9,0.0
凯立新材,sh688269,31.81,31.79,31.81,115000.0,31.81,2900,31.83,200,0.06,31.81,31.81,115000,40000.0,0.0,0.0,41.58,41.58,38.15,25.43,0.0
亿纬锂能,sz300014,57.0,57.2,57.0,129000.0,56.99,1100,57.0,25300,-0.35,57.0,57.0,129000,7350000.0,0.01,0.0,1204.12,1238.78,68.64,45.76,0.0
莱美药业,sz300006,5.26,5.27,5.26,38100.0,5.25,17700,5.26,2200,-0.19,5.26,5.26,38100,200000.0,0.0,0.0,55.54,55.54,6.32,4.22,0.0
江海股份,sz002484,72.05,69.95,72.05,495700.0,72.05,39000,72.13,100,3.0,72.05,72.05,495700,35720000.0,0.06,0.0,591.15,612.8,76.95,62.96,0.0
明阳智能,sh601615,11.57,11.64,11.57,79700.0,11.57,1800,11.58,5100,-0.6,11.57,11.57,79700,920000.0,0.0,0.0,261.66,261.66,12.8,10.48,0.0
*ST沐邦,sh603398,10.97,11.14,10.97,46800.0,10.92,3100,10.97,30500,-1.53,10.97,10.97,46800,510000.0,0.01,0.0,47.57,47.57,12.25,10.03,0.0
昇兴股份,sz002752,6.01,6.03,6.01,16700.0,6.0,4000,6.01,12500,-0.33,6.01,6.01,16700,100000.0,0.0,0.0,58.63,58.71,6.63,5.43,0.0
微导纳米,sh688147,128.0,129.7,128.0,3347800.0,127.35,200,128.0,6600,-1.31,128.0,128.0,3347800,4290000.0,0.01,0.0,594.51,594.51,155.64,103.76,0.0
德方纳米,sz300769,49.09,49.19,49.09,23700.0,49.08,4800,49.09,700,-0.2,49.09,49.09,23700,1160000.0,0.01,0.0,123.59,137.54,59.03,39.35,0.0
君正股份,sz300223,159.17,155.39,159.17,513200.0,159.17,200,159.18,400,2.43,159.17,159.17,513200,81680000.0,0.12,0.0,673.18,769.85,186.47,124.31,0.0
天齐锂业,sz002466,48.94,48.82,48.94,256400.0,48.92,2000,48.94,200,0.25,48.94,48.94,256400,12550000.0,0.02,0.0,722.22,838.45,53.7,43.94,0.0
腾远钴业,sz301219,49.18,49.67,49.18,58800.0,49.17,400,49.18,8500,-0.99,49.18,49.18,58800,2890000.0,0.02,0.0,134.38,188.28,59.6,39.74,0.0
罗博特科,sz300757,530.0,531.0,530.0,36300.0,529.99,100,530.0,800,-0.19,530.0,530.0,36300,19240000.0,0.02,0.0,861.6,888.32,637.2,424.8,0.0
兴图新科,sh688081,31.35,30.85,31.35,1593900.0,30.8,400,31.35,200,1.62,31.35,31.35,1593900,500000.0,0.02,0.0,32.3,32.3,37.02,24.68,0.0
国际复材,sz301526,37.96,38.45,37.96,1149400.0,37.95,6300,37.96,38600,-1.27,37.96,37.96,1149400,43630000.0,0.08,0.0,533.11,1431.43,46.14,30.76,0.0
剑桥科技,sh603083,193.44,190.21,193.44,259900.0,193.44,1800,193.5,200,1.7,193.44,193.44,259900,50280000.0,0.09,0.0,533.1,712.34,209.23,171.19,0.0
凌玮科技,sz301373,109.51,109.5,109.51,61300.0,109.51,2000,109.6,1000,0.01,109.51,109.51,61300,6710000.0,0.09,0.0,76.28,118.79,131.4,87.6,0.0
建投能源,sz000600,8.18,8.18,8.18,78100.0,8.16,5000,8.18,17200,0.0,8.18,8.18,78100,640000.0,0.01,0.0,89.17,147.5,9.0,7.36,0.0
璞泰来,sh603659,24.9,24.97,24.9,62900.0,24.88,4900,24.9,23800,-0.28,24.9,24.9,62900,1570000.0,0.0,0.0,533.9,533.9,27.47,22.47,0.0
安集科技,sh688019,262.0,261.92,262.0,2549800.0,262.0,0,262.5,200,0.03,262.0,262.0,2549800,6680000.0,0.01,0.0,598.29,598.29,314.3,209.54,0.0
浙江美大,sz002677,7.03,7.06,7.03,50300.0,7.01,3500,7.03,300,-0.42,7.03,7.03,50300,350000.0,0.01,0.0,38.77,45.42,7.77,6.35,0.0
金刚光伏,sz300093,25.11,24.86,25.11,65700.0,25.1,500,25.11,5700,1.01,25.11,25.11,65700,1650000.0,0.03,0.0,58.0,135.59,29.83,19.89,0.0
蓝丰生化,sz002513,5.32,5.32,5.32,37600.0,5.32,9200,5.34,3400,0.0,5.32,5.32,37600,200000.0,0.01,0.0,15.38,19.98,5.85,4.79,0.0
宏达股份,sh600331,12.8,12.88,12.8,167600.0,12.78,5000,12.85,5500,-0.62,12.8,12.8,167600,2150000.0,0.01,0.0,260.1,338.12,14.17,11.59,0.0
浙江世宝,sz002703,14.81,14.72,14.81,230000.0,14.79,1200,14.82,500,0.61,14.81,14.81,230000,3410000.0,0.04,0.0,86.79,121.83,16.19,13.25,0.0
中孚实业,sh600595,6.3,6.36,6.3,750100.0,6.3,45000,6.31,22000,-0.94,6.3,6.3,750100,4730000.0,0.02,0.0,252.5,252.5,7.0,5.72,0.0
惠威科技,sz002888,17.65,17.76,17.65,11200.0,17.64,300,17.76,10100,-0.62,17.65,17.65,11200,200000.0,0.01,0.0,13.22,26.06,19.54,15.98,0.0
惠丰钻石,bj920725,83.11,81.89,83.11,81600.0,83.11,1300,83.12,100,1.49,83.11,83.11,81600,6779800.0,0.18,0.0,36.72,75.86,106.45,57.33,0.0
曙光数创,bj920808,63.53,64.0,63.53,7500.0,63.53,700,63.77,1100,-0.73,63.53,63.53,7500,475300.0,0.0,0.0,123.73,127.06,83.2,44.8,0.0
胜宏科技,sz300476,274.61,276.0,274.61,354900.0,274.61,100,274.62,100,-0.5,274.61,274.61,354900,97450000.0,0.04,0.0,2375.91,2698.83,331.2,220.8,0.0
新筑股份,sz002480,5.68,5.66,5.68,28300.0,5.61,1000,5.68,2500,0.35,5.68,5.68,28300,160000.0,0.0,0.0,43.6,43.69,6.23,5.09,0.0
海南机场,sh600515,2.86,2.86,2.86,340900.0,2.85,220100,2.86,19600,0.0,2.86,2.86,340900,970000.0,0.0,0.0,262.43,326.76,3.15,2.57,0.0
龙竹科技,bj920445,7.22,7.13,7.22,118000.0,7.22,113400,7.23,1000,1.26,7.22,7.22,118000,851700.0,0.11,0.0,7.8,10.7,9.26,5.0,0.0
今创集团,sh603680,10.29,10.29,10.29,8800.0,10.25,200,10.29,7400,0.0,10.29,10.29,8800,90000.0,0.0,0.0,80.64,80.64,11.32,9.26,0.0
永杰新材,sh603271,43.75,44.04,43.75,12300.0,43.75,500,43.76,600,-0.66,43.75,43.75,12300,540000.0,0.01,0.0,41.38,86.68,48.44,39.64,0.0
澄星股份,sh600078,11.33,11.12,11.33,1112700.0,11.32,24900,11.33,20000,1.89,11.33,11.33,1112700,12610000.0,0.17,0.0,75.07,77.01,12.23,10.01,0.0
吉大正元,sz003029,16.91,16.93,16.91,13200.0,16.86,1300,16.92,3100,-0.12,16.91,16.91,13200,220000.0,0.01,0.0,29.78,32.74,18.62,15.24,0.0
铜峰电子,sh600237,8.99,9.01,8.99,77900.0,8.98,1200,8.99,63800,-0.22,8.99,8.99,77900,700000.0,0.01,0.0,56.15,56.68,9.91,8.11,0.0
快意电梯,sz002774,17.1,17.1,17.1,415500.0,17.06,1000,17.1,17200,0.0,17.1,17.1,415500,7110000.0,0.15,0.0,48.18,57.57,18.81,15.39,0.0
鼎熔岩,sz301028,13.25,13.31,13.25,7300.0,13.25,600,13.3,900,-0.45,13.25,13.25,7300,100000.0,0.0,0.0,33.2,51.19,15.97,10.65,0.0
捷佳伟创,sz300724,61.16,60.06,61.16,117600.0,61.12,300,61.16,1700,1.83,61.16,61.16,117600,7190000.0,0.04,0.0,175.97,213.02,72.07,48.05,0.0
凯撒旅业,sz000796,3.87,3.85,3.87,100500.0,3.86,3200,3.87,10500,0.52,3.87,3.87,100500,390000.0,0.01,0.0,51.5,62.07,4.24,3.47,0.0
中欣氟材,sz002915,18.07,18.03,18.07,43100.0,18.04,1400,18.07,8100,0.22,18.07,18.07,43100,780000.0,0.01,0.0,52.05,60.58,19.83,16.23,0.0
灵鸽科技,bj920284,18.0,18.13,18.0,5300.0,17.98,1100,18.0,1900,-0.72,18.0,18.0,5300,96000.0,0.01,0.0,12.07,18.86,23.56,12.7,0.0
南王科技,sz301355,10.27,10.25,10.27,24000.0,10.27,2200,10.29,700,0.2,10.27,10.27,24000,250000.0,0.02,0.0,14.35,20.04,12.3,8.2,0.0
当升科技,sz300073,42.55,42.55,42.55,53700.0,42.54,100,42.55,700,0.0,42.55,42.55,53700,2280000.0,0.01,0.0,215.29,231.6,51.06,34.04,0.0
博士眼镜,sz300622,15.0,15.04,15.0,27700.0,14.96,500,15.01,800,-0.27,15.0,15.0,27700,420000.0,0.01,0.0,32.71,47.85,18.05,12.03,0.0
汇成真空,sz301392,177.71,177.54,177.71,13100.0,177.71,500,177.97,300,0.1,177.71,177.71,13100,2330000.0,0.03,0.0,72.5,177.71,213.05,142.03,0.0
优优绿能,sz301590,79.18,78.78,79.18,2500.0,78.78,200,79.18,100,0.51,79.18,79.18,2500,200000.0,0.01,0.0,19.3,46.62,94.54,63.02,0.0
迪哲医药-U,sh688192,61.38,61.33,61.38,2106800.0,61.38,4700,61.39,200,0.08,61.38,61.38,2106800,1290000.0,0.0,0.0,283.09,285.52,73.6,49.06,0.0
东岳硅材,sz300821,17.73,17.69,17.73,347000.0,17.72,1700,17.73,11300,0.23,17.73,17.73,347000,6150000.0,0.03,0.0,212.72,212.76,21.23,14.15,0.0
杰创智能,sz301248,67.0,67.75,67.0,17000.0,67.0,4300,67.44,100,-1.11,67.0,67.0,17000,1140000.0,0.02,0.0,75.26,102.98,81.3,54.2,0.0
科思科技,sh688788,31.29,31.2,31.29,457800.0,31.06,4000,31.29,5700,0.29,31.29,31.29,457800,140000.0,0.0,0.0,68.5,68.5,37.44,24.96,0.0
溯联股份,sz301397,27.89,27.93,27.89,5600.0,27.65,700,27.89,1400,-0.14,27.89,27.89,5600,160000.0,0.01,0.0,25.79,56.38,33.52,22.34,0.0
五矿新能,sh688779,8.42,8.07,8.42,104694600.0,8.42,107600,8.44,18900,4.34,8.42,8.42,104694600,8820000.0,0.05,0.0,162.44,162.44,9.68,6.46,0.0
利通科技,bj920225,15.87,15.87,15.87,45000.0,15.87,3400,15.9,300,0.0,15.87,15.87,45000,714900.0,0.05,0.0,13.14,20.14,20.63,11.11,0.0
鸿铭股份,sz301105,47.99,48.02,47.99,1900.0,47.47,300,47.99,200,-0.06,47.99,47.99,1900,90000.0,0.01,0.0,9.51,24.0,57.62,38.42,0.0
亚振家居,sh603389,49.0,48.24,49.0,63200.0,48.9,400,49.0,500,1.58,49.0,49.0,63200,3100000.0,0.02,0.0,128.75,128.75,53.06,43.42,0.0
高澜股份,sz300499,30.24,30.48,30.24,99100.0,30.23,7000,30.25,1500,-0.79,30.24,30.24,99100,3000000.0,0.04,0.0,82.07,92.31,36.58,24.38,0.0
川金诺,sz300505,19.88,19.96,19.88,317500.0,19.88,13200,19.89,200,-0.4,19.88,19.88,317500,6310000.0,0.15,0.0,43.21,54.64,23.95,15.97,0.0
容百科技,sh688005,27.52,27.68,27.52,2842200.0,27.51,4400,27.52,600,-0.58,27.52,27.52,2842200,780000.0,0.0,0.0,196.66,196.66,33.22,22.14,0.0
元力股份,sz300174,20.87,21.15,20.87,228000.0,20.87,1200,20.88,400,-1.32,20.87,20.87,228000,4760000.0,0.06,0.0,75.75,76.01,25.38,16.92,0.0
天迈科技,sz300807,37.96,37.98,37.96,3800.0,37.7,100,37.96,200,-0.05,37.96,37.96,3800,140000.0,0.01,0.0,19.72,25.83,45.58,30.38,0.0
厦门港务,sz000905,8.54,8.56,8.54,14900.0,8.53,3700,8.54,19000,-0.23,8.54,8.54,14900,130000.0,0.0,0.0,63.35,131.71,9.42,7.7,0.0
鼎通科技,sh688668,290.0,293.2,290.0,1962400.0,289.99,200,290.0,5700,-1.09,290.0,290.0,1962400,5690000.0,0.01,0.0,403.88,403.88,351.84,234.56,0.0
清水源,sz300437,11.43,11.41,11.43,65600.0,11.41,16500,11.43,1200,0.18,11.43,11.43,65600,750000.0,0.04,0.0,19.86,28.03,13.69,9.13,0.0
ST标准,sh600302,6.93,6.98,6.93,7900.0,6.91,1000,6.93,16300,-0.72,6.93,6.93,7900,50000.0,0.0,0.0,23.98,23.98,7.68,6.28,0.0
福鞍股份,sh603315,12.3,12.28,12.3,39900.0,12.29,800,12.3,9300,0.16,12.3,12.3,39900,490000.0,0.01,0.0,39.41,39.41,13.51,11.05,0.0
海容冷链,sh603187,11.35,11.49,11.35,202600.0,11.35,6500,11.36,21100,-1.22,11.35,11.35,202600,2300000.0,0.05,0.0,43.4,43.86,12.64,10.34,0.0
普利特,sz002324,9.53,9.52,9.53,123700.0,9.53,200,9.54,55100,0.11,9.53,9.53,123700,1180000.0,0.02,0.0,73.98,106.01,10.47,8.57,0.0
慧翰股份,sz301600,88.13,88.55,88.13,2200.0,88.13,100,88.2,200,-0.47,88.13,88.13,2200,190000.0,0.01,0.0,28.43,92.12,106.26,70.84,0.0
长海股份,sz300196,19.03,19.15,19.03,212600.0,19.03,41100,19.05,5000,-0.63,19.03,19.03,212600,4050000.0,0.09,0.0,47.01,77.8,22.98,15.32,0.0
凯旺科技,sz301182,73.62,74.33,73.62,8700.0,73.62,800,73.89,300,-0.96,73.62,73.62,8700,640000.0,0.01,0.0,64.33,70.54,89.2,59.46,0.0
骄成超声,sh688392,195.0,188.3,195.0,7223200.0,194.0,400,195.0,13200,3.56,195.0,195.0,7223200,14090000.0,0.06,0.0,225.68,225.68,225.96,150.64,0.0
飞鹿股份,sz300665,9.75,9.8,9.75,12300.0,9.75,4200,9.79,3000,-0.51,9.75,9.75,12300,120000.0,0.01,0.0,21.26,22.38,11.76,7.84,0.0
氯碱化工,sh600618,10.18,10.21,10.18,12600.0,10.17,2300,10.19,6700,-0.29,10.18,10.18,12600,130000.0,0.0,0.0,76.33,117.72,11.23,9.19,0.0
神工股份,sh688233,125.0,123.94,125.0,6936600.0,124.99,400,125.0,9400,0.86,125.0,125.0,6936600,8670000.0,0.04,0.0,212.88,212.88,148.73,99.15,0.0
强瑞技术,sz301128,120.19,118.22,120.19,75700.0,120.19,6400,120.45,100,1.67,120.19,120.19,75700,9100000.0,0.06,0.0,153.11,174.06,141.86,94.58,0.0
巨一科技,sh688162,23.46,23.62,23.46,110000.0,23.36,1500,23.46,300,-0.68,23.46,23.46,110000,30000.0,0.0,0.0,32.16,32.16,28.34,18.9,0.0
联赢激光,sh688518,20.78,20.85,20.78,4476000.0,20.78,2600,20.83,1400,-0.34,20.78,20.78,4476000,930000.0,0.01,0.0,70.93,70.93,25.02,16.68,0.0
金海高科,sh603311,31.27,31.14,31.27,13700.0,31.26,500,31.27,12100,0.42,31.27,31.27,13700,430000.0,0.01,0.0,73.76,73.76,34.25,28.03,0.0
惠博普,sz002554,2.88,2.84,2.88,272300.0,2.85,77800,2.88,333700,1.41,2.88,2.88,272300,780000.0,0.02,0.0,38.4,38.41,3.12,2.56,0.0
航天动力,sh600343,20.57,20.57,20.57,37400.0,20.56,1300,20.57,5000,0.0,20.57,20.57,37400,770000.0,0.01,0.0,131.28,131.28,22.63,18.51,0.0
国晟科技,sh603778,10.8,10.64,10.8,442900.0,10.8,13400,10.81,6000,1.5,10.8,10.8,442900,4780000.0,0.07,0.0,69.43,71.28,11.7,9.58,0.0
安 纳 达,sz002136,12.38,12.34,12.38,15400.0,12.34,800,12.38,800,0.32,12.38,12.38,15400,190000.0,0.01,0.0,26.55,26.62,13.57,11.11,0.0
康鹏科技,sh688602,6.95,7.0,6.95,3104400.0,6.93,5000,6.95,13200,-0.71,6.95,6.95,3104400,220000.0,0.01,0.0,36.1,36.1,8.4,5.6,0.0
派能科技,sh688063,45.93,46.04,45.93,1015200.0,45.93,3300,45.99,700,-0.24,45.93,45.93,1015200,470000.0,0.0,0.0,112.69,112.69,55.25,36.83,0.0
福瑞医科,sz300049,44.4,44.82,44.4,25800.0,44.4,2400,44.44,300,-0.94,44.4,44.4,25800,1150000.0,0.01,0.0,103.71,117.21,53.78,35.86,0.0
欧陆通,sz300870,238.0,239.0,238.0,14500.0,237.5,500,238.0,300,-0.42,238.0,238.0,14500,3450000.0,0.01,0.0,363.25,363.29,286.8,191.2,0.0
硕贝德,sz300322,19.3,19.42,19.3,112400.0,19.23,2000,19.3,25700,-0.62,19.3,19.3,112400,2170000.0,0.03,0.0,85.0,88.79,23.3,15.54,0.0
纳科诺尔,bj920522,20.45,20.48,20.45,5600.0,20.29,13000,20.45,800,-0.15,20.45,20.45,5600,114500.0,0.0,0.0,37.22,44.88,26.62,14.34,0.0
星源材质,sz300568,15.13,15.15,15.13,218300.0,15.13,10600,15.14,39500,-0.13,15.13,15.13,218300,3300000.0,0.02,0.0,182.86,226.23,18.18,12.12,0.0
飞荣达,sz300602,41.67,41.9,41.67,387400.0,41.67,6500,41.7,3000,-0.55,41.67,41.67,387400,16140000.0,0.1,0.0,167.17,244.37,50.28,33.52,0.0
瑞尔特,sz002790,5.91,5.93,5.91,2900.0,5.91,1100,5.93,100,-0.34,5.91,5.91,2900,20000.0,0.0,0.0,15.41,24.7,6.52,5.34,0.0
招金黄金,sz000506,17.98,17.75,17.98,1149400.0,17.98,9100,17.99,8500,1.3,17.98,17.98,1149400,20670000.0,0.12,0.0,166.98,167.04,19.53,15.98,0.0
德邦科技,sh688035,74.42,75.15,74.42,18708500.0,74.42,2600,74.5,8600,-0.97,74.42,74.42,18708500,13920000.0,0.13,0.0,105.86,105.86,90.18,60.12,0.0
融捷股份,sz002192,73.5,74.03,73.5,701500.0,73.46,300,73.5,16700,-0.72,73.5,73.5,701500,51560000.0,0.27,0.0,190.45,190.85,81.43,66.63,0.0
永杉锂业,sh603399,16.36,16.48,16.36,313600.0,16.35,3700,16.36,257500,-0.73,16.36,16.36,313600,5130000.0,0.06,0.0,83.81,83.81,18.13,14.83,0.0
安妮股份,sz002235,9.41,9.55,9.41,1039000.0,9.41,15000,9.42,9900,-1.47,9.41,9.41,1039000,9780000.0,0.19,0.0,52.09,54.54,10.51,8.6,0.0
海欣食品,sz002702,5.08,5.08,5.08,150000.0,5.06,200,5.08,20200,0.0,5.08,5.08,150000,760000.0,0.03,0.0,23.3,28.23,5.59,4.57,0.0
深桑达Ａ,sz000032,15.56,15.64,15.56,125100.0,15.55,200,15.57,200,-0.51,15.56,15.56,125100,1950000.0,0.01,0.0,189.08,189.08,17.2,14.08,0.0
近岸蛋白,sh688137,66.94,68.43,66.94,4333400.0,66.94,7000,67.0,500,-2.18,66.94,66.94,4333400,2900000.0,0.06,0.0,46.8,46.8,82.12,54.74,0.0
日联科技,sh688531,149.33,147.06,149.33,3670800.0,149.33,2400,149.39,400,1.54,149.33,149.33,3670800,5480000.0,0.03,0.0,171.4,247.28,176.47,117.65,0.0
京粮控股,sz000505,6.22,6.17,6.22,1410400.0,6.21,16400,6.22,182700,0.81,6.22,6.22,1410400,8770000.0,0.22,0.0,39.33,45.22,6.79,5.55,0.0
双星新材,sz002585,11.05,11.18,11.05,1054100.0,11.05,24700,11.06,1700,-1.16,11.05,11.05,1054100,11650000.0,0.12,0.0,97.99,126.12,12.3,10.06,0.0
上海九百,sh600838,7.57,7.57,7.57,23900.0,7.54,1200,7.57,4800,0.0,7.57,7.57,23900,180000.0,0.01,0.0,30.35,30.35,8.33,6.81,0.0
中银证券,sh601696,12.01,12.07,12.01,120100.0,12.01,29400,12.05,1000,-0.5,12.01,12.01,120100,1440000.0,0.0,0.0,333.64,333.64,13.28,10.86,0.0
双杰电气,sz300444,11.03,10.96,11.03,320100.0,11.02,500,11.03,5200,0.64,11.03,11.03,320100,3530000.0,0.05,0.0,69.21,88.75,13.15,8.77,0.0
光大同创,sz301387,61.1,60.87,61.1,18800.0,60.88,800,61.1,200,0.38,61.1,61.1,18800,1150000.0,0.04,0.0,26.08,65.56,73.04,48.7,0.0
国轩高科,sz002074,27.35,27.44,27.35,33600.0,27.35,800,27.39,1300,-0.33,27.35,27.35,33600,920000.0,0.0,0.0,475.0,496.33,30.18,24.7,0.0
东方电气,sh600875,28.0,27.98,28.0,519300.0,27.99,11500,28.0,18000,0.07,28.0,28.0,519300,14540000.0,0.02,0.0,633.74,968.34,30.78,25.18,0.0
灿勤科技,sh688182,32.03,29.49,32.03,36306500.0,32.03,62800,32.32,700,8.61,32.03,32.03,36306500,11630000.0,0.09,0.0,128.12,128.12,35.39,23.59,0.0
海思科,sz002653,70.18,70.11,70.18,7600.0,70.18,400,70.2,300,0.1,70.18,70.18,7600,530000.0,0.0,0.0,376.72,800.68,77.12,63.1,0.0
诺德股份,sh600110,10.87,10.83,10.87,1292900.0,10.87,528400,10.88,23600,0.37,10.87,10.87,1292900,14050000.0,0.07,0.0,188.61,188.61,11.91,9.75,0.0
中伟新材,sz300919,41.45,41.53,41.45,26500.0,41.45,100,41.48,300,-0.19,41.45,41.45,26500,1100000.0,0.0,0.0,379.15,432.93,49.84,33.22,0.0
东方钽业,sz000962,58.36,57.56,58.36,406600.0,58.36,27800,58.37,100,1.39,58.36,58.36,406600,23730000.0,0.08,0.0,293.56,307.78,63.32,51.8,0.0
株冶集团,sh600961,29.72,29.82,29.72,429900.0,29.71,1000,29.72,2700,-0.34,29.72,29.72,429900,12780000.0,0.06,0.0,223.44,318.86,32.8,26.84,0.0
泰和科技,sz300801,24.42,24.47,24.42,11900.0,24.42,500,24.44,100,-0.2,24.42,24.42,11900,290000.0,0.01,0.0,33.59,53.34,29.36,19.58,0.0
联瑞新材,sh688300,166.0,166.47,166.0,6639400.0,165.6,1000,166.0,7200,-0.28,166.0,166.0,6639400,11020000.0,0.03,0.0,400.84,400.84,199.76,133.18,0.0
先锋精科,sh688605,80.79,80.41,80.79,1055500.0,80.42,500,80.79,0,0.47,80.79,80.79,1055500,850000.0,0.01,0.0,87.54,163.5,96.49,64.33,0.0
漳州发展,sz000753,4.84,4.8,4.84,52500.0,4.8,3400,4.84,19500,0.83,4.84,4.84,52500,250000.0,0.01,0.0,47.99,47.99,5.28,4.32,0.0
宏工科技,sz301662,73.1,73.15,73.1,7700.0,73.1,100,73.13,200,-0.07,73.1,73.1,7700,560000.0,0.02,0.0,32.6,84.8,87.78,58.52,0.0
华峰测控,sh688200,437.79,437.1,437.79,986000.0,437.79,100,437.88,400,0.16,437.79,437.79,986000,4320000.0,0.0,0.0,879.07,879.07,524.52,349.68,0.0
金鹰股份,sh600232,6.48,6.46,6.48,25000.0,6.47,100,6.48,19700,0.31,6.48,6.48,25000,160000.0,0.01,0.0,23.63,23.63,7.11,5.81,0.0
凯盛新材,sz301069,17.47,17.72,17.47,142000.0,17.46,5000,17.47,108000,-1.41,17.47,17.47,142000,2480000.0,0.03,0.0,74.56,79.17,21.26,14.18,0.0
飞龙股份,sz002536,46.11,46.11,46.11,211300.0,46.1,800,46.11,5200,0.0,46.11,46.11,211300,9740000.0,0.04,0.0,251.02,265.03,50.72,41.5,0.0
华新建材,sh600801,22.76,22.87,22.76,11800.0,22.76,100,22.86,4200,-0.48,22.76,22.76,11800,270000.0,0.0,0.0,305.37,473.18,25.16,20.58,0.0
双鹭药业,sz002038,6.14,6.17,6.14,217100.0,6.13,3300,6.14,28700,-0.49,6.14,6.14,217100,1330000.0,0.03,0.0,52.31,63.08,6.79,5.55,0.0
奥锐特,sh605116,20.5,20.59,20.5,8700.0,20.4,200,20.5,20700,-0.44,20.5,20.5,8700,180000.0,0.0,0.0,83.27,83.27,22.65,18.53,0.0
劲嘉股份,sz002191,3.76,3.79,3.76,69900.0,3.75,84900,3.76,3300,-0.79,3.76,3.76,69900,260000.0,0.0,0.0,52.74,53.17,4.17,3.41,0.0
至纯科技,sh603690,26.95,27.14,26.95,449200.0,26.95,107600,26.97,1000,-0.7,26.95,26.95,449200,12110000.0,0.12,0.0,103.21,103.21,29.85,24.43,0.0
晶盛机电,sz300316,45.36,45.36,45.36,51100.0,45.36,3800,45.38,100,0.0,45.36,45.36,51100,2320000.0,0.0,0.0,558.63,594.0,54.43,36.29,0.0
欣旺达,sz300207,18.45,18.57,18.45,135500.0,18.45,91300,18.46,13600,-0.65,18.45,18.45,135500,2500000.0,0.01,0.0,316.22,340.86,22.28,14.86,0.0
泰坦股份,sz003036,60.0,59.41,60.0,67100.0,59.99,11800,60.0,2000,0.99,60.0,60.0,67100,4030000.0,0.03,0.0,129.96,129.96,65.35,53.47,0.0
图南股份,sz300855,33.06,33.06,33.06,17800.0,33.05,300,33.06,1600,0.0,33.06,33.06,17800,590000.0,0.01,0.0,96.85,130.76,39.67,26.45,0.0
硕世生物,sh688399,29.75,29.7,29.75,557100.0,29.6,500,29.75,100,0.17,29.75,29.75,557100,170000.0,0.0,0.0,36.93,36.93,35.64,23.76,0.0
永兴材料,sz002756,48.7,48.7,48.7,17800.0,48.7,2300,48.75,100,0.0,48.7,48.7,17800,870000.0,0.0,0.0,188.51,262.54,53.57,43.83,0.0
纳芯微,sh688052,245.0,244.0,245.0,211800.0,244.0,200,245.0,200,0.41,245.0,245.0,211800,520000.0,0.0,0.0,351.36,400.59,292.8,195.2,0.0
翔港科技,sh603499,12.8,12.77,12.8,10800.0,12.77,3200,12.8,4200,0.23,12.8,12.8,10800,140000.0,0.0,0.0,54.22,54.22,14.05,11.49,0.0
中闽能源,sh600163,5.09,5.11,5.09,31300.0,5.08,26900,5.09,8100,-0.39,5.09,5.09,31300,160000.0,0.0,0.0,96.86,96.86,5.62,4.6,0.0
焦作万方,sz000612,11.28,11.35,11.28,193000.0,11.28,167300,11.29,300,-0.62,11.28,11.28,193000,2180000.0,0.02,0.0,134.48,134.48,12.49,10.22,0.0
中科电气,sz300035,13.79,13.79,13.79,34600.0,13.78,200,13.79,12200,0.0,13.79,13.79,34600,480000.0,0.01,0.0,80.44,94.52,16.55,11.03,0.0
温州宏丰,sz300283,14.8,14.94,14.8,145400.0,14.79,1400,14.8,16600,-0.94,14.8,14.8,145400,2150000.0,0.04,0.0,56.22,73.55,17.93,11.95,0.0
东宝生物,sz300239,5.09,5.13,5.09,17400.0,5.09,4100,5.1,800,-0.78,5.09,5.09,17400,90000.0,0.0,0.0,30.02,30.22,6.16,4.1,0.0
天承科技,sh688603,118.98,118.96,118.98,1671400.0,118.98,200,119.0,1000,0.02,118.98,118.98,1671400,1990000.0,0.01,0.0,148.4,148.4,142.75,95.17,0.0
金杯电工,sz002533,11.53,11.57,11.53,7700.0,11.53,1200,11.54,1800,-0.35,11.53,11.53,7700,90000.0,0.0,0.0,74.5,84.62,12.73,10.41,0.0
力星股份,sz300421,18.0,18.01,18.0,600.0,17.95,300,18.0,5500,-0.06,18.0,18.0,600,10000.0,0.0,0.0,41.45,52.93,21.61,14.41,0.0
海南高速,sz000886,4.56,4.57,4.56,53100.0,4.55,24100,4.56,2800,-0.22,4.56,4.56,53100,240000.0,0.01,0.0,44.59,45.09,5.03,4.11,0.0
沪硅产业,sh688126,27.4,26.8,27.4,112971200.0,27.4,18300,27.41,300,2.24,27.4,27.4,112971200,30950000.0,0.04,0.0,778.74,905.58,32.16,21.44,0.0
科力远,sh600478,4.96,4.96,4.96,54000.0,4.95,3100,4.96,93200,0.0,4.96,4.96,54000,270000.0,0.0,0.0,84.02,84.02,5.46,4.46,0.0
同兴科技,sz003027,16.8,16.77,16.8,4400.0,16.77,400,16.8,4100,0.18,16.8,16.8,4400,70000.0,0.0,0.0,17.62,21.96,18.45,15.09,0.0
天奈科技,sh688116,33.88,33.5,33.88,1670000.0,33.7,500,33.88,8200,1.13,33.88,33.88,1670000,570000.0,0.0,0.0,124.18,124.18,40.2,26.8,0.0
皇氏集团,sz002329,4.3,4.36,4.3,4156500.0,4.3,74400,4.31,62700,-1.38,4.3,4.3,4156500,17870000.0,0.64,0.0,28.02,35.79,4.8,3.92,0.0
赤峰黄金,sh600988,41.05,40.78,41.05,302500.0,41.0,700,41.05,2600,0.66,41.05,41.05,302500,12420000.0,0.02,0.0,683.04,780.12,44.86,36.7,0.0
利柏特,sh605167,14.43,14.6,14.43,32400.0,14.4,29400,14.43,1700,-1.16,14.43,14.43,32400,470000.0,0.01,0.0,73.58,73.58,16.06,13.14,0.0
同益股份,sz300538,15.58,15.68,15.58,4800.0,15.58,200,15.69,800,-0.64,15.58,15.58,4800,70000.0,0.0,0.0,18.85,28.34,18.82,12.54,0.0
新澳股份,sh603889,5.68,5.67,5.68,58100.0,5.68,25500,5.69,46000,0.18,5.68,5.68,58100,330000.0,0.01,0.0,53.51,53.91,6.24,5.1,0.0
通用电梯,sz300931,14.71,14.8,14.71,67700.0,14.71,1300,14.79,1000,-0.61,14.71,14.71,67700,1000000.0,0.03,0.0,28.76,35.77,17.76,11.84,0.0
艾力斯,sh688578,119.66,120.04,119.66,2765200.0,119.56,3000,119.66,3500,-0.32,119.66,119.66,2765200,3310000.0,0.01,0.0,538.47,538.47,144.05,96.03,0.0
寒武纪,sh688256,1150.0,1156.0,1150.0,9529900.0,1148.0,700,1150.0,1400,-0.52,1150.0,1150.0,9529900,109590000.0,0.02,0.0,7225.37,7225.37,1387.2,924.8,0.0
山东玻纤,sh605006,15.7,15.76,15.7,496600.0,15.69,1400,15.7,4500,-0.38,15.7,15.7,496600,7800000.0,0.08,0.0,102.62,102.62,17.34,14.18,0.0
瑞泰新材,sz301238,16.82,16.96,16.82,6500.0,16.81,200,16.88,5500,-0.83,16.82,16.82,6500,110000.0,0.0,0.0,123.35,123.35,20.35,13.57,0.0
光库科技,sz300620,326.01,326.7,326.01,84800.0,326.01,3800,326.04,500,-0.21,326.01,326.01,84800,27650000.0,0.03,0.0,806.34,812.35,392.04,261.36,0.0
巨人网络,sz002558,27.25,27.19,27.25,546000.0,27.23,400,27.25,20700,0.22,27.25,27.25,546000,14880000.0,0.03,0.0,517.9,517.9,29.91,24.47,0.0
洛凯股份,sh603829,15.63,15.48,15.63,12600.0,15.62,500,15.63,100,0.97,15.63,15.63,12600,200000.0,0.01,0.0,29.11,29.11,17.03,13.93,0.0
杭可科技,sh688006,23.0,22.84,23.0,4759800.0,23.0,26300,23.02,600,0.7,23.0,23.0,4759800,1090000.0,0.01,0.0,138.84,138.84,27.41,18.27,0.0
福建水泥,sh600802,4.6,4.61,4.6,8000.0,4.58,11900,4.6,4500,-0.22,4.6,4.6,8000,40000.0,0.0,0.0,21.08,21.08,5.07,4.15,0.0
西部黄金,sh601069,28.45,28.4,28.45,130900.0,28.44,200,28.45,79300,0.18,28.45,28.45,130900,3720000.0,0.01,0.0,252.41,259.18,31.24,25.56,0.0
爱司凯,sz300521,24.95,24.48,24.95,6200.0,24.72,700,24.95,4800,1.92,24.95,24.95,6200,150000.0,0.0,0.0,36.89,37.36,29.38,19.58,0.0
赣锋锂业,sz002460,54.51,54.28,54.51,153700.0,54.51,10300,54.53,100,0.42,54.51,54.51,153700,8380000.0,0.01,0.0,660.23,1142.91,59.71,48.85,0.0
贵研铂业,sh600459,23.0,22.97,23.0,1869700.0,22.99,400,23.0,30700,0.13,23.0,23.0,1869700,43000000.0,0.25,0.0,174.73,189.35,25.27,20.67,0.0
永冠新材,sh603681,19.68,19.17,19.68,41900.0,19.64,5100,19.68,2600,2.66,19.68,19.68,41900,820000.0,0.02,0.0,46.79,46.79,21.09,17.25,0.0
垒知集团,sz002398,4.14,4.14,4.14,15800.0,4.13,5000,4.14,10100,0.0,4.14,4.14,15800,70000.0,0.0,0.0,24.83,28.49,4.55,3.73,0.0
精智达,sh688627,540.0,542.0,540.0,1723800.0,540.0,1100,541.0,700,-0.37,540.0,540.0,1723800,9310000.0,0.02,0.0,508.29,508.29,650.4,433.6,0.0
合富中国,sh603122,12.4,12.57,12.4,73000.0,12.4,2800,12.48,2000,-1.35,12.4,12.4,73000,910000.0,0.02,0.0,49.36,49.36,13.83,11.31,0.0
新亚制程,sz002388,6.08,6.02,6.08,201600.0,6.07,2200,6.08,19800,1.0,6.08,6.08,201600,1230000.0,0.04,0.0,30.78,30.8,6.62,5.42,0.0
润阳科技,sz300920,35.44,35.43,35.44,1300.0,35.43,300,35.57,200,0.03,35.44,35.44,1300,50000.0,0.0,0.0,30.6,46.07,42.52,28.34,0.0
赢合科技,sz300457,20.54,20.64,20.54,12000.0,20.54,2900,20.56,2500,-0.48,20.54,20.54,12000,250000.0,0.0,0.0,130.4,132.52,24.77,16.51,0.0
大东方,sh600327,4.03,4.03,4.03,50500.0,4.03,3500,4.04,2300,0.0,4.03,4.03,50500,200000.0,0.01,0.0,35.66,35.66,4.43,3.63,0.0
丰林集团,sh601996,2.48,2.47,2.48,47100.0,2.47,66000,2.48,103400,0.4,2.48,2.48,47100,120000.0,0.0,0.0,27.8,27.8,2.72,2.22,0.0
广发证券,sz000776,21.16,21.21,21.16,121400.0,21.15,1400,21.16,2200,-0.24,21.16,21.16,121400,2570000.0,0.0,0.0,1249.3,1655.74,23.33,19.09,0.0
昭衍新药,sh603127,53.08,53.48,53.08,175600.0,53.03,5200,53.08,200,-0.75,53.08,53.08,175600,9320000.0,0.03,0.0,333.19,397.75,58.83,48.13,0.0
美盈森,sz002303,5.19,5.18,5.19,120700.0,5.18,4100,5.19,4600,0.19,5.19,5.19,120700,630000.0,0.01,0.0,50.18,79.48,5.7,4.66,0.0
*ST东智,sz002175,2.58,2.59,2.58,92800.0,2.58,37000,2.59,31500,-0.39,2.58,2.58,92800,240000.0,0.01,0.0,32.94,32.94,2.85,2.33,0.0
金安国纪,sz002636,71.52,71.39,71.52,280800.0,71.52,3400,71.55,200,0.18,71.52,71.52,280800,20080000.0,0.04,0.0,518.03,520.67,78.53,64.25,0.0
百隆东方,sh601339,7.83,7.83,7.83,31300.0,7.81,1000,7.83,8700,0.0,7.83,7.83,31300,250000.0,0.0,0.0,117.42,117.42,8.61,7.05,0.0
精研科技,sz300709,41.66,41.73,41.66,46300.0,41.66,3300,41.69,100,-0.17,41.66,41.66,46300,1930000.0,0.03,0.0,62.43,77.76,50.08,33.38,0.0
金石资源,sh603505,16.54,16.47,16.54,84300.0,16.5,2000,16.54,51800,0.43,16.54,16.54,84300,1390000.0,0.01,0.0,139.21,139.21,18.12,14.82,0.0
联芸科技,sh688449,70.88,70.88,70.88,3017400.0,70.88,100,70.89,2800,0.0,70.88,70.88,3017400,2140000.0,0.01,0.0,207.82,326.05,85.06,56.7,0.0
民德电子,sz300656,29.52,29.21,29.52,61100.0,29.51,400,29.52,4000,1.06,29.52,29.52,61100,1800000.0,0.05,0.0,39.84,50.52,35.05,23.37,0.0
飞科电器,sh603868,30.6,30.78,30.6,200.0,30.55,600,30.6,1700,-0.58,30.6,30.6,200,10000.0,0.0,0.0,133.29,133.29,33.86,27.7,0.0
海翔药业,sz002099,5.47,5.5,5.47,15700.0,5.46,100,5.47,53200,-0.55,5.47,5.47,15700,90000.0,0.0,0.0,88.44,88.54,6.05,4.95,0.0
东威科技,sh688700,61.2,61.2,61.2,4120300.0,61.12,500,61.2,3700,0.0,61.2,61.2,4120300,2520000.0,0.01,0.0,182.62,182.62,73.44,48.96,0.0
磁谷科技,sh688448,60.0,59.8,60.0,2025700.0,60.0,800,60.16,200,0.33,60.0,60.0,2025700,1220000.0,0.02,0.0,58.51,58.51,71.76,47.84,0.0
五新智能,bj920174,28.13,28.13,28.13,200.0,28.12,700,28.13,1400,0.0,28.13,28.13,200,6800.000000000001,0.0,0.0,15.69,61.02,36.56,19.7,0.0
上海谊众,sh688091,42.46,41.9,42.46,1400800.0,42.08,200,42.46,11400,1.34,42.46,42.46,1400800,590000.0,0.01,0.0,87.77,87.77,50.28,33.52,0.0
浙江东日,sh600113,32.3,32.0,32.3,15100.0,32.21,1300,32.3,100,0.94,32.3,32.3,15100,490000.0,0.0,0.0,132.89,136.04,35.2,28.8,0.0
百达精工,sh603331,13.14,13.17,13.14,17700.0,13.14,4200,13.17,13700,-0.23,13.14,13.14,17700,230000.0,0.01,0.0,26.57,26.57,14.49,11.85,0.0
万辰集团,sz300972,200.0,202.2,200.0,1500.0,200.0,100,201.0,100,-1.09,200.0,200.0,1500,300000.0,0.0,0.0,362.6,394.67,242.64,161.76,0.0
汇金科技,sz300561,16.77,16.82,16.77,135500.0,16.76,20600,16.77,15500,-0.3,16.77,16.77,135500,2270000.0,0.06,0.0,40.43,55.02,20.18,13.46,0.0
电广传媒,sz000917,7.25,7.26,7.25,474000.0,7.25,50400,7.26,45400,-0.14,7.25,7.25,474000,3440000.0,0.03,0.0,102.77,102.77,7.99,6.53,0.0
富创精密,sh688409,223.0,224.18,223.0,1895000.0,222.0,1400,223.0,1100,-0.53,223.0,223.0,1895000,4230000.0,0.01,0.0,682.85,682.85,269.02,179.34,0.0
中信金属,sh601061,11.91,12.03,11.91,94100.0,11.91,38500,11.94,200,-1.0,11.91,11.91,94100,1120000.0,0.0,0.0,583.59,583.59,13.23,10.83,0.0
联泓新科,sz003022,21.0,20.84,21.0,186300.0,21.0,24000,21.01,300,0.77,21.0,21.0,186300,3910000.0,0.01,0.0,280.23,280.47,22.92,18.76,0.0
鼎龙股份,sz300054,81.62,81.3,81.62,136200.0,81.6,400,81.62,4700,0.39,81.62,81.62,136200,11120000.0,0.02,0.0,607.49,779.06,97.56,65.04,0.0
电投能源,sz002128,27.28,27.26,27.28,31600.0,27.26,3700,27.28,400,0.07,27.28,27.28,31600,860000.0,0.0,0.0,611.5,852.9,29.99,24.53,0.0
山科智能,sz300897,16.37,16.38,16.37,5600.0,16.33,800,16.38,100,-0.06,16.37,16.37,5600,90000.0,0.0,0.0,20.01,32.06,19.66,13.1,0.0
力量钻石,sz301071,66.0,65.17,66.0,244100.0,66.0,37400,66.01,300,1.27,66.0,66.0,244100,16110000.0,0.13,0.0,123.45,167.94,78.2,52.14,0.0
惠云钛业,sz300891,7.25,7.3,7.25,6500.0,7.25,9000,7.27,900,-0.68,7.25,7.25,6500,50000.0,0.0,0.0,24.18,29.0,8.76,5.84,0.0
华图山鼎,sz300492,26.18,25.96,26.18,9900.0,26.18,200,26.2,1400,0.85,26.18,26.18,9900,260000.0,0.0,0.0,72.08,72.08,31.15,20.77,0.0
蔚蓝锂芯,sz002245,19.57,19.45,19.57,495300.0,19.57,1200,19.58,1800,0.62,19.57,19.57,495300,9690000.0,0.03,0.0,314.9,334.68,21.4,17.51,0.0
宏盛股份,sh603090,40.99,40.75,40.99,9400.0,40.87,1300,40.99,200,0.59,40.99,40.99,9400,390000.0,0.01,0.0,40.99,40.99,44.83,36.68,0.0
奔图科技,sz002180,18.29,18.09,18.29,103400.0,18.2,200,18.29,700,1.11,18.29,18.29,103400,1890000.0,0.01,0.0,248.8,260.06,19.9,16.28,0.0
开能健康,sz300272,6.1,6.14,6.1,81800.0,6.09,300,6.1,4700,-0.65,6.1,6.1,81800,500000.0,0.02,0.0,28.33,37.3,7.37,4.91,0.0
方盛股份,bj920662,20.26,19.5,20.26,36500.0,20.26,6100,20.29,500,3.9,20.26,20.26,36500,740300.0,0.14,0.0,5.47,17.74,25.35,13.65,0.0
上海洗霸,sh603200,38.08,37.67,38.08,30700.0,38.08,200,38.15,100,1.09,38.08,38.08,30700,1170000.0,0.02,0.0,66.82,66.82,41.44,33.9,0.0
中创智领,sh601717,15.39,15.33,15.39,102600.0,15.36,1100,15.39,17900,0.39,15.39,15.39,102600,1580000.0,0.01,0.0,237.34,274.77,16.86,13.8,0.0
上海新阳,sz300236,101.46,101.46,101.46,52900.0,101.43,400,101.46,200,0.0,101.46,101.46,52900,5370000.0,0.02,0.0,282.62,317.96,121.75,81.17,0.0
海光信息,sh688041,287.94,288.8,287.94,9861100.0,287.57,200,287.94,10900,-0.3,287.94,287.94,9861100,28390000.0,0.0,0.0,6692.7,6692.7,346.56,231.04,0.0
瑞丰新材,sz300910,27.09,27.13,27.09,33400.0,27.09,200,27.1,12800,-0.15,27.09,27.09,33400,900000.0,0.01,0.0,72.68,103.77,32.56,21.7,0.0
锐捷网络,sz301165,147.0,148.0,147.0,298500.0,147.0,5900,147.01,1000,-0.68,147.0,147.0,298500,43890000.0,0.03,0.0,1637.05,1637.05,177.6,118.4,0.0
东阳光,sh600673,36.7,37.57,36.7,640800.0,36.68,1500,36.7,299000,-2.32,36.7,36.7,640800,23520000.0,0.02,0.0,1101.57,1104.51,41.33,33.81,0.0
天铁科技,sz300587,5.16,5.16,5.16,357000.0,5.16,5800,5.19,111900,0.0,5.16,5.16,357000,1840000.0,0.03,0.0,54.31,66.99,6.19,4.13,0.0
联泰环保,sh603797,4.83,4.85,4.83,150200.0,4.83,2000,4.84,3100,-0.41,4.83,4.83,150200,730000.0,0.03,0.0,27.85,27.85,5.34,4.37,0.0
四川黄金,sz001337,48.67,47.93,48.67,83700.0,48.67,3000,48.68,8200,1.54,48.67,48.67,83700,4070000.0,0.02,0.0,204.41,204.41,52.72,43.14,0.0
上海凤凰,sh600679,9.64,9.52,9.64,66600.0,9.59,100,9.64,700,1.26,9.64,9.64,66600,640000.0,0.02,0.0,33.13,47.75,10.47,8.57,0.0
中金黄金,sh600489,25.4,25.48,25.4,818400.0,25.39,900,25.4,37500,-0.31,25.4,25.4,818400,20790000.0,0.02,0.0,1231.22,1231.22,28.03,22.93,0.0
永新股份,sz002014,10.67,10.71,10.67,2100.0,10.67,3400,10.68,100,-0.37,10.67,10.67,2100,20000.0,0.0,0.0,64.31,65.35,11.78,9.64,0.0
新洋丰,sz000902,13.92,13.26,13.92,444600.0,13.92,6300,13.93,5700,4.98,13.92,13.92,444600,6190000.0,0.04,0.0,159.08,174.66,14.59,11.93,0.0
家联科技,sz301193,18.74,18.59,18.74,16600.0,18.36,1000,18.74,3100,0.81,18.74,18.74,16600,310000.0,0.01,0.0,34.52,45.14,22.31,14.87,0.0
晨光新材,sh605399,11.08,11.09,11.08,16500.0,11.07,8400,11.08,800,-0.09,11.08,11.08,16500,180000.0,0.01,0.0,34.46,34.5,12.2,9.98,0.0
上能电气,sz300827,26.88,27.04,26.88,46700.0,26.86,1900,26.88,12000,-0.59,26.88,26.88,46700,1260000.0,0.01,0.0,117.34,149.64,32.45,21.63,0.0
晨丰科技,sh603685,26.15,25.9,26.15,5600.0,26.15,100,26.19,2000,0.97,26.15,26.15,5600,150000.0,0.0,0.0,52.68,66.15,28.49,23.31,0.0
ST合纵,sz300477,2.65,2.66,2.65,83500.0,2.64,94900,2.65,10900,-0.38,2.65,2.65,83500,220000.0,0.01,0.0,26.26,28.41,3.19,2.13,0.0
兴发集团,sh600141,33.3,33.02,33.3,689100.0,33.27,500,33.3,56900,0.85,33.3,33.3,689100,22950000.0,0.06,0.0,400.18,400.18,36.32,29.72,0.0
唯科科技,sz301196,93.64,95.35,93.64,18800.0,93.56,3700,93.64,1100,-1.79,93.64,93.64,18800,1760000.0,0.02,0.0,100.94,153.77,114.42,76.28,0.0
中兴商业,sz000715,5.25,5.24,5.25,124200.0,5.25,200,5.26,1000,0.19,5.25,5.25,124200,650000.0,0.03,0.0,25.53,28.37,5.76,4.72,0.0
天岳先进,sh688234,120.26,120.24,120.26,6548700.0,120.25,200,120.26,28100,0.02,120.26,120.26,6548700,7880000.0,0.02,0.0,516.77,582.8,144.29,96.19,0.0
中色股份,sz000758,6.08,6.12,6.08,129600.0,6.08,11900,6.09,27000,-0.65,6.08,6.08,129600,790000.0,0.01,0.0,120.55,120.98,6.73,5.51,0.0
振德医疗,sh603301,85.97,85.62,85.97,11000.0,85.3,200,85.97,500,0.41,85.97,85.97,11000,950000.0,0.0,0.0,226.85,226.85,94.18,77.06,0.0
鼎阳科技,sh688112,61.95,58.19,61.95,10261700.0,61.94,1600,61.95,12800,6.46,61.95,61.95,10261700,6360000.0,0.06,0.0,98.87,98.87,69.83,46.55,0.0
兆威机电,sz003021,81.97,81.95,81.97,5400.0,81.96,3700,81.97,1800,0.02,81.97,81.97,5400,440000.0,0.0,0.0,169.96,219.33,90.15,73.76,0.0
富瑞特装,sz300228,7.52,7.47,7.52,124200.0,7.52,11000,7.53,9900,0.67,7.52,7.52,124200,930000.0,0.02,0.0,42.03,44.93,8.96,5.98,0.0
国投中鲁,sh600962,26.42,26.31,26.42,42400.0,26.39,100,26.42,2400,0.42,26.42,26.42,42400,1120000.0,0.02,0.0,69.28,69.28,28.94,23.68,0.0
星云股份,sz300648,40.95,40.95,40.95,5200.0,40.95,200,40.99,300,0.0,40.95,40.95,5200,210000.0,0.0,0.0,54.34,71.37,49.14,32.76,0.0
莱尔科技,sh688683,33.56,33.58,33.56,2019100.0,33.31,400,33.56,1700,-0.06,33.56,33.56,2019100,680000.0,0.01,0.0,54.06,54.06,40.3,26.86,0.0
ST朗进,sz300594,15.34,15.3,15.34,17300.0,15.3,3000,15.34,1100,0.26,15.34,15.34,17300,270000.0,0.02,0.0,13.96,14.09,18.36,12.24,0.0
天山铝业,sz002532,13.31,13.55,13.31,968100.0,13.31,16500,13.32,300,-1.77,13.31,13.31,968100,12890000.0,0.02,0.0,546.62,616.08,14.91,12.2,0.0
张江高科,sh600895,32.8,32.91,32.8,129200.0,32.78,100,32.8,41700,-0.33,32.8,32.8,129200,4240000.0,0.01,0.0,507.97,507.97,36.2,29.62,0.0
凯美特气,sz002549,14.55,14.58,14.55,48400.0,14.54,100,14.55,28000,-0.21,14.55,14.55,48400,700000.0,0.01,0.0,100.74,101.17,16.04,13.12,0.0
利和兴,sz301013,46.79,46.91,46.79,151600.0,46.68,5500,46.79,1100,-0.26,46.79,46.79,151600,7090000.0,0.08,0.0,88.55,109.37,56.29,37.53,0.0
弘元绿能,sh603185,17.08,17.22,17.08,45700.0,17.06,2600,17.08,29700,-0.81,17.08,17.08,45700,780000.0,0.01,0.0,115.98,116.67,18.94,15.5,0.0
江钨装备,sh600397,18.67,18.67,18.67,638900.0,18.66,100,18.67,30700,0.0,18.67,18.67,638900,11930000.0,0.06,0.0,184.83,184.83,20.54,16.8,0.0
精测电子,sz300567,242.5,240.5,242.5,57400.0,242.5,3700,242.89,1100,0.83,242.5,242.5,57400,13920000.0,0.03,0.0,550.6,678.39,288.6,192.4,0.0
泰福泵业,sz300992,25.52,25.42,25.52,2000.0,25.17,800,25.52,300,0.39,25.52,25.52,2000,50000.0,0.0,0.0,19.9,24.32,30.5,20.34,0.0
启明星辰,sz002439,13.83,13.93,13.83,71700.0,13.83,17300,13.84,3600,-0.72,13.83,13.83,71700,990000.0,0.01,0.0,100.77,167.54,15.32,12.54,0.0
中基健康,sz000972,3.63,3.64,3.63,516700.0,3.63,37400,3.64,16800,-0.27,3.63,3.63,516700,1880000.0,0.07,0.0,28.0,28.0,4.0,3.28,0.0
晓程科技,sz300139,48.17,47.01,48.17,570900.0,48.07,300,48.17,1600,2.47,48.17,48.17,570900,27500000.0,0.24,0.0,112.55,131.99,56.41,37.61,0.0
华金资本,sz000532,11.22,11.25,11.22,10400.0,11.2,100,11.22,4100,-0.27,11.22,11.22,10400,120000.0,0.0,0.0,38.55,38.68,12.38,10.13,0.0
德龙激光,sh688170,56.83,57.05,56.83,1434600.0,56.83,800,56.98,1900,-0.39,56.83,56.83,1434600,820000.0,0.01,0.0,58.74,58.74,68.46,45.64,0.0
龙佰集团,sz002601,15.73,15.74,15.73,27300.0,15.7,3100,15.73,1300,-0.06,15.73,15.73,27300,430000.0,0.0,0.0,312.65,375.04,17.31,14.17,0.0
*ST美谷,sz000615,3.33,3.34,3.33,11300.0,3.32,6000,3.33,5300,-0.3,3.33,3.33,11300,40000.0,0.0,0.0,30.81,59.52,3.67,3.01,0.0
德才股份,sh605287,39.46,39.36,39.46,9700.0,39.46,7800,39.48,200,0.25,39.46,39.46,9700,380000.0,0.01,0.0,55.24,55.24,43.3,35.42,0.0
亚太股份,sz002284,9.9,9.29,9.9,1361900.0,9.9,138400,9.91,300,6.57,9.9,9.9,1361900,13480000.0,0.19,0.0,72.49,73.17,10.22,8.36,0.0
硅宝科技,sz300019,15.4,15.46,15.4,63200.0,15.4,200,15.46,1300,-0.39,15.4,15.4,63200,970000.0,0.02,0.0,56.77,60.54,18.55,12.37,0.0
重药控股,sz000950,6.02,6.02,6.02,1591400.0,6.01,8300,6.02,66600,0.0,6.02,6.02,1591400,9580000.0,0.09,0.0,103.11,103.11,6.62,5.42,0.0
信立泰,sz002294,35.1,35.12,35.1,62900.0,35.05,300,35.1,1800,-0.06,35.1,35.1,62900,2210000.0,0.01,0.0,391.21,391.3,38.63,31.61,0.0
华特气体,sh688268,163.96,162.67,163.96,3462200.0,163.77,300,163.96,600,0.79,163.96,163.96,3462200,5680000.0,0.03,0.0,209.35,209.35,195.2,130.14,0.0
长阳科技,sh688299,13.49,13.38,13.49,1570200.0,13.33,200,13.49,4100,0.82,13.49,13.49,1570200,210000.0,0.01,0.0,38.77,38.77,16.06,10.7,0.0
立达信,sh605365,14.15,14.15,14.15,7500.0,14.1,32000,14.15,1400,0.0,14.15,14.15,7500,110000.0,0.0,0.0,71.03,71.03,15.57,12.74,0.0
新迅达,sz300518,24.51,24.35,24.51,62300.0,24.51,1800,24.54,800,0.66,24.51,24.51,62300,1530000.0,0.03,0.0,48.87,48.88,29.22,19.48,0.0
东方锆业,sz002167,18.27,18.39,18.27,262900.0,18.26,1400,18.27,3700,-0.65,18.27,18.27,262900,4800000.0,0.03,0.0,138.62,141.53,20.23,16.55,0.0
江苏北人,sh688218,46.1,45.95,46.1,808700.0,46.08,2000,46.1,5800,0.33,46.1,46.1,808700,370000.0,0.01,0.0,53.7,53.7,55.14,36.76,0.0
众泰汽车,sz000980,1.73,1.72,1.73,199100.0,1.72,47400,1.73,167200,0.58,1.73,1.73,199100,340000.0,0.0,0.0,87.24,87.24,1.89,1.55,0.0
寒锐钴业,sz300618,36.05,36.46,36.05,34200.0,36.04,1600,36.05,2400,-1.12,36.05,36.05,34200,1230000.0,0.01,0.0,98.24,111.65,43.75,29.17,0.0
南侨食品,sh605339,14.97,15.0,14.97,83800.0,14.94,800,14.97,1100,-0.2,14.97,14.97,83800,1250000.0,0.02,0.0,63.52,63.52,16.5,13.5,0.0
阳光诺和,sh688621,68.33,67.53,68.33,1596600.0,68.19,1900,68.33,4300,1.18,68.33,68.33,1596600,1090000.0,0.01,0.0,76.53,76.53,81.04,54.02,0.0
仁东控股,sz002647,11.6,11.69,11.6,101100.0,11.55,2600,11.6,8200,-0.77,11.6,11.6,101100,1170000.0,0.01,0.0,117.77,131.11,12.86,10.52,0.0
思泰克,sz301568,74.95,74.5,74.95,17100.0,74.92,200,74.96,100,0.6,74.95,74.95,17100,1280000.0,0.04,0.0,35.68,77.39,89.4,59.6,0.0
人民同泰,sh600829,11.27,11.54,11.27,1000400.0,11.27,28900,11.29,900,-2.34,11.27,11.27,1000400,11270000.0,0.17,0.0,65.35,65.35,12.69,10.39,0.0
同星科技,sz301252,33.75,33.86,33.75,6600.0,33.7,100,33.75,100,-0.32,33.75,33.75,6600,220000.0,0.0,0.0,45.8,57.11,40.63,27.09,0.0
西藏矿业,sz000762,23.52,23.49,23.52,68300.0,23.51,200,23.52,8100,0.13,23.52,23.52,68300,1610000.0,0.01,0.0,122.49,122.5,25.84,21.14,0.0
正和生态,sh605069,11.01,10.97,11.01,17300.0,10.97,1100,11.01,600,0.36,11.01,11.01,17300,190000.0,0.01,0.0,23.31,23.31,12.07,9.87,0.0
西藏珠峰,sh600338,13.8,13.88,13.8,83800.0,13.79,900,13.8,9200,-0.58,13.8,13.8,83800,1160000.0,0.01,0.0,126.16,126.16,15.27,12.49,0.0
高盟新材,sz300200,9.06,9.07,9.06,36700.0,9.06,13500,9.07,3100,-0.11,9.06,9.06,36700,330000.0,0.01,0.0,38.4,39.05,10.88,7.26,0.0
中原内配,sz002448,13.63,13.63,13.63,728300.0,13.62,300,13.63,27900,0.0,13.63,13.63,728300,9930000.0,0.13,0.0,79.12,80.2,14.99,12.27,0.0
金太阳,sz300606,39.77,39.11,39.77,65600.0,39.77,5600,39.99,400,1.69,39.77,39.77,65600,2610000.0,0.06,0.0,46.8,55.02,46.93,31.29,0.0
沧州明珠,sz002108,4.39,4.38,4.39,47500.0,4.38,7300,4.39,67100,0.23,4.39,4.39,47500,210000.0,0.0,0.0,72.35,72.37,4.82,3.94,0.0
洛阳钼业,sh603993,18.8,19.13,18.8,2529800.0,18.8,72100,18.81,11100,-1.73,18.8,18.8,2529800,47560000.0,0.01,0.0,3282.64,4022.13,21.04,17.22,0.0
泰嘉股份,sz002843,17.06,17.21,17.06,38900.0,17.02,500,17.06,800,-0.87,17.06,17.06,38900,660000.0,0.02,0.0,42.68,42.95,18.93,15.49,0.0
合肥城建,sz002208,11.85,11.65,11.85,391300.0,11.85,23500,11.87,2100,1.72,11.85,11.85,391300,4640000.0,0.05,0.0,95.16,95.19,12.82,10.49,0.0
海马汽车,sz000572,3.94,3.9,3.94,488300.0,3.94,70100,3.95,41900,1.03,3.94,3.94,488300,1920000.0,0.03,0.0,64.7,64.8,4.29,3.51,0.0
长虹能源,bj920239,21.93,21.88,21.93,1900.0,21.64,1100,21.93,7800,0.23,21.93,21.93,1900,41500.0,0.0,0.0,39.45,39.93,28.44,15.32,0.0
华源控股,sz002787,23.6,23.6,23.6,304300.0,23.6,17700,23.64,100,0.0,23.6,23.6,304300,7180000.0,0.12,0.0,58.55,78.45,25.96,21.24,0.0
华人健康,sz301408,16.72,16.89,16.72,44800.0,16.72,5200,16.73,3000,-1.01,16.72,16.72,44800,750000.0,0.02,0.0,38.28,66.88,20.27,13.51,0.0
罗 牛 山,sz000735,5.72,5.62,5.72,7200200.0,5.71,38400,5.72,42300,1.78,5.72,5.72,7200200,41190000.0,0.63,0.0,65.83,65.87,6.18,5.06,0.0
云图控股,sz002539,12.5,12.48,12.5,25400.0,12.49,600,12.5,500,0.16,12.5,12.5,25400,320000.0,0.0,0.0,111.22,150.97,13.73,11.23,0.0
强达电路,sz301628,93.0,92.07,93.0,102500.0,92.6,1000,93.0,800,1.01,93.0,93.0,102500,9530000.0,0.37,0.0,25.92,70.1,110.48,73.66,0.0
博杰股份,sz002975,108.8,106.01,108.8,71500.0,108.36,4500,108.8,1800,2.63,108.8,108.8,71500,7780000.0,0.05,0.0,150.43,226.45,116.61,95.41,0.0
日出东方,sh603366,6.97,6.97,6.97,39800.0,6.96,3000,6.97,2400,0.0,6.97,6.97,39800,280000.0,0.0,0.0,56.67,56.67,7.67,6.27,0.0
中铝国际,sh601068,4.47,4.48,4.47,99600.0,4.47,4700,4.48,4000,-0.22,4.47,4.47,99600,450000.0,0.0,0.0,114.41,133.52,4.93,4.03,0.0
金凯生科,sz301509,32.62,32.75,32.62,25100.0,32.62,16200,32.66,1800,-0.4,32.62,32.62,25100,820000.0,0.04,0.0,18.51,39.29,39.3,26.2,0.0
诚达药业,sz301201,37.13,37.4,37.13,34900.0,37.0,1200,37.13,2000,-0.72,37.13,37.13,34900,1300000.0,0.03,0.0,40.3,57.45,44.88,29.92,0.0
中旗新材,sz001212,35.92,35.8,35.92,9100.0,35.81,100,35.92,300,0.34,35.92,35.92,9100,330000.0,0.01,0.0,62.45,72.18,39.38,32.22,0.0
万向钱潮,sz000559,11.92,11.91,11.92,81600.0,11.92,33300,11.93,2600,0.08,11.92,11.92,81600,970000.0,0.0,0.0,395.07,395.19,13.1,10.72,0.0
长华化学,sz301518,26.15,26.24,26.15,3700.0,26.15,5100,26.22,1100,-0.34,26.15,26.15,3700,100000.0,0.01,0.0,15.36,38.04,31.49,20.99,0.0
唯捷创芯,sh688153,27.17,27.17,27.17,310000.0,27.06,200,27.17,300,0.0,27.17,27.17,310000,80000.0,0.0,0.0,113.62,116.92,32.6,21.74,0.0
川恒股份,sz002895,34.6,34.59,34.6,23300.0,34.45,10000,34.6,9100,0.03,34.6,34.6,23300,810000.0,0.0,0.0,207.45,209.64,38.05,31.13,0.0
长光华芯,sh688048,332.95,332.88,332.95,5481000.0,332.9,1000,332.95,13400,0.02,332.95,332.95,5481000,18250000.0,0.03,0.0,586.92,586.92,399.46,266.3,0.0
景津装备,sh603279,12.56,12.56,12.56,30600.0,12.56,16500,12.57,900,0.0,12.56,12.56,30600,380000.0,0.01,0.0,72.39,72.39,13.82,11.3,0.0
山金国际,sz000975,27.0,26.92,27.0,236200.0,27.0,14700,27.03,2400,0.3,27.0,27.0,236200,6380000.0,0.01,0.0,681.27,748.58,29.61,24.23,0.0
史丹利,sz002588,8.58,8.6,8.58,19800.0,8.57,400,8.58,10000,-0.23,8.58,8.58,19800,170000.0,0.0,0.0,73.67,98.83,9.46,7.74,0.0
英联股份,sz002846,10.82,10.82,10.82,32200.0,10.82,2000,10.85,1600,0.0,10.82,10.82,32200,350000.0,0.01,0.0,28.82,45.44,11.9,9.74,0.0
润禾材料,sz300727,28.76,28.78,28.76,3100.0,28.51,1000,28.76,3200,-0.07,28.76,28.76,3100,90000.0,0.0,0.0,46.62,51.81,34.54,23.02,0.0
金钼股份,sh601958,22.8,22.95,22.8,279000.0,22.8,1600,22.81,19500,-0.65,22.8,22.8,279000,6360000.0,0.01,0.0,735.67,735.67,25.25,20.66,0.0
朗源股份,sz300175,6.17,6.22,6.17,14500.0,6.16,900,6.17,400,-0.8,6.17,6.17,14500,90000.0,0.0,0.0,29.05,29.05,7.46,4.98,0.0
长川科技,sz300604,303.7,302.57,303.7,102100.0,303.57,900,303.7,2900,0.37,303.7,303.7,102100,31010000.0,0.02,0.0,1486.55,1960.63,363.08,242.06,0.0
运达科技,sz300440,19.0,18.73,19.0,228400.0,18.99,200,19.0,1800,1.44,19.0,19.0,228400,4340000.0,0.05,0.0,83.64,83.96,22.48,14.98,0.0
仕佳光子,sh688313,160.0,160.0,160.0,33160300.0,160.0,5200,160.02,400,0.0,160.0,160.0,33160300,53060000.0,0.07,0.0,723.18,723.18,192.0,128.0,0.0
良信股份,sz002706,10.3,10.09,10.3,752500.0,10.29,11400,10.3,15900,2.08,10.3,10.3,752500,7750000.0,0.08,0.0,94.24,115.68,11.1,9.08,0.0
宁德时代,sz300750,399.0,399.98,399.0,139100.0,398.9,200,399.0,7900,-0.25,399.0,399.0,139100,55500000.0,0.0,0.0,16997.72,18460.35,479.98,319.98,0.0
张家界,sz000430,6.65,6.61,6.65,142800.0,6.64,3500,6.65,63800,0.61,6.65,6.65,142800,950000.0,0.04,0.0,24.64,53.84,7.27,5.95,0.0
晶晨股份,sh688099,99.26,100.22,99.26,2215100.0,99.26,2500,99.78,200,-0.96,99.26,99.26,2215100,2200000.0,0.01,0.0,420.19,420.19,120.26,80.18,0.0
湖南黄金,sz002155,25.12,25.1,25.12,235200.0,25.11,16400,25.12,1900,0.08,25.12,25.12,235200,5910000.0,0.02,0.0,392.5,392.54,27.61,22.59,0.0
*ST卓然,sh688121,2.16,2.13,2.16,8635600.0,2.15,4200,2.16,72800,1.41,2.16,2.16,8635600,190000.0,0.04,0.0,4.38,5.05,2.56,1.7,0.0
赣能股份,sz000899,10.44,10.44,10.44,47800.0,10.44,9000,10.46,100,0.0,10.44,10.44,47800,500000.0,0.0,0.0,101.86,101.86,11.48,9.4,0.0
中船特气,sh688146,310.0,310.11,310.0,13355700.0,309.78,400,310.0,16600,-0.04,310.0,310.0,13355700,41400000.0,0.09,0.0,449.41,1641.18,372.13,248.09,0.0
利安隆,sz300596,43.46,43.59,43.46,79800.0,43.2,200,43.46,4400,-0.3,43.46,43.46,79800,3470000.0,0.03,0.0,99.79,99.79,52.31,34.87,0.0
新华保险,sh601336,58.21,58.55,58.21,71400.0,58.21,3600,58.23,500,-0.58,58.21,58.21,71400,4160000.0,0.0,0.0,1213.93,1815.89,64.41,52.7,0.0
汇隆新材,sz301057,21.86,22.02,21.86,6800.0,21.86,3700,21.95,100,-0.73,21.86,21.86,6800,150000.0,0.01,0.0,17.71,25.57,26.42,17.62,0.0
科安达,sz002972,14.05,14.13,14.05,5800.0,14.05,800,14.08,400,-0.57,14.05,14.05,5800,80000.0,0.0,0.0,18.92,34.56,15.54,12.72,0.0
盟固利,sz301487,16.68,16.76,16.68,18800.0,16.68,1700,16.73,500,-0.48,16.68,16.68,18800,310000.0,0.0,0.0,76.66,76.66,20.11,13.41,0.0
乐鑫科技,sh688018,113.8,114.4,113.8,1149800.0,113.75,200,113.8,500,-0.52,113.8,113.8,1149800,1310000.0,0.0,0.0,266.73,266.73,137.28,91.52,0.0
华通线缆,sh605196,35.97,35.96,35.97,13000.0,35.97,500,36.0,2000,0.03,35.97,35.97,13000,470000.0,0.0,0.0,182.49,183.8,39.56,32.36,0.0
朗威股份,sz301202,36.05,36.05,36.05,4200.0,36.05,100,36.1,200,0.0,36.05,36.05,4200,150000.0,0.01,0.0,28.7,49.17,43.26,28.84,0.0
翔丰华,sz300890,27.3,27.25,27.3,32900.0,27.25,400,27.3,5900,0.18,27.3,27.3,32900,900000.0,0.03,0.0,29.84,32.65,32.7,21.8,0.0
鹏欣资源,sh600490,7.17,7.18,7.17,384300.0,7.16,7100,7.17,56100,-0.14,7.17,7.17,384300,2760000.0,0.02,0.0,142.87,158.66,7.9,6.46,0.0
威星智能,sz002849,18.19,18.2,18.19,26300.0,18.1,22300,18.19,44900,-0.05,18.19,18.19,26300,480000.0,0.01,0.0,39.81,40.13,20.02,16.38,0.0
ST美晨,sz300237,1.99,1.99,1.99,44900.0,1.98,1400,1.99,231500,0.0,1.99,1.99,44900,90000.0,0.0,0.0,28.69,28.69,2.39,1.59,0.0
众生药业,sz002317,28.23,28.24,28.23,177700.0,28.22,700,28.23,6000,-0.04,28.23,28.23,177700,5020000.0,0.02,0.0,215.0,239.94,31.06,25.42,0.0
金瑞矿业,sh600714,16.17,16.14,16.17,110200.0,16.16,1500,16.17,1400,0.19,16.17,16.17,110200,1780000.0,0.04,0.0,46.6,46.6,17.75,14.53,0.0
华友钴业,sh603799,42.74,43.06,42.74,259000.0,42.73,8700,42.74,30900,-0.74,42.74,42.74,259000,11070000.0,0.01,0.0,806.76,809.29,47.37,38.75,0.0
湖北宜化,sz000422,12.78,12.79,12.78,106600.0,12.78,8100,12.79,7700,-0.08,12.78,12.78,106600,1360000.0,0.01,0.0,136.4,138.99,14.07,11.51,0.0
豫光金铅,sh600531,13.5,13.52,13.5,225700.0,13.49,2000,13.5,35100,-0.15,13.5,13.5,225700,3050000.0,0.02,0.0,163.25,163.25,14.87,12.17,0.0
中仑新材,sz301565,19.91,20.04,19.91,8400.0,19.91,200,19.98,1000,-0.65,19.91,19.91,8400,170000.0,0.01,0.0,25.49,79.64,24.05,16.03,0.0
华阳新材,sh600281,5.34,4.85,5.34,2994900.0,5.34,13961700,0.0,0,10.1,5.34,5.34,2994900,15990000.0,0.58,0.0,27.47,27.47,5.34,4.37,0.0
天汽模,sz002510,5.64,5.63,5.64,31600.0,5.64,2900,5.65,6900,0.18,5.64,5.64,31600,180000.0,0.0,0.0,56.67,57.25,6.19,5.07,0.0
中国铝业,sh601600,9.44,9.54,9.44,1053100.0,9.43,41700,9.44,90800,-1.05,9.44,9.44,1053100,9940000.0,0.01,0.0,1246.4,1619.43,10.49,8.59,0.0
岳阳林纸,sh600963,3.38,3.37,3.38,132600.0,3.37,19300,3.38,17600,0.3,3.38,3.38,132600,450000.0,0.01,0.0,59.41,59.41,3.71,3.03,0.0
新益昌,sh688383,128.84,128.24,128.84,510200.0,128.84,500,128.85,200,0.47,128.84,128.84,510200,660000.0,0.01,0.0,130.96,130.96,153.89,102.59,0.0
新凤鸣,sh603225,19.05,19.0,19.05,17600.0,19.0,700,19.05,100,0.26,19.05,19.05,17600,340000.0,0.0,0.0,317.86,319.56,20.9,17.1,0.0
华宝新能,sz301327,45.0,45.02,45.0,5400.0,45.0,1800,45.38,100,-0.04,45.0,45.0,5400,240000.0,0.0,0.0,78.47,78.47,54.02,36.02,0.0
凌霄泵业,sz002884,16.11,16.1,16.11,13500.0,16.11,1800,16.12,800,0.06,16.11,16.11,13500,220000.0,0.0,0.0,43.99,57.62,17.71,14.49,0.0
欣龙控股,sz000955,4.36,4.35,4.36,31400.0,4.35,400,4.36,11900,0.23,4.36,4.36,31400,140000.0,0.01,0.0,23.47,23.47,4.79,3.92,0.0
司太立,sh603520,9.15,9.15,9.15,29200.0,9.14,1000,9.15,500,0.0,9.15,9.15,29200,270000.0,0.01,0.0,40.11,40.11,10.07,8.24,0.0
恺英网络,sz002517,17.53,17.55,17.53,400500.0,17.51,2000,17.53,11000,-0.11,17.53,17.53,400500,7020000.0,0.02,0.0,331.16,374.52,19.31,15.8,0.0
中国平安,sh601318,51.8,51.8,51.8,231800.0,51.79,200,51.8,51600,0.0,51.8,51.8,231800,12010000.0,0.0,0.0,5521.91,9379.76,56.98,46.62,0.0
翔宇医疗,sh688626,45.11,45.34,45.11,190000.0,45.11,100,45.5,200,-0.51,45.11,45.11,190000,90000.0,0.0,0.0,72.18,72.18,54.41,36.27,0.0
保丽洁,bj920802,10.6,10.75,10.6,7600.0,10.56,500,10.6,1400,-1.4,10.6,10.6,7600,81000.0,0.02,0.0,3.84,8.69,13.97,7.53,0.0
晨化股份,sz300610,10.25,10.18,10.25,11200.0,10.25,26900,10.26,5400,0.69,10.25,10.25,11200,110000.0,0.01,0.0,16.97,21.74,12.22,8.14,0.0
逸豪新材,sz301176,50.91,51.35,50.91,33800.0,50.91,500,51.0,1100,-0.86,50.91,50.91,33800,1720000.0,0.02,0.0,83.52,86.07,61.62,41.08,0.0
行云科技,sz300209,38.5,39.3,38.5,1205500.0,38.5,10300,38.52,600,-2.04,38.5,38.5,1205500,46410000.0,0.16,0.0,286.02,357.52,47.16,31.44,0.0
迪威尔,sh688377,21.16,21.06,21.16,667100.0,20.66,800,21.16,700,0.47,21.16,21.16,667100,140000.0,0.0,0.0,49.42,49.42,25.27,16.85,0.0
乐惠国际,sh603076,21.41,21.37,21.41,17000.0,21.41,900,21.5,200,0.19,21.41,21.41,17000,360000.0,0.01,0.0,25.84,25.84,23.51,19.23,0.0
骏鼎达,sz301538,40.0,40.37,40.0,43000.0,39.95,600,40.0,400,-0.92,40.0,40.0,43000,1720000.0,0.1,0.0,17.48,43.9,48.44,32.3,0.0
富临精工,sz300432,16.79,16.7,16.79,74500.0,16.79,1600,16.8,400,0.54,16.79,16.79,74500,1250000.0,0.0,0.0,283.87,287.07,20.04,13.36,0.0
闽发铝业,sz002578,3.72,3.75,3.72,659200.0,3.71,3700,3.72,112300,-0.8,3.72,3.72,659200,2450000.0,0.08,0.0,32.04,34.92,4.13,3.38,0.0
美能能源,sz001299,9.94,9.95,9.94,10500.0,9.91,500,9.94,1300,-0.1,9.94,9.94,10500,100000.0,0.0,0.0,28.12,31.23,10.95,8.96,0.0
越秀资本,sz000987,7.61,7.62,7.61,91700.0,7.6,10500,7.61,19500,-0.13,7.61,7.61,91700,700000.0,0.0,0.0,381.52,381.8,8.38,6.86,0.0
华电国际,sh600027,4.54,4.55,4.54,311100.0,4.54,146300,4.55,220100,-0.22,4.54,4.54,311100,1410000.0,0.0,0.0,418.39,527.17,5.01,4.1,0.0
达 意 隆,sz002209,11.51,11.54,11.51,3400.0,11.46,1500,11.51,3500,-0.26,11.51,11.51,3400,40000.0,0.0,0.0,18.17,23.54,12.69,10.39,0.0
雪迪龙,sz002658,7.83,7.86,7.83,497700.0,7.83,10300,7.84,3600,-0.38,7.83,7.83,497700,3900000.0,0.14,0.0,28.08,49.78,8.65,7.07,0.0
洪田股份,sh603800,74.33,73.32,74.33,26500.0,74.33,12700,74.42,300,1.38,74.33,74.33,26500,1970000.0,0.01,0.0,154.61,154.61,80.65,65.99,0.0
悦安新材,sh688786,29.37,29.73,29.37,1291800.0,29.37,200,29.5,1600,-1.21,29.37,29.37,1291800,380000.0,0.01,0.0,50.9,50.9,35.68,23.78,0.0
振华新材,sh688707,10.77,10.71,10.77,1900800.0,10.72,3000,10.77,4000,0.56,10.77,10.77,1900800,200000.0,0.0,0.0,54.79,54.79,12.85,8.57,0.0
索通发展,sh603612,17.16,17.21,17.16,14800.0,17.15,4500,17.16,100,-0.29,17.16,17.16,14800,250000.0,0.0,0.0,85.47,85.47,18.93,15.49,0.0
三维股份,sh603033,7.83,7.84,7.83,54000.0,7.83,1000,7.84,1500,-0.13,7.83,7.83,54000,420000.0,0.01,0.0,79.28,80.74,8.62,7.06,0.0
恒星科技,sz002132,4.61,4.58,4.61,1217800.0,4.61,65000,4.62,17500,0.66,4.61,4.61,1217800,5610000.0,0.09,0.0,64.5,64.61,5.04,4.12,0.0
普路通,sz002769,7.17,7.11,7.17,64500.0,7.13,1000,7.17,2500,0.84,7.17,7.17,64500,460000.0,0.02,0.0,26.74,26.77,7.82,6.4,0.0
神州数码,sz000034,25.31,25.2,25.31,346800.0,25.31,600,25.33,2500,0.44,25.31,25.31,346800,8780000.0,0.04,0.0,214.92,257.34,27.72,22.68,0.0
鸿利智汇,sz300219,7.06,7.09,7.06,21100.0,7.05,5200,7.06,700,-0.42,7.06,7.06,21100,150000.0,0.0,0.0,49.89,49.98,8.51,5.67,0.0
聚杰微纤,sz300819,50.19,50.75,50.19,26300.0,50.1,100,50.19,1100,-1.1,50.19,50.19,26300,1320000.0,0.02,0.0,67.64,74.89,60.9,40.6,0.0
新美星,sz300509,8.75,8.72,8.75,29800.0,8.73,1500,8.75,100,0.34,8.75,8.75,29800,260000.0,0.01,0.0,21.62,25.93,10.46,6.98,0.0
大唐发电,sh601991,6.37,6.43,6.37,1775600.0,6.36,112900,6.37,258500,-0.93,6.37,6.37,1775600,11310000.0,0.01,0.0,789.63,1178.88,7.07,5.79,0.0
兴业股份,sh603928,13.18,13.29,13.18,168600.0,13.18,12700,13.2,9500,-0.83,13.18,13.18,168600,2220000.0,0.05,0.0,44.9,44.9,14.62,11.96,0.0
德明利,sz001309,440.0,435.4,440.0,356800.0,440.0,74700,440.02,100,1.06,440.0,440.0,356800,156990000.0,0.22,0.0,726.13,998.11,478.94,391.86,0.0
海辰药业,sz300584,35.34,35.22,35.34,16700.0,35.34,32200,35.5,200,0.34,35.34,35.34,16700,590000.0,0.02,0.0,29.02,42.41,42.26,28.18,0.0
江苏国泰,sz002091,7.76,7.8,7.76,47400.0,7.75,3600,7.76,50800,-0.51,7.76,7.76,47400,370000.0,0.0,0.0,124.34,126.31,8.58,7.02,0.0
富吉瑞,sh688272,30.65,30.54,30.65,710000.0,30.54,7500,30.65,0,0.36,30.65,30.65,710000,220000.0,0.01,0.0,23.29,23.29,36.65,24.43,0.0
岱勒新材,sz300700,20.07,20.07,20.07,13200.0,20.07,300,20.13,100,0.0,20.07,20.07,13200,260000.0,0.0,0.0,71.33,79.68,24.08,16.06,0.0
锦富技术,sz300128,4.75,4.76,4.75,55800.0,4.75,62800,4.76,11400,-0.21,4.75,4.75,55800,270000.0,0.0,0.0,61.63,61.71,5.71,3.81,0.0
川发龙蟒,sz002312,8.52,8.56,8.52,172500.0,8.51,19000,8.52,17600,-0.47,8.52,8.52,172500,1470000.0,0.01,0.0,160.57,160.83,9.42,7.7,0.0
匠心家居,sz301061,34.78,34.78,34.78,5600.0,34.75,200,34.78,100,0.0,34.78,34.78,5600,190000.0,0.0,0.0,65.71,98.91,41.74,27.82,0.0
铂科新材,sz300811,80.59,80.48,80.59,41600.0,80.54,200,80.59,2300,0.14,80.59,80.59,41600,3350000.0,0.01,0.0,269.77,328.67,96.58,64.38,0.0
维科技术,sh600152,8.33,8.3,8.33,50800.0,8.31,23500,8.33,3000,0.36,8.33,8.33,50800,420000.0,0.01,0.0,44.07,44.07,9.13,7.47,0.0
苑东生物,sh688513,50.02,49.28,50.02,410000.0,50.02,1100,50.14,900,1.5,50.02,50.02,410000,210000.0,0.0,0.0,88.3,88.3,59.14,39.42,0.0
八亿时空,sh688181,41.01,41.2,41.01,2062200.0,41.01,600,41.1,9300,-0.46,41.01,41.01,2062200,850000.0,0.02,0.0,54.56,54.56,49.44,32.96,0.0
众鑫股份,sh603091,51.0,51.42,51.0,5800.0,50.92,200,51.0,4400,-0.82,51.0,51.0,5800,300000.0,0.01,0.0,22.45,73.0,56.56,46.28,0.0
中电电机,sh603988,20.82,20.97,20.82,67300.0,20.76,1000,20.82,6700,-0.72,20.82,20.82,67300,1400000.0,0.03,0.0,48.97,48.97,23.07,18.87,0.0
立昂微,sh605358,47.0,46.59,47.0,362400.0,47.0,9900,47.01,8300,0.88,47.0,47.0,362400,17030000.0,0.05,0.0,362.93,362.93,51.25,41.93,0.0
戈碧迦,bj920438,124.9,123.48,124.9,52600.0,124.41,100,124.9,15500,1.15,124.9,124.9,52600,6574200.0,0.04,0.0,174.1,180.43,160.52,86.44,0.0
宁水集团,sh603700,11.9,12.0,11.9,20000.0,11.87,1000,11.9,13200,-0.83,11.9,11.9,20000,240000.0,0.01,0.0,23.8,23.8,13.2,10.8,0.0
南华生物,sz000504,8.75,8.79,8.75,6400.0,8.75,6700,8.77,1400,-0.46,8.75,8.75,6400,60000.0,0.0,0.0,28.8,28.88,9.67,7.91,0.0
凌云光,sh688400,50.15,50.16,50.15,3037800.0,50.15,1300,50.16,300,-0.02,50.15,50.15,3037800,1520000.0,0.01,0.0,229.43,238.59,60.19,40.13,0.0
微芯生物,sh688321,30.98,31.0,30.98,2475100.0,30.93,2900,30.98,1800,-0.06,30.98,30.98,2475100,770000.0,0.01,0.0,126.34,137.22,37.2,24.8,0.0
依米康,sz300249,13.38,13.53,13.38,165500.0,13.36,2400,13.38,1500,-1.11,13.38,13.38,165500,2210000.0,0.04,0.0,50.06,61.34,16.24,10.82,0.0
孚能科技,sh688567,10.07,10.1,10.07,5190600.0,10.06,500,10.07,33800,-0.3,10.07,10.07,5190600,520000.0,0.0,0.0,123.07,123.07,12.12,8.08,0.0
江瀚新材,sh603281,20.9,21.81,20.9,166000.0,20.88,200,20.9,9100,-4.17,20.9,20.9,166000,3470000.0,0.03,0.0,108.4,108.4,23.99,19.63,0.0
海德股份,sz000567,6.13,6.15,6.13,68300.0,6.11,6200,6.13,9200,-0.33,6.13,6.13,68300,420000.0,0.0,0.0,119.45,119.82,6.77,5.54,0.0
圣泉集团,sh605589,43.56,44.0,43.56,580900.0,43.55,400,43.56,165200,-1.0,43.56,43.56,580900,25300000.0,0.07,0.0,368.48,368.69,48.4,39.6,0.0
华兰股份,sz301093,82.33,82.32,82.33,17200.0,82.33,200,82.65,100,0.01,82.33,82.33,17200,1420000.0,0.01,0.0,167.53,175.47,98.78,65.86,0.0
云铝股份,sz000807,26.43,26.71,26.43,664800.0,26.43,1200,26.44,1000,-1.05,26.43,26.43,664800,17570000.0,0.02,0.0,916.57,916.58,29.38,24.04,0.0
锡装股份,sz001332,32.08,32.01,32.08,9200.0,32.01,600,32.08,3100,0.22,32.08,32.08,9200,300000.0,0.01,0.0,21.56,49.62,35.21,28.81,0.0
驰诚股份,bj920407,10.69,10.76,0.0,0.0,10.69,100,10.85,100,-0.65,0.0,0.0,0,0.0,0.0,0.0,4.83,11.87,13.98,7.54,0.0
川能动力,sz000155,12.33,12.37,12.33,178600.0,12.31,400,12.33,44200,-0.32,12.33,12.33,178600,2200000.0,0.01,0.0,227.63,227.63,13.61,11.13,0.0
屹唐股份,sh688729,27.4,27.4,27.4,6898600.0,27.38,2000,27.4,8500,0.0,27.4,27.4,6898600,1890000.0,0.0,0.0,479.02,809.82,32.88,21.92,0.0
卡莱特,sz301391,50.05,50.15,50.05,7300.0,50.02,200,50.05,600,-0.2,50.05,50.05,7300,370000.0,0.01,0.0,46.46,47.55,60.18,40.12,0.0
海阳科技,sh603382,20.92,20.71,20.92,115400.0,20.92,800,20.94,5100,1.01,20.92,20.92,115400,2410000.0,0.1,0.0,24.16,37.92,22.78,18.64,0.0
弘宇股份,sz002890,14.46,14.4,14.46,10600.0,14.46,300,14.47,1500,0.42,14.46,14.46,10600,150000.0,0.01,0.0,23.35,24.56,15.84,12.96,0.0
恒邦股份,sz002237,14.45,14.45,14.45,180900.0,14.45,1100,14.46,1500,0.0,14.45,14.45,180900,2610000.0,0.02,0.0,172.3,206.63,15.9,13.01,0.0
得利斯,sz002330,4.15,4.17,4.15,668000.0,4.15,74500,4.16,15700,-0.48,4.15,4.15,668000,2770000.0,0.11,0.0,26.36,26.37,4.59,3.75,0.0
白银有色,sh601212,5.69,5.67,5.69,1433400.0,5.68,39700,5.69,49800,0.35,5.69,5.69,1433400,8160000.0,0.02,0.0,421.33,421.33,6.24,5.1,0.0
德龙汇能,sz000593,26.52,26.06,26.52,551400.0,26.52,39300,26.55,300,1.77,26.52,26.52,551400,14620000.0,0.15,0.0,95.07,95.11,28.67,23.45,0.0
迈普医学,sz301033,55.52,55.41,55.52,7900.0,55.41,800,55.52,100,0.2,55.52,55.52,7900,440000.0,0.01,0.0,31.31,37.24,66.49,44.33,0.0
佳力图,sh603912,8.48,8.57,8.48,136300.0,8.48,11200,8.49,2000,-1.05,8.48,8.48,136300,1160000.0,0.03,0.0,45.99,45.99,9.43,7.71,0.0
再升科技,sh603601,10.12,10.13,10.12,295400.0,10.11,2000,10.12,11500,-0.1,10.12,10.12,295400,2990000.0,0.03,0.0,115.6,115.6,11.14,9.12,0.0
楚江新材,sz002171,10.2,10.19,10.2,545800.0,10.2,63600,10.21,2000,0.1,10.2,10.2,545800,5570000.0,0.03,0.0,164.6,165.54,11.21,9.17,0.0
三维化学,sz002469,6.19,6.31,6.19,736300.0,6.18,48200,6.19,133700,-1.9,6.19,6.19,736300,4560000.0,0.12,0.0,38.9,40.16,6.94,5.68,0.0
新潮能源,sh600777,4.2,4.17,4.2,65200.0,4.19,13900,4.2,140600,0.72,4.2,4.2,65200,270000.0,0.0,0.0,267.38,285.62,4.59,3.75,0.0
大富科技,sz300134,8.49,8.52,8.49,11600.0,8.48,3800,8.49,2800,-0.35,8.49,8.49,11600,100000.0,0.0,0.0,65.16,65.16,10.22,6.82,0.0
德艺文创,sz300640,6.8,6.8,6.8,10900.0,6.8,800,6.82,11300,0.0,6.8,6.8,10900,70000.0,0.0,0.0,15.01,21.15,8.16,5.44,0.0
芯源微,sh688037,344.0,346.03,344.0,1901000.0,344.0,300,344.54,1000,-0.59,344.0,344.0,1901000,6540000.0,0.01,0.0,694.08,694.08,415.24,276.82,0.0
*ST威领,sz002667,13.5,13.98,13.5,267500.0,13.5,11200,13.58,8700,-3.43,13.5,13.5,267500,3610000.0,0.11,0.0,31.94,35.18,15.38,12.58,0.0
沧州大化,sh600230,15.1,15.02,15.1,142200.0,15.05,3900,15.12,100,0.53,15.1,15.1,142200,2150000.0,0.03,0.0,62.51,62.51,16.52,13.52,0.0
嘉曼服饰,sz301276,22.53,22.56,22.53,8200.0,22.53,200,22.7,6700,-0.13,22.53,22.53,8200,180000.0,0.01,0.0,16.28,29.2,27.07,18.05,0.0
旗滨集团,sh601636,6.15,6.17,6.15,104600.0,6.14,2000,6.15,9300,-0.32,6.15,6.15,104600,640000.0,0.0,0.0,181.96,181.96,6.79,5.55,0.0
兴蓉环境,sz000598,7.13,7.15,7.13,32100.0,7.13,6500,7.15,15900,-0.28,7.13,7.13,32100,230000.0,0.0,0.0,212.73,212.76,7.87,6.44,0.0
药易购,sz300937,29.76,30.05,29.76,117300.0,29.76,4900,29.86,600,-0.97,29.76,29.76,117300,3490000.0,0.18,0.0,19.3,28.47,36.06,24.04,0.0
建霖家居,sh603408,10.36,10.32,10.36,15300.0,10.35,100,10.36,5200,0.39,10.36,10.36,15300,160000.0,0.0,0.0,46.37,46.37,11.35,9.29,0.0
威唐工业,sz300707,12.18,12.23,12.18,9900.0,12.18,200,12.23,100,-0.41,12.18,12.18,9900,120000.0,0.01,0.0,17.49,21.18,14.68,9.78,0.0
联创股份,sz300343,6.07,6.07,6.07,92000.0,6.06,10700,6.07,54100,0.0,6.07,6.07,92000,560000.0,0.01,0.0,64.68,64.85,7.28,4.86,0.0
清溢光电,sh688138,35.12,35.4,35.12,4506800.0,35.12,1400,35.15,200,-0.79,35.12,35.12,4506800,1580000.0,0.01,0.0,110.56,110.56,42.48,28.32,0.0
厦门空港,sh600897,14.73,14.72,14.73,6800.0,14.72,100,14.73,5100,0.07,14.73,14.73,6800,100000.0,0.0,0.0,61.41,61.41,16.19,13.25,0.0
亚星化学,sh600319,6.32,6.29,6.32,22700.0,6.27,11000,6.32,500,0.48,6.32,6.32,22700,140000.0,0.01,0.0,24.5,24.5,6.92,5.66,0.0
天瑞仪器,sz300165,5.3,5.26,5.3,43900.0,5.25,600,5.3,5200,0.76,5.3,5.3,43900,230000.0,0.01,0.0,22.29,26.26,6.31,4.21,0.0
固德威,sh688390,71.67,70.49,71.67,3697700.0,71.67,4200,71.71,300,1.67,71.67,71.67,3697700,2650000.0,0.02,0.0,174.25,174.25,84.59,56.39,0.0
久日新材,sh688199,23.98,24.12,23.98,883200.0,23.98,100,24.09,300,-0.58,23.98,23.98,883200,210000.0,0.01,0.0,38.66,38.66,28.94,19.3,0.0
扬帆新材,sz300637,9.19,9.28,9.19,23700.0,9.19,3300,9.2,1300,-0.97,9.19,9.19,23700,220000.0,0.01,0.0,21.55,21.57,11.14,7.42,0.0
华泰证券,sh601688,19.35,19.37,19.35,106300.0,19.34,2500,19.35,139200,-0.1,19.35,19.35,106300,2060000.0,0.0,0.0,1413.86,1746.7,21.31,17.43,0.0
华兴源创,sh688001,56.49,56.08,56.49,7154000.0,56.2,7300,56.49,600,0.73,56.49,56.49,7154000,4040000.0,0.02,0.0,266.39,266.39,67.3,44.86,0.0
华能蒙电,sh600863,4.89,4.89,4.89,685500.0,4.88,384300,4.89,161400,0.0,4.89,4.89,685500,3350000.0,0.01,0.0,345.4,383.14,5.38,4.4,0.0
海象新材,sz003011,20.99,21.09,20.99,15600.0,20.99,100,21.0,100,-0.47,20.99,20.99,15600,330000.0,0.02,0.0,16.13,21.55,23.2,18.98,0.0
高测股份,sh688556,8.81,8.82,8.81,5560600.0,8.81,33100,8.83,7000,-0.11,8.81,8.81,5560600,490000.0,0.01,0.0,73.19,73.19,10.58,7.06,0.0
瑞晟智能,sh688215,45.12,45.4,45.12,20000.0,44.8,5000,45.12,200,-0.62,45.12,45.12,20000,10000.0,0.0,0.0,40.77,40.77,54.48,36.32,0.0
乐通股份,sz002319,11.17,11.27,11.17,18300.0,11.15,100,11.17,100,-0.89,11.17,11.17,18300,200000.0,0.01,0.0,23.4,23.4,12.4,10.14,0.0
开勒股份,sz301070,68.44,68.44,68.44,8700.0,68.44,500,68.71,100,0.0,68.44,68.44,8700,600000.0,0.01,0.0,58.05,86.35,82.13,54.75,0.0
回天新材,sz300041,11.5,11.57,11.5,128500.0,11.5,17100,11.51,3400,-0.61,11.5,11.5,128500,1480000.0,0.02,0.0,62.61,64.34,13.88,9.26,0.0
银轮股份,sz002126,44.46,44.46,44.46,28700.0,44.46,2200,44.48,100,0.0,44.46,44.46,28700,1280000.0,0.0,0.0,353.52,376.5,48.91,40.01,0.0
国投智能,sz300188,10.65,10.65,10.65,36700.0,10.65,7100,10.68,3400,0.0,10.65,10.65,36700,390000.0,0.0,0.0,91.11,91.53,12.78,8.52,0.0
光华科技,sz002741,26.64,26.44,26.64,183700.0,26.64,9800,26.65,400,0.76,26.64,26.64,183700,4890000.0,0.04,0.0,114.56,124.84,29.08,23.8,0.0
中国海油,sh600938,33.35,32.89,33.35,249100.0,33.34,10200,33.35,12500,1.4,33.35,33.35,249100,8310000.0,0.01,0.0,997.16,15851.24,36.18,29.6,0.0
零点有数,sz301169,55.02,55.02,55.02,7100.0,54.96,1200,55.03,500,0.0,55.02,55.02,7100,390000.0,0.01,0.0,39.62,39.64,66.02,44.02,0.0
海南矿业,sh601969,9.34,9.34,9.34,40800.0,9.32,10100,9.34,19900,0.0,9.34,9.34,40800,380000.0,0.0,0.0,184.23,185.35,10.27,8.41,0.0
保变电气,sh600550,11.87,11.92,11.87,200300.0,11.86,12700,11.87,8200,-0.42,11.87,11.87,200300,2380000.0,0.01,0.0,218.59,218.59,13.11,10.73,0.0
退市观典,sh688287,0.37,0.37,0.0,0.0,0.0,0,0.0,0,0.0,0.0,0.0,0,0.0,0.0,0.0,1.37,1.37,-1.0,-1.0,0.0
宝钢包装,sh601968,4.45,4.44,4.45,24900.0,4.44,100,4.45,4100,0.23,4.45,4.45,24900,110000.0,0.0,0.0,56.77,56.77,4.88,4.0,0.0
德瑞锂电,bj920523,15.48,15.55,0.0,0.0,15.48,800,15.65,1300,-0.45,0.0,0.0,0,0.0,0.0,0.0,12.54,15.68,20.21,10.89,0.0
野马电池,sh605378,14.42,14.39,14.42,3900.0,14.39,3600,14.42,3200,0.21,14.42,14.42,3900,60000.0,0.0,0.0,37.69,37.69,15.83,12.95,0.0
华锐精密,sh688059,96.32,97.08,96.32,1198500.0,96.2,500,96.32,200,-0.78,96.32,96.32,1198500,1150000.0,0.01,0.0,126.19,134.83,116.5,77.66,0.0
拓荆科技,sh688072,719.93,719.01,719.93,2340100.0,719.93,2700,719.98,1000,0.13,719.93,719.93,2340100,16850000.0,0.01,0.0,2035.19,2092.69,862.81,575.21,0.0
神火股份,sz000933,26.25,26.56,26.25,330800.0,26.24,1000,26.25,800,-1.17,26.25,26.25,330800,8680000.0,0.01,0.0,589.99,590.36,29.22,23.9,0.0
三超新材,sz300554,21.43,21.79,21.43,17300.0,21.43,300,21.46,100,-1.65,21.43,21.43,17300,370000.0,0.02,0.0,16.95,24.48,26.15,17.43,0.0
*ST萃华,sz002731,1.58,1.59,1.58,573100.0,1.58,65900,1.59,51600,-0.63,1.58,1.58,573100,910000.0,0.25,0.0,3.63,4.05,1.75,1.43,0.0
时空科技,sh605178,68.06,68.28,68.06,49300.0,68.06,1400,68.28,2000,-0.32,68.06,68.06,49300,3360000.0,0.05,0.0,67.43,67.43,75.11,61.45,0.0
恒瑞医药,sh600276,52.72,52.87,52.72,309400.0,52.71,500,52.72,2600,-0.28,52.72,52.72,309400,16310000.0,0.0,0.0,3363.01,3499.13,58.16,47.58,0.0
万盛股份,sh603010,12.56,12.39,12.56,151100.0,12.51,19200,12.56,4800,1.37,12.56,12.56,151100,1900000.0,0.03,0.0,71.69,73.48,13.63,11.15,0.0
新瀚新材,sz301076,22.59,22.78,22.59,2800.0,22.59,2400,22.78,500,-0.83,22.59,22.59,2800,60000.0,0.0,0.0,34.46,51.54,27.34,18.22,0.0
麒盛科技,sh603610,15.7,15.7,15.7,3200.0,15.57,300,15.7,200,0.0,15.7,15.7,3200,50000.0,0.0,0.0,55.42,55.42,17.27,14.13,0.0
百洋医药,sz301015,27.0,27.21,27.0,96300.0,26.89,3000,27.0,3000,-0.77,27.0,27.0,96300,2600000.0,0.02,0.0,141.9,141.92,32.65,21.77,0.0
柘中股份,sz002346,24.39,24.33,24.39,510600.0,24.39,1600,24.4,1300,0.25,24.39,24.39,510600,12450000.0,0.13,0.0,95.64,107.7,26.76,21.9,0.0
金晶科技,sh600586,4.21,4.19,4.21,19100.0,4.2,2400,4.21,16400,0.48,4.21,4.21,19100,80000.0,0.0,0.0,59.67,59.67,4.61,3.77,0.0
濮耐股份,sz002225,3.81,3.79,3.81,248700.0,3.8,200,3.81,93100,0.53,3.81,3.81,248700,950000.0,0.03,0.0,37.14,44.17,4.17,3.41,0.0
中石科技,sz300684,96.62,80.83,96.62,5148100.0,96.58,100,96.62,1200,19.53,96.62,96.62,5148100,497410000.0,2.52,0.0,197.66,289.39,97.0,64.66,0.0
格林美,sz002340,6.7,6.74,6.7,445300.0,6.7,1400,6.71,60900,-0.59,6.7,6.7,445300,2980000.0,0.01,0.0,340.09,341.86,7.41,6.07,0.0
合盛硅业,sh603260,36.32,36.5,36.32,36000.0,36.26,100,36.32,600,-0.49,36.32,36.32,36000,1310000.0,0.0,0.0,429.38,429.38,40.15,32.85,0.0
生益科技,sh600183,144.0,144.49,144.0,428300.0,143.99,1000,144.0,29100,-0.34,144.0,144.0,428300,61680000.0,0.02,0.0,3472.92,3497.77,158.94,130.04,0.0
华能国际,sh600011,6.88,6.89,6.88,391100.0,6.87,122200,6.88,261000,-0.15,6.88,6.88,391100,2690000.0,0.0,0.0,756.64,1080.03,7.58,6.2,0.0
超颖电子,sh603175,96.3,96.37,96.3,2600.0,96.06,100,96.3,2000,-0.07,96.3,96.3,2600,250000.0,0.01,0.0,43.79,420.86,106.01,86.73,0.0
新疆众和,sh600888,10.36,10.41,10.36,207200.0,10.35,7000,10.36,605300,-0.48,10.36,10.36,207200,2150000.0,0.01,0.0,160.9,160.9,11.45,9.37,0.0
锦浪科技,sz300763,64.99,65.57,64.99,52900.0,64.98,200,64.99,5000,-0.88,64.99,64.99,52900,3440000.0,0.02,0.0,209.0,257.81,78.68,52.46,0.0
粤桂股份,sz000833,21.25,21.28,21.25,162500.0,21.24,500,21.25,24600,-0.14,21.25,21.25,162500,3450000.0,0.04,0.0,96.41,170.44,23.41,19.15,0.0
炬光科技,sh688167,288.0,291.2,288.0,16908800.0,288.0,7900,288.88,24300,-1.1,288.0,288.0,16908800,48700000.0,0.13,0.0,374.8,374.8,349.44,232.96,0.0
宏裕包材,bj920274,15.88,15.76,15.88,10400.0,15.72,1500,15.88,100,0.76,15.88,15.88,10400,165799.99999999997,0.01,0.0,12.92,12.92,20.48,11.04,0.0
天元股份,sz003003,11.17,11.17,11.17,34000.0,11.17,4100,11.18,100,0.0,11.17,11.17,34000,380000.0,0.03,0.0,13.16,19.74,12.29,10.05,0.0
苏盐井神,sh603299,9.15,9.11,9.15,100400.0,9.14,600,9.15,15900,0.44,9.15,9.15,100400,920000.0,0.01,0.0,71.42,87.36,10.02,8.2,0.0
中国太保,sh601601,30.04,30.15,30.04,100000.0,30.04,17600,30.05,500,-0.36,30.04,30.04,100000,3000000.0,0.0,0.0,2056.25,2889.95,33.17,27.14,0.0
斯菱智驱,sz301550,91.0,90.64,91.0,95300.0,90.95,200,91.0,1900,0.4,91.0,91.0,95300,8670000.0,0.05,0.0,186.78,305.17,108.77,72.51,0.0
绿盟科技,sz300369,7.76,7.85,7.76,713400.0,7.75,11900,7.76,7500,-1.15,7.76,7.76,713400,5540000.0,0.09,0.0,62.68,62.9,9.42,6.28,0.0
金春股份,sz300877,26.2,25.72,26.2,27700.0,26.2,44700,26.24,300,1.87,26.2,26.2,27700,730000.0,0.02,0.0,31.44,31.44,30.86,20.58,0.0
汇金通,sh603577,10.48,10.44,10.48,14000.0,10.46,100,10.48,4000,0.38,10.48,10.48,14000,150000.0,0.0,0.0,35.54,35.54,11.48,9.4,0.0
宜安科技,sz300328,15.0,14.97,15.0,116300.0,14.97,12200,15.0,3100,0.2,15.0,15.0,116300,1740000.0,0.02,0.0,103.06,103.56,17.96,11.98,0.0
新安股份,sh600596,11.16,11.2,11.16,66000.0,11.15,1200,11.16,7200,-0.36,11.16,11.16,66000,740000.0,0.0,0.0,150.62,150.62,12.32,10.08,0.0
生益电子,sh688183,118.28,118.28,118.28,10694800.0,118.27,5300,118.28,5700,0.0,118.28,118.28,10694800,12650000.0,0.01,0.0,990.7,990.7,141.94,94.62,0.0
鲁银投资,sh600784,8.28,8.2,8.28,142800.0,8.28,6800,8.29,2000,0.98,8.28,8.28,142800,1180000.0,0.02,0.0,55.94,55.94,9.02,7.38,0.0
爱柯迪,sh600933,14.04,14.04,14.04,27100.0,14.01,13400,14.04,1000,0.0,14.04,14.04,27100,380000.0,0.0,0.0,137.73,144.61,15.44,12.64,0.0
冰川网络,sz300533,15.2,15.2,15.2,17200.0,15.13,3600,15.2,15900,0.0,15.2,15.2,17200,260000.0,0.01,0.0,35.11,49.89,18.24,12.16,0.0
广东宏大,sz002683,30.83,30.8,30.83,66400.0,30.83,400,30.85,200,0.1,30.83,30.83,66400,2050000.0,0.01,0.0,205.5,234.27,33.88,27.72,0.0
南网储能,sh600995,12.64,12.62,12.64,34000.0,12.64,5400,12.65,18600,0.16,12.64,12.64,34000,430000.0,0.0,0.0,403.98,403.98,13.88,11.36,0.0
昊华科技,sh600378,50.29,50.28,50.29,226000.0,50.29,82700,50.3,400,0.02,50.29,50.29,226000,11370000.0,0.02,0.0,539.39,648.74,55.31,45.25,0.0
科大国创,sz300520,26.02,26.07,26.02,33300.0,26.0,2300,26.02,700,-0.19,26.02,26.02,33300,870000.0,0.01,0.0,73.43,75.99,31.28,20.86,0.0
蓝科高新,sh601798,7.8,7.78,7.8,7000.0,7.79,56600,7.8,3600,0.26,7.8,7.8,7000,50000.0,0.0,0.0,27.65,27.65,8.56,7.0,0.0
芭田股份,sz002170,11.34,11.31,11.34,134200.0,11.34,16100,11.35,14300,0.27,11.34,11.34,134200,1520000.0,0.02,0.0,89.46,110.04,12.44,10.18,0.0
力王股份,bj920627,14.03,14.15,0.0,0.0,14.03,1600,14.2,700,-0.85,0.0,0.0,0,0.0,0.0,0.0,6.57,13.25,18.39,9.91,0.0
中国石油,sh601857,10.75,10.67,10.75,506500.0,10.74,51900,10.75,70700,0.75,10.75,10.75,506500,5440000.0,0.0,0.0,17406.62,19674.76,11.74,9.6,0.0
先惠技术,sh688155,61.88,62.32,61.88,866100.0,61.88,2100,62.0,1500,-0.71,61.88,61.88,866100,540000.0,0.01,0.0,78.81,78.81,74.78,49.86,0.0
明泰铝业,sh601677,16.68,16.68,16.68,346100.0,16.65,500,16.68,152400,0.0,16.68,16.68,346100,5770000.0,0.03,0.0,207.38,207.38,18.35,15.01,0.0
海峡环保,sh603817,5.68,5.71,5.68,17600.0,5.67,41200,5.68,4900,-0.53,5.68,5.68,17600,100000.0,0.0,0.0,32.38,32.38,6.28,5.14,0.0
英方软件,sh688435,32.12,32.12,32.12,909200.0,32.02,1800,32.12,400,0.0,32.12,32.12,909200,290000.0,0.02,0.0,18.0,26.82,38.54,25.7,0.0
三生国健,sh688336,48.7,48.79,48.7,5549000.0,48.62,500,48.7,2200,-0.18,48.7,48.7,5549000,2700000.0,0.01,0.0,436.46,436.46,58.55,39.03,0.0
科达制造,sh600499,14.17,14.16,14.17,141000.0,14.16,17700,14.17,3100,0.07,14.17,14.17,141000,2000000.0,0.01,0.0,271.76,271.76,15.58,12.74,0.0
川润股份,sz002272,15.77,15.63,15.77,167400.0,15.74,300,15.77,17500,0.9,15.77,15.77,167400,2640000.0,0.04,0.0,64.36,76.47,17.19,14.07,0.0
中国人保,sh601319,6.9,6.91,6.9,250100.0,6.89,13100,6.9,11400,-0.14,6.9,6.9,250100,1730000.0,0.0,0.0,2449.35,3051.46,7.6,6.22,0.0
新开源,sz300109,13.85,13.9,13.85,12900.0,13.85,22900,13.89,100,-0.36,13.85,13.85,12900,180000.0,0.0,0.0,71.67,79.89,16.68,11.12,0.0
邦基科技,sh603151,15.4,15.24,15.4,60100.0,15.32,700,15.4,1100,1.05,15.4,15.4,60100,930000.0,0.04,0.0,26.38,26.38,16.76,13.72,0.0
科达利,sz002850,192.68,193.04,192.68,12700.0,192.11,200,192.68,3200,-0.19,192.68,192.68,12700,2450000.0,0.01,0.0,403.97,551.7,212.34,173.74,0.0
立中集团,sz300428,18.88,18.9,18.88,10500.0,18.88,9000,18.89,100,-0.11,18.88,18.88,10500,200000.0,0.0,0.0,112.67,129.44,22.68,15.12,0.0
科恒股份,sz300340,8.78,8.69,8.78,52300.0,8.75,500,8.78,500,1.04,8.78,8.78,52300,460000.0,0.02,0.0,24.01,24.19,10.43,6.95,0.0
金禾实业,sz002597,20.01,20.01,20.01,16700.0,20.01,4500,20.08,3400,0.0,20.01,20.01,16700,330000.0,0.0,0.0,113.51,113.72,22.01,18.01,0.0
建发合诚,sh603909,9.62,9.66,9.62,18500.0,9.62,200,9.66,200,-0.41,9.62,9.62,18500,180000.0,0.01,0.0,25.08,25.08,10.63,8.69,0.0
ST中装,sz002822,3.25,3.24,3.25,13800.0,3.24,2300,3.25,52100,0.31,3.25,3.25,13800,40000.0,0.0,0.0,34.74,63.38,3.56,2.92,0.0
汉邦高科,sz300449,7.27,7.27,7.27,18500.0,7.25,900,7.27,6700,0.0,7.27,7.27,18500,130000.0,0.0,0.0,28.06,28.06,8.72,5.82,0.0
海油工程,sh600583,5.8,5.61,5.8,1296000.0,5.79,361000,5.8,40100,3.39,5.8,5.8,1296000,7520000.0,0.03,0.0,256.44,256.44,6.17,5.05,0.0
凯尔达,sh688255,27.42,27.18,27.42,1313600.0,27.08,500,27.42,2400,0.88,27.42,27.42,1313600,360000.0,0.01,0.0,30.12,30.12,32.62,21.74,0.0
泛亚微透,sh688386,56.75,56.75,56.75,502700.0,56.75,1000,56.98,700,0.0,56.75,56.75,502700,290000.0,0.01,0.0,51.64,56.53,68.1,45.4,0.0
凯莱英,sz002821,176.58,177.12,176.58,46000.0,176.13,100,176.58,200,-0.3,176.58,176.58,46000,8120000.0,0.01,0.0,559.84,637.07,194.83,159.41,0.0
高争民爆,sz002827,56.99,56.78,56.99,354400.0,56.99,8000,57.0,2500,0.37,56.99,56.99,354400,20200000.0,0.13,0.0,157.29,157.89,62.46,51.1,0.0
海顺新材,sz300501,10.31,10.39,10.31,20200.0,10.31,2500,10.43,2000,-0.77,10.31,10.31,20200,210000.0,0.01,0.0,28.58,28.68,12.47,8.31,0.0
中青宝,sz300052,11.56,11.52,11.56,79700.0,11.54,1600,11.56,14000,0.35,11.56,11.56,79700,920000.0,0.03,0.0,30.27,30.27,13.82,9.22,0.0
皖通高速,sh600012,15.91,15.92,15.91,24400.0,15.91,33500,15.92,4100,-0.06,15.91,15.91,24400,390000.0,0.0,0.0,185.45,271.84,17.51,14.33,0.0
力佳科技,bj920237,12.46,12.55,0.0,0.0,12.46,5400,12.65,2900,-0.72,0.0,0.0,0,0.0,0.0,0.0,11.62,11.84,16.31,8.79,0.0
科华控股,sh603161,16.6,16.75,16.6,11500.0,16.6,500,16.64,200,-0.9,16.6,16.6,11500,190000.0,0.01,0.0,31.66,37.21,18.43,15.08,0.0
渝农商行,sh601077,6.54,6.54,6.54,90600.0,6.53,11400,6.54,66000,0.0,6.54,6.54,90600,590000.0,0.0,0.0,578.02,742.75,7.19,5.89,0.0
迈得医疗,sh688310,15.04,15.04,15.04,396400.0,15.04,400,15.1,600,0.0,15.04,15.04,396400,60000.0,0.0,0.0,24.71,24.71,18.05,12.03,0.0
颀中科技,sh688352,20.0,20.03,20.0,14952300.0,19.98,2500,20.0,1200,-0.15,20.0,20.0,14952300,2990000.0,0.04,0.0,73.28,237.91,24.04,16.02,0.0
中岩大地,sz003001,17.56,17.63,17.56,50200.0,17.56,1000,17.57,200,-0.4,17.56,17.56,50200,880000.0,0.04,0.0,20.08,30.65,19.39,15.87,0.0
冠石科技,sh605588,49.74,49.64,49.74,2000.0,49.64,100,49.84,200,0.2,49.74,49.74,2000,100000.0,0.0,0.0,36.36,36.45,54.6,44.68,0.0
宏昌电子,sh603002,18.54,17.59,18.54,2108300.0,18.52,600,18.54,34600,5.4,18.54,18.54,2108300,39090000.0,0.19,0.0,210.26,210.26,19.35,15.83,0.0
聚辰股份,sh688123,147.25,145.2,147.25,7935800.0,147.08,200,147.25,4600,1.41,147.25,147.25,7935800,11690000.0,0.05,0.0,233.98,233.98,174.24,116.16,0.0
复洁科技,sh688335,20.87,20.89,20.87,690000.0,20.7,500,20.87,500,-0.1,20.87,20.87,690000,140000.0,0.0,0.0,30.89,30.89,25.07,16.71,0.0
尤安设计,sz300983,39.3,39.77,39.3,1400.0,39.0,2000,39.3,700,-1.18,39.3,39.3,1400,60000.0,0.0,0.0,60.05,67.91,47.72,31.82,0.0
金徽股份,sh603132,18.86,19.05,18.86,37300.0,18.85,2600,18.86,600,-1.0,18.86,18.86,37300,700000.0,0.0,0.0,184.45,184.45,20.96,17.15,0.0
杭叉集团,sh603298,26.38,26.3,26.38,5700.0,26.35,400,26.38,800,0.3,26.38,26.38,5700,150000.0,0.0,0.0,345.53,345.53,28.93,23.67,0.0
江特电机,sz002176,9.34,9.34,9.34,133700.0,9.33,3200,9.34,45100,0.0,9.34,9.34,133700,1250000.0,0.01,0.0,158.76,158.99,10.27,8.41,0.0
西部材料,sz002149,42.99,42.61,42.99,221000.0,42.9,100,42.99,300,0.89,42.99,42.99,221000,9500000.0,0.05,0.0,209.85,209.88,46.87,38.35,0.0
永贵电器,sz300351,14.71,14.71,14.71,49500.0,14.71,2900,14.72,2000,0.0,14.71,14.71,49500,730000.0,0.02,0.0,38.75,57.21,17.65,11.77,0.0
维峰电子,sz301328,63.35,63.22,63.35,4000.0,63.35,100,63.47,200,0.21,63.35,63.35,4000,250000.0,0.0,0.0,72.96,100.95,75.86,50.58,0.0
立航科技,sh603261,54.01,54.55,54.01,23700.0,54.0,3300,54.01,1600,-0.99,54.01,54.01,23700,1280000.0,0.03,0.0,41.86,41.86,60.01,49.1,0.0
信宇人,sh688573,16.49,16.62,16.49,500000.0,16.49,4900,16.6,300,-0.78,16.49,16.49,500000,80000.0,0.01,0.0,8.78,16.12,19.94,13.3,0.0
东芯股份,sh688110,126.0,125.99,126.0,13809000.0,125.99,2900,126.0,45900,0.01,126.0,126.0,13809000,17400000.0,0.03,0.0,557.4,557.4,151.19,100.79,0.0
翔楼新材,sz301160,45.87,45.87,45.87,21800.0,45.8,2100,46.0,500,0.0,45.87,45.87,21800,1000000.0,0.02,0.0,50.81,76.47,55.04,36.7,0.0
远航精密,bj920914,18.25,18.14,0.0,0.0,18.25,4300,18.25,4300,0.61,0.0,0.0,0,0.0,0.0,0.0,18.18,18.19,23.58,12.7,0.0
埃科光电,sh688610,179.92,176.4,179.92,1432100.0,179.92,300,179.93,200,2.0,179.92,179.92,1432100,2580000.0,0.03,0.0,73.65,122.35,211.68,141.12,0.0
开山股份,sz300257,19.51,19.52,19.51,8800.0,19.5,100,19.51,700,-0.05,19.51,19.51,8800,170000.0,0.0,0.0,186.26,193.86,23.42,15.62,0.0
聚和材料,sh688503,96.42,95.68,96.42,67780400.0,96.42,25700,96.6,1400,0.77,96.42,96.42,67780400,65350000.0,0.28,0.0,233.37,233.37,114.82,76.54,0.0
阿莱德,sz301419,41.14,41.55,41.14,513700.0,41.14,4500,41.21,700,-0.99,41.14,41.14,513700,21130000.0,0.52,0.0,40.79,61.71,49.86,33.24,0.0
欧普照明,sh603515,16.7,16.74,16.7,1400.0,16.7,1600,16.73,15400,-0.24,16.7,16.7,1400,20000.0,0.0,0.0,123.2,123.96,18.41,15.07,0.0
康力电梯,sz002367,5.48,5.49,5.48,35100.0,5.48,26900,5.49,100,-0.18,5.48,5.48,35100,190000.0,0.0,0.0,43.54,43.72,6.04,4.94,0.0
甘肃能源,sz000791,7.55,7.54,7.55,67500.0,7.55,21700,7.56,13900,0.13,7.55,7.55,67500,510000.0,0.0,0.0,146.14,244.91,8.29,6.79,0.0
汉钟精机,sz002158,29.11,29.1,29.11,24400.0,29.1,1200,29.11,4700,0.03,29.11,29.11,24400,710000.0,0.0,0.0,155.32,155.66,32.01,26.19,0.0
石英股份,sh603688,51.28,51.18,51.28,66400.0,51.2,300,51.28,21900,0.2,51.28,51.28,66400,3400000.0,0.01,0.0,277.77,277.77,56.3,46.06,0.0
立讯精密,sz002475,58.87,58.84,58.87,1548700.0,58.87,196900,58.88,10600,0.05,58.87,58.87,1548700,91170000.0,0.02,0.0,4312.27,4555.25,64.72,52.96,0.0
龙洲股份,sz002682,4.97,5.1,4.97,3362100.0,4.97,39100,4.98,32700,-2.55,4.97,4.97,3362100,16710000.0,0.6,0.0,27.95,27.95,5.61,4.59,0.0
常铝股份,sz002160,4.02,4.02,4.02,100100.0,4.02,9400,4.03,35600,0.0,4.02,4.02,100100,400000.0,0.01,0.0,41.44,41.52,4.42,3.62,0.0
安宁股份,sz002978,26.02,26.21,26.02,6400.0,26.02,900,26.08,300,-0.72,26.02,26.02,6400,170000.0,0.0,0.0,96.09,122.81,28.83,23.59,0.0
科捷智能,sh688455,15.69,15.66,15.69,1057400.0,15.66,1600,15.69,300,0.19,15.69,15.69,1057400,170000.0,0.01,0.0,26.36,26.36,18.79,12.53,0.0
华塑科技,sz301157,63.24,63.31,63.24,6200.0,63.0,200,63.25,200,-0.11,63.24,63.24,6200,390000.0,0.03,0.0,13.06,37.94,75.97,50.65,0.0
久吾高科,sz300631,22.3,22.28,22.3,9600.0,22.11,200,22.3,100,0.09,22.3,22.3,9600,210000.0,0.01,0.0,27.12,27.88,26.74,17.82,0.0
上海合晶,sh688584,30.0,30.56,30.0,17141600.0,29.99,5300,30.0,21100,-1.83,30.0,30.0,17141600,5140000.0,0.05,0.0,102.99,200.76,36.67,24.45,0.0
海安集团,sz001233,45.53,45.58,45.53,2400.0,45.5,200,45.55,300,-0.11,45.53,45.53,2400,110000.0,0.01,0.0,17.17,84.67,50.14,41.02,0.0
永达股份,sz001239,12.15,12.15,12.15,17500.0,12.15,2900,12.18,500,0.0,12.15,12.15,17500,210000.0,0.02,0.0,13.85,29.16,13.37,10.94,0.0
金洲管道,sz002443,9.59,9.59,9.59,308500.0,9.59,56200,9.6,22900,0.0,9.59,9.59,308500,2960000.0,0.06,0.0,49.92,49.92,10.55,8.63,0.0
诺诚健华,sh688428,31.69,31.69,31.69,2525400.0,31.19,2000,31.69,3800,0.0,31.69,31.69,2525400,800000.0,0.01,0.0,86.46,560.63,38.03,25.35,0.0
开特股份,bj920978,20.14,19.92,0.0,0.0,20.14,3100,20.14,3100,1.1,0.0,0.0,0,0.0,0.0,0.0,20.33,36.26,25.89,13.95,0.0
金宏气体,sh688106,30.73,30.72,30.73,17205000.0,30.73,2500,30.74,9000,0.03,30.73,30.73,17205000,5290000.0,0.03,0.0,163.04,164.81,36.86,24.58,0.0
欣锐科技,sz300745,30.66,30.89,30.66,11900.0,30.66,2300,30.9,500,-0.74,30.66,30.66,11900,370000.0,0.01,0.0,43.63,51.68,37.07,24.71,0.0
百花医药,sh600721,13.9,14.02,13.9,1897400.0,13.89,2700,13.9,700,-0.86,13.9,13.9,1897400,26370000.0,0.49,0.0,53.45,53.45,15.42,12.62,0.0
江顺科技,sz001400,79.25,78.38,79.25,17300.0,79.15,900,79.25,1100,1.11,79.25,79.25,17300,1370000.0,0.04,0.0,36.64,66.57,86.22,70.54,0.0
德力佳,sh603092,48.8,49.23,48.8,4000.0,48.76,600,49.0,400,-0.87,48.8,48.8,4000,200000.0,0.01,0.0,16.87,195.2,54.15,44.31,0.0
三孚新科,sh688359,113.01,113.18,113.01,2556300.0,113.01,3000,113.18,500,-0.15,113.01,113.01,2556300,2890000.0,0.03,0.0,112.65,112.65,135.82,90.54,0.0
福建高速,sh600033,3.53,3.54,3.53,47300.0,3.53,35000,3.54,296000,-0.28,3.53,3.53,47300,170000.0,0.0,0.0,96.88,96.88,3.89,3.19,0.0
斯迪克,sz300806,52.25,51.55,52.25,110400.0,52.25,400,52.3,800,1.36,52.25,52.25,110400,5770000.0,0.02,0.0,238.61,331.12,61.86,41.24,0.0
晶瑞电材,sz300655,13.71,13.79,13.71,171800.0,13.71,2800,13.72,500,-0.58,13.71,13.71,171800,2360000.0,0.02,0.0,153.76,154.46,16.55,11.03,0.0
亚钾国际,sz000893,45.99,46.25,45.99,43500.0,45.99,300,46.0,2100,-0.56,45.99,45.99,43500,2000000.0,0.01,0.0,373.35,424.97,50.88,41.63,0.0
有研硅,sh688432,43.62,43.62,43.62,76226200.0,43.61,6200,43.62,48800,0.0,43.62,43.62,76226200,33250000.0,0.06,0.0,545.38,545.38,52.34,34.9,0.0
苏博特,sh603916,12.31,12.16,12.31,663000.0,12.31,45200,12.34,3000,1.23,12.31,12.31,663000,8160000.0,0.16,0.0,51.74,51.74,13.38,10.94,0.0
宝丽迪,sz300905,39.93,40.08,39.93,32600.0,39.93,600,39.94,200,-0.37,39.93,39.93,32600,1300000.0,0.02,0.0,55.63,71.48,48.1,32.06,0.0
西典新能,sh603312,30.95,31.27,30.95,11000.0,30.92,700,30.95,300,-1.02,30.95,30.95,11000,340000.0,0.02,0.0,15.76,49.52,34.4,28.14,0.0
尔康制药,sz300267,3.3,3.32,3.3,32100.0,3.29,11200,3.3,11100,-0.6,3.3,3.3,32100,110000.0,0.0,0.0,46.94,68.07,3.98,2.66,0.0
中恒电气,sz002364,44.91,45.58,44.91,695500.0,44.91,15800,44.93,1000,-1.47,44.91,44.91,695500,31230000.0,0.12,0.0,250.64,253.1,50.14,41.02,0.0
浩洋股份,sz300833,37.75,37.56,37.75,5300.0,37.75,5000,37.9,300,0.51,37.75,37.75,5300,200000.0,0.01,0.0,30.67,47.75,45.07,30.05,0.0
奇精机械,sh603677,13.73,13.72,13.73,4500.0,13.73,600,13.76,100,0.07,13.73,13.73,4500,60000.0,0.0,0.0,26.44,26.44,15.09,12.35,0.0
多浦乐,sz301528,55.82,55.87,55.82,2700.0,55.82,900,55.86,2200,-0.09,55.82,55.82,2700,150000.0,0.01,0.0,25.82,50.1,67.04,44.7,0.0
东方电缆,sh603606,37.89,37.86,37.89,44600.0,37.88,400,37.89,19700,0.08,37.89,37.89,44600,1690000.0,0.01,0.0,312.52,312.52,41.65,34.07,0.0
圣阳股份,sz002580,21.76,21.97,21.76,399700.0,21.75,4900,21.76,136500,-0.96,21.76,21.76,399700,8700000.0,0.09,0.0,98.43,98.76,24.17,19.77,0.0
丰山集团,sh603810,12.37,12.38,12.37,6100.0,12.32,400,12.37,3700,-0.08,12.37,12.37,6100,80000.0,0.0,0.0,20.45,20.45,13.62,11.14,0.0
亚康股份,sz301085,63.5,64.16,63.5,9700.0,63.49,100,63.5,100,-1.03,63.5,63.5,9700,620000.0,0.02,0.0,37.41,55.1,76.99,51.33,0.0
德迈仕,sz301007,29.1,29.17,29.1,12200.0,29.1,200,29.15,200,-0.24,29.1,29.1,12200,360000.0,0.01,0.0,44.04,44.62,35.0,23.34,0.0
方邦股份,sh688020,153.0,152.68,153.0,4207300.0,153.0,400,154.0,500,0.21,153.0,153.0,4207300,6440000.0,0.05,0.0,126.08,126.08,183.22,122.14,0.0
科士达,sz002518,36.31,36.29,36.31,32200.0,36.31,1900,36.35,100,0.06,36.31,36.31,32200,1170000.0,0.01,0.0,205.21,211.41,39.92,32.66,0.0
永和股份,sh605020,35.48,35.19,35.48,231800.0,35.47,1700,35.48,65600,0.82,35.48,35.48,231800,8220000.0,0.05,0.0,178.44,181.24,38.71,31.67,0.0
纵横股份,sh688070,37.01,36.76,37.01,1654700.0,37.01,700,37.3,3000,0.68,37.01,37.01,1654700,610000.0,0.02,0.0,32.72,32.72,44.11,29.41,0.0
中国瑞林,sh603257,64.6,64.6,64.6,2700.0,64.5,100,64.6,500,0.0,64.6,64.6,2700,170000.0,0.01,0.0,16.09,77.52,71.06,58.14,0.0
美的集团,sz000333,82.8,82.61,82.8,100300.0,82.8,3200,82.81,800,0.23,82.8,82.8,100300,8310000.0,0.0,0.0,5700.58,6316.56,90.87,74.35,0.0
盛弘股份,sz300693,45.39,45.14,45.39,57700.0,45.32,5300,45.39,6900,0.55,45.39,45.39,57700,2620000.0,0.02,0.0,122.38,141.98,54.17,36.11,0.0
新威凌,bj920634,17.4,17.6,17.4,28100.0,17.39,1300,17.4,1900,-1.14,17.4,17.4,28100,488500.0,0.07,0.0,7.06,11.12,22.88,12.32,0.0
英科再生,sh688087,39.09,39.07,39.09,390000.0,38.3,500,39.09,600,0.05,39.09,39.09,390000,150000.0,0.0,0.0,72.8,75.5,46.88,31.26,0.0
沪农商行,sh601825,8.66,8.62,8.66,125900.0,8.66,82800,8.67,26100,0.46,8.66,8.66,125900,1090000.0,0.0,0.0,811.83,835.21,9.48,7.76,0.0
中巨芯-U,sh688549,30.0,30.34,30.0,70440000.0,30.0,48500,30.02,500,-1.12,30.0,30.0,70440000,21130000.0,0.12,0.0,176.8,443.18,36.41,24.27,0.0
天准科技,sh688003,93.54,94.8,93.54,12634900.0,93.0,1200,93.54,6800,-1.33,93.54,93.54,12634900,11820000.0,0.06,0.0,182.2,182.2,113.76,75.84,0.0
益丰药房,sh603939,23.81,24.0,23.81,16500.0,23.81,700,24.07,700,-0.79,23.81,23.81,16500,390000.0,0.0,0.0,288.67,288.67,26.4,21.6,0.0
ST嘉必优,sh688089,7.68,7.72,0.0,0.0,7.68,300,7.72,100,-0.52,0.0,0.0,0,0.0,0.0,0.0,12.78,12.78,9.26,6.18,0.0
瑞丰银行,sh601528,4.86,4.87,4.86,26200.0,4.85,7800,4.86,52600,-0.21,4.86,4.86,26200,130000.0,0.0,0.0,90.19,95.36,5.36,4.38,0.0
飞凯材料,sz300398,38.7,39.2,38.7,259700.0,38.68,500,38.7,6100,-1.28,38.7,38.7,259700,10050000.0,0.05,0.0,219.4,220.6,47.04,31.36,0.0
苏州银行,sz002966,8.5,8.53,8.5,30800.0,8.49,24500,8.5,400,-0.35,8.5,8.5,30800,260000.0,0.0,0.0,373.62,380.01,9.38,7.68,0.0
铜陵有色,sz000630,6.7,6.79,6.7,4095800.0,6.69,70600,6.7,447400,-1.33,6.7,6.7,4095800,27440000.0,0.04,0.0,746.58,898.43,7.47,6.11,0.0
吉林敖东,sz000623,18.12,18.16,18.12,26200.0,18.12,6500,18.13,200,-0.22,18.12,18.12,26200,470000.0,0.0,0.0,215.8,216.7,19.98,16.34,0.0
中青旅,sh600138,7.07,7.06,7.07,21200.0,7.05,5300,7.07,200,0.14,7.07,7.07,21200,150000.0,0.0,0.0,51.18,51.18,7.77,6.35,0.0
雅艺科技,sz301113,16.65,16.67,16.65,16400.0,16.65,1300,16.79,1500,-0.12,16.65,16.65,16400,270000.0,0.02,0.0,11.93,19.7,20.0,13.34,0.0
中国西电,sh601179,13.8,13.95,13.8,1165900.0,13.79,5600,13.8,8600,-1.08,13.8,13.8,1165900,16090000.0,0.02,0.0,707.37,707.37,15.35,12.56,0.0
石药景峰,sz000908,7.2,7.1,7.2,210000.0,7.19,200,7.2,43500,1.41,7.2,7.2,210000,1510000.0,0.02,0.0,63.34,126.69,7.81,6.39,0.0
华北制药,sh600812,5.06,5.05,5.06,82300.0,5.05,164300,5.06,47000,0.2,5.06,5.06,82300,420000.0,0.0,0.0,86.82,86.82,5.56,4.55,0.0
康达新材,sz002669,13.0,13.07,13.0,114500.0,13.0,10500,13.01,300,-0.54,13.0,13.0,114500,1490000.0,0.04,0.0,39.35,39.44,14.38,11.76,0.0
穗恒运Ａ,sz000531,5.75,5.76,5.75,18800.0,5.75,5500,5.76,20500,-0.17,5.75,5.75,18800,110000.0,0.0,0.0,52.31,59.88,6.34,5.18,0.0
福晶科技,sz002222,67.65,67.65,67.65,136700.0,67.62,400,67.65,10700,0.0,67.65,67.65,136700,9250000.0,0.03,0.0,316.7,318.12,74.42,60.89,0.0
绿联科技,sz301606,52.87,52.96,52.87,5600.0,52.85,100,52.87,800,-0.17,52.87,52.87,5600,300000.0,0.0,0.0,87.23,219.36,63.55,42.37,0.0
建龙微纳,sh688357,27.5,27.5,0.0,0.0,27.5,700,27.59,900,0.0,0.0,0.0,0,0.0,0.0,0.0,27.52,27.52,33.0,22.0,0.0
奥来德,sh688378,50.46,50.36,50.46,8295900.0,50.37,10000,50.46,2600,0.2,50.46,50.46,8295900,4190000.0,0.03,0.0,121.59,131.92,60.43,40.29,0.0
联得装备,sz300545,29.85,30.01,29.85,45200.0,29.85,3600,29.98,900,-0.53,29.85,29.85,45200,1350000.0,0.04,0.0,35.69,55.36,36.01,24.01,0.0
厦门象屿,sh600057,6.21,6.21,6.21,47600.0,6.2,400,6.21,11700,0.0,6.21,6.21,47600,300000.0,0.0,0.0,129.94,176.3,6.83,5.59,0.0
中国人寿,sh601628,37.58,37.6,37.58,178900.0,37.57,1700,37.58,2200,-0.05,37.58,37.58,178900,6720000.0,0.0,0.0,7825.48,10621.88,41.36,33.84,0.0
中科环保,sz301175,5.45,5.46,5.45,11400.0,5.45,33200,5.48,40200,-0.18,5.45,5.45,11400,60000.0,0.0,0.0,33.89,80.22,6.55,4.37,0.0
江化微,sh603078,37.82,38.2,37.82,186300.0,37.8,6600,37.82,9200,-0.99,37.82,37.82,186300,7050000.0,0.05,0.0,145.85,145.85,42.02,34.38,0.0
东华科技,sz002140,9.11,9.15,9.11,39700.0,9.1,300,9.11,2900,-0.44,9.11,9.11,39700,360000.0,0.01,0.0,64.41,64.5,10.07,8.24,0.0
富特科技,sz301607,45.38,45.37,45.38,61500.0,45.38,1800,45.49,9200,0.02,45.38,45.38,61500,2790000.0,0.04,0.0,68.88,106.25,54.44,36.3,0.0
永信至诚,sh688244,15.27,15.51,15.27,2641800.0,15.27,21800,15.51,1000,-1.55,15.27,15.27,2641800,400000.0,0.02,0.0,23.05,23.05,18.61,12.41,0.0
海螺水泥,sh600585,17.37,17.37,17.37,61500.0,17.36,1700,17.37,11300,0.0,17.37,17.37,61500,1070000.0,0.0,0.0,690.88,916.63,19.11,15.63,0.0
建业股份,sh603948,21.16,20.92,21.16,3000.0,21.16,100,21.19,1000,1.15,21.16,21.16,3000,60000.0,0.0,0.0,34.38,34.38,23.01,18.83,0.0
阳光电源,sz300274,118.0,118.8,118.0,150600.0,118.0,15900,118.15,4000,-0.67,118.0,118.0,150600,17770000.0,0.01,0.0,1873.28,2446.39,142.56,95.04,0.0
厦门银行,sh601187,7.43,7.42,7.43,31600.0,7.42,600,7.43,1900,0.13,7.43,7.43,31600,230000.0,0.0,0.0,195.66,196.09,8.16,6.68,0.0
吉峰科技,sz300022,8.13,8.2,8.13,1700.0,8.13,1600,8.19,2300,-0.85,8.13,8.13,1700,10000.0,0.0,0.0,40.18,40.18,9.84,6.56,0.0
红 宝 丽,sz002165,7.21,7.13,7.21,2480900.0,7.2,22600,7.21,431900,1.12,7.21,7.21,2480900,17890000.0,0.34,0.0,52.46,53.01,7.84,6.42,0.0
浦发银行,sh600000,9.07,9.04,9.07,197800.0,9.06,21000,9.07,207300,0.33,9.07,9.07,197800,1790000.0,0.0,0.0,3020.84,3020.84,9.94,8.14,0.0
首钢股份,sz000959,3.54,3.53,3.54,47500.0,3.53,1500,3.54,271800,0.28,3.54,3.54,47500,170000.0,0.0,0.0,263.79,274.53,3.88,3.18,0.0
湘潭电化,sz002125,13.08,13.04,13.08,57000.0,13.05,16300,13.08,5700,0.31,13.08,13.08,57000,750000.0,0.01,0.0,82.34,82.34,14.34,11.74,0.0
百川股份,sz002455,7.48,7.47,7.48,114800.0,7.48,900,7.49,18500,0.13,7.48,7.48,114800,860000.0,0.02,0.0,49.43,54.04,8.22,6.72,0.0
东方证券,sh600958,9.09,9.1,9.09,149700.0,9.08,21900,9.09,7000,-0.11,9.09,9.09,149700,1360000.0,0.0,0.0,678.98,772.35,10.01,8.19,0.0
四川路桥,sh600039,8.47,8.47,8.47,37400.0,8.47,52000,8.48,700,0.0,8.47,8.47,37400,320000.0,0.0,0.0,736.52,736.52,9.32,7.62,0.0
大族激光,sz002008,100.78,100.77,100.78,196100.0,100.77,3100,100.78,46800,0.01,100.78,100.78,196100,19760000.0,0.02,0.0,964.19,1037.63,110.85,90.69,0.0
奥普科技,sh603551,9.32,9.32,9.32,15900.0,9.26,6600,9.32,3600,0.0,9.32,9.32,15900,150000.0,0.0,0.0,35.41,35.85,10.25,8.39,0.0
华丰股份,sh605100,35.56,35.57,35.56,8300.0,35.52,600,35.56,1100,-0.03,35.56,35.56,8300,300000.0,0.0,0.0,84.6,85.0,39.13,32.01,0.0
宁波韵升,sh600366,12.62,12.61,12.62,356200.0,12.62,46800,12.65,4400,0.08,12.62,12.62,356200,4500000.0,0.03,0.0,138.7,138.7,13.87,11.35,0.0
江丰电子,sz300666,270.15,269.82,270.15,61300.0,270.12,200,270.15,100,0.12,270.15,270.15,61300,16560000.0,0.03,0.0,597.34,745.54,323.78,215.86,0.0
陕西能源,sz001286,10.64,10.69,10.64,11300.0,10.64,7200,10.68,22000,-0.47,10.64,10.64,11300,120000.0,0.0,0.0,143.64,399.0,11.76,9.62,0.0
耐科装备,sh688419,53.1,52.35,53.1,15028100.0,53.0,1000,53.1,200,1.43,53.1,53.1,15028100,7980000.0,0.13,0.0,60.83,60.83,62.82,41.88,0.0
恒达新材,sz301469,29.48,29.3,29.48,2200.0,29.37,200,29.48,3200,0.61,29.48,29.48,2200,60000.0,0.0,0.0,13.58,26.38,35.16,23.44,0.0
华天科技,sz002185,19.0,19.0,19.0,3203400.0,18.99,14400,19.0,1402500,0.0,19.0,19.0,3203400,60860000.0,0.1,0.0,631.3,631.45,20.9,17.1,0.0
箭牌家居,sz001322,6.16,6.2,6.16,8500.0,6.16,400,6.18,3000,-0.65,6.16,6.16,8500,50000.0,0.0,0.0,48.39,59.48,6.82,5.58,0.0
豪鹏科技,sz001283,43.35,43.59,43.35,12900.0,43.31,300,43.35,3200,-0.55,43.35,43.35,12900,560000.0,0.01,0.0,44.82,56.22,47.95,39.23,0.0
中际联合,sh605305,39.2,38.81,39.2,39800.0,39.0,1900,39.2,400,1.0,39.2,39.2,39800,1560000.0,0.02,0.0,83.31,83.31,42.69,34.93,0.0
大元泵业,sh603757,64.08,64.48,64.08,38100.0,64.05,300,64.08,3900,-0.62,64.08,64.08,38100,2440000.0,0.02,0.0,119.54,119.54,70.93,58.03,0.0
六国化工,sh600470,5.63,5.6,5.63,330600.0,5.62,100,5.63,114100,0.54,5.63,5.63,330600,1860000.0,0.06,0.0,29.37,29.37,6.16,5.04,0.0
中国宝安,sz000009,7.78,7.79,7.78,59500.0,7.78,7100,7.79,12800,-0.13,7.78,7.78,59500,460000.0,0.0,0.0,200.41,200.66,8.57,7.01,0.0
云南铜业,sz000878,16.55,16.94,16.55,1085700.0,16.55,20100,16.56,6000,-2.3,16.55,16.55,1085700,17970000.0,0.05,0.0,331.6,401.37,18.63,15.25,0.0
新化股份,sh603867,29.76,29.76,29.76,9200.0,29.76,2400,29.88,200,0.0,29.76,29.76,9200,270000.0,0.0,0.0,64.19,64.72,32.74,26.78,0.0
前沿生物-U,sh688221,22.13,22.28,22.13,4140200.0,22.13,1500,22.2,5900,-0.67,22.13,22.13,4140200,920000.0,0.01,0.0,82.89,82.89,26.74,17.82,0.0
骆驼股份,sh601311,7.78,7.78,7.78,51300.0,7.77,1200,7.78,41500,0.0,7.78,7.78,51300,400000.0,0.0,0.0,91.27,91.27,8.56,7.0,0.0
时代电气,sh688187,49.0,49.09,49.0,1157400.0,48.88,200,49.0,1100,-0.18,49.0,49.0,1157400,570000.0,0.0,0.0,425.76,652.04,58.91,39.27,0.0
先导基电,sh600641,36.78,36.06,36.78,973400.0,36.77,800,36.78,15800,2.0,36.78,36.78,973400,35800000.0,0.1,0.0,342.29,348.26,39.67,32.45,0.0
奇安信-U,sh688561,26.15,26.3,26.15,691100.0,26.15,200,26.18,1000,-0.57,26.15,26.15,691100,180000.0,0.0,0.0,178.41,178.41,31.56,21.04,0.0
天润乳业,sh600419,8.93,8.96,8.93,35100.0,8.93,10600,8.96,17800,-0.33,8.93,8.93,35100,310000.0,0.01,0.0,28.18,28.18,9.86,8.06,0.0
永福股份,sz300712,21.91,21.55,21.91,4400.0,21.91,1000,21.98,100,1.67,21.91,21.91,4400,100000.0,0.0,0.0,40.91,41.09,25.86,17.24,0.0
福建金森,sz002679,9.05,9.09,9.05,5300.0,9.0,900,9.05,300,-0.44,9.05,9.05,5300,50000.0,0.0,0.0,21.34,21.34,10.0,8.18,0.0
恒光股份,sz301118,22.89,22.95,22.89,8900.0,22.89,1200,22.95,800,-0.26,22.89,22.89,8900,200000.0,0.01,0.0,24.25,25.2,27.54,18.36,0.0
朗坤科技,sz301305,24.82,25.13,24.82,167700.0,24.82,15200,25.08,1000,-1.23,24.82,24.82,167700,4160000.0,0.13,0.0,30.86,60.05,30.16,20.1,0.0
粤宏远Ａ,sz000573,3.71,3.71,3.71,104500.0,3.7,21400,3.71,275400,0.0,3.71,3.71,104500,390000.0,0.02,0.0,23.48,23.68,4.08,3.34,0.0
珠海冠宇,sh688772,14.89,14.96,14.89,1760800.0,14.82,200,14.89,1000,-0.47,14.89,14.89,1760800,260000.0,0.0,0.0,169.49,169.49,17.95,11.97,0.0
七 匹 狼,sz002029,9.01,9.03,9.01,219300.0,9.01,3500,9.02,200,-0.22,9.01,9.01,219300,1980000.0,0.03,0.0,59.95,63.52,9.93,8.13,0.0
四川成渝,sh601107,5.5,5.52,5.5,12200.0,5.5,9000,5.52,7600,-0.36,5.5,5.5,12200,70000.0,0.0,0.0,118.95,168.19,6.07,4.97,0.0
星光股份,sz002076,2.16,2.15,2.16,243000.0,2.15,38900,2.16,22200,0.47,2.16,2.16,243000,520000.0,0.02,0.0,22.51,23.96,2.37,1.94,0.0
江南新材,sh603124,146.53,147.0,146.53,11700.0,146.53,200,146.67,100,-0.32,146.53,146.53,11700,1720000.0,0.02,0.0,113.72,213.56,161.7,132.3,0.0
曼恩斯特,sz301325,31.43,31.45,31.43,8200.0,31.35,500,31.43,300,-0.06,31.43,31.43,8200,260000.0,0.01,0.0,45.23,45.23,37.74,25.16,0.0
超捷股份,sz301005,88.54,88.83,88.54,59600.0,88.54,1800,88.62,300,-0.33,88.54,88.54,59600,5280000.0,0.03,0.0,163.03,166.42,106.6,71.06,0.0
盛美上海,sh688082,320.8,318.51,320.8,2092000.0,320.8,1200,320.9,500,0.72,320.8,320.8,2092000,6710000.0,0.0,0.0,1531.54,1548.17,382.21,254.81,0.0
利扬芯片,sh688135,27.28,27.28,27.28,1830900.0,27.28,1300,27.36,200,0.0,27.28,27.28,1830900,500000.0,0.01,0.0,63.59,63.59,32.74,21.82,0.0
ST荃银,sz300087,5.37,5.44,5.37,383300.0,5.37,12900,5.38,4400,-1.29,5.37,5.37,383300,2060000.0,0.04,0.0,48.45,50.87,6.53,4.35,0.0
德赛电池,sz000049,25.33,25.72,25.33,234200.0,25.32,2400,25.33,22600,-1.52,25.33,25.33,234200,5930000.0,0.06,0.0,97.4,97.43,28.29,23.15,0.0
科新发展,sh600234,22.47,22.48,22.47,11800.0,22.45,900,22.47,2300,-0.04,22.47,22.47,11800,270000.0,0.0,0.0,58.99,58.99,24.73,20.23,0.0
宝鼎科技,sz002552,61.45,62.0,61.45,287500.0,61.35,200,61.45,4900,-0.89,61.45,61.45,287500,17670000.0,0.08,0.0,226.45,238.42,68.2,55.8,0.0
中望软件,sh688083,54.2,54.88,54.2,1858000.0,54.2,3800,54.28,400,-1.24,54.2,54.2,1858000,1010000.0,0.01,0.0,91.95,91.95,65.86,43.9,0.0
华脉科技,sh603042,14.31,14.36,14.31,48200.0,14.31,1700,14.36,4100,-0.35,14.31,14.31,48200,690000.0,0.02,0.0,29.87,29.87,15.8,12.92,0.0
津药药业,sh600488,6.01,6.02,6.01,319100.0,6.01,8800,6.02,173100,-0.17,6.01,6.01,319100,1920000.0,0.03,0.0,65.62,65.62,6.62,5.42,0.0
中信银行,sh601998,7.73,7.69,7.73,113100.0,7.71,600,7.73,68200,0.52,7.73,7.73,113100,870000.0,0.0,0.0,3150.98,4301.37,8.46,6.92,0.0
德美化工,sz002054,7.32,7.3,7.32,17400.0,7.3,9300,7.32,24500,0.27,7.32,7.32,17400,130000.0,0.0,0.0,28.11,35.29,8.03,6.57,0.0
天奇股份,sz002009,18.03,18.04,18.03,45500.0,18.02,100,18.04,62000,-0.06,18.03,18.03,45500,820000.0,0.01,0.0,63.83,72.52,19.84,16.24,0.0
海立股份,sh600619,14.6,14.65,14.6,52900.0,14.6,6400,14.62,3000,-0.34,14.6,14.6,52900,770000.0,0.01,0.0,115.22,156.71,16.12,13.19,0.0
爱克股份,sz300889,21.93,21.91,21.93,700.0,21.6,500,21.93,500,0.09,21.93,21.93,700,20000.0,0.0,0.0,32.1,48.3,26.29,17.53,0.0
镇海股份,sh603637,14.07,13.85,14.07,42700.0,14.0,4400,14.07,2600,1.59,14.07,14.07,42700,600000.0,0.02,0.0,33.58,33.58,15.24,12.47,0.0
大叶股份,sz300879,17.12,17.07,17.12,13600.0,17.12,2500,17.14,600,0.29,17.12,17.12,13600,230000.0,0.01,0.0,34.42,34.65,20.48,13.66,0.0
三和管桩,sz003037,5.66,5.7,5.66,32700.0,5.66,25800,5.74,2700,-0.7,5.66,5.66,32700,190000.0,0.01,0.0,33.91,33.91,6.27,5.13,0.0
博力威,sh688345,57.49,57.76,57.49,294800.0,57.49,100,57.75,200,-0.47,57.49,57.49,294800,170000.0,0.0,0.0,58.29,58.57,69.31,46.21,0.0
滨化股份,sh601678,7.0,6.98,7.0,637000.0,7.0,301600,7.01,6100,0.29,7.0,7.0,637000,4460000.0,0.03,0.0,143.03,168.63,7.68,6.28,0.0
佳先股份,bj920489,13.77,13.83,13.77,1000.0,13.76,4500,13.78,3000,-0.43,13.77,13.77,1000,13799.999999999998,0.0,0.0,11.96,18.79,17.97,9.69,0.0
*ST九鼎,sh600053,7.17,7.17,7.17,200.0,7.15,1000,7.17,4000,0.0,7.17,7.17,200,0.0,0.0,0.0,31.08,31.08,7.89,6.45,0.0
常山药业,sz300255,27.27,27.28,27.27,217800.0,27.23,100,27.27,800,-0.04,27.27,27.27,217800,5940000.0,0.02,0.0,250.24,250.63,32.74,21.82,0.0
奥福科技,sh688021,21.5,21.5,21.5,258800.0,21.4,200,21.5,12400,0.0,21.5,21.5,258800,60000.0,0.0,0.0,16.43,16.43,25.8,17.2,0.0
有方科技,sh688159,35.32,35.67,35.32,1332000.0,35.3,500,35.32,800,-0.98,35.32,35.32,1332000,470000.0,0.01,0.0,32.78,32.78,42.8,28.54,0.0
永安林业,sz000663,5.64,5.67,5.64,27500.0,5.63,800,5.64,900,-0.53,5.64,5.64,27500,160000.0,0.01,0.0,17.28,18.99,6.24,5.1,0.0
ST智知,sh603869,8.85,8.87,8.85,12600.0,8.82,700,8.85,7100,-0.23,8.85,8.85,12600,110000.0,0.0,0.0,43.24,43.24,9.76,7.98,0.0
中邮科技,sh688648,35.89,36.18,35.89,3680900.0,35.82,10000,35.89,2100,-0.8,35.89,35.89,3680900,1320000.0,0.05,0.0,24.95,48.81,43.42,28.94,0.0
蓝晓科技,sz300487,69.46,69.91,69.46,22200.0,69.46,7400,69.69,200,-0.64,69.46,69.46,22200,1540000.0,0.01,0.0,213.95,353.65,83.89,55.93,0.0
道通科技,sh688208,27.2,26.84,27.2,6524400.0,27.2,14400,27.22,1000,1.34,27.2,27.2,6524400,1770000.0,0.01,0.0,182.29,182.29,32.21,21.47,0.0
上海银行,sh601229,9.43,9.43,9.43,74100.0,9.43,42000,9.44,2900,0.0,9.43,9.43,74100,700000.0,0.0,0.0,1339.91,1339.91,10.37,8.49,0.0
招商蛇口,sz001979,7.54,7.54,7.54,277200.0,7.52,100,7.54,34000,0.0,7.54,7.54,277200,2090000.0,0.0,0.0,668.78,679.81,8.29,6.79,0.0
东田微,sz301183,216.83,215.69,216.83,33100.0,216.83,200,217.0,300,0.53,216.83,216.83,33100,7180000.0,0.06,0.0,127.28,173.63,258.83,172.55,0.0
浪潮信息,sz000977,80.01,80.68,80.01,406900.0,80.01,1700,80.02,100,-0.83,80.01,80.01,406900,32560000.0,0.03,0.0,1173.61,1174.93,88.75,72.61,0.0
美亚光电,sz002690,15.59,15.52,15.59,30300.0,15.55,9000,15.59,1000,0.45,15.59,15.59,30300,470000.0,0.01,0.0,67.62,137.54,17.07,13.97,0.0
富信科技,sh688662,108.76,107.91,108.76,20163100.0,108.72,900,108.76,3200,0.79,108.76,108.76,20163100,21930000.0,0.18,0.0,124.75,124.75,129.49,86.33,0.0
福能股份,sh600483,10.31,10.34,10.31,15600.0,10.31,9600,10.33,6600,-0.29,10.31,10.31,15600,160000.0,0.0,0.0,286.63,286.63,11.37,9.31,0.0
和顺科技,sz301237,56.02,56.42,56.02,1900.0,56.0,600,56.4,100,-0.71,56.02,56.02,1900,110000.0,0.0,0.0,32.63,44.82,67.7,45.14,0.0
通威股份,sh600438,12.8,12.91,12.8,1179500.0,12.8,1100,12.81,2000,-0.85,12.8,12.8,1179500,15100000.0,0.03,0.0,576.25,576.25,14.2,11.62,0.0
东吴证券,sh601555,8.13,8.12,8.13,89000.0,8.12,1700,8.13,11700,0.12,8.13,8.13,89000,720000.0,0.0,0.0,403.96,403.96,8.93,7.31,0.0
时代新材,sh600458,11.72,11.77,11.72,40600.0,11.71,1000,11.72,10400,-0.42,11.72,11.72,40600,480000.0,0.0,0.0,101.87,111.61,12.95,10.59,0.0
惠泰医疗,sh688617,214.31,215.13,214.31,20000.0,214.0,200,214.64,0,-0.38,214.31,214.31,20000,40000.0,0.0,0.0,303.31,303.31,258.16,172.1,0.0
海锅股份,sz301063,18.19,18.19,18.19,2700.0,18.17,1200,18.25,200,0.0,18.19,18.19,2700,50000.0,0.0,0.0,17.58,18.98,21.83,14.55,0.0
深科达,sh688328,86.0,84.09,86.0,12100800.0,85.88,11600,86.0,19900,2.27,86.0,86.0,12100800,10410000.0,0.13,0.0,81.23,81.23,100.91,67.27,0.0
华菱钢铁,sz000932,3.58,3.6,3.58,816500.0,3.58,454800,3.59,123000,-0.56,3.58,3.58,816500,2920000.0,0.01,0.0,245.32,245.32,3.96,3.24,0.0
大晟文化,sh600892,3.9,3.93,3.9,677600.0,3.89,4200,3.9,20400,-0.76,3.9,3.9,677600,2640000.0,0.12,0.0,21.81,21.82,4.32,3.54,0.0
国脉文化,sh600640,10.83,10.93,10.83,23000.0,10.82,1000,10.83,2700,-0.91,10.83,10.83,23000,250000.0,0.0,0.0,85.73,85.73,12.02,9.84,0.0
浙江众成,sz002522,5.12,5.13,5.12,130000.0,5.12,3500,5.13,78800,-0.19,5.12,5.12,130000,670000.0,0.01,0.0,46.34,46.38,5.64,4.62,0.0
星球石墨,sh688633,24.5,24.68,24.5,712000.0,24.42,700,24.5,300,-0.73,24.5,24.5,712000,170000.0,0.0,0.0,41.75,41.75,29.62,19.74,0.0
古汉医药,sz000590,9.03,9.12,9.03,17900.0,9.03,300,9.05,400,-0.99,9.03,9.03,17900,160000.0,0.01,0.0,21.61,21.62,10.03,8.21,0.0
中金岭南,sz000060,6.69,6.73,6.69,878200.0,6.68,228100,6.69,26500,-0.59,6.69,6.69,878200,5880000.0,0.02,0.0,297.11,297.11,7.4,6.06,0.0
大东南,sz002263,3.09,3.08,3.09,343300.0,3.08,20400,3.09,8900,0.32,3.09,3.09,343300,1060000.0,0.02,0.0,58.04,58.04,3.39,2.77,0.0
道明光学,sz002632,8.58,8.54,8.58,73700.0,8.54,8200,8.58,33900,0.47,8.58,8.58,73700,630000.0,0.01,0.0,49.29,53.59,9.39,7.69,0.0
睿创微纳,sh688002,172.0,168.78,172.0,25209400.0,172.0,7400,172.17,200,1.91,172.0,172.0,25209400,43360000.0,0.05,0.0,800.75,800.75,202.54,135.02,0.0
特锐德,sz300001,37.25,37.44,37.25,63500.0,37.24,2000,37.25,4300,-0.51,37.25,37.25,63500,2370000.0,0.01,0.0,384.11,393.11,44.93,29.95,0.0
艾比森,sz300389,12.59,12.58,12.59,23000.0,12.55,1200,12.59,9700,0.08,12.59,12.59,23000,290000.0,0.01,0.0,27.63,46.47,15.1,10.06,0.0
TCL科技,sz000100,5.18,5.19,5.18,1338100.0,5.17,260900,5.18,20400,-0.19,5.18,5.18,1338100,6930000.0,0.01,0.0,1041.96,1077.48,5.71,4.67,0.0
盈建科,sz300935,33.63,33.37,33.63,48500.0,33.31,3000,33.63,4300,0.78,33.63,33.63,48500,1630000.0,0.08,0.0,20.27,26.71,40.04,26.7,0.0
通富微电,sz002156,71.2,69.26,71.2,3142300.0,71.2,162100,71.21,600,2.8,71.2,71.2,3142300,223730000.0,0.21,0.0,1080.43,1080.53,76.19,62.33,0.0
南亚新材,sh688519,318.0,315.5,318.0,4653800.0,317.77,3200,318.0,0,0.79,318.0,318.0,4653800,14800000.0,0.02,0.0,747.87,747.87,378.6,252.4,0.0
领湃科技,sz300530,19.35,19.64,19.35,31700.0,19.26,1000,19.35,900,-1.48,19.35,19.35,31700,610000.0,0.02,0.0,33.27,33.27,23.57,15.71,0.0
洁美科技,sz002859,75.1,74.93,75.1,207900.0,75.1,13800,75.15,400,0.23,75.1,75.1,207900,15610000.0,0.05,0.0,321.66,340.69,82.42,67.44,0.0
海大集团,sz002311,45.11,45.06,45.11,3900.0,45.1,300,45.11,400,0.11,45.11,45.11,3900,180000.0,0.0,0.0,746.14,746.86,49.57,40.55,0.0
广日股份,sh600894,7.8,7.8,7.8,900.0,7.78,5600,7.8,500,0.0,7.8,7.8,900,10000.0,0.0,0.0,65.77,66.08,8.58,7.02,0.0
迪贝电气,sh603320,16.99,17.05,16.99,8700.0,16.99,2500,17.04,3100,-0.35,16.99,16.99,8700,150000.0,0.01,0.0,25.34,25.34,18.76,15.35,0.0
品茗科技,sh688109,76.0,75.7,76.0,803000.0,74.88,200,76.0,400,0.4,76.0,76.0,803000,610000.0,0.01,0.0,59.92,59.92,90.84,60.56,0.0
智云股份,sz300097,9.79,9.53,9.79,157700.0,9.74,10600,9.79,2500,2.73,9.79,9.79,157700,1540000.0,0.06,0.0,25.83,29.0,11.44,7.62,0.0
宏桥控股,sz002379,19.35,19.64,19.35,776100.0,19.35,117500,19.38,700,-1.48,19.35,19.35,776100,15020000.0,0.07,0.0,219.89,2521.52,21.6,17.68,0.0
源杰科技,sh688498,1630.89,1595.01,1630.89,4239300.0,1630.89,14600,1632.0,200,2.25,1630.89,1630.89,4239300,69140000.0,0.03,0.0,2004.24,2030.46,1914.01,1276.01,0.0
申能股份,sh600642,8.44,8.43,8.44,54000.0,8.44,503200,8.45,700,0.12,8.44,8.44,54000,460000.0,0.0,0.0,413.04,413.06,9.27,7.59,0.0
合康新能,sz300048,4.99,5.01,4.99,68000.0,4.99,12600,5.02,3200,-0.4,4.99,4.99,68000,340000.0,0.01,0.0,56.4,56.5,6.01,4.01,0.0
四川双马,sz000935,23.37,23.37,23.37,5500.0,23.32,500,23.49,1000,0.0,23.37,23.37,5500,130000.0,0.0,0.0,178.42,178.42,25.71,21.03,0.0
燕东微,sh688172,58.71,59.06,58.71,7683400.0,58.71,100,58.89,1300,-0.59,58.71,58.71,7683400,4510000.0,0.01,0.0,703.79,838.15,70.87,47.25,0.0
万得凯,sz301309,31.13,31.21,31.13,22300.0,31.11,2900,31.13,500,-0.26,31.13,31.13,22300,690000.0,0.04,0.0,18.86,31.3,37.45,24.97,0.0
耐普矿机,sz300818,20.11,20.31,20.11,13300.0,20.1,1200,20.11,1200,-0.98,20.11,20.11,13300,270000.0,0.01,0.0,28.58,44.12,24.37,16.25,0.0
三人行,sh605168,46.56,46.66,46.56,14800.0,46.56,4900,46.66,2100,-0.21,46.56,46.56,14800,690000.0,0.01,0.0,98.16,98.16,51.33,41.99,0.0
*ST和科,sz002816,26.51,26.88,0.0,0.0,26.51,600,26.98,300,-1.38,0.0,0.0,0,0.0,0.0,0.0,26.51,26.51,29.57,24.19,0.0
远翔新材,sz301300,32.16,32.42,32.16,4700.0,32.13,100,32.17,500,-0.8,32.16,32.16,4700,150000.0,0.01,0.0,12.57,21.04,38.9,25.94,0.0
航民股份,sh600987,6.62,6.63,6.62,6600.0,6.6,800,6.62,6800,-0.15,6.62,6.62,6600,40000.0,0.0,0.0,67.58,67.58,7.29,5.97,0.0
康盛股份,sz002418,4.03,4.06,4.03,5714100.0,4.03,414700,4.04,5700,-0.74,4.03,4.03,5714100,23030000.0,0.5,0.0,45.8,45.8,4.47,3.65,0.0
吉宏股份,sz002803,19.9,19.97,19.9,82100.0,19.89,5700,19.9,2800,-0.35,19.9,19.9,82100,1630000.0,0.03,0.0,59.22,91.13,21.97,17.97,0.0
新宏泰,sh603016,29.46,29.42,29.46,3100.0,29.46,300,29.55,2000,0.14,29.46,29.46,3100,90000.0,0.0,0.0,43.65,43.65,32.36,26.48,0.0
华升股份,sh600156,8.52,8.5,8.52,96600.0,8.52,2500,8.53,2300,0.24,8.52,8.52,96600,820000.0,0.02,0.0,34.26,34.26,9.35,7.65,0.0
金银河,sz300619,26.43,26.55,26.43,14000.0,26.43,1300,26.46,12300,-0.45,26.43,26.43,14000,370000.0,0.01,0.0,50.33,59.78,31.86,21.24,0.0
盘古智能,sz301456,23.79,23.77,23.79,7200.0,23.79,400,23.88,100,0.08,23.79,23.79,7200,170000.0,0.01,0.0,16.31,36.18,28.52,19.02,0.0
无锡银行,sh600908,5.33,5.33,5.33,35800.0,5.32,8700,5.33,6300,0.0,5.33,5.33,35800,190000.0,0.0,0.0,106.56,116.98,5.86,4.8,0.0
绿田机械,sh605259,18.21,18.35,18.21,4600.0,18.21,200,18.35,3000,-0.76,18.21,18.21,4600,80000.0,0.0,0.0,31.41,31.41,20.19,16.52,0.0
福昕软件,sh688095,65.0,65.7,65.0,745000.0,64.9,300,65.0,2800,-1.07,65.0,65.0,745000,480000.0,0.01,0.0,59.38,59.38,78.84,52.56,0.0
华勤技术,sh603296,86.3,86.9,86.3,134800.0,86.22,1000,86.3,25700,-0.69,86.3,86.3,134800,11630000.0,0.02,0.0,689.19,1308.48,95.59,78.21,0.0
航材股份,sh688563,51.88,51.87,51.88,95200.0,51.88,700,51.98,1000,0.02,51.88,51.88,95200,50000.0,0.0,0.0,70.32,233.13,62.24,41.5,0.0
南芯科技,sh688484,37.2,38.75,37.2,21305200.0,37.17,300,37.2,32300,-4.0,37.2,37.2,21305200,7930000.0,0.05,0.0,159.82,159.82,46.5,31.0,0.0
南大光电,sz300346,61.2,61.2,61.2,270900.0,61.19,300,61.2,100100,0.0,61.2,61.2,270900,16580000.0,0.04,0.0,401.47,422.99,73.44,48.96,0.0
君实生物-U,sh688180,39.18,39.25,39.18,6929700.0,39.18,3700,39.19,400,-0.18,39.18,39.18,6929700,2720000.0,0.01,0.0,300.27,402.26,47.1,31.4,0.0
圣诺生物,sh688117,26.97,27.03,26.97,1650700.0,26.94,2900,26.97,5800,-0.22,26.97,26.97,1650700,450000.0,0.01,0.0,59.43,59.43,32.44,21.62,0.0
福达合金,sh603045,56.9,56.92,56.9,46400.0,56.88,100,56.9,800,-0.04,56.9,56.9,46400,2640000.0,0.03,0.0,77.07,77.07,62.61,51.23,0.0
扬子新材,sz002652,4.14,4.12,4.14,70500.0,4.13,41600,4.14,900,0.49,4.14,4.14,70500,290000.0,0.01,0.0,21.2,21.2,4.53,3.71,0.0
天能股份,sh688819,22.24,22.22,22.24,870000.0,22.22,200,22.24,9400,0.09,22.24,22.24,870000,190000.0,0.0,0.0,216.2,216.2,26.66,17.78,0.0
力鼎光电,sh605118,30.2,30.22,30.2,9700.0,30.05,700,30.2,10400,-0.07,30.2,30.2,9700,290000.0,0.0,0.0,123.48,124.2,33.24,27.2,0.0
宏柏新材,sh605366,8.48,8.5,8.48,38300.0,8.48,1300,8.49,3400,-0.24,8.48,8.48,38300,320000.0,0.0,0.0,65.54,65.54,9.35,7.65,0.0
金冠电气,sh688517,17.49,17.49,17.49,4484600.0,17.41,10300,17.49,200,0.0,17.49,17.49,4484600,780000.0,0.03,0.0,23.89,23.89,20.99,13.99,0.0
密封科技,sz301020,21.47,21.35,21.47,2700.0,21.35,3500,21.47,100,0.56,21.47,21.47,2700,60000.0,0.0,0.0,31.43,31.43,25.62,17.08,0.0
海南橡胶,sh601118,5.38,5.43,5.38,324100.0,5.37,2700,5.38,16900,-0.92,5.38,5.38,324100,1740000.0,0.01,0.0,230.23,230.23,5.97,4.89,0.0
云天化,sh600096,30.74,29.54,30.74,1373600.0,30.74,104500,30.75,5100,4.06,30.74,30.74,1373600,42220000.0,0.08,0.0,560.39,560.39,32.49,26.59,0.0
招商积余,sz001914,8.68,8.66,8.68,32000.0,8.67,1600,8.68,47300,0.23,8.68,8.68,32000,280000.0,0.0,0.0,91.46,91.46,9.53,7.79,0.0
宁波色母,sz301019,15.17,15.24,15.17,5200.0,15.17,300,15.18,2800,-0.46,15.17,15.17,5200,80000.0,0.0,0.0,22.02,30.03,18.29,12.19,0.0
海宁皮城,sz002344,3.92,3.89,3.92,48000.0,3.89,13400,3.92,2600,0.77,3.92,3.92,48000,190000.0,0.0,0.0,50.23,50.28,4.28,3.5,0.0
雄韬股份,sz002733,20.06,20.01,20.06,73700.0,20.06,10900,20.08,900,0.25,20.06,20.06,73700,1480000.0,0.02,0.0,73.99,77.07,22.01,18.01,0.0
亨通光电,sh600487,65.07,65.06,65.07,1238100.0,65.07,78500,65.08,4400,0.02,65.07,65.07,1238100,80560000.0,0.05,0.0,1596.59,1604.88,71.57,58.55,0.0
潍柴重机,sz000880,26.43,26.43,26.43,126100.0,26.4,200,26.43,2400,0.0,26.43,26.43,126100,3330000.0,0.06,0.0,60.0,122.6,29.07,23.79,0.0
思瑞浦,sh688536,292.02,289.52,292.02,982000.0,292.02,200,292.06,200,0.86,292.02,292.02,982000,2870000.0,0.01,0.0,396.12,403.21,347.42,231.62,0.0
元利科技,sh603217,26.74,26.74,26.74,14300.0,26.74,900,26.86,3100,0.0,26.74,26.74,14300,380000.0,0.01,0.0,55.64,55.64,29.41,24.07,0.0
南钢股份,sh600282,4.59,4.59,4.59,58100.0,4.59,227600,4.6,78700,0.0,4.59,4.59,58100,270000.0,0.0,0.0,282.98,282.98,5.05,4.13,0.0
四方光电,sh688665,47.23,47.23,47.23,120000.0,47.23,200,47.42,400,0.0,47.23,47.23,120000,60000.0,0.0,0.0,47.79,47.79,56.68,37.78,0.0
新疆交建,sz002941,10.68,10.68,10.68,45000.0,10.65,15200,10.68,4100,0.0,10.68,10.68,45000,480000.0,0.01,0.0,77.94,77.94,11.75,9.61,0.0
北玻股份,sz002613,3.43,3.42,3.43,144400.0,3.42,55900,3.43,31900,0.29,3.43,3.43,144400,500000.0,0.02,0.0,26.54,37.75,3.76,3.08,0.0
明月镜片,sz301101,29.59,29.55,29.59,4600.0,29.3,7900,29.59,1800,0.14,29.59,29.59,4600,140000.0,0.0,0.0,57.44,59.63,35.46,23.64,0.0
志晟信息,bj920171,17.05,16.88,17.05,2300.0,16.88,600,17.05,0,1.01,17.05,17.05,2300,38500.0,0.0,0.0,11.53,17.09,21.94,11.82,0.0
德创环保,sh603177,10.17,10.13,10.17,607100.0,10.15,104900,10.17,500,0.39,10.17,10.17,607100,6170000.0,0.3,0.0,20.77,20.77,11.14,9.12,0.0
比亚迪,sz002594,89.88,89.88,89.88,183100.0,89.88,92200,89.9,200,0.0,89.88,89.88,183100,16460000.0,0.01,0.0,3133.77,8194.54,98.87,80.89,0.0
兆易创新,sh603986,449.97,444.0,449.97,706500.0,449.94,100,449.97,16800,1.34,449.97,449.97,706500,317900000.0,0.11,0.0,3008.01,3157.64,488.4,399.6,0.0
优彩资源,sz002998,7.95,7.96,7.95,27300.0,7.92,19100,7.95,900,-0.13,7.95,7.95,27300,220000.0,0.01,0.0,21.5,28.21,8.76,7.16,0.0
新锐股份,sh688257,65.0,66.0,65.0,20489600.0,65.0,9500,65.16,800,-1.52,65.0,65.0,20489600,13320000.0,0.06,0.0,230.92,230.92,79.2,52.8,0.0
蓝英装备,sz300293,16.25,16.32,16.25,5600.0,16.23,400,16.25,800,-0.43,16.25,16.25,5600,90000.0,0.0,0.0,55.0,55.0,19.58,13.06,0.0
宝钛股份,sh600456,27.8,27.82,27.8,33700.0,27.8,21600,27.81,3000,-0.07,27.8,27.8,33700,940000.0,0.01,0.0,132.82,132.82,30.6,25.04,0.0
华茂股份,sz000850,4.12,4.12,4.12,71300.0,4.1,11200,4.12,600,0.0,4.12,4.12,71300,290000.0,0.01,0.0,38.87,38.88,4.53,3.71,0.0
泰坦科技,sh688133,24.0,23.91,24.0,3296200.0,23.94,2500,24.0,6000,0.38,24.0,24.0,3296200,790000.0,0.02,0.0,39.46,39.46,28.69,19.13,0.0
一拖股份,sh601038,12.74,12.76,12.74,26400.0,12.74,25900,12.79,400,-0.16,12.74,12.74,26400,340000.0,0.0,0.0,93.22,143.15,14.04,11.48,0.0
百济神州,sh688235,292.2,289.9,292.2,3444700.0,292.0,1200,292.2,900,0.79,292.2,292.2,3444700,10070000.0,0.03,0.0,336.19,4506.56,347.88,231.92,0.0
ST中珠,sh600568,2.22,2.23,2.22,500.0,2.22,4800,2.23,61500,-0.45,2.22,2.22,500,0.0,0.0,0.0,37.05,44.24,2.45,2.01,0.0
先河环保,sz300137,12.92,12.95,12.92,53400.0,12.88,100,12.92,3600,-0.23,12.92,12.92,53400,690000.0,0.01,0.0,68.48,69.33,15.54,10.36,0.0
厦门国贸,sh600755,5.7,5.69,5.7,22800.0,5.7,14200,5.71,28200,0.18,5.7,5.7,22800,130000.0,0.0,0.0,121.53,121.84,6.26,5.12,0.0
华安证券,sh600909,8.49,8.54,8.49,590900.0,8.48,20600,8.49,11900,-0.59,8.49,8.49,590900,5020000.0,0.01,0.0,426.56,426.56,9.39,7.69,0.0
东微半导,sh688261,75.29,75.19,75.29,6167600.0,75.27,700,75.29,500,0.13,75.29,75.29,6167600,4640000.0,0.05,0.0,91.93,92.34,90.23,60.15,0.0
ST司特,sz002538,7.09,7.12,7.09,140400.0,7.09,27400,7.12,8000,-0.42,7.09,7.09,140400,1000000.0,0.02,0.0,60.48,60.52,7.83,6.41,0.0
福光股份,sh688010,28.2,28.3,28.2,590000.0,28.2,200,28.3,1000,-0.35,28.2,28.2,590000,170000.0,0.0,0.0,45.28,45.28,33.96,22.64,0.0
中原传媒,sz000719,12.14,12.17,12.14,4100.0,12.11,500,12.14,5700,-0.25,12.14,12.14,4100,50000.0,0.0,0.0,80.99,124.22,13.39,10.95,0.0
久量股份,sz300808,19.8,19.69,19.8,25500.0,19.8,2600,19.89,2100,0.56,19.8,19.8,25500,500000.0,0.02,0.0,23.54,31.68,23.63,15.75,0.0
坤彩科技,sh603826,17.58,17.57,17.58,23500.0,17.57,900,17.58,2200,0.06,17.58,17.58,23500,410000.0,0.0,0.0,149.74,149.74,19.33,15.81,0.0
传艺科技,sz002866,15.64,15.63,15.64,62300.0,15.63,11600,15.64,2100,0.06,15.64,15.64,62300,970000.0,0.03,0.0,28.74,45.28,17.19,14.07,0.0
海融科技,sz300915,21.18,21.19,21.18,5600.0,21.18,200,21.19,100,-0.05,21.18,21.18,5600,120000.0,0.01,0.0,12.19,26.65,25.43,16.95,0.0
博众精工,sh688097,49.4,49.45,49.4,2579000.0,49.13,5400,49.4,2500,-0.1,49.4,49.4,2579000,1270000.0,0.01,0.0,220.64,220.64,59.34,39.56,0.0
彤程新材,sh603650,68.25,67.8,68.25,130800.0,68.25,4700,68.34,300,0.66,68.25,68.25,130800,8930000.0,0.02,0.0,419.46,420.47,74.58,61.02,0.0
东诚药业,sz002675,13.06,13.05,13.06,2200.0,13.06,100,13.09,100,0.08,13.06,13.06,2200,30000.0,0.0,0.0,97.09,107.69,14.36,11.75,0.0
盛和资源,sh600392,23.87,24.16,23.87,287100.0,23.87,1400,23.88,6200,-1.2,23.87,23.87,287100,6850000.0,0.02,0.0,418.4,418.4,26.58,21.74,0.0
正帆科技,sh688596,72.44,72.22,72.44,8360800.0,72.42,400,72.44,7300,0.3,72.44,72.44,8360800,6060000.0,0.03,0.0,230.12,230.12,86.66,57.78,0.0
水发燃气,sh603318,9.24,9.1,9.24,252100.0,9.23,2500,9.24,5300,1.54,9.24,9.24,252100,2330000.0,0.05,0.0,42.42,51.25,10.01,8.19,0.0
震裕科技,sz300953,108.0,108.19,108.0,39900.0,107.79,700,108.0,2500,-0.18,108.0,108.0,39900,4310000.0,0.02,0.0,189.05,263.02,129.83,86.55,0.0
华测检测,sz300012,15.09,15.22,15.09,606300.0,15.08,700,15.09,102300,-0.85,15.09,15.09,606300,9150000.0,0.04,0.0,216.08,253.94,18.26,12.18,0.0
中国中铁,sh601390,4.36,4.37,4.36,301300.0,4.36,78100,4.37,802800,-0.23,4.36,4.36,301300,1310000.0,0.0,0.0,886.12,1069.57,4.81,3.93,0.0
索菲亚,sz002572,8.05,8.08,8.05,35400.0,8.04,300,8.05,400,-0.37,8.05,8.05,35400,280000.0,0.01,0.0,52.44,77.53,8.89,7.27,0.0
天龙集团,sz300063,9.58,9.66,9.58,326300.0,9.57,1000,9.58,27200,-0.83,9.58,9.58,326300,3130000.0,0.05,0.0,60.02,72.67,11.59,7.73,0.0
百川畅银,sz300614,10.8,10.8,10.8,19500.0,10.79,2100,10.8,4000,0.0,10.8,10.8,19500,210000.0,0.01,0.0,17.33,17.33,12.96,8.64,0.0
广合科技,sz001389,172.2,172.08,172.2,29200.0,172.11,200,172.2,1300,0.07,172.2,172.2,29200,5030000.0,0.02,0.0,262.36,814.01,189.29,154.87,0.0
绿通科技,sz301322,39.9,40.31,39.9,9300.0,39.9,1700,39.91,1000,-1.02,39.9,39.9,9300,370000.0,0.01,0.0,38.39,56.92,48.37,32.25,0.0
同洲电子,sz002052,9.03,9.05,9.03,8400.0,9.0,2000,9.03,6600,-0.22,9.03,9.03,8400,80000.0,0.0,0.0,62.25,67.95,9.96,8.15,0.0
西部矿业,sh601168,38.38,39.34,38.38,937600.0,38.38,15500,38.39,21600,-2.44,38.38,38.38,937600,35980000.0,0.04,0.0,914.6,914.6,43.27,35.41,0.0
中国中车,sh601766,5.96,5.97,5.96,575600.0,5.95,137600,5.96,11400,-0.17,5.96,5.96,575600,3430000.0,0.0,0.0,1449.94,1710.45,6.57,5.37,0.0
思进智能,sz003025,12.61,12.62,12.61,6300.0,12.6,5000,12.61,300,-0.08,12.61,12.61,6300,80000.0,0.0,0.0,28.55,35.81,13.88,11.36,0.0
格尔软件,sh603232,15.96,15.85,15.96,55800.0,15.9,1900,15.96,3200,0.69,15.96,15.96,55800,890000.0,0.02,0.0,36.92,37.11,17.44,14.27,0.0
三峰环境,sh601827,8.32,8.32,8.32,24100.0,8.32,500,8.34,300,0.0,8.32,8.32,24100,200000.0,0.0,0.0,139.1,139.1,9.15,7.49,0.0
河钢资源,sz000923,15.68,15.71,15.68,359100.0,15.68,2800,15.69,700,-0.19,15.68,15.68,359100,5630000.0,0.06,0.0,98.45,102.35,17.28,14.14,0.0
莱伯泰科,sh688056,46.02,46.48,46.02,661600.0,45.53,300,46.02,1800,-0.99,46.02,46.02,661600,300000.0,0.01,0.0,31.04,31.04,55.78,37.18,0.0
广立微,sz301095,81.62,81.12,81.62,33900.0,81.55,100,81.67,100,0.62,81.62,81.62,33900,2770000.0,0.02,0.0,141.22,163.47,97.34,64.9,0.0
海晨股份,sz300873,17.76,17.85,17.76,114300.0,17.68,700,17.77,800,-0.5,17.76,17.76,114300,2030000.0,0.05,0.0,41.55,57.23,21.42,14.28,0.0
双良节能,sh600481,4.41,4.41,4.41,138600.0,4.41,10100,4.42,6300,0.0,4.41,4.41,138600,610000.0,0.01,0.0,91.03,91.03,4.85,3.97,0.0
新联电子,sz002546,8.54,8.62,8.54,245800.0,8.53,14600,8.54,6200,-0.93,8.54,8.54,245800,2100000.0,0.03,0.0,68.42,71.23,9.48,7.76,0.0
云维股份,sh600725,3.26,3.28,3.26,81400.0,3.25,96000,3.26,5000,-0.61,3.26,3.26,81400,270000.0,0.01,0.0,40.18,40.18,3.61,2.95,0.0
和胜股份,sz002824,25.63,25.98,25.63,125300.0,25.63,1000,25.68,2100,-1.35,25.63,25.63,125300,3210000.0,0.06,0.0,57.97,79.75,28.58,23.38,0.0
原尚股份,sh603813,31.4,31.5,31.4,1800.0,31.4,1100,31.5,1000,-0.32,31.4,31.4,1800,60000.0,0.0,0.0,32.97,32.97,34.65,28.35,0.0
特一药业,sz002728,9.52,9.56,9.52,34400.0,9.51,4000,9.52,38700,-0.42,9.52,9.52,34400,330000.0,0.01,0.0,47.72,48.87,10.52,8.6,0.0
优德精密,sz300549,14.28,14.4,14.28,9500.0,14.28,9900,14.33,100,-0.83,14.28,14.28,9500,140000.0,0.01,0.0,14.43,19.04,17.28,11.52,0.0
中联重科,sz000157,6.93,6.93,6.93,163700.0,6.92,10500,6.93,20500,0.0,6.93,6.93,163700,1130000.0,0.0,0.0,489.93,599.34,7.62,6.24,0.0
中润光学,sh688307,52.74,52.43,52.74,2625800.0,52.74,3300,52.75,200,0.59,52.74,52.74,2625800,1380000.0,0.02,0.0,65.55,65.55,62.92,41.94,0.0
立方制药,sz003020,19.4,19.44,19.4,169700.0,19.4,1200,19.43,2300,-0.21,19.4,19.4,169700,3290000.0,0.1,0.0,32.7,44.27,21.38,17.5,0.0
滨江集团,sz002244,9.06,9.09,9.06,197400.0,9.06,8200,9.08,3800,-0.33,9.06,9.06,197400,1790000.0,0.01,0.0,249.83,281.9,10.0,8.18,0.0
TCL中环,sz002129,9.61,9.63,9.61,710500.0,9.6,82000,9.61,1500,-0.21,9.61,9.61,710500,6830000.0,0.02,0.0,388.21,388.54,10.59,8.67,0.0
佳隆股份,sz002495,2.43,2.44,2.43,18000.0,2.43,37600,2.44,11800,-0.41,2.43,2.43,18000,40000.0,0.0,0.0,16.86,22.74,2.68,2.2,0.0
紫建电子,sz301121,36.96,36.91,36.96,400.0,36.96,700,37.25,100,0.14,36.96,36.96,400,10000.0,0.0,0.0,28.37,36.53,44.29,29.53,0.0
佐力药业,sz300181,14.71,14.69,14.71,77300.0,14.71,3600,14.72,7000,0.14,14.71,14.71,77300,1140000.0,0.01,0.0,88.69,103.17,17.63,11.75,0.0
力聚热能,sh603391,64.71,64.61,64.71,1700.0,64.68,100,64.75,100,0.15,64.71,64.71,1700,110000.0,0.01,0.0,14.72,58.89,71.07,58.15,0.0
松原安全,sz300893,16.02,16.1,16.02,1700.0,16.02,3500,16.04,800,-0.5,16.02,16.02,1700,30000.0,0.0,0.0,40.19,75.77,19.32,12.88,0.0
辽宁成大,sh600739,10.78,10.77,10.78,26900.0,10.77,3200,10.78,35500,0.09,10.78,10.78,26900,290000.0,0.0,0.0,164.11,164.11,11.85,9.69,0.0
万顺新材,sz300057,6.68,6.69,6.68,91700.0,6.67,2300,6.68,1500,-0.15,6.68,6.68,91700,610000.0,0.01,0.0,55.51,67.04,8.03,5.35,0.0
世纪恒通,sz301428,29.51,29.93,29.51,24300.0,29.51,1500,29.6,1000,-1.4,29.51,29.51,24300,720000.0,0.03,0.0,20.55,29.12,35.92,23.94,0.0
宝地矿业,sh601121,7.51,7.56,7.51,116000.0,7.51,12100,7.52,27600,-0.66,7.51,7.51,116000,870000.0,0.01,0.0,60.08,73.92,8.32,6.8,0.0
驰宏锌锗,sh600497,10.3,10.33,10.3,638400.0,10.28,38000,10.3,108200,-0.29,10.3,10.3,638400,6580000.0,0.01,0.0,519.16,519.16,11.36,9.3,0.0
桐昆股份,sh601233,23.55,23.45,23.55,66600.0,23.55,5000,23.56,300,0.43,23.55,23.55,66600,1570000.0,0.0,0.0,559.24,560.25,25.8,21.11,0.0
宝新能源,sz000690,4.74,4.73,4.74,194500.0,4.74,79400,4.75,195600,0.21,4.74,4.74,194500,920000.0,0.01,0.0,103.07,103.14,5.2,4.26,0.0
达刚控股,sz300103,8.16,8.2,8.16,44600.0,8.15,600,8.16,100,-0.49,8.16,8.16,44600,360000.0,0.01,0.0,25.89,25.92,9.84,6.56,0.0
博深股份,sz002282,5.98,5.98,5.98,23400.0,5.98,2100,6.02,3000,0.0,5.98,5.98,23400,140000.0,0.0,0.0,30.2,31.5,6.58,5.38,0.0
苏州高新,sh600736,6.89,6.87,6.89,142100.0,6.89,2100,6.9,14000,0.29,6.89,6.89,142100,980000.0,0.01,0.0,79.32,79.32,7.56,6.18,0.0
中威电子,sz300270,13.06,13.15,13.06,68000.0,13.05,2600,13.06,400,-0.68,13.06,13.06,68000,890000.0,0.03,0.0,34.08,39.55,15.78,10.52,0.0
东方电子,sz000682,12.11,12.11,12.11,71000.0,12.09,200,12.11,79700,0.0,12.11,12.11,71000,860000.0,0.01,0.0,162.35,162.36,13.32,10.9,0.0
中国神华,sh601088,44.8,44.79,44.8,67200.0,44.79,9400,44.8,400,0.02,44.8,44.8,67200,3010000.0,0.0,0.0,7387.99,9716.87,49.27,40.31,0.0
华蓝集团,sz301027,20.79,20.87,20.79,53700.0,20.79,1900,20.9,300,-0.38,20.79,20.79,53700,1120000.0,0.04,0.0,25.2,30.56,25.04,16.7,0.0
国电电力,sh600795,4.96,5.0,4.96,2734900.0,4.95,1388900,4.96,246100,-0.8,4.96,4.96,2734900,13570000.0,0.02,0.0,884.65,884.65,5.5,4.5,0.0
中自科技,sh688737,18.39,18.56,18.39,74900.0,18.39,500,18.48,900,-0.92,18.39,18.39,74900,10000.0,0.0,0.0,21.99,21.99,22.27,14.85,0.0
金杨精密,sz301210,26.52,26.8,26.52,23700.0,26.52,600,26.6,500,-1.04,26.52,26.52,23700,630000.0,0.04,0.0,16.32,42.74,32.16,21.44,0.0
港迪技术,sz301633,58.43,58.4,58.43,3600.0,58.4,300,58.43,2800,0.05,58.43,58.43,3600,210000.0,0.01,0.0,14.91,32.53,70.08,46.72,0.0
艾华集团,sh603989,31.66,32.12,31.66,602000.0,31.66,54300,31.7,1200,-1.43,31.66,31.66,602000,19060000.0,0.15,0.0,126.25,126.25,35.33,28.91,0.0
山东路桥,sz000498,4.93,4.96,4.93,37300.0,4.93,36800,4.94,5000,-0.6,4.93,4.93,37300,180000.0,0.0,0.0,71.45,76.54,5.46,4.46,0.0
国瓷材料,sz300285,73.5,73.52,73.5,464100.0,73.4,2500,73.5,7200,-0.03,73.5,73.5,464100,34110000.0,0.05,0.0,627.01,732.83,88.22,58.82,0.0
黑猫股份,sz002068,8.39,8.28,8.39,210400.0,8.32,1200,8.39,10700,1.33,8.39,8.39,210400,1770000.0,0.03,0.0,61.66,61.7,9.11,7.45,0.0
德尔股份,sz300473,22.82,22.94,22.82,6500.0,22.73,1000,22.82,1400,-0.52,22.82,22.82,6500,150000.0,0.0,0.0,34.35,39.4,27.53,18.35,0.0
南方泵业,sz300145,4.41,4.42,4.41,151400.0,4.4,35300,4.41,9000,-0.23,4.41,4.41,151400,670000.0,0.01,0.0,84.27,84.68,5.3,3.54,0.0
大为股份,sz002213,30.96,30.93,30.96,61700.0,30.96,38800,30.98,8900,0.1,30.96,30.96,61700,1910000.0,0.03,0.0,64.0,74.43,34.02,27.84,0.0
普洛药业,sz000739,22.2,22.2,22.2,99900.0,22.19,200,22.2,11400,0.0,22.2,22.2,99900,2220000.0,0.01,0.0,257.07,257.17,24.42,19.98,0.0
重百集团,sh600729,19.33,19.27,19.33,18800.0,19.29,100,19.33,1200,0.31,19.33,19.33,18800,360000.0,0.01,0.0,37.21,85.14,21.2,17.34,0.0
迈威生物-U,sh688062,33.58,33.8,33.58,1557800.0,33.55,200,33.58,3900,-0.65,33.58,33.58,1557800,520000.0,0.01,0.0,77.31,150.01,40.56,27.04,0.0
齐心集团,sz002301,7.9,7.93,7.9,48100.0,7.9,89900,7.92,600,-0.38,7.9,7.9,48100,380000.0,0.01,0.0,56.72,57.2,8.72,7.14,0.0
德马科技,sh688360,17.29,16.85,17.29,3741400.0,17.29,6100,17.3,200,2.61,17.29,17.29,3741400,650000.0,0.01,0.0,45.6,45.6,20.22,13.48,0.0
青岛银行,sz002948,5.74,5.73,5.74,118800.0,5.73,200,5.74,79700,0.17,5.74,5.74,118800,680000.0,0.0,0.0,202.17,334.09,6.3,5.16,0.0
苏美达,sh600710,10.37,10.43,10.37,32800.0,10.37,32500,10.42,13000,-0.58,10.37,10.37,32800,340000.0,0.0,0.0,135.51,135.51,11.47,9.39,0.0
百龙创园,sh605016,20.09,20.09,20.09,36300.0,20.09,400,20.1,13100,0.0,20.09,20.09,36300,730000.0,0.01,0.0,84.38,84.38,22.1,18.08,0.0
亚邦股份,sh603188,4.65,4.7,4.65,203000.0,4.64,4000,4.65,19400,-1.06,4.65,4.65,203000,940000.0,0.04,0.0,26.51,26.51,5.17,4.23,0.0
德石股份,sz301158,16.9,16.8,16.9,131200.0,16.9,10000,16.93,1600,0.6,16.9,16.9,131200,2220000.0,0.07,0.0,32.14,32.96,20.16,13.44,0.0
峰岹科技,sh688279,179.17,178.64,179.17,864600.0,179.17,600,179.48,200,0.3,179.17,179.17,864600,1550000.0,0.01,0.0,167.63,206.25,214.37,142.91,0.0
海亮股份,sz002203,19.59,19.78,19.59,65600.0,19.58,2400,19.59,14100,-0.96,19.59,19.59,65600,1290000.0,0.0,0.0,433.36,448.95,21.76,17.8,0.0
建发股份,sh600153,8.73,8.74,8.73,23300.0,8.73,5000,8.74,15700,-0.11,8.73,8.73,23300,200000.0,0.0,0.0,253.13,253.13,9.61,7.87,0.0
江苏国信,sz002608,7.13,7.14,7.13,18700.0,7.12,400,7.13,3300,-0.14,7.13,7.13,18700,130000.0,0.0,0.0,269.38,269.38,7.85,6.43,0.0
银龙股份,sh603969,7.25,7.25,7.25,49600.0,7.24,15600,7.25,2400,0.0,7.25,7.25,49600,360000.0,0.01,0.0,61.74,63.19,7.98,6.53,0.0
芯朋微,sh688508,96.52,96.78,96.52,7246800.0,96.52,100,96.55,400,-0.27,96.52,96.52,7246800,6990000.0,0.05,0.0,127.81,127.81,116.14,77.42,0.0
胜科纳米,sh688757,36.08,36.46,36.08,8296100.0,36.05,1000,36.08,26800,-1.04,36.08,36.08,8296100,2990000.0,0.05,0.0,65.38,145.51,43.75,29.17,0.0
电气风电,sh688660,8.88,9.01,8.88,12455400.0,8.88,30100,8.9,5000,-1.44,8.88,8.88,12455400,1110000.0,0.01,0.0,118.4,118.4,10.81,7.21,0.0
远东股份,sh600869,17.17,17.17,17.17,698900.0,17.16,500,17.17,286700,0.0,17.17,17.17,698900,12000000.0,0.03,0.0,381.06,381.06,18.89,15.45,0.0
智立方,sz301312,77.0,74.5,77.0,112900.0,77.0,1100,77.48,600,3.36,77.0,77.0,112900,8690000.0,0.13,0.0,65.28,129.76,89.4,59.6,0.0
盐湖股份,sz000792,28.16,28.04,28.16,156200.0,28.16,71200,28.17,2200,0.43,28.16,28.16,156200,4400000.0,0.0,0.0,1490.09,1490.11,30.84,25.24,0.0
新莱福,sz301323,77.25,77.84,77.25,5400.0,77.15,300,77.25,100,-0.76,77.25,77.25,5400,420000.0,0.01,0.0,52.96,82.34,93.41,62.27,0.0
新劲刚,sz300629,17.99,17.89,17.99,15300.0,17.96,1400,17.99,3000,0.56,17.99,17.99,15300,280000.0,0.01,0.0,39.0,45.23,21.47,14.31,0.0
新雷能,sz300593,30.8,31.02,30.8,173100.0,30.78,100,30.8,20500,-0.71,30.8,30.8,173100,5330000.0,0.04,0.0,138.68,167.09,37.22,24.82,0.0
久立特材,sz002318,19.43,19.43,19.43,22000.0,19.4,5000,19.43,2700,0.0,19.43,19.43,22000,430000.0,0.0,0.0,185.37,189.86,21.37,17.49,0.0
奥翔药业,sh603229,8.24,8.24,8.24,12400.0,8.24,2900,8.26,100,0.0,8.24,8.24,12400,100000.0,0.0,0.0,68.42,68.42,9.06,7.42,0.0
香农芯创,sz300475,172.99,171.99,172.99,203700.0,172.99,3000,173.0,1500,0.58,172.99,172.99,203700,35240000.0,0.05,0.0,778.52,812.26,206.39,137.59,0.0
通合科技,sz300491,31.8,32.0,31.8,23800.0,31.55,2000,31.8,1600,-0.63,31.8,31.8,23800,760000.0,0.02,0.0,50.12,56.5,38.4,25.6,0.0
中盐化工,sh600328,6.28,6.27,6.28,76800.0,6.27,5800,6.28,255700,0.16,6.28,6.28,76800,480000.0,0.01,0.0,92.08,92.08,6.9,5.64,0.0
光智科技,sz300489,263.0,258.45,263.0,172200.0,262.5,5100,263.0,600,1.76,263.0,263.0,172200,45290000.0,0.12,0.0,364.65,365.99,310.14,206.76,0.0
晶澳科技,sz002459,7.61,7.7,7.61,890700.0,7.61,23200,7.63,1200,-1.17,7.61,7.61,890700,6780000.0,0.03,0.0,251.65,251.87,8.47,6.93,0.0
江苏华辰,sh603097,19.83,20.2,19.83,22600.0,19.8,6000,19.83,7400,-1.83,19.83,19.83,22600,450000.0,0.01,0.0,44.55,45.6,22.22,18.18,0.0
振华科技,sz000733,41.45,41.48,41.45,52700.0,41.43,500,41.45,300,-0.07,41.45,41.45,52700,2180000.0,0.01,0.0,229.67,229.7,45.63,37.33,0.0
六九一二,sz301592,109.38,109.38,109.38,1100.0,109.38,1100,109.66,1400,0.0,109.38,109.38,1100,120000.0,0.0,0.0,25.55,76.57,131.26,87.5,0.0
科泰电源,sz300153,23.9,24.06,23.9,75100.0,23.9,22500,23.96,500,-0.67,23.9,23.9,75100,1790000.0,0.02,0.0,76.08,76.48,28.87,19.25,0.0
美迪西,sh688202,108.0,107.36,108.0,5509300.0,107.78,6500,108.0,1100,0.6,108.0,108.0,5509300,5950000.0,0.04,0.0,145.1,145.1,128.83,85.89,0.0
紫金矿业,sh601899,33.36,33.36,33.36,2955200.0,33.36,796100,33.37,12500,0.0,33.36,33.36,2955200,98590000.0,0.01,0.0,6872.76,8870.66,36.7,30.02,0.0
中农立华,sh603970,10.59,10.61,10.59,13000.0,10.59,700,10.6,1000,-0.19,10.59,10.59,13000,140000.0,0.0,0.0,28.47,28.47,11.67,9.55,0.0
聚石化学,sh688669,79.39,78.76,79.39,2784400.0,78.6,3000,79.39,300,0.8,79.39,79.39,2784400,2210000.0,0.02,0.0,96.33,96.33,94.51,63.01,0.0
沃特股份,sz002886,20.73,20.8,20.73,30000.0,20.7,2700,20.73,400,-0.34,20.73,20.73,30000,620000.0,0.01,0.0,43.34,54.56,22.88,18.72,0.0
国信证券,sz002736,10.03,10.04,10.03,28100.0,10.03,1200,10.04,56500,-0.1,10.03,10.03,28100,280000.0,0.0,0.0,964.13,1027.25,11.04,9.04,0.0
皖天然气,sh603689,7.41,7.42,7.41,18500.0,7.41,4000,7.42,1400,-0.13,7.41,7.41,18500,140000.0,0.0,0.0,38.79,38.96,8.16,6.68,0.0
博亚精工,sz300971,19.22,19.33,19.22,3300.0,19.16,1000,19.22,600,-0.57,19.22,19.22,3300,60000.0,0.0,0.0,17.73,22.6,23.2,15.46,0.0
科隆股份,sz300405,5.76,5.74,5.76,57800.0,5.76,2700,5.77,1900,0.35,5.76,5.76,57800,330000.0,0.03,0.0,12.6,16.38,6.89,4.59,0.0
红星发展,sh600367,35.5,34.75,35.5,297500.0,35.49,2100,35.5,19600,2.16,35.5,35.5,297500,10560000.0,0.09,0.0,114.3,121.1,38.23,31.28,0.0
ST通葡,sh600365,2.78,2.78,0.0,0.0,2.78,2100,2.79,10000,0.0,0.0,0.0,0,0.0,0.0,0.0,11.88,12.62,3.06,2.5,0.0
华融化学,sz301256,10.68,10.68,10.68,11700.0,10.58,400,10.68,41100,0.0,10.68,10.68,11700,120000.0,0.0,0.0,51.26,51.26,12.82,8.54,0.0
安徽凤凰,bj920000,14.12,14.16,14.12,2800.0,14.12,800,14.22,9000,-0.28,14.12,14.12,2800,38800.0,0.0,0.0,8.13,12.95,18.4,9.92,0.0
金龙羽,sz002882,21.95,22.27,21.95,85600.0,21.94,8600,21.95,4600,-1.44,21.95,21.95,85600,1880000.0,0.03,0.0,54.17,95.02,24.5,20.04,0.0
双箭股份,sz002381,5.48,5.5,5.48,52100.0,5.48,5700,5.49,1400,-0.36,5.48,5.48,52100,290000.0,0.02,0.0,17.65,22.55,6.05,4.95,0.0
南京高科,sh600064,7.57,7.6,7.57,44100.0,7.57,54900,7.6,1400,-0.39,7.57,7.57,44100,330000.0,0.0,0.0,130.99,130.99,8.36,6.84,0.0
太阳纸业,sz002078,13.88,13.88,13.88,3100.0,13.88,600,13.9,2200,0.0,13.88,13.88,3100,40000.0,0.0,0.0,385.39,396.16,15.27,12.49,0.0
嘉化能源,sh600273,6.85,6.86,6.85,22100.0,6.85,50800,6.86,15000,-0.15,6.85,6.85,22100,150000.0,0.0,0.0,89.82,89.82,7.55,6.17,0.0
雅克科技,sz002409,160.95,159.01,160.95,263100.0,160.94,100,160.95,800,1.22,160.95,160.95,263100,42350000.0,0.08,0.0,512.66,766.01,174.91,143.11,0.0
凯赛生物,sh688065,46.59,46.65,46.59,414100.0,46.59,5500,46.65,800,-0.13,46.59,46.59,414100,190000.0,0.0,0.0,271.8,336.05,55.98,37.32,0.0
日科化学,sz300214,12.91,13.05,12.91,402700.0,12.91,7300,12.92,2100,-1.07,12.91,12.91,402700,5200000.0,0.09,0.0,60.02,60.02,15.66,10.44,0.0
三力制药,sh603439,13.24,13.31,13.24,34100.0,13.24,2000,13.28,1700,-0.53,13.24,13.24,34100,450000.0,0.01,0.0,53.47,53.47,14.64,11.98,0.0
指南针,sz300803,84.44,84.83,84.44,29600.0,84.41,100,84.44,1000,-0.46,84.44,84.44,29600,2500000.0,0.0,0.0,511.15,514.91,101.8,67.86,0.0
财通证券,sh601108,8.81,8.89,8.81,332300.0,8.81,13800,8.82,4600,-0.9,8.81,8.81,332300,2930000.0,0.01,0.0,409.12,409.12,9.78,8.0,0.0
天士力,sh600535,15.36,15.36,15.36,38100.0,15.35,100,15.36,70000,0.0,15.36,15.36,38100,590000.0,0.0,0.0,229.47,229.47,16.9,13.82,0.0
容大感光,sz300576,32.8,33.13,32.8,60500.0,32.71,1700,32.8,4300,-1.0,32.8,32.8,60500,1980000.0,0.02,0.0,83.34,132.41,39.76,26.5,0.0
芯联集成-U,sh688469,9.39,9.39,9.39,50207600.0,9.39,169100,9.4,165400,0.0,9.39,9.39,50207600,4710000.0,0.01,0.0,551.17,787.13,11.27,7.51,0.0
壹石通,sh688733,34.91,34.75,34.91,8050900.0,34.91,2900,35.0,10100,0.46,34.91,34.91,8050900,2810000.0,0.04,0.0,69.74,69.74,41.7,27.8,0.0
汇创达,sz300909,54.49,54.49,54.49,2500.0,54.46,2000,54.5,200,0.0,54.49,54.49,2500,140000.0,0.0,0.0,70.37,94.25,65.39,43.59,0.0
极米科技,sh688696,71.51,71.87,71.51,110000.0,71.51,1400,71.71,800,-0.5,71.51,71.51,110000,80000.0,0.0,0.0,50.07,50.07,86.24,57.5,0.0
浙能电力,sh600023,4.89,4.89,4.89,107800.0,4.88,253100,4.89,319900,0.0,4.89,4.89,107800,530000.0,0.0,0.0,655.69,655.69,5.38,4.4,0.0
崇达技术,sz002815,13.5,13.54,13.5,71000.0,13.49,300,13.5,4100,-0.3,13.5,13.5,71000,960000.0,0.01,0.0,104.91,166.61,14.89,12.19,0.0
蕾奥规划,sz300989,14.05,14.2,14.05,10200.0,14.05,1300,14.1,400,-1.06,14.05,14.05,10200,140000.0,0.01,0.0,22.89,29.58,17.04,11.36,0.0
首创证券,sh601136,14.28,14.25,14.28,7400.0,14.26,2000,14.28,30600,0.21,14.28,14.28,7400,110000.0,0.0,0.0,390.32,390.32,15.68,12.83,0.0
吉贝尔,sh688566,26.85,27.0,26.85,598900.0,26.85,300,26.96,3000,-0.56,26.85,26.85,598900,160000.0,0.0,0.0,54.0,54.0,32.4,21.6,0.0
鲁西化工,sz000830,12.02,12.02,12.02,61700.0,12.02,6200,12.03,61400,0.0,12.02,12.02,61700,740000.0,0.0,0.0,228.88,228.9,13.22,10.82,0.0
京沪高铁,sh601816,4.87,4.88,4.87,139300.0,4.87,216500,4.88,23200,-0.2,4.87,4.87,139300,680000.0,0.0,0.0,2382.68,2382.68,5.37,4.39,0.0
中国建筑,sh601668,4.36,4.36,4.36,1123700.0,4.35,1045800,4.36,95100,0.0,4.36,4.36,1123700,4900000.0,0.0,0.0,1801.57,1801.57,4.8,3.92,0.0
国联股份,sh603613,18.87,18.83,18.87,42300.0,18.87,4100,18.88,900,0.21,18.87,18.87,42300,800000.0,0.01,0.0,135.97,135.97,20.71,16.95,0.0
路维光电,sh688401,73.79,74.5,73.79,1003900.0,73.76,200,73.79,2700,-0.95,73.79,73.79,1003900,740000.0,0.01,0.0,142.67,151.54,89.4,59.6,0.0
中国国贸,sh600007,18.62,18.68,18.62,11700.0,18.61,100,18.62,800,-0.32,18.62,18.62,11700,220000.0,0.0,0.0,187.56,187.56,20.55,16.81,0.0
顺钠股份,sz000533,12.3,12.11,12.3,1996500.0,12.3,38400,12.31,2300,1.57,12.3,12.3,1996500,24560000.0,0.29,0.0,84.24,84.97,13.32,10.9,0.0
威迈斯,sh688612,35.45,35.47,35.45,2251200.0,35.45,0,35.47,200,-0.06,35.45,35.45,2251200,800000.0,0.01,0.0,91.0,148.6,42.56,28.38,0.0
国安达,sz300902,17.6,17.81,17.6,5200.0,17.6,3500,17.64,1700,-1.18,17.6,17.6,5200,90000.0,0.0,0.0,21.96,32.0,21.37,14.25,0.0
亿田智能,sz300911,23.65,23.24,23.65,146200.0,23.65,19400,23.67,1000,1.76,23.65,23.65,146200,3460000.0,0.09,0.0,40.52,43.36,27.89,18.59,0.0
仙鹤股份,sh603733,23.0,22.01,23.0,207700.0,23.0,28300,23.04,500,4.5,23.0,23.0,207700,4780000.0,0.03,0.0,187.97,187.97,24.21,19.81,0.0
*ST京化,sh600889,14.62,14.64,14.62,4000.0,14.61,7500,14.62,1300,-0.14,14.62,14.62,4000,60000.0,0.0,0.0,53.56,85.76,16.1,13.18,0.0
好利科技,sz002729,14.12,14.12,14.12,10900.0,14.12,400,14.14,600,0.0,14.12,14.12,10900,150000.0,0.01,0.0,24.78,25.84,15.53,12.71,0.0
世华科技,sh688093,27.3,27.33,27.3,1162000.0,27.1,9100,27.3,100,-0.11,27.3,27.3,1162000,320000.0,0.0,0.0,76.54,76.54,32.8,21.86,0.0
大博医疗,sz002901,43.87,43.95,43.87,5100.0,43.7,200,43.94,2800,-0.18,43.87,43.87,5100,220000.0,0.0,0.0,126.53,181.63,48.35,39.56,0.0
沪电股份,sz002463,125.7,125.09,125.7,214700.0,125.7,1800,125.74,5000,0.49,125.7,125.7,214700,26990000.0,0.01,0.0,2416.97,2418.92,137.6,112.58,0.0
招商轮船,sh601872,17.84,17.89,17.84,366800.0,17.81,1000,17.84,1000,-0.28,17.84,17.84,366800,6540000.0,0.0,0.0,1440.5,1440.5,19.68,16.1,0.0
建发致新,sz301584,23.95,24.2,23.95,18200.0,23.95,900,23.98,300,-1.03,23.95,23.95,18200,440000.0,0.03,0.0,12.86,100.9,29.04,19.36,0.0
联合化学,sz301209,60.48,61.05,60.48,17300.0,60.48,3100,60.49,12000,-0.93,60.48,60.48,17300,1050000.0,0.01,0.0,81.02,94.83,73.26,48.84,0.0
光力科技,sz300480,35.81,35.79,35.81,80800.0,35.81,1000,35.82,200,0.06,35.81,35.81,80800,2890000.0,0.03,0.0,96.74,132.58,42.95,28.63,0.0
恒烁股份,sh688416,80.99,81.08,80.99,2853700.0,80.91,300,80.99,33000,-0.11,80.99,80.99,2853700,2310000.0,0.03,0.0,87.37,87.37,97.3,64.86,0.0
*ST美丽,sz000010,1.54,1.55,1.54,68100.0,1.53,83000,1.54,106400,-0.65,1.54,1.54,68100,100000.0,0.01,0.0,14.13,17.7,1.71,1.4,0.0
藏格矿业,sz000408,78.7,79.41,78.7,224600.0,78.7,1300,78.75,1000,-0.89,78.7,78.7,224600,17680000.0,0.01,0.0,1234.72,1234.74,87.35,71.47,0.0
西藏天路,sh600326,7.6,7.32,7.6,1250200.0,7.58,6700,7.6,73800,3.83,7.6,7.6,1250200,9500000.0,0.09,0.0,103.55,103.55,8.05,6.59,0.0
恒勃股份,sz301225,62.52,62.53,62.52,700.0,62.52,200,62.91,400,-0.02,62.52,62.52,700,40000.0,0.0,0.0,27.5,90.09,75.04,50.02,0.0
宏润建设,sz002062,8.52,8.52,8.52,162600.0,8.52,23100,8.53,1100,0.0,8.52,8.52,162600,1390000.0,0.01,0.0,95.82,105.42,9.37,7.67,0.0
鲁抗医药,sh600789,7.52,7.57,7.52,57300.0,7.52,600,7.53,2300,-0.66,7.52,7.52,57300,430000.0,0.01,0.0,75.97,78.6,8.33,6.81,0.0
物产中大,sh600704,4.86,4.87,4.86,55500.0,4.86,72800,4.87,37500,-0.21,4.86,4.86,55500,270000.0,0.0,0.0,251.32,251.32,5.36,4.38,0.0
日月股份,sh603218,9.88,9.88,9.88,8600.0,9.88,4400,9.89,2000,0.0,9.88,9.88,8600,80000.0,0.0,0.0,101.66,101.75,10.87,8.89,0.0
豪江智能,sz301320,13.23,13.22,13.23,3800.0,13.1,4000,13.23,6100,0.08,13.23,13.23,3800,50000.0,0.0,0.0,15.11,24.08,15.86,10.58,0.0
顺博合金,sz002996,6.26,6.31,6.26,14900.0,6.26,34400,6.31,1100,-0.79,6.26,6.26,14900,90000.0,0.0,0.0,28.69,41.91,6.94,5.68,0.0
明星电力,sh600101,8.03,8.05,8.03,18500.0,8.02,800,8.03,600,-0.25,8.03,8.03,18500,150000.0,0.0,0.0,43.99,43.99,8.86,7.25,0.0
交通银行,sh601328,6.9,6.9,6.9,243500.0,6.89,117900,6.9,43500,0.0,6.9,6.9,243500,1680000.0,0.0,0.0,1799.0,6097.1,7.59,6.21,0.0
青云科技-U,sh688316,53.6,54.2,53.6,3251300.0,53.6,700,53.97,600,-1.11,53.6,53.6,3251300,1740000.0,0.07,0.0,25.67,25.67,65.04,43.36,0.0
世运电路,sh603920,39.99,39.86,39.99,117000.0,39.99,400,40.0,7000,0.33,39.99,39.99,117000,4680000.0,0.02,0.0,288.16,288.16,43.85,35.87,0.0
醋化股份,sh603968,10.47,10.46,10.47,6900.0,10.36,2200,10.47,1900,0.1,10.47,10.47,6900,70000.0,0.0,0.0,21.41,21.41,11.51,9.41,0.0
海泰新光,sh688677,87.99,89.76,87.99,20845500.0,87.97,600,87.99,2300,-1.97,87.99,87.99,20845500,18340000.0,0.17,0.0,105.48,105.48,107.71,71.81,0.0
国际实业,sz000159,5.71,5.72,5.71,44000.0,5.7,11000,5.71,5200,-0.17,5.71,5.71,44000,250000.0,0.01,0.0,27.45,27.45,6.29,5.15,0.0
海星股份,sh603115,85.01,85.26,85.01,76800.0,85.0,5000,85.01,100,-0.29,85.01,85.01,76800,6530000.0,0.03,0.0,207.92,207.92,93.79,76.73,0.0
金岭矿业,sz000655,6.95,6.99,6.95,5100.0,6.95,200,6.97,11000,-0.57,6.95,6.95,5100,40000.0,0.0,0.0,41.38,41.38,7.69,6.29,0.0
欣贺股份,sz003016,7.02,7.05,7.02,6900.0,7.02,1400,7.05,100,-0.43,7.02,7.02,6900,50000.0,0.0,0.0,28.84,29.52,7.76,6.35,0.0
燕麦科技,sh688312,52.0,51.8,52.0,3322800.0,51.95,600,52.0,4500,0.39,52.0,52.0,3322800,1730000.0,0.02,0.0,76.29,76.29,62.16,41.44,0.0
南京银行,sh601009,11.29,11.27,11.29,82900.0,11.28,3000,11.29,46800,0.18,11.29,11.29,82900,940000.0,0.0,0.0,1395.85,1395.85,12.4,10.14,0.0
金风科技,sz002202,21.75,21.76,21.75,905600.0,21.73,1100,21.75,15300,-0.05,21.75,21.75,905600,19700000.0,0.03,0.0,731.56,918.67,23.94,19.58,0.0
中广天择,sh603721,19.69,19.88,19.69,373000.0,19.68,2400,19.69,3300,-0.96,19.69,19.69,373000,7340000.0,0.29,0.0,25.6,25.6,21.87,17.89,0.0
南京聚隆,sz300644,22.0,21.9,22.0,13300.0,21.77,800,22.0,2200,0.46,22.0,22.0,13300,290000.0,0.02,0.0,19.41,24.35,26.28,17.52,0.0
力生制药,sz002393,14.71,14.8,14.71,5400.0,14.71,300,14.75,100,-0.61,14.71,14.71,5400,80000.0,0.0,0.0,44.16,45.35,16.28,13.32,0.0
欧圣电气,sz301187,15.33,15.25,15.33,17500.0,15.33,900,15.42,1200,0.52,15.33,15.33,17500,270000.0,0.01,0.0,39.08,39.08,18.3,12.2,0.0
农业银行,sh601288,6.45,6.46,6.45,1049900.0,6.45,561800,6.46,1649700,-0.15,6.45,6.45,1049900,6770000.0,0.0,0.0,20591.25,22573.91,7.11,5.81,0.0
天安新材,sh603725,12.0,12.03,12.0,172700.0,11.99,2100,12.0,3400,-0.25,12.0,12.0,172700,2070000.0,0.06,0.0,36.58,36.58,13.23,10.83,0.0
第一医药,sh600833,11.66,11.77,11.66,206700.0,11.66,1800,11.69,3500,-0.93,11.66,11.66,206700,2410000.0,0.09,0.0,26.01,26.01,12.95,10.59,0.0
新能股份,sz000595,5.93,6.01,5.93,825700.0,5.92,22500,5.93,96400,-1.33,5.93,5.93,825700,4900000.0,0.07,0.0,67.52,67.52,6.61,5.41,0.0
中信证券,sh600030,27.54,27.54,27.54,381300.0,27.53,800,27.54,500,0.0,27.54,27.54,381300,10500000.0,0.0,0.0,3353.42,4302.92,30.29,24.79,0.0
科华数据,sz002335,32.9,33.08,32.9,100600.0,32.88,100,32.9,4200,-0.54,32.9,32.9,100600,3310000.0,0.02,0.0,217.05,248.2,36.39,29.77,0.0
三柏硕,sz001300,11.55,11.4,11.55,28400.0,11.41,3000,11.55,3700,1.32,11.55,11.55,28400,330000.0,0.01,0.0,28.16,28.16,12.54,10.26,0.0
通宝能源,sh600780,5.86,5.87,5.86,58600.0,5.86,2600,5.87,19400,-0.17,5.86,5.86,58600,340000.0,0.01,0.0,67.19,67.19,6.46,5.28,0.0
海油发展,sh600968,3.92,3.89,3.92,189300.0,3.91,51500,3.92,84000,0.77,3.92,3.92,189300,740000.0,0.0,0.0,398.47,398.47,4.28,3.5,0.0
*ST柳化,sh600423,2.9,2.89,2.9,49400.0,2.89,6800,2.9,14100,0.35,2.9,2.9,49400,140000.0,0.01,0.0,23.16,23.16,3.18,2.6,0.0
中国化学,sh601117,7.42,7.43,7.42,134100.0,7.41,6000,7.42,52800,-0.13,7.42,7.42,134100,1000000.0,0.0,0.0,451.73,453.03,8.17,6.69,0.0
升达林业,sz002259,3.94,3.95,3.94,262900.0,3.93,23600,3.94,3400,-0.25,3.94,3.94,262900,1040000.0,0.03,0.0,29.64,29.64,4.35,3.56,0.0
药石科技,sz300725,53.14,53.49,53.14,252200.0,53.14,11400,53.23,1100,-0.65,53.14,53.14,252200,13400000.0,0.12,0.0,107.73,124.25,64.19,42.79,0.0
润泽科技,sz300442,71.8,72.59,71.8,154000.0,71.8,2000,71.81,700,-1.09,71.8,71.8,154000,11060000.0,0.01,0.0,1174.81,1178.27,87.11,58.07,0.0
佰奥智能,sz300836,52.97,53.11,52.97,11000.0,52.57,200,52.97,200,-0.26,52.97,52.97,11000,580000.0,0.02,0.0,33.61,49.1,63.73,42.49,0.0
伊之密,sz300415,20.95,20.98,20.95,5100.0,20.88,300,20.95,3500,-0.14,20.95,20.95,5100,110000.0,0.0,0.0,94.92,98.16,25.18,16.78,0.0
同和药业,sz300636,7.1,7.1,7.1,9100.0,7.04,800,7.1,3400,0.0,7.1,7.1,9100,60000.0,0.0,0.0,26.08,29.82,8.52,5.68,0.0
概伦电子,sh688206,41.57,41.57,41.57,8474000.0,41.26,200,41.57,8000,0.0,41.57,41.57,8474000,3520000.0,0.02,0.0,181.49,209.53,49.88,33.26,0.0
海南华铁,sh603300,4.95,4.96,4.95,100000.0,4.95,61900,4.96,368600,-0.2,4.95,4.95,100000,500000.0,0.01,0.0,98.96,98.96,5.46,4.46,0.0
三旺通信,sh688618,32.95,32.08,32.95,8511300.0,32.93,10100,32.95,8100,2.71,32.95,32.95,8511300,2800000.0,0.08,0.0,36.26,36.26,38.5,25.66,0.0
雷迪克,sz300652,30.47,30.48,30.47,3200.0,30.35,1000,30.47,100,-0.03,30.47,30.47,3200,100000.0,0.0,0.0,36.48,40.64,36.58,24.38,0.0
五洲特纸,sh605007,15.79,15.83,15.79,29500.0,15.71,5700,15.79,1200,-0.25,15.79,15.79,29500,470000.0,0.01,0.0,74.94,75.12,17.41,14.25,0.0
泰恩康,sz301263,19.01,20.24,19.01,364200.0,19.0,6300,19.01,24800,-6.08,19.01,19.01,364200,6920000.0,0.1,0.0,69.25,97.06,24.29,16.19,0.0
大西洋,sh600558,5.03,5.05,5.03,180700.0,5.02,7000,5.03,20600,-0.4,5.03,5.03,180700,910000.0,0.02,0.0,45.15,45.15,5.56,4.55,0.0
上海电力,sh600021,14.12,14.13,14.12,87100.0,14.11,3900,14.12,24000,-0.07,14.12,14.12,87100,1230000.0,0.0,0.0,398.45,398.45,15.54,12.72,0.0
工商银行,sh601398,7.54,7.56,7.54,1612400.0,7.54,608100,7.55,75300,-0.26,7.54,7.54,1612400,12160000.0,0.0,0.0,20328.76,26873.03,8.32,6.8,0.0
ST金花,sh600080,4.85,4.87,0.0,0.0,4.85,4000,4.87,18300,-0.41,0.0,0.0,0,0.0,0.0,0.0,18.1,18.1,5.36,4.38,0.0
满坤科技,sz301132,38.02,38.37,38.02,34500.0,38.02,2600,38.12,300,-0.91,38.02,38.02,34500,1310000.0,0.04,0.0,36.02,56.3,46.04,30.7,0.0
海兴电力,sh603556,25.3,25.62,25.3,86000.0,25.3,700,25.32,2500,-1.25,25.3,25.3,86000,2180000.0,0.02,0.0,123.02,123.02,28.18,23.06,0.0
北方稀土,sh600111,42.4,42.78,42.4,173300.0,42.39,1900,42.4,14800,-0.89,42.4,42.4,173300,7350000.0,0.0,0.0,1532.79,1532.79,47.06,38.5,0.0
中熔电气,sz301031,94.22,94.38,94.22,2600.0,94.22,100,94.38,2000,-0.17,94.22,94.22,2600,240000.0,0.0,0.0,108.26,137.71,113.26,75.5,0.0
银星能源,sz000862,5.34,5.35,5.34,44300.0,5.32,200,5.34,13900,-0.19,5.34,5.34,44300,240000.0,0.01,0.0,33.53,49.02,5.89,4.82,0.0
华鲁恒升,sh600426,21.0,20.92,21.0,65300.0,21.0,6100,21.01,10400,0.38,21.0,21.0,65300,1370000.0,0.0,0.0,577.41,577.49,23.01,18.83,0.0
波导股份,sh600130,4.41,4.41,4.41,56700.0,4.4,2000,4.41,17800,0.0,4.41,4.41,56700,250000.0,0.01,0.0,33.08,33.08,4.85,3.97,0.0
新农股份,sz002942,15.5,15.58,15.5,16000.0,15.5,100,15.56,100,-0.51,15.5,15.5,16000,250000.0,0.01,0.0,21.51,24.1,17.14,14.02,0.0
天山电子,sz301379,24.52,24.54,24.52,209200.0,24.5,3300,24.52,5400,-0.08,24.52,24.52,209200,5130000.0,0.1,0.0,53.62,68.04,29.45,19.63,0.0
惠柏新材,sz301555,32.5,32.64,32.5,1300.0,32.33,500,32.5,600,-0.43,32.5,32.5,1300,40000.0,0.0,0.0,15.71,29.99,39.17,26.11,0.0
久盛电气,sz301082,10.28,10.38,10.28,25600.0,10.28,400,10.35,500,-0.96,10.28,10.28,25600,260000.0,0.01,0.0,28.03,30.24,12.46,8.3,0.0
长城证券,sz002939,8.22,8.23,8.22,40500.0,8.21,27500,8.22,55600,-0.12,8.22,8.22,40500,330000.0,0.0,0.0,296.14,331.63,9.05,7.41,0.0
佰仁医疗,sh688198,80.01,80.1,80.01,80000.0,80.01,100,80.18,700,-0.11,80.01,80.01,80000,60000.0,0.0,0.0,110.21,110.21,96.12,64.08,0.0
锦盛新材,sz300849,21.05,21.08,21.05,68800.0,21.05,2900,21.06,8300,-0.14,21.05,21.05,68800,1450000.0,0.06,0.0,23.21,31.57,25.3,16.86,0.0
佛燃能源,sz002911,10.75,10.77,10.75,7800.0,10.75,200,10.76,2000,-0.19,10.75,10.75,7800,80000.0,0.0,0.0,136.21,139.55,11.85,9.69,0.0
三七互娱,sz002555,19.41,19.52,19.41,119100.0,19.4,27800,19.41,4000,-0.56,19.41,19.41,119100,2310000.0,0.01,0.0,308.11,429.4,21.47,17.57,0.0
莱特光电,sh688150,42.42,42.42,42.42,3482800.0,42.42,600,42.59,200,0.0,42.42,42.42,3482800,1480000.0,0.01,0.0,170.71,170.71,50.9,33.94,0.0
特变电工,sh600089,21.08,21.14,21.08,140100.0,21.07,4200,21.08,21200,-0.28,21.08,21.08,140100,2950000.0,0.0,0.0,1065.13,1065.13,23.25,19.03,0.0
荣昌生物,sh688331,134.0,133.99,134.0,3512000.0,134.0,74200,134.45,500,0.01,134.0,134.0,3512000,4710000.0,0.01,0.0,476.9,756.4,160.79,107.19,0.0
新兴铸管,sz000778,3.73,3.73,3.73,212900.0,3.72,18700,3.73,136100,0.0,3.73,3.73,212900,790000.0,0.01,0.0,145.23,147.83,4.1,3.36,0.0
德冠新材,sz001378,21.42,21.42,21.42,18700.0,21.42,700,21.48,100,0.0,21.42,21.42,18700,400000.0,0.02,0.0,18.07,37.13,23.56,19.28,0.0
梦天家居,sh603216,21.35,20.88,21.35,72600.0,21.23,7200,21.35,3600,2.25,21.35,21.35,72600,1550000.0,0.03,0.0,47.54,47.54,22.97,18.79,0.0
三达膜,sh688101,15.61,15.68,15.61,409200.0,15.6,2000,15.61,900,-0.45,15.61,15.61,409200,60000.0,0.0,0.0,51.83,51.83,18.82,12.54,0.0
隆华科技,sz300263,10.45,10.5,10.45,145400.0,10.44,6300,10.45,21000,-0.48,10.45,10.45,145400,1520000.0,0.01,0.0,101.94,108.16,12.6,8.4,0.0
中国交建,sh601800,5.91,5.91,5.91,76700.0,5.91,16600,5.92,113100,0.0,5.91,5.91,76700,450000.0,0.0,0.0,692.82,958.23,6.5,5.32,0.0
凯恩股份,sz002012,6.61,6.66,6.61,15200.0,6.61,9300,6.65,16200,-0.75,6.61,6.61,15200,100000.0,0.0,0.0,30.91,30.91,7.33,5.99,0.0
拓尔思,sz300229,14.46,14.55,14.46,34200.0,14.45,1000,14.46,500,-0.62,14.46,14.46,34200,490000.0,0.0,0.0,126.24,126.33,17.46,11.64,0.0
宿迁联盛,sh603065,16.7,16.46,16.7,289500.0,16.66,1600,16.7,17500,1.46,16.7,16.7,289500,4830000.0,0.07,0.0,69.97,69.97,18.11,14.81,0.0
汇川技术,sz300124,61.93,61.97,61.93,45600.0,61.93,600,61.95,1100,-0.06,61.93,61.93,45600,2820000.0,0.0,0.0,1492.71,1676.82,74.36,49.58,0.0
国元证券,sz000728,7.16,7.16,7.16,35100.0,7.16,11000,7.17,10600,0.0,7.16,7.16,35100,250000.0,0.0,0.0,312.45,312.45,7.88,6.44,0.0
奇德新材,sz300995,26.95,26.99,26.95,4100.0,26.95,300,26.99,400,-0.15,26.95,26.95,4100,110000.0,0.01,0.0,16.37,24.82,32.39,21.59,0.0
衢州东峰,sh601515,3.43,3.45,3.43,45700.0,3.41,14700,3.43,3500,-0.58,3.43,3.43,45700,160000.0,0.0,0.0,66.01,66.01,3.8,3.11,0.0
瑞华技术,bj920099,18.33,18.53,18.33,17600.0,18.33,3700,18.42,1000,-1.08,18.33,18.33,17600,323000.0,0.03,0.0,10.8,17.24,24.08,12.98,0.0
怡合达,sz301029,27.29,27.29,27.29,20200.0,27.29,7700,27.35,400,0.0,27.29,27.29,20200,550000.0,0.0,0.0,123.59,173.51,32.75,21.83,0.0
中船防务,sh600685,26.35,26.44,26.35,21800.0,26.31,3100,26.35,8000,-0.34,26.35,26.35,21800,570000.0,0.0,0.0,216.45,372.46,29.08,23.8,0.0
三棵树,sh603737,24.32,24.21,24.32,84000.0,24.32,1200,24.34,800,0.45,24.32,24.32,84000,2040000.0,0.01,0.0,215.32,215.32,26.63,21.79,0.0
福赛科技,sz301529,108.24,106.8,108.24,13800.0,108.24,500,108.28,200,1.35,108.24,108.24,13800,1490000.0,0.02,0.0,68.8,128.18,128.16,85.44,0.0
新巨丰,sz301296,6.46,6.47,6.46,9200.0,6.42,10200,6.47,100,-0.15,6.46,6.46,9200,60000.0,0.0,0.0,27.62,27.62,7.76,5.18,0.0
诺力股份,sh603611,17.02,17.09,17.02,2400.0,17.01,600,17.07,1000,-0.41,17.02,17.02,2400,40000.0,0.0,0.0,43.84,43.84,18.8,15.38,0.0
华大九天,sz301269,98.23,99.17,98.23,23800.0,98.2,700,98.23,3800,-0.95,98.23,98.23,23800,2340000.0,0.0,0.0,538.18,538.18,119.0,79.34,0.0
中原高速,sh600020,3.74,3.75,3.74,131600.0,3.74,19800,3.75,65500,-0.27,3.74,3.74,131600,490000.0,0.01,0.0,84.05,84.05,4.13,3.38,0.0
创新新材,sh600361,3.65,3.66,3.65,62800.0,3.64,65700,3.65,38200,-0.27,3.65,3.65,62800,230000.0,0.0,0.0,136.24,136.24,4.03,3.29,0.0
铁龙物流,sh600125,5.44,5.44,5.44,28300.0,5.44,62000,5.45,5500,0.0,5.44,5.44,28300,150000.0,0.0,0.0,71.02,71.02,5.98,4.9,0.0
中兵红箭,sz000519,15.16,15.16,15.16,394200.0,15.16,3100,15.18,25200,0.0,15.16,15.16,394200,5980000.0,0.03,0.0,211.11,211.11,16.68,13.64,0.0
溢多利,sz300381,6.3,6.34,6.3,53700.0,6.3,22500,6.33,1000,-0.63,6.3,6.3,53700,340000.0,0.01,0.0,30.14,30.25,7.61,5.07,0.0
天宇股份,sz300702,22.42,22.46,22.42,2600.0,22.42,600,22.46,600,-0.18,22.42,22.42,2600,60000.0,0.0,0.0,47.17,78.02,26.95,17.97,0.0
宏发股份,sh600885,36.34,36.35,36.34,77100.0,36.31,100,36.34,82400,-0.03,36.34,36.34,77100,2800000.0,0.0,0.0,562.4,562.4,39.99,32.72,0.0
上海电影,sh601595,17.05,17.1,17.05,27100.0,17.05,2200,17.06,300,-0.29,17.05,17.05,27100,460000.0,0.01,0.0,76.42,76.42,18.81,15.39,0.0
新亚强,sh603155,14.41,14.48,14.41,44900.0,14.41,9100,14.46,3500,-0.48,14.41,14.41,44900,650000.0,0.01,0.0,65.98,65.98,15.93,13.03,0.0
龙源电力,sz001289,15.7,15.68,15.7,15200.0,15.69,300,15.7,3700,0.13,15.7,15.7,15200,240000.0,0.0,0.0,791.58,1312.49,17.25,14.11,0.0
中科三环,sz000970,13.65,13.72,13.65,91200.0,13.64,100,13.65,900,-0.51,13.65,13.65,91200,1240000.0,0.01,0.0,165.95,165.95,15.09,12.35,0.0
天融信,sz002212,6.49,6.54,6.49,231300.0,6.49,33300,6.5,3000,-0.76,6.49,6.49,231300,1500000.0,0.02,0.0,75.73,76.55,7.19,5.89,0.0
三美股份,sh603379,64.0,64.2,64.0,15500.0,64.0,800,64.1,400,-0.31,64.0,64.0,15500,990000.0,0.0,0.0,390.71,390.71,70.62,57.78,0.0
诺思兰德,bj920047,17.76,17.79,17.76,2000.0,17.74,200,17.76,3500,-0.17,17.76,17.76,2000,36000.0,0.0,0.0,31.99,48.71,23.12,12.46,0.0
飞南资源,sz301500,24.19,24.43,24.19,90600.0,24.18,300,24.19,500,-0.98,24.19,24.19,90600,2190000.0,0.06,0.0,34.85,135.73,29.32,19.54,0.0
科瑞思,sz301314,43.7,44.08,43.7,6500.0,43.7,300,44.2,200,-0.86,43.7,43.7,6500,280000.0,0.04,0.0,7.98,24.14,52.9,35.26,0.0
中钢国际,sz000928,4.98,4.99,4.98,2000.0,4.98,800,4.99,12400,-0.2,4.98,4.98,2000,10000.0,0.0,0.0,71.44,71.45,5.49,4.49,0.0
南极光,sz300940,14.42,14.21,14.42,13800.0,14.32,100,14.42,600,1.48,14.42,14.42,13800,200000.0,0.01,0.0,22.71,32.11,17.05,11.37,0.0
惠城环保,sz300779,75.37,75.66,75.37,184700.0,75.37,8600,75.4,1000,-0.38,75.37,75.37,184700,13920000.0,0.08,0.0,171.22,224.08,90.79,60.53,0.0
深圳能源,sz000027,6.25,6.24,6.25,64500.0,6.25,14000,6.26,37800,0.16,6.25,6.25,64500,400000.0,0.0,0.0,297.34,297.34,6.86,5.62,0.0
超频三,sz300647,5.9,5.9,5.9,10900.0,5.87,300,5.9,1500,0.0,5.9,5.9,10900,60000.0,0.0,0.0,26.94,26.98,7.08,4.72,0.0
任子行,sz300311,6.05,6.09,6.05,268100.0,6.04,2200,6.05,12600,-0.66,6.05,6.05,268100,1620000.0,0.05,0.0,32.51,40.75,7.31,4.87,0.0
常青科技,sh603125,24.78,24.84,24.78,7000.0,24.78,300,24.79,200,-0.24,24.78,24.78,7000,170000.0,0.0,0.0,100.32,100.32,27.32,22.36,0.0
宇信科技,sz300674,15.71,15.75,15.71,14000.0,15.71,1500,15.73,700,-0.25,15.71,15.71,14000,220000.0,0.0,0.0,110.44,110.61,18.9,12.6,0.0
西南证券,sh600369,4.09,4.1,4.09,68700.0,4.09,94000,4.1,330300,-0.24,4.09,4.09,68700,280000.0,0.0,0.0,271.78,271.78,4.51,3.69,0.0
森林包装,sh605500,7.05,7.01,7.05,32600.0,7.03,6800,7.05,15500,0.57,7.05,7.05,32600,230000.0,0.01,0.0,29.22,29.22,7.71,6.31,0.0
中复神鹰,sh688295,41.32,41.38,41.32,1135800.0,41.32,15400,41.35,200,-0.14,41.32,41.32,1135800,470000.0,0.0,0.0,371.88,371.88,49.66,33.1,0.0
太阳能,sz000591,4.37,4.37,4.37,29300.0,4.36,6000,4.37,71200,0.0,4.37,4.37,29300,130000.0,0.0,0.0,170.58,170.64,4.81,3.93,0.0
江西铜业,sh600362,46.5,47.72,46.5,1531100.0,46.49,253300,46.5,38100,-2.56,46.5,46.5,1531100,71200000.0,0.07,0.0,964.99,1610.17,52.49,42.95,0.0
海康威视,sz002415,35.0,35.09,35.0,279200.0,34.99,1700,35.0,14200,-0.26,35.0,35.0,279200,9770000.0,0.0,0.0,3166.13,3207.71,38.6,31.58,0.0
新 和 成,sz002001,28.88,28.64,28.88,384700.0,28.87,2000,28.88,3900,0.84,28.88,28.88,384700,11110000.0,0.01,0.0,877.04,887.6,31.5,25.78,0.0
易点天下,sz301171,38.65,39.23,38.65,682200.0,38.65,5000,38.68,200,-1.48,38.65,38.65,682200,26370000.0,0.14,0.0,193.98,239.06,47.08,31.38,0.0
广州发展,sh600098,6.24,6.25,6.24,35200.0,6.23,55500,6.24,1300,-0.16,6.24,6.24,35200,220000.0,0.0,0.0,218.77,218.77,6.88,5.63,0.0
亚太科技,sz002540,5.18,5.18,5.18,24500.0,5.16,100,5.18,2600,0.0,5.18,5.18,24500,130000.0,0.0,0.0,44.45,64.62,5.7,4.66,0.0
理工导航,sh688282,65.71,64.69,65.71,1335600.0,65.71,200,65.79,200,1.58,65.71,65.71,1335600,880000.0,0.02,0.0,58.5,58.5,77.63,51.75,0.0
柳药集团,sh603368,16.38,16.46,16.38,32700.0,16.38,3300,16.39,3300,-0.49,16.38,16.38,32700,540000.0,0.01,0.0,65.06,65.06,18.11,14.81,0.0
和元生物,sh688238,7.46,7.34,7.46,9144200.0,7.46,10700,7.47,500,1.63,7.46,7.46,9144200,680000.0,0.01,0.0,48.3,48.42,8.81,5.87,0.0
粤电力Ａ,sz000539,5.59,5.64,5.59,286200.0,5.59,3400,5.6,31100,-0.89,5.59,5.59,286200,1600000.0,0.01,0.0,142.85,293.49,6.2,5.08,0.0
法拉电子,sh600563,138.6,139.09,138.6,21900.0,138.59,4100,138.62,100,-0.35,138.6,138.6,21900,3040000.0,0.01,0.0,311.85,311.85,153.0,125.18,0.0
中工国际,sz002051,8.83,8.84,8.83,162600.0,8.82,500,8.83,3200,-0.11,8.83,8.83,162600,1440000.0,0.01,0.0,108.29,108.3,9.72,7.96,0.0
建设银行,sh601939,10.31,10.3,10.31,531000.0,10.3,11700,10.31,23100,0.1,10.31,10.31,531000,5470000.0,0.01,0.0,989.11,26971.0,11.33,9.27,0.0
呈和科技,sh688625,62.49,62.64,62.49,3212800.0,62.33,800,62.49,0,-0.24,62.49,62.49,3212800,2010000.0,0.01,0.0,162.27,162.27,75.17,50.11,0.0
博迈科,sh603727,18.42,18.33,18.42,23100.0,18.42,10800,18.44,100,0.49,18.42,18.42,23100,430000.0,0.01,0.0,51.89,51.89,20.16,16.5,0.0
和仁科技,sz300550,12.05,12.04,12.05,400.0,12.05,2700,12.06,3000,0.08,12.05,12.05,400,0.0,0.0,0.0,31.61,31.64,14.45,9.63,0.0
吉祥航空,sh603885,10.68,10.72,10.68,31900.0,10.68,3300,10.7,200,-0.37,10.68,10.68,31900,340000.0,0.0,0.0,231.65,231.65,11.79,9.65,0.0
双元科技,sh688623,62.46,62.79,62.46,210800.0,62.46,1200,62.61,0,-0.53,62.46,62.46,210800,130000.0,0.01,0.0,22.19,53.41,75.35,50.23,0.0
山东威达,sz002026,10.62,10.61,10.62,58100.0,10.62,900,10.64,100,0.09,10.62,10.62,58100,620000.0,0.01,0.0,46.78,46.78,11.67,9.55,0.0
安徽建工,sh600502,4.42,4.43,4.42,131300.0,4.41,64200,4.42,14900,-0.23,4.42,4.42,131300,580000.0,0.01,0.0,75.87,75.87,4.87,3.99,0.0
兴欣新材,sz001358,28.44,28.14,28.44,118500.0,28.44,5100,28.5,300,1.07,28.44,28.44,118500,3370000.0,0.23,0.0,14.5,35.04,30.95,25.33,0.0
江阴银行,sz002807,3.89,3.89,3.89,66100.0,3.88,400400,3.89,44000,0.0,3.89,3.89,66100,260000.0,0.0,0.0,105.17,105.32,4.28,3.5,0.0
艾为电子,sh688798,56.99,56.98,56.99,1259100.0,56.97,2000,56.99,800,0.02,56.99,56.99,1259100,720000.0,0.01,0.0,77.36,132.86,68.38,45.58,0.0
山高环能,sz000803,7.29,7.36,7.29,81800.0,7.28,5000,7.29,9100,-0.95,7.29,7.29,81800,600000.0,0.02,0.0,33.52,33.99,8.1,6.62,0.0
苏州固锝,sz002079,10.1,10.13,10.1,280800.0,10.1,13400,10.11,24400,-0.3,10.1,10.1,280800,2840000.0,0.03,0.0,81.92,91.76,11.14,9.12,0.0
必易微,sh688045,63.86,63.87,63.86,1307000.0,63.63,700,63.86,2000,-0.02,63.86,63.86,1307000,830000.0,0.02,0.0,45.07,45.07,76.64,51.1,0.0
华致酒行,sz300755,11.65,11.61,11.65,32600.0,11.6,500,11.65,1000,0.34,11.65,11.65,32600,380000.0,0.01,0.0,48.53,48.56,13.93,9.29,0.0
丽岛新材,sh603937,11.75,11.76,11.75,16800.0,11.68,1000,11.75,3400,-0.09,11.75,11.75,16800,200000.0,0.01,0.0,24.54,24.54,12.94,10.58,0.0
渤海轮渡,sh603167,8.65,8.67,8.65,6400.0,8.65,37300,8.66,1200,-0.23,8.65,8.65,6400,60000.0,0.0,0.0,40.58,40.58,9.54,7.8,0.0
中国能建,sh601868,2.55,2.55,2.55,1559000.0,2.54,22756900,2.55,585800,0.0,2.55,2.55,1559000,3980000.0,0.0,0.0,826.93,1128.12,2.81,2.3,0.0
新疆天业,sh600075,4.47,4.47,4.47,33100.0,4.47,22900,4.48,29100,0.0,4.47,4.47,33100,150000.0,0.0,0.0,76.34,76.34,4.92,4.02,0.0
嘉亨家化,sz300955,32.4,32.4,32.4,10700.0,32.4,8800,32.7,200,0.0,32.4,32.4,10700,350000.0,0.01,0.0,32.66,32.66,38.88,25.92,0.0
广联航空,sz300900,25.74,25.77,25.74,96900.0,25.7,300,25.74,1500,-0.12,25.74,25.74,96900,2490000.0,0.04,0.0,66.1,84.36,30.92,20.62,0.0
鲁  泰Ａ,sz000726,5.87,5.9,5.87,45100.0,5.87,600,5.88,5200,-0.51,5.87,5.87,45100,260000.0,0.01,0.0,34.59,47.99,6.49,5.31,0.0
冀衡医药,sz002742,4.67,4.7,4.67,1150900.0,4.66,200,4.67,223100,-0.64,4.67,4.67,1150900,5370000.0,0.22,0.0,24.47,31.95,5.17,4.23,0.0
亚太药业,sz002370,6.19,6.22,6.19,1324300.0,6.19,12100,6.2,147700,-0.48,6.19,6.19,1324300,8200000.0,0.18,0.0,46.15,46.16,6.84,5.6,0.0
圆通速递,sh600233,18.87,18.78,18.87,18000.0,18.86,400,18.87,22500,0.48,18.87,18.87,18000,340000.0,0.0,0.0,646.11,646.11,20.66,16.9,0.0
罗莱生活,sz002293,11.0,11.01,11.0,7900.0,10.98,11700,11.0,3300,-0.09,11.0,11.0,7900,90000.0,0.0,0.0,91.33,92.09,12.11,9.91,0.0
浙矿股份,sz300837,23.66,23.7,23.66,2900.0,23.4,400,23.66,200,-0.17,23.66,23.66,2900,70000.0,0.0,0.0,17.89,23.66,28.44,18.96,0.0
亿联网络,sz300628,40.15,40.12,40.15,38000.0,40.13,200,40.15,1500,0.07,40.15,40.15,38000,1530000.0,0.01,0.0,291.44,508.67,48.14,32.1,0.0
北方铜业,sz000737,14.5,14.95,14.5,4780000.0,14.5,470300,14.51,12600,-3.01,14.5,14.5,4780000,69310000.0,0.25,0.0,276.16,276.18,16.45,13.46,0.0
兴业证券,sh601377,5.84,5.85,5.84,124600.0,5.84,525500,5.85,361300,-0.17,5.84,5.84,124600,730000.0,0.0,0.0,504.34,504.34,6.44,5.27,0.0
南模生物,sh688265,47.49,48.19,47.49,3292200.0,47.3,200,47.49,6400,-1.45,47.49,47.49,3292200,1560000.0,0.04,0.0,37.02,37.02,57.83,38.55,0.0
紫江企业,sh600210,6.03,6.06,6.03,96900.0,6.03,21000,6.04,2700,-0.5,6.03,6.03,96900,580000.0,0.01,0.0,91.46,91.46,6.67,5.45,0.0
*ST利源,sz002501,1.29,1.3,1.29,224600.0,1.29,1727500,1.3,909000,-0.77,1.29,1.29,224600,290000.0,0.01,0.0,45.75,45.8,1.43,1.17,0.0
大洋生物,sz003017,23.02,23.15,23.02,7000.0,23.02,2500,23.11,11000,-0.56,23.02,23.02,7000,160000.0,0.01,0.0,19.22,23.2,25.47,20.84,0.0
招商公路,sz001965,9.14,9.14,9.14,56500.0,9.13,15500,9.14,3300,0.0,9.14,9.14,56500,520000.0,0.0,0.0,621.07,621.07,10.05,8.23,0.0
华谊集团,sh600623,8.35,8.31,8.35,61600.0,8.31,1000,8.35,40100,0.48,8.35,8.35,61600,510000.0,0.0,0.0,156.65,176.98,9.14,7.48,0.0
博拓生物,sh688767,42.19,42.35,42.19,931000.0,42.19,500,42.35,2000,-0.38,42.19,42.19,931000,390000.0,0.01,0.0,63.0,63.0,50.82,33.88,0.0
雅运股份,sh603790,28.82,28.29,28.82,341000.0,28.82,28600,28.86,900,1.87,28.82,28.82,341000,9830000.0,0.18,0.0,55.15,55.15,31.12,25.46,0.0
金海通,sh603061,358.0,357.23,358.0,15000.0,357.75,200,358.0,1200,0.22,358.0,358.0,15000,5370000.0,0.02,0.0,311.46,311.46,392.95,321.51,0.0
航天信息,sh600271,6.88,6.9,6.88,10100.0,6.88,300,6.89,2600,-0.29,6.88,6.88,10100,70000.0,0.0,0.0,127.48,127.48,7.59,6.21,0.0
长江电力,sh600900,27.92,27.96,27.92,245200.0,27.91,39000,27.92,52700,-0.14,27.92,27.92,245200,6850000.0,0.0,0.0,6831.53,6831.53,30.76,25.16,0.0
晶升股份,sh688478,53.73,53.73,53.73,6464200.0,53.67,500,53.73,14500,0.0,53.73,53.73,6464200,3470000.0,0.05,0.0,74.34,74.34,64.48,42.98,0.0
中远海发,sh601866,2.37,2.38,2.37,72600.0,2.37,1261700,2.38,110300,-0.42,2.37,2.37,72600,170000.0,0.0,0.0,230.14,311.23,2.62,2.14,0.0
凯因科技,sh688687,18.23,18.34,18.23,410000.0,18.23,2000,18.45,1000,-0.6,18.23,18.23,410000,70000.0,0.0,0.0,31.16,31.16,22.01,14.67,0.0
腾亚精工,sz301125,13.29,13.28,13.29,7700.0,13.28,300,13.29,2100,0.08,13.29,13.29,7700,100000.0,0.0,0.0,23.36,27.55,15.94,10.62,0.0
海泰新能,bj920985,4.67,4.7,0.0,0.0,4.67,300,4.73,300,-0.64,0.0,0.0,0,0.0,0.0,0.0,10.24,14.45,6.11,3.29,0.0
鑫铂股份,sz003038,10.9,10.98,10.9,22300.0,10.9,900,10.98,100,-0.73,10.9,10.9,22300,240000.0,0.01,0.0,17.66,26.52,12.08,9.88,0.0
杭州银行,sh600926,16.33,16.25,16.33,80200.0,16.3,39200,16.33,16200,0.49,16.33,16.33,80200,1310000.0,0.0,0.0,1183.76,1183.76,17.88,14.63,0.0
华亚智能,sz003043,72.14,72.3,72.14,6400.0,72.14,4300,72.3,1200,-0.22,72.14,72.14,6400,460000.0,0.01,0.0,67.82,103.89,79.53,65.07,0.0
海天股份,sh603759,7.51,7.48,7.51,42200.0,7.48,300,7.51,4000,0.4,7.51,7.51,42200,320000.0,0.01,0.0,34.68,34.68,8.23,6.73,0.0
金三江,sz301059,11.56,11.57,11.56,15200.0,11.56,400,11.6,1000,-0.09,11.56,11.56,15200,180000.0,0.01,0.0,23.88,26.72,13.88,9.26,0.0
东方盛虹,sz000301,12.7,12.66,12.7,91900.0,12.69,10400,12.7,1900,0.32,12.7,12.7,91900,1170000.0,0.0,0.0,839.26,839.63,13.93,11.39,0.0
白云山,sh600332,21.18,21.22,21.18,5600.0,21.17,1300,21.18,4700,-0.19,21.18,21.18,5600,120000.0,0.0,0.0,297.77,344.34,23.34,19.1,0.0
天津普林,sz002134,22.64,22.66,22.64,14300.0,22.5,1000,22.64,2800,-0.09,22.64,22.64,14300,320000.0,0.01,0.0,56.07,56.11,24.93,20.39,0.0
中煤能源,sh601898,14.0,13.97,14.0,125200.0,13.99,100,14.0,2700,0.21,14.0,14.0,125200,1750000.0,0.0,0.0,1281.28,1856.21,15.37,12.57,0.0
九洲药业,sh603456,17.13,17.13,17.13,140700.0,17.13,56600,17.14,6400,0.0,17.13,17.13,140700,2410000.0,0.02,0.0,151.04,151.04,18.84,15.42,0.0
安克创新,sz300866,117.43,118.2,117.43,7500.0,117.43,200,117.44,500,-0.65,117.43,117.43,7500,880000.0,0.0,0.0,363.19,690.55,141.84,94.56,0.0
中国海诚,sz002116,7.15,7.19,7.15,11900.0,7.15,500,7.16,5800,-0.56,7.15,7.15,11900,90000.0,0.0,0.0,39.48,39.97,7.91,6.47,0.0
奥士康,sz002913,59.0,59.16,59.0,9300.0,58.78,100,59.01,200,-0.27,59.0,59.0,9300,550000.0,0.0,0.0,180.21,187.24,65.08,53.24,0.0
龙泉股份,sz002671,3.97,3.97,3.97,64400.0,3.95,30000,3.97,50100,0.0,3.97,3.97,64400,260000.0,0.01,0.0,21.89,22.3,4.37,3.57,0.0
彩蝶实业,sh603073,16.68,16.65,16.68,9100.0,16.67,100,16.68,6900,0.18,16.68,16.68,9100,150000.0,0.02,0.0,8.49,19.35,18.32,14.99,0.0
汇得科技,sh603192,21.46,21.29,21.46,14400.0,21.3,600,21.46,1200,0.8,21.46,21.46,14400,310000.0,0.01,0.0,29.92,35.86,23.42,19.16,0.0
中达安,sz300635,11.99,12.02,11.99,6000.0,11.95,3400,11.99,200,-0.25,11.99,11.99,6000,70000.0,0.0,0.0,14.44,16.79,14.42,9.62,0.0
东北制药,sz000597,4.98,5.01,4.98,25700.0,4.98,7700,5.0,3200,-0.6,4.98,4.98,25700,130000.0,0.0,0.0,70.18,71.06,5.51,4.51,0.0
肯特催化,sh603120,49.99,50.29,49.99,11400.0,49.99,6600,50.0,200,-0.6,49.99,49.99,11400,570000.0,0.03,0.0,18.95,45.19,55.32,45.26,0.0
山河药辅,sz300452,12.98,12.98,12.98,19100.0,12.97,900,12.98,15400,0.0,12.98,12.98,19100,250000.0,0.01,0.0,25.78,30.43,15.58,10.38,0.0
屹通新材,sz300930,26.31,26.31,26.31,6900.0,26.21,2200,26.31,6000,0.0,26.31,26.31,6900,180000.0,0.01,0.0,12.4,26.31,31.57,21.05,0.0
华策影视,sz300133,7.16,7.18,7.16,184200.0,7.15,21000,7.16,8700,-0.28,7.16,7.16,184200,1320000.0,0.01,0.0,119.07,134.24,8.62,5.74,0.0
富煌钢构,sz002743,4.16,4.06,4.16,480000.0,4.16,46700,4.17,16100,2.46,4.16,4.16,480000,2000000.0,0.11,0.0,18.08,18.11,4.47,3.65,0.0
天山股份,sz000877,3.7,3.72,3.7,18800.0,3.7,4400,3.71,80800,-0.54,3.7,3.7,18800,70000.0,0.0,0.0,263.09,263.09,4.09,3.35,0.0
大华股份,sz002236,16.35,16.39,16.35,202900.0,16.34,11300,16.35,12100,-0.24,16.35,16.35,202900,3320000.0,0.01,0.0,390.95,534.52,18.03,14.75,0.0
兖矿能源,sh600188,22.19,22.09,22.19,138400.0,22.19,1400,22.2,2600,0.45,22.19,22.19,138400,3070000.0,0.0,0.0,1322.82,2227.18,24.3,19.88,0.0
农心科技,sz001231,20.57,20.65,20.57,6900.0,20.56,100,20.57,100,-0.39,20.57,20.57,6900,140000.0,0.01,0.0,10.48,20.5,22.72,18.59,0.0
长江证券,sz000783,9.1,9.14,9.1,413200.0,9.09,18900,9.1,51400,-0.44,9.1,9.1,413200,3760000.0,0.01,0.0,503.24,503.24,10.05,8.23,0.0
众源新材,sh603527,10.13,10.13,10.13,87500.0,10.13,13100,10.14,100,0.0,10.13,10.13,87500,890000.0,0.03,0.0,32.11,32.11,11.14,9.12,0.0
中国黄金,sh600916,7.65,7.64,7.65,109300.0,7.65,30900,7.66,13500,0.13,7.65,7.65,109300,840000.0,0.01,0.0,128.52,128.52,8.4,6.88,0.0
邮储银行,sh601658,4.91,4.91,4.91,542800.0,4.91,294000,4.92,2287100,0.0,4.91,4.91,542800,2670000.0,0.0,0.0,3561.12,5896.67,5.4,4.42,0.0
中国通号,sh688009,4.88,4.91,4.88,10145900.0,4.88,64700,4.89,27500,-0.61,4.88,4.88,10145900,500000.0,0.0,0.0,420.71,516.78,5.89,3.93,0.0
井松智能,sh688251,22.19,22.28,22.19,642500.0,22.19,200,22.28,2900,-0.4,22.19,22.19,642500,140000.0,0.01,0.0,22.17,22.32,26.74,17.82,0.0
天原股份,sz002386,5.84,5.82,5.84,95400.0,5.83,8700,5.84,61600,0.34,5.84,5.84,95400,560000.0,0.01,0.0,76.0,76.02,6.4,5.24,0.0
省广集团,sz002400,6.92,7.0,6.92,891700.0,6.92,113100,6.93,7400,-1.14,6.92,6.92,891700,6170000.0,0.05,0.0,119.45,120.64,7.7,6.3,0.0
双象股份,sz002395,12.58,12.51,12.58,30500.0,12.58,200,12.59,13000,0.56,12.58,12.58,30500,380000.0,0.01,0.0,33.74,33.74,13.76,11.26,0.0
神力股份,sh603819,13.99,13.95,13.99,41100.0,13.95,7100,13.99,1500,0.29,13.99,13.99,41100,570000.0,0.02,0.0,30.46,30.46,15.35,12.56,0.0
悦达投资,sh600805,4.42,4.42,4.42,15100.0,4.42,5600,4.43,25000,0.0,4.42,4.42,15100,70000.0,0.0,0.0,37.58,37.61,4.86,3.98,0.0
昊帆生物,sz301393,69.4,69.46,69.4,4400.0,68.88,400,69.4,400,-0.09,69.4,69.4,4400,310000.0,0.01,0.0,30.51,74.95,83.35,55.57,0.0
澜起科技,sh688008,225.15,224.37,225.15,30396800.0,225.15,21100,225.17,200,0.35,225.15,225.15,30396800,68440000.0,0.03,0.0,2577.44,2748.04,269.24,179.5,0.0
正业科技,sz300410,8.29,8.35,8.29,75400.0,8.29,1700,8.31,1900,-0.72,8.29,8.29,75400,630000.0,0.02,0.0,30.43,30.43,10.02,6.68,0.0
金力永磁,sz300748,27.8,27.93,27.8,66400.0,27.77,200,27.8,1900,-0.47,27.8,27.8,66400,1850000.0,0.01,0.0,314.15,384.19,33.52,22.34,0.0
森源电气,sz002358,5.61,5.61,5.61,29600.0,5.61,7400,5.62,12000,0.0,5.61,5.61,29600,170000.0,0.0,0.0,52.16,52.16,6.17,5.05,0.0
力芯微,sh688601,50.0,50.5,50.0,3866300.0,50.0,144000,50.3,200,-0.99,50.0,50.0,3866300,1930000.0,0.03,0.0,66.85,66.85,60.6,40.4,0.0
美诺华,sh603538,31.15,31.14,31.15,431700.0,31.15,72000,31.16,1100,0.03,31.15,31.15,431700,13450000.0,0.13,0.0,104.95,105.89,34.25,28.03,0.0
江南水务,sh601199,6.36,6.36,6.36,120800.0,6.36,36800,6.37,3200,0.0,6.36,6.36,120800,770000.0,0.01,0.0,59.48,59.48,7.0,5.72,0.0
华生科技,sh605180,15.36,13.96,15.36,455200.0,15.36,25421500,0.0,0,10.03,15.36,15.36,455200,6990000.0,0.27,0.0,25.96,25.96,15.36,12.56,0.0
方大炭素,sh600516,5.22,5.25,5.22,178500.0,5.21,62400,5.22,9300,-0.57,5.22,5.22,178500,930000.0,0.0,0.0,210.16,210.16,5.78,4.73,0.0
金山办公,sh688111,253.0,255.44,253.0,4233400.0,253.0,8700,253.9,1500,-0.96,253.0,253.0,4233400,10710000.0,0.01,0.0,1173.95,1173.95,306.53,204.35,0.0
康众医疗,sh688607,46.3,45.87,46.3,815200.0,46.3,200,46.91,1600,0.94,46.3,46.3,815200,380000.0,0.01,0.0,36.73,40.8,55.04,36.7,0.0
晋控电力,sz000767,3.65,3.65,3.65,1136400.0,3.64,133600,3.65,146200,0.0,3.65,3.65,1136400,4150000.0,0.04,0.0,106.3,112.31,4.02,3.29,0.0
迪森股份,sz300335,5.35,5.35,5.35,30900.0,5.34,1900,5.35,1200,0.0,5.35,5.35,30900,170000.0,0.01,0.0,20.55,25.52,6.42,4.28,0.0
海 利 得,sz002206,5.26,5.26,5.26,13900.0,5.24,2100,5.26,3600,0.0,5.26,5.26,13900,70000.0,0.0,0.0,55.6,61.12,5.79,4.73,0.0
平安银行,sz000001,11.1,11.1,11.1,205800.0,11.1,124100,11.11,292800,0.0,11.1,11.1,205800,2280000.0,0.0,0.0,2154.03,2154.06,12.21,9.99,0.0
新中港,sh605162,9.54,9.53,9.54,769600.0,9.53,58100,9.54,9300,0.1,9.54,9.54,769600,7340000.0,0.17,0.0,42.25,42.25,10.48,8.58,0.0
安路科技,sh688107,33.7,33.64,33.7,954300.0,33.52,10000,33.7,200,0.18,33.7,33.7,954300,320000.0,0.0,0.0,135.09,135.09,40.37,26.91,0.0
金浦钛业,sz000545,2.54,2.54,2.54,90300.0,2.54,4100,2.55,161300,0.0,2.54,2.54,90300,230000.0,0.01,0.0,25.03,25.07,2.79,2.29,0.0
天和防务,sz300397,11.95,12.08,11.95,249300.0,11.95,2300,11.98,4300,-1.08,11.95,11.95,249300,2980000.0,0.06,0.0,48.78,61.86,14.5,9.66,0.0
广康生化,sz300804,43.79,43.66,43.79,5900.0,43.79,200,43.83,200,0.3,43.79,43.79,5900,260000.0,0.02,0.0,12.04,32.4,52.39,34.93,0.0
新经典,sh603096,15.34,15.45,15.34,8000.0,15.34,1000,15.36,400,-0.71,15.34,15.34,8000,120000.0,0.01,0.0,23.66,23.66,17.0,13.91,0.0
翔腾新材,sz001373,28.6,28.48,28.6,9800.0,28.5,200,28.6,1400,0.42,28.6,28.6,9800,280000.0,0.02,0.0,12.0,19.64,31.33,25.63,0.0
必贝特-U,sh688759,28.2,27.9,28.2,1269300.0,28.0,3800,28.2,2700,1.08,28.2,28.2,1269300,360000.0,0.02,0.0,20.3,126.91,33.48,22.32,0.0
智迪科技,sz301503,22.07,22.07,22.07,5000.0,22.07,6500,22.23,1200,0.0,22.07,22.07,5000,110000.0,0.01,0.0,12.73,22.95,26.48,17.66,0.0
顺丰控股,sz002352,32.5,32.52,32.5,40000.0,32.5,20300,32.52,12600,-0.06,32.5,32.5,40000,1300000.0,0.0,0.0,1559.71,1711.23,35.77,29.27,0.0
日上集团,sz002593,4.5,4.51,4.5,17500.0,4.47,111600,4.5,35900,-0.22,4.5,4.5,17500,80000.0,0.0,0.0,25.22,36.17,4.96,4.06,0.0
深高速,sh600548,8.3,8.33,8.3,13000.0,8.3,15100,8.33,7100,-0.36,8.3,8.3,13000,110000.0,0.0,0.0,142.3,210.64,9.16,7.5,0.0
普莱得,sz301353,19.52,19.55,19.52,2500.0,19.21,1300,19.52,200,-0.15,19.52,19.52,2500,50000.0,0.01,0.0,7.97,24.79,23.46,15.64,0.0
贵阳银行,sh601997,5.56,5.58,5.56,35000.0,5.56,320200,5.57,73600,-0.36,5.56,5.56,35000,190000.0,0.0,0.0,203.28,203.28,6.14,5.02,0.0
三元生物,sz301206,24.15,24.18,24.15,5300.0,24.15,100,24.18,2400,-0.12,24.15,24.15,5300,130000.0,0.0,0.0,31.46,48.86,29.02,19.34,0.0
昱能科技,sh688348,33.2,32.98,33.2,1164900.0,32.71,200,33.2,2200,0.67,33.2,33.2,1164900,390000.0,0.01,0.0,51.88,51.88,39.58,26.38,0.0
创业环保,sh600874,5.57,5.56,5.57,11400.0,5.56,300,5.57,1700,0.18,5.57,5.57,11400,60000.0,0.0,0.0,68.53,87.47,6.12,5.0,0.0
中国中冶,sh601618,2.57,2.58,2.57,141700.0,2.57,777400,2.58,1667000,-0.39,2.57,2.57,141700,360000.0,0.0,0.0,458.81,531.77,2.84,2.32,0.0
台华新材,sh603055,8.99,8.99,8.99,31900.0,8.92,1300,8.99,1500,0.0,8.99,8.99,31900,290000.0,0.0,0.0,79.87,80.04,9.89,8.09,0.0
诺瓦星云,sz301589,144.9,145.55,144.9,200.0,142.11,100,144.9,700,-0.45,144.9,144.9,200,30000.0,0.0,0.0,49.94,133.96,174.66,116.44,0.0
塔牌集团,sz002233,7.23,7.23,7.23,68800.0,7.23,14200,7.24,700,0.0,7.23,7.23,68800,500000.0,0.01,0.0,84.85,84.89,7.95,6.51,0.0
中荣股份,sz301223,16.88,16.92,0.0,0.0,16.88,400,16.92,500,-0.24,0.0,0.0,0,0.0,0.0,0.0,32.6,32.6,20.3,13.54,0.0
周大生,sz002867,12.51,12.45,12.51,14700.0,12.5,1200,12.51,100,0.48,12.51,12.51,14700,180000.0,0.0,0.0,135.0,135.79,13.7,11.21,0.0
永艺股份,sh603600,9.59,9.56,9.59,158700.0,9.59,3000,9.6,5000,0.31,9.59,9.59,158700,1520000.0,0.05,0.0,31.69,31.69,10.52,8.6,0.0
沃华医药,sz002107,6.41,6.42,6.41,189200.0,6.41,12600,6.42,3000,-0.16,6.41,6.41,189200,1210000.0,0.03,0.0,36.63,37.0,7.06,5.78,0.0
天禄科技,sz301045,72.42,72.57,72.42,4700.0,72.35,200,72.42,300,-0.21,72.42,72.42,4700,340000.0,0.01,0.0,50.49,79.89,87.08,58.06,0.0
东方通信,sh600776,13.05,13.04,13.05,33000.0,13.04,7800,13.05,16600,0.08,13.05,13.05,33000,430000.0,0.0,0.0,124.76,163.91,14.34,11.74,0.0
索宝蛋白,sh603231,16.28,16.13,16.28,6400.0,16.13,600,16.28,200,0.93,16.28,16.28,6400,100000.0,0.01,0.0,17.3,31.17,17.74,14.52,0.0
绿茵生态,sz002887,10.83,10.87,10.83,31000.0,10.81,300,10.83,2000,-0.37,10.83,10.83,31000,340000.0,0.01,0.0,23.53,33.14,11.96,9.78,0.0
中科磁业,sz301141,42.55,42.94,42.55,4600.0,42.5,1500,42.55,500,-0.91,42.55,42.55,4600,200000.0,0.01,0.0,18.94,52.78,51.53,34.35,0.0
海螺新材,sz000619,4.86,4.84,4.86,49200.0,4.85,400,4.86,3200,0.41,4.86,4.86,49200,240000.0,0.01,0.0,17.5,21.44,5.32,4.36,0.0
巨化股份,sh600160,40.75,40.84,40.75,129500.0,40.75,12100,40.76,2000,-0.22,40.75,40.75,129500,5280000.0,0.0,0.0,1100.15,1100.15,44.92,36.76,0.0
山东高速,sh600350,10.62,10.62,10.62,34200.0,10.61,1800,10.62,19500,0.0,10.62,10.62,34200,360000.0,0.0,0.0,513.43,513.43,11.68,9.56,0.0
森泰股份,sz301429,17.33,17.33,17.33,16100.0,17.22,2000,17.33,1900,0.0,17.33,17.33,16100,280000.0,0.04,0.0,7.63,20.49,20.8,13.86,0.0
倍加洁,sh603059,25.48,25.37,25.48,13100.0,25.38,100,25.48,1600,0.43,25.48,25.48,13100,330000.0,0.01,0.0,25.59,25.64,27.91,22.83,0.0
永吉股份,sh603058,9.76,9.76,9.76,21900.0,9.75,100,9.76,39100,0.0,9.76,9.76,21900,210000.0,0.01,0.0,40.47,40.47,10.74,8.78,0.0
盾安环境,sz002011,10.08,10.14,10.08,10600.0,10.06,3500,10.08,1400,-0.59,10.08,10.08,10600,110000.0,0.0,0.0,107.0,108.31,11.15,9.13,0.0
英 力 特,sz000635,6.53,6.47,6.53,27600.0,6.49,2600,6.53,800,0.93,6.53,6.53,27600,180000.0,0.01,0.0,23.95,25.74,7.12,5.82,0.0
中信重工,sh601608,4.89,4.88,4.89,142600.0,4.88,48600,4.89,117300,0.2,4.89,4.89,142600,700000.0,0.0,0.0,223.94,223.94,5.37,4.39,0.0
金辰股份,sh603396,26.42,26.61,26.42,9000.0,26.39,8200,26.5,800,-0.71,26.42,26.42,9000,240000.0,0.01,0.0,36.6,36.6,29.27,23.95,0.0
妙可蓝多,sh600882,20.78,20.86,20.78,16700.0,20.78,10000,20.86,9200,-0.38,20.78,20.78,16700,350000.0,0.0,0.0,105.66,105.66,22.95,18.77,0.0
北部湾港,sz000582,10.9,10.97,10.9,464400.0,10.89,64000,10.9,80800,-0.64,10.9,10.9,464400,5060000.0,0.02,0.0,235.1,274.36,12.07,9.87,0.0
洪城环境,sh600461,8.85,8.86,8.85,20700.0,8.85,10300,8.86,6200,-0.11,8.85,8.85,20700,180000.0,0.0,0.0,113.65,113.65,9.75,7.97,0.0
招商银行,sh600036,38.15,38.2,38.15,367600.0,38.15,3200,38.18,10200,-0.13,38.15,38.15,367600,14020000.0,0.0,0.0,7869.94,9621.37,42.02,34.38,0.0
隧道股份,sh600820,5.43,5.43,5.43,20800.0,5.42,13000,5.43,37500,0.0,5.43,5.43,20800,110000.0,0.0,0.0,170.72,170.72,5.97,4.89,0.0
亿利达,sz002686,6.16,6.21,6.16,38200.0,6.15,15300,6.16,3800,-0.81,6.16,6.16,38200,240000.0,0.01,0.0,32.2,34.88,6.83,5.59,0.0
凯龙高科,sz300912,20.91,21.01,20.91,31400.0,20.9,1500,20.91,600,-0.48,20.91,20.91,31400,660000.0,0.04,0.0,17.98,23.81,25.21,16.81,0.0
鑫磊股份,sz301317,46.53,47.06,46.53,5400.0,46.5,100,46.53,300,-1.13,46.53,46.53,5400,250000.0,0.01,0.0,24.29,73.14,56.47,37.65,0.0
张小泉,sz301055,31.04,30.95,31.04,13600.0,30.95,600,31.07,200,0.29,31.04,31.04,13600,420000.0,0.01,0.0,47.39,48.42,37.14,24.76,0.0
中来股份,sz300393,6.4,6.44,6.4,48700.0,6.39,14600,6.4,6300,-0.62,6.4,6.4,48700,310000.0,0.01,0.0,61.18,69.74,7.73,5.15,0.0
浩欧博,sh688656,94.9,93.78,94.9,286500.0,93.1,300,94.9,1000,1.19,94.9,94.9,286500,270000.0,0.0,0.0,60.28,60.28,112.54,75.02,0.0
晶合集成,sh688249,43.59,43.6,43.59,10985400.0,43.58,12000,43.59,3300,-0.02,43.59,43.59,10985400,4790000.0,0.01,0.0,527.6,974.08,52.32,34.88,0.0
皖新传媒,sh601801,5.41,5.4,5.41,12300.0,5.4,1100,5.41,1900,0.19,5.41,5.41,12300,70000.0,0.0,0.0,105.92,105.92,5.94,4.86,0.0
春秋航空,sh601021,44.26,44.57,44.26,29300.0,44.26,1200,44.4,100,-0.7,44.26,44.26,29300,1300000.0,0.0,0.0,433.01,433.01,49.03,40.11,0.0
悦康药业,sh688658,13.5,13.5,13.5,2517300.0,13.47,1000,13.5,7700,0.0,13.5,13.5,2517300,340000.0,0.01,0.0,60.75,60.75,16.2,10.8,0.0
杰瑞股份,sz002353,168.98,166.09,168.98,297500.0,168.5,200,168.98,7900,1.74,168.98,168.98,297500,50270000.0,0.04,0.0,1167.77,1730.11,182.7,149.48,0.0
昆仑万维,sz300418,44.33,44.7,44.33,368500.0,44.31,5700,44.33,6500,-0.83,44.33,44.33,368500,16340000.0,0.03,0.0,521.02,569.66,53.64,35.76,0.0
*ST集友,sh603429,7.88,7.73,7.88,12000.0,7.86,1200,7.88,2300,1.94,7.88,7.88,12000,90000.0,0.0,0.0,41.33,41.33,8.5,6.96,0.0
中油工程,sh600339,3.34,3.25,3.34,2639300.0,3.33,115700,3.34,257400,2.77,3.34,3.34,2639300,8820000.0,0.05,0.0,186.48,186.48,3.58,2.93,0.0
光迅科技,sz002281,200.0,199.75,200.0,243500.0,200.0,6000,200.02,100,0.13,200.0,200.0,243500,48700000.0,0.03,0.0,1572.66,1655.7,219.73,179.78,0.0
恒锋工具,sz300488,33.15,33.5,33.15,12300.0,33.15,1100,33.3,1800,-1.04,33.15,33.15,12300,410000.0,0.01,0.0,53.79,63.39,40.2,26.8,0.0
双汇发展,sz000895,24.77,24.78,24.77,18800.0,24.75,700,24.77,2900,-0.04,24.77,24.77,18800,470000.0,0.0,0.0,858.08,858.2,27.26,22.3,0.0
瑞德智能,sz301135,16.76,16.83,16.76,2100.0,16.74,300,16.76,800,-0.42,16.76,16.76,2100,40000.0,0.0,0.0,16.92,21.75,20.2,13.46,0.0
宇邦新材,sz301266,22.27,22.4,22.27,6900.0,22.22,200,22.27,3500,-0.58,22.27,22.27,6900,150000.0,0.01,0.0,30.21,31.84,26.88,17.92,0.0
汉森制药,sz002412,7.5,7.51,7.5,102800.0,7.48,15500,7.5,44300,-0.13,7.5,7.5,102800,770000.0,0.02,0.0,37.34,37.74,8.26,6.76,0.0
舜禹股份,sz301519,12.13,12.13,12.13,17600.0,12.13,1600,12.16,1400,0.0,12.13,12.13,17600,210000.0,0.02,0.0,9.23,19.61,14.56,9.7,0.0
上大股份,sz301522,23.95,23.98,23.95,8300.0,23.9,100,23.95,300,-0.13,23.95,23.95,8300,200000.0,0.0,0.0,66.29,89.06,28.78,19.18,0.0
东鹏控股,sz003012,4.72,4.74,4.72,25700.0,4.72,7100,4.74,4300,-0.42,4.72,4.72,25700,120000.0,0.0,0.0,53.55,54.61,5.21,4.27,0.0
盈峰环境,sz000967,9.21,9.21,9.21,599200.0,9.2,2400,9.21,99700,0.0,9.21,9.21,599200,5520000.0,0.02,0.0,309.24,309.38,10.13,8.29,0.0
康弘药业,sz002773,22.3,22.31,22.3,22900.0,22.3,23900,22.32,5200,-0.04,22.3,22.3,22900,510000.0,0.0,0.0,153.15,205.46,24.54,20.08,0.0
城发环境,sz000885,12.72,12.72,12.72,13500.0,12.71,300,12.72,9600,0.0,12.72,12.72,13500,170000.0,0.0,0.0,81.67,81.67,13.99,11.45,0.0
九号公司-WD,sh689009,44.0,44.0,44.0,2077700.0,43.99,3500,44.0,2500,0.0,44.0,44.0,2077700,910000.0,0.0,0.0,247.38,323.77,52.8,35.2,0.0
国泰海通,sh601211,18.05,18.04,18.05,106600.0,18.04,8100,18.05,4000,0.06,18.05,18.05,106600,1920000.0,0.0,0.0,2427.57,3173.38,19.84,16.24,0.0
同济科技,sh600846,12.44,12.35,12.44,62400.0,12.36,200,12.44,2000,0.73,12.44,12.44,62400,780000.0,0.01,0.0,77.72,77.72,13.59,11.12,0.0
金博股份,sh688598,38.1,38.5,38.1,15764400.0,38.1,1600,38.18,1100,-1.04,38.1,38.1,15764400,6010000.0,0.08,0.0,77.56,79.09,46.2,30.8,0.0
熙菱信息,sz300588,21.6,21.67,21.6,3700.0,21.6,3200,21.67,1000,-0.32,21.6,21.6,3700,80000.0,0.0,0.0,38.19,41.36,26.0,17.34,0.0
共创草坪,sh605099,33.07,33.05,33.07,500.0,33.05,500,33.15,200,0.06,33.07,33.07,500,20000.0,0.0,0.0,132.98,133.16,36.36,29.75,0.0
无锡振华,sh605319,25.03,25.03,25.03,4900.0,25.03,600,25.13,1100,0.0,25.03,25.03,4900,120000.0,0.0,0.0,87.14,87.63,27.53,22.53,0.0
联科科技,sz001207,17.23,17.4,17.23,151000.0,17.21,500,17.23,24500,-0.98,17.23,17.23,151000,2600000.0,0.05,0.0,50.42,52.23,19.14,15.66,0.0
国华退,sz000004,0.51,0.51,0.0,0.0,0.0,0,0.0,0,0.0,0.0,0.0,0,0.0,0.0,0.0,0.64,0.68,-1.0,-1.0,0.0
海欣股份,sh600851,9.22,9.02,9.22,275200.0,9.06,1000,9.22,18700,2.22,9.22,9.22,275200,2540000.0,0.04,0.0,68.06,111.29,9.92,8.12,0.0
退市沪科,sh600608,0.17,0.17,0.0,0.0,0.0,0,0.0,0,0.0,0.0,0.0,0,0.0,0.0,0.0,0.54,0.56,-1.0,-1.0,0.0
嘉欣丝绸,sz002404,6.01,6.01,6.01,28900.0,6.01,23700,6.02,4000,0.0,6.01,6.01,28900,170000.0,0.01,0.0,27.38,33.66,6.61,5.41,0.0
华海清科,sh688120,277.34,277.44,277.34,2659300.0,277.34,2300,277.41,200,-0.04,277.34,277.34,2659300,7380000.0,0.01,0.0,1376.39,1376.39,332.93,221.95,0.0
常熟银行,sh601128,6.11,6.1,6.11,410600.0,6.1,5000,6.11,140600,0.16,6.11,6.11,410600,2510000.0,0.01,0.0,222.9,222.9,6.71,5.49,0.0
陕建股份,sh600248,2.91,2.92,2.91,530900.0,2.9,64000,2.91,60100,-0.34,2.91,2.91,530900,1540000.0,0.01,0.0,107.84,108.08,3.21,2.63,0.0
淮河能源,sh600575,3.35,3.35,3.35,49000.0,3.34,24200,3.35,7300,0.0,3.35,3.35,49000,160000.0,0.0,0.0,130.19,240.09,3.69,3.02,0.0
ST豆神,sz300010,2.22,2.23,2.22,110200.0,2.21,149600,2.22,64300,-0.45,2.22,2.22,110200,240000.0,0.01,0.0,36.93,45.88,2.68,1.78,0.0
永东股份,sz002753,6.42,6.43,6.42,5100.0,6.4,100,6.42,7200,-0.16,6.42,6.42,5100,30000.0,0.0,0.0,18.99,27.52,7.07,5.79,0.0
东莞控股,sz000828,9.8,9.81,9.8,17400.0,9.8,300,9.83,11600,-0.1,9.8,9.8,17400,170000.0,0.0,0.0,101.87,101.87,10.79,8.83,0.0
翰宇药业,sz300199,26.18,26.19,26.18,100800.0,26.18,4400,26.19,3400,-0.04,26.18,26.18,100800,2640000.0,0.01,0.0,195.08,231.23,31.43,20.95,0.0
赛微微电,sh688325,114.0,113.9,114.0,250000.0,113.9,200,114.0,100,0.09,114.0,114.0,250000,290000.0,0.0,0.0,93.69,98.57,136.68,91.12,0.0
山子高科,sz000981,2.82,2.83,2.82,1052500.0,2.81,236400,2.82,376200,-0.35,2.82,2.82,1052500,2970000.0,0.01,0.0,268.28,281.93,3.11,2.55,0.0
恒辉安防,sz300952,17.55,17.47,17.55,21000.0,17.47,4700,17.55,200,0.46,17.55,17.55,21000,370000.0,0.01,0.0,26.08,42.4,20.96,13.98,0.0
黔源电力,sz002039,19.17,19.15,19.17,21700.0,19.17,3300,19.18,1600,0.1,19.17,19.17,21700,420000.0,0.01,0.0,81.96,81.96,21.07,17.24,0.0
杭华股份,sh688571,9.2,9.14,9.2,8242900.0,9.09,600,9.2,27000,0.66,9.2,9.2,8242900,760000.0,0.02,0.0,39.02,39.02,10.97,7.31,0.0
格力电器,sz000651,39.88,39.89,39.88,198500.0,39.88,16300,39.89,5500,-0.03,39.88,39.88,198500,7920000.0,0.0,0.0,2202.18,2233.84,43.88,35.9,0.0
安乃达,sh603350,28.62,28.67,28.62,1900.0,28.58,400,28.62,200,-0.17,28.62,28.62,1900,50000.0,0.0,0.0,12.63,33.34,31.54,25.8,0.0
北元化工,sh601568,3.7,3.69,3.7,93200.0,3.69,800,3.7,50800,0.27,3.7,3.7,93200,340000.0,0.0,0.0,146.97,146.97,4.06,3.32,0.0
ST东时,sh603377,2.97,2.98,2.97,4700.0,2.95,32800,2.97,17700,-0.34,2.97,2.97,4700,10000.0,0.0,0.0,21.47,21.47,3.28,2.68,0.0
富淼科技,sh688350,30.7,30.71,30.7,110000.0,30.01,200,30.7,100,-0.03,30.7,30.7,110000,30000.0,0.0,0.0,43.98,43.98,36.85,24.57,0.0
淮北矿业,sh600985,16.93,16.88,16.93,122900.0,16.89,9900,16.93,8300,0.3,16.93,16.93,122900,2080000.0,0.0,0.0,455.97,455.97,18.57,15.19,0.0
ST华铭,sz300462,11.22,11.38,0.0,0.0,11.22,2300,11.45,1000,-1.41,0.0,0.0,0,0.0,0.0,0.0,15.49,20.33,13.66,9.1,0.0
上海临港,sh600848,8.57,8.6,8.57,59400.0,8.56,100,8.57,4200,-0.35,8.57,8.57,59400,510000.0,0.0,0.0,205.16,216.18,9.46,7.74,0.0
万里股份,sh600847,13.0,13.0,13.0,13400.0,12.94,3800,13.0,3000,0.0,13.0,13.0,13400,170000.0,0.01,0.0,19.93,19.93,14.3,11.7,0.0
迈克生物,sz300463,9.45,9.56,9.45,64300.0,9.45,14300,9.47,300,-1.15,9.45,9.45,64300,610000.0,0.01,0.0,46.46,57.14,11.47,7.65,0.0
正海磁材,sz300224,11.5,11.55,11.5,40000.0,11.48,300,11.5,25500,-0.43,11.5,11.5,40000,460000.0,0.0,0.0,106.64,107.03,13.86,9.24,0.0
力合科技,sz300800,10.15,10.15,10.15,10100.0,10.14,1000,10.15,1600,0.0,10.15,10.15,10100,100000.0,0.0,0.0,23.78,24.03,12.18,8.12,0.0
中国广核,sz003816,3.86,3.86,3.86,202800.0,3.85,782900,3.86,69200,0.0,3.86,3.86,202800,780000.0,0.0,0.0,1518.34,1949.25,4.25,3.47,0.0
东方财富,sz300059,19.48,19.58,19.48,756300.0,19.47,38100,19.48,76600,-0.51,19.48,19.48,756300,14730000.0,0.01,0.0,2601.22,3082.16,23.5,15.66,0.0
天微电子,sh688511,23.3,23.21,23.3,405200.0,23.2,500,23.3,500,0.39,23.3,23.3,405200,90000.0,0.0,0.0,31.15,31.15,27.85,18.57,0.0
田中精机,sz300461,33.2,33.36,33.2,18800.0,33.1,1000,33.2,2300,-0.48,33.2,33.2,18800,620000.0,0.01,0.0,48.04,52.3,40.03,26.69,0.0
真爱美家,sz003041,43.17,43.03,43.17,700.0,43.17,700,43.4,2600,0.33,43.17,43.17,700,30000.0,0.0,0.0,59.07,62.16,47.33,38.73,0.0
中国铁建,sh601186,6.03,6.04,6.03,102600.0,6.02,231900,6.03,90700,-0.17,6.03,6.03,102600,620000.0,0.0,0.0,693.65,818.85,6.64,5.44,0.0
霍普股份,sz301024,32.05,32.04,32.05,3700.0,32.04,200,32.17,600,0.03,32.05,32.05,3700,120000.0,0.01,0.0,19.73,20.38,38.45,25.63,0.0
鹏鼎控股,sz002938,98.43,98.5,98.43,103900.0,98.39,400,98.43,2500,-0.07,98.43,98.43,103900,10230000.0,0.0,0.0,2274.55,2281.15,108.35,88.65,0.0
贝达药业,sz300558,60.01,69.65,60.01,1133700.0,60.01,300,60.07,37000,-13.84,60.01,60.01,1133700,68030000.0,0.27,0.0,253.24,254.04,83.58,55.72,0.0
纬达光电,bj920001,11.7,11.62,11.7,300.0,11.62,27200,11.7,800,0.69,11.7,11.7,300,3100.0,0.0,0.0,10.54,17.98,15.1,8.14,0.0
弘亚数控,sz002833,18.53,18.49,18.53,16700.0,18.5,200,18.53,5800,0.22,18.53,18.53,16700,310000.0,0.01,0.0,54.31,79.51,20.34,16.64,0.0
风华高科,sz000636,63.0,63.44,63.0,754800.0,62.99,500,63.0,93100,-0.69,63.0,63.0,754800,47550000.0,0.07,0.0,728.92,728.92,69.78,57.1,0.0
万东医疗,sh600055,11.4,11.39,11.4,15500.0,11.4,15800,11.44,2000,0.09,11.4,11.4,15500,180000.0,0.0,0.0,80.15,80.15,12.53,10.25,0.0
旺能环境,sz002034,14.13,14.08,14.13,29700.0,14.11,400,14.13,9600,0.36,14.13,14.13,29700,420000.0,0.01,0.0,72.71,73.01,15.49,12.67,0.0
康拓医疗,sh688314,34.05,33.75,34.05,158600.0,34.05,1300,34.06,900,0.89,34.05,34.05,158600,50000.0,0.0,0.0,27.79,27.79,40.5,27.0,0.0
ST海钦,sh600753,9.92,10.02,9.92,9700.0,9.92,10200,9.93,2000,-1.0,9.92,9.92,9700,100000.0,0.0,0.0,22.85,22.85,11.02,9.02,0.0
中铁工业,sh600528,7.03,7.03,7.03,3700.0,7.02,800,7.03,190400,0.0,7.03,7.03,3700,30000.0,0.0,0.0,156.18,156.18,7.73,6.33,0.0
浙江交科,sz002061,3.5,3.5,3.5,800.0,3.49,36800,3.5,73900,0.0,3.5,3.5,800,0.0,0.0,0.0,90.97,92.51,3.85,3.15,0.0
海创药业-U,sh688302,38.17,38.15,38.17,40000.0,38.13,4100,38.17,200,0.05,38.17,38.17,40000,20000.0,0.0,0.0,37.79,37.79,45.78,30.52,0.0
京东方Ａ,sz000725,6.09,6.08,6.09,18217300.0,6.09,6396900,6.1,3419900,0.16,6.09,6.09,18217300,110940000.0,0.05,0.0,2153.86,2256.0,6.69,5.47,0.0
中金辐照,sz300962,13.55,13.55,13.55,7000.0,13.55,2200,13.58,2300,0.0,13.55,13.55,7000,90000.0,0.0,0.0,35.77,35.77,16.26,10.84,0.0
民爆光电,sz301362,140.02,137.78,140.02,21000.0,140.02,2100,140.39,1000,1.63,140.02,140.02,21000,2940000.0,0.05,0.0,57.33,204.35,165.34,110.22,0.0
恒兴新材,sh603276,15.85,15.86,15.85,1300.0,15.85,100,15.86,300,-0.06,15.85,15.85,1300,20000.0,0.0,0.0,11.96,32.91,17.45,14.27,0.0
奥赛康,sz002755,13.69,13.72,13.69,24400.0,13.65,500,13.69,2300,-0.22,13.69,13.69,24400,330000.0,0.0,0.0,127.06,127.07,15.09,12.35,0.0
中原环保,sz000544,7.31,7.34,7.31,13900.0,7.3,17800,7.31,42700,-0.41,7.31,7.31,13900,100000.0,0.0,0.0,71.25,71.25,8.07,6.61,0.0
迪阿股份,sz301177,22.94,23.33,0.0,0.0,22.94,3000,23.33,700,-1.67,0.0,0.0,0,0.0,0.0,0.0,91.76,91.82,28.0,18.66,0.0
浙江华业,sz301616,35.55,35.59,35.55,100.0,35.55,300,35.76,100,-0.11,35.55,35.55,100,0.0,0.0,0.0,10.1,28.44,42.71,28.47,0.0
西点药业,sz301130,30.21,30.23,30.21,292000.0,30.21,5300,30.23,9200,-0.07,30.21,30.21,292000,8820000.0,0.49,0.0,17.83,23.11,36.28,24.18,0.0
炬芯科技,sh688049,42.2,42.6,42.2,2226600.0,42.18,500,42.2,1300,-0.94,42.2,42.2,2226600,940000.0,0.01,0.0,74.28,74.28,51.12,34.08,0.0
闽东电力,sz000993,10.0,10.04,10.0,20600.0,9.97,1000,10.0,300,-0.4,10.0,10.0,20600,210000.0,0.0,0.0,45.8,45.8,11.04,9.04,0.0
宏达高科,sz002144,10.99,10.99,10.99,7200.0,10.98,1300,10.99,700,0.0,10.99,10.99,7200,80000.0,0.01,0.0,15.13,19.43,12.09,9.89,0.0
富邦科技,sz300387,7.43,7.49,7.43,73200.0,7.43,5300,7.45,1000,-0.8,7.43,7.43,73200,540000.0,0.03,0.0,21.47,21.48,8.99,5.99,0.0
青松建化,sh600425,3.64,3.6,3.64,173600.0,3.63,31000,3.64,33100,1.11,3.64,3.64,173600,630000.0,0.01,0.0,58.41,58.41,3.96,3.24,0.0
奥特维,sh688516,43.75,43.64,43.75,1827500.0,43.7,1000,43.75,6800,0.25,43.75,43.75,1827500,800000.0,0.01,0.0,137.71,137.71,52.37,34.91,0.0
维尔利,sz300190,3.77,3.77,3.77,432700.0,3.76,77800,3.77,1900,0.0,3.77,3.77,432700,1630000.0,0.05,0.0,35.6,35.74,4.52,3.02,0.0
长源电力,sz000966,4.09,4.1,4.09,69300.0,4.09,14200,4.1,65700,-0.24,4.09,4.09,69300,280000.0,0.0,0.0,142.37,142.37,4.51,3.69,0.0
爱迪特,sz301580,55.81,56.21,55.81,19300.0,55.74,500,55.81,300,-0.71,55.81,55.81,19300,1080000.0,0.02,0.0,56.26,83.26,67.45,44.97,0.0
德源药业,bj920735,25.2,25.2,25.2,1700.0,25.0,2200,25.2,5500,0.0,25.2,25.2,1700,42800.0,0.0,0.0,28.76,32.52,32.76,17.64,0.0
热威股份,sh603075,19.16,19.12,19.16,2000.0,19.12,600,19.16,1000,0.21,19.16,19.16,2000,40000.0,0.0,0.0,8.12,77.1,21.03,17.21,0.0
高铁电气,sh688285,7.74,7.7,7.74,1385900.0,7.7,200,7.74,1000,0.52,7.74,7.74,1385900,110000.0,0.0,0.0,29.12,29.12,9.24,6.16,0.0
*ST春天,sh600381,4.57,4.57,4.57,9900.0,4.56,2000,4.57,8200,0.0,4.57,4.57,9900,50000.0,0.0,0.0,26.83,26.83,5.03,4.11,0.0
昌红科技,sz300151,17.53,17.33,17.53,78100.0,17.53,500,17.55,200,1.15,17.53,17.53,78100,1370000.0,0.02,0.0,64.63,93.35,20.8,13.86,0.0
京基智农,sz000048,24.05,24.19,24.05,60300.0,24.05,200,24.13,800,-0.58,24.05,24.05,60300,1450000.0,0.01,0.0,127.3,127.51,26.61,21.77,0.0
明冠新材,sh688560,12.3,12.29,12.3,1269500.0,12.2,1000,12.3,400,0.08,12.3,12.3,1269500,160000.0,0.01,0.0,24.76,24.76,14.75,9.83,0.0
盐 田 港,sz000088,4.45,4.46,4.45,37500.0,4.45,600,4.46,196600,-0.22,4.45,4.45,37500,170000.0,0.0,0.0,140.75,231.38,4.91,4.01,0.0
浙江自然,sh605080,20.4,20.41,20.4,1000.0,20.31,300,20.4,2900,-0.05,20.4,20.4,1000,20000.0,0.0,0.0,28.63,28.75,22.45,18.37,0.0
中海油服,sh601808,12.15,12.05,12.15,208700.0,12.14,400,12.15,48300,0.83,12.15,12.15,208700,2540000.0,0.01,0.0,359.7,579.75,13.26,10.85,0.0
宝丰能源,sh600989,23.1,22.93,23.1,622300.0,23.1,17800,23.11,2900,0.74,23.1,23.1,622300,14380000.0,0.01,0.0,1694.01,1694.01,25.22,20.64,0.0
国泰环保,sz301203,35.16,35.23,35.16,2600.0,35.16,700,35.22,3000,-0.2,35.16,35.16,2600,90000.0,0.01,0.0,15.42,28.13,42.28,28.18,0.0
湖北能源,sz000883,4.48,4.48,4.48,43000.0,4.47,10000,4.48,45900,0.0,4.48,4.48,43000,190000.0,0.0,0.0,290.29,317.16,4.93,4.03,0.0
矩子科技,sz300802,23.71,23.94,23.71,16100.0,23.7,200,23.78,100,-0.96,23.71,23.71,16100,380000.0,0.01,0.0,47.98,67.35,28.73,19.15,0.0
东北证券,sz000686,8.07,8.09,8.07,15400.0,8.07,1600,8.08,400,-0.25,8.07,8.07,15400,120000.0,0.0,0.0,188.87,188.87,8.9,7.28,0.0
新 华 都,sz002264,6.64,6.64,6.64,52800.0,6.61,500,6.64,2300,0.0,6.64,6.64,52800,350000.0,0.01,0.0,43.22,47.8,7.3,5.98,0.0
继峰股份,sh603997,12.6,12.59,12.6,73300.0,12.59,900,12.6,16700,0.08,12.6,12.6,73300,920000.0,0.01,0.0,160.31,160.31,13.85,11.33,0.0
海希通讯,bj920405,18.8,18.77,0.0,0.0,18.8,3000,18.98,500,0.16,0.0,0.0,0,0.0,0.0,0.0,19.98,25.66,24.4,13.14,0.0
赛托生物,sz300583,13.05,13.11,13.05,4900.0,13.0,500,13.06,9900,-0.46,13.05,13.05,4900,60000.0,0.0,0.0,24.29,24.76,15.73,10.49,0.0
乐歌股份,sz300729,10.27,10.28,10.27,5100.0,10.23,2000,10.27,2700,-0.1,10.27,10.27,5100,50000.0,0.0,0.0,33.69,35.08,12.34,8.22,0.0
博腾股份,sz300363,21.87,21.9,21.87,161700.0,21.87,10000,21.9,1200,-0.14,21.87,21.87,161700,3540000.0,0.03,0.0,108.38,118.85,26.28,17.52,0.0
诚邦股份,sh603316,15.09,15.04,15.09,82200.0,15.09,1800,15.1,1500,0.33,15.09,15.09,82200,1240000.0,0.03,0.0,39.88,40.74,16.54,13.54,0.0
南网能源,sz003035,5.46,5.45,5.46,37200.0,5.46,68100,5.47,22100,0.18,5.46,5.46,37200,200000.0,0.0,0.0,206.82,206.82,6.0,4.91,0.0
怡 亚 通,sz002183,4.62,4.62,4.62,123700.0,4.61,100,4.62,25600,0.0,4.62,4.62,123700,570000.0,0.0,0.0,119.98,119.98,5.08,4.16,0.0
微光股份,sz002801,28.05,28.04,28.05,6700.0,28.05,11700,28.1,600,0.04,28.05,28.05,6700,190000.0,0.01,0.0,32.48,64.41,30.84,25.24,0.0
永利股份,sz300230,4.28,4.27,4.28,105100.0,4.27,800,4.28,53200,0.23,4.28,4.28,105100,450000.0,0.02,0.0,26.96,34.81,5.12,3.42,0.0
顺网科技,sz300113,18.52,18.7,18.52,115700.0,18.52,2200,18.58,7700,-0.96,18.52,18.52,115700,2140000.0,0.02,0.0,94.27,124.86,22.44,14.96,0.0
长沙银行,sh601577,9.19,9.22,9.19,21800.0,9.19,9600,9.2,14400,-0.33,9.19,9.19,21800,200000.0,0.0,0.0,369.5,369.58,10.14,8.3,0.0
融捷健康,sz300247,3.85,3.87,3.85,8000.0,3.84,3000,3.85,6900,-0.52,3.85,3.85,8000,30000.0,0.0,0.0,30.96,30.96,4.64,3.1,0.0
齐翔腾达,sz002408,5.13,5.13,5.13,104900.0,5.13,1300,5.14,8600,0.0,5.13,5.13,104900,540000.0,0.0,0.0,141.13,145.84,5.64,4.62,0.0
银禧科技,sz300221,14.0,14.07,14.0,47400.0,13.99,1000,14.0,2200,-0.5,14.0,14.0,47400,660000.0,0.01,0.0,64.68,66.33,16.88,11.26,0.0
桂林三金,sz002275,13.29,13.32,13.29,8500.0,13.28,1700,13.29,1200,-0.23,13.29,13.29,8500,110000.0,0.0,0.0,74.04,78.09,14.65,11.99,0.0
领先股份,sh603991,141.71,141.1,141.71,5900.0,141.2,1000,141.71,200,0.43,141.71,141.71,5900,840000.0,0.01,0.0,126.88,216.4,155.21,126.99,0.0
朗姿股份,sz002612,15.93,15.92,15.93,15300.0,15.93,100,15.94,1000,0.06,15.93,15.93,15300,240000.0,0.01,0.0,40.54,70.48,17.51,14.33,0.0
钛能化学,sz002145,4.47,4.49,4.47,223800.0,4.47,64600,4.48,500,-0.45,4.47,4.47,223800,1000000.0,0.01,0.0,170.15,170.16,4.94,4.04,0.0
铜冠矿建,bj920019,14.66,14.83,14.66,14500.0,14.66,1300,14.69,8100,-1.15,14.66,14.66,14500,212700.0,0.01,0.0,24.56,30.83,19.27,10.39,0.0
楚天科技,sz300358,9.0,9.02,9.0,49400.0,8.99,200,9.0,30500,-0.22,9.0,9.0,49400,440000.0,0.01,0.0,63.44,64.36,10.82,7.22,0.0
国药一致,sz000028,20.05,20.03,20.05,27800.0,20.05,2000,20.06,2600,0.1,20.05,20.05,27800,560000.0,0.01,0.0,105.43,122.75,22.03,18.03,0.0
协鑫能科,sz002015,15.22,15.24,15.22,384600.0,15.22,3900,15.23,5600,-0.13,15.22,15.22,384600,5850000.0,0.02,0.0,247.07,247.07,16.76,13.72,0.0
万和电气,sz002543,6.96,6.95,6.96,60600.0,6.96,1800,6.97,1000,0.14,6.96,6.96,60600,420000.0,0.01,0.0,46.05,51.75,7.65,6.26,0.0
中建环能,sz300425,4.02,4.02,4.02,54700.0,4.01,13200,4.02,7000,0.0,4.02,4.02,54700,220000.0,0.01,0.0,27.37,27.43,4.82,3.22,0.0
网宿科技,sz300017,17.39,17.57,17.39,2585300.0,17.38,4200,17.4,31300,-1.02,17.39,17.39,2585300,44960000.0,0.11,0.0,411.53,434.0,21.08,14.06,0.0
同花顺,sz300033,234.78,236.0,234.78,32900.0,234.65,1500,234.78,800,-0.52,234.78,234.78,32900,7720000.0,0.01,0.0,1029.3,1767.05,283.2,188.8,0.0
永兴股份,sh601033,14.32,14.35,14.32,3400.0,14.32,3200,14.37,8400,-0.21,14.32,14.32,3400,50000.0,0.0,0.0,34.37,128.88,15.79,12.92,0.0
梅花生物,sh600873,7.87,7.9,7.87,76700.0,7.87,60100,7.9,8500,-0.38,7.87,7.87,76700,600000.0,0.0,0.0,220.69,220.69,8.69,7.11,0.0
共同药业,sz300966,26.5,26.66,26.5,3700.0,26.5,500,26.52,2200,-0.6,26.5,26.5,3700,100000.0,0.0,0.0,20.32,30.55,31.99,21.33,0.0
铁建重工,sh688425,4.13,4.14,4.13,5124000.0,4.13,6800,4.14,79900,-0.24,4.13,4.13,5124000,210000.0,0.0,0.0,220.27,220.27,4.97,3.31,0.0
龙磁科技,sz300835,166.87,166.88,166.87,11800.0,166.0,1200,166.88,400,-0.01,166.87,166.87,11800,1970000.0,0.01,0.0,139.46,198.99,200.26,133.5,0.0
有研新材,sh600206,59.77,55.86,59.77,2490100.0,59.71,100,59.77,33800,7.0,59.77,59.77,2490100,148830000.0,0.29,0.0,505.98,505.98,61.45,50.27,0.0
恒申新材,sz000782,7.67,7.69,7.67,13000.0,7.65,4300,7.67,2700,-0.26,7.67,7.67,13000,100000.0,0.0,0.0,40.51,52.66,8.46,6.92,0.0
浦东金桥,sh600639,9.49,9.51,9.49,25100.0,9.49,33600,9.5,5000,-0.21,9.49,9.49,25100,240000.0,0.0,0.0,80.69,106.52,10.46,8.56,0.0
中远海控,sh601919,15.97,15.97,15.97,605700.0,15.97,10800,15.98,49500,0.0,15.97,15.97,605700,9670000.0,0.0,0.0,2005.28,2438.32,17.57,14.37,0.0
九州通,sh600998,4.96,4.99,4.96,59100.0,4.96,36300,4.97,2100,-0.6,4.96,4.96,59100,290000.0,0.0,0.0,250.11,250.11,5.49,4.49,0.0
皓元医药,sh688131,100.25,100.42,100.25,3160000.0,100.25,900,100.38,600,-0.17,100.25,100.25,3160000,3170000.0,0.01,0.0,213.77,213.77,120.5,80.34,0.0
中科曙光,sh603019,90.03,90.56,90.03,156100.0,90.02,2400,90.03,3400,-0.59,90.03,90.03,156100,14050000.0,0.01,0.0,1317.19,1317.24,99.62,81.5,0.0
苏农银行,sh603323,4.13,4.13,4.13,44700.0,4.12,385200,4.13,62100,0.0,4.13,4.13,44700,180000.0,0.0,0.0,91.7,91.7,4.54,3.72,0.0
赣粤高速,sh600269,3.78,3.79,3.78,54800.0,3.77,126100,3.78,21900,-0.26,3.78,3.78,54800,210000.0,0.0,0.0,88.28,88.28,4.17,3.41,0.0
荣盛石化,sz002493,12.75,12.77,12.75,148700.0,12.74,10400,12.75,45100,-0.16,12.75,12.75,148700,1900000.0,0.0,0.0,1190.6,1273.65,14.05,11.49,0.0
中国电建,sh601669,4.68,4.69,4.68,669200.0,4.68,280900,4.69,596500,-0.21,4.68,4.68,669200,3130000.0,0.01,0.0,611.75,806.18,5.16,4.22,0.0
三六零,sh601360,9.32,9.36,9.32,241400.0,9.32,33000,9.33,40500,-0.43,9.32,9.32,241400,2250000.0,0.0,0.0,652.36,652.36,10.3,8.42,0.0
蓝特光学,sh688127,71.04,70.68,71.04,7069900.0,71.04,300,71.07,200,0.51,71.04,71.04,7069900,5020000.0,0.02,0.0,288.35,288.35,84.82,56.54,0.0
本立科技,sz301065,19.5,19.58,19.5,4100.0,19.48,600,19.55,400,-0.41,19.5,19.5,4100,80000.0,0.0,0.0,16.83,20.67,23.5,15.66,0.0
中微半导,sh688380,46.98,47.05,46.98,32353100.0,46.96,600,46.98,3400,-0.15,46.98,46.98,32353100,15200000.0,0.08,0.0,188.09,188.09,56.46,37.64,0.0
紫金龙净,sh600388,17.57,17.66,17.57,41700.0,17.57,2300,17.58,500,-0.51,17.57,17.57,41700,730000.0,0.0,0.0,223.15,223.15,19.43,15.89,0.0
冀中能源,sz000937,4.64,4.66,4.64,18500.0,4.64,18700,4.65,300,-0.43,4.64,4.64,18500,90000.0,0.0,0.0,175.24,180.35,5.13,4.19,0.0
三湘印象,sz000863,4.17,4.15,4.17,68900.0,4.17,1200,4.18,9600,0.48,4.17,4.17,68900,290000.0,0.01,0.0,48.51,49.24,4.57,3.74,0.0
辉煌科技,sz002296,9.07,9.06,9.07,41000.0,9.06,5500,9.07,17700,0.11,9.07,9.07,41000,370000.0,0.01,0.0,31.51,35.33,9.97,8.15,0.0
中交发展,sz000736,4.43,4.47,4.43,135400.0,4.43,56700,4.46,600,-0.89,4.43,4.43,135400,600000.0,0.02,0.0,33.1,33.1,4.92,4.02,0.0
*ST中设,sz002883,9.15,9.09,9.15,10000.0,9.1,2300,9.15,9100,0.66,9.15,9.15,10000,90000.0,0.01,0.0,14.03,14.29,10.0,8.18,0.0
中粮科工,sz301058,8.56,8.65,8.56,125900.0,8.56,5600,8.57,5100,-1.04,8.56,8.56,125900,1080000.0,0.02,0.0,43.85,44.58,10.38,6.92,0.0
步长制药,sh603858,16.03,16.1,16.03,11200.0,16.02,1000,16.03,800,-0.43,16.03,16.03,11200,180000.0,0.0,0.0,169.05,169.05,17.71,14.49,0.0
重庆银行,sh601963,10.84,10.85,10.84,21200.0,10.82,5000,10.84,4900,-0.09,10.84,10.84,21200,230000.0,0.0,0.0,220.49,393.03,11.94,9.77,0.0
天新药业,sh603235,23.43,23.3,23.43,7600.0,23.43,100,23.45,2300,0.56,23.43,23.43,7600,180000.0,0.0,0.0,102.57,102.57,25.63,20.97,0.0
成都银行,sh601838,18.05,18.03,18.05,31300.0,18.04,300,18.05,12000,0.11,18.05,18.05,31300,560000.0,0.0,0.0,765.04,765.04,19.83,16.23,0.0
北京银行,sh601169,4.95,4.95,4.95,492200.0,4.95,73300,4.96,2611400,0.0,4.95,4.95,492200,2440000.0,0.0,0.0,1046.58,1046.58,5.45,4.46,0.0
达梦数据,sh688692,244.51,245.6,244.51,160000.0,244.51,600,245.0,500,-0.44,244.51,244.51,160000,390000.0,0.0,0.0,181.34,276.88,294.72,196.48,0.0
重庆燃气,sh600917,4.81,4.81,4.81,13700.0,4.79,1100,4.81,9900,0.0,4.81,4.81,13700,70000.0,0.0,0.0,75.09,75.09,5.29,4.33,0.0
圣达生物,sh603079,16.22,14.75,16.22,2384000.0,16.2,3900,16.22,72500,9.97,16.22,16.22,2384000,38670000.0,1.26,0.0,30.66,30.66,16.23,13.28,0.0
维宏股份,sz300508,49.82,51.28,49.82,70400.0,49.82,2900,50.0,800,-2.85,49.82,49.82,70400,3510000.0,0.09,0.0,40.81,54.23,61.54,41.02,0.0
招商证券,sh600999,18.26,18.32,18.26,193900.0,18.26,7100,18.28,2100,-0.33,18.26,18.26,193900,3540000.0,0.0,0.0,1355.26,1587.99,20.15,16.49,0.0
美信科技,sz301577,57.71,57.97,57.71,2800.0,57.52,300,57.71,300,-0.45,57.71,57.71,2800,160000.0,0.01,0.0,10.87,25.99,69.56,46.38,0.0
泽璟制药-U,sh688266,122.15,122.15,122.15,863100.0,122.15,18600,122.5,700,0.0,122.15,122.15,863100,1050000.0,0.0,0.0,323.34,323.34,146.58,97.72,0.0
明牌珠宝,sz002574,4.66,4.64,4.66,17000.0,4.65,800,4.66,8200,0.43,4.66,4.66,17000,80000.0,0.0,0.0,24.6,24.6,5.1,4.18,0.0
中际旭创,sz300308,1000.0,1001.03,1000.0,231400.0,999.99,100,1000.0,19400,-0.1,1000.0,1000.0,231400,231400000.0,0.02,0.0,11099.4,11697.35,1201.24,800.82,0.0
上峰材料,sz000672,14.63,14.7,14.63,79000.0,14.61,600,14.63,5500,-0.48,14.63,14.63,79000,1160000.0,0.01,0.0,141.82,141.82,16.17,13.23,0.0
中粮糖业,sh600737,13.66,13.71,13.66,742400.0,13.65,16500,13.66,5100,-0.36,13.66,13.66,742400,10140000.0,0.03,0.0,292.17,292.17,15.08,12.34,0.0
金禄电子,sz301282,37.64,35.17,37.64,1022600.0,37.64,400,37.65,3900,7.02,37.64,37.64,1022600,38490000.0,0.58,0.0,66.46,79.4,42.2,28.14,0.0
昀冢科技,sh688260,120.25,120.44,120.25,4713100.0,120.0,300,120.25,300,-0.16,120.25,120.25,4713100,5670000.0,0.04,0.0,144.3,144.3,144.53,96.35,0.0
东山精密,sz002384,217.66,217.66,217.66,351900.0,217.65,400,217.66,5100,0.0,217.66,217.66,351900,76590000.0,0.03,0.0,3017.47,3986.68,239.43,195.89,0.0
大豪科技,sh603025,14.99,15.0,14.99,265800.0,14.99,31100,15.0,19700,-0.07,14.99,14.99,265800,3980000.0,0.02,0.0,166.27,167.39,16.5,13.5,0.0
粤高速Ａ,sz000429,13.15,13.14,13.15,41400.0,13.15,5500,13.16,600,0.08,13.15,13.15,41400,540000.0,0.0,0.0,171.39,274.94,14.45,11.83,0.0
中国石化,sh600028,5.03,5.01,5.03,707200.0,5.02,191100,5.03,577800,0.4,5.03,5.03,707200,3560000.0,0.0,0.0,4766.05,6082.55,5.51,4.51,0.0
中旗股份,sz300575,6.08,6.14,6.08,769000.0,6.08,2700,6.09,4300,-0.98,6.08,6.08,769000,4680000.0,0.22,0.0,21.05,29.1,7.37,4.91,0.0
中国电研,sh688128,22.68,22.69,22.68,1070100.0,22.65,2000,22.68,9000,-0.04,22.68,22.68,1070100,240000.0,0.0,0.0,91.74,91.74,27.23,18.15,0.0
长青股份,sz002391,5.16,5.18,5.16,34800.0,5.16,25000,5.17,6000,-0.39,5.16,5.16,34800,180000.0,0.01,0.0,23.95,33.52,5.7,4.66,0.0
麦澜德,sh688273,32.33,32.33,32.33,632100.0,32.33,3800,32.37,500,0.0,32.33,32.33,632100,200000.0,0.01,0.0,32.33,32.33,38.8,25.86,0.0
神马电力,sh603530,52.06,51.82,52.06,53900.0,52.06,4400,52.28,100,0.46,52.06,52.06,53900,2810000.0,0.01,0.0,222.54,224.59,57.0,46.64,0.0
辉隆股份,sz002556,5.09,5.13,5.09,29600.0,5.08,20100,5.09,31600,-0.78,5.09,5.09,29600,150000.0,0.0,0.0,47.54,47.59,5.64,4.62,0.0
金河生物,sz002688,5.26,5.26,5.26,31200.0,5.25,200,5.26,4400,0.0,5.26,5.26,31200,160000.0,0.0,0.0,39.32,40.48,5.79,4.73,0.0
山西证券,sz002500,5.3,5.31,5.3,15200.0,5.3,61500,5.31,600,-0.19,5.3,5.3,15200,80000.0,0.0,0.0,190.26,190.26,5.84,4.78,0.0
天鹅股份,sh603029,15.74,15.89,15.74,200200.0,15.74,2900,15.77,7600,-0.94,15.74,15.74,200200,3150000.0,0.16,0.0,19.1,19.1,17.48,14.3,0.0
共达电声,sz002655,36.0,35.08,36.0,257400.0,35.99,200,36.0,39900,2.62,36.0,36.0,257400,9270000.0,0.07,0.0,130.77,131.25,38.59,31.57,0.0
博汇纸业,sh600966,4.89,4.88,4.89,169200.0,4.89,8300,4.91,19000,0.2,4.89,4.89,169200,830000.0,0.01,0.0,65.37,65.37,5.37,4.39,0.0
上海凯宝,sz300039,6.11,6.16,6.11,288200.0,6.1,46600,6.11,64700,-0.81,6.11,6.11,288200,1760000.0,0.03,0.0,56.02,63.91,7.39,4.93,0.0
万通发展,sh600246,13.28,13.28,13.28,590800.0,13.27,3500,13.28,90500,0.0,13.28,13.28,590800,7850000.0,0.03,0.0,251.05,258.03,14.61,11.95,0.0
顾家家居,sh603816,23.4,23.6,23.4,7800.0,23.4,5000,23.58,1900,-0.85,23.4,23.4,7800,180000.0,0.0,0.0,190.92,216.62,25.96,21.24,0.0
华帝股份,sz002035,4.83,4.83,4.83,17900.0,4.81,6500,4.83,49400,0.0,4.83,4.83,17900,90000.0,0.0,0.0,37.77,40.94,5.31,4.35,0.0
鸥玛软件,sz301185,16.49,16.6,16.49,4100.0,16.44,400,16.5,100,-0.66,16.49,16.49,4100,70000.0,0.0,0.0,22.87,25.3,19.92,13.28,0.0
梦网科技,sz002123,8.4,8.43,8.4,38200.0,8.4,16300,8.41,3700,-0.36,8.4,8.4,38200,320000.0,0.01,0.0,60.52,67.66,9.27,7.59,0.0
深南电路,sz002916,393.0,392.9,393.0,35400.0,392.91,900,393.0,2200,0.03,393.0,393.0,35400,13910000.0,0.01,0.0,2612.7,2676.98,432.19,353.61,0.0
阿拉丁,sh688179,23.88,23.88,23.88,2750700.0,23.7,1000,23.88,8000,0.0,23.88,23.88,2750700,660000.0,0.01,0.0,86.45,86.45,28.66,19.1,0.0
三佳科技,sh600520,26.32,26.3,26.32,16300.0,26.32,200,26.33,1000,0.08,26.32,26.32,16300,430000.0,0.01,0.0,41.7,41.7,28.93,23.67,0.0
杭州柯林,sh688611,65.76,65.45,65.76,105000.0,65.46,1000,65.76,200,0.47,65.76,65.76,105000,70000.0,0.0,0.0,100.87,100.87,78.54,52.36,0.0
圣湘生物,sh688289,16.08,16.19,16.08,1305400.0,16.07,3600,16.08,800,-0.68,16.08,16.08,1305400,210000.0,0.0,0.0,93.17,93.17,19.43,12.95,0.0
兄弟科技,sz002562,5.09,4.94,5.09,948300.0,5.08,2500,5.09,30300,3.04,5.09,5.09,948300,4830000.0,0.12,0.0,41.41,58.17,5.43,4.45,0.0
泰格医药,sz300347,54.5,55.18,54.5,125900.0,54.48,500,54.5,6800,-1.23,54.5,54.5,125900,6860000.0,0.02,0.0,308.73,469.26,66.22,44.14,0.0
永茂泰,sh605208,14.62,14.61,14.62,49700.0,14.62,4400,14.65,18600,0.07,14.62,14.62,49700,730000.0,0.02,0.0,48.24,48.24,16.07,13.15,0.0
大湖股份,sh600257,5.66,5.69,5.66,47900.0,5.65,2000,5.66,7700,-0.53,5.66,5.66,47900,270000.0,0.01,0.0,27.24,27.24,6.26,5.12,0.0
怡达股份,sz300721,24.58,24.77,24.58,124700.0,24.58,18600,24.63,2000,-0.77,24.58,24.58,124700,3070000.0,0.09,0.0,34.01,40.52,29.72,19.82,0.0
恒大高新,sz002591,6.44,6.44,6.44,49000.0,6.44,9500,6.45,100,0.0,6.44,6.44,49000,320000.0,0.02,0.0,14.39,19.33,7.08,5.8,0.0
三峡水利,sh600116,6.38,6.4,6.38,30900.0,6.38,12100,6.39,1100,-0.31,6.38,6.38,30900,200000.0,0.0,0.0,121.99,121.99,7.04,5.76,0.0
圣元环保,sz300867,16.5,16.43,16.5,51800.0,16.49,700,16.5,400,0.43,16.5,16.5,51800,850000.0,0.03,0.0,31.62,44.84,19.72,13.14,0.0
鹿山新材,sh603051,21.87,21.8,21.87,4400.0,21.87,200,21.9,400,0.32,21.87,21.87,4400,100000.0,0.0,0.0,35.35,35.61,23.98,19.62,0.0
国投电力,sh600886,13.88,13.85,13.88,41800.0,13.86,11100,13.88,6000,0.22,13.88,13.88,41800,580000.0,0.0,0.0,1034.64,1111.02,15.24,12.47,0.0
龙利得,sz300883,6.21,6.21,6.21,13900.0,6.21,300,6.23,10000,0.0,6.21,6.21,13900,90000.0,0.0,0.0,20.53,21.49,7.45,4.97,0.0
派斯林,sh600215,6.71,6.76,6.71,13700.0,6.71,9800,6.73,1000,-0.74,6.71,6.71,13700,90000.0,0.0,0.0,30.66,30.66,7.44,6.08,0.0
新集能源,sh601918,10.06,10.04,10.06,65400.0,10.06,9600,10.07,200,0.2,10.06,10.06,65400,660000.0,0.0,0.0,260.61,260.61,11.04,9.04,0.0
南方传媒,sh601900,11.96,12.02,11.96,26200.0,11.96,8300,11.99,10700,-0.5,11.96,11.96,26200,310000.0,0.0,0.0,105.48,105.48,13.22,10.82,0.0
华夏银行,sh600015,6.59,6.59,6.59,83100.0,6.59,158900,6.6,444200,0.0,6.59,6.59,83100,550000.0,0.0,0.0,1014.02,1048.79,7.25,5.93,0.0
出版传媒,sh601999,6.28,6.28,6.28,84600.0,6.26,4100,6.28,14800,0.0,6.28,6.28,84600,530000.0,0.02,0.0,34.6,34.6,6.91,5.65,0.0
清源股份,sh603628,9.68,9.68,9.68,36100.0,9.63,200,9.68,54900,0.0,9.68,9.68,36100,350000.0,0.01,0.0,26.35,26.39,10.65,8.71,0.0
鲁北化工,sh600727,7.43,7.48,7.43,76900.0,7.42,2300,7.43,14800,-0.67,7.43,7.43,76900,570000.0,0.01,0.0,39.27,39.27,8.23,6.73,0.0
康尼机电,sh603111,5.81,5.83,5.81,28700.0,5.81,500,5.83,2300,-0.34,5.81,5.81,28700,170000.0,0.0,0.0,48.66,50.08,6.41,5.25,0.0
国光股份,sz002749,8.55,8.56,8.55,30400.0,8.52,1000,8.55,10200,-0.12,8.55,8.55,30400,260000.0,0.01,0.0,46.54,47.58,9.42,7.7,0.0
兴业银行,sh601166,17.8,17.83,17.8,361800.0,17.8,55100,17.81,39800,-0.17,17.8,17.8,361800,6440000.0,0.0,0.0,3766.99,3766.99,19.61,16.05,0.0
国光电器,sz002045,8.39,8.43,8.39,17600.0,8.39,3900,8.41,1200,-0.47,8.39,8.39,17600,150000.0,0.0,0.0,47.13,47.19,9.27,7.59,0.0
郑中设计,sz002811,11.6,11.6,11.6,355500.0,11.6,17200,11.61,21400,0.0,11.6,11.6,355500,4120000.0,0.13,0.0,32.78,35.72,12.76,10.44,0.0
联盛化学,sz301212,23.2,23.07,23.2,5300.0,23.02,200,23.2,500,0.56,23.2,23.2,5300,120000.0,0.01,0.0,21.75,25.06,27.68,18.46,0.0
则成电子,bj920821,19.0,18.51,19.0,33100.0,18.55,11200,19.0,400,2.65,19.0,19.0,33100,629200.0,0.05,0.0,13.84,26.29,24.06,12.96,0.0
*ST尔雅,sh600107,5.64,5.69,0.0,0.0,5.64,17600,5.72,2400,-0.88,0.0,0.0,0,0.0,0.0,0.0,20.3,20.3,6.26,5.12,0.0
智信精密,sz301512,31.95,31.97,31.95,4600.0,31.95,1400,32.1,300,-0.06,31.95,31.95,4600,150000.0,0.01,0.0,15.57,23.86,38.36,25.58,0.0
逸飞激光,sh688646,75.42,78.9,75.42,9186500.0,75.32,400,75.42,1600,-4.41,75.42,75.42,9186500,6930000.0,0.15,0.0,45.8,71.02,94.68,63.12,0.0
蒙泰高新,sz300876,15.95,15.95,15.95,9700.0,15.95,300,16.01,600,0.0,15.95,15.95,9700,150000.0,0.01,0.0,18.09,24.25,19.14,12.76,0.0
华宇软件,sz300271,5.58,5.6,5.58,700.0,5.58,99400,5.6,31200,-0.36,5.58,5.58,700,0.0,0.0,0.0,44.33,45.3,6.72,4.48,0.0
康平科技,sz300907,50.73,51.1,50.73,19800.0,50.73,3300,51.1,300,-0.72,50.73,50.73,19800,1000000.0,0.02,0.0,48.7,48.7,61.32,40.88,0.0
龙源技术,sz300105,8.38,8.33,8.38,317900.0,8.38,57700,8.39,41300,0.6,8.38,8.38,317900,2660000.0,0.06,0.0,43.2,43.23,10.0,6.66,0.0
华工科技,sz000988,113.9,113.66,113.9,312400.0,113.89,13000,113.9,8500,0.21,113.9,113.9,312400,35580000.0,0.03,0.0,1144.68,1145.27,125.03,102.29,0.0
斯达半导,sh603290,89.96,89.87,89.96,26200.0,89.95,5100,89.96,400,0.1,89.96,89.96,26200,2360000.0,0.01,0.0,215.43,215.43,98.86,80.88,0.0
江山欧派,sh603208,11.53,11.46,11.53,8800.0,11.53,26400,11.54,3300,0.61,11.53,11.53,8800,100000.0,0.01,0.0,20.28,20.28,12.61,10.31,0.0
海森药业,sz001367,19.6,19.54,19.6,5000.0,19.56,1100,19.6,7000,0.31,19.6,19.6,5000,100000.0,0.0,0.0,23.84,29.86,21.49,17.59,0.0
中持股份,sh603903,14.45,14.61,14.45,96400.0,14.45,2800,14.48,400,-1.1,14.45,14.45,96400,1390000.0,0.04,0.0,36.89,36.89,16.07,13.15,0.0
中交设计,sh600720,5.12,5.13,5.12,28400.0,5.11,3700,5.12,25500,-0.19,5.12,5.12,28400,150000.0,0.0,0.0,51.66,117.48,5.64,4.62,0.0
智动力,sz300686,15.07,15.13,15.07,60300.0,15.05,5700,15.07,5000,-0.4,15.07,15.07,60300,910000.0,0.02,0.0,39.02,39.28,18.16,12.1,0.0
辰光医疗,bj920300,9.6,9.67,9.6,700.0,9.6,400,9.67,7200,-0.72,9.6,9.6,700,6700.0,0.0,0.0,6.39,8.24,12.57,6.77,0.0
陕天然气,sz002267,7.01,7.01,7.01,14500.0,7.01,7500,7.02,9400,0.0,7.01,7.01,14500,100000.0,0.0,0.0,77.96,77.96,7.71,6.31,0.0
汉朔科技,sz301275,42.5,42.63,42.5,6300.0,42.46,400,42.5,2600,-0.3,42.5,42.5,6300,270000.0,0.0,0.0,127.87,179.52,51.16,34.1,0.0
物产金轮,sz002722,13.37,12.97,13.37,108800.0,13.34,26400,13.37,19000,3.08,13.37,13.37,108800,1450000.0,0.05,0.0,29.73,29.73,14.27,11.67,0.0
深水规院,sz301038,16.5,16.52,16.5,2200.0,16.4,100,16.5,4000,-0.12,16.5,16.5,2200,40000.0,0.0,0.0,36.81,36.81,19.82,13.22,0.0
致远互联,sh688369,20.96,21.09,20.96,760800.0,20.88,5500,20.96,900,-0.62,20.96,20.96,760800,160000.0,0.01,0.0,24.15,24.15,25.31,16.87,0.0
财富趋势,sh688318,81.26,81.4,81.26,1722000.0,81.01,500,81.26,700,-0.17,81.26,81.26,1722000,1400000.0,0.0,0.0,291.37,291.37,97.68,65.12,0.0
华阳股份,sh600348,8.86,8.84,8.86,114800.0,8.86,200,8.87,9300,0.23,8.86,8.86,114800,1020000.0,0.0,0.0,319.62,319.62,9.72,7.96,0.0
天益医疗,sz301097,35.49,35.8,35.49,2700.0,35.49,100,35.51,200,-0.87,35.49,35.49,2700,100000.0,0.01,0.0,13.9,28.96,42.96,28.64,0.0
东富龙,sz300171,13.96,14.08,13.96,56000.0,13.88,8900,13.96,1900,-0.85,13.96,13.96,56000,780000.0,0.01,0.0,78.55,106.91,16.9,11.26,0.0
*ST未名,sz002581,4.8,4.83,4.8,415000.0,4.77,47600,4.8,18700,-0.62,4.8,4.8,415000,1990000.0,0.1,0.0,19.24,31.67,5.31,4.35,0.0
乐普医疗,sz300003,12.76,12.72,12.76,68700.0,12.75,2500,12.76,12900,0.31,12.76,12.76,68700,880000.0,0.0,0.0,201.47,235.22,15.26,10.18,0.0
中国银河,sh601881,12.22,12.24,12.22,45900.0,12.22,35900,12.23,23900,-0.16,12.22,12.22,45900,560000.0,0.0,0.0,885.15,1336.18,13.46,11.02,0.0
凯中精密,sz002823,13.66,13.66,13.66,43200.0,13.66,800,13.68,500,0.0,13.66,13.66,43200,590000.0,0.02,0.0,30.47,44.74,15.03,12.29,0.0
南京证券,sh601990,6.68,6.69,6.68,21700.0,6.67,5800,6.68,5800,-0.15,6.68,6.68,21700,140000.0,0.0,0.0,282.68,293.9,7.36,6.02,0.0
西部证券,sz002673,6.66,6.68,6.66,46400.0,6.65,60000,6.66,5000,-0.3,6.66,6.66,46400,310000.0,0.0,0.0,297.67,297.67,7.35,6.01,0.0
中兰环保,sz300854,18.3,18.29,18.3,19700.0,18.3,1300,18.34,400,0.05,18.3,18.3,19700,360000.0,0.02,0.0,20.86,25.59,21.95,14.63,0.0
设计总院,sh603357,6.02,6.03,6.02,6900.0,6.02,3700,6.05,71800,-0.17,6.02,6.02,6900,40000.0,0.0,0.0,33.74,33.74,6.63,5.43,0.0
隆盛科技,sz300680,22.44,22.41,22.44,22300.0,22.42,3100,22.44,1600,0.13,22.44,22.44,22300,500000.0,0.01,0.0,50.8,66.0,26.89,17.93,0.0
水晶光电,sz002273,28.98,29.1,28.98,156500.0,28.95,900,28.98,12300,-0.41,28.98,28.98,156500,4540000.0,0.01,0.0,395.89,403.01,32.01,26.19,0.0
软控股份,sz002073,5.65,5.65,5.65,30700.0,5.62,84100,5.65,4400,0.0,5.65,5.65,30700,170000.0,0.0,0.0,57.29,57.88,6.22,5.09,0.0
先达股份,sh603086,5.73,5.7,5.73,29800.0,5.71,400,5.73,200,0.53,5.73,5.73,29800,170000.0,0.01,0.0,24.91,24.91,6.27,5.13,0.0
禾盛新材,sz002290,67.05,66.52,67.05,27400.0,67.0,200,67.1,1400,0.8,67.05,67.05,27400,1840000.0,0.01,0.0,165.83,166.36,73.17,59.87,0.0
测绘股份,sz300826,14.46,14.46,14.46,700.0,14.4,1000,14.46,9500,0.0,14.46,14.46,700,10000.0,0.0,0.0,31.75,33.0,17.35,11.57,0.0
鸿路钢构,sz002541,19.51,19.5,19.51,14900.0,19.51,8000,19.55,5500,0.05,19.51,19.51,14900,290000.0,0.0,0.0,96.8,134.62,21.45,17.55,0.0
敏芯股份,sh688286,52.67,52.93,52.67,5518100.0,52.61,3000,52.67,2600,-0.49,52.67,52.67,5518100,2910000.0,0.07,0.0,41.25,41.25,63.52,42.34,0.0
常宝股份,sz002478,6.86,6.86,6.86,749200.0,6.86,198600,6.87,15500,0.0,6.86,6.86,749200,5140000.0,0.1,0.0,49.58,61.8,7.55,6.17,0.0
天键股份,sz301383,22.72,23.02,22.72,4800.0,22.61,100,22.72,1600,-1.3,22.72,22.72,4800,110000.0,0.01,0.0,16.04,37.1,27.62,18.42,0.0
罗平锌电,sz002114,7.36,7.37,7.36,12800.0,7.32,500,7.36,19100,-0.14,7.36,7.36,12800,90000.0,0.0,0.0,23.8,23.8,8.11,6.63,0.0
沪宁股份,sz300669,23.84,23.6,23.84,5900.0,23.2,1300,23.86,300,1.02,23.84,23.84,5900,140000.0,0.0,0.0,43.51,45.94,28.32,18.88,0.0
赛特新材,sh688398,21.95,21.98,21.95,835900.0,21.83,500,21.95,900,-0.14,21.95,21.95,835900,180000.0,0.0,0.0,36.84,36.84,26.38,17.58,0.0
贝斯美,sz300796,6.71,6.74,6.71,5500.0,6.71,1800,6.72,600,-0.45,6.71,6.71,5500,40000.0,0.0,0.0,24.23,24.23,8.09,5.39,0.0
青岛港,sh601298,8.8,8.78,8.8,54200.0,8.8,500,8.81,6500,0.23,8.8,8.8,54200,480000.0,0.0,0.0,474.5,571.22,9.66,7.9,0.0
黑牡丹,sh600510,6.72,6.67,6.72,24600.0,6.7,200,6.72,2400,0.75,6.72,6.72,24600,170000.0,0.0,0.0,69.35,69.35,7.34,6.0,0.0
康德莱,sh603987,7.58,7.6,7.58,5700.0,7.58,4500,7.59,18600,-0.26,7.58,7.58,5700,40000.0,0.0,0.0,33.11,33.11,8.36,6.84,0.0
豪威集团,sh603501,91.66,92.14,91.66,57200.0,91.66,900,91.68,200,-0.52,91.66,91.66,57200,5250000.0,0.0,0.0,1106.3,1152.81,101.35,82.93,0.0
隆基绿能,sh601012,12.78,12.83,12.78,446200.0,12.77,6700,12.78,7300,-0.39,12.78,12.78,446200,5700000.0,0.01,0.0,968.48,968.48,14.11,11.55,0.0
仙琚制药,sz002332,8.49,8.53,8.49,11100.0,8.49,2300,8.5,19000,-0.47,8.49,8.49,11100,90000.0,0.0,0.0,83.59,83.98,9.38,7.68,0.0
潜能恒信,sz300191,34.29,33.35,34.29,168300.0,34.28,100,34.29,8300,2.82,34.29,34.29,168300,5770000.0,0.08,0.0,75.85,109.73,40.02,26.68,0.0
邦彦技术,sh688132,13.82,13.79,0.0,0.0,13.82,2000,13.85,1400,0.22,0.0,0.0,0,0.0,0.0,0.0,21.04,21.04,16.55,11.03,0.0
华中数控,sz300161,29.88,29.85,29.88,151000.0,29.88,20400,29.9,3800,0.1,29.88,29.88,151000,4510000.0,0.08,0.0,58.26,59.37,35.82,23.88,0.0
威博液压,bj920245,12.85,12.88,12.85,5600.0,12.82,2300,12.85,3700,-0.23,12.85,12.85,5600,71800.0,0.01,0.0,6.84,8.88,16.74,9.02,0.0
润欣科技,sz300493,12.98,13.05,12.98,19300.0,12.96,1000,12.98,4000,-0.54,12.98,12.98,19300,250000.0,0.0,0.0,65.76,66.53,15.66,10.44,0.0
芯能科技,sh603105,7.14,7.12,7.14,27500.0,7.13,6000,7.14,31600,0.28,7.14,7.14,27500,200000.0,0.01,0.0,35.7,35.7,7.83,6.41,0.0
华信新材,sz300717,18.79,18.87,18.79,5100.0,18.68,2900,18.79,100,-0.42,18.79,18.79,5100,100000.0,0.01,0.0,19.14,19.31,22.64,15.1,0.0
宁波银行,sz002142,32.19,32.19,32.19,55100.0,32.19,3100,32.2,9800,0.0,32.19,32.19,55100,1770000.0,0.0,0.0,2124.36,2125.7,35.41,28.97,0.0
海默科技,sz300084,11.07,11.08,11.07,54900.0,11.02,6000,11.07,2800,-0.09,11.07,11.07,54900,610000.0,0.01,0.0,52.13,60.75,13.3,8.86,0.0
力合科创,sz002243,7.43,7.42,7.43,38600.0,7.43,38400,7.45,2100,0.13,7.43,7.43,38600,290000.0,0.0,0.0,89.47,89.95,8.16,6.68,0.0
惠而浦,sh600983,7.71,7.72,7.71,2500.0,7.7,1000,7.71,10300,-0.13,7.71,7.71,2500,20000.0,0.0,0.0,59.09,59.09,8.49,6.95,0.0
浙江恒威,sz301222,25.56,25.41,25.56,6600.0,25.44,600,25.56,200,0.59,25.56,25.56,6600,170000.0,0.01,0.0,27.25,35.87,30.49,20.33,0.0
广生堂,sz300436,98.0,98.41,98.0,11500.0,98.0,100,98.2,1000,-0.42,98.0,98.0,11500,1130000.0,0.01,0.0,133.99,156.08,118.09,78.73,0.0
兴齐眼药,sz300573,40.9,41.15,40.9,10100.0,40.9,1600,41.0,100,-0.61,40.9,40.9,10100,410000.0,0.0,0.0,111.25,145.16,49.38,32.92,0.0
安科生物,sz300009,8.83,8.82,8.83,81100.0,8.83,17200,8.84,300,0.11,8.83,8.83,81100,720000.0,0.01,0.0,108.63,147.52,10.58,7.06,0.0
中公高科,sh603860,26.42,26.48,26.42,3200.0,26.41,300,26.42,200,-0.23,26.42,26.42,3200,80000.0,0.0,0.0,17.62,17.62,29.13,23.83,0.0
浙江正特,sz001238,25.59,25.69,25.59,3900.0,25.52,700,25.59,1700,-0.39,25.59,25.59,3900,100000.0,0.0,0.0,37.14,39.7,28.26,23.12,0.0
泓博医药,sz301230,37.91,38.01,37.91,115400.0,37.91,300,37.92,200,-0.26,37.91,37.91,115400,4380000.0,0.07,0.0,61.7,68.59,45.61,30.41,0.0
志特新材,sz300986,13.16,13.2,13.16,222000.0,13.16,16100,13.18,100,-0.3,13.16,13.16,222000,2920000.0,0.04,0.0,75.71,75.77,15.84,10.56,0.0
中钢天源,sz002057,8.93,8.95,8.93,40900.0,8.93,23500,8.94,5600,-0.22,8.93,8.93,40900,370000.0,0.01,0.0,67.27,67.32,9.85,8.06,0.0
华虹宏力,sh688347,269.93,269.92,269.93,7668700.0,269.93,1900,269.99,700,0.0,269.93,269.93,7668700,20700000.0,0.02,0.0,1100.64,4690.64,323.9,215.94,0.0
震安科技,sz300767,21.02,21.06,21.02,157200.0,21.02,15500,21.03,10000,-0.19,21.02,21.02,157200,3300000.0,0.07,0.0,50.43,58.08,25.27,16.85,0.0
百合股份,sh603102,47.11,43.41,47.11,469600.0,47.03,100,47.11,14400,8.52,47.11,47.11,469600,22120000.0,0.73,0.0,30.15,30.15,47.75,39.07,0.0
铁科轨道,sh688569,17.59,17.42,17.59,669800.0,17.46,800,17.59,500,0.98,17.59,17.59,669800,120000.0,0.0,0.0,37.06,37.06,20.9,13.94,0.0
名臣健康,sz002919,18.69,18.73,18.69,2900.0,18.31,600,18.69,600,-0.21,18.69,18.69,2900,50000.0,0.0,0.0,49.38,49.74,20.6,16.86,0.0
仁信新材,sz301395,12.6,12.63,12.6,400.0,12.6,100,12.68,600,-0.24,12.6,12.6,400,10000.0,0.0,0.0,16.04,30.6,15.16,10.1,0.0
合合信息,sh688615,120.34,120.71,120.34,1328200.0,120.34,400,120.5,2100,-0.31,120.34,120.34,1328200,1600000.0,0.01,0.0,162.87,235.87,144.85,96.57,0.0
森萱医药,bj920946,9.93,9.92,9.93,14500.0,9.93,3700,9.95,3100,0.1,9.93,9.93,14500,144400.0,0.0,0.0,42.38,42.39,12.89,6.95,0.0
万通液压,bj920839,24.21,24.22,0.0,0.0,24.21,800,24.22,2000,-0.04,0.0,0.0,0,0.0,0.0,0.0,15.79,28.62,31.48,16.96,0.0
美好医疗,sz301363,17.27,17.47,17.27,65400.0,17.26,1100,17.27,8200,-1.14,17.27,17.27,65400,1130000.0,0.01,0.0,90.15,137.46,20.96,13.98,0.0
上海物贸,sh600822,8.48,8.48,8.48,2700.0,8.48,4800,8.51,100,0.0,8.48,8.48,2700,20000.0,0.0,0.0,33.59,42.06,9.33,7.63,0.0
光华股份,sz001333,19.89,19.88,19.89,13500.0,19.89,1500,19.91,100,0.05,19.89,19.89,13500,270000.0,0.01,0.0,25.46,25.46,21.87,17.89,0.0
中国船舶,sh600150,33.7,33.65,33.7,357500.0,33.7,821200,33.71,39800,0.15,33.7,33.7,357500,12050000.0,0.0,0.0,2536.13,2536.13,37.02,30.29,0.0
中南传媒,sh601098,10.21,10.22,10.21,12000.0,10.2,5200,10.21,2600,-0.1,10.21,10.21,12000,120000.0,0.0,0.0,183.37,183.37,11.24,9.2,0.0
华特达因,sz000915,25.71,25.81,25.71,9800.0,25.7,2300,25.71,7700,-0.39,25.71,25.71,9800,250000.0,0.0,0.0,60.21,60.25,28.39,23.23,0.0
鼎龙科技,sh603004,20.5,20.52,20.5,6200.0,20.5,100,20.51,1200,-0.1,20.5,20.5,6200,130000.0,0.01,0.0,12.07,48.28,22.57,18.47,0.0
聚赛龙,sz301131,34.21,34.4,34.21,2100.0,34.21,1700,34.38,600,-0.55,34.21,34.21,2100,70000.0,0.01,0.0,13.39,18.7,41.28,27.52,0.0
西安奕材-U,sh688783,35.11,32.8,35.11,104468200.0,35.11,8100,35.15,800,7.04,35.11,35.11,104468200,36680000.0,0.39,0.0,94.41,1417.67,39.36,26.24,0.0
聚胶股份,sz301283,26.67,26.51,26.67,2800.0,26.51,600,26.67,100,0.6,26.67,26.67,2800,70000.0,0.0,0.0,24.37,31.0,31.81,21.21,0.0
全新好,sz000007,10.65,10.63,10.65,7200.0,10.64,100,10.65,600,0.19,10.65,10.65,7200,80000.0,0.0,0.0,36.9,36.9,11.69,9.57,0.0
海普瑞,sz002399,10.53,10.56,10.53,31900.0,10.53,17400,10.55,1000,-0.28,10.53,10.53,31900,340000.0,0.0,0.0,131.33,154.51,11.62,9.5,0.0
美思德,sh603041,11.24,11.27,11.24,5500.0,11.21,2100,11.26,500,-0.27,11.24,11.24,5500,60000.0,0.0,0.0,20.59,20.59,12.4,10.14,0.0
威胜信息,sh688100,26.49,26.83,26.49,11308000.0,26.49,5700,26.5,18200,-1.27,26.49,26.49,11308000,3000000.0,0.02,0.0,130.25,130.25,32.2,21.46,0.0
安德利,sh605198,67.77,68.13,67.77,6100.0,67.4,100,67.77,300,-0.53,67.77,67.77,6100,410000.0,0.0,0.0,183.34,226.48,74.94,61.32,0.0
深科技,sz000021,42.5,42.6,42.5,1514000.0,42.5,59300,42.51,5200,-0.23,42.5,42.5,1514000,64350000.0,0.1,0.0,669.02,669.11,46.86,38.34,0.0
福元医药,sh601089,17.45,17.5,17.45,17700.0,17.45,7100,17.49,3100,-0.29,17.45,17.45,17700,310000.0,0.0,0.0,83.76,83.76,19.25,15.75,0.0
ST京机,sz000821,7.13,7.17,7.13,19500.0,7.13,16400,7.15,6200,-0.56,7.13,7.13,19500,140000.0,0.0,0.0,43.11,44.41,7.89,6.45,0.0
四方科技,sh603339,14.13,14.14,14.13,19600.0,14.12,200,14.13,20400,-0.07,14.13,14.13,19600,280000.0,0.01,0.0,43.72,43.72,15.55,12.73,0.0
隆达股份,sh688231,31.9,32.14,31.9,1612000.0,31.82,200,31.9,0,-0.75,31.9,31.9,1612000,510000.0,0.01,0.0,101.95,101.95,38.57,25.71,0.0
嘉益股份,sz301004,34.4,34.41,34.4,100.0,34.3,400,34.41,600,-0.03,34.4,34.4,100,0.0,0.0,0.0,46.82,50.16,41.29,27.53,0.0
慕思股份,sz001323,18.87,19.28,18.87,58800.0,18.83,800,18.87,3100,-2.13,18.87,18.87,58800,1110000.0,0.02,0.0,58.73,82.1,21.21,17.35,0.0
理邦仪器,sz300206,12.2,12.21,12.2,11100.0,12.17,1000,12.2,2000,-0.08,12.2,12.2,11100,140000.0,0.0,0.0,41.28,70.72,14.65,9.77,0.0
宏德股份,sz301163,23.67,23.72,23.67,2100.0,23.67,1100,23.69,400,-0.21,23.67,23.67,2100,50000.0,0.0,0.0,12.95,19.31,28.46,18.98,0.0
洪通燃气,sh605169,10.26,10.22,10.26,7100.0,10.22,200,10.26,7600,0.39,10.26,10.26,7100,70000.0,0.0,0.0,29.02,29.02,11.24,9.2,0.0
亚通精工,sh603190,17.11,17.11,17.11,6000.0,17.11,1000,17.12,100,0.0,17.11,17.11,6000,100000.0,0.0,0.0,28.74,29.83,18.82,15.4,0.0
阳谷华泰,sz300121,10.04,10.02,10.04,59900.0,10.03,3000,10.04,2100,0.2,10.04,10.04,59900,600000.0,0.01,0.0,43.11,44.7,12.02,8.02,0.0
光格科技,sh688450,36.52,36.02,36.52,1529000.0,36.52,100,36.74,300,1.39,36.52,36.52,1529000,560000.0,0.03,0.0,17.87,24.1,43.22,28.82,0.0
云涌科技,sh688060,35.21,35.21,35.21,202200.0,35.21,600,35.3,800,0.0,35.21,35.21,202200,70000.0,0.0,0.0,21.19,21.19,42.25,28.17,0.0
特宝生物,sh688278,58.71,58.6,58.71,610200.0,58.71,800,58.78,200,0.19,58.71,58.71,610200,360000.0,0.0,0.0,239.65,239.65,70.32,46.88,0.0
地铁设计,sz003013,19.59,19.62,19.59,25400.0,19.55,1600,19.59,1400,-0.15,19.59,19.59,25400,500000.0,0.01,0.0,78.85,90.26,21.58,17.66,0.0
国药股份,sh600511,27.21,27.22,27.21,16100.0,27.2,2100,27.21,1100,-0.04,27.21,27.21,16100,440000.0,0.0,0.0,150.57,205.3,29.94,24.5,0.0
八方股份,sh603489,28.17,28.12,28.17,14200.0,28.15,200,28.22,800,0.18,28.17,28.17,14200,400000.0,0.01,0.0,66.09,66.09,30.93,25.31,0.0
美畅股份,sz300861,17.8,17.86,17.8,45500.0,17.78,100,17.8,6700,-0.34,17.8,17.8,45500,810000.0,0.01,0.0,75.09,119.59,21.43,14.29,0.0
华鑫股份,sh600621,13.18,13.2,13.18,29500.0,13.18,9600,13.19,14200,-0.15,13.18,13.18,29500,390000.0,0.0,0.0,139.83,139.83,14.52,11.88,0.0
科新机电,sz300092,11.96,11.95,11.96,15300.0,11.95,1000,11.96,700,0.08,11.96,11.96,15300,180000.0,0.01,0.0,25.1,32.76,14.34,9.56,0.0
濮阳惠成,sz300481,15.18,15.24,15.18,364000.0,15.18,36500,15.2,4900,-0.39,15.18,15.18,364000,5530000.0,0.13,0.0,44.03,44.3,18.29,12.19,0.0
ST南都,sz300068,4.3,4.33,4.3,342000.0,4.3,104700,4.31,97600,-0.69,4.3,4.3,342000,1470000.0,0.04,0.0,36.71,38.63,5.2,3.46,0.0
菜百股份,sh605599,15.88,15.86,15.88,26800.0,15.88,3600,15.95,500,0.13,15.88,15.88,26800,430000.0,0.0,0.0,123.51,123.51,17.45,14.27,0.0
跃岭股份,sz002725,11.88,12.07,11.88,87700.0,11.86,2900,11.88,25500,-1.57,11.88,11.88,87700,1040000.0,0.04,0.0,29.58,30.41,13.28,10.86,0.0
银都股份,sh603277,11.78,11.78,11.78,198800.0,11.78,400,11.79,7600,0.0,11.78,11.78,198800,2340000.0,0.03,0.0,71.83,72.06,12.96,10.6,0.0
华瓷股份,sz001216,14.77,14.84,14.77,8500.0,14.77,800,14.8,1400,-0.47,14.77,14.77,8500,130000.0,0.0,0.0,36.27,43.12,16.32,13.36,0.0
以岭药业,sz002603,16.99,17.01,16.99,77700.0,16.97,2100,16.99,3500,-0.12,16.99,16.99,77700,1320000.0,0.01,0.0,233.87,283.85,18.71,15.31,0.0
汇通控股,sh603409,17.88,17.97,17.88,10000.0,17.87,2000,17.88,11700,-0.5,17.88,17.88,10000,180000.0,0.02,0.0,9.63,33.57,19.77,16.17,0.0
协昌科技,sz301418,39.28,39.05,39.28,3800.0,39.13,200,39.28,400,0.59,39.28,39.28,3800,150000.0,0.01,0.0,11.56,28.81,46.86,31.24,0.0
双乐股份,sz301036,22.57,22.41,22.57,2700.0,22.37,400,22.57,600,0.71,22.57,22.57,2700,60000.0,0.0,0.0,15.9,22.57,26.89,17.93,0.0
运达股份,sz300772,12.17,12.22,12.17,86900.0,12.17,21000,12.18,2000,-0.41,12.17,12.17,86900,1060000.0,0.01,0.0,84.93,95.76,14.66,9.78,0.0
华润双鹤,sh600062,16.0,16.06,16.0,17000.0,15.98,600,16.0,500,-0.37,16.0,16.0,17000,270000.0,0.0,0.0,166.12,166.17,17.67,14.45,0.0
富乐德,sz301297,37.3,37.5,37.3,86900.0,37.3,1300,37.31,8100,-0.53,37.3,37.3,86900,3240000.0,0.02,0.0,197.03,258.98,45.0,30.0,0.0
美邦股份,sh605033,18.98,19.15,18.98,15500.0,18.98,8600,19.0,200,-0.89,18.98,18.98,15500,290000.0,0.01,0.0,25.66,25.66,21.07,17.24,0.0
易德龙,sh603380,35.64,35.71,35.64,11500.0,35.64,9200,35.65,100,-0.2,35.64,35.64,11500,410000.0,0.01,0.0,57.18,57.18,39.28,32.14,0.0
瑞普生物,sz300119,18.98,18.91,18.98,10400.0,18.93,600,18.98,800,0.37,18.98,18.98,10400,200000.0,0.0,0.0,63.32,88.21,22.69,15.13,0.0
禾昌聚合,bj920089,10.19,10.21,10.19,100.0,10.12,2100,10.19,1900,-0.2,10.19,10.19,100,1000.0,0.0,0.0,11.37,19.96,13.27,7.15,0.0
永臻股份,sh603381,15.27,15.29,15.27,12500.0,15.27,300,15.28,1000,-0.13,15.27,15.27,12500,190000.0,0.01,0.0,21.7,36.23,16.82,13.76,0.0
坤泰股份,sz001260,20.36,21.9,20.36,552300.0,20.36,7800,20.5,1000,-7.03,20.36,20.36,552300,11240000.0,0.48,0.0,23.41,23.41,24.09,19.71,0.0
正海生物,sz300653,15.15,15.19,15.15,2600.0,15.15,800,15.17,6800,-0.26,15.15,15.15,2600,40000.0,0.0,0.0,27.27,27.27,18.23,12.15,0.0
中信博,sh688408,26.71,26.62,26.71,580000.0,26.67,200,26.71,6800,0.34,26.71,26.71,580000,150000.0,0.0,0.0,58.51,58.51,31.94,21.3,0.0
天德钰,sh688252,21.75,21.83,21.75,4586500.0,21.6,1000,21.75,14200,-0.37,21.75,21.75,4586500,1000000.0,0.01,0.0,88.96,88.96,26.2,17.46,0.0
中电港,sz001287,24.77,24.87,24.77,159900.0,24.75,300,24.77,2300,-0.4,24.77,24.77,159900,3960000.0,0.02,0.0,188.23,188.23,27.36,22.38,0.0
星辉环材,sz300834,40.41,40.91,40.41,2900.0,40.4,300,40.41,200,-1.22,40.41,40.41,2900,120000.0,0.0,0.0,77.59,78.28,49.09,32.73,0.0
交控科技,sh688015,16.3,16.16,16.3,522300.0,16.23,900,16.3,9700,0.87,16.3,16.3,522300,90000.0,0.0,0.0,30.75,30.75,19.39,12.93,0.0
上海亚虹,sh603159,21.27,21.36,21.27,3500.0,21.25,100,21.27,200,-0.42,21.27,21.27,3500,70000.0,0.0,0.0,29.78,29.78,23.5,19.22,0.0
信音电子,sz301329,20.06,20.09,20.06,5500.0,20.01,600,20.06,500,-0.15,20.06,20.06,5500,110000.0,0.01,0.0,13.25,34.14,24.11,16.07,0.0
振江股份,sh603507,24.48,24.48,24.48,21200.0,24.48,1400,24.49,1600,0.0,24.48,24.48,21200,520000.0,0.01,0.0,57.85,58.49,26.93,22.03,0.0
鸿泉技术,sh688288,18.63,18.54,18.63,430000.0,18.58,600,18.63,1000,0.49,18.63,18.63,430000,80000.0,0.0,0.0,18.6,18.6,22.25,14.83,0.0
楚环科技,sz001336,18.64,18.64,18.64,20800.0,18.63,700,18.64,400,0.0,18.64,18.64,20800,390000.0,0.03,0.0,11.99,19.48,20.5,16.78,0.0
星网锐捷,sz002396,33.77,33.91,33.77,1266800.0,33.77,217800,33.78,18400,-0.41,33.77,33.77,1266800,42780000.0,0.17,0.0,255.78,256.84,37.3,30.52,0.0
蓝宇股份,sz301585,27.82,27.81,27.82,700.0,27.82,2700,27.9,400,0.04,27.82,27.82,700,20000.0,0.0,0.0,18.95,28.93,33.37,22.25,0.0
科伦药业,sz002422,46.37,46.69,46.37,82400.0,46.37,5800,46.39,100,-0.69,46.37,46.37,82400,3820000.0,0.01,0.0,602.17,737.65,51.36,42.02,0.0
灿瑞科技,sh688061,40.88,40.97,40.88,760600.0,40.72,6000,40.88,1600,-0.22,40.88,40.88,760600,310000.0,0.01,0.0,46.97,46.97,49.16,32.78,0.0
安旭生物,sh688075,30.28,30.3,30.28,107300.0,30.15,15000,30.28,600,-0.07,30.28,30.28,107300,30000.0,0.0,0.0,38.48,38.48,36.36,24.24,0.0
卓创资讯,sz301299,44.86,44.99,44.86,17900.0,44.85,300,45.19,100,-0.29,44.86,44.86,17900,800000.0,0.04,0.0,20.09,27.21,53.99,35.99,0.0
卓易信息,sh688258,108.63,108.65,108.63,788100.0,108.0,400,108.63,2600,-0.02,108.63,108.63,788100,860000.0,0.01,0.0,131.6,131.6,130.38,86.92,0.0
汇顶科技,sh603160,51.95,52.0,51.95,10000.0,51.95,800,51.98,5000,-0.1,51.95,51.95,10000,520000.0,0.0,0.0,242.08,242.08,57.2,46.8,0.0
山西汾酒,sh600809,118.8,118.94,118.8,18400.0,118.71,100,118.8,600,-0.12,118.8,118.8,18400,2190000.0,0.0,0.0,1449.32,1449.32,130.83,107.05,0.0
药明康德,sh603259,165.1,166.89,165.1,445000.0,165.1,1800,165.11,100,-1.07,165.1,165.1,445000,73470000.0,0.02,0.0,4083.39,4926.18,183.58,150.2,0.0
百利天恒,sh688506,299.0,299.4,299.0,313200.0,297.5,200,299.0,100,-0.13,299.0,299.0,313200,940000.0,0.0,0.0,1234.49,1234.49,359.28,239.52,0.0
*ST康乐,bj920575,5.79,5.8,5.79,14200.0,5.78,1000,5.79,8900,-0.17,5.79,5.79,14200,82300.0,0.01,0.0,10.88,16.27,7.54,4.06,0.0
美邦科技,bj920471,11.25,11.3,11.25,8900.0,11.25,4400,11.31,4300,-0.44,11.25,11.25,8900,100200.0,0.02,0.0,5.97,9.36,14.69,7.91,0.0
生物谷,bj920266,7.62,7.65,7.62,5100.0,7.62,200,7.65,1600,-0.39,7.62,7.62,5100,38700.0,0.0,0.0,9.03,9.45,9.94,5.36,0.0
佰维存储,sh688525,259.0,256.78,259.0,26103100.0,258.89,600,259.0,400,0.86,259.0,259.0,26103100,67610000.0,0.06,0.0,1221.36,1221.36,308.14,205.42,0.0
哈铁科技,sh688459,8.08,8.1,0.0,0.0,8.08,500,8.13,2100,-0.25,0.0,0.0,0,0.0,0.0,0.0,38.78,38.78,9.72,6.48,0.0
洁特生物,sh688026,17.05,17.04,17.05,7751100.0,16.95,1600,17.05,22800,0.06,17.05,17.05,7751100,1320000.0,0.06,0.0,23.92,23.93,20.45,13.63,0.0
中微公司,sh688012,387.82,387.82,387.82,11377900.0,387.82,700,388.0,3500,0.0,387.82,387.82,11377900,44130000.0,0.01,0.0,3654.03,3714.7,465.38,310.26,0.0
确成股份,sh605183,14.8,14.82,14.8,17800.0,14.79,5100,14.8,9900,-0.13,14.8,14.8,17800,260000.0,0.0,0.0,61.04,61.45,16.3,13.34,0.0
联德股份,sh605060,48.06,48.06,48.06,83800.0,48.02,1500,48.06,400,0.0,48.06,48.06,83800,4030000.0,0.04,0.0,114.81,115.63,52.87,43.25,0.0
威奥股份,sh605001,5.76,5.78,5.76,61000.0,5.76,44700,5.77,600,-0.35,5.76,5.76,61000,350000.0,0.02,0.0,22.63,22.63,6.36,5.2,0.0
卫信康,sh603676,9.4,9.32,9.4,8000.0,9.35,54200,9.4,1500,0.86,9.4,9.4,8000,80000.0,0.0,0.0,40.91,40.91,10.25,8.39,0.0
杭电股份,sh603618,30.7,30.7,30.7,975100.0,30.69,7500,30.7,133800,0.0,30.7,30.7,975100,29940000.0,0.14,0.0,212.25,212.25,33.77,27.63,0.0
天创时尚,sh603608,20.35,20.25,20.35,67500.0,20.04,700,20.35,9300,0.49,20.35,20.35,67500,1370000.0,0.02,0.0,86.49,86.49,22.28,18.23,0.0
纵横通信,sh603602,11.95,11.73,11.95,13300.0,11.85,900,11.95,11800,1.88,11.95,11.95,13300,160000.0,0.01,0.0,27.61,27.61,12.9,10.56,0.0
广信股份,sh603599,10.18,10.18,10.18,7100.0,10.14,600,10.18,55900,0.0,10.18,10.18,7100,70000.0,0.0,0.0,92.67,92.67,11.2,9.16,0.0
高能环境,sh603588,14.21,14.21,14.21,386100.0,14.21,10900,14.22,13000,0.0,14.21,14.21,386100,5490000.0,0.03,0.0,216.45,216.45,15.63,12.79,0.0
三星新材,sh603578,12.99,13.03,12.99,6300.0,12.99,16900,13.0,900,-0.31,12.99,12.99,6300,80000.0,0.0,0.0,23.43,30.4,14.33,11.73,0.0
惠达卫浴,sh603385,5.47,5.48,5.47,22800.0,5.47,18500,5.48,1200,-0.18,5.47,5.47,22800,120000.0,0.01,0.0,20.82,20.82,6.03,4.93,0.0
天洋新材,sh603330,12.93,11.75,12.93,16800800.0,12.93,160800,0.0,0,10.04,12.93,12.93,16800800,217230000.0,3.88,0.0,55.94,55.94,12.93,10.58,0.0
泰瑞机器,sh603289,8.99,9.02,8.99,17600.0,8.92,500,8.99,3200,-0.33,8.99,8.99,17600,160000.0,0.01,0.0,26.38,26.38,9.92,8.12,0.0
小方制药,sh603207,23.73,23.73,23.73,3000.0,23.73,1900,23.8,400,0.0,23.73,23.73,3000,70000.0,0.01,0.0,12.96,38.13,26.1,21.36,0.0
和邦生物,sh603077,2.43,2.44,2.43,2069700.0,2.43,70700,2.44,1307800,-0.41,2.43,2.43,2069700,5030000.0,0.02,0.0,214.61,214.61,2.68,2.2,0.0
科林电气,sh603050,18.77,18.79,18.77,20400.0,18.75,2600,18.77,2700,-0.11,18.77,18.77,20400,380000.0,0.01,0.0,75.7,75.7,20.67,16.91,0.0
晶方科技,sh603005,35.12,35.15,35.12,227900.0,35.1,1100,35.12,8600,-0.09,35.12,35.12,227900,8000000.0,0.03,0.0,229.04,229.04,38.67,31.64,0.0
中国出版,sh601949,5.23,5.22,5.23,21600.0,5.22,600,5.23,8300,0.19,5.23,5.23,21600,110000.0,0.0,0.0,99.58,99.58,5.74,4.7,0.0
浙商银行,sh601916,2.91,2.91,2.91,148900.0,2.9,3102300,2.91,110600,0.0,2.91,2.91,148900,430000.0,0.0,0.0,626.94,799.22,3.2,2.62,0.0
方正证券,sh601901,6.88,6.89,6.88,218200.0,6.87,54000,6.88,33600,-0.15,6.88,6.88,218200,1500000.0,0.0,0.0,566.37,566.37,7.58,6.2,0.0
紫金银行,sh601860,2.52,2.53,2.52,75600.0,2.52,408700,2.53,1266700,-0.4,2.52,2.52,75600,190000.0,0.0,0.0,89.5,92.26,2.78,2.28,0.0
光大银行,sh601818,2.99,2.99,2.99,566100.0,2.98,20951400,2.99,10830900,0.0,2.99,2.99,566100,1690000.0,0.0,0.0,1387.56,1766.66,3.29,2.69,0.0
新华文轩,sh601811,11.88,11.91,11.88,3900.0,11.86,4300,11.88,300,-0.25,11.88,11.88,3900,50000.0,0.0,0.0,94.08,146.58,13.1,10.72,0.0
华峰铝业,sh601702,15.19,15.18,15.19,54500.0,15.19,5200,15.2,300,0.07,15.19,15.19,54500,830000.0,0.01,0.0,151.68,151.68,16.7,13.66,0.0
平煤股份,sh601666,9.36,9.31,9.36,201000.0,9.35,1000,9.36,27300,0.54,9.36,9.36,201000,1880000.0,0.01,0.0,231.13,231.13,10.24,8.38,0.0
齐鲁银行,sh601665,6.33,6.34,6.33,262300.0,6.33,74100,6.34,126700,-0.16,6.33,6.33,262300,1660000.0,0.0,0.0,389.54,389.54,6.97,5.71,0.0
金田股份,sh601609,11.75,11.71,11.75,2908300.0,11.75,343300,11.76,23200,0.34,11.75,11.75,2908300,34170000.0,0.17,0.0,203.11,203.11,12.88,10.54,0.0
浙文影业,sh601599,3.08,3.07,3.08,101100.0,3.07,11300,3.08,114300,0.33,3.08,3.08,101100,310000.0,0.01,0.0,35.74,35.74,3.38,2.76,0.0
林洋能源,sh601222,5.55,5.58,5.55,29500.0,5.55,11500,5.57,4100,-0.54,5.55,5.55,29500,160000.0,0.0,0.0,113.29,113.29,6.14,5.02,0.0
上海环境,sh601200,6.95,6.98,6.95,18400.0,6.94,25200,6.95,1800,-0.43,6.95,6.95,18400,130000.0,0.0,0.0,93.56,93.56,7.68,6.28,0.0
三角轮胎,sh601163,12.99,13.0,12.99,5600.0,12.95,10000,12.99,32200,-0.08,12.99,12.99,5600,70000.0,0.0,0.0,103.92,103.92,14.3,11.7,0.0
深圳燃气,sh601139,6.25,6.23,6.25,125700.0,6.24,100,6.25,44300,0.32,6.25,6.25,125700,790000.0,0.0,0.0,179.8,179.8,6.85,5.61,0.0
太平洋,sh601099,3.52,3.54,3.52,1805200.0,3.52,121500,3.53,324000,-0.56,3.52,3.52,1805200,6350000.0,0.03,0.0,239.93,239.93,3.89,3.19,0.0
宏盛华源,sh601096,4.31,4.33,4.31,35800.0,4.31,34800,4.32,100,-0.46,4.31,4.31,35800,150000.0,0.0,0.0,70.81,115.3,4.76,3.9,0.0
江盐集团,sh601065,6.79,6.8,6.79,7400.0,6.77,7500,6.79,116000,-0.15,6.79,6.79,7400,50000.0,0.0,0.0,43.64,43.64,7.48,6.12,0.0
宁波港,sh601018,3.32,3.32,3.32,134700.0,3.32,124600,3.33,425200,0.0,3.32,3.32,134700,450000.0,0.0,0.0,645.89,645.89,3.65,2.99,0.0
重庆钢铁,sh601005,1.2,1.2,1.2,969100.0,1.2,2219400,1.21,30332900,0.0,1.2,1.2,969100,1160000.0,0.01,0.0,99.76,115.31,1.32,1.08,0.0
唐山港,sh601000,4.47,4.47,4.47,34800.0,4.45,37000,4.47,8900,0.0,4.47,4.47,34800,160000.0,0.0,0.0,264.89,264.89,4.92,4.02,0.0
苏豪汇鸿,sh600981,2.44,2.44,2.44,21400.0,2.42,126200,2.44,114000,0.0,2.44,2.44,21400,50000.0,0.0,0.0,54.72,54.72,2.68,2.2,0.0
维远股份,sh600955,12.89,12.88,12.89,39500.0,12.89,6200,12.92,3100,0.08,12.89,12.89,39500,510000.0,0.01,0.0,70.89,70.89,14.17,11.59,0.0
西安银行,sh600928,3.5,3.51,3.5,22400.0,3.5,110500,3.51,96100,-0.28,3.5,3.5,22400,80000.0,0.0,0.0,154.82,155.56,3.86,3.16,0.0
苏能股份,sh600925,4.34,4.34,4.34,11000.0,4.32,36900,4.34,2300,0.0,4.34,4.34,11000,50000.0,0.0,0.0,69.7,298.98,4.77,3.91,0.0
杉杉股份,sh600884,12.17,12.17,12.17,152000.0,12.16,500,12.17,100800,0.0,12.17,12.17,152000,1850000.0,0.01,0.0,223.33,273.29,13.39,10.95,0.0
星湖科技,sh600866,4.37,4.37,4.37,41100.0,4.37,19100,4.38,28500,0.0,4.37,4.37,41100,180000.0,0.0,0.0,72.61,72.61,4.81,3.93,0.0
金开新能,sh600821,6.66,6.74,6.66,710400.0,6.65,15700,6.66,349200,-1.19,6.66,6.66,710400,4730000.0,0.04,0.0,131.02,131.02,7.41,6.07,0.0
轻纺城,sh600790,3.34,3.35,3.34,62800.0,3.34,16700,3.35,41300,-0.3,3.34,3.34,62800,210000.0,0.0,0.0,48.96,48.96,3.69,3.02,0.0
新钢股份,sh600782,2.69,2.7,2.69,68200.0,2.69,103500,2.7,32600,-0.37,2.69,2.69,68200,180000.0,0.0,0.0,84.62,85.65,2.97,2.43,0.0
西藏城投,sh600773,11.36,11.32,11.36,56600.0,11.34,1000,11.36,400,0.35,11.36,11.36,56600,640000.0,0.01,0.0,108.1,108.1,12.45,10.19,0.0
广誉远,sh600771,13.77,13.85,13.77,83800.0,13.77,11400,13.81,300,-0.58,13.77,13.77,83800,1150000.0,0.02,0.0,67.4,67.4,15.24,12.47,0.0
长江传媒,sh600757,7.72,7.66,7.72,91500.0,7.69,100,7.72,2300,0.78,7.72,7.72,91500,710000.0,0.01,0.0,93.68,93.69,8.43,6.89,0.0
华电能源,sh600726,6.21,6.27,6.21,772600.0,6.2,111100,6.21,40200,-0.96,6.21,6.21,772600,4800000.0,0.01,0.0,464.22,491.05,6.9,5.64,0.0
南京医药,sh600713,5.35,5.38,5.35,98300.0,5.33,5200,5.35,21800,-0.56,5.35,5.35,98300,530000.0,0.01,0.0,69.01,69.99,5.92,4.84,0.0
上海石化,sh600688,2.8,2.81,2.8,415800.0,2.79,541600,2.8,30700,-0.36,2.8,2.8,415800,1160000.0,0.01,0.0,205.21,295.19,3.09,2.53,0.0
光明乳业,sh600597,6.72,6.74,6.72,32300.0,6.71,1500,6.72,7600,-0.3,6.72,6.72,32300,220000.0,0.0,0.0,92.63,92.63,7.41,6.07,0.0
士兰微,sh600460,34.13,34.05,34.13,366700.0,34.12,21200,34.13,300,0.23,34.13,34.13,366700,12520000.0,0.02,0.0,567.95,567.95,37.46,30.65,0.0
冠豪高新,sh600433,3.43,3.41,3.43,765900.0,3.43,64100,3.44,135500,0.59,3.43,3.43,765900,2630000.0,0.04,0.0,60.03,60.03,3.75,3.07,0.0
三友化工,sh600409,6.78,6.79,6.78,51600.0,6.78,6500,6.79,4400,-0.15,6.78,6.78,51600,350000.0,0.0,0.0,139.96,139.96,7.47,6.11,0.0
盘江股份,sh600395,5.23,5.23,5.23,110700.0,5.22,100,5.23,95500,0.0,5.23,5.23,110700,580000.0,0.01,0.0,112.27,112.27,5.75,4.71,0.0
浙江龙盛,sh600352,13.09,13.1,13.09,94900.0,13.08,1900,13.1,105200,-0.08,13.09,13.09,94900,1240000.0,0.0,0.0,425.86,425.86,14.41,11.79,0.0
ST美克,sh600337,3.04,3.07,3.04,57400.0,3.03,2800,3.04,33800,-0.98,3.04,3.04,57400,170000.0,0.0,0.0,43.68,43.68,3.38,2.76,0.0
广西能源,sh600310,4.29,4.28,4.29,118900.0,4.28,39800,4.29,79800,0.23,4.29,4.29,118900,510000.0,0.01,0.0,62.88,62.88,4.71,3.85,0.0
华泰股份,sh600308,3.23,3.23,3.23,59800.0,3.22,11500,3.23,77200,0.0,3.23,3.23,59800,190000.0,0.0,0.0,48.99,48.99,3.55,2.91,0.0
酒钢宏兴,sh600307,1.45,1.45,1.45,272200.0,1.44,2493800,1.45,15000,0.0,1.45,1.45,272200,390000.0,0.0,0.0,90.82,90.82,1.6,1.31,0.0
维维股份,sh600300,3.25,3.26,3.25,156200.0,3.24,53400,3.25,134300,-0.31,3.25,3.25,156200,510000.0,0.01,0.0,52.56,52.56,3.59,2.93,0.0
钱江水利,sh600283,7.89,7.95,7.89,18600.0,7.89,4900,7.91,900,-0.75,7.89,7.89,18600,150000.0,0.0,0.0,44.25,44.25,8.75,7.16,0.0
阳光照明,sh600261,3.17,3.16,3.17,375400.0,3.17,14000,3.18,500,0.32,3.17,3.17,375400,1190000.0,0.03,0.0,42.32,42.32,3.48,2.84,0.0
民丰特纸,sh600235,5.77,5.76,5.77,17900.0,5.76,4100,5.77,5600,0.17,5.77,5.77,17900,100000.0,0.01,0.0,20.27,20.27,6.34,5.18,0.0
浙江医药,sh600216,13.95,13.2,13.95,2017400.0,13.94,4000,13.95,18100,5.68,13.95,13.95,2017400,28140000.0,0.21,0.0,132.72,134.15,14.52,11.88,0.0
雅戈尔,sh600177,7.85,7.88,7.85,48100.0,7.85,120900,7.86,6800,-0.38,7.85,7.85,48100,380000.0,0.0,0.0,353.52,362.94,8.67,7.09,0.0
国投资本,sh600061,6.37,6.37,6.37,27100.0,6.36,67400,6.37,59700,0.0,6.37,6.37,27100,170000.0,0.0,0.0,407.3,407.3,7.01,5.73,0.0
楚天高速,sh600035,3.4,3.4,3.4,22000.0,3.39,216500,3.4,231000,0.0,3.4,3.4,22000,70000.0,0.0,0.0,54.74,54.74,3.74,3.06,0.0
浙江新能,sh600032,7.07,7.09,7.07,38400.0,7.06,11000,7.07,17200,-0.28,7.07,7.07,38400,270000.0,0.0,0.0,170.01,170.01,7.8,6.38,0.0
山东钢铁,sh600022,1.32,1.32,1.32,2327500.0,1.32,941500,1.33,6836900,0.0,1.32,1.32,2327500,3070000.0,0.02,0.0,141.22,141.22,1.45,1.19,0.0
上港集团,sh600018,5.09,5.09,5.09,27500.0,5.09,10100,5.1,59800,0.0,5.09,5.09,27500,140000.0,0.0,0.0,1183.26,1184.95,5.6,4.58,0.0
首创环保,sh600008,2.82,2.82,2.82,114000.0,2.81,1081500,2.82,239900,0.0,2.82,2.82,114000,320000.0,0.0,0.0,207.0,207.0,3.1,2.54,0.0
民生健康,sz301507,13.48,13.62,13.48,41900.0,13.48,700,13.5,800,-1.03,13.48,13.48,41900,560000.0,0.04,0.0,14.84,48.06,16.34,10.9,0.0
泓淋电力,sz301439,15.39,15.4,15.39,15100.0,15.3,2900,15.39,2900,-0.06,15.39,15.39,15100,230000.0,0.01,0.0,28.2,59.88,18.48,12.32,0.0
荣旗科技,sz301360,55.45,55.48,55.45,2300.0,55.2,300,55.45,100,-0.05,55.45,55.45,2300,130000.0,0.01,0.0,18.88,38.7,66.58,44.38,0.0
明阳电气,sz301291,42.95,41.7,42.95,122500.0,42.95,1800,42.96,1000,3.0,42.95,42.95,122500,5260000.0,0.07,0.0,70.29,135.1,50.04,33.36,0.0
万凯新材,sz301216,17.64,17.56,17.64,50400.0,17.59,2200,17.64,2400,0.46,17.64,17.64,50400,890000.0,0.01,0.0,96.07,102.35,21.07,14.05,0.0
观想科技,sz301213,45.19,45.85,45.19,6800.0,45.19,0,45.55,400,-1.44,45.19,45.19,6800,310000.0,0.01,0.0,32.72,50.61,55.02,36.68,0.0
联检科技,sz301115,34.0,33.18,34.0,75200.0,34.0,29900,34.08,1200,2.47,34.0,34.0,75200,2560000.0,0.05,0.0,50.73,61.9,39.82,26.54,0.0
华润材料,sz301090,6.59,6.6,6.59,6200.0,6.56,100,6.59,8200,-0.15,6.59,6.59,6200,40000.0,0.0,0.0,96.93,96.93,7.92,5.28,0.0
上海艾录,sz301062,6.97,6.97,6.97,69200.0,6.97,800,6.98,6800,0.0,6.97,6.97,69200,480000.0,0.03,0.0,19.19,30.2,8.36,5.58,0.0
兰卫医学,sz301060,13.2,13.08,13.2,552800.0,13.18,100,13.2,21200,0.92,13.2,13.2,552800,7300000.0,0.15,0.0,47.54,52.87,15.7,10.46,0.0
保立佳,sz301037,13.07,13.12,13.07,13500.0,13.07,4700,13.16,100,-0.38,13.07,13.07,13500,180000.0,0.02,0.0,8.89,18.17,15.74,10.5,0.0
读客文化,sz301025,9.31,9.06,9.31,177500.0,9.31,4600,9.33,3500,2.76,9.31,9.31,177500,1650000.0,0.06,0.0,25.8,37.27,10.87,7.25,0.0
利安科技,sz300784,41.64,41.43,41.64,2300.0,41.64,800,41.7,1100,0.51,41.64,41.64,2300,100000.0,0.01,0.0,7.0,23.42,49.72,33.14,0.0
华宝股份,sz300741,13.45,13.46,13.45,6300.0,13.41,1300,13.45,1900,-0.07,13.45,13.45,6300,80000.0,0.0,0.0,82.84,82.84,16.15,10.77,0.0
新余国科,sz300722,22.11,22.11,22.11,900.0,22.1,100,22.11,4400,0.0,22.11,22.11,900,20000.0,0.0,0.0,61.19,61.19,26.53,17.69,0.0
大烨智能,sz300670,6.7,6.73,6.7,77200.0,6.7,11100,6.73,8500,-0.45,6.7,6.7,77200,520000.0,0.03,0.0,15.05,21.23,8.08,5.38,0.0
欧普康视,sz300595,11.46,11.48,11.46,8400.0,11.42,1000,11.46,1600,-0.17,11.46,11.46,8400,100000.0,0.0,0.0,76.61,102.49,13.78,9.18,0.0
奥联电子,sz300585,16.83,16.82,16.83,8600.0,16.83,25500,16.85,2000,0.06,16.83,16.83,8600,140000.0,0.01,0.0,28.8,28.8,20.18,13.46,0.0
达威股份,sz300535,16.68,16.8,16.68,216900.0,16.68,4600,16.77,3600,-0.71,16.68,16.68,216900,3620000.0,0.27,0.0,13.54,17.85,20.16,13.44,0.0
东杰智能,sz300486,20.63,20.61,20.63,5900.0,20.63,1100,20.69,200,0.1,20.63,20.63,5900,120000.0,0.0,0.0,98.41,98.44,24.73,16.49,0.0
东通退,sz300379,1.72,1.72,0.0,0.0,0.0,0,0.0,0,0.0,0.0,0.0,0,0.0,0.0,0.0,9.06,9.6,-1.0,-1.0,0.0
百纳千成,sz300291,5.16,5.21,5.16,35000.0,5.16,22000,5.17,1500,-0.96,5.16,5.16,35000,180000.0,0.0,0.0,47.98,48.6,6.25,4.17,0.0
新天科技,sz300259,4.42,4.42,4.42,111200.0,4.4,4500,4.42,92300,0.0,4.42,4.42,111200,490000.0,0.01,0.0,51.04,51.06,5.3,3.54,0.0
东方电热,sz300217,4.54,4.56,4.54,52500.0,4.53,23000,4.54,11100,-0.44,4.54,4.54,52500,240000.0,0.0,0.0,56.36,67.1,5.47,3.65,0.0
长荣股份,sz300195,5.6,5.58,5.6,85000.0,5.6,40800,5.61,15000,0.36,5.6,5.6,85000,480000.0,0.03,0.0,17.58,23.73,6.7,4.46,0.0
通裕重工,sz300185,2.75,2.76,2.75,134400.0,2.74,284300,2.75,21400,-0.36,2.75,2.75,134400,370000.0,0.0,0.0,105.78,111.0,3.31,2.21,0.0
捷成股份,sz300182,5.09,5.14,5.09,428600.0,5.09,8700,5.1,206200,-0.97,5.09,5.09,428600,2180000.0,0.02,0.0,115.0,135.59,6.17,4.11,0.0
新研股份,sz300159,3.05,3.06,3.05,211400.0,3.05,48700,3.06,22600,-0.33,3.05,3.05,211400,640000.0,0.01,0.0,56.19,100.36,3.67,2.45,0.0
银河磁体,sz300127,25.52,25.76,25.52,11300.0,25.52,4000,25.58,500,-0.93,25.52,25.52,11300,290000.0,0.0,0.0,58.9,82.47,30.91,20.61,0.0
易成新能,sz300080,3.8,3.78,3.8,49700.0,3.8,2800,3.81,4900,0.53,3.8,3.8,49700,190000.0,0.0,0.0,71.09,71.19,4.54,3.02,0.0
三川智慧,sz300066,5.24,5.27,5.24,13800.0,5.24,2200,5.27,900,-0.57,5.24,5.24,13800,70000.0,0.0,0.0,52.3,54.5,6.32,4.22,0.0
ST华谊,sz300027,1.78,1.79,1.78,300800.0,1.77,486400,1.78,168500,-0.56,1.78,1.78,300800,540000.0,0.01,0.0,45.68,49.39,2.15,1.43,0.0
北陆药业,sz300016,8.68,8.71,8.68,36600.0,8.67,10000,8.68,5700,-0.34,8.68,8.68,36600,320000.0,0.01,0.0,48.8,50.49,10.45,6.97,0.0
日久光电,sz003015,12.23,12.28,12.23,12600.0,12.23,1900,12.24,500,-0.41,12.23,12.23,12600,150000.0,0.01,0.0,30.21,34.37,13.51,11.05,0.0
郑州银行,sz002936,1.75,1.76,1.75,211300.0,1.75,3666700,1.76,9084900,-0.57,1.75,1.75,211300,370000.0,0.0,0.0,123.01,159.11,1.94,1.58,0.0
锋龙股份,sz002931,53.45,52.41,53.45,50300.0,53.45,1600,53.5,11400,1.98,53.45,53.45,50300,2690000.0,0.02,0.0,108.28,116.79,57.65,47.17,0.0
联诚精密,sz002921,22.96,23.06,22.96,26600.0,22.96,300,23.0,1400,-0.43,22.96,22.96,26600,610000.0,0.02,0.0,29.49,34.2,25.37,20.75,0.0
同兴达,sz002845,13.56,13.56,13.56,23000.0,13.56,2600,13.59,700,0.0,13.56,13.56,23000,310000.0,0.01,0.0,33.93,44.42,14.92,12.2,0.0
张家港行,sz002839,4.27,4.28,4.27,45600.0,4.26,226800,4.27,8300,-0.23,4.27,4.27,45600,190000.0,0.0,0.0,104.27,104.37,4.71,3.85,0.0
第一创业,sz002797,6.51,6.52,6.51,96000.0,6.5,48800,6.51,21100,-0.15,6.51,6.51,96000,620000.0,0.0,0.0,273.58,273.58,7.17,5.87,0.0
新宝股份,sz002705,11.62,11.68,11.62,3800.0,11.61,500,11.62,100,-0.51,11.62,11.62,3800,40000.0,0.0,0.0,93.9,94.34,12.85,10.51,0.0
双成药业,sz002693,9.98,9.98,9.98,28300.0,9.98,14800,9.99,800,0.0,9.98,9.98,28300,280000.0,0.01,0.0,41.02,41.39,10.98,8.98,0.0
卫星化学,sz002648,25.99,25.8,25.99,193800.0,25.92,300,25.99,300,0.74,25.99,25.99,193800,5040000.0,0.01,0.0,874.95,875.51,28.38,23.22,0.0
华宏科技,sz002645,21.13,21.09,21.13,355200.0,21.12,1800,21.13,44200,0.19,21.13,21.13,355200,7510000.0,0.05,0.0,143.73,159.13,23.2,18.98,0.0
赞宇科技,sz002637,10.95,10.92,10.95,94000.0,10.93,800,10.95,16000,0.27,10.95,10.95,94000,1030000.0,0.02,0.0,50.91,51.51,12.01,9.83,0.0
*ST瑞和,sz002620,5.12,5.12,5.12,4200.0,5.12,41900,5.14,100,0.0,5.12,5.12,4200,20000.0,0.0,0.0,16.18,19.33,5.63,4.61,0.0
奥佳华,sz002614,4.96,4.96,4.96,33300.0,4.96,3500,4.97,22000,0.0,4.96,4.96,33300,170000.0,0.01,0.0,21.89,30.94,5.46,4.46,0.0
ST章鼓,sz002598,6.71,6.71,6.71,9200.0,6.7,500,6.71,3400,0.0,6.71,6.71,9200,60000.0,0.0,0.0,19.23,20.94,7.38,6.04,0.0
益盛药业,sz002566,6.86,6.87,6.86,29300.0,6.85,2300,6.86,2000,-0.15,6.86,6.86,29300,200000.0,0.01,0.0,15.9,22.7,7.56,6.18,0.0
千红制药,sz002550,7.12,7.16,7.12,241300.0,7.12,235400,7.13,13000,-0.56,7.12,7.12,241300,1720000.0,0.03,0.0,67.89,91.12,7.88,6.44,0.0
齐峰新材,sz002521,6.83,6.83,6.83,8600.0,6.83,11800,6.84,1800,0.0,6.83,6.83,8600,60000.0,0.0,0.0,28.63,38.25,7.51,6.15,0.0
华斯股份,sz002494,4.88,4.87,4.88,37700.0,4.87,24600,4.88,21400,0.21,4.88,4.88,37700,180000.0,0.01,0.0,13.99,18.41,5.36,4.38,0.0
富春环保,sz002479,5.7,5.74,5.7,78400.0,5.7,9000,5.71,3500,-0.7,5.7,5.7,78400,450000.0,0.01,0.0,49.2,49.3,6.31,5.17,0.0
青龙管业,sz002457,10.9,10.84,10.9,148100.0,10.89,18700,10.9,18900,0.55,10.9,10.9,148100,1610000.0,0.04,0.0,36.33,36.35,11.92,9.76,0.0
长高电气,sz002452,11.8,11.8,11.8,47200.0,11.75,200,11.8,3700,0.0,11.8,11.8,47200,560000.0,0.01,0.0,61.11,73.2,12.98,10.62,0.0
闰土股份,sz002440,13.1,13.04,13.1,333100.0,13.1,10400,13.11,100,0.46,13.1,13.1,333100,4360000.0,0.04,0.0,123.97,147.24,14.34,11.74,0.0
毅昌科技,sz002420,5.94,5.97,5.94,25800.0,5.92,1100,5.94,4200,-0.5,5.94,5.94,25800,150000.0,0.01,0.0,24.04,24.43,6.57,5.37,0.0
西部建设,sz002302,4.75,4.76,4.75,16400.0,4.73,2000,4.75,44300,-0.21,4.75,4.75,16400,80000.0,0.0,0.0,59.96,59.96,5.24,4.28,0.0
浙富控股,sz002266,5.06,5.07,5.06,121800.0,5.05,2500,5.06,28800,-0.2,5.06,5.06,121800,620000.0,0.0,0.0,245.03,264.1,5.58,4.56,0.0
ST嘉应,sz002198,3.48,3.45,3.48,143400.0,3.46,5400,3.48,59500,0.87,3.48,3.48,143400,500000.0,0.03,0.0,17.66,17.66,3.8,3.11,0.0
证通电子,sz002197,7.21,7.2,7.21,112500.0,7.21,11400,7.22,5000,0.14,7.21,7.21,112500,810000.0,0.02,0.0,38.5,44.3,7.92,6.48,0.0
莱茵生物,sz002166,6.85,6.84,6.85,18100.0,6.85,5000,6.86,38800,0.15,6.85,6.85,18100,120000.0,0.0,0.0,50.59,50.8,7.52,6.16,0.0
广电运通,sz002152,9.79,9.81,9.79,80100.0,9.79,16400,9.8,25100,-0.2,9.79,9.79,80100,780000.0,0.0,0.0,243.0,243.12,10.79,8.83,0.0
ST汇洲,sz002122,2.59,2.6,2.59,172700.0,2.58,115500,2.59,5300,-0.38,2.59,2.59,172700,450000.0,0.01,0.0,51.48,51.84,2.86,2.34,0.0
三钢闽光,sz002110,2.97,2.97,2.97,34500.0,2.96,13200,2.97,29300,0.0,2.97,2.97,34500,100000.0,0.0,0.0,72.14,72.14,3.27,2.67,0.0
中泰化学,sz002092,4.48,4.48,4.48,213100.0,4.47,12000,4.48,1800,0.0,4.48,4.48,213100,950000.0,0.01,0.0,115.39,116.03,4.93,4.03,0.0
横店东磁,sz002056,23.22,23.24,23.22,135000.0,23.22,8000,23.23,5200,-0.09,23.22,23.22,135000,3130000.0,0.01,0.0,377.33,377.72,25.56,20.92,0.0
兔 宝 宝,sz002043,12.56,12.56,12.56,9300.0,12.52,500,12.56,1300,0.0,12.56,12.56,9300,120000.0,0.0,0.0,101.42,104.22,13.82,11.3,0.0
联创电子,sz002036,6.99,7.02,6.99,200800.0,6.98,7800,6.99,27700,-0.43,6.99,6.99,200800,1400000.0,0.02,0.0,73.78,73.93,7.72,6.32,0.0
京新药业,sz002020,14.01,14.02,14.01,42300.0,14.0,12300,14.01,100,-0.07,14.01,14.01,42300,590000.0,0.01,0.0,101.43,120.63,15.42,12.62,0.0
立新能源,sz001258,14.09,14.4,14.09,1107700.0,14.09,500,14.1,8700,-2.15,14.09,14.09,1107700,15610000.0,0.12,0.0,131.51,131.51,15.84,12.96,0.0
弘业期货,sz001236,7.61,7.61,7.61,14100.0,7.6,23400,7.63,6300,0.0,7.61,7.61,14100,110000.0,0.0,0.0,57.69,76.69,8.37,6.85,0.0
兰州银行,sz001227,2.13,2.13,2.13,291800.0,2.12,1977000,2.13,754300,0.0,2.13,2.13,291800,620000.0,0.01,0.0,89.83,121.32,2.34,1.92,0.0
*ST数源,sz000909,4.26,4.27,4.26,1700.0,4.26,3000,4.27,100,-0.23,4.26,4.26,1700,10000.0,0.0,0.0,18.65,18.65,4.7,3.84,0.0
现代投资,sz000900,3.69,3.69,3.69,12300.0,3.68,1600,3.69,146400,0.0,3.69,3.69,12300,50000.0,0.0,0.0,56.0,56.01,4.06,3.32,0.0
电投绿能,sz000875,5.08,5.09,5.08,66500.0,5.07,8000,5.08,55400,-0.2,5.08,5.08,66500,340000.0,0.0,0.0,169.79,184.27,5.6,4.58,0.0
国安股份,sz000839,2.8,2.81,2.8,199900.0,2.79,180500,2.8,36400,-0.36,2.8,2.8,199900,560000.0,0.01,0.0,109.76,109.76,3.09,2.53,0.0
超声电子,sz000823,15.8,15.72,15.8,654800.0,15.8,13700,15.81,1900,0.51,15.8,15.8,654800,10350000.0,0.11,0.0,94.0,94.0,17.29,14.15,0.0
冰轮环境,sz000811,45.54,45.09,45.54,426400.0,45.54,3300,45.56,100,1.0,45.54,45.54,426400,19420000.0,0.04,0.0,445.56,451.97,49.6,40.58,0.0
中国武夷,sz000797,2.42,2.42,2.42,63200.0,2.41,35000,2.42,127900,0.0,2.42,2.42,63200,150000.0,0.0,0.0,38.01,38.01,2.66,2.18,0.0
英洛华,sz000795,8.55,8.6,8.55,29900.0,8.55,2100,8.57,4800,-0.58,8.55,8.55,29900,260000.0,0.0,0.0,95.44,95.44,9.46,7.74,0.0
国海证券,sz000750,3.77,3.78,3.77,32600.0,3.77,83800,3.78,240000,-0.26,3.77,3.77,32600,120000.0,0.0,0.0,218.52,240.76,4.16,3.4,0.0
湖南发展,sz000722,13.37,13.35,13.37,40200.0,13.37,10700,13.39,2400,0.15,13.37,13.37,40200,540000.0,0.01,0.0,62.06,76.39,14.69,12.02,0.0
双环科技,sz000707,4.59,4.62,4.59,36100.0,4.59,14500,4.6,300,-0.65,4.59,4.59,36100,170000.0,0.01,0.0,25.28,26.84,5.08,4.16,0.0
ST沈化,sz000698,3.53,3.54,3.53,60800.0,3.53,44400,3.54,100,-0.28,3.53,3.53,60800,210000.0,0.01,0.0,27.74,28.93,3.89,3.19,0.0
金科股份,sz000656,1.28,1.27,1.28,3126500.0,1.27,1345000,1.28,3966600,0.79,1.28,1.28,3126500,4000000.0,0.04,0.0,97.12,135.54,1.4,1.14,0.0
顺发恒能,sz000631,2.99,2.99,2.99,34900.0,2.98,57000,2.99,76800,0.0,2.99,2.99,34900,100000.0,0.0,0.0,68.77,68.77,3.29,2.69,0.0
陕国投Ａ,sz000563,3.0,3.0,3.0,186200.0,3.0,116600,3.01,307800,0.0,3.0,3.0,186200,560000.0,0.0,0.0,153.42,153.42,3.3,2.7,0.0
西部创业,sz000557,3.65,3.65,3.65,18300.0,3.65,2200,3.66,50300,0.0,3.65,3.65,18300,70000.0,0.0,0.0,53.21,53.23,4.02,3.29,0.0
新金路,sz000510,17.61,17.58,17.61,209500.0,17.61,5600,17.63,100,0.17,17.61,17.61,209500,3690000.0,0.03,0.0,106.82,114.21,19.34,15.82,0.0
申万宏源,sz000166,4.54,4.55,4.54,464500.0,4.54,576100,4.55,410000,-0.22,4.54,4.54,464500,2110000.0,0.0,0.0,1023.11,1136.81,5.01,4.1,0.0
中集集团,sz000039,9.03,9.03,9.03,104400.0,9.03,3000,9.04,20700,0.0,9.03,9.03,104400,940000.0,0.0,0.0,207.82,486.94,9.93,8.13,0.0
南  玻Ａ,sz000012,3.82,3.82,3.82,83600.0,3.81,10000,3.82,15900,0.0,3.82,3.82,83600,320000.0,0.0,0.0,74.85,116.22,4.2,3.44,0.0
深振业Ａ,sz000006,7.36,7.33,7.36,149800.0,7.36,2700,7.37,11800,0.41,7.36,7.36,149800,1100000.0,0.01,0.0,99.36,99.36,8.06,6.6,0.0
思特威-W,sh688213,100.99,101.37,100.99,968100.0,100.99,200,101.0,500,-0.37,100.99,100.99,968100,980000.0,0.0,0.0,326.71,406.29,121.64,81.1,0.0
键凯科技,sh688356,80.32,79.99,80.32,573000.0,80.28,800,80.32,100,0.41,80.32,80.32,573000,460000.0,0.01,0.0,48.71,48.71,95.99,63.99,0.0
贵州茅台,sh600519,1291.0,1293.09,1291.0,23600.0,1290.5,100,1291.0,5200,-0.16,1291.0,1291.0,23600,30470000.0,0.0,0.0,16138.55,16138.55,1422.4,1163.78,0.0
润和软件,sz300339,36.75,36.96,36.75,38200.0,36.75,800,36.76,2000,-0.57,36.75,36.75,38200,1400000.0,0.0,0.0,285.8,292.68,44.35,29.57,0.0
恒铭达,sz002947,61.93,61.27,61.93,22200.0,61.93,400,61.96,100,1.08,61.93,61.93,22200,1370000.0,0.01,0.0,122.81,158.4,67.4,55.14,0.0
新强联,sz300850,26.99,27.03,26.99,27400.0,26.97,2400,26.99,900,-0.15,26.99,26.99,27400,740000.0,0.01,0.0,81.18,111.76,32.44,21.62,0.0
翱捷科技-U,sh688220,107.03,107.84,107.03,2344400.0,107.03,1700,107.29,2900,-0.75,107.03,107.03,2344400,2510000.0,0.01,0.0,447.71,447.71,129.41,86.27,0.0
瑞松科技,sh688090,74.84,74.85,74.84,643700.0,74.83,1200,74.84,200,-0.01,74.84,74.84,643700,480000.0,0.0,0.0,118.79,118.79,89.82,59.88,0.0
科力装备,sz301552,25.42,25.41,25.42,4700.0,25.42,3800,25.44,400,0.04,25.42,25.42,4700,120000.0,0.02,0.0,7.86,31.46,30.49,20.33,0.0
五 粮 液,sz000858,72.41,72.55,72.41,124700.0,72.4,700,72.41,18700,-0.19,72.41,72.41,124700,9030000.0,0.0,0.0,2810.6,2810.67,79.81,65.3,0.0
安图生物,sh603658,33.26,32.87,33.26,36300.0,33.26,9100,33.3,2400,1.19,33.26,33.26,36300,1210000.0,0.01,0.0,190.06,190.06,36.16,29.58,0.0
朗特智能,sz300916,25.0,25.04,25.0,60800.0,24.9,1200,25.0,4300,-0.16,25.0,25.0,60800,1520000.0,0.07,0.0,23.35,36.16,30.05,20.03,0.0
万里石,sz002785,35.5,35.54,35.5,1700.0,35.5,5500,35.52,2500,-0.11,35.5,35.5,1700,60000.0,0.0,0.0,68.69,80.45,39.09,31.99,0.0
钧崴电子,sz301458,40.48,40.7,40.48,25400.0,40.41,500,40.48,1500,-0.54,40.48,40.48,25400,1030000.0,0.02,0.0,47.56,107.95,48.84,32.56,0.0
汇通能源,sh600605,25.45,25.55,25.45,9200.0,25.35,900,25.45,200,-0.39,25.45,25.45,9200,230000.0,0.0,0.0,52.5,52.5,28.11,23.0,0.0
国芯科技,sh688262,29.29,29.29,29.29,4285000.0,29.29,17200,29.3,200,0.0,29.29,29.29,4285000,1260000.0,0.01,0.0,98.41,98.41,35.15,23.43,0.0
海尔智家,sh600690,21.41,21.49,21.41,144400.0,21.41,97400,21.42,28400,-0.37,21.41,21.41,144400,3090000.0,0.0,0.0,1338.77,2007.75,23.64,19.34,0.0
瑞达期货,sz002961,18.99,19.08,18.99,9400.0,18.95,2000,18.99,5500,-0.47,18.99,18.99,9400,180000.0,0.0,0.0,90.57,90.57,20.99,17.17,0.0
有研粉材,sh688456,92.0,93.3,92.0,7542600.0,92.0,5600,92.2,1200,-1.39,92.0,92.0,7542600,6940000.0,0.07,0.0,95.37,95.37,111.96,74.64,0.0
中国海防,sh600764,18.24,18.24,18.24,21400.0,18.23,600,18.24,13400,0.0,18.24,18.24,21400,390000.0,0.0,0.0,129.62,129.62,20.06,16.42,0.0
伟明环保,sh603568,14.32,14.76,14.32,795900.0,14.32,96600,14.62,200,-2.98,14.32,14.32,795900,11400000.0,0.04,0.0,293.34,293.34,16.24,13.28,0.0
键邦股份,sh603285,37.5,37.07,37.5,176400.0,37.5,15000,37.56,500,1.16,37.5,37.5,176400,6620000.0,0.28,0.0,23.36,60.0,40.78,33.36,0.0
皖仪科技,sh688600,26.49,26.68,26.49,2258700.0,26.46,1500,26.49,300,-0.71,26.49,26.49,2258700,600000.0,0.02,0.0,35.68,35.68,32.02,21.34,0.0
福立旺,sh688678,19.98,20.16,19.98,3503300.0,19.96,5000,19.98,200,-0.89,19.98,19.98,3503300,700000.0,0.01,0.0,80.54,80.54,24.19,16.13,0.0
新亚电子,sh605277,15.5,15.54,15.5,38200.0,15.49,1000,15.5,2900,-0.26,15.5,15.5,38200,590000.0,0.01,0.0,59.86,60.26,17.09,13.99,0.0
义翘神州,sz301047,138.0,139.49,138.0,99500.0,137.8,900,138.0,1300,-1.07,138.0,138.0,99500,13730000.0,0.08,0.0,165.02,167.86,167.39,111.59,0.0
开普检测,sz003008,19.48,19.38,19.48,1900.0,19.46,300,19.48,500,0.52,19.48,19.48,1900,40000.0,0.0,0.0,15.14,20.26,21.32,17.44,0.0
西藏药业,sh600211,39.02,39.07,39.02,6000.0,39.02,200,39.06,1800,-0.13,39.02,39.02,6000,230000.0,0.0,0.0,125.77,125.77,42.98,35.16,0.0
善水科技,sz301190,18.3,18.31,18.3,8500.0,18.3,9600,18.32,100,-0.05,18.3,18.3,8500,160000.0,0.01,0.0,26.19,39.28,21.97,14.65,0.0
宇环数控,sz002903,29.16,29.45,29.16,473800.0,29.16,46700,29.23,300,-0.98,29.16,29.16,473800,13820000.0,0.44,0.0,31.37,45.39,32.4,26.51,0.0
杰恩股份,sz300668,36.03,36.3,36.03,31000.0,36.03,700,36.33,100,-0.74,36.03,36.03,31000,1120000.0,0.03,0.0,35.92,43.37,43.56,29.04,0.0
太辰光,sz300570,203.04,193.8,203.04,590800.0,203.04,125000,203.39,100,4.77,203.04,203.04,590800,119960000.0,0.31,0.0,390.23,461.16,232.56,155.04,0.0
江龙船艇,sz300589,13.81,13.94,13.81,39500.0,13.8,600,13.81,300,-0.93,13.81,13.81,39500,550000.0,0.02,0.0,32.37,52.16,16.73,11.15,0.0
伟创电气,sh688698,49.83,49.84,49.83,509300.0,49.77,800,49.83,2300,-0.02,49.83,49.83,509300,250000.0,0.0,0.0,107.15,107.15,59.81,39.87,0.0
美芯晟,sh688458,35.64,35.47,35.64,412300.0,35.36,9900,35.64,100,0.48,35.64,35.64,412300,150000.0,0.0,0.0,33.41,39.75,42.56,28.38,0.0
人民网,sh603000,16.7,16.72,16.7,14300.0,16.7,600,16.71,500,-0.12,16.7,16.7,14300,240000.0,0.0,0.0,184.65,184.65,18.39,15.05,0.0
激智科技,sz300566,30.98,31.5,30.98,526200.0,30.98,400,30.99,500,-1.65,30.98,30.98,526200,16300000.0,0.23,0.0,70.23,81.2,37.8,25.2,0.0
上海医药,sh601607,16.41,16.47,16.41,34400.0,16.41,6900,16.42,12300,-0.36,16.41,16.41,34400,560000.0,0.0,0.0,457.71,608.54,18.12,14.82,0.0
重庆啤酒,sh600132,43.01,42.98,43.01,4600.0,43.01,100,43.1,1500,0.07,43.01,43.01,4600,200000.0,0.0,0.0,208.16,208.16,47.28,38.68,0.0
宏力达,sh688330,33.49,33.53,33.49,387500.0,33.49,400,33.53,200,-0.12,33.49,33.49,387500,130000.0,0.0,0.0,46.89,46.89,40.24,26.82,0.0
丽珠集团,sz000513,30.05,30.05,30.05,10500.0,30.0,1200,30.05,1500,0.0,30.05,30.05,10500,320000.0,0.0,0.0,170.73,266.82,33.06,27.05,0.0
华绿生物,sz300970,17.89,18.05,17.89,39300.0,17.86,600,17.89,200,-0.89,17.89,17.89,39300,700000.0,0.03,0.0,21.91,28.39,21.66,14.44,0.0
明志科技,sh688355,18.03,18.08,18.03,429000.0,18.0,5500,18.03,4800,-0.28,18.03,18.03,429000,80000.0,0.0,0.0,22.35,22.35,21.7,14.46,0.0
嘉环科技,sh603206,14.45,14.44,14.45,20300.0,14.45,6100,14.5,8900,0.07,14.45,14.45,20300,290000.0,0.01,0.0,44.1,44.1,15.88,13.0,0.0
上海机场,sh600009,23.0,23.07,23.0,26800.0,23.0,2500,23.01,3000,-0.3,23.0,23.0,26800,620000.0,0.0,0.0,570.45,572.31,25.38,20.76,0.0
康强电子,sz002119,25.3,25.4,25.3,205000.0,25.25,500,25.3,27000,-0.39,25.3,25.3,205000,5190000.0,0.05,0.0,94.95,94.95,27.94,22.86,0.0
路桥信息,bj920748,23.48,23.48,23.48,900.0,23.48,1200,23.49,4400,0.0,23.48,23.48,900,22100.0,0.0,0.0,8.65,18.02,30.52,16.44,0.0
西大门,sh605155,14.77,14.84,14.77,3600.0,14.77,200,14.89,2100,-0.47,14.77,14.77,3600,50000.0,0.0,0.0,27.68,28.14,16.32,13.36,0.0
中国稀土,sz000831,62.8,62.79,62.8,375500.0,62.79,1600,62.8,2700,0.02,62.8,62.8,375500,23580000.0,0.04,0.0,666.45,666.45,69.07,56.51,0.0
长鸿高科,sh605008,12.44,12.47,12.44,16700.0,12.44,16300,12.47,3700,-0.24,12.44,12.44,16700,210000.0,0.0,0.0,80.36,80.36,13.72,11.22,0.0
瑞联新材,sh688550,42.88,41.08,42.88,9570300.0,42.84,2100,42.88,3400,4.38,42.88,42.88,9570300,4100000.0,0.05,0.0,75.5,75.5,49.3,32.86,0.0
ST瀚川,sh688022,8.58,8.56,8.58,676600.0,8.58,11000,8.62,8000,0.23,8.58,8.58,676600,60000.0,0.0,0.0,15.09,15.09,10.27,6.85,0.0
旭升集团,sh603305,11.87,11.87,11.87,21900.0,11.87,300,11.88,1000,0.0,11.87,11.87,21900,260000.0,0.0,0.0,137.18,137.18,13.06,10.68,0.0
皇马科技,sh603181,13.35,13.37,13.35,45900.0,13.33,1000,13.35,7500,-0.15,13.35,13.35,45900,610000.0,0.01,0.0,78.59,78.59,14.71,12.03,0.0
宁波中百,sh600857,20.57,20.72,20.57,17400.0,20.52,3300,20.57,500,-0.72,20.57,20.57,17400,360000.0,0.01,0.0,46.14,46.14,22.79,18.65,0.0
川投能源,sh600674,15.12,15.11,15.12,15600.0,15.12,2900,15.13,14200,0.07,15.12,15.12,15600,240000.0,0.0,0.0,737.04,737.04,16.62,13.6,0.0
冠昊生物,sz300238,12.2,12.28,12.2,6700.0,12.2,5900,12.26,900,-0.65,12.2,12.2,6700,80000.0,0.0,0.0,32.35,32.35,14.74,9.82,0.0
北方长龙,sz301357,103.28,104.15,103.28,46000.0,103.28,5000,103.38,3900,-0.84,103.28,103.28,46000,4750000.0,0.05,0.0,98.32,98.32,124.98,83.32,0.0
中科蓝讯,sh688332,100.88,100.98,100.88,1352800.0,100.07,200,100.88,2100,-0.1,100.88,100.88,1352800,1360000.0,0.01,0.0,180.06,180.06,121.18,80.78,0.0
维力医疗,sh603309,11.89,11.92,11.89,11400.0,11.88,500,11.89,8400,-0.25,11.89,11.89,11400,140000.0,0.0,0.0,34.7,34.7,13.11,10.73,0.0
安井食品,sh603345,83.81,84.23,83.81,6100.0,83.81,2500,84.23,1100,-0.5,83.81,83.81,6100,510000.0,0.0,0.0,245.81,279.33,92.65,75.81,0.0
通力科技,sz301255,21.29,21.18,21.29,7600.0,21.0,500,21.29,100,0.52,21.29,21.29,7600,160000.0,0.01,0.0,28.46,32.43,25.42,16.94,0.0
锡南科技,sz301170,23.48,23.43,23.48,5500.0,23.48,2900,23.49,200,0.21,23.48,23.48,5500,130000.0,0.01,0.0,8.92,23.48,28.12,18.74,0.0
复星医药,sh600196,24.12,24.01,24.12,127100.0,24.11,5000,24.12,92900,0.46,24.12,24.12,127100,3070000.0,0.01,0.0,510.98,644.11,26.41,21.61,0.0
金奥博,sz002917,10.5,10.54,10.5,15400.0,10.48,1500,10.5,12400,-0.38,10.5,10.5,15400,160000.0,0.01,0.0,27.36,36.5,11.59,9.49,0.0
交大思诺,sz300851,24.08,24.14,24.08,1200.0,24.08,200,24.13,1000,-0.25,24.08,24.08,1200,30000.0,0.0,0.0,11.88,20.93,28.97,19.31,0.0
沃尔核材,sz002130,17.31,17.28,17.31,60100.0,17.3,300,17.31,1500,0.17,17.31,17.31,60100,1040000.0,0.01,0.0,198.54,242.32,19.01,15.55,0.0
奥尼电子,sz301189,55.67,55.13,55.67,26500.0,55.35,1600,55.67,100,0.98,55.67,55.67,26500,1480000.0,0.02,0.0,87.93,91.1,66.16,44.1,0.0
三一重能,sh688349,14.48,14.51,14.48,160000.0,14.48,2000,14.55,1000,-0.21,14.48,14.48,160000,20000.0,0.0,0.0,226.78,230.72,17.41,11.61,0.0
万控智造,sh603070,11.85,11.78,11.85,6000.0,11.8,200,11.85,4100,0.59,11.85,11.85,6000,70000.0,0.0,0.0,47.52,47.52,12.96,10.6,0.0
通达创智,sz001368,22.96,22.85,22.96,6600.0,22.9,600,22.96,1900,0.48,22.96,22.96,6600,150000.0,0.01,0.0,24.82,25.97,25.14,20.57,0.0
思林杰,sh688115,73.19,71.76,73.19,1101500.0,73.19,700,73.44,200,1.99,73.19,73.19,1101500,810000.0,0.01,0.0,68.31,68.31,86.11,57.41,0.0
洪汇新材,sz002802,11.78,11.78,11.78,11700.0,11.77,1200,11.78,3200,0.0,11.78,11.78,11700,140000.0,0.01,0.0,17.63,21.35,12.96,10.6,0.0
康希通信,sh688653,14.62,14.79,14.62,2305500.0,14.61,2000,14.62,7600,-1.15,14.62,14.62,2305500,340000.0,0.01,0.0,46.26,62.06,17.75,11.83,0.0
潞安环能,sh601699,16.31,16.31,16.31,74900.0,16.3,1200,16.31,1100,0.0,16.31,16.31,74900,1220000.0,0.0,0.0,487.9,487.9,17.94,14.68,0.0
争光股份,sz301092,47.59,48.25,47.59,15600.0,47.59,100,47.74,100,-1.37,47.59,47.59,15600,740000.0,0.03,0.0,29.02,64.03,57.9,38.6,0.0
集智股份,sz300553,47.58,47.76,47.58,17200.0,47.58,300,47.76,1000,-0.38,47.58,47.58,17200,820000.0,0.02,0.0,40.49,52.83,57.31,38.21,0.0
春立医疗,sh688236,15.05,15.0,15.05,243000.0,15.01,2500,15.05,3500,0.33,15.05,15.05,243000,40000.0,0.0,0.0,43.41,57.73,18.0,12.0,0.0
盛天网络,sz300494,8.62,8.67,8.62,20500.0,8.6,200,8.62,5600,-0.58,8.62,8.62,20500,180000.0,0.01,0.0,34.34,42.28,10.4,6.94,0.0
线上线下,sz300959,103.62,103.71,103.62,10800.0,103.62,800,103.71,1600,-0.09,103.62,103.62,10800,1120000.0,0.02,0.0,54.22,83.28,124.45,82.97,0.0
北矿科技,sh600980,19.6,19.65,19.6,5400.0,19.5,100,19.6,11600,-0.25,19.6,19.6,5400,110000.0,0.0,0.0,37.1,37.88,21.62,17.69,0.0
云南白药,sz000538,49.79,49.8,49.79,29100.0,49.79,3500,49.8,1700,-0.02,49.79,49.79,29100,1450000.0,0.0,0.0,882.74,888.38,54.78,44.82,0.0
力合微,sh688589,19.39,19.49,19.39,1467000.0,19.39,3100,19.48,200,-0.51,19.39,19.39,1467000,280000.0,0.01,0.0,28.18,28.18,23.39,15.59,0.0
中捷精工,sz301072,40.0,39.73,40.0,18600.0,39.6,400,40.0,900,0.68,40.0,40.0,18600,740000.0,0.03,0.0,26.86,42.02,47.68,31.78,0.0
凯盛科技,sh600552,19.24,19.24,19.24,313200.0,19.23,300,19.24,69900,0.0,19.24,19.24,313200,6030000.0,0.03,0.0,181.74,181.74,21.16,17.32,0.0
奥海科技,sz002993,41.0,40.9,41.0,20800.0,41.0,9200,41.04,6900,0.24,41.0,41.0,20800,850000.0,0.01,0.0,97.76,113.18,44.99,36.81,0.0
道道全,sz002852,7.84,7.88,7.84,58500.0,7.84,8200,7.87,1000,-0.51,7.84,7.84,58500,460000.0,0.02,0.0,22.41,26.97,8.67,7.09,0.0
华骐环保,sz300929,17.6,16.93,17.6,606700.0,17.6,8200,17.61,100,3.96,17.6,17.6,606700,10680000.0,0.48,0.0,22.06,23.26,20.32,13.54,0.0
全柴动力,sh600218,7.69,7.7,7.69,12700.0,7.67,2100,7.69,200,-0.13,7.69,7.69,12700,100000.0,0.0,0.0,33.5,33.5,8.47,6.93,0.0
兰生股份,sh600826,8.0,8.01,8.0,8900.0,8.0,8400,8.01,900,-0.12,8.0,8.0,8900,70000.0,0.0,0.0,57.93,57.93,8.81,7.21,0.0
中谷物流,sh603565,10.66,10.67,10.66,36800.0,10.66,12000,10.67,3600,-0.09,10.66,10.66,36800,390000.0,0.0,0.0,223.87,223.87,11.74,9.6,0.0
张  裕Ａ,sz000869,17.26,17.28,17.26,100.0,17.21,300,17.27,300,-0.12,17.26,17.26,100,0.0,0.0,0.0,78.55,113.44,19.01,15.55,0.0
千金药业,sh600479,9.98,9.98,9.98,25400.0,9.97,100,9.98,8300,0.0,9.98,9.98,25400,250000.0,0.01,0.0,41.77,49.12,10.98,8.98,0.0
中材国际,sh600970,7.85,7.87,7.85,19300.0,7.85,2500,7.87,3800,-0.25,7.85,7.85,19300,150000.0,0.0,0.0,205.81,205.81,8.66,7.08,0.0
中晶科技,sz003026,30.91,30.72,30.91,45800.0,30.8,1500,30.91,1000,0.62,30.91,30.91,45800,1420000.0,0.03,0.0,44.68,58.04,33.79,27.65,0.0
陕鼓动力,sh601369,8.99,8.98,8.99,76000.0,8.98,1600,8.99,700,0.11,8.99,8.99,76000,680000.0,0.0,0.0,153.39,154.94,9.88,8.08,0.0
凤凰传媒,sh601928,9.24,9.24,9.24,22100.0,9.23,2400,9.24,1100,0.0,9.24,9.24,22100,200000.0,0.0,0.0,235.15,235.15,10.16,8.32,0.0
摩恩电气,sz002451,7.5,7.45,7.5,14400.0,7.48,800,7.5,3700,0.67,7.5,7.5,14400,110000.0,0.0,0.0,32.94,33.05,8.2,6.71,0.0
盛帮股份,sz301233,33.68,33.94,33.68,5700.0,33.68,800,33.93,200,-0.77,33.68,33.68,5700,190000.0,0.01,0.0,13.26,24.17,40.73,27.15,0.0
宣泰医药,sh688247,10.56,10.66,10.56,11233600.0,10.53,500,10.56,21500,-0.94,10.56,10.56,11233600,1190000.0,0.02,0.0,47.87,47.87,12.79,8.53,0.0
中毅达,sh600610,7.19,7.13,7.19,88500.0,7.16,1700,7.19,100,0.84,7.19,7.19,88500,640000.0,0.01,0.0,50.96,77.02,7.84,6.42,0.0
亚光股份,sh603282,15.32,15.44,15.32,17500.0,15.32,2500,15.44,200,-0.78,15.32,15.32,17500,270000.0,0.01,0.0,20.5,20.5,16.98,13.9,0.0
雷赛智能,sz002979,61.68,61.75,61.68,68800.0,61.51,200,61.68,2900,-0.11,61.68,61.68,68800,4240000.0,0.03,0.0,137.41,194.93,67.93,55.58,0.0
正泰电源,sz002150,23.0,23.24,23.0,109300.0,23.0,2900,23.05,15200,-1.03,23.0,23.0,109300,2510000.0,0.03,0.0,82.46,83.0,25.56,20.92,0.0
金道科技,sz301279,21.73,21.72,21.73,2800.0,21.73,1000,21.79,100,0.05,21.73,21.73,2800,60000.0,0.0,0.0,28.36,36.62,26.06,17.38,0.0
浙江震元,sz000705,7.0,7.04,7.0,20000.0,7.0,6900,7.03,8100,-0.57,7.0,7.0,20000,140000.0,0.01,0.0,19.74,23.39,7.74,6.34,0.0
华能水电,sh600025,9.58,9.56,9.58,90500.0,9.57,3800,9.58,3900,0.21,9.58,9.58,90500,870000.0,0.0,0.0,1784.86,1784.86,10.52,8.6,0.0
国金证券,sh600109,8.65,8.68,8.65,74800.0,8.65,35400,8.66,100,-0.35,8.65,8.65,74800,650000.0,0.0,0.0,320.51,320.51,9.55,7.81,0.0
中国移动,sh600941,96.0,96.02,96.0,27700.0,96.0,1500,96.01,6200,-0.02,96.0,96.0,27700,2660000.0,0.0,0.0,866.66,20819.73,105.62,86.42,0.0
捷顺科技,sz002609,7.84,7.83,7.84,16400.0,7.81,1200,7.84,8800,0.13,7.84,7.84,16400,130000.0,0.0,0.0,35.97,50.45,8.61,7.05,0.0
大全能源,sh688303,18.29,18.61,18.29,25456600.0,18.29,10000,18.34,500,-1.72,18.29,18.29,25456600,4660000.0,0.01,0.0,390.02,390.02,22.33,14.89,0.0
安迪苏,sh600299,8.65,8.47,8.65,537000.0,8.64,5200,8.65,79100,2.13,8.65,8.65,537000,4650000.0,0.02,0.0,266.4,266.4,9.32,7.62,0.0
三鑫医疗,sz300453,9.98,10.0,9.98,26800.0,9.98,2700,9.99,10500,-0.2,9.98,9.98,26800,270000.0,0.01,0.0,35.91,52.1,12.0,8.0,0.0
济川药业,sh600566,24.2,24.25,24.2,23500.0,24.2,800,24.35,1100,-0.21,24.2,24.2,23500,570000.0,0.0,0.0,222.32,222.99,26.68,21.83,0.0
炼石航空,sz000697,8.65,8.71,8.65,9000.0,8.61,1500,8.65,3100,-0.69,8.65,8.65,9000,80000.0,0.0,0.0,56.49,120.76,9.58,7.84,0.0
大宏立,sz300865,25.82,25.93,25.82,17200.0,25.82,2500,25.88,200,-0.42,25.82,25.82,17200,440000.0,0.03,0.0,14.84,24.7,31.12,20.74,0.0
皖通科技,sz002331,7.03,7.03,7.03,7200.0,7.03,3100,7.05,5500,0.0,7.03,7.03,7200,50000.0,0.0,0.0,28.27,30.12,7.73,6.33,0.0
英威腾,sz002334,6.73,6.73,6.73,63900.0,6.72,1000,6.73,1900,0.0,6.73,6.73,63900,430000.0,0.01,0.0,49.47,55.19,7.4,6.06,0.0
华懋科技,sh603306,76.8,76.6,76.8,77200.0,76.61,5600,76.8,7100,0.26,76.8,76.8,77200,5930000.0,0.02,0.0,253.05,253.05,84.26,68.94,0.0
深天马Ａ,sz000050,6.66,6.69,6.66,66400.0,6.65,24600,6.66,1700,-0.45,6.66,6.66,66400,440000.0,0.0,0.0,162.22,162.22,7.36,6.02,0.0
光大证券,sh601788,14.64,14.66,14.64,19800.0,14.63,100,14.64,9000,-0.14,14.64,14.64,19800,290000.0,0.0,0.0,571.94,675.02,16.13,13.19,0.0
赛腾股份,sh603283,49.81,49.48,49.81,122800.0,49.81,11700,49.85,100,0.67,49.81,49.81,122800,6120000.0,0.03,0.0,175.59,175.59,54.43,44.53,0.0
奥浦迈,sh688293,66.5,66.5,66.5,1021400.0,66.12,400,66.5,3300,0.0,66.5,66.5,1021400,680000.0,0.01,0.0,77.92,94.56,79.8,53.2,0.0
中国核电,sh601985,8.77,8.77,8.77,152500.0,8.77,101100,8.78,176900,0.0,8.77,8.77,152500,1340000.0,0.0,0.0,1656.06,1803.81,9.65,7.89,0.0
世纪华通,sz002602,14.07,14.07,14.07,389400.0,14.06,500,14.07,78000,0.0,14.07,14.07,389400,5480000.0,0.01,0.0,956.31,1037.06,15.48,12.66,0.0
博隆技术,sh603325,54.01,54.0,54.01,100.0,54.01,2100,54.18,800,0.02,54.01,54.01,100,10000.0,0.0,0.0,18.46,43.21,59.4,48.6,0.0
环球印务,sz002799,6.83,6.85,6.83,6100.0,6.81,2000,6.83,200,-0.29,6.83,6.83,6100,40000.0,0.0,0.0,21.86,21.86,7.54,6.17,0.0
青达环保,sh688501,13.55,13.34,13.55,1642200.0,13.42,600,13.55,1300,1.57,13.55,13.55,1642200,220000.0,0.01,0.0,23.57,23.57,16.01,10.67,0.0
深南电A,sz000037,9.73,9.73,9.73,68300.0,9.69,13300,9.73,15800,0.0,9.73,9.73,68300,660000.0,0.02,0.0,32.98,58.65,10.7,8.76,0.0
浙江建投,sz002761,7.46,7.33,7.46,117700.0,7.46,300,7.47,2000,1.77,7.46,7.46,117700,880000.0,0.01,0.0,80.7,98.84,8.06,6.6,0.0
开普云,sh688228,81.23,81.72,81.23,571000.0,81.0,5000,81.23,500,-0.6,81.23,81.23,571000,460000.0,0.01,0.0,54.87,54.87,98.06,65.38,0.0
上海电气,sh601727,6.75,6.75,6.75,194000.0,6.74,5700,6.75,42300,0.0,6.75,6.75,194000,1310000.0,0.0,0.0,851.56,1048.96,7.43,6.08,0.0
时代万恒,sh600241,7.34,7.32,7.34,13700.0,7.34,2200,7.35,6800,0.27,7.34,7.34,13700,100000.0,0.0,0.0,21.6,21.6,8.05,6.59,0.0
通化东宝,sh600867,8.45,8.46,8.45,97800.0,8.44,44700,8.45,24800,-0.12,8.45,8.45,97800,830000.0,0.0,0.0,165.5,165.5,9.31,7.61,0.0
新恒汇,sz301678,46.88,47.26,46.88,15600.0,46.88,400,47.0,1200,-0.8,46.88,46.88,15600,730000.0,0.01,0.0,65.15,112.3,56.71,37.81,0.0
鼎捷数智,sz300378,35.9,36.19,35.9,11100.0,35.9,3200,36.0,1500,-0.8,35.9,35.9,11100,400000.0,0.0,0.0,96.76,97.49,43.43,28.95,0.0
豪迈科技,sz002595,53.8,53.73,53.8,7400.0,53.74,1300,53.8,3800,0.13,53.8,53.8,7400,400000.0,0.0,0.0,619.76,624.08,59.1,48.36,0.0
北京科锐,sz002350,15.35,15.35,15.35,19200.0,15.3,50000,15.35,1100,0.0,15.35,15.35,19200,290000.0,0.0,0.0,81.44,83.25,16.89,13.82,0.0
天富龙,sh603406,27.43,26.87,27.43,41400.0,27.43,3700,27.44,100,2.08,27.43,27.43,41400,1140000.0,0.07,0.0,16.11,109.72,29.56,24.18,0.0
华立股份,sh603038,16.42,16.25,16.42,24300.0,16.42,2700,16.45,10000,1.05,16.42,16.42,24300,400000.0,0.01,0.0,44.12,44.12,17.88,14.63,0.0
百合花,sh603823,81.9,78.09,81.9,395500.0,81.78,55500,81.9,6800,4.88,81.9,81.9,395500,32390000.0,0.09,0.0,341.01,341.01,85.9,70.28,0.0
诚志股份,sz000990,6.64,6.65,6.64,104600.0,6.62,57500,6.64,11800,-0.15,6.64,6.64,104600,690000.0,0.01,0.0,112.97,112.97,7.32,5.99,0.0
华西股份,sz000936,6.55,6.63,6.55,2609600.0,6.55,14200,6.56,26900,-1.21,6.55,6.55,2609600,17090000.0,0.29,0.0,58.03,58.03,7.29,5.97,0.0
陆家嘴,sh600663,9.41,9.45,9.41,99000.0,9.4,6000,9.41,3100,-0.42,9.41,9.41,99000,930000.0,0.0,0.0,370.23,473.81,10.4,8.51,0.0
贝斯特,sz300580,21.8,22.12,21.8,62400.0,21.8,600,21.82,2100,-1.45,21.8,21.8,62400,1360000.0,0.01,0.0,103.03,109.51,26.54,17.7,0.0
广信材料,sz300537,20.89,21.03,20.89,32900.0,20.89,800,20.96,1000,-0.67,20.89,20.89,32900,690000.0,0.02,0.0,31.7,43.29,25.24,16.82,0.0
黄山谷捷,sz301581,38.2,38.0,38.2,8900.0,38.04,6800,38.2,5200,0.53,38.2,38.2,8900,340000.0,0.02,0.0,16.16,30.56,45.6,30.4,0.0
福莱特,sh601865,10.69,10.66,10.69,131500.0,10.68,3600,10.69,21600,0.28,10.69,10.69,131500,1410000.0,0.01,0.0,203.22,250.45,11.73,9.59,0.0
果麦文化,sz301052,24.37,24.15,24.37,10100.0,24.17,100,24.37,400,0.91,24.37,24.37,10100,250000.0,0.01,0.0,19.55,24.12,28.98,19.32,0.0
高斯贝尔,sz002848,13.0,12.9,13.0,25500.0,12.9,10800,13.0,14400,0.78,13.0,13.0,25500,330000.0,0.02,0.0,21.5,21.73,14.19,11.61,0.0
鲍斯股份,sz300441,6.87,6.87,6.87,17000.0,6.87,900,6.88,2000,0.0,6.87,6.87,17000,120000.0,0.0,0.0,43.0,44.27,8.24,5.5,0.0
真兰仪表,sz301303,14.5,14.47,14.5,17100.0,14.5,4000,14.52,1100,0.21,14.5,14.5,17100,250000.0,0.02,0.0,14.82,59.28,17.36,11.58,0.0
军信股份,sz301109,13.54,13.54,13.54,2400.0,13.46,1000,13.54,1200,0.0,13.54,13.54,2400,30000.0,0.0,0.0,84.53,106.84,16.25,10.83,0.0
和泰机电,sz001225,44.86,44.85,44.86,2200.0,44.85,400,44.86,400,0.02,44.86,44.86,2200,100000.0,0.01,0.0,9.44,29.42,49.34,40.37,0.0
设研院,sz300732,6.23,6.24,6.23,26100.0,6.23,9200,6.24,100,-0.16,6.23,6.23,26100,160000.0,0.01,0.0,23.06,23.09,7.49,4.99,0.0
宁波联合,sh600051,6.32,6.32,6.32,22600.0,6.31,2200,6.32,3000,0.0,6.32,6.32,22600,140000.0,0.01,0.0,19.65,19.65,6.95,5.69,0.0
大亚圣象,sz000910,5.4,5.44,5.4,14000.0,5.4,14100,5.43,1800,-0.74,5.4,5.4,14000,80000.0,0.0,0.0,29.55,29.56,5.98,4.9,0.0
优宁维,sz301166,29.94,30.2,29.94,2200.0,29.94,1300,29.96,200,-0.86,29.94,29.94,2200,70000.0,0.0,0.0,16.89,25.8,36.24,24.16,0.0
亿嘉和,sh603666,26.32,26.16,26.32,3700.0,26.27,900,26.32,100,0.61,26.32,26.32,3700,100000.0,0.0,0.0,54.1,54.1,28.78,23.54,0.0
首药控股-U,sh688197,37.24,37.3,37.24,20000.0,37.0,1000,37.24,200,-0.16,37.24,37.24,20000,10000.0,0.0,0.0,23.84,55.38,44.76,29.84,0.0
长电科技,sh600584,85.69,85.85,85.69,1389100.0,85.68,1300,85.69,3100,-0.19,85.69,85.69,1389100,119030000.0,0.08,0.0,1533.35,1533.35,94.44,77.27,0.0
中远海特,sh600428,11.81,11.82,11.81,120800.0,11.8,11500,11.81,7200,-0.08,11.81,11.81,120800,1430000.0,0.01,0.0,253.52,324.06,13.0,10.64,0.0
安孚科技,sh603031,43.0,43.75,43.0,185500.0,43.0,2900,43.01,900,-1.71,43.0,43.0,185500,7980000.0,0.06,0.0,135.19,160.75,48.13,39.38,0.0
歌华有线,sh600037,6.97,7.0,6.97,40300.0,6.96,100,6.97,8300,-0.43,6.97,6.97,40300,280000.0,0.0,0.0,97.01,97.01,7.7,6.3,0.0
影石创新,sh688775,133.0,132.71,133.0,583400.0,133.0,500,133.01,1600,0.22,133.0,133.0,583400,780000.0,0.0,0.0,344.95,533.33,159.25,106.17,0.0
东兴证券,sh601198,13.66,13.68,13.66,42000.0,13.61,8200,13.66,9800,-0.15,13.66,13.66,42000,570000.0,0.0,0.0,441.55,441.55,15.05,12.31,0.0
锡业股份,sz000960,39.24,39.61,39.24,354700.0,39.23,15900,39.24,5000,-0.93,39.24,39.24,354700,13920000.0,0.02,0.0,645.67,645.67,43.57,35.65,0.0
津膜科技,sz300334,8.75,8.79,8.75,13600.0,8.69,3000,8.75,8900,-0.46,8.75,8.75,13600,120000.0,0.0,0.0,26.43,26.43,10.55,7.03,0.0
润邦股份,sz002483,5.63,5.57,5.63,307800.0,5.63,9100,5.64,1500,1.08,5.63,5.63,307800,1730000.0,0.03,0.0,49.84,49.91,6.13,5.01,0.0
罗普特,sh688619,15.45,15.54,15.45,614200.0,15.45,2600,15.5,10000,-0.58,15.45,15.45,614200,90000.0,0.0,0.0,28.65,28.65,18.65,12.43,0.0
青岛啤酒,sh600600,51.88,52.11,51.88,14900.0,51.88,15300,52.0,100,-0.44,51.88,51.88,14900,770000.0,0.0,0.0,367.89,707.74,57.32,46.9,0.0
财达证券,sh600906,6.64,6.63,6.64,106500.0,6.63,3200,6.64,24300,0.15,6.64,6.64,106500,710000.0,0.01,0.0,141.05,215.47,7.29,5.97,0.0
博硕科技,sz300951,74.31,75.1,74.31,74400.0,74.31,800,74.58,200,-1.05,74.31,74.31,74400,5530000.0,0.05,0.0,112.5,125.88,90.12,60.08,0.0
福斯达,sh603173,31.89,32.0,31.89,3100.0,31.82,100,31.89,400,-0.34,31.89,31.89,3100,100000.0,0.0,0.0,51.02,51.02,35.2,28.8,0.0
盛德鑫泰,sz300881,34.0,33.7,34.0,15600.0,33.97,600,34.0,200,0.89,34.0,34.0,15600,530000.0,0.03,0.0,19.52,37.4,40.44,26.96,0.0
哈投股份,sh600864,5.64,5.62,5.64,911200.0,5.64,106200,5.65,34800,0.36,5.64,5.64,911200,5140000.0,0.04,0.0,117.34,117.34,6.18,5.06,0.0
国投丰乐,sz000713,5.86,5.91,5.86,297000.0,5.85,23100,5.86,154600,-0.85,5.86,5.86,297000,1740000.0,0.05,0.0,35.98,46.78,6.5,5.32,0.0
禾望电气,sh603063,35.43,35.43,35.43,48400.0,35.37,200,35.43,5900,0.0,35.43,35.43,48400,1710000.0,0.01,0.0,163.77,164.45,38.97,31.89,0.0
四方新材,sh605122,11.3,11.3,11.3,12600.0,11.3,200,11.35,1200,0.0,11.3,11.3,12600,140000.0,0.01,0.0,19.48,19.48,12.43,10.17,0.0
湖南白银,sz002716,9.6,9.49,9.6,2539700.0,9.6,178300,9.61,11400,1.16,9.6,9.6,2539700,24380000.0,0.11,0.0,222.96,271.02,10.44,8.54,0.0
新朋股份,sz002328,7.45,7.47,7.45,51700.0,7.41,11000,7.45,900,-0.27,7.45,7.45,51700,390000.0,0.01,0.0,42.52,57.5,8.22,6.72,0.0
亚宝药业,sh600351,7.16,7.16,7.16,246400.0,7.15,1300,7.16,23500,0.0,7.16,7.16,246400,1760000.0,0.04,0.0,49.55,49.55,7.88,6.44,0.0
远信工业,sz301053,42.87,43.41,42.87,24100.0,42.86,700,42.88,2400,-1.24,42.87,42.87,24100,1030000.0,0.02,0.0,52.5,56.54,52.09,34.73,0.0
东来技术,sh688129,21.58,21.58,21.58,1593200.0,21.58,600,21.6,400,0.0,21.58,21.58,1593200,340000.0,0.01,0.0,26.0,26.0,25.9,17.26,0.0
物产环能,sh603071,12.68,12.0,12.68,384500.0,12.68,41000,12.69,400,5.67,12.68,12.68,384500,4880000.0,0.07,0.0,70.75,70.75,13.2,10.8,0.0
四川美丰,sz000731,6.04,6.03,6.04,178300.0,6.04,46400,6.05,6600,0.17,6.04,6.04,178300,1080000.0,0.03,0.0,33.15,33.15,6.63,5.43,0.0
利尔化学,sz002258,14.94,14.94,14.94,905300.0,14.94,13100,14.95,23300,0.0,14.94,14.94,905300,13530000.0,0.11,0.0,119.39,119.59,16.43,13.45,0.0
东土科技,sz300353,19.11,19.21,19.11,30700.0,19.11,1900,19.12,5000,-0.52,19.11,19.11,30700,590000.0,0.01,0.0,103.21,117.51,23.05,15.37,0.0
山西焦煤,sz000983,6.81,6.81,6.81,363100.0,6.81,26000,6.82,99300,0.0,6.81,6.81,363100,2470000.0,0.01,0.0,386.61,386.61,7.49,6.13,0.0
晨光生物,sz300138,11.08,11.13,11.08,20200.0,11.08,1100,11.12,5800,-0.45,11.08,11.08,20200,220000.0,0.01,0.0,44.13,53.53,13.36,8.9,0.0
佳电股份,sz000922,12.0,12.0,12.0,9200.0,11.97,300,12.0,16300,0.0,12.0,12.0,9200,110000.0,0.0,0.0,84.59,100.08,13.2,10.8,0.0
有友食品,sh603697,9.65,9.64,9.65,157300.0,9.64,5100,9.65,142100,0.1,9.65,9.65,157300,1520000.0,0.04,0.0,41.27,41.27,10.6,8.68,0.0
中航机载,sh600372,11.26,11.28,11.26,68300.0,11.25,21800,11.26,16400,-0.18,11.26,11.26,68300,770000.0,0.0,0.0,544.86,544.86,12.41,10.15,0.0
赛科希德,sh688338,31.1,31.07,31.1,770300.0,30.73,800,31.1,48600,0.1,31.1,31.1,770300,240000.0,0.01,0.0,33.01,33.01,37.28,24.86,0.0
ST金鸿顺,sh603922,13.3,13.23,13.3,13400.0,13.23,2200,13.3,900,0.53,13.3,13.3,13400,180000.0,0.01,0.0,23.83,23.83,14.55,11.91,0.0
森特股份,sh603098,10.36,10.39,10.36,41800.0,10.36,4200,10.39,700,-0.29,10.36,10.36,41800,430000.0,0.01,0.0,55.82,55.89,11.43,9.35,0.0
海特高新,sz002023,10.89,10.79,10.89,888900.0,10.88,10900,10.89,343700,0.93,10.89,10.89,888900,9680000.0,0.12,0.0,80.68,80.68,11.87,9.71,0.0
中创物流,sh603967,11.45,11.53,11.45,2500.0,11.42,10000,11.45,3200,-0.69,11.45,11.45,2500,30000.0,0.0,0.0,39.69,39.69,12.68,10.38,0.0
新相微,sh688593,32.3,32.47,32.3,1997000.0,32.3,3500,32.45,300,-0.52,32.3,32.3,1997000,650000.0,0.0,0.0,148.43,148.43,38.96,25.98,0.0
华润江中,sh600750,23.77,23.8,23.77,8400.0,23.77,400,23.78,600,-0.13,23.77,23.77,8400,200000.0,0.0,0.0,149.47,151.08,26.18,21.42,0.0
华建集团,sh600629,16.21,16.23,16.21,82200.0,16.21,300,16.23,6000,-0.12,16.21,16.21,82200,1330000.0,0.01,0.0,186.38,186.38,17.85,14.61,0.0
友车科技,sh688479,34.99,34.19,34.99,2139600.0,34.6,18200,34.99,11100,2.34,34.99,34.99,2139600,750000.0,0.02,0.0,30.27,70.44,41.03,27.35,0.0
皖维高新,sh600063,6.04,6.04,6.04,128100.0,6.03,4700,6.04,113800,0.0,6.04,6.04,128100,770000.0,0.01,0.0,124.97,124.97,6.64,5.44,0.0
鸿远电子,sh603267,52.89,53.04,52.89,21200.0,52.81,500,52.89,5700,-0.28,52.89,52.89,21200,1120000.0,0.01,0.0,122.22,122.22,58.34,47.74,0.0
国发股份,sh600538,5.17,5.09,5.17,74500.0,5.16,1600,5.17,12400,1.57,5.17,5.17,74500,390000.0,0.01,0.0,27.1,27.1,5.6,4.58,0.0
光弘科技,sz300735,21.43,21.19,21.43,175400.0,21.4,700,21.43,5800,1.13,21.43,21.43,175400,3760000.0,0.02,0.0,162.31,173.39,25.43,16.95,0.0
万丰股份,sh603172,17.95,17.85,17.95,5100.0,17.94,600,17.95,1200,0.56,17.95,17.95,5100,90000.0,0.0,0.0,23.94,23.94,19.64,16.07,0.0
容知日新,sh688768,43.63,43.99,0.0,0.0,43.63,3000,44.17,400,-0.82,0.0,0.0,0,0.0,0.0,0.0,38.07,38.39,52.79,35.19,0.0
奥瑞金,sz002701,4.76,4.76,4.76,65100.0,4.75,9000,4.76,5700,0.0,4.76,4.76,65100,310000.0,0.0,0.0,121.73,121.84,5.24,4.28,0.0
青岛双星,sz000599,4.81,4.83,4.81,7200.0,4.8,2500,4.81,2400,-0.41,4.81,4.81,7200,30000.0,0.0,0.0,39.29,117.51,5.31,4.35,0.0
方正科技,sh600601,12.92,12.99,12.92,572900.0,12.91,4200,12.92,29600,-0.54,12.92,12.92,572900,7400000.0,0.01,0.0,538.8,552.17,14.29,11.69,0.0
祥龙电业,sh600769,16.56,16.56,16.56,143000.0,16.56,23000,16.58,100,0.0,16.56,16.56,143000,2370000.0,0.04,0.0,62.1,62.1,18.22,14.9,0.0
江山股份,sh600389,18.89,18.92,18.89,96100.0,18.88,300,18.89,50900,-0.16,18.89,18.89,96100,1820000.0,0.02,0.0,81.35,81.35,20.81,17.03,0.0
佳发教育,sz300559,11.03,11.02,11.03,9000.0,11.0,5000,11.03,9700,0.09,11.03,11.03,9000,100000.0,0.0,0.0,34.32,44.07,13.22,8.82,0.0
深纺织Ａ,sz000045,10.05,10.06,10.05,10400.0,10.01,1000,10.05,8000,-0.1,10.05,10.05,10400,100000.0,0.0,0.0,45.93,50.91,11.07,9.05,0.0
太极股份,sz002368,14.33,14.36,14.33,73900.0,14.33,200,14.34,100,-0.21,14.33,14.33,73900,1060000.0,0.01,0.0,88.88,89.31,15.8,12.92,0.0
安道麦A,sz000553,5.52,5.5,5.52,97700.0,5.51,1000,5.52,5400,0.36,5.52,5.52,97700,540000.0,0.0,0.0,120.17,128.61,6.05,4.95,0.0
亚玛顿,sz002623,15.97,15.97,15.97,4300.0,15.97,500,15.98,500,0.0,15.97,15.97,4300,70000.0,0.0,0.0,30.76,30.83,17.57,14.37,0.0
国网英大,sh600517,4.96,4.97,4.96,8800.0,4.95,44700,4.96,20500,-0.2,4.96,4.96,8800,40000.0,0.0,0.0,283.63,283.63,5.47,4.47,0.0
传化智联,sz002010,4.73,4.76,4.73,24400.0,4.73,119200,4.75,9100,-0.63,4.73,4.73,24400,120000.0,0.0,0.0,130.42,130.74,5.24,4.28,0.0
胜蓝股份,sz300843,129.58,129.38,129.58,18300.0,129.52,400,129.58,200,0.15,129.58,129.58,18300,2370000.0,0.01,0.0,207.98,212.13,155.26,103.5,0.0
麦捷科技,sz300319,19.11,19.1,19.11,1599700.0,19.11,3900,19.12,4700,0.05,19.11,19.11,1599700,30570000.0,0.19,0.0,162.68,169.62,22.92,15.28,0.0
日丰股份,sz002953,10.66,9.69,10.66,1760700.0,10.66,64970600,0.0,0,10.01,10.66,10.66,1760700,18770000.0,0.65,0.0,28.92,52.4,10.66,8.72,0.0
开滦股份,sh600997,5.49,5.46,5.49,65800.0,5.46,2800,5.49,7000,0.55,5.49,5.49,65800,360000.0,0.0,0.0,87.17,87.17,6.01,4.91,0.0
雪天盐业,sh600929,5.28,5.3,5.28,75500.0,5.28,11500,5.29,1500,-0.38,5.28,5.28,75500,400000.0,0.0,0.0,86.6,86.6,5.83,4.77,0.0
今飞凯达,sz002863,4.8,4.99,4.8,2828900.0,4.8,177500,4.82,16100,-3.81,4.8,4.8,2828900,13580000.0,0.47,0.0,28.78,28.78,5.49,4.49,0.0
中新赛克,sz002912,19.68,19.66,19.68,11400.0,19.67,1300,19.7,7500,0.1,19.68,19.68,11400,220000.0,0.01,0.0,31.93,33.6,21.63,17.69,0.0
华昌化工,sz002274,5.8,5.81,5.8,33200.0,5.8,4500,5.81,48300,-0.17,5.8,5.8,33200,190000.0,0.0,0.0,54.4,55.24,6.39,5.23,0.0
天能重工,sz300569,4.87,4.88,4.87,17500.0,4.86,2100,4.87,12700,-0.2,4.87,4.87,17500,90000.0,0.0,0.0,49.66,49.81,5.86,3.9,0.0
国恩股份,sz002768,63.43,64.2,63.43,51200.0,63.43,4800,63.6,600,-1.2,63.43,63.43,51200,3250000.0,0.02,0.0,160.01,276.94,70.62,57.78,0.0
国电南瑞,sh600406,23.59,23.55,23.59,182600.0,23.59,8900,23.6,125700,0.17,23.59,23.59,182600,4310000.0,0.0,0.0,1889.13,1894.69,25.91,21.2,0.0
通化金马,sz000766,16.58,16.59,16.58,60300.0,16.58,1400,16.59,600,-0.06,16.58,16.58,60300,1000000.0,0.01,0.0,160.16,160.24,18.25,14.93,0.0
柏楚电子,sh688188,106.35,102.9,106.35,5008900.0,106.35,2600,106.4,200,3.35,106.35,106.35,5008900,5330000.0,0.01,0.0,431.31,431.31,123.48,82.32,0.0
巨星农牧,sh603477,14.77,14.76,14.77,29800.0,14.77,8700,14.78,700,0.07,14.77,14.77,29800,440000.0,0.01,0.0,75.34,77.24,16.24,13.28,0.0
康华生物,sz300841,51.63,48.71,51.63,105000.0,51.63,3800,51.65,700,5.99,51.63,51.63,105000,5420000.0,0.09,0.0,62.77,67.09,58.45,38.97,0.0
中国银行,sh601988,5.89,5.9,5.89,605800.0,5.89,29500,5.9,145700,-0.17,5.89,5.89,605800,3570000.0,0.0,0.0,12414.09,18978.31,6.49,5.31,0.0
老凤祥,sh600612,34.11,34.16,34.11,3800.0,34.11,2400,34.15,100,-0.15,34.11,34.11,3800,130000.0,0.0,0.0,108.17,178.44,37.58,30.74,0.0
晨光股份,sh603899,22.25,22.32,22.25,1500.0,22.22,200,22.25,400,-0.31,22.25,22.25,1500,30000.0,0.0,0.0,203.76,203.76,24.55,20.09,0.0
昂利康,sz002940,27.02,27.09,27.02,19500.0,27.02,800,27.05,1600,-0.26,27.02,27.02,19500,530000.0,0.01,0.0,50.06,54.51,29.8,24.38,0.0
中电环保,sz300172,4.63,4.66,4.63,52100.0,4.63,100,4.66,4000,-0.64,4.63,4.63,52100,240000.0,0.01,0.0,24.24,31.33,5.59,3.73,0.0
湘财股份,sh600095,8.05,8.07,8.05,55400.0,8.05,11500,8.06,800,-0.25,8.05,8.05,55400,450000.0,0.0,0.0,230.16,230.16,8.88,7.26,0.0
经纬股份,sz301390,31.2,31.2,31.2,1200.0,31.1,1100,31.2,500,0.0,31.2,31.2,1200,40000.0,0.0,0.0,15.31,18.72,37.44,24.96,0.0
依顿电子,sh603328,11.27,11.29,11.27,119500.0,11.27,900,11.28,25800,-0.18,11.27,11.27,119500,1350000.0,0.01,0.0,112.52,112.52,12.42,10.16,0.0
圣农发展,sz002299,16.15,16.21,16.15,46300.0,16.15,1300,16.16,2100,-0.37,16.15,16.15,46300,750000.0,0.0,0.0,196.8,200.71,17.83,14.59,0.0
朗迪集团,sh603726,25.45,25.13,25.45,69600.0,25.4,700,25.45,4600,1.27,25.45,25.45,69600,1770000.0,0.04,0.0,46.98,47.22,27.64,22.62,0.0
扬杰科技,sz300373,100.9,99.78,100.9,186100.0,100.88,1200,100.9,2000,1.12,100.9,100.9,186100,18780000.0,0.03,0.0,547.02,548.24,119.74,79.82,0.0
海天瑞声,sh688787,111.6,112.9,111.6,660000.0,111.6,100,111.87,1500,-1.15,111.6,111.6,660000,740000.0,0.01,0.0,67.32,67.32,135.48,90.32,0.0
贝肯能源,sz002828,12.26,12.2,12.26,82400.0,12.26,1200,12.27,2200,0.49,12.26,12.26,82400,1010000.0,0.04,0.0,24.64,24.64,13.42,10.98,0.0
中鼎股份,sz000887,20.99,20.95,20.99,712700.0,20.98,2500,20.99,1000,0.19,20.99,20.99,712700,14960000.0,0.05,0.0,275.89,276.33,23.05,18.86,0.0
市北高新,sh600604,4.86,4.82,4.86,369600.0,4.85,500,4.86,7900,0.83,4.86,4.86,369600,1800000.0,0.03,0.0,68.4,91.04,5.3,4.34,0.0
科远智慧,sz002380,29.53,29.42,29.53,17400.0,29.43,300,29.53,6500,0.37,29.53,29.53,17400,510000.0,0.01,0.0,41.99,70.87,32.36,26.48,0.0
精达股份,sh600577,8.28,8.25,8.28,157500.0,8.27,1000,8.28,14300,0.36,8.28,8.28,157500,1300000.0,0.01,0.0,184.79,184.79,9.08,7.43,0.0
莱宝高科,sz002106,10.69,10.7,10.69,142000.0,10.68,600,10.69,41900,-0.09,10.69,10.69,142000,1520000.0,0.02,0.0,75.35,75.45,11.77,9.63,0.0
海天味业,sh603288,35.42,35.42,35.42,39000.0,35.4,700,35.42,2000,0.0,35.42,35.42,39000,1380000.0,0.0,0.0,1969.29,2072.44,38.96,31.88,0.0
万年青,sz000789,4.12,4.12,4.12,20100.0,4.1,15400,4.13,2100,0.0,4.12,4.12,20100,80000.0,0.0,0.0,32.85,32.85,4.53,3.71,0.0
菲达环保,sh600526,4.49,4.51,4.49,47600.0,4.49,20400,4.51,100,-0.44,4.49,4.49,47600,210000.0,0.01,0.0,39.2,39.89,4.96,4.06,0.0
爱建集团,sh600643,3.94,3.96,3.94,37800.0,3.94,4600,3.95,9600,-0.51,3.94,3.94,37800,150000.0,0.0,0.0,62.66,62.77,4.36,3.56,0.0
伟星新材,sz002372,8.38,8.43,8.38,15900.0,8.38,900,8.39,1000,-0.59,8.38,8.38,15900,130000.0,0.0,0.0,123.2,133.41,9.27,7.59,0.0
嘉华股份,sh603182,12.97,13.01,12.97,10900.0,12.97,2400,12.98,300,-0.31,12.97,12.97,10900,140000.0,0.01,0.0,21.34,21.34,14.31,11.71,0.0
华利集团,sz300979,33.89,34.01,33.89,6300.0,33.83,10200,33.95,400,-0.35,33.89,33.89,6300,210000.0,0.0,0.0,395.49,395.5,40.81,27.21,0.0
豫园股份,sh600655,4.61,4.63,4.61,28600.0,4.61,4000,4.63,11700,-0.43,4.61,4.61,28600,130000.0,0.0,0.0,179.32,179.38,5.09,4.17,0.0
晶华微,sh688130,25.47,25.67,25.47,700000.0,25.47,300,25.65,900,-0.78,25.47,25.47,700000,180000.0,0.01,0.0,15.35,30.79,30.8,20.54,0.0
聚光科技,sz300203,13.03,13.08,13.03,21500.0,13.03,52800,13.08,800,-0.38,13.03,13.03,21500,280000.0,0.0,0.0,58.42,58.47,15.7,10.46,0.0
三联虹普,sz300384,12.21,12.32,12.21,25700.0,12.2,2400,12.21,10400,-0.89,12.21,12.21,25700,310000.0,0.01,0.0,26.88,38.95,14.78,9.86,0.0
伟隆股份,sz002871,17.65,17.72,17.65,9100.0,17.65,2700,17.72,500,-0.4,17.65,17.65,9100,160000.0,0.01,0.0,26.35,44.45,19.49,15.95,0.0
国电南自,sh600268,11.2,11.26,11.2,34500.0,11.19,6300,11.2,18800,-0.53,11.2,11.2,34500,390000.0,0.0,0.0,113.74,113.75,12.39,10.13,0.0
亚香股份,sz301220,28.28,28.17,28.28,6200.0,28.27,300,28.28,300,0.39,28.28,28.28,6200,180000.0,0.01,0.0,22.06,31.96,33.8,22.54,0.0
久祺股份,sz300994,11.42,11.35,11.42,6200.0,11.36,400,11.42,500,0.62,11.42,11.42,6200,70000.0,0.01,0.0,13.32,26.62,13.62,9.08,0.0
贵广网络,sh600996,6.82,6.82,6.82,25300.0,6.82,15900,6.83,8000,0.0,6.82,6.82,25300,170000.0,0.0,0.0,85.03,85.03,7.5,6.14,0.0
安联锐视,sz301042,35.06,35.22,35.06,26900.0,35.02,1100,35.06,2000,-0.45,35.06,35.06,26900,940000.0,0.03,0.0,32.34,33.93,42.26,28.18,0.0
诺 普 信,sz002215,8.97,9.0,8.97,55100.0,8.96,4900,8.97,19800,-0.33,8.97,8.97,55100,490000.0,0.01,0.0,72.48,90.08,9.9,8.1,0.0
欧派家居,sh603833,31.42,31.43,31.42,33600.0,31.42,200,31.43,5700,-0.03,31.42,31.42,33600,1060000.0,0.01,0.0,190.32,190.32,34.57,28.29,0.0
山西高速,sz000755,4.84,4.84,4.84,102700.0,4.84,35900,4.85,12200,0.0,4.84,4.84,102700,500000.0,0.01,0.0,71.02,71.02,5.32,4.36,0.0
江苏银行,sh600919,11.62,11.62,11.62,161200.0,11.61,600,11.62,43500,0.0,11.62,11.62,161200,1870000.0,0.0,0.0,2132.42,2132.42,12.78,10.46,0.0
东利机械,sz301298,12.9,12.91,12.9,8500.0,12.9,1200,12.91,1400,-0.08,12.9,12.9,8500,110000.0,0.01,0.0,13.96,18.94,15.49,10.33,0.0
武汉控股,sh600168,4.41,4.41,4.41,13500.0,4.4,2200,4.41,6600,0.0,4.41,4.41,13500,60000.0,0.0,0.0,43.81,43.81,4.85,3.97,0.0
瑞丰高材,sz300243,20.0,16.8,20.0,2395400.0,19.92,1000,20.0,218500,19.05,20.0,20.0,2395400,47910000.0,1.07,0.0,44.73,55.91,20.16,13.44,0.0
山煤国际,sh600546,13.1,13.07,13.1,29000.0,13.1,8800,13.11,800,0.23,13.1,13.1,29000,380000.0,0.0,0.0,259.7,259.7,14.38,11.76,0.0
中国联通,sh600050,4.32,4.32,4.32,384700.0,4.31,408800,4.32,221200,0.0,4.32,4.32,384700,1660000.0,0.0,0.0,1338.79,1350.62,4.75,3.89,0.0
兰剑智能,sh688557,22.1,22.06,22.1,408500.0,22.06,700,22.1,1300,0.18,22.1,22.1,408500,90000.0,0.0,0.0,32.78,32.78,26.47,17.65,0.0
外服控股,sh600662,4.26,4.28,4.26,18900.0,4.26,9000,4.27,2700,-0.47,4.26,4.26,18900,80000.0,0.0,0.0,96.99,97.27,4.71,3.85,0.0
甘化科工,sz000576,7.37,7.36,7.37,17000.0,7.32,500,7.37,3500,0.14,7.37,7.37,17000,130000.0,0.0,0.0,31.97,32.16,8.1,6.62,0.0
中国动力,sh600482,33.72,33.82,33.72,44200.0,33.7,400,33.72,4900,-0.3,33.72,33.72,44200,1490000.0,0.0,0.0,764.85,764.85,37.2,30.44,0.0
纳微科技,sh688690,45.09,45.2,45.09,3607300.0,45.05,600,45.09,3700,-0.24,45.09,45.09,3607300,1630000.0,0.01,0.0,182.08,182.08,54.24,36.16,0.0
海正药业,sh600267,14.23,14.37,14.23,624900.0,14.22,2000,14.23,2600,-0.97,14.23,14.23,624900,8890000.0,0.05,0.0,167.95,167.95,15.81,12.93,0.0
祥明智能,sz301226,31.36,31.21,31.36,11100.0,31.21,300,31.36,1100,0.48,31.36,31.36,11100,350000.0,0.01,0.0,34.12,34.12,37.45,24.97,0.0
康泰生物,sz300601,12.49,12.52,12.49,41000.0,12.48,1100,12.49,8100,-0.24,12.49,12.49,41000,510000.0,0.0,0.0,112.46,139.5,15.02,10.02,0.0
长芯博创,sz300548,220.63,219.0,220.63,164900.0,220.63,100,220.8,100,0.74,220.63,220.63,164900,36380000.0,0.06,0.0,649.11,650.43,262.8,175.2,0.0
永安药业,sz002365,14.5,14.14,14.5,627100.0,14.49,200,14.5,17500,2.55,14.5,14.5,627100,9090000.0,0.26,0.0,35.57,42.73,15.55,12.73,0.0
映翰通,sh688080,37.45,37.56,37.45,20000.0,37.29,200,37.45,200,-0.29,37.45,37.45,20000,10000.0,0.0,0.0,27.58,27.58,45.07,30.05,0.0
康隆达,sh603665,22.01,21.94,22.01,8900.0,22.0,2000,22.01,300,0.32,22.01,22.01,8900,200000.0,0.01,0.0,35.25,35.25,24.13,19.75,0.0
柳钢股份,sh601003,3.7,3.72,3.7,122800.0,3.7,28400,3.71,15200,-0.54,3.7,3.7,122800,450000.0,0.0,0.0,94.82,97.47,4.09,3.35,0.0
比音勒芬,sz002832,26.42,26.42,26.42,23400.0,26.42,1600,26.45,200,0.0,26.42,26.42,23400,620000.0,0.01,0.0,102.88,150.78,29.06,23.78,0.0
海信家电,sz000921,24.65,25.5,24.65,241000.0,24.65,25300,24.67,11000,-3.33,24.65,24.65,241000,5940000.0,0.03,0.0,227.71,341.37,28.05,22.95,0.0
中直股份,sh600038,26.84,26.86,26.84,5500.0,26.84,1800,26.85,4200,-0.07,26.84,26.84,5500,150000.0,0.0,0.0,179.54,220.06,29.55,24.17,0.0
春兰股份,sh600854,4.55,4.54,4.55,13300.0,4.54,1000,4.55,6400,0.22,4.55,4.55,13300,60000.0,0.0,0.0,23.64,23.64,4.99,4.09,0.0
冀东装备,sz000856,8.13,8.14,8.13,4400.0,8.13,700,8.14,4300,-0.12,8.13,8.13,4400,40000.0,0.0,0.0,18.46,18.46,8.95,7.33,0.0
威海广泰,sz002111,9.7,9.7,9.7,83900.0,9.7,2500,9.71,11200,0.0,9.7,9.7,83900,810000.0,0.02,0.0,47.41,51.61,10.67,8.73,0.0
浙农股份,sz002758,8.02,8.0,8.02,57500.0,8.01,200,8.02,8000,0.25,8.02,8.02,57500,460000.0,0.01,0.0,41.56,41.61,8.8,7.2,0.0
亚威股份,sz002559,10.16,10.17,10.16,98100.0,10.15,1000,10.16,26400,-0.1,10.16,10.16,98100,1000000.0,0.02,0.0,51.21,65.21,11.19,9.15,0.0
恒润股份,sh603985,18.58,18.68,18.58,70300.0,18.58,900,18.59,3200,-0.54,18.58,18.58,70300,1310000.0,0.02,0.0,81.91,81.91,20.55,16.81,0.0
通业科技,sz300960,16.56,16.5,16.56,7400.0,16.54,100,16.56,1500,0.36,16.56,16.56,7400,120000.0,0.01,0.0,21.79,24.04,19.8,13.2,0.0
新华医疗,sh600587,12.52,12.56,12.52,5400.0,12.51,800,12.52,8800,-0.32,12.52,12.52,5400,70000.0,0.0,0.0,75.95,75.95,13.82,11.3,0.0
苏文电能,sz300982,15.5,15.46,15.5,29600.0,15.4,500,15.5,3100,0.26,15.5,15.5,29600,460000.0,0.02,0.0,30.05,32.08,18.55,12.37,0.0
东江环保,sz002672,3.69,3.68,3.69,23300.0,3.68,7100,3.69,900,0.27,3.69,3.69,23300,90000.0,0.0,0.0,33.4,40.78,4.05,3.31,0.0
沪光股份,sh605333,16.99,16.96,16.99,9900.0,16.97,500,16.99,4100,0.18,16.99,16.99,9900,170000.0,0.0,0.0,78.84,78.84,18.66,15.26,0.0
老板电器,sz002508,15.58,15.63,15.58,2900.0,15.57,100,15.58,400,-0.32,15.58,15.58,2900,50000.0,0.0,0.0,145.45,147.22,17.19,14.07,0.0
华邦健康,sz002004,4.53,4.51,4.53,315900.0,4.52,14500,4.53,4800,0.44,4.53,4.53,315900,1430000.0,0.02,0.0,85.31,89.69,4.96,4.06,0.0
韶能股份,sz000601,6.46,6.46,6.46,78300.0,6.45,2000,6.46,10800,0.0,6.46,6.46,78300,510000.0,0.01,0.0,67.81,68.74,7.11,5.81,0.0
伊利股份,sh600887,25.26,25.23,25.26,192700.0,25.25,12300,25.26,15400,0.12,25.26,25.26,192700,4870000.0,0.0,0.0,1589.85,1597.79,27.75,22.71,0.0
征和工业,sz003033,71.0,71.0,71.0,76300.0,70.99,200,71.0,12700,0.0,71.0,71.0,76300,5420000.0,0.09,0.0,57.33,58.04,78.1,63.9,0.0
君正集团,sh601216,4.47,4.47,4.47,80400.0,4.47,38600,4.48,133600,0.0,4.47,4.47,80400,360000.0,0.0,0.0,377.18,377.18,4.92,4.02,0.0
华荣股份,sh603855,16.55,16.59,16.55,600.0,16.55,600,16.59,500,-0.24,16.55,16.55,600,10000.0,0.0,0.0,55.53,55.86,18.25,14.93,0.0
泰和新材,sz002254,13.0,12.99,13.0,121100.0,12.99,600,13.0,73500,0.08,13.0,13.0,121100,1570000.0,0.01,0.0,110.57,110.7,14.29,11.69,0.0
亚辉龙,sh688575,9.88,9.99,9.88,2399200.0,9.88,12500,9.9,2400,-1.1,9.88,9.88,2399200,240000.0,0.0,0.0,56.45,56.45,11.99,7.99,0.0
康缘药业,sh600557,12.75,12.79,12.75,12700.0,12.72,3000,12.75,2100,-0.31,12.75,12.75,12700,160000.0,0.0,0.0,72.19,72.19,14.07,11.51,0.0
晶赛科技,bj920981,32.17,31.52,0.0,0.0,32.17,22800,32.17,22800,2.06,0.0,0.0,0,0.0,0.0,0.0,12.37,24.6,40.97,22.07,0.0
浙海德曼,sh688577,44.15,44.16,44.15,220800.0,44.15,1200,44.25,3400,-0.02,44.15,44.15,220800,100000.0,0.0,0.0,68.78,68.78,52.99,35.33,0.0
西上海,sh605151,19.37,19.41,19.37,8000.0,19.31,2800,19.37,13600,-0.21,19.37,19.37,8000,150000.0,0.01,0.0,26.06,26.06,21.35,17.47,0.0
隆平高科,sz000998,8.33,8.38,8.33,327700.0,8.32,4600,8.33,1800,-0.6,8.33,8.33,327700,2730000.0,0.02,0.0,109.49,122.41,9.22,7.54,0.0
世纪天鸿,sz300654,10.4,10.45,10.4,19400.0,10.4,600,10.43,2200,-0.48,10.4,10.4,19400,200000.0,0.01,0.0,36.67,38.08,12.54,8.36,0.0
云天励飞-U,sh688343,62.1,62.39,62.1,1738900.0,62.1,6800,62.37,200,-0.46,62.1,62.1,1738900,1080000.0,0.0,0.0,223.31,223.31,74.87,49.91,0.0
启迪设计,sz300500,9.49,9.5,9.49,4800.0,9.39,5200,9.5,3000,-0.11,9.49,9.49,4800,50000.0,0.0,0.0,15.91,16.51,11.4,7.6,0.0
健友股份,sh603707,8.03,8.03,8.03,6000.0,8.01,16900,8.03,3000,0.0,8.03,8.03,6000,50000.0,0.0,0.0,129.74,129.74,8.83,7.23,0.0
东南网架,sz002135,6.26,6.26,6.26,18000.0,6.22,100,6.26,1100,0.0,6.26,6.26,18000,110000.0,0.0,0.0,65.35,69.83,6.89,5.63,0.0
亚华电子,sz301337,26.11,26.26,26.11,7700.0,26.11,1900,26.16,600,-0.57,26.11,26.11,7700,200000.0,0.01,0.0,26.61,27.21,31.51,21.01,0.0
新 希 望,sz000876,6.94,6.93,6.94,79200.0,6.93,31300,6.94,105700,0.14,6.94,6.94,79200,550000.0,0.0,0.0,312.3,312.49,7.62,6.24,0.0
丽臣实业,sz001218,24.94,24.95,24.94,13300.0,24.6,2000,24.95,700,-0.04,24.94,24.94,13300,330000.0,0.01,0.0,29.86,33.48,27.45,22.46,0.0
辰安科技,sz300523,20.02,20.06,20.02,3300.0,20.02,200,20.06,100,-0.2,20.02,20.02,3300,70000.0,0.0,0.0,46.57,46.57,24.07,16.05,0.0
东湖高新,sh600133,8.55,8.55,8.55,40000.0,8.55,6200,8.58,13000,0.0,8.55,8.55,40000,340000.0,0.0,0.0,91.16,91.16,9.41,7.7,0.0
天津港,sh600717,4.24,4.24,4.24,89500.0,4.23,96000,4.24,54800,0.0,4.24,4.24,89500,380000.0,0.0,0.0,122.71,122.71,4.66,3.82,0.0
民和股份,sz002234,7.6,7.63,7.6,13500.0,7.6,1000,7.65,4600,-0.39,7.6,7.6,13500,100000.0,0.0,0.0,22.91,26.52,8.39,6.87,0.0
金隅冀东,sz000401,3.55,3.55,3.55,5200.0,3.54,21200,3.55,31500,0.0,3.55,3.55,5200,20000.0,0.0,0.0,93.41,94.29,3.91,3.2,0.0
易普力,sz002096,9.28,9.31,9.28,6800.0,9.27,1200,9.28,2200,-0.32,9.28,9.28,6800,60000.0,0.0,0.0,115.11,115.11,10.24,8.38,0.0
联环药业,sh600513,18.34,18.52,18.34,126800.0,18.32,8600,18.34,700,-0.97,18.34,18.34,126800,2330000.0,0.04,0.0,52.35,52.35,20.37,16.67,0.0
迎驾贡酒,sh603198,39.48,39.4,39.48,47600.0,39.47,900,39.48,12100,0.2,39.48,39.48,47600,1880000.0,0.01,0.0,315.84,315.84,43.34,35.46,0.0
信达证券,sh601059,16.53,16.57,16.53,16200.0,16.53,20000,16.54,600,-0.24,16.53,16.53,16200,270000.0,0.0,0.0,536.07,536.07,18.23,14.91,0.0
重庆水务,sh601158,4.1,4.1,4.1,44700.0,4.1,21500,4.11,48000,0.0,4.1,4.1,44700,180000.0,0.0,0.0,196.8,196.8,4.51,3.69,0.0
迦南智能,sz300880,20.4,20.41,20.4,2900.0,20.29,500,20.4,3000,-0.05,20.4,20.4,2900,60000.0,0.0,0.0,39.81,39.81,24.49,16.33,0.0
豪森智能,sh688529,16.1,16.3,0.0,0.0,16.1,1500,16.3,300,-1.23,0.0,0.0,0,0.0,0.0,0.0,27.08,27.08,19.56,13.04,0.0
智洋创新,sh688191,23.5,23.7,23.5,1662700.0,23.3,600,23.5,2300,-0.84,23.5,23.5,1662700,390000.0,0.01,0.0,77.08,77.08,28.44,18.96,0.0
九强生物,sz300406,11.89,11.89,11.89,7400.0,11.89,1000,11.9,15800,0.0,11.89,11.89,7400,90000.0,0.0,0.0,50.45,69.69,14.27,9.51,0.0
宁波能源,sh600982,4.95,4.96,4.95,29800.0,4.94,25000,4.95,5900,-0.2,4.95,4.95,29800,150000.0,0.0,0.0,55.32,55.32,5.46,4.46,0.0
潍柴动力,sz000338,30.93,30.81,30.93,269900.0,30.91,100,30.93,47900,0.39,30.93,30.93,269900,8350000.0,0.01,0.0,1533.01,2672.42,33.89,27.73,0.0
涪陵榨菜,sz002507,11.31,11.34,11.31,44700.0,11.3,2100,11.31,800,-0.26,11.31,11.31,44700,510000.0,0.0,0.0,130.15,130.51,12.47,10.21,0.0
时创能源,sh688429,10.75,10.7,10.75,968600.0,10.72,2000,10.75,600,0.47,10.75,10.75,968600,100000.0,0.0,0.0,43.0,43.0,12.84,8.56,0.0
万兴科技,sz300624,55.56,55.64,55.56,17600.0,55.43,6300,55.56,400,-0.14,55.56,55.56,17600,980000.0,0.01,0.0,95.14,107.42,66.77,44.51,0.0
松芝股份,sz002454,5.06,5.05,5.06,17700.0,5.05,100,5.06,31200,0.2,5.06,5.06,17700,90000.0,0.0,0.0,44.39,44.48,5.56,4.55,0.0
中原证券,sh601375,4.09,4.1,4.09,111300.0,4.09,148700,4.1,229900,-0.24,4.09,4.09,111300,460000.0,0.0,0.0,141.0,189.89,4.51,3.69,0.0
养元饮品,sh603156,53.35,53.35,53.35,58500.0,53.35,5400,53.36,600,0.0,53.35,53.35,58500,3120000.0,0.0,0.0,672.36,672.36,58.69,48.02,0.0
华翔股份,sh603112,15.08,15.08,15.08,40900.0,15.08,4800,15.1,5100,0.0,15.08,15.08,40900,620000.0,0.01,0.0,80.62,81.43,16.59,13.57,0.0
精工钢构,sh600496,3.23,3.24,3.23,35800.0,3.23,20000,3.24,29600,-0.31,3.23,3.23,35800,120000.0,0.0,0.0,64.28,64.28,3.56,2.92,0.0
奥比中光-W,sh688322,113.14,113.0,113.14,4532600.0,113.13,300,113.14,7300,0.12,113.14,113.14,4532600,5130000.0,0.01,0.0,362.35,467.08,135.6,90.4,0.0
天味食品,sh603317,14.64,14.66,14.64,49400.0,14.64,13300,14.65,52000,-0.14,14.64,14.64,49400,720000.0,0.0,0.0,155.49,155.49,16.13,13.19,0.0
维信诺,sz002387,7.15,7.11,7.15,54300.0,7.13,1200,7.15,24400,0.56,7.15,7.15,54300,390000.0,0.0,0.0,99.74,99.87,7.82,6.4,0.0
华胜天成,sh600410,15.4,15.46,15.4,181000.0,15.39,1800,15.4,135700,-0.39,15.4,15.4,181000,2790000.0,0.02,0.0,168.86,168.86,17.01,13.91,0.0
上海建科,sh603153,13.21,13.21,13.21,6500.0,13.2,500,13.21,14600,0.0,13.21,13.21,6500,90000.0,0.0,0.0,53.34,54.14,14.53,11.89,0.0
海利尔,sh603639,10.54,10.56,10.54,1900.0,10.52,5900,10.54,2200,-0.19,10.54,10.54,1900,20000.0,0.0,0.0,35.82,36.85,11.62,9.5,0.0
北化股份,sz002246,21.01,21.09,21.01,25600.0,21.01,700,21.06,2000,-0.38,21.01,21.01,25600,540000.0,0.0,0.0,115.35,115.35,23.2,18.98,0.0
龙建股份,sh600853,3.3,3.3,3.3,30800.0,3.3,1500,3.31,26800,0.0,3.3,3.3,30800,100000.0,0.0,0.0,33.45,33.45,3.63,2.97,0.0
纽威股份,sh603699,53.27,53.89,53.27,16000.0,53.27,300,53.89,100,-1.15,53.27,53.27,16000,850000.0,0.0,0.0,403.86,412.99,59.28,48.5,0.0
泸天化,sz000912,3.65,3.67,3.65,32500.0,3.64,57000,3.65,17100,-0.54,3.65,3.65,32500,120000.0,0.0,0.0,57.23,57.23,4.04,3.3,0.0
雪峰科技,sh603227,7.84,7.75,7.84,108200.0,7.8,1300,7.84,3400,1.16,7.84,7.84,108200,850000.0,0.01,0.0,84.02,84.02,8.53,6.98,0.0
红塔证券,sh601236,6.91,6.93,6.91,5500.0,6.91,48100,6.92,1600,-0.29,6.91,6.91,5500,40000.0,0.0,0.0,324.3,324.3,7.62,6.24,0.0
金牌家居,sh603180,16.11,16.17,16.11,9900.0,16.11,3600,16.17,300,-0.37,16.11,16.11,9900,160000.0,0.01,0.0,24.85,24.85,17.79,14.55,0.0
基蛋生物,sh603387,9.34,9.39,9.34,15600.0,9.34,5200,9.37,400,-0.53,9.34,9.34,15600,150000.0,0.0,0.0,47.37,47.37,10.33,8.45,0.0
川网传媒,sz300987,13.59,13.59,13.59,10500.0,13.57,1500,13.59,6000,0.0,13.59,13.59,10500,140000.0,0.01,0.0,23.56,23.56,16.31,10.87,0.0
苏州龙杰,sh603332,11.45,11.28,11.45,68500.0,11.37,3300,11.45,2100,1.51,11.45,11.45,68500,780000.0,0.03,0.0,24.77,24.77,12.41,10.15,0.0
三态股份,sz301558,6.7,6.73,6.7,1200.0,6.7,6500,6.71,200,-0.45,6.7,6.7,1200,10000.0,0.0,0.0,14.71,52.85,8.08,5.38,0.0
成都路桥,sz002628,5.18,5.18,5.18,438700.0,5.17,30900,5.18,97100,0.0,5.18,5.18,438700,2270000.0,0.06,0.0,39.05,39.22,5.7,4.66,0.0
三峡能源,sh600905,3.72,3.72,3.72,176700.0,3.72,178500,3.73,2982000,0.0,3.72,3.72,176700,660000.0,0.0,0.0,1063.46,1063.46,4.09,3.35,0.0
先锋新材,sz300163,6.9,6.94,6.9,375300.0,6.89,3500,6.9,6400,-0.58,6.9,6.9,375300,2590000.0,0.08,0.0,31.51,32.71,8.33,5.55,0.0
中铁特货,sz001213,3.51,3.52,3.51,24500.0,3.51,35000,3.52,20600,-0.28,3.51,3.51,24500,90000.0,0.0,0.0,156.0,156.0,3.87,3.17,0.0
锌业股份,sz000751,5.2,5.14,5.2,712400.0,5.2,196200,5.21,8700,1.17,5.2,5.2,712400,3700000.0,0.04,0.0,84.01,84.01,5.65,4.63,0.0
西力科技,sh688616,11.01,11.03,11.01,689800.0,11.01,7200,11.03,3600,-0.18,11.01,11.01,689800,80000.0,0.0,0.0,19.75,19.75,13.24,8.82,0.0
博闻科技,sh600883,7.74,7.74,7.74,55200.0,7.73,1700,7.74,8000,0.0,7.74,7.74,55200,430000.0,0.02,0.0,18.27,18.27,8.51,6.97,0.0
老白干酒,sh600559,11.82,11.84,11.82,27700.0,11.82,20000,11.83,300,-0.17,11.82,11.82,27700,330000.0,0.0,0.0,108.12,108.12,13.02,10.66,0.0
格力博,sz301260,13.9,13.97,13.9,4300.0,13.9,4800,13.93,3200,-0.5,13.9,13.9,4300,60000.0,0.0,0.0,28.54,67.19,16.76,11.18,0.0
中集环科,sz301559,13.2,13.25,13.2,8900.0,13.2,30000,13.27,1500,-0.38,13.2,13.2,8900,120000.0,0.01,0.0,11.88,79.2,15.9,10.6,0.0
大北农,sz002385,3.07,3.07,3.07,906000.0,3.07,349000,3.08,207100,0.0,3.07,3.07,906000,2780000.0,0.03,0.0,109.46,131.41,3.38,2.76,0.0
恒力石化,sh600346,17.47,17.46,17.47,24800.0,17.47,10700,17.49,100,0.06,17.47,17.47,24800,430000.0,0.0,0.0,1229.73,1229.73,19.21,15.71,0.0
天通股份,sh600330,27.3,27.48,27.3,3233900.0,27.29,100,27.3,24100,-0.66,27.3,27.3,3233900,88290000.0,0.26,0.0,336.73,336.73,30.23,24.73,0.0
爱施德,sz002416,9.8,9.8,9.8,40700.0,9.79,200,9.8,1500,0.0,9.8,9.8,40700,400000.0,0.0,0.0,119.94,121.45,10.78,8.82,0.0
新炬网络,sh605398,20.95,21.0,20.95,4500.0,20.79,1300,20.95,100,-0.24,20.95,20.95,4500,90000.0,0.0,0.0,34.09,34.09,23.1,18.9,0.0
中辰股份,sz300933,6.61,6.65,6.61,13700.0,6.61,100,6.62,200,-0.6,6.61,6.61,13700,90000.0,0.0,0.0,36.16,36.16,7.98,5.32,0.0
浙版传媒,sh601921,7.48,7.49,7.48,93400.0,7.48,2300,7.49,29300,-0.13,7.48,7.48,93400,700000.0,0.0,0.0,166.22,166.22,8.24,6.74,0.0
*ST冀凯,sz002691,4.39,4.4,4.39,48000.0,4.39,53900,4.4,5000,-0.23,4.39,4.39,48000,210000.0,0.01,0.0,14.75,14.93,4.84,3.96,0.0
泽宇智能,sz301179,20.65,20.75,20.65,9100.0,20.56,200,20.65,6300,-0.48,20.65,20.65,9100,190000.0,0.0,0.0,49.04,83.51,24.9,16.6,0.0
瑞纳智能,sz301129,23.16,22.05,23.16,90200.0,23.16,1600,23.18,300,5.03,23.16,23.16,90200,2090000.0,0.13,0.0,15.63,31.47,26.46,17.64,0.0
健帆生物,sz300529,16.01,16.08,16.01,14900.0,16.01,1700,16.05,3500,-0.44,16.01,16.01,14900,240000.0,0.0,0.0,82.04,127.86,19.3,12.86,0.0
会通股份,sh688219,10.65,10.68,10.65,590000.0,10.65,1100,10.68,2000,-0.28,10.65,10.65,590000,60000.0,0.0,0.0,58.53,58.53,12.82,8.54,0.0
远大控股,sz000626,7.99,7.9,7.99,105600.0,7.97,2100,7.99,6100,1.14,7.99,7.99,105600,840000.0,0.02,0.0,40.29,40.48,8.69,7.11,0.0
未来电器,sz301386,20.86,20.92,20.86,12900.0,20.86,4200,20.92,800,-0.29,20.86,20.86,12900,270000.0,0.03,0.0,9.39,29.2,25.1,16.74,0.0
中孚信息,sz300659,10.33,10.39,10.33,12500.0,10.33,1700,10.37,2000,-0.58,10.33,10.33,12500,130000.0,0.01,0.0,19.55,26.9,12.47,8.31,0.0
今天国际,sz300532,7.04,7.07,7.04,1300.0,7.02,800,7.04,15500,-0.42,7.04,7.04,1300,10000.0,0.0,0.0,42.56,44.75,8.48,5.66,0.0
科前生物,sh688526,13.37,13.18,13.37,3254800.0,13.29,200,13.37,100,1.44,13.37,13.37,3254800,440000.0,0.01,0.0,62.32,62.32,15.82,10.54,0.0
东方环宇,sh603706,19.27,19.33,19.27,5300.0,19.26,3700,19.27,1500,-0.31,19.27,19.27,5300,100000.0,0.0,0.0,36.49,36.49,21.26,17.4,0.0
安博通,sh688168,39.75,40.09,39.75,1500200.0,39.75,7700,39.79,500,-0.85,39.75,39.75,1500200,600000.0,0.01,0.0,42.95,42.95,48.11,32.07,0.0
中化国际,sh600500,5.6,5.59,5.6,1211200.0,5.59,257500,5.6,40000,0.18,5.6,5.6,1211200,6780000.0,0.03,0.0,200.95,200.95,6.15,5.03,0.0
宏景科技,sz301396,220.0,227.48,220.0,200900.0,219.9,100,220.0,3200,-3.29,220.0,220.0,200900,44200000.0,0.14,0.0,311.31,472.83,272.98,181.98,0.0
当虹科技,sh688039,35.8,36.02,35.8,550000.0,35.8,500,36.01,200,-0.61,35.8,35.8,550000,200000.0,0.0,0.0,39.6,39.6,43.22,28.82,0.0
中粮资本,sz002423,8.95,8.98,8.95,11500.0,8.95,13800,8.96,900,-0.33,8.95,8.95,11500,100000.0,0.0,0.0,206.22,206.22,9.88,8.08,0.0
联测科技,sh688113,36.89,36.89,0.0,0.0,36.89,1000,36.99,200,0.0,0.0,0.0,0,0.0,0.0,0.0,23.76,23.76,44.27,29.51,0.0
大地熊,sh688077,28.8,27.85,28.8,4548900.0,28.3,500,28.8,49100,3.41,28.8,28.8,4548900,1310000.0,0.04,0.0,32.97,32.97,33.42,22.28,0.0
锦江航运,sh601083,11.19,11.18,11.19,24800.0,11.18,19900,11.19,800,0.09,11.19,11.19,24800,280000.0,0.01,0.0,21.72,144.81,12.3,10.06,0.0
山西焦化,sh600740,3.61,3.59,3.61,40700.0,3.6,12300,3.61,97600,0.56,3.61,3.61,40700,150000.0,0.0,0.0,92.49,92.49,3.95,3.23,0.0
上海机电,sh600835,19.18,19.21,19.18,13700.0,19.18,6800,19.2,2500,-0.16,19.18,19.18,13700,260000.0,0.0,0.0,154.69,193.2,21.13,17.29,0.0
牧原股份,sz002714,39.35,39.29,39.35,182300.0,39.33,1900,39.35,5100,0.15,39.35,39.35,182300,7170000.0,0.01,0.0,1290.88,2271.67,43.22,35.36,0.0
永泰运,sz001228,28.0,28.0,28.0,1600.0,27.58,200,28.0,900,0.0,28.0,28.0,1600,40000.0,0.0,0.0,22.36,29.08,30.8,25.2,0.0
凤竹纺织,sh600493,6.11,6.11,6.11,92700.0,6.1,37700,6.11,700,0.0,6.11,6.11,92700,570000.0,0.03,0.0,16.62,16.62,6.72,5.5,0.0
青木科技,sz301110,37.82,38.0,37.82,14100.0,37.82,100,37.85,300,-0.47,37.82,37.82,14100,530000.0,0.02,0.0,34.46,49.0,45.6,30.4,0.0
山水比德,sz300844,23.9,23.8,23.9,13700.0,23.87,200,23.9,300,0.42,23.9,23.9,13700,330000.0,0.02,0.0,21.47,22.28,28.56,19.04,0.0
中科软,sh603927,13.38,13.4,13.38,8900.0,13.36,500,13.38,14700,-0.15,13.38,13.38,8900,120000.0,0.0,0.0,111.19,111.19,14.74,12.06,0.0
可孚医疗,sz301087,50.98,50.99,50.98,7500.0,50.95,100,50.98,600,-0.02,50.98,50.98,7500,380000.0,0.0,0.0,98.9,120.26,61.19,40.79,0.0
四会富仕,sz300852,49.12,49.1,49.12,80600.0,49.12,6400,49.15,1100,0.04,49.12,49.12,80600,3960000.0,0.05,0.0,76.11,78.85,58.92,39.28,0.0
睿昂基因,sh688217,24.8,24.84,24.8,810000.0,24.51,500,24.8,1900,-0.16,24.8,24.8,810000,200000.0,0.01,0.0,13.85,13.85,29.81,19.87,0.0
*ST帅电,sh605336,11.0,10.97,11.0,11100.0,10.96,400,11.0,7100,0.27,11.0,11.0,11100,120000.0,0.01,0.0,20.18,20.18,12.07,9.87,0.0
益方生物-U,sh688382,21.59,21.7,21.59,8876200.0,21.59,1900,21.68,200,-0.51,21.59,21.59,8876200,1920000.0,0.02,0.0,125.13,125.13,26.04,17.36,0.0
蓝海华腾,sz300484,13.67,13.73,13.67,9800.0,13.67,500,13.68,100,-0.44,13.67,13.67,9800,130000.0,0.01,0.0,22.74,28.32,16.48,10.98,0.0
威高血净,sh603014,33.59,33.69,33.59,1100.0,33.59,4100,33.6,300,-0.3,33.59,33.59,1100,40000.0,0.0,0.0,34.09,140.32,37.06,30.32,0.0
长华集团,sh605018,13.03,13.06,13.03,4400.0,13.02,400,13.03,19200,-0.23,13.03,13.03,4400,60000.0,0.0,0.0,61.25,61.25,14.37,11.75,0.0
华康股份,sh605077,11.13,11.07,11.13,13400.0,11.07,11900,11.13,2900,0.54,11.13,11.13,13400,150000.0,0.0,0.0,33.33,33.73,12.18,9.96,0.0
沃森生物,sz300142,13.28,13.3,13.28,252400.0,13.27,16800,13.28,4600,-0.15,13.28,13.28,252400,3350000.0,0.02,0.0,209.54,212.39,15.96,10.64,0.0
新天绿能,sh600956,7.23,7.25,7.23,21900.0,7.23,5500,7.25,7000,-0.28,7.23,7.23,21900,160000.0,0.0,0.0,169.77,325.37,7.98,6.53,0.0
大港股份,sz002077,13.11,13.11,13.11,226100.0,13.11,28800,13.12,300,0.0,13.11,13.11,226100,2960000.0,0.04,0.0,76.08,76.08,14.42,11.8,0.0
华东医药,sz000963,29.47,29.44,29.47,110900.0,29.45,1700,29.47,7300,0.1,29.47,29.47,110900,3270000.0,0.01,0.0,516.61,516.83,32.38,26.5,0.0
洋河股份,sz002304,39.8,39.82,39.8,43600.0,39.8,5200,39.81,900,-0.05,39.8,39.8,43600,1740000.0,0.0,0.0,599.55,599.57,43.8,35.84,0.0
广东建工,sz002060,3.24,3.25,3.24,90700.0,3.23,231700,3.24,1400,-0.31,3.24,3.24,90700,290000.0,0.01,0.0,50.64,121.64,3.58,2.93,0.0
可立克,sz002782,16.36,16.38,16.36,13400.0,16.35,1000,16.36,12100,-0.12,16.36,16.36,13400,220000.0,0.0,0.0,80.15,81.12,18.02,14.74,0.0
华夏航空,sz002928,6.35,6.39,6.35,246000.0,6.34,27600,6.35,69900,-0.63,6.35,6.35,246000,1560000.0,0.02,0.0,81.17,81.17,7.03,5.75,0.0
中泰股份,sz300435,18.45,17.65,18.45,473700.0,18.45,33800,18.47,10000,4.53,18.45,18.45,473700,8740000.0,0.13,0.0,68.06,71.16,21.18,14.12,0.0
爱博医疗,sh688050,41.35,41.46,41.35,912400.0,41.35,1300,41.37,600,-0.27,41.35,41.35,912400,380000.0,0.0,0.0,79.99,79.99,49.75,33.17,0.0
康龙化成,sz300759,50.02,50.11,50.02,504300.0,50.02,15900,50.1,5500,-0.18,50.02,50.02,504300,25230000.0,0.04,0.0,710.3,919.01,60.13,40.09,0.0
龙腾光电,sh688055,3.99,3.99,3.99,8672900.0,3.97,8100,3.99,6900,0.0,3.99,3.99,8672900,350000.0,0.0,0.0,133.0,133.0,4.79,3.19,0.0
宝钢股份,sh600019,5.73,5.74,5.73,133100.0,5.72,119800,5.73,91700,-0.17,5.73,5.73,133100,760000.0,0.0,0.0,1227.03,1248.11,6.31,5.17,0.0
宇新股份,sz002986,13.52,13.41,13.52,17700.0,13.49,1100,13.52,1400,0.82,13.52,13.52,17700,240000.0,0.01,0.0,40.81,51.39,14.75,12.07,0.0
石化机械,sz000852,5.42,5.26,5.42,714600.0,5.41,109100,5.42,31400,3.04,5.42,5.42,714600,3870000.0,0.08,0.0,51.5,51.8,5.79,4.73,0.0
赛诺医疗,sh688108,19.21,19.21,19.21,4725500.0,19.21,9500,19.28,700,0.0,19.21,19.21,4725500,910000.0,0.01,0.0,80.29,80.29,23.05,15.37,0.0
强力新材,sz300429,11.08,11.08,11.08,104800.0,11.02,5500,11.08,5300,0.0,11.08,11.08,104800,1160000.0,0.03,0.0,46.29,61.54,13.3,8.86,0.0
红日药业,sz300026,3.62,3.64,3.62,772500.0,3.61,65600,3.62,26100,-0.55,3.62,3.62,772500,2800000.0,0.03,0.0,108.65,108.75,4.37,2.91,0.0
法兰泰克,sh603966,7.96,7.96,7.96,24400.0,7.92,200,7.96,400,0.0,7.96,7.96,24400,190000.0,0.0,0.0,41.37,41.42,8.76,7.16,0.0
永鼎股份,sh600105,42.59,42.5,42.59,628700.0,42.59,10800,42.6,6400,0.21,42.59,42.59,628700,26780000.0,0.04,0.0,622.66,622.66,46.75,38.25,0.0
正邦科技,sz002157,2.98,2.97,2.98,458200.0,2.97,1203800,2.98,750600,0.34,2.98,2.98,458200,1370000.0,0.01,0.0,232.07,275.65,3.27,2.67,0.0
新点软件,sh688232,18.81,18.77,18.81,210300.0,18.77,500,18.81,1500,0.21,18.81,18.81,210300,40000.0,0.0,0.0,60.56,60.56,22.52,15.02,0.0
泰禾股份,sz301665,23.38,23.52,23.38,2100.0,23.37,200,23.45,800,-0.6,23.38,23.38,2100,50000.0,0.0,0.0,24.35,105.21,28.22,18.82,0.0
秦港股份,sh601326,3.4,3.41,3.4,25600.0,3.39,101000,3.4,78300,-0.29,3.4,3.4,25600,90000.0,0.0,0.0,161.76,189.97,3.75,3.07,0.0
康力源,sz301287,41.7,41.99,41.7,21100.0,41.7,400,41.77,600,-0.69,41.7,41.7,21100,880000.0,0.12,0.0,7.1,27.8,50.39,33.59,0.0
锦鸡股份,sz300798,7.63,7.68,7.63,142700.0,7.62,45500,7.63,22400,-0.65,7.63,7.63,142700,1090000.0,0.04,0.0,30.96,37.63,9.22,6.14,0.0
华润三九,sz000999,24.24,24.4,24.24,40700.0,24.24,400,24.25,100,-0.66,24.24,24.24,40700,990000.0,0.0,0.0,403.04,403.41,26.84,21.96,0.0
深圳机场,sz000089,6.49,6.49,6.49,45500.0,6.48,10000,6.49,17300,0.0,6.49,6.49,45500,300000.0,0.0,0.0,133.09,133.09,7.14,5.84,0.0
向日葵,sz300111,3.15,3.14,3.15,101700.0,3.15,7700,3.16,89200,0.32,3.15,3.15,101700,320000.0,0.01,0.0,40.55,40.55,3.77,2.51,0.0
博迅生物,bj920504,18.06,18.07,18.06,2700.0,17.9,4300,18.06,11400,-0.06,18.06,18.06,2700,48000.0,0.02,0.0,3.09,7.83,23.49,12.65,0.0
TCL智家,sz002668,10.7,10.82,10.7,1727800.0,10.69,2600,10.7,62500,-1.11,10.7,10.7,1727800,18490000.0,0.16,0.0,116.0,116.0,11.9,9.74,0.0
龙江交通,sh601188,2.86,2.88,2.86,177900.0,2.86,212800,2.87,651000,-0.69,2.86,2.86,177900,510000.0,0.01,0.0,37.34,37.34,3.17,2.59,0.0
隆华新材,sz301149,8.02,8.0,8.02,8100.0,8.0,5000,8.02,2500,0.25,8.02,8.02,8100,60000.0,0.0,0.0,27.28,44.83,9.6,6.4,0.0
长联科技,sz301618,34.8,34.18,34.8,4400.0,34.25,400,34.8,200,1.81,34.8,34.8,4400,150000.0,0.01,0.0,16.76,43.95,41.02,27.34,0.0
ST八菱,sz002592,6.22,6.24,6.22,700.0,6.22,12000,6.25,200,-0.32,6.22,6.22,700,0.0,0.0,0.0,16.35,17.67,6.86,5.62,0.0
国盛智科,sh688558,33.78,33.86,33.78,422700.0,33.69,2000,33.78,300,-0.24,33.78,33.78,422700,140000.0,0.0,0.0,44.59,44.59,40.63,27.09,0.0
海看股份,sz301262,20.0,20.1,20.0,282300.0,20.0,1200,20.08,300,-0.5,20.0,20.0,282300,5650000.0,0.23,0.0,24.42,83.4,24.12,16.08,0.0
和晶科技,sz300279,5.84,5.84,5.84,18100.0,5.84,3600,5.85,600,0.0,5.84,5.84,18100,110000.0,0.0,0.0,28.44,28.56,7.01,4.67,0.0
安洁科技,sz002635,16.46,16.52,16.46,30500.0,16.45,2000,16.46,6000,-0.36,16.46,16.46,30500,500000.0,0.01,0.0,65.1,108.58,18.17,14.87,0.0
新铝时代,sz301613,39.61,39.65,39.61,3800.0,39.51,300,39.62,100,-0.1,39.61,39.61,3800,150000.0,0.0,0.0,33.23,56.98,47.58,31.72,0.0
瑞芯微,sh603893,207.27,211.51,207.27,142800.0,207.26,100,207.28,300,-2.0,207.27,207.27,142800,29600000.0,0.03,0.0,876.94,877.05,232.66,190.36,0.0
成都先导,sh688222,38.2,38.39,38.2,4649200.0,38.05,3100,38.2,40500,-0.49,38.2,38.2,4649200,1780000.0,0.01,0.0,153.06,153.06,46.07,30.71,0.0
长虹华意,sz000404,7.09,7.13,7.09,36600.0,7.08,2000,7.09,12400,-0.56,7.09,7.09,36600,260000.0,0.01,0.0,49.13,49.35,7.84,6.42,0.0
江苏索普,sh600746,6.62,6.62,6.62,23800.0,6.6,3100,6.62,15600,0.0,6.62,6.62,23800,160000.0,0.0,0.0,77.31,77.31,7.28,5.96,0.0
苏州规划,sz301505,16.6,16.66,16.6,4900.0,16.6,1100,16.64,300,-0.36,16.6,16.6,4900,80000.0,0.01,0.0,15.13,18.99,19.99,13.33,0.0
德新科技,sh603032,19.64,19.64,19.64,11900.0,19.64,13600,19.72,400,0.0,19.64,19.64,11900,230000.0,0.01,0.0,45.74,45.81,21.6,17.68,0.0
江苏有线,sh600959,3.07,3.08,3.07,60600.0,3.06,280200,3.07,6400,-0.32,3.07,3.07,60600,190000.0,0.0,0.0,153.52,153.52,3.39,2.77,0.0
安恒信息,sh688023,40.0,40.1,40.0,479000.0,39.65,2200,40.0,2100,-0.25,40.0,40.0,479000,190000.0,0.0,0.0,40.87,40.87,48.12,32.08,0.0
江天化学,sz300927,22.46,22.4,22.46,10000.0,22.46,100,22.57,2500,0.27,22.46,22.46,10000,220000.0,0.01,0.0,31.63,32.42,26.88,17.92,0.0
宏微科技,sh688711,26.95,27.11,26.95,7228400.0,26.85,2000,26.95,300,-0.59,26.95,26.95,7228400,1950000.0,0.03,0.0,58.41,58.41,32.53,21.69,0.0
东方雨虹,sz002271,11.46,11.47,11.46,130600.0,11.45,100,11.46,45800,-0.09,11.46,11.46,130600,1500000.0,0.01,0.0,219.4,273.75,12.62,10.32,0.0
龙迅股份,sh688486,46.8,46.92,46.8,1342500.0,46.8,1500,46.89,900,-0.26,46.8,46.8,1342500,630000.0,0.01,0.0,87.45,87.46,56.3,37.54,0.0
仟源医药,sz300254,9.38,9.05,9.38,291300.0,9.36,14900,9.38,5800,3.65,9.38,9.38,291300,2730000.0,0.13,0.0,21.32,24.13,10.86,7.24,0.0
联域股份,sz001326,63.86,62.31,63.86,2200.0,62.5,100,63.86,100,2.49,63.86,63.86,2200,140000.0,0.01,0.0,15.34,46.75,68.54,56.08,0.0
杭州热电,sh605011,17.1,17.1,17.1,5100.0,17.07,200,17.1,5300,0.0,17.1,17.1,5100,90000.0,0.0,0.0,68.42,68.42,18.81,15.39,0.0
华域汽车,sh600741,15.26,15.32,15.26,34500.0,15.26,8100,15.3,3800,-0.39,15.26,15.26,34500,530000.0,0.0,0.0,481.11,481.11,16.85,13.79,0.0
中诚咨询,bj920003,16.54,16.68,0.0,0.0,16.54,1200,16.67,2000,-0.84,0.0,0.0,0,0.0,0.0,0.0,3.22,14.99,21.68,11.68,0.0
贵州燃气,sh600903,6.29,6.31,6.29,55900.0,6.28,400,6.29,116200,-0.32,6.29,6.29,55900,350000.0,0.0,0.0,73.21,73.21,6.94,5.68,0.0
宁新新材,bj920719,7.68,7.71,7.68,6500.0,7.65,3000,7.68,23500,-0.39,7.68,7.68,6500,50100.0,0.01,0.0,5.71,7.15,10.02,5.4,0.0
神雾节能,sz000820,3.45,3.48,3.45,188900.0,3.44,1600,3.45,19900,-0.86,3.45,3.45,188900,650000.0,0.06,0.0,10.25,22.31,3.83,3.13,0.0
盛景微,sh603375,39.63,39.64,39.63,2200.0,39.59,1400,39.63,3900,-0.03,39.63,39.63,2200,90000.0,0.0,0.0,25.28,39.89,43.6,35.68,0.0
新光光电,sh688011,88.33,88.33,88.33,1072100.0,88.33,200,88.68,200,0.0,88.33,88.33,1072100,950000.0,0.01,0.0,87.59,87.89,106.0,70.66,0.0
福斯特,sh603806,15.64,15.64,15.64,61900.0,15.64,49000,15.68,200,0.0,15.64,15.64,61900,970000.0,0.0,0.0,408.01,408.01,17.2,14.08,0.0
中泰证券,sh600918,5.54,5.57,5.54,418200.0,5.53,65300,5.54,24700,-0.54,5.54,5.54,418200,2320000.0,0.01,0.0,252.78,438.68,6.13,5.01,0.0
蓝焰控股,sz000968,7.08,6.97,7.08,324400.0,7.08,25100,7.09,75500,1.58,7.08,7.08,324400,2300000.0,0.03,0.0,68.5,68.5,7.67,6.27,0.0
中国电信,sh601728,6.61,6.61,6.61,265300.0,6.61,70400,6.62,54300,0.0,6.61,6.61,265300,1750000.0,0.0,0.0,5131.33,6048.62,7.27,5.95,0.0
电工合金,sz300697,14.56,15.06,14.56,514100.0,14.56,2800,14.58,600,-3.32,14.56,14.56,514100,7490000.0,0.16,0.0,48.23,62.99,18.07,12.05,0.0
维科精密,sz301499,25.4,25.66,25.4,3000.0,25.39,100,25.4,4000,-1.01,25.4,25.4,3000,80000.0,0.0,0.0,35.12,35.12,30.79,20.53,0.0
地素时尚,sh603587,11.81,11.78,11.81,700.0,11.78,200,11.81,9400,0.25,11.81,11.81,700,10000.0,0.0,0.0,55.83,55.83,12.96,10.6,0.0
天合光能,sh688599,13.24,13.23,13.24,31505900.0,13.24,34300,13.25,5000,0.08,13.24,13.24,31505900,4170000.0,0.01,0.0,310.16,310.16,15.88,10.58,0.0
电投产融,sz000958,5.39,5.4,5.39,42000.0,5.39,52000,5.4,7400,-0.19,5.39,5.39,42000,230000.0,0.0,0.0,290.17,987.26,5.94,4.86,0.0
福日电子,sh600203,10.18,10.23,10.18,54600.0,10.18,6000,10.19,4100,-0.49,10.18,10.18,54600,560000.0,0.01,0.0,60.37,60.37,11.25,9.21,0.0
锦和商管,sh603682,12.0,12.01,12.0,273200.0,11.99,50500,12.0,10400,-0.08,12.0,12.0,273200,3280000.0,0.06,0.0,56.7,56.7,13.21,10.81,0.0
迈拓股份,sz301006,13.81,13.83,13.81,7400.0,13.81,3800,13.82,1100,-0.14,13.81,13.81,7400,100000.0,0.01,0.0,11.58,19.23,16.6,11.06,0.0
大庆华科,sz000985,15.8,15.75,15.8,9500.0,15.8,500,15.84,1400,0.32,15.8,15.8,9500,150000.0,0.01,0.0,20.48,20.48,17.33,14.18,0.0
安科瑞,sz300286,21.1,21.15,21.1,11600.0,21.1,1000,21.13,100,-0.24,21.1,21.1,11600,240000.0,0.01,0.0,43.84,52.92,25.38,16.92,0.0
甬矽电子,sh688362,72.86,73.91,72.86,17493600.0,72.86,3700,72.9,1100,-1.42,72.86,72.86,17493600,12750000.0,0.04,0.0,330.22,330.22,88.69,59.13,0.0
南微医学,sh688029,72.65,73.17,72.65,136800.0,72.65,800,72.9,1000,-0.71,72.65,72.65,136800,100000.0,0.0,0.0,136.47,136.47,87.8,58.54,0.0
恒通股份,sh603223,11.09,11.02,11.09,36300.0,11.09,2400,11.1,200,0.64,11.09,11.09,36300,400000.0,0.01,0.0,78.28,78.28,12.12,9.92,0.0
利民股份,sz002734,15.16,15.39,15.16,233900.0,15.16,1400,15.17,200,-1.49,15.16,15.16,233900,3550000.0,0.05,0.0,66.07,72.14,16.93,13.85,0.0
友发集团,sh601686,5.14,5.17,5.14,9500.0,5.14,2800,5.16,2500,-0.58,5.14,5.14,9500,50000.0,0.0,0.0,76.04,76.04,5.69,4.65,0.0
菲沃泰,sh688371,31.74,31.9,31.74,444700.0,31.63,300,31.74,300,-0.5,31.74,31.74,444700,140000.0,0.0,0.0,106.48,106.48,38.28,25.52,0.0
立昂技术,sz300603,8.7,8.79,8.7,292000.0,8.69,2300,8.7,17000,-1.02,8.7,8.7,292000,2540000.0,0.08,0.0,32.53,40.44,10.55,7.03,0.0
华明装备,sz002270,20.52,20.67,20.52,60400.0,20.52,8000,20.66,1000,-0.73,20.52,20.52,60400,1240000.0,0.01,0.0,183.9,183.91,22.74,18.6,0.0
朗科科技,sz300042,45.65,45.06,45.65,162200.0,45.65,3900,45.66,7700,1.31,45.65,45.65,162200,7400000.0,0.08,0.0,91.47,91.48,54.07,36.05,0.0
协和电子,sh605258,27.95,27.95,27.95,12100.0,27.94,400,27.95,300,0.0,27.95,27.95,12100,340000.0,0.01,0.0,24.6,24.6,30.75,25.16,0.0
易瑞生物,sz300942,6.86,6.86,6.86,5900.0,6.81,2000,6.86,3000,0.0,6.86,6.86,5900,40000.0,0.0,0.0,27.79,27.79,8.23,5.49,0.0
全志科技,sz300458,35.61,35.8,35.61,651600.0,35.61,13800,35.62,3000,-0.53,35.61,35.61,651600,23200000.0,0.08,0.0,289.94,353.83,42.96,28.64,0.0
华电新能,sh600930,4.05,4.06,4.05,1177500.0,4.05,137700,4.06,331200,-0.25,4.05,4.05,1177500,4770000.0,0.01,0.0,435.1,1689.43,4.47,3.65,0.0
智光电气,sz002169,13.43,13.44,13.43,47000.0,13.41,1400,13.43,12400,-0.07,13.43,13.43,47000,630000.0,0.01,0.0,101.89,105.12,14.78,12.1,0.0
博济医药,sz300404,16.81,17.6,16.81,1605600.0,16.8,8200,16.81,6100,-4.49,16.81,16.81,1605600,26990000.0,0.56,0.0,48.0,64.84,21.12,14.08,0.0
百通能源,sz001376,11.28,11.38,11.28,38700.0,11.28,3300,11.32,700,-0.88,11.28,11.28,38700,440000.0,0.02,0.0,24.14,51.99,12.52,10.24,0.0
常友科技,sz301557,86.0,86.55,86.0,800.0,86.0,100,86.55,1100,-0.64,86.0,86.0,800,70000.0,0.0,0.0,21.39,53.35,103.86,69.24,0.0
华研精机,sz301138,28.01,27.77,28.01,46400.0,27.97,100,28.01,2400,0.86,28.01,28.01,46400,1300000.0,0.07,0.0,19.2,33.61,33.32,22.22,0.0
中农联合,sz003042,13.47,13.52,13.47,9500.0,13.47,17500,13.48,700,-0.37,13.47,13.47,9500,130000.0,0.01,0.0,16.61,19.19,14.87,12.17,0.0
青农商行,sz002958,2.92,2.93,2.92,87800.0,2.91,1153900,2.92,3200,-0.34,2.92,2.92,87800,260000.0,0.0,0.0,158.84,162.22,3.22,2.64,0.0
恒源煤电,sh600971,8.26,8.27,8.26,17100.0,8.24,500,8.26,4500,-0.12,8.26,8.26,17100,140000.0,0.0,0.0,99.12,99.12,9.1,7.44,0.0
劲旅环境,sz001230,22.9,22.73,22.9,116500.0,22.9,17600,22.94,1000,0.75,22.9,22.9,116500,2670000.0,0.11,0.0,25.19,43.0,25.0,20.46,0.0
华西证券,sz002926,8.44,8.42,8.44,73100.0,8.42,60500,8.44,57000,0.24,8.44,8.44,73100,620000.0,0.0,0.0,221.55,221.55,9.26,7.58,0.0
博瑞医药,sh688166,39.5,39.55,39.5,6042300.0,39.38,500,39.5,2500,-0.13,39.5,39.5,6042300,2390000.0,0.01,0.0,172.14,172.14,47.46,31.64,0.0
海特生物,sz300683,30.3,30.35,30.3,14400.0,30.06,2700,30.3,3900,-0.16,30.3,30.3,14400,440000.0,0.01,0.0,36.99,39.66,36.42,24.28,0.0
上汽集团,sh600104,10.04,10.07,10.04,98000.0,10.04,2100,10.05,86000,-0.3,10.04,10.04,98000,980000.0,0.0,0.0,1154.13,1154.13,11.08,9.06,0.0
北新建材,sz000786,18.34,18.31,18.34,50100.0,18.32,2500,18.34,27400,0.16,18.34,18.34,50100,920000.0,0.0,0.0,309.86,312.19,20.14,16.48,0.0
华民股份,sz300345,8.86,8.9,8.86,2666000.0,8.86,168000,8.88,4800,-0.45,8.86,8.86,2666000,23620000.0,0.55,0.0,42.57,51.51,10.68,7.12,0.0
中兴通讯,sz000063,35.77,36.02,35.77,746600.0,35.76,8400,35.77,1200,-0.69,35.77,35.77,746600,26710000.0,0.02,0.0,1440.68,1711.07,39.62,32.42,0.0
视觉中国,sz000681,18.15,18.18,18.15,83900.0,18.15,1900,18.16,2300,-0.17,18.15,18.15,83900,1520000.0,0.01,0.0,122.72,127.15,20.0,16.36,0.0
驱动力,bj920275,6.5,6.55,6.5,7900.0,6.5,1100,6.55,13000,-0.76,6.5,6.5,7900,51500.0,0.01,0.0,8.57,10.36,8.51,4.59,0.0
新华传媒,sh600825,5.06,5.07,5.06,13000.0,5.05,10500,5.06,4100,-0.2,5.06,5.06,13000,70000.0,0.0,0.0,52.87,52.87,5.58,4.56,0.0
迪普科技,sz300768,16.03,16.22,16.03,182700.0,16.02,1000,16.2,400,-1.17,16.03,16.03,182700,2930000.0,0.04,0.0,67.43,103.21,19.46,12.98,0.0
同力天启,sh605286,30.0,30.15,30.0,149100.0,29.99,400,30.0,400,-0.5,30.0,30.0,149100,4470000.0,0.09,0.0,50.4,50.4,33.17,27.14,0.0
仙坛股份,sz002746,6.13,6.16,6.13,43400.0,6.13,5900,6.15,100,-0.49,6.13,6.13,43400,270000.0,0.01,0.0,43.5,52.75,6.78,5.54,0.0
三峡新材,sh600293,2.86,2.84,2.86,82400.0,2.85,40300,2.86,26300,0.7,2.86,2.86,82400,240000.0,0.01,0.0,33.18,33.18,3.12,2.56,0.0
钒钛股份,sz000629,3.08,3.09,3.08,236200.0,3.07,505800,3.08,387400,-0.32,3.08,3.08,236200,730000.0,0.0,0.0,286.15,286.16,3.4,2.78,0.0
光云科技,sh688365,15.91,16.01,15.91,4081000.0,15.91,6300,16.07,3000,-0.62,15.91,15.91,4081000,650000.0,0.01,0.0,67.82,67.82,19.21,12.81,0.0
大唐药业,bj920433,5.07,5.06,5.07,2500.0,5.07,1400,5.1,7000,0.2,5.07,5.07,2500,12900.0,0.0,0.0,8.58,12.98,6.57,3.55,0.0
金迪克,sh688670,16.33,16.25,16.33,270000.0,16.27,1800,16.33,1200,0.49,16.33,16.33,270000,40000.0,0.0,0.0,20.12,20.12,19.5,13.0,0.0
志邦家居,sh603801,5.9,5.9,5.9,16100.0,5.9,3900,5.91,12000,0.0,5.9,5.9,16100,90000.0,0.0,0.0,25.63,25.63,6.49,5.31,0.0
思维列控,sh603508,21.6,21.64,21.6,14300.0,21.59,200,21.6,7300,-0.18,21.6,21.6,14300,310000.0,0.0,0.0,82.36,82.36,23.8,19.48,0.0
广深铁路,sh601333,2.92,2.92,2.92,79200.0,2.91,460200,2.92,250100,0.0,2.92,2.92,79200,230000.0,0.0,0.0,165.05,206.84,3.21,2.63,0.0
普源精电,sh688337,47.01,46.54,47.01,3385300.0,47.01,700,47.08,7300,1.01,47.01,47.01,3385300,1590000.0,0.02,0.0,87.4,102.8,55.85,37.23,0.0
招商南油,sh601975,3.65,3.67,3.65,630200.0,3.65,371300,3.66,52300,-0.54,3.65,3.65,630200,2300000.0,0.01,0.0,170.83,170.83,4.04,3.3,0.0
万邦医药,sz301520,83.5,85.06,83.5,148200.0,83.5,1800,83.61,300,-1.83,83.5,83.5,148200,12370000.0,0.45,0.0,27.3,77.8,102.07,68.05,0.0
瑜欣电子,sz301107,20.74,20.78,20.74,6600.0,20.74,2700,20.8,100,-0.19,20.74,20.74,6600,140000.0,0.01,0.0,16.83,29.49,24.94,16.62,0.0
国检集团,sh603060,5.48,5.49,5.48,4200.0,5.47,4000,5.48,7300,-0.18,5.48,5.48,4200,20000.0,0.0,0.0,44.06,44.06,6.04,4.94,0.0
汉邦科技,sh688755,27.8,28.0,0.0,0.0,27.8,900,28.25,600,-0.71,0.0,0.0,0,0.0,0.0,0.0,22.2,31.8,33.6,22.4,0.0
建科智能,sz300823,15.29,15.22,15.29,8400.0,15.25,800,15.29,300,0.46,15.29,15.29,8400,130000.0,0.01,0.0,12.96,20.03,18.26,12.18,0.0
浙江东方,sh600120,5.06,5.05,5.06,633900.0,5.05,82400,5.06,27100,0.2,5.06,5.06,633900,3210000.0,0.02,0.0,172.82,172.82,5.56,4.55,0.0
金一文化,sz002721,2.67,2.69,2.67,1036100.0,2.66,473900,2.67,114300,-0.74,2.67,2.67,1036100,2770000.0,0.04,0.0,71.01,71.01,2.96,2.42,0.0
佛山照明,sz000541,4.97,4.98,4.97,64700.0,4.96,19500,4.97,21400,-0.2,4.97,4.97,64700,320000.0,0.01,0.0,61.16,76.33,5.48,4.48,0.0
瑞可达,sh688800,66.12,65.88,66.12,1648500.0,66.12,300,66.22,1500,0.36,66.12,66.12,1648500,1090000.0,0.01,0.0,190.68,190.68,79.06,52.7,0.0
恒拓开源,bj920415,8.88,8.89,8.88,6400.0,8.88,1400,8.89,25300,-0.11,8.88,8.88,6400,56800.0,0.01,0.0,9.61,12.48,11.55,6.23,0.0
伯特利,sh603596,26.02,26.15,26.02,19600.0,26.02,5300,26.03,200,-0.5,26.02,26.02,19600,510000.0,0.0,0.0,233.57,233.57,28.77,23.54,0.0
彩讯股份,sz300634,21.31,21.3,21.31,262900.0,21.31,1100,21.32,2100,0.05,21.31,21.31,262900,5600000.0,0.06,0.0,92.54,96.15,25.56,17.04,0.0
日照港,sh600017,2.66,2.67,2.66,24700.0,2.66,253500,2.67,429900,-0.37,2.66,2.66,24700,70000.0,0.0,0.0,81.81,81.81,2.94,2.4,0.0
上海能源,sh600508,8.58,8.65,8.58,9700.0,8.58,6100,8.63,600,-0.81,8.58,8.58,9700,80000.0,0.0,0.0,86.81,86.81,9.52,7.79,0.0
纽威数控,sh688697,14.98,15.05,14.98,2481700.0,14.97,800,14.98,4500,-0.47,14.98,14.98,2481700,370000.0,0.0,0.0,95.91,95.91,18.06,12.04,0.0
华银电力,sh600744,6.84,6.89,6.84,477800.0,6.83,6600,6.84,97700,-0.73,6.84,6.84,477800,3270000.0,0.02,0.0,138.93,138.93,7.58,6.2,0.0
立霸股份,sh603519,15.38,15.42,15.38,15200.0,15.38,2300,15.39,1500,-0.26,15.38,15.38,15200,230000.0,0.01,0.0,40.96,40.96,16.96,13.88,0.0
节能风电,sh601016,3.48,3.5,3.48,316700.0,3.47,193600,3.48,212100,-0.57,3.48,3.48,316700,1100000.0,0.01,0.0,210.13,227.75,3.85,3.15,0.0
新天然气,sh603393,23.95,23.74,23.95,36900.0,23.95,2300,23.96,900,0.88,23.95,23.95,36900,880000.0,0.01,0.0,101.53,101.53,26.11,21.37,0.0
冠农股份,sh600251,9.89,9.91,9.89,44200.0,9.86,8100,9.89,21000,-0.2,9.89,9.89,44200,440000.0,0.01,0.0,76.84,76.84,10.9,8.92,0.0
隆利科技,sz300752,10.94,10.95,10.94,40000.0,10.94,6000,10.95,100,-0.09,10.94,10.94,40000,440000.0,0.02,0.0,24.42,35.32,13.14,8.76,0.0
江苏新能,sh603693,11.68,11.79,11.68,21000.0,11.65,4000,11.68,100,-0.93,11.68,11.68,21000,250000.0,0.0,0.0,104.12,104.12,12.97,10.61,0.0
兰花科创,sh600123,7.25,7.26,7.25,29700.0,7.21,300,7.25,110800,-0.14,7.25,7.25,29700,220000.0,0.0,0.0,106.81,106.81,7.99,6.53,0.0
大连电瓷,sz002606,14.75,14.76,14.75,62500.0,14.72,100,14.75,3200,-0.07,14.75,14.75,62500,920000.0,0.01,0.0,62.15,64.76,16.24,13.28,0.0
怡球资源,sh601388,3.36,3.37,3.36,104600.0,3.36,6200,3.37,80100,-0.3,3.36,3.36,104600,350000.0,0.0,0.0,73.96,73.96,3.71,3.03,0.0
哈空调,sh600202,5.05,5.05,5.05,28400.0,5.04,10000,5.05,39700,0.0,5.05,5.05,28400,140000.0,0.01,0.0,19.36,19.36,5.56,4.55,0.0
牧高笛,sh603908,19.13,19.16,19.13,10400.0,19.13,1000,19.16,3400,-0.16,19.13,19.13,10400,200000.0,0.01,0.0,17.82,17.82,21.08,17.24,0.0
炜冈科技,sz001256,26.36,26.46,26.36,4800.0,26.36,1900,26.39,100,-0.38,26.36,26.36,4800,130000.0,0.0,0.0,28.18,37.59,29.11,23.81,0.0
天智航-U,sh688277,16.44,16.45,16.44,312000.0,16.41,300,16.44,3300,-0.06,16.44,16.44,312000,50000.0,0.0,0.0,76.68,76.68,19.74,13.16,0.0
诺邦股份,sh603238,12.48,12.42,12.48,23500.0,12.46,200,12.48,6400,0.48,12.48,12.48,23500,290000.0,0.01,0.0,22.15,22.15,13.66,11.18,0.0
达仁堂,sh600329,35.98,36.16,35.98,7500.0,35.98,1300,36.16,5400,-0.5,35.98,35.98,7500,270000.0,0.0,0.0,204.04,277.08,39.78,32.54,0.0
福田汽车,sh600166,2.9,2.91,2.9,155500.0,2.9,241400,2.91,135100,-0.34,2.9,2.9,155500,450000.0,0.0,0.0,229.6,229.6,3.2,2.62,0.0
美农生物,sz301156,11.79,11.75,11.79,24100.0,11.76,1000,11.79,2100,0.34,11.79,11.79,24100,280000.0,0.02,0.0,13.95,21.71,14.1,9.4,0.0
美瑞新材,sz300848,13.06,13.07,13.06,15000.0,13.05,700,13.06,600,-0.08,13.06,13.06,15000,200000.0,0.01,0.0,33.06,55.88,15.68,10.46,0.0
太湖远大,bj920118,20.23,20.43,20.23,10100.0,20.22,4100,20.23,1200,-0.98,20.23,20.23,10100,203400.0,0.03,0.0,6.34,10.46,26.55,14.31,0.0
康希诺,sh688185,57.79,57.94,57.79,399700.0,57.6,200,57.79,400,-0.26,57.79,57.79,399700,230000.0,0.0,0.0,66.1,142.77,69.53,46.35,0.0
ST华扬,sh603825,8.1,8.15,8.1,34700.0,8.1,102500,8.15,8000,-0.61,8.1,8.1,34700,280000.0,0.01,0.0,20.52,20.52,8.97,7.34,0.0
我武生物,sz300357,25.3,25.34,25.3,5600.0,25.3,11900,25.34,300,-0.16,25.3,25.3,5600,140000.0,0.0,0.0,122.43,132.47,30.41,20.27,0.0
中粮科技,sz000930,4.8,4.81,4.8,207500.0,4.8,18800,4.81,58800,-0.21,4.8,4.8,207500,1000000.0,0.01,0.0,89.1,89.11,5.29,4.33,0.0
仁和药业,sz000650,5.46,5.47,5.46,60100.0,5.46,1800,5.47,33500,-0.18,5.46,5.46,60100,330000.0,0.0,0.0,72.69,76.44,6.02,4.92,0.0
锐科激光,sz300747,37.66,37.66,37.66,104300.0,37.61,500,37.66,400,0.0,37.66,37.66,104300,3930000.0,0.02,0.0,196.58,211.5,45.19,30.13,0.0
新易盛,sz300502,465.01,466.68,465.01,256400.0,465.01,600,465.08,100,-0.36,465.01,465.01,256400,119240000.0,0.02,0.0,5832.36,6483.43,560.02,373.34,0.0
云路股份,sh688190,77.42,77.83,77.42,160000.0,77.42,0,77.52,200,-0.53,77.42,77.42,160000,120000.0,0.0,0.0,92.9,92.9,93.4,62.26,0.0
方大特钢,sh600507,4.17,4.17,4.17,64100.0,4.16,120300,4.17,61900,0.0,4.17,4.17,64100,270000.0,0.0,0.0,96.46,96.46,4.59,3.75,0.0
*ST英飞,sz002528,4.84,4.86,4.84,22500.0,4.82,2400,4.84,116600,-0.41,4.84,4.84,22500,110000.0,0.0,0.0,50.83,58.02,5.35,4.37,0.0
天地科技,sh600582,4.84,4.84,4.84,32400.0,4.83,6300,4.84,4000,0.0,4.84,4.84,32400,160000.0,0.0,0.0,200.31,200.31,5.32,4.36,0.0
北鼎股份,sz300824,7.83,7.85,7.83,25300.0,7.78,1800,7.83,1200,-0.25,7.83,7.83,25300,200000.0,0.01,0.0,24.98,25.55,9.42,6.28,0.0
吉林高速,sh601518,2.78,2.78,2.78,79700.0,2.77,640400,2.78,12200,0.0,2.78,2.78,79700,220000.0,0.0,0.0,52.56,52.56,3.06,2.5,0.0
福耀玻璃,sh600660,55.6,55.66,55.6,32900.0,55.55,500,55.65,600,-0.11,55.6,55.6,32900,1830000.0,0.0,0.0,1113.66,1451.02,61.23,50.09,0.0
富森美,sz002818,10.88,10.89,10.88,4100.0,10.88,1200,10.89,500,-0.09,10.88,10.88,4100,40000.0,0.0,0.0,32.46,81.43,11.98,9.8,0.0
威力传动,sz300904,42.52,42.46,42.52,600.0,42.2,300,42.85,600,0.14,42.52,42.52,600,30000.0,0.0,0.0,14.7,30.78,50.95,33.97,0.0
凯大催化,bj920974,6.11,6.15,0.0,0.0,6.11,4200,6.17,4400,-0.65,0.0,0.0,0,0.0,0.0,0.0,7.85,10.01,7.99,4.31,0.0
金丹科技,sz300829,15.94,16.08,15.94,309600.0,15.94,7400,15.95,500,-0.87,15.94,15.94,309600,4940000.0,0.2,0.0,24.98,36.23,19.3,12.86,0.0
苏常柴Ａ,sz000570,5.08,5.08,5.08,90200.0,5.08,5700,5.1,600,0.0,5.08,5.08,90200,460000.0,0.02,0.0,28.23,35.85,5.59,4.57,0.0
上海贝岭,sh600171,23.7,23.8,23.7,80900.0,23.69,1300,23.7,8100,-0.42,23.7,23.7,80900,1920000.0,0.01,0.0,168.01,168.01,26.18,21.42,0.0
儒意电影,sz002739,8.79,8.79,8.79,3777500.0,8.79,355300,8.8,48900,0.0,8.79,8.79,3777500,33200000.0,0.18,0.0,184.58,185.63,9.67,7.91,0.0
威高骨科,sh688161,22.2,22.46,0.0,0.0,22.2,1500,22.45,400,-1.16,0.0,0.0,0,0.0,0.0,0.0,88.8,88.8,26.95,17.97,0.0
安徽合力,sh600761,16.71,16.74,16.71,21700.0,16.71,4100,16.74,11300,-0.18,16.71,16.71,21700,360000.0,0.0,0.0,148.83,148.83,18.41,15.07,0.0
金房能源,sz001210,26.11,25.8,26.11,105100.0,26.11,17500,26.15,2200,1.2,26.11,26.11,105100,2750000.0,0.08,0.0,34.84,57.32,28.38,23.22,0.0
春雪食品,sh605567,9.12,9.16,9.12,4500.0,9.06,5500,9.12,1300,-0.44,9.12,9.12,4500,40000.0,0.0,0.0,18.24,18.24,10.08,8.24,0.0
星源卓镁,sz301398,35.91,35.42,35.91,4000.0,35.28,500,35.91,800,1.38,35.91,35.91,4000,140000.0,0.0,0.0,39.21,40.22,42.5,28.34,0.0
金雷股份,sz300443,20.62,20.67,20.62,5000.0,20.62,800,20.65,1800,-0.24,20.62,20.62,5000,100000.0,0.0,0.0,50.06,66.01,24.8,16.54,0.0
中芯国际,sh688981,136.0,136.76,136.0,38874100.0,136.0,27300,136.01,2500,-0.56,136.0,136.0,38874100,52870000.0,0.02,0.0,2719.41,11643.04,164.11,109.41,0.0
威尔泰,sz002058,16.68,16.66,16.68,10900.0,16.67,100,16.68,700,0.12,16.68,16.68,10900,180000.0,0.01,0.0,23.87,23.93,18.33,14.99,0.0
甘咨询,sz000779,10.9,10.63,10.9,2732600.0,10.89,3700,10.9,353700,2.54,10.9,10.9,2732600,29790000.0,0.59,0.0,50.66,50.67,11.69,9.57,0.0
摩登大道,sz002656,2.99,3.0,2.99,68000.0,2.99,1200,3.01,13100,-0.33,2.99,2.99,68000,200000.0,0.01,0.0,20.53,21.3,3.3,2.7,0.0
中科微至,sh688211,31.65,31.65,31.65,32000.0,31.58,500,31.65,900,0.0,31.65,31.65,32000,10000.0,0.0,0.0,41.49,41.49,37.98,25.32,0.0
五矿资本,sh600390,4.88,4.89,4.88,99100.0,4.88,11100,4.89,37000,-0.2,4.88,4.88,99100,480000.0,0.0,0.0,219.51,219.51,5.38,4.4,0.0
凯普生物,sz300639,6.17,6.15,6.17,373800.0,6.16,37700,6.17,5100,0.33,6.17,6.17,373800,2310000.0,0.06,0.0,38.88,39.89,7.38,4.92,0.0
金科环境,sh688466,14.09,14.1,14.09,717800.0,14.03,200,14.09,1700,-0.07,14.09,14.09,717800,100000.0,0.01,0.0,17.21,17.21,16.92,11.28,0.0
中华企业,sh600675,2.23,2.24,2.23,93100.0,2.23,104600,2.24,44200,-0.45,2.23,2.23,93100,210000.0,0.0,0.0,134.83,134.83,2.46,2.02,0.0
热景生物,sh688068,115.65,115.68,115.65,1331800.0,115.65,1400,116.6,200,-0.03,115.65,115.65,1331800,1540000.0,0.01,0.0,107.27,107.27,138.82,92.54,0.0
长青集团,sz002616,4.8,4.79,4.8,49800.0,4.8,2200,4.81,11500,0.21,4.8,4.8,49800,240000.0,0.01,0.0,28.2,41.24,5.27,4.31,0.0
四方股份,sh601126,48.43,48.46,48.43,175800.0,48.43,1800,48.44,600,-0.06,48.43,48.43,175800,8510000.0,0.02,0.0,399.59,403.47,53.31,43.61,0.0
运机集团,sz001288,26.12,26.13,26.12,7600.0,26.12,100,26.13,800,-0.04,26.12,26.12,7600,200000.0,0.01,0.0,39.67,61.06,28.74,23.52,0.0
小熊电器,sz002959,33.89,33.89,33.89,1700.0,33.72,100,33.89,1900,0.0,33.89,33.89,1700,60000.0,0.0,0.0,47.38,52.81,37.28,30.5,0.0
中研股份,sh688716,29.32,29.35,29.32,440000.0,28.88,8400,29.32,9700,-0.1,29.32,29.32,440000,130000.0,0.01,0.0,20.5,35.68,35.22,23.48,0.0
浙商证券,sh601878,9.34,9.35,9.34,37200.0,9.34,1100,9.35,201200,-0.11,9.34,9.34,37200,350000.0,0.0,0.0,427.19,427.19,10.29,8.42,0.0
通策医疗,sh600763,36.89,37.05,36.89,92400.0,36.88,15000,36.89,700,-0.43,36.89,36.89,92400,3410000.0,0.02,0.0,165.0,165.0,40.76,33.35,0.0
振华股份,sh603067,36.52,36.52,36.52,197600.0,36.51,1200,36.52,2500,0.0,36.52,36.52,197600,7220000.0,0.03,0.0,275.92,275.92,40.17,32.87,0.0
新华网,sh603888,16.51,16.57,16.51,8000.0,16.5,700,16.51,700,-0.36,16.51,16.51,8000,130000.0,0.0,0.0,122.54,122.54,18.23,14.91,0.0
泰禾智能,sh603656,17.85,17.7,17.85,6700.0,17.7,19000,17.85,800,0.85,17.85,17.85,6700,120000.0,0.0,0.0,32.66,32.66,19.47,15.93,0.0
海信视像,sh600060,25.27,25.26,25.27,39300.0,25.26,1400,25.27,7200,0.04,25.27,25.27,39300,990000.0,0.0,0.0,328.55,329.77,27.79,22.73,0.0
诺禾致源,sh688315,16.03,16.02,16.03,798600.0,15.97,1000,16.03,3100,0.06,16.03,16.03,798600,130000.0,0.0,0.0,66.72,66.72,19.22,12.82,0.0
红四方,sh603395,26.0,23.96,26.0,747900.0,25.96,100,26.0,34200,8.51,26.0,26.0,747900,19450000.0,1.15,0.0,16.9,67.6,26.36,21.56,0.0
城地香江,sh603887,11.23,11.48,11.23,1548200.0,11.23,115400,11.24,4800,-2.18,11.23,11.23,1548200,17390000.0,0.26,0.0,67.61,67.61,12.63,10.33,0.0
宝通科技,sz300031,22.24,22.34,22.24,108200.0,22.24,15000,22.28,36800,-0.45,22.24,22.24,108200,2410000.0,0.03,0.0,78.26,93.13,26.81,17.87,0.0
ST星农,sh603789,6.37,6.39,6.37,15200.0,6.36,900,6.37,21400,-0.31,6.37,6.37,15200,100000.0,0.01,0.0,16.56,16.89,7.03,5.75,0.0
景旺电子,sh603228,96.0,96.93,96.0,186800.0,95.96,200,96.0,4500,-0.96,96.0,96.0,186800,17930000.0,0.02,0.0,942.64,961.15,106.62,87.24,0.0
音飞储存,sh603066,9.22,9.17,9.22,14000.0,9.22,1800,9.23,1000,0.55,9.22,9.22,14000,130000.0,0.0,0.0,27.12,27.12,10.09,8.25,0.0
冠龙节能,sz301151,17.41,17.45,17.41,400.0,17.41,600,17.44,900,-0.23,17.41,17.41,400,10000.0,0.0,0.0,29.4,29.42,20.94,13.96,0.0
神州信息,sz000555,10.65,10.71,10.65,46600.0,10.65,900,10.71,1800,-0.56,10.65,10.65,46600,500000.0,0.0,0.0,103.8,103.92,11.78,9.64,0.0
科兴制药,sh688136,20.75,20.76,20.75,298800.0,20.75,3800,20.87,500,-0.05,20.75,20.75,298800,60000.0,0.0,0.0,41.91,41.91,24.91,16.61,0.0
联动科技,sz301369,145.69,146.69,145.69,23200.0,145.69,800,146.48,100,-0.68,145.69,145.69,23200,3380000.0,0.04,0.0,79.91,149.05,176.03,117.35,0.0
浩云科技,sz300448,5.98,5.87,5.98,161000.0,5.88,1000,5.98,23600,1.87,5.98,5.98,161000,960000.0,0.03,0.0,38.43,40.46,7.04,4.7,0.0
唐源电气,sz300789,18.08,18.16,18.08,11000.0,18.02,100,18.11,100,-0.44,18.08,18.08,11000,200000.0,0.01,0.0,25.24,26.01,21.79,14.53,0.0
迦南科技,sz300412,4.64,4.63,4.64,25700.0,4.64,2500,4.67,1800,0.22,4.64,4.64,25700,120000.0,0.01,0.0,21.71,23.1,5.56,3.7,0.0
恒生电子,sh600570,22.0,22.11,22.0,60100.0,22.0,14100,22.02,300,-0.5,22.0,22.0,60100,1320000.0,0.0,0.0,416.6,416.6,24.32,19.9,0.0
ST应急,sz300527,7.8,7.84,7.8,5600.0,7.8,3700,7.82,15000,-0.51,7.8,7.8,5600,40000.0,0.0,0.0,79.31,79.31,9.41,6.27,0.0
山东海化,sz000822,4.39,4.36,4.39,66000.0,4.36,20300,4.39,10200,0.69,4.39,4.39,66000,290000.0,0.01,0.0,39.29,39.29,4.8,3.92,0.0
富邦新材,sh600768,15.81,15.91,15.81,46900.0,15.81,2300,15.83,600,-0.63,15.81,15.81,46900,740000.0,0.04,0.0,21.15,21.15,17.5,14.32,0.0
天亿马,sz301178,36.63,37.0,36.63,4200.0,36.51,3000,36.63,700,-1.0,36.63,36.63,4200,150000.0,0.01,0.0,25.16,34.1,44.4,29.6,0.0
万祥科技,sz301180,11.98,11.95,11.98,8800.0,11.95,2000,11.98,1000,0.25,11.98,11.98,8800,110000.0,0.01,0.0,19.66,47.92,14.34,9.56,0.0
杭钢股份,sh600126,7.09,7.16,7.09,449500.0,7.08,71000,7.09,129600,-0.98,7.09,7.09,449500,3190000.0,0.01,0.0,239.44,239.44,7.88,6.44,0.0
友讯达,sz300514,9.95,9.94,9.95,7300.0,9.95,600,9.98,800,0.1,9.95,9.95,7300,70000.0,0.0,0.0,15.95,19.9,11.93,7.95,0.0
许继电气,sz000400,22.31,22.3,22.31,41100.0,22.3,1500,22.31,1700,0.04,22.31,22.31,41100,920000.0,0.0,0.0,226.46,227.25,24.53,20.07,0.0
爱旭股份,sh600732,12.1,12.16,12.1,17800.0,12.1,7600,12.11,300,-0.49,12.1,12.1,17800,220000.0,0.0,0.0,254.74,255.94,13.38,10.94,0.0
华润微,sh688396,62.96,63.13,62.96,7280000.0,62.9,1000,62.96,700,-0.27,62.96,62.96,7280000,4580000.0,0.01,0.0,836.24,836.24,75.76,50.5,0.0
新华制药,sz000756,14.0,14.09,14.0,191400.0,14.0,6400,14.08,1200,-0.64,14.0,14.0,191400,2680000.0,0.04,0.0,69.85,97.54,15.5,12.68,0.0
锐新科技,sz300828,18.29,18.31,18.29,158600.0,18.29,5900,18.3,2000,-0.11,18.29,18.29,158600,2900000.0,0.19,0.0,15.43,30.44,21.97,14.65,0.0
品高股份,sh688227,82.8,83.6,82.8,546500.0,82.55,300,82.8,1400,-0.96,82.8,82.8,546500,450000.0,0.0,0.0,93.61,93.61,100.32,66.88,0.0
瀛通通讯,sz002861,16.82,16.9,16.82,4100.0,16.75,8600,16.82,3300,-0.47,16.82,16.82,4100,70000.0,0.0,0.0,25.26,31.33,18.59,15.21,0.0
伟时电子,sh605218,14.81,14.78,14.81,19100.0,14.81,300,14.84,600,0.2,14.81,14.81,19100,280000.0,0.01,0.0,31.52,35.96,16.26,13.3,0.0
中科美菱,bj920992,11.73,11.73,11.73,3700.0,11.73,1500,11.75,500,0.0,11.73,11.73,3700,43099.99999999999,0.01,0.0,5.75,11.35,15.24,8.22,0.0
栖霞建设,sh600533,2.18,2.18,2.18,69700.0,2.17,500,2.18,17600,0.0,2.18,2.18,69700,150000.0,0.01,0.0,22.89,22.89,2.4,1.96,0.0
协鑫集成,sz002506,2.75,2.74,2.75,697600.0,2.75,12200,2.76,194900,0.36,2.75,2.75,697600,1920000.0,0.01,0.0,160.72,160.88,3.01,2.47,0.0
辰奕智能,sz301578,23.38,23.45,23.38,5500.0,23.31,1100,23.39,800,-0.3,23.38,23.38,5500,130000.0,0.02,0.0,7.04,24.77,28.14,18.76,0.0
国联民生,sh601456,8.92,8.95,8.92,49100.0,8.92,174900,8.93,13200,-0.34,8.92,8.92,49100,440000.0,0.0,0.0,390.43,506.71,9.85,8.06,0.0
云汉芯城,sz301563,134.99,134.71,134.99,7600.0,134.9,100,134.99,100,0.21,134.99,134.99,7600,1030000.0,0.04,0.0,25.83,114.27,161.65,107.77,0.0
艾罗能源,sh688717,63.0,62.7,63.0,5568700.0,62.93,400,63.0,4000,0.48,63.0,63.0,5568700,3510000.0,0.06,0.0,62.4,100.8,75.24,50.16,0.0
莎普爱思,sh603168,5.61,5.66,5.61,73900.0,5.61,700,5.63,4400,-0.88,5.61,5.61,73900,410000.0,0.02,0.0,20.9,20.99,6.23,5.09,0.0
吉华集团,sh603980,7.05,7.05,7.05,167600.0,7.04,3000,7.05,38000,0.0,7.05,7.05,167600,1180000.0,0.02,0.0,47.72,47.72,7.76,6.35,0.0
宏华数科,sh688789,46.52,46.93,46.52,285800.0,46.52,200,46.67,200,-0.87,46.52,46.52,285800,130000.0,0.0,0.0,83.86,83.86,56.32,37.54,0.0
建科院,sz300675,12.8,12.82,12.8,6800.0,12.8,1600,12.82,100,-0.16,12.8,12.8,6800,90000.0,0.0,0.0,18.77,18.77,15.38,10.26,0.0
聚合顺,sh605166,8.53,8.5,8.53,31400.0,8.53,200,8.54,4100,0.35,8.53,8.53,31400,270000.0,0.01,0.0,26.85,26.85,9.35,7.65,0.0
国药现代,sh600420,8.7,8.7,8.7,17900.0,8.69,600,8.7,10800,0.0,8.7,8.7,17900,160000.0,0.0,0.0,116.68,116.68,9.57,7.83,0.0
焦点科技,sz002315,25.77,25.82,25.77,29900.0,25.75,2000,25.77,500,-0.19,25.77,25.77,29900,770000.0,0.01,0.0,67.75,106.28,28.4,23.24,0.0
龙版传媒,sh605577,9.9,9.78,9.9,50700.0,9.9,1200,9.91,100,1.23,9.9,9.9,50700,500000.0,0.01,0.0,44.0,44.0,10.76,8.8,0.0
盈康生命,sz300143,8.09,8.14,8.09,164200.0,8.09,19300,8.11,11400,-0.61,8.09,8.09,164200,1330000.0,0.02,0.0,67.33,78.71,9.77,6.51,0.0
威孚高科,sz000581,17.4,17.44,17.4,13300.0,17.39,4000,17.4,3100,-0.23,17.4,17.4,13300,230000.0,0.0,0.0,138.14,168.22,19.18,15.7,0.0
综艺股份,sh600770,5.36,5.38,5.36,90700.0,5.36,18800,5.37,29400,-0.37,5.36,5.36,90700,490000.0,0.01,0.0,69.68,69.68,5.92,4.84,0.0
智微智能,sz001339,86.59,87.35,86.59,72300.0,86.57,100,86.59,100,-0.87,86.59,86.59,72300,6260000.0,0.04,0.0,140.19,283.18,96.09,78.62,0.0
航发控制,sz000738,18.69,18.71,18.69,27200.0,18.68,1100,18.69,27800,-0.11,18.69,18.69,27200,510000.0,0.0,0.0,245.81,245.81,20.58,16.84,0.0
鞍钢股份,sz000898,1.99,1.99,1.99,50300.0,1.98,516200,1.99,89800,0.0,1.99,1.99,50300,100000.0,0.0,0.0,158.35,186.45,2.19,1.79,0.0
平高电气,sh600312,19.96,20.07,19.96,32500.0,19.95,200,19.96,500,-0.55,19.96,19.96,32500,650000.0,0.0,0.0,270.84,270.84,22.08,18.06,0.0
宸展光电,sz003019,25.32,25.02,25.32,51600.0,25.03,200,25.32,1500,1.2,25.32,25.32,51600,1310000.0,0.03,0.0,43.79,44.8,27.52,22.52,0.0
望变电气,sh603191,15.79,15.93,15.79,94000.0,15.77,1200,15.79,1200,-0.88,15.79,15.79,94000,1480000.0,0.03,0.0,52.1,52.1,17.52,14.34,0.0
海达尔,bj920699,96.9,96.01,96.9,14900.0,96.9,4100,96.94,1000,0.93,96.9,96.9,14900,1444400.0,0.05,0.0,28.32,61.9,124.81,67.21,0.0
科力尔,sz002892,9.6,9.48,9.6,71400.0,9.6,800,9.61,10000,1.27,9.6,9.6,71400,690000.0,0.01,0.0,48.11,71.33,10.43,8.53,0.0
*ST纳川,sz300198,2.2,2.21,2.2,50500.0,2.2,315400,2.22,15100,-0.45,2.2,2.2,50500,110000.0,0.0,0.0,22.54,22.69,2.65,1.77,0.0
北京利尔,sz002392,7.58,7.58,7.58,30900.0,7.58,2000,7.6,10100,0.0,7.58,7.58,30900,230000.0,0.0,0.0,87.74,90.24,8.34,6.82,0.0
吉鑫科技,sh601218,4.6,4.62,4.6,32700.0,4.59,3000,4.6,56000,-0.43,4.6,4.6,32700,150000.0,0.0,0.0,44.58,44.58,5.08,4.16,0.0
新北洋,sz002376,6.96,7.01,6.96,100500.0,6.96,18100,6.97,16100,-0.71,6.96,6.96,100500,700000.0,0.01,0.0,54.78,56.42,7.71,6.31,0.0
宁夏建材,sh600449,12.16,12.18,12.16,181000.0,12.15,3700,12.16,900,-0.16,12.16,12.16,181000,2200000.0,0.04,0.0,58.15,58.15,13.4,10.96,0.0
*ST闻泰,sh600745,17.51,17.6,17.51,291100.0,17.51,22900,17.52,3200,-0.51,17.51,17.51,291100,5100000.0,0.02,0.0,223.05,223.05,19.36,15.84,0.0
嘉戎技术,sz301148,52.69,52.76,52.69,2800.0,52.58,100,52.69,3800,-0.13,52.69,52.69,2800,150000.0,0.0,0.0,31.02,61.38,63.31,42.21,0.0
美康生物,sz300439,9.42,9.36,9.42,37500.0,9.38,1000,9.42,2700,0.64,9.42,9.42,37500,350000.0,0.01,0.0,27.54,36.16,11.23,7.49,0.0
北方股份,sh600262,15.15,15.15,15.15,23200.0,15.15,1300,15.16,19200,0.0,15.15,15.15,23200,350000.0,0.01,0.0,36.06,36.06,16.67,13.64,0.0
昆药集团,sh600422,8.66,8.67,8.66,11700.0,8.65,6400,8.66,16800,-0.12,8.66,8.66,11700,100000.0,0.0,0.0,65.55,65.55,9.54,7.8,0.0
科美诊断,sh688468,6.4,6.43,6.4,685100.0,6.37,9400,6.4,500,-0.47,6.4,6.4,685100,40000.0,0.0,0.0,25.67,25.67,7.72,5.14,0.0
华灿光电,sz300323,12.7,12.74,12.7,252700.0,12.69,67500,12.7,2700,-0.31,12.7,12.7,252700,3210000.0,0.02,0.0,150.84,206.12,15.29,10.19,0.0
华数传媒,sz000156,6.77,6.81,6.77,55300.0,6.76,10600,6.77,1900,-0.59,6.77,6.77,55300,370000.0,0.0,0.0,115.08,125.44,7.49,6.13,0.0
东宏股份,sh603856,11.3,11.3,11.3,15000.0,11.3,1600,11.33,100,0.0,11.3,11.3,15000,170000.0,0.01,0.0,31.87,31.87,12.43,10.17,0.0
鑫宏业,sz301310,56.82,56.33,56.82,42600.0,56.48,1700,56.87,500,0.87,56.82,56.82,42600,2420000.0,0.07,0.0,34.65,108.5,67.6,45.06,0.0
永清环保,sz300187,4.69,4.71,4.69,122500.0,4.69,1400,4.7,22800,-0.42,4.69,4.69,122500,570000.0,0.02,0.0,30.13,30.28,5.65,3.77,0.0
汉嘉数智,sz300746,14.4,14.48,14.4,11000.0,14.4,100,14.54,500,-0.55,14.4,14.4,11000,160000.0,0.0,0.0,32.19,32.51,17.38,11.58,0.0
机科股份,bj920579,15.03,15.03,15.03,500.0,14.91,3200,15.03,3800,0.0,15.03,15.03,500,7500.0,0.0,0.0,6.7,19.46,19.53,10.53,0.0
紫光股份,sz000938,40.58,41.03,40.58,3109000.0,40.58,5500,40.59,1800,-1.1,40.58,40.58,3109000,126160000.0,0.11,0.0,1160.62,1160.62,45.13,36.93,0.0
弘讯科技,sh603015,10.96,10.96,10.96,2300.0,10.96,8500,11.0,100,0.0,10.96,10.96,2300,30000.0,0.0,0.0,44.3,44.3,12.06,9.86,0.0
万德斯,sh688178,30.26,30.37,30.26,1641800.0,30.25,1000,30.26,3900,-0.36,30.26,30.26,1641800,500000.0,0.02,0.0,25.72,25.72,36.44,24.3,0.0
阿科力,sh603722,31.07,31.06,31.07,1600.0,31.07,1100,31.18,300,0.03,31.07,31.07,1600,50000.0,0.0,0.0,29.73,30.36,34.17,27.95,0.0
宝明科技,sz002992,36.55,36.54,36.55,4700.0,36.55,5000,36.69,200,0.03,36.55,36.55,4700,170000.0,0.0,0.0,57.1,66.11,40.19,32.89,0.0
福瑞达,sh600223,5.6,5.62,5.6,3700.0,5.59,200,5.6,700,-0.36,5.6,5.6,3700,20000.0,0.0,0.0,56.93,56.93,6.18,5.06,0.0
科沃斯,sh603486,58.25,58.22,58.25,21300.0,58.22,1800,58.25,200,0.05,58.25,58.25,21300,1240000.0,0.0,0.0,333.98,337.03,64.04,52.4,0.0
南大环境,sz300864,19.5,19.5,19.5,22700.0,19.33,1300,19.5,7000,0.0,19.5,19.5,22700,440000.0,0.01,0.0,31.03,31.03,23.4,15.6,0.0
数据港,sh603881,28.6,29.1,28.6,616300.0,28.59,4400,28.6,90100,-1.72,28.6,28.6,616300,17630000.0,0.07,0.0,246.55,246.55,32.01,26.19,0.0
正元地信,sh688509,4.24,4.25,4.24,2886200.0,4.23,1000,4.24,5400,-0.24,4.24,4.24,2886200,120000.0,0.01,0.0,16.32,32.65,5.1,3.4,0.0
成都燃气,sh603053,8.69,8.69,8.69,5600.0,8.68,200,8.69,2100,0.0,8.69,8.69,5600,50000.0,0.0,0.0,77.24,77.24,9.56,7.82,0.0
龙旗科技,sh603341,39.67,40.3,39.67,154600.0,39.67,25600,39.68,100,-1.56,39.67,39.67,154600,6130000.0,0.06,0.0,106.08,207.31,44.33,36.27,0.0
ST天圣,sz002872,5.35,5.32,5.35,10100.0,5.31,21900,5.35,600,0.56,5.35,5.35,10100,50000.0,0.0,0.0,11.5,17.01,5.85,4.79,0.0
瑞鹄模具,sz002997,27.95,28.09,27.95,36500.0,27.9,2700,27.95,4900,-0.5,27.95,27.95,36500,1020000.0,0.02,0.0,58.51,58.51,30.9,25.28,0.0
英飞特,sz300582,11.74,11.63,11.74,11800.0,11.74,200,11.75,700,0.95,11.74,11.74,11800,140000.0,0.01,0.0,26.01,35.05,13.96,9.3,0.0
昊华能源,sh601101,12.65,12.69,12.65,149300.0,12.64,300,12.65,1000,-0.32,12.65,12.65,149300,1890000.0,0.01,0.0,182.16,182.16,13.96,11.42,0.0
汉得信息,sz300170,17.22,17.37,17.22,140000.0,17.22,13800,17.23,12500,-0.86,17.22,17.22,140000,2410000.0,0.01,0.0,171.09,179.16,20.84,13.9,0.0
汤臣倍健,sz300146,9.97,10.0,9.97,182600.0,9.96,2600,9.97,22400,-0.3,9.97,9.97,182600,1820000.0,0.02,0.0,111.75,168.66,12.0,8.0,0.0
浪莎股份,sh600137,18.02,18.05,18.02,8000.0,17.92,500,18.02,4900,-0.17,18.02,18.02,8000,140000.0,0.01,0.0,17.52,17.52,19.86,16.25,0.0
新洁能,sh605111,62.79,62.95,62.79,99300.0,62.78,600,62.79,600,-0.25,62.79,62.79,99300,6240000.0,0.02,0.0,260.79,260.79,69.25,56.66,0.0
思看科技,sh688583,92.71,92.24,92.71,7032700.0,92.71,1000,93.18,200,0.51,92.71,92.71,7032700,6520000.0,0.16,0.0,39.98,114.74,110.69,73.79,0.0
康普化学,bj920033,14.25,14.36,0.0,0.0,14.25,1200,14.45,1300,-0.77,0.0,0.0,0,0.0,0.0,0.0,11.8,16.98,18.66,10.06,0.0
天正电气,sh605066,7.19,7.22,7.19,60600.0,7.19,2900,7.2,6200,-0.42,7.19,7.19,60600,440000.0,0.01,0.0,36.12,36.12,7.94,6.5,0.0
九安医疗,sz002432,75.0,75.62,75.0,125100.0,74.99,500,75.0,600,-0.82,75.0,75.0,125100,9380000.0,0.03,0.0,348.95,349.42,83.18,68.06,0.0
广东明珠,sh600382,6.36,6.38,6.36,36300.0,6.36,49200,6.38,10600,-0.31,6.36,6.36,36300,230000.0,0.01,0.0,44.16,44.16,7.02,5.74,0.0
中船汉光,sz300847,14.48,14.48,14.48,13200.0,14.43,1500,14.48,12300,0.0,14.48,14.48,13200,190000.0,0.0,0.0,42.86,42.86,17.38,11.58,0.0
汇洁股份,sz002763,7.66,7.69,7.66,65900.0,7.65,26900,7.66,113000,-0.39,7.66,7.66,65900,500000.0,0.02,0.0,23.26,31.4,8.46,6.92,0.0
宁沪高速,sh600377,11.93,11.93,11.93,18700.0,11.92,1000,11.93,2900,0.0,11.93,11.93,18700,220000.0,0.0,0.0,453.6,601.0,13.12,10.74,0.0
优利德,sh688628,75.3,76.48,75.3,995000.0,75.3,600,75.32,400,-1.54,75.3,75.3,995000,750000.0,0.01,0.0,84.16,84.16,91.78,61.18,0.0
包钢股份,sh600010,2.23,2.23,2.23,952900.0,2.22,10800300,2.23,5881600,0.0,2.23,2.23,952900,2120000.0,0.0,0.0,698.4,1008.54,2.45,2.01,0.0
视源股份,sz002841,51.0,51.12,51.0,31800.0,50.97,100,51.0,14700,-0.23,51.0,51.0,31800,1620000.0,0.01,0.0,265.89,356.59,56.23,46.01,0.0
越剑智能,sh603095,15.82,16.43,15.82,762100.0,15.81,800,15.82,13500,-3.71,15.82,15.82,762100,12060000.0,0.3,0.0,40.86,40.86,18.07,14.79,0.0
汉商集团,sh600774,7.4,7.35,7.4,14200.0,7.4,2100,7.41,1500,0.68,7.4,7.4,14200,110000.0,0.0,0.0,21.82,21.83,8.09,6.62,0.0
君禾股份,sh603617,6.95,6.95,6.95,5400.0,6.95,200,6.96,1900,0.0,6.95,6.95,5400,40000.0,0.0,0.0,26.88,27.09,7.65,6.26,0.0
博俊科技,sz300926,18.39,18.34,18.39,30400.0,18.39,600,18.4,100,0.27,18.39,18.39,30400,560000.0,0.01,0.0,54.8,79.87,22.01,14.67,0.0
新媒股份,sz300770,33.77,33.78,33.77,1400.0,33.7,200,33.77,2800,-0.03,33.77,33.77,1400,50000.0,0.0,0.0,76.94,76.94,40.54,27.02,0.0
博汇股份,sz300839,10.84,10.82,10.84,29900.0,10.84,100,10.86,3100,0.18,10.84,10.84,29900,320000.0,0.01,0.0,30.7,31.23,12.98,8.66,0.0
华林证券,sz002945,14.5,14.48,14.5,53300.0,14.49,1800,14.5,1300,0.14,14.5,14.5,53300,770000.0,0.0,0.0,391.5,391.5,15.93,13.03,0.0
南方路机,sh603280,26.3,26.56,26.3,30000.0,26.3,13300,26.56,1000,-0.98,26.3,26.3,30000,790000.0,0.03,0.0,28.51,28.51,29.22,23.9,0.0
中远海能,sh600026,17.82,17.7,17.82,274800.0,17.82,52600,17.84,500,0.68,17.82,17.82,274800,4900000.0,0.01,0.0,682.15,974.97,19.47,15.93,0.0
西陇科学,sz002584,8.36,8.37,8.36,69900.0,8.35,2700,8.36,5100,-0.12,8.36,8.36,69900,580000.0,0.01,0.0,39.16,48.92,9.21,7.53,0.0
亿帆医药,sz002019,10.43,10.46,10.43,36500.0,10.43,300,10.45,1200,-0.29,10.43,10.43,36500,380000.0,0.0,0.0,87.87,126.87,11.51,9.41,0.0
禾丰股份,sh603609,6.29,6.29,6.29,10700.0,6.27,4000,6.29,2300,0.0,6.29,6.29,10700,70000.0,0.0,0.0,56.86,56.86,6.92,5.66,0.0
侨源股份,sz301286,44.05,43.29,44.05,13900.0,44.05,300,44.08,700,1.76,44.05,44.05,13900,610000.0,0.01,0.0,71.05,176.24,51.95,34.63,0.0
金天钛业,sh688750,14.72,14.76,14.72,150000.0,14.7,500,14.72,1000,-0.27,14.72,14.72,150000,20000.0,0.0,0.0,34.29,68.08,17.71,11.81,0.0
三雄极光,sz300625,9.7,9.72,9.7,21400.0,9.7,2700,9.72,300,-0.21,9.7,9.7,21400,210000.0,0.01,0.0,15.71,27.1,11.66,7.78,0.0
欧晶科技,sz001269,19.72,19.75,19.72,3800.0,19.68,100,19.72,800,-0.15,19.72,19.72,3800,70000.0,0.0,0.0,37.94,37.94,21.73,17.78,0.0
成大生物,sh688739,20.6,20.67,20.6,306500.0,20.6,2900,20.64,5000,-0.34,20.6,20.6,306500,60000.0,0.0,0.0,85.79,85.79,24.8,16.54,0.0
涪陵电力,sh600452,9.3,9.29,9.3,78200.0,9.29,1500,9.3,38800,0.11,9.3,9.3,78200,730000.0,0.01,0.0,142.9,142.9,10.22,8.36,0.0
甘肃能化,sz000552,2.55,2.55,2.55,98100.0,2.54,593900,2.55,22200,0.0,2.55,2.55,98100,250000.0,0.0,0.0,95.01,136.47,2.81,2.3,0.0
圣邦股份,sz300661,122.22,123.24,122.22,27100.0,122.22,2300,122.89,1700,-0.83,122.22,122.22,27100,3310000.0,0.0,0.0,735.54,837.9,147.89,98.59,0.0
伊力特,sh600197,10.45,10.45,10.45,9400.0,10.44,1000,10.45,5700,0.0,10.45,10.45,9400,100000.0,0.0,0.0,49.45,49.45,11.5,9.41,0.0
恒玄科技,sh688608,110.98,110.44,110.98,2105800.0,110.88,200,110.98,200,0.49,110.98,110.98,2105800,2340000.0,0.01,0.0,262.9,262.9,132.53,88.35,0.0
劲仔食品,sz003000,10.43,10.4,10.43,5200.0,10.41,100,10.43,600,0.29,10.43,10.43,5200,50000.0,0.0,0.0,32.13,47.03,11.44,9.36,0.0
海达股份,sz300320,9.02,9.05,9.02,39900.0,9.02,100,9.04,10700,-0.33,9.02,9.02,39900,360000.0,0.01,0.0,43.78,54.23,10.86,7.24,0.0
开发科技,bj920029,34.92,35.1,34.92,1300.0,34.92,1200,35.43,600,-0.51,34.92,34.92,1300,44400.00000000001,0.0,0.0,70.32,72.26,45.63,24.57,0.0
东阿阿胶,sz000423,51.45,51.5,51.45,18300.0,51.31,100,51.45,6900,-0.1,51.45,51.45,18300,940000.0,0.0,0.0,328.61,329.19,56.65,46.35,0.0
芯原股份,sh688521,215.01,226.3,215.01,78323700.0,215.01,8000,215.3,2000,-4.99,215.01,215.01,78323700,168400000.0,0.15,0.0,1130.77,1130.77,271.56,181.04,0.0
钢研纳克,sz300797,14.36,14.37,14.36,217700.0,14.35,13500,14.36,1200,-0.07,14.36,14.36,217700,3130000.0,0.06,0.0,54.81,54.96,17.24,11.5,0.0
宗申动力,sz001696,16.95,16.87,16.95,894900.0,16.92,5000,16.95,8000,0.47,16.95,16.95,894900,15170000.0,0.1,0.0,151.09,194.08,18.56,15.18,0.0
深水海纳,sz300961,12.12,12.2,12.12,7900.0,12.12,800,12.2,1400,-0.66,12.12,12.12,7900,100000.0,0.01,0.0,18.41,21.49,14.64,9.76,0.0
拓维信息,sz002261,26.5,26.71,26.5,138300.0,26.5,22400,26.51,1000,-0.79,26.5,26.5,138300,3660000.0,0.01,0.0,303.72,333.89,29.38,24.04,0.0
姚记科技,sz002605,18.02,18.03,18.02,15600.0,18.0,1100,18.02,6700,-0.06,18.02,18.02,15600,280000.0,0.0,0.0,60.95,75.25,19.83,16.23,0.0
祥和实业,sh603500,9.88,9.82,9.88,65400.0,9.87,6100,9.88,14600,0.61,9.88,9.88,65400,650000.0,0.02,0.0,32.86,32.88,10.8,8.84,0.0
欧莱新材,sh688530,67.99,67.98,67.99,11975500.0,67.98,4100,67.99,30400,0.01,67.99,67.99,11975500,8140000.0,0.17,0.0,47.44,108.81,81.58,54.38,0.0
洲明科技,sz300232,5.25,5.26,5.25,226700.0,5.24,28500,5.25,8900,-0.19,5.25,5.25,226700,1190000.0,0.03,0.0,46.65,57.24,6.31,4.21,0.0
一心堂,sz002727,11.94,11.95,11.94,49300.0,11.93,100,11.94,2000,-0.08,11.94,11.94,49300,590000.0,0.01,0.0,46.91,69.92,13.15,10.76,0.0
博敏电子,sh603936,18.59,17.38,18.59,2387200.0,18.58,300,18.59,522800,6.96,18.59,18.59,2387200,44380000.0,0.38,0.0,117.19,119.97,19.12,15.64,0.0
中晟高科,sz002778,15.9,15.9,15.9,13300.0,15.85,1600,15.9,1400,0.0,15.9,15.9,13300,210000.0,0.01,0.0,19.63,19.84,17.49,14.31,0.0
中油资本,sz000617,6.9,6.91,6.9,146300.0,6.89,137800,6.9,22100,-0.14,6.9,6.9,146300,1010000.0,0.0,0.0,872.3,872.3,7.6,6.22,0.0
中科创达,sz300496,59.81,59.99,59.81,35000.0,59.8,10000,59.81,1000,-0.3,59.81,59.81,35000,2090000.0,0.01,0.0,221.04,276.15,71.99,47.99,0.0
芯海科技,sh688595,29.21,29.44,29.21,711700.0,29.21,5400,29.23,2200,-0.78,29.21,29.21,711700,210000.0,0.0,0.0,42.09,42.09,35.33,23.55,0.0
福安药业,sz300194,4.03,4.05,4.03,72600.0,4.03,17700,4.04,34000,-0.49,4.03,4.03,72600,290000.0,0.01,0.0,39.02,47.95,4.86,3.24,0.0
*ST天宜,sh688033,6.07,6.09,0.0,0.0,6.07,10000,6.09,20000,-0.33,0.0,0.0,0,0.0,0.0,0.0,34.13,34.13,7.31,4.87,0.0
莱绅通灵,sh603900,6.15,6.13,6.15,55200.0,6.14,3500,6.15,500,0.33,6.15,6.15,55200,340000.0,0.02,0.0,21.08,21.09,6.74,5.52,0.0
泸州老窖,sz000568,86.28,86.35,86.28,35700.0,86.28,1400,86.3,300,-0.08,86.28,86.28,35700,3080000.0,0.0,0.0,1269.23,1269.96,94.99,77.72,0.0
万憬能源,sz002700,6.47,6.4,6.47,57400.0,6.46,1100,6.47,2500,1.09,6.47,6.47,57400,370000.0,0.01,0.0,26.49,26.76,7.04,5.76,0.0
盘龙药业,sz002864,23.17,23.18,23.17,15200.0,23.08,1000,23.17,400,-0.04,23.17,23.17,15200,350000.0,0.02,0.0,22.84,31.67,25.5,20.86,0.0
鄂尔多斯,sh600295,12.43,12.4,12.43,2100.0,12.43,200,12.46,3300,0.24,12.43,12.43,2100,30000.0,0.0,0.0,245.56,347.89,13.64,11.16,0.0
恒而达,sz300946,40.07,40.12,40.07,700.0,39.9,100,40.07,8400,-0.12,40.07,40.07,700,30000.0,0.0,0.0,30.37,62.51,48.14,32.1,0.0
拱东医疗,sh605369,17.3,17.25,17.3,9200.0,17.29,200,17.3,3900,0.29,17.3,17.3,9200,160000.0,0.0,0.0,38.03,38.03,18.98,15.53,0.0
众业达,sz002441,8.02,8.02,8.02,2700.0,8.01,2000,8.02,2500,0.0,8.02,8.02,2700,20000.0,0.0,0.0,31.96,43.67,8.82,7.22,0.0
鸿博股份,sz002229,13.56,13.82,13.56,4060000.0,13.56,6300,13.57,1300,-1.88,13.56,13.56,4060000,55050000.0,0.82,0.0,66.87,67.28,15.2,12.44,0.0
英集芯,sh688209,23.15,23.37,23.15,5110500.0,23.15,8700,23.2,500,-0.94,23.15,23.15,5110500,1180000.0,0.01,0.0,100.42,100.42,28.04,18.7,0.0
太极集团,sh600129,16.8,16.96,16.8,200600.0,16.79,200,16.8,80500,-0.94,16.8,16.8,200600,3370000.0,0.04,0.0,92.64,92.64,18.66,15.26,0.0
科德数控,sh688305,69.6,69.9,69.6,7222700.0,69.56,500,69.6,20500,-0.43,69.6,69.6,7222700,5030000.0,0.05,0.0,92.02,92.26,83.88,55.92,0.0
中材节能,sh603126,6.07,6.09,6.07,17200.0,6.06,3400,6.07,1100,-0.33,6.07,6.07,17200,100000.0,0.0,0.0,37.06,37.06,6.7,5.48,0.0
星徽股份,sz300464,7.15,7.1,7.15,38400.0,7.13,1500,7.15,5300,0.7,7.15,7.15,38400,270000.0,0.01,0.0,25.39,33.41,8.52,5.68,0.0
富安娜,sz002327,6.53,6.55,6.53,13000.0,6.53,14700,6.54,3100,-0.31,6.53,6.53,13000,80000.0,0.0,0.0,32.06,54.45,7.21,5.9,0.0
汤姆猫,sz300459,3.64,3.65,3.64,133400.0,3.63,29900,3.64,32000,-0.27,3.64,3.64,133400,490000.0,0.0,0.0,119.65,127.98,4.38,2.92,0.0
广安爱众,sh600979,3.96,3.96,3.96,83200.0,3.96,33300,3.97,18000,0.0,3.96,3.96,83200,330000.0,0.01,0.0,49.17,49.93,4.36,3.56,0.0
日辰股份,sh603755,23.68,23.94,23.68,6800.0,23.68,1300,23.92,2200,-1.09,23.68,23.68,6800,160000.0,0.01,0.0,23.35,23.35,26.33,21.55,0.0
上海雅仕,sh603329,10.49,10.49,10.49,4100.0,10.41,600,10.49,4000,0.0,10.49,10.49,4100,40000.0,0.0,0.0,21.65,26.23,11.54,9.44,0.0
三 力 士,sz002224,3.63,3.62,3.63,59500.0,3.62,300,3.63,33400,0.28,3.63,3.63,59500,220000.0,0.01,0.0,29.27,32.75,3.98,3.26,0.0
特  力Ａ,sz000025,15.1,15.15,15.1,10400.0,15.06,100,15.1,500,-0.33,15.1,15.1,10400,160000.0,0.0,0.0,59.31,65.09,16.67,13.64,0.0
南网科技,sh688248,46.58,46.54,46.58,1539200.0,46.54,300,46.58,300,0.09,46.58,46.58,1539200,720000.0,0.0,0.0,263.04,263.04,55.85,37.23,0.0
S佳通,sh600182,13.85,13.98,13.85,39400.0,13.85,4700,13.95,1100,-0.93,13.85,13.85,39400,550000.0,0.02,0.0,23.55,47.09,14.68,13.28,0.0
格林达,sh603931,39.7,39.87,39.7,8100.0,39.64,100,39.7,100,-0.43,39.7,39.7,8100,320000.0,0.0,0.0,79.22,79.22,43.86,35.88,0.0
华东数控,sz002248,11.61,11.8,11.61,1175900.0,11.61,47000,11.62,300,-1.61,11.61,11.61,1175900,13650000.0,0.38,0.0,35.7,35.7,12.98,10.62,0.0
奥康国际,sh603001,7.93,7.94,7.93,122700.0,7.92,400,7.93,5500,-0.13,7.93,7.93,122700,970000.0,0.03,0.0,31.8,31.8,8.73,7.15,0.0
北特科技,sh603009,48.45,48.45,48.45,25000.0,48.38,500,48.45,6100,0.0,48.45,48.45,25000,1210000.0,0.01,0.0,167.83,167.83,53.3,43.61,0.0
大金重工,sz002487,41.67,41.92,41.67,403600.0,41.67,9800,41.72,100,-0.6,41.67,41.67,403600,16820000.0,0.06,0.0,262.9,308.39,46.11,37.73,0.0
建研院,sh603183,4.79,4.77,4.79,28000.0,4.77,6700,4.79,31300,0.42,4.79,4.79,28000,130000.0,0.01,0.0,23.81,23.81,5.25,4.29,0.0
京泉华,sz002885,32.05,31.97,32.05,144100.0,32.05,2400,32.1,200,0.25,32.05,32.05,144100,4620000.0,0.06,0.0,76.04,86.83,35.17,28.77,0.0
长虹美菱,sz000521,4.9,4.9,4.9,27700.0,4.89,500,4.9,10100,0.0,4.9,4.9,27700,140000.0,0.0,0.0,42.89,50.47,5.39,4.41,0.0
中控技术,sh688777,96.51,96.81,96.51,3421800.0,96.3,1600,96.51,800,-0.31,96.51,96.51,3421800,3300000.0,0.0,0.0,759.73,763.58,116.17,77.45,0.0
三德科技,sz300515,16.4,16.51,16.4,22500.0,16.38,2900,16.4,300,-0.67,16.4,16.4,22500,370000.0,0.01,0.0,33.09,33.74,19.81,13.21,0.0
城投控股,sh600649,3.74,3.74,3.74,17700.0,3.73,71400,3.74,48100,0.0,3.74,3.74,17700,70000.0,0.0,0.0,93.19,93.19,4.11,3.37,0.0
公元股份,sz002641,3.94,3.94,3.94,17300.0,3.92,32700,3.94,600,0.0,3.94,3.94,17300,70000.0,0.0,0.0,44.68,48.43,4.33,3.55,0.0
天舟文化,sz300148,3.51,3.5,3.51,86800.0,3.5,1000,3.51,41700,0.29,3.51,3.51,86800,300000.0,0.01,0.0,28.58,29.59,4.2,2.8,0.0
迈赫股份,sz301199,18.65,18.64,18.65,2900.0,18.65,700,18.93,1000,0.05,18.65,18.65,2900,50000.0,0.0,0.0,33.51,34.82,22.37,14.91,0.0
ST派瑞,sz300831,15.11,15.27,15.11,38500.0,15.11,1100,15.24,400,-1.05,15.11,15.11,38500,580000.0,0.02,0.0,27.88,48.35,18.32,12.22,0.0
广汇物流,sh600603,4.53,4.53,4.53,100700.0,4.52,13200,4.53,1800,0.0,4.53,4.53,100700,460000.0,0.01,0.0,52.27,52.27,4.98,4.08,0.0
泰山石油,sz000554,6.53,6.41,6.53,160500.0,6.53,20800,6.54,21100,1.87,6.53,6.53,160500,1050000.0,0.04,0.0,23.46,31.18,7.05,5.77,0.0
文灿股份,sh603348,14.63,14.65,14.63,1900.0,14.63,100,14.64,50000,-0.14,14.63,14.63,1900,30000.0,0.0,0.0,46.01,46.01,16.12,13.19,0.0
筑博设计,sz300564,12.58,12.51,12.58,10100.0,12.52,1900,12.58,2600,0.56,12.58,12.58,10100,130000.0,0.01,0.0,14.24,20.29,15.01,10.01,0.0
ST晨鸣,sz000488,1.89,1.9,1.89,8500.0,1.89,149500,1.9,949000,-0.53,1.89,1.89,8500,20000.0,0.0,0.0,32.02,55.59,2.09,1.71,0.0
雷神科技,bj920190,26.3,26.31,26.3,14400.0,26.3,800,26.31,2100,-0.04,26.3,26.3,14400,378100.0,0.01,0.0,26.15,26.3,34.2,18.42,0.0
青矩技术,bj920208,12.15,12.15,12.15,24800.0,12.15,4100,12.2,200,0.0,12.15,12.15,24800,301100.0,0.02,0.0,19.59,22.63,15.79,8.51,0.0
致欧科技,sz301376,20.78,20.91,20.78,8200.0,20.65,100,20.78,900,-0.62,20.78,20.78,8200,170000.0,0.0,0.0,40.24,83.63,25.09,16.73,0.0
海天精工,sh601882,21.0,21.36,21.0,188200.0,21.0,66100,21.02,1300,-1.69,21.0,21.0,188200,3950000.0,0.04,0.0,109.62,109.62,23.5,19.22,0.0
蜀道装备,sz300540,34.16,34.08,34.16,106400.0,34.16,17000,34.19,100,0.23,34.16,34.16,106400,3630000.0,0.05,0.0,70.62,77.75,40.9,27.26,0.0
红墙股份,sz002809,8.5,8.55,8.5,57200.0,8.5,3600,8.52,1000,-0.58,8.5,8.5,57200,490000.0,0.03,0.0,14.45,20.42,9.41,7.7,0.0
安杰思,sh688581,53.21,53.71,53.21,206800.0,53.21,0,53.44,400,-0.93,53.21,53.21,206800,110000.0,0.01,0.0,21.91,42.96,64.45,42.97,0.0
禾迈股份,sh688032,78.47,78.7,78.47,40000.0,78.04,200,78.47,1400,-0.29,78.47,78.47,40000,30000.0,0.0,0.0,97.36,97.36,94.44,62.96,0.0
益佰制药,sh600594,3.94,3.93,3.94,259000.0,3.93,64000,3.94,35400,0.25,3.94,3.94,259000,1020000.0,0.03,0.0,30.91,30.91,4.32,3.54,0.0
冠盛股份,sh605088,21.42,21.43,21.42,9200.0,21.38,16300,21.42,900,-0.05,21.42,21.42,9200,200000.0,0.0,0.0,43.1,43.42,23.57,19.29,0.0
超达装备,sz301186,36.23,36.23,36.23,1600.0,36.08,2400,36.23,500,0.0,36.23,36.23,1600,60000.0,0.0,0.0,39.09,41.57,43.48,28.98,0.0
麦克奥迪,sz300341,13.12,13.14,13.12,6600.0,13.1,1500,13.12,100,-0.15,13.12,13.12,6600,90000.0,0.0,0.0,67.62,67.88,15.77,10.51,0.0
伟星股份,sz002003,10.14,10.06,10.14,46400.0,10.09,2900,10.14,600,0.8,10.14,10.14,46400,470000.0,0.0,0.0,103.64,120.55,11.07,9.05,0.0
神奇制药,sh600613,7.76,7.05,7.76,3172900.0,7.76,28272200,0.0,0,10.07,7.76,7.76,3172900,24620000.0,0.66,0.0,37.2,41.44,7.76,6.35,0.0
天风证券,sh601162,3.71,3.73,3.71,513700.0,3.71,626400,3.72,37900,-0.54,3.71,3.71,513700,1910000.0,0.01,0.0,318.98,373.74,4.1,3.36,0.0
九阳股份,sz002242,9.26,9.29,9.26,120600.0,9.26,19000,9.28,500,-0.32,9.26,9.26,120600,1120000.0,0.02,0.0,70.53,70.66,10.22,8.36,0.0
遥望科技,sz002291,5.48,5.48,5.48,69800.0,5.45,1300,5.48,30400,0.0,5.48,5.48,69800,380000.0,0.01,0.0,47.63,51.25,6.03,4.93,0.0
天富能源,sh600509,7.49,7.5,7.49,45200.0,7.49,5600,7.5,108600,-0.13,7.49,7.49,45200,340000.0,0.0,0.0,102.94,102.94,8.25,6.75,0.0
迈瑞医疗,sz300760,149.12,149.71,149.12,13200.0,149.12,1700,149.17,100,-0.39,149.12,149.12,13200,1970000.0,0.0,0.0,1805.34,1807.04,179.65,119.77,0.0
三利谱,sz002876,29.9,29.9,29.9,12200.0,29.8,2100,29.9,400,0.0,29.9,29.9,12200,360000.0,0.01,0.0,44.53,51.99,32.89,26.91,0.0
梦洁股份,sz002397,3.61,3.58,3.61,43200.0,3.58,3600,3.61,12700,0.84,3.61,3.61,43200,160000.0,0.01,0.0,23.39,26.99,3.94,3.22,0.0
健民集团,sh600976,28.54,28.54,28.54,6500.0,28.5,100,28.54,1100,0.0,28.54,28.54,6500,190000.0,0.0,0.0,43.75,43.78,31.39,25.69,0.0
国星光电,sz002449,6.6,6.59,6.6,5000.0,6.59,6800,6.6,2000,0.15,6.6,6.6,5000,30000.0,0.0,0.0,40.82,40.82,7.25,5.93,0.0
拓日新能,sz002218,4.11,4.12,4.11,182400.0,4.11,9600,4.12,62100,-0.24,4.11,4.11,182400,750000.0,0.01,0.0,57.03,57.88,4.53,3.71,0.0
金诚信,sh603979,76.58,77.59,76.58,22600.0,76.58,200,76.93,100,-1.3,76.58,76.58,22600,1730000.0,0.0,0.0,477.7,477.7,85.35,69.83,0.0
*ST亿通,sz300211,7.75,7.71,7.75,4000.0,7.72,7000,7.75,7100,0.52,7.75,7.75,4000,30000.0,0.0,0.0,23.13,23.55,9.25,6.17,0.0
中国外运,sh601598,6.58,6.58,6.58,28300.0,6.58,4000,6.59,2000,0.0,6.58,6.58,28300,190000.0,0.0,0.0,339.36,472.03,7.24,5.92,0.0
国货航,sz001391,4.18,4.2,4.18,63700.0,4.18,95300,4.19,4500,-0.48,4.18,4.18,63700,270000.0,0.0,0.0,63.51,510.33,4.62,3.78,0.0
英诺特,sh688253,60.42,60.42,60.42,1672100.0,60.42,2000,60.48,600,0.0,60.42,60.42,1672100,1010000.0,0.01,0.0,82.77,82.77,72.5,48.34,0.0
华纳药厂,sh688799,45.88,45.55,45.88,1264000.0,45.22,1700,45.88,300,0.72,45.88,45.88,1264000,580000.0,0.01,0.0,61.31,61.31,54.66,36.44,0.0
汇中股份,sz300371,10.46,10.5,10.46,8300.0,10.46,300,10.48,400,-0.38,10.46,10.46,8300,90000.0,0.01,0.0,14.64,21.05,12.6,8.4,0.0
金逸影视,sz002905,7.71,7.73,7.71,107300.0,7.7,2600,7.73,1000,-0.26,7.71,7.71,107300,830000.0,0.03,0.0,26.94,29.01,8.5,6.96,0.0
延江股份,sz300658,11.2,11.16,11.2,43900.0,11.18,100,11.2,7200,0.36,11.2,11.2,43900,490000.0,0.02,0.0,24.73,37.27,13.39,8.93,0.0
百奥赛图,sh688796,143.51,140.7,143.51,1862600.0,143.51,7200,143.66,4000,2.0,143.51,143.51,1862600,2670000.0,0.05,0.0,55.41,641.34,168.84,112.56,0.0
林海股份,sh600099,9.08,9.12,9.08,18100.0,9.07,12200,9.08,4600,-0.44,9.08,9.08,18100,160000.0,0.01,0.0,19.9,19.9,10.03,8.21,0.0
海澜之家,sh600398,5.91,5.92,5.91,86800.0,5.91,3200,5.92,31300,-0.17,5.91,5.91,86800,510000.0,0.0,0.0,283.84,283.84,6.51,5.33,0.0
摩尔线程-U,sh688795,584.99,590.0,584.99,1447800.0,584.68,200,584.99,2000,-0.85,584.99,584.99,1447800,8470000.0,0.05,0.0,176.82,2749.62,708.0,472.0,0.0
申通快递,sz002468,14.63,14.64,14.63,94700.0,14.62,500,14.63,26500,-0.07,14.63,14.63,94700,1390000.0,0.01,0.0,215.98,223.96,16.1,13.18,0.0
新柴股份,sz301032,10.17,10.19,10.17,4300.0,10.09,11100,10.17,3000,-0.2,10.17,10.17,4300,40000.0,0.0,0.0,16.26,24.52,12.23,8.15,0.0
星星科技,sz300256,2.75,2.73,2.75,127600.0,2.74,18200,2.75,55500,0.73,2.75,2.75,127600,350000.0,0.01,0.0,61.69,62.38,3.28,2.18,0.0
天润工业,sz002283,9.82,9.89,9.82,109100.0,9.82,7600,9.84,100,-0.71,9.82,9.82,109100,1070000.0,0.01,0.0,98.48,111.89,10.88,8.9,0.0
诚迈科技,sz300598,28.76,28.83,28.76,4100.0,28.75,500,28.76,2300,-0.24,28.76,28.76,4100,120000.0,0.0,0.0,62.39,62.4,34.6,23.06,0.0
漫步者,sz002351,9.88,9.87,9.88,9800.0,9.87,100,9.88,12700,0.1,9.88,9.88,9800,100000.0,0.0,0.0,51.48,87.84,10.86,8.88,0.0
九洲集团,sz300040,6.18,6.19,6.18,105300.0,6.16,6700,6.18,69100,-0.16,6.18,6.18,105300,650000.0,0.02,0.0,31.97,39.76,7.43,4.95,0.0
汇宇制药-W,sh688553,12.5,12.55,12.5,370800.0,12.5,2300,12.58,500,-0.4,12.5,12.5,370800,50000.0,0.0,0.0,63.43,78.24,15.06,10.04,0.0
美新科技,sz301588,32.0,32.0,32.0,8200.0,31.92,4000,32.0,6300,0.0,32.0,32.0,8200,260000.0,0.01,0.0,23.47,38.04,38.4,25.6,0.0
宝莱特,sz300246,18.84,18.92,18.84,52300.0,18.84,4700,18.92,300,-0.42,18.84,18.84,52300,990000.0,0.02,0.0,39.84,49.85,22.7,15.14,0.0
千味央厨,sz001215,33.43,33.4,33.43,2300.0,33.43,100,33.44,1000,0.09,33.43,33.43,2300,80000.0,0.0,0.0,32.39,32.48,36.74,30.06,0.0
英力股份,sz300956,11.47,11.41,11.47,23600.0,11.47,7000,11.49,2200,0.53,11.47,11.47,23600,270000.0,0.01,0.0,24.14,24.71,13.69,9.13,0.0
恒顺醋业,sh600305,6.78,6.81,6.78,33000.0,6.77,3000,6.78,7800,-0.44,6.78,6.78,33000,220000.0,0.0,0.0,74.78,74.9,7.49,6.13,0.0
洽洽食品,sz002557,19.06,19.09,19.06,9700.0,19.03,3100,19.06,2200,-0.16,19.06,19.06,9700,180000.0,0.0,0.0,96.11,96.42,21.0,17.18,0.0
德展健康,sz000813,3.5,3.53,3.5,100000.0,3.5,24200,3.51,2100,-0.85,3.5,3.5,100000,350000.0,0.0,0.0,73.39,73.4,3.88,3.18,0.0
ST龙韵,sh603729,11.45,11.46,11.45,900.0,11.37,5000,11.48,300,-0.09,11.45,11.45,900,10000.0,0.0,0.0,10.55,10.55,12.61,10.31,0.0
拓山重工,sz001226,44.94,44.93,44.94,5900.0,44.94,2100,45.6,300,0.02,44.94,44.94,5900,270000.0,0.02,0.0,15.25,33.56,49.42,40.44,0.0
外高桥,sh600648,9.0,9.0,9.0,400.0,8.95,6000,9.0,6900,0.0,9.0,9.0,400,0.0,0.0,0.0,102.4,122.39,9.9,8.1,0.0
招商港口,sz001872,22.12,21.79,22.12,45300.0,22.09,1000,22.12,400,1.51,22.12,22.12,45300,1000000.0,0.0,0.0,509.26,549.05,23.97,19.61,0.0
国科微,sz300672,199.0,196.0,199.0,291000.0,198.95,1900,199.0,39900,1.53,199.0,199.0,291000,57910000.0,0.14,0.0,418.57,432.03,235.2,156.8,0.0
公牛集团,sh603195,39.54,39.81,39.54,105100.0,39.54,1000,39.6,5800,-0.68,39.54,39.54,105100,4160000.0,0.01,0.0,711.78,713.08,43.79,35.83,0.0
欣灵电气,sz301388,24.69,24.46,24.69,8500.0,24.53,1300,24.69,700,0.94,24.69,24.69,8500,210000.0,0.01,0.0,17.95,25.29,29.35,19.57,0.0
五洋自控,sz300420,8.08,8.29,8.08,828800.0,8.08,19100,8.1,69100,-2.53,8.08,8.08,828800,6700000.0,0.07,0.0,90.19,90.2,9.95,6.63,0.0
爱科科技,sh688092,22.86,22.94,22.86,116000.0,22.86,200,22.98,1000,-0.35,22.86,22.86,116000,30000.0,0.0,0.0,18.9,18.9,27.53,18.35,0.0
埃夫特-U,sh688165,17.7,17.68,17.7,1005800.0,17.68,700,17.7,600,0.11,17.7,17.7,1005800,180000.0,0.0,0.0,92.36,92.36,21.22,14.14,0.0
乐山电力,sh600644,9.31,9.3,9.31,89800.0,9.3,12600,9.31,7000,0.11,9.31,9.31,89800,840000.0,0.02,0.0,50.13,53.84,10.23,8.37,0.0
青山纸业,sh600103,3.0,3.02,3.0,666400.0,2.99,317300,3.0,671900,-0.66,3.0,3.0,666400,2000000.0,0.03,0.0,66.37,67.22,3.32,2.72,0.0
英华特,sz301272,34.9,34.71,34.9,1100.0,34.8,1300,34.9,1000,0.55,34.9,34.9,1100,40000.0,0.0,0.0,13.85,20.42,41.65,27.77,0.0
亚星锚链,sh601890,9.0,9.01,9.0,339300.0,8.99,3600,9.0,36400,-0.11,9.0,9.0,339300,3050000.0,0.04,0.0,86.35,86.35,9.91,8.11,0.0
华钰矿业,sh601020,22.14,22.09,22.14,183500.0,22.14,40400,22.15,100,0.23,22.14,22.14,183500,4060000.0,0.02,0.0,181.54,181.54,24.3,19.88,0.0
新黄浦,sh600638,4.97,4.96,4.97,8000.0,4.96,400,4.97,19600,0.2,4.97,4.97,8000,40000.0,0.0,0.0,33.47,33.47,5.46,4.46,0.0
宁波华翔,sz002048,20.3,20.3,20.3,112600.0,20.29,100,20.3,13600,0.0,20.3,20.3,112600,2290000.0,0.02,0.0,143.76,164.88,22.33,18.27,0.0
晋控煤业,sh601001,17.12,17.12,17.12,24300.0,17.1,300,17.12,7500,0.0,17.12,17.12,24300,420000.0,0.0,0.0,286.54,286.54,18.83,15.41,0.0
北自科技,sh603082,45.0,44.17,45.0,78700.0,44.5,100,45.0,2100,1.88,45.0,45.0,78700,3540000.0,0.19,0.0,18.25,74.96,48.59,39.75,0.0
梓橦宫,bj920566,10.05,10.05,10.05,13600.0,10.02,3000,10.05,5500,0.0,10.05,10.05,13600,136400.0,0.01,0.0,11.29,14.52,13.06,7.04,0.0
蠡湖股份,sz300694,10.96,11.02,10.96,4700.0,10.95,1600,11.02,2100,-0.54,10.96,10.96,4700,50000.0,0.0,0.0,23.76,23.79,13.22,8.82,0.0
泰凌微,sh688591,28.5,28.57,28.5,2311400.0,28.45,400,28.5,300,-0.25,28.5,28.5,2311400,660000.0,0.01,0.0,48.24,68.85,34.28,22.86,0.0
毕得医药,sh688073,81.83,81.84,81.83,2353200.0,81.0,400,81.83,5700,-0.01,81.83,81.83,2353200,1930000.0,0.03,0.0,74.37,74.37,98.21,65.47,0.0
碧水源,sz300070,3.45,3.46,3.45,131300.0,3.45,398800,3.46,54300,-0.29,3.45,3.45,131300,450000.0,0.0,0.0,118.5,125.04,4.15,2.77,0.0
中信特钢,sz000708,13.78,13.8,13.78,33300.0,13.76,1500,13.78,19500,-0.14,13.78,13.78,33300,460000.0,0.0,0.0,695.5,695.5,15.18,12.42,0.0
珍宝岛,sh603567,6.5,6.62,6.5,342700.0,6.5,18900,6.51,1900,-1.81,6.5,6.5,342700,2230000.0,0.04,0.0,61.06,61.12,7.28,5.96,0.0
衢州发展,sh600208,3.03,3.02,3.03,436300.0,3.02,291100,3.03,155500,0.33,3.03,3.03,436300,1320000.0,0.01,0.0,257.79,257.82,3.32,2.72,0.0
科威尔,sh688551,43.43,43.31,43.43,1556000.0,43.43,1100,43.48,200,0.28,43.43,43.43,1556000,680000.0,0.01,0.0,47.34,47.34,51.97,34.65,0.0
哈尔斯,sz002615,6.76,6.76,6.76,39700.0,6.76,5300,6.77,3000,0.0,6.76,6.76,39700,270000.0,0.01,0.0,20.43,37.84,7.44,6.08,0.0
ST雪发,sz002485,6.05,6.09,6.05,39800.0,6.05,5000,6.11,26200,-0.66,6.05,6.05,39800,240000.0,0.01,0.0,32.91,32.91,6.7,5.48,0.0
农 产 品,sz000061,5.81,5.84,5.81,140700.0,5.8,13200,5.81,4500,-0.51,5.81,5.81,140700,820000.0,0.01,0.0,104.25,115.33,6.42,5.26,0.0
瀚蓝环境,sh600323,29.43,29.42,29.43,4300.0,29.43,900,29.45,1000,0.03,29.43,29.43,4300,130000.0,0.0,0.0,239.96,239.96,32.36,26.48,0.0
安利股份,sz300218,12.79,12.88,0.0,0.0,12.79,10000,12.89,2000,-0.7,0.0,0.0,0,0.0,0.0,0.0,27.66,27.75,15.46,10.3,0.0
平治信息,sz300571,34.73,35.04,34.73,21600.0,34.68,600,34.74,400,-0.88,34.73,34.73,21600,750000.0,0.02,0.0,40.16,48.46,42.05,28.03,0.0
中设咨询,bj920873,7.07,7.1,7.07,100.0,7.04,3300,7.08,4000,-0.42,7.07,7.07,100,700.0000000000001,0.0,0.0,8.47,10.84,9.23,4.97,0.0
康美药业,sh600518,1.42,1.41,1.42,736300.0,1.41,1392800,1.42,2936300,0.71,1.42,1.42,736300,1050000.0,0.01,0.0,196.28,196.37,1.55,1.27,0.0
宝利国际,sz300135,3.37,3.35,3.37,71800.0,3.35,30400,3.37,5400,0.6,3.37,3.37,71800,240000.0,0.01,0.0,31.06,31.06,4.02,2.68,0.0
上声电子,sh688533,21.74,21.64,21.74,1000000.0,21.65,7700,21.74,3400,0.46,21.74,21.74,1000000,220000.0,0.01,0.0,35.87,35.87,25.97,17.31,0.0
展鹏科技,sh603488,8.6,8.61,8.6,43500.0,8.59,1100,8.6,13100,-0.12,8.6,8.6,43500,370000.0,0.01,0.0,25.11,25.11,9.47,7.75,0.0
天下秀,sh600556,4.89,4.93,4.89,73900.0,4.88,19500,4.89,11300,-0.81,4.89,4.89,73900,360000.0,0.0,0.0,88.4,88.4,5.42,4.44,0.0
每日互动,sz300766,23.98,24.07,23.98,152800.0,23.95,1200,23.98,4700,-0.37,23.98,23.98,152800,3660000.0,0.04,0.0,85.83,94.66,28.88,19.26,0.0
珠江啤酒,sz002461,8.66,8.66,8.66,10400.0,8.66,20400,8.69,300,0.0,8.66,8.66,10400,90000.0,0.0,0.0,191.67,191.67,9.53,7.79,0.0
浪潮软件,sh600756,14.8,14.86,14.8,58800.0,14.78,3100,14.8,20800,-0.4,14.8,14.8,58800,870000.0,0.02,0.0,47.97,51.75,16.35,13.37,0.0
华光环能,sh600475,14.9,14.99,14.9,59200.0,14.88,1000,14.9,5600,-0.6,14.9,14.9,59200,880000.0,0.01,0.0,140.49,142.44,16.49,13.49,0.0
新光药业,sz300519,14.64,14.7,14.64,7600.0,14.63,5000,14.65,2500,-0.41,14.64,14.64,7600,110000.0,0.01,0.0,16.7,23.42,17.64,11.76,0.0
华东重机,sz002685,5.83,5.86,5.83,207100.0,5.82,24100,5.83,20400,-0.51,5.83,5.83,207100,1210000.0,0.02,0.0,58.74,58.75,6.45,5.27,0.0
幸福蓝海,sz300528,13.37,13.58,13.37,107200.0,13.36,2000,13.4,1500,-1.55,13.37,13.37,107200,1430000.0,0.03,0.0,49.82,49.82,16.3,10.86,0.0
中船科技,sh600072,8.9,8.91,8.9,42500.0,8.88,11200,8.9,100,-0.11,8.9,8.9,42500,380000.0,0.0,0.0,96.42,133.56,9.8,8.02,0.0
东方中科,sz002819,20.66,20.71,20.66,3500.0,20.52,5000,20.66,1500,-0.24,20.66,20.66,3500,70000.0,0.0,0.0,49.12,61.9,22.78,18.64,0.0
羚锐制药,sh600285,19.41,19.49,19.41,109100.0,19.41,8800,19.45,9100,-0.41,19.41,19.41,109100,2120000.0,0.02,0.0,109.96,110.08,21.44,17.54,0.0
创力集团,sh603012,9.1,9.22,9.1,154600.0,9.1,2400,9.12,300,-1.3,9.1,9.1,154600,1410000.0,0.02,0.0,58.83,58.83,10.14,8.3,0.0
稳健医疗,sz300888,29.27,29.38,29.27,4500.0,29.27,500,29.29,200,-0.37,29.27,29.27,4500,130000.0,0.0,0.0,169.87,170.64,35.26,23.5,0.0
三变科技,sz002112,17.36,17.08,17.36,280900.0,17.36,17500,17.37,100,1.64,17.36,17.36,280900,4880000.0,0.11,0.0,45.5,51.06,18.79,15.37,0.0
汉缆股份,sz002498,6.75,6.77,6.75,388000.0,6.74,2000,6.75,18300,-0.3,6.75,6.75,388000,2620000.0,0.01,0.0,224.56,224.56,7.45,6.09,0.0
巴兰仕,bj920112,16.48,16.3,16.48,3000.0,16.3,300,16.48,1100,1.1,16.48,16.48,3000,49400.00000000001,0.01,0.0,5.74,19.58,21.19,11.41,0.0
罗普斯金,sz002333,5.58,5.58,5.58,12900.0,5.57,400,5.58,5400,0.0,5.58,5.58,12900,70000.0,0.0,0.0,37.19,37.66,6.14,5.02,0.0
爱乐达,sz300696,22.0,22.16,22.0,9400.0,22.0,2800,22.08,900,-0.72,22.0,22.0,9400,210000.0,0.0,0.0,58.76,64.73,26.59,17.73,0.0
金鹰重工,sz301048,9.09,9.11,9.09,20300.0,9.05,3100,9.09,1200,-0.22,9.09,9.09,20300,180000.0,0.0,0.0,48.48,48.48,10.93,7.29,0.0
宏昌科技,sz301008,40.33,40.92,40.33,179100.0,40.33,800,40.35,1700,-1.44,40.33,40.33,179100,7220000.0,0.15,0.0,46.64,52.82,49.1,32.74,0.0
亚厦股份,sz002375,3.67,3.67,3.67,116300.0,3.66,7500,3.67,2500,0.0,3.67,3.67,116300,430000.0,0.01,0.0,48.85,49.18,4.04,3.3,0.0
安凯微,sh688620,16.54,16.51,16.54,2452200.0,16.54,1800,16.58,600,0.18,16.54,16.54,2452200,410000.0,0.01,0.0,64.84,64.84,19.81,13.21,0.0
祥生医疗,sh688358,29.83,29.92,29.83,156800.0,29.78,200,29.83,900,-0.3,29.83,29.83,156800,50000.0,0.0,0.0,33.4,33.45,35.9,23.94,0.0
太平鸟,sh603877,13.14,13.2,13.14,17000.0,13.13,300,13.14,2800,-0.45,13.14,13.14,17000,220000.0,0.0,0.0,61.67,61.75,14.52,11.88,0.0
中储股份,sh600787,4.56,4.57,4.56,5700.0,4.55,73600,4.56,44700,-0.22,4.56,4.56,5700,30000.0,0.0,0.0,98.96,98.96,5.03,4.11,0.0
凤凰股份,sh600716,3.57,3.55,3.57,56200.0,3.54,16500,3.57,23600,0.56,3.57,3.57,56200,200000.0,0.01,0.0,33.42,33.42,3.91,3.2,0.0
弘景光电,sz301479,56.39,55.5,56.39,31400.0,56.0,200,56.39,7700,1.6,56.39,56.39,31400,1770000.0,0.04,0.0,40.21,70.23,66.6,44.4,0.0
中天火箭,sz003009,51.43,51.44,51.43,14400.0,51.43,200,51.44,100,-0.02,51.43,51.43,14400,740000.0,0.01,0.0,84.7,84.71,56.58,46.3,0.0
奥美医疗,sz002950,9.47,9.49,9.47,7200.0,9.47,400,9.48,200,-0.21,9.47,9.47,7200,70000.0,0.0,0.0,40.69,59.97,10.44,8.54,0.0
乔锋智能,sz301603,130.15,131.02,130.15,4000.0,130.15,100,131.0,100,-0.66,130.15,130.15,4000,520000.0,0.01,0.0,49.11,157.17,157.22,104.82,0.0
瑞凌股份,sz300154,11.73,11.49,11.73,168200.0,11.73,2900,11.75,2500,2.09,11.73,11.73,168200,1970000.0,0.05,0.0,36.97,52.73,13.79,9.19,0.0
上海汽配,sh603107,12.08,12.08,12.08,100.0,12.07,6300,12.08,4200,0.0,12.08,12.08,100,0.0,0.0,0.0,26.36,40.75,13.29,10.87,0.0
红太阳,sz000525,4.45,4.53,4.45,1028900.0,4.45,135500,4.46,2000,-1.77,4.45,4.45,1028900,4580000.0,0.09,0.0,49.47,57.98,4.98,4.08,0.0
林州重机,sz002535,2.54,2.54,2.54,68000.0,2.54,9500,2.55,2900,0.0,2.54,2.54,68000,170000.0,0.01,0.0,18.96,20.36,2.79,2.29,0.0
鼎际得,sh603255,29.2,29.2,29.2,2200.0,29.19,200,29.2,300,0.0,29.2,29.2,2200,60000.0,0.0,0.0,17.72,39.3,32.12,26.28,0.0
亿华通-U,sh688339,17.97,17.9,17.97,1060000.0,17.93,8000,17.97,5300,0.39,17.97,17.97,1060000,190000.0,0.01,0.0,35.18,43.22,21.48,14.32,0.0
神州泰岳,sz300002,8.25,8.28,8.25,73200.0,8.24,6500,8.25,7500,-0.36,8.25,8.25,73200,600000.0,0.0,0.0,152.71,162.29,9.94,6.62,0.0
声迅股份,sz003004,74.76,74.72,74.76,7600.0,74.75,400,74.89,100,0.05,74.76,74.76,7600,570000.0,0.01,0.0,51.39,61.2,82.19,67.25,0.0
利通电子,sh603629,138.85,142.84,138.85,539900.0,138.85,9700,138.87,4300,-2.79,138.85,138.85,539900,74970000.0,0.15,0.0,500.86,509.2,157.12,128.56,0.0
湖南投资,sz000548,4.48,4.49,4.48,21200.0,4.48,10700,4.49,100,-0.22,4.48,4.48,21200,90000.0,0.0,0.0,22.36,22.36,4.94,4.04,0.0
艾德生物,sz300685,18.93,18.95,18.93,30600.0,18.89,16000,18.93,5500,-0.11,18.93,18.93,30600,580000.0,0.01,0.0,73.75,73.85,22.74,15.16,0.0
祥源新材,sz300980,23.5,23.64,23.5,49800.0,23.5,700,23.56,14200,-0.59,23.5,23.5,49800,1170000.0,0.05,0.0,23.11,32.45,28.37,18.91,0.0
精华制药,sz002349,7.1,7.12,7.1,67100.0,7.1,4000,7.11,300,-0.28,7.1,7.1,67100,480000.0,0.01,0.0,57.81,59.01,7.83,6.41,0.0
道恩股份,sz002838,27.47,27.19,27.47,365100.0,27.46,100,27.47,17800,1.03,27.47,27.47,365100,10030000.0,0.09,0.0,115.55,131.42,29.91,24.47,0.0
正裕工业,sh603089,11.8,10.73,11.8,1486800.0,11.8,7065600,0.0,0,9.97,11.8,11.8,1486800,17540000.0,0.62,0.0,28.32,32.53,11.8,9.66,0.0
古越龙山,sh600059,8.07,8.05,8.07,33300.0,8.07,1800,8.08,2200,0.25,8.07,8.07,33300,270000.0,0.0,0.0,73.56,73.56,8.86,7.25,0.0
国机通用,sh600444,13.97,13.97,13.97,14100.0,13.96,900,13.97,9300,0.0,13.97,13.97,14100,200000.0,0.01,0.0,20.46,20.46,15.37,12.57,0.0
三博脑科,sz301293,57.0,57.3,57.0,14600.0,56.96,300,57.0,200,-0.52,57.0,57.0,14600,830000.0,0.01,0.0,117.41,117.41,68.76,45.84,0.0
西昌电力,sh600505,11.07,10.93,11.07,101800.0,11.02,100,11.07,3500,1.28,11.07,11.07,101800,1130000.0,0.03,0.0,40.36,40.36,12.02,9.84,0.0
明微电子,sh688699,67.18,67.18,67.18,3134200.0,66.72,500,67.18,100,0.0,67.18,67.18,3134200,2110000.0,0.03,0.0,73.94,73.94,80.62,53.74,0.0
金帝股份,sh603270,29.43,29.43,29.43,5200.0,29.43,1700,29.55,300,0.0,29.43,29.43,5200,150000.0,0.01,0.0,20.81,64.48,32.37,26.49,0.0
贵绳股份,sh600992,9.98,10.05,9.98,12800.0,9.97,4100,9.98,900,-0.7,9.98,9.98,12800,130000.0,0.01,0.0,24.46,24.46,11.06,9.05,0.0
赛伦生物,sh688163,34.95,34.6,34.95,307100.0,34.6,200,34.95,100,1.01,34.95,34.95,307100,110000.0,0.0,0.0,37.82,37.82,41.52,27.68,0.0
中密控股,sz300470,28.59,28.47,28.59,18200.0,28.55,400,28.59,2700,0.42,28.59,28.59,18200,520000.0,0.01,0.0,56.42,59.45,34.16,22.78,0.0
捷昌驱动,sh603583,24.32,24.35,24.32,10600.0,24.25,300,24.32,100,-0.12,24.32,24.32,10600,260000.0,0.0,0.0,92.96,93.82,26.79,21.92,0.0
神州细胞,sh688520,38.87,39.23,38.87,1310000.0,38.87,1500,38.88,2000,-0.92,38.87,38.87,1310000,510000.0,0.0,0.0,173.1,182.82,47.08,31.38,0.0
海尔生物,sh688139,28.93,29.03,28.93,669400.0,28.93,1400,29.05,200,-0.34,28.93,28.93,669400,190000.0,0.0,0.0,91.56,91.56,34.84,23.22,0.0
ST嘉澳,sh603822,57.0,56.75,57.0,1800.0,56.4,1300,57.0,400,0.44,57.0,57.0,1800,100000.0,0.0,0.0,43.79,43.79,62.43,51.08,0.0
普莱柯,sh603566,10.49,10.49,10.49,7300.0,10.49,2000,10.5,1200,0.0,10.49,10.49,7300,80000.0,0.0,0.0,36.3,36.3,11.54,9.44,0.0
蓝箭电子,sz301348,22.28,22.37,22.28,114300.0,22.28,22600,22.37,300,-0.4,22.28,22.28,114300,2550000.0,0.06,0.0,43.11,53.47,26.84,17.9,0.0
意华股份,sz002897,61.7,61.82,61.7,25000.0,61.51,100,61.7,300,-0.19,61.7,61.7,25000,1540000.0,0.01,0.0,113.79,119.62,68.0,55.64,0.0
致尚科技,sz301486,181.01,182.48,181.01,44300.0,181.01,3100,181.5,200,-0.81,181.01,181.01,44300,8020000.0,0.06,0.0,132.01,233.12,218.98,145.98,0.0
秀强股份,sz300160,4.4,4.41,4.4,16100.0,4.39,12500,4.4,200,-0.23,4.4,4.4,16100,70000.0,0.0,0.0,33.54,34.01,5.29,3.53,0.0
中英科技,sz300936,86.28,86.75,86.28,17800.0,86.28,900,86.68,200,-0.54,86.28,86.28,17800,1540000.0,0.04,0.0,40.92,64.88,104.1,69.4,0.0
首航新能,sz301658,24.88,24.9,24.88,19600.0,24.8,2000,24.88,1200,-0.08,24.88,24.88,19600,490000.0,0.02,0.0,24.24,102.6,29.88,19.92,0.0
芒果超媒,sz300413,15.29,15.42,15.29,294100.0,15.29,70300,15.38,400,-0.84,15.29,15.29,294100,4500000.0,0.03,0.0,156.22,286.03,18.5,12.34,0.0
湖北广电,sz000665,4.12,4.17,4.12,636100.0,4.11,64800,4.12,54400,-1.2,4.12,4.12,636100,2620000.0,0.06,0.0,46.85,46.85,4.59,3.75,0.0
昆工科技,bj920152,13.01,13.02,13.01,2900.0,13.01,700,13.09,1000,-0.08,13.01,13.01,2900,38200.0,0.0,0.0,10.68,14.32,16.92,9.12,0.0
国科天成,sz301571,68.8,69.13,68.8,3700.0,68.68,2000,68.8,100,-0.48,68.8,68.8,3700,250000.0,0.0,0.0,81.99,123.45,82.96,55.3,0.0
中机认检,sz301508,23.84,24.05,23.84,4000.0,23.84,200,23.99,2100,-0.87,23.84,23.84,4000,100000.0,0.01,0.0,14.03,53.9,28.86,19.24,0.0
奥飞数据,sz300738,23.5,23.62,23.5,316900.0,23.49,1400,23.5,3000,-0.51,23.5,23.5,316900,7450000.0,0.03,0.0,231.45,231.52,28.34,18.9,0.0
仁智股份,sz002629,4.84,4.81,4.84,32700.0,4.83,1400,4.84,6100,0.62,4.84,4.84,32700,160000.0,0.01,0.0,17.53,20.62,5.29,4.33,0.0
恩华药业,sz002262,22.16,21.67,22.16,264400.0,22.16,25200,22.17,100,2.26,22.16,22.16,264400,5860000.0,0.03,0.0,195.84,225.1,23.84,19.5,0.0
华阳智能,sz301502,54.5,54.4,54.5,4000.0,54.45,800,54.51,1300,0.18,54.5,54.5,4000,220000.0,0.02,0.0,12.85,31.11,65.28,43.52,0.0
苏豪弘业,sh600128,8.26,8.25,8.26,15800.0,8.25,6600,8.26,100,0.12,8.26,8.26,15800,130000.0,0.01,0.0,20.38,20.79,9.08,7.43,0.0
海能达,sz002583,8.28,8.32,8.28,11600.0,8.27,50300,8.28,300,-0.48,8.28,8.28,11600,100000.0,0.0,0.0,106.21,150.58,9.15,7.49,0.0
分众传媒,sz002027,4.95,4.95,4.95,584800.0,4.94,40700,4.95,128100,0.0,4.95,4.95,584800,2890000.0,0.0,0.0,714.89,714.89,5.45,4.46,0.0
赛分科技,sh688758,28.91,29.2,28.91,2968300.0,28.9,200,28.91,600,-0.99,28.91,28.91,2968300,860000.0,0.01,0.0,86.2,120.4,35.04,23.36,0.0
用友网络,sh600588,11.5,11.62,11.5,170600.0,11.48,6000,11.5,11900,-1.03,11.5,11.5,170600,1960000.0,0.0,0.0,392.95,392.95,12.78,10.46,0.0
儒竞科技,sz301525,42.21,42.04,42.21,1000.0,42.06,200,42.24,200,0.4,42.21,42.21,1000,40000.0,0.0,0.0,29.19,55.73,50.45,33.63,0.0
诺唯赞,sh688105,23.35,23.54,23.35,10113900.0,23.34,700,23.35,5400,-0.81,23.35,23.35,10113900,2360000.0,0.02,0.0,120.72,120.72,28.25,18.83,0.0
万孚生物,sz300482,17.42,17.42,17.42,25700.0,17.4,1000,17.42,2700,0.0,17.42,17.42,25700,450000.0,0.01,0.0,74.92,81.54,20.9,13.94,0.0
成飞集成,sz002190,25.2,25.02,25.2,99500.0,25.2,20600,25.22,300,0.72,25.2,25.2,99500,2510000.0,0.03,0.0,90.4,90.4,27.52,22.52,0.0
世茂能源,sh605028,24.72,24.79,24.72,200.0,24.72,2600,24.82,100,-0.28,24.72,24.72,200,0.0,0.0,0.0,39.55,39.55,27.27,22.31,0.0
蔚蓝生物,sh603739,12.54,12.55,12.54,36400.0,12.54,1800,12.55,1000,-0.08,12.54,12.54,36400,460000.0,0.01,0.0,31.73,31.73,13.81,11.3,0.0
昊海生科,sh688366,32.4,32.43,32.4,40000.0,32.4,1200,32.42,100,-0.09,32.4,32.4,40000,10000.0,0.0,0.0,62.87,74.14,38.92,25.94,0.0
汉桑科技,sz301491,41.19,41.17,41.19,4800.0,41.1,100,41.19,900,0.05,41.19,41.19,4800,200000.0,0.01,0.0,15.76,53.14,49.4,32.94,0.0
苏 泊 尔,sz002032,41.09,41.2,41.09,6900.0,41.05,500,41.09,600,-0.27,41.09,41.09,6900,280000.0,0.0,0.0,328.51,328.66,45.32,37.08,0.0
京仪装备,sh688652,163.35,162.8,163.35,1129000.0,163.35,900,163.45,200,0.34,163.35,163.35,1129000,1840000.0,0.01,0.0,197.25,274.43,195.36,130.24,0.0
天壕能源,sz300332,4.81,4.8,4.81,83900.0,4.81,17300,4.82,2300,0.21,4.81,4.81,83900,400000.0,0.01,0.0,39.08,40.77,5.76,3.84,0.0
巨力索具,sz002342,8.53,8.4,8.53,391800.0,8.52,9400,8.53,6600,1.55,8.53,8.53,391800,3340000.0,0.04,0.0,81.44,81.89,9.24,7.56,0.0
华强科技,sh688151,16.9,16.91,16.9,722300.0,16.86,17600,16.9,700,-0.06,16.9,16.9,722300,120000.0,0.0,0.0,58.22,58.22,20.29,13.53,0.0
哈药股份,sh600664,8.93,9.01,8.93,4199600.0,8.92,982800,8.93,10800,-0.89,8.93,8.93,4199600,37500000.0,0.17,0.0,224.9,224.9,9.91,8.11,0.0
杭州园林,sz300649,26.66,26.35,26.66,61100.0,26.63,100,26.66,11900,1.18,26.66,26.66,61100,1630000.0,0.06,0.0,28.29,35.3,31.62,21.08,0.0
新城控股,sh601155,11.1,11.12,11.1,246400.0,11.09,100,11.1,3600,-0.18,11.1,11.1,246400,2740000.0,0.01,0.0,250.37,250.37,12.23,10.01,0.0
XD国网信,sh600131,15.78,15.7,15.78,51800.0,15.78,1200,15.8,300,0.51,15.78,15.78,51800,820000.0,0.0,0.0,188.71,188.88,17.27,14.13,0.0
天有为,sh603202,52.65,52.65,52.65,3200.0,52.65,1200,52.69,400,0.0,52.65,52.65,3200,170000.0,0.01,0.0,26.44,84.24,57.92,47.39,0.0
正丹股份,sz300641,15.0,15.01,15.0,87300.0,15.0,13300,15.01,500,-0.07,15.0,15.0,87300,1310000.0,0.02,0.0,78.83,78.83,18.01,12.01,0.0
富春股份,sz300299,5.47,5.5,5.47,41700.0,5.46,3100,5.47,19300,-0.55,5.47,5.47,41700,230000.0,0.01,0.0,37.71,37.76,6.6,4.4,0.0
创耀科技,sh688259,32.12,32.07,32.12,170000.0,32.07,500,32.12,300,0.16,32.12,32.12,170000,50000.0,0.0,0.0,35.88,35.88,38.48,25.66,0.0
佳士科技,sz300193,7.8,7.79,7.8,2000.0,7.79,100,7.81,17300,0.13,7.8,7.8,2000,20000.0,0.0,0.0,32.71,37.15,9.35,6.23,0.0
开立医疗,sz300633,20.55,20.55,20.55,6800.0,20.53,200,20.55,1100,0.0,20.55,20.55,6800,140000.0,0.0,0.0,53.45,87.3,24.66,16.44,0.0
泰鸿万立,sh603210,13.68,13.74,13.68,7100.0,13.68,3300,13.7,1400,-0.44,13.68,13.68,7100,100000.0,0.0,0.0,31.83,46.57,15.11,12.37,0.0
神农集团,sh605296,30.55,30.7,30.55,8800.0,30.55,600,30.61,3500,-0.49,30.55,30.55,8800,270000.0,0.0,0.0,158.24,160.76,33.77,27.63,0.0
杰克科技,sh603337,39.93,39.93,39.93,18800.0,39.91,200,39.93,1400,0.0,39.93,39.93,18800,750000.0,0.0,0.0,186.48,190.22,43.92,35.94,0.0
长城科技,sh603897,31.5,32.01,31.5,137800.0,31.5,11700,31.54,400,-1.59,31.5,31.5,137800,4340000.0,0.07,0.0,65.03,65.03,35.21,28.81,0.0
南极电商,sz002127,2.99,3.0,2.99,37500.0,2.98,136400,2.99,24300,-0.33,2.99,2.99,37500,110000.0,0.0,0.0,59.64,73.4,3.3,2.7,0.0
中铁装配,sz300374,10.95,11.0,10.95,16300.0,10.95,500,11.0,400,-0.45,10.95,10.95,16300,180000.0,0.01,0.0,26.92,26.93,13.2,8.8,0.0
大有能源,sh600403,6.29,6.3,6.29,246000.0,6.27,1000,6.29,7700,-0.16,6.29,6.29,246000,1550000.0,0.01,0.0,150.38,150.38,6.93,5.67,0.0
中国医药,sh600056,9.48,9.5,9.48,105400.0,9.46,500,9.48,32800,-0.21,9.48,9.48,105400,1000000.0,0.01,0.0,141.76,141.81,10.45,8.55,0.0
世纪瑞尔,sz300150,4.33,4.33,4.33,13000.0,4.33,2500,4.34,1000,0.0,4.33,4.33,13000,60000.0,0.0,0.0,20.08,25.34,5.2,3.46,0.0
聚灿光电,sz300708,8.23,8.23,8.23,40500.0,8.2,3000,8.23,33900,0.0,8.23,8.23,40500,330000.0,0.01,0.0,58.8,77.64,9.88,6.58,0.0
承德露露,sz000848,8.11,8.16,8.11,322900.0,8.11,87300,8.13,10500,-0.61,8.11,8.11,322900,2620000.0,0.03,0.0,81.96,82.72,8.98,7.34,0.0
紫光国微,sz002049,68.0,68.3,68.0,114200.0,67.98,600,68.0,8400,-0.44,68.0,68.0,114200,7770000.0,0.01,0.0,573.32,573.4,75.13,61.47,0.0
铜牛信息,sz300895,57.41,58.81,57.41,299100.0,57.41,300,57.47,200,-2.38,57.41,57.41,299100,17170000.0,0.22,0.0,79.32,80.83,70.57,47.05,0.0
畅联股份,sh603648,9.16,9.18,9.16,1900.0,9.16,1000,9.18,100,-0.22,9.16,9.16,1900,20000.0,0.0,0.0,33.2,33.2,10.1,8.26,0.0
湖南海利,sh600731,5.82,5.81,5.82,16200.0,5.81,800,5.82,32300,0.17,5.82,5.82,16200,90000.0,0.0,0.0,31.53,32.23,6.39,5.23,0.0
安靠智电,sz300617,44.99,44.99,44.99,28400.0,44.99,2300,45.0,400,0.0,44.99,44.99,28400,1280000.0,0.02,0.0,62.5,74.55,53.99,35.99,0.0
长源东谷,sh603950,66.06,66.36,66.06,25300.0,66.06,100,66.16,200,-0.45,66.06,66.06,25300,1670000.0,0.01,0.0,213.95,214.12,73.0,59.72,0.0
瑞迈特,sz301367,46.86,47.14,46.86,5600.0,46.82,200,46.86,500,-0.59,46.86,46.86,5600,260000.0,0.01,0.0,45.97,58.71,56.57,37.71,0.0
洪都航空,sh600316,29.12,29.29,29.12,13500.0,29.12,23000,29.16,6000,-0.58,29.12,29.12,13500,390000.0,0.0,0.0,208.82,208.82,32.22,26.36,0.0
英派斯,sz002899,20.32,20.0,20.32,15100.0,20.32,7300,20.34,1000,1.6,20.32,20.32,15100,310000.0,0.01,0.0,30.03,30.03,22.0,18.0,0.0
顶点软件,sh603383,29.65,29.7,29.65,4700.0,29.65,600,29.66,1000,-0.17,29.65,29.65,4700,140000.0,0.0,0.0,60.89,60.89,32.67,26.73,0.0
山东出版,sh601019,6.88,6.89,6.88,7000.0,6.88,200,6.89,2300,-0.15,6.88,6.88,7000,50000.0,0.0,0.0,143.58,143.58,7.58,6.2,0.0
中集车辆,sz301039,7.8,7.77,7.8,36200.0,7.79,800,7.8,6200,0.39,7.8,7.8,36200,280000.0,0.0,0.0,113.29,146.18,9.32,6.22,0.0
金龙机电,sz300032,3.82,3.83,3.82,332300.0,3.8,23100,3.82,1900,-0.26,3.82,3.82,332300,1270000.0,0.04,0.0,30.68,30.68,4.6,3.06,0.0
一汽解放,sz000800,6.12,6.15,6.12,43500.0,6.12,23900,6.14,3200,-0.49,6.12,6.12,43500,270000.0,0.0,0.0,301.16,301.18,6.77,5.54,0.0
理工能科,sz002322,12.99,12.99,12.99,2358000.0,12.99,30700,13.0,11200,0.0,12.99,12.99,2358000,30630000.0,0.67,0.0,45.64,47.48,14.29,11.69,0.0
金埔园林,sz301098,8.87,8.88,8.87,5700.0,8.84,1300,8.87,2800,-0.11,8.87,8.87,5700,50000.0,0.0,0.0,17.12,20.53,10.66,7.1,0.0
透景生命,sz300642,13.86,13.79,13.86,21800.0,13.79,4600,13.86,200,0.51,13.86,13.86,21800,300000.0,0.02,0.0,19.09,22.49,16.55,11.03,0.0
华纬科技,sz001380,16.99,16.95,16.99,3700.0,16.95,600,16.99,5800,0.24,16.99,16.99,3700,60000.0,0.0,0.0,39.54,46.02,18.65,15.26,0.0
新乳业,sz002946,15.85,15.87,15.85,16500.0,15.8,300,15.85,900,-0.13,15.85,15.85,16500,260000.0,0.0,0.0,134.84,136.42,17.46,14.28,0.0
三未信安,sh688489,24.1,23.85,24.1,440000.0,24.1,1000,24.31,2100,1.05,24.1,24.1,440000,110000.0,0.0,0.0,40.55,40.87,28.62,19.08,0.0
老百姓,sh603883,13.2,13.23,13.2,104000.0,13.19,1500,13.2,14500,-0.23,13.2,13.2,104000,1370000.0,0.01,0.0,100.17,100.17,14.55,11.91,0.0
绿色动力,sh601330,7.09,7.11,7.09,2900.0,7.09,2900,7.1,1000,-0.28,7.09,7.09,2900,20000.0,0.0,0.0,70.13,101.43,7.82,6.4,0.0
天禾股份,sz002999,5.92,5.95,5.92,34800.0,5.91,200,5.92,46400,-0.5,5.92,5.92,34800,210000.0,0.01,0.0,20.34,20.58,6.55,5.36,0.0
ST易购,sz002024,1.19,1.2,1.19,78800.0,1.19,5965100,1.2,463000,-0.83,1.19,1.19,78800,90000.0,0.0,0.0,110.11,110.25,1.32,1.08,0.0
铭科精技,sz001319,20.29,20.0,20.29,8000.0,20.02,800,20.29,1000,1.45,20.29,20.29,8000,160000.0,0.01,0.0,16.64,28.69,22.0,18.0,0.0
新天地,sz301277,10.9,10.94,10.9,27600.0,10.9,3800,10.91,3700,-0.37,10.9,10.9,27600,300000.0,0.01,0.0,42.74,42.74,13.13,8.75,0.0
廊坊发展,sh600149,4.93,4.94,4.93,22100.0,4.91,200,4.93,5100,-0.2,4.93,4.93,22100,110000.0,0.01,0.0,18.74,18.74,5.43,4.45,0.0
华立科技,sz301011,15.73,15.3,15.73,60100.0,15.72,900,15.73,4800,2.81,15.73,15.73,60100,950000.0,0.04,0.0,23.08,24.3,18.36,12.24,0.0
锦龙股份,sz000712,9.03,9.11,9.03,297200.0,9.02,19800,9.03,4600,-0.88,9.03,9.03,297200,2680000.0,0.03,0.0,80.88,80.91,10.02,8.2,0.0
上海三毛,sh600689,10.56,10.62,10.56,10900.0,10.56,4300,10.66,800,-0.56,10.56,10.56,10900,120000.0,0.01,0.0,16.07,21.22,11.68,9.56,0.0
开尔新材,sz300234,9.64,9.7,9.64,24300.0,9.64,3700,9.65,1000,-0.62,9.64,9.64,24300,230000.0,0.01,0.0,33.16,48.51,11.64,7.76,0.0
华海诚科,sh688535,111.77,111.72,111.77,3646300.0,111.77,3100,111.98,500,0.04,111.77,111.77,3646300,4080000.0,0.03,0.0,149.25,160.14,134.06,89.38,0.0
标榜股份,sz301181,23.19,23.19,23.19,6300.0,23.06,100,23.19,5500,0.0,23.19,23.19,6300,150000.0,0.01,0.0,27.19,34.83,27.83,18.55,0.0
建新股份,sz300107,6.44,6.49,6.44,7300.0,6.43,6300,6.44,1300,-0.77,6.44,6.44,7300,50000.0,0.0,0.0,22.39,36.24,7.79,5.19,0.0
江铃汽车,sz000550,16.23,16.22,16.23,11700.0,16.22,2500,16.23,5400,0.06,16.23,16.23,11700,190000.0,0.0,0.0,84.15,140.1,17.84,14.6,0.0
绿发电力,sz000537,8.01,8.1,8.01,131100.0,8.01,20300,8.02,53800,-1.11,8.01,8.01,131100,1050000.0,0.01,0.0,164.66,164.66,8.91,7.29,0.0
长飞光纤,sh601869,376.54,376.54,376.54,83500.0,376.54,2300,376.56,100,0.0,376.54,376.54,83500,31440000.0,0.02,0.0,1530.03,3117.39,414.19,338.89,0.0
贵州轮胎,sz000589,4.3,4.31,4.3,60600.0,4.3,45500,4.31,282500,-0.23,4.3,4.3,60600,260000.0,0.0,0.0,66.4,66.84,4.74,3.88,0.0
超研股份,sz301602,18.5,18.85,18.5,102200.0,18.5,21800,18.53,15500,-1.86,18.5,18.5,102200,1890000.0,0.05,0.0,38.57,79.24,22.62,15.08,0.0
富维股份,sh600742,7.66,7.65,7.66,8800.0,7.65,3000,7.66,500,0.13,7.66,7.66,8800,70000.0,0.0,0.0,56.92,56.92,8.42,6.89,0.0
新天药业,sz002873,8.55,8.59,8.55,16100.0,8.55,900,8.56,2400,-0.47,8.55,8.55,16100,140000.0,0.01,0.0,20.49,20.87,9.45,7.73,0.0
雅本化学,sz300261,5.13,5.18,5.13,37400.0,5.13,2000,5.16,1000,-0.97,5.13,5.13,37400,190000.0,0.0,0.0,48.37,49.42,6.22,4.14,0.0
恒誉科技,sh688309,75.0,75.5,75.0,1723400.0,74.95,1100,75.0,4000,-0.66,75.0,75.0,1723400,1290000.0,0.02,0.0,59.55,59.55,90.6,60.4,0.0
利欧股份,sz002131,5.27,5.32,5.27,4604800.0,5.27,256700,5.28,92300,-0.94,5.27,5.27,4604800,24270000.0,0.08,0.0,308.55,356.87,5.85,4.79,0.0
卧龙电驱,sh600580,35.59,35.26,35.59,412300.0,35.59,126000,35.6,5000,0.94,35.59,35.59,412300,14670000.0,0.03,0.0,554.36,555.96,38.79,31.73,0.0
联合动力,sz301656,17.22,17.25,17.22,11500.0,17.22,14100,17.23,500,-0.17,17.22,17.22,11500,200000.0,0.01,0.0,35.06,414.1,20.7,13.8,0.0
拓邦股份,sz002139,9.89,9.86,9.89,49500.0,9.89,26700,9.9,36900,0.3,9.89,9.89,49500,490000.0,0.0,0.0,105.93,123.31,10.85,8.87,0.0
华森制药,sz002907,17.19,16.79,17.19,1448600.0,17.16,300,17.19,201800,2.38,17.19,17.19,1448600,24900000.0,0.43,0.0,57.73,71.78,18.47,15.11,0.0
安泰科技,sz000969,17.8,17.81,17.8,110700.0,17.8,8700,17.81,10700,-0.06,17.8,17.8,110700,1970000.0,0.01,0.0,185.36,186.99,19.59,16.03,0.0
富春染织,sh605189,16.17,16.27,16.17,43100.0,16.16,18000,16.17,16300,-0.61,16.17,16.17,43100,700000.0,0.02,0.0,38.52,38.52,17.9,14.64,0.0
千禾味业,sh603027,7.33,7.35,7.33,6700.0,7.3,11600,7.33,24900,-0.27,7.33,7.33,6700,50000.0,0.0,0.0,97.54,97.54,8.09,6.62,0.0
秋乐种业,bj920087,11.65,12.01,11.65,381100.0,11.63,26800,11.65,12100,-3.0,11.65,11.65,381100,4440200.0,0.23,0.0,19.11,19.25,15.61,8.41,0.0
申通地铁,sh600834,7.28,7.28,7.28,7400.0,7.28,10200,7.3,200,0.0,7.28,7.28,7400,50000.0,0.0,0.0,34.75,34.75,8.01,6.55,0.0
达瑞电子,sz300976,59.0,60.2,59.0,50000.0,58.79,100,59.0,7500,-1.99,59.0,59.0,50000,2950000.0,0.04,0.0,71.02,110.41,72.24,48.16,0.0
广汇能源,sh600256,5.97,5.93,5.97,224300.0,5.97,218400,5.98,89000,0.67,5.97,5.97,224300,1340000.0,0.0,0.0,381.6,381.6,6.52,5.34,0.0
*ST元道,sz301139,3.93,3.94,3.93,68900.0,3.93,700,3.94,15500,-0.25,3.93,3.93,68900,270000.0,0.09,0.0,2.99,4.78,4.73,3.15,0.0
碧兴物联,sh688671,24.96,24.96,24.96,616400.0,24.81,2400,24.96,8900,0.0,24.96,24.96,616400,150000.0,0.01,0.0,13.42,19.6,29.95,19.97,0.0
电科院,sz300215,6.27,6.29,6.27,129600.0,6.27,3400,6.28,4000,-0.32,6.27,6.27,129600,810000.0,0.02,0.0,46.97,46.97,7.55,5.03,0.0
益客食品,sz301116,9.5,9.57,9.5,119400.0,9.48,6400,9.5,5900,-0.73,9.5,9.5,119400,1130000.0,0.03,0.0,42.65,42.65,11.48,7.66,0.0
鸿特科技,sz300176,5.23,5.23,0.0,0.0,0.0,0,0.0,0,0.0,0.0,0.0,0,0.0,0.0,0.0,20.25,20.25,6.28,4.18,0.0
国盛证券,sz002670,11.19,11.22,11.19,37700.0,11.18,3800,11.19,4100,-0.27,11.19,11.19,37700,420000.0,0.0,0.0,181.65,216.54,12.34,10.1,0.0
时代出版,sh600551,6.97,6.95,6.97,4300.0,6.95,2800,6.97,6300,0.29,6.97,6.97,4300,30000.0,0.0,0.0,47.26,47.26,7.65,6.26,0.0
宝光股份,sh600379,14.61,14.8,14.61,26800.0,14.6,1200,14.61,2100,-1.28,14.61,14.61,26800,390000.0,0.01,0.0,48.24,48.24,16.28,13.32,0.0
智翔金泰-U,sh688443,26.45,26.15,26.45,1636000.0,26.18,700,26.45,2400,1.15,26.45,26.45,1636000,430000.0,0.01,0.0,37.93,96.99,31.38,20.92,0.0
空港股份,sh600463,8.22,8.19,8.22,5200.0,8.22,2100,8.23,3500,0.37,8.22,8.22,5200,40000.0,0.0,0.0,24.66,24.66,9.01,7.37,0.0
真视通,sz002771,12.97,13.09,12.97,7700.0,12.97,9500,13.0,200,-0.92,12.97,12.97,7700,100000.0,0.0,0.0,22.63,27.21,14.4,11.78,0.0
常青股份,sh603768,11.29,11.29,11.29,9700.0,11.29,1400,11.3,100,0.0,11.29,11.29,9700,110000.0,0.0,0.0,26.87,26.87,12.42,10.16,0.0
众辰科技,sh603275,37.2,37.19,37.2,1700.0,37.06,1000,37.2,100,0.03,37.2,37.2,1700,60000.0,0.0,0.0,15.45,55.3,40.91,33.47,0.0
*ST仕净,sz301030,8.72,8.72,8.72,9200.0,8.71,1000,8.72,5700,0.0,8.72,8.72,9200,80000.0,0.0,0.0,17.62,17.65,10.46,6.98,0.0
普门科技,sh688389,11.31,11.38,0.0,0.0,11.31,1000,11.45,400,-0.62,0.0,0.0,0,0.0,0.0,0.0,48.46,48.46,13.66,9.1,0.0
帝奥微,sh688381,36.29,36.45,36.29,6469100.0,36.0,3000,36.29,6600,-0.44,36.29,36.29,6469100,2350000.0,0.03,0.0,89.82,89.82,43.74,29.16,0.0
澳华内镜,sh688212,31.95,31.87,31.95,100000.0,31.88,300,31.95,100,0.25,31.95,31.95,100000,30000.0,0.0,0.0,43.03,43.03,38.24,25.5,0.0
软通动力,sz301236,38.65,39.04,38.65,93900.0,38.64,1000,38.65,1500,-1.0,38.65,38.65,93900,3630000.0,0.01,0.0,303.68,400.1,46.85,31.23,0.0
博雅生物,sz300294,15.33,15.38,15.33,15300.0,15.33,17900,15.35,1600,-0.33,15.33,15.33,15300,230000.0,0.0,0.0,77.3,77.3,18.46,12.3,0.0
绿城水务,sh601368,4.52,4.54,4.52,18900.0,4.52,3900,4.54,4100,-0.44,4.52,4.52,18900,90000.0,0.0,0.0,39.91,39.91,4.99,4.09,0.0
正川股份,sh603976,27.92,27.9,27.92,2800.0,27.92,200,27.94,800,0.07,27.92,27.92,2800,80000.0,0.0,0.0,47.91,47.91,30.69,25.11,0.0
广州港,sh601228,3.03,3.04,3.03,65900.0,3.03,83000,3.04,353600,-0.33,3.03,3.03,65900,200000.0,0.0,0.0,228.6,228.6,3.34,2.74,0.0
泰林生物,sz300813,20.5,20.69,20.5,23600.0,20.48,1200,20.5,1900,-0.92,20.5,20.5,23600,480000.0,0.03,0.0,15.59,24.85,24.83,16.55,0.0
引力传媒,sh603598,18.13,18.34,18.13,155100.0,18.12,8000,18.13,700,-1.15,18.13,18.13,155100,2810000.0,0.06,0.0,48.9,48.95,20.17,16.51,0.0
ST东尼,sh603595,26.93,26.93,26.93,2300.0,26.93,9800,27.0,100,0.0,26.93,26.93,2300,60000.0,0.0,0.0,62.6,62.6,29.62,24.24,0.0
中坚科技,sz002779,76.23,76.21,76.23,2100.0,76.21,200,76.49,1000,0.03,76.23,76.23,2100,160000.0,0.0,0.0,126.4,140.87,83.83,68.59,0.0
金固股份,sz002488,8.53,8.52,8.53,42100.0,8.53,50300,8.54,13000,0.12,8.53,8.53,42100,360000.0,0.0,0.0,78.48,84.91,9.37,7.67,0.0
春光科技,sh603657,29.44,29.21,29.44,77500.0,29.41,100,29.44,2300,0.79,29.44,29.44,77500,2280000.0,0.06,0.0,39.8,39.8,32.13,26.29,0.0
国邦医药,sh605507,15.45,15.58,15.45,33700.0,15.43,300,15.45,5700,-0.83,15.45,15.45,33700,520000.0,0.0,0.0,120.87,120.87,17.14,14.02,0.0
睿智医药,sz300149,10.99,11.08,10.99,177500.0,10.99,8700,11.0,11300,-0.81,10.99,10.99,177500,1950000.0,0.04,0.0,52.93,55.5,13.3,8.86,0.0
方盛制药,sh603998,10.63,10.5,10.63,230000.0,10.62,400,10.63,18100,1.24,10.63,10.63,230000,2440000.0,0.05,0.0,46.67,46.67,11.55,9.45,0.0
东睦股份,sh600114,30.49,30.56,30.49,34800.0,30.45,400,30.49,1000,-0.23,30.49,30.49,34800,1060000.0,0.01,0.0,187.94,192.51,33.62,27.5,0.0
凯盛新能,sh600876,7.23,7.05,7.23,107700.0,7.22,100,7.23,900,2.55,7.23,7.23,107700,780000.0,0.03,0.0,28.61,46.68,7.76,6.35,0.0
兴福电子,sh688545,89.98,91.63,89.98,23838800.0,89.96,200,89.98,7300,-1.8,89.98,89.98,23838800,21450000.0,0.13,0.0,163.99,323.93,109.96,73.3,0.0
丰茂股份,sz301459,35.0,39.59,35.0,247300.0,35.0,37700,35.04,200,-11.59,35.0,35.0,247300,8660000.0,0.95,0.0,9.13,36.44,47.51,31.67,0.0
中山公用,sz000685,11.09,11.11,11.09,31400.0,11.08,10300,11.09,29800,-0.18,11.09,11.09,31400,350000.0,0.0,0.0,138.25,162.77,12.22,10.0,0.0
ST宏达,sz002211,3.8,3.82,3.8,7600.0,3.79,91400,3.8,18300,-0.52,3.8,3.8,7600,30000.0,0.0,0.0,16.43,16.43,4.2,3.44,0.0
骏成科技,sz301106,18.98,17.65,18.98,173200.0,18.9,400,18.98,3700,7.54,18.98,18.98,173200,3290000.0,0.12,0.0,27.13,27.13,21.18,14.12,0.0
海能实业,sz300787,10.5,10.47,10.5,36100.0,10.5,8900,10.51,900,0.29,10.5,10.5,36100,380000.0,0.02,0.0,20.64,32.91,12.56,8.38,0.0
奥泰生物,sh688606,49.0,49.01,49.0,64400.0,48.8,300,49.0,500,-0.02,49.0,49.0,64400,30000.0,0.0,0.0,37.07,37.07,58.81,39.21,0.0
中策橡胶,sh603049,48.57,48.56,48.57,42800.0,48.56,700,48.57,3100,0.02,48.57,48.57,42800,2080000.0,0.01,0.0,245.27,424.74,53.42,43.7,0.0
安培龙,sz301413,73.39,74.0,73.39,60600.0,73.39,8400,73.6,400,-0.82,73.39,73.39,60600,4450000.0,0.08,0.0,56.05,93.88,88.8,59.2,0.0
ST远智,sz002689,2.8,2.8,2.8,66700.0,2.78,157900,2.8,1300,0.0,2.8,2.8,66700,190000.0,0.01,0.0,29.2,29.21,3.08,2.52,0.0
丰倍生物,sh603334,33.83,34.4,33.83,113900.0,33.83,5900,33.91,100,-1.66,33.83,33.83,113900,3850000.0,0.36,0.0,10.76,48.55,37.84,30.96,0.0
丰原药业,sz000153,6.68,6.07,6.68,3124800.0,6.68,50935900,0.0,0,10.05,6.68,6.68,3124800,20870000.0,0.68,0.0,30.65,31.04,6.68,5.46,0.0
深圳华强,sz000062,23.8,23.74,23.8,167300.0,23.77,300,23.8,2200,0.25,23.8,23.8,167300,3980000.0,0.02,0.0,248.69,248.93,26.11,21.37,0.0
永新光学,sh603297,107.58,107.44,107.58,9400.0,107.45,700,107.87,100,0.13,107.58,107.58,9400,1010000.0,0.01,0.0,119.12,119.12,118.18,96.7,0.0
弘信电子,sz300657,37.77,38.14,37.77,95500.0,37.76,900,37.77,400,-0.97,37.77,37.77,95500,3610000.0,0.02,0.0,176.95,182.1,45.77,30.51,0.0
维海德,sz301318,20.94,20.95,20.94,1600.0,20.94,100,20.95,100,-0.05,20.94,20.94,1600,30000.0,0.0,0.0,19.51,28.33,25.14,16.76,0.0
三花智控,sz002050,39.03,39.02,39.03,157800.0,39.03,156000,39.05,3000,0.03,39.03,39.03,157800,6160000.0,0.0,0.0,1440.61,1642.39,42.92,35.12,0.0
佳沃食品,sz300268,12.09,12.08,12.09,113800.0,12.08,1700,12.09,8600,0.08,12.09,12.09,113800,1380000.0,0.09,0.0,16.17,21.06,14.5,9.66,0.0
德固特,sz300950,17.12,16.95,17.12,30800.0,17.09,2300,17.12,100,1.0,17.12,17.12,30800,530000.0,0.03,0.0,16.79,26.3,20.34,13.56,0.0
国新能源,sh600617,3.53,3.47,3.53,224200.0,3.53,140400,3.54,1600,1.73,3.53,3.53,224200,790000.0,0.01,0.0,62.68,68.1,3.82,3.12,0.0
蓝盾光电,sz300862,55.81,54.77,55.81,1167000.0,55.81,500,55.82,10300,1.9,55.81,55.81,1167000,65130000.0,0.77,0.0,84.54,103.04,65.72,43.82,0.0
梦百合,sh603313,6.14,6.18,6.14,542200.0,6.14,65600,6.15,6000,-0.65,6.14,6.14,542200,3330000.0,0.1,0.0,35.03,35.03,6.8,5.56,0.0
城市传媒,sh600229,5.18,5.16,5.18,24800.0,5.16,200,5.18,6100,0.39,5.18,5.18,24800,130000.0,0.0,0.0,34.22,34.22,5.68,4.64,0.0
富满微,sz300671,65.88,65.79,65.88,40600.0,65.88,1400,65.89,11000,0.14,65.88,65.88,40600,2670000.0,0.02,0.0,145.45,145.85,78.95,52.63,0.0
掌趣科技,sz300315,4.18,4.21,4.18,167800.0,4.18,78500,4.2,37700,-0.71,4.18,4.18,167800,700000.0,0.01,0.0,106.23,113.18,5.05,3.37,0.0
浙江力诺,sz300838,13.97,13.94,13.97,8400.0,13.95,900,13.97,7300,0.22,13.97,13.97,8400,120000.0,0.01,0.0,14.21,19.28,16.73,11.15,0.0
中视传媒,sh600088,11.73,11.75,11.73,13500.0,11.69,300,11.73,400,-0.17,11.73,11.73,13500,160000.0,0.0,0.0,46.65,46.65,12.93,10.58,0.0
回盛生物,sz300871,23.88,23.88,23.88,52000.0,23.88,9600,23.9,4700,0.0,23.88,23.88,52000,1240000.0,0.03,0.0,48.19,48.19,28.66,19.1,0.0
中国科传,sh601858,23.92,24.07,23.92,58600.0,23.92,900,23.97,100,-0.62,23.92,23.92,58600,1400000.0,0.01,0.0,189.09,189.09,26.48,21.66,0.0
洪兴股份,sz001209,17.28,17.18,17.28,14200.0,17.23,1700,17.28,300,0.58,17.28,17.28,14200,250000.0,0.01,0.0,16.61,22.73,18.9,15.46,0.0
海兰信,sz300065,17.1,17.16,17.1,134300.0,17.07,3000,17.1,4100,-0.35,17.1,17.1,134300,2300000.0,0.02,0.0,112.29,123.38,20.59,13.73,0.0
西高院,sh688334,18.13,18.12,18.13,100000.0,18.13,700,18.2,5000,0.06,18.13,18.13,100000,20000.0,0.0,0.0,56.6,57.4,21.74,14.5,0.0
万马股份,sz002276,10.36,10.38,10.36,29300.0,10.34,200,10.36,13500,-0.19,10.36,10.36,29300,300000.0,0.0,0.0,104.33,104.75,11.42,9.34,0.0
开开实业,sh600272,18.12,19.03,18.12,1808200.0,18.12,20900,18.15,100,-4.78,18.12,18.12,1808200,32760000.0,1.13,0.0,28.99,47.59,20.93,17.13,0.0
王力安防,sh605268,9.24,9.24,9.24,1400.0,9.18,100,9.24,2300,0.0,9.24,9.24,1400,10000.0,0.0,0.0,40.71,40.71,10.16,8.32,0.0
尖峰集团,sh600668,7.52,7.52,7.52,7700.0,7.51,500,7.52,16500,0.0,7.52,7.52,7700,60000.0,0.0,0.0,31.05,31.05,8.27,6.77,0.0
光线传媒,sz300251,11.29,11.34,11.29,103100.0,11.28,9100,11.29,300,-0.44,11.29,11.29,103100,1160000.0,0.0,0.0,313.34,331.2,13.61,9.07,0.0
亚虹医药-U,sh688176,12.94,12.93,12.94,987700.0,12.9,1300,12.94,11300,0.08,12.94,12.94,987700,130000.0,0.0,0.0,74.04,74.04,15.52,10.34,0.0
壹连科技,sz301631,69.3,69.89,69.3,26700.0,69.01,100,69.3,2000,-0.84,69.3,69.3,26700,1850000.0,0.06,0.0,30.21,88.69,83.87,55.91,0.0
华微电子,sh600360,11.02,11.04,11.02,369100.0,11.01,12700,11.02,36100,-0.18,11.02,11.02,369100,4070000.0,0.04,0.0,105.82,105.82,12.14,9.94,0.0
珠城科技,sz301280,43.44,43.28,43.44,11700.0,43.44,700,43.45,200,0.37,43.44,43.44,11700,510000.0,0.01,0.0,43.19,83.18,51.94,34.62,0.0
明阳科技,bj920663,12.99,13.01,12.99,900.0,12.99,1700,13.0,300,-0.15,12.99,12.99,900,11700.0,0.0,0.0,8.32,17.35,16.91,9.11,0.0
爱玛科技,sh603529,20.55,20.6,20.55,2800.0,20.5,3900,20.55,16900,-0.24,20.55,20.55,2800,60000.0,0.0,0.0,174.83,177.6,22.66,18.54,0.0
新华百货,sh600785,9.16,9.12,9.16,93900.0,9.15,200,9.16,200,0.44,9.16,9.16,93900,860000.0,0.03,0.0,28.93,28.93,10.03,8.21,0.0
金百泽,sz301041,26.86,27.0,26.86,26600.0,26.81,500,26.86,400,-0.52,26.86,26.86,26600,710000.0,0.03,0.0,21.21,28.65,32.4,21.6,0.0
登海种业,sz002041,8.91,8.91,8.91,550000.0,8.91,48000,8.92,6700,0.0,8.91,8.91,550000,4900000.0,0.06,0.0,78.41,78.41,9.8,8.02,0.0
京华激光,sh603607,22.48,22.62,22.48,42900.0,22.48,6900,22.49,300,-0.62,22.48,22.48,42900,960000.0,0.02,0.0,40.13,40.13,24.88,20.36,0.0
东南电子,sz301359,16.91,17.02,16.91,6700.0,16.91,200,16.97,700,-0.65,16.91,16.91,6700,110000.0,0.01,0.0,12.03,20.32,20.42,13.62,0.0
锦波生物,bj920982,127.89,127.9,0.0,0.0,127.89,1100,127.89,1100,-0.01,0.0,0.0,0,0.0,0.0,0.0,70.93,147.16,166.27,89.53,0.0
誉衡药业,sz002437,5.0,4.98,5.0,10200900.0,4.99,169800,5.0,849600,0.4,5.0,5.0,10200900,51000000.0,0.49,0.0,105.01,111.49,5.48,4.48,0.0
春秋电子,sh603890,20.67,21.09,20.67,455900.0,20.66,10800,20.67,1500,-1.99,20.67,20.67,455900,9420000.0,0.1,0.0,92.36,92.36,23.2,18.98,0.0
康冠科技,sz001308,18.31,18.31,18.31,3300.0,18.31,200,18.32,3200,0.0,18.31,18.31,3300,60000.0,0.0,0.0,89.21,128.92,20.14,16.48,0.0
国能日新,sz301162,39.87,40.16,39.87,9500.0,39.8,1100,39.87,2000,-0.72,39.87,39.87,9500,380000.0,0.01,0.0,48.31,74.43,48.19,32.13,0.0
保利发展,sh600048,5.21,5.22,5.21,214500.0,5.21,85900,5.22,28600,-0.19,5.21,5.21,214500,1120000.0,0.0,0.0,623.66,623.66,5.74,4.7,0.0
南兴股份,sz002757,17.78,17.95,17.78,60000.0,17.77,400,17.78,6800,-0.95,17.78,17.78,60000,1070000.0,0.02,0.0,50.15,52.53,19.75,16.16,0.0
德尔玛,sz301332,7.83,7.88,7.83,2900.0,7.83,1600,7.86,1000,-0.63,7.83,7.83,2900,20000.0,0.0,0.0,20.74,36.14,9.46,6.3,0.0
盛通股份,sz002599,6.04,6.04,6.04,22200.0,6.03,200,6.04,66900,0.0,6.04,6.04,22200,130000.0,0.01,0.0,24.97,32.65,6.64,5.44,0.0
赛意信息,sz300687,29.5,29.69,29.5,27100.0,29.5,200,29.54,10000,-0.64,29.5,29.5,27100,800000.0,0.01,0.0,99.08,120.48,35.63,23.75,0.0
ST雪浪,sz300385,12.0,12.02,12.0,8000.0,12.0,800,12.02,100,-0.17,12.0,12.0,8000,100000.0,0.0,0.0,34.88,39.98,14.42,9.62,0.0
能之光,bj920056,16.48,16.58,16.48,200.0,16.45,500,16.48,100,-0.6,16.48,16.48,200,3300.0,0.0,0.0,5.08,13.46,21.55,11.61,0.0
浙数文化,sh600633,10.71,10.74,10.71,81100.0,10.7,6300,10.71,28000,-0.28,10.71,10.71,81100,870000.0,0.01,0.0,135.81,135.81,11.81,9.67,0.0
英可瑞,sz300713,13.34,13.39,13.34,4100.0,13.34,600,13.5,100,-0.37,13.34,13.34,4100,50000.0,0.0,0.0,11.93,21.19,16.07,10.71,0.0
帝尔激光,sz300776,126.5,127.86,126.5,34800.0,126.5,400,126.69,100,-1.06,126.5,126.5,34800,4400000.0,0.02,0.0,226.83,360.82,153.43,102.29,0.0
天孚通信,sz300394,288.0,286.56,288.0,600200.0,288.0,3100,288.1,200,0.5,288.0,288.0,600200,172860000.0,0.06,0.0,3134.56,3141.58,343.87,229.25,0.0
荣晟环保,sh603165,13.85,13.83,13.85,11300.0,13.84,2400,13.85,3900,0.14,13.85,13.85,11300,160000.0,0.0,0.0,43.31,43.31,15.21,12.45,0.0
中金公司,sh601995,34.92,35.04,34.92,67000.0,34.92,26900,34.93,600,-0.34,34.92,34.92,67000,2340000.0,0.0,0.0,1020.9,1685.68,38.54,31.54,0.0
科陆电子,sz002121,5.12,5.11,5.12,263200.0,5.12,1700,5.13,1100,0.2,5.12,5.12,263200,1350000.0,0.02,0.0,72.28,85.63,5.62,4.6,0.0
盈趣科技,sz002925,24.09,24.1,24.09,77000.0,23.98,100,24.09,2700,-0.04,24.09,24.09,77000,1850000.0,0.01,0.0,176.11,185.9,26.51,21.69,0.0
湘佳股份,sz002982,12.51,12.48,12.51,10900.0,12.5,500,12.51,2700,0.24,12.51,12.51,10900,140000.0,0.01,0.0,16.27,25.42,13.73,11.23,0.0
美锦能源,sz000723,3.55,3.55,3.55,288800.0,3.54,34900,3.55,53700,0.0,3.55,3.55,288800,1030000.0,0.01,0.0,156.03,156.32,3.91,3.2,0.0
三友联众,sz300932,11.0,11.0,11.0,47900.0,10.96,1400,11.0,7100,0.0,11.0,11.0,47900,530000.0,0.02,0.0,35.11,49.3,13.2,8.8,0.0
奥普特,sh688686,125.05,124.99,125.05,778600.0,125.05,100,125.15,800,0.05,125.05,125.05,778600,970000.0,0.01,0.0,152.86,152.86,149.99,99.99,0.0
深深房Ａ,sz000029,24.22,24.42,24.22,334900.0,24.2,1100,24.22,105500,-0.82,24.22,24.22,334900,8110000.0,0.04,0.0,215.96,245.02,26.86,21.98,0.0
山大电力,sz301609,34.8,34.97,34.8,6100.0,34.8,3500,34.88,400,-0.49,34.8,34.8,6100,210000.0,0.01,0.0,34.16,56.68,41.96,27.98,0.0
天海防务,sz300008,6.4,6.4,6.4,228100.0,6.39,15900,6.4,116600,0.0,6.4,6.4,228100,1460000.0,0.01,0.0,105.43,110.59,7.68,5.12,0.0
星昊医药,bj920017,17.55,17.48,17.55,22300.0,17.55,6700,17.56,600,0.4,17.55,17.55,22300,391400.0,0.02,0.0,21.51,21.74,22.72,12.24,0.0
三星电气,sh601567,15.32,15.51,15.32,230900.0,15.32,27000,15.5,2000,-1.23,15.32,15.32,230900,3540000.0,0.02,0.0,215.28,215.28,17.06,13.96,0.0
九典制药,sz300705,12.24,12.24,12.24,144300.0,12.24,500,12.25,400,0.0,12.24,12.24,144300,1770000.0,0.04,0.0,45.28,61.24,14.69,9.79,0.0
九菱科技,bj920505,29.19,29.57,29.19,6600.0,29.16,800,29.19,1300,-1.29,29.19,29.19,6600,193100.0,0.02,0.0,10.51,18.91,38.44,20.7,0.0
润都股份,sz002923,11.75,11.75,11.75,9200.0,11.74,2500,11.75,300,0.0,11.75,11.75,9200,110000.0,0.0,0.0,30.32,39.35,12.93,10.58,0.0
江苏神通,sz002438,14.2,14.26,14.2,41500.0,14.16,100,14.2,24500,-0.42,14.2,14.2,41500,590000.0,0.01,0.0,66.58,72.07,15.69,12.83,0.0
埃斯顿,sz002747,36.4,36.4,36.4,564600.0,36.4,11500,36.41,9900,0.0,36.4,36.4,564600,20550000.0,0.07,0.0,284.81,352.28,40.04,32.76,0.0
天娱数科,sz002354,8.17,8.24,8.17,1096400.0,8.16,4700,8.17,39100,-0.85,8.17,8.17,1096400,8960000.0,0.07,0.0,132.82,135.18,9.06,7.42,0.0
捷强装备,sz300875,33.56,33.73,33.56,12200.0,33.56,1700,33.63,400,-0.5,33.56,33.56,12200,410000.0,0.01,0.0,29.46,33.5,40.48,26.98,0.0
赛升药业,sz300485,10.04,10.1,10.04,6300.0,10.04,400,10.09,1000,-0.59,10.04,10.04,6300,60000.0,0.0,0.0,27.49,48.36,12.12,8.08,0.0
兴森科技,sz002436,39.2,38.3,39.2,2781300.0,39.19,1000,39.2,176900,2.35,39.2,39.2,2781300,109030000.0,0.18,0.0,595.03,666.27,42.13,34.47,0.0
*ST宝馨,sz002514,1.83,1.86,1.83,338800.0,1.83,46500,1.84,1200,-1.61,1.83,1.83,338800,620000.0,0.06,0.0,10.14,13.18,2.05,1.67,0.0
广弘控股,sz000529,4.95,4.97,4.95,11900.0,4.95,400,4.96,4600,-0.4,4.95,4.95,11900,60000.0,0.0,0.0,28.21,28.9,5.47,4.47,0.0
振邦智能,sz003028,22.93,22.88,22.93,2700.0,22.88,500,22.93,200,0.22,22.93,22.93,2700,60000.0,0.0,0.0,16.21,33.05,25.17,20.59,0.0
华兰生物,sz002007,13.16,13.18,13.16,23300.0,13.15,600,13.16,13300,-0.15,13.16,13.16,23300,310000.0,0.0,0.0,207.08,240.26,14.5,11.86,0.0
常润股份,sh603201,16.15,16.16,16.15,6500.0,16.15,400,16.16,1300,-0.06,16.15,16.15,6500,100000.0,0.0,0.0,30.42,30.68,17.78,14.54,0.0
广东鸿图,sz002101,8.74,8.72,8.74,18100.0,8.74,1800,8.75,4500,0.23,8.74,8.74,18100,160000.0,0.0,0.0,57.88,57.93,9.59,7.85,0.0
江苏金租,sh600901,6.59,6.62,6.59,67700.0,6.59,76000,6.6,1300,-0.45,6.59,6.59,67700,450000.0,0.0,0.0,381.59,381.68,7.28,5.96,0.0
东方生物,sh688298,19.66,19.69,19.66,245600.0,19.65,13000,19.66,1600,-0.15,19.66,19.66,245600,50000.0,0.0,0.0,39.63,39.63,23.63,15.75,0.0
*ST特迅,sz002227,6.81,6.85,6.81,18600.0,6.81,2800,6.87,3500,-0.58,6.81,6.81,18600,130000.0,0.01,0.0,16.75,16.88,7.54,6.17,0.0
大千生态,sh603955,19.84,19.75,19.84,33200.0,19.8,200,19.84,100,0.46,19.84,19.84,33200,660000.0,0.02,0.0,26.93,26.93,21.73,17.78,0.0
慧博云通,sz301316,40.7,41.0,40.7,36600.0,40.7,6500,40.99,300,-0.73,40.7,40.7,36600,1490000.0,0.01,0.0,159.24,164.27,49.2,32.8,0.0
通达动力,sz002576,14.59,14.52,14.59,7600.0,14.51,2900,14.59,2800,0.48,14.59,14.59,7600,110000.0,0.0,0.0,23.64,24.09,15.97,13.07,0.0
渝三峡Ａ,sz000565,5.97,6.0,5.97,17000.0,5.97,200,6.0,500,-0.5,5.97,5.97,17000,100000.0,0.0,0.0,25.89,25.89,6.6,5.4,0.0
远光软件,sz002063,5.46,5.48,5.46,26900.0,5.46,67600,5.47,3000,-0.36,5.46,5.46,26900,150000.0,0.0,0.0,96.6,104.58,6.03,4.93,0.0
凯伦股份,sz300715,14.41,14.45,14.41,64200.0,14.4,700,14.41,5100,-0.28,14.41,14.41,64200,930000.0,0.02,0.0,45.1,54.48,17.34,11.56,0.0
密尔克卫,sh603713,66.85,66.58,66.85,12500.0,66.8,200,66.85,100,0.41,66.85,66.85,12500,840000.0,0.01,0.0,116.35,116.35,73.24,59.92,0.0
ST三木,sz000632,3.64,3.67,3.64,10800.0,3.64,7700,3.67,9600,-0.82,3.64,3.64,10800,40000.0,0.0,0.0,16.94,16.94,4.04,3.3,0.0
寿仙谷,sh603896,15.14,15.21,15.14,300.0,15.14,5700,15.18,600,-0.46,15.14,15.14,300,0.0,0.0,0.0,30.01,30.01,16.73,13.69,0.0
阳普医疗,sz300030,6.99,6.97,6.99,45600.0,6.98,9200,6.99,10000,0.29,6.99,6.99,45600,320000.0,0.02,0.0,19.03,21.61,8.36,5.58,0.0
舒华体育,sh605299,12.98,12.84,12.98,88700.0,12.94,300,12.98,9300,1.09,12.98,12.98,88700,1150000.0,0.02,0.0,52.91,52.91,14.12,11.56,0.0
酒鬼酒,sz000799,40.01,40.11,40.01,22700.0,40.01,500,40.04,100,-0.25,40.01,40.01,22700,910000.0,0.01,0.0,129.99,130.0,44.12,36.1,0.0
并行科技,bj920493,123.5,124.8,123.5,5000.0,123.5,1300,123.9,200,-1.04,123.5,123.5,5000,617600.0,0.01,0.0,55.13,74.82,162.24,87.36,0.0
康惠股份,sh603139,37.17,37.1,37.17,2900.0,37.17,600,37.2,100,0.19,37.17,37.17,2900,110000.0,0.0,0.0,37.13,39.57,40.81,33.39,0.0
亚通股份,sh600692,6.24,6.23,6.24,40800.0,6.23,16600,6.24,6800,0.16,6.24,6.24,40800,250000.0,0.02,0.0,15.91,21.95,6.85,5.61,0.0
*ST明德,sz002932,15.5,15.35,15.5,31500.0,15.41,100,15.5,3700,0.98,15.5,15.5,31500,490000.0,0.02,0.0,24.19,36.04,16.89,13.82,0.0
国旅联合,sh600358,5.22,5.22,5.22,7000.0,5.21,12800,5.22,56100,0.0,5.22,5.22,7000,40000.0,0.0,0.0,26.36,60.72,5.74,4.7,0.0
誉辰智能,sh688638,33.13,33.51,0.0,0.0,33.13,200,33.64,800,-1.13,0.0,0.0,0,0.0,0.0,0.0,8.77,18.55,40.21,26.81,0.0
长信科技,sz300088,7.78,7.79,7.78,276500.0,7.77,35700,7.78,27500,-0.13,7.78,7.78,276500,2150000.0,0.01,0.0,193.37,194.32,9.35,6.23,0.0
研奥股份,sz300923,24.34,24.29,24.34,5500.0,24.29,2200,24.34,2400,0.21,24.34,24.34,5500,130000.0,0.01,0.0,18.58,19.13,29.15,19.43,0.0
华阳变速,bj920146,5.12,5.12,5.12,5000.0,5.12,3400,5.18,10000,0.0,5.12,5.12,5000,25600.0,0.0,0.0,5.56,6.91,6.65,3.59,0.0
ST人福,sh600079,17.9,17.91,17.9,22800.0,17.89,2800,17.9,2800,-0.06,17.9,17.9,22800,410000.0,0.0,0.0,276.23,292.17,19.7,16.12,0.0
金牛化工,sh600722,11.97,11.84,11.97,2976700.0,11.97,8700,11.98,16300,1.1,11.97,11.97,2976700,35630000.0,0.44,0.0,81.43,81.43,13.02,10.66,0.0
裕兴股份,sz300305,6.4,6.47,6.4,55300.0,6.39,800,6.4,9700,-1.08,6.4,6.4,55300,350000.0,0.02,0.0,20.57,24.03,7.76,5.18,0.0
二六三,sz002467,4.92,4.99,4.92,509300.0,4.92,89000,4.94,2100,-1.4,4.92,4.92,509300,2510000.0,0.04,0.0,67.25,67.67,5.49,4.49,0.0
江南化工,sz002226,5.11,5.13,5.11,44300.0,5.1,600,5.11,4900,-0.39,5.11,5.11,44300,230000.0,0.0,0.0,135.36,135.36,5.64,4.62,0.0
因赛集团,sz300781,28.95,28.95,28.95,14700.0,28.65,900,28.95,2000,0.0,28.95,28.95,14700,430000.0,0.01,0.0,35.07,47.53,34.74,23.16,0.0
金明精机,sz300281,6.42,6.4,6.42,19500.0,6.34,1800,6.42,2200,0.31,6.42,6.42,19500,130000.0,0.0,0.0,25.51,26.89,7.68,5.12,0.0
华电辽能,sh600396,16.7,16.92,16.7,735100.0,16.7,7200,16.72,600,-1.3,16.7,16.7,735100,12280000.0,0.05,0.0,245.94,245.94,18.61,15.23,0.0
海伦哲,sz300201,15.3,15.27,15.3,78200.0,15.28,200,15.3,2500,0.2,15.3,15.3,78200,1200000.0,0.01,0.0,153.56,154.38,18.32,12.22,0.0
星辉娱乐,sz300043,4.76,4.77,4.76,229300.0,4.75,3100,4.76,169700,-0.21,4.76,4.76,229300,1090000.0,0.02,0.0,59.19,59.22,5.72,3.82,0.0
恩威医药,sz301331,22.43,22.48,22.43,6300.0,22.36,100,22.44,500,-0.22,22.43,22.43,6300,140000.0,0.01,0.0,23.02,23.08,26.98,17.98,0.0
雷特科技,bj920110,26.31,26.32,26.31,8900.0,26.21,200,26.31,6200,-0.04,26.31,26.31,8900,234200.00000000003,0.05,0.0,4.27,10.26,34.21,18.43,0.0
三全食品,sz002216,13.01,13.06,13.01,93500.0,13.01,62500,13.02,800,-0.38,13.01,13.01,93500,1220000.0,0.01,0.0,82.03,114.38,14.37,11.75,0.0
夏厦精密,sz001306,55.82,56.11,55.82,11800.0,55.72,1100,56.11,100,-0.52,55.82,55.82,11800,660000.0,0.08,0.0,8.65,35.13,61.72,50.5,0.0
宁波精达,sh603088,9.47,9.44,9.47,50700.0,9.41,1100,9.47,3800,0.32,9.47,9.47,50700,480000.0,0.01,0.0,41.47,47.58,10.38,8.5,0.0
中国国航,sh601111,5.87,5.9,5.87,393200.0,5.87,884300,5.88,361600,-0.51,5.87,5.87,393200,2310000.0,0.0,0.0,683.16,1202.91,6.49,5.31,0.0
江苏博云,sz301003,53.85,53.95,53.85,3500.0,53.37,500,53.85,500,-0.19,53.85,53.85,3500,190000.0,0.0,0.0,40.46,52.31,64.74,43.16,0.0
气派科技,sh688216,33.5,33.5,33.5,1272900.0,33.5,1100,33.52,4000,0.0,33.5,33.5,1272900,430000.0,0.01,0.0,35.59,38.33,40.2,26.8,0.0
云赛智联,sh600602,19.76,20.15,19.76,399700.0,19.76,4700,19.77,9800,-1.94,19.76,19.76,399700,7900000.0,0.04,0.0,212.28,270.25,22.17,18.14,0.0
茂化实华,sz000637,3.96,3.96,3.96,34000.0,3.95,10000,3.96,700,0.0,3.96,3.96,34000,130000.0,0.01,0.0,14.44,20.59,4.36,3.56,0.0
游族网络,sz002174,13.5,13.56,13.5,345200.0,13.49,200,13.5,3300,-0.44,13.5,13.5,345200,4660000.0,0.04,0.0,132.2,132.27,14.92,12.2,0.0
英思特,sz301622,42.71,42.37,42.71,5800.0,42.38,2500,42.71,100,0.8,42.71,42.71,5800,250000.0,0.01,0.0,27.62,49.51,50.84,33.9,0.0
唐人神,sz002567,3.62,3.64,3.62,146200.0,3.62,10400,3.63,3800,-0.55,3.62,3.62,146200,530000.0,0.01,0.0,51.83,51.88,4.0,3.28,0.0
我爱我家,sz000560,2.16,2.17,2.16,447800.0,2.16,47000,2.17,337800,-0.46,2.16,2.16,447800,970000.0,0.02,0.0,50.51,50.88,2.39,1.95,0.0
冠中生态,sz300948,22.8,22.7,22.8,30400.0,22.71,100,22.8,600,0.44,22.8,22.8,30400,690000.0,0.02,0.0,35.37,37.48,27.24,18.16,0.0
开润股份,sz300577,18.22,18.29,18.22,35900.0,18.22,200,18.28,1500,-0.38,18.22,18.22,35900,650000.0,0.03,0.0,25.9,43.7,21.95,14.63,0.0
神开股份,sz002278,8.38,8.22,8.38,168400.0,8.38,17200,8.39,59300,1.95,8.38,8.38,168400,1410000.0,0.05,0.0,30.07,32.57,9.04,7.4,0.0
北巴传媒,sh600386,3.39,3.39,3.39,8600.0,3.39,13500,3.4,3300,0.0,3.39,3.39,8600,30000.0,0.0,0.0,27.34,27.34,3.73,3.05,0.0
曼卡龙,sz300945,12.33,12.33,12.33,86200.0,12.33,5700,12.34,1900,0.0,12.33,12.33,86200,1060000.0,0.04,0.0,29.43,32.31,14.8,9.86,0.0
ST洲际,sh600759,2.55,2.5,2.55,3785700.0,2.55,404600,2.56,735200,2.0,2.55,2.55,3785700,9650000.0,0.09,0.0,105.66,105.8,2.75,2.25,0.0
恒锋信息,sz300605,10.68,10.66,10.68,33700.0,10.68,100,10.69,1600,0.19,10.68,10.68,33700,360000.0,0.03,0.0,13.5,17.64,12.79,8.53,0.0
润丰股份,sz301035,52.2,52.35,52.2,4500.0,52.2,300,52.77,200,-0.29,52.2,52.2,4500,230000.0,0.0,0.0,189.99,190.27,62.82,41.88,0.0
国创高新,sz002377,2.75,2.73,2.75,229000.0,2.74,4900,2.75,191600,0.73,2.75,2.75,229000,630000.0,0.03,0.0,23.99,25.2,3.0,2.46,0.0
南山智尚,sz300918,10.87,10.76,10.87,10900.0,10.8,100,10.87,2200,1.02,10.87,10.87,10900,120000.0,0.0,0.0,55.02,55.02,12.91,8.61,0.0
扬州金泉,sh603307,25.2,25.22,25.2,8300.0,25.05,10200,25.2,1900,-0.08,25.2,25.2,8300,210000.0,0.01,0.0,24.48,24.88,27.74,22.7,0.0
华发股份,sh600325,2.37,2.38,2.37,80900.0,2.36,62500,2.37,62200,-0.42,2.37,2.37,80900,190000.0,0.0,0.0,65.23,65.23,2.62,2.14,0.0
达嘉维康,sz301126,10.42,10.38,10.42,19400.0,10.42,200,10.46,200,0.39,10.42,10.42,19400,200000.0,0.01,0.0,14.37,21.4,12.46,8.3,0.0
双枪科技,sz001211,24.2,24.18,24.2,45100.0,24.2,400,24.28,1000,0.08,24.2,24.2,45100,1090000.0,0.05,0.0,22.59,24.2,26.6,21.76,0.0
东风股份,sh600006,5.38,5.38,5.38,32200.0,5.35,3900,5.38,38000,0.0,5.38,5.38,32200,170000.0,0.0,0.0,107.6,107.6,5.92,4.84,0.0
镇洋发展,sh603213,13.73,13.74,13.73,7000.0,13.72,1800,13.73,200,-0.07,13.73,13.73,7000,100000.0,0.0,0.0,61.08,61.08,15.11,12.37,0.0
大连热电,sh600719,7.37,7.4,7.37,29700.0,7.37,3000,7.4,2300,-0.41,7.37,7.37,29700,220000.0,0.01,0.0,29.82,29.82,8.14,6.66,0.0
光大嘉宝,sh600622,2.22,2.21,2.22,72000.0,2.21,62400,2.22,11400,0.45,2.22,2.22,72000,160000.0,0.0,0.0,33.29,33.29,2.43,1.99,0.0
三元股份,sh600429,4.66,4.64,4.66,99500.0,4.65,21700,4.66,82700,0.43,4.66,4.66,99500,460000.0,0.01,0.0,69.79,70.0,5.1,4.18,0.0
科翔股份,sz300903,85.01,84.43,85.01,208600.0,85.01,27200,85.03,100,0.69,85.01,85.01,208600,17730000.0,0.06,0.0,298.71,370.12,101.32,67.54,0.0
科汇股份,sh688681,17.0,17.15,17.0,318100.0,17.0,700,17.17,1100,-0.87,17.0,17.0,318100,50000.0,0.0,0.0,17.79,17.79,20.58,13.72,0.0
南山控股,sz002314,2.15,2.14,2.15,60300.0,2.14,6800,2.15,195600,0.47,2.15,2.15,60300,130000.0,0.0,0.0,28.77,58.22,2.35,1.93,0.0
东港股份,sz002117,8.03,8.1,8.03,85300.0,8.03,13300,8.05,200,-0.86,8.03,8.03,85300,680000.0,0.02,0.0,42.04,42.05,8.91,7.29,0.0
中航西飞,sz000768,21.59,21.6,21.59,93600.0,21.58,2000,21.59,3600,-0.05,21.59,21.59,93600,2020000.0,0.0,0.0,599.43,600.33,23.76,19.44,0.0
中国软件,sh600536,31.15,31.32,31.15,21200.0,31.1,1200,31.15,21400,-0.54,31.15,31.15,21200,660000.0,0.0,0.0,262.8,290.87,34.45,28.19,0.0
山东药玻,sh600529,19.12,19.16,19.12,16700.0,19.11,300,19.12,2300,-0.21,19.12,19.12,16700,320000.0,0.0,0.0,126.88,126.88,21.08,17.24,0.0
川宁生物,sz301301,8.88,8.86,8.88,41200.0,8.86,19300,8.88,10000,0.23,8.88,8.88,41200,370000.0,0.01,0.0,55.05,198.23,10.63,7.09,0.0
清研环境,sz301288,17.44,17.36,17.44,11000.0,17.44,1600,17.45,600,0.46,17.44,17.44,11000,190000.0,0.01,0.0,13.62,18.84,20.83,13.89,0.0
昊创瑞通,sz301668,36.66,36.68,36.66,2000.0,36.56,400,36.66,100,-0.05,36.66,36.66,2000,70000.0,0.01,0.0,8.92,40.33,44.02,29.34,0.0
长龄液压,sh605389,77.15,76.19,77.15,6100.0,76.27,500,77.15,16700,1.26,77.15,77.15,6100,470000.0,0.0,0.0,136.67,144.27,83.81,68.57,0.0
中新集团,sh601512,7.72,7.77,7.72,12900.0,7.71,10100,7.72,1900,-0.64,7.72,7.72,12900,100000.0,0.0,0.0,115.71,115.71,8.55,6.99,0.0
新农开发,sh600359,6.31,6.3,6.31,129600.0,6.3,28600,6.31,4800,0.16,6.31,6.31,129600,820000.0,0.03,0.0,24.07,24.07,6.93,5.67,0.0
郑州煤电,sh600121,3.92,3.92,3.92,150300.0,3.91,16600,3.92,49400,0.0,3.92,3.92,150300,590000.0,0.01,0.0,47.76,47.76,4.31,3.53,0.0
南都物业,sh603506,10.89,10.82,10.89,27600.0,10.89,800,10.9,2600,0.65,10.89,10.89,27600,300000.0,0.01,0.0,20.45,20.45,11.9,9.74,0.0
建元信托,sh600816,2.54,2.54,2.54,236600.0,2.54,118800,2.55,249300,0.0,2.54,2.54,236600,600000.0,0.0,0.0,138.92,250.05,2.79,2.29,0.0
杭氧股份,sz002430,23.64,23.69,23.64,61400.0,23.63,5700,23.64,3800,-0.21,23.64,23.64,61400,1450000.0,0.01,0.0,231.18,231.28,26.06,21.32,0.0
卧龙新能,sh600173,6.27,6.31,6.27,19600.0,6.27,50000,6.31,5000,-0.63,6.27,6.27,19600,120000.0,0.0,0.0,43.92,43.92,6.94,5.68,0.0
丝路视觉,sz300556,16.42,16.55,16.42,23500.0,16.42,1000,16.46,100,-0.79,16.42,16.42,23500,390000.0,0.02,0.0,17.82,19.96,19.86,13.24,0.0
普元信息,sh688118,21.1,21.3,21.1,1529400.0,21.1,5200,21.2,600,-0.94,21.1,21.1,1529400,320000.0,0.02,0.0,19.69,19.69,25.56,17.04,0.0
朝阳科技,sz002981,23.02,23.08,23.02,3000.0,23.0,1200,23.02,900,-0.26,23.02,23.02,3000,70000.0,0.0,0.0,27.99,31.44,25.39,20.77,0.0
巍华新材,sh603310,14.82,14.83,14.82,2000.0,14.75,3600,14.82,1100,-0.07,14.82,14.82,2000,30000.0,0.0,0.0,28.75,51.18,16.31,13.35,0.0
蒙娜丽莎,sz002918,10.3,10.48,10.3,564000.0,10.26,300,10.3,24200,-1.72,10.3,10.3,564000,5810000.0,0.26,0.0,22.06,42.11,11.53,9.43,0.0
欧康医药,bj920230,10.92,10.98,10.92,8800.0,10.92,500,10.98,12100,-0.55,10.92,10.92,8800,95600.0,0.02,0.0,5.16,10.97,14.27,7.69,0.0
退市国化,sh600636,1.71,1.71,0.0,0.0,0.0,0,0.0,0,0.0,0.0,0.0,0,0.0,0.0,0.0,7.5,7.5,-1.0,-1.0,0.0
心脉医疗,sh688016,92.8,92.81,92.8,445400.0,92.68,200,92.8,200,-0.01,92.8,92.8,445400,410000.0,0.0,0.0,114.39,114.39,111.37,74.25,0.0
肯特股份,sz301591,35.66,36.28,35.66,162400.0,35.66,2000,35.7,100,-1.71,35.66,35.66,162400,5790000.0,0.36,0.0,15.94,39.0,43.54,29.02,0.0
恒实科技,sz300513,7.41,7.41,7.41,56300.0,7.41,2000,7.42,4800,0.0,7.41,7.41,56300,420000.0,0.02,0.0,23.23,23.24,8.89,5.93,0.0
炬申股份,sz001202,13.64,13.7,13.64,13400.0,13.63,600,13.64,700,-0.44,13.64,13.64,13400,180000.0,0.01,0.0,15.93,22.74,15.07,12.33,0.0
沙钢股份,sz002075,3.71,3.73,3.71,66900.0,3.7,27000,3.71,3800,-0.54,3.71,3.71,66900,250000.0,0.0,0.0,81.39,81.39,4.1,3.36,0.0
悍高集团,sz001221,41.73,41.73,41.73,36500.0,41.73,4400,41.75,300,0.0,41.73,41.73,36500,1520000.0,0.05,0.0,32.08,166.92,45.9,37.56,0.0
富瀚微,sz300613,78.38,78.41,78.38,41300.0,78.2,100,78.38,700,-0.04,78.38,78.38,41300,3240000.0,0.02,0.0,172.19,182.54,94.09,62.73,0.0
ST凯利,sz300326,6.07,6.07,6.07,15500.0,6.07,3700,6.08,53000,0.0,6.07,6.07,15500,90000.0,0.0,0.0,43.5,43.52,7.28,4.86,0.0
健之佳,sh605266,16.79,16.79,16.79,10500.0,16.79,800,16.85,300,0.0,16.79,16.79,10500,180000.0,0.01,0.0,25.95,25.95,18.47,15.11,0.0
尤洛卡,sz300099,6.27,6.27,6.27,309200.0,6.25,11000,6.27,30700,0.0,6.27,6.27,309200,1940000.0,0.05,0.0,36.45,46.23,7.52,5.02,0.0
德必集团,sz300947,14.36,14.24,14.36,7600.0,14.24,2200,14.36,3200,0.84,14.36,14.36,7600,110000.0,0.01,0.0,21.7,21.7,17.09,11.39,0.0
*ST景谷,sh600265,23.45,23.36,23.45,600.0,23.16,1000,23.45,2400,0.39,23.45,23.45,600,10000.0,0.0,0.0,30.44,30.44,25.7,21.02,0.0
同有科技,sz300302,33.48,32.7,33.48,335400.0,33.47,1200,33.48,2300,2.39,33.48,33.48,335400,11230000.0,0.09,0.0,123.48,160.46,39.24,26.16,0.0
利德曼,sz300289,5.99,5.98,5.99,1200.0,5.98,3800,5.99,400,0.17,5.99,5.99,1200,10000.0,0.0,0.0,32.54,32.59,7.18,4.78,0.0
武汉蓝电,bj920779,23.46,23.44,0.0,0.0,23.46,3000,23.5,300,0.09,0.0,0.0,0,0.0,0.0,0.0,4.7,18.78,30.47,16.41,0.0
德邦股份,sh603056,18.85,18.85,0.0,0.0,0.0,0,0.0,0,0.0,0.0,0.0,0,0.0,0.0,0.0,190.68,190.68,-1.0,-1.0,0.0
通达海,sz301378,26.15,26.13,26.15,4000.0,26.13,1300,26.15,5600,0.08,26.15,26.15,4000,100000.0,0.01,0.0,12.01,25.26,31.36,20.9,0.0
东贝集团,sh601956,5.0,5.0,5.0,34400.0,5.0,2100,5.02,1800,0.0,5.0,5.0,34400,170000.0,0.01,0.0,31.08,31.08,5.5,4.5,0.0
值得买,sz300785,39.35,39.63,39.35,8400.0,39.33,1300,39.35,300,-0.71,39.35,39.35,8400,330000.0,0.01,0.0,48.14,78.25,47.56,31.7,0.0
志高机械,bj920101,16.97,16.96,16.97,700.0,16.97,2500,17.0,600,0.06,16.97,16.97,700,11900.0,0.0,0.0,6.61,21.18,22.04,11.88,0.0
美迪凯,sh688079,17.15,17.15,17.15,3694400.0,17.15,1000,17.17,400,0.0,17.15,17.15,3694400,630000.0,0.01,0.0,69.39,70.61,20.58,13.72,0.0
东亚药业,sh605177,18.61,18.69,18.61,12600.0,18.61,40900,18.68,3300,-0.43,18.61,18.61,12600,230000.0,0.01,0.0,21.15,21.35,20.56,16.82,0.0
深中华A,sz000017,6.08,6.02,6.08,28100.0,6.08,1900,6.09,100,1.0,6.08,6.08,28100,170000.0,0.01,0.0,26.8,41.9,6.62,5.42,0.0
泽润新能,sz301636,41.5,41.31,41.5,4600.0,41.43,700,41.5,200,0.46,41.5,41.5,4600,190000.0,0.01,0.0,15.67,26.85,49.57,33.05,0.0
中核科技,sz000777,17.8,17.81,17.8,17200.0,17.79,1300,17.8,2200,-0.06,17.8,17.8,17200,310000.0,0.0,0.0,68.25,68.25,19.59,16.03,0.0
开创电气,sz301448,45.38,45.23,45.38,18500.0,45.36,300,45.38,600,0.33,45.38,45.38,18500,840000.0,0.03,0.0,32.17,47.47,54.28,36.18,0.0
华厦眼科,sz301267,16.24,16.28,16.24,5800.0,16.2,200,16.25,5000,-0.25,16.24,16.24,5800,90000.0,0.0,0.0,105.31,136.42,19.54,13.02,0.0
振华风光,sh688439,40.1,40.05,40.1,1627100.0,40.05,1500,40.1,6700,0.12,40.1,40.1,1627100,650000.0,0.01,0.0,80.2,80.2,48.06,32.04,0.0
仙乐健康,sz300791,17.28,17.35,17.28,46600.0,17.28,1300,17.3,6600,-0.4,17.28,17.28,46600,810000.0,0.02,0.0,44.48,53.26,20.82,13.88,0.0
双环传动,sz002472,38.86,38.65,38.86,70600.0,38.83,300,38.86,300,0.54,38.86,38.86,70600,2740000.0,0.01,0.0,290.9,330.31,42.52,34.79,0.0
基康技术,bj920879,12.64,12.75,0.0,0.0,12.64,1700,12.7,500,-0.86,0.0,0.0,0,0.0,0.0,0.0,19.0,25.39,16.57,8.93,0.0
冠城新材,sh600067,2.86,2.85,2.86,46700.0,2.85,1500,2.86,6000,0.35,2.86,2.86,46700,130000.0,0.0,0.0,39.8,39.8,3.14,2.57,0.0
经纬辉开,sz300120,9.35,9.55,9.35,609900.0,9.35,5000,9.36,2400,-2.09,9.35,9.35,609900,5700000.0,0.12,0.0,49.32,53.71,11.46,7.64,0.0
古麒绒材,sz001390,18.15,18.1,18.15,2600.0,18.13,100,18.15,400,0.28,18.15,18.15,2600,50000.0,0.0,0.0,21.56,36.3,19.91,16.29,0.0
天玛智控,sh688570,15.39,15.38,15.39,44600.0,15.27,2600,15.39,1100,0.07,15.39,15.39,44600,10000.0,0.0,0.0,28.96,66.64,18.46,12.3,0.0
浙江仙通,sh603239,14.53,14.53,14.53,14600.0,14.51,600,14.53,100,0.0,14.53,14.53,14600,210000.0,0.01,0.0,39.34,39.34,15.98,13.08,0.0
瑞晨环保,sz301273,42.81,43.73,42.81,31300.0,42.81,600,42.88,1500,-2.1,42.81,42.81,31300,1340000.0,0.04,0.0,32.96,42.94,52.48,34.98,0.0
山推股份,sz000680,10.34,10.37,10.34,26500.0,10.34,34200,10.36,3000,-0.29,10.34,10.34,26500,270000.0,0.0,0.0,135.93,155.11,11.41,9.33,0.0
金 融 街,sz000402,2.47,2.48,2.47,302400.0,2.47,218600,2.48,247700,-0.4,2.47,2.47,302400,750000.0,0.01,0.0,73.82,73.83,2.73,2.23,0.0
建工修复,sz300958,12.0,12.02,12.0,15100.0,11.98,6000,12.0,2700,-0.17,12.0,12.0,15100,180000.0,0.02,0.0,10.93,18.81,14.42,9.62,0.0
华孚时尚,sz002042,3.89,3.89,3.89,136600.0,3.89,66400,3.9,73000,0.0,3.89,3.89,136600,530000.0,0.01,0.0,66.16,66.16,4.28,3.5,0.0
信质集团,sz002664,16.35,16.61,16.35,137400.0,16.35,5000,16.6,3300,-1.57,16.35,16.35,137400,2250000.0,0.03,0.0,65.88,66.74,18.27,14.95,0.0
韵达股份,sz002120,6.72,6.74,6.72,60900.0,6.71,23300,6.72,12500,-0.3,6.72,6.72,60900,410000.0,0.0,0.0,189.18,194.83,7.41,6.07,0.0
泛微网络,sh603039,44.2,44.68,44.2,150500.0,44.19,4800,44.2,900,-1.07,44.2,44.2,150500,6650000.0,0.05,0.0,135.98,135.98,49.15,40.21,0.0
创世纪,sz300083,13.96,13.96,13.96,210600.0,13.95,1200,13.96,39600,0.0,13.96,13.96,210600,2940000.0,0.01,0.0,208.3,232.41,16.75,11.17,0.0
华大基因,sz300676,39.79,39.78,39.79,14500.0,39.79,4100,39.85,1000,0.03,39.79,39.79,14500,580000.0,0.0,0.0,165.54,166.45,47.74,31.82,0.0
润达医疗,sh603108,10.18,10.22,10.18,33700.0,10.18,3500,10.22,15500,-0.39,10.18,10.18,33700,340000.0,0.01,0.0,61.55,61.55,11.24,9.2,0.0
百川能源,sh600681,3.43,3.44,3.43,53000.0,3.43,35100,3.44,73800,-0.29,3.43,3.43,53000,180000.0,0.0,0.0,45.96,45.99,3.78,3.1,0.0
华新精科,sh603370,34.81,34.96,34.81,3400.0,34.66,4900,34.96,200,-0.43,34.81,34.81,3400,120000.0,0.01,0.0,12.18,60.9,38.46,31.46,0.0
陕西煤业,sh601225,25.16,25.23,25.16,88800.0,25.15,400,25.16,7200,-0.28,25.16,25.16,88800,2230000.0,0.0,0.0,2439.26,2439.26,27.75,22.71,0.0
鼎佳精密,bj920005,23.85,23.85,23.85,1300.0,23.85,400,24.07,1900,0.0,23.85,23.85,1300,31000.0,0.0,0.0,9.14,19.8,31.0,16.7,0.0
柳    工,sz000528,8.1,8.11,8.1,59600.0,8.09,3200,8.1,3800,-0.12,8.1,8.1,59600,480000.0,0.0,0.0,164.84,165.06,8.92,7.3,0.0
北大荒,sh600598,12.24,12.24,12.24,546000.0,12.23,700,12.24,149400,0.0,12.24,12.24,546000,6680000.0,0.03,0.0,217.59,217.59,13.46,11.02,0.0
甘李药业,sh603087,74.0,74.22,74.0,49800.0,73.96,100,74.0,1100,-0.3,74.0,74.0,49800,3690000.0,0.01,0.0,415.26,442.1,81.64,66.8,0.0
晶科能源,sh688223,4.48,4.49,4.48,18665600.0,4.47,283300,4.48,49600,-0.22,4.48,4.48,18665600,840000.0,0.0,0.0,460.07,460.07,5.39,3.59,0.0
蒙草生态,sz300355,3.01,3.02,3.01,136600.0,3.01,126100,3.02,35000,-0.33,3.01,3.01,136600,410000.0,0.01,0.0,41.13,48.29,3.62,2.42,0.0
克明食品,sz002661,7.86,7.87,7.86,6200.0,7.86,300,7.87,15400,-0.13,7.86,7.86,6200,50000.0,0.0,0.0,24.24,25.45,8.66,7.08,0.0
澳洋健康,sz002172,4.69,4.99,4.69,9937000.0,4.69,502300,4.7,327800,-6.01,4.69,4.69,9937000,46600000.0,1.3,0.0,35.89,35.91,5.49,4.49,0.0
福莱蒽特,sh605566,27.1,27.04,27.1,9400.0,27.1,5600,27.15,700,0.22,27.1,27.1,9400,250000.0,0.01,0.0,36.14,36.14,29.74,24.34,0.0
吉林化纤,sz000420,3.82,3.81,3.82,115500.0,3.81,15600,3.82,55800,0.26,3.82,3.82,115500,440000.0,0.0,0.0,93.9,93.93,4.19,3.43,0.0
诚意药业,sh603811,7.55,7.5,7.55,45700.0,7.5,1500,7.55,99800,0.67,7.55,7.55,45700,350000.0,0.01,0.0,34.6,34.6,8.25,6.75,0.0
博思软件,sz300525,8.62,8.66,8.62,14800.0,8.61,2100,8.62,9200,-0.46,8.62,8.62,14800,130000.0,0.0,0.0,53.15,64.79,10.39,6.93,0.0
好当家,sh600467,2.36,2.35,2.36,129600.0,2.35,10400,2.36,153200,0.43,2.36,2.36,129600,310000.0,0.01,0.0,34.48,34.48,2.59,2.12,0.0
宁波高发,sh603788,14.08,14.13,14.08,5500.0,14.08,4400,14.16,4700,-0.35,14.08,14.08,5500,80000.0,0.0,0.0,31.41,31.41,15.54,12.72,0.0
诺思格,sz301333,63.75,63.75,63.75,23600.0,63.6,1000,63.8,200,0.0,63.75,63.75,23600,1500000.0,0.02,0.0,61.49,61.57,76.5,51.0,0.0
唯赛勃,sh688718,14.36,14.63,14.36,1623900.0,14.36,3400,14.43,600,-1.85,14.36,14.36,1623900,230000.0,0.01,0.0,24.95,24.95,17.56,11.7,0.0
南凌科技,sz300921,16.12,16.3,16.12,22400.0,16.11,500,16.12,600,-1.1,16.12,16.12,22400,360000.0,0.01,0.0,26.1,41.39,19.56,13.04,0.0
德宏股份,sh603701,19.86,19.9,19.86,3800.0,19.86,500,19.94,1900,-0.2,19.86,19.86,3800,80000.0,0.0,0.0,51.91,51.91,21.89,17.91,0.0
岱美股份,sh603730,10.3,10.28,10.3,26700.0,10.28,1500,10.3,42400,0.19,10.3,10.3,26700,280000.0,0.0,0.0,221.31,221.31,11.31,9.25,0.0
玲珑轮胎,sh601966,11.0,11.04,11.0,54400.0,11.0,3800,11.03,14100,-0.36,11.0,11.0,54400,600000.0,0.0,0.0,160.99,160.99,12.14,9.94,0.0
金达威,sz002626,15.6,15.73,15.6,127400.0,15.6,5500,15.73,900,-0.83,15.6,15.6,127400,1990000.0,0.02,0.0,95.14,95.15,17.3,14.16,0.0
ST云动,sz000903,1.9,1.9,1.9,22600.0,1.9,50700,1.91,61900,0.0,1.9,1.9,22600,40000.0,0.0,0.0,36.48,36.76,2.09,1.71,0.0
西部超导,sh688122,52.33,52.36,52.33,1413800.0,52.28,800,52.33,700,-0.06,52.33,52.33,1413800,740000.0,0.0,0.0,339.97,339.97,62.83,41.89,0.0
农发种业,sh600313,6.3,6.16,6.3,5188600.0,6.29,2800,6.3,239700,2.27,6.3,6.3,5188600,32690000.0,0.48,0.0,68.18,73.17,6.78,5.54,0.0
燕京啤酒,sz000729,12.4,12.4,12.4,27000.0,12.34,2600,12.4,800,0.0,12.4,12.4,27000,330000.0,0.0,0.0,311.19,349.5,13.64,11.16,0.0
信通电子,sz001388,22.98,23.34,22.98,98700.0,22.96,1000,22.98,25200,-1.54,22.98,22.98,98700,2270000.0,0.08,0.0,28.75,53.72,25.67,21.01,0.0
奇正藏药,sz002287,20.47,20.56,20.47,4900.0,20.47,14600,20.56,100,-0.44,20.47,20.47,4900,100000.0,0.0,0.0,116.87,117.11,22.62,18.5,0.0
天宸股份,sh600620,4.35,4.37,4.35,27200.0,4.33,9300,4.35,6700,-0.46,4.35,4.35,27200,120000.0,0.0,0.0,29.87,29.87,4.81,3.93,0.0
复旦微电,sh688385,58.0,56.8,58.0,33233400.0,58.0,13200,58.01,200,2.11,58.0,58.0,33233400,19280000.0,0.06,0.0,312.85,477.76,68.16,45.44,0.0
大秦铁路,sh601006,4.71,4.7,4.71,506700.0,4.7,68800,4.71,447000,0.21,4.71,4.71,506700,2390000.0,0.0,0.0,935.54,935.54,5.17,4.23,0.0
重庆港,sh600279,4.25,4.24,4.25,14100.0,4.24,900,4.25,3500,0.24,4.25,4.25,14100,60000.0,0.0,0.0,50.44,50.44,4.66,3.82,0.0
天铭科技,bj920270,11.96,12.06,11.96,400.0,11.96,1600,12.06,500,-0.83,11.96,11.96,400,4800.0,0.0,0.0,9.72,12.51,15.67,8.45,0.0
天顺风能,sz002531,6.53,6.55,6.53,139700.0,6.52,1100,6.53,6200,-0.31,6.53,6.53,139700,910000.0,0.01,0.0,116.68,117.34,7.21,5.9,0.0
华智数媒,sz300426,6.55,6.65,6.55,162800.0,6.55,19200,6.56,4800,-1.5,6.55,6.55,162800,1070000.0,0.04,0.0,26.2,29.5,7.98,5.32,0.0
中炬高新,sh600872,18.82,18.87,18.82,8000.0,18.82,3700,18.85,1900,-0.26,18.82,18.82,8000,150000.0,0.0,0.0,145.1,145.72,20.76,16.98,0.0
海格通信,sz002465,10.71,10.75,10.71,148800.0,10.7,6300,10.71,3300,-0.37,10.71,10.71,148800,1590000.0,0.01,0.0,265.38,265.8,11.83,9.68,0.0
和辉光电-U,sh688538,2.37,2.36,2.37,12979000.0,2.36,226200,2.37,1260000,0.42,2.37,2.37,12979000,310000.0,0.0,0.0,136.33,327.28,2.83,1.89,0.0
杭萧钢构,sh600477,2.48,2.46,2.48,157400.0,2.47,1400,2.48,262700,0.81,2.48,2.48,157400,390000.0,0.01,0.0,58.5,58.5,2.71,2.21,0.0
金龙鱼,sz300999,24.86,24.96,24.86,42400.0,24.85,21700,24.86,1100,-0.4,24.86,24.86,42400,1050000.0,0.01,0.0,134.9,1347.81,29.95,19.97,0.0
力盛体育,sz002858,11.78,11.79,11.78,27900.0,11.68,2100,11.78,1300,-0.08,11.78,11.78,27900,330000.0,0.02,0.0,17.37,21.99,12.97,10.61,0.0
龙芯中科,sh688047,113.49,113.59,113.49,1021700.0,113.07,200,113.49,2800,-0.09,113.49,113.49,1021700,1160000.0,0.0,0.0,455.09,455.09,136.31,90.87,0.0
赛福天,sh603028,7.07,7.07,7.07,6800.0,7.07,4500,7.1,2000,0.0,7.07,7.07,6800,50000.0,0.0,0.0,20.09,20.29,7.78,6.36,0.0
浙江永强,sz002489,2.81,2.76,2.81,1295800.0,2.8,209300,2.81,74700,1.81,2.81,2.81,1295800,3640000.0,0.07,0.0,53.76,60.95,3.04,2.48,0.0
报 喜 鸟,sz002154,4.34,4.27,4.34,359000.0,4.33,15500,4.34,7800,1.64,4.34,4.34,359000,1560000.0,0.03,0.0,51.22,63.34,4.7,3.84,0.0
聚星科技,bj920111,28.71,28.6,28.71,14200.0,28.71,2000,28.85,8000,0.38,28.71,28.71,14200,406800.0,0.02,0.0,21.62,44.54,37.18,20.02,0.0
科大讯飞,sz002230,41.6,41.94,41.6,157900.0,41.58,5800,41.6,5900,-0.81,41.6,41.6,157900,6570000.0,0.01,0.0,911.03,999.27,46.13,37.75,0.0
中元股份,sz300018,11.95,12.22,11.95,156800.0,11.95,49600,11.98,18600,-2.21,11.95,11.95,156800,1870000.0,0.04,0.0,43.41,58.4,14.66,9.78,0.0
五洲交通,sh600368,3.97,3.97,3.97,92300.0,3.96,76100,3.97,35700,0.0,3.97,3.97,92300,370000.0,0.01,0.0,63.9,63.9,4.37,3.57,0.0
博科测试,sz301598,48.99,48.88,48.99,900.0,48.88,300,48.99,300,0.23,48.99,48.99,900,40000.0,0.01,0.0,8.6,28.85,58.66,39.1,0.0
火炬电子,sh603678,52.0,52.37,52.0,88000.0,52.0,71800,52.01,400,-0.71,52.0,52.0,88000,4580000.0,0.02,0.0,247.29,247.29,57.61,47.13,0.0
凌云股份,sh600480,8.69,8.7,8.69,48700.0,8.69,27900,8.7,4000,-0.11,8.69,8.69,48700,420000.0,0.0,0.0,105.43,106.21,9.57,7.83,0.0
ST万邦,sz002082,10.52,10.67,10.52,25900.0,10.52,400,10.57,8500,-1.41,10.52,10.52,25900,270000.0,0.0,0.0,59.74,64.35,11.74,9.6,0.0
中富通,sz300560,17.89,18.1,17.89,15500.0,17.89,900,18.0,1700,-1.16,17.89,17.89,15500,280000.0,0.01,0.0,33.45,41.1,21.72,14.48,0.0
科大智能,sz300222,10.81,10.84,10.81,67400.0,10.81,2300,10.83,6500,-0.28,10.81,10.81,67400,730000.0,0.01,0.0,70.49,84.56,13.01,8.67,0.0
中国铁物,sz000927,2.42,2.43,2.42,154400.0,2.42,299000,2.43,176900,-0.41,2.42,2.42,154400,370000.0,0.0,0.0,146.42,146.42,2.67,2.19,0.0
通行宝,sz301339,11.36,11.39,11.36,7100.0,11.36,2900,11.38,600,-0.26,11.36,11.36,7100,80000.0,0.0,0.0,65.12,65.91,13.67,9.11,0.0
佳驰科技,sh688708,45.03,45.03,45.03,170000.0,45.01,7700,45.03,3600,0.0,45.03,45.03,170000,80000.0,0.0,0.0,64.28,180.34,54.04,36.02,0.0
兆龙互连,sz300913,37.29,37.4,37.29,59900.0,37.29,8200,37.3,100,-0.29,37.29,37.29,59900,2230000.0,0.02,0.0,106.6,127.82,44.88,29.92,0.0
健尔康,sh603205,21.83,21.92,21.83,400.0,21.83,400,21.92,100,-0.41,21.83,21.83,400,10000.0,0.0,0.0,9.02,34.05,24.11,19.73,0.0
凡拓数创,sz301313,38.8,38.15,38.8,59600.0,38.8,3600,38.83,100,1.7,38.8,38.8,59600,2310000.0,0.08,0.0,30.48,40.14,45.78,30.52,0.0
康辰药业,sh603590,32.5,32.67,32.5,4300.0,32.5,8300,32.67,3100,-0.52,32.5,32.5,4300,140000.0,0.0,0.0,51.42,51.68,35.94,29.4,0.0
黄山胶囊,sz002817,6.64,6.64,6.64,14700.0,6.6,600,6.64,56600,0.0,6.64,6.64,14700,100000.0,0.01,0.0,19.26,19.86,7.3,5.98,0.0
华密新材,bj920247,14.47,14.4,14.47,3700.0,14.41,2100,14.47,5100,0.49,14.47,14.47,3700,53500.0,0.0,0.0,19.84,27.36,18.72,10.08,0.0
温氏股份,sz300498,13.45,13.47,13.45,92500.0,13.45,31900,13.46,2800,-0.15,13.45,13.45,92500,1240000.0,0.0,0.0,799.72,894.95,16.16,10.78,0.0
正弦电气,sh688395,22.45,22.68,22.45,1484300.0,22.45,400,22.68,500,-1.01,22.45,22.45,1484300,330000.0,0.02,0.0,19.44,19.44,27.22,18.14,0.0
万华化学,sh600309,72.75,73.13,72.75,102000.0,72.75,2600,72.9,1300,-0.52,72.75,72.75,102000,7420000.0,0.0,0.0,2277.42,2277.42,80.44,65.82,0.0
腾龙股份,sh603158,10.76,10.79,10.76,81200.0,10.7,2500,10.76,1700,-0.28,10.76,10.76,81200,870000.0,0.02,0.0,52.81,52.81,11.87,9.71,0.0
爱普股份,sh603020,10.41,10.4,10.41,10700.0,10.39,500,10.42,100,0.1,10.41,10.41,10700,110000.0,0.0,0.0,39.1,39.1,11.44,9.36,0.0
岳阳兴长,sz000819,12.32,12.29,12.32,91700.0,12.32,5300,12.35,200,0.24,12.32,12.32,91700,1130000.0,0.03,0.0,45.09,45.52,13.52,11.06,0.0
景嘉微,sz300474,53.11,53.23,53.11,32700.0,53.11,100,53.12,400,-0.23,53.11,53.11,32700,1740000.0,0.01,0.0,215.88,277.56,63.88,42.58,0.0
华大智造,sh688114,64.1,64.59,64.1,5300100.0,64.09,300,64.1,4400,-0.76,64.1,64.1,5300100,3400000.0,0.01,0.0,266.42,266.99,77.51,51.67,0.0
国机汽车,sh600335,5.05,5.07,5.05,14300.0,5.05,1600,5.06,4000,-0.39,5.05,5.05,14300,70000.0,0.0,0.0,75.12,75.12,5.58,4.56,0.0
冠捷科技,sz000727,2.25,2.25,2.25,327200.0,2.24,259700,2.25,104800,0.0,2.25,2.25,327200,740000.0,0.01,0.0,101.92,101.92,2.48,2.03,0.0
深物业A,sz000011,8.23,8.22,8.23,4600.0,8.23,6500,8.25,700,0.12,8.23,8.23,4600,40000.0,0.0,0.0,43.33,49.05,9.04,7.4,0.0
山东墨龙,sz002490,7.83,7.65,7.83,661900.0,7.83,15400,7.84,3800,2.35,7.83,7.83,661900,5180000.0,0.12,0.0,42.42,64.48,8.42,6.89,0.0
民生银行,sh600016,3.4,3.41,3.4,1161300.0,3.4,2003800,3.41,836900,-0.29,3.4,3.4,1161300,3950000.0,0.0,0.0,1205.71,1488.6,3.75,3.07,0.0
中通客车,sz000957,10.4,10.45,10.4,18200.0,10.38,1700,10.4,17700,-0.48,10.4,10.4,18200,190000.0,0.0,0.0,61.66,61.66,11.5,9.41,0.0
远程股份,sz002692,4.2,4.22,4.2,37500.0,4.17,2500,4.2,2800,-0.47,4.2,4.2,37500,160000.0,0.01,0.0,30.14,30.16,4.64,3.8,0.0
铭利达,sz301268,13.67,13.71,13.67,19100.0,13.66,100,13.68,4000,-0.29,13.67,13.67,19100,260000.0,0.01,0.0,49.56,54.8,16.45,10.97,0.0
祥鑫科技,sz002965,34.12,34.33,34.12,158200.0,34.11,500,34.12,600,-0.61,34.12,34.12,158200,5400000.0,0.08,0.0,64.97,90.55,37.76,30.9,0.0
辰欣药业,sh603367,14.88,14.98,14.88,17700.0,14.88,3300,14.89,3300,-0.67,14.88,14.88,17700,260000.0,0.0,0.0,67.37,67.37,16.48,13.48,0.0
信隆健康,sz002105,5.82,5.83,5.82,51000.0,5.82,200,5.83,1100,-0.17,5.82,5.82,51000,300000.0,0.01,0.0,21.21,21.32,6.41,5.25,0.0
海力风电,sz301155,45.66,45.97,45.66,5200.0,45.66,400,45.67,600,-0.67,45.66,45.66,5200,240000.0,0.0,0.0,56.28,99.26,55.16,36.78,0.0
雪祺电气,sz001387,12.21,12.23,12.21,13100.0,12.07,9700,12.21,600,-0.16,12.21,12.21,13100,160000.0,0.01,0.0,14.22,22.35,13.45,11.01,0.0
蓝天燃气,sh605368,6.59,6.58,6.59,3800.0,6.59,5200,6.6,19000,0.15,6.59,6.59,3800,30000.0,0.0,0.0,47.09,47.09,7.24,5.92,0.0
友升股份,sh603418,44.61,44.63,44.61,6700.0,44.56,1000,44.61,9100,-0.04,44.61,44.61,6700,300000.0,0.02,0.0,18.45,86.13,49.09,40.17,0.0
科德教育,sz300192,14.67,14.51,14.67,45300.0,14.67,800,14.69,6600,1.1,14.67,14.67,45300,660000.0,0.01,0.0,66.81,67.6,17.41,11.61,0.0
英搏尔,sz300681,22.38,22.41,22.38,30100.0,22.25,200,22.38,2800,-0.13,22.38,22.38,30100,670000.0,0.01,0.0,51.65,68.5,26.89,17.93,0.0
天佑德酒,sz002646,6.97,6.97,6.97,12900.0,6.94,1700,6.97,4400,0.0,6.97,6.97,12900,90000.0,0.0,0.0,33.18,33.2,7.67,6.27,0.0
生 意 宝,sz002095,14.33,14.33,14.33,1800.0,14.33,1500,14.36,400,0.0,14.33,14.33,1800,30000.0,0.0,0.0,36.07,36.21,15.76,12.9,0.0
古井贡酒,sz000596,94.9,95.04,94.9,20600.0,94.78,100,94.9,1500,-0.15,94.9,94.9,20600,1950000.0,0.01,0.0,387.76,501.64,104.54,85.54,0.0
上海莱士,sz002252,4.94,4.95,4.94,23600.0,4.93,28500,4.94,136700,-0.2,4.94,4.94,23600,120000.0,0.0,0.0,325.46,325.68,5.45,4.46,0.0
华维设计,bj920427,8.68,8.74,0.0,0.0,8.68,500,8.73,500,-0.69,0.0,0.0,0,0.0,0.0,0.0,4.42,8.95,11.36,6.12,0.0
药康生物,sh688046,39.82,40.18,39.82,6977500.0,39.82,300,39.84,18800,-0.9,39.82,39.82,6977500,2780000.0,0.02,0.0,163.34,163.34,48.22,32.14,0.0
退市创兴,sh600193,0.16,0.16,0.0,0.0,0.0,0,0.0,0,0.0,0.0,0.0,0,0.0,0.0,0.0,0.68,0.68,-1.0,-1.0,0.0
元祖股份,sh603886,10.72,10.7,10.72,17500.0,10.65,2500,10.73,1100,0.19,10.72,10.72,17500,190000.0,0.01,0.0,25.73,25.73,11.77,9.63,0.0
中国长城,sz000066,15.12,15.19,15.12,498500.0,15.11,5100,15.12,700,-0.46,15.12,15.12,498500,7540000.0,0.02,0.0,487.7,487.74,16.71,13.67,0.0
ST迪威迅,sz300167,4.54,4.58,4.54,47000.0,4.54,2500,4.58,10000,-0.87,4.54,4.54,47000,210000.0,0.01,0.0,16.08,18.9,5.5,3.66,0.0
涛涛车业,sz301345,272.42,270.99,272.42,5700.0,271.02,200,272.42,200,0.53,272.42,272.42,5700,1550000.0,0.02,0.0,95.43,297.07,325.19,216.79,0.0
云从科技-UW,sh688327,10.81,10.9,10.81,3446600.0,10.81,1800,10.87,5100,-0.83,10.81,10.81,3446600,370000.0,0.0,0.0,90.25,112.42,13.08,8.72,0.0
海昇药业,bj920656,14.01,14.13,0.0,0.0,14.01,1500,14.23,100,-0.85,0.0,0.0,0,0.0,0.0,0.0,4.54,14.01,18.36,9.9,0.0
*ST海利,sh603718,2.95,2.95,2.95,74300.0,2.94,123700,2.95,111600,0.0,2.95,2.95,74300,220000.0,0.01,0.0,19.14,19.14,3.25,2.66,0.0
ST诺泰,sh688076,27.94,27.91,27.94,80000.0,27.94,1400,28.0,22000,0.11,27.94,27.94,80000,20000.0,0.0,0.0,88.52,88.52,33.49,22.33,0.0
伟测科技,sh688372,137.9,137.91,137.9,3900400.0,137.9,3200,137.91,1800,-0.01,137.9,137.9,3900400,5380000.0,0.02,0.0,233.05,233.05,165.49,110.33,0.0
威派格,sh603956,7.32,7.34,7.32,169400.0,7.31,2000,7.32,1900,-0.27,7.32,7.32,169400,1240000.0,0.03,0.0,41.72,41.72,8.07,6.61,0.0
奥飞娱乐,sz002292,8.35,8.38,8.35,119000.0,8.35,300,8.36,800,-0.36,8.35,8.35,119000,990000.0,0.01,0.0,84.99,123.47,9.22,7.54,0.0
狮头股份,sh600539,14.3,14.4,14.3,18800.0,14.29,200,14.3,4300,-0.69,14.3,14.3,18800,270000.0,0.01,0.0,32.89,32.89,15.84,12.96,0.0
千方科技,sz002373,7.78,7.78,7.78,23400.0,7.78,10400,7.79,4400,0.0,7.78,7.78,23400,180000.0,0.0,0.0,107.18,122.94,8.56,7.0,0.0
光威复材,sz300699,26.1,26.11,26.1,20300.0,26.08,4000,26.1,10600,-0.04,26.1,26.1,20300,530000.0,0.0,0.0,214.39,216.98,31.33,20.89,0.0
清新环境,sz002573,3.28,3.28,3.28,212600.0,3.27,25900,3.28,15300,0.0,3.28,3.28,212600,700000.0,0.02,0.0,46.35,46.42,3.61,2.95,0.0
一诺威,bj920261,13.46,13.44,13.46,1300.0,13.46,2100,13.57,1000,0.15,13.46,13.46,1300,17600.0,0.0,0.0,21.57,39.19,17.47,9.41,0.0
上海钢联,sz300226,16.44,16.5,16.44,9700.0,16.43,200,16.44,9900,-0.36,16.44,16.44,9700,160000.0,0.0,0.0,60.45,62.88,19.8,13.2,0.0
沃顿科技,sz000920,11.9,11.9,11.9,54000.0,11.85,800,11.9,5000,0.0,11.9,11.9,54000,640000.0,0.01,0.0,56.24,56.24,13.09,10.71,0.0
山石网科,sh688030,17.0,17.21,17.0,1081000.0,17.0,21600,17.01,300,-1.22,17.0,17.0,1081000,180000.0,0.01,0.0,30.64,30.64,20.65,13.77,0.0
鸣志电器,sh603728,54.03,53.5,54.03,57100.0,54.0,11700,54.03,10000,0.99,54.03,54.03,57100,3090000.0,0.01,0.0,226.32,226.32,58.85,48.15,0.0
常山北明,sz000158,13.3,13.38,13.3,61700.0,13.3,2600,13.33,5500,-0.6,13.3,13.3,61700,820000.0,0.0,0.0,211.19,212.62,14.72,12.04,0.0
光启技术,sz002625,30.2,30.19,30.2,68200.0,30.19,3600,30.2,7800,0.03,30.2,30.2,68200,2060000.0,0.0,0.0,650.68,650.69,33.21,27.17,0.0
华锦股份,sz000059,4.61,4.6,4.61,111100.0,4.6,30100,4.61,24000,0.22,4.61,4.61,111100,510000.0,0.01,0.0,73.73,73.73,5.06,4.14,0.0
彩虹股份,sh600707,9.87,9.82,9.87,1158400.0,9.87,92700,9.88,5100,0.51,9.87,9.87,1158400,11430000.0,0.03,0.0,354.1,354.17,10.8,8.84,0.0
水星家纺,sh603365,17.38,17.45,17.38,3900.0,17.38,2800,17.45,6200,-0.4,17.38,17.38,3900,70000.0,0.0,0.0,45.39,45.62,19.2,15.71,0.0
万胜智能,sz300882,15.29,15.22,15.29,21100.0,15.29,100,15.3,1800,0.46,15.29,15.29,21100,320000.0,0.01,0.0,40.72,43.76,18.26,12.18,0.0
益生股份,sz002458,9.71,9.73,9.71,347400.0,9.71,8700,9.72,4200,-0.21,9.71,9.71,347400,3370000.0,0.04,0.0,93.84,138.97,10.7,8.76,0.0
赢时胜,sz300377,14.4,14.45,14.4,31900.0,14.39,2400,14.4,9200,-0.35,14.4,14.4,31900,460000.0,0.0,0.0,99.49,108.14,17.34,11.56,0.0
重庆路桥,sh600106,4.39,4.39,4.39,45000.0,4.39,3300,4.4,13000,0.0,4.39,4.39,45000,200000.0,0.0,0.0,58.34,58.34,4.83,3.95,0.0
万邦达,sz300055,6.1,6.06,6.1,36900.0,6.09,6200,6.1,9100,0.66,6.1,6.1,36900,230000.0,0.01,0.0,38.6,51.04,7.27,4.85,0.0
天健集团,sz000090,3.49,3.47,3.49,80600.0,3.46,24500,3.49,27600,0.58,3.49,3.49,80600,280000.0,0.0,0.0,65.21,65.21,3.82,3.12,0.0
鸿合科技,sz002955,36.98,36.98,36.98,7800.0,36.98,200,36.99,7000,0.0,36.98,36.98,7800,290000.0,0.0,0.0,72.35,87.51,40.68,33.28,0.0
艾能聚,bj920770,10.36,10.35,10.36,3200.0,10.32,1000,10.36,3400,0.1,10.36,10.36,3200,33200.0,0.0,0.0,8.48,13.48,13.45,7.25,0.0
连城数控,bj920368,24.14,24.47,24.14,36500.0,24.13,2000,24.14,4200,-1.35,24.14,24.14,36500,881300.0,0.02,0.0,53.92,56.68,31.81,17.13,0.0
中 关 村,sz000931,4.33,4.34,4.33,47600.0,4.32,200,4.33,37200,-0.23,4.33,4.33,47600,210000.0,0.01,0.0,32.52,32.61,4.77,3.91,0.0
凯撒文化,sz002425,3.25,3.26,3.25,178900.0,3.25,20600,3.26,40900,-0.31,3.25,3.25,178900,580000.0,0.02,0.0,29.91,31.09,3.59,2.93,0.0
天利科技,sz300399,17.8,17.67,17.8,8700.0,17.73,500,17.8,500,0.74,17.8,17.8,8700,150000.0,0.0,0.0,35.17,35.17,21.2,14.14,0.0
亚世光电,sz002952,20.37,20.38,20.37,3400.0,20.37,1200,20.38,1600,-0.05,20.37,20.37,3400,70000.0,0.0,0.0,26.82,33.48,22.42,18.34,0.0
双一科技,sz300690,21.43,21.45,21.43,6400.0,21.35,100,21.43,13200,-0.09,21.43,21.43,6400,140000.0,0.01,0.0,23.91,35.43,25.74,17.16,0.0
同为股份,sz002835,12.42,12.59,12.42,18800.0,12.42,800,12.46,1400,-1.35,12.42,12.42,18800,230000.0,0.01,0.0,15.81,27.26,13.85,11.33,0.0
恒丰纸业,sh600356,9.0,8.89,9.0,62600.0,8.83,3600,9.0,5400,1.24,9.0,9.0,62600,560000.0,0.02,0.0,26.89,29.66,9.78,8.0,0.0
尚荣医疗,sz002551,3.38,3.42,3.38,352000.0,3.37,36800,3.38,68700,-1.17,3.38,3.38,352000,1190000.0,0.06,0.0,20.66,28.58,3.76,3.08,0.0
青岛食品,sz001219,12.91,12.91,12.91,22400.0,12.91,5700,12.95,17300,0.0,12.91,12.91,22400,290000.0,0.01,0.0,24.55,25.17,14.2,11.62,0.0
微电生理,sh688351,20.51,20.62,20.51,370000.0,20.51,15600,20.65,3100,-0.53,20.51,20.51,370000,80000.0,0.0,0.0,96.52,96.52,24.74,16.5,0.0
中胤时尚,sz300901,17.99,18.01,17.99,45200.0,17.99,100,18.01,100,-0.11,17.99,17.99,45200,810000.0,0.02,0.0,43.18,43.18,21.61,14.41,0.0
德赛西威,sz002920,90.5,91.27,90.5,18700.0,90.45,200,90.5,600,-0.84,90.5,90.5,18700,1690000.0,0.0,0.0,539.94,540.11,100.4,82.14,0.0
天邑股份,sz300504,15.56,15.6,15.56,63600.0,15.5,1100,15.56,1000,-0.26,15.56,15.56,63600,990000.0,0.03,0.0,33.96,42.17,18.72,12.48,0.0
华恒生物,sh688639,17.1,17.11,17.1,1847200.0,17.05,2000,17.1,800,-0.06,17.1,17.1,1847200,320000.0,0.01,0.0,42.77,42.77,20.53,13.69,0.0
依依股份,sz001206,16.92,16.89,16.92,31700.0,16.9,100,16.92,900,0.18,16.92,16.92,31700,540000.0,0.03,0.0,18.08,31.28,18.58,15.2,0.0
特发服务,sz300917,26.63,26.52,26.63,34100.0,26.63,9900,26.66,1000,0.41,26.63,26.63,34100,910000.0,0.02,0.0,45.0,45.0,31.82,21.22,0.0
芯导科技,sh688230,58.21,58.2,58.21,304700.0,58.2,400,58.21,400,0.02,58.21,58.21,304700,180000.0,0.0,0.0,68.45,68.45,69.84,46.56,0.0
宝立食品,sh603170,12.73,12.69,12.73,26500.0,12.69,900,12.73,2200,0.32,12.73,12.73,26500,340000.0,0.01,0.0,50.92,50.92,13.96,11.42,0.0
航天南湖,sh688552,27.92,27.92,27.92,740000.0,27.66,200,27.92,4200,0.0,27.92,27.92,740000,210000.0,0.0,0.0,94.16,94.16,33.5,22.34,0.0
惠通科技,sz301601,16.49,16.54,16.49,3600.0,16.4,1600,16.49,400,-0.3,16.49,16.49,3600,60000.0,0.0,0.0,13.93,23.17,19.85,13.23,0.0
美利云,sz000815,18.3,18.86,18.3,962100.0,18.3,110900,18.31,600,-2.97,18.3,18.3,962100,17610000.0,0.14,0.0,127.23,127.23,20.75,16.97,0.0
荣泰健康,sh603579,18.52,18.52,18.52,3300.0,18.52,100,18.6,1000,0.0,18.52,18.52,3300,60000.0,0.0,0.0,37.23,37.23,20.37,16.67,0.0
乐心医疗,sz300562,15.9,15.91,15.9,74200.0,15.86,1000,15.9,11300,-0.06,15.9,15.9,74200,1180000.0,0.04,0.0,26.54,34.75,19.09,12.73,0.0
中航高科,sh600862,18.04,18.07,18.04,80000.0,18.04,600,18.05,18900,-0.17,18.04,18.04,80000,1440000.0,0.01,0.0,251.31,251.31,19.88,16.26,0.0
亿道信息,sz001314,58.0,58.15,58.0,12600.0,57.88,500,58.0,900,-0.26,58.0,58.0,12600,730000.0,0.01,0.0,71.98,82.7,63.97,52.34,0.0
钜泉科技,sh688391,26.59,26.72,26.59,546600.0,26.58,13600,26.59,1100,-0.49,26.59,26.59,546600,150000.0,0.0,0.0,30.74,30.74,32.06,21.38,0.0
中安科,sh600654,2.93,2.95,2.93,102300.0,2.93,25900,2.94,7200,-0.68,2.93,2.93,102300,300000.0,0.0,0.0,67.9,83.37,3.25,2.66,0.0
三一重工,sh600031,18.72,18.7,18.72,92800.0,18.71,21400,18.72,20400,0.11,18.72,18.72,92800,1740000.0,0.0,0.0,1586.41,1721.3,20.57,16.83,0.0
中信建投,sh601066,25.71,25.77,25.71,53500.0,25.7,23400,25.71,1400,-0.23,25.71,25.71,53500,1380000.0,0.0,0.0,1670.04,1994.25,28.35,23.19,0.0
浙文互联,sh600986,7.8,7.82,7.8,382300.0,7.78,600,7.8,17700,-0.26,7.8,7.8,382300,2980000.0,0.03,0.0,116.02,116.02,8.6,7.04,0.0
蓝色光标,sz300058,15.21,15.4,15.21,1990800.0,15.2,342400,15.21,40000,-1.23,15.21,15.21,1990800,30280000.0,0.06,0.0,528.99,546.07,18.48,12.32,0.0
腾达建设,sh600512,2.06,2.05,2.06,70300.0,2.05,15000,2.06,1181600,0.49,2.06,2.06,70300,140000.0,0.0,0.0,32.7,32.7,2.26,1.85,0.0
福蓉科技,sh603327,8.92,8.97,8.92,159900.0,8.92,18700,8.97,30600,-0.56,8.92,8.92,159900,1430000.0,0.02,0.0,93.25,93.25,9.87,8.07,0.0
达安基因,sz002030,5.71,5.72,5.71,122100.0,5.71,57500,5.72,15000,-0.17,5.71,5.71,122100,700000.0,0.01,0.0,80.14,80.14,6.29,5.15,0.0
广信科技,bj920037,41.0,41.0,41.0,100.0,41.0,100,41.24,1000,0.0,41.0,41.0,100,4100.0,0.0,0.0,32.1,52.5,53.3,28.7,0.0
肇民科技,sz301000,26.09,25.98,26.09,16200.0,26.02,100,26.09,200,0.42,26.09,26.09,16200,420000.0,0.01,0.0,59.91,63.46,31.18,20.78,0.0
三元基因,bj920344,19.8,19.58,19.8,9000.0,19.8,3700,19.81,1000,1.12,19.8,19.8,9000,178700.0,0.01,0.0,22.52,24.12,25.45,13.71,0.0
*ST清越,sh688496,0.88,0.86,0.88,23048200.0,0.87,33300,0.88,67700,2.33,0.88,0.88,23048200,200000.0,0.1,0.0,2.09,3.96,1.03,0.69,0.0
睿能科技,sh603933,20.85,20.9,20.85,12000.0,20.81,500,20.85,51000,-0.24,20.85,20.85,12000,250000.0,0.01,0.0,43.27,43.27,22.99,18.81,0.0
顺控发展,sz003039,11.88,11.91,11.88,11900.0,11.88,500,11.89,2000,-0.25,11.88,11.88,11900,140000.0,0.0,0.0,73.36,73.36,13.1,10.72,0.0
广济药业,sz000952,6.44,6.43,6.44,54300.0,6.44,23400,6.45,600,0.16,6.44,6.44,54300,350000.0,0.02,0.0,22.15,22.15,7.07,5.79,0.0
广大特材,sh688186,14.59,14.51,14.59,2293300.0,14.56,600,14.59,0,0.55,14.59,14.59,2293300,330000.0,0.01,0.0,40.92,40.92,17.41,11.61,0.0
播恩集团,sz001366,12.21,12.26,12.21,24500.0,12.2,600,12.23,5000,-0.41,12.21,12.21,24500,300000.0,0.02,0.0,19.62,19.62,13.49,11.03,0.0
三晖电气,sz002857,19.06,19.18,19.06,24400.0,19.06,1500,19.15,1000,-0.63,19.06,19.06,24400,470000.0,0.02,0.0,24.51,24.9,21.1,17.26,0.0
ST长方,sz300301,3.41,3.41,3.41,3500.0,3.39,28400,3.41,5400,0.0,3.41,3.41,3500,10000.0,0.0,0.0,26.93,28.3,4.09,2.73,0.0
美格智能,sz002881,38.56,39.06,38.56,33100.0,38.55,10000,38.56,2100,-1.28,38.56,38.56,33100,1280000.0,0.02,0.0,70.57,116.48,42.97,35.15,0.0
万讯自控,sz300112,9.52,9.59,9.52,67200.0,9.5,1200,9.52,1900,-0.73,9.52,9.52,67200,640000.0,0.03,0.0,22.62,27.41,11.51,7.67,0.0
山河智能,sz002097,7.43,7.41,7.43,99500.0,7.43,1700,7.44,1000,0.27,7.43,7.43,99500,740000.0,0.01,0.0,79.7,79.84,8.15,6.67,0.0
友好集团,sh600778,5.58,5.62,5.58,38000.0,5.58,400,5.59,2000,-0.71,5.58,5.58,38000,210000.0,0.01,0.0,17.37,17.38,6.18,5.06,0.0
振东制药,sz300158,5.53,5.57,5.53,115100.0,5.52,27400,5.53,10300,-0.72,5.53,5.53,115100,640000.0,0.01,0.0,54.83,54.87,6.68,4.46,0.0
隆鑫通用,sh603766,13.8,13.79,13.8,20500.0,13.79,3000,13.8,1000,0.07,13.8,13.8,20500,280000.0,0.0,0.0,283.39,283.39,15.17,12.41,0.0
力源科技,sh688565,11.23,11.24,11.23,560500.0,11.18,1200,11.23,1600,-0.09,11.23,11.23,560500,60000.0,0.0,0.0,16.81,16.81,13.49,8.99,0.0
四环生物,sz000518,3.96,4.06,3.96,3028500.0,3.95,16900,3.96,419700,-2.46,3.96,3.96,3028500,11990000.0,0.29,0.0,40.77,40.77,4.47,3.65,0.0
兴业银锡,sz000426,39.88,39.48,39.88,607600.0,39.85,3600,39.88,11500,1.01,39.88,39.88,607600,24230000.0,0.03,0.0,707.95,708.12,43.43,35.53,0.0
掌阅科技,sh603533,21.8,21.98,21.8,68000.0,21.78,300,21.8,4900,-0.82,21.8,21.8,68000,1480000.0,0.02,0.0,95.68,95.68,24.18,19.78,0.0
博睿数据,sh688229,70.45,70.78,70.45,220200.0,69.7,3500,70.45,300,-0.47,70.45,70.45,220200,160000.0,0.0,0.0,31.28,31.28,84.94,56.62,0.0
ST信源,sz300352,2.46,2.46,2.46,10300.0,2.45,31000,2.46,13300,0.0,2.46,2.46,10300,30000.0,0.0,0.0,31.39,35.67,2.95,1.97,0.0
科拓生物,sz300858,15.1,15.1,15.1,11400.0,15.1,1700,15.16,500,0.0,15.1,15.1,11400,170000.0,0.01,0.0,29.56,39.79,18.12,12.08,0.0
万润科技,sz002654,14.21,14.14,14.21,357400.0,14.21,1900,14.24,1200,0.5,14.21,14.21,357400,5080000.0,0.04,0.0,120.11,120.12,15.55,12.73,0.0
煜邦电力,sh688597,7.22,7.22,7.22,2182800.0,7.2,300,7.22,15000,0.0,7.22,7.22,2182800,160000.0,0.01,0.0,24.26,24.26,8.66,5.78,0.0
百克生物,sh688276,15.7,15.78,15.7,479600.0,15.61,1000,15.7,200,-0.51,15.7,15.7,479600,80000.0,0.0,0.0,64.94,64.94,18.94,12.62,0.0
锐奇股份,sz300126,6.42,6.42,6.42,10000.0,6.36,500,6.42,2100,0.0,6.42,6.42,10000,60000.0,0.0,0.0,13.52,19.51,7.7,5.14,0.0
复旦张江,sh688505,8.88,8.95,8.88,5101200.0,8.87,200,8.88,7000,-0.78,8.88,8.88,5101200,450000.0,0.01,0.0,63.1,92.05,10.74,7.16,0.0
鲁阳节能,sz002088,8.28,8.41,8.28,101200.0,8.28,2100,8.29,3400,-1.55,8.28,8.28,101200,840000.0,0.02,0.0,41.89,42.18,9.25,7.57,0.0
舒泰神,sz300204,25.0,24.92,25.0,84200.0,24.98,500,25.0,30700,0.32,25.0,25.0,84200,2110000.0,0.02,0.0,113.42,135.34,29.9,19.94,0.0
汇源通信,sz000586,12.77,12.77,12.77,15500.0,12.7,100,12.77,3500,0.0,12.77,12.77,15500,200000.0,0.01,0.0,24.41,24.7,14.05,11.49,0.0
国科恒泰,sz301370,9.12,9.15,9.12,4200.0,9.08,5000,9.12,800,-0.33,9.12,9.12,4200,40000.0,0.0,0.0,42.92,42.92,10.98,7.32,0.0
中赋科技,sz300692,9.74,9.82,9.74,103400.0,9.74,17100,9.75,28100,-0.81,9.74,9.74,103400,1010000.0,0.02,0.0,49.98,54.77,11.78,7.86,0.0
美力科技,sz300611,23.78,23.86,23.78,1800.0,23.73,100,23.78,15500,-0.34,23.78,23.78,1800,40000.0,0.0,0.0,35.27,50.19,28.63,19.09,0.0
双林股份,sz300100,23.57,23.52,23.57,6800.0,23.52,500,23.57,1700,0.21,23.57,23.57,6800,160000.0,0.0,0.0,131.42,136.47,28.22,18.82,0.0
振华重工,sh600320,4.09,4.1,4.09,69600.0,4.09,300,4.1,88200,-0.24,4.09,4.09,69600,280000.0,0.0,0.0,135.39,214.99,4.51,3.69,0.0
节能国祯,sz300388,6.89,6.93,6.89,53100.0,6.89,100,6.9,24100,-0.58,6.89,6.89,53100,370000.0,0.01,0.0,46.92,46.92,8.32,5.54,0.0
西菱动力,sz300733,14.71,14.76,14.71,12800.0,14.6,4100,14.72,100,-0.34,14.71,14.71,12800,190000.0,0.0,0.0,43.01,58.34,17.71,11.81,0.0
中红医疗,sz300981,15.28,15.33,15.28,53100.0,15.28,20700,15.33,10000,-0.33,15.28,15.28,53100,810000.0,0.01,0.0,60.05,65.53,18.4,12.26,0.0
凯迪股份,sh605288,63.12,62.93,63.12,7300.0,63.03,100,63.12,700,0.3,63.12,63.12,7300,460000.0,0.01,0.0,62.03,62.45,69.22,56.64,0.0
强邦新材,sz001279,25.25,25.35,25.25,1300.0,25.14,100,25.25,200,-0.39,25.25,25.25,1300,30000.0,0.0,0.0,10.1,40.4,27.89,22.82,0.0
信达地产,sh600657,2.59,2.59,2.59,109300.0,2.59,99600,2.6,108100,0.0,2.59,2.59,109300,280000.0,0.0,0.0,73.86,73.86,2.85,2.33,0.0
惠天热电,sz000692,4.47,4.63,4.47,920200.0,4.47,45500,4.49,2000,-3.46,4.47,4.47,920200,4110000.0,0.17,0.0,23.82,23.82,5.09,4.17,0.0
创益通,sz300991,29.6,29.6,29.6,11000.0,29.6,200,29.7,2700,0.0,29.6,29.6,11000,330000.0,0.01,0.0,31.11,42.62,35.52,23.68,0.0
威尔药业,sh603351,27.42,27.25,27.42,6400.0,27.25,400,27.42,3800,0.62,27.42,27.42,6400,180000.0,0.0,0.0,37.14,37.14,29.98,24.53,0.0
东方新能,sz002310,2.4,2.41,2.4,207500.0,2.4,88500,2.41,259000,-0.41,2.4,2.4,207500,500000.0,0.0,0.0,105.58,143.98,2.65,2.17,0.0
凯添燃气,bj920010,8.47,8.35,8.47,50100.0,8.45,3600,8.47,12600,1.44,8.47,8.47,50100,424600.0,0.03,0.0,14.76,19.86,10.85,5.85,0.0
盛泰集团,sh605138,5.93,5.93,5.93,57800.0,5.93,3900,5.96,100,0.0,5.93,5.93,57800,340000.0,0.01,0.0,32.95,32.95,6.52,5.34,0.0
会畅科技,sz300578,16.48,16.3,16.48,8800.0,16.48,900,16.59,900,1.1,16.48,16.48,8800,150000.0,0.0,0.0,32.67,32.67,19.56,13.04,0.0
拓斯达,sz300607,37.21,37.53,37.21,263900.0,37.21,2300,37.22,900,-0.85,37.21,37.21,263900,9820000.0,0.08,0.0,125.58,177.48,45.04,30.02,0.0
新五丰,sh600975,4.93,4.95,4.93,20100.0,4.93,69000,4.94,500,-0.4,4.93,4.93,20100,100000.0,0.0,0.0,61.61,61.61,5.45,4.46,0.0
奔朗新材,bj920807,9.82,9.88,9.82,26800.0,9.82,1600,9.83,800,-0.61,9.82,9.82,26800,263300.0,0.02,0.0,12.13,17.86,12.84,6.92,0.0
嘉友国际,sh603871,12.23,12.23,12.23,8300.0,12.18,6700,12.23,1600,0.0,12.23,12.23,8300,100000.0,0.0,0.0,167.31,167.31,13.45,11.01,0.0
海源复材,sz002529,7.08,7.19,7.08,118400.0,7.08,5600,7.18,1800,-1.53,7.08,7.08,118400,840000.0,0.05,0.0,18.41,18.41,7.91,6.47,0.0
戴维医疗,sz300314,15.0,14.74,15.0,1349400.0,15.0,40800,15.01,1200,1.76,15.0,15.0,1349400,20240000.0,0.94,0.0,21.56,43.2,17.69,11.79,0.0
钱江摩托,sz000913,11.35,11.39,11.35,5400.0,11.33,900,11.35,600,-0.35,11.35,11.35,5400,60000.0,0.0,0.0,59.03,59.75,12.53,10.25,0.0
歌尔股份,sz002241,22.01,22.11,22.01,187300.0,22.01,29700,22.03,55500,-0.45,22.01,22.01,187300,4120000.0,0.01,0.0,692.37,781.85,24.32,19.9,0.0
河钢股份,sz000709,2.1,2.1,2.1,110100.0,2.09,658900,2.1,1206900,0.0,2.1,2.1,110100,230000.0,0.0,0.0,217.04,217.08,2.31,1.89,0.0
晟楠科技,bj920006,16.39,16.41,16.39,3700.0,16.23,1400,16.39,1100,-0.12,16.39,16.39,3700,60599.99999999999,0.01,0.0,7.83,14.8,21.33,11.49,0.0
红蜻蜓,sh603116,6.41,6.35,6.41,56700.0,6.41,2800,6.43,500,0.94,6.41,6.41,56700,360000.0,0.01,0.0,36.93,36.93,6.99,5.72,0.0
ST迪瑞,sz300396,7.25,7.25,7.25,100.0,7.21,50500,7.25,4000,0.0,7.25,7.25,100,0.0,0.0,0.0,19.74,19.77,8.7,5.8,0.0
力诺药包,sz301188,44.02,43.78,44.02,232500.0,44.02,6800,44.06,100,0.55,44.02,44.02,232500,10230000.0,0.09,0.0,117.77,117.77,52.54,35.02,0.0
亿能电力,bj920046,21.78,21.65,21.78,5200.0,21.65,5000,21.78,4200,0.6,21.78,21.78,5200,112200.0,0.01,0.0,12.18,22.03,28.14,15.16,0.0
读者传媒,sh603999,5.62,5.62,5.62,27300.0,5.61,9000,5.62,3300,0.0,5.62,5.62,27300,150000.0,0.0,0.0,32.37,32.37,6.18,5.06,0.0
信雅达,sh600571,10.52,10.52,10.52,6400.0,10.52,100,10.55,21000,0.0,10.52,10.52,6400,70000.0,0.0,0.0,48.16,49.06,11.57,9.47,0.0
无线传媒,sz301551,20.94,21.11,20.94,29700.0,20.94,1700,21.0,300,-0.81,20.94,20.94,29700,620000.0,0.02,0.0,32.36,83.76,25.33,16.89,0.0
中国核建,sh601611,11.29,11.32,11.29,90700.0,11.28,1300,11.29,26700,-0.27,11.29,11.29,90700,1020000.0,0.0,0.0,340.26,340.26,12.45,10.19,0.0
朗博科技,sh603655,34.96,35.09,34.96,5200.0,34.91,100,34.96,200,-0.37,34.96,34.96,5200,180000.0,0.0,0.0,37.06,37.06,38.6,31.58,0.0
华盛昌,sz002980,102.0,100.2,102.0,119500.0,102.0,13200,102.2,11100,1.8,102.0,102.0,119500,12190000.0,0.12,0.0,103.31,192.18,110.22,90.18,0.0
华昌达,sz300278,3.97,3.94,3.97,69900.0,3.97,7600,3.98,33800,0.76,3.97,3.97,69900,280000.0,0.0,0.0,55.95,56.13,4.73,3.15,0.0
聚飞光电,sz300303,7.45,7.44,7.45,201400.0,7.44,16700,7.45,14800,0.13,7.45,7.45,201400,1500000.0,0.02,0.0,98.98,105.55,8.93,5.95,0.0
格科微,sh688728,17.03,17.15,17.03,21236100.0,17.03,33900,17.08,1500,-0.7,17.03,17.03,21236100,3620000.0,0.01,0.0,442.57,442.88,20.58,13.72,0.0
江波龙,sz301308,421.0,419.26,421.0,152900.0,420.96,1400,421.0,12100,0.42,421.0,421.0,152900,64370000.0,0.05,0.0,1186.6,1808.9,503.11,335.41,0.0
茂硕电源,sz002660,7.52,7.48,7.52,20400.0,7.52,4900,7.54,4000,0.53,7.52,7.52,20400,150000.0,0.01,0.0,25.79,26.82,8.23,6.73,0.0
钢研高纳,sz300034,16.28,16.38,16.28,15300.0,16.28,2900,16.3,20400,-0.61,16.28,16.28,15300,250000.0,0.0,0.0,124.88,129.75,19.66,13.1,0.0
东和新材,bj920792,9.82,9.8,9.82,900.0,9.82,0,9.98,4800,0.2,9.82,9.82,900,8500.0,0.0,0.0,9.98,16.26,12.74,6.86,0.0
蜂助手,sz301382,46.22,45.87,46.22,74000.0,46.06,100,46.22,900,0.76,46.22,46.22,74000,3420000.0,0.03,0.0,109.24,132.0,55.04,36.7,0.0
ST太重,sh600169,2.06,2.07,2.06,16300.0,2.06,545900,2.07,1441700,-0.48,2.06,2.06,16300,30000.0,0.0,0.0,68.66,68.66,2.28,1.86,0.0
永创智能,sh603901,9.78,9.82,9.78,11500.0,9.76,1000,9.78,100,-0.41,9.78,9.78,11500,110000.0,0.0,0.0,55.64,56.4,10.8,8.84,0.0
今世缘,sh603369,30.76,29.63,30.76,723800.0,30.76,36600,30.77,200,3.81,30.76,30.76,723800,22260000.0,0.06,0.0,383.52,383.52,32.59,26.67,0.0
宏鑫科技,sz301539,14.94,15.02,14.94,4300.0,14.94,700,15.01,3900,-0.53,14.94,14.94,4300,60000.0,0.01,0.0,11.21,22.11,18.02,12.02,0.0
智能自控,sz002877,7.42,7.42,7.42,3800.0,7.4,300,7.42,1400,0.0,7.42,7.42,3800,30000.0,0.0,0.0,17.85,26.4,8.16,6.68,0.0
香山股份,sz002870,48.66,48.75,48.66,29600.0,48.58,800,48.66,3200,-0.18,48.66,48.66,29600,1440000.0,0.02,0.0,63.13,74.33,53.63,43.88,0.0
润建股份,sz002929,57.39,58.48,57.39,84100.0,57.35,2000,57.39,57600,-1.86,57.39,57.39,84100,4830000.0,0.04,0.0,124.29,164.35,64.33,52.63,0.0
*ST华鹏,sh603021,5.7,5.77,5.7,210800.0,5.68,3700,5.7,1500,-1.21,5.7,5.7,210800,1200000.0,0.07,0.0,18.24,18.24,6.35,5.19,0.0
苏垦农发,sh601952,8.44,8.53,8.44,320400.0,8.43,18700,8.44,55100,-1.06,8.44,8.44,320400,2700000.0,0.02,0.0,116.3,116.3,9.38,7.68,0.0
宝泰隆,sh601011,2.68,2.67,2.68,226000.0,2.68,100400,2.69,22100,0.37,2.68,2.68,226000,610000.0,0.01,0.0,51.34,51.34,2.94,2.4,0.0
安阳钢铁,sh600569,1.76,1.76,1.76,36500.0,1.75,235500,1.76,150800,0.0,1.76,1.76,36500,60000.0,0.0,0.0,50.55,50.55,1.94,1.58,0.0
保龄宝,sz002286,8.05,8.09,8.05,36700.0,8.05,1900,8.09,19300,-0.49,8.05,8.05,36700,300000.0,0.01,0.0,29.76,30.59,8.9,7.28,0.0
华控赛格,sz000068,3.03,3.04,3.03,172900.0,3.03,23700,3.04,5800,-0.33,3.03,3.03,172900,520000.0,0.02,0.0,30.5,30.5,3.34,2.74,0.0
仲景食品,sz300908,26.26,25.44,26.26,238000.0,26.26,3500,26.28,100,3.22,26.26,26.26,238000,6250000.0,0.19,0.0,32.3,38.34,30.53,20.35,0.0
视声智能,bj920976,17.27,17.43,0.0,0.0,17.27,1300,17.6,1000,-0.92,0.0,0.0,0,0.0,0.0,0.0,7.62,12.25,22.65,12.21,0.0
康恩贝,sh600572,4.77,4.8,4.77,965500.0,4.77,22400,4.78,48600,-0.63,4.77,4.77,965500,4610000.0,0.04,0.0,120.77,121.09,5.28,4.32,0.0
中简科技,sz300777,24.76,24.83,24.76,20100.0,24.75,1000,24.76,100,-0.28,24.76,24.76,20100,500000.0,0.0,0.0,106.69,108.87,29.8,19.86,0.0
顺鑫农业,sz000860,10.5,10.51,10.5,21600.0,10.49,13600,10.5,14500,-0.1,10.5,10.5,21600,230000.0,0.0,0.0,77.89,77.89,11.56,9.46,0.0
华电科工,sh601226,6.31,6.26,6.31,58100.0,6.28,8000,6.31,24200,0.8,6.31,6.31,58100,370000.0,0.0,0.0,73.34,73.34,6.89,5.63,0.0
广聚能源,sz000096,7.85,7.81,7.85,48800.0,7.85,223700,7.86,5200,0.51,7.85,7.85,48800,380000.0,0.01,0.0,40.1,41.45,8.59,7.03,0.0
长春燃气,sh600333,6.28,6.27,6.28,23800.0,6.28,700,6.29,500,0.16,6.28,6.28,23800,150000.0,0.0,0.0,38.25,38.25,6.9,5.64,0.0
富佳股份,sh603219,14.55,14.57,14.55,9100.0,14.49,1000,14.55,3200,-0.14,14.55,14.55,9100,130000.0,0.0,0.0,81.68,81.68,16.03,13.11,0.0
中颖电子,sz300327,23.78,23.81,23.78,30400.0,23.77,700,23.78,1300,-0.13,23.78,23.78,30400,720000.0,0.01,0.0,80.58,81.18,28.57,19.05,0.0
南方精工,sz002553,15.82,15.92,15.82,45400.0,15.82,1000,15.85,800,-0.63,15.82,15.82,45400,720000.0,0.02,0.0,40.53,55.91,17.51,14.33,0.0
*ST南置,sz002305,2.08,2.09,2.08,103000.0,2.07,211600,2.08,45700,-0.48,2.08,2.08,103000,210000.0,0.01,0.0,36.07,36.07,2.3,1.88,0.0
渤海股份,sz000605,6.06,6.08,6.06,13800.0,6.06,2700,6.07,500,-0.33,6.06,6.06,13800,80000.0,0.0,0.0,21.37,21.37,6.69,5.47,0.0
迈为股份,sz300751,186.36,187.06,186.36,24100.0,186.36,800,186.52,100,-0.37,186.36,186.36,24100,4490000.0,0.01,0.0,359.39,519.76,224.47,149.65,0.0
亚信安全,sh688225,12.73,12.71,12.73,3019500.0,12.71,800,12.73,1500,0.16,12.73,12.73,3019500,380000.0,0.01,0.0,50.92,50.92,15.25,10.17,0.0
统一股份,sh600506,14.9,14.99,14.9,11500.0,14.9,11600,14.98,100,-0.6,14.9,14.9,11500,170000.0,0.0,0.0,37.19,37.19,16.49,13.49,0.0
恒林股份,sh603661,32.85,33.06,32.85,27500.0,32.85,24400,32.88,1800,-0.64,32.85,32.85,27500,900000.0,0.02,0.0,45.68,45.68,36.37,29.75,0.0
中文在线,sz300364,24.91,25.12,24.91,323400.0,24.9,1100,24.91,300,-0.84,24.91,24.91,323400,8060000.0,0.05,0.0,164.51,181.47,30.14,20.1,0.0
九华旅游,sh603199,32.52,32.61,32.52,1200.0,32.52,1000,32.65,2000,-0.28,32.52,32.52,1200,40000.0,0.0,0.0,35.99,35.99,35.87,29.35,0.0
立华股份,sz300761,18.17,18.41,18.17,93300.0,18.17,2900,18.25,800,-1.3,18.17,18.17,93300,1700000.0,0.01,0.0,115.76,153.78,22.09,14.73,0.0
东瑞股份,sz001201,11.9,11.9,11.9,10100.0,11.9,5800,11.92,1800,0.0,11.9,11.9,10100,120000.0,0.0,0.0,25.29,30.68,13.09,10.71,0.0
金达莱,sh688057,18.6,18.66,18.6,140000.0,18.52,2000,18.6,1400,-0.32,18.6,18.6,140000,30000.0,0.0,0.0,51.34,51.34,22.39,14.93,0.0
三联锻造,sz001282,16.5,16.5,16.5,1900.0,16.41,1500,16.5,12600,0.0,16.5,16.5,1900,30000.0,0.0,0.0,25.2,36.66,18.15,14.85,0.0
致远新能,sz300985,42.05,41.8,42.05,12100.0,42.0,1000,42.05,400,0.6,42.05,42.05,12100,510000.0,0.01,0.0,78.43,78.43,50.16,33.44,0.0
城建发展,sh600266,4.28,4.3,4.28,505800.0,4.27,36000,4.28,125400,-0.47,4.28,4.28,505800,2160000.0,0.02,0.0,88.84,88.84,4.73,3.87,0.0
片仔癀,sh600436,130.18,130.18,130.18,13800.0,130.08,100,130.18,1300,0.0,130.18,130.18,13800,1800000.0,0.0,0.0,785.4,785.4,143.2,117.16,0.0
杭州高新,sz300478,31.61,31.29,31.61,11700.0,31.61,1100,32.0,1400,1.02,31.61,31.61,11700,370000.0,0.01,0.0,40.04,40.04,37.55,25.03,0.0
ST际华,sh601718,1.89,1.9,1.89,176600.0,1.89,205300,1.9,436600,-0.53,1.89,1.89,176600,330000.0,0.0,0.0,82.42,82.42,2.09,1.71,0.0
鑫源智造,sh600615,9.47,9.47,9.47,11800.0,9.42,600,9.47,4200,0.0,9.47,9.47,11800,110000.0,0.01,0.0,21.33,21.37,10.42,8.52,0.0
欧克科技,sz001223,42.24,42.23,42.24,3900.0,42.23,100,42.27,200,0.02,42.24,42.24,3900,160000.0,0.01,0.0,29.5,55.2,46.45,38.01,0.0
露笑科技,sz002617,6.42,6.42,6.42,580500.0,6.41,15700,6.42,11200,0.0,6.42,6.42,580500,3730000.0,0.03,0.0,120.54,122.57,7.06,5.78,0.0
中洲控股,sz000042,8.76,8.84,8.76,14400.0,8.76,11900,8.83,9300,-0.9,8.76,8.76,14400,130000.0,0.0,0.0,58.18,58.24,9.72,7.96,0.0
同力股份,bj920599,16.61,16.67,16.61,600.0,16.61,4600,16.67,9300,-0.36,16.61,16.61,600,9800.0,0.0,0.0,58.23,76.83,21.67,11.67,0.0
美利信,sz301307,57.81,56.8,57.81,34100.0,57.81,800,57.88,500,1.78,57.81,57.81,34100,1970000.0,0.03,0.0,62.89,121.75,68.16,45.44,0.0
兰州黄河,sz000929,8.99,9.03,8.99,30000.0,8.92,500,8.99,100,-0.44,8.99,8.99,30000,270000.0,0.02,0.0,16.7,16.7,9.93,8.13,0.0
兆丰股份,sz300695,52.98,52.99,52.98,500.0,52.91,100,53.18,300,-0.02,52.98,52.98,500,30000.0,0.0,0.0,54.18,54.18,63.59,42.39,0.0
广联达,sz002410,9.09,9.12,9.09,33100.0,9.09,3200,9.11,3000,-0.33,9.09,9.09,33100,300000.0,0.0,0.0,142.72,150.16,10.03,8.21,0.0
欣天科技,sz300615,18.14,18.13,18.14,346600.0,18.13,1700,18.14,8300,0.06,18.14,18.14,346600,6290000.0,0.23,0.0,27.77,35.01,21.76,14.5,0.0
星宇股份,sh601799,88.23,91.95,88.23,104900.0,88.23,800,90.63,100,-4.05,88.23,88.23,104900,9250000.0,0.04,0.0,252.05,252.05,101.15,82.76,0.0
苏交科,sz300284,5.51,5.5,5.51,52800.0,5.5,7300,5.51,2900,0.18,5.51,5.51,52800,290000.0,0.0,0.0,66.03,69.58,6.6,4.4,0.0
国民技术,sz300077,20.5,20.56,20.5,200200.0,20.5,1000,20.55,3800,-0.29,20.5,20.5,200200,4100000.0,0.04,0.0,116.1,139.02,24.67,16.45,0.0
航锦科技,sz000818,13.46,13.46,13.46,138400.0,13.46,4000,13.47,6100,0.0,13.46,13.46,138400,1860000.0,0.02,0.0,88.6,88.84,14.81,12.11,0.0
长城汽车,sh601633,15.4,15.45,15.4,21100.0,15.4,29600,15.41,3000,-0.32,15.4,15.4,21100,320000.0,0.0,0.0,957.91,1322.15,17.0,13.91,0.0
中国天楹,sz000035,4.73,4.75,4.73,117300.0,4.73,45200,4.74,1400,-0.42,4.73,4.73,117300,550000.0,0.01,0.0,109.41,112.95,5.23,4.28,0.0
税友股份,sh603171,45.28,45.73,45.28,25400.0,45.25,100,45.28,3100,-0.98,45.28,45.28,25400,1150000.0,0.01,0.0,183.79,183.99,50.3,41.16,0.0
博通集成,sh603068,42.8,43.03,42.8,81000.0,42.8,1700,42.81,100,-0.53,42.8,42.8,81000,3470000.0,0.05,0.0,64.96,64.96,47.33,38.73,0.0
口子窖,sh603589,19.41,19.48,19.41,41000.0,19.41,18900,19.42,800,-0.36,19.41,19.41,41000,800000.0,0.01,0.0,116.09,116.09,21.43,17.53,0.0
太阳电缆,sz002300,7.26,7.27,7.26,105800.0,7.26,600,7.27,212200,-0.14,7.26,7.26,105800,770000.0,0.01,0.0,52.44,52.44,8.0,6.54,0.0
新里程,sz002219,2.6,2.58,2.6,2948100.0,2.6,129000,2.61,74300,0.78,2.6,2.6,2948100,7660000.0,0.09,0.0,85.07,89.75,2.84,2.32,0.0
金 螳 螂,sz002081,5.9,5.82,5.9,23087800.0,5.9,748600,5.91,32200,1.37,5.9,5.9,23087800,136220000.0,0.87,0.0,156.01,156.66,6.4,5.24,0.0
东软集团,sh600718,8.18,8.18,8.18,25400.0,8.16,800,8.18,1400,0.0,8.18,8.18,25400,210000.0,0.0,0.0,97.87,97.87,9.0,7.36,0.0
奥瑞德,sh600666,3.91,3.93,3.91,663800.0,3.9,61700,3.91,178100,-0.51,3.91,3.91,663800,2600000.0,0.03,0.0,100.56,107.58,4.32,3.54,0.0
移远通信,sh603236,60.17,60.3,60.17,143200.0,60.12,200,60.17,12900,-0.22,60.17,60.17,143200,8620000.0,0.04,0.0,242.46,242.46,66.33,54.27,0.0
金徽酒,sh603919,16.55,16.49,16.55,17900.0,16.52,1400,16.55,8900,0.36,16.55,16.55,17900,300000.0,0.0,0.0,83.95,83.95,18.14,14.84,0.0
天和磁材,sh603072,32.76,32.76,32.76,9700.0,32.72,1500,32.76,2200,0.0,32.76,32.76,9700,320000.0,0.01,0.0,41.35,86.58,36.04,29.48,0.0
小商品城,sh600415,11.92,11.92,11.92,351500.0,11.92,5300,11.93,2700,0.0,11.92,11.92,351500,4190000.0,0.01,0.0,653.64,653.64,13.11,10.73,0.0
*ST三房,sh600370,1.49,1.5,1.49,85100.0,1.49,1072800,1.5,2304900,-0.67,1.49,1.49,85100,130000.0,0.0,0.0,59.94,59.94,1.65,1.35,0.0
奋达科技,sz002681,4.55,4.57,4.55,19000.0,4.54,5700,4.55,27200,-0.44,4.55,4.55,19000,90000.0,0.0,0.0,71.4,81.66,5.03,4.11,0.0
拓新药业,sz301089,25.27,25.3,25.27,7500.0,25.06,1000,25.27,2600,-0.12,25.27,25.27,7500,190000.0,0.01,0.0,22.86,31.98,30.36,20.24,0.0
金财互联,sz002530,7.29,7.3,7.29,21000.0,7.28,5000,7.29,17900,-0.14,7.29,7.29,21000,150000.0,0.0,0.0,50.67,56.8,8.03,6.57,0.0
胜利精密,sz002426,2.82,2.81,2.82,342600.0,2.81,87900,2.82,115500,0.36,2.82,2.82,342600,970000.0,0.01,0.0,95.95,95.95,3.09,2.53,0.0
中成股份,sz000151,10.13,10.09,10.13,47300.0,10.13,167600,10.14,2700,0.4,10.13,10.13,47300,480000.0,0.02,0.0,31.19,35.55,11.1,9.08,0.0
舍得酒业,sh600702,36.0,36.2,36.0,48700.0,36.0,7400,36.01,5600,-0.55,36.0,36.0,48700,1750000.0,0.01,0.0,119.5,119.55,39.82,32.58,0.0
东方创业,sh600278,6.29,6.31,6.29,200.0,6.29,2400,6.3,5000,-0.32,6.29,6.29,200,0.0,0.0,0.0,54.13,54.13,6.94,5.68,0.0
金种子酒,sh600199,7.45,7.47,7.45,127100.0,7.44,3400,7.45,17700,-0.27,7.45,7.45,127100,950000.0,0.02,0.0,49.01,49.01,8.22,6.72,0.0
五矿发展,sh600058,10.66,10.66,10.66,59900.0,10.55,1000,10.66,36500,0.0,10.66,10.66,59900,640000.0,0.01,0.0,114.27,114.27,11.73,9.59,0.0
力源信息,sz300184,13.02,13.03,13.02,650500.0,13.01,105800,13.02,79500,-0.08,13.02,13.02,650500,8470000.0,0.06,0.0,136.97,149.61,15.64,10.42,0.0
盛科通信-U,sh688702,422.81,421.7,422.81,7658400.0,422.81,7100,423.0,1200,0.26,422.81,422.81,7658400,32380000.0,0.04,0.0,858.27,1733.52,506.04,337.36,0.0
捷捷微电,sz300623,28.72,28.78,28.72,92700.0,28.72,1200,28.73,10600,-0.21,28.72,28.72,92700,2660000.0,0.01,0.0,220.38,238.97,34.54,23.02,0.0
北投科技,sh600936,4.97,5.01,4.97,730000.0,4.97,98700,4.98,13200,-0.8,4.97,4.97,730000,3630000.0,0.04,0.0,83.05,83.05,5.51,4.51,0.0
江西长运,sh600561,5.71,5.71,5.71,48500.0,5.66,200,5.71,20700,0.0,5.71,5.71,48500,280000.0,0.02,0.0,16.24,16.24,6.28,5.14,0.0
五方光电,sz002962,13.25,13.31,13.25,46400.0,13.25,3600,13.31,2800,-0.45,13.25,13.25,46400,610000.0,0.02,0.0,27.72,38.65,14.64,11.98,0.0
保利联合,sz002037,6.93,6.94,6.93,4200.0,6.91,1000,6.93,200,-0.14,6.93,6.93,4200,30000.0,0.0,0.0,33.53,33.53,7.63,6.25,0.0
拓普集团,sh601689,50.2,50.31,50.2,63800.0,50.17,900,50.2,2200,-0.22,50.2,50.2,63800,3200000.0,0.0,0.0,872.39,872.39,55.34,45.28,0.0
金卡智能,sz300349,10.67,10.72,10.67,5400.0,10.65,100,10.67,4500,-0.47,10.67,10.67,5400,60000.0,0.0,0.0,39.45,44.52,12.86,8.58,0.0
恒基达鑫,sz002492,5.62,5.62,5.62,17000.0,5.62,3200,5.63,5300,0.0,5.62,5.62,17000,100000.0,0.0,0.0,22.36,22.76,6.18,5.06,0.0
春风动力,sh603129,290.5,292.0,290.5,12100.0,290.48,100,290.5,1700,-0.51,290.5,290.5,12100,3520000.0,0.01,0.0,445.87,445.87,321.2,262.8,0.0
众捷汽车,sz301560,23.8,23.88,23.8,11300.0,23.8,400,23.9,6400,-0.34,23.8,23.8,11300,270000.0,0.02,0.0,14.53,28.94,28.66,19.1,0.0
凯淳股份,sz301001,24.26,24.18,24.26,3800.0,24.26,500,24.28,900,0.33,24.26,24.26,3800,90000.0,0.01,0.0,12.2,19.41,29.02,19.34,0.0
宏海科技,bj920108,9.1,9.17,0.0,0.0,9.1,1200,9.19,1300,-0.76,0.0,0.0,0,0.0,0.0,0.0,6.64,15.67,11.92,6.42,0.0
安邦护卫,sh603373,41.41,41.01,41.41,5700.0,41.41,200,41.62,100,0.98,41.41,41.41,5700,240000.0,0.01,0.0,26.34,62.34,45.11,36.91,0.0
速达股份,sz001277,29.79,29.62,29.79,6000.0,29.62,900,29.79,1200,0.57,29.79,29.79,6000,180000.0,0.01,0.0,13.57,22.64,32.58,26.66,0.0
新日股份,sh603787,10.33,10.28,10.33,41800.0,10.3,200,10.33,400,0.49,10.33,10.33,41800,430000.0,0.02,0.0,23.77,23.77,11.31,9.25,0.0
济民健康,sh603222,9.08,8.96,9.08,81400.0,9.06,2000,9.08,10100,1.34,9.08,9.08,81400,740000.0,0.02,0.0,47.68,47.68,9.86,8.06,0.0
鹏鹞环保,sz300664,4.65,4.66,4.65,1400.0,4.64,1700,4.65,2800,-0.21,4.65,4.65,1400,10000.0,0.0,0.0,33.72,35.01,5.59,3.73,0.0
郴电国际,sh600969,9.06,9.08,9.06,32700.0,9.05,3300,9.06,100,-0.22,9.06,9.06,32700,300000.0,0.01,0.0,33.53,33.53,9.99,8.17,0.0
天桥起重,sz002523,3.41,3.42,3.41,66000.0,3.41,6700,3.42,37000,-0.29,3.41,3.41,66000,230000.0,0.0,0.0,48.13,48.31,3.76,3.08,0.0
机器人,sz300024,15.69,15.65,15.69,207200.0,15.68,5200,15.69,2600,0.26,15.69,15.69,207200,3250000.0,0.01,0.0,245.58,245.65,18.78,12.52,0.0
奕帆传动,sz301023,30.42,30.42,30.42,1400.0,30.42,1700,30.54,200,0.0,30.42,30.42,1400,40000.0,0.0,0.0,15.75,28.39,36.5,24.34,0.0
必得科技,sh605298,46.79,46.79,46.79,2600.0,46.79,100,46.98,200,0.0,46.79,46.79,2600,120000.0,0.0,0.0,87.15,87.9,51.47,42.11,0.0
川仪股份,sh603100,17.63,17.65,17.63,9400.0,17.61,1600,17.63,2800,-0.11,17.63,17.63,9400,170000.0,0.0,0.0,90.18,90.47,19.42,15.89,0.0
石化油服,sh600871,2.25,2.2,2.25,5247400.0,2.24,368500,2.25,66200,2.27,2.25,2.25,5247400,11810000.0,0.04,0.0,304.81,426.53,2.42,1.98,0.0
江南高纤,sh600527,2.2,2.2,2.2,144700.0,2.19,184900,2.2,35900,0.0,2.2,2.2,144700,320000.0,0.01,0.0,38.1,38.1,2.42,1.98,0.0
必创科技,sz300667,14.63,14.78,14.63,16400.0,14.63,400,14.65,13700,-1.01,14.63,14.63,16400,240000.0,0.01,0.0,25.26,29.94,17.74,11.82,0.0
慧智微-U,sh688512,15.2,15.27,15.2,3389100.0,15.18,400,15.2,27700,-0.46,15.2,15.2,3389100,520000.0,0.01,0.0,49.33,71.88,18.32,12.22,0.0
直真科技,sz003007,39.02,39.21,39.02,2900.0,39.02,200,39.1,200,-0.48,39.02,39.02,2900,110000.0,0.0,0.0,28.32,46.66,43.13,35.29,0.0
广州酒家,sh603043,13.56,13.56,13.56,4600.0,13.55,2000,13.56,3300,0.0,13.56,13.56,4600,60000.0,0.0,0.0,76.27,76.92,14.92,12.2,0.0
可靠股份,sz301009,9.12,9.2,9.12,5400.0,9.12,3100,9.2,13000,-0.87,9.12,9.12,5400,50000.0,0.0,0.0,13.77,24.79,11.04,7.36,0.0
泰胜风能,sz300129,8.28,8.29,8.28,28800.0,8.27,800,8.29,4600,-0.12,8.28,8.28,28800,240000.0,0.0,0.0,59.51,91.81,9.95,6.63,0.0
惠泉啤酒,sh600573,9.79,9.75,9.79,17900.0,9.78,5900,9.79,2400,0.41,9.79,9.79,17900,180000.0,0.01,0.0,24.47,24.47,10.73,8.78,0.0
上实发展,sh600748,3.89,3.88,3.89,10100.0,3.88,1200,3.89,500,0.26,3.89,3.89,10100,40000.0,0.0,0.0,71.75,71.75,4.27,3.49,0.0
中创股份,sh688695,19.7,19.7,19.7,1136400.0,19.56,200,19.7,9200,0.0,19.7,19.7,1136400,220000.0,0.02,0.0,10.52,16.76,23.64,15.76,0.0
应流股份,sh603308,51.2,51.35,51.2,35100.0,51.1,100,51.2,1000,-0.29,51.2,51.2,35100,1800000.0,0.01,0.0,347.67,347.67,56.49,46.22,0.0
雅创电子,sz301099,53.47,53.5,53.47,32900.0,53.44,100,53.47,1100,-0.06,53.47,53.47,32900,1760000.0,0.03,0.0,61.48,101.02,64.2,42.8,0.0
白云机场,sh600004,7.44,7.45,7.44,29200.0,7.43,9800,7.44,500,-0.13,7.44,7.44,29200,220000.0,0.0,0.0,176.08,191.75,8.2,6.71,0.0
光明地产,sh600708,3.18,3.17,3.18,80800.0,3.18,61300,3.19,32300,0.32,3.18,3.18,80800,260000.0,0.0,0.0,70.76,70.87,3.49,2.85,0.0
富恒新材,bj920469,5.56,5.61,5.56,4200.0,5.52,3700,5.56,300,-0.89,5.56,5.56,4200,23400.0,0.0,0.0,5.75,7.84,7.29,3.93,0.0
显盈科技,sz301067,30.84,31.07,30.84,13100.0,30.77,400,30.84,2000,-0.74,30.84,30.84,13100,400000.0,0.02,0.0,19.68,29.99,37.28,24.86,0.0
西山科技,sh688576,42.01,42.2,42.01,80000.0,42.01,1900,42.19,3900,-0.45,42.01,42.01,80000,30000.0,0.0,0.0,13.58,28.42,50.64,33.76,0.0
爱慕股份,sh603511,12.88,12.86,12.88,12100.0,12.88,8200,12.9,400,0.16,12.88,12.88,12100,160000.0,0.0,0.0,51.76,52.28,14.15,11.57,0.0
赛摩智能,sz300466,7.41,7.41,7.41,1800.0,7.4,600,7.45,1000,0.0,7.41,7.41,1800,10000.0,0.0,0.0,33.26,39.68,8.89,5.93,0.0
大智慧,sh601519,8.12,8.16,8.12,53500.0,8.12,11700,8.13,1600,-0.49,8.12,8.12,53500,430000.0,0.0,0.0,161.52,161.52,8.98,7.34,0.0
中源协和,sh600645,21.3,21.38,21.3,323600.0,21.3,100,21.31,500,-0.37,21.3,21.3,323600,6890000.0,0.07,0.0,99.64,99.67,23.52,19.24,0.0
航发动力,sh600893,37.39,37.6,37.39,119700.0,37.39,4900,37.48,1100,-0.56,37.39,37.39,119700,4480000.0,0.0,0.0,996.49,996.67,41.36,33.84,0.0
中瓷电子,sz003031,147.09,143.09,147.09,281800.0,147.09,4100,147.2,4600,2.8,147.09,147.09,281800,41450000.0,0.08,0.0,500.34,663.45,157.4,128.78,0.0
迈信林,sh688685,45.0,45.22,45.0,803400.0,44.5,10000,45.0,2600,-0.49,45.0,45.0,803400,360000.0,0.01,0.0,66.08,66.08,54.26,36.18,0.0
凌钢股份,sh600231,1.7,1.7,1.7,47200.0,1.69,219100,1.7,5500,0.0,1.7,1.7,47200,80000.0,0.0,0.0,48.22,48.83,1.87,1.53,0.0
中国重汽,sz000951,21.32,21.33,21.32,15500.0,21.32,10800,21.33,800,-0.05,21.32,21.32,15500,330000.0,0.0,0.0,249.23,249.23,23.46,19.2,0.0
朗科智能,sz300543,7.95,7.93,7.95,66800.0,7.95,700,7.96,2900,0.25,7.95,7.95,66800,530000.0,0.03,0.0,19.89,24.36,9.52,6.34,0.0
凯德石英,bj920179,58.99,58.12,58.99,49000.0,58.99,800,59.0,1100,1.5,58.99,58.99,49000,2890800.0,0.08,0.0,35.23,43.92,75.55,40.69,0.0
广咨国际,bj920892,10.44,10.36,0.0,0.0,10.44,100,10.44,100,0.77,0.0,0.0,0,0.0,0.0,0.0,15.75,17.78,13.46,7.26,0.0
海得控制,sz002184,10.04,10.09,10.04,11000.0,10.04,33400,10.06,2900,-0.5,10.04,10.04,11000,110000.0,0.0,0.0,24.13,35.33,11.1,9.08,0.0
珠海港,sz000507,4.98,4.97,4.98,17600.0,4.96,8600,4.98,59500,0.2,4.98,4.98,17600,90000.0,0.0,0.0,44.94,45.8,5.47,4.47,0.0
大参林,sh603233,17.77,17.77,17.77,9700.0,17.76,200,17.77,1400,0.0,17.77,17.77,9700,170000.0,0.0,0.0,202.37,202.37,19.55,15.99,0.0
光正眼科,sz002524,4.04,4.05,4.04,46000.0,4.04,21000,4.05,5100,-0.25,4.04,4.04,46000,190000.0,0.01,0.0,20.57,20.82,4.46,3.65,0.0
长青科技,sz001324,20.19,20.19,20.19,5800.0,20.08,2400,20.19,3400,0.0,20.19,20.19,5800,120000.0,0.0,0.0,27.86,27.86,22.21,18.17,0.0
起帆电缆,sh605222,20.65,20.75,20.65,27400.0,20.58,300,20.65,1300,-0.48,20.65,20.65,27400,570000.0,0.01,0.0,85.27,85.27,22.83,18.68,0.0
喜悦智行,sz301198,12.68,12.72,12.68,20400.0,12.68,2300,12.69,100,-0.31,12.68,12.68,20400,260000.0,0.01,0.0,20.58,21.43,15.26,10.18,0.0
*ST四通,sh603838,9.57,9.57,0.0,0.0,9.57,8200,9.74,700,0.0,0.0,0.0,0,0.0,0.0,0.0,30.63,30.63,10.53,8.61,0.0
超图软件,sz300036,11.49,11.48,11.49,15100.0,11.44,1000,11.49,10600,0.09,11.49,11.49,15100,170000.0,0.0,0.0,51.14,56.62,13.78,9.18,0.0
香溢融通,sh600830,8.14,8.14,8.14,7300.0,8.14,2200,8.15,7400,0.0,8.14,8.14,7300,60000.0,0.0,0.0,36.98,36.98,8.95,7.33,0.0
地纬智能,sh688579,8.06,8.13,8.06,866700.0,8.06,9100,8.1,10000,-0.86,8.06,8.06,866700,70000.0,0.0,0.0,32.24,32.24,9.76,6.5,0.0
数码视讯,sz300079,4.56,4.57,4.56,28000.0,4.56,2300,4.57,40700,-0.22,4.56,4.56,28000,130000.0,0.0,0.0,58.44,65.03,5.48,3.66,0.0
超卓航科,sh688237,61.04,61.11,61.04,376600.0,61.04,200,61.09,300,-0.11,61.04,61.04,376600,230000.0,0.0,0.0,54.74,54.74,73.33,48.89,0.0
ST帕瓦,sh688184,11.42,11.53,11.42,500000.0,11.38,900,11.42,1100,-0.95,11.42,11.42,500000,60000.0,0.01,0.0,11.21,17.9,13.84,9.22,0.0
传智教育,sz003032,12.57,12.51,12.57,1085300.0,12.56,193300,12.57,17800,0.48,12.57,12.57,1085300,13640000.0,0.38,0.0,35.76,50.59,13.76,11.26,0.0
泉峰汽车,sh603982,6.13,6.16,6.13,17900.0,6.13,100,6.15,4000,-0.49,6.13,6.13,17900,110000.0,0.01,0.0,20.81,22.38,6.78,5.54,0.0
高新发展,sz000628,40.0,40.22,40.0,32300.0,39.9,100,40.0,1900,-0.55,40.0,40.0,32300,1290000.0,0.02,0.0,76.9,140.91,44.24,36.2,0.0
金冠股份,sz300510,3.49,3.5,3.49,95500.0,3.49,30600,3.5,1000,-0.29,3.49,3.49,95500,330000.0,0.01,0.0,28.78,28.78,4.2,2.8,0.0
铁流股份,sh603926,16.67,16.7,16.67,1900.0,16.67,600,16.68,400,-0.18,16.67,16.67,1900,30000.0,0.0,0.0,38.48,38.84,18.37,15.03,0.0
佳禾智能,sz300793,11.26,11.31,11.26,400.0,11.26,2600,11.31,4800,-0.44,11.26,11.26,400,0.0,0.0,0.0,41.9,42.85,13.57,9.05,0.0
雪榕生物,sz300511,5.45,5.49,5.45,219000.0,5.45,145600,5.46,47000,-0.73,5.45,5.45,219000,1190000.0,0.04,0.0,29.76,34.93,6.59,4.39,0.0
敷尔佳,sz301371,25.98,25.98,25.98,41700.0,25.98,10800,26.13,600,0.0,25.98,25.98,41700,1080000.0,0.05,0.0,20.26,135.12,31.18,20.78,0.0
新城市,sz300778,10.49,10.49,10.49,10100.0,10.49,200,10.5,2000,0.0,10.49,10.49,10100,110000.0,0.0,0.0,21.36,21.36,12.59,8.39,0.0
天山生物,sz300313,11.88,10.73,11.88,2080300.0,11.88,21600,11.89,300,10.72,11.88,11.88,2080300,24710000.0,1.05,0.0,23.45,28.49,12.88,8.58,0.0
通达股份,sz002560,6.56,6.55,6.56,115000.0,6.55,9800,6.56,4100,0.15,6.56,6.56,115000,750000.0,0.02,0.0,41.55,48.23,7.21,5.9,0.0
华软科技,sz002453,4.49,4.49,4.49,22600.0,4.49,62000,4.51,800,0.0,4.49,4.49,22600,100000.0,0.0,0.0,27.06,36.48,4.94,4.04,0.0
凯发电气,sz300407,12.15,12.23,12.15,16200.0,12.15,900,12.2,4500,-0.65,12.15,12.15,16200,200000.0,0.01,0.0,31.48,42.09,14.68,9.78,0.0
博源化工,sz000683,5.99,5.99,5.99,178000.0,5.98,4200,5.99,74200,0.0,5.99,5.99,178000,1070000.0,0.01,0.0,199.98,222.64,6.59,5.39,0.0
苏轴股份,bj920418,18.74,19.0,18.74,18100.0,18.74,300,18.8,3500,-1.37,18.74,18.74,18100,339000.0,0.01,0.0,29.41,30.45,24.7,13.3,0.0
天康生物,sz002100,7.09,7.08,7.09,34400.0,7.09,9600,7.1,200,0.14,7.09,7.09,34400,240000.0,0.0,0.0,96.8,96.8,7.79,6.37,0.0
精进电动-W,sh688280,5.8,5.8,5.8,909400.0,5.76,20000,5.8,12900,0.0,5.8,5.8,909400,50000.0,0.0,0.0,30.19,34.23,6.96,4.64,0.0
电投水电,sh600292,12.28,12.31,12.28,18100.0,12.27,500,12.28,100,-0.24,12.28,12.28,18100,220000.0,0.0,0.0,53.94,585.04,13.54,11.08,0.0
金麒麟,sh603586,13.6,13.69,13.6,30000.0,13.6,9500,13.61,900,-0.66,13.6,13.6,30000,410000.0,0.02,0.0,26.66,26.66,15.06,12.32,0.0
东鹏饮料,sh605499,122.84,123.47,122.84,15100.0,122.8,300,122.84,800,-0.51,122.84,122.84,15100,1850000.0,0.0,0.0,830.42,901.89,135.82,111.12,0.0
北路智控,sz301195,27.08,27.13,27.08,1100.0,27.01,8100,27.09,200,-0.18,27.08,27.08,1100,30000.0,0.0,0.0,23.75,35.76,32.56,21.7,0.0
海正生材,sh688203,11.97,11.96,11.97,4733600.0,11.95,1900,11.97,7400,0.08,11.97,11.97,4733600,570000.0,0.02,0.0,24.26,24.26,14.35,9.57,0.0
ST合力泰,sz002217,1.5,1.5,1.5,1209300.0,1.5,1204100,1.51,4726400,0.0,1.5,1.5,1209300,1810000.0,0.02,0.0,109.19,112.19,1.65,1.35,0.0
国瑞科技,sz300600,10.4,10.35,10.4,18500.0,10.35,300,10.4,100,0.48,10.4,10.4,18500,190000.0,0.01,0.0,30.6,30.6,12.42,8.28,0.0
立方控股,bj920130,19.22,19.22,19.22,28800.0,19.07,1000,19.22,100,0.0,19.22,19.22,28800,552900.0,0.05,0.0,11.01,17.73,24.98,13.46,0.0
灿能电力,bj920299,15.44,15.44,15.44,200.0,15.44,2700,15.55,3000,0.0,15.44,15.44,200,3100.0,0.0,0.0,7.01,13.91,20.07,10.81,0.0
丰光精密,bj920510,25.9,25.6,25.9,67400.0,25.87,500,25.9,3800,1.17,25.9,25.9,67400,1746800.0,0.07,0.0,24.34,47.66,33.28,17.92,0.0
如通股份,sh603036,14.08,13.7,14.08,144000.0,13.98,3600,14.08,9800,2.77,14.08,14.08,144000,2030000.0,0.07,0.0,29.01,29.01,15.07,12.33,0.0
百诚医药,sz301096,50.9,50.51,50.9,16400.0,50.52,200,50.9,33200,0.77,50.9,50.9,16400,830000.0,0.02,0.0,42.29,55.6,60.61,40.41,0.0
博云新材,sz002297,19.73,19.93,19.73,425200.0,19.72,1100,19.73,200,-1.0,19.73,19.73,425200,8390000.0,0.07,0.0,113.07,113.07,21.92,17.94,0.0
顺景科技,sh603007,4.8,4.82,4.8,57900.0,4.8,25400,4.81,1300,-0.41,4.8,4.8,57900,280000.0,0.01,0.0,33.36,42.45,5.3,4.34,0.0
金城医药,sz300233,14.14,14.2,14.14,56800.0,14.11,2800,14.14,900,-0.42,14.14,14.14,56800,800000.0,0.02,0.0,52.29,54.28,17.04,11.36,0.0
彩虹集团,sz003023,26.91,27.23,26.91,71600.0,26.91,900,26.94,600,-1.18,26.91,26.91,71600,1930000.0,0.07,0.0,28.29,28.35,29.95,24.51,0.0
新通联,sh603022,8.81,8.81,8.81,10900.0,8.81,2100,8.82,1100,0.0,8.81,8.81,10900,100000.0,0.01,0.0,17.62,17.62,9.69,7.93,0.0
金桥信息,sh603918,10.88,10.92,10.88,122700.0,10.86,200,10.88,9900,-0.37,10.88,10.88,122700,1330000.0,0.03,0.0,39.72,39.72,12.01,9.83,0.0
ST南新,sh688189,6.9,6.93,6.9,820000.0,6.89,5500,6.9,4000,-0.43,6.9,6.9,820000,60000.0,0.0,0.0,18.83,18.83,8.32,5.54,0.0
中再资环,sh600217,3.14,3.15,3.14,12100.0,3.13,40000,3.14,11000,-0.32,3.14,3.14,12100,40000.0,0.0,0.0,52.05,52.05,3.47,2.84,0.0
安诺其,sz300067,5.67,5.76,5.67,505900.0,5.66,50800,5.67,16100,-1.56,5.67,5.67,505900,2870000.0,0.05,0.0,53.14,65.45,6.91,4.61,0.0
ST惠伦,sz300460,8.8,8.82,8.8,4000.0,8.79,2000,8.8,18600,-0.23,8.8,8.8,4000,40000.0,0.0,0.0,24.71,24.71,10.58,7.06,0.0
富岭股份,sz001356,9.57,9.52,9.57,474100.0,9.56,5000,9.57,140800,0.53,9.57,9.57,474100,4540000.0,0.22,0.0,20.26,56.4,10.47,8.57,0.0
利亚德,sz300296,5.39,5.41,5.39,102200.0,5.39,9900,5.4,183700,-0.37,5.39,5.39,102200,550000.0,0.0,0.0,124.85,146.18,6.49,4.33,0.0
华信永道,bj920592,20.52,20.65,20.52,3500.0,20.52,1400,20.58,400,-0.63,20.52,20.52,3500,71800.0,0.01,0.0,10.32,16.58,26.84,14.46,0.0
赛力斯,sh601127,53.1,53.14,53.1,70400.0,53.1,500,53.11,1400,-0.08,53.1,53.1,70400,3740000.0,0.0,0.0,826.88,924.99,58.45,47.83,0.0
华远控股,sh600743,2.27,2.29,2.27,103800.0,2.27,244500,2.28,200,-0.87,2.27,2.27,103800,240000.0,0.0,0.0,53.26,53.26,2.52,2.06,0.0
ST金鸿,sz000669,4.09,4.09,4.09,11200.0,4.09,13100,4.14,50000,0.0,4.09,4.09,11200,50000.0,0.0,0.0,27.83,27.83,4.5,3.68,0.0
云煤能源,sh600792,3.68,3.68,3.68,12600.0,3.65,600,3.68,32400,0.0,3.68,3.68,12600,50000.0,0.0,0.0,40.85,40.85,4.05,3.31,0.0
渤海租赁,sz000415,4.62,4.63,4.62,80200.0,4.6,34100,4.62,57600,-0.22,4.62,4.62,80200,370000.0,0.0,0.0,249.15,285.72,5.09,4.17,0.0
福达股份,sh603166,11.42,11.48,11.42,11100.0,11.42,13700,11.47,100,-0.52,11.42,11.42,11100,130000.0,0.0,0.0,73.17,73.73,12.63,10.33,0.0
深圳瑞捷,sz300977,16.22,16.26,16.22,8100.0,16.18,4300,16.22,400,-0.25,16.22,16.22,8100,130000.0,0.01,0.0,15.38,24.69,19.51,13.01,0.0
格林精密,sz300968,10.81,10.84,10.81,22900.0,10.81,400,10.82,26400,-0.28,10.81,10.81,22900,250000.0,0.01,0.0,44.69,44.69,13.01,8.67,0.0
协创数据,sz300857,266.52,269.15,266.52,157300.0,266.51,4000,266.52,500,-0.98,266.52,266.52,157300,41920000.0,0.03,0.0,1297.58,1304.25,322.98,215.32,0.0
思源电气,sz002028,186.41,183.15,186.41,307400.0,186.0,200,186.41,19800,1.78,186.41,186.41,307400,57300000.0,0.05,0.0,1138.55,1458.79,201.47,164.84,0.0
颖泰生物,bj920819,2.93,2.9,2.93,117300.0,2.91,800,2.93,27600,1.03,2.93,2.93,117300,343800.0,0.01,0.0,35.5,35.92,3.77,2.03,0.0
北京人力,sh600861,13.11,13.11,13.11,4700.0,13.11,800,13.12,1700,0.0,13.11,13.11,4700,60000.0,0.0,0.0,74.22,74.22,14.42,11.8,0.0
荣联科技,sz002642,7.43,7.44,7.43,38200.0,7.39,100,7.43,1000,-0.13,7.43,7.43,38200,280000.0,0.01,0.0,49.16,49.16,8.18,6.7,0.0
华新科技,sz301265,21.55,21.73,21.55,21400.0,21.55,200,21.66,200,-0.83,21.55,21.55,21400,460000.0,0.01,0.0,52.57,65.29,26.08,17.38,0.0
ST海泰,sh600082,2.83,2.84,2.83,400.0,2.83,25600,2.84,20300,-0.35,2.83,2.83,400,0.0,0.0,0.0,17.95,18.29,3.12,2.56,0.0
风语筑,sh603466,12.56,12.55,12.56,739300.0,12.56,11400,12.57,1800,0.08,12.56,12.56,739300,9290000.0,0.12,0.0,74.71,74.71,13.81,11.3,0.0
宁波建工,sh601789,4.5,4.55,4.5,393200.0,4.49,43900,4.5,54100,-1.1,4.5,4.5,393200,1770000.0,0.04,0.0,48.91,68.6,5.01,4.1,0.0
易事特,sz300376,4.74,4.77,4.74,24300.0,4.73,40000,4.74,9000,-0.63,4.74,4.74,24300,120000.0,0.0,0.0,110.32,110.36,5.72,3.82,0.0
永安期货,sh600927,13.19,13.1,13.19,74500.0,13.15,3400,13.19,2600,0.69,13.19,13.19,74500,980000.0,0.01,0.0,191.31,191.31,14.41,11.79,0.0
贝泰妮,sz300957,32.5,32.59,32.5,22100.0,32.48,300,32.51,400,-0.28,32.5,32.5,22100,720000.0,0.01,0.0,137.67,137.67,39.11,26.07,0.0
恒进感应,bj920870,11.9,12.18,0.0,0.0,11.9,14100,11.9,14100,-2.3,0.0,0.0,0,0.0,0.0,0.0,7.85,15.95,15.83,8.53,0.0
云鼎科技,sz000409,8.76,8.75,8.76,6500.0,8.72,500,8.76,900,0.11,8.76,8.76,6500,60000.0,0.0,0.0,51.73,59.36,9.63,7.88,0.0
狄耐克,sz300884,13.0,13.0,13.0,26700.0,12.96,15600,13.0,2300,0.0,13.0,13.0,26700,350000.0,0.01,0.0,24.88,33.0,15.6,10.4,0.0
和而泰,sz002402,21.7,21.85,21.7,75300.0,21.7,5200,21.75,600,-0.69,21.7,21.7,75300,1630000.0,0.01,0.0,177.61,200.38,24.04,19.67,0.0
我乐家居,sh603326,6.83,6.85,6.83,18200.0,6.81,300,6.83,100,-0.29,6.83,6.83,18200,120000.0,0.01,0.0,21.8,21.8,7.54,6.17,0.0
罗欣药业,sz002793,5.44,5.42,5.44,419500.0,5.44,60500,5.45,16600,0.37,5.44,5.44,419500,2280000.0,0.04,0.0,59.07,59.16,5.96,4.88,0.0
*ST网达,sh603189,9.6,9.65,9.6,54100.0,9.5,1400,9.6,38300,-0.52,9.6,9.6,54100,520000.0,0.02,0.0,25.88,25.88,10.62,8.69,0.0
宇通客车,sh600066,28.98,28.95,28.98,34100.0,28.96,16200,28.98,800,0.1,28.98,28.98,34100,990000.0,0.0,0.0,641.6,641.6,31.85,26.06,0.0
光莆股份,sz300632,20.06,20.06,20.06,89000.0,20.06,8700,20.07,6200,0.0,20.06,20.06,89000,1790000.0,0.04,0.0,44.37,61.22,24.07,16.05,0.0
葵花药业,sz002737,13.35,13.34,13.35,6900.0,13.35,600,13.36,1400,0.07,13.35,13.35,6900,90000.0,0.0,0.0,77.96,77.96,14.67,12.01,0.0
九芝堂,sz000989,9.53,9.62,9.53,134100.0,9.53,1100,9.54,100,-0.94,9.53,9.53,134100,1280000.0,0.02,0.0,66.15,81.57,10.58,8.66,0.0
得邦照明,sh603303,23.8,23.71,23.8,2000.0,23.77,1000,23.8,100,0.38,23.8,23.8,2000,50000.0,0.0,0.0,113.51,113.51,26.08,21.34,0.0
东安动力,sh600178,9.52,9.52,9.52,19100.0,9.5,200,9.52,100,0.0,9.52,9.52,19100,180000.0,0.0,0.0,44.41,44.41,10.47,8.57,0.0
ST信安,sh688201,7.22,7.27,7.22,20000.0,7.22,9800,7.33,50000,-0.69,7.22,7.22,20000,0.0,0.0,0.0,22.9,22.9,8.72,5.82,0.0
申科股份,sz002633,14.8,14.8,14.8,6700.0,14.8,300,14.86,4300,0.0,14.8,14.8,6700,100000.0,0.0,0.0,22.14,22.2,16.28,13.32,0.0
吉比特,sh603444,389.0,389.8,389.0,7500.0,388.88,200,389.1,100,-0.21,389.0,389.0,7500,2920000.0,0.01,0.0,280.24,280.24,428.78,350.82,0.0
山外山,sh688410,11.25,11.28,11.25,4551700.0,11.24,1200,11.25,8200,-0.27,11.25,11.25,4551700,510000.0,0.01,0.0,50.34,50.34,13.54,9.02,0.0
卓兆点胶,bj920026,18.59,18.59,18.59,300.0,18.43,1000,18.59,6200,0.0,18.59,18.59,300,5800.0,0.0,0.0,16.1,21.36,24.16,13.02,0.0
恒尚节能,sh603137,26.18,26.22,26.18,278600.0,26.15,500,26.18,1900,-0.15,26.18,26.18,278600,7290000.0,0.15,0.0,47.89,47.89,28.84,23.6,0.0
华凯易佰,sz300592,16.45,16.6,16.45,28500.0,16.42,1600,16.5,2900,-0.9,16.45,16.45,28500,470000.0,0.01,0.0,56.57,64.36,19.92,13.28,0.0
华达新材,sh605158,7.49,7.32,7.49,38300.0,7.49,3800,7.5,800,2.32,7.49,7.49,38300,290000.0,0.01,0.0,38.31,38.31,8.05,6.59,0.0
峰璟股份,sz002662,3.26,3.26,3.26,41600.0,3.25,99500,3.26,29200,0.0,3.26,3.26,41600,140000.0,0.0,0.0,48.9,48.9,3.59,2.93,0.0
和顺石油,sh603353,32.25,32.23,32.25,30600.0,32.25,500,32.27,1900,0.06,32.25,32.25,30600,990000.0,0.02,0.0,54.96,54.96,35.45,29.01,0.0
健麾信息,sh605186,27.95,27.94,27.95,4300.0,27.95,700,28.0,200,0.04,27.95,27.95,4300,120000.0,0.0,0.0,38.01,38.01,30.73,25.15,0.0
明新旭腾,sh605068,19.0,18.97,19.0,51800.0,18.98,13200,19.0,14600,0.16,19.0,19.0,51800,980000.0,0.03,0.0,30.82,30.82,20.87,17.07,0.0
欢瑞世纪,sz000892,4.1,4.04,4.1,305100.0,4.09,1300,4.1,84100,1.49,4.1,4.1,305100,1250000.0,0.04,0.0,29.14,40.22,4.44,3.64,0.0
国茂股份,sh603915,13.7,13.73,13.7,60900.0,13.64,5400,13.7,15600,-0.22,13.7,13.7,60900,830000.0,0.01,0.0,89.96,91.5,15.1,12.36,0.0
元隆雅图,sz002878,12.6,12.61,12.6,10100.0,12.6,600,12.61,700,-0.08,12.6,12.6,10100,130000.0,0.0,0.0,29.72,33.01,13.87,11.35,0.0
朗鸿科技,bj920395,7.12,7.13,7.12,2400.0,7.12,6800,7.2,600,-0.14,7.12,7.12,2400,17200.0,0.0,0.0,7.48,10.86,9.26,5.0,0.0
柯力传感,sh603662,55.68,54.79,55.68,89900.0,55.68,85600,55.7,200,1.62,55.68,55.68,89900,5010000.0,0.03,0.0,156.37,156.37,60.27,49.31,0.0
合力科技,sh603917,12.58,12.58,12.58,500.0,12.58,200,12.59,5000,0.0,12.58,12.58,500,10000.0,0.0,0.0,25.64,25.64,13.84,11.32,0.0
探路者,sz300005,12.03,12.07,12.03,228700.0,12.01,2500,12.03,28700,-0.33,12.03,12.03,228700,2750000.0,0.03,0.0,105.45,106.31,14.48,9.66,0.0
宝兰德,sh688058,23.36,23.42,23.36,80000.0,23.36,100,23.42,11100,-0.26,23.36,23.36,80000,20000.0,0.0,0.0,17.72,17.72,28.1,18.74,0.0
纬德信息,sh688171,28.22,28.5,28.22,150000.0,28.18,2000,28.22,200,-0.98,28.22,28.22,150000,40000.0,0.0,0.0,32.98,32.98,34.2,22.8,0.0
博彦科技,sz002649,10.0,10.03,10.0,79200.0,9.99,400,10.0,1300,-0.3,10.0,10.0,79200,790000.0,0.01,0.0,53.64,59.14,11.03,9.03,0.0
萤石网络,sh688475,29.79,29.92,29.79,1510000.0,29.79,4500,29.85,200,-0.43,29.79,29.79,1510000,450000.0,0.0,0.0,234.6,234.6,35.9,23.94,0.0
华设集团,sh603018,5.41,5.37,5.41,29000.0,5.36,2600,5.41,24700,0.74,5.41,5.41,29000,160000.0,0.0,0.0,44.32,44.32,5.91,4.83,0.0
兆驰股份,sz002429,8.76,8.73,8.76,272400.0,8.76,7700,8.77,87000,0.34,8.76,8.76,272400,2390000.0,0.01,0.0,396.33,396.56,9.6,7.86,0.0
莲花控股,sh600186,13.07,13.13,13.07,10437300.0,13.07,23100,13.08,28600,-0.46,13.07,13.07,10437300,136420000.0,0.59,0.0,232.68,234.31,14.44,11.82,0.0
云南能投,sz002053,9.33,9.32,9.33,16800.0,9.33,18100,9.34,500,0.11,9.33,9.33,16800,160000.0,0.0,0.0,85.9,85.9,10.25,8.39,0.0
天保基建,sz000965,3.15,3.16,3.15,23900.0,3.14,67600,3.15,10800,-0.32,3.15,3.15,23900,80000.0,0.0,0.0,34.96,34.96,3.48,2.84,0.0
恒为科技,sh603496,26.47,26.75,26.47,98800.0,26.46,3100,26.47,24100,-1.05,26.47,26.47,98800,2620000.0,0.03,0.0,84.76,84.76,29.43,24.08,0.0
国统股份,sz002205,10.73,10.72,10.73,12600.0,10.73,7300,10.76,900,0.09,10.73,10.73,12600,140000.0,0.01,0.0,19.94,19.94,11.79,9.65,0.0
之江生物,sh688317,18.45,18.57,18.45,5346300.0,18.43,900,18.45,15500,-0.65,18.45,18.45,5346300,990000.0,0.03,0.0,35.03,35.03,22.28,14.86,0.0
浙江华远,sz301535,15.49,15.5,15.49,5600.0,15.4,200,15.49,100,-0.06,15.49,15.49,5600,90000.0,0.0,0.0,26.3,65.88,18.6,12.4,0.0
东软载波,sz300183,10.7,10.75,10.7,12600.0,10.7,9400,10.75,600,-0.47,10.7,10.7,12600,130000.0,0.0,0.0,39.7,49.5,12.9,8.6,0.0
新亚电缆,sz001382,17.11,17.12,17.11,1800.0,17.05,5400,17.11,4100,-0.06,17.11,17.11,1800,30000.0,0.0,0.0,10.78,70.49,18.83,15.41,0.0
开创国际,sh600097,8.65,8.59,8.65,30700.0,8.59,18300,8.65,12100,0.7,8.65,8.65,30700,270000.0,0.01,0.0,20.84,20.84,9.45,7.73,0.0
同享科技,bj920167,14.8,14.84,14.8,4100.0,14.71,1000,14.8,1100,-0.27,14.8,14.8,4100,60700.0,0.01,0.0,9.67,16.28,19.29,10.39,0.0
万德股份,bj920519,9.87,9.95,9.87,200.0,9.86,2200,9.87,200,-0.8,9.87,9.87,200,2000.0,0.0,0.0,7.83,8.81,12.93,6.97,0.0
佳力奇,sz301586,32.11,32.28,32.11,11700.0,32.11,2100,32.28,100,-0.53,32.11,32.11,11700,380000.0,0.02,0.0,16.99,26.64,38.74,25.82,0.0
均普智能,sh688306,9.45,9.46,9.45,884900.0,9.44,2000,9.45,22200,-0.11,9.45,9.45,884900,80000.0,0.0,0.0,116.07,116.07,11.35,7.57,0.0
克来机电,sh603960,16.97,16.77,16.97,30900.0,16.84,900,16.97,5700,1.19,16.97,16.97,30900,520000.0,0.01,0.0,44.49,44.49,18.45,15.09,0.0
斯莱克,sz300382,16.39,16.33,16.39,68700.0,16.39,9300,16.4,1000,0.37,16.39,16.39,68700,1130000.0,0.01,0.0,106.26,106.27,19.6,13.06,0.0
华辰装备,sz300809,25.0,25.25,25.0,33600.0,25.0,12700,25.1,100,-0.99,25.0,25.0,33600,840000.0,0.02,0.0,37.64,63.38,30.3,20.2,0.0
浙大网新,sh600797,7.15,7.21,7.15,122000.0,7.15,23000,7.16,53700,-0.83,7.15,7.15,122000,870000.0,0.01,0.0,73.47,73.47,7.93,6.49,0.0
麦加芯彩,sh603062,39.36,39.36,39.36,300.0,39.36,300,39.52,200,0.0,39.36,39.36,300,10000.0,0.0,0.0,14.59,42.51,43.3,35.42,0.0
昆船智能,sz301311,13.62,13.74,13.62,20500.0,13.62,2300,13.72,200,-0.87,13.62,13.62,20500,280000.0,0.01,0.0,32.69,32.69,16.49,10.99,0.0
晋西车轴,sh600495,4.15,4.15,4.15,79900.0,4.15,1200,4.16,12300,0.0,4.15,4.15,79900,330000.0,0.01,0.0,50.14,50.14,4.57,3.74,0.0
聚力文化,sz002247,2.39,2.39,2.39,66200.0,2.39,1300,2.4,117900,0.0,2.39,2.39,66200,160000.0,0.01,0.0,15.38,20.34,2.63,2.15,0.0
岩山科技,sz002195,6.82,6.81,6.82,258000.0,6.81,27200,6.82,175600,0.15,6.82,6.82,258000,1760000.0,0.0,0.0,383.0,386.46,7.49,6.13,0.0
神州高铁,sz000008,2.4,2.4,2.4,722700.0,2.4,48000,2.41,154900,0.0,2.4,2.4,722700,1730000.0,0.03,0.0,65.19,65.19,2.64,2.16,0.0
新泉股份,sh603179,39.47,39.73,39.47,80100.0,39.46,300,39.47,2300,-0.65,39.47,39.47,80100,3160000.0,0.01,0.0,281.89,281.89,43.7,35.76,0.0
敦煌种业,sh600354,6.4,6.35,6.4,1959700.0,6.39,22900,6.4,54400,0.79,6.4,6.4,1959700,12540000.0,0.37,0.0,33.78,33.78,6.99,5.72,0.0
华创云信,sh600155,5.9,5.9,5.9,40200.0,5.88,23200,5.9,82800,0.0,5.9,5.9,40200,240000.0,0.0,0.0,130.6,130.6,6.49,5.31,0.0
帝欧水华,sz002798,5.88,5.88,5.88,32300.0,5.88,46100,5.9,1000,0.0,5.88,5.88,32300,190000.0,0.01,0.0,30.38,34.55,6.47,5.29,0.0
一博科技,sz301366,56.91,57.26,56.91,108000.0,56.91,4100,56.92,300,-0.61,56.91,56.91,108000,6150000.0,0.09,0.0,66.58,119.25,68.71,45.81,0.0
魅视科技,sz001229,48.5,45.63,48.5,234400.0,48.5,12400,48.6,6500,6.29,48.5,48.5,234400,11370000.0,0.32,0.0,35.77,69.56,50.19,41.07,0.0
潞化科技,sh600691,2.5,2.48,2.5,54300.0,2.49,5100,2.5,113200,0.81,2.5,2.5,54300,140000.0,0.0,0.0,59.39,59.4,2.73,2.23,0.0
辽宁能源,sh600758,3.39,3.4,3.39,283700.0,3.38,112400,3.39,62700,-0.29,3.39,3.39,283700,960000.0,0.02,0.0,44.77,44.82,3.74,3.06,0.0
好莱客,sh603898,11.67,11.67,11.67,6700.0,11.56,4500,11.67,1000,0.0,11.67,11.67,6700,80000.0,0.0,0.0,35.04,35.04,12.84,10.5,0.0
海洋王,sz002724,6.83,7.18,6.83,2707800.0,6.83,257000,6.84,800,-4.87,6.83,6.83,2707800,18490000.0,0.48,0.0,38.78,52.69,7.9,6.46,0.0
先进数通,sz300541,10.08,10.16,10.08,22700.0,10.08,37100,10.1,300,-0.79,10.08,10.08,22700,230000.0,0.01,0.0,39.11,43.35,12.19,8.13,0.0
能辉科技,sz301046,20.85,20.58,20.85,32900.0,20.8,100,20.85,100,1.31,20.85,20.85,32900,690000.0,0.03,0.0,27.15,35.15,24.7,16.46,0.0
华海药业,sh600521,17.3,17.36,17.3,72200.0,17.3,5500,17.31,1000,-0.35,17.3,17.3,72200,1250000.0,0.0,0.0,259.02,259.02,19.1,15.62,0.0
中哲精化,sz000953,6.18,6.16,6.18,18300.0,6.15,8900,6.18,11500,0.32,6.18,6.18,18300,110000.0,0.0,0.0,22.63,22.63,6.78,5.54,0.0
特瑞斯,bj920014,8.78,8.73,8.78,3100.0,8.78,31400,8.79,500,0.57,8.78,8.78,3100,27200.000000000004,0.0,0.0,5.89,10.7,11.34,6.12,0.0
康普顿,sh603798,13.57,13.45,13.57,38700.0,13.5,200,13.57,600,0.89,13.57,13.57,38700,530000.0,0.02,0.0,34.8,34.8,14.8,12.11,0.0
商络电子,sz300975,29.0,28.95,29.0,271900.0,28.99,10700,29.0,43600,0.17,29.0,29.0,271900,7890000.0,0.06,0.0,142.7,199.23,34.74,23.16,0.0
宁波富达,sh600724,5.09,5.12,5.09,109600.0,5.09,60100,5.11,2000,-0.59,5.09,5.09,109600,560000.0,0.01,0.0,73.55,73.56,5.63,4.61,0.0
中信出版,sz300788,25.5,25.5,25.5,56900.0,25.5,600,25.63,200,0.0,25.5,25.5,56900,1450000.0,0.03,0.0,48.49,48.49,30.6,20.4,0.0
派特尔,bj920871,11.4,11.23,11.4,17500.0,11.22,2000,11.4,2400,1.51,11.4,11.4,17500,199500.0,0.04,0.0,5.36,9.67,14.59,7.87,0.0
比依股份,sh603215,14.61,14.6,14.61,800.0,14.61,2400,14.65,300,0.07,14.61,14.61,800,10000.0,0.0,0.0,27.35,31.35,16.06,13.14,0.0
中环海陆,sz301040,28.38,28.27,28.38,5200.0,28.38,500,28.49,900,0.39,28.38,28.38,5200,150000.0,0.01,0.0,26.78,28.38,33.92,22.62,0.0
南方航空,sh600029,5.01,5.03,5.01,307800.0,5.01,410700,5.02,199600,-0.4,5.01,5.01,307800,1540000.0,0.0,0.0,675.2,907.86,5.53,4.53,0.0
台基股份,sz300046,25.22,25.1,25.22,40800.0,25.16,500,25.22,900,0.48,25.22,25.22,40800,1030000.0,0.02,0.0,59.65,59.65,30.12,20.08,0.0
悦心健康,sz002162,4.16,4.17,4.16,325500.0,4.15,1900,4.16,51700,-0.24,4.16,4.16,325500,1350000.0,0.04,0.0,38.2,38.26,4.59,3.75,0.0
杰普特,sh688025,413.71,415.0,413.71,4089600.0,413.71,2600,414.7,400,-0.31,413.71,413.71,4089600,16920000.0,0.04,0.0,393.23,393.23,498.0,332.0,0.0
宜宾纸业,sh600793,14.89,14.9,14.89,77500.0,14.88,200,14.89,4500,-0.07,14.89,14.89,77500,1150000.0,0.04,0.0,26.34,26.34,16.39,13.41,0.0
艾融软件,bj920799,30.08,29.99,30.08,7000.0,30.03,1000,30.08,16400,0.3,30.08,30.08,7000,211500.0,0.01,0.0,36.12,62.91,38.98,21.0,0.0
国力电子,sh688103,79.35,79.68,79.35,626400.0,79.35,1000,79.67,200,-0.41,79.35,79.35,626400,500000.0,0.01,0.0,75.63,75.63,95.62,63.74,0.0
法狮龙,sh605318,80.5,80.83,80.5,1300.0,80.2,500,80.5,100,-0.41,80.5,80.5,1300,100000.0,0.0,0.0,101.21,101.21,88.91,72.75,0.0
珈伟新能,sz300317,4.45,4.51,4.45,228400.0,4.45,171000,4.47,65900,-1.33,4.45,4.45,228400,1020000.0,0.03,0.0,36.89,36.94,5.41,3.61,0.0
大恒科技,sh600288,13.22,13.22,13.22,1275800.0,13.22,1400,13.23,144400,0.0,13.22,13.22,1275800,16870000.0,0.29,0.0,57.74,57.74,14.54,11.9,0.0
瑞丰光电,sz300241,5.9,5.85,5.9,507000.0,5.9,39700,5.91,40200,0.85,5.9,5.9,507000,2990000.0,0.08,0.0,35.43,42.28,7.02,4.68,0.0
燕塘乳业,sz002732,13.94,13.95,13.94,6100.0,13.94,3500,13.95,100,-0.07,13.94,13.94,6100,90000.0,0.0,0.0,21.83,21.93,15.35,12.56,0.0
鑫汇科,bj920267,17.19,17.28,17.19,13000.0,17.19,18200,17.4,400,-0.52,17.19,17.19,13000,223900.0,0.05,0.0,4.67,8.16,22.46,12.1,0.0
美登科技,bj920227,49.76,50.3,0.0,0.0,49.76,500,50.29,700,-1.07,0.0,0.0,0,0.0,0.0,0.0,8.82,19.38,65.39,35.21,0.0
雄塑科技,sz300599,11.96,12.01,11.96,11200.0,11.96,5400,12.01,15600,-0.42,11.96,11.96,11200,130000.0,0.0,0.0,37.88,42.83,14.41,9.61,0.0
远东传动,sz002406,6.89,6.88,6.89,318900.0,6.89,77600,6.9,16000,0.15,6.89,6.89,318900,2200000.0,0.06,0.0,38.73,50.31,7.57,6.19,0.0
安奈儿,sz002875,13.7,13.69,13.7,29700.0,13.7,8600,13.74,1500,0.07,13.7,13.7,29700,410000.0,0.01,0.0,29.1,29.1,15.06,12.32,0.0
迪生力,sh603335,6.75,6.77,6.75,9700.0,6.75,1300,6.77,7300,-0.3,6.75,6.75,9700,70000.0,0.0,0.0,28.9,28.9,7.45,6.09,0.0
卫光生物,sz002880,20.78,20.78,20.78,3200.0,20.75,900,20.79,1000,0.0,20.78,20.78,3200,70000.0,0.0,0.0,47.13,47.13,22.86,18.7,0.0
宁波远洋,sh601022,8.2,8.22,8.2,92200.0,8.2,16800,8.21,3200,-0.24,8.2,8.2,92200,760000.0,0.01,0.0,107.31,107.31,9.04,7.4,0.0
奥拓电子,sz002587,5.6,5.6,5.6,63300.0,5.59,1000,5.6,38000,0.0,5.6,5.6,63300,350000.0,0.01,0.0,29.83,36.65,6.16,5.04,0.0
迅安科技,bj920950,12.71,12.82,0.0,0.0,12.71,1500,12.79,1000,-0.86,0.0,0.0,0,0.0,0.0,0.0,4.54,9.32,16.66,8.98,0.0
博世科,sz300422,4.29,4.27,4.29,121600.0,4.28,2600,4.29,7600,0.47,4.29,4.29,121600,520000.0,0.02,0.0,22.17,22.9,5.12,3.42,0.0
秦川机床,sz000837,10.63,10.72,10.63,237000.0,10.63,9500,10.65,1800,-0.84,10.63,10.63,237000,2520000.0,0.02,0.0,107.09,108.76,11.79,9.65,0.0
宇通重工,sh600817,9.59,9.58,9.59,25000.0,9.58,500,9.59,29100,0.1,9.59,9.59,25000,240000.0,0.0,0.0,50.78,51.03,10.54,8.62,0.0
中文传媒,sh600373,7.08,7.1,7.08,36400.0,7.07,2200,7.08,7600,-0.28,7.08,7.08,36400,260000.0,0.0,0.0,95.39,95.39,7.81,6.39,0.0
旭光电子,sh600353,36.0,34.13,36.0,2094300.0,35.99,900,36.0,296700,5.48,36.0,36.0,2094300,75390000.0,0.25,0.0,298.37,298.37,37.54,30.72,0.0
中航泰达,bj920263,7.12,7.08,7.12,200.0,7.04,1100,7.12,300,0.56,7.12,7.12,200,1400.0000000000002,0.0,0.0,7.3,10.06,9.2,4.96,0.0
英杰电气,sz300820,56.56,56.33,56.56,20100.0,56.56,500,56.6,100,0.41,56.56,56.56,20100,1140000.0,0.02,0.0,63.23,125.68,67.6,45.06,0.0
紫燕食品,sh603057,22.47,22.45,22.47,5300.0,22.46,1100,22.47,300,0.09,22.47,22.47,5300,120000.0,0.0,0.0,92.58,93.28,24.7,20.21,0.0
江航装备,sh688586,10.82,10.84,10.82,80000.0,10.78,1000,10.82,1000,-0.18,10.82,10.82,80000,10000.0,0.0,0.0,85.62,85.62,13.01,8.67,0.0
水井坊,sh600779,27.89,27.96,27.89,2500.0,27.89,200,27.91,500,-0.25,27.89,27.89,2500,70000.0,0.0,0.0,135.96,135.96,30.76,25.16,0.0
微创光电,bj920198,7.8,7.91,7.8,24400.0,7.8,20200,7.86,9100,-1.39,7.8,7.8,24400,190500.0,0.03,0.0,5.5,12.59,10.28,5.54,0.0
内蒙新华,sh603230,9.18,9.24,9.18,4100.0,9.18,900,9.19,4200,-0.65,9.18,9.18,4100,40000.0,0.0,0.0,32.45,32.45,10.16,8.32,0.0
东方明珠,sh600637,8.15,8.18,8.15,88400.0,8.14,7400,8.15,38400,-0.37,8.15,8.15,88400,720000.0,0.0,0.0,273.99,273.99,9.0,7.36,0.0
光明肉业,sh600073,5.36,5.34,5.36,292200.0,5.36,71000,5.37,6900,0.37,5.36,5.36,292200,1570000.0,0.03,0.0,50.26,50.26,5.87,4.81,0.0
深城交,sz301091,19.05,19.11,19.05,5200.0,19.05,2800,19.07,500,-0.31,19.05,19.05,5200,100000.0,0.0,0.0,100.45,100.45,22.93,15.29,0.0
宏远股份,bj920018,15.29,15.42,0.0,0.0,15.29,400,15.53,100,-0.84,0.0,0.0,0,0.0,0.0,0.0,8.79,25.31,20.04,10.8,0.0
海量数据,sh603138,13.5,13.52,13.5,19100.0,13.43,10000,13.5,10300,-0.15,13.5,13.5,19100,260000.0,0.01,0.0,38.93,39.64,14.87,12.17,0.0
博实股份,sz002698,12.9,13.0,12.9,98700.0,12.88,5000,12.9,2000,-0.77,12.9,12.9,98700,1270000.0,0.01,0.0,108.89,131.91,14.3,11.7,0.0
顺络电子,sz002138,52.68,52.79,52.68,121100.0,52.62,200,52.68,13500,-0.21,52.68,52.68,121100,6380000.0,0.02,0.0,403.71,424.77,58.07,47.51,0.0
酉立智能,bj920007,36.43,36.42,36.43,500.0,36.43,0,36.62,600,0.03,36.43,36.43,500,19300.0,0.0,0.0,3.88,16.22,47.34,25.5,0.0
东方日升,sz300118,10.52,10.46,10.52,223000.0,10.51,2400,10.52,20800,0.57,10.52,10.52,223000,2350000.0,0.02,0.0,97.5,119.93,12.55,8.37,0.0
*ST春兴,sz002547,2.69,2.72,2.69,298600.0,2.68,31200,2.69,94700,-1.1,2.69,2.69,298600,800000.0,0.03,0.0,29.72,30.34,2.99,2.45,0.0
东华软件,sz002065,7.3,7.31,7.3,126100.0,7.3,26800,7.31,46200,-0.14,7.3,7.3,126100,920000.0,0.0,0.0,212.28,234.0,8.04,6.58,0.0
托普云农,sz301556,63.21,63.21,63.21,36900.0,63.01,4000,63.21,2700,0.0,63.21,63.21,36900,2330000.0,0.13,0.0,18.63,53.91,75.85,50.57,0.0
合金投资,sz000633,5.34,5.34,5.34,58600.0,5.34,9900,5.35,6000,0.0,5.34,5.34,58600,310000.0,0.02,0.0,20.56,20.56,5.87,4.81,0.0
利君股份,sz002651,9.23,9.23,9.23,2113000.0,9.23,229100,9.25,10200,0.0,9.23,9.23,2113000,19500000.0,0.37,0.0,52.19,95.39,10.15,8.31,0.0
盈方微,sz000670,7.55,7.54,7.55,4210200.0,7.55,479900,7.56,5700,0.13,7.55,7.55,4210200,31790000.0,0.51,0.0,62.7,63.87,8.29,6.79,0.0
福然德,sh605050,10.73,10.73,10.73,2000.0,10.7,1000,10.73,5700,0.0,10.73,10.73,2000,20000.0,0.0,0.0,52.88,52.88,11.8,9.66,0.0
君亭酒店,sz301073,18.54,18.18,18.54,39100.0,18.54,2900,18.55,1800,1.98,18.54,18.54,39100,720000.0,0.02,0.0,32.96,36.05,21.82,14.54,0.0
好上好,sz001298,18.06,18.06,18.06,23100.0,18.05,400,18.06,3800,0.0,18.06,18.06,23100,420000.0,0.01,0.0,73.58,78.11,19.87,16.25,0.0
大禹节水,sz300021,3.87,3.91,3.87,156900.0,3.87,45900,3.88,27700,-1.02,3.87,3.87,156900,610000.0,0.02,0.0,33.8,39.57,4.69,3.13,0.0
交大铁发,bj920027,11.41,11.46,11.41,13200.0,11.41,200,11.48,1400,-0.44,11.41,11.41,13200,150800.0,0.02,0.0,8.22,11.75,14.89,8.03,0.0
金利华电,sz300069,29.0,28.97,29.0,50300.0,28.97,400,29.0,1500,0.1,29.0,29.0,50300,1460000.0,0.04,0.0,33.93,33.93,34.76,23.18,0.0
天沃科技,sz002564,4.58,4.56,4.58,56100.0,4.56,11000,4.58,14400,0.44,4.58,4.58,56100,260000.0,0.01,0.0,39.34,39.34,5.02,4.1,0.0
智飞生物,sz300122,12.63,12.89,12.63,1043500.0,12.63,41500,12.64,119000,-2.02,12.63,12.63,1043500,13180000.0,0.07,0.0,178.63,302.34,15.47,10.31,0.0
先锋电子,sz002767,18.18,18.22,18.18,2100.0,18.11,500,18.18,1000,-0.22,18.18,18.18,2100,40000.0,0.0,0.0,23.69,27.27,20.04,16.4,0.0
杭齿前进,sh601177,13.48,13.43,13.48,13800.0,13.45,500,13.48,1500,0.37,13.48,13.48,13800,190000.0,0.0,0.0,54.25,54.96,14.77,12.09,0.0
吴通控股,sz300292,4.4,4.43,4.4,860400.0,4.4,23400,4.41,34700,-0.68,4.4,4.4,860400,3790000.0,0.08,0.0,49.1,59.04,5.32,3.54,0.0
建研设计,sz301167,13.99,14.09,13.99,13400.0,13.96,2000,13.99,2300,-0.71,13.99,13.99,13400,190000.0,0.01,0.0,14.79,15.67,16.91,11.27,0.0
中公教育,sz002607,2.11,2.11,2.11,1174600.0,2.11,328500,2.12,504100,0.0,2.11,2.11,1174600,2480000.0,0.02,0.0,116.97,130.13,2.32,1.9,0.0
丰立智能,sz301368,43.26,43.3,43.26,4600.0,43.08,100,43.26,900,-0.09,43.26,43.26,4600,200000.0,0.0,0.0,51.96,51.96,51.96,34.64,0.0
中科信息,sz300678,22.88,23.04,22.88,32400.0,22.88,100,22.92,400,-0.69,22.88,22.88,32400,740000.0,0.01,0.0,66.63,67.81,27.65,18.43,0.0
万丰奥威,sz002085,10.65,10.69,10.65,73300.0,10.64,900,10.65,2300,-0.37,10.65,10.65,73300,780000.0,0.0,0.0,226.13,226.13,11.76,9.62,0.0
长春高新,sz000661,83.98,84.53,83.98,134500.0,83.98,500,84.0,1700,-0.65,83.98,83.98,134500,11300000.0,0.03,0.0,335.6,342.59,92.98,76.08,0.0
嘉事堂,sz002462,12.35,12.38,12.35,9900.0,12.26,3100,12.35,2900,-0.24,12.35,12.35,9900,120000.0,0.0,0.0,36.0,36.03,13.62,11.14,0.0
中航沈飞,sh600760,44.3,44.51,44.3,30000.0,44.29,600,44.3,6100,-0.47,44.3,44.3,30000,1330000.0,0.0,0.0,1253.49,1255.87,48.96,40.06,0.0
万向德农,sh600371,7.35,7.4,7.35,92000.0,7.35,600,7.37,100,-0.68,7.35,7.35,92000,680000.0,0.03,0.0,21.5,21.5,8.14,6.66,0.0
健康元,sh600380,10.1,10.14,10.1,17800.0,10.1,4900,10.14,11600,-0.39,10.1,10.1,17800,180000.0,0.0,0.0,184.77,184.77,11.15,9.13,0.0
首华燃气,sz300483,23.8,23.31,23.8,72600.0,23.77,1400,23.8,6000,2.1,23.8,23.8,72600,1730000.0,0.02,0.0,91.59,91.66,27.97,18.65,0.0
君逸数码,sz301172,18.65,18.79,18.65,5100.0,18.65,17500,18.67,300,-0.75,18.65,18.65,5100,100000.0,0.0,0.0,31.01,41.92,22.55,15.03,0.0
东航物流,sh601156,19.0,18.93,19.0,62000.0,19.0,2200,19.01,1000,0.37,19.0,19.0,62000,1180000.0,0.01,0.0,179.47,301.64,20.82,17.04,0.0
中科海讯,sz300810,24.89,24.92,24.89,3500.0,24.84,1000,24.89,1700,-0.12,24.89,24.89,3500,90000.0,0.0,0.0,28.38,29.38,29.9,19.94,0.0
泰晶科技,sh603738,40.36,40.69,40.36,474700.0,40.36,200,40.38,1700,-0.81,40.36,40.36,474700,19160000.0,0.12,0.0,155.74,155.74,44.76,36.62,0.0
科顺股份,sz300737,5.12,5.07,5.12,311500.0,5.12,2600,5.13,22500,0.99,5.12,5.12,311500,1590000.0,0.04,0.0,45.42,56.85,6.08,4.06,0.0
浩辰软件,sh688657,35.59,35.96,35.59,673900.0,35.59,500,35.88,8200,-1.03,35.59,35.59,673900,240000.0,0.01,0.0,21.25,33.96,43.15,28.77,0.0
精工科技,sz002006,14.0,14.05,14.0,43400.0,14.0,1700,14.01,3000,-0.36,14.0,14.0,43400,610000.0,0.01,0.0,72.76,72.76,15.46,12.65,0.0
李子园,sh605337,9.74,9.76,9.74,4600.0,9.74,1200,9.75,600,-0.2,9.74,9.74,4600,40000.0,0.0,0.0,38.0,38.0,10.74,8.78,0.0
南华仪器,sz300417,11.17,11.18,11.17,9800.0,11.06,100,11.17,1400,-0.09,11.17,11.17,9800,110000.0,0.01,0.0,9.34,15.03,13.42,8.94,0.0
丰安股份,bj920608,13.76,13.88,0.0,0.0,13.76,1400,13.87,4100,-0.86,0.0,0.0,0,0.0,0.0,0.0,6.63,8.56,18.04,9.72,0.0
英特集团,sz000411,9.94,9.98,9.94,40500.0,9.94,9600,9.98,7100,-0.4,9.94,9.94,40500,400000.0,0.01,0.0,56.04,56.15,10.98,8.98,0.0
拉普拉斯,sh688726,45.49,45.75,45.49,1963600.0,45.48,200,45.49,6100,-0.57,45.49,45.49,1963600,890000.0,0.01,0.0,100.04,184.38,54.9,36.6,0.0
虹软科技,sh688088,33.44,33.67,33.44,1078500.0,33.44,1900,33.59,500,-0.68,33.44,33.44,1078500,360000.0,0.0,0.0,134.15,134.15,40.4,26.94,0.0
常熟汽饰,sh603035,11.08,11.09,11.08,4500.0,11.06,300,11.08,1400,-0.09,11.08,11.08,4500,50000.0,0.0,0.0,40.59,40.59,12.2,9.98,0.0
侨银股份,sz002973,12.01,12.01,12.01,5800.0,12.0,500,12.04,1000,0.0,12.01,12.01,5800,70000.0,0.0,0.0,38.15,49.08,13.21,10.81,0.0
华鼎股份,sh601113,3.42,3.41,3.42,40800.0,3.41,27300,3.42,3500,0.29,3.42,3.42,40800,140000.0,0.0,0.0,37.76,46.31,3.75,3.07,0.0
内蒙一机,sh600967,11.58,11.6,11.58,35900.0,11.57,500,11.58,100,-0.17,11.58,11.58,35900,420000.0,0.0,0.0,197.07,197.07,12.76,10.44,0.0
沈阳机床,sz000410,5.43,5.43,5.43,1180500.0,5.43,132100,5.44,100,0.0,5.43,5.43,1180500,6410000.0,0.06,0.0,107.03,143.84,5.97,4.89,0.0
中通国脉,sh603559,9.27,9.47,9.27,1394300.0,9.26,25000,9.27,14200,-2.11,9.27,9.27,1394300,12930000.0,0.35,0.0,37.2,37.2,10.42,8.52,0.0
飞亚达,sz000026,23.13,23.01,23.13,245700.0,23.1,1000,23.13,7700,0.52,23.13,23.13,245700,5680000.0,0.07,0.0,84.32,93.85,25.31,20.71,0.0
上海建工,sh600170,2.26,2.26,2.26,246700.0,2.26,558200,2.27,3332400,0.0,2.26,2.26,246700,560000.0,0.0,0.0,200.82,200.82,2.49,2.03,0.0
节能铁汉,sz300197,2.18,2.17,2.18,2244500.0,2.17,53700,2.18,152400,0.46,2.18,2.18,2244500,4890000.0,0.08,0.0,64.64,64.64,2.6,1.74,0.0
华熙生物,sh688363,36.8,36.97,36.8,538400.0,36.77,500,36.8,1700,-0.46,36.8,36.8,538400,200000.0,0.0,0.0,177.26,177.26,44.36,29.58,0.0
汉宇集团,sz300403,9.99,10.04,9.99,70900.0,9.97,300,9.99,14400,-0.5,9.99,9.99,70900,710000.0,0.02,0.0,43.77,60.24,12.05,8.03,0.0
信邦智能,sz301112,31.97,31.8,31.97,2100.0,31.85,2800,31.97,500,0.53,31.97,31.97,2100,70000.0,0.0,0.0,35.25,35.25,38.16,25.44,0.0
雷柏科技,sz002577,19.53,19.71,19.53,22700.0,19.53,4200,19.55,500,-0.91,19.53,19.53,22700,440000.0,0.01,0.0,54.82,54.82,21.68,17.74,0.0
百普赛斯,sz301080,92.5,95.88,92.5,132400.0,92.5,400,92.87,1700,-3.53,92.5,92.5,132400,12250000.0,0.1,0.0,117.32,155.1,115.06,76.7,0.0
格灵深瞳,sh688207,21.47,21.6,21.47,3141600.0,21.47,7200,21.48,300,-0.6,21.47,21.47,3141600,670000.0,0.01,0.0,55.6,55.6,25.92,17.28,0.0
艾迪精密,sh603638,20.04,20.04,20.04,18000.0,20.01,500,20.04,200,0.0,20.04,20.04,18000,360000.0,0.0,0.0,176.49,176.49,22.04,18.04,0.0
联美控股,sh600167,5.65,5.68,5.65,26500.0,5.64,10000,5.65,3700,-0.53,5.65,5.65,26500,150000.0,0.0,0.0,127.85,127.85,6.25,5.11,0.0
三安光电,sh600703,14.1,14.15,14.1,1672500.0,14.09,2700,14.1,211900,-0.35,14.1,14.1,1672500,23580000.0,0.03,0.0,703.45,703.45,15.57,12.74,0.0
和顺电气,sz300141,10.52,10.54,10.52,9900.0,10.5,300,10.52,2500,-0.19,10.52,10.52,9900,100000.0,0.0,0.0,26.79,27.13,12.65,8.43,0.0
ST长园,sh600525,5.5,5.44,5.5,503300.0,5.5,600,5.51,1000,1.1,5.5,5.5,503300,2770000.0,0.04,0.0,72.53,72.53,5.98,4.9,0.0
爱朋医疗,sz300753,23.94,24.28,23.94,26700.0,23.94,200,24.1,1000,-1.4,23.94,23.94,26700,640000.0,0.03,0.0,21.04,30.18,29.14,19.42,0.0
移为通信,sz300590,11.5,11.56,11.5,166500.0,11.5,4700,11.51,1000,-0.52,11.5,11.5,166500,1910000.0,0.05,0.0,41.15,53.16,13.87,9.25,0.0
尚品宅配,sz300616,10.76,10.79,10.76,4000.0,10.74,1600,10.76,1600,-0.28,10.76,10.76,4000,40000.0,0.0,0.0,16.7,24.16,12.95,8.63,0.0
陇神戎发,sz300534,20.74,20.23,20.74,1138700.0,20.74,67200,20.75,200,2.52,20.74,20.74,1138700,23620000.0,0.38,0.0,62.65,62.91,24.28,16.18,0.0
山东矿机,sz002526,2.75,2.75,2.75,32700.0,2.74,30000,2.75,800,0.0,2.75,2.75,32700,90000.0,0.0,0.0,48.7,49.03,3.03,2.48,0.0
江河集团,sh601886,12.2,12.75,12.2,412900.0,12.19,100,12.2,5600,-4.31,12.2,12.2,412900,5040000.0,0.04,0.0,138.23,138.23,14.03,11.48,0.0
中贝通信,sh603220,20.45,20.64,20.45,221100.0,20.45,5600,20.48,3100,-0.92,20.45,20.45,221100,4520000.0,0.04,0.0,109.69,109.69,22.7,18.58,0.0
ST绝味,sh603517,11.11,11.17,11.11,20000.0,11.11,14600,11.17,600,-0.54,11.11,11.11,20000,220000.0,0.0,0.0,67.33,67.33,12.29,10.05,0.0
联合水务,sh603291,9.03,9.03,9.03,11800.0,8.96,600,9.03,900,0.0,9.03,9.03,11800,110000.0,0.0,0.0,38.22,38.22,9.93,8.13,0.0
神宇股份,sz300563,24.37,24.31,24.37,15300.0,24.35,1600,24.37,1300,0.25,24.37,24.37,15300,370000.0,0.01,0.0,30.88,44.39,29.17,19.45,0.0
松炀资源,sh603863,12.89,12.96,12.89,18900.0,12.89,29500,12.93,100,-0.54,12.89,12.89,18900,240000.0,0.01,0.0,26.38,26.38,14.26,11.66,0.0
国脉科技,sz002093,6.94,6.9,6.94,22300.0,6.9,2000,6.94,7500,0.58,6.94,6.94,22300,150000.0,0.0,0.0,69.92,69.92,7.59,6.21,0.0
豪美新材,sz002988,22.66,22.77,22.66,104500.0,22.66,2700,22.7,200,-0.48,22.66,22.66,104500,2370000.0,0.04,0.0,56.61,56.61,25.05,20.49,0.0
春光智能,bj920810,8.74,8.73,8.74,100.0,8.7,300,8.76,500,0.11,8.74,8.74,100,900.0,0.0,0.0,5.45,8.38,11.34,6.12,0.0
科森科技,sh603626,16.97,16.91,16.97,142400.0,16.97,2200,16.98,5500,0.35,16.97,16.97,142400,2420000.0,0.03,0.0,94.16,94.16,18.6,15.22,0.0
丸美生物,sh603983,28.92,28.8,28.92,22200.0,28.92,700,28.99,500,0.42,28.92,28.92,22200,640000.0,0.01,0.0,115.97,115.97,31.68,25.92,0.0
*ST华西,sz002630,1.68,1.68,1.68,30100.0,1.67,81400,1.68,42300,0.0,1.68,1.68,30100,50000.0,0.0,0.0,18.09,19.84,1.85,1.51,0.0
中南股份,sz000717,2.22,2.23,2.22,19000.0,2.22,9900,2.23,58400,-0.45,2.22,2.22,19000,40000.0,0.0,0.0,53.8,53.81,2.45,2.01,0.0
爱威科技,sh688067,23.06,23.06,23.06,643500.0,22.99,1100,23.06,8100,0.0,23.06,23.06,643500,150000.0,0.01,0.0,15.68,15.68,27.67,18.45,0.0
坚朗五金,sz002791,15.02,15.02,15.02,6000.0,14.96,800,15.02,2700,0.0,15.02,15.02,6000,90000.0,0.0,0.0,32.7,53.15,16.52,13.52,0.0
万泰生物,sh603392,29.36,29.61,29.36,161200.0,29.36,24000,29.48,1000,-0.84,29.36,29.36,161200,4730000.0,0.01,0.0,371.23,371.23,32.57,26.65,0.0
中无人机,sh688297,41.13,41.18,41.13,1304900.0,41.13,4000,41.15,300,-0.12,41.13,41.13,1304900,540000.0,0.0,0.0,277.63,277.63,49.42,32.94,0.0
德豪润达,sz002005,2.52,2.48,2.52,243200.0,2.51,1200,2.52,47500,1.61,2.52,2.52,243200,610000.0,0.01,0.0,44.15,44.16,2.73,2.23,0.0
海波重科,sz300517,10.18,10.16,10.18,23200.0,10.16,4300,10.18,600,0.2,10.18,10.18,23200,240000.0,0.02,0.0,12.85,20.4,12.19,8.13,0.0
金域医学,sh603882,28.93,29.05,28.93,63400.0,28.9,300,28.93,15100,-0.41,28.93,28.93,63400,1830000.0,0.01,0.0,133.12,134.02,31.96,26.15,0.0
共进股份,sh603118,20.15,19.32,20.15,7437700.0,20.15,228500,20.16,400,4.3,20.15,20.15,7437700,149870000.0,0.94,0.0,158.64,158.64,21.25,17.39,0.0
两面针,sh600249,5.28,5.32,5.28,38200.0,5.28,12900,5.31,6800,-0.75,5.28,5.28,38200,200000.0,0.01,0.0,29.04,29.04,5.85,4.79,0.0
东星医疗,sz301290,30.02,30.05,30.02,6600.0,29.9,400,30.02,1500,-0.1,30.02,30.02,6600,200000.0,0.01,0.0,23.89,30.07,36.06,24.04,0.0
盟科药业-U,sh688373,5.45,5.47,5.45,3055400.0,5.45,4500,5.46,900,-0.37,5.45,5.45,3055400,170000.0,0.0,0.0,35.76,35.76,6.56,4.38,0.0
安控科技,sz300370,2.23,2.23,2.23,51900.0,2.22,47300,2.23,17800,0.0,2.23,2.23,51900,120000.0,0.0,0.0,34.82,34.91,2.68,1.78,0.0
海能技术,bj920476,22.85,22.81,22.85,9000.0,22.68,1200,22.85,13900,0.18,22.85,22.85,9000,204600.0,0.01,0.0,18.42,20.47,29.65,15.97,0.0
芯瑞达,sz002983,20.29,20.33,20.29,1300.0,20.03,100,20.29,2100,-0.2,20.29,20.29,1300,30000.0,0.0,0.0,26.24,45.14,22.36,18.3,0.0
银之杰,sz300085,31.0,31.08,31.0,149700.0,30.95,1200,31.0,31300,-0.26,31.0,31.0,149700,4640000.0,0.02,0.0,202.12,219.06,37.3,24.86,0.0
华阳集团,sz002906,25.66,25.66,0.0,0.0,0.0,0,0.0,0,0.0,0.0,0.0,0,0.0,0.0,0.0,134.62,134.69,28.23,23.09,0.0
一彬科技,sz001278,16.58,16.58,16.58,4900.0,16.29,9700,16.58,1300,0.0,16.58,16.58,4900,80000.0,0.01,0.0,14.14,20.51,18.24,14.92,0.0
广电网络,sh600831,3.38,3.38,3.38,27400.0,3.36,16500,3.38,155000,0.0,3.38,3.38,27400,90000.0,0.0,0.0,24.03,24.03,3.72,3.04,0.0
科华生物,sz002022,5.66,5.65,5.66,22100.0,5.65,300,5.66,7500,0.18,5.66,5.66,22100,130000.0,0.0,0.0,29.11,29.11,6.22,5.09,0.0
蓝思科技,sz300433,36.98,36.99,36.98,567200.0,36.95,300,36.98,13500,-0.03,36.98,36.98,567200,20980000.0,0.01,0.0,1837.8,1952.08,44.39,29.59,0.0
电科网安,sz002268,14.13,14.18,14.13,8300.0,14.11,4000,14.13,200,-0.35,14.13,14.13,8300,120000.0,0.0,0.0,119.43,119.49,15.6,12.76,0.0
实朴检测,sz301228,60.99,61.08,60.99,5700.0,60.8,200,60.99,1100,-0.15,60.99,60.99,5700,350000.0,0.0,0.0,72.85,73.19,73.3,48.86,0.0
汉马科技,sh600375,4.0,3.98,4.0,47300.0,3.97,40200,4.0,30600,0.5,4.0,4.0,47300,190000.0,0.0,0.0,58.51,64.12,4.38,3.58,0.0
卓翼科技,sz002369,5.87,5.88,5.87,33200.0,5.85,1900,5.87,5400,-0.17,5.87,5.87,33200,190000.0,0.01,0.0,33.24,33.28,6.47,5.29,0.0
麦格米特,sz002851,135.75,135.5,135.75,161600.0,135.75,900,135.77,200,0.18,135.75,135.75,161600,21940000.0,0.03,0.0,667.47,794.15,149.05,121.95,0.0
电光科技,sz002730,22.81,22.93,22.81,7000.0,22.81,12900,22.9,1000,-0.52,22.81,22.81,7000,160000.0,0.0,0.0,78.93,82.59,25.22,20.64,0.0
伟思医疗,sh688580,50.25,50.25,50.25,1138700.0,50.2,200,50.25,1400,0.0,50.25,50.25,1138700,570000.0,0.01,0.0,48.13,48.13,60.3,40.2,0.0
广田集团,sz002482,1.27,1.27,1.27,435100.0,1.26,3320700,1.27,345200,0.0,1.27,1.27,435100,550000.0,0.01,0.0,47.55,47.64,1.4,1.14,0.0
ST京蓝,sz000711,5.78,5.85,5.78,3444500.0,5.77,2000,5.78,11000,-1.2,5.78,5.78,3444500,19910000.0,0.14,0.0,137.64,170.68,6.44,5.27,0.0
同仁堂,sh600085,24.4,24.44,24.4,11900.0,24.38,6000,24.4,400,-0.16,24.4,24.4,11900,290000.0,0.0,0.0,334.64,334.64,26.88,22.0,0.0
横店影视,sh603103,15.19,15.23,15.19,25900.0,15.17,1700,15.19,4300,-0.26,15.19,15.19,25900,390000.0,0.0,0.0,96.33,96.33,16.75,13.71,0.0
国航远洋,bj920571,8.69,8.69,8.69,224000.0,8.69,10000,8.75,6500,0.0,8.69,8.69,224000,1946399.9999999998,0.08,0.0,25.73,48.26,11.29,6.09,0.0
晋亿实业,sh601002,5.39,5.37,5.39,45100.0,5.38,10000,5.39,31400,0.37,5.39,5.39,45100,240000.0,0.0,0.0,51.44,51.83,5.91,4.83,0.0
汉王科技,sz002362,16.29,16.17,16.29,12200.0,16.2,100,16.29,3600,0.74,16.29,16.29,12200,200000.0,0.01,0.0,33.82,39.82,17.79,14.55,0.0
东华测试,sz300354,30.98,30.99,30.98,17500.0,30.85,2000,30.98,700,-0.03,30.98,30.98,17500,540000.0,0.02,0.0,25.19,42.85,37.19,24.79,0.0
百胜智能,sz301083,14.29,14.28,14.29,16500.0,14.28,400,14.33,500,0.07,14.29,14.29,16500,240000.0,0.02,0.0,12.23,25.42,17.14,11.42,0.0
徐家汇,sz002561,6.77,6.81,6.77,9700.0,6.77,900,6.78,1800,-0.59,6.77,6.77,9700,70000.0,0.0,0.0,28.06,28.15,7.49,6.13,0.0
金证股份,sh600446,10.94,10.94,10.94,26400.0,10.94,500,10.96,3900,0.0,10.94,10.94,26400,290000.0,0.0,0.0,102.97,102.97,12.03,9.85,0.0
安彩高科,sh600207,4.54,4.51,4.54,94700.0,4.53,2200,4.54,28700,0.67,4.54,4.54,94700,430000.0,0.01,0.0,49.45,49.45,4.96,4.06,0.0
辉丰股份,sz002496,2.1,2.11,2.1,55600.0,2.09,800,2.1,25100,-0.47,2.1,2.1,55600,120000.0,0.0,0.0,24.81,31.66,2.32,1.9,0.0
固高科技,sz301510,28.42,28.07,28.42,31000.0,28.16,400,28.42,11100,1.25,28.42,28.42,31000,880000.0,0.01,0.0,108.01,114.94,33.68,22.46,0.0
中京电子,sz002579,15.3,15.4,15.3,369700.0,15.29,100,15.3,9800,-0.65,15.3,15.3,369700,5660000.0,0.06,0.0,89.26,93.73,16.94,13.86,0.0
丹娜生物,bj920009,36.36,36.37,36.36,300.0,36.05,300,36.36,300,-0.03,36.36,36.36,300,10900.0,0.0,0.0,3.67,28.2,47.28,25.46,0.0
英科医疗,sz300677,48.77,48.97,48.77,22900.0,48.76,7000,48.77,300,-0.41,48.77,48.77,22900,1120000.0,0.0,0.0,227.08,319.32,58.76,39.18,0.0
实丰文化,sz002862,13.95,13.91,13.95,8000.0,13.88,700,13.95,1300,0.29,13.95,13.95,8000,110000.0,0.01,0.0,17.94,23.64,15.3,12.52,0.0
中科通达,sh688038,18.58,18.76,18.58,506700.0,18.58,400,18.94,300,-0.96,18.58,18.58,506700,90000.0,0.0,0.0,21.62,21.62,22.51,15.01,0.0
亚普股份,sh603013,16.66,16.68,16.66,9000.0,16.61,200,16.66,200,-0.12,16.66,16.66,9000,150000.0,0.0,0.0,84.67,84.67,18.35,15.01,0.0
维业股份,sz300621,7.2,7.2,7.2,28600.0,7.19,1000,7.2,33400,0.0,7.2,7.2,28600,210000.0,0.01,0.0,14.58,14.98,8.64,5.76,0.0
文科股份,sz002775,3.7,3.72,3.7,51200.0,3.7,10500,3.72,5600,-0.54,3.7,3.7,51200,190000.0,0.01,0.0,21.9,24.29,4.09,3.35,0.0
普瑞眼科,sz301239,35.85,35.87,35.85,6600.0,35.85,2200,35.94,1100,-0.06,35.85,35.85,6600,240000.0,0.0,0.0,50.92,53.64,43.04,28.7,0.0
海陆重工,sz002255,8.47,8.5,8.47,50000.0,8.47,8500,8.49,1000,-0.35,8.47,8.47,50000,420000.0,0.01,0.0,54.04,70.38,9.35,7.65,0.0
润本股份,sh603193,20.88,21.02,20.88,9500.0,20.88,1300,20.9,100,-0.67,20.88,20.88,9500,200000.0,0.01,0.0,21.58,84.48,23.12,18.92,0.0
宏英智能,sz001266,35.8,35.98,35.8,7700.0,35.61,700,35.8,2500,-0.5,35.8,35.8,7700,280000.0,0.01,0.0,20.82,37.11,39.58,32.38,0.0
奕瑞科技,sh688301,99.9,99.85,99.9,2193300.0,99.83,1200,99.9,300,0.05,99.9,99.9,2193300,2190000.0,0.01,0.0,313.1,313.1,119.82,79.88,0.0
方大集团,sz000055,3.55,3.56,3.55,55200.0,3.55,3000,3.56,21100,-0.28,3.55,3.55,55200,200000.0,0.01,0.0,23.99,38.12,3.92,3.2,0.0
新坐标,sh603040,57.43,57.43,57.43,1900.0,57.22,200,57.43,200,0.0,57.43,57.43,1900,110000.0,0.0,0.0,112.75,113.34,63.17,51.69,0.0
*ST中岩,sz002542,1.73,1.74,1.73,91100.0,1.73,67500,1.74,35600,-0.57,1.73,1.73,91100,160000.0,0.01,0.0,30.43,31.25,1.91,1.57,0.0
凯华材料,bj920526,21.0,20.66,21.0,22800.0,21.0,3900,21.21,1000,1.65,21.0,21.0,22800,479099.99999999994,0.04,0.0,11.0,17.37,26.85,14.47,0.0
津荣天宇,sz300988,15.31,15.35,15.31,11100.0,15.29,1300,15.31,300,-0.26,15.31,15.31,11100,170000.0,0.01,0.0,24.82,30.15,18.42,12.28,0.0
国科军工,sh688543,40.19,40.4,40.19,1827500.0,40.19,3900,40.25,200,-0.52,40.19,40.19,1827500,730000.0,0.01,0.0,100.72,100.72,48.48,32.32,0.0
雪龙集团,sh603949,14.51,14.45,14.51,8100.0,14.48,2000,14.51,3000,0.42,14.51,14.51,8100,120000.0,0.0,0.0,30.5,30.58,15.9,13.01,0.0
同心传动,bj920454,10.91,11.0,0.0,0.0,10.91,3100,11.08,800,-0.82,0.0,0.0,0,0.0,0.0,0.0,5.37,11.47,14.3,7.7,0.0
珀莱雅,sh603605,56.79,56.87,56.79,5000.0,56.7,200,56.8,4200,-0.14,56.79,56.79,5000,280000.0,0.0,0.0,224.87,224.87,62.56,51.18,0.0
龙头股份,sh600630,6.78,6.76,6.78,52900.0,6.77,1900,6.78,100,0.3,6.78,6.78,52900,360000.0,0.01,0.0,28.81,28.81,7.44,6.08,0.0
甬金股份,sh603995,25.56,25.75,25.56,21400.0,25.51,1900,25.56,2200,-0.74,25.56,25.56,21400,550000.0,0.01,0.0,92.94,92.94,28.33,23.18,0.0
华媒控股,sz000607,3.68,3.72,3.68,9300.0,3.68,700,3.69,1000,-1.08,3.68,3.68,9300,30000.0,0.0,0.0,32.57,37.45,4.09,3.35,0.0
金隅集团,sh601992,1.4,1.4,1.4,83000.0,1.39,3106300,1.4,1592800,0.0,1.4,1.4,83000,120000.0,0.0,0.0,116.68,149.49,1.54,1.26,0.0
渝 开 发,sz000514,4.0,4.0,4.0,3000.0,4.0,900,4.01,25000,0.0,4.0,4.0,3000,10000.0,0.0,0.0,33.75,33.75,4.4,3.6,0.0
徐工机械,sz000425,7.94,7.96,7.94,195000.0,7.93,4800,7.94,22200,-0.25,7.94,7.94,195000,1550000.0,0.0,0.0,712.36,929.87,8.76,7.16,0.0
中力股份,sh603194,33.99,33.94,33.99,1900.0,33.99,900,34.0,300,0.15,33.99,33.99,1900,60000.0,0.0,0.0,53.71,136.3,37.33,30.55,0.0
金自天正,sh600560,11.28,11.29,11.28,6700.0,11.28,400,11.29,100,-0.09,11.28,11.28,6700,80000.0,0.0,0.0,25.23,25.23,12.42,10.16,0.0
赛维时代,sz301381,23.18,23.18,23.18,1700.0,23.16,100,23.18,300,0.0,23.18,23.18,1700,40000.0,0.0,0.0,94.14,94.22,27.82,18.54,0.0
同方股份,sh600100,6.91,6.91,6.91,39600.0,6.9,15300,6.91,1500,0.0,6.91,6.91,39600,270000.0,0.0,0.0,231.51,231.51,7.6,6.22,0.0
锴威特,sh688693,86.1,87.18,86.1,1044000.0,86.1,2600,86.88,200,-1.24,86.1,86.1,1044000,900000.0,0.03,0.0,33.5,63.44,104.62,69.74,0.0
信邦制药,sz002390,3.13,3.14,3.13,52600.0,3.13,600,3.14,14900,-0.32,3.13,3.13,52600,160000.0,0.0,0.0,60.34,60.84,3.45,2.83,0.0
胜业电气,bj920128,18.29,18.29,18.29,3100.0,18.12,1300,18.29,5900,0.0,18.29,18.29,3100,56700.0,0.01,0.0,4.44,14.85,23.77,12.81,0.0
华塑股份,sh600935,2.3,2.3,2.3,27000.0,2.3,48200,2.31,102500,0.0,2.3,2.3,27000,60000.0,0.0,0.0,80.67,82.68,2.53,2.07,0.0
蓝黛科技,sz002765,7.21,7.23,7.21,28700.0,7.21,40000,7.23,3500,-0.28,7.21,7.21,28700,210000.0,0.0,0.0,42.96,47.02,7.95,6.51,0.0
绿地控股,sh600606,1.27,1.28,1.27,177600.0,1.27,5665500,1.28,3755700,-0.78,1.27,1.27,177600,230000.0,0.0,0.0,178.49,178.49,1.41,1.15,0.0
富士莱,sz301258,26.8,27.0,26.8,10500.0,26.78,1000,26.8,3900,-0.74,26.8,26.8,10500,280000.0,0.01,0.0,23.87,24.57,32.4,21.6,0.0
顺威股份,sz002676,5.09,5.07,5.09,35800.0,5.07,4200,5.09,1049100,0.39,5.09,5.09,35800,180000.0,0.0,0.0,36.65,36.65,5.58,4.56,0.0
雅葆轩,bj920357,16.27,16.31,16.27,1300.0,16.18,300,16.27,200,-0.25,16.27,16.27,1300,21400.0,0.0,0.0,10.24,16.94,21.2,11.42,0.0
派克新材,sh605123,80.58,80.45,80.58,6800.0,80.58,2800,80.78,100,0.16,80.58,80.58,6800,550000.0,0.01,0.0,97.64,97.64,88.5,72.41,0.0
ST中路,sh600818,7.29,7.3,0.0,0.0,7.29,1700,7.35,2000,-0.14,0.0,0.0,0,0.0,0.0,0.0,17.35,23.43,8.03,6.57,0.0
倍轻松,sh688793,20.83,20.89,20.83,2860100.0,20.8,4900,20.83,300,-0.29,20.83,20.83,2860100,600000.0,0.03,0.0,17.71,17.71,25.07,16.71,0.0
威龙股份,sh603779,7.97,7.95,7.97,24500.0,7.97,2900,7.98,2500,0.25,7.97,7.97,24500,200000.0,0.01,0.0,26.47,26.47,8.75,7.16,0.0
博瑞传播,sh600880,3.98,3.97,3.98,88900.0,3.97,100,3.98,25200,0.25,3.98,3.98,88900,350000.0,0.01,0.0,43.5,43.51,4.37,3.57,0.0
华星创业,sz300025,5.25,5.28,5.25,137400.0,5.25,8800,5.28,13000,-0.57,5.25,5.25,137400,720000.0,0.03,0.0,26.6,26.71,6.34,4.22,0.0
中捷资源,sz002021,2.77,2.76,2.77,176300.0,2.75,29100,2.77,53400,0.36,2.77,2.77,176300,490000.0,0.01,0.0,33.11,33.11,3.04,2.48,0.0
建设工业,sz002265,20.21,20.14,20.21,203000.0,20.21,400,20.28,2400,0.35,20.21,20.21,203000,4100000.0,0.02,0.0,208.78,208.78,22.15,18.13,0.0
无锡晶海,bj920547,18.41,18.56,0.0,0.0,18.41,800,18.61,800,-0.81,0.0,0.0,0,0.0,0.0,0.0,6.95,14.3,24.12,13.0,0.0
北摩高科,sz002985,26.6,26.57,26.6,19600.0,26.57,400,26.6,2500,0.11,26.6,26.6,19600,520000.0,0.01,0.0,88.03,88.27,29.23,23.91,0.0
甘源食品,sz002991,43.0,43.17,43.0,1500.0,42.9,100,43.0,300,-0.39,43.0,43.0,1500,60000.0,0.0,0.0,21.47,40.08,47.49,38.85,0.0
中曼石油,sh603619,23.03,22.56,23.03,241000.0,23.03,67600,23.05,4300,2.08,23.03,23.03,241000,5550000.0,0.05,0.0,106.48,106.48,24.82,20.3,0.0
京能热力,sz002893,9.78,9.75,9.78,19400.0,9.77,200,9.78,17100,0.31,9.78,9.78,19400,190000.0,0.01,0.0,19.83,25.78,10.73,8.78,0.0
万安科技,sz002590,9.54,9.55,9.54,8800.0,9.5,6500,9.56,3700,-0.1,9.54,9.54,8800,80000.0,0.0,0.0,47.22,49.52,10.51,8.6,0.0
嵘泰股份,sh605133,28.03,27.75,28.03,63400.0,28.01,500,28.03,1200,1.01,28.03,28.03,63400,1780000.0,0.02,0.0,79.08,79.96,30.53,24.98,0.0
莱斯信息,sh688631,41.87,42.19,41.87,670000.0,41.77,500,41.98,400,-0.76,41.87,41.87,670000,280000.0,0.0,0.0,68.44,68.44,50.63,33.75,0.0
海鸥股份,sh603269,17.7,17.7,17.7,55600.0,17.69,19800,17.7,56200,0.0,17.7,17.7,55600,980000.0,0.01,0.0,76.45,76.45,19.47,15.93,0.0
*ST湘邮,sh600476,9.68,9.7,9.68,5600.0,9.55,1000,9.68,1800,-0.21,9.68,9.68,5600,50000.0,0.0,0.0,15.59,15.59,10.67,8.73,0.0
星网宇达,sz002829,21.14,21.25,21.14,13000.0,21.1,8000,21.15,400,-0.52,21.14,21.14,13000,270000.0,0.01,0.0,30.88,43.93,23.38,19.13,0.0
吉大通信,sz300597,7.78,7.77,7.78,11800.0,7.71,3700,7.78,1800,0.13,7.78,7.78,11800,90000.0,0.0,0.0,21.11,21.21,9.32,6.22,0.0
ST路通,sz300555,12.82,12.82,12.82,9000.0,12.76,3000,12.82,1000,0.0,12.82,12.82,9000,120000.0,0.0,0.0,25.38,25.64,15.38,10.26,0.0
爱仕达,sz002403,9.8,9.79,9.8,11100.0,9.79,200,9.8,1500,0.1,9.8,9.8,11100,110000.0,0.0,0.0,29.12,33.38,10.77,8.81,0.0
何氏眼科,sz301103,17.08,17.19,17.08,4300.0,17.08,800,17.11,1000,-0.64,17.08,17.08,4300,70000.0,0.0,0.0,20.78,26.99,20.63,13.75,0.0
大丰实业,sh603081,9.55,9.54,9.55,5500.0,9.55,200,9.57,100,0.1,9.55,9.55,5500,50000.0,0.0,0.0,40.35,40.35,10.49,8.59,0.0
康泰医学,sz300869,11.56,11.63,11.56,2300.0,11.56,6100,11.6,2000,-0.6,11.56,11.56,2300,30000.0,0.0,0.0,30.49,46.45,13.96,9.3,0.0
易天股份,sz300812,20.07,20.09,20.07,24800.0,20.01,400,20.07,900,-0.1,20.07,20.07,24800,500000.0,0.01,0.0,35.71,39.36,24.11,16.07,0.0
联合光电,sz300691,14.24,14.32,14.24,11800.0,14.24,6700,14.25,3600,-0.56,14.24,14.24,11800,170000.0,0.01,0.0,31.43,38.31,17.18,11.46,0.0
苏豪时尚,sh600287,4.83,4.83,4.83,43000.0,4.83,2300,4.84,15600,0.0,4.83,4.83,43000,210000.0,0.01,0.0,21.1,21.1,5.31,4.35,0.0
派诺科技,bj920375,7.27,7.3,7.27,6100.0,7.22,35600,7.27,7900,-0.41,7.27,7.27,6100,44300.0,0.01,0.0,6.61,11.06,9.49,5.11,0.0
九联科技,sh688609,9.52,9.6,9.52,6327900.0,9.51,6000,9.52,8500,-0.83,9.52,9.52,6327900,600000.0,0.01,0.0,47.6,49.69,11.52,7.68,0.0
辽港股份,sh601880,1.45,1.46,1.45,490800.0,1.45,6950900,1.46,1475300,-0.68,1.45,1.45,490800,710000.0,0.0,0.0,266.99,341.79,1.61,1.31,0.0
奥普光电,sz002338,45.88,45.99,45.88,48500.0,45.85,4600,45.88,200,-0.24,45.88,45.88,48500,2230000.0,0.02,0.0,110.11,110.11,50.59,41.39,0.0
卓锦股份,sh688701,8.39,8.39,8.39,2835100.0,8.37,9400,8.39,16200,0.0,8.39,8.39,2835100,240000.0,0.02,0.0,11.27,11.27,10.07,6.71,0.0
港通医疗,sz301515,19.68,19.59,19.68,4100.0,19.38,1500,19.68,200,0.46,19.68,19.68,4100,80000.0,0.01,0.0,13.3,19.68,23.51,15.67,0.0
禾川科技,sh688320,35.99,36.24,35.99,1110000.0,35.99,100,36.0,6400,-0.69,35.99,35.99,1110000,400000.0,0.01,0.0,54.35,54.35,43.49,28.99,0.0
京能置业,sh600791,7.96,7.88,7.96,405900.0,7.96,12100,7.98,5700,1.02,7.96,7.96,405900,3230000.0,0.09,0.0,36.0,36.05,8.67,7.09,0.0
金运激光,sz300220,10.99,10.99,10.99,13200.0,10.99,1000,11.03,1600,0.0,10.99,10.99,13200,150000.0,0.01,0.0,16.6,16.62,13.19,8.79,0.0
源飞宠物,sz001222,14.95,14.93,14.95,34500.0,14.95,1000,14.99,3000,0.13,14.95,14.95,34500,520000.0,0.03,0.0,16.89,28.54,16.42,13.44,0.0
华之杰,sh603400,44.0,43.76,44.0,11600.0,43.96,300,44.0,10100,0.55,44.0,44.0,11600,510000.0,0.03,0.0,15.94,57.13,48.14,39.38,0.0
乔治白,sz002687,6.43,6.49,6.43,407500.0,6.43,6500,6.44,300,-0.92,6.43,6.43,407500,2620000.0,0.1,0.0,26.58,32.46,7.14,5.84,0.0
水羊股份,sz300740,22.1,22.1,22.1,439300.0,22.06,48100,22.1,15900,0.0,22.1,22.1,439300,9710000.0,0.11,0.0,90.38,97.22,26.52,17.68,0.0
永泰能源,sh600157,1.57,1.57,1.57,1554700.0,1.57,29490000,1.58,38703600,0.0,1.57,1.57,1554700,2440000.0,0.01,0.0,342.54,342.54,1.73,1.41,0.0
爱尔眼科,sz300015,8.67,8.68,8.67,213100.0,8.66,18000,8.67,26600,-0.12,8.67,8.67,213100,1850000.0,0.0,0.0,689.89,806.27,10.42,6.94,0.0
秉扬科技,bj920675,7.43,7.42,7.43,2400.0,7.41,5000,7.43,9800,0.13,7.43,7.43,2400,17800.0,0.0,0.0,5.87,12.79,9.64,5.2,0.0
挖金客,sz301380,32.9,32.76,32.9,21700.0,32.9,3200,32.91,600,0.43,32.9,32.9,21700,710000.0,0.03,0.0,26.56,33.36,39.31,26.21,0.0
诺斯贝尔,sz300132,6.45,6.46,6.45,42100.0,6.45,42000,6.47,12800,-0.15,6.45,6.45,42100,270000.0,0.01,0.0,32.77,33.32,7.75,5.17,0.0
海泰科,sz301022,23.34,23.38,23.34,3000.0,23.31,1300,23.34,1400,-0.17,23.34,23.34,3000,70000.0,0.0,0.0,15.63,23.22,28.06,18.7,0.0
本川智能,sz300964,61.0,61.65,61.0,16700.0,61.0,3400,61.3,200,-1.05,61.0,61.0,16700,1020000.0,0.02,0.0,47.83,65.18,73.98,49.32,0.0
圣龙股份,sh603178,17.2,17.31,17.2,14200.0,17.17,5100,17.2,1900,-0.64,17.2,17.2,14200,240000.0,0.01,0.0,40.66,40.66,19.04,15.58,0.0
华岭股份,bj920139,15.25,15.3,15.25,33400.0,15.24,5900,15.25,4400,-0.33,15.25,15.25,33400,508900.0,0.01,0.0,39.7,41.1,19.89,10.71,0.0
国子软件,bj920953,23.38,23.4,0.0,0.0,23.38,1300,23.38,1300,-0.09,0.0,0.0,0,0.0,0.0,0.0,14.0,29.95,30.42,16.38,0.0
峆一药业,bj920478,12.09,12.18,12.09,6600.0,12.09,100,12.18,18600,-0.74,12.09,12.09,6600,80300.0,0.01,0.0,8.1,13.32,15.83,8.53,0.0
光韵达,sz300227,12.02,12.03,12.02,35700.0,12.0,2700,12.02,19000,-0.08,12.02,12.02,35700,430000.0,0.01,0.0,54.85,71.61,14.44,9.62,0.0
长安汽车,sz000625,7.18,7.17,7.18,154700.0,7.17,84100,7.18,12700,0.14,7.18,7.18,154700,1110000.0,0.0,0.0,593.59,711.75,7.89,6.45,0.0
恒合股份,bj920145,9.9,9.98,0.0,0.0,9.9,11100,10.07,500,-0.8,0.0,0.0,0,0.0,0.0,0.0,4.83,6.98,12.97,6.99,0.0
电声股份,sz300805,8.42,8.42,8.42,33400.0,8.4,5100,8.42,10300,0.0,8.42,8.42,33400,280000.0,0.01,0.0,24.28,35.74,10.1,6.74,0.0
翰博高新,sz301321,38.97,38.96,38.97,7900.0,38.97,2500,39.16,1000,0.03,38.97,38.97,7900,310000.0,0.01,0.0,57.53,72.65,46.75,31.17,0.0
江淮汽车,sh600418,22.72,22.57,22.72,450200.0,22.7,600,22.72,2700,0.66,22.72,22.72,450200,10230000.0,0.02,0.0,512.15,512.15,24.83,20.31,0.0
*ST香雪,sz300147,7.2,7.24,7.2,83100.0,7.19,1800,7.2,12100,-0.55,7.2,7.2,83100,600000.0,0.01,0.0,47.33,47.61,8.69,5.79,0.0
凯腾精工,bj920553,7.26,7.33,7.26,33300.0,7.26,400,7.3,9000,-0.95,7.26,7.26,33300,241800.0,0.04,0.0,6.81,10.43,9.52,5.14,0.0
智明达,sh688636,21.1,21.24,21.1,3363500.0,21.1,1100,21.11,25000,-0.66,21.1,21.1,3363500,710000.0,0.02,0.0,36.69,36.69,25.49,16.99,0.0
通用股份,sh601500,4.04,4.04,4.04,26200.0,4.03,14000,4.04,48100,0.0,4.04,4.04,26200,110000.0,0.0,0.0,63.95,63.95,4.44,3.64,0.0
博晖创新,sz300318,5.12,5.11,5.12,18200.0,5.12,10100,5.13,300,0.2,5.12,5.12,18200,90000.0,0.0,0.0,40.57,41.83,6.13,4.09,0.0
东方海洋,sz002086,2.13,2.17,2.13,1159900.0,2.12,30200,2.13,30800,-1.84,2.13,2.13,1159900,2470000.0,0.07,0.0,33.68,41.73,2.39,1.95,0.0
锦好医疗,bj920925,12.31,12.29,0.0,0.0,12.31,100,12.35,900,0.16,0.0,0.0,0,0.0,0.0,0.0,6.81,12.14,15.97,8.61,0.0
创新医疗,sz002173,20.7,20.94,20.7,186900.0,20.7,600,20.73,3000,-1.15,20.7,20.7,186900,3870000.0,0.04,0.0,87.12,91.35,23.03,18.85,0.0
延华智能,sz002178,4.62,4.65,4.62,85400.0,4.61,13400,4.62,19100,-0.65,4.62,4.62,85400,390000.0,0.01,0.0,32.88,32.9,5.12,4.19,0.0
百联股份,sh600827,7.59,7.61,7.59,53400.0,7.59,2200,7.6,22900,-0.26,7.59,7.59,53400,410000.0,0.0,0.0,121.78,135.42,8.37,6.85,0.0
石头科技,sh688169,112.9,113.24,112.9,2375700.0,112.8,200,112.9,2000,-0.3,112.9,112.9,2375700,2680000.0,0.01,0.0,293.03,293.03,135.89,90.59,0.0
艾艾精工,sh603580,59.95,58.2,59.95,249800.0,59.9,1200,59.95,500,3.01,59.95,59.95,249800,14980000.0,0.19,0.0,78.34,78.34,64.02,52.38,0.0
奥雅股份,sz300949,22.51,22.5,22.51,4100.0,22.5,500,22.59,800,0.04,22.51,22.51,4100,90000.0,0.01,0.0,11.2,19.58,27.0,18.0,0.0
贝仕达克,sz300822,11.85,11.85,11.85,3900.0,11.8,2000,11.85,9700,0.0,11.85,11.85,3900,50000.0,0.0,0.0,34.24,36.92,14.22,9.48,0.0
星帅尔,sz002860,16.8,16.81,16.8,16700.0,16.8,3500,16.81,4200,-0.06,16.8,16.8,16700,280000.0,0.0,0.0,57.79,59.16,18.49,15.13,0.0
金杯汽车,sh600609,3.24,3.25,3.24,22600.0,3.23,49000,3.24,9600,-0.31,3.24,3.24,22600,70000.0,0.0,0.0,42.27,42.27,3.58,2.93,0.0
花园生物,sz300401,15.77,15.92,15.77,278500.0,15.72,400,15.77,15500,-0.94,15.77,15.77,278500,4390000.0,0.05,0.0,84.53,85.92,19.1,12.74,0.0
宇瞳光学,sz300790,20.73,21.13,20.73,341700.0,20.73,3400,20.75,200,-1.89,20.73,20.73,341700,7080000.0,0.07,0.0,95.23,108.38,25.36,16.9,0.0
科锐国际,sz300662,20.39,20.63,20.39,16500.0,20.38,2800,20.39,500,-1.16,20.39,20.39,16500,340000.0,0.01,0.0,40.01,40.13,24.76,16.5,0.0
裕同科技,sz002831,28.17,28.18,28.17,36400.0,28.17,700,28.18,6500,-0.04,28.17,28.17,36400,1030000.0,0.01,0.0,201.2,362.92,31.0,25.36,0.0
蓝帆医疗,sz002382,5.94,5.93,5.94,31300.0,5.93,4800,5.94,11500,0.17,5.94,5.94,31300,190000.0,0.0,0.0,59.27,59.85,6.52,5.34,0.0
海鸥住工,sz002084,3.59,3.59,0.0,0.0,0.0,0,0.0,0,0.0,0.0,0.0,0,0.0,0.0,0.0,23.14,23.19,3.95,3.23,0.0
深粮控股,sz000019,6.34,6.33,6.34,645000.0,6.33,21000,6.34,19100,0.16,6.34,6.34,645000,4090000.0,0.15,0.0,26.39,73.07,6.96,5.7,0.0
恒华科技,sz300365,4.8,4.83,4.8,20700.0,4.8,11200,4.81,2400,-0.62,4.8,4.8,20700,100000.0,0.0,0.0,24.56,28.79,5.8,3.86,0.0
朗玛信息,sz300288,10.03,10.08,10.03,16000.0,10.03,3400,10.08,300,-0.5,10.03,10.03,16000,160000.0,0.01,0.0,25.73,33.9,12.1,8.06,0.0
永顺泰,sz001338,8.59,8.6,8.59,10400.0,8.59,2700,8.61,3900,-0.12,8.59,8.59,10400,90000.0,0.0,0.0,43.1,43.1,9.46,7.74,0.0
佩蒂股份,sz300673,13.25,13.34,13.25,3500.0,13.25,900,13.39,200,-0.67,13.25,13.25,3500,50000.0,0.0,0.0,21.26,32.77,16.01,10.67,0.0
银信科技,sz300231,8.75,8.8,8.75,160600.0,8.75,2900,8.78,4000,-0.57,8.75,8.75,160600,1410000.0,0.04,0.0,38.91,38.92,10.56,7.04,0.0
金智科技,sz002090,9.42,9.49,9.42,42800.0,9.42,2100,9.48,8200,-0.74,9.42,9.42,42800,400000.0,0.01,0.0,37.51,37.73,10.44,8.54,0.0
金地集团,sh600383,2.2,2.2,2.2,255100.0,2.19,428000,2.2,335200,0.0,2.2,2.2,255100,560000.0,0.01,0.0,99.32,99.32,2.42,1.98,0.0
光洋股份,sz002708,12.02,12.13,12.02,310400.0,12.02,39700,12.03,500,-0.91,12.02,12.02,310400,3730000.0,0.06,0.0,62.1,67.56,13.34,10.92,0.0
迪安诊断,sz300244,20.5,20.54,20.5,45600.0,20.48,2500,20.5,11700,-0.19,20.5,20.5,45600,930000.0,0.01,0.0,102.8,128.12,24.65,16.43,0.0
恒立钻具,bj920942,17.22,17.37,0.0,0.0,17.22,1300,17.49,500,-0.86,0.0,0.0,0,0.0,0.0,0.0,7.13,10.53,22.58,12.16,0.0
尤夫股份,sz002427,4.4,4.39,4.4,27300.0,4.4,8400,4.42,22300,0.23,4.4,4.4,27300,120000.0,0.0,0.0,43.32,43.36,4.83,3.95,0.0
杭州解百,sh600814,6.78,6.75,6.78,22100.0,6.76,800,6.78,20900,0.44,6.78,6.78,22100,150000.0,0.0,0.0,49.84,49.84,7.43,6.08,0.0
海新能科,sz300072,3.79,3.83,3.79,329300.0,3.79,60400,3.8,6000,-1.04,3.79,3.79,329300,1250000.0,0.01,0.0,88.36,89.05,4.6,3.06,0.0
福星股份,sz000926,2.19,2.19,2.19,285600.0,2.18,23300,2.19,24900,0.0,2.19,2.19,285600,630000.0,0.02,0.0,34.45,34.89,2.41,1.97,0.0
实益达,sz002137,8.09,8.08,8.09,150000.0,8.09,6100,8.1,22500,0.12,8.09,8.09,150000,1210000.0,0.04,0.0,32.07,46.72,8.89,7.27,0.0
艾布鲁,sz301259,24.83,24.9,24.83,9500.0,24.68,100,24.83,300,-0.28,24.83,24.83,9500,240000.0,0.01,0.0,36.02,56.17,29.88,19.92,0.0
荣盛发展,sz002146,1.17,1.17,1.17,1742700.0,1.17,309100,1.18,4962400,0.0,1.17,1.17,1742700,2040000.0,0.04,0.0,45.76,50.87,1.29,1.05,0.0
德生科技,sz002908,7.09,7.11,7.09,22100.0,7.09,3100,7.1,1000,-0.28,7.09,7.09,22100,160000.0,0.01,0.0,22.82,30.59,7.82,6.4,0.0
宝信软件,sh600845,17.98,18.09,17.98,74400.0,17.97,5100,17.98,15000,-0.61,17.98,17.98,74400,1340000.0,0.0,0.0,383.7,513.85,19.9,16.28,0.0
*ST联翔,sh603272,14.84,15.05,14.84,33000.0,14.82,1100,14.84,31300,-1.4,14.84,14.84,33000,490000.0,0.03,0.0,15.38,15.38,16.56,13.55,0.0
数字政通,sz300075,11.25,11.3,11.25,30200.0,11.25,700,11.26,2700,-0.44,11.25,11.25,30200,340000.0,0.01,0.0,57.99,69.88,13.56,9.04,0.0
威马农机,sz301533,27.5,27.56,27.5,5600.0,27.17,1000,27.5,3100,-0.22,27.5,27.5,5600,150000.0,0.02,0.0,7.82,27.03,33.07,22.05,0.0
凯文教育,sz002659,4.66,4.6,4.66,35900.0,4.61,7000,4.66,52200,1.3,4.66,4.66,35900,170000.0,0.01,0.0,27.88,27.88,5.06,4.14,0.0
拾比佰,bj920768,7.13,7.14,7.13,4100.0,7.09,1700,7.13,2000,-0.14,7.13,7.13,4100,29200.0,0.0,0.0,7.66,11.08,9.28,5.0,0.0
骑士乳业,bj920786,7.04,7.06,7.04,188800.0,7.02,4000,7.04,6400,-0.28,7.04,7.04,188800,1328899.9999999998,0.14,0.0,9.72,14.72,9.17,4.95,0.0
北方国际,sz000065,9.18,9.18,9.18,19200.0,9.15,100,9.18,76000,0.0,9.18,9.18,19200,180000.0,0.0,0.0,97.77,106.62,10.1,8.26,0.0
汇纳科技,sz300609,27.0,27.19,27.0,700.0,27.0,900,27.1,100,-0.7,27.0,27.0,700,20000.0,0.0,0.0,32.38,32.43,32.63,21.75,0.0
瑞泰科技,sz002066,22.2,22.22,22.2,54800.0,22.19,3100,22.2,300,-0.09,22.2,22.2,54800,1220000.0,0.02,0.0,51.28,52.15,24.44,20.0,0.0
星宸科技,sz301536,128.58,129.67,128.58,66900.0,128.58,3100,128.6,700,-0.84,128.58,128.58,66900,8600000.0,0.04,0.0,240.69,542.24,155.6,103.74,0.0
金能科技,sh603113,4.61,4.61,4.61,32300.0,4.61,176400,4.62,4900,0.0,4.61,4.61,32300,150000.0,0.0,0.0,39.12,39.12,5.07,4.15,0.0
德恩精工,sz300780,21.72,21.68,21.72,24100.0,21.72,5500,21.77,900,0.18,21.72,21.72,24100,520000.0,0.02,0.0,23.36,31.86,26.02,17.34,0.0
酷特智能,sz300840,20.0,20.08,20.0,6700.0,20.0,3100,20.16,400,-0.4,20.0,20.0,6700,130000.0,0.0,0.0,35.42,48.0,24.1,16.06,0.0
金现代,sz300830,8.42,8.43,8.42,5100.0,8.41,6000,8.42,2500,-0.12,8.42,8.42,5100,40000.0,0.0,0.0,28.38,38.03,10.12,6.74,0.0
北纬科技,sz002148,6.65,6.64,6.65,88300.0,6.64,13500,6.65,5700,0.15,6.65,6.65,88300,590000.0,0.02,0.0,29.99,37.16,7.3,5.98,0.0
硅烷科技,bj920402,9.0,9.1,9.0,81600.0,8.99,3000,9.0,22300,-1.1,9.0,9.0,81600,734700.0,0.03,0.0,24.56,37.99,11.83,6.37,0.0
居然智家,sz000785,2.25,2.26,2.25,144300.0,2.25,6600,2.26,154700,-0.44,2.25,2.25,144300,320000.0,0.0,0.0,130.6,140.11,2.49,2.03,0.0
津滨发展,sz000897,1.78,1.79,1.78,115000.0,1.78,355900,1.79,92500,-0.56,1.78,1.78,115000,200000.0,0.01,0.0,28.79,28.79,1.97,1.61,0.0
绿岛风,sz301043,45.03,44.78,0.0,0.0,45.03,100,45.38,500,0.56,0.0,0.0,0,0.0,0.0,0.0,25.55,30.62,53.74,35.82,0.0
獐子岛,sz002069,3.42,3.4,3.42,47000.0,3.42,41700,3.44,8000,0.59,3.42,3.42,47000,160000.0,0.01,0.0,24.29,24.32,3.74,3.06,0.0
新锦动力,sz300157,4.04,4.0,4.04,278200.0,4.04,38300,4.05,35300,1.0,4.04,4.04,278200,1120000.0,0.04,0.0,29.63,30.92,4.8,3.2,0.0
五芳斋,sh603237,14.19,14.32,14.19,900.0,14.1,3100,14.19,1200,-0.91,14.19,14.19,900,10000.0,0.0,0.0,26.93,27.81,15.75,12.89,0.0
绿的谐波,sh688017,362.0,362.17,362.0,5373700.0,361.93,1000,362.0,600,-0.05,362.0,362.0,5373700,19450000.0,0.03,0.0,663.66,663.66,434.6,289.74,0.0
哈三联,sz002900,14.71,14.92,14.71,334300.0,14.71,9700,14.75,1400,-1.41,14.71,14.71,334300,4920000.0,0.21,0.0,23.7,46.54,16.41,13.43,0.0
合肥高科,bj920718,9.99,10.01,9.99,1000.0,9.99,600,10.07,1900,-0.2,9.99,9.99,1000,10000.0,0.0,0.0,4.65,9.06,13.01,7.01,0.0
鼎智科技,bj920593,25.78,25.8,25.78,2600.0,25.66,6500,25.78,400,-0.08,25.78,25.78,2600,67200.0,0.0,0.0,41.8,49.05,33.54,18.06,0.0
璞源材料,sh603196,21.02,21.1,21.02,15100.0,21.02,2000,21.1,1000,-0.38,21.02,21.02,15100,320000.0,0.01,0.0,49.81,88.01,23.21,18.99,0.0
光峰科技,sh688007,11.24,11.15,11.24,1788800.0,11.18,5500,11.24,800,0.81,11.24,11.24,1788800,200000.0,0.0,0.0,51.66,51.66,13.38,8.92,0.0
沙河股份,sz000014,10.17,10.17,10.17,8900.0,10.08,2800,10.17,11800,0.0,10.17,10.17,8900,90000.0,0.0,0.0,24.62,24.62,11.19,9.15,0.0
宣亚国际,sz300612,12.23,12.2,12.23,28200.0,12.21,200,12.23,2000,0.25,12.23,12.23,28200,340000.0,0.02,0.0,22.26,22.38,14.64,9.76,0.0
兆讯传媒,sz301102,9.75,9.8,9.75,47400.0,9.75,14900,9.84,1000,-0.51,9.75,9.75,47400,460000.0,0.01,0.0,39.59,39.59,11.76,7.84,0.0
金盾股份,sz300411,8.07,8.11,8.07,796400.0,8.07,17100,8.09,10100,-0.49,8.07,8.07,796400,6430000.0,0.26,0.0,24.95,32.81,9.73,6.49,0.0
智度股份,sz000676,7.07,7.0,7.07,1298900.0,7.07,53200,7.08,89600,1.0,7.07,7.07,1298900,9180000.0,0.1,0.0,89.01,89.07,7.7,6.3,0.0
上海家化,sh600315,17.52,17.6,17.52,14800.0,17.5,1500,17.52,800,-0.45,17.52,17.52,14800,260000.0,0.0,0.0,117.77,117.77,19.36,15.84,0.0
文投控股,sh600715,1.66,1.64,1.66,916400.0,1.65,65500,1.66,684900,1.22,1.66,1.66,916400,1520000.0,0.03,0.0,47.52,67.39,1.8,1.48,0.0
国芳集团,sh601086,7.88,7.87,7.88,66200.0,7.88,15700,7.89,100,0.13,7.88,7.88,66200,520000.0,0.01,0.0,52.48,52.48,8.66,7.08,0.0
新叶股份,sz002476,5.16,5.02,5.16,748800.0,5.15,200,5.16,142400,2.79,5.16,5.16,748800,3860000.0,0.12,0.0,31.58,31.58,5.52,4.52,0.0
新兴装备,sz002933,26.99,27.05,26.99,13900.0,26.9,12200,26.99,100,-0.22,26.99,26.99,13900,380000.0,0.01,0.0,31.55,31.67,29.76,24.35,0.0
中汽股份,sz301215,5.22,5.23,5.22,17400.0,5.21,4900,5.22,3800,-0.19,5.22,5.22,17400,90000.0,0.0,0.0,69.03,69.11,6.28,4.18,0.0
*ST广糖,sz000911,4.7,4.76,4.7,212400.0,4.7,5300,4.73,29400,-1.26,4.7,4.7,212400,1000000.0,0.05,0.0,18.82,18.82,5.24,4.28,0.0
华阳国际,sz002949,10.73,10.73,10.73,9200.0,10.73,2800,10.75,5600,0.0,10.73,10.73,9200,100000.0,0.01,0.0,16.3,21.04,11.8,9.66,0.0
武进不锈,sh603878,5.13,5.09,5.13,98100.0,5.09,800,5.13,13900,0.79,5.13,5.13,98100,500000.0,0.02,0.0,28.79,28.79,5.6,4.58,0.0
煌上煌,sz002695,11.5,11.42,11.5,29700.0,11.5,5000,11.55,17000,0.7,11.5,11.5,29700,340000.0,0.01,0.0,58.82,64.35,12.56,10.28,0.0
思美传媒,sz002712,4.84,4.8,4.84,51100.0,4.82,5400,4.84,6700,0.83,4.84,4.84,51100,250000.0,0.01,0.0,26.18,26.34,5.28,4.32,0.0
欧菲光,sz002456,7.18,7.2,7.18,182100.0,7.17,1500,7.18,29500,-0.28,7.18,7.18,182100,1310000.0,0.01,0.0,238.2,251.01,7.92,6.48,0.0
鼎汉技术,sz300011,6.06,6.04,6.06,14900.0,6.05,5000,6.06,1300,0.33,6.06,6.06,14900,90000.0,0.0,0.0,30.74,36.7,7.25,4.83,0.0
火星人,sz300894,11.67,11.68,11.67,7900.0,11.64,800,11.67,1900,-0.09,11.67,11.67,7900,90000.0,0.0,0.0,34.32,47.26,14.02,9.34,0.0
申联生物,sh688098,8.46,8.45,8.46,1988200.0,8.46,3600,8.48,1600,0.12,8.46,8.46,1988200,170000.0,0.0,0.0,34.74,34.74,10.14,6.76,0.0
东方材料,sh603110,28.22,27.74,28.22,198900.0,28.22,3700,28.25,200,1.73,28.22,28.22,198900,5610000.0,0.1,0.0,56.79,56.79,30.51,24.97,0.0
竞业达,sz003005,13.77,13.83,13.77,4200.0,13.77,400,13.82,200,-0.43,13.77,13.77,4200,60000.0,0.0,0.0,17.48,31.86,15.21,12.45,0.0
正虹科技,sz000702,5.54,5.52,5.54,35800.0,5.53,1200,5.54,4000,0.36,5.54,5.54,35800,200000.0,0.01,0.0,19.2,19.2,6.07,4.97,0.0
广汽集团,sh601238,5.11,5.14,5.11,84200.0,5.11,27700,5.12,5100,-0.58,5.11,5.11,84200,430000.0,0.0,0.0,377.31,521.07,5.65,4.63,0.0
飞沃科技,sz301232,116.01,116.07,116.01,12600.0,116.01,500,116.07,100,-0.05,116.01,116.01,12600,1460000.0,0.02,0.0,72.61,122.14,139.28,92.86,0.0
锦江酒店,sh600754,19.03,18.95,19.03,73500.0,19.01,2100,19.03,47100,0.42,19.03,19.03,73500,1400000.0,0.01,0.0,172.42,202.49,20.85,17.06,0.0
威士顿,sz301315,42.62,42.7,42.62,29100.0,42.4,100,42.62,8600,-0.19,42.62,42.62,29100,1240000.0,0.03,0.0,37.51,37.51,51.24,34.16,0.0
永顺生物,bj920729,6.8,6.79,6.8,500.0,6.73,3400,6.8,9700,0.15,6.8,6.8,500,3400.0000000000005,0.0,0.0,5.27,18.58,8.82,4.76,0.0
国际医学,sz000516,4.26,4.27,4.26,29500.0,4.26,9200,4.27,2500,-0.23,4.26,4.26,29500,130000.0,0.0,0.0,93.93,95.38,4.7,3.84,0.0
正元智慧,sz300645,13.18,13.15,13.18,13200.0,13.17,200,13.18,2000,0.23,13.18,13.18,13200,170000.0,0.01,0.0,18.36,18.73,15.78,10.52,0.0
名雕股份,sz002830,13.95,13.94,13.95,9900.0,13.85,2300,13.96,100,0.07,13.95,13.95,9900,140000.0,0.01,0.0,12.95,25.93,15.33,12.55,0.0
科净源,sz301372,29.4,29.44,29.4,3000.0,29.3,100,29.4,300,-0.14,29.4,29.4,3000,90000.0,0.01,0.0,12.1,20.16,35.33,23.55,0.0
奥特佳,sz002239,2.52,2.52,2.52,148500.0,2.51,121500,2.52,188300,0.0,2.52,2.52,148500,370000.0,0.0,0.0,82.31,88.54,2.77,2.27,0.0
交投生态,sz002200,6.99,6.98,6.99,33000.0,6.99,400,7.0,2500,0.14,6.99,6.99,33000,230000.0,0.02,0.0,13.68,31.53,7.68,6.28,0.0
贤丰控股,sz002141,6.86,6.81,6.86,3199400.0,6.86,11200,6.87,30400,0.73,6.86,6.86,3199400,21950000.0,0.31,0.0,70.86,70.86,7.49,6.13,0.0
*ST美芝,sz002856,14.48,14.62,14.48,14900.0,14.47,500,14.48,900,-0.96,14.48,14.48,14900,220000.0,0.01,0.0,17.94,19.59,16.08,13.16,0.0
三江购物,sh601116,10.78,10.7,10.78,48700.0,10.75,10000,10.78,16100,0.75,10.78,10.78,48700,520000.0,0.01,0.0,59.04,59.04,11.77,9.63,0.0
中远通,sz301516,20.02,19.32,20.02,531300.0,20.02,300,20.03,200,3.62,20.02,20.02,531300,10640000.0,0.76,0.0,14.05,56.2,23.18,15.46,0.0
天坛生物,sh600161,12.45,12.44,12.45,37300.0,12.44,3000,12.45,7900,0.08,12.45,12.45,37300,460000.0,0.0,0.0,246.18,246.18,13.68,11.2,0.0
长城军工,sh601606,34.09,34.29,34.09,210300.0,34.09,10000,34.18,7900,-0.58,34.09,34.09,210300,7170000.0,0.03,0.0,246.89,246.89,37.72,30.86,0.0
中信海直,sz000099,14.23,14.29,14.23,11300.0,14.23,2900,14.24,700,-0.42,14.23,14.23,11300,160000.0,0.0,0.0,110.39,110.39,15.72,12.86,0.0
ST创意,sz300366,5.21,5.24,5.21,35500.0,5.21,1200,5.24,5000,-0.57,5.21,5.21,35500,180000.0,0.01,0.0,27.64,31.65,6.29,4.19,0.0
博通股份,sh600455,24.42,24.54,24.42,11900.0,24.39,1800,24.42,800,-0.49,24.42,24.42,11900,290000.0,0.02,0.0,15.25,15.25,26.99,22.09,0.0
普联软件,sz300996,17.01,17.14,17.01,465700.0,17.01,9700,17.02,400,-0.76,17.01,17.01,465700,7920000.0,0.14,0.0,56.67,67.32,20.57,13.71,0.0
华统股份,sz002840,8.53,8.56,8.53,580500.0,8.53,20700,8.54,1100,-0.35,8.53,8.53,580500,4950000.0,0.07,0.0,67.95,68.42,9.42,7.7,0.0
浙江黎明,sh603048,22.25,22.28,22.25,3800.0,22.25,10400,22.3,5000,-0.13,22.25,22.25,3800,80000.0,0.0,0.0,32.68,32.68,24.51,20.05,0.0
国缆检测,sz301289,44.39,44.4,44.39,7900.0,44.32,2900,44.39,600,-0.02,44.39,44.39,7900,350000.0,0.01,0.0,34.4,34.62,53.28,35.52,0.0
久远银海,sz002777,12.9,12.92,12.9,21800.0,12.9,4500,12.92,3900,-0.15,12.9,12.9,21800,280000.0,0.01,0.0,52.18,52.66,14.21,11.63,0.0
陕西黑猫,sh601015,3.37,3.36,3.37,121500.0,3.37,69000,3.38,94800,0.3,3.37,3.37,121500,410000.0,0.01,0.0,68.83,68.83,3.7,3.02,0.0
捷安高科,sz300845,12.43,12.45,12.43,36700.0,12.43,600,12.59,200,-0.16,12.43,12.43,36700,460000.0,0.03,0.0,17.87,25.56,14.94,9.96,0.0
瑞玛精密,sz002976,24.0,23.95,24.0,15200.0,23.99,500,24.0,3800,0.21,24.0,24.0,15200,360000.0,0.01,0.0,29.22,46.71,26.35,21.56,0.0
华兰疫苗,sz301207,17.98,18.06,17.98,2500.0,17.91,200,17.99,500,-0.44,17.98,17.98,2500,40000.0,0.0,0.0,108.0,108.06,21.67,14.45,0.0
欧林生物,sh688319,29.01,28.38,29.01,17546600.0,29.01,15700,29.11,1000,2.22,29.01,29.01,17546600,5090000.0,0.04,0.0,117.61,117.61,34.06,22.7,0.0
南京熊猫,sh600775,9.97,10.0,9.97,34400.0,9.97,1200,9.98,2900,-0.3,9.97,9.97,34400,340000.0,0.01,0.0,66.98,91.11,11.0,9.0,0.0
鱼跃医疗,sz002223,26.26,26.26,26.26,17100.0,26.25,400,26.26,9500,0.0,26.26,26.26,17100,450000.0,0.0,0.0,247.45,263.25,28.89,23.63,0.0
动力源,sh600405,4.56,4.55,4.56,41400.0,4.56,1500,4.57,200,0.22,4.56,4.56,41400,190000.0,0.01,0.0,27.95,27.95,5.01,4.1,0.0
玉禾田,sz300815,16.33,16.38,16.33,16800.0,16.31,8900,16.33,1600,-0.31,16.33,16.33,16800,270000.0,0.0,0.0,63.75,65.09,19.66,13.1,0.0
中寰股份,bj920260,8.07,8.09,8.07,1500.0,8.02,2400,8.08,1400,-0.25,8.07,8.07,1500,12100.0,0.0,0.0,7.98,8.36,10.51,5.67,0.0
大悦城,sz000031,2.17,2.17,2.17,107800.0,2.16,86400,2.17,24500,0.0,2.17,2.17,107800,230000.0,0.0,0.0,93.01,93.01,2.39,1.95,0.0
上纬新材,sh688585,169.99,171.38,169.99,3723300.0,169.99,16300,170.0,2000,-0.81,169.99,169.99,3723300,6330000.0,0.01,0.0,685.67,685.67,205.66,137.1,0.0
琏升科技,sz300051,8.83,8.93,8.83,81000.0,8.82,12900,8.83,1200,-1.12,8.83,8.83,81000,720000.0,0.02,0.0,32.44,32.85,10.72,7.14,0.0
农尚环境,sz300536,9.0,8.99,9.0,41400.0,9.0,4700,9.03,8400,0.11,9.0,9.0,41400,370000.0,0.01,0.0,26.39,26.4,10.79,7.19,0.0
严牌股份,sz301081,12.8,12.85,12.8,17000.0,12.77,1400,12.8,1500,-0.39,12.8,12.8,17000,220000.0,0.01,0.0,28.73,29.92,15.42,10.28,0.0
思特奇,sz300608,10.63,10.63,10.63,20900.0,10.62,700,10.63,4200,0.0,10.63,10.63,20900,220000.0,0.01,0.0,32.35,37.0,12.76,8.5,0.0
中亦科技,sz301208,30.9,30.5,30.9,39600.0,30.81,100,30.9,3200,1.31,30.9,30.9,39600,1220000.0,0.06,0.0,20.83,37.08,36.6,24.4,0.0
泰鹏智能,bj920132,8.66,8.69,8.66,100.0,8.66,1600,8.76,700,-0.35,8.66,8.66,100,900.0,0.0,0.0,3.17,9.32,11.29,6.09,0.0
星华新材,sz301077,22.85,23.04,22.85,121900.0,22.83,400,22.85,3200,-0.82,22.85,22.85,121900,2790000.0,0.13,0.0,21.84,38.9,27.65,18.43,0.0
元琛科技,sh688659,10.65,10.63,10.65,1637300.0,10.65,1500,10.67,1000,0.19,10.65,10.65,1637300,170000.0,0.01,0.0,17.04,17.04,12.76,8.5,0.0
学大教育,sz000526,35.54,32.31,35.54,459100.0,35.54,9700500,0.0,0,10.0,35.54,35.54,459100,16320000.0,0.38,0.0,43.17,43.31,35.54,29.08,0.0
众智科技,sz301361,28.4,28.28,28.4,5900.0,28.31,600,28.4,1400,0.42,28.4,28.4,5900,170000.0,0.01,0.0,16.0,33.04,33.94,22.62,0.0
鸿智科技,bj920926,10.36,10.37,10.36,400.0,10.28,2100,10.36,100,-0.1,10.36,10.36,400,3600.0,0.0,0.0,8.31,9.15,13.48,7.26,0.0
正泰电器,sh601877,24.75,24.9,24.75,51300.0,24.75,1600,24.76,600,-0.6,24.75,24.75,51300,1270000.0,0.0,0.0,531.87,531.87,27.39,22.41,0.0
阳光乳业,sz001318,12.48,12.35,12.48,613600.0,12.45,300,12.48,69800,1.05,12.48,12.48,613600,7660000.0,0.22,0.0,35.28,35.28,13.59,11.12,0.0
榕基软件,sz002474,6.53,6.52,6.53,268600.0,6.52,1200,6.53,2600,0.15,6.53,6.53,268600,1750000.0,0.05,0.0,34.53,40.63,7.17,5.87,0.0
超越科技,sz301049,20.38,20.38,20.38,5400.0,20.35,1000,20.38,4900,0.0,20.38,20.38,5400,110000.0,0.01,0.0,8.73,19.21,24.46,16.3,0.0
信濠光电,sz301051,22.24,22.23,22.24,107200.0,22.24,200,22.28,400,0.04,22.24,22.24,107200,2380000.0,0.05,0.0,50.23,63.22,26.68,17.78,0.0
明阳电路,sz300739,24.2,24.16,24.2,53000.0,24.17,800,24.2,700,0.17,24.2,24.2,53000,1280000.0,0.02,0.0,73.32,90.38,28.99,19.33,0.0
大位科技,sh600589,8.5,8.58,8.5,464900.0,8.5,21600,8.51,9400,-0.93,8.5,8.5,464900,3950000.0,0.03,0.0,125.67,125.93,9.44,7.72,0.0
浩物股份,sz000757,4.32,4.31,4.32,47000.0,4.32,3200,4.33,40000,0.23,4.32,4.32,47000,200000.0,0.01,0.0,23.01,23.01,4.74,3.88,0.0
华锋股份,sz002806,14.45,14.42,14.45,22100.0,14.43,6400,14.45,4700,0.21,14.45,14.45,22100,320000.0,0.01,0.0,25.16,30.7,15.86,12.98,0.0
捷荣技术,sz002855,10.14,10.14,10.14,3800.0,10.14,3400,10.18,700,0.0,10.14,10.14,3800,40000.0,0.0,0.0,24.97,24.99,11.15,9.13,0.0
慧辰股份,sh688500,38.56,38.4,38.56,611400.0,38.56,700,38.57,200,0.42,38.56,38.56,611400,240000.0,0.01,0.0,28.89,29.3,46.08,30.72,0.0
泰达股份,sz000652,3.49,3.51,3.49,17300.0,3.49,22400,3.51,88700,-0.57,3.49,3.49,17300,60000.0,0.0,0.0,50.89,50.93,3.86,3.16,0.0
天源迪科,sz300047,9.63,9.69,9.63,8900.0,9.63,10600,9.64,1200,-0.62,9.63,9.63,8900,90000.0,0.0,0.0,55.91,61.41,11.63,7.75,0.0
众信旅游,sz002707,5.17,5.17,5.17,46300.0,5.16,5000,5.17,49100,0.0,5.17,5.17,46300,240000.0,0.01,0.0,44.72,50.81,5.69,4.65,0.0
众合科技,sz000925,7.91,7.89,7.91,23100.0,7.9,1500,7.91,4500,0.25,7.91,7.91,23100,180000.0,0.0,0.0,53.09,53.5,8.68,7.1,0.0
天永智能,sh603895,25.24,25.37,25.24,200.0,25.02,600,25.24,100,-0.51,25.24,25.24,200,10000.0,0.0,0.0,27.28,27.28,27.91,22.83,0.0
退市太和,sh605081,0.4,0.4,0.0,0.0,0.0,0,0.0,0,0.0,0.0,0.0,0,0.0,0.0,0.0,0.45,0.45,-1.0,-1.0,0.0
中恒集团,sh600252,2.32,2.33,2.32,103700.0,2.32,9200,2.33,293500,-0.43,2.32,2.32,103700,240000.0,0.0,0.0,73.87,73.87,2.56,2.1,0.0
神思电子,sz300479,14.75,14.27,14.75,79600.0,14.75,5900,14.76,1000,3.36,14.75,14.75,79600,1170000.0,0.04,0.0,29.05,29.06,17.12,11.42,0.0
电魂网络,sh603258,13.06,12.98,13.06,7800.0,12.98,200,13.06,1000,0.62,13.06,13.06,7800,100000.0,0.0,0.0,31.52,31.71,14.28,11.68,0.0
航新科技,sz300424,15.28,15.22,15.28,48200.0,15.23,1100,15.28,2200,0.39,15.28,15.28,48200,740000.0,0.02,0.0,39.19,39.21,18.26,12.18,0.0
正强股份,sz301119,22.17,22.17,22.17,4000.0,22.17,90000,22.35,500,0.0,22.17,22.17,4000,90000.0,0.0,0.0,26.11,32.28,26.6,17.74,0.0
龙星科技,sz002442,5.05,5.05,5.05,38400.0,5.05,5700,5.06,48200,0.0,5.05,5.05,38400,190000.0,0.01,0.0,24.82,25.42,5.56,4.55,0.0
大龙地产,sh600159,2.55,2.55,2.55,70600.0,2.54,100,2.55,9300,0.0,2.55,2.55,70600,180000.0,0.01,0.0,21.17,21.17,2.81,2.3,0.0
易实精密,bj920221,13.03,13.03,13.03,1600.0,13.01,5000,13.03,2200,0.0,13.03,13.03,1600,20700.0,0.0,0.0,8.05,15.46,16.93,9.13,0.0
安硕信息,sz300380,29.25,29.36,29.25,2700.0,29.21,300,29.25,800,-0.37,29.25,29.25,2700,80000.0,0.0,0.0,37.25,40.49,35.23,23.49,0.0
中重科技,sh603135,9.54,9.51,9.54,14300.0,9.52,400,9.54,2200,0.32,9.54,9.54,14300,140000.0,0.0,0.0,60.06,60.51,10.46,8.56,0.0
天邦食品,sz002124,2.28,2.27,2.28,187900.0,2.27,158200,2.28,228200,0.44,2.28,2.28,187900,430000.0,0.01,0.0,44.97,50.66,2.5,2.04,0.0
成电光信,bj920008,19.57,19.75,19.57,100.0,19.57,1100,19.75,11900,-0.91,19.57,19.57,100,2000.0,0.0,0.0,6.67,12.48,25.67,13.83,0.0
华业香料,sz300886,25.86,26.0,25.86,23700.0,25.86,1700,25.87,100,-0.54,25.86,25.86,23700,610000.0,0.05,0.0,12.22,19.43,31.2,20.8,0.0
远 望 谷,sz002161,6.06,6.06,6.06,34300.0,6.06,3600,6.07,1100,0.0,6.06,6.06,34300,210000.0,0.0,0.0,44.82,44.83,6.67,5.45,0.0
广电计量,sz002967,18.0,18.01,18.0,15400.0,17.96,100,18.0,2300,-0.06,18.0,18.0,15400,280000.0,0.0,0.0,108.7,115.13,19.81,16.21,0.0
福莱新材,sh605488,30.78,30.9,30.78,18800.0,30.78,500,30.8,200,-0.39,30.78,30.78,18800,580000.0,0.01,0.0,84.95,92.34,33.99,27.81,0.0
和达科技,sh688296,25.33,25.32,25.33,5378200.0,25.33,2900,25.35,1400,0.04,25.33,25.33,5378200,1360000.0,0.05,0.0,27.2,27.2,30.38,20.26,0.0
贝因美,sz002570,4.64,4.65,4.64,44500.0,4.64,44600,4.65,12200,-0.22,4.64,4.64,44500,210000.0,0.0,0.0,50.11,50.11,5.12,4.19,0.0
东方碳素,bj920175,8.03,8.03,0.0,0.0,8.03,700,8.09,2200,0.0,0.0,0.0,0,0.0,0.0,0.0,6.37,9.56,10.43,5.63,0.0
西宁特钢,sh600117,2.27,2.27,2.27,49700.0,2.26,51200,2.27,15100,0.0,2.27,2.27,49700,110000.0,0.0,0.0,73.89,73.89,2.5,2.04,0.0
裕太微-U,sh688515,161.99,163.33,161.99,1601100.0,161.7,300,161.99,300,-0.82,161.99,161.99,1601100,2590000.0,0.03,0.0,80.7,129.59,196.0,130.66,0.0
*ST海华,sh600243,3.88,3.88,3.88,82500.0,3.88,46200,3.92,1300,0.0,3.88,3.88,82500,320000.0,0.02,0.0,17.03,17.03,4.27,3.49,0.0
贝隆精密,sz301567,36.58,36.65,36.58,3400.0,36.58,200,36.76,100,-0.19,36.58,36.58,3400,120000.0,0.02,0.0,7.77,26.34,43.98,29.32,0.0
晶品特装,sh688084,46.9,46.83,46.9,280000.0,46.23,900,46.9,1000,0.15,46.9,46.9,280000,130000.0,0.0,0.0,35.48,35.48,56.2,37.46,0.0
亚联机械,sz001395,29.87,29.91,29.87,2400.0,29.87,900,29.89,600,-0.13,29.87,29.87,2400,70000.0,0.0,0.0,15.53,33.88,32.9,26.92,0.0
欧普泰,bj920414,8.09,8.08,8.09,11900.0,8.06,7400,8.09,3400,0.12,8.09,8.09,11900,96400.0,0.02,0.0,4.54,6.45,10.5,5.66,0.0
大业股份,sh603278,9.69,9.71,9.69,15600.0,9.68,1000,9.69,2900,-0.21,9.69,9.69,15600,150000.0,0.0,0.0,33.12,33.12,10.68,8.74,0.0
澳弘电子,sh605058,28.09,28.03,28.09,8100.0,28.06,300,28.12,200,0.21,28.09,28.09,8100,230000.0,0.01,0.0,40.15,40.15,30.83,25.23,0.0
歌力思,sh603808,8.41,8.48,8.41,19500.0,8.41,3400,8.48,4900,-0.83,8.41,8.41,19500,160000.0,0.01,0.0,30.59,30.59,9.33,7.63,0.0
五洲新春,sh603667,56.12,56.34,56.12,42500.0,56.1,6100,56.12,600,-0.39,56.12,56.12,42500,2390000.0,0.01,0.0,205.51,215.02,61.97,50.71,0.0
太龙药业,sh600222,8.8,8.95,8.8,1238800.0,8.8,106200,8.81,300,-1.68,8.8,8.8,1238800,10900000.0,0.22,0.0,49.22,49.22,9.85,8.06,0.0
数字认证,sz300579,21.7,21.81,21.7,11400.0,21.7,800,21.86,200,-0.5,21.7,21.7,11400,250000.0,0.0,0.0,56.52,58.59,26.17,17.45,0.0
经纬恒润-W,sh688326,66.52,67.39,0.0,0.0,66.52,400,67.15,500,-1.29,0.0,0.0,0,0.0,0.0,0.0,74.25,79.78,80.87,53.91,0.0
三角防务,sz300775,22.02,22.02,22.02,19600.0,21.97,200,22.02,18900,0.0,22.02,22.02,19600,430000.0,0.0,0.0,117.07,120.57,26.42,17.62,0.0
宏川智慧,sz002930,9.1,9.05,9.1,32400.0,9.09,100,9.1,200,0.55,9.1,9.1,32400,290000.0,0.01,0.0,39.44,41.68,9.96,8.15,0.0
会稽山,sh601579,18.69,18.56,18.69,428000.0,18.68,600,18.69,800,0.7,18.69,18.69,428000,8000000.0,0.09,0.0,89.61,89.61,20.42,16.7,0.0
广宇集团,sz002133,2.7,2.71,2.7,132600.0,2.7,42800,2.71,24300,-0.37,2.7,2.7,132600,360000.0,0.02,0.0,20.79,20.9,2.98,2.44,0.0
中航成飞,sz302132,59.4,59.4,59.4,39600.0,59.4,600,59.42,100,0.0,59.4,59.4,39600,2350000.0,0.01,0.0,348.13,1587.22,71.28,47.52,0.0
大商股份,sh600694,14.39,14.4,14.39,8900.0,14.38,200,14.39,800,-0.07,14.39,14.39,8900,130000.0,0.0,0.0,54.51,54.51,15.84,12.96,0.0
广哈通信,sz300711,17.8,18.03,17.8,48300.0,17.8,8800,17.9,900,-1.28,17.8,17.8,48300,860000.0,0.02,0.0,44.22,49.92,21.64,14.42,0.0
光环新网,sz300383,13.08,13.25,13.08,239900.0,13.07,12200,13.08,3900,-1.28,13.08,13.08,239900,3140000.0,0.01,0.0,234.7,235.13,15.9,10.6,0.0
美腾科技,sh688420,22.65,22.6,22.65,686400.0,22.31,400,22.65,900,0.22,22.65,22.65,686400,160000.0,0.01,0.0,20.03,20.03,27.12,18.08,0.0
保隆科技,sh603197,30.85,30.76,30.85,6200.0,30.78,1000,30.85,100,0.29,30.85,30.85,6200,190000.0,0.0,0.0,65.14,66.03,33.84,27.68,0.0
宋城演艺,sz300144,6.03,6.02,6.03,35800.0,6.02,22000,6.03,75500,0.17,6.03,6.03,35800,220000.0,0.0,0.0,155.67,157.32,7.22,4.82,0.0
南京公用,sz000421,5.51,5.53,5.51,22800.0,5.5,500,5.51,4100,-0.36,5.51,5.51,22800,130000.0,0.0,0.0,31.64,31.65,6.08,4.98,0.0
赛象科技,sz002337,4.69,4.7,4.69,44900.0,4.68,1500,4.69,5000,-0.21,4.69,4.69,44900,210000.0,0.01,0.0,27.58,27.61,5.17,4.23,0.0
北汽蓝谷,sh600733,5.25,5.28,5.25,206500.0,5.25,4200,5.26,114300,-0.57,5.25,5.25,206500,1080000.0,0.0,0.0,317.36,334.28,5.81,4.75,0.0
信捷电气,sh603416,49.66,49.62,49.66,5600.0,49.66,8200,49.78,1600,0.08,49.66,49.66,5600,280000.0,0.0,0.0,69.3,77.95,54.58,44.66,0.0
国睿科技,sh600562,26.1,26.1,26.1,12000.0,26.1,2200,26.18,1000,0.0,26.1,26.1,12000,310000.0,0.0,0.0,324.12,324.12,28.71,23.49,0.0
凤凰光学,sh600071,16.03,16.03,16.03,3500.0,16.03,6000,16.09,3000,0.0,16.03,16.03,3500,60000.0,0.0,0.0,45.14,45.14,17.63,14.43,0.0
中电鑫龙,sz002298,8.82,8.81,8.82,252600.0,8.82,32300,8.83,5700,0.11,8.82,8.82,252600,2230000.0,0.04,0.0,58.28,65.28,9.69,7.93,0.0
大胜达,sh603687,14.9,14.69,14.9,191400.0,14.9,1700,14.91,25000,1.43,14.9,14.9,191400,2850000.0,0.03,0.0,81.95,81.95,16.16,13.22,0.0
豫能控股,sz001896,13.16,13.09,13.16,337900.0,13.16,52600,13.17,600,0.53,13.16,13.16,337900,4450000.0,0.02,0.0,200.79,200.79,14.4,11.78,0.0
佳禾食品,sh605300,9.99,9.97,9.99,14500.0,9.97,300,9.99,100,0.2,9.99,9.99,14500,140000.0,0.0,0.0,45.39,45.39,10.97,8.97,0.0
万达轴承,bj920002,55.71,56.16,55.71,12700.0,55.71,800,55.93,100,-0.8,55.71,55.71,12700,708400.0,0.03,0.0,24.85,35.49,73.0,39.32,0.0
凯龙股份,sz002783,7.84,7.84,7.84,24900.0,7.83,1000,7.84,2100,0.0,7.84,7.84,24900,200000.0,0.01,0.0,36.15,39.15,8.62,7.06,0.0
中远海科,sz002401,12.36,12.3,12.36,500.0,12.3,10100,12.36,5800,0.49,12.36,12.36,500,10000.0,0.0,0.0,45.9,45.94,13.53,11.07,0.0
华丽家族,sh600503,2.18,2.17,2.18,93700.0,2.17,1900,2.18,48500,0.46,2.18,2.18,93700,200000.0,0.01,0.0,34.93,34.93,2.39,1.95,0.0
达实智能,sz002421,3.43,3.44,3.43,5481100.0,3.42,168300,3.43,180700,-0.29,3.43,3.43,5481100,18800000.0,0.27,0.0,69.84,72.74,3.78,3.1,0.0
浙江鼎力,sh603338,56.1,55.9,56.1,4300.0,56.1,400,56.3,100,0.36,56.1,56.1,4300,240000.0,0.0,0.0,284.06,284.06,61.49,50.31,0.0
京运通,sh601908,3.16,3.16,3.16,422700.0,3.15,35700,3.16,231400,0.0,3.16,3.16,422700,1340000.0,0.02,0.0,76.3,76.3,3.48,2.84,0.0
灿芯股份,sh688691,70.18,71.17,70.18,1415200.0,70.12,500,70.18,400,-1.39,70.18,70.18,1415200,990000.0,0.02,0.0,51.21,84.22,85.4,56.94,0.0
云意电气,sz300304,12.84,12.89,12.84,50200.0,12.79,800,12.84,10400,-0.39,12.84,12.84,50200,640000.0,0.01,0.0,109.72,112.75,15.47,10.31,0.0
旭杰科技,bj920149,7.97,7.98,7.97,1200.0,7.95,200,7.97,4800,-0.13,7.97,7.97,1200,9600.0,0.0,0.0,5.04,6.1,10.37,5.59,0.0
恒立液压,sh601100,108.0,108.82,108.0,15000.0,107.95,400,108.0,900,-0.75,108.0,108.0,15000,1620000.0,0.0,0.0,1448.09,1448.09,119.7,97.94,0.0
世纪鼎利,sz300050,6.6,6.5,6.6,169700.0,6.58,100,6.6,3500,1.54,6.6,6.6,169700,1120000.0,0.03,0.0,35.94,35.96,7.8,5.2,0.0
长江材料,sz001296,19.75,19.82,19.75,5500.0,19.7,100,19.75,200,-0.35,19.75,19.75,5500,110000.0,0.01,0.0,15.99,29.54,21.8,17.84,0.0
南天信息,sz000948,14.28,14.35,14.28,30600.0,14.26,10000,14.28,5200,-0.49,14.28,14.28,30600,440000.0,0.01,0.0,55.57,55.68,15.79,12.92,0.0
湘电股份,sh600416,8.97,8.99,8.97,33100.0,8.97,800,8.98,10400,-0.22,8.97,8.97,33100,300000.0,0.0,0.0,132.38,132.38,9.89,8.09,0.0
中牧股份,sh600195,6.65,6.6,6.65,41600.0,6.61,5100,6.65,1600,0.76,6.65,6.65,41600,280000.0,0.0,0.0,67.91,67.91,7.26,5.94,0.0
咸亨国际,sh605056,15.05,15.07,15.05,10500.0,15.0,2000,15.05,3700,-0.13,15.05,15.05,10500,160000.0,0.0,0.0,60.71,61.61,16.58,13.56,0.0
新芝生物,bj920685,12.36,12.45,12.36,2200.0,12.36,1600,12.44,1000,-0.72,12.36,12.36,2200,26700.0,0.0,0.0,7.21,11.31,16.18,8.72,0.0
灵康药业,sh603669,6.4,6.36,6.4,34200.0,6.38,2000,6.4,100,0.63,6.4,6.4,34200,220000.0,0.0,0.0,45.59,45.59,7.0,5.72,0.0
黄山旅游,sh600054,11.11,11.15,11.11,18000.0,11.11,5700,11.12,800,-0.36,11.11,11.11,18000,200000.0,0.0,0.0,57.03,81.03,12.27,10.04,0.0
*ST易录,sz300212,9.28,9.25,9.28,49900.0,9.28,9300,9.29,100,0.32,9.28,9.28,49900,460000.0,0.01,0.0,64.82,66.81,11.1,7.4,0.0
润贝航科,sz001316,27.48,27.22,27.48,12400.0,27.48,100,27.49,500,0.96,27.48,27.48,12400,340000.0,0.01,0.0,41.32,44.29,29.94,24.5,0.0
桃李面包,sh603866,4.21,4.24,4.21,49400.0,4.21,30400,4.24,8400,-0.71,4.21,4.21,49400,210000.0,0.0,0.0,67.35,67.35,4.66,3.82,0.0
*ST八钢,sh600581,2.3,2.3,2.3,12100.0,2.29,45500,2.3,66400,0.0,2.3,2.3,12100,30000.0,0.0,0.0,35.26,35.26,2.53,2.07,0.0
中光学,sz002189,19.39,19.21,19.39,21200.0,19.37,100,19.39,400,0.94,19.39,19.39,21200,410000.0,0.01,0.0,50.64,50.65,21.13,17.29,0.0
三维天地,sz301159,33.7,34.05,33.7,8200.0,33.7,3200,33.98,400,-1.03,33.7,33.7,8200,280000.0,0.02,0.0,17.87,26.07,40.86,27.24,0.0
豪尔赛,sz002963,18.48,18.48,18.48,73900.0,18.44,500,18.48,6300,0.0,18.48,18.48,73900,1370000.0,0.05,0.0,27.6,27.79,20.33,16.63,0.0
天音控股,sz000829,8.26,8.28,8.26,57100.0,8.25,6300,8.26,4600,-0.24,8.26,8.26,57100,470000.0,0.01,0.0,84.59,84.67,9.11,7.45,0.0
双塔食品,sz002481,4.29,4.29,4.29,17000.0,4.28,1900,4.29,7100,0.0,4.29,4.29,17000,70000.0,0.0,0.0,47.97,52.93,4.72,3.86,0.0
龙软科技,sh688078,23.15,23.1,23.15,400000.0,23.15,500,23.19,400,0.22,23.15,23.15,400000,90000.0,0.01,0.0,16.87,16.87,27.72,18.48,0.0
爱美客,sz300896,99.15,99.49,99.15,13100.0,99.14,5600,99.29,600,-0.34,99.15,99.15,13100,1300000.0,0.01,0.0,202.71,300.02,119.39,79.59,0.0
迅捷兴,sh688655,44.88,42.78,44.88,38164400.0,44.88,2500,44.89,3000,4.91,44.88,44.88,38164400,17130000.0,0.29,0.0,59.87,59.87,51.34,34.22,0.0
纳睿雷达,sh688522,19.75,19.73,19.75,3511200.0,19.75,17300,19.78,1300,0.1,19.75,19.75,3511200,690000.0,0.02,0.0,34.01,83.75,23.68,15.78,0.0
武汉凡谷,sz002194,10.4,10.56,10.4,229700.0,10.4,21400,10.42,1400,-1.52,10.4,10.4,229700,2390000.0,0.04,0.0,53.13,71.06,11.62,9.5,0.0
中触媒,sh688267,19.04,19.04,0.0,0.0,19.04,300,19.06,2600,0.0,0.0,0.0,0,0.0,0.0,0.0,43.44,43.44,22.85,15.23,0.0
兴业科技,sz002674,30.12,30.12,30.12,377700.0,30.12,18600,30.13,4700,0.0,30.12,30.12,377700,11380000.0,0.13,0.0,88.12,89.02,33.13,27.11,0.0
鹏翎股份,sz300375,4.02,4.03,4.02,3800.0,4.01,12400,4.02,3200,-0.25,4.02,4.02,3800,20000.0,0.0,0.0,21.41,30.72,4.84,3.22,0.0
熵基科技,sz301330,24.87,24.93,24.87,1200.0,24.87,1700,24.88,400,-0.24,24.87,24.87,1200,30000.0,0.0,0.0,50.9,58.53,29.92,19.94,0.0
ST浩丰,sz300419,9.19,9.18,9.19,22400.0,9.19,10800,9.2,1100,0.11,9.19,9.19,22400,210000.0,0.01,0.0,33.8,33.8,11.02,7.34,0.0
吉视传媒,sh601929,2.41,2.41,2.41,91600.0,2.4,29200,2.41,54600,0.0,2.41,2.41,91600,220000.0,0.0,0.0,83.07,84.1,2.65,2.17,0.0
ST交昂,sh600530,3.75,3.77,3.75,66300.0,3.75,122500,3.76,500,-0.53,3.75,3.75,66300,250000.0,0.01,0.0,29.06,29.06,4.15,3.39,0.0
本钢板材,sz000761,2.31,2.31,2.31,31400.0,2.31,14400,2.32,46400,0.0,2.31,2.31,31400,70000.0,0.0,0.0,85.66,94.9,2.54,2.08,0.0
希荻微,sh688173,14.38,14.39,14.38,1616600.0,14.28,10000,14.38,7700,-0.07,14.38,14.38,1616600,230000.0,0.0,0.0,59.15,59.71,17.27,11.51,0.0
京北方,sz002987,10.9,10.91,10.9,36700.0,10.86,2700,10.9,600,-0.09,10.9,10.9,36700,400000.0,0.0,0.0,110.52,113.41,12.0,9.82,0.0
新赛股份,sh600540,4.02,4.04,4.02,286600.0,4.02,23700,4.03,31300,-0.5,4.02,4.02,286600,1150000.0,0.05,0.0,23.37,23.37,4.44,3.64,0.0
*ST泉为,sz300716,17.25,17.18,17.25,1600.0,17.24,100,17.25,3700,0.41,17.25,17.25,1600,30000.0,0.0,0.0,27.6,27.6,20.62,13.74,0.0
新时达,sz002527,11.85,11.85,11.85,7100.0,11.85,2300,11.88,15000,0.0,11.85,11.85,7100,80000.0,0.0,0.0,62.67,78.57,13.04,10.67,0.0
北新路桥,sz002307,3.02,3.01,3.02,94200.0,3.01,14700,3.02,198800,0.33,3.02,3.02,94200,280000.0,0.01,0.0,49.2,49.79,3.31,2.71,0.0
三只松鼠,sz300783,17.7,17.72,17.7,13000.0,17.68,1000,17.75,1700,-0.11,17.7,17.7,13000,230000.0,0.0,0.0,49.61,71.1,21.26,14.18,0.0
汇通集团,sh603176,4.88,4.89,4.88,82700.0,4.88,6400,4.89,38300,-0.2,4.88,4.88,82700,400000.0,0.02,0.0,22.54,23.19,5.38,4.4,0.0
银宝山新,sz002786,7.78,7.81,7.78,2900.0,7.78,1000,7.79,5600,-0.38,7.78,7.78,2900,20000.0,0.0,0.0,38.44,38.56,8.59,7.03,0.0
泉阳泉,sh600189,7.58,7.61,7.58,12500.0,7.58,33900,7.59,800,-0.39,7.58,7.58,12500,90000.0,0.0,0.0,54.21,54.21,8.37,6.85,0.0
新致软件,sh688590,13.21,13.33,13.21,790000.0,13.21,9700,13.23,1000,-0.9,13.21,13.21,790000,100000.0,0.0,0.0,37.19,41.33,16.0,10.66,0.0
秋田微,sz300939,69.41,69.08,69.41,9500.0,69.0,14000,69.46,300,0.48,69.41,69.41,9500,660000.0,0.01,0.0,83.29,83.29,82.9,55.26,0.0
贵航股份,sh600523,12.18,12.26,12.18,180900.0,12.18,4200,12.2,3900,-0.65,12.18,12.18,180900,2200000.0,0.04,0.0,49.21,49.25,13.49,11.03,0.0
小崧股份,sz002723,7.45,7.48,7.45,16000.0,7.41,20000,7.45,2600,-0.4,7.45,7.45,16000,120000.0,0.01,0.0,23.62,24.76,8.23,6.73,0.0
拉芳家化,sh603630,14.81,14.87,14.81,6100.0,14.77,700,14.81,100,-0.4,14.81,14.81,6100,90000.0,0.0,0.0,33.35,33.35,16.36,13.38,0.0
工大科雅,sz301197,25.12,25.12,25.12,2600.0,25.12,9500,25.22,900,0.0,25.12,25.12,2600,70000.0,0.0,0.0,27.32,30.28,30.14,20.1,0.0
康为世纪,sh688426,19.31,19.23,19.31,879300.0,19.23,1000,19.31,200,0.42,19.31,19.31,879300,170000.0,0.01,0.0,21.67,21.72,23.08,15.38,0.0
天马科技,sh603668,10.64,10.57,10.64,9400.0,10.58,200,10.64,100,0.66,10.64,10.64,9400,100000.0,0.0,0.0,53.82,53.82,11.63,9.51,0.0
华仁药业,sz300110,2.93,2.93,2.93,68400.0,2.92,12200,2.93,31000,0.0,2.93,2.93,68400,200000.0,0.01,0.0,34.61,34.64,3.52,2.34,0.0
豪声电子,bj920701,13.05,13.22,13.05,2400.0,13.05,5700,13.2,200,-1.29,13.05,13.05,2400,31900.0,0.0,0.0,13.08,17.9,17.18,9.26,0.0
*ST国中,sh600187,1.35,1.35,1.35,109000.0,1.35,194700,1.36,996900,0.0,1.35,1.35,109000,150000.0,0.01,0.0,21.79,21.79,1.49,1.22,0.0
安达维尔,sz300719,11.86,11.86,11.86,11900.0,11.78,200,11.86,100,0.0,11.86,11.86,11900,140000.0,0.01,0.0,21.3,30.15,14.23,9.49,0.0
东方国信,sz300166,14.56,14.78,14.56,253500.0,14.56,9100,14.57,400,-1.49,14.56,14.56,253500,3690000.0,0.03,0.0,131.88,165.8,17.74,11.82,0.0
嘉泽新能,sh601619,4.38,4.39,4.38,83400.0,4.37,5900,4.38,35900,-0.23,4.38,4.38,83400,370000.0,0.0,0.0,107.96,128.9,4.83,3.95,0.0
神马股份,sh600810,6.45,6.44,6.45,29600.0,6.44,2300,6.45,100,0.16,6.45,6.45,29600,190000.0,0.0,0.0,69.71,70.34,7.08,5.8,0.0
新 大 陆,sz000997,17.82,17.89,17.82,15900.0,17.81,100,17.82,14100,-0.39,17.82,17.82,15900,280000.0,0.0,0.0,179.53,180.53,19.68,16.1,0.0
广电电气,sh601616,3.76,3.75,3.76,39500.0,3.75,6400,3.76,6400,0.27,3.76,3.76,39500,150000.0,0.0,0.0,32.1,32.1,4.13,3.38,0.0
石基信息,sz002153,8.21,8.32,8.21,397800.0,8.21,61800,8.22,69100,-1.32,8.21,8.21,397800,3270000.0,0.02,0.0,131.34,224.07,9.15,7.49,0.0
武商集团,sz000501,7.24,7.24,7.24,27500.0,7.23,800,7.24,43400,0.0,7.24,7.24,27500,200000.0,0.0,0.0,55.62,55.68,7.96,6.52,0.0
*ST亿晶,sh600537,2.23,2.23,2.23,38300.0,2.22,14800,2.23,10500,0.0,2.23,2.23,38300,90000.0,0.0,0.0,26.4,26.4,2.45,2.01,0.0
*ST开元,sz300338,2.83,2.85,2.83,82700.0,2.82,5000,2.83,54400,-0.7,2.83,2.83,82700,230000.0,0.02,0.0,9.9,11.39,3.42,2.28,0.0
华达科技,sh603358,46.59,46.78,46.59,72600.0,46.52,2000,46.59,500,-0.41,46.59,46.59,72600,3380000.0,0.02,0.0,215.14,218.85,51.46,42.1,0.0
慈星股份,sz300307,7.76,7.81,7.76,423300.0,7.76,76500,7.79,1500,-0.64,7.76,7.76,423300,3280000.0,0.05,0.0,61.06,62.12,9.37,6.25,0.0
天秦装备,sz300922,18.19,18.23,18.19,11000.0,18.18,100,18.19,1600,-0.22,18.19,18.19,11000,200000.0,0.01,0.0,22.96,29.26,21.88,14.58,0.0
深 赛 格,sz000058,6.79,6.85,6.79,53300.0,6.79,4300,6.82,5900,-0.88,6.79,6.79,53300,360000.0,0.01,0.0,66.86,83.6,7.54,6.17,0.0
中裕科技,bj920694,14.41,14.33,14.41,10600.0,14.33,1000,14.41,2400,0.56,14.41,14.41,10600,152400.0,0.02,0.0,9.0,18.95,18.62,10.04,0.0
三环集团,sz300408,128.05,130.15,128.05,255000.0,128.02,100,128.05,100,-1.61,128.05,128.05,255000,32650000.0,0.01,0.0,2394.29,2556.8,156.18,104.12,0.0
绿能慧充,sh600212,5.74,5.71,5.74,57200.0,5.71,2200,5.74,16700,0.53,5.74,5.74,57200,330000.0,0.01,0.0,30.49,40.42,6.28,5.14,0.0
大洋电机,sz002249,7.5,7.55,7.5,172100.0,7.5,63600,7.51,10200,-0.66,7.5,7.5,172100,1290000.0,0.01,0.0,139.78,185.02,8.31,6.8,0.0
优博讯,sz300531,16.69,16.75,16.69,16800.0,16.66,3000,16.69,700,-0.36,16.69,16.69,16800,280000.0,0.01,0.0,52.01,53.59,20.1,13.4,0.0
华侨城Ａ,sz000069,1.76,1.77,1.76,92300.0,1.76,565200,1.77,406800,-0.56,1.76,1.76,92300,160000.0,0.0,0.0,121.42,141.46,1.95,1.59,0.0
三诺生物,sz300298,16.16,16.16,16.16,7300.0,16.16,800,16.17,10000,0.0,16.16,16.16,7300,120000.0,0.0,0.0,72.4,89.99,19.39,12.93,0.0
*ST益通,sz300430,4.7,4.72,4.7,35600.0,4.69,1000,4.7,17200,-0.42,4.7,4.7,35600,170000.0,0.01,0.0,12.21,12.83,5.66,3.78,0.0
华伍股份,sz300095,8.33,8.34,8.33,15500.0,8.32,10200,8.33,500,-0.12,8.33,8.33,15500,130000.0,0.0,0.0,26.46,32.86,10.01,6.67,0.0
德业股份,sh605117,96.0,95.59,96.0,76500.0,96.0,17700,96.1,100,0.43,96.0,96.0,76500,7340000.0,0.01,0.0,1222.3,1222.3,105.15,86.03,0.0
亚泰集团,sh600881,2.19,2.21,2.19,6375200.0,2.19,357000,2.2,206100,-0.9,2.19,2.19,6375200,13960000.0,0.2,0.0,70.78,70.78,2.43,1.99,0.0
国联水产,sz300094,2.92,2.92,2.92,298600.0,2.92,9800,2.93,10800,0.0,2.92,2.92,298600,870000.0,0.03,0.0,32.28,32.94,3.5,2.34,0.0
中衡设计,sh603017,9.73,9.76,9.73,4200.0,9.71,36100,9.73,7600,-0.31,9.73,9.73,4200,40000.0,0.0,0.0,26.87,26.87,10.74,8.78,0.0
湖南天雁,sh600698,7.09,7.13,7.09,49500.0,7.09,30500,7.12,3000,-0.56,7.09,7.09,49500,350000.0,0.01,0.0,58.88,75.77,7.84,6.42,0.0
航天智造,sz300446,13.96,13.97,13.96,14800.0,13.93,200,13.96,11800,-0.07,13.96,13.96,14800,210000.0,0.0,0.0,52.15,118.02,16.76,11.18,0.0
齐鲁华信,bj920832,6.16,6.2,6.16,200.0,6.16,1100,6.28,3000,-0.65,6.16,6.16,200,1200.0,0.0,0.0,7.63,8.55,8.06,4.34,0.0
保税科技,sh600794,3.17,3.18,3.17,70300.0,3.16,82500,3.17,51200,-0.31,3.17,3.17,70300,220000.0,0.01,0.0,38.04,38.04,3.5,2.86,0.0
中国中免,sh601888,53.85,54.03,53.85,79500.0,53.81,1500,53.85,2600,-0.33,53.85,53.85,79500,4280000.0,0.0,0.0,1051.41,1118.89,59.43,48.63,0.0
久其软件,sz002279,6.98,6.92,6.98,583700.0,6.97,800,6.98,13800,0.87,6.98,6.98,583700,4070000.0,0.07,0.0,55.53,60.18,7.61,6.23,0.0
神驰机电,sh603109,17.78,17.72,17.78,6400.0,17.73,500,17.78,100,0.34,17.78,17.78,6400,110000.0,0.0,0.0,37.13,37.13,19.49,15.95,0.0
中国电影,sh600977,12.0,12.08,12.0,264600.0,11.99,3500,12.0,68400,-0.66,12.0,12.0,264600,3180000.0,0.01,0.0,224.04,224.04,13.29,10.87,0.0
天臣医疗,sh688013,26.75,26.66,26.75,696500.0,26.37,5800,26.75,700,0.34,26.75,26.75,696500,190000.0,0.01,0.0,21.71,21.71,31.99,21.33,0.0
峨眉山Ａ,sz000888,9.68,9.71,9.68,12400.0,9.68,17200,9.7,12500,-0.31,9.68,9.68,12400,120000.0,0.0,0.0,51.01,51.01,10.68,8.74,0.0
南卫股份,sh603880,9.35,8.84,9.35,667600.0,9.34,400,9.35,18100,5.77,9.35,9.35,667600,6240000.0,0.23,0.0,27.03,27.03,9.72,7.96,0.0
行动教育,sh605098,55.65,55.64,55.65,7900.0,55.65,10200,55.82,300,0.02,55.65,55.65,7900,440000.0,0.01,0.0,66.36,66.36,61.2,50.08,0.0
扬电科技,sz301012,26.47,26.54,26.47,55100.0,26.45,400,26.47,1500,-0.26,26.47,26.47,55100,1460000.0,0.03,0.0,52.14,52.14,31.85,21.23,0.0
博实结,sz301608,48.2,48.5,48.2,1400.0,48.07,300,48.2,2500,-0.62,48.2,48.2,1400,70000.0,0.0,0.0,28.68,63.91,58.2,38.8,0.0
格利尔,bj920641,12.77,12.77,12.77,3000.0,12.77,6000,12.81,500,0.0,12.77,12.77,3000,38300.0,0.01,0.0,5.79,9.59,16.6,8.94,0.0
民士达,bj920394,45.38,45.39,45.38,300.0,45.07,1300,45.38,1000,-0.02,45.38,45.38,300,13600.000000000002,0.0,0.0,65.88,66.37,59.0,31.78,0.0
广东建科,sz301632,13.9,13.9,13.9,78100.0,13.88,500,13.9,2600,0.0,13.9,13.9,78100,1090000.0,0.04,0.0,25.55,58.18,16.68,11.12,0.0
西麦食品,sz002956,18.29,18.32,18.29,5500.0,18.24,500,18.3,100,-0.16,18.29,18.29,5500,100000.0,0.0,0.0,57.16,57.16,20.15,16.49,0.0
新大正,sz002968,9.2,9.21,9.2,3500.0,9.2,1500,9.21,100,-0.11,9.2,9.2,3500,30000.0,0.0,0.0,19.6,20.82,10.13,8.29,0.0
来伊份,sh603777,15.06,14.8,15.06,137100.0,15.01,15000,15.06,15200,1.76,15.06,15.06,137100,2060000.0,0.04,0.0,50.36,50.36,16.28,13.32,0.0
塞力医疗,sh603716,16.95,17.08,16.95,29000.0,16.94,500,16.95,1500,-0.76,16.95,16.95,29000,490000.0,0.01,0.0,38.27,38.27,18.79,15.37,0.0
朗新科技,sz300682,10.16,10.2,10.16,623900.0,10.16,700,10.17,1500,-0.39,10.16,10.16,623900,6340000.0,0.06,0.0,105.05,109.55,12.24,8.16,0.0
秦安股份,sh603758,13.53,14.22,13.53,1182100.0,13.52,1300,13.53,42800,-4.85,13.53,13.53,1182100,15990000.0,0.27,0.0,58.6,58.6,15.64,12.8,0.0
中航重机,sh600765,13.49,13.56,13.49,56400.0,13.49,10400,13.54,6000,-0.52,13.49,13.49,56400,760000.0,0.0,0.0,209.43,209.43,14.92,12.2,0.0
宝色股份,sz300402,14.86,14.86,14.86,12700.0,14.79,200,14.86,5900,0.0,14.86,14.86,12700,190000.0,0.01,0.0,36.2,36.67,17.83,11.89,0.0
深信服,sz300454,122.0,123.13,122.0,64000.0,122.0,25100,122.22,1900,-0.92,122.0,122.0,64000,7810000.0,0.02,0.0,351.36,526.5,147.76,98.5,0.0
南威软件,sh603636,7.36,7.4,7.36,69600.0,7.35,10900,7.36,16800,-0.54,7.36,7.36,69600,510000.0,0.01,0.0,42.71,42.71,8.14,6.66,0.0
浙江大农,bj920855,12.62,12.69,12.62,300.0,12.58,1500,12.62,200,-0.55,12.62,12.62,300,3800.0,0.0,0.0,8.46,9.43,16.49,8.89,0.0
皓宸医疗,sz002622,2.58,2.55,2.58,95100.0,2.57,16800,2.58,22600,1.18,2.58,2.58,95100,250000.0,0.01,0.0,21.67,21.67,2.81,2.3,0.0
壶化股份,sz003002,17.0,17.01,17.0,25100.0,16.99,1700,17.01,100,-0.06,17.0,17.0,25100,430000.0,0.01,0.0,31.08,34.0,18.71,15.31,0.0
泰德股份,bj920378,7.08,7.14,7.08,3000.0,7.03,1800,7.08,42300,-0.84,7.08,7.08,3000,21200.0,0.0,0.0,7.89,11.01,9.28,5.0,0.0
米奥会展,sz300795,17.58,18.13,17.58,727300.0,17.58,10300,17.6,1600,-3.03,17.58,17.58,727300,12790000.0,0.42,0.0,30.59,52.55,21.76,14.5,0.0
新安洁,bj920370,2.79,2.81,2.79,3900.0,2.79,7900,2.8,1000,-0.71,2.79,2.79,3900,10900.0,0.0,0.0,7.32,8.38,3.65,1.97,0.0
通程控股,sz000419,4.96,4.96,4.96,58000.0,4.91,17300,4.96,10300,0.0,4.96,4.96,58000,290000.0,0.01,0.0,26.96,26.96,5.46,4.46,0.0
阳光股份,sz000608,7.65,7.58,7.65,227500.0,7.65,7800,7.66,900,0.92,7.65,7.65,227500,1740000.0,0.03,0.0,57.03,57.37,8.34,6.82,0.0
万事利,sz301066,12.39,12.29,12.39,10900.0,12.3,100,12.39,400,0.81,12.39,12.39,10900,140000.0,0.0,0.0,28.88,29.11,14.75,9.83,0.0
美湖股份,sh603319,28.4,28.19,28.4,49200.0,28.2,8100,28.4,36400,0.74,28.4,28.4,49200,1400000.0,0.01,0.0,96.32,96.32,31.01,25.37,0.0
万马科技,sz300698,26.15,26.32,26.15,6700.0,26.11,300,26.15,400,-0.65,26.15,26.15,6700,180000.0,0.01,0.0,31.0,35.04,31.58,21.06,0.0
东方嘉盛,sz002889,12.6,12.45,12.6,44600.0,12.55,500,12.6,4800,1.2,12.6,12.6,44600,560000.0,0.02,0.0,31.66,47.59,13.7,11.21,0.0
良品铺子,sh603719,10.01,10.0,10.01,38200.0,10.0,5600,10.01,5200,0.1,10.01,10.01,38200,380000.0,0.01,0.0,39.84,39.84,11.0,9.0,0.0
新产业,sz300832,51.4,51.45,51.4,30400.0,51.4,1000,51.41,500,-0.1,51.4,51.4,30400,1560000.0,0.0,0.0,351.12,403.86,61.74,41.16,0.0
天晟新材,sz300169,5.86,5.84,5.86,45200.0,5.85,3500,5.86,4700,0.34,5.86,5.86,45200,260000.0,0.01,0.0,17.68,19.89,7.01,4.67,0.0
荣安地产,sz000517,2.31,2.29,2.31,369400.0,2.3,25000,2.31,84800,0.87,2.31,2.31,369400,850000.0,0.01,0.0,57.56,73.55,2.52,2.06,0.0
三夫户外,sz002780,13.37,13.38,13.37,32600.0,13.34,2500,13.37,3700,-0.07,13.37,13.37,32600,440000.0,0.02,0.0,17.47,22.11,14.72,12.04,0.0
汉威科技,sz300007,35.66,35.34,35.66,93500.0,35.66,1300,35.67,5100,0.91,35.66,35.66,93500,3330000.0,0.03,0.0,100.9,116.77,42.41,28.27,0.0
林泰新材,bj920106,35.91,35.91,35.91,100.0,35.91,200,35.99,600,0.0,35.91,35.91,100,3600.0,0.0,0.0,15.68,20.32,46.68,25.14,0.0
ST云城,sh600239,1.41,1.41,1.41,34600.0,1.4,1139800,1.41,309000,0.0,1.41,1.41,34600,50000.0,0.0,0.0,22.64,22.64,1.55,1.27,0.0
三祥新材,sh603663,44.67,44.66,44.67,515800.0,44.67,2000,44.69,300,0.02,44.67,44.67,515800,23040000.0,0.09,0.0,264.97,265.15,49.13,40.19,0.0
前进科技,bj920679,15.55,15.68,0.0,0.0,15.55,1500,15.7,900,-0.83,0.0,0.0,0,0.0,0.0,0.0,5.78,8.68,20.38,10.98,0.0
佳讯飞鸿,sz300213,6.4,6.42,6.4,5000.0,6.4,500,6.42,6200,-0.31,6.4,6.4,5000,30000.0,0.0,0.0,35.37,38.04,7.7,5.14,0.0
隆基机械,sz002363,6.53,6.55,6.53,3900.0,6.52,300,6.53,9600,-0.31,6.53,6.53,3900,30000.0,0.0,0.0,27.15,27.22,7.21,5.9,0.0
毓恬冠佳,sz301173,33.08,33.03,33.08,3600.0,33.08,400,33.25,2000,0.15,33.08,33.08,3600,120000.0,0.01,0.0,10.2,29.06,39.64,26.42,0.0
万通智控,sz300643,19.47,19.47,19.47,10700.0,19.33,6000,19.47,9300,0.0,19.47,19.47,10700,210000.0,0.0,0.0,44.99,45.09,23.36,15.58,0.0
*ST同辉,bj920090,3.83,3.8,3.83,2500.0,3.8,20100,3.83,29100,0.79,3.83,3.83,2500,9500.0,0.0,0.0,5.7,7.63,4.94,2.66,0.0
南京新百,sh600682,5.8,5.84,5.8,61900.0,5.8,12400,5.82,7300,-0.68,5.8,5.8,61900,360000.0,0.01,0.0,67.52,78.02,6.42,5.26,0.0
*ST亚士,sh603378,5.61,5.61,5.61,15100.0,5.61,1500,5.67,5700,0.0,5.61,5.61,15100,80000.0,0.0,0.0,24.04,24.04,6.17,5.05,0.0
晋拓股份,sh603211,27.7,27.69,27.7,18700.0,27.7,13300,27.76,1300,0.04,27.7,27.7,18700,520000.0,0.01,0.0,75.29,75.29,30.46,24.92,0.0
科力股份,bj920088,45.7,44.1,45.7,122300.0,45.7,12600,45.73,200,3.63,45.7,45.7,122300,5587700.0,0.38,0.0,14.88,40.25,57.33,30.87,0.0
粤万年青,sz301111,20.65,20.54,20.65,13500.0,20.65,2100,20.66,1000,0.54,20.65,20.65,13500,280000.0,0.01,0.0,33.04,33.04,24.65,16.43,0.0
*ST莫高,sh600543,4.08,4.09,4.08,42500.0,4.07,5000,4.08,9300,-0.24,4.08,4.08,42500,170000.0,0.01,0.0,13.1,13.1,4.5,3.68,0.0
派林生物,sz000403,10.81,10.89,10.81,11200.0,10.81,1800,10.85,300,-0.73,10.81,10.81,11200,120000.0,0.0,0.0,101.69,102.74,11.98,9.8,0.0
邦德股份,bj920271,9.4,9.45,9.4,1500.0,9.4,4700,9.42,500,-0.53,9.4,9.4,1500,14100.0,0.0,0.0,5.44,12.3,12.28,6.62,0.0
众兴菌业,sz002772,10.81,10.77,10.81,135400.0,10.81,2000,10.82,3100,0.37,10.81,10.81,135400,1460000.0,0.04,0.0,40.17,40.51,11.85,9.69,0.0
盛达资源,sz000603,33.7,33.22,33.7,650600.0,33.7,29100,33.71,1900,1.44,33.7,33.7,650600,21930000.0,0.1,0.0,224.68,232.52,36.54,29.9,0.0
益民集团,sh600824,3.91,3.89,3.91,2252500.0,3.9,29600,3.91,74500,0.51,3.91,3.91,2252500,8810000.0,0.21,0.0,41.21,41.21,4.28,3.5,0.0
通源石油,sz300164,10.88,10.58,10.88,2433200.0,10.87,3800,10.88,2500,2.84,10.88,10.88,2433200,26470000.0,0.42,0.0,63.45,64.02,12.7,8.46,0.0
天纺标,bj920753,15.15,15.27,0.0,0.0,15.15,500,15.25,800,-0.79,0.0,0.0,0,0.0,0.0,0.0,4.96,12.33,19.85,10.69,0.0
金枫酒业,sh600616,4.29,4.31,4.29,10100.0,4.29,87600,4.3,8000,-0.46,4.29,4.29,10100,40000.0,0.0,0.0,28.7,28.7,4.74,3.88,0.0
三友医疗,sh688085,13.63,13.63,0.0,0.0,13.63,300,13.68,2000,0.0,0.0,0.0,0,0.0,0.0,0.0,47.79,50.0,16.36,10.9,0.0
华洋赛车,bj920058,25.98,26.71,25.98,21200.0,25.95,2000,25.98,100,-2.73,25.98,25.98,21200,551400.0,0.08,0.0,7.17,14.56,34.72,18.7,0.0
康斯特,sz300445,19.15,19.28,19.15,3000.0,19.15,300,19.22,200,-0.67,19.15,19.15,3000,60000.0,0.0,0.0,26.92,40.68,23.14,15.42,0.0
广厦环能,bj920703,9.86,9.8,9.86,100.0,9.86,1000,9.87,300,0.61,9.86,9.86,100,1000.0,0.0,0.0,5.25,14.86,12.74,6.86,0.0
晨曦航空,sz300581,10.67,10.53,10.67,59500.0,10.55,3100,10.67,10300,1.33,10.67,10.67,59500,630000.0,0.01,0.0,58.7,58.7,12.64,8.42,0.0
*ST尼雅,sh600084,4.11,4.1,0.0,0.0,4.11,1000,4.17,22300,0.24,0.0,0.0,0,0.0,0.0,0.0,46.19,46.19,4.51,3.69,0.0
倍杰特,sz300774,11.16,11.23,11.16,19700.0,11.16,1100,11.23,100,-0.62,11.16,11.16,19700,220000.0,0.01,0.0,22.78,45.62,13.48,8.98,0.0
广和通,sz300638,19.99,20.22,19.99,72200.0,19.98,1800,19.99,9900,-1.14,19.99,19.99,72200,1440000.0,0.01,0.0,106.04,179.76,24.26,16.18,0.0
宝胜股份,sh600973,6.23,6.24,6.23,53700.0,6.22,1500,6.23,500,-0.16,6.23,6.23,53700,330000.0,0.0,0.0,85.44,85.44,6.86,5.62,0.0
伊戈尔,sz002922,28.95,27.85,28.95,739200.0,28.9,400,28.95,11800,3.95,28.95,28.95,739200,21400000.0,0.2,0.0,109.14,122.34,30.64,25.07,0.0
新力金融,sh600318,6.62,6.64,6.62,44700.0,6.61,5000,6.62,15800,-0.3,6.62,6.62,44700,300000.0,0.01,0.0,33.94,33.94,7.3,5.98,0.0
日发精机,sz002520,6.48,6.54,6.48,624200.0,6.48,22300,6.49,3000,-0.92,6.48,6.48,624200,4040000.0,0.09,0.0,46.49,48.62,7.19,5.89,0.0
泰豪科技,sh600590,9.2,9.11,9.2,280200.0,9.2,3800,9.21,6500,0.99,9.2,9.2,280200,2580000.0,0.03,0.0,77.61,78.46,10.02,8.2,0.0
金正大,sz002470,1.96,1.97,1.96,141900.0,1.96,135700,1.97,282700,-0.51,1.96,1.96,141900,280000.0,0.0,0.0,64.4,64.41,2.17,1.77,0.0
铁大科技,bj920541,9.72,9.72,9.72,1100.0,9.72,4900,9.73,3500,0.0,9.72,9.72,1100,10300.0,0.0,0.0,8.75,13.29,12.63,6.81,0.0
瑞迪智驱,sz301596,54.42,53.99,54.42,20900.0,54.05,300,54.45,100,0.8,54.42,54.42,20900,1140000.0,0.05,0.0,23.86,58.79,64.79,43.19,0.0
吉林碳谷,bj920077,14.14,14.05,14.14,11900.0,14.13,500,14.14,20700,0.64,14.14,14.14,11900,167800.0,0.0,0.0,42.69,82.89,18.26,9.84,0.0
艾隆科技,sh688329,20.87,21.01,20.87,790000.0,20.87,1200,21.0,2000,-0.67,20.87,20.87,790000,160000.0,0.01,0.0,16.11,16.11,25.21,16.81,0.0
海优新材,sh688680,35.39,35.4,35.39,120000.0,35.25,200,35.39,700,-0.03,35.39,35.39,120000,40000.0,0.0,0.0,34.53,34.53,42.48,28.32,0.0
金煤科技,sh600844,3.54,3.52,3.54,311000.0,3.53,2000,3.54,26200,0.57,3.54,3.54,311000,1100000.0,0.04,0.0,29.12,35.98,3.87,3.17,0.0
法本信息,sz300925,14.86,14.96,14.86,20600.0,14.86,1600,14.88,2300,-0.67,14.86,14.86,20600,310000.0,0.01,0.0,51.94,63.71,17.95,11.97,0.0
北方导航,sh600435,11.15,11.24,11.15,349100.0,11.14,4200,11.15,29100,-0.8,11.15,11.15,349100,3890000.0,0.02,0.0,168.63,168.63,12.36,10.12,0.0
春晖智控,sz300943,33.78,33.2,33.78,181500.0,33.78,1500,33.79,600,1.75,33.78,33.78,181500,6130000.0,0.14,0.0,45.07,68.85,39.84,26.56,0.0
若羽臣,sz003010,27.63,27.78,27.63,23300.0,27.63,200,27.64,200,-0.54,27.63,27.63,23300,640000.0,0.01,0.0,62.48,85.95,30.56,25.0,0.0
南矿集团,sz001360,17.0,17.0,17.0,48300.0,16.98,5300,17.0,17700,0.0,17.0,17.0,48300,820000.0,0.04,0.0,21.33,34.68,18.7,15.3,0.0
华菱精工,sh603356,16.93,16.93,16.93,3800.0,16.93,4700,16.95,200,0.0,16.93,16.93,3800,60000.0,0.0,0.0,22.57,22.57,18.62,15.24,0.0
津投城开,sh600322,2.72,2.72,2.72,38900.0,2.71,5000,2.72,22100,0.0,2.72,2.72,38900,110000.0,0.0,0.0,30.08,30.08,2.99,2.45,0.0
海程邦达,sh603836,9.04,9.04,9.04,15800.0,9.04,3000,9.05,700,0.0,9.04,9.04,15800,140000.0,0.01,0.0,25.22,25.87,9.94,8.14,0.0
天成自控,sh603085,10.24,10.24,10.24,300.0,10.24,1500,10.26,5900,0.0,10.24,10.24,300,0.0,0.0,0.0,40.66,40.66,11.26,9.22,0.0
苏试试验,sz300416,15.79,15.79,15.79,130100.0,15.79,14500,15.8,1800,0.0,15.79,15.79,130100,2050000.0,0.03,0.0,79.76,80.3,18.95,12.63,0.0
卡倍亿,sz300863,45.15,45.09,45.15,9700.0,45.1,1800,45.15,300,0.13,45.15,45.15,9700,440000.0,0.0,0.0,113.38,118.02,54.11,36.07,0.0
西磁科技,bj920061,17.95,18.13,17.95,500.0,17.95,0,18.06,1000,-0.99,17.95,17.95,500,8300.0,0.0,0.0,7.07,12.71,23.56,12.7,0.0
万泽股份,sz000534,29.7,29.82,29.7,41100.0,29.7,3700,29.73,1500,-0.4,29.7,29.7,41100,1220000.0,0.01,0.0,149.25,151.34,32.8,26.84,0.0
泰凯英,bj920020,15.35,15.28,15.35,2800.0,15.2,800,15.35,1300,0.46,15.35,15.35,2800,43400.0,0.01,0.0,8.53,34.53,19.86,10.7,0.0
联明股份,sh603006,11.36,11.4,11.36,15100.0,11.36,4100,11.44,500,-0.35,11.36,11.36,15100,170000.0,0.01,0.0,28.88,28.88,12.54,10.26,0.0
横河精密,sz300539,19.52,19.51,19.52,2200.0,19.51,1500,19.52,100,0.05,19.52,19.52,2200,40000.0,0.0,0.0,42.53,52.33,23.41,15.61,0.0
多利科技,sz001311,18.58,18.8,18.58,40500.0,18.5,100,18.58,11900,-1.17,18.58,18.58,40500,750000.0,0.02,0.0,33.79,75.0,20.68,16.92,0.0
天虹股份,sz002419,4.63,4.63,4.63,11100.0,4.63,15900,4.64,46100,0.0,4.63,4.63,11100,50000.0,0.0,0.0,52.84,52.84,5.09,4.17,0.0
道生天合,sh601026,16.62,16.73,16.62,94100.0,16.61,12900,16.62,24400,-0.66,16.62,16.62,94100,1560000.0,0.08,0.0,18.46,109.59,18.4,15.06,0.0
苏宁环球,sz000718,1.92,1.92,1.92,41300.0,1.91,57200,1.92,189800,0.0,1.92,1.92,41300,80000.0,0.0,0.0,43.81,58.27,2.11,1.73,0.0
鹿得医疗,bj920278,6.54,6.52,6.54,100.0,6.54,700,6.57,4100,0.31,6.54,6.54,100,700.0000000000001,0.0,0.0,6.45,11.41,8.47,4.57,0.0
永和智控,sz002795,7.25,7.18,7.25,60500.0,7.2,7900,7.25,900,0.97,7.25,7.25,60500,440000.0,0.01,0.0,31.5,32.02,7.9,6.46,0.0
北大医药,sz000788,5.74,5.78,5.74,84400.0,5.74,6800,5.75,6500,-0.69,5.74,5.74,84400,480000.0,0.01,0.0,34.21,34.21,6.36,5.2,0.0
丛麟科技,sh688370,23.9,24.07,0.0,0.0,23.9,300,24.17,400,-0.71,0.0,0.0,0,0.0,0.0,0.0,32.77,32.77,28.88,19.26,0.0
百润股份,sz002568,19.02,18.99,19.02,55100.0,19.0,5100,19.02,100,0.16,19.02,19.02,55100,1050000.0,0.01,0.0,144.95,198.12,20.89,17.09,0.0
奥迪威,bj920491,22.62,22.4,22.62,8000.0,22.49,300,22.62,200,0.98,22.62,22.62,8000,181000.0,0.01,0.0,26.2,31.93,29.12,15.68,0.0
荣信文化,sz301231,28.01,28.3,28.01,34200.0,28.01,2500,28.1,2400,-1.02,28.01,28.01,34200,960000.0,0.05,0.0,18.33,23.64,33.96,22.64,0.0
恒鑫生活,sz301501,31.66,32.23,31.66,134100.0,31.65,500,31.66,5900,-1.77,31.66,31.66,134100,4250000.0,0.31,0.0,13.77,46.83,38.68,25.78,0.0
徕木股份,sh603633,6.71,6.67,6.71,15000.0,6.68,500,6.71,2500,0.6,6.71,6.71,15000,100000.0,0.0,0.0,28.64,28.64,7.34,6.0,0.0
久事动娱,sh600676,6.68,6.74,6.68,50600.0,6.68,20300,6.73,1500,-0.89,6.68,6.68,50600,340000.0,0.0,0.0,68.7,68.7,7.41,6.07,0.0
国光连锁,sh605188,13.28,13.1,13.28,43200.0,13.2,700,13.28,6400,1.37,13.28,13.28,43200,570000.0,0.01,0.0,67.43,67.43,14.41,11.79,0.0
熊猫乳品,sz300898,21.85,21.85,21.85,29500.0,21.69,300,21.85,16800,0.0,21.85,21.85,29500,640000.0,0.03,0.0,25.07,27.09,26.22,17.48,0.0
航亚科技,sh688510,24.17,24.07,24.17,1911900.0,24.17,7500,24.23,2000,0.42,24.17,24.17,1911900,460000.0,0.01,0.0,62.82,62.82,28.88,19.26,0.0
洁雅股份,sz301108,38.04,37.89,38.04,3400.0,37.8,200,38.04,100,0.4,38.04,38.04,3400,130000.0,0.01,0.0,24.66,42.82,45.47,30.31,0.0
银邦股份,sz300337,10.2,10.27,10.2,29400.0,10.2,5100,10.21,2100,-0.68,10.2,10.2,29400,300000.0,0.0,0.0,72.56,83.84,12.32,8.22,0.0
太力科技,sz301595,41.98,41.91,41.98,1200.0,41.85,100,41.98,500,0.17,41.98,41.98,1200,50000.0,0.0,0.0,17.14,45.46,50.29,33.53,0.0
惠发食品,sh603536,9.92,9.96,9.92,56700.0,9.92,9400,9.94,1100,-0.4,9.92,9.92,56700,560000.0,0.02,0.0,23.86,23.86,10.96,8.96,0.0
连云港,sh601008,4.36,4.37,4.36,41400.0,4.35,100,4.36,9600,-0.23,4.36,4.36,41400,180000.0,0.0,0.0,54.09,54.09,4.81,3.93,0.0
芯动联科,sh688582,42.5,44.52,42.5,16325200.0,42.5,1800,42.52,12000,-4.54,42.5,42.5,16325200,6940000.0,0.04,0.0,170.74,170.74,53.42,35.62,0.0
华旺科技,sh605377,9.21,9.19,9.21,48400.0,9.2,34800,9.21,8900,0.22,9.21,9.21,48400,450000.0,0.01,0.0,51.27,51.27,10.11,8.27,0.0
德林海,sh688069,31.48,31.8,31.48,872000.0,31.02,200,31.48,3800,-1.01,31.48,31.48,872000,270000.0,0.01,0.0,49.31,49.31,38.16,25.44,0.0
快可电子,sz301278,28.21,28.22,28.21,1500.0,28.15,100,28.22,600,-0.04,28.21,28.21,1500,40000.0,0.0,0.0,14.5,25.31,33.86,22.58,0.0
巴比食品,sh605338,19.54,19.54,19.54,1900.0,19.54,7300,19.55,200,0.0,19.54,19.54,1900,40000.0,0.0,0.0,46.81,46.81,21.49,17.59,0.0
趣睡科技,sz301336,44.5,43.77,44.5,3200.0,44.5,2400,44.8,100,1.67,44.5,44.5,3200,140000.0,0.01,0.0,17.87,23.1,52.52,35.02,0.0
富奥股份,sz000030,4.32,4.33,4.32,32800.0,4.32,500,4.33,12300,-0.23,4.32,4.32,32800,140000.0,0.0,0.0,72.18,74.3,4.76,3.9,0.0
南特科技,bj920124,12.9,12.9,12.9,3000.0,12.9,3400,12.96,600,0.0,12.9,12.9,3000,38700.0,0.0,0.0,9.88,19.19,16.77,9.03,0.0
威腾电气,sh688226,31.34,31.34,31.34,517700.0,31.34,8900,31.36,200,0.0,31.34,31.34,517700,160000.0,0.0,0.0,59.16,61.45,37.61,25.07,0.0
联影医疗,sh688271,107.8,107.8,107.8,519400.0,107.8,16800,107.81,200,0.0,107.8,107.8,519400,560000.0,0.0,0.0,888.44,888.44,129.36,86.24,0.0
中纺标,bj920122,22.69,22.7,22.69,1500.0,22.63,1200,22.69,900,-0.04,22.69,22.69,1500,34000.0,0.0,0.0,8.48,20.93,29.51,15.89,0.0
四川长虹,sh600839,7.14,7.17,7.14,329000.0,7.13,30900,7.14,204800,-0.42,7.14,7.14,329000,2350000.0,0.01,0.0,329.51,329.6,7.89,6.45,0.0
唯特偶,sz301319,124.01,123.19,124.01,82000.0,124.01,7800,124.19,100,0.67,124.01,124.01,82000,10170000.0,0.06,0.0,170.53,226.27,147.83,98.55,0.0
中草香料,bj920016,12.85,12.94,12.85,3000.0,12.84,6000,12.85,800,-0.7,12.85,12.85,3000,38600.0,0.01,0.0,4.4,9.89,16.82,9.06,0.0
*ST岭南,sz002717,1.0,1.01,1.0,352500.0,1.0,5630100,1.01,1661000,-0.99,1.0,1.0,352500,350000.0,0.02,0.0,17.19,18.2,1.11,0.91,0.0
中国东航,sh600115,3.51,3.53,3.51,1237500.0,3.5,2424500,3.51,22800,-0.57,3.51,3.51,1237500,4340000.0,0.01,0.0,597.58,775.28,3.88,3.18,0.0
华塑控股,sz000509,3.4,3.36,3.4,152200.0,3.38,10000,3.4,1000,1.19,3.4,3.4,152200,520000.0,0.01,0.0,36.49,36.49,3.7,3.02,0.0
*ST准油,sz002207,6.08,6.05,6.08,125700.0,6.08,5600,6.09,20000,0.5,6.08,6.08,125700,760000.0,0.05,0.0,15.86,15.93,6.66,5.45,0.0
山鹰国际,sh600567,1.34,1.34,1.34,566400.0,1.33,15772200,1.34,2391000,0.0,1.34,1.34,566400,760000.0,0.01,0.0,83.15,83.15,1.47,1.21,0.0
信维通信,sz300136,70.4,70.4,70.4,163200.0,70.3,200,70.4,4700,0.0,70.4,70.4,163200,11490000.0,0.02,0.0,580.94,681.17,84.48,56.32,0.0
索辰科技,sh688507,180.2,182.0,180.2,4067300.0,180.2,300,180.8,200,-0.99,180.2,180.2,4067300,7330000.0,0.08,0.0,88.72,160.57,218.4,145.6,0.0
众诚科技,bj920207,22.67,22.72,22.67,500.0,22.67,0,22.69,2100,-0.22,22.67,22.67,500,11299.999999999998,0.0,0.0,12.77,20.9,29.53,15.91,0.0
无锡鼎邦,bj920931,10.69,10.64,0.0,0.0,10.69,18200,10.69,18200,0.47,0.0,0.0,0,0.0,0.0,0.0,3.08,10.04,13.83,7.45,0.0
三特索道,sz002159,13.61,13.66,13.61,7100.0,13.53,2000,13.61,4400,-0.37,13.61,13.61,7100,100000.0,0.01,0.0,18.85,24.13,15.03,12.29,0.0
重庆建工,sh600939,2.59,2.6,2.59,7500.0,2.59,11900,2.6,1500,-0.38,2.59,2.59,7500,20000.0,0.0,0.0,49.27,49.27,2.86,2.34,0.0
金新农,sz002548,4.2,4.2,4.2,145400.0,4.2,46100,4.21,300,0.0,4.2,4.2,145400,610000.0,0.02,0.0,33.79,34.78,4.62,3.78,0.0
中航光电,sz002179,35.62,35.82,35.62,54600.0,35.62,4100,35.64,300,-0.56,35.62,35.62,54600,1940000.0,0.0,0.0,746.75,748.11,39.4,32.24,0.0
钱江生化,sh600796,5.17,5.17,5.17,2800.0,5.17,1500,5.18,4000,0.0,5.17,5.17,2800,10000.0,0.0,0.0,16.1,44.8,5.69,4.65,0.0
天地数码,sz300743,15.14,15.12,15.14,6500.0,15.14,300,15.17,1400,0.13,15.14,15.14,6500,100000.0,0.01,0.0,19.29,22.89,18.14,12.1,0.0
华映科技,sz000536,3.33,3.32,3.33,179500.0,3.32,12200,3.33,8700,0.3,3.33,3.33,179500,600000.0,0.01,0.0,92.01,92.11,3.65,2.99,0.0
东华能源,sz002221,5.51,5.5,5.51,49500.0,5.51,95000,5.52,34500,0.18,5.51,5.51,49500,270000.0,0.0,0.0,80.5,86.84,6.05,4.95,0.0
融发核电,sz002366,6.1,6.1,6.1,212600.0,6.09,100,6.1,7100,0.0,6.1,6.1,212600,1300000.0,0.01,0.0,112.87,126.94,6.71,5.49,0.0
佳云科技,sz300242,4.3,4.33,4.3,32700.0,4.3,29000,4.31,7700,-0.69,4.3,4.3,32700,140000.0,0.01,0.0,27.29,27.29,5.2,3.46,0.0
东风科技,sh600081,10.5,10.59,10.5,53100.0,10.49,2600,10.5,8500,-0.85,10.5,10.5,53100,560000.0,0.01,0.0,58.07,58.07,11.65,9.53,0.0
普天科技,sz002544,17.36,17.44,17.36,18900.0,17.32,400,17.36,800,-0.46,17.36,17.36,18900,330000.0,0.0,0.0,118.13,118.14,19.18,15.7,0.0
天元宠物,sz301335,23.01,23.5,23.01,188400.0,23.01,4400,23.03,200,-2.09,23.01,23.01,188400,4340000.0,0.21,0.0,20.34,29.41,28.2,18.8,0.0
普冉股份,sh688766,470.18,466.0,470.18,16847400.0,470.18,50100,470.34,2500,0.9,470.18,470.18,16847400,79210000.0,0.11,0.0,699.17,699.17,559.2,372.8,0.0
富士达,bj920640,27.32,27.06,27.32,15100.0,27.32,1100,27.33,2000,0.96,27.32,27.32,15100,412100.0,0.01,0.0,49.34,51.29,35.17,18.95,0.0
吉冈精密,bj920720,9.51,9.49,9.51,5000.0,9.45,5500,9.51,1200,0.21,9.51,9.51,5000,47100.0,0.01,0.0,7.04,25.19,12.33,6.65,0.0
昊志机电,sz300503,76.8,76.78,76.8,72000.0,76.8,10700,76.83,100,0.03,76.8,76.8,72000,5530000.0,0.03,0.0,185.25,236.72,92.14,61.42,0.0
美年健康,sz002044,4.94,4.96,4.94,196400.0,4.93,36400,4.94,29000,-0.4,4.94,4.94,196400,970000.0,0.01,0.0,191.39,193.36,5.46,4.46,0.0
大众交通,sh600611,4.91,4.93,4.91,355100.0,4.9,35700,4.91,8600,-0.41,4.91,4.91,355100,1740000.0,0.02,0.0,76.76,116.08,5.42,4.44,0.0
中水渔业,sz000798,8.4,8.44,8.4,31500.0,8.4,300,8.43,1800,-0.47,8.4,8.4,31500,260000.0,0.01,0.0,30.73,30.73,9.28,7.6,0.0
航天彩虹,sz002389,18.62,18.64,18.62,57400.0,18.62,400,18.63,25800,-0.11,18.62,18.62,57400,1070000.0,0.01,0.0,183.36,183.39,20.5,16.78,0.0
雅达股份,bj920556,6.77,6.78,6.77,2200.0,6.72,3200,6.77,3600,-0.15,6.77,6.77,2200,14900.0,0.0,0.0,7.88,10.88,8.81,4.75,0.0
博迁新材,sh605376,175.68,175.66,175.68,52700.0,175.68,300,175.75,500,0.01,175.68,175.68,52700,9260000.0,0.02,0.0,459.58,459.58,193.23,158.09,0.0
长久物流,sh603569,5.93,5.91,5.93,19400.0,5.91,1000,5.93,8000,0.34,5.93,5.93,19400,120000.0,0.0,0.0,35.79,35.79,6.5,5.32,0.0
欧亚集团,sh600697,10.8,10.78,10.8,10800.0,10.71,2000,10.8,8000,0.19,10.8,10.8,10800,120000.0,0.01,0.0,16.78,17.18,11.86,9.7,0.0
森马服饰,sz002563,5.93,5.76,5.93,1028600.0,5.92,13200,5.93,2100,2.95,5.93,5.93,1028600,6100000.0,0.05,0.0,131.26,159.76,6.34,5.18,0.0
ST能特,sz002102,2.24,2.24,2.24,59600.0,2.23,42100,2.24,50600,0.0,2.24,2.24,59600,130000.0,0.0,0.0,47.71,55.45,2.46,2.02,0.0
*ST三六五,sz300295,12.46,12.55,12.46,8000.0,12.46,4200,12.7,3000,-0.72,12.46,12.46,8000,100000.0,0.0,0.0,20.89,23.63,15.06,10.04,0.0
ST明诚,sh600136,1.44,1.44,1.44,21100.0,1.43,1388200,1.44,13700,0.0,1.44,1.44,21100,30000.0,0.0,0.0,27.98,29.39,1.58,1.3,0.0
青岛金王,sz002094,4.74,4.72,4.74,23700.0,4.72,1400,4.74,1900,0.42,4.74,4.74,23700,110000.0,0.0,0.0,32.73,32.75,5.19,4.25,0.0
安凯客车,sz000868,3.65,3.66,3.65,41100.0,3.65,8100,3.66,1000,-0.27,3.65,3.65,41100,150000.0,0.0,0.0,34.29,34.29,4.03,3.29,0.0
天域生物,sh603717,6.41,6.38,6.41,51700.0,6.39,1700,6.41,5100,0.47,6.41,6.41,51700,330000.0,0.02,0.0,18.6,18.6,7.02,5.74,0.0
宝鹰股份,sz002047,3.57,3.64,3.57,1254700.0,3.57,92600,3.58,3000,-1.92,3.57,3.57,1254700,4480000.0,0.08,0.0,54.13,54.13,4.0,3.28,0.0
易明医药,sz002826,17.94,17.84,17.94,40900.0,17.94,28100,17.95,200,0.56,17.94,17.94,40900,730000.0,0.02,0.0,33.14,34.21,19.62,16.06,0.0
武汉天源,sz301127,18.86,18.14,18.86,1300200.0,18.86,209400,18.87,6900,3.97,18.86,18.86,1300200,24520000.0,0.2,0.0,123.42,127.13,21.77,14.51,0.0
退市华嵘,sh600421,0.24,0.24,0.0,0.0,0.0,0,0.0,0,0.0,0.0,0.0,0,0.0,0.0,0.0,0.47,0.47,-1.0,-1.0,0.0
卫宁健康,sz300253,7.59,7.63,7.59,101400.0,7.59,5600,7.6,8200,-0.52,7.59,7.59,101400,770000.0,0.01,0.0,140.77,167.08,9.16,6.1,0.0
丽尚国潮,sh600738,4.07,4.05,4.07,71000.0,4.05,270000,4.07,3900,0.49,4.07,4.07,71000,290000.0,0.01,0.0,30.96,30.99,4.46,3.65,0.0
和展能源,sz000809,3.46,3.48,3.46,26000.0,3.46,4300,3.47,6200,-0.57,3.46,3.46,26000,90000.0,0.0,0.0,28.54,28.54,3.83,3.13,0.0
浙商中拓,sz000906,5.33,5.35,5.33,22600.0,5.33,2100,5.35,31600,-0.37,5.33,5.33,22600,120000.0,0.0,0.0,37.38,37.83,5.89,4.82,0.0
中国汽研,sh601965,14.09,14.08,14.09,5600.0,14.08,5000,14.09,8500,0.07,14.09,14.09,5600,80000.0,0.0,0.0,140.68,141.27,15.49,12.67,0.0
创业慧康,sz300451,3.63,3.61,3.63,38100.0,3.62,2800,3.63,19400,0.55,3.63,3.63,38100,140000.0,0.0,0.0,55.42,56.23,4.33,2.89,0.0
飞利信,sz300287,3.75,3.76,3.75,55700.0,3.75,58100,3.76,55900,-0.27,3.75,3.75,55700,210000.0,0.0,0.0,49.44,53.82,4.51,3.01,0.0
亨迪药业,sz301211,12.32,12.44,12.32,288400.0,12.32,1900,12.34,600,-0.96,12.32,12.32,288400,3550000.0,0.07,0.0,51.45,51.45,14.93,9.95,0.0
电科数字,sh600850,15.0,15.05,15.0,16900.0,15.0,700,15.01,2800,-0.33,15.0,15.0,16900,250000.0,0.0,0.0,122.44,122.44,16.56,13.55,0.0
天马新材,bj920971,27.79,27.45,0.0,0.0,27.79,16500,27.79,16500,1.24,0.0,0.0,0,0.0,0.0,0.0,23.82,28.89,35.68,19.22,0.0
华联股份,sz000882,1.46,1.46,1.46,685500.0,1.45,1569300,1.46,149300,0.0,1.46,1.46,685500,1000000.0,0.03,0.0,39.94,39.97,1.61,1.31,0.0
利尔达,bj920249,9.45,9.51,9.45,33400.0,9.4,36700,9.45,16100,-0.63,9.45,9.45,33400,315500.0,0.03,0.0,11.78,39.84,12.36,6.66,0.0
西藏旅游,sh600749,13.83,13.87,13.83,16000.0,13.83,35600,13.87,300,-0.29,13.83,13.83,16000,220000.0,0.01,0.0,31.39,31.39,15.26,12.48,0.0
贝瑞基因,sz000710,9.15,9.06,9.15,81700.0,9.07,1700,9.15,2400,0.99,9.15,9.15,81700,750000.0,0.02,0.0,30.15,32.35,9.97,8.15,0.0
惠同新材,bj920751,16.22,16.22,16.22,5000.0,16.2,1200,16.22,17900,0.0,16.22,16.22,5000,81100.0,0.01,0.0,13.47,14.08,21.08,11.36,0.0
国源科技,bj920184,11.39,11.29,11.39,12900.0,11.39,1900,11.4,2600,0.89,11.39,11.39,12900,146800.0,0.01,0.0,10.18,15.0,14.67,7.91,0.0
晶科科技,sh601778,3.88,3.83,3.88,1175600.0,3.87,11100,3.88,46700,1.31,3.88,3.88,1175600,4560000.0,0.03,0.0,144.45,144.45,4.21,3.45,0.0
新世界,sh600628,6.26,6.27,6.26,35000.0,6.25,500,6.26,1000,-0.16,6.26,6.26,35000,220000.0,0.01,0.0,40.49,40.49,6.9,5.64,0.0
慈文传媒,sz002343,5.11,5.14,5.11,37100.0,5.11,16700,5.12,300,-0.58,5.11,5.11,37100,190000.0,0.01,0.0,24.21,24.21,5.65,4.63,0.0
金马游乐,sz300756,30.23,30.27,30.23,10200.0,30.23,6000,30.26,7600,-0.13,30.23,30.23,10200,310000.0,0.01,0.0,58.04,66.7,36.32,24.22,0.0
烽火电子,sz000561,7.66,7.67,7.66,8100.0,7.65,17600,7.66,9700,-0.13,7.66,7.66,8100,60000.0,0.0,0.0,59.46,66.18,8.44,6.9,0.0
信凯科技,sz001335,32.22,32.07,32.22,7000.0,32.2,200,32.26,900,0.47,32.22,32.22,7000,230000.0,0.03,0.0,8.23,30.2,35.28,28.86,0.0
*ST实达,sh600734,1.69,1.69,1.69,302800.0,1.69,38300,1.7,1844300,0.0,1.69,1.69,302800,510000.0,0.01,0.0,36.81,36.81,1.86,1.52,0.0
京投发展,sh600683,11.35,11.71,11.35,1065000.0,11.33,10900,11.35,96500,-3.07,11.35,11.35,1065000,12090000.0,0.14,0.0,84.08,84.08,12.88,10.54,0.0
京城股份,sh600860,9.34,9.43,9.34,264200.0,9.33,700,9.34,7300,-0.95,9.34,9.34,264200,2470000.0,0.06,0.0,41.47,51.14,10.37,8.49,0.0
京源环保,sh688096,8.93,8.93,8.93,2940000.0,8.93,11900,8.94,4100,0.0,8.93,8.93,2940000,260000.0,0.01,0.0,20.87,20.87,10.72,7.14,0.0
西子洁能,sz002534,16.06,16.09,16.06,32600.0,16.06,1400,16.12,3000,-0.19,16.06,16.06,32600,520000.0,0.0,0.0,132.55,134.25,17.7,14.48,0.0
天元智能,sh603273,14.57,14.48,14.57,7900.0,14.57,100,14.58,100,0.62,14.57,14.57,7900,120000.0,0.01,0.0,8.17,31.39,15.93,13.03,0.0
瑞华泰,sh688323,30.5,30.9,30.5,16486500.0,30.49,9300,30.5,8600,-1.29,30.5,30.5,16486500,5030000.0,0.08,0.0,61.12,61.12,37.08,24.72,0.0
乐创技术,bj920425,14.66,14.67,14.66,1500.0,14.59,2400,14.66,8500,-0.07,14.66,14.66,1500,22000.0,0.0,0.0,12.15,14.76,19.07,10.27,0.0
华原股份,bj920837,9.86,9.82,9.86,100.0,9.8,5000,9.86,900,0.41,9.86,9.86,100,1000.0,0.0,0.0,13.49,15.06,12.76,6.88,0.0
全通教育,sz300359,4.29,4.27,4.29,30400.0,4.28,26400,4.29,5100,0.47,4.29,4.29,30400,130000.0,0.0,0.0,27.17,27.17,5.12,3.42,0.0
ST龙大,sz002726,2.37,2.36,2.37,1256100.0,2.37,190700,2.38,76300,0.42,2.37,2.37,1256100,2980000.0,0.09,0.0,32.24,32.26,2.6,2.12,0.0
苏奥传感,sz300507,6.63,6.66,6.63,52700.0,6.62,11000,6.63,3400,-0.45,6.63,6.63,52700,350000.0,0.01,0.0,51.6,53.31,7.99,5.33,0.0
*ST长投,sh600119,4.56,4.54,4.56,22400.0,4.5,17000,4.56,5300,0.44,4.56,4.56,22400,100000.0,0.01,0.0,16.66,16.66,4.99,4.09,0.0
盛航股份,sz001205,14.44,14.36,14.44,50700.0,14.36,106800,14.44,800,0.56,14.44,14.44,50700,730000.0,0.03,0.0,24.04,27.15,15.8,12.92,0.0
同庆楼,sh605108,12.64,12.7,12.64,1500.0,12.64,44500,12.65,4800,-0.47,12.64,12.64,1500,20000.0,0.0,0.0,32.86,32.86,13.97,11.43,0.0
中顺洁柔,sz002511,7.14,7.15,7.14,12500.0,7.14,1200,7.16,2100,-0.14,7.14,7.14,12500,90000.0,0.0,0.0,90.32,91.47,7.87,6.44,0.0
联合精密,sz001268,20.25,20.25,20.25,6700.0,20.2,200,20.25,100,0.0,20.25,20.25,6700,140000.0,0.01,0.0,19.1,30.52,22.28,18.23,0.0
神通科技,sh605228,11.2,11.19,11.2,25300.0,11.19,1500,11.2,10100,0.09,11.2,11.2,25300,280000.0,0.01,0.0,53.44,53.65,12.31,10.07,0.0
威贸电子,bj920346,15.01,15.12,0.0,0.0,15.01,500,15.19,1400,-0.73,0.0,0.0,0,0.0,0.0,0.0,6.74,12.11,19.65,10.59,0.0
东方精工,sz002611,15.6,15.67,15.6,88000.0,15.58,600,15.6,19100,-0.45,15.6,15.6,88000,1370000.0,0.01,0.0,156.62,189.9,17.24,14.1,0.0
阿尔特,sz300825,11.36,11.41,11.36,133800.0,11.29,1400,11.36,1500,-0.44,11.36,11.36,133800,1520000.0,0.03,0.0,55.04,56.22,13.69,9.13,0.0
佳合科技,bj920392,13.85,13.65,13.85,10000.0,13.82,1000,13.85,7300,1.47,13.85,13.85,10000,138500.0,0.03,0.0,4.99,10.62,17.74,9.56,0.0
宁波方正,sz300998,26.23,26.35,26.23,2000.0,26.23,400,26.43,3200,-0.46,26.23,26.23,2000,50000.0,0.0,0.0,28.24,35.98,31.62,21.08,0.0
科创信息,sz300730,11.81,11.87,11.81,6100.0,11.78,2500,11.81,900,-0.51,11.81,11.81,6100,70000.0,0.0,0.0,24.42,28.48,14.24,9.5,0.0
光庭信息,sz301221,28.7,28.99,0.0,0.0,28.7,3100,28.89,300,-1.0,0.0,0.0,0,0.0,0.0,0.0,25.64,37.71,34.79,23.19,0.0
中南文化,sz002445,3.06,3.06,0.0,0.0,0.0,0,0.0,0,0.0,0.0,0.0,0,0.0,0.0,0.0,72.41,72.72,3.37,2.75,0.0
智慧农业,sz000816,2.81,2.81,2.81,258000.0,2.81,11600,2.82,13300,0.0,2.81,2.81,258000,720000.0,0.02,0.0,40.45,40.66,3.09,2.53,0.0
新特电气,sz301120,15.81,15.97,15.81,19600.0,15.81,1600,15.85,300,-1.0,15.81,15.81,19600,310000.0,0.01,0.0,35.69,58.99,19.16,12.78,0.0
德众汽车,bj920030,4.48,4.45,4.48,5500.0,4.41,24300,4.48,5300,0.67,4.48,4.48,5500,24600.0,0.0,0.0,5.04,8.01,5.78,3.12,0.0
新赣江,bj920367,30.5,30.69,30.5,34400.0,30.38,1000,30.5,5400,-0.62,30.5,30.5,34400,1047800.0,0.08,0.0,12.81,21.61,39.89,21.49,0.0
曲美家居,sh603818,3.65,3.69,3.65,137400.0,3.65,55700,3.69,300,-1.08,3.65,3.65,137400,500000.0,0.02,0.0,25.06,25.06,4.06,3.32,0.0
嘉麟杰,sz002486,2.66,2.67,2.66,1029100.0,2.66,16100,2.67,8000,-0.37,2.66,2.66,1029100,2740000.0,0.13,0.0,21.82,21.93,2.94,2.4,0.0
步步高,sz002251,3.81,3.78,3.81,823000.0,3.8,85400,3.81,58100,0.79,3.81,3.81,823000,3140000.0,0.04,0.0,84.68,102.44,4.16,3.4,0.0
利仁科技,sz001259,48.57,48.28,48.57,7000.0,48.47,100,48.57,300,0.6,48.57,48.57,7000,340000.0,0.01,0.0,23.09,35.74,53.11,43.45,0.0
*ST宁视,sz300076,4.55,4.55,4.55,25700.0,4.55,80000,4.57,5200,0.0,4.55,4.55,25700,120000.0,0.01,0.0,19.29,19.29,5.46,3.64,0.0
ST兴化,sz002109,2.71,2.7,2.71,116200.0,2.69,2100,2.71,158500,0.37,2.71,2.71,116200,310000.0,0.01,0.0,34.59,34.59,2.97,2.43,0.0
*ST皇庭,sz000056,1.99,1.99,1.99,145400.0,1.98,10300,1.99,71300,0.0,1.99,1.99,145400,290000.0,0.02,0.0,17.98,23.53,2.19,1.79,0.0
浩淼科技,bj920856,12.88,13.12,0.0,0.0,12.88,11300,12.88,11300,-1.83,0.0,0.0,0,0.0,0.0,0.0,6.83,12.25,17.05,9.19,0.0
壹网壹创,sz300792,24.99,25.1,24.99,4500.0,24.93,700,24.99,1400,-0.44,24.99,24.99,4500,110000.0,0.0,0.0,53.29,59.39,30.12,20.08,0.0
沪江材料,bj920204,12.94,12.98,12.94,2100.0,12.94,900,12.97,1300,-0.31,12.94,12.94,2100,27200.000000000004,0.0,0.0,6.47,12.2,16.87,9.09,0.0
长亮科技,sz300348,9.24,9.28,9.24,6300.0,9.24,800,9.26,3300,-0.43,9.24,9.24,6300,60000.0,0.0,0.0,67.49,75.06,11.14,7.42,0.0
飞天诚信,sz300386,11.15,11.21,11.15,12600.0,11.15,3500,11.19,800,-0.54,11.15,11.15,12600,140000.0,0.01,0.0,27.96,46.61,13.45,8.97,0.0
ST得润,sz002055,5.77,5.78,5.77,27700.0,5.75,6000,5.77,34500,-0.17,5.77,5.77,27700,160000.0,0.0,0.0,34.27,34.88,6.36,5.2,0.0
厚普股份,sz300471,10.3,10.2,10.3,125900.0,10.3,32400,10.31,19400,0.98,10.3,10.3,125900,1300000.0,0.03,0.0,38.6,48.43,12.24,8.16,0.0
华测导航,sz300627,29.0,29.09,29.0,35100.0,29.0,6500,29.01,2500,-0.31,29.0,29.0,35100,1020000.0,0.01,0.0,190.57,230.25,34.91,23.27,0.0
*ST福成,sh600965,2.95,2.85,2.95,889700.0,2.93,44800,2.95,4700,3.51,2.95,2.95,889700,2620000.0,0.11,0.0,24.15,24.15,3.14,2.57,0.0
ST喜临门,sh603008,7.9,7.88,7.9,25200.0,7.9,9900,7.92,2000,0.25,7.9,7.9,25200,200000.0,0.01,0.0,29.1,29.1,8.67,7.09,0.0
万里扬,sz002434,5.98,5.99,5.98,45900.0,5.97,1400,5.98,6000,-0.17,5.98,5.98,45900,270000.0,0.0,0.0,78.42,78.49,6.59,5.39,0.0
英唐智控,sz300131,17.0,17.0,17.0,289600.0,17.0,10000,17.02,8500,0.0,17.0,17.0,289600,4920000.0,0.03,0.0,177.19,192.95,20.4,13.6,0.0
ST宁科,sh600165,2.94,2.67,2.94,574900.0,2.94,14463900,0.0,0,10.11,2.94,2.94,574900,1690000.0,0.08,0.0,21.55,47.51,2.94,2.4,0.0
工大高科,sh688367,31.42,31.28,31.42,500000.0,31.0,1000,31.42,500,0.45,31.42,31.42,500000,160000.0,0.01,0.0,27.53,27.53,37.54,25.02,0.0
天目湖,sh603136,9.04,9.01,9.04,16200.0,9.01,11300,9.04,5600,0.33,9.04,9.04,16200,150000.0,0.01,0.0,24.42,24.42,9.91,8.11,0.0
卓郎智能,sh600545,4.86,4.86,4.86,2837000.0,4.86,82300,4.87,55600,0.0,4.86,4.86,2837000,13790000.0,0.16,0.0,86.89,86.89,5.35,4.37,0.0
金盘科技,sh688676,74.45,73.78,74.45,7728100.0,74.45,2500,74.46,100,0.91,74.45,74.45,7728100,5750000.0,0.02,0.0,342.31,342.31,88.54,59.02,0.0
玉马科技,sz300993,10.03,10.06,10.03,17600.0,10.03,6100,10.05,8700,-0.3,10.03,10.03,17600,180000.0,0.01,0.0,24.26,30.91,12.07,8.05,0.0
新宏泽,sz002836,10.2,10.19,10.2,17100.0,10.2,5900,10.22,100,0.1,10.2,10.2,17100,170000.0,0.01,0.0,23.5,23.5,11.21,9.17,0.0
均胜电子,sh600699,20.96,20.98,20.96,63900.0,20.95,200,20.96,4600,-0.1,20.96,20.96,63900,1340000.0,0.0,0.0,292.53,325.04,23.08,18.88,0.0
中大力德,sz002896,80.99,80.0,80.99,150700.0,80.98,200,80.99,26500,1.24,80.99,80.99,150700,12210000.0,0.08,0.0,159.16,159.16,88.0,72.0,0.0
美心翼申,bj920833,9.99,9.94,9.99,900.0,9.99,2200,10.0,3900,0.5,9.99,9.99,900,8600.0,0.0,0.0,8.65,11.44,12.92,6.96,0.0
科拜尔,bj920066,16.73,16.87,0.0,0.0,16.73,1200,16.85,200,-0.83,0.0,0.0,0,0.0,0.0,0.0,3.32,10.52,21.93,11.81,0.0
韩建河山,sh603616,5.46,5.48,5.46,80900.0,5.46,11100,5.48,5000,-0.36,5.46,5.46,80900,440000.0,0.02,0.0,20.98,21.14,6.03,4.93,0.0
红相股份,sz300427,7.27,7.11,7.27,138500.0,7.27,7900,7.28,16300,2.25,7.27,7.27,138500,1010000.0,0.03,0.0,36.57,36.97,8.53,5.69,0.0
三祥科技,bj920195,12.54,12.54,12.54,20500.0,12.45,1000,12.54,1400,0.0,12.54,12.54,20500,257500.0,0.03,0.0,8.87,12.29,16.3,8.78,0.0
西域旅游,sz300859,27.4,27.5,27.4,4100.0,27.4,4100,27.45,200,-0.36,27.4,27.4,4100,110000.0,0.0,0.0,42.47,42.47,33.0,22.0,0.0
东晶电子,sz002199,12.86,12.85,12.86,20200.0,12.85,3700,12.86,1300,0.08,12.86,12.86,20200,260000.0,0.01,0.0,29.7,31.31,14.14,11.57,0.0
安居宝,sz300155,4.31,4.33,4.31,28800.0,4.3,100,4.31,1200,-0.46,4.31,4.31,28800,120000.0,0.01,0.0,14.2,24.19,5.2,3.46,0.0
广脉科技,bj920924,15.0,15.26,15.0,15400.0,14.98,1000,15.0,19000,-1.7,15.0,15.0,15400,231200.0,0.02,0.0,9.81,16.09,19.83,10.69,0.0
维康药业,sz300878,35.12,35.12,35.12,3100.0,34.8,1000,35.12,2700,0.0,35.12,35.12,3100,110000.0,0.0,0.0,50.62,50.85,42.14,28.1,0.0
五洲医疗,sz301234,95.01,94.05,95.01,53200.0,95.0,1200,95.01,100,1.02,95.01,95.01,53200,5050000.0,0.13,0.0,38.17,64.61,112.86,75.24,0.0
赤天化,sh600227,3.35,3.41,3.35,1199400.0,3.35,178700,3.36,1000,-1.76,3.35,3.35,1199400,4020000.0,0.09,0.0,42.8,56.57,3.75,3.07,0.0
方直科技,sz300235,11.51,11.41,11.51,18200.0,11.46,300,11.51,12500,0.88,11.51,11.51,18200,210000.0,0.01,0.0,23.38,28.98,13.69,9.13,0.0
哈森股份,sh603958,18.46,16.78,18.46,292300.0,18.46,3942100,0.0,0,10.01,18.46,18.46,292300,5400000.0,0.13,0.0,40.49,40.49,18.46,15.1,0.0
赛伍技术,sh603212,11.92,11.98,11.92,43800.0,11.92,700,11.93,100,-0.5,11.92,11.92,43800,520000.0,0.01,0.0,52.15,52.15,13.18,10.78,0.0
汽轮科技,sz300277,12.63,12.66,12.63,37600.0,12.63,26100,12.64,2500,-0.24,12.63,12.63,37600,470000.0,0.0,0.0,96.68,191.55,15.19,10.13,0.0
建邦科技,bj920242,13.98,13.9,13.98,4800.0,13.89,600,13.98,300,0.58,13.98,13.98,4800,66600.0,0.01,0.0,7.37,13.17,18.07,9.73,0.0
*ST赛为,sz300044,5.2,5.23,5.2,154500.0,5.2,46500,5.22,800,-0.57,5.2,5.2,154500,800000.0,0.02,0.0,37.2,39.72,6.28,4.18,0.0
普邦股份,sz002663,1.7,1.7,1.7,55800.0,1.69,207500,1.7,46600,0.0,1.7,1.7,55800,90000.0,0.0,0.0,29.02,29.3,1.87,1.53,0.0
盐津铺子,sz002847,48.48,48.48,48.48,12000.0,48.48,200,48.49,3700,0.0,48.48,48.48,12000,580000.0,0.0,0.0,118.23,130.99,53.33,43.63,0.0
上海凯鑫,sz300899,29.47,29.47,29.47,6500.0,29.47,4000,29.54,400,0.0,29.47,29.47,6500,190000.0,0.02,0.0,12.06,18.8,35.36,23.58,0.0
纽泰格,sz301229,12.46,12.46,12.46,6900.0,12.46,200,12.5,100,0.0,12.46,12.46,6900,90000.0,0.01,0.0,16.11,22.65,14.95,9.97,0.0
日海智能,sz002313,8.69,8.6,8.69,119700.0,8.68,1000,8.69,7600,1.05,8.69,8.69,119700,1040000.0,0.03,0.0,32.53,32.54,9.46,7.74,0.0
恒久退,sz002808,0.22,0.22,0.0,0.0,0.0,0,0.0,0,0.0,0.0,0.0,0,0.0,0.0,0.0,0.41,0.59,-1.0,-1.0,0.0
华鹏飞,sz300350,4.36,4.37,4.36,38500.0,4.35,12400,4.36,22200,-0.23,4.36,4.36,38500,170000.0,0.01,0.0,20.56,24.5,5.24,3.5,0.0
旷达科技,sz002516,5.39,5.42,5.39,68700.0,5.39,5800,5.4,4900,-0.55,5.39,5.39,68700,370000.0,0.0,0.0,78.72,79.28,5.96,4.88,0.0
风光股份,sz301100,16.65,16.65,16.65,2000.0,16.65,2400,16.68,3000,0.0,16.65,16.65,2000,30000.0,0.0,0.0,14.77,33.5,19.98,13.32,0.0
宏辉果蔬,sh603336,9.11,9.18,9.11,62200.0,9.11,27100,9.12,100,-0.76,9.11,9.11,62200,570000.0,0.01,0.0,55.45,55.45,10.1,8.26,0.0
通灵股份,sz301168,42.11,42.24,42.11,3200.0,42.0,400,42.11,600,-0.31,42.11,42.11,3200,130000.0,0.0,0.0,40.14,50.53,50.69,33.79,0.0
长春一东,sh600148,15.58,15.55,15.58,5900.0,15.58,100,15.6,100,0.19,15.58,15.58,5900,90000.0,0.0,0.0,22.05,22.05,17.11,14.0,0.0
园林股份,sh605303,22.12,22.12,22.12,11700.0,22.1,200,22.12,2000,0.0,22.12,22.12,11700,260000.0,0.01,0.0,35.67,35.67,24.33,19.91,0.0
瑞康医药,sz002589,3.53,3.58,3.53,1342700.0,3.53,4000,3.54,17900,-1.4,3.53,3.53,1342700,4740000.0,0.1,0.0,48.21,53.12,3.94,3.22,0.0
中瑞股份,sz301587,21.72,21.84,21.72,11800.0,21.72,9900,21.77,4400,-0.55,21.72,21.72,11800,260000.0,0.02,0.0,15.95,32.0,26.21,17.47,0.0
节能环境,sz300140,5.35,5.35,5.35,52600.0,5.35,23100,5.36,46700,0.0,5.35,5.35,52600,280000.0,0.0,0.0,165.6,165.8,6.42,4.28,0.0
天工股份,bj920068,15.22,15.22,15.22,3300.0,15.22,300,15.29,1000,0.0,15.22,15.22,3300,50199.99999999999,0.0,0.0,26.43,99.78,19.78,10.66,0.0
凌志软件,sh688588,9.88,9.75,9.88,449800.0,9.85,200,9.88,800,1.33,9.88,9.88,449800,40000.0,0.0,0.0,38.53,38.53,11.7,7.8,0.0
兴通股份,sh603209,13.61,13.6,13.61,16800.0,13.6,10100,13.61,500,0.07,13.61,13.61,16800,230000.0,0.01,0.0,43.76,44.23,14.96,12.24,0.0
旋极信息,sz300324,3.8,3.81,3.8,149200.0,3.79,2100,3.8,23100,-0.26,3.8,3.8,149200,570000.0,0.01,0.0,64.98,65.65,4.57,3.05,0.0
ST银江,sz300020,3.5,3.51,3.5,1000.0,3.49,15000,3.5,11300,-0.28,3.5,3.5,1000,0.0,0.0,0.0,26.83,27.81,4.21,2.81,0.0
ST信通,sh600289,4.55,4.55,4.55,3000.0,4.54,500,4.55,5700,0.0,4.55,4.55,3000,10000.0,0.0,0.0,25.75,28.71,5.01,4.1,0.0
粤 传 媒,sz002181,9.11,9.1,9.11,142000.0,9.1,1700,9.11,9100,0.11,9.11,9.11,142000,1290000.0,0.01,0.0,103.36,105.77,10.01,8.19,0.0
世昌股份,bj920022,19.19,19.24,19.19,200.0,19.12,100,19.19,700,-0.26,19.19,19.19,200,2900.0,0.0,0.0,3.19,11.58,25.01,13.47,0.0
万达信息,sz300168,5.22,5.21,5.22,52000.0,5.21,7500,5.22,23500,0.19,5.22,5.22,52000,270000.0,0.0,0.0,75.13,75.2,6.25,4.17,0.0
恒宇信通,sz300965,46.51,46.9,46.51,13600.0,46.51,200,46.6,100,-0.83,46.51,46.51,13600,630000.0,0.03,0.0,25.16,27.91,56.28,37.52,0.0
四维图新,sz002405,6.48,6.51,6.48,35000.0,6.48,3900,6.49,2600,-0.46,6.48,6.48,35000,230000.0,0.0,0.0,152.65,153.58,7.16,5.86,0.0
华菱线缆,sz001208,15.24,15.16,15.24,98700.0,15.24,8600,15.25,1300,0.53,15.24,15.24,98700,1500000.0,0.03,0.0,48.58,97.28,16.68,13.64,0.0
木林森,sz002745,11.85,11.92,11.85,108900.0,11.85,4800,11.86,27600,-0.59,11.85,11.85,108900,1290000.0,0.01,0.0,126.09,175.87,13.11,10.73,0.0
丽江股份,sz002033,9.03,8.98,9.03,122500.0,9.0,900,9.03,5500,0.56,9.03,9.03,122500,1110000.0,0.02,0.0,49.62,49.62,9.88,8.08,0.0
克莱特,bj920689,20.1,20.1,20.1,700.0,20.1,300,20.17,100,0.0,20.1,20.1,700,14300.0,0.0,0.0,7.62,14.75,26.13,14.07,0.0
高凌信息,sh688175,19.85,19.92,19.85,731900.0,19.85,2000,19.87,100,-0.35,19.85,19.85,731900,150000.0,0.0,0.0,33.37,33.37,23.9,15.94,0.0
登康口腔,sz001328,29.26,29.32,29.26,1600.0,29.21,200,29.26,4400,-0.2,29.26,29.26,1600,50000.0,0.0,0.0,47.32,50.38,32.25,26.39,0.0
航天发展,sz000547,16.11,16.03,16.11,227700.0,16.11,10900,16.12,300,0.5,16.11,16.11,227700,3670000.0,0.01,0.0,256.01,257.51,17.63,14.43,0.0
永安行,sh603776,21.71,21.73,21.71,5900.0,21.6,500,21.71,300,-0.09,21.71,21.71,5900,130000.0,0.0,0.0,60.95,60.95,23.9,19.56,0.0
华英农业,sz002321,2.01,2.02,2.01,78400.0,2.01,47000,2.02,28000,-0.5,2.01,2.01,78400,160000.0,0.0,0.0,42.69,42.87,2.22,1.82,0.0
广百股份,sz002187,5.36,5.37,5.36,18400.0,5.35,1000,5.36,400,-0.19,5.36,5.36,18400,100000.0,0.0,0.0,37.57,37.57,5.91,4.83,0.0
纳尔股份,sz002825,9.25,9.27,9.25,2700.0,9.24,300,9.25,1000,-0.22,9.25,9.25,2700,20000.0,0.0,0.0,23.74,31.63,10.2,8.34,0.0
太龙股份,sz300650,12.29,12.37,12.29,29100.0,12.22,800,12.29,21900,-0.65,12.29,12.29,29100,360000.0,0.02,0.0,20.94,29.67,14.84,9.9,0.0
申华控股,sh600653,1.7,1.7,1.7,110100.0,1.69,68200,1.7,121300,0.0,1.7,1.7,110100,190000.0,0.01,0.0,33.09,33.09,1.87,1.53,0.0
国义招标,bj920039,8.82,8.82,8.82,6800.0,8.73,2600,8.82,4600,0.0,8.82,8.82,6800,60300.0,0.0,0.0,13.57,13.57,11.46,6.18,0.0
红豆股份,sh600400,3.25,3.26,3.25,489400.0,3.25,2400,3.26,12200,-0.31,3.25,3.25,489400,1590000.0,0.02,0.0,74.47,74.47,3.59,2.93,0.0
全筑股份,sh603030,2.1,2.09,2.1,93500.0,2.09,32800,2.1,21800,0.48,2.1,2.1,93500,200000.0,0.01,0.0,27.66,27.66,2.3,1.88,0.0
锐明技术,sz002970,54.74,53.73,54.74,10600.0,54.74,700,54.8,800,1.88,54.74,54.74,10600,580000.0,0.01,0.0,69.18,100.68,59.1,48.36,0.0
日盈电子,sh603286,46.14,46.15,46.14,38500.0,46.12,100,46.15,1100,-0.02,46.14,46.14,38500,1780000.0,0.03,0.0,53.93,54.44,50.77,41.54,0.0
球冠电缆,bj920682,5.74,5.75,5.74,1500.0,5.73,100,5.74,300,-0.17,5.74,5.74,1500,8600.0,0.0,0.0,12.96,22.35,7.47,4.03,0.0
金字火腿,sz002515,8.5,7.92,8.5,2878300.0,8.5,323000,8.51,16800,7.32,8.5,8.5,2878300,24470000.0,0.26,0.0,93.66,102.9,8.71,7.13,0.0
天地在线,sz002995,18.0,17.89,18.0,19900.0,17.99,200,18.0,2300,0.61,18.0,18.0,19900,360000.0,0.02,0.0,20.24,31.94,19.68,16.1,0.0
华秦科技,sh688281,49.1,49.22,49.1,952400.0,49.0,1200,49.1,1600,-0.24,49.1,49.1,952400,470000.0,0.0,0.0,187.37,187.37,59.06,39.38,0.0
*ST金灵,sz300091,2.64,2.64,2.64,31400.0,2.64,35200,2.65,53100,0.0,2.64,2.64,31400,80000.0,0.0,0.0,43.18,75.03,3.17,2.11,0.0
同益中,sh688722,14.57,14.57,14.57,590000.0,14.57,1900,14.59,600,0.0,14.57,14.57,590000,90000.0,0.0,0.0,32.65,32.65,17.48,11.66,0.0
大明电子,sh603376,26.46,26.53,26.46,1800.0,26.46,200,26.49,6500,-0.26,26.46,26.46,1800,50000.0,0.01,0.0,8.47,105.84,29.18,23.88,0.0
天阳科技,sz300872,15.63,15.75,15.63,25900.0,15.63,2600,15.66,300,-0.76,15.63,15.63,25900,400000.0,0.01,0.0,65.97,76.29,18.9,12.6,0.0
汉维科技,bj920957,9.23,9.3,0.0,0.0,9.23,1500,9.36,800,-0.75,0.0,0.0,0,0.0,0.0,0.0,3.94,9.9,12.09,6.51,0.0
盛路通信,sz002446,9.18,9.22,9.18,51900.0,9.18,4800,9.19,10700,-0.43,9.18,9.18,51900,480000.0,0.01,0.0,77.83,84.04,10.14,8.3,0.0
千里科技,sh601777,8.37,8.37,8.37,60500.0,8.36,3000,8.37,14700,0.0,8.37,8.37,60500,510000.0,0.0,0.0,378.42,378.42,9.21,7.53,0.0
豪能股份,sh603809,9.27,9.31,9.27,16700.0,9.27,20500,9.28,7300,-0.43,9.27,9.27,16700,150000.0,0.0,0.0,85.31,85.31,10.24,8.38,0.0
健盛集团,sh603558,12.03,12.09,12.03,4100.0,12.0,2000,12.03,1500,-0.5,12.03,12.03,4100,50000.0,0.0,0.0,41.22,41.22,13.3,10.88,0.0
恒工精密,sz301261,60.2,60.2,60.2,2400.0,60.02,100,60.2,500,0.0,60.2,60.2,2400,140000.0,0.0,0.0,62.96,63.49,72.24,48.16,0.0
联迪信息,bj920790,23.04,23.1,23.04,4400.0,23.0,100,23.04,800,-0.26,23.04,23.04,4400,101400.0,0.01,0.0,12.52,18.19,30.03,16.17,0.0
金橙子,sh688291,44.41,44.28,44.41,2091800.0,44.41,400,44.46,3500,0.29,44.41,44.41,2091800,930000.0,0.02,0.0,45.59,45.59,53.14,35.42,0.0
中广核技,sz000881,6.55,6.61,6.55,36900.0,6.54,26100,6.55,3300,-0.91,6.55,6.55,36900,240000.0,0.0,0.0,59.19,61.93,7.27,5.95,0.0
兰石重装,sh603169,6.75,6.75,6.75,23300.0,6.71,4400,6.75,4400,0.0,6.75,6.75,23300,160000.0,0.0,0.0,88.17,88.17,7.43,6.08,0.0
天府文旅,sz000558,3.5,3.51,3.5,14800.0,3.5,800,3.51,200,-0.28,3.5,3.5,14800,50000.0,0.0,0.0,45.1,45.12,3.86,3.16,0.0
创业黑马,sz300688,32.52,32.52,32.52,27300.0,32.25,1000,32.52,69100,0.0,32.52,32.52,27300,890000.0,0.02,0.0,48.25,54.43,39.02,26.02,0.0
中科江南,sz301153,17.41,17.57,17.41,4100.0,17.39,10400,17.42,200,-0.91,17.41,17.41,4100,70000.0,0.0,0.0,57.76,61.92,21.08,14.06,0.0
乖宝宠物,sz301498,40.49,40.69,40.49,14000.0,40.48,100,40.49,1600,-0.49,40.49,40.49,14000,570000.0,0.01,0.0,72.62,162.15,48.83,32.55,0.0
皇台酒业,sz000995,10.97,10.92,10.97,29500.0,10.96,2300,10.97,1000,0.46,10.97,10.97,29500,320000.0,0.02,0.0,19.46,19.46,12.01,9.83,0.0
天地源,sh600665,3.41,3.41,3.41,5200.0,3.4,7200,3.41,4200,0.0,3.41,3.41,5200,20000.0,0.0,0.0,29.47,29.47,3.75,3.07,0.0
好想你,sz002582,11.12,11.11,11.12,275500.0,11.12,15200,11.13,19200,0.09,11.12,11.12,275500,3060000.0,0.08,0.0,38.28,49.79,12.22,10.0,0.0
ST百利,sh603959,4.97,5.03,4.97,41600.0,4.96,23400,4.97,5600,-1.19,4.97,4.97,41600,210000.0,0.01,0.0,24.37,24.37,5.53,4.53,0.0
高伟达,sz300465,13.2,13.29,13.2,92800.0,13.2,1800,13.21,1000,-0.68,13.2,13.2,92800,1220000.0,0.02,0.0,58.57,58.57,15.95,10.63,0.0
大地电气,bj920436,10.37,10.35,10.37,5100.0,10.3,2000,10.37,0,0.19,10.37,10.37,5100,52900.0,0.01,0.0,9.27,9.87,13.45,7.25,0.0
厦门信达,sz000701,5.13,5.13,5.13,56100.0,5.13,19600,5.14,200,0.0,5.13,5.13,56100,290000.0,0.01,0.0,34.26,34.28,5.64,4.62,0.0
金发科技,sh600143,15.62,15.61,15.62,245400.0,15.62,9200,15.63,2300,0.06,15.62,15.62,245400,3830000.0,0.01,0.0,411.56,417.57,17.17,14.05,0.0
绿亨科技,bj920866,6.01,6.13,0.0,0.0,6.01,62400,6.01,62400,-1.96,0.0,0.0,0,0.0,0.0,0.0,6.86,10.83,7.96,4.3,0.0
卓越新能,sh688196,35.23,35.47,35.23,993900.0,35.07,200,35.23,2500,-0.68,35.23,35.23,993900,350000.0,0.01,0.0,44.81,44.81,42.56,28.38,0.0
沃格光电,sh603773,114.94,104.49,114.94,1052200.0,114.94,27700,0.0,0,10.0,114.94,114.94,1052200,120940000.0,0.47,0.0,258.25,258.25,114.94,94.04,0.0
通易航天,bj920642,10.45,10.5,10.45,1500.0,10.45,1400,10.52,1000,-0.48,10.45,10.45,1500,15800.0,0.0,0.0,10.45,10.83,13.65,7.35,0.0
大连重工,sz002204,5.34,5.34,5.34,71200.0,5.33,51600,5.34,48300,0.0,5.34,5.34,71200,380000.0,0.0,0.0,103.14,103.14,5.87,4.81,0.0
亚盛集团,sh600108,3.26,3.24,3.26,1687700.0,3.26,129600,3.27,41100,0.62,3.26,3.26,1687700,5500000.0,0.09,0.0,63.47,63.47,3.56,2.92,0.0
东易日盛,sz002713,10.12,10.25,10.12,85200.0,10.12,3800,10.13,2000,-1.27,10.12,10.12,85200,860000.0,0.02,0.0,53.28,96.28,11.28,9.23,0.0
中创环保,sz300056,8.73,8.69,8.73,15800.0,8.73,300,8.74,6000,0.46,8.73,8.73,15800,140000.0,0.0,0.0,33.63,33.65,10.43,6.95,0.0
艾芬达,sz301575,27.16,27.38,27.16,2000.0,27.16,500,27.38,700,-0.8,27.16,27.16,2000,50000.0,0.01,0.0,6.62,32.96,32.86,21.9,0.0
华培动力,sh603121,12.71,12.73,12.71,3700.0,12.61,300,12.71,6500,-0.16,12.71,12.71,3700,50000.0,0.0,0.0,43.03,43.03,14.0,11.46,0.0
爱婴室,sh603214,13.9,13.87,13.9,7400.0,13.86,1000,13.9,9800,0.22,13.9,13.9,7400,100000.0,0.01,0.0,19.26,19.26,15.26,12.48,0.0
奥美森,bj920080,21.27,21.42,21.27,6500.0,21.27,2900,21.47,700,-0.7,21.27,21.27,6500,137200.0,0.03,0.0,4.89,17.65,27.84,15.0,0.0
润农节水,bj920964,4.58,4.57,0.0,0.0,4.58,10000,4.58,10000,0.22,0.0,0.0,0,0.0,0.0,0.0,6.76,11.96,5.94,3.2,0.0
万源通,bj920060,22.74,22.71,22.74,6300.0,22.74,1700,22.93,1000,0.13,22.74,22.74,6300,143900.0,0.01,0.0,21.56,34.57,29.52,15.9,0.0
华平股份,sz300074,3.81,3.85,3.81,37800.0,3.81,73800,3.83,1000,-1.04,3.81,3.81,37800,140000.0,0.01,0.0,20.95,20.97,4.62,3.08,0.0
通达电气,sh603390,10.44,10.48,10.44,26000.0,10.43,2000,10.44,10700,-0.38,10.44,10.44,26000,270000.0,0.01,0.0,36.65,36.71,11.53,9.43,0.0
巨能股份,bj920578,16.91,17.1,0.0,0.0,16.91,1000,17.14,1000,-1.11,0.0,0.0,0,0.0,0.0,0.0,6.0,12.93,22.23,11.97,0.0
新风光,sh688663,59.8,60.8,59.8,10278700.0,59.8,1700,59.9,200,-1.64,59.8,59.8,10278700,6150000.0,0.05,0.0,117.95,117.95,72.96,48.64,0.0
飞马国际,sz002210,2.31,2.3,2.31,162700.0,2.3,18800,2.31,156500,0.43,2.31,2.31,162700,380000.0,0.01,0.0,61.34,61.47,2.53,2.07,0.0
晶华新材,sh603683,16.61,16.41,16.61,190300.0,16.6,1800,16.65,2400,1.22,16.61,16.61,190300,3160000.0,0.07,0.0,47.88,48.37,18.05,14.77,0.0
能科科技,sh603859,42.12,42.3,42.12,13300.0,42.05,13900,42.12,1700,-0.43,42.12,42.12,13300,560000.0,0.01,0.0,103.07,112.21,46.53,38.07,0.0
天威视讯,sz002238,6.11,6.11,6.11,7300.0,6.08,600,6.11,1700,0.0,6.11,6.11,7300,40000.0,0.0,0.0,49.04,49.04,6.72,5.5,0.0
坤博精工,bj920570,24.65,24.98,24.65,2200.0,24.65,1600,24.99,1500,-1.32,24.65,24.65,2200,54200.0,0.01,0.0,6.28,12.37,32.47,17.49,0.0
金健米业,sh600127,6.85,6.46,6.85,8042600.0,6.82,2100,6.85,397400,6.04,6.85,6.85,8042600,55090000.0,1.25,0.0,43.96,43.96,7.11,5.81,0.0
禾元生物-U,sh688765,39.79,39.8,39.79,390000.0,39.77,300,39.79,1700,-0.03,39.79,39.79,390000,160000.0,0.01,0.0,28.64,142.25,47.76,31.84,0.0
招标股份,sz301136,12.0,11.69,12.0,81100.0,11.92,8400,12.0,11100,2.65,12.0,12.0,81100,970000.0,0.03,0.0,32.99,33.02,14.03,9.35,0.0
宜通世纪,sz300310,4.48,4.5,4.48,16500.0,4.46,21300,4.48,6200,-0.44,4.48,4.48,16500,70000.0,0.0,0.0,30.97,39.5,5.4,3.6,0.0
*ST动力,sz300152,1.65,1.64,1.65,90600.0,1.64,115500,1.65,147600,0.61,1.65,1.65,90600,150000.0,0.01,0.0,11.76,11.76,1.97,1.31,0.0
华峰超纤,sz300180,4.35,4.34,4.35,55000.0,4.33,2300,4.35,40900,0.23,4.35,4.35,55000,240000.0,0.0,0.0,74.5,76.61,5.21,3.47,0.0
盛视科技,sz002990,56.65,56.61,56.65,109400.0,56.65,2500,56.71,100,0.07,56.65,56.65,109400,6200000.0,0.08,0.0,78.19,148.34,62.27,50.95,0.0
风神股份,sh600469,5.28,5.31,5.28,35500.0,5.28,18100,5.29,3700,-0.56,5.28,5.28,35500,190000.0,0.0,0.0,44.68,46.99,5.84,4.78,0.0
锋尚文化,sz300860,28.05,28.1,28.05,1500.0,28.05,4500,28.07,700,-0.18,28.05,28.05,1500,40000.0,0.0,0.0,30.69,52.86,33.72,22.48,0.0
方正阀门,bj920082,8.29,8.26,8.29,2000.0,8.28,1100,8.33,1000,0.36,8.29,8.29,2000,16600.0,0.0,0.0,4.74,16.87,10.73,5.79,0.0
中科金财,sz002657,15.67,15.66,15.67,22800.0,15.67,900,15.7,1300,0.06,15.67,15.67,22800,360000.0,0.01,0.0,52.67,53.17,17.23,14.09,0.0
华纺股份,sh600448,2.93,2.92,2.93,47000.0,2.92,5000,2.93,89700,0.34,2.93,2.93,47000,140000.0,0.01,0.0,18.45,18.45,3.21,2.63,0.0
旺成科技,bj920896,12.18,12.18,12.18,1000.0,12.1,100,12.18,18800,0.0,12.18,12.18,1000,12200.0,0.0,0.0,5.41,12.33,15.83,8.53,0.0
汇隆活塞,bj920455,5.85,5.9,5.85,100.0,5.85,3200,5.93,4000,-0.85,5.85,5.85,100,600.0,0.0,0.0,5.69,10.38,7.67,4.13,0.0
鸿日达,sz301285,87.58,87.99,87.58,6900.0,87.58,300,88.34,200,-0.47,87.58,87.58,6900,600000.0,0.0,0.0,181.0,181.0,105.59,70.39,0.0
兆新股份,sz002256,3.55,3.55,3.55,323800.0,3.54,6000,3.55,66800,0.0,3.55,3.55,323800,1150000.0,0.02,0.0,71.51,72.44,3.91,3.2,0.0
长江能科,bj920158,8.01,8.07,0.0,0.0,8.01,5600,8.1,5000,-0.74,0.0,0.0,0,0.0,0.0,0.0,4.28,15.99,10.49,5.65,0.0
中化装备,sh600579,7.24,7.24,7.24,30100.0,7.24,2700,7.25,3700,0.0,7.24,7.24,30100,220000.0,0.01,0.0,35.74,35.74,7.96,6.52,0.0
ST椰岛,sh600238,4.57,4.55,4.57,6800.0,4.55,10300,4.57,1400,0.44,4.57,4.57,6800,30000.0,0.0,0.0,20.35,20.48,5.01,4.1,0.0
ST西王,sz000639,1.72,1.72,1.72,357000.0,1.71,248900,1.72,271200,0.0,1.72,1.72,357000,610000.0,0.03,0.0,18.57,18.57,1.89,1.55,0.0
马应龙,sh600993,23.17,23.16,23.17,15300.0,23.16,7400,23.17,700,0.04,23.17,23.17,15300,350000.0,0.0,0.0,99.7,99.88,25.48,20.84,0.0
ST加加,sz002650,6.13,6.17,0.0,0.0,6.13,1000,6.15,900,-0.65,0.0,0.0,0,0.0,0.0,0.0,67.86,67.86,6.79,5.55,0.0
佳都科技,sh600728,4.65,4.66,4.65,72400.0,4.64,2800,4.65,300,-0.21,4.65,4.65,72400,340000.0,0.0,0.0,99.17,99.17,5.13,4.19,0.0
动力新科,sh600841,5.9,5.95,5.9,40900.0,5.9,50300,5.91,800,-0.84,5.9,5.9,40900,240000.0,0.0,0.0,61.54,81.88,6.55,5.36,0.0
群兴玩具,sz002575,5.51,5.51,5.51,615500.0,5.51,192500,5.52,30500,0.0,5.51,5.51,615500,3390000.0,0.11,0.0,32.2,33.97,6.06,4.96,0.0
梅雁吉祥,sh600868,2.79,2.81,2.79,502100.0,2.78,125000,2.79,109600,-0.71,2.79,2.79,502100,1400000.0,0.03,0.0,52.96,52.96,3.09,2.53,0.0
江苏雷利,sz300660,27.26,27.32,27.26,20000.0,27.26,1600,27.27,2000,-0.22,27.26,27.26,20000,540000.0,0.0,0.0,158.36,158.46,32.78,21.86,0.0
味知香,sh605089,20.66,20.71,20.66,3600.0,20.66,16400,20.71,100,-0.24,20.66,20.66,3600,70000.0,0.0,0.0,28.51,28.51,22.78,18.64,0.0
富临运业,sz002357,10.8,10.88,10.8,69700.0,10.78,5300,10.8,1400,-0.74,10.8,10.8,69700,750000.0,0.02,0.0,33.86,33.86,11.97,9.79,0.0
华神科技,sz000790,4.21,4.15,4.21,275800.0,4.21,2200,4.22,18400,1.45,4.21,4.21,275800,1160000.0,0.04,0.0,26.21,26.26,4.57,3.74,0.0
一鸣食品,sh605179,35.1,35.1,35.1,1190900.0,35.1,249800,35.11,2000,0.0,35.1,35.1,1190900,41800000.0,0.3,0.0,140.75,140.75,38.61,31.59,0.0
金陵药业,sz000919,6.77,6.84,6.77,120400.0,6.77,99600,6.8,3000,-1.02,6.77,6.77,120400,820000.0,0.02,0.0,42.09,42.1,7.52,6.16,0.0
泰慕士,sz001234,22.07,22.1,22.07,8200.0,22.07,1300,22.09,800,-0.14,22.07,22.07,8200,180000.0,0.01,0.0,20.19,23.97,24.31,19.89,0.0
精锻科技,sz300258,10.35,10.35,10.35,12300.0,10.35,900,10.36,7500,0.0,10.35,10.35,12300,130000.0,0.0,0.0,58.98,60.55,12.42,8.28,0.0
旗天科技,sz300061,6.64,6.67,6.64,59300.0,6.64,400,6.67,700,-0.45,6.64,6.64,59300,390000.0,0.01,0.0,41.31,43.76,8.0,5.34,0.0
桂发祥,sz002820,12.27,11.15,12.27,810300.0,12.27,21030100,0.0,0,10.04,12.27,12.27,810300,9940000.0,0.4,0.0,24.65,24.65,12.27,10.04,0.0
*ST起步,sh603557,3.75,3.77,0.0,0.0,3.75,1000,3.77,6900,-0.53,0.0,0.0,0,0.0,0.0,0.0,23.38,23.38,4.15,3.39,0.0
华曙高科,sh688433,96.87,96.15,96.87,832100.0,96.87,300,96.97,200,0.75,96.87,96.87,832100,810000.0,0.0,0.0,402.57,402.57,115.38,76.92,0.0
采纳股份,sz301122,36.3,36.31,36.3,8500.0,36.0,200,36.3,1100,-0.03,36.3,36.3,8500,310000.0,0.01,0.0,27.46,44.38,43.57,29.05,0.0
新宁物流,sz300013,4.04,4.06,4.04,19300.0,4.04,12500,4.05,80500,-0.49,4.04,4.04,19300,80000.0,0.0,0.0,22.53,22.56,4.87,3.25,0.0
珠免集团,sh600185,4.65,4.64,4.65,18800.0,4.64,1200,4.65,61100,0.22,4.65,4.65,18800,90000.0,0.0,0.0,87.65,87.65,5.1,4.18,0.0
苏州科达,sh603660,12.57,12.67,12.57,73400.0,12.55,16500,12.57,4400,-0.79,12.57,12.57,73400,920000.0,0.01,0.0,71.84,71.84,13.94,11.4,0.0
昂立教育,sh600661,9.22,9.06,9.22,110100.0,9.22,3800,9.23,500,1.77,9.22,9.22,110100,1020000.0,0.04,0.0,26.42,26.42,9.97,8.15,0.0
瑞立科密,sz001285,41.59,41.56,41.59,2500.0,41.58,1000,41.59,100,0.07,41.59,41.59,2500,100000.0,0.01,0.0,17.26,75.08,45.72,37.4,0.0
华锡有色,sh600301,51.4,50.99,51.4,96800.0,51.4,3200,51.44,100,0.8,51.4,51.4,96800,4980000.0,0.04,0.0,141.52,325.14,56.09,45.89,0.0
中宠股份,sz002891,29.88,29.98,29.88,46500.0,29.83,900,29.88,1700,-0.33,29.88,29.88,46500,1390000.0,0.01,0.0,96.18,96.18,32.98,26.98,0.0
万  科Ａ,sz000002,3.09,3.12,3.09,3233400.0,3.09,766900,3.1,18900,-0.96,3.09,3.09,3233400,9990000.0,0.03,0.0,300.25,368.66,3.43,2.81,0.0
鑫科材料,sh600255,3.35,3.37,3.35,65000.0,3.35,23700,3.36,119100,-0.59,3.35,3.35,65000,220000.0,0.0,0.0,60.51,60.51,3.71,3.03,0.0
鹏飞绿能,sz002356,2.8,2.8,2.8,499500.0,2.8,125000,2.81,4000,0.0,2.8,2.8,499500,1400000.0,0.04,0.0,36.71,36.72,3.08,2.52,0.0
秦川物联,sh688528,9.86,9.86,9.86,964200.0,9.81,5700,9.86,23200,0.0,9.86,9.86,964200,100000.0,0.01,0.0,16.56,16.56,11.83,7.89,0.0
金富科技,sz003018,42.56,42.59,42.56,62500.0,42.5,1800,42.56,2200,-0.07,42.56,42.56,62500,2660000.0,0.02,0.0,121.09,133.62,46.85,38.33,0.0
凯众股份,sh603037,10.52,10.51,10.52,12100.0,10.52,3600,10.54,100,0.1,10.52,10.52,12100,130000.0,0.0,0.0,28.0,28.04,11.56,9.46,0.0
黑芝麻,sz000716,5.21,5.28,5.21,1797000.0,5.2,39700,5.21,2800,-1.33,5.21,5.21,1797000,9360000.0,0.24,0.0,38.33,39.23,5.81,4.75,0.0
兆日科技,sz300333,11.72,12.15,11.72,1102000.0,11.72,17400,11.73,800,-3.54,11.72,11.72,1102000,12920000.0,0.33,0.0,39.24,39.38,14.58,9.72,0.0
方大新材,bj920163,11.3,11.34,11.3,4400.0,11.23,2100,11.3,1600,-0.35,11.3,11.3,4400,49700.0,0.01,0.0,6.86,14.54,14.74,7.94,0.0
扬农化工,sh600486,54.29,54.33,54.29,7800.0,54.28,200,54.29,200,-0.07,54.29,54.29,7800,420000.0,0.0,0.0,219.39,219.39,59.76,48.9,0.0
联创光电,sh600363,20.77,21.15,20.77,433000.0,20.76,9600,20.77,2600,-1.8,20.77,20.77,433000,8990000.0,0.1,0.0,93.65,93.65,23.27,19.04,0.0
祖名股份,sz003030,22.0,22.06,22.0,12100.0,22.0,3700,22.13,1000,-0.27,22.0,22.0,12100,270000.0,0.01,0.0,17.81,27.45,24.27,19.85,0.0
通光线缆,sz300265,15.07,15.08,15.07,114900.0,15.05,300,15.07,2700,-0.07,15.07,15.07,114900,1730000.0,0.02,0.0,70.42,70.47,18.1,12.06,0.0
深华发Ａ,sz000020,11.36,11.35,11.36,5500.0,11.35,1700,11.36,5700,0.09,11.36,11.36,5500,60000.0,0.0,0.0,20.58,32.17,12.49,10.22,0.0
恒银科技,sh603106,8.29,8.27,8.29,660600.0,8.28,22100,8.29,4500,0.24,8.29,8.29,660600,5480000.0,0.13,0.0,43.15,43.15,9.1,7.44,0.0
中稀有色,sh600259,90.0,91.32,90.0,48600.0,90.0,1100,90.48,100,-1.45,90.0,90.0,48600,4370000.0,0.01,0.0,302.79,302.79,100.45,82.19,0.0
傲农生物,sh603363,2.92,2.94,2.92,90100.0,2.92,7700,2.93,35800,-0.68,2.92,2.92,90100,260000.0,0.0,0.0,62.68,79.75,3.23,2.65,0.0
ST文峰,sh601010,1.43,1.42,1.43,164100.0,1.42,647600,1.43,89600,0.7,1.43,1.43,164100,230000.0,0.01,0.0,25.86,25.86,1.56,1.28,0.0
*ST瑞茂,sh600180,1.61,1.62,1.61,83700.0,1.6,150100,1.61,34900,-0.62,1.61,1.61,83700,130000.0,0.01,0.0,17.49,17.49,1.78,1.46,0.0
世荣兆业,sz002016,4.53,4.51,4.53,3700.0,4.5,5900,4.53,2900,0.44,4.53,4.53,3700,20000.0,0.0,0.0,36.65,36.65,4.96,4.06,0.0
*ST康佳A,sz000016,2.4,2.4,2.4,22800.0,2.39,92300,2.4,83600,0.0,2.4,2.4,22800,50000.0,0.0,0.0,38.32,57.79,2.64,2.16,0.0
万里马,sz300591,8.39,8.03,8.39,630900.0,8.38,44600,8.39,1900,4.48,8.39,8.39,630900,5290000.0,0.18,0.0,29.4,34.04,9.64,6.42,0.0
电连技术,sz300679,53.02,51.17,53.02,1446000.0,53.01,50800,53.02,3000,3.62,53.02,53.02,1446000,76670000.0,0.4,0.0,190.58,225.24,61.4,40.94,0.0
飞乐音响,sh600651,5.93,5.94,5.93,36400.0,5.92,800,5.93,1400,-0.17,5.93,5.93,36400,220000.0,0.0,0.0,148.67,148.67,6.53,5.35,0.0
宇晶股份,sz002943,36.71,36.51,36.71,57400.0,36.71,300,36.73,200,0.55,36.71,36.71,57400,2110000.0,0.03,0.0,69.33,97.96,40.16,32.86,0.0
ST麦趣,sz002719,6.06,6.11,6.06,13200.0,6.06,6300,6.1,4400,-0.82,6.06,6.06,13200,80000.0,0.01,0.0,9.81,10.55,6.72,5.5,0.0
雷曼光电,sz300162,7.91,7.96,7.91,101100.0,7.91,20700,7.92,26200,-0.63,7.91,7.91,101100,800000.0,0.03,0.0,27.06,33.18,9.55,6.37,0.0
天目药业,sh600671,21.68,21.78,21.68,3100.0,21.68,3000,21.97,1800,-0.46,21.68,21.68,3100,70000.0,0.0,0.0,26.4,26.4,23.96,19.6,0.0
澳柯玛,sh600336,6.36,6.34,6.36,14600.0,6.34,100,6.36,3500,0.32,6.36,6.36,14600,90000.0,0.0,0.0,50.75,50.75,6.97,5.71,0.0
赛轮轮胎,sh601058,13.96,13.97,13.96,35800.0,13.95,10300,13.96,53000,-0.07,13.96,13.96,35800,500000.0,0.0,0.0,459.02,459.02,15.37,12.57,0.0
上海沿浦,sh605128,24.78,24.9,24.78,23200.0,24.75,100,24.78,6000,-0.48,24.78,24.78,23200,570000.0,0.01,0.0,77.81,77.81,27.39,22.41,0.0
晶丰明源,sh688368,134.41,134.34,134.41,1242200.0,134.41,0,134.5,200,0.05,134.41,134.41,1242200,1670000.0,0.01,0.0,166.27,273.94,161.21,107.47,0.0
浙江荣泰,sh603119,55.6,55.33,55.6,14900.0,55.58,1000,55.6,300,0.49,55.6,55.6,14900,830000.0,0.0,0.0,262.91,262.91,60.86,49.8,0.0
安正时尚,sh603839,7.08,7.04,7.08,2100.0,7.04,1000,7.08,13400,0.57,7.08,7.08,2100,10000.0,0.0,0.0,27.4,27.4,7.74,6.34,0.0
安琪酵母,sh600298,41.66,41.89,41.66,50100.0,41.6,500,41.66,800,-0.55,41.66,41.66,50100,2090000.0,0.01,0.0,357.09,361.53,46.08,37.7,0.0
金发拉比,sz002762,10.6,10.52,10.6,212100.0,10.53,2200,10.6,6100,0.76,10.6,10.6,212100,2250000.0,0.1,0.0,22.41,37.53,11.57,9.47,0.0
华如科技,sz301302,23.71,23.8,23.71,32300.0,23.7,1000,23.79,1000,-0.38,23.71,23.71,32300,770000.0,0.02,0.0,32.95,36.96,28.56,19.04,0.0
抚顺特钢,sh600399,4.36,4.37,4.36,216700.0,4.35,43900,4.36,17300,-0.23,4.36,4.36,216700,940000.0,0.01,0.0,85.98,85.98,4.81,3.93,0.0
茶花股份,sh603615,17.72,17.7,17.72,19600.0,17.72,100,17.75,700,0.11,17.72,17.72,19600,350000.0,0.01,0.0,42.85,42.85,19.47,15.93,0.0
大连圣亚,sh600593,41.2,41.07,41.2,16900.0,41.15,2000,41.2,2100,0.32,41.2,41.2,16900,700000.0,0.01,0.0,53.07,53.74,45.18,36.96,0.0
超讯科技,sh603322,26.98,27.87,26.98,95600.0,26.95,100,26.98,12300,-3.19,26.98,26.98,95600,2580000.0,0.06,0.0,42.52,42.52,30.66,25.08,0.0
登云股份,sz002715,14.55,14.53,14.55,53400.0,14.55,2100,14.59,400,0.14,14.55,14.55,53400,780000.0,0.04,0.0,20.08,20.08,15.98,13.08,0.0
合锻智能,sh603011,26.67,26.68,26.67,1321800.0,26.66,4000,26.67,2000,-0.04,26.67,26.67,1321800,35250000.0,0.27,0.0,131.86,131.86,29.35,24.01,0.0
锦江在线,sh600650,10.86,10.85,10.86,17300.0,10.86,4200,10.87,500,0.09,10.86,10.86,17300,190000.0,0.0,0.0,42.41,59.9,11.94,9.77,0.0
模塑科技,sz000700,12.15,12.15,12.15,108500.0,12.1,22100,12.15,25400,0.0,12.15,12.15,108500,1320000.0,0.01,0.0,111.54,111.54,13.37,10.94,0.0
思创智联,sz300078,3.18,3.16,3.18,82900.0,3.17,900,3.18,22900,0.63,3.18,3.18,82900,260000.0,0.01,0.0,35.41,35.55,3.79,2.53,0.0
光电股份,sh600184,18.83,18.87,18.83,51400.0,18.8,3900,18.83,12700,-0.21,18.83,18.83,51400,970000.0,0.01,0.0,109.73,109.73,20.76,16.98,0.0
*ST雅博,sz002323,1.3,1.3,1.3,451400.0,1.3,418300,1.31,4155700,0.0,1.3,1.3,451400,590000.0,0.02,0.0,27.57,27.57,1.43,1.17,0.0
陕西金叶,sz000812,3.6,3.62,3.6,39700.0,3.6,6900,3.61,4200,-0.55,3.6,3.6,39700,140000.0,0.01,0.0,27.22,27.23,3.98,3.26,0.0
曙光股份,sh600303,2.9,2.89,2.9,92800.0,2.89,12800,2.9,6500,0.35,2.9,2.9,92800,270000.0,0.01,0.0,19.65,19.82,3.18,2.6,0.0
中国一重,sh601106,3.13,3.14,3.13,36000.0,3.13,103100,3.14,32700,-0.32,3.13,3.13,36000,110000.0,0.0,0.0,214.65,214.65,3.45,2.83,0.0
巨星科技,sz002444,30.08,30.07,30.08,23500.0,30.07,1400,30.08,9400,0.03,30.08,30.08,23500,710000.0,0.0,0.0,344.94,359.3,33.08,27.06,0.0
新开普,sz300248,9.03,9.04,9.03,47700.0,9.02,15600,9.03,31700,-0.11,9.03,9.03,47700,430000.0,0.01,0.0,36.94,43.01,10.85,7.23,0.0
北矿检测,bj920160,20.25,19.93,20.25,14600.0,19.93,800,20.25,10600,1.61,20.25,20.25,14600,294900.0,0.06,0.0,5.16,22.94,25.9,13.96,0.0
流金科技,bj920021,6.99,6.94,6.99,27800.0,6.96,16600,6.99,1200,0.72,6.99,6.99,27800,194500.0,0.01,0.0,17.3,21.6,9.02,4.86,0.0
七一二,sh603712,11.98,11.97,11.98,18600.0,11.98,13100,11.99,2400,0.08,11.98,11.98,18600,220000.0,0.0,0.0,92.49,92.49,13.17,10.77,0.0
麒麟信安,sh688152,29.02,29.15,29.02,40000.0,29.02,1600,29.1,10000,-0.45,29.02,29.02,40000,10000.0,0.0,0.0,29.57,29.57,34.98,23.32,0.0
传音控股,sh688036,56.13,55.4,56.13,29807100.0,56.13,8100,56.15,400,1.32,56.13,56.13,29807100,16730000.0,0.03,0.0,646.16,646.16,66.48,44.32,0.0
合百集团,sz000417,5.97,5.97,5.97,413400.0,5.97,105200,5.98,64900,0.0,5.97,5.97,413400,2470000.0,0.05,0.0,46.51,46.56,6.57,5.37,0.0
大唐电信,sh600198,8.0,8.1,8.0,1154700.0,7.99,4900,8.0,21100,-1.23,8.0,8.0,1154700,9240000.0,0.09,0.0,104.16,104.29,8.91,7.29,0.0
精创电气,bj920035,24.55,24.58,24.55,6600.0,24.32,900,24.55,1700,-0.12,24.55,24.55,6600,162000.0,0.04,0.0,3.86,17.04,31.95,17.21,0.0
中钢洛耐,sh688119,4.08,4.09,4.08,2541500.0,4.08,8300,4.09,1600,-0.24,4.08,4.08,2541500,100000.0,0.0,0.0,45.9,45.9,4.91,3.27,0.0
四川九洲,sz000801,11.63,11.58,11.63,72000.0,11.61,600,11.63,11700,0.43,11.63,11.63,72000,840000.0,0.01,0.0,118.16,118.2,12.74,10.42,0.0
厦工股份,sh600815,4.0,4.07,4.0,725700.0,3.99,9800,4.0,195100,-1.72,4.0,4.0,725700,2900000.0,0.04,0.0,70.96,70.96,4.48,3.66,0.0
南网数字,sz301638,23.07,23.28,23.07,57300.0,23.07,32800,23.14,200,-0.9,23.07,23.07,57300,1320000.0,0.02,0.0,57.73,733.55,27.94,18.62,0.0
中源家居,sh603709,11.66,11.66,11.66,29400.0,11.66,3100,11.67,500,0.0,11.66,11.66,29400,340000.0,0.02,0.0,18.96,19.03,12.83,10.49,0.0
申昊科技,sz300853,28.74,28.57,28.74,3800.0,28.63,300,28.74,100,0.6,28.74,28.74,3800,110000.0,0.0,0.0,28.26,42.23,34.28,22.86,0.0
崇德科技,sz301548,66.95,66.99,66.95,3500.0,66.88,800,66.95,100,-0.06,66.95,66.95,3500,230000.0,0.01,0.0,17.56,58.25,80.39,53.59,0.0
卓胜微,sz300782,82.88,82.49,82.88,74700.0,82.88,5000,82.89,3500,0.47,82.88,82.88,74700,6190000.0,0.02,0.0,371.51,476.55,98.99,65.99,0.0
东望时代,sh600052,4.02,4.02,4.02,54700.0,4.01,100,4.02,140300,0.0,4.02,4.02,54700,220000.0,0.01,0.0,33.94,33.94,4.42,3.62,0.0
中锐股份,sz002374,3.13,3.13,3.13,64000.0,3.11,1000,3.13,9000,0.0,3.13,3.13,64000,200000.0,0.01,0.0,33.97,33.97,3.44,2.82,0.0
罗曼股份,sh605289,113.3,113.49,113.3,5900.0,112.55,200,113.3,0,-0.17,113.3,113.3,5900,670000.0,0.0,0.0,172.76,172.91,124.84,102.14,0.0
雷尔伟,sz301016,12.69,12.7,12.69,10000.0,12.69,400,12.71,100,-0.08,12.69,12.69,10000,130000.0,0.0,0.0,37.29,38.88,15.24,10.16,0.0
万朗磁塑,sh603150,55.1,54.99,55.1,1100.0,54.9,5000,55.21,300,0.2,55.1,55.1,1100,60000.0,0.0,0.0,47.1,47.1,60.49,49.49,0.0
华安鑫创,sz300928,25.87,25.87,25.87,6600.0,25.86,200,25.87,700,0.0,25.87,25.87,6600,170000.0,0.01,0.0,13.86,20.7,31.04,20.7,0.0
一致魔芋,bj920273,18.29,17.85,18.29,22800.0,18.29,4200,18.37,400,2.46,18.29,18.29,22800,417500.0,0.03,0.0,12.55,18.85,23.2,12.5,0.0
海昌新材,sz300885,21.34,21.25,21.34,8400.0,21.33,1000,21.34,1500,0.42,21.34,21.34,8400,180000.0,0.01,0.0,35.64,52.96,25.5,17.0,0.0
雪人集团,sz002639,12.37,12.33,12.37,103400.0,12.36,22400,12.37,38400,0.32,12.37,12.37,103400,1280000.0,0.02,0.0,81.6,96.36,13.56,11.1,0.0
联建光电,sz300269,4.96,4.91,4.96,19800.0,4.9,3400,4.96,5200,1.02,4.96,4.96,19800,100000.0,0.0,0.0,26.07,27.13,5.89,3.93,0.0
花溪科技,bj920895,13.03,13.12,13.03,100.0,13.0,1800,13.03,1100,-0.69,13.03,13.03,100,1300.0,0.0,0.0,3.74,7.37,17.05,9.19,0.0
香飘飘,sh603711,11.97,11.75,11.97,94400.0,11.95,100,11.97,9700,1.87,11.97,11.97,94400,1130000.0,0.02,0.0,49.42,49.42,12.93,10.58,0.0
凤形股份,sz002760,17.95,17.95,17.95,17200.0,17.95,7400,17.96,100,0.0,17.95,17.95,17200,310000.0,0.02,0.0,19.38,19.38,19.75,16.16,0.0
安车检测,sz300572,20.64,20.64,20.64,13000.0,20.5,200,20.64,900,0.0,20.64,20.64,13000,270000.0,0.01,0.0,37.42,47.26,24.77,16.51,0.0
泰永长征,sz002927,16.97,17.03,16.97,19700.0,16.97,200,17.0,400,-0.35,16.97,16.97,19700,330000.0,0.01,0.0,37.45,37.88,18.73,15.33,0.0
谱尼测试,sz300887,7.44,7.48,7.44,10200.0,7.44,300,7.45,2800,-0.53,7.44,7.44,10200,80000.0,0.0,0.0,26.95,40.6,8.98,5.98,0.0
汇绿生态,sz001267,42.41,41.96,42.41,164200.0,42.41,2000,42.42,400,1.07,42.41,42.41,164200,6960000.0,0.03,0.0,258.09,332.92,46.16,37.76,0.0
四方精创,sz300468,20.96,21.17,20.96,101900.0,20.95,2000,20.96,8900,-0.99,20.96,20.96,101900,2140000.0,0.02,0.0,111.04,111.22,25.4,16.94,0.0
梅安森,sz300275,9.05,9.15,9.05,27400.0,9.04,6500,9.05,35700,-1.09,9.05,9.05,27400,250000.0,0.01,0.0,24.57,27.87,10.98,7.32,0.0
锦泓集团,sh603518,8.23,8.26,8.23,20500.0,8.22,600,8.23,5100,-0.36,8.23,8.23,20500,170000.0,0.01,0.0,28.32,28.42,9.09,7.43,0.0
智新电子,bj920212,9.54,9.62,9.54,900.0,9.54,1900,9.69,100,-0.83,9.54,9.54,900,8600.0,0.0,0.0,4.92,10.12,12.5,6.74,0.0
铭普光磁,sz002902,26.05,26.23,26.05,64200.0,26.0,3300,26.05,25900,-0.69,26.05,26.05,64200,1670000.0,0.04,0.0,46.27,61.22,28.85,23.61,0.0
ST龙元,sh600491,1.62,1.64,1.62,2267900.0,1.61,89900,1.62,195500,-1.22,1.62,1.62,2267900,3670000.0,0.15,0.0,24.78,24.78,1.8,1.48,0.0
ST如意,sz002193,4.98,4.98,4.98,4800.0,4.91,16000,4.98,4400,0.0,4.98,4.98,4800,20000.0,0.0,0.0,13.03,13.03,5.48,4.48,0.0
芭薇股份,bj920123,10.51,10.51,10.51,1100.0,10.42,2200,10.51,2200,0.0,10.51,10.51,1100,11000.0,0.0,0.0,6.83,11.72,13.66,7.36,0.0
夜光明,bj920527,13.97,14.18,13.97,33100.0,13.97,3800,14.01,200,-1.48,13.97,13.97,33100,463000.0,0.07,0.0,6.5,8.39,18.43,9.93,0.0
豪悦护理,sh605009,23.9,23.85,23.9,15000.0,23.9,1200,23.95,1300,0.21,23.9,23.9,15000,360000.0,0.01,0.0,51.37,51.37,26.24,21.47,0.0
中海达,sz300177,6.42,6.44,6.42,10300.0,6.4,200,6.42,900,-0.31,6.42,6.42,10300,70000.0,0.0,0.0,38.92,47.78,7.73,5.15,0.0
美邦服饰,sz002269,1.47,1.47,1.47,178000.0,1.46,414400,1.47,686700,0.0,1.47,1.47,178000,260000.0,0.01,0.0,34.45,36.93,1.62,1.32,0.0
日月明,sz300906,27.61,27.64,27.61,5200.0,27.61,800,27.75,400,-0.11,27.61,27.61,5200,140000.0,0.01,0.0,19.95,22.09,33.17,22.11,0.0
兴民智通,sz002355,4.88,4.88,4.88,138300.0,4.86,1600,4.88,25300,0.0,4.88,4.88,138300,670000.0,0.02,0.0,30.17,32.62,5.37,4.39,0.0
均瑶健康,sh605388,6.28,6.28,6.28,63100.0,6.26,800,6.28,31600,0.0,6.28,6.28,63100,400000.0,0.01,0.0,37.71,37.71,6.91,5.65,0.0
中天服务,sz002188,5.56,5.56,5.56,163800.0,5.56,5200,5.58,4200,0.0,5.56,5.56,163800,910000.0,0.06,0.0,14.31,18.19,6.12,5.0,0.0
福龙马,sh603686,13.26,13.2,13.26,35600.0,13.21,1400,13.26,2300,0.45,13.26,13.26,35600,470000.0,0.01,0.0,55.09,55.09,14.52,11.88,0.0
步科股份,sh688160,113.0,111.68,113.0,2143700.0,111.69,400,113.0,4100,1.18,113.0,113.0,2143700,2420000.0,0.02,0.0,103.07,103.07,134.02,89.34,0.0
桂林旅游,sz000978,6.08,6.09,6.08,124600.0,6.08,17200,6.11,14100,-0.16,6.08,6.08,124600,760000.0,0.03,0.0,28.46,28.46,6.7,5.48,0.0
桂冠电力,sh600236,10.17,10.18,10.17,78400.0,10.16,49500,10.17,14700,-0.1,10.17,10.17,78400,800000.0,0.0,0.0,801.64,801.64,11.2,9.16,0.0
家家悦,sh603708,9.8,9.34,9.8,238000.0,9.8,28400,9.82,2300,4.93,9.8,9.8,238000,2330000.0,0.04,0.0,62.56,62.56,10.27,8.41,0.0
首旅酒店,sh600258,11.95,11.91,11.95,95000.0,11.95,40800,11.96,2500,0.34,11.95,11.95,95000,1140000.0,0.01,0.0,133.43,133.43,13.1,10.72,0.0
金力泰,sz300225,7.54,7.54,7.54,10900.0,7.48,5900,7.54,8400,0.0,7.54,7.54,10900,80000.0,0.0,0.0,35.59,35.85,9.05,6.03,0.0
科博达,sh603786,42.97,42.96,42.97,5100.0,42.97,1000,42.98,2500,0.02,42.97,42.97,5100,220000.0,0.0,0.0,173.54,173.54,47.26,38.66,0.0
晓鸣股份,sz300967,16.3,16.46,16.3,158900.0,16.3,500,16.4,100,-0.97,16.3,16.3,158900,2590000.0,0.13,0.0,20.34,30.57,19.75,13.17,0.0
启明信息,sz002232,14.53,14.52,14.53,5500.0,14.48,1000,14.53,500,0.07,14.53,14.53,5500,80000.0,0.0,0.0,59.36,59.36,15.97,13.07,0.0
邵阳液压,sz301079,30.01,30.01,30.01,14200.0,30.01,1700,30.13,200,0.0,30.01,30.01,14200,430000.0,0.02,0.0,23.09,32.55,36.01,24.01,0.0
大众公用,sh600635,4.68,4.67,4.68,146400.0,4.67,15000,4.68,28800,0.21,4.68,4.68,146400,690000.0,0.01,0.0,113.2,138.17,5.14,4.2,0.0
*ST华幸,sh600340,1.09,1.09,1.09,210700.0,1.09,2300000,1.1,4515600,0.0,1.09,1.09,210700,230000.0,0.01,0.0,42.44,42.44,1.2,0.98,0.0
*ST顾地,sz002694,2.09,2.09,2.09,4500.0,2.09,700,2.1,83600,0.0,2.09,2.09,4500,10000.0,0.0,0.0,15.02,15.95,2.3,1.88,0.0
长盈精密,sz300115,28.12,28.13,28.12,92000.0,28.12,9100,28.13,25000,-0.04,28.12,28.12,92000,2590000.0,0.01,0.0,381.68,382.81,33.76,22.5,0.0
优刻得-W,sh688158,35.8,36.34,35.8,10722400.0,35.78,4000,35.8,2900,-1.49,35.8,35.8,10722400,3840000.0,0.03,0.0,146.73,164.93,43.61,29.07,0.0
福华尚纬,sh603333,9.04,8.99,9.04,40100.0,9.0,15400,9.04,31200,0.56,9.04,9.04,40100,360000.0,0.01,0.0,56.19,56.19,9.89,8.09,0.0
*ST启环,sz000826,1.94,1.96,1.94,789100.0,1.93,164600,1.94,121800,-1.02,1.94,1.94,789100,1530000.0,0.06,0.0,27.65,27.65,2.16,1.76,0.0
振芯科技,sz300101,15.17,15.17,15.17,11200.0,15.17,2600,15.2,2000,0.0,15.17,15.17,11200,170000.0,0.0,0.0,85.86,86.15,18.2,12.14,0.0
高新兴,sz300098,4.66,4.69,4.66,63000.0,4.66,16600,4.67,9300,-0.64,4.66,4.66,63000,290000.0,0.0,0.0,71.85,80.98,5.63,3.75,0.0
腾达科技,sz001379,16.34,16.34,16.34,6600.0,16.31,100,16.34,200,0.0,16.34,16.34,6600,110000.0,0.01,0.0,11.0,32.68,17.97,14.71,0.0
慧为智能,bj920876,16.38,16.42,0.0,0.0,16.38,1000,16.59,1000,-0.24,0.0,0.0,0,0.0,0.0,0.0,6.43,10.51,21.34,11.5,0.0
大名城,sh600094,4.14,4.14,4.14,102700.0,4.13,1000,4.14,14500,0.0,4.14,4.14,102700,430000.0,0.0,0.0,88.03,96.25,4.55,3.73,0.0
金溢科技,sz002869,16.42,16.29,16.42,12300.0,16.41,2000,16.42,100,0.8,16.42,16.42,12300,200000.0,0.01,0.0,25.86,29.05,17.92,14.66,0.0
恒太照明,bj920339,11.35,11.49,11.35,3500.0,11.35,3900,11.4,800,-1.22,11.35,11.35,3500,39800.0,0.0,0.0,17.16,24.99,14.93,8.05,0.0
科隆新材,bj920098,17.0,17.08,17.0,400.0,16.92,1400,17.0,600,-0.47,17.0,17.0,400,6800.000000000001,0.0,0.0,9.41,13.82,22.2,11.96,0.0
永辉超市,sh601933,3.21,3.24,3.21,2099500.0,3.21,447800,3.22,661200,-0.93,3.21,3.21,2099500,6740000.0,0.02,0.0,286.49,286.49,3.56,2.92,0.0
航发科技,sh600391,32.02,32.18,32.02,19600.0,32.02,10600,32.17,100,-0.5,32.02,32.02,19600,630000.0,0.01,0.0,105.71,105.71,35.4,28.96,0.0
方正电机,sz002196,11.34,11.32,11.34,63400.0,11.33,800,11.34,24200,0.18,11.34,11.34,63400,720000.0,0.01,0.0,55.39,56.23,12.45,10.19,0.0
金沃股份,sz300984,34.75,34.75,34.75,8100.0,34.74,1900,34.75,1900,0.0,34.75,34.75,8100,280000.0,0.01,0.0,43.1,66.88,41.7,27.8,0.0
佳华科技,sh688051,25.43,25.38,25.43,568400.0,25.02,200,25.43,1900,0.2,25.43,25.43,568400,140000.0,0.01,0.0,19.67,19.67,30.46,20.3,0.0
百利电气,sh600468,6.16,6.2,6.16,36400.0,6.16,10900,6.17,9000,-0.65,6.16,6.16,36400,220000.0,0.0,0.0,67.0,67.0,6.82,5.58,0.0
香江控股,sh600162,4.45,4.4,4.45,1695700.0,4.45,130800,4.46,87800,1.14,4.45,4.45,1695700,7550000.0,0.05,0.0,145.45,145.45,4.84,3.96,0.0
骏创科技,bj920533,18.54,18.38,18.54,1400.0,18.54,3000,18.56,1000,0.87,18.54,18.54,1400,26700.0,0.0,0.0,13.56,24.24,23.89,12.87,0.0
海联金汇,sz002537,5.79,5.78,5.79,29100.0,5.78,5500,5.79,16700,0.17,5.79,5.79,29100,170000.0,0.0,0.0,67.78,67.98,6.36,5.2,0.0
兴源环境,sz300266,1.9,1.91,1.9,48100.0,1.9,31500,1.91,48100,-0.52,1.9,1.9,48100,90000.0,0.0,0.0,29.51,29.52,2.29,1.53,0.0
精艺股份,sz002295,9.04,9.06,9.04,60100.0,9.04,1200,9.05,100,-0.22,9.04,9.04,60100,540000.0,0.02,0.0,22.64,22.66,9.97,8.15,0.0
众望布艺,sh605003,21.74,21.75,21.74,4000.0,21.74,300,21.82,300,-0.05,21.74,21.74,4000,90000.0,0.0,0.0,23.91,23.91,23.93,19.58,0.0
国新健康,sz000503,7.22,7.21,7.22,50500.0,7.22,1100,7.23,8900,0.14,7.22,7.22,50500,360000.0,0.01,0.0,70.7,70.7,7.93,6.49,0.0
全 聚 德,sz002186,9.53,9.48,9.53,42500.0,9.53,900,9.54,2000,0.53,9.53,9.53,42500,410000.0,0.01,0.0,29.24,29.25,10.43,8.53,0.0
麦迪科技,sh603990,23.36,23.33,23.36,85600.0,23.36,2800,23.37,1000,0.13,23.36,23.36,85600,2000000.0,0.03,0.0,71.31,71.31,25.66,21.0,0.0
天顺股份,sz002800,13.72,13.67,13.72,33000.0,13.7,100,13.72,3800,0.37,13.72,13.72,33000,450000.0,0.02,0.0,20.28,20.89,15.04,12.3,0.0
华峰化学,sz002064,11.63,11.63,11.63,127700.0,11.61,900,11.63,50600,0.0,11.63,11.63,127700,1490000.0,0.0,0.0,575.92,577.14,12.79,10.47,0.0
万隆光电,sz300710,28.79,28.73,28.79,3200.0,28.72,600,28.79,1100,0.21,28.79,28.79,3200,90000.0,0.0,0.0,21.47,28.64,34.48,22.98,0.0
亚太实业,sz000691,10.32,10.27,10.32,6700.0,10.31,100,10.32,1400,0.49,10.32,10.32,6700,70000.0,0.0,0.0,33.36,50.04,11.3,9.24,0.0
首都在线,sz300846,21.5,21.74,21.5,143300.0,21.5,4500,21.51,14700,-1.1,21.5,21.5,143300,3080000.0,0.03,0.0,89.48,108.42,26.09,17.39,0.0
大禹生物,bj920970,6.15,6.18,6.15,2300.0,6.13,11800,6.15,7000,-0.49,6.15,6.15,2300,14100.0,0.0,0.0,4.31,6.81,8.03,4.33,0.0
澄天伟业,sz300689,56.37,56.85,56.37,6800.0,56.0,300,56.37,100,-0.84,56.37,56.37,6800,380000.0,0.01,0.0,57.35,65.16,68.22,45.48,0.0
北辰实业,sh601588,1.72,1.72,1.72,216300.0,1.72,153300,1.73,502900,0.0,1.72,1.72,216300,370000.0,0.01,0.0,45.75,57.91,1.89,1.55,0.0
天龙股份,sh603266,16.2,16.11,16.2,9500.0,16.2,100,16.21,500,0.56,16.2,16.2,9500,150000.0,0.0,0.0,32.22,32.22,17.72,14.5,0.0
金陵饭店,sh601007,6.74,6.7,6.74,21300.0,6.71,200,6.75,23400,0.6,6.74,6.74,21300,140000.0,0.01,0.0,26.29,26.29,7.37,6.03,0.0
金石亚药,sz300434,12.48,12.47,12.48,102500.0,12.46,2500,12.48,2100,0.08,12.48,12.48,102500,1280000.0,0.03,0.0,42.7,50.14,14.96,9.98,0.0
跨境通,sz002640,3.34,3.35,3.34,280100.0,3.34,700,3.35,146900,-0.3,3.34,3.34,280100,940000.0,0.02,0.0,51.71,52.04,3.69,3.02,0.0
瑞奇智造,bj920781,5.77,5.77,5.77,4000.0,5.76,1300,5.77,1200,0.0,5.77,5.77,4000,23100.0,0.0,0.0,6.95,8.92,7.5,4.04,0.0
东信和平,sz002017,13.73,13.75,13.73,8300.0,13.73,300,13.74,4900,-0.15,13.73,13.73,8300,110000.0,0.0,0.0,79.65,79.69,15.13,12.38,0.0
科润智控,bj920062,7.58,7.59,7.58,500.0,7.52,6100,7.58,3700,-0.13,7.58,7.58,500,3600.0,0.0,0.0,10.07,14.3,9.86,5.32,0.0
ST瑞贝卡,sh600439,1.86,1.87,1.86,695100.0,1.85,1080800,1.86,184800,-0.53,1.86,1.86,695100,1290000.0,0.06,0.0,21.05,21.05,2.06,1.68,0.0
*ST天箭,sz002977,21.27,21.26,21.27,2800.0,21.2,500,21.27,2500,0.05,21.27,21.27,2800,60000.0,0.0,0.0,14.18,25.55,23.39,19.13,0.0
金陵体育,sz300651,17.69,17.69,17.69,12800.0,17.66,200,17.69,2800,0.0,17.69,17.69,12800,230000.0,0.01,0.0,18.29,24.98,21.23,14.15,0.0
森鹰窗业,sz301227,25.55,25.54,25.55,5100.0,25.55,100,25.64,300,0.04,25.55,25.55,5100,130000.0,0.01,0.0,18.88,33.59,30.65,20.43,0.0
赛隆退,sz002898,0.37,0.37,0.0,0.0,0.0,0,0.0,0,0.0,0.0,0.0,0,0.0,0.0,0.0,0.37,0.65,-1.0,-1.0,0.0
中天科技,sh600522,35.85,35.9,35.85,1496200.0,35.83,3900,35.85,118100,-0.14,35.85,35.85,1496200,53640000.0,0.04,0.0,1223.54,1223.54,39.49,32.31,0.0
迅游科技,sz300467,34.99,35.23,34.99,54600.0,34.98,1300,34.99,2300,-0.68,34.99,34.99,54600,1910000.0,0.03,0.0,59.56,71.1,42.28,28.18,0.0
建设机械,sh600984,4.49,4.49,0.0,0.0,0.0,0,0.0,0,0.0,0.0,0.0,0,0.0,0.0,0.0,56.44,56.44,4.94,4.04,0.0
许昌智能,bj920496,6.3,6.35,0.0,0.0,6.3,4500,6.38,2600,-0.79,0.0,0.0,0,0.0,0.0,0.0,9.13,10.43,8.25,4.45,0.0
XD嘉诚国,sh603535,6.47,6.38,6.47,91000.0,6.47,11900,6.48,1200,1.41,6.47,6.47,91000,590000.0,0.02,0.0,33.06,33.06,7.02,5.74,0.0
汇成股份,sh688403,25.86,25.95,25.86,19092000.0,25.78,200,25.86,13000,-0.35,25.86,25.86,19092000,4940000.0,0.02,0.0,256.82,256.82,31.14,20.76,0.0
金信诺,sz300252,12.18,12.2,12.18,60600.0,12.17,3000,12.18,6100,-0.16,12.18,12.18,60600,740000.0,0.01,0.0,68.06,83.34,14.64,9.76,0.0
新国都,sz300130,19.2,19.29,19.2,13900.0,19.2,11600,19.23,100,-0.47,19.2,19.2,13900,270000.0,0.0,0.0,83.36,108.92,23.15,15.43,0.0
科信技术,sz300565,9.91,9.91,9.91,11200.0,9.81,3700,9.91,400,0.0,9.91,9.91,11200,110000.0,0.0,0.0,22.62,24.75,11.89,7.93,0.0
云中马,sh603130,42.06,41.89,42.06,7500.0,42.05,400,42.1,100,0.41,42.06,42.06,7500,320000.0,0.01,0.0,57.84,57.84,46.08,37.7,0.0
晨光电缆,bj920639,6.23,6.23,6.23,6600.0,6.22,4800,6.23,2800,0.0,6.23,6.23,6600,41100.0,0.01,0.0,7.4,12.56,8.09,4.37,0.0
上工申贝,sh600843,7.19,7.19,7.19,35600.0,7.15,400,7.19,29000,0.0,7.19,7.19,35600,260000.0,0.01,0.0,33.74,51.28,7.91,6.47,0.0
济高发展,sh600807,2.59,2.61,2.59,13900.0,2.59,49200,2.62,6100,-0.77,2.59,2.59,13900,40000.0,0.0,0.0,20.38,22.91,2.87,2.35,0.0
康比特,bj920429,9.78,9.74,9.78,39400.0,9.75,3000,9.78,3200,0.41,9.78,9.78,39400,385000.0,0.03,0.0,11.1,12.17,12.66,6.82,0.0
西部牧业,sz300106,10.31,10.3,10.31,226100.0,10.31,13700,10.32,1000,0.1,10.31,10.31,226100,2330000.0,0.11,0.0,21.79,21.79,12.36,8.24,0.0
友阿股份,sz002277,5.81,5.83,5.81,35200.0,5.8,15100,5.81,7600,-0.34,5.81,5.81,35200,200000.0,0.0,0.0,81.0,81.0,6.41,5.25,0.0
中国铀业,sz001280,66.64,67.3,66.64,102700.0,66.63,200,66.64,12300,-0.98,66.64,66.64,102700,6840000.0,0.06,0.0,115.77,1378.24,74.03,60.57,0.0
祥源文旅,sh600576,5.48,5.5,5.48,19900.0,5.48,1100,5.49,1200,-0.36,5.48,5.48,19900,110000.0,0.0,0.0,36.19,57.79,6.05,4.95,0.0
常辅股份,bj920396,20.82,20.8,20.82,4700.0,20.82,6300,20.9,600,0.1,20.82,20.82,4700,97899.99999999999,0.01,0.0,10.68,15.04,27.04,14.56,0.0
技源集团,sh603262,18.55,18.68,18.55,71900.0,18.55,3000,18.59,1000,-0.7,18.55,18.55,71900,1330000.0,0.07,0.0,19.36,74.2,20.55,16.81,0.0
长白山,sh603099,40.22,40.09,40.22,12500.0,40.22,700,40.27,1500,0.32,40.22,40.22,12500,500000.0,0.0,0.0,109.54,109.54,44.1,36.08,0.0
优机股份,bj920943,18.2,18.0,18.2,48500.0,18.2,10100,18.26,1000,1.11,18.2,18.2,48500,882600.0,0.09,0.0,9.43,18.48,23.4,12.6,0.0
全信股份,sz300447,14.14,14.15,14.14,5100.0,14.02,4700,14.14,900,-0.07,14.14,14.14,5100,70000.0,0.0,0.0,28.49,44.16,16.98,11.32,0.0
大地海洋,sz301068,29.23,29.42,29.23,2200.0,29.21,200,29.24,100,-0.65,29.23,29.23,2200,60000.0,0.0,0.0,29.32,41.31,35.3,23.54,0.0
恒逸石化,sz000703,16.83,16.86,16.83,462900.0,16.82,500,16.83,3100,-0.18,16.83,16.83,462900,7790000.0,0.01,0.0,639.94,643.17,18.55,15.17,0.0
华是科技,sz301218,44.77,44.66,44.77,54700.0,44.66,400,44.77,100,0.25,44.77,44.77,54700,2450000.0,0.08,0.0,31.37,51.06,53.59,35.73,0.0
美硕科技,sz301295,47.51,47.2,47.51,14100.0,47.51,800,47.58,500,0.66,47.51,47.51,14100,670000.0,0.05,0.0,13.97,47.89,56.64,37.76,0.0
拉卡拉,sz300773,15.4,15.51,15.4,56500.0,15.4,2100,15.41,4600,-0.71,15.4,15.4,56500,870000.0,0.01,0.0,158.41,167.45,18.61,12.41,0.0
云创退,bj920305,0.4,0.4,0.0,0.0,0.0,0,0.0,0,0.0,0.0,0.0,0,0.0,0.0,0.0,0.32,0.53,-1.0,-1.0,0.0
新晨科技,sz300542,12.13,12.13,12.13,2000.0,12.13,100,12.34,200,0.0,12.13,12.13,2000,20000.0,0.0,0.0,30.03,36.22,14.56,9.7,0.0
云南旅游,sz002059,4.48,4.48,4.48,11500.0,4.48,1700,4.49,15000,0.0,4.48,4.48,11500,50000.0,0.0,0.0,44.04,45.36,4.93,4.03,0.0
南 京 港,sz002040,8.29,8.28,8.29,24800.0,8.28,16500,8.29,2900,0.12,8.29,8.29,24800,210000.0,0.01,0.0,40.3,40.3,9.11,7.45,0.0
科蓝软件,sz300663,8.82,8.93,8.82,137300.0,8.82,13400,8.83,1900,-1.23,8.82,8.82,137300,1210000.0,0.03,0.0,40.61,42.2,10.72,7.14,0.0
ST葫芦娃,sh605199,6.03,6.06,0.0,0.0,6.03,1200,6.06,186000,-0.5,0.0,0.0,0,0.0,0.0,0.0,24.13,24.13,6.67,5.45,0.0
迪尔化工,bj920304,8.65,8.65,8.65,1100.0,8.65,1500,8.68,10300,0.0,8.65,8.65,1100,9500.0,0.0,0.0,11.71,14.67,11.24,6.06,0.0
德昌股份,sh605555,12.35,12.25,12.35,20600.0,12.25,2800,12.35,2100,0.82,12.35,12.35,20600,250000.0,0.0,0.0,59.78,59.78,13.48,11.03,0.0
海川智能,sz300720,96.5,96.5,96.5,181600.0,96.0,600,96.5,1200,0.0,96.5,96.5,181600,17520000.0,0.1,0.0,177.7,188.06,115.8,77.2,0.0
数字人,bj920670,13.2,13.2,13.2,2700.0,13.13,1000,13.2,16300,0.0,13.2,13.2,2700,35100.0,0.0,0.0,8.8,14.02,17.16,9.24,0.0
绿康生化,sz002868,23.25,23.18,23.25,6100.0,23.18,600,23.25,600,0.3,23.25,23.25,6100,140000.0,0.01,0.0,24.98,36.13,25.5,20.86,0.0
森远股份,sz300210,8.84,8.82,8.84,23400.0,8.82,2100,8.84,4100,0.23,8.84,8.84,23400,210000.0,0.0,0.0,42.81,42.81,10.58,7.06,0.0
殷图网联,bj920508,14.48,14.62,14.48,100.0,14.48,1500,14.78,1000,-0.96,14.48,14.48,100,1400.0000000000002,0.0,0.0,4.62,8.69,19.0,10.24,0.0
新奥股份,sh600803,17.48,17.5,17.48,14100.0,17.42,100,17.48,2000,-0.11,17.48,17.48,14100,250000.0,0.0,0.0,536.94,541.04,19.25,15.75,0.0
云里物里,bj920374,15.09,15.21,0.0,0.0,15.09,100,15.19,500,-0.79,0.0,0.0,0,0.0,0.0,0.0,5.27,12.92,19.77,10.65,0.0
创源股份,sz300703,13.88,13.78,13.88,22800.0,13.84,400,13.88,200,0.73,13.88,13.88,22800,320000.0,0.01,0.0,23.08,25.04,16.54,11.02,0.0
景兴纸业,sz002067,4.41,4.39,4.41,407500.0,4.4,19700,4.41,172200,0.46,4.41,4.41,407500,1800000.0,0.03,0.0,58.99,65.04,4.83,3.95,0.0
泰尔股份,sz002347,6.18,6.12,6.18,88300.0,6.16,2500,6.18,1500,0.98,6.18,6.18,88300,550000.0,0.02,0.0,30.49,31.19,6.73,5.51,0.0
百大集团,sh600865,8.83,8.85,8.83,29600.0,8.83,4600,8.85,24100,-0.23,8.83,8.83,29600,260000.0,0.01,0.0,33.22,33.22,9.74,7.97,0.0
马可波罗,sz001386,15.98,15.82,15.98,240900.0,15.97,200,15.98,1000,1.01,15.98,15.98,240900,3850000.0,0.22,0.0,17.19,190.95,17.4,14.24,0.0
雷科防务,sz002413,8.74,8.76,8.74,176500.0,8.74,12300,8.75,4700,-0.23,8.74,8.74,176500,1540000.0,0.01,0.0,113.22,115.31,9.64,7.88,0.0
路德科技,sh688156,20.88,20.48,20.88,3543800.0,20.88,1200,20.95,2400,1.95,20.88,20.88,3543800,740000.0,0.04,0.0,21.03,21.03,24.58,16.38,0.0
路畅科技,sz002813,20.85,20.85,20.85,5000.0,20.85,200,20.86,100,0.0,20.85,20.85,5000,100000.0,0.0,0.0,25.0,25.02,22.94,18.77,0.0
ST同德,sz002360,5.51,5.51,5.51,23200.0,5.51,4600,5.52,58200,0.0,5.51,5.51,23200,130000.0,0.01,0.0,17.94,22.14,6.06,4.96,0.0
华尔泰,sz001217,9.96,9.99,9.96,14500.0,9.93,2300,9.96,5200,-0.3,9.96,9.96,14500,140000.0,0.0,0.0,32.73,33.05,10.99,8.99,0.0
路斯股份,bj920419,10.54,10.57,10.54,2800.0,10.48,2200,10.54,8400,-0.28,10.54,10.54,2800,29500.0,0.0,0.0,10.19,10.89,13.74,7.4,0.0
晶雪节能,sz301010,17.45,17.6,17.45,32400.0,17.45,3600,17.58,900,-0.85,17.45,17.45,32400,570000.0,0.03,0.0,18.85,18.85,21.12,14.08,0.0
海航科技,sh600751,3.2,3.2,3.2,49000.0,3.19,115300,3.2,4500,0.0,3.2,3.2,49000,160000.0,0.0,0.0,82.34,92.78,3.52,2.88,0.0
申达股份,sh600626,3.55,3.56,3.55,11400.0,3.54,80000,3.55,6400,-0.28,3.55,3.55,11400,40000.0,0.0,0.0,46.89,46.89,3.92,3.2,0.0
三丰智能,sz300276,6.7,6.74,6.7,65700.0,6.7,55400,6.74,500,-0.59,6.7,6.7,65700,440000.0,0.01,0.0,70.83,93.87,8.09,5.39,0.0
中天精装,sz002989,25.83,25.96,25.83,96500.0,25.83,7000,25.86,9500,-0.5,25.83,25.83,96500,2490000.0,0.05,0.0,51.1,52.08,28.56,23.36,0.0
御银股份,sz002177,5.65,5.65,5.65,163300.0,5.65,78300,5.66,6000,0.0,5.65,5.65,163300,920000.0,0.02,0.0,38.6,43.01,6.22,5.09,0.0
铂力特,sh688333,115.0,115.75,115.0,4181000.0,114.9,200,115.0,20300,-0.65,115.0,115.0,4181000,4810000.0,0.02,0.0,315.47,315.47,138.9,92.6,0.0
ST新华锦,sh600735,6.05,6.05,6.05,8500.0,6.02,600,6.05,13300,0.0,6.05,6.05,8500,50000.0,0.0,0.0,25.74,25.94,6.66,5.45,0.0
长城电工,sh600192,7.17,7.16,7.17,22000.0,7.16,50600,7.17,5000,0.14,7.17,7.17,22000,160000.0,0.0,0.0,31.67,31.67,7.88,6.44,0.0
天龙退,sz300029,0.12,0.12,0.0,0.0,0.0,0,0.0,0,0.0,0.0,0.0,0,0.0,0.0,0.0,0.24,0.24,-1.0,-1.0,0.0
巨轮智能,sz002031,5.96,6.05,5.96,1683500.0,5.96,139500,5.97,34400,-1.49,5.96,5.96,1683500,10030000.0,0.09,0.0,114.05,131.08,6.66,5.45,0.0
仁度生物,sh688193,49.8,49.57,49.8,164100.0,49.32,300,49.8,1000,0.46,49.8,49.8,164100,80000.0,0.0,0.0,19.95,19.95,59.48,39.66,0.0
帝科股份,sz300842,66.99,67.13,66.99,14100.0,66.66,200,66.99,18500,-0.21,66.99,66.99,14100,940000.0,0.01,0.0,86.5,97.32,80.56,53.7,0.0
骏亚科技,sh603386,14.16,14.22,14.16,11800.0,14.1,2000,14.16,500,-0.42,14.16,14.16,11800,170000.0,0.0,0.0,46.21,46.21,15.64,12.8,0.0
百洋股份,sz002696,6.27,6.27,6.27,199600.0,6.27,1100,6.28,14700,0.0,6.27,6.27,199600,1250000.0,0.06,0.0,20.96,21.68,6.9,5.64,0.0
凤凰航运,sz000520,4.26,4.22,4.26,1144200.0,4.25,3300,4.26,139800,0.95,4.26,4.26,1144200,4870000.0,0.11,0.0,43.11,43.11,4.64,3.8,0.0
太湖雪,bj920262,14.04,14.16,0.0,0.0,14.04,3000,14.16,300,-0.85,0.0,0.0,0,0.0,0.0,0.0,5.41,11.64,18.4,9.92,0.0
七丰精工,bj920169,18.25,18.25,18.25,5400.0,18.25,1700,18.38,500,0.0,18.25,18.25,5400,98600.0,0.01,0.0,9.28,14.75,23.72,12.78,0.0
中科星图,sh688568,36.44,36.51,36.44,1812100.0,36.39,500,36.44,6600,-0.19,36.44,36.44,1812100,660000.0,0.0,0.0,294.46,294.46,43.81,29.21,0.0
一品红,sz300723,37.95,37.83,37.95,85700.0,37.85,2000,37.95,54200,0.32,37.95,37.95,85700,3250000.0,0.02,0.0,159.08,171.42,45.4,30.26,0.0
盖世食品,bj920826,9.1,9.15,9.1,82100.0,9.06,6000,9.1,3400,-0.55,9.1,9.1,82100,747099.9999999999,0.13,0.0,5.75,12.79,11.89,6.41,0.0
坤恒顺维,sh688283,30.35,30.22,30.35,363900.0,29.77,1000,30.35,0,0.43,30.35,30.35,363900,110000.0,0.0,0.0,36.97,36.97,36.26,24.18,0.0
美之高,bj920765,14.05,13.92,14.05,2500.0,13.95,500,14.05,200,0.93,14.05,14.05,2500,35000.0,0.0,0.0,7.42,12.21,18.09,9.75,0.0
天奥电子,sz002935,17.22,17.19,17.22,11400.0,17.21,300,17.22,1600,0.17,17.22,17.22,11400,200000.0,0.0,0.0,71.48,72.64,18.91,15.47,0.0
美凯龙,sh601828,2.18,2.19,2.18,530100.0,2.18,83500,2.19,428900,-0.46,2.18,2.18,530100,1160000.0,0.01,0.0,78.75,94.91,2.41,1.97,0.0
龙溪股份,sh600592,14.81,14.81,14.81,7300.0,14.8,1000,14.81,100,0.0,14.81,14.81,7300,110000.0,0.0,0.0,59.17,59.17,16.29,13.33,0.0
风范股份,sh601700,7.55,7.22,7.55,8328700.0,7.55,918000,7.56,44800,4.57,7.55,7.55,8328700,62880000.0,0.73,0.0,85.98,85.98,7.94,6.5,0.0
百亚股份,sz003006,13.42,13.45,13.42,22500.0,13.42,100,13.43,300,-0.22,13.42,13.42,22500,300000.0,0.01,0.0,57.51,57.66,14.8,12.11,0.0
积成电子,sz002339,7.34,7.35,7.34,65500.0,7.33,1500,7.34,1900,-0.14,7.34,7.34,65500,480000.0,0.01,0.0,35.14,37.0,8.09,6.62,0.0
松井股份,sh688157,19.27,19.21,19.27,1247600.0,19.27,14500,19.28,7000,0.31,19.27,19.27,1247600,240000.0,0.01,0.0,36.17,36.17,23.05,15.37,0.0
烽火通信,sh600498,41.73,41.73,41.73,498600.0,41.72,3000,41.73,56800,0.0,41.73,41.73,498600,20810000.0,0.04,0.0,530.65,566.76,45.9,37.56,0.0
天罡股份,bj920651,25.11,25.36,25.11,1100.0,25.11,1100,25.29,100,-0.99,25.11,25.11,1100,27599.999999999996,0.0,0.0,10.41,15.32,32.96,17.76,0.0
ST易联众,sz300096,9.68,9.65,9.68,600.0,9.56,1200,9.68,4400,0.31,9.68,9.68,600,10000.0,0.0,0.0,41.62,41.62,11.58,7.72,0.0
电科芯片,sh600877,13.21,13.24,13.21,57000.0,13.21,1100,13.24,9000,-0.23,13.21,13.21,57000,750000.0,0.0,0.0,156.41,156.41,14.56,11.92,0.0
达利凯普,sz301566,27.82,27.84,27.82,96100.0,27.8,1700,27.83,3100,-0.07,27.82,27.82,96100,2670000.0,0.05,0.0,58.72,111.28,33.41,22.27,0.0
中马传动,sh603767,15.28,15.18,15.28,13500.0,15.18,2200,15.28,1800,0.66,15.28,15.28,13500,210000.0,0.0,0.0,47.16,47.16,16.7,13.66,0.0
华依科技,sh688071,36.36,36.38,36.36,2322000.0,36.01,400,36.36,2600,-0.05,36.36,36.36,2322000,840000.0,0.03,0.0,30.83,30.83,43.66,29.1,0.0
好太太,sh603848,13.91,13.91,13.91,26700.0,13.83,200,13.91,72400,0.0,13.91,13.91,26700,370000.0,0.01,0.0,55.97,55.97,15.3,12.52,0.0
金龙汽车,sh600686,11.56,11.56,11.56,33500.0,11.52,1500,11.56,2100,0.0,11.56,11.56,33500,390000.0,0.0,0.0,82.89,82.89,12.72,10.4,0.0
ST棕榈,sz002431,1.34,1.34,1.34,54100.0,1.33,1554600,1.34,198200,0.0,1.34,1.34,54100,70000.0,0.0,0.0,24.15,24.15,1.47,1.21,0.0
泰祥股份,sz301192,20.22,20.38,20.22,7100.0,20.22,200,20.24,100,-0.79,20.22,20.22,7100,140000.0,0.01,0.0,9.95,20.47,24.46,16.3,0.0
嘉和美康,sh688246,18.71,18.59,18.71,1288700.0,18.4,1400,18.71,300,0.65,18.71,18.71,1288700,240000.0,0.01,0.0,25.74,25.74,22.31,14.87,0.0
瑞斯康达,sh603803,11.03,11.12,11.03,175600.0,11.03,34100,11.04,1400,-0.81,11.03,11.03,175600,1940000.0,0.04,0.0,46.86,46.86,12.23,10.01,0.0
勘设股份,sh603458,10.25,10.35,10.25,145300.0,10.21,12000,10.25,31100,-0.97,10.25,10.25,145300,1490000.0,0.05,0.0,31.38,31.38,11.39,9.32,0.0
汇金股份,sz300368,8.63,8.57,8.63,389300.0,8.63,3100,8.64,300,0.7,8.63,8.63,389300,3360000.0,0.07,0.0,45.65,45.65,10.28,6.86,0.0
司南导航,sh688592,26.59,26.32,26.59,760000.0,26.0,3000,26.59,1300,1.03,26.59,26.59,760000,200000.0,0.01,0.0,14.71,30.88,31.58,21.06,0.0
中嘉博创,sz000889,4.06,4.07,4.06,136300.0,4.05,8700,4.06,26700,-0.25,4.06,4.06,136300,550000.0,0.02,0.0,35.32,38.01,4.48,3.66,0.0
初灵信息,sz300250,15.68,15.82,15.68,15000.0,15.66,1200,15.68,600,-0.88,15.68,15.68,15000,240000.0,0.01,0.0,24.68,33.52,18.98,12.66,0.0
中体产业,sh600158,7.08,7.1,7.08,17600.0,7.08,10300,7.1,52400,-0.28,7.08,7.08,17600,120000.0,0.0,0.0,67.93,67.93,7.81,6.39,0.0
汇嘉时代,sh603101,7.2,7.21,7.2,17200.0,7.17,400,7.2,12200,-0.14,7.2,7.2,17200,120000.0,0.0,0.0,33.87,33.87,7.93,6.49,0.0
森麒麟,sz002984,14.0,14.05,14.0,21700.0,13.98,800,14.0,8600,-0.36,14.0,14.0,21700,300000.0,0.0,0.0,99.95,145.08,15.46,12.65,0.0
楚天龙,sz003040,11.79,11.78,11.79,96000.0,11.79,8900,11.8,2500,0.08,11.79,11.79,96000,1130000.0,0.02,0.0,53.86,54.37,12.96,10.6,0.0
华贸物流,sh603128,5.35,5.33,5.35,16400.0,5.33,37600,5.35,33500,0.38,5.35,5.35,16400,90000.0,0.0,0.0,70.03,70.03,5.86,4.8,0.0
丽人丽妆,sh605136,8.39,8.34,8.39,45900.0,8.36,1700,8.39,500,0.6,8.39,8.39,45900,390000.0,0.01,0.0,33.6,33.6,9.17,7.51,0.0
ST华闻,sz000793,2.19,2.19,2.19,15400.0,2.19,98700,2.2,82900,0.0,2.19,2.19,15400,30000.0,0.0,0.0,58.36,96.23,2.41,1.97,0.0
供销大集,sz000564,1.53,1.54,1.53,35955700.0,1.53,2506300,1.54,2753700,-0.65,1.53,1.53,35955700,55010000.0,0.24,0.0,230.95,276.29,1.69,1.39,0.0
云星宇,bj920806,10.26,10.27,10.26,3400.0,10.22,25100,10.26,700,-0.1,10.26,10.26,3400,34900.0,0.0,0.0,30.86,30.86,13.35,7.19,0.0
ST达华,sz002512,4.03,4.03,4.03,61400.0,4.02,37100,4.03,18900,0.0,4.03,4.03,61400,250000.0,0.01,0.0,44.11,44.43,4.43,3.63,0.0
ST荣科,sz300290,5.99,5.94,5.99,110100.0,5.97,5100,5.99,9200,0.84,5.99,5.99,110100,660000.0,0.02,0.0,38.31,38.32,7.13,4.75,0.0
电子城,sh600658,4.0,4.0,4.0,13300.0,3.98,5300,4.0,10800,0.0,4.0,4.0,13300,50000.0,0.0,0.0,44.74,44.74,4.4,3.6,0.0
安泰集团,sh600408,2.84,2.85,2.84,314600.0,2.84,184200,2.85,50300,-0.35,2.84,2.84,314600,890000.0,0.03,0.0,28.59,28.59,3.14,2.57,0.0
中亚股份,sz300512,7.41,7.35,7.41,10500.0,7.41,600,7.45,500,0.82,7.41,7.41,10500,80000.0,0.0,0.0,24.0,30.32,8.82,5.88,0.0
中洲特材,sz300963,12.02,12.06,12.02,11100.0,12.02,2200,12.04,2500,-0.33,12.02,12.02,11100,130000.0,0.0,0.0,40.94,55.13,14.47,9.65,0.0
珠海中富,sz000659,2.9,2.87,2.9,156900.0,2.87,400,2.9,189200,1.05,2.9,2.9,156900,460000.0,0.01,0.0,37.29,37.29,3.16,2.58,0.0
智莱科技,sz300771,11.82,11.88,11.82,2700.0,11.8,1600,11.82,1000,-0.51,11.82,11.82,2700,30000.0,0.0,0.0,22.35,28.37,14.26,9.5,0.0
安必平,sh688393,20.2,20.29,20.2,139500.0,20.11,600,20.2,100,-0.44,20.2,20.2,139500,30000.0,0.0,0.0,18.9,18.9,24.35,16.23,0.0
乾照光电,sz300102,20.44,20.31,20.44,680500.0,20.44,20000,20.45,1900,0.64,20.44,20.44,680500,13910000.0,0.07,0.0,187.21,188.12,24.37,16.25,0.0
科强股份,bj920665,8.72,8.78,0.0,0.0,8.72,3300,8.81,3300,-0.68,0.0,0.0,0,0.0,0.0,0.0,5.6,11.34,11.41,6.15,0.0
长盈通,sh688143,154.0,154.0,154.0,22145600.0,153.97,200,154.0,11900,0.0,154.0,154.0,22145600,34100000.0,0.18,0.0,188.46,198.32,184.8,123.2,0.0
ST海龙,sz000677,1.72,1.72,1.72,200200.0,1.71,376000,1.72,220400,0.0,1.72,1.72,200200,340000.0,0.02,0.0,14.86,14.86,1.89,1.55,0.0
ST复华,sh600624,4.3,4.28,4.3,6500.0,4.29,4400,4.3,700,0.47,4.3,4.3,6500,30000.0,0.0,0.0,29.21,29.21,4.71,3.85,0.0
百甲科技,bj920057,4.9,4.93,4.9,400.0,4.9,7000,4.96,6200,-0.61,4.9,4.9,400,2000.0,0.0,0.0,5.71,8.88,6.4,3.46,0.0
*ST西旅,sz000610,6.0,6.0,6.0,3800.0,5.94,3300,6.0,6700,0.0,6.0,6.0,3800,20000.0,0.0,0.0,14.13,14.2,6.6,5.4,0.0
创维数字,sz000810,9.8,9.86,9.8,52600.0,9.78,1100,9.8,1100,-0.61,9.8,9.8,52600,520000.0,0.0,0.0,108.84,112.72,10.85,8.87,0.0
雄帝科技,sz300546,16.32,16.33,16.32,5600.0,16.3,3000,16.32,1900,-0.06,16.32,16.32,5600,90000.0,0.0,0.0,22.02,30.62,19.6,13.06,0.0
天力复合,bj920576,44.1,43.9,44.1,3800.0,44.04,700,44.1,100,0.46,44.1,44.1,3800,165500.0,0.0,0.0,47.57,48.05,57.07,30.73,0.0
南华期货,sh603093,12.1,12.21,12.1,60700.0,12.1,2900,12.12,200,-0.9,12.1,12.1,60700,730000.0,0.01,0.0,106.73,125.62,13.43,10.99,0.0
迎丰股份,sh605055,9.73,9.72,9.73,6300.0,9.73,500,9.76,700,0.1,9.73,9.73,6300,60000.0,0.0,0.0,42.81,42.81,10.69,8.75,0.0
万林物流,sh603117,3.78,3.8,3.78,10800.0,3.78,4500,3.79,300,-0.53,3.78,3.78,10800,40000.0,0.0,0.0,22.65,22.65,4.18,3.42,0.0
福石控股,sz300071,4.38,4.39,4.38,450800.0,4.36,34100,4.38,7100,-0.23,4.38,4.38,450800,1970000.0,0.05,0.0,41.41,42.22,5.27,3.51,0.0
胜利股份,sz000407,4.12,4.1,4.12,112500.0,4.1,17800,4.12,21300,0.49,4.12,4.12,112500,460000.0,0.01,0.0,36.08,36.26,4.51,3.69,0.0
多伦科技,sh603528,6.39,6.4,6.39,4300.0,6.38,20000,6.39,20800,-0.16,6.39,6.39,4300,30000.0,0.0,0.0,45.11,45.11,7.04,5.76,0.0
康农种业,bj920403,18.61,19.0,18.61,56500.0,18.61,12000,18.7,1100,-2.05,18.61,18.61,56500,1052400.0,0.09,0.0,12.1,20.34,24.7,13.3,0.0
三协电机,bj920100,35.31,35.68,35.31,3200.0,35.31,1900,36.09,700,-1.04,35.31,35.31,3200,113200.0,0.01,0.0,9.67,36.49,46.38,24.98,0.0
环旭电子,sh601231,28.91,28.95,28.91,149500.0,28.91,182000,28.92,1100,-0.14,28.91,28.91,149500,4320000.0,0.01,0.0,690.64,690.64,31.85,26.06,0.0
高华科技,sh688539,29.0,29.3,29.0,555900.0,29.0,0,29.16,700,-1.02,29.0,29.0,555900,160000.0,0.0,0.0,53.92,53.92,35.16,23.44,0.0
长盛轴承,sz300718,66.81,66.8,66.81,74200.0,66.81,20200,66.84,500,0.01,66.81,66.81,74200,4960000.0,0.04,0.0,131.39,199.61,80.16,53.44,0.0
合兴股份,sh605005,15.75,15.67,15.75,7100.0,15.71,600,15.75,2700,0.51,15.75,15.75,7100,110000.0,0.0,0.0,63.16,63.16,17.24,14.1,0.0
铁拓机械,bj920706,14.39,14.48,14.39,2300.0,14.36,1600,14.39,5500,-0.62,14.39,14.39,2300,32400.000000000004,0.0,0.0,6.86,13.61,18.82,10.14,0.0
*ST航图,sh688066,9.65,9.65,9.65,7090000.0,9.62,200,9.65,16100,0.0,9.65,9.65,7090000,680000.0,0.03,0.0,25.41,25.41,11.58,7.72,0.0
索菱股份,sz002766,4.35,4.35,4.35,1095900.0,4.35,29800,4.36,48000,0.0,4.35,4.35,1095900,4770000.0,0.13,0.0,37.28,37.4,4.79,3.92,0.0
三峡旅游,sz002627,6.45,6.45,6.45,30700.0,6.45,3300,6.46,400,0.0,6.45,6.45,30700,200000.0,0.0,0.0,45.03,45.52,7.1,5.81,0.0
新能泰山,sz000720,3.95,3.95,3.95,760100.0,3.94,1300,3.95,264700,0.0,3.95,3.95,760100,3000000.0,0.06,0.0,49.63,49.63,4.35,3.56,0.0
博菲电气,sz001255,25.72,25.78,25.72,2900.0,25.71,300,25.88,800,-0.23,25.72,25.72,2900,70000.0,0.0,0.0,19.87,22.38,28.36,23.2,0.0
森霸传感,sz300701,9.79,9.86,9.79,4900.0,9.79,1700,9.85,700,-0.71,9.79,9.79,4900,50000.0,0.0,0.0,24.69,27.37,11.83,7.89,0.0
勤上股份,sz002638,3.52,3.5,3.52,63500.0,3.51,4100,3.53,33700,0.57,3.52,3.52,63500,220000.0,0.0,0.0,47.61,50.57,3.85,3.15,0.0
航天环宇,sh688523,49.03,48.99,49.03,1496900.0,49.03,2900,49.19,200,0.08,49.03,49.03,1496900,730000.0,0.0,0.0,199.49,199.49,58.79,39.19,0.0
飞力达,sz300240,5.99,5.85,5.99,190800.0,5.96,5100,5.99,25300,2.39,5.99,5.99,190800,1140000.0,0.05,0.0,21.76,22.26,7.02,4.68,0.0
三维装备,bj920834,9.47,9.43,9.47,4100.0,9.36,2000,9.47,5700,0.42,9.47,9.47,4100,38700.0,0.01,0.0,5.95,11.36,12.25,6.61,0.0
中国卫星,sh600118,68.4,68.86,68.4,161400.0,68.4,7700,68.42,100,-0.67,68.4,68.4,161400,11040000.0,0.01,0.0,808.82,808.82,75.75,61.97,0.0
创远信科,bj920961,20.15,19.7,0.0,0.0,20.15,28800,20.15,28800,2.28,0.0,0.0,0,0.0,0.0,0.0,21.25,28.78,25.61,13.79,0.0
佛慈制药,sz002644,8.42,8.45,8.42,137700.0,8.42,300,8.43,100,-0.36,8.42,8.42,137700,1160000.0,0.03,0.0,43.0,43.0,9.3,7.61,0.0
朱老六,bj920726,16.41,16.4,16.41,5700.0,16.41,1700,16.42,5500,0.06,16.41,16.41,5700,93900.0,0.01,0.0,9.18,16.62,21.32,11.48,0.0
品渥食品,sz300892,24.16,23.9,24.16,27200.0,24.12,100,24.16,100,1.09,24.16,24.16,27200,660000.0,0.04,0.0,15.6,24.16,28.68,19.12,0.0
乐凯胶片,sh600135,7.59,7.53,7.59,30800.0,7.57,4200,7.59,9200,0.8,7.59,7.59,30800,230000.0,0.01,0.0,42.0,42.0,8.28,6.78,0.0
九丰能源,sh605090,36.87,36.8,36.87,52400.0,36.87,8400,36.88,500,0.19,36.87,36.87,52400,1930000.0,0.01,0.0,260.25,260.52,40.48,33.12,0.0
襄阳轴承,sz000678,9.56,9.55,9.56,2052100.0,9.56,4300,9.57,1100,0.1,9.56,9.56,2052100,19620000.0,0.45,0.0,43.94,43.94,10.51,8.6,0.0
ST恒信,sz300081,3.02,3.02,3.02,3300.0,3.01,16600,3.02,106200,0.0,3.02,3.02,3300,10000.0,0.0,0.0,18.26,18.26,3.62,2.42,0.0
岭南控股,sz000524,9.45,9.44,9.45,10600.0,9.45,27800,9.47,100,0.11,9.45,9.45,10600,100000.0,0.0,0.0,63.31,63.33,10.38,8.5,0.0
柏星龙,bj920075,15.75,15.75,15.75,100.0,15.75,100,15.88,500,0.0,15.75,15.75,100,2300.0,0.0,0.0,5.53,10.21,20.47,11.03,0.0
浩瀚深度,sh688292,18.07,18.0,18.07,979600.0,18.01,200,18.07,3000,0.39,18.07,18.07,979600,180000.0,0.01,0.0,28.61,28.61,21.6,14.4,0.0
盛邦安全,sh688651,23.8,23.64,23.8,450100.0,23.66,200,23.8,600,0.68,23.8,23.8,450100,110000.0,0.01,0.0,11.19,24.39,28.37,18.91,0.0
雷电微力,sz301050,32.18,32.23,32.18,4200.0,32.12,200,32.18,5900,-0.16,32.18,32.18,4200,140000.0,0.0,0.0,67.86,79.67,38.68,25.78,0.0
航天电器,sz002025,65.38,65.16,65.38,146600.0,65.36,1600,65.38,5600,0.34,65.38,65.38,146600,9580000.0,0.03,0.0,296.74,296.84,71.68,58.64,0.0
四创电子,sh600990,18.61,18.6,18.61,8500.0,18.61,1900,18.64,900,0.05,18.61,18.61,8500,160000.0,0.0,0.0,50.06,50.06,20.46,16.74,0.0
盈新发展,sz000620,3.41,3.1,3.41,35078300.0,3.41,220271700,0.0,0,10.0,3.41,3.41,35078300,119620000.0,0.75,0.0,159.31,200.23,3.41,2.79,0.0
*ST正平,sh603843,7.09,7.05,7.09,54600.0,7.06,800,7.09,5600,0.57,7.09,7.09,54600,390000.0,0.01,0.0,49.6,49.6,7.76,6.35,0.0
倍益康,bj920199,27.87,27.92,27.87,4700.0,27.61,800,27.87,800,-0.18,27.87,27.87,4700,132000.0,0.01,0.0,10.57,18.98,36.29,19.55,0.0
孩子王,sz301078,7.25,7.26,7.25,31900.0,7.24,18700,7.25,3100,-0.14,7.25,7.25,31900,230000.0,0.0,0.0,91.49,91.68,8.71,5.81,0.0
太钢不锈,sz000825,3.45,3.46,3.45,55200.0,3.44,149600,3.45,2100,-0.29,3.45,3.45,55200,190000.0,0.0,0.0,196.52,196.52,3.81,3.11,0.0
优迅股份,sh688807,303.0,298.99,303.0,2561800.0,303.0,1100,304.0,200,1.34,303.0,303.0,2561800,7760000.0,0.16,0.0,48.48,242.4,358.79,239.19,0.0
中利集团,sz002309,3.3,3.3,3.3,499800.0,3.29,12100,3.3,182900,0.0,3.3,3.3,499800,1650000.0,0.02,0.0,79.4,99.25,3.63,2.97,0.0
爱丽家居,sh603221,27.32,27.27,27.32,2506700.0,27.32,197700,27.33,100,0.18,27.32,27.32,2506700,68480000.0,1.03,0.0,66.19,66.19,30.0,24.54,0.0
信科移动-U,sh688387,14.65,14.78,14.65,7856100.0,14.64,1400,14.65,3700,-0.88,14.65,14.65,7856100,1150000.0,0.0,0.0,295.46,500.85,17.74,11.82,0.0
航宇微,sz300053,13.1,13.11,13.1,61000.0,13.1,500,13.11,17900,-0.08,13.1,13.1,61000,800000.0,0.01,0.0,85.26,91.29,15.73,10.49,0.0
*ST发展,sz000838,2.8,2.82,2.8,449200.0,2.79,9000,2.8,37000,-0.71,2.8,2.8,449200,1260000.0,0.04,0.0,29.51,30.81,3.1,2.54,0.0
航宇科技,sh688239,47.7,47.94,47.7,954600.0,47.7,100,47.85,100,-0.5,47.7,47.7,954600,460000.0,0.01,0.0,91.07,91.07,57.53,38.35,0.0
英利汽车,sh601279,3.26,3.26,3.26,13400.0,3.25,200,3.26,3200,0.0,3.26,3.26,13400,40000.0,0.0,0.0,51.7,51.7,3.59,2.93,0.0
宁波海运,sh600798,3.27,3.27,3.27,196700.0,3.26,107900,3.27,36400,0.0,3.27,3.27,196700,640000.0,0.02,0.0,39.45,39.45,3.6,2.94,0.0
华光源海,bj920351,11.54,11.56,11.54,2500.0,11.45,4000,11.54,2400,-0.17,11.54,11.54,2500,28900.0,0.01,0.0,4.6,10.16,15.02,8.1,0.0
霍莱沃,sh688682,33.18,33.04,33.18,401000.0,33.17,400,33.18,100,0.42,33.18,33.18,401000,130000.0,0.0,0.0,33.79,33.79,39.65,26.43,0.0
信息发展,sz300469,61.88,62.2,61.88,29700.0,61.88,4900,62.1,300,-0.51,61.88,61.88,29700,1840000.0,0.01,0.0,153.53,153.61,74.64,49.76,0.0
亨通股份,sh600226,6.5,6.5,6.5,898000.0,6.49,1200,6.5,126500,0.0,6.5,6.5,898000,5840000.0,0.03,0.0,193.33,193.33,7.15,5.85,0.0
*ST新元,sz300472,6.72,6.79,0.0,0.0,6.72,5000,6.85,20700,-1.03,0.0,0.0,0,0.0,0.0,0.0,16.53,18.5,8.15,5.43,0.0
*ST天喻,sz300205,4.92,4.94,4.92,96400.0,4.92,8500,4.94,5900,-0.4,4.92,4.92,96400,470000.0,0.02,0.0,21.16,21.16,5.93,3.95,0.0
珠江钢琴,sz002678,4.68,4.7,4.68,6000.0,4.68,75200,4.7,100,-0.43,4.68,4.68,6000,30000.0,0.0,0.0,63.53,63.57,5.17,4.23,0.0
亚联发展,sz002316,4.53,4.56,4.53,70000.0,4.52,1000,4.53,4100,-0.66,4.53,4.53,70000,320000.0,0.02,0.0,15.44,17.81,5.02,4.1,0.0
*ST中迪,sz000609,10.88,10.86,10.88,46600.0,10.87,11400,10.88,6500,0.18,10.88,10.88,46600,510000.0,0.02,0.0,31.67,32.56,11.95,9.77,0.0
理工光科,sz300557,27.36,27.39,27.36,5700.0,27.36,100,27.37,100,-0.11,27.36,27.36,5700,160000.0,0.0,0.0,42.78,42.99,32.87,21.91,0.0
ST亚光,sz300123,4.54,4.57,4.54,132500.0,4.54,3200,4.55,130200,-0.66,4.54,4.54,132500,600000.0,0.01,0.0,45.13,46.39,5.48,3.66,0.0
王府井,sh600859,9.92,9.96,9.92,78300.0,9.91,19100,9.92,4100,-0.4,9.92,9.92,78300,780000.0,0.01,0.0,111.48,111.49,10.96,8.96,0.0
哈焊华通,sz301137,35.04,34.97,35.04,18600.0,34.97,500,35.04,3300,0.2,35.04,35.04,18600,650000.0,0.01,0.0,63.71,63.71,41.96,27.98,0.0
首开股份,sh600376,4.2,4.14,4.2,1958000.0,4.19,88100,4.2,65400,1.45,4.2,4.2,1958000,8220000.0,0.08,0.0,108.34,108.34,4.55,3.73,0.0
永悦科技,sh603879,5.47,5.48,5.47,23700.0,5.44,6400,5.47,416300,-0.18,5.47,5.47,23700,130000.0,0.01,0.0,19.66,19.66,6.03,4.93,0.0
昂瑞微-UW,sh688790,104.55,104.1,104.55,360000.0,103.27,200,104.55,100,0.43,104.55,104.55,360000,380000.0,0.03,0.0,13.25,104.06,124.92,83.28,0.0
天润科技,bj920564,14.3,14.01,14.3,6600.0,13.89,1000,14.3,4000,2.07,14.3,14.3,6600,94100.0,0.01,0.0,7.03,15.29,18.21,9.81,0.0
华天酒店,sz000428,4.31,4.27,4.31,284100.0,4.31,179600,4.32,3500,0.94,4.31,4.31,284100,1220000.0,0.03,0.0,43.92,43.92,4.7,3.84,0.0
双飞集团,sz300817,15.82,15.79,15.82,3900.0,15.79,3700,15.82,900,0.19,15.82,15.82,3900,60000.0,0.0,0.0,19.82,34.53,18.95,12.63,0.0
新乡化纤,sz000949,6.67,6.73,6.67,464900.0,6.67,13000,6.7,100,-0.89,6.67,6.67,464900,3100000.0,0.03,0.0,110.49,110.52,7.4,6.06,0.0
宁波东力,sz002164,11.96,12.0,11.96,48500.0,11.96,4300,11.97,2100,-0.33,11.96,11.96,48500,580000.0,0.01,0.0,57.38,63.65,13.2,10.8,0.0
博盈特焊,sz301468,35.43,36.01,35.43,45900.0,35.43,2700,35.85,100,-1.61,35.43,35.43,45900,1630000.0,0.05,0.0,34.55,59.93,43.21,28.81,0.0
航天长峰,sh600855,12.99,12.95,12.99,14300.0,12.96,600,12.99,5900,0.31,12.99,12.99,14300,190000.0,0.0,0.0,60.75,60.86,14.25,11.66,0.0
星图测控,bj920116,49.9,49.69,49.9,8800.0,49.8,300,49.9,1900,0.42,49.9,49.9,8800,438400.00000000006,0.0,0.0,111.62,111.62,64.59,34.79,0.0
ST金顶,sh600678,5.51,5.51,5.51,40900.0,5.5,10000,5.51,18300,0.0,5.51,5.51,40900,230000.0,0.01,0.0,19.23,19.23,6.06,4.96,0.0
金时科技,sz002951,18.1,18.66,18.1,561500.0,18.1,1600,18.15,1100,-3.0,18.1,18.1,561500,10160000.0,0.14,0.0,72.6,72.95,20.53,16.79,0.0
佳创视讯,sz300264,6.9,6.88,6.9,46800.0,6.88,100,6.9,1200,0.29,6.9,6.9,46800,320000.0,0.01,0.0,25.56,29.73,8.26,5.5,0.0
信测标准,sz300938,30.38,30.33,30.38,19200.0,30.38,200,30.45,200,0.16,30.38,30.38,19200,580000.0,0.01,0.0,89.88,103.55,36.4,24.26,0.0
奥精医疗,sh688613,15.71,15.67,15.71,984000.0,15.67,700,15.71,3500,0.26,15.71,15.71,984000,150000.0,0.01,0.0,21.52,21.52,18.8,12.54,0.0
爱科赛博,sh688719,54.72,54.44,54.72,814200.0,54.0,200,54.72,2300,0.51,54.72,54.72,814200,450000.0,0.01,0.0,49.1,63.14,65.33,43.55,0.0
北斗星通,sz002151,30.31,30.28,30.31,52900.0,30.31,2000,30.32,900,0.1,30.31,30.31,52900,1600000.0,0.01,0.0,134.22,164.56,33.31,27.25,0.0
*ST东珠,sh603359,2.26,2.27,2.26,2600.0,2.26,13900,2.27,4800,-0.44,2.26,2.26,2600,10000.0,0.0,0.0,10.08,10.08,2.5,2.04,0.0
通鼎互联,sz002491,20.01,20.3,20.01,2053800.0,20.01,73600,20.02,100,-1.43,20.01,20.01,2053800,41100000.0,0.17,0.0,235.41,246.12,22.33,18.27,0.0
元创股份,sz001325,37.71,37.82,37.71,2400.0,37.71,2000,37.8,1300,-0.29,37.71,37.71,2400,90000.0,0.01,0.0,7.39,29.56,41.6,34.04,0.0
豪恩汽电,sz301488,106.47,106.6,106.47,4300.0,106.0,300,106.48,2300,-0.12,106.47,106.47,4300,460000.0,0.01,0.0,44.24,107.97,127.92,85.28,0.0
沐曦股份-U,sh688802,776.0,786.0,776.0,749300.0,774.99,200,776.0,300,-1.27,776.0,776.0,749300,5810000.0,0.04,0.0,143.78,3104.78,943.2,628.8,0.0
长江通信,sh600345,48.98,48.98,48.98,34500.0,48.98,2500,48.99,5400,0.0,48.98,48.98,34500,1690000.0,0.02,0.0,103.62,161.44,53.88,44.08,0.0
恒宝股份,sz002104,10.18,10.17,10.18,149200.0,10.17,2100,10.18,28400,0.1,10.18,10.18,149200,1520000.0,0.02,0.0,61.05,72.11,11.19,9.15,0.0
国光电气,sh688776,50.93,50.45,50.93,728200.0,50.49,300,50.93,300,0.95,50.93,50.93,728200,370000.0,0.01,0.0,55.2,55.2,60.54,40.36,0.0
翠微股份,sh603123,8.95,9.02,8.95,87000.0,8.95,7700,8.98,1000,-0.78,8.95,8.95,87000,780000.0,0.01,0.0,58.38,71.49,9.92,8.12,0.0
恒帅股份,sz300969,79.33,79.33,79.33,4400.0,79.01,200,79.33,400,0.0,79.33,79.33,4400,350000.0,0.01,0.0,62.1,130.2,95.2,63.46,0.0
金圆股份,sz000546,4.93,4.81,4.93,245400.0,4.91,500,4.93,18900,2.49,4.93,4.93,245400,1210000.0,0.04,0.0,34.35,38.34,5.29,4.33,0.0
特发信息,sz000070,15.58,15.57,15.58,625300.0,15.58,52300,15.59,1200,0.06,15.58,15.58,625300,9740000.0,0.07,0.0,133.48,135.3,17.13,14.01,0.0
领益智造,sz002600,12.98,12.98,12.98,820000.0,12.97,3700,12.98,219700,0.0,12.98,12.98,820000,10640000.0,0.01,0.0,934.56,1054.01,14.28,11.68,0.0
广博股份,sz002103,6.65,6.65,6.65,22900.0,6.61,600,6.65,1200,0.0,6.65,6.65,22900,150000.0,0.01,0.0,25.81,35.53,7.32,5.99,0.0
交建股份,sh603815,5.37,5.37,5.37,23700.0,5.35,500,5.37,91000,0.0,5.37,5.37,23700,130000.0,0.0,0.0,33.24,33.24,5.91,4.83,0.0
百邦科技,sz300736,28.21,28.46,28.21,8200.0,28.21,700,28.27,700,-0.88,28.21,28.21,8200,230000.0,0.01,0.0,35.18,36.09,34.15,22.77,0.0
国泰集团,sh603977,12.13,12.13,12.13,70400.0,12.1,2000,12.13,8700,0.0,12.13,12.13,70400,850000.0,0.01,0.0,75.36,75.36,13.34,10.92,0.0
华力创通,sz300045,13.92,13.92,13.92,85500.0,13.91,600,13.92,12600,0.0,13.92,13.92,85500,1190000.0,0.02,0.0,71.87,92.24,16.7,11.14,0.0
*ST棒杰,sz002634,4.38,4.35,4.38,51500.0,4.35,6600,4.38,8700,0.69,4.38,4.38,51500,230000.0,0.01,0.0,19.37,20.12,4.79,3.92,0.0
万集科技,sz300552,22.0,21.95,22.0,18300.0,22.0,100,22.02,600,0.23,22.0,22.0,18300,400000.0,0.01,0.0,29.72,46.89,26.34,17.56,0.0
欧福蛋业,bj920371,7.28,7.28,7.28,85700.0,7.28,3400,7.29,600,0.0,7.28,7.28,85700,624000.0,0.04,0.0,14.18,14.96,9.46,5.1,0.0
海航控股,sh600221,1.32,1.32,1.32,1294400.0,1.32,34520200,1.33,66393400,0.0,1.32,1.32,1294400,1710000.0,0.0,0.0,565.56,570.45,1.45,1.19,0.0
*ST利达,sh603828,4.21,4.17,4.21,200.0,4.17,54400,4.21,3000,0.96,4.21,4.21,200,0.0,0.0,0.0,25.09,25.09,4.59,3.75,0.0
法尔胜,sz000890,7.64,7.55,7.64,96400.0,7.63,71700,7.64,4500,1.19,7.64,7.64,96400,740000.0,0.02,0.0,32.05,32.05,8.31,6.8,0.0
合众思壮,sz002383,7.27,7.2,7.27,71000.0,7.26,300,7.27,1600,0.97,7.27,7.27,71000,520000.0,0.01,0.0,53.82,53.82,7.92,6.48,0.0
盛洋科技,sh603703,10.7,10.73,10.7,1143600.0,10.7,18600,10.71,3000,-0.28,10.7,10.7,1143600,12240000.0,0.28,0.0,44.4,44.4,11.8,9.66,0.0
红棉股份,sz000523,2.98,2.96,2.98,369400.0,2.98,18300,2.99,34300,0.68,2.98,2.98,369400,1100000.0,0.03,0.0,39.49,54.7,3.26,2.66,0.0
舜宇精工,bj920906,16.42,16.55,0.0,0.0,16.42,2500,16.65,600,-0.79,0.0,0.0,0,0.0,0.0,0.0,5.48,10.67,21.51,11.59,0.0
苏利股份,sh603585,10.38,10.29,10.38,22500.0,10.38,2100,10.4,9000,0.87,10.38,10.38,22500,230000.0,0.01,0.0,28.11,28.58,11.32,9.26,0.0
北京文化,sz000802,5.1,5.33,5.1,67628900.0,5.1,822300,5.11,400,-4.32,5.1,5.1,67628900,344910000.0,9.45,0.0,36.49,36.51,5.86,4.8,0.0
通源环境,sh688679,38.0,38.07,38.0,7204300.0,37.83,7000,38.0,1300,-0.18,38.0,38.0,7204300,2740000.0,0.05,0.0,50.04,50.04,45.68,30.46,0.0
ST臻镭,sh688270,68.36,68.9,68.36,2830200.0,68.36,500,68.4,200,-0.78,68.36,68.36,2830200,1930000.0,0.01,0.0,204.75,204.75,82.68,55.12,0.0
ST百灵,sz002424,4.6,4.59,4.6,67700.0,4.6,36100,4.61,500,0.22,4.6,4.6,67700,310000.0,0.01,0.0,52.99,64.29,5.05,4.13,0.0
远方信息,sz300306,10.1,10.19,10.1,14700.0,10.1,10600,10.17,1000,-0.88,10.1,10.1,14700,150000.0,0.01,0.0,15.92,27.16,12.23,8.15,0.0
昇辉科技,sz300423,5.97,6.09,5.97,261600.0,5.97,5800,6.05,22300,-1.97,5.97,5.97,261600,1560000.0,0.08,0.0,19.89,29.7,7.31,4.87,0.0
百傲化学,sh603360,13.57,13.68,13.57,96200.0,13.57,4200,13.65,900,-0.8,13.57,13.57,96200,1310000.0,0.01,0.0,95.83,95.83,15.05,12.31,0.0
铖昌科技,sz001270,120.6,120.85,120.6,59600.0,120.14,500,120.6,2200,-0.21,120.6,120.6,59600,7190000.0,0.03,0.0,246.99,248.57,132.94,108.77,0.0
顶固集创,sz300749,24.3,24.4,24.3,8100.0,24.14,1500,24.3,4100,-0.41,24.3,24.3,8100,200000.0,0.01,0.0,38.25,49.86,29.28,19.52,0.0
科思股份,sz300856,11.15,11.15,11.15,37400.0,11.14,1300,11.15,4500,0.0,11.15,11.15,37400,420000.0,0.01,0.0,51.26,53.04,13.38,8.92,0.0
三羊马,sz001317,55.27,55.69,55.27,67000.0,55.27,1400,55.45,2100,-0.75,55.27,55.27,67000,3700000.0,0.08,0.0,47.25,47.29,61.26,50.12,0.0
新大洲A,sz000571,6.5,6.45,6.5,322800.0,6.46,700,6.5,2100,0.78,6.5,6.5,322800,2100000.0,0.04,0.0,52.91,54.54,7.1,5.81,0.0
高乐股份,sz002348,12.37,12.35,12.37,59500.0,12.37,31600,12.39,300,0.16,12.37,12.37,59500,740000.0,0.01,0.0,111.77,122.85,13.59,11.12,0.0
三维通信,sz002115,12.1,12.08,12.1,561500.0,12.09,33300,12.1,13000,0.17,12.1,12.1,561500,6790000.0,0.08,0.0,90.3,97.41,13.29,10.87,0.0
汉仪股份,sz301270,33.54,33.54,33.54,8200.0,33.52,500,33.54,4000,0.0,33.54,33.54,8200,280000.0,0.01,0.0,31.69,33.54,40.25,26.83,0.0
西安饮食,sz000721,6.57,6.57,6.57,9800.0,6.55,1000,6.57,300,0.0,6.57,6.57,9800,60000.0,0.0,0.0,33.66,37.71,7.23,5.91,0.0
盟升电子,sh688311,25.59,25.39,25.59,1051400.0,25.46,200,25.59,2000,0.79,25.59,25.59,1051400,270000.0,0.01,0.0,44.81,44.81,30.47,20.31,0.0
国机精工,sz002046,51.5,50.93,51.5,166300.0,51.48,3500,51.5,34000,1.12,51.5,51.5,166300,8560000.0,0.03,0.0,273.04,276.14,56.02,45.84,0.0
航天软件,sh688562,14.46,14.44,14.46,1264600.0,14.45,10500,14.46,3200,0.14,14.46,14.46,1264600,180000.0,0.0,0.0,57.84,57.84,17.33,11.55,0.0
*ST田野,bj920023,1.96,1.97,1.96,18600.0,1.95,29300,1.96,12100,-0.51,1.96,1.96,18600,36400.0,0.01,0.0,5.27,6.42,2.56,1.38,0.0
海伦钢琴,sz300329,12.15,12.08,12.15,10100.0,12.14,1000,12.15,4100,0.58,12.15,12.15,10100,120000.0,0.0,0.0,30.64,30.73,14.5,9.66,0.0
中央商场,sh600280,3.06,3.02,3.06,178800.0,3.06,19100,3.07,64000,1.32,3.06,3.06,178800,550000.0,0.02,0.0,34.53,34.53,3.32,2.72,0.0
航天科技,sz000901,14.99,15.03,14.99,36200.0,14.99,5800,15.0,26700,-0.27,14.99,14.99,36200,540000.0,0.0,0.0,119.65,119.65,16.53,13.53,0.0
欢乐家,sz300997,18.06,18.06,18.06,70200.0,18.0,5200,18.06,300,0.0,18.06,18.06,70200,1270000.0,0.02,0.0,71.26,78.56,21.67,14.45,0.0
渤海汽车,sh600960,4.06,4.05,4.06,55500.0,4.02,24000,4.07,11000,0.25,4.06,4.06,55500,230000.0,0.01,0.0,38.59,38.59,4.46,3.65,0.0
三友科技,bj920475,12.75,12.7,12.75,6700.0,12.73,300,12.75,4900,0.39,12.75,12.75,6700,85700.0,0.01,0.0,7.17,12.89,16.51,8.89,0.0
古鳌科技,sz300551,10.35,10.27,10.35,19900.0,10.27,4000,10.35,10300,0.78,10.35,10.35,19900,210000.0,0.01,0.0,35.09,35.2,12.32,8.22,0.0
庄园牧场,sz002910,9.67,9.74,9.67,67100.0,9.67,4400,9.69,3700,-0.72,9.67,9.67,67100,650000.0,0.04,0.0,16.54,18.91,10.71,8.77,0.0
世联行,sz002285,2.18,2.18,2.18,73300.0,2.18,14800,2.19,32300,0.0,2.18,2.18,73300,160000.0,0.0,0.0,43.06,43.44,2.4,1.96,0.0
斯瑞新材,sh688102,39.79,39.99,39.79,10664200.0,39.74,1000,39.79,50500,-0.5,39.79,39.79,10664200,4240000.0,0.01,0.0,309.89,310.79,47.99,31.99,0.0
国博电子,sh688375,85.66,86.34,85.66,1295100.0,85.6,500,85.66,3500,-0.79,85.66,85.66,1295100,1110000.0,0.0,0.0,510.55,510.55,103.61,69.07,0.0
茂业商业,sh600828,3.99,3.99,3.99,7800.0,3.97,6500,3.99,1200,0.0,3.99,3.99,7800,30000.0,0.0,0.0,69.08,69.11,4.39,3.59,0.0
王子新材,sz002735,12.0,11.99,12.0,50100.0,11.99,1400,12.0,5600,0.08,12.0,12.0,50100,600000.0,0.02,0.0,34.21,45.03,13.19,10.79,0.0
大连友谊,sz000679,6.24,6.22,6.24,17600.0,6.23,500,6.24,5400,0.32,6.24,6.24,17600,110000.0,0.0,0.0,22.24,22.24,6.84,5.6,0.0
福事特,sz301446,38.65,38.27,38.65,3000.0,37.74,1000,38.66,100,0.99,38.65,38.65,3000,120000.0,0.01,0.0,12.28,40.2,45.92,30.62,0.0
利群股份,sh601366,3.92,3.85,3.92,1789300.0,3.91,6100,3.92,204600,1.82,3.92,3.92,1789300,7010000.0,0.19,0.0,37.62,37.62,4.24,3.47,0.0
崧盛股份,sz301002,30.57,30.87,30.57,13300.0,30.51,2000,30.57,1200,-0.97,30.57,30.57,13300,410000.0,0.02,0.0,25.98,41.25,37.04,24.7,0.0
润普食品,bj920422,9.4,9.46,0.0,0.0,9.4,200,9.45,4800,-0.63,0.0,0.0,0,0.0,0.0,0.0,6.22,8.32,12.29,6.63,0.0
科创新材,bj920580,11.35,11.38,11.35,2900.0,11.31,900,11.35,2100,-0.26,11.35,11.35,2900,32900.0,0.01,0.0,6.22,9.76,14.79,7.97,0.0
航天智装,sz300455,19.58,19.47,19.58,16900.0,19.48,100,19.58,600,0.56,19.58,19.58,16900,330000.0,0.0,0.0,138.37,140.54,23.36,15.58,0.0
西测测试,sz301306,101.62,102.21,101.62,11800.0,101.62,1100,102.0,200,-0.58,101.62,101.62,11800,1200000.0,0.02,0.0,59.21,85.77,122.65,81.77,0.0
凯瑞德,sz002072,7.65,7.57,7.65,9700.0,7.6,100,7.65,3300,1.06,7.65,7.65,9700,70000.0,0.0,0.0,28.12,28.13,8.33,6.81,0.0
莱克电气,sh603355,27.4,27.42,27.4,4400.0,27.39,200,27.4,100,-0.07,27.4,27.4,4400,120000.0,0.0,0.0,157.11,157.11,30.16,24.68,0.0
九牧王,sh601566,8.54,8.51,8.54,15400.0,8.54,100,8.55,5000,0.35,8.54,8.54,15400,130000.0,0.0,0.0,49.07,49.07,9.36,7.66,0.0
金钟股份,sz301133,28.7,28.58,28.7,11300.0,28.3,200,28.72,300,0.42,28.7,28.7,11300,320000.0,0.01,0.0,31.9,34.86,34.3,22.86,0.0
粤海饲料,sz001313,7.97,7.98,7.97,37800.0,7.97,4300,7.98,21100,-0.13,7.97,7.97,37800,300000.0,0.01,0.0,55.72,55.79,8.78,7.18,0.0
震有科技,sh688418,36.82,36.86,36.82,666200.0,36.46,4600,36.82,1500,-0.11,36.82,36.82,666200,250000.0,0.0,0.0,70.9,70.9,44.23,29.49,0.0
通宇通讯,sz002792,35.84,36.3,35.84,183100.0,35.8,3600,35.84,3900,-1.27,35.84,35.84,183100,6560000.0,0.05,0.0,121.08,187.74,39.93,32.67,0.0
ST思科瑞,sh688053,35.1,35.1,0.0,0.0,35.1,500,35.27,1000,0.0,0.0,0.0,0,0.0,0.0,0.0,35.1,35.1,42.12,28.08,0.0
银河电子,sz002519,5.68,5.62,5.68,192300.0,5.66,4800,5.68,3000,1.07,5.68,5.68,192300,1090000.0,0.02,0.0,63.81,63.98,6.18,5.06,0.0
景业智能,sh688290,69.1,69.1,69.1,40000.0,69.1,0,69.38,200,0.0,69.1,69.1,40000,30000.0,0.0,0.0,70.61,70.61,82.92,55.28,0.0
上海沪工,sh603131,15.85,15.76,15.85,18600.0,15.78,1800,15.85,4100,0.57,15.85,15.85,18600,290000.0,0.01,0.0,53.4,53.4,17.34,14.18,0.0
皮阿诺,sz002853,21.02,21.04,21.02,6300.0,20.99,2800,21.02,1700,-0.1,21.02,21.02,6300,130000.0,0.0,0.0,27.05,38.45,23.14,18.94,0.0
国机重装,sh601399,3.24,3.26,3.24,421300.0,3.24,45300,3.25,188800,-0.61,3.24,3.24,421300,1370000.0,0.01,0.0,233.72,233.72,3.59,2.93,0.0
莱赛激光,bj920363,10.39,10.47,0.0,0.0,10.39,2200,10.56,2400,-0.76,0.0,0.0,0,0.0,0.0,0.0,7.33,12.89,13.61,7.33,0.0
威帝股份,sh603023,4.15,4.15,4.15,21900.0,4.15,700,4.16,5500,0.0,4.15,4.15,21900,90000.0,0.0,0.0,23.16,23.16,4.57,3.74,0.0
冰山冷热,sz000530,5.06,5.06,5.06,270900.0,5.06,75000,5.07,100,0.0,5.06,5.06,270900,1370000.0,0.05,0.0,30.37,42.67,5.57,4.55,0.0
科达自控,bj920932,12.54,12.41,12.54,100.0,12.33,2200,12.54,2200,1.05,12.54,12.54,100,1300.0,0.0,0.0,10.93,13.21,16.13,8.69,0.0
南京商旅,sh600250,8.53,8.5,8.53,12300.0,8.51,200,8.54,5000,0.35,8.53,8.53,12300,100000.0,0.0,0.0,26.68,26.68,9.35,7.65,0.0
航天晨光,sh600501,15.04,15.01,15.04,14700.0,15.04,700,15.07,1400,0.2,15.04,15.04,14700,220000.0,0.0,0.0,64.34,64.34,16.51,13.51,0.0
德联集团,sz002666,4.28,4.28,4.28,84600.0,4.26,2300,4.28,3500,0.0,4.28,4.28,84600,360000.0,0.02,0.0,21.43,33.73,4.71,3.85,0.0
航天电子,sh600879,16.35,16.45,16.35,466000.0,16.34,300,16.35,9000,-0.61,16.35,16.35,466000,7620000.0,0.01,0.0,539.44,539.44,18.1,14.81,0.0
东箭科技,sz300978,8.8,8.88,8.8,11900.0,8.8,1800,8.85,2000,-0.9,8.8,8.8,11900,100000.0,0.0,0.0,25.26,37.2,10.66,7.1,0.0
瑞星股份,bj920717,8.45,8.28,8.45,10000.0,8.42,1300,8.45,1000,2.05,8.45,8.45,10000,84500.0,0.02,0.0,3.74,9.69,10.76,5.8,0.0
中国卫通,sh601698,26.9,26.96,26.9,63500.0,26.89,2000,26.9,37900,-0.22,26.9,26.9,63500,1710000.0,0.0,0.0,1136.36,1136.36,29.66,24.26,0.0
红旗连锁,sz002697,4.65,4.58,4.65,354200.0,4.63,8200,4.65,34100,1.53,4.65,4.65,354200,1650000.0,0.03,0.0,53.39,63.24,5.04,4.12,0.0
立方退,sz300344,0.25,0.25,0.0,0.0,0.0,0,0.0,0,0.0,0.0,0.0,0,0.0,0.0,0.0,1.6,1.6,-1.0,-1.0,0.0
上海瀚讯,sz300762,33.0,33.19,33.0,50600.0,32.98,500,33.0,100,-0.57,33.0,33.0,50600,1670000.0,0.01,0.0,207.23,214.62,39.83,26.55,0.0
中超控股,sz002471,5.88,5.83,5.88,314400.0,5.87,100,5.88,104600,0.86,5.88,5.88,314400,1850000.0,0.02,0.0,79.03,80.48,6.41,5.25,0.0
大鹏工业,bj920091,30.49,30.18,30.49,700.0,30.18,400,30.49,600,1.03,30.49,30.49,700,21300.0,0.0,0.0,4.42,18.74,39.23,21.13,0.0
佳缘科技,sz301117,19.88,19.87,19.88,39100.0,19.88,4800,19.97,500,0.05,19.88,19.88,39100,780000.0,0.03,0.0,23.03,35.95,23.84,15.9,0.0
ST海王,sz000078,1.67,1.67,1.67,455100.0,1.67,45800,1.68,1305000,0.0,1.67,1.67,455100,760000.0,0.02,0.0,43.84,43.94,1.84,1.5,0.0
华体科技,sh603679,23.0,22.87,23.0,55200.0,22.88,6500,23.0,100,0.57,23.0,23.0,55200,1270000.0,0.03,0.0,40.87,40.87,25.16,20.58,0.0
天银机电,sz300342,37.6,37.7,37.6,88100.0,37.52,100,37.6,20700,-0.27,37.6,37.6,88100,3310000.0,0.02,0.0,158.05,159.81,45.24,30.16,0.0
陕西华达,sz301517,42.01,42.01,42.01,1700.0,41.98,100,42.01,600,0.0,42.01,42.01,1700,70000.0,0.0,0.0,40.99,63.53,50.41,33.61,0.0
曲江文旅,sh600706,7.9,7.91,7.9,7800.0,7.89,1800,7.9,18400,-0.13,7.9,7.9,7800,60000.0,0.0,0.0,20.07,20.15,8.7,7.12,0.0
渤海化学,sh600800,3.59,3.52,3.59,1265100.0,3.59,39300,3.6,18600,1.99,3.59,3.59,1265100,4540000.0,0.11,0.0,39.84,39.85,3.87,3.17,0.0
珠江股份,sh600684,3.46,3.44,3.46,30100.0,3.44,100,3.46,13800,0.58,3.46,3.46,30100,100000.0,0.0,0.0,29.53,38.27,3.78,3.1,0.0
航天机电,sh600151,10.97,10.87,10.97,190000.0,10.96,1000,10.97,7100,0.92,10.97,10.97,190000,2080000.0,0.01,0.0,157.34,157.34,11.96,9.78,0.0
恒盛能源,sh605580,18.96,18.98,18.96,13700.0,18.91,100,18.96,11400,-0.11,18.96,18.96,13700,260000.0,0.0,0.0,53.09,53.09,20.88,17.08,0.0
*ST高科,sh600730,10.42,10.39,10.42,30600.0,10.41,1000,10.42,56400,0.29,10.42,10.42,30600,320000.0,0.01,0.0,61.13,61.13,11.43,9.35,0.0
钧达股份,sz002865,46.6,46.63,46.6,27200.0,46.59,200,46.6,3700,-0.06,46.6,46.6,27200,1270000.0,0.01,0.0,104.16,145.05,51.29,41.97,0.0
顺灏股份,sz002565,9.64,9.73,9.64,82000.0,9.63,7300,9.64,200,-0.92,9.64,9.64,82000,790000.0,0.01,0.0,102.18,102.18,10.7,8.76,0.0
星辰科技,bj920885,12.89,12.75,12.89,7600.0,12.79,1000,12.89,7300,1.1,12.89,12.89,7600,97600.0,0.01,0.0,11.41,22.02,16.57,8.93,0.0
博纳影业,sz001330,5.02,5.07,5.02,621800.0,5.02,8000,5.05,1300,-0.99,5.02,5.02,621800,3120000.0,0.05,0.0,58.37,69.0,5.58,4.56,0.0
久之洋,sz300516,33.66,34.15,33.66,43600.0,33.66,7300,33.96,1100,-1.43,33.66,33.66,43600,1470000.0,0.02,0.0,84.82,84.82,40.98,27.32,0.0
*ST禾信,sh688622,106.8,108.3,0.0,0.0,106.8,200,107.95,400,-1.39,0.0,0.0,0,0.0,0.0,0.0,75.26,75.26,129.96,86.64,0.0
长药退,sz300391,0.19,0.19,0.0,0.0,0.0,0,0.0,0,0.0,0.0,0.0,0,0.0,0.0,0.0,0.67,0.67,-1.0,-1.0,0.0
ST天玑,sz300245,5.69,5.71,5.69,6700.0,5.69,2000,5.7,56200,-0.35,5.69,5.69,6700,40000.0,0.0,0.0,16.71,17.36,6.85,4.57,0.0
汉鑫科技,bj920092,29.5,30.01,29.5,16000.0,29.48,400,29.5,3300,-1.7,29.5,29.5,16000,471500.0,0.05,0.0,9.72,18.31,39.01,21.01,0.0
同大股份,sz300321,34.92,35.19,34.92,6500.0,34.81,1000,34.92,500,-0.77,34.92,34.92,6500,230000.0,0.01,0.0,30.97,31.01,42.23,28.15,0.0
ST福能,sz300173,3.3,3.33,3.3,14100.0,3.3,46500,3.35,5000,-0.9,3.3,3.3,14100,50000.0,0.0,0.0,24.25,24.25,4.0,2.66,0.0
创识科技,sz300941,14.67,14.71,14.67,3900.0,14.67,2200,14.68,1000,-0.27,14.67,14.67,3900,60000.0,0.0,0.0,18.16,30.04,17.65,11.77,0.0
誉帆科技,sz001396,34.98,34.9,34.98,600.0,34.9,500,34.98,400,0.23,34.98,34.98,600,20000.0,0.0,0.0,7.95,37.39,38.39,31.41,0.0
双欣材料,sz001369,12.78,12.81,12.78,23300.0,12.78,25100,12.79,100,-0.23,12.78,12.78,23300,300000.0,0.01,0.0,26.51,146.59,14.09,11.53,0.0
江天科技,bj920121,27.67,27.91,0.0,0.0,27.67,800,28.07,700,-0.86,0.0,0.0,0,0.0,0.0,0.0,3.3,18.28,36.28,19.54,0.0
蘅东光,bj920045,390.0,394.48,390.0,8000.0,390.0,4200,391.0,100,-1.14,390.0,390.0,8000,3102799.9999999995,0.03,0.0,109.9,371.67,512.82,276.14,0.0
强一股份,sh688809,485.6,487.0,485.6,414600.0,485.6,0,486.0,400,-0.29,485.6,485.6,414600,2010000.0,0.02,0.0,125.83,629.14,584.4,389.6,0.0
健信超导,sh688805,41.1,41.04,41.1,282500.0,41.05,200,41.1,200,0.15,41.1,41.1,282500,120000.0,0.01,0.0,13.78,68.92,49.25,32.83,0.0
陕西旅游,sh603402,62.07,62.12,62.07,8400.0,62.06,1800,62.07,0,-0.08,62.07,62.07,8400,520000.0,0.03,0.0,15.6,62.4,68.33,55.91,0.0
新广益,sz301687,52.6,53.08,52.6,9900.0,52.6,900,52.61,800,-0.9,52.6,52.6,9900,520000.0,0.03,0.0,16.39,77.25,63.7,42.46,0.0
至信股份,sh603352,26.81,26.83,26.81,2300.0,26.81,800,26.83,500,-0.07,26.81,26.81,2300,60000.0,0.01,0.0,12.15,60.77,29.51,24.15,0.0
科马材料,bj920086,20.56,20.74,0.0,0.0,20.56,1100,20.76,900,-0.87,0.0,0.0,0,0.0,0.0,0.0,5.63,17.2,26.96,14.52,0.0
国亮新材,bj920076,12.88,12.82,0.0,0.0,12.88,100,12.9,2000,0.47,0.0,0.0,0,0.0,0.0,0.0,4.74,15.08,16.66,8.98,0.0
爱伦医疗,bj920050,28.7,28.7,28.7,300.0,28.55,500,28.7,1400,0.0,28.7,28.7,300,8100.000000000001,0.0,0.0,5.2,19.42,37.31,20.09,0.0
农大科技,bj920159,28.3,28.62,28.3,21900.0,28.21,300,28.3,1000,-1.12,28.3,28.3,21900,620800.0,0.15,0.0,4.08,21.51,37.2,20.04,0.0
恒运昌,sh688785,299.85,296.88,299.85,153200.0,299.85,100,299.99,200,1.0,299.85,299.85,153200,460000.0,0.01,0.0,40.61,203.0,356.26,237.5,0.0
美德乐,bj920119,48.02,48.01,48.02,3600.0,48.02,1400,48.15,2000,0.02,48.02,48.02,3600,173100.0,0.01,0.0,13.24,48.49,62.41,33.61,0.0
振石股份,sh601112,15.51,15.49,15.51,11600.0,15.51,700,15.57,200,0.13,15.51,15.51,11600,180000.0,0.01,0.0,28.34,269.93,17.04,13.94,0.0
世盟股份,sz001220,31.71,31.7,31.71,800.0,31.71,100,31.85,3700,0.03,31.71,31.71,800,30000.0,0.0,0.0,7.32,29.27,34.87,28.53,0.0
北芯生命,sh688712,34.99,34.87,34.99,90000.0,34.9,1800,34.99,200,0.34,34.99,34.99,90000,30000.0,0.0,0.0,15.96,145.91,41.84,27.9,0.0
爱得科技,bj920180,12.2,12.26,12.2,500.0,12.2,8700,12.29,800,-0.49,12.2,12.2,500,6000.0,0.0,0.0,4.35,14.41,15.93,8.59,0.0
林平发展,sh603284,45.76,46.19,45.76,78600.0,45.74,300,45.76,5400,-0.93,45.76,45.76,78600,3600000.0,0.42,0.0,8.63,34.51,50.81,41.57,0.0
电科蓝天,sh688818,51.2,50.96,51.2,4974600.0,51.18,4300,51.2,1900,0.47,51.2,51.2,4974600,2550000.0,0.04,0.0,72.71,889.31,61.15,40.77,0.0
易思维,sh688816,50.76,50.78,0.0,0.0,50.76,200,50.9,1000,-0.04,0.0,0.0,0,0.0,0.0,0.0,10.42,50.76,60.94,40.62,0.0
海圣医疗,bj920166,21.57,21.61,21.57,4300.0,21.41,1400,21.57,3700,-0.19,21.57,21.57,4300,91800.0,0.02,0.0,5.13,16.24,28.09,15.13,0.0
通宝光电,bj920168,15.5,15.59,0.0,0.0,15.5,200,15.55,200,-0.58,0.0,0.0,0,0.0,0.0,0.0,4.37,11.65,20.26,10.92,0.0
海菲曼,bj920183,29.14,29.14,29.14,2500.0,28.89,700,29.14,6000,0.0,29.14,29.14,2500,72900.0,0.02,0.0,3.28,14.26,37.88,20.4,0.0
通领科技,bj920187,19.44,19.33,19.44,200.0,19.33,300,19.44,600,0.57,19.44,19.44,200,3900.0,0.0,0.0,6.45,17.59,25.12,13.54,0.0
固德电材,sz301680,99.58,100.1,99.58,16300.0,99.5,200,99.58,400,-0.52,99.58,99.58,16300,1620000.0,0.1,0.0,16.73,82.45,120.12,80.08,0.0
觅睿科技,bj920036,30.4,30.51,30.4,1200.0,30.18,800,30.4,1800,-0.36,30.4,30.4,1200,37300.0,0.01,0.0,3.97,16.54,39.66,21.36,0.0
族兴新材,bj920078,19.2,19.39,19.2,7300.0,19.2,8600,19.35,1300,-0.98,19.2,19.2,7300,141000.0,0.02,0.0,7.49,23.04,25.2,13.58,0.0
新恒泰,bj920028,13.99,13.91,13.99,1600.0,13.83,1000,13.99,800,0.58,13.99,13.99,1600,22599.999999999996,0.0,0.0,9.09,22.99,18.08,9.74,0.0
宏明电子,sz301682,132.0,132.55,132.0,3700.0,131.9,100,132.0,200,-0.41,132.0,132.0,3700,490000.0,0.01,0.0,33.91,160.45,159.06,106.04,0.0
视涯科技-UW,sh688781,39.31,39.09,39.31,313200.0,39.2,300,39.31,1900,0.56,39.31,39.31,313200,120000.0,0.01,0.0,16.05,393.1,46.91,31.27,0.0
普昂医疗,bj920069,34.1,34.12,34.1,800.0,34.1,600,34.31,100,-0.06,34.1,34.1,800,28000.0,0.01,0.0,5.03,18.05,44.35,23.89,0.0
悦龙科技,bj920188,21.72,21.61,21.72,700.0,21.72,2500,21.77,100,0.51,21.72,21.72,700,14100.0,0.0,0.0,4.3,18.03,28.09,15.13,0.0
隆源股份,bj920055,26.94,26.9,26.94,400.0,26.71,1000,26.94,800,0.15,26.94,26.94,400,10800.0,0.0,0.0,4.12,18.32,34.97,18.83,0.0
盛龙股份,sz001257,25.06,25.27,25.06,39700.0,25.06,17500,25.07,400,-0.83,25.06,25.06,39700,990000.0,0.03,0.0,34.32,460.09,27.8,22.74,0.0
泰金新能,sh688813,125.8,125.99,125.8,4916900.0,125.63,2000,125.8,1700,-0.15,125.8,125.8,4916900,6190000.0,0.16,0.0,37.84,201.28,151.19,100.79,0.0
慧谷新材,sz301683,105.36,105.37,105.36,1600.0,105.34,1000,105.36,800,-0.01,105.36,105.36,1600,170000.0,0.01,0.0,15.03,66.5,126.44,84.3,0.0
晨光电机,bj920011,19.17,19.08,19.17,1000.0,19.08,600,19.17,1500,0.47,19.17,19.17,1000,19200.0,0.01,0.0,3.57,15.85,24.8,13.36,0.0
红板科技,sh603459,98.68,99.67,98.68,68600.0,98.67,300,98.68,15100,-0.99,98.68,98.68,68600,6770000.0,0.09,0.0,78.01,743.8,109.64,89.7,0.0
有研复材,sh688811,23.31,23.58,23.31,1934900.0,23.31,1300,23.5,200,-1.15,23.31,23.31,1934900,450000.0,0.02,0.0,21.47,116.94,28.3,18.86,0.0
赛英电子,bj920181,78.0,78.66,78.0,6100.0,77.86,400,78.0,2700,-0.84,78.0,78.0,6100,476599.99999999994,0.06,0.0,7.82,33.7,102.25,55.07,0.0
三瑞智能,sz301696,109.19,110.27,109.19,21300.0,109.18,100,109.2,100,-0.98,109.19,109.19,21300,2330000.0,0.07,0.0,32.85,436.77,132.32,88.22,0.0
创达新材,bj920012,56.6,57.35,56.6,59400.0,56.6,0,56.7,400,-1.31,56.6,56.6,59400,3362400.0,0.31,0.0,10.92,27.91,74.55,40.15,0.0
埃泰克,sh603293,36.81,37.26,36.81,21700.0,36.81,1400,36.84,500,-1.21,36.81,36.81,21700,800000.0,0.06,0.0,12.92,65.92,40.99,33.53,0.0
恒道科技,bj920177,24.9,24.77,24.9,200.0,24.77,200,24.9,1800,0.52,24.9,24.9,200,5000.0,0.0,0.0,4.61,13.03,32.2,17.34,0.0
大普微-UW,sz301666,465.0,458.5,465.0,49900.0,463.0,400,465.01,400,1.42,465.0,465.0,49900,23200000.0,0.19,0.0,123.3,2028.41,550.2,366.8,0.0
尚水智能,sz301513,51.0,51.57,51.0,6100.0,50.88,600,51.0,700,-1.11,51.0,51.0,6100,310000.0,0.03,0.0,10.28,51.0,61.88,41.26,0.0
瑞尔竞达,bj920191,8.84,8.84,8.84,2200.0,8.84,700,8.88,1200,0.0,8.84,8.84,2200,19400.0,0.01,0.0,3.53,15.68,11.49,6.19,0.0
福恩股份,sz001312,18.18,18.28,18.18,27900.0,18.18,500,18.19,2000,-0.55,18.18,18.18,27900,510000.0,0.05,0.0,10.39,42.42,20.11,16.45,0.0
盛合晶微,sh688820,153.32,153.1,153.32,12269500.0,153.32,2000,153.33,800,0.14,153.32,153.32,12269500,18810000.0,0.07,0.0,265.09,2856.01,183.72,122.48,0.0
联讯仪器,sh688808,2320.0,2255.0,2320.0,2213400.0,2320.0,3800,2328.0,1000,2.88,2320.0,2320.0,2213400,51350000.0,0.11,0.0,447.67,2381.87,2706.0,1804.0,0.0
鸿仕达,bj920125,135.0,138.0,135.0,38000.0,135.0,3900,135.3,400,-2.17,135.0,135.0,38000,5123400.0,0.17,0.0,30.91,75.82,179.4,96.6,0.0
海昌智能,bj920156,38.95,38.92,38.95,3000.0,38.95,100,38.99,1000,0.08,38.95,38.95,3000,116500.0,0.01,0.0,8.46,40.55,50.59,27.25,0.0
中科仪,bj920186,77.0,77.58,77.0,32700.0,76.9,700,77.0,7900,-0.75,77.0,77.0,32700,2518900.0,0.03,0.0,90.15,172.36,100.85,54.31,0.0
理奇智能,sz301599,39.8,39.94,39.8,112700.0,39.8,600,39.85,1500,-0.35,39.8,39.8,112700,4490000.0,0.21,0.0,21.77,171.78,47.93,31.95,0.0
振宏股份,bj920200,30.15,29.9,30.15,5600.0,30.0,1000,30.15,600,0.84,30.15,30.15,5600,169400.0,0.01,0.0,13.38,30.62,38.87,20.93,0.0
长裕集团,sh603407,65.0,65.65,65.0,31900.0,64.96,100,65.0,10100,-0.99,65.0,65.0,31900,2070000.0,0.09,0.0,23.34,265.12,72.22,59.09,0.0
春光集团,sz301531,53.99,54.68,53.99,17100.0,53.9,1000,54.25,100,-1.26,53.99,53.99,17100,920000.0,0.04,0.0,25.31,118.63,65.62,43.74,0.0
维通利,sz001393,45.36,45.61,45.36,8600.0,45.36,1200,45.54,400,-0.55,45.36,45.36,8600,390000.0,0.02,0.0,21.79,113.1,50.17,41.05,0.0
锐翔智能,bj920178,103.79,104.81,103.79,8300.0,103.79,300,103.8,600,-0.97,103.79,103.79,8300,860900.0,0.04,0.0,19.98,68.44,136.25,73.37,0.0
天海电子,sz001365,37.97,37.97,37.97,31400.0,37.96,10300,37.97,3800,0.0,37.97,37.97,31400,1190000.0,0.05,0.0,21.83,199.34,41.77,34.17,0.0
嘉晨智能,bj920096,36.6,36.46,36.6,3100.0,36.45,600,36.6,400,0.38,36.6,36.6,3100,113900.0,0.02,0.0,5.93,25.25,47.39,25.53,0.0
惠康科技,sz001237,55.45,55.45,55.45,8100.0,55.45,2300,55.49,200,0.0,55.45,55.45,8100,450000.0,0.02,0.0,19.33,82.26,61.0,49.91,0.0
嘉德利,sh603435,55.0,54.93,55.0,6800.0,54.95,1200,55.0,3300,0.13,55.0,55.0,6800,370000.0,0.02,0.0,19.63,252.54,60.42,49.44,0.0
朗信电气,bj920220,41.89,41.77,41.89,900.0,41.72,900,41.89,200,0.29,41.89,41.89,900,36700.0,0.0,0.0,8.69,27.73,54.3,29.24,0.0
长进光子,sh688635,355.38,358.0,355.38,2350800.0,355.0,300,355.38,0,-0.73,355.38,355.38,2350800,8350000.0,0.13,0.0,63.1,332.88,429.6,286.4,0.0
龙辰科技,bj920161,27.01,26.97,27.01,26600.0,27.01,1400,27.19,3300,0.15,27.01,27.01,26600,719700.0,0.07,0.0,9.97,36.73,35.06,18.88,0.0
新天力,bj920218,17.61,17.74,17.61,6900.0,17.61,100,17.86,3500,-0.73,17.61,17.61,6900,121600.0,0.03,0.0,3.71,16.5,23.06,12.42,0.0
新睿电子,bj920211,109.0,108.48,109.0,3300.0,109.0,1800,109.4,100,0.48,109.0,109.0,3300,355200.00000000006,0.03,0.0,12.64,37.5,141.02,75.94,0.0
彩客科技,bj920206,35.81,36.53,35.81,14900.0,35.8,2500,35.81,5600,-1.97,35.81,35.81,14900,534800.0,0.05,0.0,9.86,25.62,47.48,25.58,0.0
高特电子,sz301669,30.65,30.93,30.65,42600.0,30.65,20100,30.73,1200,-0.91,30.65,30.65,42600,1310000.0,0.05,0.0,25.1,147.12,37.12,24.74,0.0
金戈新材,bj920083,40.87,41.87,40.87,236600.0,40.87,2000,40.99,3000,-2.39,40.87,40.87,236600,9671100.0,0.62,0.0,15.54,36.48,54.43,29.31,0.0
永大股份,bj920126,10.18,10.17,10.18,3200.0,10.16,1000,10.18,900,0.1,10.18,10.18,3200,32599.999999999996,0.01,0.0,4.55,18.94,13.22,7.12,0.0
臻宝科技,sh688797,356.04,354.4,356.04,2268800.0,356.04,100,356.5,300,0.46,356.04,356.04,2268800,8080000.0,0.08,0.0,103.94,552.9,425.28,283.52,0.0
科莱瑞迪,bj920072,27.0,26.6,27.0,16400.0,26.66,2700,27.0,5100,1.5,27.0,27.0,16400,442800.0,0.11,0.0,3.91,20.68,34.58,18.62,0.0
惠科股份,sz001399,25.17,25.13,25.17,707000.0,25.17,20700,25.18,1100,0.16,25.17,25.17,707000,17800000.0,0.16,0.0,108.37,1864.42,27.64,22.62,0.0
益坤电气,bj920222,27.8,27.74,27.8,4600.0,27.75,1000,27.8,0,0.22,27.8,27.8,4600,128200.0,0.04,0.0,3.21,23.81,36.06,19.42,0.0
华润新能源,sz001248,12.8,12.86,12.8,271800.0,12.79,7300,12.8,296400,-0.47,12.8,12.8,271800,3480000.0,0.03,0.0,135.99,1705.17,14.15,11.57,0.0
吉和昌,bj920193,34.05,33.72,34.05,30100.0,34.05,100,34.08,1500,0.98,34.05,34.05,30100,1023700.0,0.12,0.0,8.58,37.91,43.83,23.61,0.0
康美特,bj920189,21.95,21.89,21.95,55200.0,21.95,6400,21.99,600,0.27,21.95,21.95,55200,1210700.0,0.06,0.0,18.63,31.04,28.45,15.33,0.0
永励精密,bj920136,20.7,20.7,20.7,4700.0,20.7,7800,20.75,20800,0.0,20.7,20.7,4700,97200.0,0.02,0.0,4.35,16.56,26.91,14.49,0.0
欧伦电气,bj920081,40.01,40.49,40.01,27800.0,40.01,12900,40.05,600,-1.19,40.01,40.01,27800,1112100.0,0.16,0.0,6.84,29.05,52.63,28.35,0.0
托伦斯,sz301583,158.0,160.32,158.0,45200.0,158.0,2600,158.2,1600,-1.45,158.0,158.0,45200,7150000.0,0.15,0.0,48.71,293.05,192.38,128.26,0.0
龙鑫智能,bj920117,34.18,34.39,34.18,47500.0,34.15,2000,34.18,25000,-0.61,34.18,34.18,47500,1623200.0,0.23,0.0,6.91,30.71,44.7,24.08,0.0
泰诺麦博-U,sh688806,27.05,27.15,27.05,835600.0,27.05,3200,27.09,4600,-0.37,27.05,27.05,835600,230000.0,0.02,0.0,13.8,124.58,32.58,21.72,0.0
乔路铭,bj920079,13.81,13.93,13.81,11500.0,13.81,1000,13.89,2400,-0.86,13.81,13.81,11500,159000.0,0.03,0.0,6.21,57.49,18.1,9.76,0.0
长鹰硬科,bj920238,66.01,66.55,66.01,21400.0,66.01,3700,66.1,200,-0.81,66.01,66.01,21400,1414100.0,0.11,0.0,12.81,62.87,86.51,46.59,0.0
长鑫科技,sh688825,61.15,61.8,61.15,439233900.0,61.12,2800,61.15,78800,-1.05,61.15,61.15,439233900,268590000.0,0.1,0.0,2753.61,40897.66,74.16,49.44,0.0
维琪科技,bj920176,62.5,62.0,62.5,12900.0,62.5,1200,62.6,1000,0.81,62.5,62.5,12900,804100.0,0.16,0.0,4.97,36.77,80.6,43.4,0.0
千岸科技,bj920065,35.21,35.24,35.21,3800.0,35.11,3100,35.21,10400,-0.09,35.21,35.21,3800,135000.0,0.02,0.0,5.55,31.78,45.81,24.67,0.0
欣兴工具,sz301677,61.29,61.58,61.29,55700.0,61.22,100,61.29,400,-0.47,61.29,61.29,55700,3410000.0,0.26,0.0,13.14,61.29,73.9,49.26,0.0
嘉立创,sz001232,168.54,172.05,168.54,135900.0,168.54,2300,168.55,300,-2.04,168.54,168.54,135900,22900000.0,0.31,0.0,74.51,936.34,189.26,154.85,0.0
聚仁新材,bj920258,12.34,12.38,12.34,29800.0,12.34,4300,12.35,100,-0.32,12.34,12.34,29800,367500.0,0.08,0.0,4.44,49.36,16.09,8.67,0.0
森合高科,bj920038,38.91,38.98,38.91,24100.0,38.9,100,38.91,1900,-0.18,38.91,38.91,24100,939100.0,0.07,0.0,13.29,40.66,50.67,27.29,0.0
津富士达,sh603468,25.75,25.87,25.75,29000.0,25.74,1100,25.75,1900,-0.46,25.75,25.75,29000,750000.0,0.07,0.0,10.3,106.15,28.46,23.28,0.0
展芯股份,sz301707,89.4,90.3,89.4,43200.0,89.36,6800,89.4,7700,-1.0,89.4,89.4,43200,3860000.0,0.16,0.0,24.18,367.6,108.36,72.24,0.0
超纯应材,sz301717,510.11,520.0,510.11,90500.0,510.11,2400,511.0,400,-1.9,510.11,510.11,90500,46180000.0,0.52,0.0,88.89,519.53,624.0,416.0,0.0
国仪公司-U,sh688828,102.11,104.95,102.11,7531300.0,102.11,4600,102.22,600,-2.71,102.11,102.11,7531300,7690000.0,0.29,0.0,26.59,408.45,125.94,83.96,0.0
珈凯生物,bj920165,38.62,38.5,38.62,18300.0,38.62,11300,38.63,400,0.31,38.62,38.62,18300,708199.9999999999,0.19,0.0,3.71,18.64,50.05,26.95,0.0
杰理科技,bj920138,44.8,45.6,44.8,65600.0,44.8,7900,44.82,100,-1.75,44.8,44.8,65600,2938300.0,0.19,0.0,15.51,193.96,59.28,31.92,0.0
恒兴股份,bj920107,26.0,30.05,26.0,346900.0,26.0,3900,26.05,100,-13.48,26.0,26.0,346900,9020300.0,1.84,0.0,4.91,21.81,39.06,21.04,0.0
N频准,sh688826,1100.0,186.88,1100.0,43853900.0,1100.0,86800,1111.0,1300,488.61,1100.0,1100.0,43853900,482390000.0,5.76,0.0,83.8,440.0,-1.0,-1.0,0.0
宇树科技-W,sh688836,150.8,150.8,0.0,0.0,0.0,0,0.0,0,0.0,0.0,0.0,0,0.0,,0.0,,609.93,-1.0,-1.0,0.0
双英集团,bj920059,0.0,0.0,0.0,0.0,0.0,0,0.0,0,0.0,0.0,0.0,0,0.0,,0.0,,,-1.0,-1.0,0.0
